Lq_00,Lq_01,Lq_02,Lq_03,Lq_04,Lq_05,Lq_06,Lq_07,Lq_08,Lq_09,Lq_10,Lq_11,Lq_12,Lq_13,Lq_14,Lq_15,Lq_16,Lq_17,Lq_18,Lq_19,Ldq_00,Ldq_01,Ldq_02,Ldq_03,Ldq_04,Ldq_05,Ldq_06,Ldq_07,Ldq_08,Ldq_09,Ldq_10,Ldq_11,Ldq_12,Ldq_13,Ldq_14,Ldq_15,Ldq_16,Ldq_17,Ldq_18,Ldq_19,Lkp_00,Lkp_01,Lkp_02,Lkp_03,Lkp_04,Lkp_05,Lkp_06,Lkp_07,Lkp_08,Lkp_09,Lkp_10,Lkp_11,Lkp_12,Lkp_13,Lkp_14,Lkp_15,Lkp_16,Lkp_17,Lkp_18,Lkp_19,Lkd_00,Lkd_01,Lkd_02,Lkd_03,Lkd_04,Lkd_05,Lkd_06,Lkd_07,Lkd_08,Lkd_09,Lkd_10,Lkd_11,Lkd_12,Lkd_13,Lkd_14,Lkd_15,Lkd_16,Lkd_17,Lkd_18,Lkd_19,Ltau_00,Ltau_01,Ltau_02,Ltau_03,Ltau_04,Ltau_05,Ltau_06,Ltau_07,Ltau_08,Ltau_09,Ltau_10,Ltau_11,Ltau_12,Ltau_13,Ltau_14,Ltau_15,Ltau_16,Ltau_17,Ltau_18,Ltau_19,Rq_00,Rq_01,Rq_02,Rq_03,Rq_04,Rq_05,Rq_06,Rq_07,Rq_08,Rq_09,Rq_10,Rq_11,Rq_12,Rq_13,Rq_14,Rq_15,Rq_16,Rq_17,Rq_18,Rq_19,Rdq_00,Rdq_01,Rdq_02,Rdq_03,Rdq_04,Rdq_05,Rdq_06,Rdq_07,Rdq_08,Rdq_09,Rdq_10,Rdq_11,Rdq_12,Rdq_13,Rdq_14,Rdq_15,Rdq_16,Rdq_17,Rdq_18,Rdq_19,Rkp_00,Rkp_01,Rkp_02,Rkp_03,Rkp_04,Rkp_05,Rkp_06,Rkp_07,Rkp_08,Rkp_09,Rkp_10,Rkp_11,Rkp_12,Rkp_13,Rkp_14,Rkp_15,Rkp_16,Rkp_17,Rkp_18,Rkp_19,Rkd_00,Rkd_01,Rkd_02,Rkd_03,Rkd_04,Rkd_05,Rkd_06,Rkd_07,Rkd_08,Rkd_09,Rkd_10,Rkd_11,Rkd_12,Rkd_13,Rkd_14,Rkd_15,Rkd_16,Rkd_17,Rkd_18,Rkd_19,Rtau_00,Rtau_01,Rtau_02,Rtau_03,Rtau_04,Rtau_05,Rtau_06,Rtau_07,Rtau_08,Rtau_09,Rtau_10,Rtau_11,Rtau_12,Rtau_13,Rtau_14,Rtau_15,Rtau_16,Rtau_17,Rtau_18,Rtau_19
0.0,0.0,0.0,0.0,0.0,0.0,0.0,0.0,0.0,0.0,0.0,0.0,0.0,0.0,0.0,0.0,0.0,0.0,0.0,0.0,0.08639932112712301,0.050008030926750276,0.034324059262382425,0.06062089681133536,0.01854281946250226,-0.0017230127511993032,-0.0002134427371479652,0.014826276442570438,0.06281928666595064,0.0077586114617930624,0.1280273003544223,0.09358473214679078,0.08695876916007345,0.0035632409367983616,0.1425593236065578,0.0965776754620481,0.09424756403870681,0.007920165040163832,0.14406060136637003,0.09328616621414268,3.0,3.0,3.0,3.0,3.0,3.0,3.0,3.0,3.0,3.0,3.0,3.0,3.0,3.0,3.0,3.0,3.0,3.0,3.0,3.0,0.05,0.05,0.05,0.05,0.05,0.05,0.05,0.05,0.05,0.05,0.05,0.05,0.05,0.05,0.05,0.05,0.05,0.05,0.05,0.05,0.0,0.0,0.0,0.0,0.0,0.0,0.0,0.0,0.0,0.0,0.0,0.0,0.0,0.0,0.0,0.0,0.0,0.0,0.0,0.0,0.0,0.0,0.0,0.0,0.0,0.0,0.0,0.0,0.0,0.0,0.0,0.0,0.0,0.0,0.0,0.0,0.0,0.0,0.0,0.0,0.03430757327865246,0.037952261744917976,0.03350931130317674,-0.004145221558031688,0.028145931316211084,0.02137353742726825,0.04169996820769912,0.03535392325542289,0.07290623636546105,0.007551962926326637,0.09961287034690519,0.08767694051923094,0.08487758278696539,0.010388445303443397,0.10806555682941388,0.08321693866997346,0.08878618003380108,0.0043232579869002105,0.10536170028332843,0.08969383488181445,3.0,3.0,3.0,3.0,3.0,3.0,3.0,3.0,3.0,3.0,3.0,3.0,3.0,3.0,3.0,3.0,3.0,3.0,3.0,3.0,0.05,0.05,0.05,0.05,0.05,0.05,0.05,0.05,0.05,0.05,0.05,0.05,0.05,0.05,0.05,0.05,0.05,0.05,0.05,0.05,0.0,0.0,0.0,0.0,0.0,0.0,0.0,0.0,0.0,0.0,0.0,0.0,0.0,0.0,0.0,0.0,0.0,0.0,0.0,0.0
0.0017279864225424602,0.0010001606185350055,0.0006864811852476485,0.0012124179362267072,0.0003708563892500452,-3.4460255023986065e-05,-1.4229515809864348e-06,0.00029652552885140875,0.0012563857333190128,0.00015517222923586125,0.002560546007088446,0.0018716946429358156,0.001739175383201469,2.3754939578655744e-05,0.002851186472131156,0.001931553509240962,0.001884951280774136,8.322121399443604e-05,0.0028812120273274005,0.0018657233242828537,0.3055655997920201,0.17945828395352315,0.1276040453562557,0.2246911411691988,0.07029571212460897,-0.02202290280892077,0.0033659387338794825,0.06303670364350468,0.23410663765251843,0.01295992406727122,0.4774022505542228,0.33600831382796875,0.32224168412796417,-0.00989256192406683,0.5147779514313707,0.33856816726133937,0.347816401740982,0.0004019563592797725,0.523858540417766,0.3267263928171162,3.0,3.0,3.0,3.0,3.0,3.0,3.0,3.0,3.0,3.0,3.0,3.0,3.0,3.0,3.0,3.0,3.0,3.0,3.0,3.0,0.05,0.05,0.05,0.05,0.05,0.05,0.05,0.05,0.05,0.05,0.05,0.05,0.05,0.05,0.05,0.05,0.05,0.05,0.05,0.05,0.0,0.0,0.0,0.0,0.0,0.0,0.0,0.0,0.0,0.0,0.0,0.0,0.0,0.0,0.0,0.0,0.0,0.0,0.0,0.0,0.0006861514655730493,0.0007590452348983595,0.0006701862260635348,-8.290443116063376e-05,0.0005629186263242217,0.000427470748545365,0.0008339993641539823,0.0007070784651084578,0.001458124727309221,0.00015103925852653273,0.0019922574069381038,0.0017535388103846188,0.0016975516557393077,0.00020776890606886793,0.0021613111365882775,0.001664338773399469,0.0017757236006760216,8.646515973800422e-05,0.0021072340056665687,0.001793876697636289,0.13317193042881878,0.13629250616509145,0.1181479998967822,-0.014437996312838746,0.1319177076051808,0.08731591275308227,0.18653895464664763,0.1475894125725991,0.27568308328377183,0.03358195713624343,0.3727328897819095,0.3215208448375914,0.32430271854855897,0.042173473295457994,0.3992201107358512,0.3001883090359432,0.33764692439494287,0.019479859842705092,0.3955658184358968,0.3260015975290699,3.0,3.0,3.0,3.0,3.0,3.0,3.0,3.0,3.0,3.0,3.0,3.0,3.0,3.0,3.0,3.0,3.0,3.0,3.0,3.0,0.05,0.05,0.05,0.05,0.05,0.05,0.05,0.05,0.05,0.05,0.05,0.05,0.05,0.05,0.05,0.05,0.05,0.05,0.05,0.05,0.0,0.0,0.0,0.0,0.0,0.0,0.0,0.0,0.0,0.0,0.0,0.0,0.0,0.0,0.0,0.0,0.0,0.0,0.0,0.0
0.012222623991680804,0.007178331358140926,0.005104161814250227,0.008987645646767952,0.002811828484984359,-0.0008809161123568309,0.0001346375493551793,0.002521468145740187,0.009364265506100738,0.0005183969626908488,0.019096090022168912,0.013440332553118751,0.012889667365118566,-0.0003957024769626732,0.02059111805725483,0.013542726690453574,0.013912656069639281,1.60782543711909e-05,0.020954341616710642,0.013069055712684647,0.8750626366995308,0.5142525193214884,0.3783447903052404,0.7259387105018524,0.21959072781179198,-0.10078871932235225,0.01695683558132666,0.21505430199585174,0.7046056170331486,0.002038143294992593,1.4257075852969132,0.9609824804834732,0.9504117122869591,-0.061070507473454286,1.4927958485232449,0.9397387166969374,1.0196764038491704,-0.03583215096546755,1.5291632578249315,0.9027752995684806,3.0,3.0,3.0,3.0,3.0,3.0,3.0,3.0,3.0,3.0,3.0,3.0,3.0,3.0,3.0,3.0,3.0,3.0,3.0,3.0,0.05,0.05,0.05,0.05,0.05,0.05,0.05,0.05,0.05,0.05,0.05,0.05,0.05,0.05,0.05,0.05,0.05,0.05,0.05,0.05,0.0,0.0,0.0,0.0,0.0,0.0,0.0,0.0,0.0,0.0,0.0,0.0,0.0,0.0,0.0,0.0,0.0,0.0,0.0,0.0,0.005326877217152751,0.005451700246603658,0.004725919995871288,-0.0005775198525135499,0.005276708304207231,0.0034926365101232907,0.007461558185865905,0.005903576502903965,0.011027323331350874,0.0013432782854497372,0.01490931559127638,0.012860833793503657,0.01297210874194236,0.0016869389318183198,0.015968804429434047,0.012007532361437728,0.013505876975797715,0.0007791943937082037,0.015822632737435872,0.013040063901162795,0.4611360153400759,0.3751712042282684,0.31724640420098693,-0.03734453847473011,0.4681441717832924,0.27965746543051095,0.6519585547833594,0.4917736183269402,0.8660462432257756,0.10921638460344656,1.1320001909525184,0.9341254510551386,1.0258341182601813,0.13486147280896815,1.1796711224004341,0.8464826867475997,1.0590846605734137,0.07384100887339155,1.199938647792077,0.9307513965293862,3.0,3.0,3.0,3.0,3.0,3.0,3.0,3.0,3.0,3.0,3.0,3.0,3.0,3.0,3.0,3.0,3.0,3.0,3.0,3.0,0.05,0.05,0.05,0.05,0.05,0.05,0.05,0.05,0.05,0.05,0.05,0.05,0.05,0.05,0.05,0.05,0.05,0.05,0.05,0.05,0.0,0.0,0.0,0.0,0.0,0.0,0.0,0.0,0.0,0.0,0.0,0.0,0.0,0.0,0.0,0.0,0.0,0.0,0.0,0.0
0.036730491890523694,0.021570261391394542,0.015820272797457263,0.030249966356300804,0.009154485501721724,-0.0040660090279180765,0.00067685047167208,0.00889869760868548,0.029440610414644956,0.00023669796103556497,0.05958884941896497,0.04031099386227475,0.03975564387467983,-0.002419065359359516,0.06256302041306096,0.03952110217711846,0.04267200743474095,-0.0013500648246242662,0.06404774234032466,0.03797673530702207,1.6274502811356373,0.9907632691448883,0.7334942457193014,1.511265333704796,0.4233713390505522,-0.22030729902753227,0.033980146179718035,0.45535611625844624,1.3324284015235284,-0.021724292504121456,2.75872427697628,1.7947091331724618,1.7828435026813152,-0.14273616809008816,2.826013924655054,1.7031446862287107,1.888216740945562,-0.11140582903762146,2.89344690662347,1.6296664632993503,3.0,3.0,3.0,3.0,3.0,3.0,3.0,3.0,3.0,3.0,3.0,3.0,3.0,3.0,3.0,3.0,3.0,3.0,3.0,3.0,0.05,0.05,0.05,0.05,0.05,0.05,0.05,0.05,0.05,0.05,0.05,0.05,0.05,0.05,0.05,0.05,0.05,0.05,0.05,0.05,0.0,0.0,0.0,0.0,0.0,0.0,0.0,0.0,0.0,0.0,0.0,0.0,0.0,0.0,0.0,0.0,0.0,0.0,0.0,0.0,0.019131592079176085,0.015765893404029094,0.013360042394103011,-0.0015766859701498383,0.019288685497655916,0.011613769365765804,0.02691234155548836,0.020378023198186067,0.03609997445634024,0.004519694642664395,0.04727226504503884,0.039118556852590164,0.04273091638614656,0.005602227818427594,0.04934815603260564,0.03552364624330346,0.04413911002361257,0.003040105514673666,0.05010477991734965,0.03902393255881174,1.0862692139842522,0.6799694012031162,0.5435138498579911,-0.06702460901195766,0.927126310323601,0.5733851399013313,1.2687187194246583,0.9605690847285823,1.7680188420483232,0.22865611313761858,2.241174252025944,1.7215438063320054,2.0903084833286676,0.27352040754518725,2.2533993896659887,1.5064307254240012,2.1368231516963356,0.1584833241970451,2.3400905317494747,1.6702436063742643,3.0,3.0,3.0,3.0,3.0,3.0,3.0,3.0,3.0,3.0,3.0,3.0,3.0,3.0,3.0,3.0,3.0,3.0,3.0,3.0,0.05,0.05,0.05,0.05,0.05,0.05,0.05,0.05,0.05,0.05,0.05,0.05,0.05,0.05,0.05,0.05,0.05,0.05,0.05,0.05,0.0,0.0,0.0,0.0,0.0,0.0,0.0,0.0,0.0,0.0,0.0,0.0,0.0,0.0,0.0,0.0,0.0,0.0,0.0,0.0
0.0773206352371063,0.04680886212393646,0.034443931643022285,0.0694382589949598,0.019746682047006445,-0.009693208073458122,0.0014938433965439007,0.020735712796078037,0.06266140156704188,-0.0003505747374740095,0.12944506110122012,0.08522869788001723,0.08420340747237118,-0.0061051492005662,0.133631675043457,0.08166851413960201,0.08944132570746176,-0.004440154907133668,0.13669221788164945,0.07825571424465866,2.416402314084306,1.5899940864013264,1.1413979740510285,2.4681758770297755,0.5951964016287569,-0.280044145243792,0.040527793805568015,0.7291235801411302,1.9265428952320356,0.044415948164427066,4.254933867917228,2.7565129161207147,2.568443904159457,-0.14379994346330147,4.309922329361355,2.5367473592146923,2.680544241928024,-0.12991525556079964,4.372668448860292,2.458202641215993,3.0,3.0,3.0,3.0,3.0,3.0,3.0,3.0,3.0,3.0,3.0,3.0,3.0,3.0,3.0,3.0,3.0,3.0,3.0,3.0,0.05,0.05,0.05,0.05,0.05,0.05,0.05,0.05,0.05,0.05,0.05,0.05,0.05,0.05,0.05,0.05,0.05,0.05,0.05,0.05,0.0,0.0,0.0,0.0,0.0,0.0,0.0,0.0,0.0,0.0,0.0,0.0,0.0,0.0,0.0,0.0,0.0,0.0,0.0,0.0,0.04877764577652285,0.03265047629472831,0.02646647399019093,-0.0032585042129918557,0.042361760717151274,0.026428042106176546,0.05821030696285224,0.044326339892047255,0.08174807701328379,0.01048952281095448,0.10455628567231415,0.08172258604678387,0.09658444807508908,0.01262775523362581,0.1061047800160736,0.07226476137839778,0.09897880304365116,0.007118527361590008,0.10942625400741486,0.07984980815613336,1.9671301257650775,1.0911565343588776,0.725196437573891,-0.1190141951141308,1.2122945224150308,0.923919068849389,1.6439549437571392,1.3076408147104834,2.846966919466234,0.36220643081984194,3.5286743284632007,2.4764013128705096,3.346758758718576,0.4221084851133222,3.4408375305209895,2.104731439872963,3.37393139696842,0.23924212053112223,3.615027234559105,2.3399925423550343,3.0,3.0,3.0,3.0,3.0,3.0,3.0,3.0,3.0,3.0,3.0,3.0,3.0,3.0,3.0,3.0,3.0,3.0,3.0,3.0,0.05,0.05,0.05,0.05,0.05,0.05,0.05,0.05,0.05,0.05,0.05,0.05,0.05,0.05,0.05,0.05,0.05,0.05,0.05,0.05,0.0,0.0,0.0,0.0,0.0,0.0,0.0,0.0,0.0,0.0,0.0,0.0,0.0,0.0,0.0,0.0,0.0,0.0,0.0,0.0
0.13338658445389592,0.08517002484744761,0.0614761917594984,0.12897700143749183,0.032962341566872,-0.015267774837669756,0.0022979622238948005,0.03806364081433069,0.10650232622392637,0.0020133358876126477,0.22978620413565412,0.15057151050710332,0.14249340004105812,-0.008171063097891574,0.23495991358751517,0.14099099654570615,0.14989377711186191,-0.006546675047056252,0.23895448029473637,0.1363048409556618,3.1106353891928653,2.273197834430627,1.5556140462957655,3.5015509823357007,0.6691473754651834,-0.27954738933651546,0.04958991290134713,0.9650353849948101,2.4053174981417684,0.19537608627922545,5.714431180820164,3.7971148584136816,3.222733892348242,-0.04146150761253622,5.766425445013868,3.3921005286996944,3.3147253031933026,-0.048227661184950185,5.796482796160241,3.3697456678363484,3.0,3.0,3.0,3.0,3.0,3.0,3.0,3.0,3.0,3.0,3.0,3.0,3.0,3.0,3.0,3.0,3.0,3.0,3.0,3.0,0.05,0.05,0.05,0.05,0.05,0.05,0.05,0.05,0.05,0.05,0.05,0.05,0.05,0.05,0.05,0.05,0.05,0.05,0.05,0.05,0.0,0.0,0.0,0.0,0.0,0.0,0.0,0.0,0.0,0.0,0.0,0.0,0.0,0.0,0.0,0.0,0.0,0.0,0.0,0.0,0.09781679710977918,0.059412154778384206,0.04236789989705865,-0.006337253774715071,0.06778046639425715,0.04857053211974136,0.09267053930577393,0.0726836557866054,0.1499786512349896,0.019007951875458073,0.18841923818356687,0.13817460936741055,0.1766012667348896,0.022486567222960482,0.18698165725344523,0.11971290383822199,0.17909636590234937,0.012609790335918556,0.19470586929971387,0.1326236342530131,2.322782313569549,1.763715617892499,1.0969016265297955,0.4541268607375514,1.1595457228604662,1.198058203862635,1.6813285593320868,1.4524385180812687,3.7221711593590467,0.4654483621415252,4.915944779668057,3.07933620686603,4.42830306184831,0.5306140173117584,4.7075263553130755,2.6203999475390756,4.401549410314728,0.22892570405131624,4.824919292909237,2.826662424896251,3.0,3.0,3.0,3.0,3.0,3.0,3.0,3.0,3.0,3.0,3.0,3.0,3.0,3.0,3.0,3.0,3.0,3.0,3.0,3.0,0.05,0.05,0.05,0.05,0.05,0.05,0.05,0.05,0.05,0.05,0.05,0.05,0.05,0.05,0.05,0.05,0.05,0.05,0.05,0.05,0.0,0.0,0.0,0.0,0.0,0.0,0.0,0.0,0.0,0.0,0.0,0.0,0.0,0.0,0.0,0.0,0.0,0.0,0.0,0.0
0.20174605080482091,0.13773677550116153,0.0966684934948529,0.20950029828838784,0.046512577065613785,-0.02087510364691874,0.0034774399125977857,0.05933712819587045,0.1588741014927126,0.007464468713695009,0.3580223083340267,0.23711329221656452,0.21311276316630084,-0.007763609505067649,0.3642886928440117,0.21735253528758977,0.22203033783519385,-0.006369261354531675,0.3685515297280591,0.2130455409581126,3.6358335061208606,2.960717510138058,1.9069423990109002,4.504479379079374,0.5836720007944886,-0.23856310422251648,0.04536319550465909,1.107460543469398,2.757769785624581,0.3695333054924173,6.970078617946151,4.768023302837526,3.770238765368989,0.10456841028525646,7.013175207660173,4.182330086911269,3.854806919916487,0.08081303631807726,7.025779440033624,4.246544843718571,3.0,3.0,3.0,3.0,3.0,3.0,3.0,3.0,3.0,3.0,3.0,3.0,3.0,3.0,3.0,3.0,3.0,3.0,3.0,3.0,0.05,0.05,0.05,0.05,0.05,0.05,0.05,0.05,0.05,0.05,0.05,0.05,0.05,0.05,0.05,0.05,0.05,0.05,0.05,0.05,0.0,0.0,0.0,0.0,0.0,0.0,0.0,0.0,0.0,0.0,0.0,0.0,0.0,0.0,0.0,0.0,0.0,0.0,0.0,0.0,0.14168893831930482,0.10319910101042827,0.07034253905138275,0.014906570216510198,0.08874358963156992,0.07435037026068195,0.1254634493361357,0.102423880615298,0.23063492338764566,0.029107457296615485,0.30119407685903643,0.20489603432142509,0.2737165705490215,0.033852315926096145,0.2944058342285966,0.1770807592799608,0.2750407794562403,0.016275555523642658,0.3024230257237843,0.1929163051519834,2.7174309780684673,2.578507450609487,1.5890783348814503,1.3474313478615993,0.75323317832225,0.9411192423318634,1.4827827523108044,1.4384517541829893,3.9515053524155284,0.35534500732248764,6.309732162800634,3.5207116315514195,4.836986912031929,0.4741625558420729,6.100891964776284,3.2132879444675866,4.772244518429625,0.05568723314344302,5.703360560770341,3.153661737025366,3.0,3.0,3.0,3.0,3.0,3.0,3.0,3.0,3.0,3.0,3.0,3.0,3.0,3.0,3.0,3.0,3.0,3.0,3.0,3.0,0.05,0.05,0.05,0.05,0.05,0.05,0.05,0.05,0.05,0.05,0.05,0.05,0.05,0.05,0.05,0.05,0.05,0.05,0.05,0.05,0.0,0.0,0.0,0.0,0.0,0.0,0.0,0.0,0.0,0.0,0.0,0.0,0.0,0.0,0.0,0.0,0.0,0.0,0.0,0.0
0.27881992469873035,0.20359872525296993,0.1377538877199344,0.3091561766006668,0.056309221598651545,-0.024810299006570415,0.004112490044081164,0.08236206255310662,0.21681311764890962,0.01679466810730934,0.5085893488535002,0.3412924426206044,0.2933029506558177,-0.003988326686481316,0.5154869218939221,0.3082842000221569,0.3040860539085214,-0.0033141535943331615,0.5199856578960813,0.30616663470440464,3.8904569032712755,3.621020958216181,2.217927868620366,5.497614741905113,0.4372719036752301,-0.14860430766240182,0.03134072749766413,1.132774708659431,2.949975629343992,0.5976436223844642,7.893481753120793,5.659013711937762,4.083269205689067,0.33606487307389343,7.912894253901186,4.949131436269803,4.158615387509081,0.3053983585429237,7.912356486197878,5.171105303266532,3.0,3.0,3.0,3.0,3.0,3.0,3.0,3.0,3.0,3.0,3.0,3.0,3.0,3.0,3.0,3.0,3.0,3.0,3.0,3.0,0.05,0.05,0.05,0.05,0.05,0.05,0.05,0.05,0.05,0.05,0.05,0.05,0.05,0.05,0.05,0.05,0.05,0.05,0.05,0.05,0.0,0.0,0.0,0.0,0.0,0.0,0.0,0.0,0.0,0.0,0.0,0.0,0.0,0.0,0.0,0.0,0.0,0.0,0.0,0.0,0.20651403623251788,0.1625524528027637,0.10593103329231666,0.047560000139748905,0.09790979352714715,0.0862153018130159,0.1519818493982061,0.13022172595392498,0.30803886533161073,0.03322175216835758,0.44080852469559223,0.27900307462946733,0.37008074321616674,0.0414530694566434,0.4310173358444966,0.24824442161692548,0.3699861466395344,0.014837279661656277,0.4228402917305275,0.25877010373402776,3.757054411903867,3.3371408841341847,1.8899343119109717,2.1842706390285502,0.15810281514644745,0.16005764458379318,1.136428811901277,1.2976062140927502,3.5990939076917603,-0.14829167427174594,7.529302738350335,3.8803206698935644,4.4397700618660165,0.06492256220119313,7.435612773041774,4.034390535225567,4.481117204914267,-0.32508069274740115,6.257722168311999,3.5764761532591565,3.0,3.0,3.0,3.0,3.0,3.0,3.0,3.0,3.0,3.0,3.0,3.0,3.0,3.0,3.0,3.0,3.0,3.0,3.0,3.0,0.05,0.05,0.05,0.05,0.05,0.05,0.05,0.05,0.05,0.05,0.05,0.05,0.05,0.05,0.05,0.05,0.05,0.05,0.05,0.05,0.0,0.0,0.0,0.0,0.0,0.0,0.0,0.0,0.0,0.0,0.0,0.0,0.0,0.0,0.0,0.0,0.0,0.0,0.0,0.0
0.35736432693567194,0.2825776138298088,0.18538560823966754,0.42940488796459236,0.06400345321262299,-0.026819275953414812,0.004731069012504351,0.10464811654224769,0.2768731266664723,0.03137021360907358,0.6737615784588584,0.463473840694075,0.37644353139386355,0.005678985417888089,0.6808044630000591,0.4153177927383819,0.3883749533355571,0.005846672987185272,0.6850457891759743,0.41988975308877385,3.9416795646263907,4.094105626105484,2.4467094772595397,6.261901523515732,0.35263534571467936,-0.0861472473934085,0.014464143426548797,1.1260706274132104,2.9478327894441234,0.7741168710942561,8.397548152484488,6.256231949070391,4.122098606165131,0.5429574484653645,8.322465163269285,5.449262947847176,4.173175164431457,0.5173836973850183,8.354537626556304,5.867385107946668,3.0,3.0,3.0,3.0,3.0,3.0,3.0,3.0,3.0,3.0,3.0,3.0,3.0,3.0,3.0,3.0,3.0,3.0,3.0,3.0,0.05,0.05,0.05,0.05,0.05,0.05,0.05,0.05,0.05,0.05,0.05,0.05,0.05,0.05,0.05,0.05,0.05,0.05,0.05,0.05,0.0,0.0,0.0,0.0,0.0,0.0,0.0,0.0,0.0,0.0,0.0,0.0,0.0,0.0,0.0,0.0,0.0,0.0,0.0,0.0,0.2919711147954595,0.23668473637579568,0.14593991152782163,0.1022773957776522,0.09506770223742782,0.08075267604403367,0.1709206018121868,0.154328129179008,0.3745986796953161,0.023175790325745647,0.6023661863930498,0.36010886111716767,0.45130737302366214,0.03644921841414387,0.5918303451502676,0.3384563806889835,0.45428546765281097,0.0032723278137466115,0.5527319124562643,0.3359753512823497,4.4290160237657865,3.9692418463151258,2.0624261773979202,3.042875247015923,-0.29414734107852947,-0.3496826445295042,0.7885613566949584,1.1405429710864181,3.0805322358137808,-0.6300997658995959,8.311050542901132,4.262283850062406,3.8032010334764927,-0.40235397760212877,8.286068290355432,4.957992252912922,3.8612400833033953,-0.7873168608261193,6.644884026493777,4.3921817909418,3.0,3.0,3.0,3.0,3.0,3.0,3.0,3.0,3.0,3.0,3.0,3.0,3.0,3.0,3.0,3.0,3.0,3.0,3.0,3.0,0.05,0.05,0.05,0.05,0.05,0.05,0.05,0.05,0.05,0.05,0.05,0.05,0.05,0.05,0.05,0.05,0.05,0.05,0.05,0.05,0.0,0.0,0.0,0.0,0.0,0.0,0.0,0.0,0.0,0.0,0.0,0.0,0.0,0.0,0.0,0.0,0.0,0.0,0.0,0.0
0.436487107283786,0.3673629502971893,0.235622266810316,0.5596322375412961,0.07041463542723872,-0.028256188902306755,0.004691055781143116,0.12740488764963503,0.33472642922667456,0.047759342951079586,0.8444912749528797,0.59154172058342,0.4581868949024229,0.017729971252133266,0.8483855284246935,0.526254717936044,0.4710130604857797,0.017381194301067573,0.8541671629583335,0.5408620390222714,3.856968406491913,4.213942917726726,2.5192123448118857,6.746407373779421,0.2696521396764351,-0.06602361499089263,-5.843851252690033e-05,1.2079761392530999,2.824104859672169,0.814056437426815,8.437240665659946,6.290039003199661,3.9889398603333404,0.5988775217868199,8.15848623072844,5.455553176358871,3.9917493101314885,0.5976485747090481,8.343652350308716,6.064795281198715,3.0,3.0,3.0,3.0,3.0,3.0,3.0,3.0,3.0,3.0,3.0,3.0,3.0,3.0,3.0,3.0,3.0,3.0,3.0,3.0,0.05,0.05,0.05,0.05,0.05,0.05,0.05,0.05,0.05,0.05,0.05,0.05,0.05,0.05,0.05,0.05,0.05,0.05,0.05,0.05,0.0,0.0,0.0,0.0,0.0,0.0,0.0,0.0,0.0,0.0,0.0,0.0,0.0,0.0,0.0,0.0,0.0,0.0,0.0,0.0,0.38367467718314935,0.32132212665536874,0.18842808038823347,0.1692750100203858,0.08614389988400598,0.07222799603183573,0.18352430366600445,0.1758434447973817,0.43126015476416196,0.008017761532373739,0.7732505464116375,0.4494944286319636,0.5222087845552265,0.02535891035255825,0.7624600674587139,0.44656411173344235,0.5244357499716702,-0.016655394771388495,0.6886356527902786,0.43445737537169976,4.462610821344118,4.427266711156808,2.1609035580696383,3.58838836245263,-0.488616759211841,-0.3975034340644928,0.41899368066561427,1.0190082544754724,2.542519362808296,-0.8066417974359484,8.482397736248823,4.5462584296344115,3.2282713187977774,-0.5994386572576288,8.458242623007452,5.624413733624394,3.2923699457984457,-1.0398491701148438,6.532277590254276,5.258417575034829,3.0,3.0,3.0,3.0,3.0,3.0,3.0,3.0,3.0,3.0,3.0,3.0,3.0,3.0,3.0,3.0,3.0,3.0,3.0,3.0,0.05,0.05,0.05,0.05,0.05,0.05,0.05,0.05,0.05,0.05,0.05,0.05,0.05,0.05,0.05,0.05,0.05,0.05,0.05,0.05,0.0,0.0,0.0,0.0,0.0,0.0,0.0,0.0,0.0,0.0,0.0,0.0,0.0,0.0,0.0,0.0,0.0,0.0,0.0,0.0
0.5116430631953485,0.45113533053887783,0.286154102032143,0.6992611829157692,0.0747895387996804,-0.029460220553050517,0.004728731472003275,0.15296716211237169,0.38983732105335905,0.06393247110614618,1.0112512050852562,0.7150754008220614,0.5360011258071972,0.029634086289360883,1.0071439122291967,0.6335399197927367,0.5480449257408166,0.029752615975547195,1.018791883188323,0.6624815643367225,3.562639905420152,4.051644900786279,2.408298960708101,6.816706392869784,0.21290904905354976,-0.05416213680312755,-0.0021175533891565736,1.247221208609385,2.569448932650156,0.8132144277267619,8.009422682704498,5.934682621694351,3.6948953165922283,0.6088660149322025,7.582269530178204,5.15208612812407,3.627556670179395,0.6363814895380699,7.853445754937963,5.87575370628818,3.0,3.0,3.0,3.0,3.0,3.0,3.0,3.0,3.0,3.0,3.0,3.0,3.0,3.0,3.0,3.0,3.0,3.0,3.0,3.0,0.05,0.05,0.05,0.05,0.05,0.05,0.05,0.05,0.05,0.05,0.05,0.05,0.05,0.05,0.05,0.05,0.05,0.05,0.05,0.05,0.0,0.0,0.0,0.0,0.0,0.0,0.0,0.0,0.0,0.0,0.0,0.0,0.0,0.0,0.0,0.0,0.0,0.0,0.0,0.0,0.4704755476492242,0.413775404822068,0.23237605385060717,0.2458129302757574,0.07552303186895418,0.06485253868145396,0.18768034903881137,0.1950884593580269,0.4762994542076479,-0.009089881571692295,0.9416620958430028,0.5419591983025441,0.5804382257755732,0.012471672123838717,0.9301600500705657,0.5634329300339592,0.5859802654847488,-0.038321638990847146,0.8140230160664353,0.5463120542837429,4.220268863106195,4.530394077445851,2.126357443628044,3.821603936765354,-0.5918897185303295,-0.47097694440639826,0.06811179240448634,0.8568554125899283,2.0427946209138805,-0.9019548711063226,8.136372563290466,4.440620500135821,2.6772813930472013,-0.6892740075080316,8.068067878174178,5.696162396200546,2.8197889522773996,-1.1139642019450058,5.952233028371376,5.501839284088304,3.0,3.0,3.0,3.0,3.0,3.0,3.0,3.0,3.0,3.0,3.0,3.0,3.0,3.0,3.0,3.0,3.0,3.0,3.0,3.0,0.05,0.05,0.05,0.05,0.05,0.05,0.05,0.05,0.05,0.05,0.05,0.05,0.05,0.05,0.05,0.05,0.05,0.05,0.05,0.05,0.0,0.0,0.0,0.0,0.0,0.0,0.0,0.0,0.0,0.0,0.0,0.0,0.0,0.0,0.0,0.0,0.0,0.0,0.0,0.0
0.5789927035005921,0.5294287463286405,0.33195422523864004,0.8323004932560875,0.07893099738938071,-0.030422674374431857,0.004606353645576853,0.17729373599401044,0.4375043865326808,0.08028792006015006,1.1648681822610596,0.8289290254511941,0.605982707566112,0.04208461184942137,1.1516763096318217,0.7323381630610067,0.6161153272929555,0.04283645388259037,1.168304993155852,0.7758921872737986,3.0922289936351874,3.653226498916108,2.1124643479478205,6.25696602037554,0.1780180265409964,-0.027619840293525988,-0.027782742844590105,1.1454144441146237,2.208370451711218,0.804729427434099,7.152339936441876,5.28824962147445,3.222233979320552,0.6034666310826925,6.696275866498613,4.592382374923049,3.133861879668884,0.6475482512898917,6.92209622543492,5.307849327496103,3.0,3.0,3.0,3.0,3.0,3.0,3.0,3.0,3.0,3.0,3.0,3.0,3.0,3.0,3.0,3.0,3.0,3.0,3.0,3.0,0.05,0.05,0.05,0.05,0.05,0.05,0.05,0.05,0.05,0.05,0.05,0.05,0.05,0.05,0.05,0.05,0.05,0.05,0.05,0.05,0.0,0.0,0.0,0.0,0.0,0.0,0.0,0.0,0.0,0.0,0.0,0.0,0.0,0.0,0.0,0.0,0.0,0.0,0.0,0.0,0.5524854317073972,0.5025378897532028,0.27348237813335524,0.32213916749099997,0.0624683111427928,0.0533889182555798,0.1862487753621839,0.21011766130097884,0.5129719396007172,-0.028060433311879168,1.0987054489432562,0.6271192486373964,0.6293000402771145,-0.002212049947763015,1.085182782585681,0.6744106075814642,0.6372273080627662,-0.06121396284918872,0.9267249739251336,0.6545309467352319,3.8622979160729556,4.2088444732895995,1.9442746214415842,3.671371775471531,-0.6766498244370087,-0.6476901524744928,-0.1834031528060838,0.6294727528451484,1.6331047630832443,-0.9380939691990775,7.384666179517627,3.9676298006340955,2.1474451705125297,-0.7365615103172369,7.233118516996497,5.234210864865296,2.2661970218890826,-1.1202971365161014,5.196453100505946,5.136046932135396,3.0,3.0,3.0,3.0,3.0,3.0,3.0,3.0,3.0,3.0,3.0,3.0,3.0,3.0,3.0,3.0,3.0,3.0,3.0,3.0,0.05,0.05,0.05,0.05,0.05,0.05,0.05,0.05,0.05,0.05,0.05,0.05,0.05,0.05,0.05,0.05,0.05,0.05,0.05,0.05,0.0,0.0,0.0,0.0,0.0,0.0,0.0,0.0,0.0,0.0,0.0,0.0,0.0,0.0,0.0,0.0,0.0,0.0,0.0,0.0
0.635332222940756,0.5972643904955222,0.3706526759500558,0.9495398237307908,0.08191025986132025,-0.030565014164791557,0.0036174217582196706,0.19878373987695663,0.4781721391218078,0.09612164820351014,1.2973448025429313,0.9266053856810395,0.6648904849800192,0.05377275153266858,1.2749949468891413,0.8172352147896587,0.673399400927572,0.055654546027142864,1.2956757322057197,0.8747955374365666,2.5006766607832964,3.0666135388107167,1.7217636075334524,5.318713067124007,0.1090146389891914,-0.004162957718202489,-0.007064686020708997,0.9675742877543851,1.7878769785690516,0.7429831393338456,5.945013878151162,4.364975641157898,2.639854861298549,0.5489356327758708,5.5146115545394165,3.8039340988026527,2.5336233417653258,0.6028971159265993,5.6815454969624755,4.469634069394071,3.0,3.0,3.0,3.0,3.0,3.0,3.0,3.0,3.0,3.0,3.0,3.0,3.0,3.0,3.0,3.0,3.0,3.0,3.0,3.0,0.05,0.05,0.05,0.05,0.05,0.05,0.05,0.05,0.05,0.05,0.05,0.05,0.05,0.05,0.05,0.05,0.05,0.05,0.05,0.05,0.0,0.0,0.0,0.0,0.0,0.0,0.0,0.0,0.0,0.0,0.0,0.0,0.0,0.0,0.0,0.0,0.0,0.0,0.0,0.0,0.6249674642921424,0.582129183753652,0.31014703870827054,0.39266780129461865,0.048457038891473826,0.03894493258247425,0.18034422292656802,0.22026736947183284,0.5416236447309777,-0.04661364033965539,1.2370487430237078,0.700664390327908,0.6663360325960744,-0.016990788288850762,1.2194847907504256,0.7728013646285711,0.6766281463603121,-0.0831335244514912,1.0218811400866732,0.7517539315691587,3.299321227262919,3.6434129175678565,1.6602403066418108,3.2864759883613135,-0.6391240156687523,-0.7288240438186312,-0.36711917050753773,0.3774525073211014,1.1900986587032951,-0.9056393401121978,6.259681528719025,3.2758973204830455,1.574429234189706,-0.7149988455988066,6.004648197787099,4.450444438422768,1.6721252918434375,-1.0292821769895553,4.227547756171387,4.470056768511399,3.0,3.0,3.0,3.0,3.0,3.0,3.0,3.0,3.0,3.0,3.0,3.0,3.0,3.0,3.0,3.0,3.0,3.0,3.0,3.0,0.05,0.05,0.05,0.05,0.05,0.05,0.05,0.05,0.05,0.05,0.05,0.05,0.05,0.05,0.05,0.05,0.05,0.05,0.05,0.05,0.0,0.0,0.0,0.0,0.0,0.0,0.0,0.0,0.0,0.0,0.0,0.0,0.0,0.0,0.0,0.0,0.0,0.0,0.0,0.0
0.6790197699319239,0.6520932878810691,0.40082476953997814,1.0450490159410477,0.08329158294894837,-0.030589192683159957,0.004323766204748493,0.21599670750418584,0.5090194656754429,0.11000724563350389,1.402668737387106,1.00352805109751,0.711576902018054,0.0640420371604562,1.3722607718133983,0.8844955270131128,0.7174602609635685,0.06695233851965435,1.395566813034351,0.9546775500495615,1.8575073035829364,2.388916118309814,1.311045348401331,4.167042894328038,0.0381561898057433,-0.010096658657836755,0.004267028812898895,0.7378444796883793,1.2832156926359861,0.61734539110842,4.506679043672046,3.281330548405964,1.9826828826965959,0.46387680474608595,4.1392576861423835,2.8785545206711283,1.8490974992121516,0.5017773961672326,4.251150188533787,3.4661004694928943,3.0,3.0,3.0,3.0,3.0,3.0,3.0,3.0,3.0,3.0,3.0,3.0,3.0,3.0,3.0,3.0,3.0,3.0,3.0,3.0,0.05,0.05,0.05,0.05,0.05,0.05,0.05,0.05,0.05,0.05,0.05,0.05,0.05,0.05,0.05,0.05,0.05,0.05,0.05,0.05,0.0,0.0,0.0,0.0,0.0,0.0,0.0,0.0,0.0,0.0,0.0,0.0,0.0,0.0,0.0,0.0,0.0,0.0,0.0,0.0,0.6844582807979139,0.648274406455917,0.3398919903990277,0.4535982070254525,0.0369033505160427,0.02423595650283455,0.1715640085418824,0.2252157615938229,0.560575885948849,-0.06428600691636709,1.3490927100920171,0.7581551414567183,0.6922772096447027,-0.03081200377171528,1.325368710497165,0.8524283851183749,0.7041123197365037,-0.10238524992877093,1.0958268841719891,0.8333332174756879,2.5951565576608657,2.9186465704291535,1.2940571252835862,2.768173890866657,-0.5341095280706698,-0.6656308081768697,-0.4743416961915249,0.1541391808619591,0.714000243968263,-0.8322611584800693,4.845186693800713,2.4526703533732817,0.9842472052867451,-0.654067426649654,4.527576933926008,3.4693148639593856,1.0547557058382977,-0.8811910943777593,3.1185895097560032,3.5984633030036433,3.0,3.0,3.0,3.0,3.0,3.0,3.0,3.0,3.0,3.0,3.0,3.0,3.0,3.0,3.0,3.0,3.0,3.0,3.0,3.0,0.05,0.05,0.05,0.05,0.05,0.05,0.05,0.05,0.05,0.05,0.05,0.05,0.05,0.05,0.05,0.05,0.05,0.05,0.05,0.05,0.0,0.0,0.0,0.0,0.0,0.0,0.0,0.0,0.0,0.0,0.0,0.0,0.0,0.0,0.0,0.0,0.0,0.0,0.0,0.0
0.7096325150840734,0.6928210352279147,0.42309448988610904,1.1162215395039123,0.08343650745354998,-0.030968880511105027,0.0037881029107356265,0.2282975190644918,0.5295007668272472,0.12081546384784694,1.4776119642898131,1.057858607617278,0.7441978002878831,0.07232782372251202,1.4405652543348366,0.9323773956165038,0.7473633008960581,0.07572564187383217,1.4657217397470712,1.0134395562162823,1.2109746180750225,1.6859750747123896,0.9101917245225285,2.951184717850175,-0.009634646801687241,-0.035170126911501176,-0.021168682907105853,0.49377245957019505,0.7715052121865573,0.4581504014067601,2.9963329387052426,2.164308271652909,1.3020660909905224,0.35753135945666703,2.715137849275717,1.9235990003805852,1.1463477340956318,0.36452409226605426,2.779524627884633,2.416079785184416,3.0,3.0,3.0,3.0,3.0,3.0,3.0,3.0,3.0,3.0,3.0,3.0,3.0,3.0,3.0,3.0,3.0,3.0,3.0,3.0,0.05,0.05,0.05,0.05,0.05,0.05,0.05,0.05,0.05,0.05,0.05,0.05,0.05,0.05,0.05,0.05,0.05,0.05,0.05,0.05,0.0,0.0,0.0,0.0,0.0,0.0,0.0,0.0,0.0,0.0,0.0,0.0,0.0,0.0,0.0,0.0,0.0,0.0,0.0,0.0,0.7287737265985771,0.6988750465708181,0.361909323719614,0.5033947569292849,0.027092657768647034,0.012319700255399461,0.16137055507890702,0.2264329367063112,0.5701836544897082,-0.07990408667885816,1.4308562107757363,0.7987712044628392,0.7057059208075442,-0.04315348535483692,1.400587868107466,0.9115739591869465,0.718818374593844,-0.11838116822660158,1.1466247204769133,0.8956924636893044,1.8244348610401055,2.1233930881983527,0.9029822496215242,2.185090339393142,-0.4212242530925713,-0.5223893624238215,-0.5062694565798602,-0.0017411669210057323,0.26236300562475223,-0.7194585537898628,3.3247317158074106,1.6222271880622252,0.401547458565471,-0.5736570388320679,2.9878436578820278,2.434882101186395,0.4457914979474953,-0.7066722252614392,1.9908501086242536,2.631338090448898,3.0,3.0,3.0,3.0,3.0,3.0,3.0,3.0,3.0,3.0,3.0,3.0,3.0,3.0,3.0,3.0,3.0,3.0,3.0,3.0,0.05,0.05,0.05,0.05,0.05,0.05,0.05,0.05,0.05,0.05,0.05,0.05,0.05,0.05,0.05,0.05,0.05,0.05,0.05,0.05,0.0,0.0,0.0,0.0,0.0,0.0,0.0,0.0,0.0,0.0,0.0,0.0,0.0,0.0,0.0,0.0,0.0,0.0,0.0,0.0
0.7274587546549248,0.7195322908695647,0.4372324385208793,1.1630964046550547,0.08290619707688088,-0.031995997759620004,0.003477018888464259,0.23574760588699364,0.5398796741629052,0.1283332616897743,1.5225220549353158,1.0901003819636264,0.7636595456576749,0.07834329153872288,1.480866285784427,0.9614394870283363,0.7633141703273938,0.08153330221029652,1.5067477981497364,1.051320741456938,0.6198517880804499,1.0034965670045053,0.5198194338812745,1.8659716953213668,-0.1088180797542207,-0.02720341684351651,-0.01538540487429201,0.2501279629650771,0.27951017993355365,0.35434735519712723,1.6124152730309593,0.9629010812462924,0.6610885252235771,0.24883689788970237,1.4235387477504746,1.004165239287419,0.49324132593272785,0.23445050630898218,1.3519851416342987,1.4122587146657761,3.0,3.0,3.0,3.0,3.0,3.0,3.0,3.0,3.0,3.0,3.0,3.0,3.0,3.0,3.0,3.0,3.0,3.0,3.0,3.0,0.05,0.05,0.05,0.05,0.05,0.05,0.05,0.05,0.05,0.05,0.05,0.05,0.05,0.05,0.05,0.05,0.05,0.05,0.05,0.05,0.0,0.0,0.0,0.0,0.0,0.0,0.0,0.0,0.0,0.0,0.0,0.0,0.0,0.0,0.0,0.0,0.0,0.0,0.0,0.0,0.7574356752395182,0.7332101299838512,0.37601128038388865,0.5410018206011782,0.02005438039233985,0.0033403820058816903,0.15131323027868798,0.22514611491698266,0.5710704061738391,-0.0930643490679616,1.4820819787243136,0.8230442289792073,0.7083391079873216,-0.053758285324998,1.444882456812446,0.9498236691658307,0.7219439796544035,-0.1306521389392285,1.1754608885169593,0.9385867410936438,1.1129842835755077,1.3663034061870638,0.5736295859061338,1.4804878011680955,-0.31139197204833874,-0.3639237800947743,-0.4973123330318449,-0.10626646677926455,-0.13936844099847745,-0.5820963583259554,1.8638258232282934,0.8628958757847249,-0.08405466394799666,-0.46823710062309093,1.6162110101477334,1.4905196656040869,-0.05381460828181306,-0.524632765946445,1.0053714847582218,1.724570875261258,3.0,3.0,3.0,3.0,3.0,3.0,3.0,3.0,3.0,3.0,3.0,3.0,3.0,3.0,3.0,3.0,3.0,3.0,3.0,3.0,0.05,0.05,0.05,0.05,0.05,0.05,0.05,0.05,0.05,0.05,0.05,0.05,0.05,0.05,0.05,0.05,0.05,0.05,0.05,0.05,0.0,0.0,0.0,0.0,0.0,0.0,0.0,0.0,0.0,0.0,0.0,0.0,0.0,0.0,0.0,0.0,0.0,0.0,0.0,0.0
0.7344265866072914,0.7329608979080949,0.44388726724136,1.190860407316767,0.07908378426338115,-0.03205701718484569,0.003172686715763946,0.2383026375830949,0.5406811740245894,0.13498935805573203,1.5421085752110515,1.0963746508671297,0.7706413412968262,0.08228129963810012,1.4975068042448556,0.9725440051880005,0.7670929539333672,0.08510366212619146,1.5198011454124432,1.0699299048029134,0.1770099134196651,0.45224478409660596,0.22648637999368865,1.0524278734307613,-0.2200883643290387,0.005407282037527689,0.005661548269398839,0.06607881866549856,-0.1251889876137363,0.3068736175390059,0.5925962620770053,-0.00777478499153772,0.23021526938576398,0.15704136446695605,0.5027688388182794,0.30000665068090626,-0.02735363162081894,0.15840575490083975,0.23942102926592934,0.6084216166984957,3.0,3.0,3.0,3.0,3.0,3.0,3.0,3.0,3.0,3.0,3.0,3.0,3.0,3.0,3.0,3.0,3.0,3.0,3.0,3.0,0.05,0.05,0.05,0.05,0.05,0.05,0.05,0.05,0.05,0.05,0.05,0.05,0.05,0.05,0.05,0.05,0.05,0.05,0.05,0.05,0.0,0.0,0.0,0.0,0.0,0.0,0.0,0.0,0.0,0.0,0.0,0.0,0.0,0.0,0.0,0.0,0.0,0.0,0.0,0.0,0.7732930979415974,0.7535271828183007,0.38485450715585934,0.5626142689760087,0.014636978886713484,-0.002237250948391509,0.14147806175763322,0.22218227803514062,0.5646089168497691,-0.10318794101189638,1.505409243704868,0.8332870394942282,0.7023437342496244,-0.06188296937976056,1.4652363085133753,0.97119474581111,0.7166657902625715,-0.13936647886445938,1.1868395798672422,0.9646752986997548,0.6235913491260292,0.755428188849766,0.3109358706518073,0.7766434541058298,-0.2100619250363863,-0.1547079502570486,-0.4553765029360182,-0.11172294843649899,-0.38438075123165827,-0.44267093954594366,0.6742514867108862,0.3282818091845219,-0.4391032695034436,-0.35689511941802265,0.6788357011182911,0.8346857733910057,-0.39455903554191096,-0.36363429450177037,0.3590952959642624,1.0879077165363154,3.0,3.0,3.0,3.0,3.0,3.0,3.0,3.0,3.0,3.0,3.0,3.0,3.0,3.0,3.0,3.0,3.0,3.0,3.0,3.0,0.05,0.05,0.05,0.05,0.05,0.05,0.05,0.05,0.05,0.05,0.05,0.05,0.05,0.05,0.05,0.05,0.05,0.05,0.05,0.05,0.0,0.0,0.0,0.0,0.0,0.0,0.0,0.0,0.0,0.0,0.0,0.0,0.0,0.0,0.0,0.0,0.0,0.0,0.0,0.0
0.7345391511917114,0.737622082233429,0.44629189372062683,1.2051935195922852,0.07410266250371933,-0.031779706478118896,0.0037034808192402124,0.2383907586336136,0.5348721146583557,0.14060820639133453,1.546225905418396,1.0897893905639648,0.7728681564331055,0.08462494611740112,1.5009770393371582,0.9734397530555725,0.762220025062561,0.08786953240633011,1.5163246393203735,1.075657606124878,0.012684643785304539,0.07964923417857761,0.032131281259624445,0.5769278416016987,-0.19867212427280323,0.05465219970921878,-0.007024568532708775,0.08477632090255482,-0.28146482071895185,0.29188526004201715,0.12780329321614436,-0.9825115420258379,0.053684053619842964,0.11888256402443724,0.06973875122419093,-0.25254166803390654,-0.21841105851255482,0.1537862839070956,-0.4760117733954905,-0.01765358110951687,3.0,3.0,3.0,3.0,3.0,3.0,3.0,3.0,3.0,3.0,3.0,3.0,3.0,3.0,3.0,3.0,3.0,3.0,3.0,3.0,0.05,0.05,0.05,0.05,0.05,0.05,0.05,0.05,0.05,0.05,0.05,0.05,0.05,0.05,0.05,0.05,0.05,0.05,0.05,0.05,0.0,0.0,0.0,0.0,0.0,0.0,0.0,0.0,0.0,0.0,0.0,0.0,0.0,0.0,0.0,0.0,0.0,0.0,0.0,0.0,0.7823793292045593,0.7634272575378418,0.38844871520996094,0.5720675587654114,0.0116519033908844,-0.0028479360044002533,0.13309817016124725,0.2206771969795227,0.5556951761245728,-0.11077118664979935,1.509052038192749,0.8361755013465881,0.6907749772071838,-0.0680340901017189,1.4720358848571777,0.983211100101471,0.706161618232727,-0.14519751071929932,1.1898247003555298,0.9821030497550964,0.4158789880941288,0.27715964911264324,0.2032493127474222,0.20232481465846663,-0.040823300547646955,-0.04290031702090919,-0.3240402808325771,-0.000856921028509483,-0.41426532494219515,-0.3469740972640453,0.1475244014960353,0.17661951244593022,-0.5517550345548183,-0.274151833347039,0.22550517473886034,0.509539204034079,-0.5524676487533131,-0.24979894002009964,0.02370478394333464,0.7418709156657682,3.0,3.0,3.0,3.0,3.0,3.0,3.0,3.0,3.0,3.0,3.0,3.0,3.0,3.0,3.0,3.0,3.0,3.0,3.0,3.0,0.05,0.05,0.05,0.05,0.05,0.05,0.05,0.05,0.05,0.05,0.05,0.05,0.05,0.05,0.05,0.05,0.05,0.05,0.05,0.05,0.0,0.0,0.0,0.0,0.0,0.0,0.0,0.0,0.0,0.0,0.0,0.0,0.0,0.0,0.0,0.0,0.0,0.0,0.0,0.0
0.7349339723587036,0.736146867275238,0.445172518491745,1.213937520980835,0.07113689929246902,-0.029870929196476936,0.002891703974455595,0.24169369041919708,0.5294225811958313,0.14666476845741272,1.5472207069396973,1.0570741891860962,0.7727887034416199,0.0870366021990776,1.5002963542938232,0.9624423384666443,0.758356511592865,0.09125511348247528,1.5007606744766235,1.0692237615585327,-0.02688765525817871,-0.09547621011734009,-0.14552325010299683,-0.16932785511016846,0.00252649188041687,0.13543255627155304,-0.046585709787905216,0.22907666862010956,-0.35772770643234253,0.26175379753112793,-0.017693638801574707,-1.7886906862258911,-0.0765189528465271,0.1117730513215065,-0.07667243480682373,-0.5751669406890869,-0.2530291676521301,0.18357634544372559,-1.134076714515686,-0.5831718444824219,3.0,3.0,3.0,3.0,3.0,3.0,3.0,3.0,3.0,3.0,3.0,3.0,3.0,3.0,3.0,3.0,3.0,3.0,3.0,3.0,0.05,0.05,0.05,0.05,0.05,0.05,0.05,0.05,0.05,0.05,0.05,0.05,0.05,0.05,0.05,0.05,0.05,0.05,0.05,0.05,0.0,0.0,0.0,0.0,0.0,0.0,0.0,0.0,0.0,0.0,0.0,0.0,0.0,0.0,0.0,0.0,0.0,0.0,0.0,0.0,0.7899282574653625,0.7646135687828064,0.3929844796657562,0.5707072615623474,0.013004046864807606,-0.003953263629227877,0.12851645052433014,0.22214800119400024,0.5480383038520813,-0.11706690490245819,1.5113102197647095,0.8403518199920654,0.6802735328674316,-0.07284904271364212,1.4742565155029297,0.9915763139724731,0.694567084312439,-0.14935843646526337,1.1877877712249756,0.9943501353263855,0.4046142101287842,-0.17127394676208496,0.2901926636695862,-0.30271708965301514,0.20849183201789856,-0.05856251809746027,-0.1009628176689148,0.16019046306610107,-0.2980932593345642,-0.321834534406662,0.19726455211639404,0.27236342430114746,-0.45832544565200806,-0.20847320556640625,0.03896951675415039,0.35798996686935425,-0.5514740943908691,-0.15492960810661316,-0.24375617504119873,0.4850253462791443,3.0,3.0,3.0,3.0,3.0,3.0,3.0,3.0,3.0,3.0,3.0,3.0,3.0,3.0,3.0,3.0,3.0,3.0,3.0,3.0,0.05,0.05,0.05,0.05,0.05,0.05,0.05,0.05,0.05,0.05,0.05,0.05,0.05,0.05,0.05,0.05,0.05,0.05,0.05,0.05,0.0,0.0,0.0,0.0,0.0,0.0,0.0,0.0,0.0,0.0,0.0,0.0,0.0,0.0,0.0,0.0,0.0,0.0,0.0,0.0
0.7334636449813843,0.7338030338287354,0.44047096371650696,1.1984204053878784,0.074203722178936,-0.026362404227256775,0.0018400524277240038,0.24755382537841797,0.520563006401062,0.15107835829257965,1.545518159866333,1.0182417631149292,0.7698073983192444,0.08909586817026138,1.4979101419448853,0.950433075428009,0.7520988583564758,0.09521258622407913,1.470961570739746,1.052330732345581,0.0539243221282959,-0.06976723670959473,-0.26022493839263916,-2.5274813175201416,0.16898568719625473,0.20125694572925568,0.07182053523138165,0.33807866275310516,-0.5710288882255554,0.08668676018714905,-0.3821521997451782,-1.9025638699531555,-0.31898170709609985,0.015552155673503876,-0.23308396339416504,-0.545966625213623,-0.38813352584838867,0.13344883918762207,-1.8412292003631592,-1.0677725076675415,3.0,3.0,3.0,3.0,3.0,3.0,3.0,3.0,3.0,3.0,3.0,3.0,3.0,3.0,3.0,3.0,3.0,3.0,3.0,3.0,0.05,0.05,0.05,0.05,0.05,0.05,0.05,0.05,0.05,0.05,0.05,0.05,0.05,0.05,0.05,0.05,0.05,0.05,0.05,0.05,0.0,0.0,0.0,0.0,0.0,0.0,0.0,0.0,0.0,0.0,0.0,0.0,0.0,0.0,0.0,0.0,0.0,0.0,0.0,0.0,0.7985638976097107,0.7565762996673584,0.4000564217567444,0.5599588751792908,0.019991576671600342,-0.005190436728298664,0.12905965745449066,0.22708481550216675,0.5437714457511902,-0.12364456802606583,1.5169426202774048,0.847070038318634,0.6724419593811035,-0.07637301832437515,1.4735946655273438,0.9975306987762451,0.6841026544570923,-0.15139469504356384,1.1800744533538818,1.0015040636062622,1.0048776865005493,-0.8767604827880859,0.2018943428993225,-0.6381317973136902,0.45152807142585516,-0.08043722482398152,0.10963641107082367,0.4311375319957733,-0.04200786352157593,-0.35640373826026917,0.12950599193572998,0.46577155590057373,-0.16475319862365723,-0.09380783885717392,-0.318261981010437,0.19779205322265625,-0.17924904823303223,0.05818977952003479,-0.8663743734359741,0.09046494960784912,3.0,3.0,3.0,3.0,3.0,3.0,3.0,3.0,3.0,3.0,3.0,3.0,3.0,3.0,3.0,3.0,3.0,3.0,3.0,3.0,0.05,0.05,0.05,0.05,0.05,0.05,0.05,0.05,0.05,0.05,0.05,0.05,0.05,0.05,0.05,0.05,0.05,0.05,0.05,0.05,0.0,0.0,0.0,0.0,0.0,0.0,0.0,0.0,0.0,0.0,0.0,0.0,0.0,0.0,0.0,0.0,0.0,0.0,0.0,0.0
0.7370909452438354,0.7333561778068542,0.43476352095603943,1.1128382682800293,0.07789632678031921,-0.02182065136730671,0.005764525383710861,0.2552168369293213,0.5065814256668091,0.15013223886489868,1.5319346189498901,0.98097163438797,0.7600294351577759,0.08765868842601776,1.4909729957580566,0.9406036734580994,0.7428311705589294,0.09659306704998016,1.4271115064620972,1.026512861251831,-0.038492679595947266,0.10599642992019653,-0.3965705633163452,-5.0064414739608765,0.6047466769814491,0.2087110187858343,0.3501676663290709,0.5624391138553619,-0.5587048828601837,-0.1476433128118515,-1.2403696775436401,-1.8248483538627625,-0.4715070128440857,-0.07131639868021011,-0.8797913789749146,-0.5906343460083008,-0.6288319826126099,0.08561257272958755,-2.53387987613678,-1.4832615852355957,3.0,3.0,3.0,3.0,3.0,3.0,3.0,3.0,3.0,3.0,3.0,3.0,3.0,3.0,3.0,3.0,3.0,3.0,3.0,3.0,0.05,0.05,0.05,0.05,0.05,0.05,0.05,0.05,0.05,0.05,0.05,0.05,0.05,0.05,0.05,0.05,0.05,0.05,0.05,0.05,0.0,0.0,0.0,0.0,0.0,0.0,0.0,0.0,0.0,0.0,0.0,0.0,0.0,0.0,0.0,0.0,0.0,0.0,0.0,0.0,0.8301233649253845,0.729543149471283,0.4010602533817291,0.5451819896697998,0.031065169721841812,-0.007170752622187138,0.13290190696716309,0.23939350247383118,0.5463579893112183,-0.13132305443286896,1.5164904594421387,0.8589826822280884,0.6736834049224854,-0.07660135626792908,1.4615260362625122,0.9994879961013794,0.6873971223831177,-0.14703084528446198,1.1531327962875366,0.9979687333106995,1.033341884613037,-1.2408256530761719,-0.10378137230873108,-0.9962096810340881,1.1442698538303375,0.04674945957958698,0.46311989426612854,0.7943764328956604,0.3075450658798218,-0.28417017310857773,-0.30304789543151855,0.4299536347389221,0.12529194355010986,-0.0021958723664283752,-0.9405195713043213,-0.051172077655792236,0.12520253658294678,0.06774775683879852,-1.801002025604248,-0.49047917127609253,3.0,3.0,3.0,3.0,3.0,3.0,3.0,3.0,3.0,3.0,3.0,3.0,3.0,3.0,3.0,3.0,3.0,3.0,3.0,3.0,0.05,0.05,0.05,0.05,0.05,0.05,0.05,0.05,0.05,0.05,0.05,0.05,0.05,0.05,0.05,0.05,0.05,0.05,0.05,0.05,0.0,0.0,0.0,0.0,0.0,0.0,0.0,0.0,0.0,0.0,0.0,0.0,0.0,0.0,0.0,0.0,0.0,0.0,0.0,0.0
0.7319239377975464,0.7380428910255432,0.42460814118385315,0.9981627464294434,0.09839358925819397,-0.018013963475823402,0.01584675908088684,0.27005138993263245,0.49821481108665466,0.1451726257801056,1.4959033727645874,0.9452478289604187,0.750947117805481,0.08624321222305298,1.4627184867858887,0.926807701587677,0.7269455790519714,0.09863708913326263,1.369606375694275,0.9930002689361572,-0.33354610204696655,0.2797171473503113,-0.6362326443195343,-6.248989701271057,1.2799307703971863,0.1569962128996849,0.6233824416995049,0.8473187685012817,-0.37553757429122925,-0.2999052405357361,-2.246725559234619,-1.758664846420288,-0.4204675555229187,-0.067155621945858,-1.766371726989746,-0.7446274161338806,-0.9071290493011475,0.057175010442733765,-3.1221091747283936,-1.8167346715927124,3.0,3.0,3.0,3.0,3.0,3.0,3.0,3.0,3.0,3.0,3.0,3.0,3.0,3.0,3.0,3.0,3.0,3.0,3.0,3.0,0.05,0.05,0.05,0.05,0.05,0.05,0.05,0.05,0.05,0.05,0.05,0.05,0.05,0.05,0.05,0.05,0.05,0.05,0.05,0.05,0.0,0.0,0.0,0.0,0.0,0.0,0.0,0.0,0.0,0.0,0.0,0.0,0.0,0.0,0.0,0.0,0.0,0.0,0.0,0.0,0.8398975729942322,0.7069432735443115,0.39590516686439514,0.5201104879379272,0.06576237082481384,-0.003320458345115185,0.1475844532251358,0.25885987281799316,0.5560732483863831,-0.13501137495040894,1.504820704460144,0.8642681837081909,0.6774536371231079,-0.07646085321903229,1.435973882675171,0.9954838156700134,0.6891107559204102,-0.1486847847700119,1.108034372329712,0.9818848967552185,0.9068667888641357,-1.365196704864502,-0.6446808576583862,-1.3582006096839905,2.587639447301626,0.1194310374557972,0.8369643241167068,1.0872744023799896,0.8778810501098633,-0.205124169588089,-1.0299652814865112,0.03838986158370972,0.39637982845306396,0.04977397620677948,-1.811659336090088,-0.4420086741447449,0.36987364292144775,-0.0626981258392334,-2.92852520942688,-1.4069795608520508,3.0,3.0,3.0,3.0,3.0,3.0,3.0,3.0,3.0,3.0,3.0,3.0,3.0,3.0,3.0,3.0,3.0,3.0,3.0,3.0,0.05,0.05,0.05,0.05,0.05,0.05,0.05,0.05,0.05,0.05,0.05,0.05,0.05,0.05,0.05,0.05,0.05,0.05,0.05,0.05,0.0,0.0,0.0,0.0,0.0,0.0,0.0,0.0,0.0,0.0,0.0,0.0,0.0,0.0,0.0,0.0,0.0,0.0,0.0,0.0
0.7237491011619568,0.7445448637008667,0.40931421518325806,0.862878680229187,0.12909355759620667,-0.015540802851319313,0.030699823051691055,0.28910958766937256,0.4915599226951599,0.13813602924346924,1.4420655965805054,0.9106250405311584,0.7432107329368591,0.08497246354818344,1.4203181266784668,0.9108185768127441,0.7065460085868835,0.09888006746768951,1.3022271394729614,0.9538434743881226,-0.2815157175064087,0.020261108875274658,-0.8484832942485809,-6.748507916927338,2.0769622176885605,-0.0005823560059070587,0.8704226464033127,1.1272266507148743,0.19908174872398376,-0.5378350615501404,-3.4100383520126343,-1.6460418701171875,-0.1189112663269043,-0.2683168277144432,-3.032815456390381,-0.9293675422668457,-0.7162854075431824,-0.19176676869392395,-3.8952678442001343,-2.2727206349372864,3.0,3.0,3.0,3.0,3.0,3.0,3.0,3.0,3.0,3.0,3.0,3.0,3.0,3.0,3.0,3.0,3.0,3.0,3.0,3.0,0.05,0.05,0.05,0.05,0.05,0.05,0.05,0.05,0.05,0.05,0.05,0.05,0.05,0.05,0.05,0.05,0.05,0.05,0.05,0.05,0.0,0.0,0.0,0.0,0.0,0.0,0.0,0.0,0.0,0.0,0.0,0.0,0.0,0.0,0.0,0.0,0.0,0.0,0.0,0.0,0.86639803647995,0.6749352812767029,0.3752730190753937,0.4908539652824402,0.13457074761390686,-0.00239351112395525,0.16638047993183136,0.28288447856903076,0.5814732313156128,-0.13952802121639252,1.4752918481826782,0.8605182766914368,0.6895385980606079,-0.0746103972196579,1.3890596628189087,0.9818076491355896,0.7021920680999756,-0.1495387703180313,1.0359917879104614,0.9416895508766174,1.3545408844947815,-1.7435401678085327,-1.1465787887573242,-1.5573926270008087,3.951326757669449,0.10854859719984233,0.8787557482719421,1.1950939893722534,1.3720989227294922,-0.026364251971244812,-1.7848610877990723,-0.3000333905220032,0.7452934980392456,0.2748783677816391,-2.6009708642959595,-0.7704347372055054,0.72355717420578,0.06707161664962769,-3.787370026111603,-2.217423915863037,3.0,3.0,3.0,3.0,3.0,3.0,3.0,3.0,3.0,3.0,3.0,3.0,3.0,3.0,3.0,3.0,3.0,3.0,3.0,3.0,0.05,0.05,0.05,0.05,0.05,0.05,0.05,0.05,0.05,0.05,0.05,0.05,0.05,0.05,0.05,0.05,0.05,0.05,0.05,0.05,0.0,0.0,0.0,0.0,0.0,0.0,0.0,0.0,0.0,0.0,0.0,0.0,0.0,0.0,0.0,0.0,0.0,0.0,0.0,0.0
0.72066330909729,0.7388533353805542,0.3906688094139099,0.7282224297523499,0.1814720779657364,-0.018037257716059685,0.05066366493701935,0.3151404559612274,0.506178081035614,0.12365922331809998,1.359501838684082,0.8794061541557312,0.7461906671524048,0.07551053911447525,1.3414058685302734,0.8896329998970032,0.6982941627502441,0.09096641838550568,1.2137956619262695,0.9020914435386658,-0.24993866682052612,-0.5331262946128845,-0.9041115641593933,-5.657000839710236,3.0220188200473785,-0.10334416292607784,1.1466692201793194,1.2876637279987335,0.830686092376709,-0.6041526794433594,-3.8447797298431396,-1.4046624302864075,0.02139359712600708,-0.43967776000499725,-4.029235243797302,-1.1374324560165405,-0.40504634380340576,-0.4758764058351517,-4.122805595397949,-2.3897886276245117,3.0,3.0,3.0,3.0,3.0,3.0,3.0,3.0,3.0,3.0,3.0,3.0,3.0,3.0,3.0,3.0,3.0,3.0,3.0,3.0,0.05,0.05,0.05,0.05,0.05,0.05,0.05,0.05,0.05,0.05,0.05,0.05,0.05,0.05,0.05,0.05,0.05,0.05,0.05,0.05,0.0,0.0,0.0,0.0,0.0,0.0,0.0,0.0,0.0,0.0,0.0,0.0,0.0,0.0,0.0,0.0,0.0,0.0,0.0,0.0,0.8940792083740234,0.6372016668319702,0.3500420153141022,0.4578147828578949,0.2238154411315918,0.0010214855428785086,0.1827346831560135,0.3066636323928833,0.6109572052955627,-0.13606594502925873,1.4334262609481812,0.8522668480873108,0.7072653770446777,-0.06546571850776672,1.3319350481033325,0.9646664261817932,0.7180530428886414,-0.1460019201040268,0.9565395712852478,0.893187940120697,0.32204389572143555,-2.0994380116462708,-1.094202697277069,-1.1726722121238708,4.54493835568428,0.5438311258330941,0.600796565413475,1.0765686631202698,1.7407163977622986,0.6432972848415375,-2.5680184364318848,-0.5716532468795776,1.1381611227989197,0.7957294583320618,-3.106054663658142,-0.8964210748672485,0.8115068078041077,0.3359988331794739,-3.7802085280418396,-2.344450354576111,3.0,3.0,3.0,3.0,3.0,3.0,3.0,3.0,3.0,3.0,3.0,3.0,3.0,3.0,3.0,3.0,3.0,3.0,3.0,3.0,0.05,0.05,0.05,0.05,0.05,0.05,0.05,0.05,0.05,0.05,0.05,0.05,0.05,0.05,0.05,0.05,0.05,0.05,0.05,0.05,0.0,0.0,0.0,0.0,0.0,0.0,0.0,0.0,0.0,0.0,0.0,0.0,0.0,0.0,0.0,0.0,0.0,0.0,0.0,0.0
0.7137515544891357,0.7232198119163513,0.3731497526168823,0.6365986466407776,0.2499743103981018,-0.019674569368362427,0.07656659185886383,0.3406161367893219,0.5247873663902283,0.11396992206573486,1.2882744073867798,0.8544385433197021,0.7440664768218994,0.06738535314798355,1.2591487169265747,0.8653212785720825,0.6903441548347473,0.07984501123428345,1.1373149156570435,0.8582519292831421,0.017878413200378418,-1.2607544660568237,-0.880827009677887,-3.5784661769866943,4.249242320656776,-0.3590530250221491,0.9168485179543495,0.9529039263725281,1.5314474701881409,-0.6106838583946228,-4.309949278831482,-1.4467820525169373,0.658145546913147,-0.47265803441405296,-5.161944031715393,-1.7397984862327576,0.09308755397796631,-0.6324335932731628,-3.820621967315674,-2.1801307797431946,3.0,3.0,3.0,3.0,3.0,3.0,3.0,3.0,3.0,3.0,3.0,3.0,3.0,3.0,3.0,3.0,3.0,3.0,3.0,3.0,0.05,0.05,0.05,0.05,0.05,0.05,0.05,0.05,0.05,0.05,0.05,0.05,0.05,0.05,0.05,0.05,0.05,0.05,0.05,0.05,0.0,0.0,0.0,0.0,0.0,0.0,0.0,0.0,0.0,0.0,0.0,0.0,0.0,0.0,0.0,0.0,0.0,0.0,0.0,0.0,0.8792797923088074,0.590957760810852,0.3315049111843109,0.44394707679748535,0.3163682818412781,0.019359733909368515,0.19041234254837036,0.32594722509384155,0.6511018872261047,-0.11379612982273102,1.3725711107254028,0.8376521468162537,0.7350650429725647,-0.04278121888637543,1.264817476272583,0.9459508061408997,0.7346523404121399,-0.13609881699085236,0.8847834467887878,0.847911536693573,-0.7943511009216309,-2.441348135471344,-0.8997336030006409,-0.806417316198349,4.732510447502136,1.0883559531066567,0.2608254551887512,0.8027210831642151,2.2331371903419495,1.2654224410653114,-3.450077772140503,-0.9417906403541565,1.455986499786377,1.1684159748256207,-3.345191478729248,-0.8988514542579651,0.7966175675392151,0.5447486415505409,-3.247694671154022,-2.0972803235054016,3.0,3.0,3.0,3.0,3.0,3.0,3.0,3.0,3.0,3.0,3.0,3.0,3.0,3.0,3.0,3.0,3.0,3.0,3.0,3.0,0.05,0.05,0.05,0.05,0.05,0.05,0.05,0.05,0.05,0.05,0.05,0.05,0.05,0.05,0.05,0.05,0.05,0.05,0.05,0.05,0.0,0.0,0.0,0.0,0.0,0.0,0.0,0.0,0.0,0.0,0.0,0.0,0.0,0.0,0.0,0.0,0.0,0.0,0.0,0.0
0.7213784456253052,0.6884231567382812,0.35543572902679443,0.5850837826728821,0.35144177079200745,-0.03239937871694565,0.08733760565519333,0.35325661301612854,0.5674359798431396,0.09923186898231506,1.1871038675308228,0.8215348720550537,0.7725164890289307,0.05660421773791313,1.1349281072616577,0.8200410604476929,0.7020176649093628,0.06566907465457916,1.0609707832336426,0.814886212348938,1.0515064001083374,-2.3625582456588745,-1.0723702609539032,-1.536203920841217,5.3615376353263855,-0.3879113122820854,0.520097091794014,0.6280332803726196,2.4095356464385986,-0.5571145564317703,-4.607141017913818,-1.4581292867660522,1.4431342482566833,-0.5948331207036972,-5.463770031929016,-1.808018982410431,1.0275408625602722,-0.700241606682539,-3.6003530025482178,-2.0201310515403748,3.0,3.0,3.0,3.0,3.0,3.0,3.0,3.0,3.0,3.0,3.0,3.0,3.0,3.0,3.0,3.0,3.0,3.0,3.0,3.0,0.05,0.05,0.05,0.05,0.05,0.05,0.05,0.05,0.05,0.05,0.05,0.05,0.05,0.05,0.05,0.05,0.05,0.05,0.05,0.05,0.0,0.0,0.0,0.0,0.0,0.0,0.0,0.0,0.0,0.0,0.0,0.0,0.0,0.0,0.0,0.0,0.0,0.0,0.0,0.0,0.8623051643371582,0.5395477414131165,0.31405267119407654,0.42555809020996094,0.41311585903167725,0.044555723667144775,0.19316770136356354,0.3387724757194519,0.7002826929092407,-0.08544904738664627,1.295423150062561,0.8145952224731445,0.7655048370361328,-0.018729079514741898,1.1981273889541626,0.9287123680114746,0.74991774559021,-0.12421197444200516,0.8266317844390869,0.809296727180481,-0.567387044429779,-2.78618261218071,-0.8906818926334381,-0.3887541592121124,4.722276329994202,1.0686504654586315,0.28467290103435516,0.7188133895397186,2.4844080209732056,1.2340575456619263,-3.6722511053085327,-1.0280951857566833,1.6929998993873596,1.0341896209865808,-3.313344717025757,-0.8962363004684448,0.9624168276786804,0.5331050604581833,-2.311737835407257,-1.5956416726112366,3.0,3.0,3.0,3.0,3.0,3.0,3.0,3.0,3.0,3.0,3.0,3.0,3.0,3.0,3.0,3.0,3.0,3.0,3.0,3.0,0.05,0.05,0.05,0.05,0.05,0.05,0.05,0.05,0.05,0.05,0.05,0.05,0.05,0.05,0.05,0.05,0.05,0.05,0.05,0.05,0.0,0.0,0.0,0.0,0.0,0.0,0.0,0.0,0.0,0.0,0.0,0.0,0.0,0.0,0.0,0.0,0.0,0.0,0.0,0.0
0.7558118104934692,0.6287174820899963,0.3302549421787262,0.5751504898071289,0.4644358158111572,-0.035191021859645844,0.09737047553062439,0.3657374680042267,0.6211687922477722,0.09168533980846405,1.103988766670227,0.7961133718490601,0.8017918467521667,0.04359202831983566,1.040597915649414,0.7930005192756653,0.7314457893371582,0.05183534696698189,0.9933007955551147,0.7774466872215271,2.223995327949524,-3.2496020197868347,-1.342080533504486,0.04193335771560669,5.569463223218918,0.1660977490246296,0.6529724225401878,0.7057294249534607,2.7337387204170227,-0.1919293776154518,-3.674513101577759,-1.126907765865326,1.5483051538467407,-0.6603360176086426,-4.04452383518219,-1.063072681427002,1.6216546297073364,-0.7608503103256226,-2.9824286699295044,-1.6202151775360107,3.0,3.0,3.0,3.0,3.0,3.0,3.0,3.0,3.0,3.0,3.0,3.0,3.0,3.0,3.0,3.0,3.0,3.0,3.0,3.0,0.05,0.05,0.05,0.05,0.05,0.05,0.05,0.05,0.05,0.05,0.05,0.05,0.05,0.05,0.05,0.05,0.05,0.05,0.05,0.05,0.0,0.0,0.0,0.0,0.0,0.0,0.0,0.0,0.0,0.0,0.0,0.0,0.0,0.0,0.0,0.0,0.0,0.0,0.0,0.0,0.8565843105316162,0.47951045632362366,0.2958776354789734,0.42839691042900085,0.5052593350410461,0.062105752527713776,0.20179925858974457,0.3546997606754303,0.750478208065033,-0.06443382799625397,1.2256810665130615,0.7965283393859863,0.8027850389480591,-0.0014136340469121933,1.1322836875915527,0.9101013541221619,0.7731490135192871,-0.11477461457252502,0.7923139333724976,0.7840858697891235,0.01293271780014038,-3.368789702653885,-0.8456774055957794,0.5280792713165283,4.582780599594116,0.6095342338085175,0.7044069468975067,0.9419001638889313,2.5533631443977356,0.7892047055065632,-3.3444225788116455,-0.8366703987121582,2.0549416542053223,0.7283883169293404,-3.0922919511795044,-0.8795112371444702,1.3700604438781738,0.4767833277583122,-1.1530682444572449,-0.9310543537139893,3.0,3.0,3.0,3.0,3.0,3.0,3.0,3.0,3.0,3.0,3.0,3.0,3.0,3.0,3.0,3.0,3.0,3.0,3.0,3.0,0.05,0.05,0.05,0.05,0.05,0.05,0.05,0.05,0.05,0.05,0.05,0.05,0.05,0.05,0.05,0.05,0.05,0.05,0.05,0.05,0.0,0.0,0.0,0.0,0.0,0.0,0.0,0.0,0.0,0.0,0.0,0.0,0.0,0.0,0.0,0.0,0.0,0.0,0.0,0.0
0.8103382587432861,0.5584390759468079,0.301752507686615,0.5867611169815063,0.5742202997207642,-0.025755468755960464,0.11345650255680084,0.38148579001426697,0.6767855286598206,0.09155469387769699,1.0401233434677124,0.7764585614204407,0.8344486951828003,0.03019077703356743,0.9731471538543701,0.7775181531906128,0.7668838500976562,0.03523506224155426,0.9416736364364624,0.7500776052474976,2.6377201080322266,-3.2105788588523865,-1.4018021523952484,0.8227840065956116,5.391010642051697,0.47221947461366653,0.9390585124492645,0.8899368345737457,2.816988527774811,0.057117827236652374,-2.8006568551063538,-0.8625373244285583,1.7300158739089966,-0.6117835175246,-2.704770863056183,-0.4688829183578491,1.9675776362419128,-0.7638992741703987,-2.118183672428131,-1.0774046182632446,3.0,3.0,3.0,3.0,3.0,3.0,3.0,3.0,3.0,3.0,3.0,3.0,3.0,3.0,3.0,3.0,3.0,3.0,3.0,3.0,0.05,0.05,0.05,0.05,0.05,0.05,0.05,0.05,0.05,0.05,0.05,0.05,0.05,0.05,0.05,0.05,0.05,0.05,0.05,0.05,0.0,0.0,0.0,0.0,0.0,0.0,0.0,0.0,0.0,0.0,0.0,0.0,0.0,0.0,0.0,0.0,0.0,0.0,0.0,0.0,0.8628224730491638,0.40479615330696106,0.28022557497024536,0.44668126106262207,0.5964270830154419,0.06893709301948547,0.2213439792394638,0.37644848227500916,0.8024172186851501,-0.05388085916638374,1.1616462469100952,0.7811284065246582,0.8477025032043457,0.010406453162431717,1.0744357109069824,0.8935319185256958,0.8047201633453369,-0.10514064133167267,0.7805090546607971,0.7720545530319214,0.29590874910354614,-3.80108579993248,-0.6798103451728821,1.117502897977829,4.360315203666687,0.44013913720846176,1.093091070652008,1.2336686253547668,2.702157199382782,0.5358351394534111,-3.3428072929382324,-0.7443085312843323,2.327260375022888,0.46872072853147984,-2.9005438089370728,-0.8160203695297241,1.536257565021515,0.2911258488893509,0.02672821283340454,-0.2209007740020752,3.0,3.0,3.0,3.0,3.0,3.0,3.0,3.0,3.0,3.0,3.0,3.0,3.0,3.0,3.0,3.0,3.0,3.0,3.0,3.0,0.05,0.05,0.05,0.05,0.05,0.05,0.05,0.05,0.05,0.05,0.05,0.05,0.05,0.05,0.05,0.05,0.05,0.05,0.05,0.05,0.0,0.0,0.0,0.0,0.0,0.0,0.0,0.0,0.0,0.0,0.0,0.0,0.0,0.0,0.0,0.0,0.0,0.0,0.0,0.0
0.8613206148147583,0.5002943277359009,0.27418285608291626,0.6080618500709534,0.6800762414932251,-0.016302242875099182,0.13493281602859497,0.4013349413871765,0.7338483333587646,0.09397005289793015,0.9919624924659729,0.7616118788719177,0.8709924817085266,0.01912068761885166,0.9324070811271667,0.7742452025413513,0.8101488947868347,0.02127937600016594,0.9085734486579895,0.7343505024909973,2.3645758628845215,-2.411964535713196,-1.2241929769515991,0.8520513772964478,5.132816731929779,0.36234534345567226,1.092074066400528,1.488570123910904,2.8954222798347473,0.13625025749206543,-1.99013352394104,-0.3589123487472534,1.6251027584075928,-0.34436751157045364,-1.0917320847511292,0.4856303334236145,1.9085496664047241,-0.478459894657135,-0.6955444812774658,0.09216219186782837,3.0,3.0,3.0,3.0,3.0,3.0,3.0,3.0,3.0,3.0,3.0,3.0,3.0,3.0,3.0,3.0,3.0,3.0,3.0,3.0,0.05,0.05,0.05,0.05,0.05,0.05,0.05,0.05,0.05,0.05,0.05,0.05,0.05,0.05,0.05,0.05,0.05,0.05,0.05,0.05,0.0,0.0,0.0,0.0,0.0,0.0,0.0,0.0,0.0,0.0,0.0,0.0,0.0,0.0,0.0,0.0,0.0,0.0,0.0,0.0,0.8684206604957581,0.32746702432632446,0.2686852216720581,0.473097026348114,0.6796719431877136,0.07971131801605225,0.2455229014158249,0.40404650568962097,0.8585644960403442,-0.04300042241811752,1.0919687747955322,0.766755998134613,0.8958754539489746,0.017335195094347,1.0162619352340698,0.8774605393409729,0.8345993161201477,-0.10312958061695099,0.7933830618858337,0.7752498388290405,0.009205937385559082,-3.6865748465061188,-0.46346336603164673,1.15288645029068,3.844793140888214,0.6633037701249123,1.2559529393911362,1.4813445508480072,2.8351858258247375,0.6249004043638706,-3.217804431915283,-0.514964759349823,2.2979795932769775,0.41166115552186966,-2.5915011763572693,-0.6090030074119568,1.500043272972107,0.022139400243759155,1.3085022568702698,0.593818724155426,3.0,3.0,3.0,3.0,3.0,3.0,3.0,3.0,3.0,3.0,3.0,3.0,3.0,3.0,3.0,3.0,3.0,3.0,3.0,3.0,0.05,0.05,0.05,0.05,0.05,0.05,0.05,0.05,0.05,0.05,0.05,0.05,0.05,0.05,0.05,0.05,0.05,0.05,0.05,0.05,0.0,0.0,0.0,0.0,0.0,0.0,0.0,0.0,0.0,0.0,0.0,0.0,0.0,0.0,0.0,0.0,0.0,0.0,0.0,0.0
0.904921293258667,0.46196049451828003,0.252784788608551,0.6208431720733643,0.7795329689979553,-0.011261655017733574,0.15713946521282196,0.4410285949707031,0.7926024198532104,0.09700470417737961,0.9605180025100708,0.7621020674705505,0.899452805519104,0.016416076570749283,0.929477870464325,0.7969433665275574,0.8432258367538452,0.01609666645526886,0.9138518571853638,0.7537640929222107,2.164784073829651,-1.392541080713272,-0.9971059858798981,0.5104750394821167,4.680719971656799,0.29287267243489623,1.251056045293808,2.3744553327560425,2.822721004486084,0.1868491992354393,-1.0910391807556152,0.5014583468437195,1.2683093547821045,0.033383769914507866,0.6868079304695129,1.5935346484184265,1.4981836080551147,-0.05094921216368675,1.2065678834915161,1.6616001725196838,3.0,3.0,3.0,3.0,3.0,3.0,3.0,3.0,3.0,3.0,3.0,3.0,3.0,3.0,3.0,3.0,3.0,3.0,3.0,3.0,0.05,0.05,0.05,0.05,0.05,0.05,0.05,0.05,0.05,0.05,0.05,0.05,0.05,0.05,0.05,0.05,0.05,0.05,0.05,0.05,0.0,0.0,0.0,0.0,0.0,0.0,0.0,0.0,0.0,0.0,0.0,0.0,0.0,0.0,0.0,0.0,0.0,0.0,0.0,0.0,0.8631907105445862,0.2573331594467163,0.2616870403289795,0.49279671907424927,0.7502188086509705,0.09546924382448196,0.27158209681510925,0.43570226430892944,0.9158246517181396,-0.02888484299182892,1.0329340696334839,0.7605298161506653,0.9396216869354248,0.026872899383306503,0.9707756638526917,0.8691717982292175,0.8647218942642212,-0.1042550653219223,0.8328491449356079,0.7958073019981384,-0.4218846559524536,-3.3545494079589844,-0.25292932987213135,0.9300455451011658,3.2978832721710205,0.9942471981048584,1.411915197968483,1.8478058278560638,2.7350232005119324,0.7891418877989054,-2.906543016433716,-0.0500410795211792,1.810888946056366,0.47335363924503326,-2.0515739917755127,-0.17769783735275269,1.0282933712005615,-0.34355800598859787,2.8005674481391907,1.6125038266181946,3.0,3.0,3.0,3.0,3.0,3.0,3.0,3.0,3.0,3.0,3.0,3.0,3.0,3.0,3.0,3.0,3.0,3.0,3.0,3.0,0.05,0.05,0.05,0.05,0.05,0.05,0.05,0.05,0.05,0.05,0.05,0.05,0.05,0.05,0.05,0.05,0.05,0.05,0.05,0.05,0.0,0.0,0.0,0.0,0.0,0.0,0.0,0.0,0.0,0.0,0.0,0.0,0.0,0.0,0.0,0.0,0.0,0.0,0.0,0.0
0.9479119777679443,0.44459268450737,0.23429861664772034,0.628480851650238,0.8673050403594971,-0.004587335977703333,0.1849750578403473,0.4963131546974182,0.846757173538208,0.10144402086734772,0.9483209252357483,0.7816702127456665,0.9217248558998108,0.020456038415431976,0.9598793983459473,0.8379865884780884,0.8700762391090393,0.01924140751361847,0.9568361639976501,0.8008145093917847,2.0251646637916565,-0.6208278238773346,-0.8611850440502167,0.2785533666610718,4.05685156583786,0.3848617081530392,1.53624527156353,2.89953351020813,2.5148391723632812,0.20160898566246033,-0.8551731705665588,0.8777737617492676,1.0925188660621643,0.12157559394836426,1.368403434753418,1.9176408648490906,1.0925084352493286,0.10861740447580814,2.365964651107788,2.427437901496887,3.0,3.0,3.0,3.0,3.0,3.0,3.0,3.0,3.0,3.0,3.0,3.0,3.0,3.0,3.0,3.0,3.0,3.0,3.0,3.0,0.05,0.05,0.05,0.05,0.05,0.05,0.05,0.05,0.05,0.05,0.05,0.05,0.05,0.05,0.05,0.05,0.05,0.05,0.05,0.05,0.0,0.0,0.0,0.0,0.0,0.0,0.0,0.0,0.0,0.0,0.0,0.0,0.0,0.0,0.0,0.0,0.0,0.0,0.0,0.0,0.8515452742576599,0.1932850480079651,0.25856804847717285,0.5102988481521606,0.8115872740745544,0.11948120594024658,0.3019995093345642,0.4779587388038635,0.9679654240608215,-0.011434746906161308,0.9757070541381836,0.7647543549537659,0.9683110117912292,0.03626934066414833,0.9341989755630493,0.8703526258468628,0.8757310509681702,-0.1168719008564949,0.9054057598114014,0.8397499918937683,-0.6981253623962402,-2.826707810163498,-0.06312131881713867,0.7881700992584229,2.540382742881775,1.2041857466101646,1.3641372323036194,2.1397531032562256,2.3643195629119873,0.8854525163769722,-2.7538731694221497,0.4335865378379822,1.3605430722236633,0.4844002425670624,-1.62992924451828,0.18997341394424438,0.11502951383590698,-0.8326195180416107,3.901359438896179,2.3781299591064453,3.0,3.0,3.0,3.0,3.0,3.0,3.0,3.0,3.0,3.0,3.0,3.0,3.0,3.0,3.0,3.0,3.0,3.0,3.0,3.0,0.05,0.05,0.05,0.05,0.05,0.05,0.05,0.05,0.05,0.05,0.05,0.05,0.05,0.05,0.05,0.05,0.05,0.05,0.05,0.05,0.0,0.0,0.0,0.0,0.0,0.0,0.0,0.0,0.0,0.0,0.0,0.0,0.0,0.0,0.0,0.0,0.0,0.0,0.0,0.0
0.9859278798103333,0.43712738156318665,0.21833738684654236,0.6319853067398071,0.9418070316314697,0.004132813308387995,0.21858927607536316,0.5570099353790283,0.8931959867477417,0.10506906360387802,0.9263110756874084,0.7972130179405212,0.9431535601615906,0.021279100328683853,0.9842140078544617,0.873649001121521,0.8869261741638184,0.020441362634301186,1.0084904432296753,0.8508616089820862,1.715630292892456,-0.2725459635257721,-0.7652763277292252,0.12060403823852539,3.3866196870803833,0.4369374946691096,1.7493180930614471,3.2150238752365112,2.151280641555786,0.09564235806465149,-1.4795586466789246,0.7330477237701416,0.9295880794525146,0.023515615612268448,0.8792459964752197,1.6845524311065674,0.5960062146186829,0.08052773773670197,2.645830810070038,2.4616122245788574,3.0,3.0,3.0,3.0,3.0,3.0,3.0,3.0,3.0,3.0,3.0,3.0,3.0,3.0,3.0,3.0,3.0,3.0,3.0,3.0,0.05,0.05,0.05,0.05,0.05,0.05,0.05,0.05,0.05,0.05,0.05,0.05,0.05,0.05,0.05,0.05,0.05,0.05,0.05,0.05,0.0,0.0,0.0,0.0,0.0,0.0,0.0,0.0,0.0,0.0,0.0,0.0,0.0,0.0,0.0,0.0,0.0,0.0,0.0,0.0,0.8352656960487366,0.1442648470401764,0.25916218757629395,0.5243235230445862,0.8518341183662415,0.14363667368888855,0.32614758610725403,0.5212923884391785,1.0103974342346191,0.0065332576632499695,0.9227791428565979,0.7778732776641846,0.9940434098243713,0.046248909085989,0.9055784940719604,0.8767707347869873,0.8693230748176575,-0.13755984604358673,0.9889035224914551,0.8909325003623962,-0.9241744875907898,-2.091754227876663,0.01484602689743042,0.7468611001968384,1.6820088028907776,1.2541070580482483,1.135527342557907,2.140679955482483,2.028556168079376,0.9155600797384977,-2.5100678205490112,0.7712841033935547,1.2078240513801575,0.49903448671102524,-1.3473063707351685,0.35184770822525024,-0.5118802189826965,-1.2068217620253563,4.383265972137451,2.685774862766266,3.0,3.0,3.0,3.0,3.0,3.0,3.0,3.0,3.0,3.0,3.0,3.0,3.0,3.0,3.0,3.0,3.0,3.0,3.0,3.0,0.05,0.05,0.05,0.05,0.05,0.05,0.05,0.05,0.05,0.05,0.05,0.05,0.05,0.05,0.05,0.05,0.05,0.05,0.05,0.05,0.0,0.0,0.0,0.0,0.0,0.0,0.0,0.0,0.0,0.0,0.0,0.0,0.0,0.0,0.0,0.0,0.0,0.0,0.0,0.0
1.0165371894836426,0.4336908459663391,0.20368756353855133,0.633305013179779,1.0027698278427124,0.01289016380906105,0.2549477815628052,0.6249141097068787,0.9328083992004395,0.10526971518993378,0.8891385793685913,0.8109921216964722,0.9589083790779114,0.021396663039922714,0.995049238204956,0.9053686857223511,0.8939164876937866,0.022462517023086548,1.0626693964004517,0.899278998374939,1.5413716435432434,-0.03611743450164795,-0.7278189063072205,0.0017523765563964844,2.687901258468628,0.5355408298783004,1.6821466386318207,3.4167587757110596,1.8026232719421387,0.0687798485159874,-2.192036807537079,0.6475523114204407,0.7244139909744263,-0.022796494886279106,0.3026306629180908,1.5550345182418823,0.19467175006866455,-0.0014787539839744568,2.5814950466156006,2.283307909965515,3.0,3.0,3.0,3.0,3.0,3.0,3.0,3.0,3.0,3.0,3.0,3.0,3.0,3.0,3.0,3.0,3.0,3.0,3.0,3.0,0.05,0.05,0.05,0.05,0.05,0.05,0.05,0.05,0.05,0.05,0.05,0.05,0.05,0.05,0.05,0.05,0.05,0.05,0.05,0.05,0.0,0.0,0.0,0.0,0.0,0.0,0.0,0.0,0.0,0.0,0.0,0.0,0.0,0.0,0.0,0.0,0.0,0.0,0.0,0.0,0.8145782947540283,0.10961487889289856,0.25916188955307007,0.5401732921600342,0.8788676261901855,0.1696454882621765,0.3474206030368805,0.5635859370231628,1.0491076707839966,0.0251876562833786,0.8753043413162231,0.7956057190895081,1.0166239738464355,0.05623072013258934,0.8803067207336426,0.8844265341758728,0.8552558422088623,-0.16514477133750916,1.0807363986968994,0.947180986404419,-1.0020509362220764,-1.508757844567299,-0.108279287815094,0.6143942475318909,1.349593698978424,1.132044941186905,1.1359713971614838,2.0203620195388794,1.84650719165802,0.9179636836051941,-2.1747931838035583,0.8219122886657715,1.0393336415290833,0.49806302413344383,-1.2066617608070374,0.3081962466239929,-1.0563969612121582,-1.3485807925462723,4.035487771034241,2.5421008467674255,3.0,3.0,3.0,3.0,3.0,3.0,3.0,3.0,3.0,3.0,3.0,3.0,3.0,3.0,3.0,3.0,3.0,3.0,3.0,3.0,0.05,0.05,0.05,0.05,0.05,0.05,0.05,0.05,0.05,0.05,0.05,0.05,0.05,0.05,0.05,0.05,0.05,0.05,0.05,0.05,0.0,0.0,0.0,0.0,0.0,0.0,0.0,0.0,0.0,0.0,0.0,0.0,0.0,0.0,0.0,0.0,0.0,0.0,0.0,0.0
1.047582745552063,0.4356826841831207,0.18922463059425354,0.632055401802063,1.0493230819702148,0.025554446503520012,0.285875141620636,0.6936802864074707,0.9653009176254272,0.10782025754451752,0.8386296033859253,0.8231151103973389,0.9721301198005676,0.02036724053323269,0.9963192343711853,0.9358503818511963,0.8947130441665649,0.020382212474942207,1.1117502450942993,0.9421939253807068,1.6985327005386353,0.20648017525672913,-0.6636004894971848,-0.1290157437324524,1.962125301361084,0.7861467078328133,1.1908330023288727,3.0768632888793945,1.2617841362953186,0.23414716124534607,-2.4945437908172607,0.5411028861999512,0.40833503007888794,-0.04537808708846569,0.003598630428314209,1.436646282672882,-0.10026246309280396,-0.17828745767474174,1.9111782312393188,1.800692081451416,3.0,3.0,3.0,3.0,3.0,3.0,3.0,3.0,3.0,3.0,3.0,3.0,3.0,3.0,3.0,3.0,3.0,3.0,3.0,3.0,0.05,0.05,0.05,0.05,0.05,0.05,0.05,0.05,0.05,0.05,0.05,0.05,0.05,0.05,0.05,0.05,0.05,0.05,0.05,0.05,0.0,0.0,0.0,0.0,0.0,0.0,0.0,0.0,0.0,0.0,0.0,0.0,0.0,0.0,0.0,0.0,0.0,0.0,0.0,0.0,0.7951836585998535,0.08391453325748444,0.2548310160636902,0.5488992929458618,0.9058178663253784,0.18891847133636475,0.3715864419937134,0.6021068692207336,1.08425772190094,0.04325180500745773,0.8357874155044556,0.8107497692108154,1.0356167554855347,0.06617143005132675,0.857312023639679,0.889098584651947,0.8270671963691711,-0.19150307774543762,1.1503230333328247,0.9926165342330933,-0.8442848920822144,-1.0787572711706161,-0.495225191116333,-0.3320559859275818,1.4888912439346313,0.8681498467922211,1.5053503215312958,1.9375979900360107,1.7054110765457153,0.8296109735965729,-1.8733352422714233,0.5877956748008728,0.8448362350463867,0.5676724947988987,-1.21413916349411,0.04199892282485962,-2.230413258075714,-1.2405723333358765,2.34869122505188,1.672622561454773,3.0,3.0,3.0,3.0,3.0,3.0,3.0,3.0,3.0,3.0,3.0,3.0,3.0,3.0,3.0,3.0,3.0,3.0,3.0,3.0,0.05,0.05,0.05,0.05,0.05,0.05,0.05,0.05,0.05,0.05,0.05,0.05,0.05,0.05,0.05,0.05,0.05,0.05,0.05,0.05,0.0,0.0,0.0,0.0,0.0,0.0,0.0,0.0,0.0,0.0,0.0,0.0,0.0,0.0,0.0,0.0,0.0,0.0,0.0,0.0
1.084478497505188,0.4419500529766083,0.17714354395866394,0.628144383430481,1.0812548398971558,0.04433603212237358,0.3025811016559601,0.7479886412620544,0.9832797646522522,0.11463560163974762,0.7893568277359009,0.8326362371444702,0.9752417802810669,0.019581539556384087,0.9951931834220886,0.9628345370292664,0.8899059891700745,0.015331018716096878,1.1391165256500244,0.9713066816329956,2.050471305847168,0.4508398473262787,-0.6172750145196908,-0.3573313355445834,1.246577501296997,1.0975322220474464,0.5396842956542969,2.426525950431821,0.6590932607650757,0.4480317234992974,-2.430666983127588,0.3924652934074374,-0.0316619873046875,-0.006172247231006709,-0.07561594247817993,1.2838244438171358,-0.280331075191495,-0.3827283391728988,0.8107095956802368,1.1267349123954773,3.0,3.0,3.0,3.0,3.0,3.0,3.0,3.0,3.0,3.0,3.0,3.0,3.0,3.0,3.0,3.0,3.0,3.0,3.0,3.0,0.05,0.05,0.05,0.05,0.05,0.05,0.05,0.05,0.05,0.05,0.05,0.05,0.05,0.05,0.05,0.05,0.05,0.05,0.05,0.05,0.0,0.0,0.0,0.0,0.0,0.0,0.0,0.0,0.0,0.0,0.0,0.0,0.0,0.0,0.0,0.0,0.0,0.0,0.0,0.0,0.7808068990707397,0.06646458804607391,0.23935288190841675,0.5268910527229309,0.9384232759475708,0.20437148213386536,0.4076346158981323,0.6410898566246033,1.1173241138458252,0.058372095227241516,0.8003709316253662,0.819117546081543,1.050417423248291,0.07893761992454529,0.8317411541938782,0.8861064910888672,0.7660393118858337,-0.2147676646709442,1.1746840476989746,1.0140858888626099,-0.6335526704788208,-0.753849744796753,-0.9925372898578616,-1.581674069166178,1.575322449207303,0.5541369318962097,2.1804757416248224,2.0081758499145423,1.6280382871627752,0.6559725850820535,-1.7461955547332764,0.17127841711044312,0.6380677223205511,0.6343437358736977,-1.3859406113624544,-0.41658282279967984,-3.469467163085935,-0.8454788476228721,0.0147551298141535,0.2215325832366999,3.0,3.0,3.0,3.0,3.0,3.0,3.0,3.0,3.0,3.0,3.0,3.0,3.0,3.0,3.0,3.0,3.0,3.0,3.0,3.0,0.05,0.05,0.05,0.05,0.05,0.05,0.05,0.05,0.05,0.05,0.05,0.05,0.05,0.05,0.05,0.05,0.05,0.05,0.05,0.05,0.0,0.0,0.0,0.0,0.0,0.0,0.0,0.0,0.0,0.0,0.0,0.0,0.0,0.0,0.0,0.0,0.0,0.0,0.0,0.0
1.1296015977859497,0.4537162780761719,0.1645336300134659,0.6177621483802797,1.0991861820220947,0.06945573538541787,0.30746251344680786,0.7907413244247435,0.9916646480560303,0.1257415264844894,0.7414029240608218,0.8388137221336364,0.9708636403083801,0.02012035064399242,0.9932945966720581,0.9872033596038817,0.8834998011589051,0.005073078908026256,1.1441786289215088,0.9872633218765259,1.2851804494857788,0.1564517617225647,-0.376366451382637,-0.6202176213264465,0.6614476442337036,0.8637093938887119,0.1050025224685669,1.8932580947875977,0.30430853366851807,0.4214901477098465,-1.9318163394927979,0.42622536420822144,-0.31631290912628174,0.025665340945124626,-0.22647082805633545,1.0340645909309387,-0.6373628973960876,-0.38241089787334204,-0.18954575061798096,0.5321726202964783,3.0,3.0,3.0,3.0,3.0,3.0,3.0,3.0,3.0,3.0,3.0,3.0,3.0,3.0,3.0,3.0,3.0,3.0,3.0,3.0,0.05,0.05,0.05,0.05,0.05,0.05,0.05,0.05,0.05,0.05,0.05,0.05,0.05,0.05,0.05,0.05,0.05,0.05,0.05,0.05,0.0,0.0,0.0,0.0,0.0,0.0,0.0,0.0,0.0,0.0,0.0,0.0,0.0,0.0,0.0,0.0,0.0,0.0,0.0,0.0,0.7698415517807007,0.05376054346561431,0.21512952446937572,0.4856323301792147,0.9688307642936705,0.21108394861221313,0.4588054716587063,0.6824339032173153,1.149379253387451,0.06949070841073987,0.7659395933151245,0.8176009058952332,1.0611394643783567,0.09154517948627466,0.8018743991851808,0.8724352717399598,0.6882885098457338,-0.2253222316503525,1.1509132385253908,1.0014778375625613,-0.3465399146080017,0.11881664395332336,-1.0110560804605484,-2.0205512642860413,-2.09067165851593,-1.8409982323646545,4.820498824119568,4.407709836959839,1.2964963912963867,0.3806529566645622,-0.8652195334434509,-0.010375678539276123,0.9567797183990479,0.5236480385065079,-1.1298209428787231,-1.0082051157951355,-1.4435723423957825,0.5562804639339447,-1.1041462421417236,-1.8662497401237488,3.0,3.0,3.0,3.0,3.0,3.0,3.0,3.0,3.0,3.0,3.0,3.0,3.0,3.0,3.0,3.0,3.0,3.0,3.0,3.0,0.05,0.05,0.05,0.05,0.05,0.05,0.05,0.05,0.05,0.05,0.05,0.05,0.05,0.05,0.05,0.05,0.05,0.05,0.05,0.05,0.0,0.0,0.0,0.0,0.0,0.0,0.0,0.0,0.0,0.0,0.0,0.0,0.0,0.0,0.0,0.0,0.0,0.0,0.0,0.0
1.1358857154846191,0.44820812344551086,0.16208888590335846,0.6033356785774231,1.107712745666504,0.07888440787792206,0.30678120255470276,0.8237189650535583,0.9954521059989929,0.13149520754814148,0.712084174156189,0.8496852517127991,0.9625892639160156,0.02060815319418907,0.9861343502998352,1.004197120666504,0.864411473274231,3.4582801163196564e-05,1.1315346956253052,0.9925935864448547,-0.7446497678756714,-0.7369555532932281,0.025910511612891457,-0.6562724709510831,0.16324222087860107,-0.284649804234503,-0.3183037042617798,1.3390973210334804,0.07727891206741333,-0.2067686989903443,-0.6684079766273554,0.8111909031868009,-0.4428774118423462,-0.24995917920023195,-0.6043478846549988,0.575369596481326,-0.9425655007362393,-0.28266658773645853,-1.1537790298461914,-0.1379638910293579,3.0,3.0,3.0,3.0,3.0,3.0,3.0,3.0,3.0,3.0,3.0,3.0,3.0,3.0,3.0,3.0,3.0,3.0,3.0,3.0,0.05,0.05,0.05,0.05,0.05,0.05,0.05,0.05,0.05,0.05,0.05,0.05,0.05,0.05,0.05,0.05,0.05,0.05,0.05,0.05,0.0,0.0,0.0,0.0,0.0,0.0,0.0,0.0,0.0,0.0,0.0,0.0,0.0,0.0,0.0,0.0,0.0,0.0,0.0,0.0,0.7669453024864197,0.07121725380420685,0.1989106386899948,0.44606900215148926,0.8547964096069336,0.13073155283927917,0.600454568862915,0.8173982501029968,1.1691839694976807,0.073598213493824,0.7657621502876282,0.8187025189399719,1.088688611984253,0.0998835414648056,0.7865483164787292,0.8457782864570618,0.7082964181900024,-0.19251644611358643,1.1305181980133057,0.9394358992576599,-0.10393410921096802,0.8915659040212632,-0.2810336649417905,-1.8243208527565058,-7.9168528318405125,-4.511811584234238,0.9626843035221196,4.267325997352608,0.9391784667968806,0.445301458239556,0.3987044095993042,-0.07964968681335449,1.75257027149201,0.5089344456791891,-0.3736793994903592,-1.200805604457858,1.669694483280179,1.9036587327718741,-0.2387464046478327,-2.8417408466339165,3.0,3.0,3.0,3.0,3.0,3.0,3.0,3.0,3.0,3.0,3.0,3.0,3.0,3.0,3.0,3.0,3.0,3.0,3.0,3.0,0.05,0.05,0.05,0.05,0.05,0.05,0.05,0.05,0.05,0.05,0.05,0.05,0.05,0.05,0.05,0.05,0.05,0.05,0.05,0.05,0.0,0.0,0.0,0.0,0.0,0.0,0.0,0.0,0.0,0.0,0.0,0.0,0.0,0.0,0.0,0.0,0.0,0.0,0.0,0.0
1.0998156070709229,0.42423805594444275,0.16557005047798157,0.5915112495422363,1.1057158708572388,0.05806974321603775,0.29473036527633667,0.8443052172660828,0.9947558045387268,0.11747077852487564,0.7146666049957275,0.8712613582611084,0.9531485438346863,0.010121983475983143,0.9691206812858582,1.0102181434631348,0.8457971811294556,-0.006233584601432085,1.0980274677276611,0.9817447662353516,-2.4780958890914917,-1.1408567428588867,0.3728114068508148,-0.8142083883285522,-0.3841191530227661,-1.3382820412516594,-0.929674506187439,0.6476253271102905,-0.12191534042358398,-1.1167902499437332,0.4560306668281555,0.9364604949951172,-0.1620665192604065,-1.055932231247425,-1.1544376611709595,-0.10355114936828613,-0.5953192710876465,-0.7626519305631518,-2.27682888507843,-1.1479750275611877,3.0,3.0,3.0,3.0,3.0,3.0,3.0,3.0,3.0,3.0,3.0,3.0,3.0,3.0,3.0,3.0,3.0,3.0,3.0,3.0,0.05,0.05,0.05,0.05,0.05,0.05,0.05,0.05,0.05,0.05,0.05,0.05,0.05,0.05,0.05,0.05,0.05,0.05,0.05,0.05,0.0,0.0,0.0,0.0,0.0,0.0,0.0,0.0,0.0,0.0,0.0,0.0,0.0,0.0,0.0,0.0,0.0,0.0,0.0,0.0,0.765684187412262,0.08942317962646484,0.2038881778717041,0.41265949606895447,0.65215665102005,0.030611485242843628,0.49731284379959106,0.8531269431114197,1.1869463920593262,0.08730276674032211,0.7818877696990967,0.814414918422699,1.131242275238037,0.11190255731344223,0.7869272232055664,0.8244030475616455,0.7550762891769409,-0.14917588233947754,1.1413633823394775,0.8878082036972046,0.39392709732055664,0.7509421557188034,0.3925073891878128,-2.4595804512500763,-9.119092673063278,-4.505810886621475,-5.171476304531097,0.7226243615150452,1.1878550052642822,0.4629189148545265,1.1006653308868408,-0.05659162998199463,2.3001760244369507,0.44454969465732574,0.4051506519317627,-0.7969051599502563,3.2414600253105164,2.3813020437955856,1.1450141668319702,-2.1151751279830933,3.0,3.0,3.0,3.0,3.0,3.0,3.0,3.0,3.0,3.0,3.0,3.0,3.0,3.0,3.0,3.0,3.0,3.0,3.0,3.0,0.05,0.05,0.05,0.05,0.05,0.05,0.05,0.05,0.05,0.05,0.05,0.05,0.05,0.05,0.05,0.05,0.05,0.05,0.05,0.05,0.0,0.0,0.0,0.0,0.0,0.0,0.0,0.0,0.0,0.0,0.0,0.0,0.0,0.0,0.0,0.0,0.0,0.0,0.0,0.0
1.0367618799209595,0.4025738537311554,0.17700134217739105,0.570767343044281,1.0923479795455933,0.025353126227855682,0.2695942223072052,0.84962397813797,0.9905754923820496,0.08682359755039215,0.7303254008293152,0.8871436715126038,0.9561066031455994,-0.02162913605570793,0.9399568438529968,1.0000550746917725,0.8405987024307251,-0.030471494421362877,1.040461540222168,0.9466745853424072,-2.8183713555336,-0.6062924861907959,0.7160857319831848,-1.521328091621399,-1.2797147035598755,-1.7097774893045425,-1.5016011893749237,0.04924386739730835,-0.23790597915649414,-1.4328926801681519,0.49209892749786377,0.5433663725852966,0.04518628120422363,-1.3532323064282537,-1.5770718455314636,-0.6355702877044678,-0.2649635076522827,-1.1012250441126525,-2.8289571404457092,-1.7869755625724792,3.0,3.0,3.0,3.0,3.0,3.0,3.0,3.0,3.0,3.0,3.0,3.0,3.0,3.0,3.0,3.0,3.0,3.0,3.0,3.0,0.05,0.05,0.05,0.05,0.05,0.05,0.05,0.05,0.05,0.05,0.05,0.05,0.05,0.05,0.05,0.05,0.05,0.05,0.05,0.05,0.0,0.0,0.0,0.0,0.0,0.0,0.0,0.0,0.0,0.0,0.0,0.0,0.0,0.0,0.0,0.0,0.0,0.0,0.0,0.0,0.7827023863792419,0.10125494003295898,0.21461093425750732,0.3476857841014862,0.49003270268440247,-0.049500882625579834,0.39359551668167114,0.8463032245635986,1.216698169708252,0.09211497008800507,0.8097887635231018,0.8164388537406921,1.180695652961731,0.11766552925109863,0.8027543425559998,0.8139020800590515,0.8379548192024231,-0.097264364361763,1.1763187646865845,0.8548288941383362,0.4449218511581421,0.4206739366054535,0.7093649357557297,-1.3928711414337158,-7.295762002468109,-3.6053048446774483,-4.605597257614136,-2.982071042060852,1.4128059148788452,0.21690893918275833,2.0131587982177734,0.3014281392097473,2.594730257987976,0.20889583975076675,1.3511329889297485,-0.17807483673095703,4.458831250667572,2.2907682694494724,1.4233767986297607,-1.7580404877662659,3.0,3.0,3.0,3.0,3.0,3.0,3.0,3.0,3.0,3.0,3.0,3.0,3.0,3.0,3.0,3.0,3.0,3.0,3.0,3.0,0.05,0.05,0.05,0.05,0.05,0.05,0.05,0.05,0.05,0.05,0.05,0.05,0.05,0.05,0.05,0.05,0.05,0.05,0.05,0.05,0.0,0.0,0.0,0.0,0.0,0.0,0.0,0.0,0.0,0.0,0.0,0.0,0.0,0.0,0.0,0.0,0.0,0.0,0.0,0.0
0.9870807528495789,0.3999863564968109,0.19421347975730896,0.5306581258773804,1.0545272827148438,-0.010321356356143951,0.23466631770133972,0.8462749719619751,0.985239565372467,0.06015507131814957,0.7343505620956421,0.8929960131645203,0.9549559950828552,-0.044007308781147,0.9060378074645996,0.984795331954956,0.8351986408233643,-0.05028258636593819,0.9848691821098328,0.9102657437324524,-1.8497362732887268,0.23681148886680603,0.9237024933099747,-1.9530899822711945,-2.2642284631729126,-1.2447618879377842,-1.8879972398281097,-0.43583810329437256,-0.3945186734199524,-1.1938245967030525,-0.15341788530349731,0.03292262554168701,-0.1617521047592163,-1.0874521918594837,-2.024461328983307,-1.0081946849822998,-0.21260380744934082,-0.9743912611156702,-2.959957718849182,-2.069723606109619,3.0,3.0,3.0,3.0,3.0,3.0,3.0,3.0,3.0,3.0,3.0,3.0,3.0,3.0,3.0,3.0,3.0,3.0,3.0,3.0,0.05,0.05,0.05,0.05,0.05,0.05,0.05,0.05,0.05,0.05,0.05,0.05,0.05,0.05,0.05,0.05,0.05,0.05,0.05,0.05,0.0,0.0,0.0,0.0,0.0,0.0,0.0,0.0,0.0,0.0,0.0,0.0,0.0,0.0,0.0,0.0,0.0,0.0,0.0,0.0,0.7834810614585876,0.10625013709068298,0.2322627753019333,0.35694465041160583,0.3603261709213257,-0.1136007085442543,0.31308895349502563,0.7338441014289856,1.24345862865448,0.09597912430763245,0.8624141216278076,0.8264720439910889,1.2350314855575562,0.1202583909034729,0.8409725427627563,0.8172800540924072,0.9334295392036438,-0.05754515156149864,1.198298454284668,0.817486584186554,0.13956427574157715,0.4764467477798462,0.9753435850143433,-0.1188226044178009,-5.823938548564911,-2.7778957039117813,-3.614615276455879,-5.6771039962768555,1.071709394454956,0.2730298787355423,2.6294246315956116,0.486050546169281,2.603420615196228,0.14117136597633362,2.048976719379425,0.3139093518257141,4.557342827320099,1.7122486606240273,1.0113269090652466,-1.6872510313987732,3.0,3.0,3.0,3.0,3.0,3.0,3.0,3.0,3.0,3.0,3.0,3.0,3.0,3.0,3.0,3.0,3.0,3.0,3.0,3.0,0.05,0.05,0.05,0.05,0.05,0.05,0.05,0.05,0.05,0.05,0.05,0.05,0.05,0.05,0.05,0.05,0.05,0.05,0.05,0.05,0.0,0.0,0.0,0.0,0.0,0.0,0.0,0.0,0.0,0.0,0.0,0.0,0.0,0.0,0.0,0.0,0.0,0.0,0.0,0.0
0.9627724289894104,0.41204631328582764,0.21394944190979004,0.4926437437534332,1.0017788410186768,-0.024437349289655685,0.1940743327140808,0.8321904540061951,0.9747947454452515,0.03907061368227005,0.7241886854171753,0.8884605765342712,0.9496365189552307,-0.06512722373008728,0.8589783906936646,0.9597272872924805,0.8320945501327515,-0.06944714486598969,0.9220632314682007,0.8638856410980225,-1.2670800089836065,0.4709132015705095,0.9195629507303223,-1.661985367536542,-2.9047071933746227,-0.4156031645834446,-1.8848396837711285,-0.8663952350616427,-0.3129616379737854,-0.9123180992901307,-0.4259973764419528,-0.22239089012145996,0.012898445129394531,-0.9018838405609113,-2.1421328186988804,-1.1940702795982332,0.007332861423492432,-0.852539483457802,-2.9464557766914283,-2.255193889141077,3.0,3.0,3.0,3.0,3.0,3.0,3.0,3.0,3.0,3.0,3.0,3.0,3.0,3.0,3.0,3.0,3.0,3.0,3.0,3.0,0.05,0.05,0.05,0.05,0.05,0.05,0.05,0.05,0.05,0.05,0.05,0.05,0.05,0.05,0.05,0.05,0.05,0.05,0.05,0.05,0.0,0.0,0.0,0.0,0.0,0.0,0.0,0.0,0.0,0.0,0.0,0.0,0.0,0.0,0.0,0.0,0.0,0.0,0.0,0.0,0.788284957408905,0.12031280994415283,0.25362467765808105,0.34293287992477417,0.25707516074180603,-0.1606167107820511,0.24901090562343597,0.6192190647125244,1.2595665454864502,0.10303616523742676,0.9149657487869263,0.8358808755874634,1.28483247756958,0.12331238389015198,0.8847134113311768,0.8264584541320801,1.020248532295227,-0.02877441793680191,1.2167718410491943,0.7873388528823853,0.1648545265197754,0.7841151207685443,0.9569067507982226,-1.1496953666210132,-4.473079368472091,-1.8588019534945466,-2.829295396804804,-5.4725363850593425,0.198480486869812,0.3947677090764035,2.609205245971674,0.46932399272918424,1.8001645803451538,0.2414911985397325,2.1012574434280338,0.5564540624618503,3.507433831691736,1.4043031260371177,0.7321089506149236,-1.3177037239074707,3.0,3.0,3.0,3.0,3.0,3.0,3.0,3.0,3.0,3.0,3.0,3.0,3.0,3.0,3.0,3.0,3.0,3.0,3.0,3.0,0.05,0.05,0.05,0.05,0.05,0.05,0.05,0.05,0.05,0.05,0.05,0.05,0.05,0.05,0.05,0.05,0.05,0.05,0.05,0.05,0.0,0.0,0.0,0.0,0.0,0.0,0.0,0.0,0.0,0.0,0.0,0.0,0.0,0.0,0.0,0.0,0.0,0.0,0.0,0.0
0.9363975524902346,0.4188228845596313,0.23099599778652186,0.4641787111759187,0.9383389949798588,-0.026945482939481735,0.15927273035049458,0.8116191625595094,0.9727210998535156,0.02366234734654434,0.717310667037964,0.8841003775596619,0.955471932888031,-0.08008266240358346,0.8203524947166444,0.9370325207710267,0.835491955280304,-0.08438416570425027,0.8670109510421756,0.8200579881668093,-1.436614990234375,0.4186771810054779,0.6034649908542633,-1.0886579751968384,-3.4736916422843933,0.1653352752327919,-1.549706980586052,-1.3112500309944153,-0.0007212162017822266,-0.662241829559207,-0.2853810787200928,-0.23100674152374268,0.4035651683807373,-0.6441259756684303,-1.8380507826805115,-1.1281996965408325,0.2806127071380615,-0.6154781207442284,-2.6321962475776672,-2.1781787276268005,3.0,3.0,3.0,3.0,3.0,3.0,3.0,3.0,3.0,3.0,3.0,3.0,3.0,3.0,3.0,3.0,3.0,3.0,3.0,3.0,0.05,0.05,0.05,0.05,0.05,0.05,0.05,0.05,0.05,0.05,0.05,0.05,0.05,0.05,0.05,0.05,0.05,0.05,0.05,0.05,0.0,0.0,0.0,0.0,0.0,0.0,0.0,0.0,0.0,0.0,0.0,0.0,0.0,0.0,0.0,0.0,0.0,0.0,0.0,0.0,0.7900752425193787,0.13761474192142475,0.2705390453338622,0.3109568357467653,0.18140299618244204,-0.18795278668403617,0.19991713762283347,0.5149426460266119,1.2513978481292725,0.11176983267068859,0.9667823314666746,0.8452450037002562,1.3070380687713623,0.1299180388450622,0.9250228404998777,0.8395382165908812,1.0737268924713133,-0.0013730265200139376,1.227582812309265,0.7647784352302551,-0.11455565690994263,0.9336035698652267,0.8980274200439453,-1.5006177127361298,-3.2043326646089554,-1.0338470339775085,-2.15575248003006,-4.803042113780975,-0.7620632648468018,0.3624984994530678,2.462521195411682,0.4629209637641907,0.5722284317016602,0.2619139850139618,1.8642783164978027,0.6990402936935425,1.9776910543441772,1.2049913872033358,0.45609474182128906,-0.9312570095062256,3.0,3.0,3.0,3.0,3.0,3.0,3.0,3.0,3.0,3.0,3.0,3.0,3.0,3.0,3.0,3.0,3.0,3.0,3.0,3.0,0.05,0.05,0.05,0.05,0.05,0.05,0.05,0.05,0.05,0.05,0.05,0.05,0.05,0.05,0.05,0.05,0.05,0.05,0.05,0.05,0.0,0.0,0.0,0.0,0.0,0.0,0.0,0.0,0.0,0.0,0.0,0.0,0.0,0.0,0.0,0.0,0.0,0.0,0.0,0.0
0.9053078293800354,0.42879340052604675,0.23808804154396057,0.4490974247455597,0.862831175327301,-0.01782393828034401,0.13208605349063873,0.7797404527664185,0.9747658967971802,0.012580940499901772,0.7127734422683716,0.8792203068733215,0.9657791256904602,-0.0908922627568245,0.7854563593864441,0.9145992994308472,0.8433190584182739,-0.09406626969575882,0.816775381565094,0.7767584919929504,-1.5181630849838312,0.39950013160705705,0.33314712345600267,-0.2090334892272977,-3.808864951133739,0.7157585583627224,-1.3181416317820598,-1.8992915749549892,0.10635256767272949,-0.43513484997675006,-0.16772300004959384,-0.2675935626029968,0.6000220775604248,-0.4245940595865267,-1.678146421909335,-1.132075488567355,0.4930555820465088,-0.3872156143188494,-2.442526817321786,-2.194546163082128,3.0,3.0,3.0,3.0,3.0,3.0,3.0,3.0,3.0,3.0,3.0,3.0,3.0,3.0,3.0,3.0,3.0,3.0,3.0,3.0,0.05,0.05,0.05,0.05,0.05,0.05,0.05,0.05,0.05,0.05,0.05,0.05,0.05,0.05,0.05,0.05,0.05,0.05,0.05,0.05,0.0,0.0,0.0,0.0,0.0,0.0,0.0,0.0,0.0,0.0,0.0,0.0,0.0,0.0,0.0,0.0,0.0,0.0,0.0,0.0,0.7837027311325073,0.1576569527387619,0.28954577445983887,0.282908171415329,0.12890185415744781,-0.20197059214115143,0.16278080642223358,0.4270973801612854,1.2290840148925781,0.11753610521554947,1.0134665966033936,0.854397714138031,1.3077216148376465,0.13378894329071045,0.9592845439910889,0.8544200658798218,1.0993561744689941,0.01942523755133152,1.235015630722046,0.7500885725021362,-0.45395493507385254,1.0730154812335995,0.7224157452583341,-0.8382514119148295,-2.134412899613389,-0.480853021144869,-1.7476528882980402,-4.128563404083266,-1.442459225654602,0.045429356396199314,2.3701936006546074,0.5200475454330472,-0.4631549119949341,0.028705596923829513,1.8165662884712275,0.9925976395607022,0.677368044853216,0.8351232856512101,0.541228055953985,-0.34780651330947876,3.0,3.0,3.0,3.0,3.0,3.0,3.0,3.0,3.0,3.0,3.0,3.0,3.0,3.0,3.0,3.0,3.0,3.0,3.0,3.0,0.05,0.05,0.05,0.05,0.05,0.05,0.05,0.05,0.05,0.05,0.05,0.05,0.05,0.05,0.05,0.05,0.05,0.05,0.05,0.05,0.0,0.0,0.0,0.0,0.0,0.0,0.0,0.0,0.0,0.0,0.0,0.0,0.0,0.0,0.0,0.0,0.0,0.0,0.0,0.0
0.8756710290908813,0.4348028898239136,0.24432188272476196,0.4558173716068268,0.7859843969345093,0.0016848593950271606,0.10654706507921219,0.7356474995613098,0.9769752025604248,0.006256953347474337,0.7106017470359802,0.873396635055542,0.979472815990448,-0.09706642478704453,0.753226637840271,0.8917495012283325,0.8552141785621643,-0.09987279027700424,0.7693098783493042,0.7322761416435242,-0.7199302315711975,-0.1217275857925415,0.009095296263694763,0.4889741539955139,-3.5817325115203857,0.9504674468189478,-1.0479224845767021,-2.2320598363876343,0.14826059341430664,-0.21091639064252377,-0.06710439920425415,-0.29881447553634644,0.6926611065864563,-0.2343757078051567,-1.4821231365203857,-1.0773852467536926,0.5423128604888916,-0.21149422973394394,-2.25333571434021,-2.1344155073165894,3.0,3.0,3.0,3.0,3.0,3.0,3.0,3.0,3.0,3.0,3.0,3.0,3.0,3.0,3.0,3.0,3.0,3.0,3.0,3.0,0.05,0.05,0.05,0.05,0.05,0.05,0.05,0.05,0.05,0.05,0.05,0.05,0.05,0.05,0.05,0.05,0.05,0.05,0.05,0.05,0.0,0.0,0.0,0.0,0.0,0.0,0.0,0.0,0.0,0.0,0.0,0.0,0.0,0.0,0.0,0.0,0.0,0.0,0.0,0.0,0.7719170451164246,0.18053536117076874,0.29943567514419556,0.2774267792701721,0.0960264801979065,-0.20718690752983093,0.13001102209091187,0.34980010986328125,1.1936994791030884,0.11358700692653656,1.0615900754928589,0.8660469055175781,1.288511872291565,0.13106626272201538,0.9976854920387268,0.8792421221733093,1.100821614265442,0.03203190490603447,1.2492319345474243,0.750866174697876,-0.4891917109489441,0.9776771068572998,0.3557242453098297,0.22644028067588806,-1.1279579252004623,-0.08016414940357208,-1.4575639739632607,-3.481251746416092,-1.7734438180923462,-0.21196193993091583,2.1776169538497925,0.49774497747421265,-1.471179723739624,-0.19397959113121033,1.5587866306304932,1.1667400598526,-0.795409083366394,0.5226168315857649,0.29754638671875,0.01599937677383423,3.0,3.0,3.0,3.0,3.0,3.0,3.0,3.0,3.0,3.0,3.0,3.0,3.0,3.0,3.0,3.0,3.0,3.0,3.0,3.0,0.05,0.05,0.05,0.05,0.05,0.05,0.05,0.05,0.05,0.05,0.05,0.05,0.05,0.05,0.05,0.05,0.05,0.05,0.05,0.05,0.0,0.0,0.0,0.0,0.0,0.0,0.0,0.0,0.0,0.0,0.0,0.0,0.0,0.0,0.0,0.0,0.0,0.0,0.0,0.0
0.8765106201171875,0.4239242970943451,0.23845185339450836,0.46865639090538025,0.7195618748664856,0.020194759592413902,0.09016915410757065,0.6904580593109131,0.9806963205337524,0.004144284874200821,0.7100892663002014,0.8672677278518677,0.9934855699539185,-0.10026729106903076,0.7261714339256287,0.8715038895606995,0.8650115728378296,-0.10252603888511658,0.7266419529914856,0.6913818717002869,0.8448272943496704,-0.5743511021137238,-0.30390098690986633,0.2972133457660675,-3.0420124530792236,1.1123722419142723,-0.7886290550231934,-2.3443475365638733,0.2046048641204834,0.0673954258672893,-0.02882927656173706,-0.3432929515838623,0.6710633635520935,-0.005536898970603943,-1.2705326080322266,-0.9699210524559021,0.5230113863945007,-0.015993230044841766,-2.0037412643432617,-1.9645705819129944,3.0,3.0,3.0,3.0,3.0,3.0,3.0,3.0,3.0,3.0,3.0,3.0,3.0,3.0,3.0,3.0,3.0,3.0,3.0,3.0,0.05,0.05,0.05,0.05,0.05,0.05,0.05,0.05,0.05,0.05,0.05,0.05,0.05,0.05,0.05,0.05,0.05,0.05,0.05,0.05,0.0,0.0,0.0,0.0,0.0,0.0,0.0,0.0,0.0,0.0,0.0,0.0,0.0,0.0,0.0,0.0,0.0,0.0,0.0,0.0,0.7641350626945496,0.1967640370130539,0.30377474427223206,0.2919657826423645,0.08378353714942932,-0.2051771581172943,0.10447824746370316,0.2878473103046417,1.1581462621688843,0.10905762761831284,1.1005712747573853,0.8743075132369995,1.2488744258880615,0.12602975964546204,1.0216360092163086,0.9010896682739258,1.0675398111343384,0.040329910814762115,1.246917486190796,0.7507285475730896,-0.2509176731109619,0.7047593593597412,-0.013759732246398926,1.1740438640117645,-0.20406004041433334,0.20756199955940247,-1.1470220983028412,-2.7662791311740875,-1.7780095338821411,-0.24804435670375824,1.725795865058899,0.3958195447921753,-2.2408485412597656,-0.29599983245134354,0.8792534470558167,1.046687364578247,-2.071616053581238,0.32576145604252815,-0.4476010799407959,-0.05305856466293335,3.0,3.0,3.0,3.0,3.0,3.0,3.0,3.0,3.0,3.0,3.0,3.0,3.0,3.0,3.0,3.0,3.0,3.0,3.0,3.0,0.05,0.05,0.05,0.05,0.05,0.05,0.05,0.05,0.05,0.05,0.05,0.05,0.05,0.05,0.05,0.05,0.05,0.05,0.05,0.05,0.0,0.0,0.0,0.0,0.0,0.0,0.0,0.0,0.0,0.0,0.0,0.0,0.0,0.0,0.0,0.0,0.0,0.0,0.0,0.0
0.9094641208648682,0.4118288457393646,0.2321658432483673,0.4677059054374695,0.6643038988113403,0.04617974907159805,0.07500190287828445,0.6418735980987549,0.9851593971252441,0.008952770382165909,0.7094485759735107,0.8596649169921875,1.0063153505325317,-0.09728790074586868,0.7024053335189819,0.8529526591300964,0.8761346340179443,-0.10051251947879791,0.6891602277755737,0.6536933183670044,1.6549229621887207,-0.16903802752494812,-0.47734715044498444,-0.16968250274658203,-2.5843188166618347,1.428311737254262,-0.7339024916291237,-2.7889221906661987,0.14339536428451538,0.5184696521610022,0.011248886585235596,-0.42759329080581665,0.6065160036087036,0.4291694611310959,-1.1359646916389465,-0.8942678570747375,0.6374567747116089,0.3512531518936157,-1.8462643027305603,-1.920260488986969,3.0,3.0,3.0,3.0,3.0,3.0,3.0,3.0,3.0,3.0,3.0,3.0,3.0,3.0,3.0,3.0,3.0,3.0,3.0,3.0,0.05,0.05,0.05,0.05,0.05,0.05,0.05,0.05,0.05,0.05,0.05,0.05,0.05,0.05,0.05,0.05,0.05,0.05,0.05,0.05,0.0,0.0,0.0,0.0,0.0,0.0,0.0,0.0,0.0,0.0,0.0,0.0,0.0,0.0,0.0,0.0,0.0,0.0,0.0,0.0,0.7618803381919861,0.2087257355451584,0.2988852858543396,0.3243885338306427,0.08786407858133316,-0.19888442754745483,0.08413013815879822,0.23914894461631775,1.1225790977478027,0.10366523265838623,1.1306219100952148,0.8818796873092651,1.1988779306411743,0.11922626942396164,1.0328556299209595,0.9211096167564392,1.0179569721221924,0.045062363147735596,1.2313278913497925,0.7487438321113586,0.5784362554550171,0.24553537368774414,-0.6539396941661835,1.5077561140060425,1.47012397646904,1.4659740030765533,-0.22006463259458542,-2.1043874323368073,-1.6260713338851929,-0.1975707709789276,1.0557115077972412,0.18478929996490479,-2.382442355155945,-0.23010466247797012,0.42532384395599365,0.9165003895759583,-2.167902886867523,0.36988668143749237,-0.6886780261993408,-0.07423311471939087,3.0,3.0,3.0,3.0,3.0,3.0,3.0,3.0,3.0,3.0,3.0,3.0,3.0,3.0,3.0,3.0,3.0,3.0,3.0,3.0,0.05,0.05,0.05,0.05,0.05,0.05,0.05,0.05,0.05,0.05,0.05,0.05,0.05,0.05,0.05,0.05,0.05,0.05,0.05,0.05,0.0,0.0,0.0,0.0,0.0,0.0,0.0,0.0,0.0,0.0,0.0,0.0,0.0,0.0,0.0,0.0,0.0,0.0,0.0,0.0
0.9427075386047363,0.41716277599334717,0.21935796737670898,0.46186909079551697,0.6161891222000122,0.07732722908258438,0.0608130544424057,0.5789011716842651,0.9864321351051331,0.024883070960640907,0.7105392217636108,0.850163996219635,1.0177462100982666,-0.08310051262378693,0.6807328462600708,0.83573317527771,0.890509843826294,-0.08847591280937195,0.6527913808822632,0.6145714521408081,1.4175713062286348,0.2031855285167694,-0.5009967833757394,-0.3579542040824876,-2.072677016258234,1.342187821865079,-0.6446881219744667,-3.3440172672271644,-0.008034706115722656,0.7475933060049993,0.2126485109329196,-0.46902745962142667,0.6168276071548462,0.6228554993867864,-0.910723209381098,-0.6981119513511658,0.680108368396759,0.5787475034594521,-1.7905324697494478,-1.9426912069320623,3.0,3.0,3.0,3.0,3.0,3.0,3.0,3.0,3.0,3.0,3.0,3.0,3.0,3.0,3.0,3.0,3.0,3.0,3.0,3.0,0.05,0.05,0.05,0.05,0.05,0.05,0.05,0.05,0.05,0.05,0.05,0.05,0.05,0.05,0.05,0.05,0.05,0.05,0.05,0.05,0.0,0.0,0.0,0.0,0.0,0.0,0.0,0.0,0.0,0.0,0.0,0.0,0.0,0.0,0.0,0.0,0.0,0.0,0.0,0.0,0.7872725129127502,0.20658545196056366,0.2776171565055847,0.3522760272026062,0.14258849620819092,-0.14653819799423218,0.09567566215991974,0.20367181301116943,1.0931034088134766,0.10115479677915573,1.142799735069275,0.8816990852355957,1.1535767316818237,0.11682557314634323,1.0386489629745483,0.9377496838569641,0.9808236956596375,0.05512537807226181,1.2193703651428223,0.747759222984314,2.0572975277900585,-1.486692950129502,-1.2296803295612306,1.2044511735439287,4.650950990617256,3.23989782482385,3.7836786359548373,0.21391920745372217,-0.4553467035293579,-0.14724377542734077,-0.9154200553893987,-0.6246834993362399,-1.3470441102981567,0.06211977452039684,-0.2577364444732666,0.3973722457885742,-1.4734148979187012,0.5994506180286386,-0.8595287799835205,-0.3025770187377902,3.0,3.0,3.0,3.0,3.0,3.0,3.0,3.0,3.0,3.0,3.0,3.0,3.0,3.0,3.0,3.0,3.0,3.0,3.0,3.0,0.05,0.05,0.05,0.05,0.05,0.05,0.05,0.05,0.05,0.05,0.05,0.05,0.05,0.05,0.05,0.05,0.05,0.05,0.05,0.05,0.0,0.0,0.0,0.0,0.0,0.0,0.0,0.0,0.0,0.0,0.0,0.0,0.0,0.0,0.0,0.0,0.0,0.0,0.0,0.0
0.9661669731140136,0.4199562668800354,0.21212597191333774,0.45338773727417,0.581396818161011,0.09986726194620121,0.04921437799930579,0.5081129074096683,0.9848380088806152,0.03885650262236588,0.7179545164108275,0.8409038186073304,1.0309884548187256,-0.07237368077039723,0.665976405143738,0.8250281810760498,0.9033389687538147,-0.07736261934041982,0.6175389289855958,0.5759856700897219,1.0757207870483398,0.10546892881393433,-0.30321069061756134,-0.4769459366798401,-1.6614124178886414,1.0424481704831123,-0.5251157097518444,-3.2611221075057983,-0.037297606468200684,0.6432176101952791,0.33519864082336426,-0.44142603874206543,0.5835235118865967,0.4917554557323456,-0.6678074598312378,-0.47058016061782837,0.5756035447120667,0.503024086356163,-1.601843535900116,-1.7487585544586182,3.0,3.0,3.0,3.0,3.0,3.0,3.0,3.0,3.0,3.0,3.0,3.0,3.0,3.0,3.0,3.0,3.0,3.0,3.0,3.0,0.05,0.05,0.05,0.05,0.05,0.05,0.05,0.05,0.05,0.05,0.05,0.05,0.05,0.05,0.05,0.05,0.05,0.05,0.05,0.05,0.0,0.0,0.0,0.0,0.0,0.0,0.0,0.0,0.0,0.0,0.0,0.0,0.0,0.0,0.0,0.0,0.0,0.0,0.0,0.0,0.8441722393035884,0.1492580175399783,0.24969807267189037,0.37256658077239985,0.2739021182060234,-0.06928851455450083,0.23547728359699172,0.24770571291446664,1.1043652296066284,0.0977754816412926,1.094005107879639,0.8568923473358155,1.144996166229248,0.12171106040477751,1.0225461721420288,0.9370045065879822,0.9590203762054443,0.06904038786888114,1.1969467401504517,0.736640751361847,3.1711697578430176,-2.485078386962414,-1.1342842131853104,0.8985117077827454,6.758923828601837,2.7459789998829365,6.97997622191906,2.328692376613617,0.7128804922103882,-0.30873287469148636,-2.681410312652588,-1.414807140827179,-0.40054023265838623,0.24310071021318436,-1.2137174606323242,-0.3371700644493103,-0.49531757831573486,0.7370948791503906,-1.1808842420578003,-0.6678253412246704,3.0,3.0,3.0,3.0,3.0,3.0,3.0,3.0,3.0,3.0,3.0,3.0,3.0,3.0,3.0,3.0,3.0,3.0,3.0,3.0,0.05,0.05,0.05,0.05,0.05,0.05,0.05,0.05,0.05,0.05,0.05,0.05,0.05,0.05,0.05,0.05,0.05,0.05,0.05,0.05,0.0,0.0,0.0,0.0,0.0,0.0,0.0,0.0,0.0,0.0,0.0,0.0,0.0,0.0,0.0,0.0,0.0,0.0,0.0,0.0
0.9857363700866699,0.42138153314590454,0.20722953975200653,0.44279125332832336,0.5497326254844666,0.11902515590190887,0.039808426052331924,0.4484562873840332,0.984940230846405,0.05061177536845207,0.7239471673965454,0.8325069546699524,1.0410871505737305,-0.0634302943944931,0.6540205478668213,0.8169099688529968,0.9135339856147766,-0.06835494935512543,0.5887176394462585,0.5446211099624634,0.877377390861514,0.0718139111995697,-0.2619311213493354,-0.46269819140434404,-1.429536938667303,0.9086528792977361,-0.44570006430149234,-2.8923764824867333,-0.050127506256103516,0.5536095239222067,0.236527621746066,-0.4698142409324674,0.3775984048843384,0.4510816186666499,-0.4287570714950617,-0.24186521768569946,0.48821866512298584,0.41814446449279924,-1.3555347919464138,-1.4299929141998347,3.0,3.0,3.0,3.0,3.0,3.0,3.0,3.0,3.0,3.0,3.0,3.0,3.0,3.0,3.0,3.0,3.0,3.0,3.0,3.0,0.05,0.05,0.05,0.05,0.05,0.05,0.05,0.05,0.05,0.05,0.05,0.05,0.05,0.05,0.05,0.05,0.05,0.05,0.05,0.05,0.0,0.0,0.0,0.0,0.0,0.0,0.0,0.0,0.0,0.0,0.0,0.0,0.0,0.0,0.0,0.0,0.0,0.0,0.0,0.0,0.914119303226471,0.10718231648206711,0.2322457879781723,0.388216495513916,0.4129454493522644,-0.03669903799891472,0.37487471103668213,0.2968195080757141,1.121618628501892,0.08880548179149628,1.0355433225631714,0.8251067996025085,1.1375551223754883,0.1265496015548706,0.9901002645492554,0.9242628812789917,0.9610109925270081,0.08460917323827744,1.1721349954605103,0.7210462093353271,3.1223684549331776,-1.8899537622928688,-0.4225753247737912,0.9535640478134169,5.187570303678532,1.3184797018766465,5.641502514481564,1.9260298460722025,0.5661487579345703,-0.5362674593925483,-2.9179304838180595,-1.5923276543617275,-0.5419522523880005,0.017085857689380993,-1.7459467053413391,-0.7444098591804504,0.12957453727722168,0.5120687186718008,-1.2099415063858032,-0.7680594921112088,3.0,3.0,3.0,3.0,3.0,3.0,3.0,3.0,3.0,3.0,3.0,3.0,3.0,3.0,3.0,3.0,3.0,3.0,3.0,3.0,0.05,0.05,0.05,0.05,0.05,0.05,0.05,0.05,0.05,0.05,0.05,0.05,0.05,0.05,0.05,0.05,0.05,0.05,0.05,0.05,0.0,0.0,0.0,0.0,0.0,0.0,0.0,0.0,0.0,0.0,0.0,0.0,0.0,0.0,0.0,0.0,0.0,0.0,0.0,0.0
1.0012620687484741,0.4228288233280182,0.20164872705936432,0.4348798096179962,0.5242153406143188,0.13621337711811066,0.031386375427246094,0.392417848110199,0.9828329086303711,0.06100088357925415,0.7274156212806702,0.8221112489700317,1.0460923910140991,-0.05433041602373123,0.6488261222839355,0.8153535723686218,0.9228677153587341,-0.060636840760707855,0.5633175373077393,0.5187859535217285,0.6756216287612915,-0.035124272108078,-0.2721298485994339,-0.3172844648361206,-1.31918266415596,0.8765239268541336,-0.36405548453330994,-2.636389434337616,-0.11516064405441284,0.48727625980973244,0.13271719217300415,-0.5017980933189392,0.18160641193389893,0.4281025379896164,-0.18021464347839355,-0.01538693904876709,0.4357278347015381,0.3607453778386116,-1.1621087789535522,-1.1609792709350586,3.0,3.0,3.0,3.0,3.0,3.0,3.0,3.0,3.0,3.0,3.0,3.0,3.0,3.0,3.0,3.0,3.0,3.0,3.0,3.0,0.05,0.05,0.05,0.05,0.05,0.05,0.05,0.05,0.05,0.05,0.05,0.05,0.05,0.05,0.05,0.05,0.05,0.05,0.05,0.05,0.0,0.0,0.0,0.0,0.0,0.0,0.0,0.0,0.0,0.0,0.0,0.0,0.0,0.0,0.0,0.0,0.0,0.0,0.0,0.0,0.9690669775009155,0.07365986704826355,0.23279505968093872,0.4107091426849365,0.4814049303531647,-0.016549326479434967,0.4611373841762543,0.32474690675735474,1.1270111799240112,0.07632478326559067,0.9772878885269165,0.7931992411613464,1.123318076133728,0.12239449471235275,0.9527083039283752,0.9072281122207642,0.9642033576965332,0.08952313661575317,1.1485490798950195,0.7059183716773987,2.3482248187065125,-1.1655895039439201,0.4147317260503769,1.3245582580566406,2.099160850048065,0.8571303449571133,3.0530698597431183,0.8180387318134308,0.07233023643493652,-0.7263747975230217,-2.8339311480522156,-1.5982478857040405,-0.8221983909606934,-0.35285260528326035,-1.9789829850196838,-0.9765163064002991,0.10588020086288452,-0.029677338898181915,-1.1671841144561768,-0.7491216063499451,3.0,3.0,3.0,3.0,3.0,3.0,3.0,3.0,3.0,3.0,3.0,3.0,3.0,3.0,3.0,3.0,3.0,3.0,3.0,3.0,0.05,0.05,0.05,0.05,0.05,0.05,0.05,0.05,0.05,0.05,0.05,0.05,0.05,0.05,0.05,0.05,0.05,0.05,0.05,0.05,0.0,0.0,0.0,0.0,0.0,0.0,0.0,0.0,0.0,0.0,0.0,0.0,0.0,0.0,0.0,0.0,0.0,0.0,0.0,0.0
1.0127612352371216,0.4199765622615814,0.19634434580802917,0.43009987473487854,0.49696531891822815,0.15408611297607422,0.025246206670999527,0.34300071001052856,0.9803338050842285,0.07010282576084137,0.7292558550834656,0.8124350309371948,1.0483514070510864,-0.04630619287490845,0.6468119621276855,0.8162944912910461,0.9309630990028381,-0.05392513424158096,0.5422332882881165,0.49818193912506104,-0.5464032292366028,-0.061518698930740356,0.011392682790756226,-0.7932931184768677,-1.2071840465068817,0.3451194614171982,-0.23505003191530704,-2.2991180419921875,-0.3222450613975525,0.10305847972631454,0.14485716819763184,-0.45086443424224854,-0.17127394676208496,0.12828633189201355,-0.1897469162940979,0.05252361297607422,0.2583920955657959,0.13285502791404724,-1.1752352118492126,-1.009988784790039,3.0,3.0,3.0,3.0,3.0,3.0,3.0,3.0,3.0,3.0,3.0,3.0,3.0,3.0,3.0,3.0,3.0,3.0,3.0,3.0,0.05,0.05,0.05,0.05,0.05,0.05,0.05,0.05,0.05,0.05,0.05,0.05,0.05,0.05,0.05,0.05,0.05,0.05,0.05,0.05,0.0,0.0,0.0,0.0,0.0,0.0,0.0,0.0,0.0,0.0,0.0,0.0,0.0,0.0,0.0,0.0,0.0,0.0,0.0,0.0,1.0080482959747314,0.0605587363243103,0.24883505702018738,0.44119882583618164,0.496911883354187,-0.002413824200630188,0.49699750542640686,0.32954105734825134,1.1245118379592896,0.05975048989057541,0.9221860766410828,0.7611768841743469,1.1046671867370605,0.11243549734354019,0.910940945148468,0.8852022290229797,0.9652462005615234,0.08342207968235016,1.1254476308822632,0.6910813450813293,1.6327530145645142,-0.3273290582001209,0.893818587064743,1.3514526188373566,-0.36573633551597595,0.5188976414501667,0.816219300031662,-0.2054564654827118,0.043830275535583496,-0.7606616243720055,-2.1414145827293396,-1.2798652052879333,-0.666511058807373,-0.5322672426700592,-1.7290040850639343,-0.9626522660255432,0.06469488143920898,-0.47175195068120956,-1.0200321674346924,-0.6505042314529419,3.0,3.0,3.0,3.0,3.0,3.0,3.0,3.0,3.0,3.0,3.0,3.0,3.0,3.0,3.0,3.0,3.0,3.0,3.0,3.0,0.05,0.05,0.05,0.05,0.05,0.05,0.05,0.05,0.05,0.05,0.05,0.05,0.05,0.05,0.05,0.05,0.05,0.05,0.05,0.05,0.0,0.0,0.0,0.0,0.0,0.0,0.0,0.0,0.0,0.0,0.0,0.0,0.0,0.0,0.0,0.0,0.0,0.0,0.0,0.0
0.97940593957901,0.4203680753707886,0.20210443437099457,0.4031480848789215,0.4759279787540436,0.15001815557479858,0.021984374150633812,0.3004531264305115,0.969943106174469,0.06512322276830673,0.7332099080085754,0.8040766716003418,1.0392414331436157,-0.04919896274805069,0.6412362456321716,0.8174545168876648,0.933203399181366,-0.055322639644145966,0.5163081288337708,0.47838640213012695,-1.7006680369377136,0.39308443665504456,0.4729658365249634,-2.022739499807358,-0.9101979434490204,-0.47303102910518646,-0.1757626887410879,-1.8580928444862366,-0.7431730628013611,-0.3225894644856453,0.15350282192230225,-0.384657084941864,-0.7115304470062256,-0.19298046827316284,-0.5046233534812927,-0.0652015209197998,-0.11721700429916382,-0.0638989731669426,-1.396649330854416,-0.9976603090763092,3.0,3.0,3.0,3.0,3.0,3.0,3.0,3.0,3.0,3.0,3.0,3.0,3.0,3.0,3.0,3.0,3.0,3.0,3.0,3.0,0.05,0.05,0.05,0.05,0.05,0.05,0.05,0.05,0.05,0.05,0.05,0.05,0.05,0.05,0.05,0.05,0.05,0.05,0.05,0.05,0.0,0.0,0.0,0.0,0.0,0.0,0.0,0.0,0.0,0.0,0.0,0.0,0.0,0.0,0.0,0.0,0.0,0.0,0.0,0.0,1.034377098083496,0.06056670472025871,0.26854780316352844,0.4647672474384308,0.46677547693252563,0.004206579178571701,0.49378615617752075,0.31652864813804626,1.1287643909454346,0.04589831829071045,0.8916313052177429,0.7420046329498291,1.096657633781433,0.10110380500555038,0.8835481405258179,0.8687220215797424,0.9667911529541016,0.07065305858850479,1.1077477931976318,0.679898202419281,1.0054796934127808,0.32090339809656143,1.0597191751003265,0.8466839790344238,-2.7562588453292847,0.3850038629025221,-1.6538135707378387,-1.4999091625213623,0.03682076930999756,-0.6135864183306694,-0.15854239463806152,-0.19390732049942017,-0.4575997591018677,-0.6196998059749603,-0.5227178335189819,-0.38738250732421875,0.11329948902130127,-0.8576693944633007,-0.5789995193481445,-0.3582954406738281,3.0,3.0,3.0,3.0,3.0,3.0,3.0,3.0,3.0,3.0,3.0,3.0,3.0,3.0,3.0,3.0,3.0,3.0,3.0,3.0,0.05,0.05,0.05,0.05,0.05,0.05,0.05,0.05,0.05,0.05,0.05,0.05,0.05,0.05,0.05,0.05,0.05,0.05,0.05,0.05,0.0,0.0,0.0,0.0,0.0,0.0,0.0,0.0,0.0,0.0,0.0,0.0,0.0,0.0,0.0,0.0,0.0,0.0,0.0,0.0
0.944734513759613,0.4356999397277832,0.2152629792690277,0.34919029474258423,0.46055740118026733,0.13516487181186676,0.01821569912135601,0.2686769962310791,0.9506068825721741,0.05719924718141556,0.7353959679603577,0.7970487475395203,1.0198901891708374,-0.05402541160583496,0.6266270279884338,0.8136864304542542,0.9262744188308716,-0.05648109316825867,0.4863673150539398,0.45827552676200867,-2.171061933040619,1.0029345750808716,0.8242424577474594,-1.629873365163803,-0.5080901086330414,-0.827367976307869,-0.11480646207928658,-1.2825693935155869,-1.2406721711158752,-0.34345071762800217,-0.08467882871627808,-0.4098653793334961,-1.1526897549629211,-0.16459766775369644,-0.9747013449668884,-0.3487721085548401,-0.5209296941757202,0.00014761462807655334,-1.6205862164497375,-1.02829709649086,3.0,3.0,3.0,3.0,3.0,3.0,3.0,3.0,3.0,3.0,3.0,3.0,3.0,3.0,3.0,3.0,3.0,3.0,3.0,3.0,0.05,0.05,0.05,0.05,0.05,0.05,0.05,0.05,0.05,0.05,0.05,0.05,0.05,0.05,0.05,0.05,0.05,0.05,0.05,0.05,0.0,0.0,0.0,0.0,0.0,0.0,0.0,0.0,0.0,0.0,0.0,0.0,0.0,0.0,0.0,0.0,0.0,0.0,0.0,0.0,1.0482674837112427,0.07339487224817276,0.29122382402420044,0.4750661849975586,0.3866615295410156,0.012986330315470695,0.4308449625968933,0.26954469084739685,1.1259846687316895,0.03520703315734863,0.9158443808555603,0.7534205913543701,1.0863631963729858,0.08764750510454178,0.8900322318077087,0.869706928730011,0.9697781801223755,0.04911530390381813,1.1022876501083374,0.6767495274543762,0.5910426378250122,0.7941023446619511,1.0362014174461365,0.12194663286209106,-4.279005527496338,0.5544538609683514,-3.525465726852417,-2.5223836302757263,-0.048357248306274414,-0.505563709884882,1.539584994316101,0.7351085543632507,-0.41986703872680664,-0.683356449007988,0.6938308477401733,0.23556649684906006,-0.10314285755157471,-1.0007700882852077,-0.22519826889038086,-0.09950101375579834,3.0,3.0,3.0,3.0,3.0,3.0,3.0,3.0,3.0,3.0,3.0,3.0,3.0,3.0,3.0,3.0,3.0,3.0,3.0,3.0,0.05,0.05,0.05,0.05,0.05,0.05,0.05,0.05,0.05,0.05,0.05,0.05,0.05,0.05,0.05,0.05,0.05,0.05,0.05,0.05,0.0,0.0,0.0,0.0,0.0,0.0,0.0,0.0,0.0,0.0,0.0,0.0,0.0,0.0,0.0,0.0,0.0,0.0,0.0,0.0
0.8925634622573853,0.46048545837402344,0.23507413268089294,0.3379531502723694,0.4556043744087219,0.11692343652248383,0.01739211566746235,0.249150350689888,0.920316219329834,0.051385194063186646,0.7298227548599243,0.787682056427002,0.9931338429450989,-0.05578286945819855,0.6022481918334961,0.8035036325454712,0.9123662114143372,-0.0553167350590229,0.45148468017578125,0.43725451827049255,-2.7625083923339844,1.2843690812587738,0.9603776037693024,-1.9988268613815308,0.21956562995910645,-0.9652258828282356,0.14962335117161274,-0.7367663085460663,-1.6586169600486755,-0.25918250903487206,-0.7045120000839233,-0.7010132074356079,-1.6098350286483765,0.025668274611234665,-1.4588460326194763,-0.6707295775413513,-0.7417812943458557,0.15616174787282944,-1.6732975840568542,-0.9939432144165039,3.0,3.0,3.0,3.0,3.0,3.0,3.0,3.0,3.0,3.0,3.0,3.0,3.0,3.0,3.0,3.0,3.0,3.0,3.0,3.0,0.05,0.05,0.05,0.05,0.05,0.05,0.05,0.05,0.05,0.05,0.05,0.05,0.05,0.05,0.05,0.05,0.05,0.05,0.05,0.05,0.0,0.0,0.0,0.0,0.0,0.0,0.0,0.0,0.0,0.0,0.0,0.0,0.0,0.0,0.0,0.0,0.0,0.0,0.0,0.0,1.0580188035964966,0.09233079850673676,0.3099958598613739,0.46964511275291443,0.2956152558326721,0.026384733617305756,0.3527675271034241,0.2156333029270172,1.1268301010131836,0.02567576989531517,0.953214704990387,0.7714089751243591,1.0798629522323608,0.07376954704523087,0.9113013744354248,0.8781446814537048,0.9626654386520386,0.03062225505709648,1.0987398624420166,0.6759181618690491,0.5054175853729248,1.4678968116641045,0.8312664926052094,-0.6651610136032104,-3.835751861333847,0.5402286071330309,-3.681543469429016,-2.4125613272190094,-0.6449878215789795,-0.5816623801365495,1.51444673538208,0.7007390260696411,-1.112261414527893,-0.7291967049241066,0.9844392538070679,0.39139389991760254,-0.92010498046875,-0.9088608436286449,-0.40718019008636475,-0.12809336185455322,3.0,3.0,3.0,3.0,3.0,3.0,3.0,3.0,3.0,3.0,3.0,3.0,3.0,3.0,3.0,3.0,3.0,3.0,3.0,3.0,0.05,0.05,0.05,0.05,0.05,0.05,0.05,0.05,0.05,0.05,0.05,0.05,0.05,0.05,0.05,0.05,0.05,0.05,0.05,0.05,0.0,0.0,0.0,0.0,0.0,0.0,0.0,0.0,0.0,0.0,0.0,0.0,0.0,0.0,0.0,0.0,0.0,0.0,0.0,0.0
0.8342341780662537,0.48707470297813416,0.2536780834197998,0.269237220287323,0.4693400263786316,0.09655583649873734,0.02420063316822052,0.23920634388923645,0.884262204170227,0.046831946820020676,0.7072154879570007,0.769008219242096,0.9554967880249023,-0.052998680621385574,0.5682731866836548,0.7868572473526001,0.8966031670570374,-0.05023462325334549,0.41943541169166565,0.4185177981853485,-2.961122989654541,0.8678890764713287,-0.14342404901981354,-3.4169264137744904,1.1106222867965698,-0.8543213829398155,0.5565432365983725,-0.3031868487596512,-1.9121363759040833,-0.1429753378033638,-1.4200493693351746,-1.0767966508865356,-2.0038455724716187,0.191598292440176,-1.8081843852996826,-0.9121596813201904,-0.8463680744171143,0.3380141220986843,-1.5275560319423676,-0.8858904242515564,3.0,3.0,3.0,3.0,3.0,3.0,3.0,3.0,3.0,3.0,3.0,3.0,3.0,3.0,3.0,3.0,3.0,3.0,3.0,3.0,0.05,0.05,0.05,0.05,0.05,0.05,0.05,0.05,0.05,0.05,0.05,0.05,0.05,0.05,0.05,0.05,0.05,0.05,0.05,0.05,0.0,0.0,0.0,0.0,0.0,0.0,0.0,0.0,0.0,0.0,0.0,0.0,0.0,0.0,0.0,0.0,0.0,0.0,0.0,0.0,1.0684841871261597,0.13211074471473694,0.3244744837284088,0.4484597444534302,0.23323145508766174,0.03459547460079193,0.28358322381973267,0.17304223775863647,1.1001851558685303,0.011940537951886654,0.9764222502708435,0.7814501523971558,1.0418727397918701,0.058479636907577515,0.9294098019599915,0.8853626847267151,0.9329739809036255,0.012760870158672333,1.0860004425048828,0.6716257929801941,-0.20081102848052979,2.2851984947919846,0.6501130759716034,-0.2791009843349457,-2.6467636227607727,0.25276821106672287,-3.1367868185043335,-1.8835671246051788,-1.8765062093734741,-0.7028061896562576,0.6455332040786743,0.22404491901397705,-2.3691967129707336,-0.7634562440216541,0.6293222308158875,0.2300843596458435,-1.5486016869544983,-0.8771120104938745,-0.7202684879302979,-0.26637911796569824,3.0,3.0,3.0,3.0,3.0,3.0,3.0,3.0,3.0,3.0,3.0,3.0,3.0,3.0,3.0,3.0,3.0,3.0,3.0,3.0,0.05,0.05,0.05,0.05,0.05,0.05,0.05,0.05,0.05,0.05,0.05,0.05,0.05,0.05,0.05,0.05,0.05,0.05,0.05,0.05,0.0,0.0,0.0,0.0,0.0,0.0,0.0,0.0,0.0,0.0,0.0,0.0,0.0,0.0,0.0,0.0,0.0,0.0,0.0,0.0
0.7741185426712036,0.4952010214328766,0.2293371707201004,0.20127609372138977,0.5000292658805847,0.0827505812048912,0.03965384513139725,0.23702287673950195,0.8438307642936707,0.045666180551052094,0.6730207800865173,0.7446101903915405,0.9129800200462341,-0.04811893776059151,0.5299208164215088,0.7670172452926636,0.8785114884376526,-0.04179617017507553,0.39038243889808655,0.4018189013004303,-3.087620437145233,0.2591229975223541,-1.8807031214237213,-3.0595239251852036,1.3393118977546692,-0.4397233948111534,0.6800317205488682,-0.07517524063587189,-1.960793137550354,0.05583716556429863,-1.9561856985092163,-1.377663016319275,-2.158580720424652,0.26345765218138695,-2.0107775926589966,-1.0808154940605164,-1.0222509503364563,0.3550122492015362,-1.4305494725704193,-0.8136242628097534,3.0,3.0,3.0,3.0,3.0,3.0,3.0,3.0,3.0,3.0,3.0,3.0,3.0,3.0,3.0,3.0,3.0,3.0,3.0,3.0,0.05,0.05,0.05,0.05,0.05,0.05,0.05,0.05,0.05,0.05,0.05,0.05,0.05,0.05,0.05,0.05,0.05,0.05,0.05,0.05,0.0,0.0,0.0,0.0,0.0,0.0,0.0,0.0,0.0,0.0,0.0,0.0,0.0,0.0,0.0,0.0,0.0,0.0,0.0,0.0,1.0499863624572754,0.18373873829841614,0.33600038290023804,0.4584810733795166,0.1897447109222412,0.03649546205997467,0.22729605436325073,0.14029061794281006,1.0517698526382446,-0.002436477690935135,0.9790360331535339,0.7803707718849182,0.9850950837135315,0.0432312972843647,0.9364742636680603,0.8873480558395386,0.9007213711738586,-0.004462225362658501,1.0699291229248047,0.6652629971504211,-3.2034069299697876,3.464999794960022,1.0713428258895874,0.2802751958370209,-1.8168680369853973,-0.4044604953378439,-2.320151776075363,-1.3588443398475647,-2.951180934906006,-0.8692585630342364,-0.5355656147003174,-0.4722669720649719,-3.2645955681800842,-0.7767366711050272,-0.2811625599861145,-0.3031983971595764,-2.299030125141144,-0.6070269737392664,-1.3157933950424194,-0.608004629611969,3.0,3.0,3.0,3.0,3.0,3.0,3.0,3.0,3.0,3.0,3.0,3.0,3.0,3.0,3.0,3.0,3.0,3.0,3.0,3.0,0.05,0.05,0.05,0.05,0.05,0.05,0.05,0.05,0.05,0.05,0.05,0.05,0.05,0.05,0.05,0.05,0.05,0.05,0.05,0.05,0.0,0.0,0.0,0.0,0.0,0.0,0.0,0.0,0.0,0.0,0.0,0.0,0.0,0.0,0.0,0.0,0.0,0.0,0.0,0.0
0.7107293605804443,0.4974396228790283,0.17844995856285095,0.14685626327991486,0.5229125022888184,0.0789669007062912,0.05140190199017525,0.23619933426380157,0.8058304786682129,0.04906543344259262,0.6289680600166321,0.713901698589325,0.8691535592079163,-0.042460374534130096,0.4878420829772949,0.7436246275901794,0.8557131290435791,-0.03603413328528404,0.3622134327888489,0.3859728276729584,-3.658589720725991,0.10450184345245361,-2.248179912567128,-2.510166540741909,0.42435526847839633,0.4367010667920043,0.2318426035344611,-0.11774562299251487,-2.069494128227223,0.4050000570714434,-3.021581470966317,-2.106553316116316,-2.5477379560470443,0.2568325959146009,-2.618526667356473,-1.5573695302009443,-1.4994710683822547,0.028087291866542644,-1.5793316066265009,-0.883308053016657,3.0,3.0,3.0,3.0,3.0,3.0,3.0,3.0,3.0,3.0,3.0,3.0,3.0,3.0,3.0,3.0,3.0,3.0,3.0,3.0,0.05,0.05,0.05,0.05,0.05,0.05,0.05,0.05,0.05,0.05,0.05,0.05,0.05,0.05,0.05,0.05,0.05,0.05,0.05,0.05,0.0,0.0,0.0,0.0,0.0,0.0,0.0,0.0,0.0,0.0,0.0,0.0,0.0,0.0,0.0,0.0,0.0,0.0,0.0,0.0,0.9403479099273682,0.2707107365131378,0.3673281967639923,0.459670752286911,0.16055673360824585,0.018417054787278175,0.19077715277671814,0.11868846416473389,0.98213791847229,-0.022829804569482803,0.9549996256828308,0.7625594735145569,0.9112889170646667,0.027410170063376427,0.9181632995605469,0.873234748840332,0.8410127758979797,-0.011520208790898323,1.033368706703186,0.6473056077957153,-6.786213815212211,3.849016129970538,1.336967945098877,-0.081705302000043,-1.7989428713917632,-0.9844170883297853,-1.7055120319127952,-1.0697569698095266,-3.7644967436790244,-0.8715866133570629,-1.6586065292358259,-1.2389138340949928,-3.706690669059734,-0.5340161267667998,-1.4597699046134838,-1.1335968971252386,-3.232906758785231,0.047367345541712805,-2.1790578961372207,-1.20283216238021,3.0,3.0,3.0,3.0,3.0,3.0,3.0,3.0,3.0,3.0,3.0,3.0,3.0,3.0,3.0,3.0,3.0,3.0,3.0,3.0,0.05,0.05,0.05,0.05,0.05,0.05,0.05,0.05,0.05,0.05,0.05,0.05,0.05,0.05,0.05,0.05,0.05,0.05,0.05,0.05,0.0,0.0,0.0,0.0,0.0,0.0,0.0,0.0,0.0,0.0,0.0,0.0,0.0,0.0,0.0,0.0,0.0,0.0,0.0,0.0
0.627774953842164,0.49938109517097473,0.13940997421741527,0.10086943209171341,0.5170034766197206,0.10021862387657138,0.04892754927277569,0.23231305181980136,0.7610509991645817,0.06186618283390983,0.5521575212478647,0.6603480577468879,0.8110705018043524,-0.03784563392400747,0.42517974972724987,0.7047224640846258,0.8185326457023624,-0.040672678500413825,0.3272091746330265,0.366486579179764,-4.122355580329895,0.03846809267997742,-1.8559928983449936,-2.062821574509144,-0.6559036672115326,1.3028278946876526,-0.30277110636234283,-0.22929050028324127,-2.2405266761779785,0.7180092856287956,-4.135521501302719,-2.9365256428718567,-2.7312949299812317,0.2315344288945198,-3.2246269285678864,-2.113349735736847,-1.8529236316680908,-0.33722780644893646,-1.7506584525108337,-0.9924940764904022,3.0,3.0,3.0,3.0,3.0,3.0,3.0,3.0,3.0,3.0,3.0,3.0,3.0,3.0,3.0,3.0,3.0,3.0,3.0,3.0,0.05,0.05,0.05,0.05,0.05,0.05,0.05,0.05,0.05,0.05,0.05,0.05,0.05,0.05,0.05,0.05,0.05,0.05,0.05,0.05,0.0,0.0,0.0,0.0,0.0,0.0,0.0,0.0,0.0,0.0,0.0,0.0,0.0,0.0,0.0,0.0,0.0,0.0,0.0,0.0,0.778537809848787,0.33769938349723766,0.3894791007041931,0.4552128612995149,0.11778699606657068,-0.002881221473216739,0.15907557308673892,0.097500339150429,0.9011899828910837,-0.03729994222521765,0.9126917719841009,0.7308142185211185,0.8368274569511421,0.02187065221369271,0.878083467483521,0.842004179954529,0.7714051008224494,-0.0025675315409899886,0.9827668070793159,0.6171497106552127,-7.0746928453445435,2.414437383413315,-0.03116205334663391,-2.0113617181777954,-1.8212614580988884,-1.2515867594629526,-1.4843035489320755,-1.0145451873540878,-3.9407163858413696,-0.7228595204651356,-2.1669238805770874,-1.599244773387909,-3.5257548093795776,-0.21744570694863796,-2.0443007349967957,-1.5785425901412964,-3.242430090904236,0.5119197070598602,-2.4433717131614685,-1.4884918928146362,3.0,3.0,3.0,3.0,3.0,3.0,3.0,3.0,3.0,3.0,3.0,3.0,3.0,3.0,3.0,3.0,3.0,3.0,3.0,3.0,0.05,0.05,0.05,0.05,0.05,0.05,0.05,0.05,0.05,0.05,0.05,0.05,0.05,0.05,0.05,0.05,0.05,0.05,0.05,0.05,0.0,0.0,0.0,0.0,0.0,0.0,0.0,0.0,0.0,0.0,0.0,0.0,0.0,0.0,0.0,0.0,0.0,0.0,0.0,0.0
0.5458351373672485,0.4989783465862274,0.10421024262905121,0.0643434002995491,0.49667635560035706,0.1310800164937973,0.039291057735681534,0.22702771425247192,0.7162094116210938,0.07778580486774445,0.4635471999645233,0.5964406728744507,0.759901762008667,-0.033198997378349304,0.35885700583457947,0.6590906381607056,0.7815961837768555,-0.0495232455432415,0.2921870946884155,0.3462730646133423,-3.8644380867481454,-0.030616670846939087,-1.570767350494872,-1.6045402735471839,-0.8902423083782224,1.3819575309753487,-0.4538744222372781,-0.25722160935401983,-1.9731357693672291,0.8111166767776052,-4.223963618278526,-3.133495151996629,-2.220572531223311,0.24090707302093645,-3.1382739543914973,-2.257236838340773,-1.7204672098159872,-0.5799154751002806,-1.678008586168299,-0.9895689785480555,3.0,3.0,3.0,3.0,3.0,3.0,3.0,3.0,3.0,3.0,3.0,3.0,3.0,3.0,3.0,3.0,3.0,3.0,3.0,3.0,0.05,0.05,0.05,0.05,0.05,0.05,0.05,0.05,0.05,0.05,0.05,0.05,0.05,0.05,0.05,0.05,0.05,0.05,0.05,0.05,0.0,0.0,0.0,0.0,0.0,0.0,0.0,0.0,0.0,0.0,0.0,0.0,0.0,0.0,0.0,0.0,0.0,0.0,0.0,0.0,0.6573601961135864,0.3672882318496704,0.36608171463012695,0.3792162835597992,0.08770627528429031,-0.03164641559123993,0.13140501081943512,0.07810665667057037,0.8245092630386353,-0.051744185388088226,0.8683226704597473,0.6985896825790405,0.7702587246894836,0.018712341785430908,0.836391270160675,0.8100930452346802,0.7113155722618103,0.008956579491496086,0.9356338381767273,0.5877659320831299,-4.514189064502755,0.8887656033039217,-1.7766721546649933,-3.98649871349335,-1.1817358434200387,-1.548720337450511,-1.286616921424874,-0.825281441211706,-4.172034561634086,-0.7228760980069678,-2.5444671511650223,-1.7775371670723044,-3.5293534398079114,-0.010619824752212698,-2.4610549211502186,-1.814140379428869,-2.8816893696785137,0.7633151020854739,-2.4498179554939434,-1.579830050468453,3.0,3.0,3.0,3.0,3.0,3.0,3.0,3.0,3.0,3.0,3.0,3.0,3.0,3.0,3.0,3.0,3.0,3.0,3.0,3.0,0.05,0.05,0.05,0.05,0.05,0.05,0.05,0.05,0.05,0.05,0.05,0.05,0.05,0.05,0.05,0.05,0.05,0.05,0.05,0.05,0.0,0.0,0.0,0.0,0.0,0.0,0.0,0.0,0.0,0.0,0.0,0.0,0.0,0.0,0.0,0.0,0.0,0.0,0.0,0.0
0.47319743037223816,0.49815642833709717,0.07657928019762039,0.03668782114982605,0.4813937842845917,0.15549692511558533,0.03077257238328457,0.22202418744564056,0.6821255683898926,0.09431084990501404,0.38319897651672363,0.5350082516670227,0.7222476005554199,-0.028209351003170013,0.29964879155158997,0.6144329905509949,0.7497139573097229,-0.06386929750442505,0.26008883118629456,0.3269038200378418,-3.3739186823368073,-0.1932881772518158,-1.2714942917227745,-1.2771670240908861,-0.7455863058567047,1.184108480811119,-0.37269238382577896,-0.29326267540454865,-1.6075119376182556,0.7329005748033524,-3.7620536983013153,-2.9125548899173737,-1.6156375408172607,0.19364841282367706,-2.7084365487098694,-2.1024510264396667,-1.3571888208389282,-0.7232452742755413,-1.4537137001752853,-0.9024769067764282,3.0,3.0,3.0,3.0,3.0,3.0,3.0,3.0,3.0,3.0,3.0,3.0,3.0,3.0,3.0,3.0,3.0,3.0,3.0,3.0,0.05,0.05,0.05,0.05,0.05,0.05,0.05,0.05,0.05,0.05,0.05,0.05,0.05,0.05,0.05,0.05,0.05,0.05,0.05,0.05,0.0,0.0,0.0,0.0,0.0,0.0,0.0,0.0,0.0,0.0,0.0,0.0,0.0,0.0,0.0,0.0,0.0,0.0,0.0,0.0,0.5979702472686768,0.37325000762939453,0.3184122145175934,0.2957529127597809,0.07051756232976913,-0.06483003497123718,0.10761089622974396,0.06448908150196075,0.7343086004257202,-0.06621498614549637,0.8109130859375,0.6597127318382263,0.6956533193588257,0.021445859223604202,0.7796412706375122,0.7694385647773743,0.6561375260353088,0.02796507254242897,0.8847740888595581,0.5539565086364746,-2.857445180416107,0.33771470189094543,-2.658601850271225,-3.8505762815475464,-0.6828008219599724,-1.6458824276924133,-1.1058609932661057,-0.6584947928786278,-4.280674457550049,-0.6546668708324432,-2.810773253440857,-1.8945187330245972,-3.5551875829696655,0.18361606635153294,-2.8286993503570557,-2.0160511136054993,-2.59806364774704,0.9733295533806086,-2.4744659662246704,-1.6601309180259705,3.0,3.0,3.0,3.0,3.0,3.0,3.0,3.0,3.0,3.0,3.0,3.0,3.0,3.0,3.0,3.0,3.0,3.0,3.0,3.0,0.05,0.05,0.05,0.05,0.05,0.05,0.05,0.05,0.05,0.05,0.05,0.05,0.05,0.05,0.05,0.05,0.05,0.05,0.05,0.05,0.0,0.0,0.0,0.0,0.0,0.0,0.0,0.0,0.0,0.0,0.0,0.0,0.0,0.0,0.0,0.0,0.0,0.0,0.0,0.0
0.41087839007377625,0.4912468194961548,0.05335047096014023,0.013256719335913658,0.46685290336608887,0.17844435572624207,0.024383362382650375,0.21529720723628998,0.6519089341163635,0.10710182785987854,0.3130650520324707,0.47993847727775574,0.6952762603759766,-0.02545306086540222,0.2505195438861847,0.5749925971031189,0.7273086309432983,-0.07845305651426315,0.2340385466814041,0.31017398834228516,-2.902200073003769,-0.35942718386650085,-1.0522513650357723,-1.0134811978787184,-0.634986162185669,0.9907569736242294,-0.29404517263174057,-0.3772702068090439,-1.400698721408844,0.5963386967778206,-3.267490118741989,-2.6169702410697937,-1.2188121676445007,0.06777881644666195,-2.2866129875183105,-1.884905993938446,-0.892995297908783,-0.7093809545040131,-1.1637639254331589,-0.7809698581695557,3.0,3.0,3.0,3.0,3.0,3.0,3.0,3.0,3.0,3.0,3.0,3.0,3.0,3.0,3.0,3.0,3.0,3.0,3.0,3.0,0.05,0.05,0.05,0.05,0.05,0.05,0.05,0.05,0.05,0.05,0.05,0.05,0.05,0.05,0.05,0.05,0.05,0.05,0.05,0.05,0.0,0.0,0.0,0.0,0.0,0.0,0.0,0.0,0.0,0.0,0.0,0.0,0.0,0.0,0.0,0.0,0.0,0.0,0.0,0.0,0.5430623888969421,0.3807968199253082,0.25973764061927795,0.22519323229789734,0.06039424240589142,-0.09748171269893646,0.0871705710887909,0.05176686495542526,0.6532822847366333,-0.07793086022138596,0.755891740322113,0.6228089332580566,0.628051221370697,0.026056984439492226,0.7232432961463928,0.7294510006904602,0.6073930263519287,0.04788976162672043,0.8366551995277405,0.5213606953620911,-2.7856796979904175,0.3372021019458771,-2.865857630968094,-3.192082792520523,-0.198998861014843,-1.6985747963190079,-0.9030573070049286,-0.5951641127467155,-4.3112218379974365,-0.3939768299460411,-3.0788078904151917,-2.014690637588501,-3.4905150532722473,0.2971622161567211,-3.0925795435905457,-2.166442573070526,-2.4372071027755737,1.0736801661550999,-2.5199398398399353,-1.727769523859024,3.0,3.0,3.0,3.0,3.0,3.0,3.0,3.0,3.0,3.0,3.0,3.0,3.0,3.0,3.0,3.0,3.0,3.0,3.0,3.0,0.05,0.05,0.05,0.05,0.05,0.05,0.05,0.05,0.05,0.05,0.05,0.05,0.05,0.05,0.05,0.05,0.05,0.05,0.05,0.05,0.0,0.0,0.0,0.0,0.0,0.0,0.0,0.0,0.0,0.0,0.0,0.0,0.0,0.0,0.0,0.0,0.0,0.0,0.0,0.0
0.3571094274520874,0.48377934098243713,0.0344892255961895,-0.0038514267653226852,0.4559943377971649,0.1951272040605545,0.019010765478014946,0.2069333791732788,0.6260976195335388,0.11816439777612686,0.25249937176704407,0.43032944202423096,0.6734951138496399,-0.025498198345303535,0.20818427205085754,0.539036750793457,0.7139941453933716,-0.09224453568458557,0.2135382741689682,0.29566502571105957,-2.4726353585720062,-0.3506280481815338,-0.8527696132659912,-0.8005184587091208,-0.4779048264026642,0.7421314716339111,-0.2204751130193472,-0.452442467212677,-1.1864572763442993,0.4406943917274475,-2.7999036014080048,-2.3446016013622284,-0.9054407477378845,-0.054369959980249405,-1.9228827208280563,-1.6977250576019287,-0.5088761448860168,-0.6409266963601112,-0.912749394774437,-0.6770171225070953,3.0,3.0,3.0,3.0,3.0,3.0,3.0,3.0,3.0,3.0,3.0,3.0,3.0,3.0,3.0,3.0,3.0,3.0,3.0,3.0,0.05,0.05,0.05,0.05,0.05,0.05,0.05,0.05,0.05,0.05,0.05,0.05,0.05,0.05,0.05,0.05,0.05,0.05,0.05,0.05,0.0,0.0,0.0,0.0,0.0,0.0,0.0,0.0,0.0,0.0,0.0,0.0,0.0,0.0,0.0,0.0,0.0,0.0,0.0,0.0,0.48654305934906006,0.3867380917072296,0.20377790927886963,0.16806960105895996,0.06255760788917542,-0.1327730268239975,0.07148860394954681,0.04068251699209213,0.5618597269058228,-0.08197405934333801,0.6877607703208923,0.5791251063346863,0.5560327172279358,0.03333234786987305,0.6559380888938904,0.6827808618545532,0.5586492419242859,0.07091227918863297,0.7839764952659607,0.48484572768211365,-2.6739224791526794,0.16886815428733826,-2.553746849298477,-2.496395632624626,-0.19012540578842163,-1.5515804290771484,-0.6162431091070175,-0.47588348388671875,-3.921685367822647,-0.1837329939007759,-3.338560461997986,-2.2171616554260254,-3.5016030073165894,0.4266017582267523,-3.498072922229767,-2.445514500141144,-2.4724245071411133,1.181500032544136,-2.7211040258407593,-1.9033364951610565,3.0,3.0,3.0,3.0,3.0,3.0,3.0,3.0,3.0,3.0,3.0,3.0,3.0,3.0,3.0,3.0,3.0,3.0,3.0,3.0,0.05,0.05,0.05,0.05,0.05,0.05,0.05,0.05,0.05,0.05,0.05,0.05,0.05,0.05,0.05,0.05,0.05,0.05,0.05,0.05,0.0,0.0,0.0,0.0,0.0,0.0,0.0,0.0,0.0,0.0,0.0,0.0,0.0,0.0,0.0,0.0,0.0,0.0,0.0,0.0
0.311972975730896,0.47722169756889343,0.01923968642950058,-0.018764019012451172,0.4477367103099823,0.2081296145915985,0.015564357861876488,0.1971995085477829,0.6044506430625916,0.12472960352897644,0.2010689079761505,0.3861544132232666,0.6590586304664612,-0.027627859264612198,0.17360423505306244,0.5070835947990417,0.7069535851478577,-0.1040901243686676,0.19752857089042664,0.28309330344200134,-2.0571857690811157,-0.3242388367652893,-0.6816503359004855,-0.6450995337218046,-0.2981804311275482,0.543183833360672,-0.16685831360518932,-0.5061350762844086,-1.046527922153473,0.2815810963511467,-2.2726692259311676,-2.105244994163513,-0.6179407238960266,-0.16010715626180172,-1.5938088297843933,-1.5300475060939789,-0.22650808095932007,-0.5674932152032852,-0.7105421274900436,-0.5931742489337921,3.0,3.0,3.0,3.0,3.0,3.0,3.0,3.0,3.0,3.0,3.0,3.0,3.0,3.0,3.0,3.0,3.0,3.0,3.0,3.0,0.05,0.05,0.05,0.05,0.05,0.05,0.05,0.05,0.05,0.05,0.05,0.05,0.05,0.05,0.05,0.05,0.05,0.05,0.05,0.05,0.0,0.0,0.0,0.0,0.0,0.0,0.0,0.0,0.0,0.0,0.0,0.0,0.0,0.0,0.0,0.0,0.0,0.0,0.0,0.0,0.43610548973083496,0.38755154609680176,0.15758776664733887,0.1253374069929123,0.05278922617435455,-0.1595449298620224,0.06252084672451019,0.03273152559995651,0.4964148700237274,-0.08528017997741699,0.6223493218421936,0.5341224670410156,0.48798710107803345,0.04312105476856232,0.5833203792572021,0.6316304206848145,0.5084960460662842,0.09514976292848587,0.7278110384941101,0.4452272355556488,-2.3435786366462708,-0.03196150064468384,-2.0072191953659058,-1.9578829407691956,-0.30567431822419167,-1.2265544384717941,-0.3923758864402771,-0.37033120170235634,-3.338077664375305,0.004213117063045502,-3.316563367843628,-2.2428952157497406,-3.0061550438404083,0.4377114586532116,-3.411133587360382,-2.4438560009002686,-2.2544384002685547,1.1284265667200089,-2.6213139295578003,-1.8811345100402832,3.0,3.0,3.0,3.0,3.0,3.0,3.0,3.0,3.0,3.0,3.0,3.0,3.0,3.0,3.0,3.0,3.0,3.0,3.0,3.0,0.05,0.05,0.05,0.05,0.05,0.05,0.05,0.05,0.05,0.05,0.05,0.05,0.05,0.05,0.05,0.05,0.05,0.05,0.05,0.05,0.0,0.0,0.0,0.0,0.0,0.0,0.0,0.0,0.0,0.0,0.0,0.0,0.0,0.0,0.0,0.0,0.0,0.0,0.0,0.0
0.2748219966888428,0.47080978751182556,0.007223212160170078,-0.02965540811419487,0.444067120552063,0.21685455739498138,0.012336432933807373,0.18668797612190247,0.5842365026473999,0.12942764163017273,0.16159260272979736,0.34611964225769043,0.6487774848937988,-0.031902484595775604,0.1444319188594818,0.4778348505496979,0.7049338221549988,-0.11494426429271698,0.18511658906936646,0.2719380557537079,-1.5818439424037933,-0.3106608986854553,-0.5697373766452074,-0.5138217471539974,-0.17637759447097778,0.42902901768684387,-0.11716638691723347,-0.5472391843795776,-0.7747471332550049,0.1766107976436615,-1.764560490846634,-1.872243732213974,-0.45022666454315186,-0.21766973659396172,-1.3821855187416077,-1.4307953417301178,-0.20299404859542847,-0.552632287144661,-0.6724037230014801,-0.5913466215133667,3.0,3.0,3.0,3.0,3.0,3.0,3.0,3.0,3.0,3.0,3.0,3.0,3.0,3.0,3.0,3.0,3.0,3.0,3.0,3.0,0.05,0.05,0.05,0.05,0.05,0.05,0.05,0.05,0.05,0.05,0.05,0.05,0.05,0.05,0.05,0.05,0.05,0.05,0.05,0.05,0.0,0.0,0.0,0.0,0.0,0.0,0.0,0.0,0.0,0.0,0.0,0.0,0.0,0.0,0.0,0.0,0.0,0.0,0.0,0.0,0.39279991388320923,0.38545963168144226,0.1234891414642334,0.08975428342819214,0.05033063516020775,-0.18183520436286926,0.05579356849193573,0.02586926892399788,0.42833662033081055,-0.08180553466081619,0.5550982356071472,0.48940929770469666,0.43578651547431946,0.05084080621600151,0.5194927453994751,0.5850266218185425,0.4684717059135437,0.11604934185743332,0.6791239380836487,0.4096003472805023,-2.025751769542694,-0.12026429176330566,-1.5345653519034386,-1.545284129679203,-0.21568313241004944,-0.9576044976711273,-0.4804885946214199,-0.3091545309871435,-2.9341965913772583,0.20162314176559448,-3.416012227535248,-2.3545920848846436,-2.556172013282776,0.5200937390327454,-3.3912859857082367,-2.5125592947006226,-2.0428888499736786,1.0571835562586784,-2.542153000831604,-1.896020770072937,3.0,3.0,3.0,3.0,3.0,3.0,3.0,3.0,3.0,3.0,3.0,3.0,3.0,3.0,3.0,3.0,3.0,3.0,3.0,3.0,0.05,0.05,0.05,0.05,0.05,0.05,0.05,0.05,0.05,0.05,0.05,0.05,0.05,0.05,0.05,0.05,0.05,0.05,0.05,0.05,0.0,0.0,0.0,0.0,0.0,0.0,0.0,0.0,0.0,0.0,0.0,0.0,0.0,0.0,0.0,0.0,0.0,0.0,0.0,0.0
0.24869921803474426,0.4647952616214752,-0.0035498086363077164,-0.03931688889861107,0.4406816065311432,0.22529077529907227,0.010877702385187149,0.1753099411725998,0.5734607577323914,0.1317940354347229,0.13048648834228516,0.31126466393470764,0.6410495638847351,-0.036334648728370667,0.11831681430339813,0.44985178112983704,0.6988338232040405,-0.12619541585445404,0.17063242197036743,0.2594394385814667,-1.0914180427789688,-0.2843588590621948,-0.47868876717984676,-0.40598856285214424,-0.13840347528457642,0.40388554334640503,-0.1080910675227642,-0.5560282617807388,-0.4244610667228699,0.10887794196605682,-1.3923926278948784,-1.6117729246616364,-0.3851458430290222,-0.21855775266885757,-1.251249760389328,-1.3532325625419617,-0.30578672885894775,-0.537528470158577,-0.71895532310009,-0.6255343556404114,3.0,3.0,3.0,3.0,3.0,3.0,3.0,3.0,3.0,3.0,3.0,3.0,3.0,3.0,3.0,3.0,3.0,3.0,3.0,3.0,0.05,0.05,0.05,0.05,0.05,0.05,0.05,0.05,0.05,0.05,0.05,0.05,0.05,0.05,0.05,0.05,0.05,0.05,0.05,0.05,0.0,0.0,0.0,0.0,0.0,0.0,0.0,0.0,0.0,0.0,0.0,0.0,0.0,0.0,0.0,0.0,0.0,0.0,0.0,0.0,0.3550754189491272,0.38274097442626953,0.09620515257120132,0.06352604180574417,0.044161900877952576,-0.1978491097688675,0.0433013029396534,0.020365344360470772,0.3790470063686371,-0.07721525430679321,0.4857088327407837,0.4399387836456299,0.3857402205467224,0.06392480432987213,0.4476689398288727,0.5311280488967896,0.42678049206733704,0.137437105178833,0.626124918460846,0.3693864047527313,-1.732826977968216,-0.10912567377090454,-1.2058256193995476,-1.2684645131230354,-0.24284841492772102,-0.7049694657325745,-0.5447566509246826,-0.26443174574524164,-2.2941410541534424,0.3424743190407753,-3.497569262981415,-2.5267012417316437,-2.194700390100479,0.5824300460517406,-3.54757159948349,-2.738606184720993,-1.843380182981491,1.0493380948901176,-2.557148039340973,-2.0183660089969635,3.0,3.0,3.0,3.0,3.0,3.0,3.0,3.0,3.0,3.0,3.0,3.0,3.0,3.0,3.0,3.0,3.0,3.0,3.0,3.0,0.05,0.05,0.05,0.05,0.05,0.05,0.05,0.05,0.05,0.05,0.05,0.05,0.05,0.05,0.05,0.05,0.05,0.05,0.05,0.05,0.0,0.0,0.0,0.0,0.0,0.0,0.0,0.0,0.0,0.0,0.0,0.0,0.0,0.0,0.0,0.0,0.0,0.0,0.0,0.0
0.23116527497768402,0.45943543314933777,-0.011924338527023792,-0.04589495062828064,0.43853098154067993,0.23300997912883759,0.008012790232896805,0.1644468456506729,0.5672580599784851,0.133782759308815,0.10589689761400223,0.281648725271225,0.6333716511726379,-0.04064479470252991,0.09438192844390869,0.4237055480480194,0.6927023530006409,-0.13644540309906006,0.15635837614536285,0.24691668152809143,-0.7353007793426514,-0.2327248454093933,-0.37433397956192493,-0.31991489231586456,-0.09500235319137573,0.3787711262702942,-0.07542769890278578,-0.5711115896701813,-0.2594977617263794,0.0998467206954956,-1.1455059051513672,-1.424381136894226,-0.4462793469429016,-0.21095182746648788,-1.0544896125793457,-1.3472549617290497,-0.3823816776275635,-0.4844997078180313,-0.7903944700956345,-0.6838519126176834,3.0,3.0,3.0,3.0,3.0,3.0,3.0,3.0,3.0,3.0,3.0,3.0,3.0,3.0,3.0,3.0,3.0,3.0,3.0,3.0,0.05,0.05,0.05,0.05,0.05,0.05,0.05,0.05,0.05,0.05,0.05,0.05,0.05,0.05,0.05,0.05,0.05,0.05,0.05,0.05,0.0,0.0,0.0,0.0,0.0,0.0,0.0,0.0,0.0,0.0,0.0,0.0,0.0,0.0,0.0,0.0,0.0,0.0,0.0,0.0,0.3234868347644806,0.3810946047306061,0.0752561166882515,0.03901570290327072,0.04061669856309891,-0.21003398299217224,0.034003302454948425,0.015291999094188213,0.33657097816467285,-0.06810656189918518,0.4151954650878906,0.3883412480354309,0.3479984998703003,0.07413800805807114,0.3775898814201355,0.47548237442970276,0.39473649859428406,0.15802286565303802,0.5768380165100098,0.3288657069206238,-1.3661153614521027,0.1733936369419098,-0.999847985804081,-1.1263660620898008,-0.06907479837536812,-0.5563508719205856,-0.31878151930868626,-0.07380945608019829,-1.6827411949634552,0.3748820163309574,-3.25905904173851,-2.446655184030533,-1.4772929251194,0.49952007830142975,-3.2990731298923492,-2.7060195803642273,-1.5551768243312836,0.9071998298168182,-2.4390041828155518,-2.037642151117325,3.0,3.0,3.0,3.0,3.0,3.0,3.0,3.0,3.0,3.0,3.0,3.0,3.0,3.0,3.0,3.0,3.0,3.0,3.0,3.0,0.05,0.05,0.05,0.05,0.05,0.05,0.05,0.05,0.05,0.05,0.05,0.05,0.05,0.05,0.05,0.05,0.05,0.05,0.05,0.05,0.0,0.0,0.0,0.0,0.0,0.0,0.0,0.0,0.0,0.0,0.0,0.0,0.0,0.0,0.0,0.0,0.0,0.0,0.0,0.0
0.2192871868610382,0.4554862678050995,-0.018523167818784714,-0.05211348459124565,0.43688151240348816,0.24044162034988403,0.007860594429075718,0.15246547758579254,0.5630808472633362,0.13578790426254272,0.08466625213623047,0.2542894184589386,0.623198390007019,-0.04477272182703018,0.0761372298002243,0.39596158266067505,0.683538556098938,-0.1455754041671753,0.13901664316654205,0.23208536207675934,-0.5581311881542206,-0.1517847180366516,-0.3174272598698735,-0.2584373578429222,-0.06925761699676514,0.3509417176246643,-0.07223233114928007,-0.5982931703329086,-0.23044198751449585,0.09876005351543427,-0.9621677920222282,-1.3038810342550278,-0.5821511149406433,-0.18449285998940468,-0.8557874709367752,-1.3750933110713959,-0.4541665315628052,-0.3961775451898575,-0.8658170700073242,-0.7396407425403595,3.0,3.0,3.0,3.0,3.0,3.0,3.0,3.0,3.0,3.0,3.0,3.0,3.0,3.0,3.0,3.0,3.0,3.0,3.0,3.0,0.05,0.05,0.05,0.05,0.05,0.05,0.05,0.05,0.05,0.05,0.05,0.05,0.05,0.05,0.05,0.05,0.05,0.05,0.05,0.05,0.0,0.0,0.0,0.0,0.0,0.0,0.0,0.0,0.0,0.0,0.0,0.0,0.0,0.0,0.0,0.0,0.0,0.0,0.0,0.0,0.3004308044910431,0.3896767199039459,0.056211233139038086,0.018471399322152138,0.04139890894293785,-0.22010314464569092,0.030550042167305946,0.01741296611726284,0.3117373585700989,-0.062219973653554916,0.3553464710712433,0.34207257628440857,0.3266485035419464,0.08390560746192932,0.3157060146331787,0.42288726568222046,0.3645734190940857,0.17372509837150574,0.5285647511482239,0.28788071870803833,-0.8801095187664032,0.7108047604560852,-0.8587222546339035,-0.9095612913370132,0.30228402465581894,-0.4735708236694336,-0.11299503967165947,0.05154686514288187,-0.9137637913227081,0.2221689559519291,-2.726517617702484,-2.150823175907135,-0.7754646241664886,0.3949485719203949,-2.884722501039505,-2.522151917219162,-1.3961710035800934,0.5711991339921951,-2.3648299276828766,-2.054719626903534,3.0,3.0,3.0,3.0,3.0,3.0,3.0,3.0,3.0,3.0,3.0,3.0,3.0,3.0,3.0,3.0,3.0,3.0,3.0,3.0,0.05,0.05,0.05,0.05,0.05,0.05,0.05,0.05,0.05,0.05,0.05,0.05,0.05,0.05,0.05,0.05,0.05,0.05,0.05,0.05,0.0,0.0,0.0,0.0,0.0,0.0,0.0,0.0,0.0,0.0,0.0,0.0,0.0,0.0,0.0,0.0,0.0,0.0,0.0,0.0
0.2088400274515152,0.4533640444278717,-0.024621428921818733,-0.05623244494199753,0.4357606768608093,0.24704764783382416,0.005123496986925602,0.14051511883735657,0.5580403804779053,0.13773316144943237,0.0674101859331131,0.22949348390102386,0.6100856065750122,-0.048024509102106094,0.06015042960643768,0.3687018156051636,0.6745356917381287,-0.15229250490665436,0.12172569334506989,0.21733105182647705,-0.5159169435501099,-0.05698651075363159,-0.2815885003656149,-0.18125204369425774,-0.0951036810874939,0.3373540937900543,-0.024798698723316193,-0.6167057901620865,-0.29053837060928345,0.10447688400745392,-0.7736193016171455,-1.2030869722366333,-0.6568640470504761,-0.131988525390625,-0.7303368300199509,-1.3598322868347168,-0.4751160740852356,-0.2817980945110321,-0.8863650262355804,-0.7486358284950256,3.0,3.0,3.0,3.0,3.0,3.0,3.0,3.0,3.0,3.0,3.0,3.0,3.0,3.0,3.0,3.0,3.0,3.0,3.0,3.0,0.05,0.05,0.05,0.05,0.05,0.05,0.05,0.05,0.05,0.05,0.05,0.05,0.05,0.05,0.05,0.05,0.05,0.05,0.05,0.05,0.0,0.0,0.0,0.0,0.0,0.0,0.0,0.0,0.0,0.0,0.0,0.0,0.0,0.0,0.0,0.0,0.0,0.0,0.0,0.0,0.28828245401382446,0.4095267951488495,0.040907226502895355,0.0026332512497901917,0.052708059549331665,-0.22897681593894958,0.029483500868082047,0.017353873699903488,0.3000204265117645,-0.05921980366110802,0.30613476037979126,0.3023083209991455,0.31697991490364075,0.08993595093488693,0.2622009813785553,0.3745962977409363,0.3388896584510803,0.18087083101272583,0.4822448194026947,0.24667692184448242,-0.325225293636322,1.277443766593933,-0.6983645260334015,-0.7379250833764672,0.8479674346745014,-0.426415354013443,0.07411022670567036,0.01116069033741951,-0.2732306718826294,0.03493558615446091,-2.141468971967697,-1.7698921263217926,-0.19156038761138916,0.1522056758403778,-2.370292693376541,-2.218892425298691,-1.0807298123836517,0.16841627657413483,-2.1868228912353516,-2.0030319690704346,3.0,3.0,3.0,3.0,3.0,3.0,3.0,3.0,3.0,3.0,3.0,3.0,3.0,3.0,3.0,3.0,3.0,3.0,3.0,3.0,0.05,0.05,0.05,0.05,0.05,0.05,0.05,0.05,0.05,0.05,0.05,0.05,0.05,0.05,0.05,0.05,0.05,0.05,0.05,0.05,0.0,0.0,0.0,0.0,0.0,0.0,0.0,0.0,0.0,0.0,0.0,0.0,0.0,0.0,0.0,0.0,0.0,0.0,0.0,0.0
0.1986505091190338,0.4532068073749542,-0.02978670783340931,-0.05936356633901596,0.4330773651599884,0.2539357841014862,0.00686864648014307,0.12779724597930908,0.5514593124389648,0.13996697962284088,0.05372148007154465,0.20616593956947327,0.596923828125,-0.05005226284265518,0.04692375659942627,0.3415682911872864,0.6645339131355286,-0.15684732794761658,0.10356204211711884,0.2021399289369583,-0.5317348986864062,0.03349930047988753,-0.2111415844410651,-0.14350553974509186,-0.16941726207733154,0.3385547548532472,-0.005047535523772218,-0.6357016041874851,-0.35828500986098966,0.09923763573169639,-0.6123932078480694,-1.1025760322809164,-0.5998283624649048,-0.0769564881920811,-0.48941485583782,-1.296539604663842,-0.35190731287002563,-0.17838701605796814,-0.8090663701295818,-0.7058262825012173,3.0,3.0,3.0,3.0,3.0,3.0,3.0,3.0,3.0,3.0,3.0,3.0,3.0,3.0,3.0,3.0,3.0,3.0,3.0,3.0,0.05,0.05,0.05,0.05,0.05,0.05,0.05,0.05,0.05,0.05,0.05,0.05,0.05,0.05,0.05,0.05,0.05,0.05,0.05,0.05,0.0,0.0,0.0,0.0,0.0,0.0,0.0,0.0,0.0,0.0,0.0,0.0,0.0,0.0,0.0,0.0,0.0,0.0,0.0,0.0,0.2874217927455902,0.44077447056770325,0.028276652097702026,-0.011045604012906551,0.07531760632991791,-0.23715975880622864,0.03351445123553276,0.01785939373075962,0.3008081316947937,-0.06082255020737648,0.2696877121925354,0.27127689123153687,0.31898608803749084,0.08999383449554443,0.22089430689811707,0.3341315686702728,0.3213442265987396,0.18046174943447113,0.4410918354988098,0.20775943994522095,0.3181494772434179,2.135591953992831,-0.5432180128991604,-0.5084974225610478,1.575534977018819,-0.22320002317428658,0.5015532486140666,0.17021414823829867,0.6251432001590631,-0.212722364813089,-1.2409172952175127,-1.1716395616531372,0.48113986849784157,-0.1307923346757875,-1.5680871903896332,-1.6678623855113983,-0.5462758243083954,-0.03141723573207855,-1.7310291528701782,-1.7172545194625812,3.0,3.0,3.0,3.0,3.0,3.0,3.0,3.0,3.0,3.0,3.0,3.0,3.0,3.0,3.0,3.0,3.0,3.0,3.0,3.0,0.05,0.05,0.05,0.05,0.05,0.05,0.05,0.05,0.05,0.05,0.05,0.05,0.05,0.05,0.05,0.05,0.05,0.05,0.05,0.05,0.0,0.0,0.0,0.0,0.0,0.0,0.0,0.0,0.0,0.0,0.0,0.0,0.0,0.0,0.0,0.0,0.0,0.0,0.0,0.0
0.18757063150405895,0.4547040164470672,-0.03306709229946134,-0.0619726665318012,0.42898398637771606,0.26058983802795405,0.004921595565974713,0.11508705466985716,0.5437089800834657,0.14170266687870023,0.04291445761919032,0.1853904426097872,0.586092472076416,-0.05110276862978934,0.04057383537292488,0.3168402314186099,0.6604593992233276,-0.15942798554897308,0.08936303853988661,0.18909800052642836,-0.648267939686771,0.13581812381744246,-0.1468598376959557,-0.10376870632171561,-0.22409483790397505,0.3368973731994615,-0.030383432749658823,-0.665006600320335,-0.42371451854705533,0.07273927330970764,-0.4679308272898178,-1.0003603994846295,-0.4382967948913574,-0.04521068185567856,-0.36300625652074603,-1.217471063137049,-0.06068348884582797,-0.069451704621315,-0.6313975900411578,-0.6233599036931957,3.0,3.0,3.0,3.0,3.0,3.0,3.0,3.0,3.0,3.0,3.0,3.0,3.0,3.0,3.0,3.0,3.0,3.0,3.0,3.0,0.05,0.05,0.05,0.05,0.05,0.05,0.05,0.05,0.05,0.05,0.05,0.05,0.05,0.05,0.05,0.05,0.05,0.05,0.05,0.05,0.0,0.0,0.0,0.0,0.0,0.0,0.0,0.0,0.0,0.0,0.0,0.0,0.0,0.0,0.0,0.0,0.0,0.0,0.0,0.0,0.3010084331035612,0.49495047330856273,0.01917850598692894,-0.01770664565265172,0.11572945863008442,-0.23790481686592105,0.04954563081264471,0.024162439629435435,0.32502615451812705,-0.06772869825363158,0.25649806857109075,0.25544273853302,0.3362255096435544,0.08470425754785543,0.19947749376296997,0.30788180232048035,0.3170386254787445,0.1796141415834427,0.4130036532878876,0.17798674106597917,1.831486821174605,2.4497739970683967,0.3857305273413575,-0.3026062389835716,2.7868822216987414,0.36498755216598094,1.3280541636049643,0.5894033703952982,2.080904692411406,-0.13654315844178233,0.19616559147834223,-0.21284073591232577,1.5567906200885633,-0.2444341778755174,-0.19109621644020566,-0.6959743797779083,0.5706831812858554,-0.3419470041990273,-0.6872855126857758,-1.0333795100450487,3.0,3.0,3.0,3.0,3.0,3.0,3.0,3.0,3.0,3.0,3.0,3.0,3.0,3.0,3.0,3.0,3.0,3.0,3.0,3.0,0.05,0.05,0.05,0.05,0.05,0.05,0.05,0.05,0.05,0.05,0.05,0.05,0.05,0.05,0.05,0.05,0.05,0.05,0.05,0.05,0.0,0.0,0.0,0.0,0.0,0.0,0.0,0.0,0.0,0.0,0.0,0.0,0.0,0.0,0.0,0.0,0.0,0.0,0.0,0.0
0.17271979153156297,0.4586395323276519,-0.03566110134124754,-0.06351431459188459,0.4241135716438294,0.26741167902946467,0.005653309170156717,0.10119698196649568,0.5345107316970826,0.1428765505552292,0.035004246979951935,0.16615152359008808,0.5793919563293457,-0.051860690116882324,0.03240350633859643,0.2928694486618044,0.6621065735816954,-0.15962539613246918,0.07830613851547252,0.17720553278923049,-0.7695104926824597,0.23991689085960527,-0.10816315189004014,-0.07897457107901625,-0.21925494074821472,0.31338781118393083,0.003724580164998748,-0.8000802248716389,-0.3518804907798795,0.05249343812465737,-0.34490469843149446,-0.9489942342042978,-0.1165434718132019,-0.014339201152325023,-0.36369208246469686,-1.2532755732536385,0.3135696053504944,-0.03498829901218414,-0.48554986715317117,-0.6105735898017918,3.0,3.0,3.0,3.0,3.0,3.0,3.0,3.0,3.0,3.0,3.0,3.0,3.0,3.0,3.0,3.0,3.0,3.0,3.0,3.0,0.05,0.05,0.05,0.05,0.05,0.05,0.05,0.05,0.05,0.05,0.05,0.05,0.05,0.05,0.05,0.05,0.05,0.05,0.05,0.05,0.0,0.0,0.0,0.0,0.0,0.0,0.0,0.0,0.0,0.0,0.0,0.0,0.0,0.0,0.0,0.0,0.0,0.0,0.0,0.0,0.3606812655925744,0.5387654304504391,0.043705873191356326,-0.023149853572249416,0.18679289519786757,-0.2225602567195894,0.08663661777973133,0.04143552854657155,0.38404431939124994,-0.06628427654504777,0.2775343358516691,0.26276326179504383,0.3812577128410334,0.08021646738052374,0.21325045824050884,0.3062925934791565,0.34417155385017384,0.16678386926651004,0.4136004149913788,0.166424259543419,2.9313005506992393,1.9247069954872256,1.5576527453958988,-0.12610806152224704,3.451861999928965,0.8357770740985877,1.8373277038335862,0.8658154401928212,2.8934426605701544,0.044113397598266255,1.1440411210060106,0.46635493636131287,2.315950393676765,-0.27293357998132844,0.8849520236253738,0.09054988622665405,0.7866211235523224,-0.3614109009504318,-0.15246272087097168,-0.5983792245388072,3.0,3.0,3.0,3.0,3.0,3.0,3.0,3.0,3.0,3.0,3.0,3.0,3.0,3.0,3.0,3.0,3.0,3.0,3.0,3.0,0.05,0.05,0.05,0.05,0.05,0.05,0.05,0.05,0.05,0.05,0.05,0.05,0.05,0.05,0.05,0.05,0.05,0.05,0.05,0.05,0.0,0.0,0.0,0.0,0.0,0.0,0.0,0.0,0.0,0.0,0.0,0.0,0.0,0.0,0.0,0.0,0.0,0.0,0.0,0.0
0.15679021179676056,0.4643006920814514,-0.03739361837506294,-0.06513164937496185,0.4202137887477875,0.2731253504753113,0.005070578772574663,0.08308384567499161,0.5296337604522705,0.14380240440368652,0.029118269681930542,0.1474306732416153,0.5814307332038879,-0.05167633667588234,0.026026152074337006,0.26670920848846436,0.6730021834373474,-0.16082751750946045,0.06994104385375977,0.1646750569343567,-0.6826434284448665,0.24437606334686418,-0.08243294432759336,-0.07321294397115777,-0.1543767750263228,0.23936480283737321,-0.0566934933885932,-0.8463123813271564,-0.23974478244781772,0.036943331360816956,-0.27642552740872095,-0.864056497812276,0.22099614143371582,0.01760600134730339,-0.246249232441189,-1.1891633272171076,0.5098551511764554,-0.06770603358745575,-0.3886798396706609,-0.5837894976139103,3.0,3.0,3.0,3.0,3.0,3.0,3.0,3.0,3.0,3.0,3.0,3.0,3.0,3.0,3.0,3.0,3.0,3.0,3.0,3.0,0.05,0.05,0.05,0.05,0.05,0.05,0.05,0.05,0.05,0.05,0.05,0.05,0.05,0.05,0.05,0.05,0.05,0.05,0.05,0.05,0.0,0.0,0.0,0.0,0.0,0.0,0.0,0.0,0.0,0.0,0.0,0.0,0.0,0.0,0.0,0.0,0.0,0.0,0.0,0.0,0.41826045513153076,0.5719387531280518,0.08148461580276489,-0.022750968113541603,0.25380393862724304,-0.20447373390197754,0.12303873896598816,0.058795057237148285,0.4407638609409332,-0.06596416234970093,0.3022597134113312,0.27409693598747253,0.428863525390625,0.0737869143486023,0.23487557470798492,0.3115037977695465,0.3485034704208374,0.16515770554542542,0.4069051444530487,0.15405157208442688,0.5410730838775801,1.5551015734672629,2.042818628251561,2.89486120454967,3.623231872916241,1.2682512402534527,2.257289364933978,1.1702516116201922,2.962649613618867,0.07930006831884419,1.8831908702850397,1.0832607746124294,2.5714427232742447,-0.2926085144281401,2.032109349966054,0.9407505393028259,0.10627210140228549,-0.09898468852043221,-0.28101280331611633,-0.6276715546846418,3.0,3.0,3.0,3.0,3.0,3.0,3.0,3.0,3.0,3.0,3.0,3.0,3.0,3.0,3.0,3.0,3.0,3.0,3.0,3.0,0.05,0.05,0.05,0.05,0.05,0.05,0.05,0.05,0.05,0.05,0.05,0.05,0.05,0.05,0.05,0.05,0.05,0.05,0.05,0.05,0.0,0.0,0.0,0.0,0.0,0.0,0.0,0.0,0.0,0.0,0.0,0.0,0.0,0.0,0.0,0.0,0.0,0.0,0.0,0.0
0.1454140543937683,0.4684145748615265,-0.03895841911435127,-0.0664428323507309,0.4179385006427765,0.2769862711429596,0.0033855694346129894,0.06734448671340942,0.5249209403991699,0.14435428380966187,0.023947225883603096,0.13158926367759705,0.5882318019866943,-0.05115645006299019,0.022553537040948868,0.24530291557312012,0.6825007796287537,-0.1623336374759674,0.06275894492864609,0.15385395288467407,-0.48274584114551544,0.19660592079162598,-0.07094694301486015,-0.06554126739501953,-0.0948488712310791,0.1495763659477234,0.05322635406628251,-0.7462555542588234,-0.14548897743225098,0.011092051863670349,-0.19889762625098228,-0.7168926298618317,0.4369601607322693,0.04183603450655937,-0.09734495542943478,-0.9657099843025208,0.575961172580719,-0.0799465924501419,-0.26472415775060654,-0.4742719233036041,3.0,3.0,3.0,3.0,3.0,3.0,3.0,3.0,3.0,3.0,3.0,3.0,3.0,3.0,3.0,3.0,3.0,3.0,3.0,3.0,0.05,0.05,0.05,0.05,0.05,0.05,0.05,0.05,0.05,0.05,0.05,0.05,0.05,0.05,0.05,0.05,0.05,0.05,0.05,0.05,0.0,0.0,0.0,0.0,0.0,0.0,0.0,0.0,0.0,0.0,0.0,0.0,0.0,0.0,0.0,0.0,0.0,0.0,0.0,0.0,0.3823241889476776,0.6009694933891296,0.12541861832141876,0.0926445946097374,0.3317221701145172,-0.1718302071094513,0.17692819237709045,0.08824559301137924,0.5025503039360046,-0.063112273812294,0.3528619706630707,0.306093692779541,0.4841154217720032,0.06851212680339813,0.294534832239151,0.34392261505126953,0.34842243790626526,0.16282448172569275,0.40235990285873413,0.14131739735603333,-1.8143825232982635,1.1631682515144348,2.4824202060699463,5.466899508610368,3.715377300977707,1.8867764621973038,3.0839793384075165,1.765347458422184,3.0930258333683014,0.32930681481957436,3.0742794275283813,1.9879303872585297,2.4817869067192078,-0.14077462255954742,3.6338072270154953,2.0445413887500763,-0.36646798253059387,-0.23725107312202454,-0.37233009934425354,-0.767832063138485,3.0,3.0,3.0,3.0,3.0,3.0,3.0,3.0,3.0,3.0,3.0,3.0,3.0,3.0,3.0,3.0,3.0,3.0,3.0,3.0,0.05,0.05,0.05,0.05,0.05,0.05,0.05,0.05,0.05,0.05,0.05,0.05,0.05,0.05,0.05,0.05,0.05,0.05,0.05,0.05,0.0,0.0,0.0,0.0,0.0,0.0,0.0,0.0,0.0,0.0,0.0,0.0,0.0,0.0,0.0,0.0,0.0,0.0,0.0,0.0
0.13748037815093994,0.47216492891311646,-0.04023149609565735,-0.06775330007076263,0.4164198338985443,0.2791084051132202,0.007199632935225964,0.05323362350463867,0.5238142013549805,0.14424608647823334,0.02116236463189125,0.11875496804714203,0.5989091396331787,-0.050002895295619965,0.022132353857159615,0.22808080911636353,0.6960406303405762,-0.16402538120746613,0.059352077543735504,0.14570418000221252,-0.33439844846725464,0.1722767949104309,-0.04288386553525925,-0.06299428641796112,0.0859975814819336,0.018388032913208008,0.19060532795265317,-0.44633159413933754,0.09075701236724854,-0.041653960943222046,-0.02709086984395981,-0.5403758957982063,0.5975723266601562,0.05548689514398575,0.04429733380675316,-0.770752876996994,0.7923603057861328,0.019925087690353394,-0.05647484213113785,-0.3296133130788803,3.0,3.0,3.0,3.0,3.0,3.0,3.0,3.0,3.0,3.0,3.0,3.0,3.0,3.0,3.0,3.0,3.0,3.0,3.0,3.0,0.05,0.05,0.05,0.05,0.05,0.05,0.05,0.05,0.05,0.05,0.05,0.05,0.05,0.05,0.05,0.05,0.05,0.05,0.05,0.05,0.0,0.0,0.0,0.0,0.0,0.0,0.0,0.0,0.0,0.0,0.0,0.0,0.0,0.0,0.0,0.0,0.0,0.0,0.0,0.0,0.3456851541996002,0.6184654831886292,0.18078142404556274,0.1959250122308731,0.4024190306663513,-0.1290026754140854,0.24639791250228882,0.12940895557403564,0.5644848942756653,-0.052791889756917953,0.42523089051246643,0.3536141514778137,0.5281350016593933,0.0681559294462204,0.38022786378860474,0.39328545331954956,0.33384475111961365,0.15566766262054443,0.39201194047927856,0.12333828955888748,-1.205165684223175,0.7895871996879578,2.2837545722723007,4.938448406755924,3.218817710876465,1.9865568727254868,3.8703404366970062,2.3033415898680687,2.917449176311493,0.5211269482970238,3.5664640367031097,2.331654727458954,1.8686532974243164,-0.009355321526527405,4.6746134757995605,2.6146315038204193,-1.0850854218006134,-0.419529527425766,-0.8218966424465179,-0.9923292323946953,3.0,3.0,3.0,3.0,3.0,3.0,3.0,3.0,3.0,3.0,3.0,3.0,3.0,3.0,3.0,3.0,3.0,3.0,3.0,3.0,0.05,0.05,0.05,0.05,0.05,0.05,0.05,0.05,0.05,0.05,0.05,0.05,0.05,0.05,0.05,0.05,0.05,0.05,0.05,0.05,0.0,0.0,0.0,0.0,0.0,0.0,0.0,0.0,0.0,0.0,0.0,0.0,0.0,0.0,0.0,0.0,0.0,0.0,0.0,0.0
0.13203811645507812,0.4753056466579437,-0.04067377373576164,-0.06896260380744934,0.42137840390205383,0.2777217924594879,0.011009782552719116,0.04949122294783592,0.5285512208938599,0.14268812537193298,0.022863591089844704,0.10997422784566879,0.6121346950531006,-0.04893697425723076,0.024325430393218994,0.21447280049324036,0.714195191860199,-0.16153663396835327,0.060499951243400574,0.14066942036151886,-0.22012367844581604,0.12959986925125122,-0.014770124107599258,-0.027137622237205505,0.37041306495666504,-0.11623501777648926,0.2051068702712655,-0.16216067597270012,0.3686249256134033,-0.09883716702461243,0.18258499912917614,-0.3411548212170601,0.6546735763549805,0.07992498576641083,0.138574605807662,-0.6033100187778473,0.9626209735870361,0.19041411578655243,0.1524847000837326,-0.17568543553352356,3.0,3.0,3.0,3.0,3.0,3.0,3.0,3.0,3.0,3.0,3.0,3.0,3.0,3.0,3.0,3.0,3.0,3.0,3.0,3.0,0.05,0.05,0.05,0.05,0.05,0.05,0.05,0.05,0.05,0.05,0.05,0.05,0.05,0.05,0.05,0.05,0.05,0.05,0.05,0.05,0.0,0.0,0.0,0.0,0.0,0.0,0.0,0.0,0.0,0.0,0.0,0.0,0.0,0.0,0.0,0.0,0.0,0.0,0.0,0.0,0.3341175615787506,0.632552981376648,0.2167688012123108,0.29018253087997437,0.4604748785495758,-0.09236793220043182,0.3317418098449707,0.180379256606102,0.6192482709884644,-0.042267195880413055,0.49552053213119507,0.39935988187789917,0.5588615536689758,0.06813791394233704,0.4815193712711334,0.4485078752040863,0.3050190210342407,0.1460433006286621,0.3694840371608734,0.10162422806024551,-0.4916653037071228,0.5826190114021301,1.6811326146125793,4.704545810818672,2.7144789695739746,1.792754977941513,4.630310833454132,2.69295796751976,2.544252574443817,0.5761208944022655,3.524573892354965,2.194809168577194,1.438334584236145,-0.08627194911241531,5.272670090198517,2.645409107208252,-1.5597790479660034,-0.7489126175642014,-1.5870384871959686,-0.8784951642155647,3.0,3.0,3.0,3.0,3.0,3.0,3.0,3.0,3.0,3.0,3.0,3.0,3.0,3.0,3.0,3.0,3.0,3.0,3.0,3.0,0.05,0.05,0.05,0.05,0.05,0.05,0.05,0.05,0.05,0.05,0.05,0.05,0.05,0.05,0.05,0.05,0.05,0.05,0.05,0.05,0.0,0.0,0.0,0.0,0.0,0.0,0.0,0.0,0.0,0.0,0.0,0.0,0.0,0.0,0.0,0.0,0.0,0.0,0.0,0.0
0.1286754310131073,0.4773489236831665,-0.04082230105996132,-0.06883880496025085,0.4312363564968109,0.27445900440216064,0.015403907746076584,0.04674719646573067,0.5385591983795166,0.14029259979724884,0.028465764597058296,0.10510877519845963,0.6250960826873779,-0.04680589586496353,0.027675338089466095,0.20394840836524963,0.7345454692840576,-0.15640881657600403,0.06545146554708481,0.13867676258087158,-0.10850690305233002,0.10120123624801636,-0.009917840361595154,-0.022186897695064545,0.4979565739631653,-0.1561097800731659,0.20265113562345505,-0.12013409286737442,0.5667135119438171,-0.08986517786979675,0.3128708805888891,-0.18769130110740662,0.6589531898498535,0.09869663044810295,0.1850462518632412,-0.4634302109479904,0.900772213935852,0.2383459359407425,0.225704163312912,-0.08278265595436096,3.0,3.0,3.0,3.0,3.0,3.0,3.0,3.0,3.0,3.0,3.0,3.0,3.0,3.0,3.0,3.0,3.0,3.0,3.0,3.0,0.05,0.05,0.05,0.05,0.05,0.05,0.05,0.05,0.05,0.05,0.05,0.05,0.05,0.05,0.05,0.05,0.05,0.05,0.05,0.05,0.0,0.0,0.0,0.0,0.0,0.0,0.0,0.0,0.0,0.0,0.0,0.0,0.0,0.0,0.0,0.0,0.0,0.0,0.0,0.0,0.3260185420513153,0.6417702436447144,0.24802672863006592,0.38410684466362,0.5109981894493103,-0.057292476296424866,0.4316103458404541,0.23712727427482605,0.666254997253418,-0.02974705398082733,0.566213846206665,0.4414065182209015,0.5856683850288391,0.06470505148172379,0.5911346673965454,0.49910181760787964,0.2714535892009735,0.12571115791797638,0.3285304009914398,0.08819848299026489,0.6274864077568054,0.2826124429702759,1.4065302908420563,4.092692583799362,2.064836770296097,1.5542001463472843,5.6401327252388,3.3008452504873276,2.057504653930664,0.5496097728610039,4.074868559837341,2.3370690643787384,1.1601343750953674,-0.16347868368029594,5.68181499838829,2.3337818682193756,-1.4643970876932144,-1.0173264890909195,-2.4579279124736786,-0.7159901782870293,3.0,3.0,3.0,3.0,3.0,3.0,3.0,3.0,3.0,3.0,3.0,3.0,3.0,3.0,3.0,3.0,3.0,3.0,3.0,3.0,0.05,0.05,0.05,0.05,0.05,0.05,0.05,0.05,0.05,0.05,0.05,0.05,0.05,0.05,0.05,0.05,0.05,0.05,0.05,0.05,0.0,0.0,0.0,0.0,0.0,0.0,0.0,0.0,0.0,0.0,0.0,0.0,0.0,0.0,0.0,0.0,0.0,0.0,0.0,0.0
0.12769784033298492,0.4793536961078644,-0.04107048735022545,-0.06985007971525192,0.44129666686058044,0.2714774012565613,0.019115827977657318,0.044685859233140945,0.5512197613716125,0.1390935182571411,0.03537842631340027,0.10246657580137253,0.6384928226470947,-0.04498910903930664,0.03172728046774864,0.19593559205532074,0.7502260804176331,-0.15200279653072357,0.06952811777591705,0.13735811412334442,0.03874823451042175,0.11385753750801086,-0.01989416778087616,-0.04003513604402542,0.5603596568107605,-0.13098269701004028,0.19036931917071342,-0.07409946992993355,0.6693810224533081,-0.033634528517723083,0.34703067503869534,-0.09585190564393997,0.6649181246757507,0.1008572056889534,0.20403461530804634,-0.3524411469697952,0.6818383932113647,0.1780673861503601,0.16528666019439697,-0.06143338978290558,3.0,3.0,3.0,3.0,3.0,3.0,3.0,3.0,3.0,3.0,3.0,3.0,3.0,3.0,3.0,3.0,3.0,3.0,3.0,3.0,0.05,0.05,0.05,0.05,0.05,0.05,0.05,0.05,0.05,0.05,0.05,0.05,0.05,0.05,0.05,0.05,0.05,0.05,0.05,0.05,0.0,0.0,0.0,0.0,0.0,0.0,0.0,0.0,0.0,0.0,0.0,0.0,0.0,0.0,0.0,0.0,0.0,0.0,0.0,0.0,0.3592170178890228,0.643857479095459,0.27303001284599304,0.45389023423194885,0.5430683493614197,-0.03019992634654045,0.5573471188545227,0.3124130666255951,0.7015484571456909,-0.0202828049659729,0.6585152745246887,0.4928426444530487,0.6052669286727905,0.0615987665951252,0.708791971206665,0.5418591499328613,0.24644313752651215,0.10535024106502533,0.27116692066192627,0.07298462092876434,3.029540926218033,-0.48568248748779297,0.9852781891822815,3.23907807469368,1.617439091205597,0.7389092817902565,6.914232671260834,4.54091802239418,1.7057672142982483,0.14835018664598465,5.255323648452759,3.0098162591457367,0.9306967258453369,-0.3285622224211693,6.0669586062431335,2.2520124912261963,-1.0117307305335999,-0.9182143956422806,-2.7785107493400574,-0.4381498321890831,3.0,3.0,3.0,3.0,3.0,3.0,3.0,3.0,3.0,3.0,3.0,3.0,3.0,3.0,3.0,3.0,3.0,3.0,3.0,3.0,0.05,0.05,0.05,0.05,0.05,0.05,0.05,0.05,0.05,0.05,0.05,0.05,0.05,0.05,0.05,0.05,0.05,0.05,0.05,0.05,0.0,0.0,0.0,0.0,0.0,0.0,0.0,0.0,0.0,0.0,0.0,0.0,0.0,0.0,0.0,0.0,0.0,0.0,0.0,0.0
0.13022536039352417,0.48190322518348694,-0.041618067771196365,-0.07044021040201187,0.45365074276924133,0.26921969652175903,0.02301868051290512,0.043783217668533325,0.5653344392776489,0.13894721865653992,0.04234699159860611,0.10127469897270203,0.651692807674408,-0.042771607637405396,0.03583672270178795,0.18985076248645782,0.7618190050125122,-0.14928612112998962,0.07206293195486069,0.13621942698955536,0.1615818589925766,0.13525933027267456,-0.030314922332763672,-0.03394167870283127,0.57721808552742,-0.0872977077960968,0.1605795230716467,-0.037121400237083435,0.7095545530319214,0.008932128548622131,0.3224259242415428,-0.048151612281799316,0.6103262305259705,0.10404940694570541,0.17821621149778366,-0.2769019454717636,0.4958406090736389,0.11961199343204498,0.08120108395814896,-0.0635150820016861,3.0,3.0,3.0,3.0,3.0,3.0,3.0,3.0,3.0,3.0,3.0,3.0,3.0,3.0,3.0,3.0,3.0,3.0,3.0,3.0,0.05,0.05,0.05,0.05,0.05,0.05,0.05,0.05,0.05,0.05,0.05,0.05,0.05,0.05,0.05,0.05,0.05,0.05,0.05,0.05,0.0,0.0,0.0,0.0,0.0,0.0,0.0,0.0,0.0,0.0,0.0,0.0,0.0,0.0,0.0,0.0,0.0,0.0,0.0,0.0,0.4472001791000366,0.6223429441452026,0.2874378561973572,0.5136699676513672,0.5756957530975342,-0.027736105024814606,0.7081796526908875,0.41876399517059326,0.7344856858253479,-0.023813046514987946,0.7764267921447754,0.561799168586731,0.6228962540626526,0.051562562584877014,0.8338130116462708,0.5891823172569275,0.23098435997962952,0.08898258209228516,0.21738997101783752,0.07067248970270157,4.561326652765274,-1.224789023399353,0.7224403321743011,2.9741190373897552,1.6470253467559814,-0.36879610270261765,7.67873227596283,5.607941001653671,1.5876784920692444,-0.4713790491223335,6.250569224357605,3.621094673871994,0.748869776725769,-0.7018786855041981,6.329214572906494,2.5094717741012573,-0.5514983087778091,-0.7588859647512436,-2.414415031671524,-0.35111410543322563,3.0,3.0,3.0,3.0,3.0,3.0,3.0,3.0,3.0,3.0,3.0,3.0,3.0,3.0,3.0,3.0,3.0,3.0,3.0,3.0,0.05,0.05,0.05,0.05,0.05,0.05,0.05,0.05,0.05,0.05,0.05,0.05,0.05,0.05,0.05,0.05,0.05,0.05,0.05,0.05,0.0,0.0,0.0,0.0,0.0,0.0,0.0,0.0,0.0,0.0,0.0,0.0,0.0,0.0,0.0,0.0,0.0,0.0,0.0,0.0
0.134161114692688,0.48476406931877136,-0.042283084243535995,-0.07120774686336517,0.46438539028167725,0.2679854929447174,0.025539008900523186,0.04320100322365761,0.5796019434928894,0.139450803399086,0.04827546328306198,0.10054051131010056,0.6629058718681335,-0.040827132761478424,0.03885592892765999,0.1848595142364502,0.7700597047805786,-0.14721831679344177,0.07277616113424301,0.13481751084327698,0.19660666584968567,0.22227168083190918,-0.011080875992774963,-0.015311874449253082,0.48665478825569153,-0.026972591876983643,0.07480774074792862,-0.04144702106714249,0.6382763385772705,0.016675516963005066,0.20317332819104195,-0.0744406133890152,0.40831267833709717,0.09257663041353226,0.039764586836099625,-0.28200559318065643,0.3193572163581848,0.13994351029396057,-0.026989541947841644,-0.09454041719436646,3.0,3.0,3.0,3.0,3.0,3.0,3.0,3.0,3.0,3.0,3.0,3.0,3.0,3.0,3.0,3.0,3.0,3.0,3.0,3.0,0.05,0.05,0.05,0.05,0.05,0.05,0.05,0.05,0.05,0.05,0.05,0.05,0.05,0.05,0.05,0.05,0.05,0.05,0.05,0.05,0.0,0.0,0.0,0.0,0.0,0.0,0.0,0.0,0.0,0.0,0.0,0.0,0.0,0.0,0.0,0.0,0.0,0.0,0.0,0.0,0.5416700839996338,0.5948659181594849,0.3019276261329651,0.5728549957275391,0.6089493632316589,-0.04495177045464516,0.8644964098930359,0.5367307066917419,0.7650555968284607,-0.03913796693086624,0.9085380434989929,0.6376864314079285,0.6352217197418213,0.033523619174957275,0.9619605541229248,0.6422380208969116,0.22438320517539978,0.07499480247497559,0.1745903193950653,0.05894005671143532,3.500188887119293,-0.6692290306091309,0.7830746471881866,1.264508068561554,1.9286617636680603,-0.6972395814955235,6.920114159584045,4.9142539501190186,1.8812984228134155,-0.6679333746433258,6.13332986831665,3.0577346682548523,0.9384810924530029,-0.8356713689863682,5.954231321811676,2.2000178694725037,-0.2919446676969528,-0.48829615116119385,-1.4627717435359955,-0.5217932164669037,3.0,3.0,3.0,3.0,3.0,3.0,3.0,3.0,3.0,3.0,3.0,3.0,3.0,3.0,3.0,3.0,3.0,3.0,3.0,3.0,0.05,0.05,0.05,0.05,0.05,0.05,0.05,0.05,0.05,0.05,0.05,0.05,0.05,0.05,0.05,0.05,0.05,0.05,0.05,0.05,0.0,0.0,0.0,0.0,0.0,0.0,0.0,0.0,0.0,0.0,0.0,0.0,0.0,0.0,0.0,0.0,0.0,0.0,0.0,0.0
0.1380896270275116,0.4907940924167633,-0.042061302810907364,-0.071052685379982,0.473116934299469,0.2681407928466797,0.026010990142822266,0.042125336825847626,0.5908654928207397,0.13961423933506012,0.05047392472624779,0.09829707443714142,0.6680253148078918,-0.039068542420864105,0.037427306175231934,0.17857053875923157,0.7745932936668396,-0.1436883807182312,0.07098335027694702,0.1324378103017807,0.17617195844650269,0.40278956294059753,0.004624947905540466,-0.018087029457092285,0.3199443221092224,0.07342919707298279,-0.08369567804038525,-0.09857090190052986,0.4548579454421997,0.041961297392845154,-0.037290528416633606,-0.1939171925187111,0.18019527196884155,0.1144232228398323,-0.1928654033690691,-0.38211457431316376,0.076274573802948,0.21007247269153595,-0.2055332064628601,-0.1759849488735199,3.0,3.0,3.0,3.0,3.0,3.0,3.0,3.0,3.0,3.0,3.0,3.0,3.0,3.0,3.0,3.0,3.0,3.0,3.0,3.0,0.05,0.05,0.05,0.05,0.05,0.05,0.05,0.05,0.05,0.05,0.05,0.05,0.05,0.05,0.05,0.05,0.05,0.05,0.05,0.05,0.0,0.0,0.0,0.0,0.0,0.0,0.0,0.0,0.0,0.0,0.0,0.0,0.0,0.0,0.0,0.0,0.0,0.0,0.0,0.0,0.5872077345848083,0.5955737829208374,0.31876084208488464,0.5642502903938293,0.6528422236442566,-0.055625688284635544,0.9849842190742493,0.615334153175354,0.8097376227378845,-0.05053038150072098,1.0217599868774414,0.684108555316925,0.6604354977607727,0.018135707825422287,1.0719822645187378,0.6771830320358276,0.2193065732717514,0.0694507360458374,0.1588791012763977,0.04980076104402542,1.7275065183639526,0.3137737512588501,0.20161494612693787,-1.2819528579711914,2.385370433330536,-0.37601590156555176,5.387802422046661,2.770647406578064,2.5457248091697693,-0.46703293919563293,5.162091553211212,1.5085920691490173,1.552651822566986,-0.6588375894352794,5.0998300313949585,1.129738986492157,-0.4776444286108017,-0.08520614355802536,0.21985583007335663,-0.37697264924645424,3.0,3.0,3.0,3.0,3.0,3.0,3.0,3.0,3.0,3.0,3.0,3.0,3.0,3.0,3.0,3.0,3.0,3.0,3.0,3.0,0.05,0.05,0.05,0.05,0.05,0.05,0.05,0.05,0.05,0.05,0.05,0.05,0.05,0.05,0.05,0.05,0.05,0.05,0.05,0.05,0.0,0.0,0.0,0.0,0.0,0.0,0.0,0.0,0.0,0.0,0.0,0.0,0.0,0.0,0.0,0.0,0.0,0.0,0.0,0.0
0.1412079930305481,0.5008756518363953,-0.04209808632731438,-0.07193122804164886,0.47718316316604614,0.2709226608276367,0.022191181778907776,0.039258167147636414,0.5977962613105774,0.1411292552947998,0.04678384214639664,0.09278382360935211,0.6701136827468872,-0.03625020384788513,0.031141312792897224,0.16957493126392365,0.7731106877326965,-0.13881541788578033,0.06455483287572861,0.12777811288833618,0.21131187677383423,0.4977874457836151,0.03843531012535095,0.00022724270820617676,-0.04854947328567505,0.03296658396720886,-0.1533761154860258,-0.1623363234102726,0.4811316728591919,0.079316645860672,-0.1120573841035366,-0.22949948906898499,0.21512210369110107,0.2385373692959547,-0.2407001331448555,-0.3935229033231735,0.025127828121185303,0.31611770391464233,-0.25658998638391495,-0.19544176757335663,3.0,3.0,3.0,3.0,3.0,3.0,3.0,3.0,3.0,3.0,3.0,3.0,3.0,3.0,3.0,3.0,3.0,3.0,3.0,3.0,0.05,0.05,0.05,0.05,0.05,0.05,0.05,0.05,0.05,0.05,0.05,0.05,0.05,0.05,0.05,0.05,0.05,0.05,0.05,0.05,0.0,0.0,0.0,0.0,0.0,0.0,0.0,0.0,0.0,0.0,0.0,0.0,0.0,0.0,0.0,0.0,0.0,0.0,0.0,0.0,0.6107703447341919,0.6074168682098389,0.3099922239780426,0.5215768814086914,0.7043641805648804,-0.05999240651726723,1.0800085067749023,0.6475566029548645,0.8668845891952515,-0.05781928449869156,1.1150217056274414,0.6980301141738892,0.6973277926445007,0.007170115597546101,1.1659537553787231,0.6874275803565979,0.2052774280309677,0.07158655673265457,0.18338455259799957,0.04386115074157715,0.37401914596557617,0.6213977932929993,-1.5394926071166992,-2.3688092827796936,1.7513841390609741,0.25412458926439285,3.9520248770713806,1.2688905000686646,2.4600252509117126,0.22840052843093872,4.2386651039123535,0.7096216082572937,1.6594946384429932,0.12063775211572647,4.22990620136261,0.7800281047821045,-0.8770879358053207,1.1726709082722664,3.4643717110157013,-0.38476455956697464,3.0,3.0,3.0,3.0,3.0,3.0,3.0,3.0,3.0,3.0,3.0,3.0,3.0,3.0,3.0,3.0,3.0,3.0,3.0,3.0,0.05,0.05,0.05,0.05,0.05,0.05,0.05,0.05,0.05,0.05,0.05,0.05,0.05,0.05,0.05,0.05,0.05,0.05,0.05,0.05,0.0,0.0,0.0,0.0,0.0,0.0,0.0,0.0,0.0,0.0,0.0,0.0,0.0,0.0,0.0,0.0,0.0,0.0,0.0,0.0
0.14654210209846497,0.5107055902481079,-0.040523890405893326,-0.07104359567165375,0.471174955368042,0.26945945620536804,0.019875945523381233,0.03563188388943672,0.6101107597351074,0.142786905169487,0.04599162936210632,0.08911709487438202,0.6766301989555359,-0.029527047649025917,0.027799300849437714,0.16282962262630463,0.775598406791687,-0.1310436725616455,0.060719750821590424,0.12462013959884644,0.37866272032260617,0.463595986366272,0.09976672008633544,-0.02816189080476761,-0.5171440541744177,-0.1913726329803439,-0.11488818563520839,-0.1608979888260361,0.7285326719284002,0.015127658843994835,0.04530884325504199,-0.11451952159404755,0.5647853016853277,0.38872109726071097,-0.0026836991310133507,-0.22747963666915894,0.2608641982078497,0.5467956885695412,-0.08751237764954584,-0.09512621909379994,3.0,3.0,3.0,3.0,3.0,3.0,3.0,3.0,3.0,3.0,3.0,3.0,3.0,3.0,3.0,3.0,3.0,3.0,3.0,3.0,0.05,0.05,0.05,0.05,0.05,0.05,0.05,0.05,0.05,0.05,0.05,0.05,0.05,0.05,0.05,0.05,0.05,0.05,0.05,0.05,0.0,0.0,0.0,0.0,0.0,0.0,0.0,0.0,0.0,0.0,0.0,0.0,0.0,0.0,0.0,0.0,0.0,0.0,0.0,0.0,0.6021685004234314,0.6204296946525574,0.2571811378002167,0.4694979190826416,0.7228975892066956,-0.04546070471405983,1.1430652141571045,0.6660897731781006,0.908138632774353,-0.04139436036348343,1.1913065910339355,0.7124934196472168,0.7268152832984924,0.022961217910051346,1.2411785125732422,0.7083841562271118,0.18422305583953857,0.11635757237672806,0.29745396971702576,0.034410178661346436,-0.28236955404281616,-0.16931295394896906,-1.3842590153217302,-2.9528856277465625,0.7869571447372437,0.6549334153532947,1.502585411071783,0.25239884853363315,2.141962945461262,0.7785798050463155,2.718612551689142,0.7061764597892706,1.9313186407089122,0.7074658526107632,2.6643723249435314,1.2971684336662208,-0.2375334501266535,2.3874877020716583,8.210515603423064,0.9291034191846702,3.0,3.0,3.0,3.0,3.0,3.0,3.0,3.0,3.0,3.0,3.0,3.0,3.0,3.0,3.0,3.0,3.0,3.0,3.0,3.0,0.05,0.05,0.05,0.05,0.05,0.05,0.05,0.05,0.05,0.05,0.05,0.05,0.05,0.05,0.05,0.05,0.05,0.05,0.05,0.05,0.0,0.0,0.0,0.0,0.0,0.0,0.0,0.0,0.0,0.0,0.0,0.0,0.0,0.0,0.0,0.0,0.0,0.0,0.0,0.0
0.15635450184345234,0.5194194912910461,-0.03810741752386096,-0.07305770367383957,0.45649740099906944,0.26326775550842296,0.01759565435349944,0.03282224759459497,0.6269375681877134,0.1417343616485596,0.048596195876598317,0.08820304274559021,0.6927050948143003,-0.020701359957456693,0.03103396482765669,0.1604757457971573,0.7835452556610105,-0.11694359034299869,0.06105433776974677,0.12397306412458418,0.6488822400569854,0.39572715759277066,0.12412900105118647,-0.02381857484579121,-0.929848104715339,-0.4156507551670033,-0.129714934155345,-0.09647058323025669,1.0353669524192726,-0.11082440614700248,0.26567587628960315,0.053576380014418515,0.9881108999252236,0.4675492877140615,0.3123900853097404,-0.0027652829885496666,0.5667299032211276,0.8081080392003014,0.1466484740376455,0.04590637981891563,3.0,3.0,3.0,3.0,3.0,3.0,3.0,3.0,3.0,3.0,3.0,3.0,3.0,3.0,3.0,3.0,3.0,3.0,3.0,3.0,0.05,0.05,0.05,0.05,0.05,0.05,0.05,0.05,0.05,0.05,0.05,0.05,0.05,0.05,0.05,0.05,0.05,0.05,0.05,0.05,0.0,0.0,0.0,0.0,0.0,0.0,0.0,0.0,0.0,0.0,0.0,0.0,0.0,0.0,0.0,0.0,0.0,0.0,0.0,0.0,0.5994755625724792,0.6006443500518801,0.2546218633651734,0.4034614562988289,0.7358424663543701,-0.03379506990313544,1.1401119232177737,0.6576525568962098,0.952563107013702,-0.026676092296838937,1.223766207695007,0.72627717256546,0.7745805382728572,0.03546874970197663,1.2725286483764644,0.7393143177032467,0.19577609002590157,0.1670860648155209,0.5118051767349221,0.08102528750896396,0.03984272480010709,-1.2546300888061412,-0.17459541559219222,-3.417020291089999,-0.02258867025374811,0.6162591278552974,-0.853288173675526,-0.7245555520057623,1.9372314214706365,0.8171583060175132,1.268446445465088,0.7621884346008245,2.3917898535728344,0.6514184176921802,1.2339472770690918,1.5260770916938697,2.157956361770605,1.8326403573155374,10.038418322801554,2.590172737836829,3.0,3.0,3.0,3.0,3.0,3.0,3.0,3.0,3.0,3.0,3.0,3.0,3.0,3.0,3.0,3.0,3.0,3.0,3.0,3.0,0.05,0.05,0.05,0.05,0.05,0.05,0.05,0.05,0.05,0.05,0.05,0.05,0.05,0.05,0.05,0.05,0.05,0.05,0.05,0.05,0.0,0.0,0.0,0.0,0.0,0.0,0.0,0.0,0.0,0.0,0.0,0.0,0.0,0.0,0.0,0.0,0.0,0.0,0.0,0.0
0.17249739170074438,0.5265346765518187,-0.03555873036384587,-0.0719963386654854,0.43398103117942843,0.2528334259986879,0.014687348157167433,0.031773060560226454,0.6515254378318783,0.1383539289236069,0.05661866441369045,0.09126015007495876,0.7161546349525448,-0.010825076140463456,0.04029490426182733,0.16271901130676264,0.7982676029205321,-0.09871935099363345,0.06658568978309624,0.12645639479160306,1.258549094200137,0.41482895612716675,0.3133137710392482,0.061678700149059296,-1.4663644134998377,-0.5960088223218946,-0.06296709179878304,-0.05503511056304013,1.407644152641302,-0.08868761360645364,0.5465941503644,0.27184076607227325,1.5242725610733088,0.46795797534287237,0.7110956590622677,0.2848386764526367,0.8386835455894526,0.8039126172661826,0.36534117534756677,0.19151177257299457,3.0,3.0,3.0,3.0,3.0,3.0,3.0,3.0,3.0,3.0,3.0,3.0,3.0,3.0,3.0,3.0,3.0,3.0,3.0,3.0,0.05,0.05,0.05,0.05,0.05,0.05,0.05,0.05,0.05,0.05,0.05,0.05,0.05,0.05,0.05,0.05,0.05,0.05,0.05,0.05,0.0,0.0,0.0,0.0,0.0,0.0,0.0,0.0,0.0,0.0,0.0,0.0,0.0,0.0,0.0,0.0,0.0,0.0,0.0,0.0,0.6037622094154357,0.5702444911003117,0.250197321176529,0.33281710743904164,0.7219940423965456,-0.020810339599847936,1.1089336872100835,0.6371075510978701,0.9856278896331785,-0.008708028122782903,1.242044448852539,0.7429809570312498,0.8224868774414058,0.04901795461773856,1.2905364036560059,0.7694272398948666,0.27054131031036277,0.18966318666934956,0.6989907026290879,0.13801708817481959,1.0540693998336792,-1.7923638224601801,-0.44805966317653795,-2.609803527593632,-1.5343666076660156,0.6347629707306658,-2.5402635335922295,-1.6514509916305569,1.1440247297287098,0.8802682161331221,0.6536036729812678,0.9197592735290583,2.251870930194866,0.7699109613895453,0.5042731761932484,1.441226899623879,4.482824727892881,0.7338870316743934,7.274857163429315,1.9858352839946891,3.0,3.0,3.0,3.0,3.0,3.0,3.0,3.0,3.0,3.0,3.0,3.0,3.0,3.0,3.0,3.0,3.0,3.0,3.0,3.0,0.05,0.05,0.05,0.05,0.05,0.05,0.05,0.05,0.05,0.05,0.05,0.05,0.05,0.05,0.05,0.05,0.05,0.05,0.05,0.05,0.0,0.0,0.0,0.0,0.0,0.0,0.0,0.0,0.0,0.0,0.0,0.0,0.0,0.0,0.0,0.0,0.0,0.0,0.0,0.0
0.20669646561145782,0.5360126495361328,-0.02557486668229103,-0.0705905556678772,0.3978428244590759,0.23942740261554718,0.015076970681548119,0.030620843172073364,0.6832433342933655,0.13818685710430145,0.07045996189117432,0.09907667338848114,0.7536759972572327,-0.0019830409437417984,0.0594777911901474,0.17186929285526276,0.8170925974845886,-0.08478708565235138,0.07566798478364944,0.13163353502750397,2.35655382275582,0.2272471785545377,0.799073139205576,0.024726800620556225,-2.26042792201043,-0.5260407924652141,0.12452420778572564,-0.09267879649996792,1.9389569759368979,-0.13686232268810342,0.9598202072083979,0.5982747301459322,2.1566286683082665,0.3583080368116524,1.2216242961585557,0.6934553384780897,1.2526839971542385,0.6523303687572525,0.6472326815128344,0.38686022162437506,3.0,3.0,3.0,3.0,3.0,3.0,3.0,3.0,3.0,3.0,3.0,3.0,3.0,3.0,3.0,3.0,3.0,3.0,3.0,3.0,0.05,0.05,0.05,0.05,0.05,0.05,0.05,0.05,0.05,0.05,0.05,0.05,0.05,0.05,0.05,0.05,0.05,0.05,0.05,0.05,0.0,0.0,0.0,0.0,0.0,0.0,0.0,0.0,0.0,0.0,0.0,0.0,0.0,0.0,0.0,0.0,0.0,0.0,0.0,0.0,0.6416383385658264,0.5289497971534729,0.23669947683811188,0.2990693151950836,0.6744678020477295,-0.008404551073908806,1.0385013818740845,0.5915945172309875,0.9983240962028503,0.008534636348485947,1.2499103546142578,0.7630675435066223,0.8646553754806519,0.06626518815755844,1.2926995754241943,0.7969633936882019,0.3750890791416168,0.19644154608249664,0.8027994632720947,0.16045869886875153,2.022340893745425,-2.1114297211170308,-0.5994711071252836,-0.877589732408536,-2.741682529449468,0.5484400317072904,-4.65444028377534,-2.9924273490905815,0.4065513610839899,0.7584591861814309,0.16680359840393066,0.9058669209480341,1.940627396106731,0.8265909738838714,-0.2977043390274048,1.2717366218566977,5.879715085029627,0.012117996811869536,3.6234915256500604,0.3806930035352797,3.0,3.0,3.0,3.0,3.0,3.0,3.0,3.0,3.0,3.0,3.0,3.0,3.0,3.0,3.0,3.0,3.0,3.0,3.0,3.0,0.05,0.05,0.05,0.05,0.05,0.05,0.05,0.05,0.05,0.05,0.05,0.05,0.05,0.05,0.05,0.05,0.05,0.05,0.05,0.05,0.0,0.0,0.0,0.0,0.0,0.0,0.0,0.0,0.0,0.0,0.0,0.0,0.0,0.0,0.0,0.0,0.0,0.0,0.0,0.0
0.2667595446109772,0.5356245636940002,-0.0035958047956228256,-0.07100726664066315,0.34356391429901123,0.23179179430007935,0.01966831646859646,0.028065908700227737,0.7290837168693542,0.13287943601608276,0.09501147270202637,0.11519113928079605,0.8024197816848755,0.0035072453320026398,0.08915987610816956,0.19045722484588623,0.8483749628067017,-0.07262613624334335,0.09247499704360962,0.14193080365657806,2.291576936841011,-0.6458282470703125,2.4125120602548122,0.08869003504514694,-2.1850675344467163,-0.4741482436656952,0.26024687103927135,0.024696718901395798,2.4908840656280518,-0.3936849534511566,1.7292819917201996,1.2291617691516876,2.9104724526405334,0.013261951971799135,1.9227076321840286,1.336028054356575,1.8277227878570557,0.5002837628126144,1.0570814833045006,0.6945129483938217,3.0,3.0,3.0,3.0,3.0,3.0,3.0,3.0,3.0,3.0,3.0,3.0,3.0,3.0,3.0,3.0,3.0,3.0,3.0,3.0,0.05,0.05,0.05,0.05,0.05,0.05,0.05,0.05,0.05,0.05,0.05,0.05,0.05,0.05,0.05,0.05,0.05,0.05,0.05,0.05,0.0,0.0,0.0,0.0,0.0,0.0,0.0,0.0,0.0,0.0,0.0,0.0,0.0,0.0,0.0,0.0,0.0,0.0,0.0,0.0,0.6846558451652527,0.4857873022556305,0.22621847689151764,0.2977135181427002,0.6123267412185669,0.0011272616684436798,0.9227560758590698,0.5174104571342468,1.001889944076538,0.021630339324474335,1.2487165927886963,0.7792156338691711,0.900111973285675,0.08208159357309341,1.2786282300949097,0.8202967047691345,0.5057299137115479,0.19014790654182434,0.8439303636550903,0.15324480831623077,2.0295754075050354,-2.1813668310642242,-0.3689926117658615,0.5729682743549347,-3.09954434633255,0.4516071639955044,-5.859503149986267,-3.6896519362926483,0.19020885229110718,0.612323172390461,-0.05944669246673584,0.7479175925254822,1.7947107553482056,0.7761148735880852,-0.6774783134460449,1.1149868369102478,6.4350225031375885,-0.4175666719675064,1.6669973731040955,-0.42028985917568207,3.0,3.0,3.0,3.0,3.0,3.0,3.0,3.0,3.0,3.0,3.0,3.0,3.0,3.0,3.0,3.0,3.0,3.0,3.0,3.0,0.05,0.05,0.05,0.05,0.05,0.05,0.05,0.05,0.05,0.05,0.05,0.05,0.05,0.05,0.05,0.05,0.05,0.05,0.05,0.05,0.0,0.0,0.0,0.0,0.0,0.0,0.0,0.0,0.0,0.0,0.0,0.0,0.0,0.0,0.0,0.0,0.0,0.0,0.0,0.0
0.29835954308509827,0.5101795196533203,0.07092561572790146,-0.06704295426607132,0.3104401230812073,0.22046147286891937,0.025486845523118973,0.031608711928129196,0.7828786969184875,0.12243945896625519,0.1396312415599823,0.14824314415454865,0.870094895362854,-0.001452562864869833,0.13638609647750854,0.22531041502952576,0.8902015089988708,-0.0647757351398468,0.11795124411582947,0.15941405296325684,4.228488355875015,-2.581559121608734,2.5597601663321257,2.3776713758707047,-0.8482672274112701,-0.6530694663524628,-0.09471406228840351,0.054039666429162025,2.7607709169387817,-0.5662396550178528,3.3958040177822113,2.6494933292269707,3.0113518238067627,-0.23635720135644078,2.6133187115192413,2.318979799747467,1.871773600578308,0.11344905942678452,1.4934688806533813,1.160866767168045,3.0,3.0,3.0,3.0,3.0,3.0,3.0,3.0,3.0,3.0,3.0,3.0,3.0,3.0,3.0,3.0,3.0,3.0,3.0,3.0,0.05,0.05,0.05,0.05,0.05,0.05,0.05,0.05,0.05,0.05,0.05,0.05,0.05,0.05,0.05,0.05,0.05,0.05,0.05,0.05,0.0,0.0,0.0,0.0,0.0,0.0,0.0,0.0,0.0,0.0,0.0,0.0,0.0,0.0,0.0,0.0,0.0,0.0,0.0,0.0,0.7228213548660278,0.44169512391090393,0.22193977236747742,0.321988046169281,0.5504860281944275,0.00965973548591137,0.8041212558746338,0.4440084397792816,1.0059324502944946,0.033027563244104385,1.2475324869155884,0.7929842472076416,0.9364438056945801,0.09730978310108185,1.2656004428863525,0.8415628671646118,0.6324899792671204,0.1797388792037964,0.8694793581962585,0.14364710450172424,1.6192376613616943,-1.9755154848098755,0.034877657890319824,1.7225049436092377,-2.7836665511131287,0.37377155385911465,-6.210798025131226,-3.8378670811653137,0.242576003074646,0.5305048078298569,0.19868314266204834,0.7317930459976196,1.8314003944396973,0.7182173430919647,-0.5099505186080933,1.0612010955810547,6.319330632686615,-0.6004340946674347,0.861811637878418,-0.552840530872345,3.0,3.0,3.0,3.0,3.0,3.0,3.0,3.0,3.0,3.0,3.0,3.0,3.0,3.0,3.0,3.0,3.0,3.0,3.0,3.0,0.05,0.05,0.05,0.05,0.05,0.05,0.05,0.05,0.05,0.05,0.05,0.05,0.05,0.05,0.05,0.05,0.05,0.05,0.05,0.05,0.0,0.0,0.0,0.0,0.0,0.0,0.0,0.0,0.0,0.0,0.0,0.0,0.0,0.0,0.0,0.0,0.0,0.0,0.0,0.0
0.4358990788459778,0.4323621988296509,0.0987946018576622,0.02409958839416504,0.3096332252025604,0.20566901564598083,0.015879753977060318,0.03022749535739422,0.8395145535469055,0.11022984981536865,0.23084363341331482,0.22117087244987488,0.922873854637146,-0.0059470427222549915,0.1936926245689392,0.2832164168357849,0.923245906829834,-0.06808817386627197,0.15221375226974487,0.18836547434329987,5.50389364361763,-2.803666889667511,1.7754239961504936,5.071531422436237,-0.5640938878059387,-0.982009619474411,0.03259922377765179,0.10516270995140076,3.2922133803367615,-0.6435705348849297,4.730287939310074,3.6818254739046097,3.2187819480895996,-0.3242130042053759,3.345157951116562,3.0949868261814117,2.2409290075302124,-0.1272028312087059,2.1398738026618958,1.639062911272049,3.0,3.0,3.0,3.0,3.0,3.0,3.0,3.0,3.0,3.0,3.0,3.0,3.0,3.0,3.0,3.0,3.0,3.0,3.0,3.0,0.05,0.05,0.05,0.05,0.05,0.05,0.05,0.05,0.05,0.05,0.05,0.05,0.05,0.05,0.05,0.05,0.05,0.05,0.05,0.05,0.0,0.0,0.0,0.0,0.0,0.0,0.0,0.0,0.0,0.0,0.0,0.0,0.0,0.0,0.0,0.0,0.0,0.0,0.0,0.0,0.7494253516197205,0.4067666828632355,0.22761358320713043,0.3666137158870697,0.5009800791740417,0.016078123822808266,0.6743241548538208,0.3638957738876343,1.011592984199524,0.04285053163766861,1.2566639184951782,0.8084873557090759,0.9733679890632629,0.110810287296772,1.258230209350586,0.8627447485923767,0.7585031390190125,0.16613054275512695,0.878402829170227,0.13113118708133698,1.152542233467102,-1.550716906785965,0.45342855155467987,2.5567129254341125,-2.306683361530304,0.26710997335612774,-6.187805533409119,-3.8154594600200653,0.28235018253326416,0.4438461735844612,0.5976587533950806,0.7825389504432678,1.7630457878112793,0.6024099886417389,-0.22604763507843018,0.9946644306182861,6.064675748348236,-0.7154028862714767,0.4784092307090759,-0.5086228251457214,3.0,3.0,3.0,3.0,3.0,3.0,3.0,3.0,3.0,3.0,3.0,3.0,3.0,3.0,3.0,3.0,3.0,3.0,3.0,3.0,0.05,0.05,0.05,0.05,0.05,0.05,0.05,0.05,0.05,0.05,0.05,0.05,0.05,0.05,0.05,0.05,0.05,0.05,0.05,0.05,0.0,0.0,0.0,0.0,0.0,0.0,0.0,0.0,0.0,0.0,0.0,0.0,0.0,0.0,0.0,0.0,0.0,0.0,0.0,0.0
0.5185152888298035,0.3980328440666199,0.1419425755739212,0.13581830263137817,0.2878763675689697,0.18118108808994293,0.026790814474225044,0.035815220326185226,0.914567232131958,0.096696637570858,0.32884275913238525,0.29551616311073303,0.998846173286438,-0.01442108303308487,0.270192414522171,0.3491098880767822,0.9798386693000793,-0.06986384838819504,0.2035461962223053,0.2249765694141388,3.4678488969802856,-1.7592191696166992,2.295120991766453,5.14882393181324,-1.007217913866043,-1.3567861169576645,0.6416277028620243,0.027421535924077034,3.0602365732192993,-0.970735028386116,5.81221729516983,4.352404922246933,3.0890285968780518,-0.6733963149599731,4.316017031669617,3.7183456122875214,2.4691522121429443,-0.38481317460536957,3.295428305864334,2.3550812155008316,3.0,3.0,3.0,3.0,3.0,3.0,3.0,3.0,3.0,3.0,3.0,3.0,3.0,3.0,3.0,3.0,3.0,3.0,3.0,3.0,0.05,0.05,0.05,0.05,0.05,0.05,0.05,0.05,0.05,0.05,0.05,0.05,0.05,0.05,0.05,0.05,0.05,0.05,0.05,0.05,0.0,0.0,0.0,0.0,0.0,0.0,0.0,0.0,0.0,0.0,0.0,0.0,0.0,0.0,0.0,0.0,0.0,0.0,0.0,0.0,0.7689230442047119,0.37966644763946533,0.2400769144296646,0.4242565631866455,0.45821869373321533,0.02034413442015648,0.556609034538269,0.291390061378479,1.0172264575958252,0.050781410187482834,1.2714388370513916,0.8242858052253723,1.0069656372070312,0.1214061826467514,1.2565585374832153,0.8813494443893433,0.8750770092010498,0.15112276375293732,0.8886157274246216,0.12330219149589539,1.1471271514892578,-1.348135620355606,0.5760882049798965,2.369093894958496,-1.3014234602451324,0.3111408092081547,-4.71809059381485,-2.8257399797439575,0.29721856117248535,0.4042341373860836,0.3488391637802124,0.5730196833610535,1.5180394053459167,0.5453484132885933,-0.44174790382385254,0.6620973348617554,5.225034058094025,-0.6474919617176056,0.8706822991371155,0.08320137858390808,3.0,3.0,3.0,3.0,3.0,3.0,3.0,3.0,3.0,3.0,3.0,3.0,3.0,3.0,3.0,3.0,3.0,3.0,3.0,3.0,0.05,0.05,0.05,0.05,0.05,0.05,0.05,0.05,0.05,0.05,0.05,0.05,0.05,0.05,0.05,0.05,0.05,0.05,0.05,0.05,0.0,0.0,0.0,0.0,0.0,0.0,0.0,0.0,0.0,0.0,0.0,0.0,0.0,0.0,0.0,0.0,0.0,0.0,0.0,0.0
0.5746130347251892,0.3619934320449829,0.1905994415283203,0.23005254566669464,0.2693445086479187,0.15139757096767426,0.04154486209154129,0.0313243567943573,0.9619240164756775,0.07140044867992401,0.46333232522010803,0.3952670693397522,1.046434998512268,-0.032882895320653915,0.3663333058357239,0.43195024132728577,1.0220119953155518,-0.08348070085048676,0.28403088450431824,0.28256872296333313,2.727954089641571,-1.5035420656204224,2.31468565762043,4.328086227178574,-0.961655005812645,-1.3381287455558777,0.29777190648019314,-0.0674000009894371,2.5736182928085327,-1.2218886986374855,7.163786888122559,5.127891153097153,2.995091676712036,-0.9359607473015785,5.432986468076706,4.325100779533386,2.555038034915924,-0.7170123979449272,4.4894397258758545,3.1051911413669586,3.0,3.0,3.0,3.0,3.0,3.0,3.0,3.0,3.0,3.0,3.0,3.0,3.0,3.0,3.0,3.0,3.0,3.0,3.0,3.0,0.05,0.05,0.05,0.05,0.05,0.05,0.05,0.05,0.05,0.05,0.05,0.05,0.05,0.05,0.05,0.05,0.05,0.05,0.05,0.05,0.0,0.0,0.0,0.0,0.0,0.0,0.0,0.0,0.0,0.0,0.0,0.0,0.0,0.0,0.0,0.0,0.0,0.0,0.0,0.0,0.7953104376792908,0.35284125804901123,0.2506571114063263,0.46137747168540955,0.44892314076423645,0.028523756191134453,0.4856005311012268,0.250866174697876,1.0234817266464233,0.059019897133111954,1.2706174850463867,0.8314081430435181,1.0340895652770996,0.13262422382831573,1.2405602931976318,0.8892286419868469,0.9675045013427734,0.14023086428642273,0.9132301211357117,0.1344592422246933,1.397383213043213,-1.3524889945983887,0.5126457661390305,1.456104964017868,0.15786364674568176,0.5348923616111279,-2.360033243894577,-1.2059841305017471,0.5047500133514404,0.4345274530351162,-0.3243595361709595,0.26522278785705566,1.3239383697509766,0.613003596663475,-1.0092079639434814,0.24082064628601074,3.991091251373291,-0.5074832588434219,1.485075056552887,0.9854815900325775,3.0,3.0,3.0,3.0,3.0,3.0,3.0,3.0,3.0,3.0,3.0,3.0,3.0,3.0,3.0,3.0,3.0,3.0,3.0,3.0,0.05,0.05,0.05,0.05,0.05,0.05,0.05,0.05,0.05,0.05,0.05,0.05,0.05,0.05,0.05,0.05,0.05,0.05,0.05,0.05,0.0,0.0,0.0,0.0,0.0,0.0,0.0,0.0,0.0,0.0,0.0,0.0,0.0,0.0,0.0,0.0,0.0,0.0,0.0,0.0
0.6276334524154663,0.337891161441803,0.2345300018787384,0.3089417517185211,0.24941016733646393,0.12765593826770782,0.03870169073343277,0.03311922028660774,1.0175119638442993,0.04782108962535858,0.6153942346572876,0.5006318092346191,1.1186498403549194,-0.05185951292514801,0.48751187324523926,0.5221139192581177,1.0820401906967163,-0.09854434430599213,0.3831237852573395,0.34918421506881714,2.234111726284027,-0.3206208348274231,2.301083505153656,3.8343291729688644,-0.1103810966014862,-1.339104026556015,0.013020727783441544,-0.08257911540567875,1.6151323914527893,-0.5589487962424755,8.480576425790787,5.765560269355774,2.752402424812317,-0.49905162304639816,7.2473034262657166,5.049794167280197,1.7629623413085938,-0.34949611872434616,6.3986606895923615,4.416845738887787,3.0,3.0,3.0,3.0,3.0,3.0,3.0,3.0,3.0,3.0,3.0,3.0,3.0,3.0,3.0,3.0,3.0,3.0,3.0,3.0,0.05,0.05,0.05,0.05,0.05,0.05,0.05,0.05,0.05,0.05,0.05,0.05,0.05,0.05,0.05,0.05,0.05,0.05,0.05,0.05,0.0,0.0,0.0,0.0,0.0,0.0,0.0,0.0,0.0,0.0,0.0,0.0,0.0,0.0,0.0,0.0,0.0,0.0,0.0,0.0,0.8248183727264404,0.3255668878555298,0.26058274507522583,0.48250076174736023,0.4645332396030426,0.04173982888460159,0.46220770478248596,0.24315069615840912,1.0374164581298828,0.06816250830888748,1.2584644556045532,0.8348947167396545,1.0599231719970703,0.1459263265132904,1.216190218925476,0.8909822702407837,1.0347206592559814,0.13082343339920044,0.9480187296867371,0.1627214550971985,1.4618650078773499,-1.5590742230415344,0.42292624711990356,0.8849158883094788,1.1659689247608185,0.735623249784112,-0.2421647310256958,0.18319115042686462,0.8170068264007568,0.4380817525088787,-1.1869817972183228,0.003547966480255127,1.2239843606948853,0.5585957318544388,-1.4879107475280762,-0.005626678466796875,2.897840738296509,-0.4871141165494919,1.8307402729988098,1.736566424369812,3.0,3.0,3.0,3.0,3.0,3.0,3.0,3.0,3.0,3.0,3.0,3.0,3.0,3.0,3.0,3.0,3.0,3.0,3.0,3.0,0.05,0.05,0.05,0.05,0.05,0.05,0.05,0.05,0.05,0.05,0.05,0.05,0.05,0.05,0.05,0.05,0.05,0.05,0.05,0.05,0.0,0.0,0.0,0.0,0.0,0.0,0.0,0.0,0.0,0.0,0.0,0.0,0.0,0.0,0.0,0.0,0.0,0.0,0.0,0.0
0.6639775037765503,0.349168598651886,0.28264278173446655,0.3834257125854492,0.26492926478385925,0.09783340990543365,0.04206569120287895,0.02802119217813015,1.026529312133789,0.04904249683022499,0.8025553822517395,0.6258894801139832,1.1565310955047607,-0.05284496024250984,0.6562254428863525,0.6339420080184937,1.0925304889678955,-0.0974605455994606,0.5399773120880127,0.4592425525188446,1.7668142914772034,1.264362782239914,2.3979060351848602,3.304079920053482,0.4108678549528122,-1.2101732194423676,0.049108732491731644,0.109816063195467,0.1283109188079834,0.5051631480455399,8.4062859416008,5.2702635526657104,1.0188907384872437,0.5097275599837303,7.922406494617462,4.941453039646149,0.14372766017913818,0.5701947957277298,8.191212266683578,5.5306702852249146,3.0,3.0,3.0,3.0,3.0,3.0,3.0,3.0,3.0,3.0,3.0,3.0,3.0,3.0,3.0,3.0,3.0,3.0,3.0,3.0,0.05,0.05,0.05,0.05,0.05,0.05,0.05,0.05,0.05,0.05,0.05,0.05,0.05,0.05,0.05,0.05,0.05,0.05,0.05,0.05,0.0,0.0,0.0,0.0,0.0,0.0,0.0,0.0,0.0,0.0,0.0,0.0,0.0,0.0,0.0,0.0,0.0,0.0,0.0,0.0,0.8537850379943848,0.29047828912734985,0.26757416129112244,0.4967741072177887,0.4955618977546692,0.05794868618249893,0.475913941860199,0.25819382071495056,1.0561619997024536,0.0765431672334671,1.2231382131576538,0.8315500617027283,1.083048939704895,0.1549680531024933,1.1810438632965088,0.889003574848175,1.0834181308746338,0.12074629962444305,0.9864597320556641,0.20392189919948578,1.403665542602539,-2.0312558859586716,0.2654224634170532,0.6383053958415985,2.1031565964221954,0.7941065356135368,1.445690542459488,1.186174526810646,1.0830104351043701,0.32863207161426544,-2.1858155727386475,-0.2894744277000427,1.17245614528656,0.36607086658477783,-1.932629942893982,-0.1157224178314209,2.186635136604309,-0.5070053040981293,1.783643662929535,2.1108798682689667,3.0,3.0,3.0,3.0,3.0,3.0,3.0,3.0,3.0,3.0,3.0,3.0,3.0,3.0,3.0,3.0,3.0,3.0,3.0,3.0,0.05,0.05,0.05,0.05,0.05,0.05,0.05,0.05,0.05,0.05,0.05,0.05,0.05,0.05,0.05,0.05,0.05,0.05,0.05,0.05,0.0,0.0,0.0,0.0,0.0,0.0,0.0,0.0,0.0,0.0,0.0,0.0,0.0,0.0,0.0,0.0,0.0,0.0,0.0,0.0
0.6983060240745544,0.38846567273139954,0.3304462432861328,0.4411049485206604,0.2658448815345764,0.07924900949001312,0.040666040033102036,0.03751186281442642,1.0226444005966187,0.06802761554718018,0.9516456723213196,0.7114423513412476,1.1594054698944092,-0.0314704105257988,0.8044081330299377,0.7197720408439636,1.0877892971038818,-0.07573655247688293,0.7107722759246826,0.5704110264778137,1.3429775834083557,1.8790118396282196,2.2041693329811096,2.5098443031311035,0.35738348960876465,-0.9942963719367981,-0.263447780162096,0.4424625542014837,-0.07118582725524902,0.9537779726088047,6.725029647350311,4.044914245605469,-0.006735324859619141,1.169811049476266,7.178531587123871,3.675684332847595,-0.3316938877105713,1.2975942343473434,8.285018801689148,5.073828250169754,3.0,3.0,3.0,3.0,3.0,3.0,3.0,3.0,3.0,3.0,3.0,3.0,3.0,3.0,3.0,3.0,3.0,3.0,3.0,3.0,0.05,0.05,0.05,0.05,0.05,0.05,0.05,0.05,0.05,0.05,0.05,0.05,0.05,0.05,0.05,0.05,0.05,0.05,0.05,0.05,0.0,0.0,0.0,0.0,0.0,0.0,0.0,0.0,0.0,0.0,0.0,0.0,0.0,0.0,0.0,0.0,0.0,0.0,0.0,0.0,0.880964994430542,0.24431665241718292,0.27119964361190796,0.5080329775810242,0.5486595034599304,0.07350409030914307,0.5200353264808655,0.29059767723083496,1.0807368755340576,0.0813077911734581,1.1710318326950073,0.8233157396316528,1.1068214178085327,0.16056916117668152,1.1388850212097168,0.8863533735275269,1.1221860647201538,0.11054322123527527,1.0193644762039185,0.24715664982795715,1.3391166925430298,-2.2734366357326508,0.12974068522453308,0.4872910678386688,3.136458992958069,0.7840072736144066,2.175992727279663,1.7769783735275269,1.5123367309570312,0.23825392127037048,-3.225356340408325,-0.5518063902854919,1.3262927532196045,0.19103474915027618,-2.536720037460327,-0.12638568878173828,1.8403619527816772,-0.5298182368278503,1.4328688383102417,2.2965479642152786,3.0,3.0,3.0,3.0,3.0,3.0,3.0,3.0,3.0,3.0,3.0,3.0,3.0,3.0,3.0,3.0,3.0,3.0,3.0,3.0,0.05,0.05,0.05,0.05,0.05,0.05,0.05,0.05,0.05,0.05,0.05,0.05,0.05,0.05,0.05,0.05,0.05,0.05,0.05,0.05,0.0,0.0,0.0,0.0,0.0,0.0,0.0,0.0,0.0,0.0,0.0,0.0,0.0,0.0,0.0,0.0,0.0,0.0,0.0,0.0
0.7176966071128845,0.42432907223701477,0.37080955505371094,0.48381948471069336,0.27922460436820984,0.05806155502796173,0.03152777999639511,0.0457196943461895,1.023681879043579,0.08719361573457718,1.071556568145752,0.7876860499382019,1.156261682510376,-0.006052518263459206,0.9433667063713074,0.7809693813323975,1.0792627334594727,-0.045556776225566864,0.8713780641555786,0.6621956825256348,1.0583654046058544,1.7156131565570762,1.5168942511081682,1.5399262309074346,1.0077230632305048,-0.9906125254929016,-0.1929023303091526,0.4432305693626376,-0.17237961292266846,0.8459057658910724,5.395989120006539,3.220207989215845,-0.43734908103942316,1.1423205025494076,6.080879271030404,2.2992864251136806,-1.035231351852406,1.3311452697962523,6.4082086086273105,3.5410284996032715,3.0,3.0,3.0,3.0,3.0,3.0,3.0,3.0,3.0,3.0,3.0,3.0,3.0,3.0,3.0,3.0,3.0,3.0,3.0,3.0,0.05,0.05,0.05,0.05,0.05,0.05,0.05,0.05,0.05,0.05,0.05,0.05,0.05,0.05,0.05,0.05,0.05,0.05,0.05,0.05,0.0,0.0,0.0,0.0,0.0,0.0,0.0,0.0,0.0,0.0,0.0,0.0,0.0,0.0,0.0,0.0,0.0,0.0,0.0,0.0,0.907349705696106,0.19954082369804382,0.27276378870010376,0.5162657499313354,0.6210202574729919,0.0893089771270752,0.5629536509513855,0.32927295565605164,1.1166554689407349,0.08607332408428192,1.0941239595413208,0.8094778060913086,1.1361006498336792,0.16260944306850433,1.0795750617980957,0.8839481472969055,1.1570326089859009,0.09955357015132904,1.0437744855880737,0.2957838177680969,0.44766366481781283,-1.1812783777713776,0.16525015234946927,0.2582758665084839,2.8384417295455875,1.1056041345000183,0.6295114755630549,0.9881682693958282,1.5446037054061834,0.4238283261656726,-3.3673763275146373,-0.4257678985595703,1.252791285514826,0.23983232676982671,-2.742093801498402,-0.01789927482605258,1.6223549842834417,-0.514359027147291,0.8518368005752563,2.174860239028921,3.0,3.0,3.0,3.0,3.0,3.0,3.0,3.0,3.0,3.0,3.0,3.0,3.0,3.0,3.0,3.0,3.0,3.0,3.0,3.0,0.05,0.05,0.05,0.05,0.05,0.05,0.05,0.05,0.05,0.05,0.05,0.05,0.05,0.05,0.05,0.05,0.05,0.05,0.05,0.05,0.0,0.0,0.0,0.0,0.0,0.0,0.0,0.0,0.0,0.0,0.0,0.0,0.0,0.0,0.0,0.0,0.0,0.0,0.0,0.0
0.7406406402587886,0.4570901989936826,0.39112201333045954,0.5027019977569578,0.3061538040637966,0.03962450847029706,0.03294994682073593,0.055241085588931926,1.015749216079712,0.10186384618282307,1.1674852371215811,0.8402506709098814,1.1419115066528323,0.014222409576177509,1.047643303871154,0.8117434978485109,1.0463800430297856,-0.022490741685032848,0.9671006202697751,0.7120521664619446,1.3508871197700416,1.2853160500526415,0.5671635270118727,0.7899627089500427,1.6818031668662914,-0.907027442008252,-0.09570647962391254,0.5057207308709587,-0.5845785140991155,0.5460549145936963,4.316791892051685,1.6095101833343506,-0.7949680089950506,0.6269178818911314,4.340066015720356,0.5654662847518976,-1.483812928199768,0.5393470171839005,2.674265205860138,0.7533147931099021,3.0,3.0,3.0,3.0,3.0,3.0,3.0,3.0,3.0,3.0,3.0,3.0,3.0,3.0,3.0,3.0,3.0,3.0,3.0,3.0,0.05,0.05,0.05,0.05,0.05,0.05,0.05,0.05,0.05,0.05,0.05,0.05,0.05,0.05,0.05,0.05,0.05,0.05,0.05,0.05,0.0,0.0,0.0,0.0,0.0,0.0,0.0,0.0,0.0,0.0,0.0,0.0,0.0,0.0,0.0,0.0,0.0,0.0,0.0,0.0,0.8988715410232545,0.19706551730632782,0.27780964970588673,0.5183640122413635,0.6621971726417539,0.1177282556891438,0.5452157855033877,0.3301244080066681,1.142521023750305,0.098260924220085,1.0363367795944218,0.80628502368927,1.1569330692291258,0.1701624542474746,1.0292012691497807,0.8856374025344848,1.1870802640914915,0.08996886014938363,1.0534379482269287,0.334151059389114,-0.7629022002220098,0.3769505769014303,0.2838857471942874,0.01765340566635132,1.4268457889556885,1.4179717749357161,-2.0445749163627402,-0.7919467985629924,1.0808318853378296,0.6415227428078627,-2.407208085060114,0.028556585311886873,0.8597314357757568,0.4414092749357196,-2.219706773757932,0.16498714685440063,1.3091206550598034,-0.378424301743506,0.2472400665283203,1.7112441360950401,3.0,3.0,3.0,3.0,3.0,3.0,3.0,3.0,3.0,3.0,3.0,3.0,3.0,3.0,3.0,3.0,3.0,3.0,3.0,3.0,0.05,0.05,0.05,0.05,0.05,0.05,0.05,0.05,0.05,0.05,0.05,0.05,0.05,0.05,0.05,0.05,0.05,0.05,0.05,0.05,0.0,0.0,0.0,0.0,0.0,0.0,0.0,0.0,0.0,0.0,0.0,0.0,0.0,0.0,0.0,0.0,0.0,0.0,0.0,0.0
0.7717320919036862,0.47574171423912043,0.39349609613418585,0.5154179930686951,0.3464967310428615,0.021780457347631645,0.02769952081143861,0.06594852358102785,1.0002987384796145,0.10903581231832503,1.2442282438278194,0.8520664572715759,1.124462962150574,0.01902419701218605,1.1169693470001216,0.8035880327224734,1.019910216331482,-0.02398289553821084,0.9783486723899841,0.6923282742500309,1.5649184584617726,0.5863733589649269,-0.24258047342300276,0.19353926181793768,2.025577425956736,-0.8524201344698717,-0.23413421586155891,0.5909902974963216,-0.6334185600280762,0.07796566933393756,3.0480027198791726,0.05129724740982611,-1.0439693927764948,-0.013362755998966866,2.4401903152466042,-0.8464559912681607,-1.227518916130077,-0.16021495684981338,0.06337165832520364,-1.4140203595161438,3.0,3.0,3.0,3.0,3.0,3.0,3.0,3.0,3.0,3.0,3.0,3.0,3.0,3.0,3.0,3.0,3.0,3.0,3.0,3.0,0.05,0.05,0.05,0.05,0.05,0.05,0.05,0.05,0.05,0.05,0.05,0.05,0.05,0.05,0.05,0.05,0.05,0.05,0.05,0.05,0.0,0.0,0.0,0.0,0.0,0.0,0.0,0.0,0.0,0.0,0.0,0.0,0.0,0.0,0.0,0.0,0.0,0.0,0.0,0.0,0.8768336176872256,0.21461884677410104,0.28411921858787526,0.5169718861579895,0.6780940890312195,0.14602784812450384,0.4811706542968759,0.29759508371353194,1.159888744354248,0.11173423379659643,0.9978356361389162,0.8106200695037841,1.1704899072647095,0.18026581406593312,0.9907867908477784,0.8905476331710815,1.209397435188293,0.0844165980815888,1.0536640882492065,0.3642335832118985,-0.9800046682357816,0.9091399610042572,0.4063978791236905,0.09254813194274902,0.5055263638496454,1.1374847963452421,-3.828620165586477,-2.074534073472023,0.7523357868194636,0.5080085247755085,-1.3239458203315846,0.38767755031585693,0.6640553474426325,0.47695115208626,-1.2040019035339466,0.518834590911868,0.8869200944900568,-0.22730622440576762,-0.20084083080291748,1.3406619429588416,3.0,3.0,3.0,3.0,3.0,3.0,3.0,3.0,3.0,3.0,3.0,3.0,3.0,3.0,3.0,3.0,3.0,3.0,3.0,3.0,0.05,0.05,0.05,0.05,0.05,0.05,0.05,0.05,0.05,0.05,0.05,0.05,0.05,0.05,0.05,0.05,0.05,0.05,0.05,0.05,0.0,0.0,0.0,0.0,0.0,0.0,0.0,0.0,0.0,0.0,0.0,0.0,0.0,0.0,0.0,0.0,0.0,0.0,0.0,0.0
0.8032373785972595,0.48054513335227966,0.38141879439353943,0.5104435682296753,0.38717690110206604,0.00552770309150219,0.023584578186273575,0.07888069748878479,0.9904124736785889,0.10498247295618057,1.289405345916748,0.8423025608062744,1.1001527309417725,0.013687899336218834,1.145250916481018,0.7778852581977844,0.9972792863845825,-0.028899339959025383,0.9696354866027832,0.6554913520812988,1.7139866948127829,-0.09854882955551009,-0.8731968700885786,-0.9261220693588257,1.9537873566150776,-0.726794754154985,-0.1882045064121497,0.6967460736632382,-0.4104778170585688,-0.45403335243463483,1.1724293231964222,-0.9869992733001709,-1.2394398450851496,-0.43854156974703074,0.29620230197907604,-1.6860499978065546,-1.0429009795188904,-0.2996361348778016,-0.8726969361305237,-2.1642699837684716,3.0,3.0,3.0,3.0,3.0,3.0,3.0,3.0,3.0,3.0,3.0,3.0,3.0,3.0,3.0,3.0,3.0,3.0,3.0,3.0,0.05,0.05,0.05,0.05,0.05,0.05,0.05,0.05,0.05,0.05,0.05,0.05,0.05,0.05,0.05,0.05,0.05,0.05,0.05,0.05,0.0,0.0,0.0,0.0,0.0,0.0,0.0,0.0,0.0,0.0,0.0,0.0,0.0,0.0,0.0,0.0,0.0,0.0,0.0,0.0,0.8596713542938232,0.2334311157464981,0.29406556487083435,0.5220659375190735,0.6824182271957397,0.1632276475429535,0.3920709788799286,0.24714304506778717,1.1726144552230835,0.11858126521110535,0.9833789467811584,0.8217921257019043,1.183495283126831,0.189240500330925,0.9810411930084229,0.9063907861709595,1.2225570678710938,0.08087661117315292,1.045404314994812,0.38777753710746765,-0.6275579333305414,0.6923872977495249,0.5364708602428464,0.49719661474227905,-0.4498690366744995,0.6721928715705934,-4.12767827510836,-2.4564724415540806,0.7899492979049683,0.3037570044398332,-0.49125701189041693,0.5464419722557096,0.8564472198486328,0.3623712807893781,-0.14630258083343783,0.8325189352035522,0.4430711269378773,-0.09224209934473176,-0.44798552989959717,1.043320447206504,3.0,3.0,3.0,3.0,3.0,3.0,3.0,3.0,3.0,3.0,3.0,3.0,3.0,3.0,3.0,3.0,3.0,3.0,3.0,3.0,0.05,0.05,0.05,0.05,0.05,0.05,0.05,0.05,0.05,0.05,0.05,0.05,0.05,0.05,0.05,0.05,0.05,0.05,0.05,0.05,0.0,0.0,0.0,0.0,0.0,0.0,0.0,0.0,0.0,0.0,0.0,0.0,0.0,0.0,0.0,0.0,0.0,0.0,0.0,0.0
0.8402915596961975,0.4717997610569,0.3585682213306427,0.47837311029434204,0.4246482253074646,-0.007291332818567753,0.02017134055495262,0.09381836652755737,0.9838796257972717,0.09087447822093964,1.2911254167556763,0.8125864863395691,1.074885368347168,0.001482534222304821,1.1288174390792847,0.7361460328102112,0.9781941771507263,-0.035968340933322906,0.9434407949447632,0.605757474899292,1.4284536242485046,-0.525142252445221,-1.2492604553699493,-1.3517893850803375,1.8898844718933105,-0.5811891984194517,-0.08592894300818443,0.7401414215564728,-0.663253664970398,-0.7387707009911537,-0.5886644124984741,-1.6715079545974731,-1.5073508024215698,-0.6257841363549232,-1.3800114393234253,-2.175140380859375,-1.1493727564811707,-0.09189997799694538,-1.537899672985077,-2.4858593940734863,3.0,3.0,3.0,3.0,3.0,3.0,3.0,3.0,3.0,3.0,3.0,3.0,3.0,3.0,3.0,3.0,3.0,3.0,3.0,3.0,0.05,0.05,0.05,0.05,0.05,0.05,0.05,0.05,0.05,0.05,0.05,0.05,0.05,0.05,0.05,0.05,0.05,0.05,0.05,0.05,0.0,0.0,0.0,0.0,0.0,0.0,0.0,0.0,0.0,0.0,0.0,0.0,0.0,0.0,0.0,0.0,0.0,0.0,0.0,0.0,0.8517313003540039,0.24231433868408203,0.3055780529975891,0.5368597507476807,0.6600993275642395,0.17291556298732758,0.3160635232925415,0.1993361860513687,1.1914867162704468,0.12388451397418976,0.9781853556632996,0.8324777483940125,1.2047477960586548,0.19476066529750824,0.9849346876144409,0.9238483905792236,1.227120280265808,0.08072691410779953,1.0357446670532227,0.4059664011001587,-0.10697096586227417,0.2844270318746567,0.7039211690425873,0.8717238903045654,-1.9732117652893066,0.2065952867269516,-3.2855965197086334,-2.242070809006691,1.0687708854675293,0.18732622265815735,0.008441507816314697,0.532551109790802,1.2866050004959106,0.1545727252960205,0.6843239068984985,0.9975597262382507,0.11349022388458252,0.10192841291427612,-0.5096763372421265,0.7926508784294128,3.0,3.0,3.0,3.0,3.0,3.0,3.0,3.0,3.0,3.0,3.0,3.0,3.0,3.0,3.0,3.0,3.0,3.0,3.0,3.0,0.05,0.05,0.05,0.05,0.05,0.05,0.05,0.05,0.05,0.05,0.05,0.05,0.05,0.05,0.05,0.05,0.05,0.05,0.05,0.05,0.0,0.0,0.0,0.0,0.0,0.0,0.0,0.0,0.0,0.0,0.0,0.0,0.0,0.0,0.0,0.0,0.0,0.0,0.0,0.0
0.8603755235671997,0.4595394432544708,0.33144837617874146,0.4563719928264618,0.46277227997779846,-0.01771986484527588,0.020147420465946198,0.1084863543510437,0.963882327079773,0.07543164491653442,1.265858769416809,0.7754422426223755,1.0398586988449097,-0.011343466117978096,1.090050458908081,0.6908796429634094,0.9513043761253357,-0.0325753390789032,0.9081194996833801,0.5560569763183594,-0.18921047449111938,-0.20624175667762756,-1.230870932340622,-0.7655009627342224,1.4308862388134003,-0.5969945108518004,0.1183731947094202,0.7953368127346039,-0.688430666923523,-0.8353348821401596,-2.3963063955307007,-2.2469371557235718,-1.5025675296783447,-0.5394974490627646,-2.7119994163513184,-2.428095042705536,-1.2568548321723938,0.2346716821193695,-2.118656039237976,-2.6761896908283234,3.0,3.0,3.0,3.0,3.0,3.0,3.0,3.0,3.0,3.0,3.0,3.0,3.0,3.0,3.0,3.0,3.0,3.0,3.0,3.0,0.05,0.05,0.05,0.05,0.05,0.05,0.05,0.05,0.05,0.05,0.05,0.05,0.05,0.05,0.05,0.05,0.05,0.05,0.05,0.05,0.0,0.0,0.0,0.0,0.0,0.0,0.0,0.0,0.0,0.0,0.0,0.0,0.0,0.0,0.0,0.0,0.0,0.0,0.0,0.0,0.8553925156593323,0.24480819702148438,0.32222241163253784,0.5569348931312561,0.6034897565841675,0.17149145901203156,0.26064711809158325,0.15746021270751953,1.2153652906417847,0.12607431411743164,0.983716607093811,0.8430941700935364,1.2349594831466675,0.1954234093427658,1.0084141492843628,0.9462931752204895,1.227096676826477,0.08495374768972397,1.025017261505127,0.41948357224464417,0.15301108360290527,0.1567736268043518,0.6463266909122467,0.31897127628326416,-2.759142220020294,-0.14572851359844208,-2.670179307460785,-1.687856763601303,1.0600268840789795,0.08829459547996521,0.3192394971847534,0.5019068717956543,1.2873440980911255,0.017311424016952515,1.0938286781311035,1.0353565216064453,0.06371438503265381,0.16301516443490982,-0.49522221088409424,0.5867674946784973,3.0,3.0,3.0,3.0,3.0,3.0,3.0,3.0,3.0,3.0,3.0,3.0,3.0,3.0,3.0,3.0,3.0,3.0,3.0,3.0,0.05,0.05,0.05,0.05,0.05,0.05,0.05,0.05,0.05,0.05,0.05,0.05,0.05,0.05,0.05,0.05,0.05,0.05,0.05,0.05,0.0,0.0,0.0,0.0,0.0,0.0,0.0,0.0,0.0,0.0,0.0,0.0,0.0,0.0,0.0,0.0,0.0,0.0,0.0,0.0
0.8327231407165527,0.4635500907897949,0.3093333840370178,0.44775307178497314,0.4818836748600006,-0.03117111325263977,0.02490626834332943,0.12563183903694153,0.9563423991203308,0.05746108293533325,1.1952731609344482,0.7227090001106262,1.0147826671600342,-0.020097363740205765,1.020337462425232,0.6390222311019897,0.9279199838638306,-0.026581473648548126,0.8586945533752441,0.49870988726615906,-1.838243007659912,0.07193386554718018,-0.9993866086006165,-0.22705569863319397,0.69923996925354,-0.772389117628336,0.1092372927814722,1.231636106967926,-0.012163817882537842,-1.0051731951534748,-4.513072967529297,-2.6508837938308716,-0.7154732942581177,-0.5510109942406416,-4.337939620018005,-2.508080005645752,-0.28604865074157715,0.1757561694830656,-2.7108192443847656,-3.0970677733421326,3.0,3.0,3.0,3.0,3.0,3.0,3.0,3.0,3.0,3.0,3.0,3.0,3.0,3.0,3.0,3.0,3.0,3.0,3.0,3.0,0.05,0.05,0.05,0.05,0.05,0.05,0.05,0.05,0.05,0.05,0.05,0.05,0.05,0.05,0.05,0.05,0.05,0.05,0.05,0.05,0.0,0.0,0.0,0.0,0.0,0.0,0.0,0.0,0.0,0.0,0.0,0.0,0.0,0.0,0.0,0.0,0.0,0.0,0.0,0.0,0.8578517436981201,0.2485852837562561,0.331431120634079,0.5496186017990112,0.5497336387634277,0.1670864224433899,0.2092563509941101,0.1318219155073166,1.233887791633606,0.12741629779338837,0.9909549355506897,0.8525540232658386,1.2562415599822998,0.19545312225818634,1.028687834739685,0.9652626514434814,1.2296688556671143,0.08724752068519592,1.0159357786178589,0.4294371008872986,0.07738471031188965,0.42475461959838867,0.2502806484699249,-0.6883487105369568,-3.132256120443344,-0.5158402025699615,-2.214689552783966,-1.1782776564359665,0.7808178663253784,0.1388121396303177,0.5689680576324463,0.5720466375350952,1.0009855031967163,0.06141774356365204,1.0261714458465576,0.9451106190681458,0.18754899501800537,0.14405325055122375,-0.6656870245933533,0.24656429886817932,3.0,3.0,3.0,3.0,3.0,3.0,3.0,3.0,3.0,3.0,3.0,3.0,3.0,3.0,3.0,3.0,3.0,3.0,3.0,3.0,0.05,0.05,0.05,0.05,0.05,0.05,0.05,0.05,0.05,0.05,0.05,0.05,0.05,0.05,0.05,0.05,0.05,0.05,0.05,0.05,0.0,0.0,0.0,0.0,0.0,0.0,0.0,0.0,0.0,0.0,0.0,0.0,0.0,0.0,0.0,0.0,0.0,0.0,0.0,0.0
0.7868458032608032,0.46241679787635803,0.2914729118347168,0.44728976488113403,0.49074187874794006,-0.04861542955040932,0.024516912177205086,0.15775179862976074,0.9633957743644714,0.03522471711039543,1.0853358507156372,0.6694068908691406,1.011239767074585,-0.03338390588760376,0.9165328741073608,0.5905564427375793,0.9398624300956726,-0.025545092299580574,0.7996867299079895,0.4321742653846741,-2.04528272151947,-0.1669175922870636,-0.9424157440662384,-0.04674941301345825,0.21250024437904358,-0.5607207305729389,-0.11118603870272636,1.3060055673122406,0.12302100658416748,-0.9634701069444418,-5.277380347251892,-2.4088844656944275,-0.26819705963134766,-0.49793049693107605,-5.005067586898804,-2.186155319213867,0.4890650510787964,0.058045145124197006,-2.907384932041168,-3.1506866216659546,3.0,3.0,3.0,3.0,3.0,3.0,3.0,3.0,3.0,3.0,3.0,3.0,3.0,3.0,3.0,3.0,3.0,3.0,3.0,3.0,0.05,0.05,0.05,0.05,0.05,0.05,0.05,0.05,0.05,0.05,0.05,0.05,0.05,0.05,0.05,0.05,0.05,0.05,0.05,0.05,0.0,0.0,0.0,0.0,0.0,0.0,0.0,0.0,0.0,0.0,0.0,0.0,0.0,0.0,0.0,0.0,0.0,0.0,0.0,0.0,0.8584879040718079,0.2617983818054199,0.33223363757133484,0.5294009447097778,0.4781995117664337,0.1508578509092331,0.1720595359802246,0.11032910645008087,1.2465980052947998,0.13162679970264435,1.0064753293991089,0.8659760355949402,1.2749989032745361,0.1978801190853119,1.049461007118225,0.9840975999832153,1.2345986366271973,0.09071587771177292,0.9983897805213928,0.42934614419937134,-0.17671585083007812,0.5869589745998383,0.07497742772102356,-1.0686755180358887,-3.1398385763168335,-0.9152427315711975,-1.792619377374649,-0.9733311831951141,0.4921764135360718,0.18956661224365234,0.7464900612831116,0.6114274263381958,0.854375958442688,0.1333385705947876,0.919613242149353,0.8605360984802246,0.3401637077331543,0.2362532541155815,-0.9223401546478271,-0.14139637351036072,3.0,3.0,3.0,3.0,3.0,3.0,3.0,3.0,3.0,3.0,3.0,3.0,3.0,3.0,3.0,3.0,3.0,3.0,3.0,3.0,0.05,0.05,0.05,0.05,0.05,0.05,0.05,0.05,0.05,0.05,0.05,0.05,0.05,0.05,0.05,0.05,0.05,0.05,0.05,0.05,0.0,0.0,0.0,0.0,0.0,0.0,0.0,0.0,0.0,0.0,0.0,0.0,0.0,0.0,0.0,0.0,0.0,0.0,0.0,0.0
0.7509118318557739,0.4568733870983124,0.2716367542743683,0.4458830952644348,0.49038368463516235,-0.05359994247555733,0.020458826795220375,0.17787206172943115,0.9612632393836975,0.01892227865755558,0.9841779470443726,0.6263536214828491,1.0040547847747803,-0.04001458361744881,0.8201347589492798,0.5515760183334351,0.9474825859069824,-0.024259667843580246,0.7423991560935974,0.3726824223995209,-1.5011489391326904,-0.43168142437934875,-0.9771011769771576,-0.05333423614501953,-0.3437161445617676,0.016550999134778976,-0.168967479839921,0.6706692278385162,-0.19770115613937378,-0.7123674964532256,-4.6783775091171265,-1.9649416208267212,-0.36413222551345825,-0.32834671437740326,-4.451549053192139,-1.7756879329681396,0.3559589385986328,0.02260184846818447,-2.6239588856697083,-2.7059391140937805,3.0,3.0,3.0,3.0,3.0,3.0,3.0,3.0,3.0,3.0,3.0,3.0,3.0,3.0,3.0,3.0,3.0,3.0,3.0,3.0,0.05,0.05,0.05,0.05,0.05,0.05,0.05,0.05,0.05,0.05,0.05,0.05,0.05,0.05,0.05,0.05,0.05,0.05,0.05,0.05,0.0,0.0,0.0,0.0,0.0,0.0,0.0,0.0,0.0,0.0,0.0,0.0,0.0,0.0,0.0,0.0,0.0,0.0,0.0,0.0,0.850783109664917,0.27206364274024963,0.3344302177429199,0.5068715810775757,0.4241400957107544,0.130476713180542,0.13755157589912415,0.09288866817951202,1.2535748481750488,0.13499896228313446,1.0208145380020142,0.8770111203193665,1.2904165983200073,0.20078666508197784,1.0654723644256592,0.9996840953826904,1.2432754039764404,0.09669765084981918,0.9790421724319458,0.42378124594688416,-0.3737926483154297,0.47122612595558167,0.1426510512828827,-0.9649224579334259,-2.479974925518036,-1.1620279401540756,-1.5358811244368553,-0.8885016664862633,0.28099119663238525,0.19470341503620148,0.6171286106109619,0.37809014320373535,0.8086264133453369,0.18826574087142944,0.7070869207382202,0.6481409072875977,0.553622841835022,0.32103750854730606,-1.01698637008667,-0.44550821185112,3.0,3.0,3.0,3.0,3.0,3.0,3.0,3.0,3.0,3.0,3.0,3.0,3.0,3.0,3.0,3.0,3.0,3.0,3.0,3.0,0.05,0.05,0.05,0.05,0.05,0.05,0.05,0.05,0.05,0.05,0.05,0.05,0.05,0.05,0.05,0.05,0.05,0.05,0.05,0.05,0.0,0.0,0.0,0.0,0.0,0.0,0.0,0.0,0.0,0.0,0.0,0.0,0.0,0.0,0.0,0.0,0.0,0.0,0.0,0.0
0.7267998456954956,0.4451495409011841,0.2523888647556305,0.44515639543533325,0.47699323296546936,-0.04795338958501816,0.017758212983608246,0.1845785677433014,0.9554877281188965,0.006730017252266407,0.8982007503509521,0.5908092260360718,0.9966744780540466,-0.04651777446269989,0.7384709119796753,0.5195289254188538,0.9541007876396179,-0.024641018360853195,0.6947283744812012,0.32393670082092285,-0.8572056889533997,-0.5000218749046326,-0.9751472622156143,-0.3217644989490509,-0.8945725858211517,0.5444635637104511,-0.11124536395072937,-0.12604370713233948,-0.40498673915863037,-0.5203354870900512,-4.036271572113037,-1.6587063670158386,-0.4500851035118103,-0.30983034521341324,-3.8739800453186035,-1.51682049036026,0.19544214010238647,-0.10664984583854675,-2.2644340991973877,-2.258933335542679,3.0,3.0,3.0,3.0,3.0,3.0,3.0,3.0,3.0,3.0,3.0,3.0,3.0,3.0,3.0,3.0,3.0,3.0,3.0,3.0,0.05,0.05,0.05,0.05,0.05,0.05,0.05,0.05,0.05,0.05,0.05,0.05,0.05,0.05,0.05,0.05,0.05,0.05,0.05,0.05,0.0,0.0,0.0,0.0,0.0,0.0,0.0,0.0,0.0,0.0,0.0,0.0,0.0,0.0,0.0,0.0,0.0,0.0,0.0,0.0,0.8435361981391907,0.2806474268436432,0.33793967962265015,0.4908040463924408,0.3790005147457123,0.10437673330307007,0.1106242910027504,0.07478903979063034,1.2578376531600952,0.1394149363040924,1.0311604738235474,0.8810996413230896,1.3073439598083496,0.20541074872016907,1.077744483947754,1.0100232362747192,1.2567435503005981,0.10355737805366516,0.957710325717926,0.41152581572532654,-0.4223048686981201,0.2715378999710083,0.20960494875907898,-0.6768204271793365,-2.1027013659477234,-1.47479809820652,-1.1910896748304367,-0.7878962904214859,0.12470483779907227,0.20866431295871735,0.4158914089202881,0.10658800601959229,0.8086413145065308,0.17945058643817902,0.5575180053710938,0.427323579788208,0.7384896278381348,0.35813506692647934,-0.9816572070121765,-0.6214708089828491,3.0,3.0,3.0,3.0,3.0,3.0,3.0,3.0,3.0,3.0,3.0,3.0,3.0,3.0,3.0,3.0,3.0,3.0,3.0,3.0,0.05,0.05,0.05,0.05,0.05,0.05,0.05,0.05,0.05,0.05,0.05,0.05,0.05,0.05,0.05,0.05,0.05,0.05,0.05,0.05,0.0,0.0,0.0,0.0,0.0,0.0,0.0,0.0,0.0,0.0,0.0,0.0,0.0,0.0,0.0,0.0,0.0,0.0,0.0,0.0
0.7166236042976379,0.4368725121021271,0.2326308637857437,0.4330125153064728,0.4546007812023163,-0.03182139992713928,0.0160090122371912,0.17283031344413757,0.9450637698173523,-0.0018911408260464668,0.8227270841598511,0.5600053668022156,0.9860513806343079,-0.052407797425985336,0.6651755571365356,0.49090319871902466,0.9553002715110779,-0.028525661677122116,0.6518217921257019,0.2823250889778137,-0.6812527775764465,0.025466829538345337,-0.8331034332513809,-0.9119398891925812,-0.8162453770637512,0.6951247341930866,-0.08502090349793434,-0.834435224533081,-0.5158066749572754,-0.3594941576011479,-3.52499783039093,-1.409001648426056,-0.5128368735313416,-0.248672254383564,-3.409409523010254,-1.2857422232627869,-0.0029727816581726074,-0.17723087221384048,-2.036033570766449,-1.9259396940469742,3.0,3.0,3.0,3.0,3.0,3.0,3.0,3.0,3.0,3.0,3.0,3.0,3.0,3.0,3.0,3.0,3.0,3.0,3.0,3.0,0.05,0.05,0.05,0.05,0.05,0.05,0.05,0.05,0.05,0.05,0.05,0.05,0.05,0.05,0.05,0.05,0.05,0.05,0.05,0.05,0.0,0.0,0.0,0.0,0.0,0.0,0.0,0.0,0.0,0.0,0.0,0.0,0.0,0.0,0.0,0.0,0.0,0.0,0.0,0.0,0.8338909149169922,0.28292515873908997,0.3428144156932831,0.4797987639904022,0.34003204107284546,0.07148478925228119,0.08990798890590668,0.06137281656265259,1.2585630416870117,0.14334553480148315,1.0374501943588257,0.8812746405601501,1.3227622509002686,0.207964688539505,1.087773084640503,1.0167770385742188,1.2728149890899658,0.11102305352687836,0.9397758841514587,0.3989224135875702,-0.38693100214004517,0.1215130090713501,0.17386451363563538,-0.48357024788856506,-1.7601124942302704,-1.5925221145153046,-0.9668096899986267,-0.6677402183413506,-0.08245110511779785,0.15028752386569977,0.20197629928588867,-0.08026063442230225,0.560268759727478,0.13752728700637817,0.2725332975387573,0.18472373485565186,0.7241338491439819,0.27821045368909836,-0.9544089436531067,-0.7174722850322723,3.0,3.0,3.0,3.0,3.0,3.0,3.0,3.0,3.0,3.0,3.0,3.0,3.0,3.0,3.0,3.0,3.0,3.0,3.0,3.0,0.05,0.05,0.05,0.05,0.05,0.05,0.05,0.05,0.05,0.05,0.05,0.05,0.05,0.05,0.05,0.05,0.05,0.05,0.05,0.05,0.0,0.0,0.0,0.0,0.0,0.0,0.0,0.0,0.0,0.0,0.0,0.0,0.0,0.0,0.0,0.0,0.0,0.0,0.0,0.0
0.6995497345924377,0.4461682140827179,0.21906472742557526,0.40867879986763,0.4443434178829193,-0.020148400217294693,0.014357376843690872,0.15120115876197815,0.9348554611206055,-0.007649749051779509,0.7572008371353149,0.5344491600990295,0.976161003112793,-0.05646466463804245,0.6020945310592651,0.4680992364883423,0.953981876373291,-0.031730253249406815,0.6132870316505432,0.24689911305904388,-1.008009910583496,0.7500812411308289,-0.5802653729915619,-1.437292993068695,-0.2500496804714203,0.46629982534796,-0.05859034135937691,-1.1064443737268448,-0.5434229969978333,-0.22914072033017874,-3.097665309906006,-1.1880069971084595,-0.5530238151550293,-0.219606701284647,-2.941867709159851,-1.0180823504924774,-0.06413906812667847,-0.13177543878555298,-1.7920508980751038,-1.6209237277507782,3.0,3.0,3.0,3.0,3.0,3.0,3.0,3.0,3.0,3.0,3.0,3.0,3.0,3.0,3.0,3.0,3.0,3.0,3.0,3.0,0.05,0.05,0.05,0.05,0.05,0.05,0.05,0.05,0.05,0.05,0.05,0.05,0.05,0.05,0.05,0.05,0.05,0.05,0.05,0.05,0.0,0.0,0.0,0.0,0.0,0.0,0.0,0.0,0.0,0.0,0.0,0.0,0.0,0.0,0.0,0.0,0.0,0.0,0.0,0.0,0.8280589580535889,0.2855079472064972,0.34489426016807556,0.4714612364768982,0.30859601497650146,0.040675848722457886,0.07195190340280533,0.04807943105697632,1.2545396089553833,0.1454264372587204,1.039239525794983,0.8778892159461975,1.3297547101974487,0.2109118402004242,1.0886458158493042,1.0174121856689453,1.2857089042663574,0.1146857962012291,0.9195339679718018,0.38282692432403564,-0.15961229801177979,0.05384013056755066,-0.029387325048446655,-0.358814001083374,-1.5384100377559662,-1.5656059607863426,-0.803326815366745,-0.5211147479712963,-0.23536384105682373,0.018783658742904663,-0.060364603996276855,-0.3986075520515442,0.4152029752731323,0.1028347760438919,-0.22497475147247314,-0.2364516258239746,0.9003102779388428,0.12534651905298233,-1.2972056865692139,-1.2224331498146057,3.0,3.0,3.0,3.0,3.0,3.0,3.0,3.0,3.0,3.0,3.0,3.0,3.0,3.0,3.0,3.0,3.0,3.0,3.0,3.0,0.05,0.05,0.05,0.05,0.05,0.05,0.05,0.05,0.05,0.05,0.05,0.05,0.05,0.05,0.05,0.05,0.05,0.05,0.05,0.05,0.0,0.0,0.0,0.0,0.0,0.0,0.0,0.0,0.0,0.0,0.0,0.0,0.0,0.0,0.0,0.0,0.0,0.0,0.0,0.0
0.6763032078742981,0.46687576174736023,0.20942024886608124,0.375520795583725,0.4445987939834595,-0.013169406913220882,0.013665398582816124,0.12857253849506378,0.923326849937439,-0.011056769639253616,0.6988204717636108,0.5124850869178772,0.9639304280281067,-0.061192065477371216,0.5475008487701416,0.45017990469932556,0.9527347087860107,-0.033796679228544235,0.5801397562026978,0.2174881398677826,-1.2376338243484497,0.9628914296627045,-0.49759745597839355,-2.0573168992996216,0.035694241523742676,0.27790891472250223,-0.12058932334184647,-1.132732629776001,-0.620877742767334,-0.08239542366936803,-2.823995053768158,-1.058470457792282,-0.6472855806350708,-0.29934290796518326,-2.5390639901161194,-0.7904917001724243,-0.11157989501953125,-0.09378306567668915,-1.5722215175628662,-1.3574212789535522,3.0,3.0,3.0,3.0,3.0,3.0,3.0,3.0,3.0,3.0,3.0,3.0,3.0,3.0,3.0,3.0,3.0,3.0,3.0,3.0,0.05,0.05,0.05,0.05,0.05,0.05,0.05,0.05,0.05,0.05,0.05,0.05,0.05,0.05,0.05,0.05,0.05,0.05,0.05,0.05,0.0,0.0,0.0,0.0,0.0,0.0,0.0,0.0,0.0,0.0,0.0,0.0,0.0,0.0,0.0,0.0,0.0,0.0,0.0,0.0,0.827506422996521,0.285078763961792,0.3416389226913452,0.46544620394706726,0.2784956395626068,0.008860550820827484,0.05777491629123688,0.040528226643800735,1.2491484880447388,0.14409688115119934,1.0350356101989746,0.8653303384780884,1.3393703699111938,0.21207807958126068,1.078774094581604,1.0073189735412598,1.3088274002075195,0.11603691428899765,0.8878876566886902,0.35002508759498596,-0.07483363151550293,-0.09752064943313599,-0.13310089707374573,-0.5060337483882904,-1.354970782995224,-1.5205680392682552,-0.5372182466089725,-0.42113810777664185,-0.3982961177825928,-0.08696876466274261,-0.2548724412918091,-0.6313174962997437,0.033918023109436035,0.011761114001274109,-0.687718391418457,-0.5802854895591736,0.9701579809188843,0.003056041896343231,-1.5797317028045654,-1.610514521598816,3.0,3.0,3.0,3.0,3.0,3.0,3.0,3.0,3.0,3.0,3.0,3.0,3.0,3.0,3.0,3.0,3.0,3.0,3.0,3.0,0.05,0.05,0.05,0.05,0.05,0.05,0.05,0.05,0.05,0.05,0.05,0.05,0.05,0.05,0.05,0.05,0.05,0.05,0.05,0.05,0.0,0.0,0.0,0.0,0.0,0.0,0.0,0.0,0.0,0.0,0.0,0.0,0.0,0.0,0.0,0.0,0.0,0.0,0.0,0.0
0.6500443816184998,0.4846838712692261,0.19916082918643951,0.32638612389564514,0.445771187543869,-0.009032043628394604,0.009533803910017014,0.10589185357093811,0.9100203514099121,-0.01094556599855423,0.6442410349845886,0.49211034178733826,0.9502695798873901,-0.06843838095664978,0.5005319714546204,0.4364795684814453,0.9495186805725098,-0.03548157587647438,0.5503981709480286,0.1926022619009018,-1.5934735536575317,0.8367262780666351,-0.2879086881875992,-2.8207704424858093,-0.11482089757919312,0.05716914311051369,0.396554172039032,-1.071937382221222,-0.5992025136947632,-0.033176364377141,-2.6476219296455383,-0.9976238012313843,-0.7181450724601746,-0.3836028277873993,-2.186884731054306,-0.5943670868873596,-0.23200809955596924,-0.12089628726243973,-1.4364391565322876,-1.157362386584282,3.0,3.0,3.0,3.0,3.0,3.0,3.0,3.0,3.0,3.0,3.0,3.0,3.0,3.0,3.0,3.0,3.0,3.0,3.0,3.0,0.05,0.05,0.05,0.05,0.05,0.05,0.05,0.05,0.05,0.05,0.05,0.05,0.05,0.05,0.05,0.05,0.05,0.05,0.05,0.05,0.0,0.0,0.0,0.0,0.0,0.0,0.0,0.0,0.0,0.0,0.0,0.0,0.0,0.0,0.0,0.0,0.0,0.0,0.0,0.0,0.8250656127929688,0.28160712122917175,0.33957022428512573,0.4512198865413666,0.2543971836566925,-0.020146872848272324,0.050463173538446426,0.031233906745910645,1.2386077642440796,0.1419476866722107,1.0290446281433105,0.8526365160942078,1.3311114311218262,0.21138228476047516,1.061137080192566,0.9942007660865784,1.3245152235031128,0.11480803787708282,0.8563446998596191,0.318406343460083,-0.09766966104507446,-0.20906329154968262,-0.014362484216690063,-0.9239137172698975,-1.251634955406189,-1.453978382050991,-0.3493945114314556,-0.29529426246881485,-0.8759588003158569,-0.17814897000789642,-0.4019498825073242,-0.6710529327392578,-1.016765832901001,-0.15012025833129883,-1.137244701385498,-0.7945671677589417,0.5313992500305176,-0.12587159872055054,-1.6715049743652344,-1.6083620488643646,3.0,3.0,3.0,3.0,3.0,3.0,3.0,3.0,3.0,3.0,3.0,3.0,3.0,3.0,3.0,3.0,3.0,3.0,3.0,3.0,0.05,0.05,0.05,0.05,0.05,0.05,0.05,0.05,0.05,0.05,0.05,0.05,0.05,0.05,0.05,0.05,0.05,0.05,0.05,0.05,0.0,0.0,0.0,0.0,0.0,0.0,0.0,0.0,0.0,0.0,0.0,0.0,0.0,0.0,0.0,0.0,0.0,0.0,0.0,0.0
0.6125642657279968,0.5003448128700256,0.19790390133857727,0.2626899778842926,0.44000595808029175,-0.010882641188800335,0.029527565464377403,0.0856950432062149,0.8993587493896484,-0.012383824214339256,0.5929155945777893,0.4725801348686218,0.9352046251296997,-0.07653617858886719,0.46002545952796936,0.4264052212238312,0.943454384803772,-0.038632530719041824,0.5226821899414062,0.17119364440441132,-2.3482009768486023,0.6621524691581726,-0.02180151641368866,-2.9524266719818115,-0.38245320320129395,-0.18472427036613226,0.5879536271095276,-0.7892901077866554,-0.6792694330215454,-0.05863807164132595,-2.6017114520072937,-1.0092325508594513,-0.7911965250968933,-0.5370616912841797,-1.900850236415863,-0.4404209554195404,-0.31352341175079346,-0.1725287176668644,-1.3204343616962433,-0.987963005900383,3.0,3.0,3.0,3.0,3.0,3.0,3.0,3.0,3.0,3.0,3.0,3.0,3.0,3.0,3.0,3.0,3.0,3.0,3.0,3.0,0.05,0.05,0.05,0.05,0.05,0.05,0.05,0.05,0.05,0.05,0.05,0.05,0.05,0.05,0.05,0.05,0.05,0.05,0.05,0.05,0.0,0.0,0.0,0.0,0.0,0.0,0.0,0.0,0.0,0.0,0.0,0.0,0.0,0.0,0.0,0.0,0.0,0.0,0.0,0.0,0.823599636554718,0.2767162322998047,0.3410644233226776,0.42848965525627136,0.22843024134635925,-0.04929858446121216,0.04379913583397865,0.02871645614504814,1.2141101360321045,0.13697092235088348,1.0189576148986816,0.8384882211685181,1.2986997365951538,0.20607326924800873,1.033284306526184,0.9755362868309021,1.3300833702087402,0.11100205034017563,0.8210274577140808,0.2856906056404114,-0.11712908744812012,-0.2273350954055786,0.07354915142059326,-1.325957477092743,-1.292085275053978,-1.4142592437565327,-0.38018757477402687,-0.2620471641421318,-1.3859808444976807,-0.3267452120780945,-0.4984855651855469,-0.6875276565551758,-1.9121259450912476,-0.3783710300922394,-1.4828294515609741,-1.0042652487754822,0.1422494649887085,-0.22909585386514664,-1.7431631684303284,-1.5804126858711243,3.0,3.0,3.0,3.0,3.0,3.0,3.0,3.0,3.0,3.0,3.0,3.0,3.0,3.0,3.0,3.0,3.0,3.0,3.0,3.0,0.05,0.05,0.05,0.05,0.05,0.05,0.05,0.05,0.05,0.05,0.05,0.05,0.05,0.05,0.05,0.05,0.05,0.05,0.05,0.05,0.0,0.0,0.0,0.0,0.0,0.0,0.0,0.0,0.0,0.0,0.0,0.0,0.0,0.0,0.0,0.0,0.0,0.0,0.0,0.0
0.5561163425445557,0.511169970035553,0.19828876852989197,0.20828905701637268,0.43047305941581726,-0.016421014443039894,0.03305194899439812,0.0743202492594719,0.8828495740890503,-0.013291088864207268,0.5401725769042969,0.4517410397529602,0.9186217188835144,-0.08992084860801697,0.42449796199798584,0.4188627302646637,0.936977744102478,-0.042382724583148956,0.49758079648017883,0.15308374166488647,-2.584107220172882,0.5746766924858093,0.264904648065567,-2.4750374257564545,-0.34573301672935486,-0.28100742492824793,0.08922400884330273,-0.5539361387491226,-0.860479474067688,-0.13844273053109646,-2.545420825481415,-1.0242335498332977,-0.9225592017173767,-0.5353003740310669,-1.7657555639743805,-0.4102937877178192,-0.4615098237991333,-0.26396531611680984,-1.2464344501495361,-0.8574925363063812,3.0,3.0,3.0,3.0,3.0,3.0,3.0,3.0,3.0,3.0,3.0,3.0,3.0,3.0,3.0,3.0,3.0,3.0,3.0,3.0,0.05,0.05,0.05,0.05,0.05,0.05,0.05,0.05,0.05,0.05,0.05,0.05,0.05,0.05,0.05,0.05,0.05,0.05,0.05,0.05,0.0,0.0,0.0,0.0,0.0,0.0,0.0,0.0,0.0,0.0,0.0,0.0,0.0,0.0,0.0,0.0,0.0,0.0,0.0,0.0,0.820380449295044,0.2725137174129486,0.34251219034194946,0.39818158745765686,0.2027137726545334,-0.07671724259853363,0.03525567054748535,0.020752020180225372,1.1831685304641724,0.12887787818908691,1.0091052055358887,0.8251354098320007,1.2546263933181763,0.19624744355678558,1.001823902130127,0.9540301561355591,1.3302052021026611,0.10564420372247696,0.786618173122406,0.25518983602523804,-0.20607709884643555,-0.3132916986942291,-0.14116764068603516,-1.3604402542114258,-1.2243226170539856,-1.1631451547145844,-0.3758642356842756,0.009421352297067642,-2.2962987422943115,-0.47743823379278183,-0.7615000009536743,-0.7673695683479309,-2.739587426185608,-0.5023393779993057,-1.8906936049461365,-1.2757077813148499,-0.4090636968612671,-0.20900294184684753,-1.6652122139930725,-1.3616029173135757,3.0,3.0,3.0,3.0,3.0,3.0,3.0,3.0,3.0,3.0,3.0,3.0,3.0,3.0,3.0,3.0,3.0,3.0,3.0,3.0,0.05,0.05,0.05,0.05,0.05,0.05,0.05,0.05,0.05,0.05,0.05,0.05,0.05,0.05,0.05,0.05,0.05,0.05,0.05,0.05,0.0,0.0,0.0,0.0,0.0,0.0,0.0,0.0,0.0,0.0,0.0,0.0,0.0,0.0,0.0,0.0,0.0,0.0,0.0,0.0
0.5091999769210815,0.523331880569458,0.20850008726119995,0.16368848085403442,0.42617663741111755,-0.022122938185930252,0.03309652581810951,0.06353759765625,0.8649395704269409,-0.017921533435583115,0.4910987615585327,0.4316107928752899,0.8983022570610046,-0.09794819355010986,0.38939523696899414,0.4099934697151184,0.9249939918518066,-0.04919114336371422,0.4728248119354248,0.13689394295215607,-2.228725701570511,0.511537492275238,0.4615604877471924,-2.0024269819259644,-0.17221197485923767,-0.2207036130130291,-0.1042255200445652,-0.5444108508527279,-1.000833511352539,-0.18776888027787209,-2.4765364825725555,-1.0552912950515747,-1.1835992336273193,-0.32624173909425735,-1.8497787415981293,-0.5354873836040497,-0.7024437189102173,-0.35850778222084045,-1.2200571596622467,-0.7609495893120766,3.0,3.0,3.0,3.0,3.0,3.0,3.0,3.0,3.0,3.0,3.0,3.0,3.0,3.0,3.0,3.0,3.0,3.0,3.0,3.0,0.05,0.05,0.05,0.05,0.05,0.05,0.05,0.05,0.05,0.05,0.05,0.05,0.05,0.05,0.05,0.05,0.05,0.05,0.05,0.05,0.0,0.0,0.0,0.0,0.0,0.0,0.0,0.0,0.0,0.0,0.0,0.0,0.0,0.0,0.0,0.0,0.0,0.0,0.0,0.0,0.8153565526008606,0.2641845643520355,0.3354177176952362,0.37407204508781433,0.17945733666419983,-0.09582439064979553,0.028764566406607628,0.029093310236930847,1.122258186340332,0.11787339299917221,0.9884976148605347,0.8077934384346008,1.1891162395477295,0.1859796941280365,0.9576565623283386,0.9245079755783081,1.3137208223342896,0.10264193266630173,0.7544189691543579,0.23122648894786835,-0.500747561454773,-0.17187073826789856,-0.6059467792510986,-0.8769422769546509,-1.0883480310440063,-0.775812566280365,-0.24336767382919788,0.08280770853161812,-3.570494055747986,-0.590241327881813,-1.2597069144248962,-0.9801208972930908,-3.6062270402908325,-0.4725094884634018,-2.4979859590530396,-1.7241135239601135,-1.4654755592346191,0.06072726100683212,-1.2528479099273682,-0.6909523159265518,3.0,3.0,3.0,3.0,3.0,3.0,3.0,3.0,3.0,3.0,3.0,3.0,3.0,3.0,3.0,3.0,3.0,3.0,3.0,3.0,0.05,0.05,0.05,0.05,0.05,0.05,0.05,0.05,0.05,0.05,0.05,0.05,0.05,0.05,0.05,0.05,0.05,0.05,0.05,0.05,0.0,0.0,0.0,0.0,0.0,0.0,0.0,0.0,0.0,0.0,0.0,0.0,0.0,0.0,0.0,0.0,0.0,0.0,0.0,0.0
0.46696731448173523,0.5316314697265625,0.21675118803977966,0.1281919777393341,0.42358458042144775,-0.025249158963561058,0.02888292819261551,0.05254381522536278,0.8428162336349487,-0.02080184407532215,0.44111111760139465,0.4095293879508972,0.8712777495384216,-0.10297051817178726,0.35050681233406067,0.3974432349205017,0.9088799953460693,-0.056723035871982574,0.44877851009368896,0.12264575809240341,-1.9262708723545074,0.452597439289093,0.44358856976032257,-1.611519232392311,-9.238719940185547e-05,-0.11319261975586414,-0.26840949431061745,-0.532445777207613,-0.9942635893821716,-0.13279528357088566,-2.5225527584552765,-1.1781878769397736,-1.2892499566078186,-0.2582995221018791,-2.006937563419342,-0.7297992706298828,-0.9887382388114929,-0.41232435032725334,-1.1890873312950134,-0.6480410695075989,3.0,3.0,3.0,3.0,3.0,3.0,3.0,3.0,3.0,3.0,3.0,3.0,3.0,3.0,3.0,3.0,3.0,3.0,3.0,3.0,0.05,0.05,0.05,0.05,0.05,0.05,0.05,0.05,0.05,0.05,0.05,0.05,0.05,0.05,0.05,0.05,0.05,0.05,0.05,0.05,0.0,0.0,0.0,0.0,0.0,0.0,0.0,0.0,0.0,0.0,0.0,0.0,0.0,0.0,0.0,0.0,0.0,0.0,0.0,0.0,0.800350546836853,0.26563888788223267,0.3182743191719055,0.3631038963794708,0.15917985141277313,-0.10774974524974823,0.025520963594317436,0.024064328521490097,1.040348768234253,0.10526822507381439,0.9587169289588928,0.7859305739402771,1.110377311706543,0.1773470640182495,0.9019044637680054,0.8850656151771545,1.2715861797332764,0.10807329416275024,0.7365042567253113,0.22755174338817596,-0.8260622620582581,-0.033764541149139404,-0.8025668561458588,-0.5127176642417908,-0.6574008613824844,-0.4327738657593727,-0.17907856963574886,-0.2811119891703129,-4.326896369457245,-0.5928531289100647,-1.783972978591919,-1.2254074215888977,-4.154455661773682,-0.3626380115747452,-2.939283847808838,-2.051684260368347,-2.473801374435425,0.3064427524805069,-0.8216097950935364,-0.024178996682167053,3.0,3.0,3.0,3.0,3.0,3.0,3.0,3.0,3.0,3.0,3.0,3.0,3.0,3.0,3.0,3.0,3.0,3.0,3.0,3.0,0.05,0.05,0.05,0.05,0.05,0.05,0.05,0.05,0.05,0.05,0.05,0.05,0.05,0.05,0.05,0.05,0.05,0.05,0.05,0.05,0.0,0.0,0.0,0.0,0.0,0.0,0.0,0.0,0.0,0.0,0.0,0.0,0.0,0.0,0.0,0.0,0.0,0.0,0.0,0.0
0.43214914202690125,0.5414357781410217,0.22624363005161285,0.09922771155834198,0.4261729419231415,-0.026650642976164818,0.022360146045684814,0.04223976656794548,0.825169026851654,-0.02323334477841854,0.39019665122032166,0.384483277797699,0.8467322587966919,-0.10828017443418503,0.30911773443222046,0.3808014988899231,0.8854444622993469,-0.06568411737680435,0.42526131868362427,0.11097230017185211,-1.563844084739685,0.4893168807029724,0.4289701581001282,-1.305912807583809,0.35781487822532654,-0.11160601861774921,-0.06620921194553375,-0.42505403980612755,-0.79478919506073,-0.1382919494062662,-2.386277914047241,-1.1978469789028168,-1.1859923601150513,-0.3195064142346382,-1.974359154701233,-0.8220523595809937,-1.1737018823623657,-0.392969511449337,-1.0898150503635406,-0.5241695791482925,3.0,3.0,3.0,3.0,3.0,3.0,3.0,3.0,3.0,3.0,3.0,3.0,3.0,3.0,3.0,3.0,3.0,3.0,3.0,3.0,0.05,0.05,0.05,0.05,0.05,0.05,0.05,0.05,0.05,0.05,0.05,0.05,0.05,0.05,0.05,0.05,0.05,0.05,0.05,0.05,0.0,0.0,0.0,0.0,0.0,0.0,0.0,0.0,0.0,0.0,0.0,0.0,0.0,0.0,0.0,0.0,0.0,0.0,0.0,0.0,0.7823140621185303,0.26283398270606995,0.30331504344940186,0.3535633385181427,0.15316130220890045,-0.11313534528017044,0.021601423621177673,0.017848830670118332,0.9491823315620422,0.09415926784276962,0.9171386957168579,0.7587771415710449,1.0229380130767822,0.1714741736650467,0.8400852084159851,0.8424406051635742,1.2147687673568726,0.114899642765522,0.7215545773506165,0.23025932908058167,-0.9002998471260071,-0.0685572624206543,-0.7138542830944061,-0.5800716578960419,-0.044794753193855286,-0.11911392211914062,-0.17380747012794018,0.08615381084382534,-4.551771283149719,-0.509902648627758,-2.4918630719184875,-1.6088157892227173,-4.517613351345062,-0.18208324909210205,-3.3127158880233765,-2.2710084915161133,-3.3942461013793945,0.31096339225769043,-0.9729430079460144,0.03472678363323212,3.0,3.0,3.0,3.0,3.0,3.0,3.0,3.0,3.0,3.0,3.0,3.0,3.0,3.0,3.0,3.0,3.0,3.0,3.0,3.0,0.05,0.05,0.05,0.05,0.05,0.05,0.05,0.05,0.05,0.05,0.05,0.05,0.05,0.05,0.05,0.05,0.05,0.05,0.05,0.05,0.0,0.0,0.0,0.0,0.0,0.0,0.0,0.0,0.0,0.0,0.0,0.0,0.0,0.0,0.0,0.0,0.0,0.0,0.0,0.0
0.4044135510921478,0.5512041449546814,0.2339099943637848,0.07595546543598175,0.4378971755504608,-0.029713399708271027,0.02623455971479416,0.035541653633117676,0.8110246658325195,-0.0263335220515728,0.345660001039505,0.36161550879478455,0.8238380551338196,-0.11575077474117279,0.27153244614601135,0.36456114053726196,0.8619319200515747,-0.07244181632995605,0.40518590807914734,0.10167897492647171,-1.236261427402484,0.4695624113082858,0.3322649747133255,-1.0528597980737593,0.8036598563194136,-0.2181926276534775,0.2695658244192557,-0.2602181397378429,-0.6657823920249911,-0.17325170338153603,-2.158541232347466,-1.14667639136313,-1.115630567073811,-0.4172228276729528,-1.8263079226016818,-0.8308999240398324,-1.2688666582107377,-0.3142051398754089,-0.9586349129676708,-0.42463596910237883,3.0,3.0,3.0,3.0,3.0,3.0,3.0,3.0,3.0,3.0,3.0,3.0,3.0,3.0,3.0,3.0,3.0,3.0,3.0,3.0,0.05,0.05,0.05,0.05,0.05,0.05,0.05,0.05,0.05,0.05,0.05,0.05,0.05,0.05,0.05,0.05,0.05,0.05,0.05,0.05,0.0,0.0,0.0,0.0,0.0,0.0,0.0,0.0,0.0,0.0,0.0,0.0,0.0,0.0,0.0,0.0,0.0,0.0,0.0,0.0,0.7643385529518127,0.2628965973854065,0.2897201478481293,0.33990103006362915,0.15738806128501892,-0.11251430213451385,0.01856866478919983,0.02751048095524311,0.8582779169082642,0.08487211912870407,0.8590424060821533,0.7215779423713684,0.9296727776527405,0.17006373405456543,0.7693958282470703,0.79422527551651,1.1358163356781006,0.12051182985305786,0.6975865364074707,0.22894081473350525,-0.9743332862854032,0.2601996064186096,-0.6347894668579046,-0.6750144064426422,0.3073457628488464,0.12857839465140844,-0.17666351050138474,0.3139707259833784,-4.35733050107954,-0.4702690988779068,-3.649047017097434,-2.371203899383517,-4.505443572998017,-0.07174871861934662,-3.854897618293723,-2.7210190892219237,-4.443097114562944,0.21584089845418722,-1.3885647058486938,-0.21763741970062256,3.0,3.0,3.0,3.0,3.0,3.0,3.0,3.0,3.0,3.0,3.0,3.0,3.0,3.0,3.0,3.0,3.0,3.0,3.0,3.0,0.05,0.05,0.05,0.05,0.05,0.05,0.05,0.05,0.05,0.05,0.05,0.05,0.05,0.05,0.05,0.05,0.05,0.05,0.05,0.05,0.0,0.0,0.0,0.0,0.0,0.0,0.0,0.0,0.0,0.0,0.0,0.0,0.0,0.0,0.0,0.0,0.0,0.0,0.0,0.0
0.3826986849308019,0.5602182745933532,0.23953422904014587,0.0571133196353916,0.458319336175918,-0.03537834808230392,0.03314277902245504,0.031831040978431764,0.7985377311706544,-0.030163412913679983,0.303855001926423,0.3386162221431738,0.8021070361137395,-0.12496908754110314,0.2360654175281532,0.3475655019283298,0.8346897959709174,-0.0782523229718207,0.38691592216491744,0.09398686140775696,-1.149351894855484,0.34053176641464233,0.09919889271259447,-0.8333749137818742,1.235835999250394,-0.21213591098785192,0.40123406797646954,-0.15125633217394222,-0.42612552642822266,-0.22018728777765934,-1.9692823290824695,-1.1356361210346098,-0.927309691905967,-0.5220182240009238,-1.6601115465164025,-0.8404478430747888,-1.5857443213462634,-0.29285475611686496,-0.9053349494933999,-0.35988409072160443,3.0,3.0,3.0,3.0,3.0,3.0,3.0,3.0,3.0,3.0,3.0,3.0,3.0,3.0,3.0,3.0,3.0,3.0,3.0,3.0,0.05,0.05,0.05,0.05,0.05,0.05,0.05,0.05,0.05,0.05,0.05,0.05,0.05,0.05,0.05,0.05,0.05,0.05,0.05,0.05,0.0,0.0,0.0,0.0,0.0,0.0,0.0,0.0,0.0,0.0,0.0,0.0,0.0,0.0,0.0,0.0,0.0,0.0,0.0,0.0,0.7433407306671141,0.27324196696281433,0.27792346477508567,0.326562762260437,0.1654551327228543,-0.1079922094941141,0.014534883201122284,0.03040765970945347,0.7748891115188606,0.07534850388765335,0.7711768150329605,0.6639289855957042,0.8427202701568616,0.16860422492027283,0.6858893036842362,0.7335998415946973,1.0370448827743548,0.12353327870368949,0.6660119891166687,0.22155383229255676,-0.3313645720481956,-0.036616623401630743,-0.5305774509906754,-0.2797141671180753,1.7253257334231886,1.0694827884435387,1.2539390474557468,0.727108633145669,-2.6572778820991516,-0.11027697473764836,-3.757330775260903,-2.4908885359763904,-3.170047700405121,0.17557032406329623,-3.520771861076338,-2.758030593395211,-4.084430634975406,0.23825317621230593,-0.8249253034591675,-0.06211660802364696,3.0,3.0,3.0,3.0,3.0,3.0,3.0,3.0,3.0,3.0,3.0,3.0,3.0,3.0,3.0,3.0,3.0,3.0,3.0,3.0,0.05,0.05,0.05,0.05,0.05,0.05,0.05,0.05,0.05,0.05,0.05,0.05,0.05,0.05,0.05,0.05,0.05,0.05,0.05,0.05,0.0,0.0,0.0,0.0,0.0,0.0,0.0,0.0,0.0,0.0,0.0,0.0,0.0,0.0,0.0,0.0,0.0,0.0,0.0,0.0
0.35843947529792847,0.5648254156112671,0.23787795007228857,0.04262046888470678,0.4873306155204766,-0.038198836147785104,0.04228392243385294,0.029491400346159987,0.7939796447753906,-0.03514101356267917,0.2668887078762062,0.31619006395340016,0.7867456674575809,-0.13663150370120974,0.20512798428535525,0.3309432268142704,0.7985021471977242,-0.08415600657463065,0.36897251009941134,0.08728361129760753,-1.284160465002057,0.16807615756988803,-0.13282932341098577,-0.6466414779424698,1.645810157060612,-0.21696491166949064,0.48701204359531175,-0.11925324797630361,-0.05164146423340399,-0.2627443987876166,-1.7642378807067927,-1.1283300817012787,-0.6803348660469166,-0.598677434027195,-1.4602977782487918,-0.8265070617198944,-1.9575119018554632,-0.21378565579653064,-0.8355237543582944,-0.28806850314140525,3.0,3.0,3.0,3.0,3.0,3.0,3.0,3.0,3.0,3.0,3.0,3.0,3.0,3.0,3.0,3.0,3.0,3.0,3.0,3.0,0.05,0.05,0.05,0.05,0.05,0.05,0.05,0.05,0.05,0.05,0.05,0.05,0.05,0.05,0.05,0.05,0.05,0.05,0.05,0.05,0.0,0.0,0.0,0.0,0.0,0.0,0.0,0.0,0.0,0.0,0.0,0.0,0.0,0.0,0.0,0.0,0.0,0.0,0.0,0.0,0.7510839700698849,0.26143193244934126,0.26849704980850225,0.32871246337890614,0.22640109062194647,-0.06973499059677231,0.0687262266874297,0.05659482628106987,0.7519868016242981,0.08046104013919814,0.7087491750717172,0.6219424009323128,0.8028708696365356,0.17708654701709728,0.6285649538040168,0.6839040517807016,0.9724391102790844,0.1300419569015501,0.664589524269104,0.22645615041255937,0.9549200534820418,-1.2943893671035613,-0.24944916367531378,0.39430409669875405,4.222022742032954,2.5691363960504257,4.342045821249423,2.3635158315300604,0.1305922865867254,0.4207771271467146,-2.314983308315302,-1.6415968537330765,-0.7271751761436823,0.45038610696792253,-1.9420787692070312,-1.9625499844551253,-2.5944158434868108,0.5670256912708248,0.36456137895582996,0.42410492897033064,3.0,3.0,3.0,3.0,3.0,3.0,3.0,3.0,3.0,3.0,3.0,3.0,3.0,3.0,3.0,3.0,3.0,3.0,3.0,3.0,0.05,0.05,0.05,0.05,0.05,0.05,0.05,0.05,0.05,0.05,0.05,0.05,0.05,0.05,0.05,0.05,0.05,0.05,0.05,0.05,0.0,0.0,0.0,0.0,0.0,0.0,0.0,0.0,0.0,0.0,0.0,0.0,0.0,0.0,0.0,0.0,0.0,0.0,0.0,0.0
0.3313322663307196,0.5669413208961487,0.23422105610370644,0.03124766051769281,0.5241517424583425,-0.04405694454908354,0.05262326076626751,0.02706091105937962,0.7964720726013182,-0.040673188865184645,0.2332854866981513,0.2934830188751226,0.7748936414718628,-0.14891618490219094,0.17765350639820152,0.314505219459534,0.7563893198966989,-0.08680374920368193,0.35349497199058566,0.08246412128210075,-1.376099139451996,0.1370936632156372,-0.19412450492382188,-0.5396544933319163,2.1240979433059874,-0.40145516395569053,0.6091177463531546,-0.10431334376335274,0.33571720123291016,-0.3204179927706748,-1.5765015035867884,-1.1292546987533694,-0.39356648921967385,-0.5371995270252297,-1.2231115251779716,-0.7867045700550176,-2.1437853574753003,-0.07705185562372416,-0.6695754826068961,-0.182206369936469,3.0,3.0,3.0,3.0,3.0,3.0,3.0,3.0,3.0,3.0,3.0,3.0,3.0,3.0,3.0,3.0,3.0,3.0,3.0,3.0,0.05,0.05,0.05,0.05,0.05,0.05,0.05,0.05,0.05,0.05,0.05,0.05,0.05,0.05,0.05,0.05,0.05,0.05,0.05,0.05,0.0,0.0,0.0,0.0,0.0,0.0,0.0,0.0,0.0,0.0,0.0,0.0,0.0,0.0,0.0,0.0,0.0,0.0,0.0,0.0,0.7815375328063958,0.22146639227867188,0.2679454982280731,0.3423349261283872,0.3343360424041725,-0.005226753652097068,0.18821671605109921,0.12494829297065589,0.7801128029823297,0.09217958897352194,0.6785774827003485,0.5982651114463812,0.8136332631111143,0.18661966919898973,0.6082061529159549,0.6550978422164923,0.9332682490348824,0.14621430635452248,0.6805944442749019,0.23851802945137,1.6080483794212423,-1.503410190343868,-0.014157593250276046,0.640287250280383,5.223248898983046,2.9143116436898975,5.597856268286746,3.3363616093993396,1.7090082168579102,0.5422146990895312,-1.4281705021858437,-1.1375769972801402,0.7380038499832153,0.34331157803535944,-0.8792012929916548,-1.306290924549125,-1.7068296670913974,0.6019890308380176,0.9019717574119568,0.5607370287179981,3.0,3.0,3.0,3.0,3.0,3.0,3.0,3.0,3.0,3.0,3.0,3.0,3.0,3.0,3.0,3.0,3.0,3.0,3.0,3.0,0.05,0.05,0.05,0.05,0.05,0.05,0.05,0.05,0.05,0.05,0.05,0.05,0.05,0.05,0.05,0.05,0.05,0.05,0.05,0.05,0.0,0.0,0.0,0.0,0.0,0.0,0.0,0.0,0.0,0.0,0.0,0.0,0.0,0.0,0.0,0.0,0.0,0.0,0.0,0.0
0.30339550971984863,0.5703091621398926,0.2301129698753357,0.02103428915143013,0.5722945332527161,-0.054257042706012726,0.06664863228797913,0.025318866595625877,0.807408332824707,-0.047957733273506165,0.20382864773273468,0.2710198760032654,0.771003007888794,-0.15811948478221893,0.1562035232782364,0.2994750440120697,0.7127507328987122,-0.08723808079957962,0.3421894907951355,0.07999535650014877,-1.206651329994217,0.2930477261543274,-0.6242964416742346,-0.5397170549258651,2.7629628777504216,-0.6467029452323955,0.8707116357982224,-0.03818175755441293,0.8882701396942166,-0.4018667154014145,-1.314073801040666,-1.095290109515204,0.12807399034500122,-0.31064376235008795,-0.8554439991712702,-0.6875984370708549,-2.0608976483345254,-0.04332456737756764,-0.3967322409153068,-0.049672834575177974,3.0,3.0,3.0,3.0,3.0,3.0,3.0,3.0,3.0,3.0,3.0,3.0,3.0,3.0,3.0,3.0,3.0,3.0,3.0,3.0,0.05,0.05,0.05,0.05,0.05,0.05,0.05,0.05,0.05,0.05,0.05,0.05,0.05,0.05,0.05,0.05,0.05,0.05,0.05,0.05,0.0,0.0,0.0,0.0,0.0,0.0,0.0,0.0,0.0,0.0,0.0,0.0,0.0,0.0,0.0,0.0,0.0,0.0,0.0,0.0,0.8154059052467346,0.20129552483558655,0.2679307460784912,0.35432395339012146,0.4353310465812683,0.04683747515082359,0.29264047741889954,0.19004929065704346,0.8203471302986145,0.10214962810277939,0.6516223549842834,0.5764393210411072,0.8323910236358643,0.19081901013851166,0.5933969020843506,0.6316524147987366,0.9041659235954285,0.1541215181350708,0.7006683945655823,0.2488856315612793,1.1890381574630904,-0.44230297207833863,-3.0547380447387695e-05,0.4055730998516152,4.398332536220609,1.9976349547505698,4.427769780159058,2.7972705662250883,2.019135653972642,0.2785420045256677,-1.2891933321952957,-1.0588899254799027,1.2095391750335749,0.03620833158493389,-0.6120085716247642,-1.085408031940474,-1.0382413864135935,0.32342970371246893,1.0377615690231434,0.47587379813194897,3.0,3.0,3.0,3.0,3.0,3.0,3.0,3.0,3.0,3.0,3.0,3.0,3.0,3.0,3.0,3.0,3.0,3.0,3.0,3.0,0.05,0.05,0.05,0.05,0.05,0.05,0.05,0.05,0.05,0.05,0.05,0.05,0.05,0.05,0.05,0.05,0.05,0.05,0.05,0.05,0.0,0.0,0.0,0.0,0.0,0.0,0.0,0.0,0.0,0.0,0.0,0.0,0.0,0.0,0.0,0.0,0.0,0.0,0.0,0.0
0.2830662131309509,0.5786632299423218,0.20924919843673706,0.009658978320658207,0.6346702575683594,-0.06992506235837936,0.08745172619819641,0.025533640757203102,0.8320028781890869,-0.056747857481241226,0.18072253465652466,0.24967141449451447,0.7800166010856628,-0.16134193539619446,0.1434357464313507,0.28700128197669983,0.6739534139633179,-0.08853673189878464,0.3376256823539734,0.08047720789909363,-0.9234897792339325,0.4782065749168396,-1.377846673130989,-0.6469279062002897,3.107079863548279,-0.7890598848462105,1.0733185335993767,0.042093219235539436,1.14801824092865,-0.44724736362695694,-1.0888155549764633,-1.0147776454687119,0.562247633934021,-0.13078637421131134,-0.5124367773532867,-0.5587071180343628,-1.781262457370758,-0.04586614668369293,-0.16989484429359436,0.03519803285598755,3.0,3.0,3.0,3.0,3.0,3.0,3.0,3.0,3.0,3.0,3.0,3.0,3.0,3.0,3.0,3.0,3.0,3.0,3.0,3.0,0.05,0.05,0.05,0.05,0.05,0.05,0.05,0.05,0.05,0.05,0.05,0.05,0.05,0.05,0.05,0.05,0.05,0.05,0.05,0.05,0.0,0.0,0.0,0.0,0.0,0.0,0.0,0.0,0.0,0.0,0.0,0.0,0.0,0.0,0.0,0.0,0.0,0.0,0.0,0.0,0.8290990591049194,0.20377427339553833,0.2679442763328552,0.3585578501224518,0.5102693438529968,0.07467864453792572,0.36532750725746155,0.23683911561965942,0.8608782291412354,0.10332126915454865,0.6270097494125366,0.5559095144271851,0.8620148301124573,0.18806800246238708,0.5837258100509644,0.6116815209388733,0.8917385935783386,0.15915149450302124,0.7221049070358276,0.25755298137664795,0.31194090843200684,0.6378721445798874,0.0493951141834259,-0.010404735803604126,3.3703505992889404,0.9455009363591671,2.8021924197673798,1.8168814480304718,2.220200002193451,-0.18055494874715805,-1.411069929599762,-1.1728674173355103,1.7231523990631104,-0.3549646586179733,-0.7483899593353271,-1.2098103761672974,-0.42943060398101807,-0.047333166003227234,0.8485525846481323,0.17328113317489624,3.0,3.0,3.0,3.0,3.0,3.0,3.0,3.0,3.0,3.0,3.0,3.0,3.0,3.0,3.0,3.0,3.0,3.0,3.0,3.0,0.05,0.05,0.05,0.05,0.05,0.05,0.05,0.05,0.05,0.05,0.05,0.05,0.05,0.05,0.05,0.05,0.05,0.05,0.05,0.05,0.0,0.0,0.0,0.0,0.0,0.0,0.0,0.0,0.0,0.0,0.0,0.0,0.0,0.0,0.0,0.0,0.0,0.0,0.0,0.0
0.26645591855049133,0.5894374251365662,0.17499910295009613,-0.004842827096581459,0.6965777277946472,-0.08581943809986115,0.1095813736319542,0.027002595365047455,0.853329062461853,-0.06584762781858444,0.16027602553367615,0.2304287701845169,0.7934929132461548,-0.1633509397506714,0.13570605218410492,0.2771267592906952,0.6415002346038818,-0.08907272666692734,0.3353936970233917,0.08140327781438828,-0.7917523384094238,0.5253776907920837,-1.8262021243572235,-0.5765298381447792,2.788054943084717,-0.7315384224057198,0.9765513241291046,0.04040980711579323,1.048530638217926,-0.37782276049256325,-0.9325642138719559,-0.9002499282360077,0.6610482931137085,-0.059341639280319214,-0.331256166100502,-0.4570424556732178,-1.4445289969444275,-0.07904283702373505,-0.0525839626789093,0.056216493248939514,3.0,3.0,3.0,3.0,3.0,3.0,3.0,3.0,3.0,3.0,3.0,3.0,3.0,3.0,3.0,3.0,3.0,3.0,3.0,3.0,0.05,0.05,0.05,0.05,0.05,0.05,0.05,0.05,0.05,0.05,0.05,0.05,0.05,0.05,0.05,0.05,0.05,0.05,0.05,0.05,0.0,0.0,0.0,0.0,0.0,0.0,0.0,0.0,0.0,0.0,0.0,0.0,0.0,0.0,0.0,0.0,0.0,0.0,0.0,0.0,0.8278835415840149,0.22681041061878204,0.26990655064582825,0.3539077639579773,0.5701450705528259,0.08465751260519028,0.4047281742095947,0.26272454857826233,0.9091551303863525,0.09492743015289307,0.595179557800293,0.5295246243476868,0.9013171195983887,0.17662042379379272,0.5634613037109375,0.5832599997520447,0.8869886994361877,0.1522281914949417,0.7346104979515076,0.25581687688827515,0.2168700098991394,0.6232406944036484,0.16963854432106018,0.09917095303535461,3.219723701477051,0.5294473841786385,1.6711123287677765,1.114906370639801,2.5227203965187073,-0.3589265048503876,-1.7765238881111145,-1.42807736992836,2.117764949798584,-0.6128519773483276,-1.1592164635658264,-1.5079721808433533,0.29294341802597046,-0.4444032907485962,0.4380166530609131,-0.358523428440094,3.0,3.0,3.0,3.0,3.0,3.0,3.0,3.0,3.0,3.0,3.0,3.0,3.0,3.0,3.0,3.0,3.0,3.0,3.0,3.0,0.05,0.05,0.05,0.05,0.05,0.05,0.05,0.05,0.05,0.05,0.05,0.05,0.05,0.05,0.05,0.05,0.05,0.05,0.05,0.05,0.0,0.0,0.0,0.0,0.0,0.0,0.0,0.0,0.0,0.0,0.0,0.0,0.0,0.0,0.0,0.0,0.0,0.0,0.0,0.0
0.251396119594574,0.5996783375740051,0.13620111346244812,-0.013402215205132961,0.746192455291748,-0.09918659925460815,0.1265137791633606,0.02715003304183483,0.873944103717804,-0.07186076790094376,0.14341996610164642,0.21366141736507416,0.8064585328102112,-0.16371560096740723,0.13018549978733063,0.2687195837497711,0.6161722540855408,-0.09169844537973404,0.335522323846817,0.08272586762905121,-0.7664177566766739,0.4511818289756775,-1.666022464632988,-0.41973735205829144,2.132982015609741,-0.5672387778759003,0.6752362474799156,-0.0466878991574049,1.0191082954406738,-0.17969291657209396,-0.7759883999824524,-0.7962837815284729,0.6110042333602905,0.05459189414978027,-0.248018279671669,-0.4048854112625122,-1.1150777339935303,-0.25703907012939453,0.05915910005569458,0.06925240159034729,3.0,3.0,3.0,3.0,3.0,3.0,3.0,3.0,3.0,3.0,3.0,3.0,3.0,3.0,3.0,3.0,3.0,3.0,3.0,3.0,0.05,0.05,0.05,0.05,0.05,0.05,0.05,0.05,0.05,0.05,0.05,0.05,0.05,0.05,0.05,0.05,0.05,0.05,0.05,0.05,0.0,0.0,0.0,0.0,0.0,0.0,0.0,0.0,0.0,0.0,0.0,0.0,0.0,0.0,0.0,0.0,0.0,0.0,0.0,0.0,0.837773859500885,0.22870390117168427,0.27472981810569763,0.36252468824386597,0.6390582919120789,0.09585653990507126,0.4321720004081726,0.28143537044525146,0.9617870450019836,0.08896420896053314,0.555948793888092,0.49878641963005066,0.9467254281044006,0.16355392336845398,0.5373571515083313,0.5513626337051392,0.9034563302993774,0.1413753628730774,0.7396255731582642,0.2432120442390442,0.3570288419723511,0.10690130293369293,0.3137841820716858,0.6517000496387482,3.3792346715927124,0.5279917269945145,1.3057753443717957,0.886189192533493,2.5453418493270874,-0.3784202039241791,-1.7674505710601807,-1.3987019658088684,2.198842167854309,-0.6637554615736008,-1.1576518416404724,-1.4414995908737183,0.9112939238548279,-0.3879021853208542,0.20833313465118408,-0.6182484328746796,3.0,3.0,3.0,3.0,3.0,3.0,3.0,3.0,3.0,3.0,3.0,3.0,3.0,3.0,3.0,3.0,3.0,3.0,3.0,3.0,0.05,0.05,0.05,0.05,0.05,0.05,0.05,0.05,0.05,0.05,0.05,0.05,0.05,0.05,0.05,0.05,0.05,0.05,0.05,0.05,0.0,0.0,0.0,0.0,0.0,0.0,0.0,0.0,0.0,0.0,0.0,0.0,0.0,0.0,0.0,0.0,0.0,0.0,0.0,0.0
0.23579920828342438,0.6074846982955933,0.10835820436477661,-0.021632321178913116,0.7818970084190369,-0.10850898921489716,0.13659082353115082,0.02513507939875126,0.89409339427948,-0.0730353444814682,0.12923648953437805,0.198577418923378,0.8179330825805664,-0.16116726398468018,0.12578532099723816,0.2609313428401947,0.5968971252441406,-0.09935428947210312,0.3377600610256195,0.08417337387800217,-0.7680434733629227,0.40174126625061035,-1.2629861012101173,-0.34208439756184816,1.5944093465805054,-0.31432490795850754,0.39229616522789,-0.13191448524594307,0.8021637797355652,0.02059265971183777,-0.7559750229120255,-0.7652804255485535,0.4445701837539673,0.10604932904243469,-0.254959799349308,-0.40966495871543884,-0.7865563035011292,-0.5235364660620689,0.18014535307884216,0.0724131241440773,3.0,3.0,3.0,3.0,3.0,3.0,3.0,3.0,3.0,3.0,3.0,3.0,3.0,3.0,3.0,3.0,3.0,3.0,3.0,3.0,0.05,0.05,0.05,0.05,0.05,0.05,0.05,0.05,0.05,0.05,0.05,0.05,0.05,0.05,0.05,0.05,0.05,0.05,0.05,0.05,0.0,0.0,0.0,0.0,0.0,0.0,0.0,0.0,0.0,0.0,0.0,0.0,0.0,0.0,0.0,0.0,0.0,0.0,0.0,0.0,0.8421646952629089,0.23108646273612976,0.2824579179286957,0.3799757659435272,0.7053144574165344,0.10577718168497086,0.45695918798446655,0.29817211627960205,1.010968804359436,0.0797906219959259,0.5244815349578857,0.47357654571533203,0.989270806312561,0.1500702053308487,0.5171552300453186,0.525600016117096,0.9234404563903809,0.13671210408210754,0.7429438233375549,0.23108693957328796,0.24535953998565674,-0.1104995608329773,0.36118626594543457,1.0123096406459808,3.364972770214081,0.5474792793393135,0.9519822895526886,0.8008092641830444,2.6016101241111755,-0.42452719062566757,-1.693975180387497,-1.3389483094215393,2.157999575138092,-0.6505530327558517,-1.1190786957740784,-1.3090893626213074,1.3556987047195435,-0.3503963351249695,-0.20242035388946533,-0.8932292461395264,3.0,3.0,3.0,3.0,3.0,3.0,3.0,3.0,3.0,3.0,3.0,3.0,3.0,3.0,3.0,3.0,3.0,3.0,3.0,3.0,0.05,0.05,0.05,0.05,0.05,0.05,0.05,0.05,0.05,0.05,0.05,0.05,0.05,0.05,0.05,0.05,0.05,0.05,0.05,0.05,0.0,0.0,0.0,0.0,0.0,0.0,0.0,0.0,0.0,0.0,0.0,0.0,0.0,0.0,0.0,0.0,0.0,0.0,0.0,0.0
0.22067438066005707,0.6157479882240295,0.08568166941404343,-0.027085591107606888,0.8099688291549683,-0.11175959557294846,0.1422056257724762,0.02187345363199711,0.9060306549072266,-0.07103706151247025,0.1131809651851654,0.18305020034313202,0.8242413401603699,-0.15947362780570984,0.1199871078133583,0.25233298540115356,0.5847100019454956,-0.1126399040222168,0.3427281379699707,0.0856223925948143,-0.6520848721265793,0.5363330245018005,-1.0160919278860092,-0.3024168312549591,1.1138319969177246,-0.05069039762020111,0.13474002480506897,-0.20001200027763844,0.5308687686920166,0.1558993011713028,-0.7793746888637543,-0.7556680589914322,0.17272531986236572,0.02802535891532898,-0.34818220883607864,-0.4609484225511551,-0.4788890480995178,-0.8048782125115395,0.27908310294151306,0.05260501056909561,3.0,3.0,3.0,3.0,3.0,3.0,3.0,3.0,3.0,3.0,3.0,3.0,3.0,3.0,3.0,3.0,3.0,3.0,3.0,3.0,0.05,0.05,0.05,0.05,0.05,0.05,0.05,0.05,0.05,0.05,0.05,0.05,0.05,0.05,0.05,0.05,0.05,0.05,0.05,0.05,0.0,0.0,0.0,0.0,0.0,0.0,0.0,0.0,0.0,0.0,0.0,0.0,0.0,0.0,0.0,0.0,0.0,0.0,0.0,0.0,0.8475882411003113,0.22428391873836517,0.289177268743515,0.4030170738697052,0.7736572027206421,0.1177557110786438,0.47025129199028015,0.31346774101257324,1.0658514499664307,0.07198312133550644,0.48818978667259216,0.4452284872531891,1.0330454111099243,0.1375318020582199,0.49259400367736816,0.49899905920028687,0.9576842784881592,0.1273595094680786,0.7315287590026855,0.20748287439346313,0.3335624933242798,-0.1295175403356552,0.26835426688194275,0.9513944387435913,3.255869448184967,0.5868447944521904,0.4647083580493927,0.7314875721931458,2.5059491395950317,-0.3586547449231148,-1.7406821250915527,-1.314246654510498,2.053508162498474,-0.5944311618804932,-1.1972524225711823,-1.2370385229587555,1.5378981828689575,-0.4978589713573456,-0.75225830078125,-1.199386641383171,3.0,3.0,3.0,3.0,3.0,3.0,3.0,3.0,3.0,3.0,3.0,3.0,3.0,3.0,3.0,3.0,3.0,3.0,3.0,3.0,0.05,0.05,0.05,0.05,0.05,0.05,0.05,0.05,0.05,0.05,0.05,0.05,0.05,0.05,0.05,0.05,0.05,0.05,0.05,0.05,0.0,0.0,0.0,0.0,0.0,0.0,0.0,0.0,0.0,0.0,0.0,0.0,0.0,0.0,0.0,0.0,0.0,0.0,0.0,0.0
0.2097158133983612,0.6289380192756653,0.06771452724933624,-0.03372899442911148,0.8264502882957458,-0.1105366051197052,0.14198042452335358,0.01713459938764572,0.9153281450271606,-0.06679937243461609,0.09806150197982788,0.1683506965637207,0.824842095375061,-0.16004624962806702,0.11185803264379501,0.2424934059381485,0.5777415633201599,-0.1315494179725647,0.34892338514328003,0.08627757430076599,-0.42570941150188446,0.7758483290672302,-0.8447013795375824,-0.2515440806746483,0.6623700261116028,0.16367845237255096,-0.08388906717300415,-0.15279599465429783,0.24014711380004883,0.23996848613023758,-0.8050549775362015,-0.7396992295980453,-0.0780060887336731,-0.06310567259788513,-0.4595614969730377,-0.5250956863164902,-0.23463964462280273,-1.1015336960554123,0.32035261392593384,-0.0007908791303634644,3.0,3.0,3.0,3.0,3.0,3.0,3.0,3.0,3.0,3.0,3.0,3.0,3.0,3.0,3.0,3.0,3.0,3.0,3.0,3.0,0.05,0.05,0.05,0.05,0.05,0.05,0.05,0.05,0.05,0.05,0.05,0.05,0.05,0.05,0.05,0.05,0.05,0.05,0.05,0.05,0.0,0.0,0.0,0.0,0.0,0.0,0.0,0.0,0.0,0.0,0.0,0.0,0.0,0.0,0.0,0.0,0.0,0.0,0.0,0.0,0.8555071949958801,0.22590576112270355,0.2931920886039734,0.4180315434932709,0.8355492353439331,0.12925097346305847,0.47554752230644226,0.3274316191673279,1.1112067699432373,0.06544443219900131,0.45485424995422363,0.4210066795349121,1.0714111328125,0.12629295885562897,0.4692651331424713,0.4761184751987457,0.9849563837051392,0.11679774522781372,0.7128534913063049,0.18311147391796112,0.4414558410644531,0.036923959851264954,0.13603344559669495,0.6545573472976685,3.0723467469215393,0.502530112862587,0.008763372898101807,0.9142622351646423,2.269962430000305,-0.3633325919508934,-1.6391463577747345,-1.1154547333717346,1.8190950155258179,-0.5378181114792824,-1.1813648045063019,-1.0274752974510193,1.445913314819336,-0.5842490121722221,-1.282566785812378,-1.2831874191761017,3.0,3.0,3.0,3.0,3.0,3.0,3.0,3.0,3.0,3.0,3.0,3.0,3.0,3.0,3.0,3.0,3.0,3.0,3.0,3.0,0.05,0.05,0.05,0.05,0.05,0.05,0.05,0.05,0.05,0.05,0.05,0.05,0.05,0.05,0.05,0.05,0.05,0.05,0.05,0.05,0.0,0.0,0.0,0.0,0.0,0.0,0.0,0.0,0.0,0.0,0.0,0.0,0.0,0.0,0.0,0.0,0.0,0.0,0.0,0.0
0.2036460041999817,0.6467819213867188,0.05189361423254013,-0.03714735433459282,0.8364636301994324,-0.10521245747804642,0.13885006308555603,0.015761613845825195,0.9156365394592285,-0.06143832206726074,0.08097876608371735,0.1534622311592102,0.821121096611023,-0.16199785470962524,0.1016046479344368,0.23132915794849396,0.5753244161605835,-0.1567012518644333,0.35554224252700806,0.08559075742959976,-0.12146010994911194,0.9944289922714233,-0.7249603979289532,-0.19372869282960892,0.14726221561431885,0.3459915518760681,-0.34578293561935425,-0.08050112519413233,-0.08544772863388062,0.23402506485581398,-0.8439412340521812,-0.7196079939603806,-0.17605870962142944,-0.10119453072547913,-0.5091013386845589,-0.5607824772596359,-0.13135075569152832,-1.192585751414299,0.2797327935695648,-0.08426476269960403,3.0,3.0,3.0,3.0,3.0,3.0,3.0,3.0,3.0,3.0,3.0,3.0,3.0,3.0,3.0,3.0,3.0,3.0,3.0,3.0,0.05,0.05,0.05,0.05,0.05,0.05,0.05,0.05,0.05,0.05,0.05,0.05,0.05,0.05,0.05,0.05,0.05,0.05,0.05,0.05,0.0,0.0,0.0,0.0,0.0,0.0,0.0,0.0,0.0,0.0,0.0,0.0,0.0,0.0,0.0,0.0,0.0,0.0,0.0,0.0,0.8652464747428894,0.22576087713241577,0.2946186065673828,0.42919936776161194,0.8965510725975037,0.13785691559314728,0.4706018269062042,0.35003823041915894,1.1566499471664429,0.0574498176574707,0.4226239323616028,0.4006102979183197,1.105809211730957,0.11601907759904861,0.4453394114971161,0.4579000473022461,1.0155208110809326,0.10398954898118973,0.6802260875701904,0.15615537762641907,-0.16901791095733643,0.8872602134943008,0.060579925775527954,0.2800293266773224,2.465420961380005,0.29269084334373474,-0.6000898778438568,0.8115671575069427,1.6438096761703491,-0.3893575631082058,-1.717645674943924,-1.0372817516326904,1.3662725687026978,-0.4932241514325142,-1.3535484671592712,-0.9745001792907715,1.1981546878814697,-0.645054318010807,-1.6364425420761108,-1.2795791029930115,3.0,3.0,3.0,3.0,3.0,3.0,3.0,3.0,3.0,3.0,3.0,3.0,3.0,3.0,3.0,3.0,3.0,3.0,3.0,3.0,0.05,0.05,0.05,0.05,0.05,0.05,0.05,0.05,0.05,0.05,0.05,0.05,0.05,0.05,0.05,0.05,0.05,0.05,0.05,0.05,0.0,0.0,0.0,0.0,0.0,0.0,0.0,0.0,0.0,0.0,0.0,0.0,0.0,0.0,0.0,0.0,0.0,0.0,0.0,0.0
0.20485740900039673,0.6687151789665222,0.038716111332178116,-0.04147814214229584,0.8323407769203186,-0.09669694304466248,0.1281491070985794,0.013914554379880428,0.9119102358818054,-0.05743836984038353,0.06430385261774063,0.13956637680530548,0.8177997469902039,-0.16409403085708618,0.09149397909641266,0.22006210684776306,0.5724875330924988,-0.17925284802913666,0.3601126968860626,0.08290698379278183,0.35332217812538147,1.2413889169692993,-0.5826795939356089,-0.17829565331339836,-0.5578532814979553,0.5899025127291679,-0.7690556347370148,-0.11783316731452942,-0.44977813959121704,0.25247111916542053,-0.715254619717598,-0.7092848420143127,-0.2758115530014038,-0.07413625717163086,-0.5724461749196053,-0.598771870136261,-0.06461739540100098,-1.1503051966428757,0.21312907338142395,-0.18116477876901627,3.0,3.0,3.0,3.0,3.0,3.0,3.0,3.0,3.0,3.0,3.0,3.0,3.0,3.0,3.0,3.0,3.0,3.0,3.0,3.0,0.05,0.05,0.05,0.05,0.05,0.05,0.05,0.05,0.05,0.05,0.05,0.05,0.05,0.05,0.05,0.05,0.05,0.05,0.05,0.05,0.0,0.0,0.0,0.0,0.0,0.0,0.0,0.0,0.0,0.0,0.0,0.0,0.0,0.0,0.0,0.0,0.0,0.0,0.0,0.0,0.8487464785575867,0.2613961696624756,0.2956152856349945,0.42923271656036377,0.9341660737991333,0.14095860719680786,0.451543927192688,0.3598943054676056,1.1769591569900513,0.04987012967467308,0.3861484229564667,0.3795154094696045,1.126062035560608,0.1065639927983284,0.41512319445610046,0.43713846802711487,1.032882571220398,0.09099557250738144,0.6473957896232605,0.13192830979824066,-2.4819955229759216,2.884480357170105,0.17804279923439026,0.3719791769981384,1.207450032234192,0.004026293754577637,-1.1130906641483307,0.20765811204910278,0.5006968975067139,-0.33217258751392365,-1.8395178020000458,-1.0340481996536255,0.7231563329696655,-0.3722354769706726,-1.7211280763149261,-1.1425495147705078,0.6348520517349243,-0.6242139264941216,-1.7210513353347778,-1.1869549751281738,3.0,3.0,3.0,3.0,3.0,3.0,3.0,3.0,3.0,3.0,3.0,3.0,3.0,3.0,3.0,3.0,3.0,3.0,3.0,3.0,0.05,0.05,0.05,0.05,0.05,0.05,0.05,0.05,0.05,0.05,0.05,0.05,0.05,0.05,0.05,0.05,0.05,0.05,0.05,0.05,0.0,0.0,0.0,0.0,0.0,0.0,0.0,0.0,0.0,0.0,0.0,0.0,0.0,0.0,0.0,0.0,0.0,0.0,0.0,0.0
0.21777889132499695,0.6964374780654907,0.028586430475115776,-0.044279180467128754,0.8141494989395142,-0.0816163569688797,0.10808783769607544,0.011048287153244019,0.8976454138755798,-0.05133947730064392,0.05236858129501343,0.1250908374786377,0.8100886344909668,-0.16496330499649048,0.07870680093765259,0.20737828314304352,0.5727397203445435,-0.20271345973014832,0.364067405462265,0.07834416627883911,1.142939180135727,1.4613702893257141,-0.32876082696020603,-0.03022449091076851,-1.0552197694778442,0.7167134433984756,-1.0303517803549767,-0.09959677699953318,-0.7798135280609131,0.2204984426498413,-0.4975130781531334,-0.6245998665690422,-0.34108906984329224,-0.07030665874481201,-0.5410065874457359,-0.5595166236162186,0.2437785267829895,-0.9647104889154434,0.359344482421875,-0.17227698117494583,3.0,3.0,3.0,3.0,3.0,3.0,3.0,3.0,3.0,3.0,3.0,3.0,3.0,3.0,3.0,3.0,3.0,3.0,3.0,3.0,0.05,0.05,0.05,0.05,0.05,0.05,0.05,0.05,0.05,0.05,0.05,0.05,0.05,0.05,0.05,0.05,0.05,0.05,0.05,0.05,0.0,0.0,0.0,0.0,0.0,0.0,0.0,0.0,0.0,0.0,0.0,0.0,0.0,0.0,0.0,0.0,0.0,0.0,0.0,0.0,0.7659666538238525,0.34114009141921997,0.3017403185367584,0.4440785348415375,0.9448490738868713,0.13801796734333038,0.426078200340271,0.35834455490112305,1.1766778230667114,0.04416291415691376,0.34904322028160095,0.3592483699321747,1.1347354650497437,0.10112965852022171,0.37649428844451904,0.4121980667114258,1.0409148931503296,0.07902099192142487,0.6113840341567993,0.10867717862129211,-5.600845813751221,4.707383364439011,0.7150650024414062,0.5874872207641602,0.047867000102996826,-0.2483673393726349,-1.290249079465866,-0.23350417613983154,-0.42351484298706055,-0.3473062999546528,-1.7750151455402374,-0.9505122900009155,0.015377998352050781,-0.28165895491838455,-2.0240075886249542,-1.260097324848175,0.15653371810913086,-0.6591629236936569,-1.8239125609397888,-1.0411445051431656,3.0,3.0,3.0,3.0,3.0,3.0,3.0,3.0,3.0,3.0,3.0,3.0,3.0,3.0,3.0,3.0,3.0,3.0,3.0,3.0,0.05,0.05,0.05,0.05,0.05,0.05,0.05,0.05,0.05,0.05,0.05,0.05,0.05,0.05,0.05,0.05,0.05,0.05,0.05,0.05,0.0,0.0,0.0,0.0,0.0,0.0,0.0,0.0,0.0,0.0,0.0,0.0,0.0,0.0,0.0,0.0,0.0,0.0,0.0,0.0
0.2505749762058258,0.7271699905395508,0.025565678253769875,-0.04268712177872658,0.7901319861412048,-0.06802840530872345,0.08693503588438034,0.009930683299899101,0.8807176947593689,-0.04861843213438988,0.044403329491615295,0.11458238214254379,0.8041561841964722,-0.16690629720687866,0.06985371559858322,0.19768144190311432,0.5822386741638184,-0.2178412675857544,0.3744864761829376,0.076015904545784,2.1929308772087097,0.4192769527435303,1.3508121017366648,1.9914505071938038,-1.5577524900436401,0.6103653460741043,0.2762962132692337,-0.0416560098528862,-0.5977064371109009,0.1354270614683628,-0.036862585693597794,-0.18765702843666077,0.23652613162994385,-0.0776287168264389,0.05415827035903931,-0.17741061747074127,1.1205539107322693,-0.6062112748622894,1.260054111480713,0.29149092733860016,3.0,3.0,3.0,3.0,3.0,3.0,3.0,3.0,3.0,3.0,3.0,3.0,3.0,3.0,3.0,3.0,3.0,3.0,3.0,3.0,0.05,0.05,0.05,0.05,0.05,0.05,0.05,0.05,0.05,0.05,0.05,0.05,0.05,0.05,0.05,0.05,0.05,0.05,0.05,0.05,0.0,0.0,0.0,0.0,0.0,0.0,0.0,0.0,0.0,0.0,0.0,0.0,0.0,0.0,0.0,0.0,0.0,0.0,0.0,0.0,0.6247126460075378,0.449691504240036,0.32421788573265076,0.4527322053909302,0.9360807538032532,0.13102391362190247,0.39993396401405334,0.35055413842201233,1.1600185632705688,0.03597787767648697,0.3151478171348572,0.34149491786956787,1.12667715549469,0.09529763460159302,0.3341628909111023,0.38673457503318787,1.0391439199447632,0.06462905555963516,0.574439287185669,0.09028252959251404,-6.407172977924347,4.814237356185913,0.9284868836402893,0.4377394914627075,-1.0505035519599915,-0.3043174743652344,-1.3794675469398499,-0.46477168798446655,-1.4416694641113281,-0.4574381746351719,-1.7072506248950958,-0.8545607328414917,-0.7899731397628784,-0.388873927295208,-2.0940855145454407,-1.2094199657440186,-0.22436976432800293,-0.8966846391558647,-1.7549589276313782,-0.8360637351870537,3.0,3.0,3.0,3.0,3.0,3.0,3.0,3.0,3.0,3.0,3.0,3.0,3.0,3.0,3.0,3.0,3.0,3.0,3.0,3.0,0.05,0.05,0.05,0.05,0.05,0.05,0.05,0.05,0.05,0.05,0.05,0.05,0.05,0.05,0.05,0.05,0.05,0.05,0.05,0.05,0.0,0.0,0.0,0.0,0.0,0.0,0.0,0.0,0.0,0.0,0.0,0.0,0.0,0.0,0.0,0.0,0.0,0.0,0.0,0.0
0.30549612641334534,0.7132085561752319,0.08261891454458237,0.0353788398206234,0.7518393993377686,-0.05720174312591553,0.11913968622684479,0.00938204675912857,0.8737371563911438,-0.04592239484190941,0.050894077867269516,0.11758455634117126,0.8195496797561646,-0.16806845366954803,0.08087313175201416,0.20028185844421387,0.6175618767738342,-0.2269619107246399,0.41446956992149353,0.09000380337238312,2.130240947008133,-0.9822264313697815,2.529023354873061,4.981985781341791,-2.1346479654312134,0.33593615517020226,1.283377967774868,0.0540437875315547,-0.38292109966278076,-0.16914689913392067,0.5026444792747498,0.37043001502752304,0.7941886782646179,-0.28518475592136383,0.776861235499382,0.3285270184278488,2.333691716194153,-0.4355601966381073,2.653653919696808,1.141565851867199,3.0,3.0,3.0,3.0,3.0,3.0,3.0,3.0,3.0,3.0,3.0,3.0,3.0,3.0,3.0,3.0,3.0,3.0,3.0,3.0,0.05,0.05,0.05,0.05,0.05,0.05,0.05,0.05,0.05,0.05,0.05,0.05,0.05,0.05,0.05,0.05,0.05,0.05,0.05,0.05,0.0,0.0,0.0,0.0,0.0,0.0,0.0,0.0,0.0,0.0,0.0,0.0,0.0,0.0,0.0,0.0,0.0,0.0,0.0,0.0,0.5096797347068787,0.5337095856666565,0.33887979388237,0.4615881145000458,0.9028289318084717,0.125845268368721,0.370899498462677,0.3397536873817444,1.1190110445022583,0.02586538717150688,0.2807531952857971,0.325065940618515,1.1031365394592285,0.08557470142841339,0.2927308678627014,0.36382126808166504,1.0319401025772095,0.04315360635519028,0.5411856770515442,0.07523462921380997,-5.186721682548523,3.8268454372882843,0.7717996835708618,-0.10013729333877563,-2.174653112888336,-0.33819153904914856,-1.3469673693180084,-0.5171254277229309,-2.6269525289535522,-0.7054695393890142,-1.4609329402446747,-0.6341986358165741,-1.6683638095855713,-0.5407826974987984,-1.968604326248169,-0.9938560426235199,-0.7202804088592529,-1.1445708107203245,-1.5881150960922241,-0.6082352250814438,3.0,3.0,3.0,3.0,3.0,3.0,3.0,3.0,3.0,3.0,3.0,3.0,3.0,3.0,3.0,3.0,3.0,3.0,3.0,3.0,0.05,0.05,0.05,0.05,0.05,0.05,0.05,0.05,0.05,0.05,0.05,0.05,0.05,0.05,0.05,0.05,0.05,0.05,0.05,0.05,0.0,0.0,0.0,0.0,0.0,0.0,0.0,0.0,0.0,0.0,0.0,0.0,0.0,0.0,0.0,0.0,0.0,0.0,0.0,0.0
0.3357846140861511,0.6878809332847595,0.12672661244869232,0.15659230947494507,0.7047460675239563,-0.05459095910191536,0.13827015459537506,0.01209243480116129,0.8654008507728577,-0.055384308099746704,0.06450910866260529,0.12939958274364471,0.8359237313270569,-0.17831368744373322,0.1009281650185585,0.21082252264022827,0.6755863428115845,-0.2352636754512787,0.48063263297080994,0.12167853862047195,1.169125735759735,-1.0915696620941162,1.9282976165413857,5.784255359321833,-1.662220060825348,-0.21214820444583893,1.1688943952322006,0.3127442207187414,-0.30447691679000854,-0.49974219873547554,0.7706559263169765,0.685790553689003,0.644180178642273,-0.47665610909461975,0.9651962667703629,0.547177717089653,1.9678622484207153,-0.4741329699754715,2.8866343200206757,1.475808396935463,3.0,3.0,3.0,3.0,3.0,3.0,3.0,3.0,3.0,3.0,3.0,3.0,3.0,3.0,3.0,3.0,3.0,3.0,3.0,3.0,0.05,0.05,0.05,0.05,0.05,0.05,0.05,0.05,0.05,0.05,0.05,0.05,0.05,0.05,0.05,0.05,0.05,0.05,0.05,0.05,0.0,0.0,0.0,0.0,0.0,0.0,0.0,0.0,0.0,0.0,0.0,0.0,0.0,0.0,0.0,0.0,0.0,0.0,0.0,0.0,0.4172437787055969,0.6027653217315674,0.35508987307548523,0.44872671365737915,0.8490946292877197,0.11749625205993652,0.346055269241333,0.3298691213130951,1.0549404621124268,0.007759096100926399,0.2567104995250702,0.3161269724369049,1.059942603111267,0.07366632670164108,0.25541871786117554,0.34698033332824707,1.010332703590393,0.01884622313082218,0.51091468334198,0.06595312058925629,-1.4238715171813965,1.7435148358345032,0.27896612882614136,-1.5052787959575653,-3.1330958008766174,0.45029930770397186,-0.2036362886428833,0.10630711913108826,-2.9053419828414917,-0.42260007467120886,-0.3204628825187683,0.05686357617378235,-1.9769519567489624,-0.31700823456048965,-1.0989222675561905,-0.31009167432785034,-1.1374905705451965,-0.806721393018961,-0.9324505925178528,-0.0009898096323013306,3.0,3.0,3.0,3.0,3.0,3.0,3.0,3.0,3.0,3.0,3.0,3.0,3.0,3.0,3.0,3.0,3.0,3.0,3.0,3.0,0.05,0.05,0.05,0.05,0.05,0.05,0.05,0.05,0.05,0.05,0.05,0.05,0.05,0.05,0.05,0.05,0.05,0.05,0.05,0.05,0.0,0.0,0.0,0.0,0.0,0.0,0.0,0.0,0.0,0.0,0.0,0.0,0.0,0.0,0.0,0.0,0.0,0.0,0.0,0.0
0.35226115584373474,0.6695457696914673,0.1597508192062378,0.2667490541934967,0.6853505969047546,-0.06568767130374908,0.1658954620361328,0.021891815587878227,0.8615580797195435,-0.06591208279132843,0.08172031491994858,0.14501617848873138,0.8453168869018555,-0.18713469803333282,0.11948098242282867,0.2221689671278,0.6962763667106628,-0.24592722952365875,0.5299349427223206,0.14903613924980164,0.5228430032730103,-0.8306458592414856,1.3834308832883835,5.283507704734802,-0.48695653676986694,-0.6276627071201801,1.5346165746450424,0.6275677820667624,-0.11650770902633667,-0.46896133571863174,0.849262997508049,0.7818657904863358,0.25094449520111084,-0.40323957800865173,0.8514979854226112,0.5564425140619278,0.5332082509994507,-0.5492605268955231,2.146410197019577,1.237034611403942,3.0,3.0,3.0,3.0,3.0,3.0,3.0,3.0,3.0,3.0,3.0,3.0,3.0,3.0,3.0,3.0,3.0,3.0,3.0,3.0,0.05,0.05,0.05,0.05,0.05,0.05,0.05,0.05,0.05,0.05,0.05,0.05,0.05,0.05,0.05,0.05,0.05,0.05,0.05,0.05,0.0,0.0,0.0,0.0,0.0,0.0,0.0,0.0,0.0,0.0,0.0,0.0,0.0,0.0,0.0,0.0,0.0,0.0,0.0,0.0,0.4527248740196228,0.6034501791000366,0.35003843903541565,0.40137696266174316,0.777505099773407,0.14385724067687988,0.36275404691696167,0.3440059721469879,1.0027973651885986,0.008961384184658527,0.2679346799850464,0.3273404836654663,1.02405846118927,0.0728943720459938,0.2487739771604538,0.351417601108551,0.9864404797554016,0.010884750634431839,0.5038876533508301,0.07519503682851791,3.213486075401306,-1.324675977230072,-0.6778225302696228,-1.2920193374156952,-2.5462299585342407,0.864020362496376,1.6503140330314636,0.9851112961769104,-1.9643723964691162,0.2969620283693075,1.0433971881866455,0.7969565689563751,-1.5745624899864197,0.2780986949801445,0.14449059963226318,0.5133748054504395,-1.1449694633483887,-0.15329017769545317,0.1459077000617981,0.7582595571875572,3.0,3.0,3.0,3.0,3.0,3.0,3.0,3.0,3.0,3.0,3.0,3.0,3.0,3.0,3.0,3.0,3.0,3.0,3.0,3.0,0.05,0.05,0.05,0.05,0.05,0.05,0.05,0.05,0.05,0.05,0.05,0.05,0.05,0.05,0.05,0.05,0.05,0.05,0.05,0.05,0.0,0.0,0.0,0.0,0.0,0.0,0.0,0.0,0.0,0.0,0.0,0.0,0.0,0.0,0.0,0.0,0.0,0.0,0.0,0.0
0.35669833421707153,0.6546550989151001,0.18206384778022766,0.36793261766433716,0.6852678060531616,-0.07969746738672256,0.19965481758117676,0.03719514608383179,0.8607405424118042,-0.07414276152849197,0.09847962856292725,0.16067421436309814,0.8459615111351013,-0.19444327056407928,0.13498808443546295,0.23308022320270538,0.6969146728515625,-0.2572340965270996,0.566489040851593,0.17115992307662964,0.46212300658226013,-0.9913861751556396,0.9205609560012817,4.255129396915436,0.38469284772872925,-0.8372286334633827,1.9898422062397003,1.1243096087127924,0.19647032022476196,-0.45712441205978394,1.001959666609764,0.9758017957210541,0.006212294101715088,-0.3779284656047821,1.1501610279083252,0.866251066327095,-0.21185576915740967,-0.5139332264661789,1.9380688667297363,1.2337319552898407,3.0,3.0,3.0,3.0,3.0,3.0,3.0,3.0,3.0,3.0,3.0,3.0,3.0,3.0,3.0,3.0,3.0,3.0,3.0,3.0,0.05,0.05,0.05,0.05,0.05,0.05,0.05,0.05,0.05,0.05,0.05,0.05,0.05,0.05,0.05,0.05,0.05,0.05,0.05,0.05,0.0,0.0,0.0,0.0,0.0,0.0,0.0,0.0,0.0,0.0,0.0,0.0,0.0,0.0,0.0,0.0,0.0,0.0,0.0,0.0,0.5457832217216492,0.5497782826423645,0.3279769718647003,0.39704594016075134,0.7472454309463501,0.15205706655979156,0.41206783056259155,0.3692735731601715,0.9763655662536621,0.0196375772356987,0.298446387052536,0.3480052351951599,0.9969601035118103,0.08479027450084686,0.26119834184646606,0.36751532554626465,0.9645339250564575,0.012714616023004055,0.5167509913444519,0.09628350287675858,4.7058358788490295,-3.18690687417984,-0.909530371427536,0.5542047321796417,-0.9542599320411682,0.30454210937023163,2.6649899780750275,1.3116143643856049,-0.6817460060119629,0.4360620165243745,1.8437720835208893,1.199321448802948,-0.8784055709838867,0.5694964900612831,1.1058274656534195,1.0526113212108612,-1.0179311037063599,0.17793234437704086,1.0556921362876892,1.2622544541954994,3.0,3.0,3.0,3.0,3.0,3.0,3.0,3.0,3.0,3.0,3.0,3.0,3.0,3.0,3.0,3.0,3.0,3.0,3.0,3.0,0.05,0.05,0.05,0.05,0.05,0.05,0.05,0.05,0.05,0.05,0.05,0.05,0.05,0.05,0.05,0.05,0.05,0.05,0.05,0.05,0.0,0.0,0.0,0.0,0.0,0.0,0.0,0.0,0.0,0.0,0.0,0.0,0.0,0.0,0.0,0.0,0.0,0.0,0.0,0.0
0.37074607610702515,0.6298903226852417,0.19657325744628906,0.43695423007011414,0.7007383108139038,-0.0991768166422844,0.24548915028572083,0.06686419993638992,0.8694168925285339,-0.08419705927371979,0.12179870158433914,0.18404825031757355,0.8455653786659241,-0.2022518366575241,0.16548742353916168,0.2568190097808838,0.6878021359443665,-0.2664845585823059,0.60745769739151,0.19838541746139526,1.317381113767624,-1.4270395040512085,0.5431585013866425,2.1852917969226837,1.387159526348114,-0.9839633479714394,2.49386727809906,1.657773181796074,1.04551762342453,-0.4516160115599632,1.5787042677402496,1.4363568276166916,0.41397809982299805,-0.2987779676914215,1.9142977893352509,1.4482159167528152,-0.13325214385986328,-0.42190998792648315,2.2397100925445557,1.5157811343669891,3.0,3.0,3.0,3.0,3.0,3.0,3.0,3.0,3.0,3.0,3.0,3.0,3.0,3.0,3.0,3.0,3.0,3.0,3.0,3.0,0.05,0.05,0.05,0.05,0.05,0.05,0.05,0.05,0.05,0.05,0.05,0.05,0.05,0.05,0.05,0.05,0.05,0.05,0.05,0.05,0.0,0.0,0.0,0.0,0.0,0.0,0.0,0.0,0.0,0.0,0.0,0.0,0.0,0.0,0.0,0.0,0.0,0.0,0.0,0.0,0.640958309173584,0.475973904132843,0.3136572241783142,0.42354515194892883,0.7393347024917603,0.15603892505168915,0.46935364603996277,0.3964705467224121,0.9755275249481201,0.026403864845633507,0.34168556332588196,0.37531334161758423,0.9889222383499146,0.09567423164844513,0.2930070757865906,0.3935220539569855,0.9457232356071472,0.018002044409513474,0.5461153388023376,0.1256852149963379,4.3499574065208435,-3.5418108105659485,-0.5363874137401581,1.3193905353546143,0.2346813678741455,0.20755231380462646,3.0270829796791077,1.4648623764514923,0.4527151584625244,0.29008123092353344,2.463892847299576,1.5361979603767395,0.12470632791519165,0.4679519683122635,1.9866682589054108,1.4773808419704437,-0.36689192056655884,0.4101755330339074,1.8955513834953308,1.6405792906880379,3.0,3.0,3.0,3.0,3.0,3.0,3.0,3.0,3.0,3.0,3.0,3.0,3.0,3.0,3.0,3.0,3.0,3.0,3.0,3.0,0.05,0.05,0.05,0.05,0.05,0.05,0.05,0.05,0.05,0.05,0.05,0.05,0.05,0.05,0.05,0.05,0.05,0.05,0.05,0.05,0.0,0.0,0.0,0.0,0.0,0.0,0.0,0.0,0.0,0.0,0.0,0.0,0.0,0.0,0.0,0.0,0.0,0.0,0.0,0.0
0.4093935787677765,0.5975735187530518,0.20379018783569336,0.4553442895412445,0.7407541871070862,-0.11905600130558014,0.29940950870513916,0.10350607335567474,0.9025612473487854,-0.0922074019908905,0.16162779927253723,0.2181284874677658,0.8625206351280212,-0.20639438927173615,0.21155999600887299,0.291008859872818,0.691584587097168,-0.27411049604415894,0.6560774445533752,0.2317911684513092,2.2330820560455322,-1.6884833574295044,0.2722397446632385,-0.09561404585838318,2.5249049067497253,-0.8731557056307793,2.805657684803009,1.9751893356442451,2.1467581391334534,-0.2592477947473526,2.322760783135891,1.9484322518110275,1.1767223477363586,-0.004407018423080444,2.6521246880292892,1.9739910960197449,0.41236281394958496,-0.18704384565353394,2.5101572275161743,1.7916865646839142,3.0,3.0,3.0,3.0,3.0,3.0,3.0,3.0,3.0,3.0,3.0,3.0,3.0,3.0,3.0,3.0,3.0,3.0,3.0,3.0,0.05,0.05,0.05,0.05,0.05,0.05,0.05,0.05,0.05,0.05,0.05,0.05,0.05,0.05,0.05,0.05,0.05,0.05,0.05,0.05,0.0,0.0,0.0,0.0,0.0,0.0,0.0,0.0,0.0,0.0,0.0,0.0,0.0,0.0,0.0,0.0,0.0,0.0,0.0,0.0,0.7197815179824829,0.40810585021972656,0.306521475315094,0.4498215615749359,0.7566326856613159,0.16035915911197662,0.5331511497497559,0.4278680682182312,0.9944741725921631,0.031240826472640038,0.39700210094451904,0.4094531536102295,1.001948356628418,0.1035083532333374,0.3406650722026825,0.4266105592250824,0.9498582482337952,0.02912163734436035,0.5925730466842651,0.1619066745042801,3.7794068455696106,-3.476877510547638,-0.2903401851654053,1.445164531469345,1.4007434248924255,0.2993643283843994,3.2617665827274323,1.7665661871433258,1.170206069946289,0.2612802665680647,3.143095225095749,1.984243094921112,0.7316857576370239,0.24535153061151505,2.916731685400009,1.9645728170871735,0.254666805267334,0.4615447483956814,2.72110253572464,2.016036957502365,3.0,3.0,3.0,3.0,3.0,3.0,3.0,3.0,3.0,3.0,3.0,3.0,3.0,3.0,3.0,3.0,3.0,3.0,3.0,3.0,0.05,0.05,0.05,0.05,0.05,0.05,0.05,0.05,0.05,0.05,0.05,0.05,0.05,0.05,0.05,0.05,0.05,0.05,0.05,0.05,0.0,0.0,0.0,0.0,0.0,0.0,0.0,0.0,0.0,0.0,0.0,0.0,0.0,0.0,0.0,0.0,0.0,0.0,0.0,0.0
0.46006935834884644,0.5623509883880615,0.2074628472328186,0.4331296682357788,0.8017345070838928,-0.13410304486751556,0.3577154576778412,0.14587177336215973,0.9552872180938721,-0.09456697106361389,0.21470913290977478,0.26198554039001465,0.8926342725753784,-0.20242811739444733,0.27157241106033325,0.3357786536216736,0.7042966485023499,-0.27396631240844727,0.707863986492157,0.27005288004875183,2.708599716424942,-1.927722990512848,0.11791177093982697,-1.135685294866562,3.060270845890045,-0.5770646035671234,2.582208812236786,2.2804539650678635,2.50294953584671,-0.016578100621700287,2.678143233060837,2.43343748152256,1.3877734541893005,0.37167370319366455,3.2536309212446213,2.582227438688278,0.624886155128479,0.2827174961566925,2.6067107915878296,2.1401427686214447,3.0,3.0,3.0,3.0,3.0,3.0,3.0,3.0,3.0,3.0,3.0,3.0,3.0,3.0,3.0,3.0,3.0,3.0,3.0,3.0,0.05,0.05,0.05,0.05,0.05,0.05,0.05,0.05,0.05,0.05,0.05,0.05,0.05,0.05,0.05,0.05,0.05,0.05,0.05,0.05,0.0,0.0,0.0,0.0,0.0,0.0,0.0,0.0,0.0,0.0,0.0,0.0,0.0,0.0,0.0,0.0,0.0,0.0,0.0,0.0,0.7921345829963684,0.3368988037109375,0.302043616771698,0.48135173320770264,0.7953644394874573,0.16801349818706512,0.5998243093490601,0.46713319420814514,1.0223357677459717,0.036855075508356094,0.4674093723297119,0.4546830654144287,1.0181896686553955,0.10548829287290573,0.40967634320259094,0.4721049666404724,0.9559099078178406,0.03646383434534073,0.6549594402313232,0.2063266932964325,3.5137489438056946,-3.1496748328208923,-0.0896938145160675,1.1547006666660309,2.055777609348297,-0.2204466611146927,3.168739378452301,2.267354726791382,0.959816575050354,-0.2738414332270622,4.081493616104126,2.5716736912727356,0.369831919670105,-0.4006046801805496,4.565215855836868,2.7256257832050323,-0.233536958694458,-0.03228671848773956,4.2329952120780945,2.8213951736688614,3.0,3.0,3.0,3.0,3.0,3.0,3.0,3.0,3.0,3.0,3.0,3.0,3.0,3.0,3.0,3.0,3.0,3.0,3.0,3.0,0.05,0.05,0.05,0.05,0.05,0.05,0.05,0.05,0.05,0.05,0.05,0.05,0.05,0.05,0.05,0.05,0.05,0.05,0.05,0.05,0.0,0.0,0.0,0.0,0.0,0.0,0.0,0.0,0.0,0.0,0.0,0.0,0.0,0.0,0.0,0.0,0.0,0.0,0.0,0.0
0.5177375674247742,0.5204645991325378,0.20850665867328644,0.40991687774658203,0.863165020942688,-0.14213858544826508,0.4026978611946106,0.19472423195838928,1.0026792287826538,-0.09287052601575851,0.2687535285949707,0.3154659867286682,0.9180315732955933,-0.19152744114398956,0.34170523285865784,0.3942979574203491,0.7165800333023071,-0.26280179619789124,0.7603458762168884,0.317396879196167,2.7787327766418457,-2.1071843802928925,0.08421950042247772,-1.0505318641662598,3.0669644474983215,-0.39319880306720734,2.0388491451740265,2.6389900594949722,2.250528335571289,0.17965734004974365,2.727620303630829,2.8206996619701385,1.2774989008903503,0.6082635372877121,3.6327168345451355,3.083847463130951,0.9114399552345276,0.7799655199050903,2.7634814381599426,2.570304274559021,3.0,3.0,3.0,3.0,3.0,3.0,3.0,3.0,3.0,3.0,3.0,3.0,3.0,3.0,3.0,3.0,3.0,3.0,3.0,3.0,0.05,0.05,0.05,0.05,0.05,0.05,0.05,0.05,0.05,0.05,0.05,0.05,0.05,0.05,0.05,0.05,0.05,0.05,0.05,0.05,0.0,0.0,0.0,0.0,0.0,0.0,0.0,0.0,0.0,0.0,0.0,0.0,0.0,0.0,0.0,0.0,0.0,0.0,0.0,0.0,0.8603314757347107,0.28211885690689087,0.3029337227344513,0.49600958824157715,0.8388637900352478,0.15154129266738892,0.6599007248878479,0.5185622572898865,1.0328668355941772,0.02028716914355755,0.5602618455886841,0.5123201012611389,1.0167416334152222,0.08748416602611542,0.5232737064361572,0.5356355905532837,0.9405167698860168,0.02783016860485077,0.7618928551673889,0.27476248145103455,2.6770800352096558,-2.3539774119853973,0.4219241440296173,0.8780509233474731,2.3009762167930603,-0.944884866476059,2.961130440235138,2.464110404253006,0.8000850677490234,-0.7833778159692883,4.62726354598999,2.7809083461761475,0.06721615791320801,-0.8861316367983818,5.483213812112808,2.9930219054222107,-0.6438493728637695,-0.39534037932753563,5.088011920452118,3.2325901091098785,3.0,3.0,3.0,3.0,3.0,3.0,3.0,3.0,3.0,3.0,3.0,3.0,3.0,3.0,3.0,3.0,3.0,3.0,3.0,3.0,0.05,0.05,0.05,0.05,0.05,0.05,0.05,0.05,0.05,0.05,0.05,0.05,0.05,0.05,0.05,0.05,0.05,0.05,0.05,0.05,0.0,0.0,0.0,0.0,0.0,0.0,0.0,0.0,0.0,0.0,0.0,0.0,0.0,0.0,0.0,0.0,0.0,0.0,0.0,0.0
0.5712186694145203,0.4780636131763458,0.2108316272497177,0.3911083936691284,0.9244130849838257,-0.14983099699020386,0.43926942348480225,0.2514313757419586,1.0453083515167236,-0.08738067746162415,0.32381394505500793,0.3748135268688202,0.9437342286109924,-0.17809757590293884,0.41688108444213867,0.4591325521469116,0.740754246711731,-0.24276769161224365,0.8184032440185547,0.37286505103111267,2.6127591729164124,-2.1885946393013,0.26993751525878906,-0.6879113614559174,3.086605668067932,-0.24600550532341003,1.835450530052185,3.0818603932857513,2.107688784599304,0.24460293352603912,2.959825098514557,3.1041912734508514,1.4667332172393799,0.7897306233644485,3.926914930343628,3.282471001148224,1.2872010469436646,1.225481927394867,3.056885302066803,2.9263637959957123,3.0,3.0,3.0,3.0,3.0,3.0,3.0,3.0,3.0,3.0,3.0,3.0,3.0,3.0,3.0,3.0,3.0,3.0,3.0,3.0,0.05,0.05,0.05,0.05,0.05,0.05,0.05,0.05,0.05,0.05,0.05,0.05,0.05,0.05,0.05,0.05,0.05,0.05,0.05,0.05,0.0,0.0,0.0,0.0,0.0,0.0,0.0,0.0,0.0,0.0,0.0,0.0,0.0,0.0,0.0,0.0,0.0,0.0,0.0,0.0,0.8992177844047546,0.2427397072315216,0.3189205825328827,0.5164737701416016,0.8874034881591797,0.13021810352802277,0.7182695269584656,0.5656976103782654,1.0543391704559326,0.00551996286958456,0.6524999141693115,0.5659193992614746,1.0208783149719238,0.07004302740097046,0.6290048956871033,0.5918258428573608,0.9301559329032898,0.020650219172239304,0.858479917049408,0.33563029766082764,1.3292819261550903,-0.9825725108385086,0.9270302951335907,1.2450799345970154,1.9452661275863647,-1.1949779465794563,3.0527427792549133,2.567155659198761,0.5364894866943359,-0.8968778653070331,5.128379166126251,2.76915580034256,-0.35040080547332764,-1.1722003109753132,5.843746662139893,2.8189554810523987,-0.9768322110176086,-0.7014038506895304,5.209282040596008,3.2427512109279633,3.0,3.0,3.0,3.0,3.0,3.0,3.0,3.0,3.0,3.0,3.0,3.0,3.0,3.0,3.0,3.0,3.0,3.0,3.0,3.0,0.05,0.05,0.05,0.05,0.05,0.05,0.05,0.05,0.05,0.05,0.05,0.05,0.05,0.05,0.05,0.05,0.05,0.05,0.05,0.05,0.0,0.0,0.0,0.0,0.0,0.0,0.0,0.0,0.0,0.0,0.0,0.0,0.0,0.0,0.0,0.0,0.0,0.0,0.0,0.0
0.6222479343414307,0.43292081356048584,0.219304159283638,0.38240042328834534,0.9866292476654053,-0.15197880566120148,0.476115882396698,0.31799864768981934,1.086986780166626,-0.08308640867471695,0.387146532535553,0.43963363766670227,0.9767009019851685,-0.15993821620941162,0.49878183007240295,0.5255967974662781,0.7680680751800537,-0.21378251910209656,0.8826212882995605,0.4344514310359955,2.7555525302886963,-2.0625531673431396,0.5987726151943207,-0.17827525734901428,3.024345636367798,0.46641118824481964,2.6542171835899353,4.489436000585556,1.8792659044265747,0.7894514128565788,4.28534671664238,3.8407959043979645,1.6347214579582214,1.3435319066047668,4.8994287848472595,3.5257816314697266,1.5469804406166077,1.997653767466545,4.152935743331909,3.6313898861408234,3.0,3.0,3.0,3.0,3.0,3.0,3.0,3.0,3.0,3.0,3.0,3.0,3.0,3.0,3.0,3.0,3.0,3.0,3.0,3.0,0.05,0.05,0.05,0.05,0.05,0.05,0.05,0.05,0.05,0.05,0.05,0.05,0.05,0.05,0.05,0.05,0.05,0.05,0.05,0.05,0.0,0.0,0.0,0.0,0.0,0.0,0.0,0.0,0.0,0.0,0.0,0.0,0.0,0.0,0.0,0.0,0.0,0.0,0.0,0.0,0.9135027527809143,0.24281595647335052,0.3400149345397949,0.5458127856254578,0.9166744351387024,0.10374217480421066,0.7820104360580444,0.6212484836578369,1.0543264150619507,-0.015587945468723774,0.7653970122337341,0.6230863332748413,1.002725601196289,0.04059615358710289,0.7570235729217529,0.6483938097953796,0.9014434814453125,-0.00022598542273044586,0.9702641367912292,0.4044725298881531,-0.2560257911682129,1.054779440164566,1.1145979166030884,1.1468470096588135,1.309986412525177,-1.379147358238697,2.9084384441375732,2.5492042303085327,0.03421306610107422,-1.1444805888459086,5.203476548194885,2.6030346751213074,-0.7405251264572144,-1.443072222173214,5.847662687301636,2.5205060839653015,-1.3276636600494385,-0.953972851857543,5.169500410556793,3.15287709236145,3.0,3.0,3.0,3.0,3.0,3.0,3.0,3.0,3.0,3.0,3.0,3.0,3.0,3.0,3.0,3.0,3.0,3.0,3.0,3.0,0.05,0.05,0.05,0.05,0.05,0.05,0.05,0.05,0.05,0.05,0.05,0.05,0.05,0.05,0.05,0.05,0.05,0.05,0.05,0.05,0.0,0.0,0.0,0.0,0.0,0.0,0.0,0.0,0.0,0.0,0.0,0.0,0.0,0.0,0.0,0.0,0.0,0.0,0.0,0.0
0.6814407706260681,0.39556148648262024,0.23478253185749054,0.38397738337516785,1.0453869104385376,-0.13117454946041107,0.5454381108283997,0.43100881576538086,1.1204789876937866,-0.05580262094736099,0.4952278137207031,0.5284453630447388,1.0091230869293213,-0.12435629963874817,0.612858235836029,0.6001638174057007,0.8026334643363953,-0.16286154091358185,0.984520673751831,0.5181206464767456,3.093838691711395,-1.0148778557777405,0.9543355554342117,0.29614567756652,2.1860301494598167,2.530387230217416,5.19239157438271,7.497824728488828,1.0099291801452581,2.660526521503885,7.148507237434298,5.212811380624715,1.0862678289413397,2.737566642463168,6.958093494176781,4.01495397090908,1.7809793353080527,3.315783478319599,5.369880795478765,4.449156671762414,3.0,3.0,3.0,3.0,3.0,3.0,3.0,3.0,3.0,3.0,3.0,3.0,3.0,3.0,3.0,3.0,3.0,3.0,3.0,3.0,0.05,0.05,0.05,0.05,0.05,0.05,0.05,0.05,0.05,0.05,0.05,0.05,0.05,0.05,0.05,0.05,0.05,0.05,0.05,0.05,0.0,0.0,0.0,0.0,0.0,0.0,0.0,0.0,0.0,0.0,0.0,0.0,0.0,0.0,0.0,0.0,0.0,0.0,0.0,0.0,0.8889767527580261,0.28493088483810425,0.3635044991970062,0.5623476505279541,0.9398029446601868,0.07505220919847488,0.8346070647239685,0.6676657795906067,1.0557076930999756,-0.040259260684251785,0.8606389760971069,0.6700407862663269,0.9912573099136353,0.0123201385140419,0.8629114031791687,0.6926460862159729,0.8770493865013123,-0.017508694902062416,1.0652599334716797,0.46174538135528564,-2.792282402515389,3.4564319998025574,1.4200761914253137,0.8951380848884555,0.8252367377281133,-1.5589727088808834,2.7370959520339575,2.2826746106147486,-0.14459788799285334,-1.368270698003457,4.678212106227825,2.278760075569128,-0.6213486194610596,-1.529551763087496,4.993771016597698,1.9640862941741777,-1.2619301676750183,-1.0109098162501942,4.563508927822069,2.6643216609954528,3.0,3.0,3.0,3.0,3.0,3.0,3.0,3.0,3.0,3.0,3.0,3.0,3.0,3.0,3.0,3.0,3.0,3.0,3.0,3.0,0.05,0.05,0.05,0.05,0.05,0.05,0.05,0.05,0.05,0.05,0.05,0.05,0.05,0.05,0.05,0.05,0.05,0.05,0.05,0.05,0.0,0.0,0.0,0.0,0.0,0.0,0.0,0.0,0.0,0.0,0.0,0.0,0.0,0.0,0.0,0.0,0.0,0.0,0.0,0.0
0.7460014820098865,0.3923256993293762,0.25747758150100647,0.39424625039100614,1.074070453643798,-0.05076331645250484,0.6838115453720064,0.6179116368293724,1.1273839473724363,0.023334652185438447,0.6730868220329249,0.6481460928916909,1.020151615142822,-0.0504355505108849,0.7771055698394742,0.6861949563026413,0.8393072485923758,-0.08115117996931258,1.0974165201187112,0.612417697906492,2.8015285730361716,0.04851073026656688,1.3243544846772952,0.9635351598262593,1.3428807258605846,3.707229718565906,6.561094522476132,8.506785333156513,0.39068162441253107,3.66033315658566,8.122378587722705,5.253340303897819,0.7481098175048717,3.5440487787127135,7.514187693595817,3.7489145994186095,2.0169854164123286,4.1015964001416725,5.080312490463212,4.536375403404191,3.0,3.0,3.0,3.0,3.0,3.0,3.0,3.0,3.0,3.0,3.0,3.0,3.0,3.0,3.0,3.0,3.0,3.0,3.0,3.0,0.05,0.05,0.05,0.05,0.05,0.05,0.05,0.05,0.05,0.05,0.05,0.05,0.05,0.05,0.05,0.05,0.05,0.05,0.05,0.05,0.0,0.0,0.0,0.0,0.0,0.0,0.0,0.0,0.0,0.0,0.0,0.0,0.0,0.0,0.0,0.0,0.0,0.0,0.0,0.0,0.8018114566802987,0.3810732364654528,0.3968179821968075,0.581618309020996,0.9496839046478269,0.04138326644897533,0.8914942741394027,0.7125554680824269,1.0485424995422366,-0.07031877338886205,0.9525254964828471,0.7142367362976064,0.9778716564178467,-0.02058591693639695,0.9567744135856608,0.7269572615623467,0.8509662747383118,-0.04066237807273822,1.152804493904112,0.5110453963279712,-2.8617650270462036,3.4055724740028324,1.1495068669319124,0.5721643567085266,0.3116264939308111,-1.620852388441548,3.8118496537207975,2.5268033146857936,-0.23688375949860174,-1.2977697886526494,4.674911499023388,2.120938897132854,-0.31854957342147827,-1.3982437551021485,4.608361423015545,1.4711588621139442,-0.6226539611816406,-0.995263038203114,4.169592261314353,2.5493353605270053,3.0,3.0,3.0,3.0,3.0,3.0,3.0,3.0,3.0,3.0,3.0,3.0,3.0,3.0,3.0,3.0,3.0,3.0,3.0,3.0,0.05,0.05,0.05,0.05,0.05,0.05,0.05,0.05,0.05,0.05,0.05,0.05,0.05,0.05,0.05,0.05,0.05,0.05,0.05,0.05,0.0,0.0,0.0,0.0,0.0,0.0,0.0,0.0,0.0,0.0,0.0,0.0,0.0,0.0,0.0,0.0,0.0,0.0,0.0,0.0
0.793501913547515,0.3975019156932829,0.28775671124458235,0.4225187897682182,1.099102139472961,0.01711463928222519,0.807881891727445,0.7712802290916414,1.1361062526702879,0.0906107053160654,0.8201229572296114,0.7385789752006515,1.0390474796295162,0.017405651509760377,0.9134257435798617,0.7501204013824451,0.8833128809928884,0.0012023150920850711,1.1877331733703596,0.6995756626129133,1.9736990332603648,0.38383677601813576,1.6680613160133293,2.0151205360889173,1.2398600578308216,3.114834055304542,5.859871208667772,6.779685616493272,0.5521208047866766,3.078847751021399,6.6655129194259946,3.7696436047554376,1.1340856552123912,3.2271763309836485,6.214973330497769,2.604223787784607,2.442438900470725,3.9028258994221785,4.064249992370628,3.9048776030540715,3.0,3.0,3.0,3.0,3.0,3.0,3.0,3.0,3.0,3.0,3.0,3.0,3.0,3.0,3.0,3.0,3.0,3.0,3.0,3.0,0.05,0.05,0.05,0.05,0.05,0.05,0.05,0.05,0.05,0.05,0.05,0.05,0.05,0.05,0.05,0.05,0.05,0.05,0.05,0.05,0.0,0.0,0.0,0.0,0.0,0.0,0.0,0.0,0.0,0.0,0.0,0.0,0.0,0.0,0.0,0.0,0.0,0.0,0.0,0.0,0.774506151676178,0.42115378379821755,0.4094847738742827,0.5852342247962952,0.9522680044174192,0.010218113660812966,0.9870810508728004,0.7687379121780384,1.0462323427200315,-0.09217005223035776,1.0476354360580424,0.7548783421516411,0.9785153269767761,-0.04360961169004404,1.0472458600997905,0.7514924407005307,0.8521432280540466,-0.057319216430186976,1.2320436239242538,0.5637187957763659,-0.595681369304682,1.1299282312393508,0.3783904016018011,-0.12938976287840964,0.35475492477416715,-1.3588729780167477,5.0209641456603835,2.647346258163455,0.20644366741178755,-0.8907906711101656,4.624027013778692,1.837567985057842,0.4514247179031261,-0.884921103715911,4.281850159168249,0.951378047466292,0.7498249411582752,-0.6275994703173738,3.565761446952831,2.7464911341667175,3.0,3.0,3.0,3.0,3.0,3.0,3.0,3.0,3.0,3.0,3.0,3.0,3.0,3.0,3.0,3.0,3.0,3.0,3.0,3.0,0.05,0.05,0.05,0.05,0.05,0.05,0.05,0.05,0.05,0.05,0.05,0.05,0.05,0.05,0.05,0.05,0.05,0.05,0.05,0.05,0.0,0.0,0.0,0.0,0.0,0.0,0.0,0.0,0.0,0.0,0.0,0.0,0.0,0.0,0.0,0.0,0.0,0.0,0.0,0.0
0.8249494433403011,0.40767917037010165,0.32420003414153964,0.4748510718345628,1.1236648559570308,0.07383004575967683,0.9182063937187173,0.8890990614891033,1.1494687795639034,0.14648856222629442,0.9397073388099647,0.7989318370819084,1.0655150413513177,0.07865150272846104,1.025704503059385,0.7903639078140255,0.9370048046112048,0.07496185600757455,1.2599865198135363,0.7686128020286549,1.1319786310196145,0.5680412054061931,1.899065822362919,3.158316016197224,1.229923963546764,2.4188194423914298,4.986815154552524,4.756672680378032,0.7828563451767023,2.428513206541572,5.351445078849864,2.0428687334061055,1.440599560737621,2.7254069224000332,5.113492906093667,1.212064921855957,2.7510195970535527,3.319179266691251,3.2514005899429765,2.647548913955733,3.0,3.0,3.0,3.0,3.0,3.0,3.0,3.0,3.0,3.0,3.0,3.0,3.0,3.0,3.0,3.0,3.0,3.0,3.0,3.0,0.05,0.05,0.05,0.05,0.05,0.05,0.05,0.05,0.05,0.05,0.05,0.05,0.05,0.05,0.05,0.05,0.05,0.05,0.05,0.05,0.0,0.0,0.0,0.0,0.0,0.0,0.0,0.0,0.0,0.0,0.0,0.0,0.0,0.0,0.0,0.0,0.0,0.0,0.0,0.0,0.7779842019081115,0.42627036571502686,0.4119535982608795,0.5764427185058596,0.9638741016387936,-0.012971652671694573,1.092332839965818,0.8184493184089651,1.056800246238708,-0.10595040023326868,1.1374865770339948,0.7877394556999201,0.9959286451339717,-0.05598276108503339,1.1280484199523908,0.7650123834609984,0.8809592723846428,-0.06576635688543317,1.2954349517822252,0.6209050416946399,0.23203790187835693,-0.22477507591247003,-0.0009655952453585526,-0.3737941384315491,0.8845373988151606,-0.7055046036839633,4.9121290445328345,2.2995680570602692,0.801119208335882,-0.381382554769525,4.102572798728993,1.3240680098533824,1.1050358414649963,-0.32785572111607497,3.65564227104192,0.3053858876228416,1.7875269055366516,-0.22988840937615065,2.8526097536087422,2.692714333534274,3.0,3.0,3.0,3.0,3.0,3.0,3.0,3.0,3.0,3.0,3.0,3.0,3.0,3.0,3.0,3.0,3.0,3.0,3.0,3.0,0.05,0.05,0.05,0.05,0.05,0.05,0.05,0.05,0.05,0.05,0.05,0.05,0.05,0.05,0.05,0.05,0.05,0.05,0.05,0.05,0.0,0.0,0.0,0.0,0.0,0.0,0.0,0.0,0.0,0.0,0.0,0.0,0.0,0.0,0.0,0.0,0.0,0.0,0.0,0.0
0.8387810587882996,0.42022356390953064,0.3637193441390991,0.5488514304161072,1.1482990980148315,0.11386741697788239,1.007354497909546,0.9615471363067627,1.167420506477356,0.18775123357772827,1.034180760383606,0.8202937245368958,1.096671462059021,0.12642192840576172,1.1179654598236084,0.7986029982566833,0.9933536648750305,0.1339694857597351,1.3177891969680786,0.8054776191711426,0.1605495810508839,0.6657861173152992,1.9700691103935464,4.755753278732334,1.3712167739868275,1.6364647075534131,3.6183819174767096,3.051544725894975,1.0191768407821766,1.7786532640457418,3.9178892970085726,0.5904018878936962,1.5574932098388838,2.1850336343050296,4.087245464325006,0.17461478710175393,2.684712409973175,2.6553433388471963,2.6011198759079313,1.4729946851730624,3.0,3.0,3.0,3.0,3.0,3.0,3.0,3.0,3.0,3.0,3.0,3.0,3.0,3.0,3.0,3.0,3.0,3.0,3.0,3.0,0.05,0.05,0.05,0.05,0.05,0.05,0.05,0.05,0.05,0.05,0.05,0.05,0.05,0.05,0.05,0.05,0.05,0.05,0.05,0.05,0.0,0.0,0.0,0.0,0.0,0.0,0.0,0.0,0.0,0.0,0.0,0.0,0.0,0.0,0.0,0.0,0.0,0.0,0.0,0.0,0.7837876677513123,0.41216278076171875,0.4094461500644684,0.5702824592590332,0.9876495003700256,-0.018002070486545563,1.1835662126541138,0.8607206344604492,1.0782771110534668,-0.10742535442113876,1.2117383480072021,0.8078410625457764,1.022716760635376,-0.05672384053468704,1.1934715509414673,0.7637078762054443,0.9236443042755127,-0.066514752805233,1.3461480140686035,0.6714273691177368,-0.07868856191634854,-1.0089501738548279,-0.125933438539505,-0.0572741031646784,1.2786060571670614,0.5256621632724955,4.054546356201227,1.6067400574684392,1.2026220560073964,0.4897305741906152,3.2197743654251543,0.5842566490173479,1.5233814716339222,0.4501538351178162,2.8749734163284746,-0.6036445498466464,2.2678658366203504,0.32438058406114506,2.282086014747653,1.8597185611725158,3.0,3.0,3.0,3.0,3.0,3.0,3.0,3.0,3.0,3.0,3.0,3.0,3.0,3.0,3.0,3.0,3.0,3.0,3.0,3.0,0.05,0.05,0.05,0.05,0.05,0.05,0.05,0.05,0.05,0.05,0.05,0.05,0.05,0.05,0.05,0.05,0.05,0.05,0.05,0.05,0.0,0.0,0.0,0.0,0.0,0.0,0.0,0.0,0.0,0.0,0.0,0.0,0.0,0.0,0.0,0.0,0.0,0.0,0.0,0.0
0.8313714265823364,0.4343106150627136,0.4030027985572815,0.6650812029838562,1.178513526916504,0.13928863406181335,1.0629416704177856,1.0111608505249023,1.1902358531951904,0.21763469278812408,1.0964229106903076,0.8225479125976562,1.127814769744873,0.16605284810066223,1.1891943216323853,0.7973484992980957,1.0443933010101318,0.1811755895614624,1.3640313148498535,0.8275325894355774,-0.7199421525001526,0.675182044506073,1.9802957773208618,6.168712675571442,1.7216145992279053,0.795002281665802,1.7861932516098022,2.106824517250061,1.3821572065353394,1.1106058955192566,2.196916937828064,-0.2743646502494812,1.6690611839294434,1.7097700387239456,2.9307126998901367,-0.20544975996017456,2.4987563490867615,2.1242745220661163,2.080896496772766,0.6296694278717041,3.0,3.0,3.0,3.0,3.0,3.0,3.0,3.0,3.0,3.0,3.0,3.0,3.0,3.0,3.0,3.0,3.0,3.0,3.0,3.0,0.05,0.05,0.05,0.05,0.05,0.05,0.05,0.05,0.05,0.05,0.05,0.05,0.05,0.05,0.05,0.05,0.05,0.05,0.05,0.05,0.0,0.0,0.0,0.0,0.0,0.0,0.0,0.0,0.0,0.0,0.0,0.0,0.0,0.0,0.0,0.0,0.0,0.0,0.0,0.0,0.7748366594314575,0.38591235876083374,0.4069162607192993,0.5741517543792725,1.015018343925476,0.008054833859205246,1.2545146942138672,0.8827189207077026,1.104905128479004,-0.08636117726564407,1.266277551651001,0.811109721660614,1.0568639039993286,-0.03797660768032074,1.2430473566055298,0.7408666014671326,0.9716739058494568,-0.052791133522987366,1.3867183923721313,0.6952937841415405,-0.7120028138160706,-1.5720158815383911,-0.15142634510993958,0.4139348864555359,1.5550926327705383,1.8500841222703457,2.982264757156372,0.48200488090515137,1.5250414609909058,1.3881005346775055,2.258691191673279,-0.12817978858947754,1.8254578113555908,1.1908833403140306,2.166926860809326,-1.6097471117973328,2.515166997909546,0.8415011689066887,1.8256664276123047,0.40971338748931885,3.0,3.0,3.0,3.0,3.0,3.0,3.0,3.0,3.0,3.0,3.0,3.0,3.0,3.0,3.0,3.0,3.0,3.0,3.0,3.0,0.05,0.05,0.05,0.05,0.05,0.05,0.05,0.05,0.05,0.05,0.05,0.05,0.05,0.05,0.05,0.05,0.05,0.05,0.05,0.05,0.0,0.0,0.0,0.0,0.0,0.0,0.0,0.0,0.0,0.0,0.0,0.0,0.0,0.0,0.0,0.0,0.0,0.0,0.0,0.0
0.8099833726882935,0.44723084568977356,0.4429311752319336,0.7955999374389648,1.2171636819839478,0.14566750824451447,1.078802227973938,1.0458201169967651,1.2227067947387695,0.23217546939849854,1.1220574378967285,0.8093191385269165,1.1634339094161987,0.19481272995471954,1.2351939678192139,0.7903850078582764,1.093303918838501,0.21894046664237976,1.4010250568389893,0.8306643962860107,-1.186862587928772,0.5506783723831177,1.8764205276966095,5.911950767040253,1.95542573928833,0.1581784337759018,0.4228353500366211,1.569780707359314,1.6892701387405396,0.5356941372156143,0.945773720741272,-0.9767025709152222,1.8473714590072632,1.2018803507089615,1.8532723188400269,-0.60538649559021,2.426818013191223,1.699419692158699,1.6647189855575562,-0.3572732210159302,3.0,3.0,3.0,3.0,3.0,3.0,3.0,3.0,3.0,3.0,3.0,3.0,3.0,3.0,3.0,3.0,3.0,3.0,3.0,3.0,0.05,0.05,0.05,0.05,0.05,0.05,0.05,0.05,0.05,0.05,0.05,0.05,0.05,0.05,0.05,0.05,0.05,0.05,0.05,0.05,0.0,0.0,0.0,0.0,0.0,0.0,0.0,0.0,0.0,0.0,0.0,0.0,0.0,0.0,0.0,0.0,0.0,0.0,0.0,0.0,0.7553075551986694,0.3492821455001831,0.4033890962600708,0.5868398547172546,1.0498532056808472,0.056001294404268265,1.3028568029403687,0.8800008296966553,1.139278769493103,-0.051901333034038544,1.3020859956741333,0.8027138710021973,1.0957350730895996,-0.009088506922125816,1.2801486253738403,0.699317991733551,1.0242509841918945,-0.032854706048965454,1.4191746711730957,0.6878159046173096,-0.8109524846076965,-1.7762713134288788,-0.0644102692604065,0.6485208868980408,1.652449369430542,2.0930216647684574,2.1976083517074585,-0.2056717872619629,1.4307141304016113,1.4479325618594885,1.6744375228881836,-0.3807559609413147,1.596742868423462,1.191119896247983,1.7519116401672363,-1.9254758954048157,2.156345546245575,0.7148369215428829,1.4605343341827393,-0.5137965083122253,3.0,3.0,3.0,3.0,3.0,3.0,3.0,3.0,3.0,3.0,3.0,3.0,3.0,3.0,3.0,3.0,3.0,3.0,3.0,3.0,0.05,0.05,0.05,0.05,0.05,0.05,0.05,0.05,0.05,0.05,0.05,0.05,0.05,0.05,0.05,0.05,0.05,0.05,0.05,0.05,0.0,0.0,0.0,0.0,0.0,0.0,0.0,0.0,0.0,0.0,0.0,0.0,0.0,0.0,0.0,0.0,0.0,0.0,0.0,0.0
0.7838969230651855,0.45633774995803833,0.4780596196651459,0.9015592336654663,1.256730556488037,0.14561577141284943,1.0798550844192505,1.073952078819275,1.257806658744812,0.23906245827674866,1.1342538595199585,0.7834798097610474,1.2017096281051636,0.2141280621290207,1.2633252143859863,0.7731330394744873,1.1414660215377808,0.24915237724781036,1.4306200742721558,0.8132416605949402,-1.4520451426506042,0.5027659237384796,1.6578108072280884,4.765185713768005,2.0055800676345825,-0.1384526491165161,-0.18087029457092285,1.199263334274292,1.8198609352111816,0.18456578254699707,0.4184216260910034,-1.6083493828773499,1.9872397184371948,0.7675807923078537,1.0740458965301514,-1.133909821510315,2.380266785621643,1.3595357537269592,1.3317763805389404,-1.247735321521759,3.0,3.0,3.0,3.0,3.0,3.0,3.0,3.0,3.0,3.0,3.0,3.0,3.0,3.0,3.0,3.0,3.0,3.0,3.0,3.0,0.05,0.05,0.05,0.05,0.05,0.05,0.05,0.05,0.05,0.05,0.05,0.05,0.05,0.05,0.05,0.05,0.05,0.05,0.05,0.05,0.0,0.0,0.0,0.0,0.0,0.0,0.0,0.0,0.0,0.0,0.0,0.0,0.0,0.0,0.0,0.0,0.0,0.0,0.0,0.0,0.7423985600471497,0.3148615062236786,0.40433984994888306,0.6000925898551941,1.0811163187026978,0.09177570044994354,1.3424190282821655,0.8744920492172241,1.1621336936950684,-0.028443874791264534,1.3332550525665283,0.7958794832229614,1.120733618736267,0.00966818816959858,1.3131238222122192,0.6638475656509399,1.0579277276992798,-0.02419765666127205,1.445139765739441,0.6747419238090515,-0.5255147814750671,-1.5404634177684784,0.157899409532547,0.7316529750823975,1.3230562210083008,1.3730651699006557,2.0194590091705322,-0.42786896228790283,0.8086711168289185,0.8666852489113808,1.659458875656128,-0.37150681018829346,0.8418679237365723,0.6868996191769838,1.6835719347000122,-1.6879081726074219,1.186990737915039,0.1664568204432726,1.1684298515319824,-0.8111909031867981,3.0,3.0,3.0,3.0,3.0,3.0,3.0,3.0,3.0,3.0,3.0,3.0,3.0,3.0,3.0,3.0,3.0,3.0,3.0,3.0,0.05,0.05,0.05,0.05,0.05,0.05,0.05,0.05,0.05,0.05,0.05,0.05,0.05,0.05,0.05,0.05,0.05,0.05,0.05,0.05,0.0,0.0,0.0,0.0,0.0,0.0,0.0,0.0,0.0,0.0,0.0,0.0,0.0,0.0,0.0,0.0,0.0,0.0,0.0,0.0
0.7519015669822693,0.46734148263931274,0.5092436075210571,0.9862073659896851,1.297386884689331,0.14012940227985382,1.071567416191101,1.0937906503677368,1.2955012321472168,0.23955810070037842,1.1387943029403687,0.7449851632118225,1.2429234981536865,0.2255159616470337,1.27815580368042,0.7450286149978638,1.1885145902633667,0.27332189679145813,1.4542961120605469,0.7807549834251404,-1.4920920133590698,0.4688858985900879,1.4476142823696136,3.834235668182373,1.9400864839553833,-0.24379044771194458,-0.3364145755767822,0.9175717830657959,1.7595380544662476,0.02789311110973358,0.24104714393615723,-1.780441403388977,1.9338399171829224,0.5290549248456955,0.6683975458145142,-1.3076037168502808,2.2056251764297485,1.0876286774873734,1.0654211044311523,-1.4776095747947693,3.0,3.0,3.0,3.0,3.0,3.0,3.0,3.0,3.0,3.0,3.0,3.0,3.0,3.0,3.0,3.0,3.0,3.0,3.0,3.0,0.05,0.05,0.05,0.05,0.05,0.05,0.05,0.05,0.05,0.05,0.05,0.05,0.05,0.05,0.05,0.05,0.05,0.05,0.05,0.05,0.0,0.0,0.0,0.0,0.0,0.0,0.0,0.0,0.0,0.0,0.0,0.0,0.0,0.0,0.0,0.0,0.0,0.0,0.0,0.0,0.7342869639396667,0.28766360878944397,0.4097050726413727,0.6161059737205505,1.1027754545211792,0.1109239012002945,1.38363516330719,0.8628860712051392,1.1716256141662598,-0.017233923077583313,1.3684643507003784,0.7878535985946655,1.1294097900390625,0.018387477844953537,1.3474915027618408,0.6318016648292542,1.071730613708496,-0.02619643323123455,1.465911865234375,0.6553682684898376,-0.3888919949531555,-1.2526385486125946,0.3797784447669983,0.8374914526939392,1.0115504264831543,0.8750941604375839,1.8547266721725464,-0.5447909235954285,0.3678262233734131,0.4904806613922119,1.6372144222259521,-0.39726197719573975,0.36390721797943115,0.35617053508758545,1.5535563230514526,-1.4952510595321655,0.5384683609008789,-0.18204273656010628,0.9347438812255859,-0.8618369698524475,3.0,3.0,3.0,3.0,3.0,3.0,3.0,3.0,3.0,3.0,3.0,3.0,3.0,3.0,3.0,3.0,3.0,3.0,3.0,3.0,0.05,0.05,0.05,0.05,0.05,0.05,0.05,0.05,0.05,0.05,0.05,0.05,0.05,0.05,0.05,0.05,0.05,0.05,0.05,0.05,0.0,0.0,0.0,0.0,0.0,0.0,0.0,0.0,0.0,0.0,0.0,0.0,0.0,0.0,0.0,0.0,0.0,0.0,0.0,0.0
0.7242132425308228,0.47509318590164185,0.5359641909599304,1.0549286603927612,1.3343340158462524,0.13586415350437164,1.0663985013961792,1.1106549501419067,1.328188180923462,0.240178182721138,1.1438957452774048,0.7122621536254883,1.2790632247924805,0.2352902591228485,1.290061116218567,0.7208288908004761,1.2296910285949707,0.2926575243473053,1.4732369184494019,0.7541372776031494,-1.062743365764618,0.23619532585144043,1.2486174702644348,3.380250930786133,1.701974868774414,-0.10905079543590546,0.0021964311599731445,0.9763002395629883,1.385730504989624,0.09483098983764648,0.504419207572937,-1.307918131351471,1.533326506614685,0.4831817001104355,0.7144272327423096,-0.9518414735794067,1.8039703369140625,0.8701033890247345,0.8523344993591309,-0.8529767394065857,3.0,3.0,3.0,3.0,3.0,3.0,3.0,3.0,3.0,3.0,3.0,3.0,3.0,3.0,3.0,3.0,3.0,3.0,3.0,3.0,0.05,0.05,0.05,0.05,0.05,0.05,0.05,0.05,0.05,0.05,0.05,0.05,0.05,0.05,0.05,0.05,0.05,0.05,0.05,0.05,0.0,0.0,0.0,0.0,0.0,0.0,0.0,0.0,0.0,0.0,0.0,0.0,0.0,0.0,0.0,0.0,0.0,0.0,0.0,0.0,0.7268428802490234,0.2647559642791748,0.419530987739563,0.6335922479629517,1.121578335762024,0.1267794668674469,1.4166080951690674,0.852700412273407,1.1768467426300049,-0.008824648335576057,1.3987436294555664,0.7799890041351318,1.1352899074554443,0.023915009573101997,1.3752660751342773,0.6040375232696533,1.079466462135315,-0.0314793661236763,1.4825295209884644,0.6402684450149536,-0.3902897238731384,-1.044255867600441,0.6061039865016937,0.9679928421974182,0.9344130754470825,0.8442483842372894,1.4837831258773804,-0.4114106297492981,0.39198994636535645,0.4033126635476947,1.3917088508605957,-0.45798420906066895,0.49054622650146484,0.14405879192054272,1.2540489435195923,-1.4186665415763855,0.6852418184280396,-0.5026251543313265,0.7477939128875732,-0.4513099789619446,3.0,3.0,3.0,3.0,3.0,3.0,3.0,3.0,3.0,3.0,3.0,3.0,3.0,3.0,3.0,3.0,3.0,3.0,3.0,3.0,0.05,0.05,0.05,0.05,0.05,0.05,0.05,0.05,0.05,0.05,0.05,0.05,0.05,0.05,0.05,0.05,0.05,0.05,0.05,0.05,0.0,0.0,0.0,0.0,0.0,0.0,0.0,0.0,0.0,0.0,0.0,0.0,0.0,0.0,0.0,0.0,0.0,0.0,0.0,0.0
0.7093918323516846,0.47678929567337036,0.5591883063316345,1.1214174032211304,1.3654658794403076,0.1357673704624176,1.0716552734375,1.1328426599502563,1.3509304523468018,0.24335134029388428,1.1589710712432861,0.6926684379577637,1.304256558418274,0.2448432296514511,1.3067328929901123,0.7069549560546875,1.2606734037399292,0.3081260323524475,1.488389492034912,0.746635913848877,-0.432094931602478,-0.021757930517196655,1.0833173990249634,3.128686547279358,1.3853371143341064,0.1416865736246109,0.5063802003860474,1.2182444334030151,0.8954435586929321,0.28058551251888275,0.9246021509170532,-0.5289480090141296,0.9774446487426758,0.5261659622192383,0.9433627128601074,-0.3509312868118286,1.3021260499954224,0.6960824131965637,0.6818681955337524,0.19686520099639893,3.0,3.0,3.0,3.0,3.0,3.0,3.0,3.0,3.0,3.0,3.0,3.0,3.0,3.0,3.0,3.0,3.0,3.0,3.0,3.0,0.05,0.05,0.05,0.05,0.05,0.05,0.05,0.05,0.05,0.05,0.05,0.05,0.05,0.05,0.05,0.05,0.05,0.05,0.05,0.05,0.0,0.0,0.0,0.0,0.0,0.0,0.0,0.0,0.0,0.0,0.0,0.0,0.0,0.0,0.0,0.0,0.0,0.0,0.0,0.0,0.7186753749847412,0.24589337408542633,0.43394923210144043,0.6548256874084473,1.1401519775390625,0.14469383656978607,1.4429864883422852,0.8464296460151672,1.187305212020874,-0.0011014165356755257,1.4241327047348022,0.7695342302322388,1.149031639099121,0.024149829521775246,1.3976534605026245,0.5750550031661987,1.0991402864456177,-0.04630143940448761,1.495823621749878,0.6373158693313599,-0.4973083734512329,-0.8338849991559982,0.8264660835266113,1.2883275747299194,0.953182578086853,0.9482648223638535,1.1870265007019043,-0.23812353610992432,0.632864236831665,0.38330190582200885,1.1574208736419678,-0.5337446928024292,0.8479058742523193,-0.06789211183786392,1.007002592086792,-1.4602035284042358,1.2488126754760742,-0.8862026035785675,0.5982339382171631,0.03785640001296997,3.0,3.0,3.0,3.0,3.0,3.0,3.0,3.0,3.0,3.0,3.0,3.0,3.0,3.0,3.0,3.0,3.0,3.0,3.0,3.0,0.05,0.05,0.05,0.05,0.05,0.05,0.05,0.05,0.05,0.05,0.05,0.05,0.05,0.05,0.05,0.05,0.05,0.05,0.05,0.05,0.0,0.0,0.0,0.0,0.0,0.0,0.0,0.0,0.0,0.0,0.0,0.0,0.0,0.0,0.0,0.0,0.0,0.0,0.0,0.0
0.7069294452667236,0.474222868680954,0.579296886920929,1.1800761222839355,1.3897475004196167,0.14153161644935608,1.086653709411621,1.1593847274780273,1.3640059232711792,0.2514016032218933,1.180879831314087,0.6911042332649231,1.3181610107421875,0.25633689761161804,1.3277956247329712,0.7067916393280029,1.2817760705947876,0.32050082087516785,1.500511646270752,0.7620118856430054,0.12117922306060791,-0.3403909504413605,0.8150532841682434,2.6689618825912476,0.9455114603042603,0.322970375418663,0.9235948324203491,1.1617660522460938,0.41387975215911865,0.44684335589408875,1.14096999168396,0.27319788932800293,0.4095613956451416,0.5790840834379196,1.1215537786483765,0.21754205226898193,0.8152604103088379,0.5568653345108032,0.5454957485198975,1.1278510093688965,3.0,3.0,3.0,3.0,3.0,3.0,3.0,3.0,3.0,3.0,3.0,3.0,3.0,3.0,3.0,3.0,3.0,3.0,3.0,3.0,0.05,0.05,0.05,0.05,0.05,0.05,0.05,0.05,0.05,0.05,0.05,0.05,0.05,0.05,0.05,0.05,0.05,0.05,0.05,0.05,0.0,0.0,0.0,0.0,0.0,0.0,0.0,0.0,0.0,0.0,0.0,0.0,0.0,0.0,0.0,0.0,0.0,0.0,0.0,0.0,0.7069505453109741,0.23140056431293488,0.45258963108062744,0.6851253509521484,1.159705638885498,0.16471005976200104,1.4640891551971436,0.84317547082901,1.2021613121032715,0.0065074278973042965,1.4450404644012451,0.7586392164230347,1.169206142425537,0.02119932509958744,1.415546178817749,0.5456293821334839,1.129418969154358,-0.066927470266819,1.5064588785171509,0.6417827010154724,-0.5795210599899292,-0.421365350484848,0.8917957544326782,1.4015868306159973,0.7534533739089966,0.8252575993537903,0.9496212005615234,-0.19831210374832153,0.6054073572158813,0.2478368580341339,0.8760571479797363,-0.4501268267631531,0.7585674524307251,-0.2626335248351097,0.9114384651184082,-1.2710869312286377,1.2642651796340942,-1.0927163064479828,0.4785865545272827,0.44670701026916504,3.0,3.0,3.0,3.0,3.0,3.0,3.0,3.0,3.0,3.0,3.0,3.0,3.0,3.0,3.0,3.0,3.0,3.0,3.0,3.0,0.05,0.05,0.05,0.05,0.05,0.05,0.05,0.05,0.05,0.05,0.05,0.05,0.05,0.05,0.05,0.05,0.05,0.05,0.05,0.05,0.0,0.0,0.0,0.0,0.0,0.0,0.0,0.0,0.0,0.0,0.0,0.0,0.0,0.0,0.0,0.0,0.0,0.0,0.0,0.0
0.7142390012741089,0.46317365765571594,0.5917904376983643,1.2281758785247803,1.403286337852478,0.14868618547916412,1.108599066734314,1.1793133020401,1.3674856424331665,0.2612250745296478,1.2046098709106445,0.7035963535308838,1.3206390142440796,0.2680065929889679,1.3515950441360474,0.7156566381454468,1.2932838201522827,0.33040064573287964,1.510209321975708,0.7917499542236328,0.5563139915466309,-0.7462851703166962,0.4870474338531494,2.2398144006729126,0.49823522567749023,0.2909563481807709,1.1719316244125366,0.7761538028717041,0.04724860191345215,0.45587271451950073,1.1618733406066895,0.8405640721321106,-0.05628764629364014,0.5327388644218445,1.1879920959472656,0.5550235509872437,0.41159987449645996,0.44549256563186646,0.43639540672302246,1.684156060218811,3.0,3.0,3.0,3.0,3.0,3.0,3.0,3.0,3.0,3.0,3.0,3.0,3.0,3.0,3.0,3.0,3.0,3.0,3.0,3.0,0.05,0.05,0.05,0.05,0.05,0.05,0.05,0.05,0.05,0.05,0.05,0.05,0.05,0.05,0.05,0.05,0.05,0.05,0.05,0.05,0.0,0.0,0.0,0.0,0.0,0.0,0.0,0.0,0.0,0.0,0.0,0.0,0.0,0.0,0.0,0.0,0.0,0.0,0.0,0.0,0.695494532585144,0.2290387600660324,0.46962106227874756,0.7108891606330872,1.1702901124954224,0.17770414054393768,1.480971336364746,0.8384971618652344,1.2115215063095093,0.00881205778568983,1.4591749906539917,0.7515291571617126,1.17937433719635,0.013644488528370857,1.4341109991073608,0.5242115259170532,1.1497108936309814,-0.09001009166240692,1.5149670839309692,0.6551841497421265,-0.5144909024238586,0.14278069138526917,0.7940888404846191,1.1759057641029358,0.2801269292831421,0.41169077157974243,0.7596969604492188,-0.09993761777877808,0.25952160358428955,-0.05768124246969819,0.5622684955596924,-0.11077076196670532,0.23339390754699707,-0.5275889532640576,0.9430199861526489,-0.6942823529243469,0.6847918033599854,-1.2302445247769356,0.3828704357147217,1.0995730757713318,3.0,3.0,3.0,3.0,3.0,3.0,3.0,3.0,3.0,3.0,3.0,3.0,3.0,3.0,3.0,3.0,3.0,3.0,3.0,3.0,0.05,0.05,0.05,0.05,0.05,0.05,0.05,0.05,0.05,0.05,0.05,0.05,0.05,0.05,0.05,0.05,0.05,0.05,0.05,0.05,0.0,0.0,0.0,0.0,0.0,0.0,0.0,0.0,0.0,0.0,0.0,0.0,0.0,0.0,0.0,0.0,0.0,0.0,0.0,0.0
0.7291820049285889,0.44437146186828613,0.5987787842750549,1.269668698310852,1.4096769094467163,0.15316987037658691,1.1335309743881226,1.1904308795928955,1.3658958673477173,0.26963651180267334,1.2273547649383545,0.7247267961502075,1.315909504890442,0.2776464521884918,1.3753153085708618,0.7289925813674927,1.298240065574646,0.3383205235004425,1.5179674625396729,0.8293781280517578,0.5947649478912354,-0.8653804659843445,0.11711269617080688,1.780933141708374,0.26883184909820557,0.1308627426624298,1.1319249868392944,0.31996965408325195,-0.08356869220733643,0.328613817691803,1.065307855606079,0.979258120059967,-0.18675625324249268,0.3331810235977173,1.0692685842514038,0.5406498908996582,0.30552148818969727,0.35639405250549316,0.34911632537841797,1.7429962754249573,3.0,3.0,3.0,3.0,3.0,3.0,3.0,3.0,3.0,3.0,3.0,3.0,3.0,3.0,3.0,3.0,3.0,3.0,3.0,3.0,0.05,0.05,0.05,0.05,0.05,0.05,0.05,0.05,0.05,0.05,0.05,0.05,0.05,0.05,0.05,0.05,0.05,0.05,0.05,0.05,0.0,0.0,0.0,0.0,0.0,0.0,0.0,0.0,0.0,0.0,0.0,0.0,0.0,0.0,0.0,0.0,0.0,0.0,0.0,0.0,0.6863709092140198,0.23711179196834564,0.4843531847000122,0.7321615815162659,1.1709107160568237,0.18117769062519073,1.4944770336151123,0.8391779661178589,1.212542176246643,0.004200178198516369,1.4675312042236328,0.7542083859443665,1.178541898727417,9.576696902513504e-05,1.453266978263855,0.51785808801651,1.1568106412887573,-0.11613725125789642,1.5217736959457397,0.6857656240463257,-0.10938942432403564,0.5539033561944962,0.5158953368663788,0.5660489201545715,-0.1532137393951416,-0.21380260586738586,0.6077557802200317,0.2439245581626892,-0.08977353572845459,-0.4222303628921509,0.41376352310180664,0.2917826175689697,-0.1989901065826416,-0.7610388565808535,0.9560644626617432,0.03183037042617798,0.14970600605010986,-1.2068640440702438,0.30629634857177734,1.6696453094482422,3.0,3.0,3.0,3.0,3.0,3.0,3.0,3.0,3.0,3.0,3.0,3.0,3.0,3.0,3.0,3.0,3.0,3.0,3.0,3.0,0.05,0.05,0.05,0.05,0.05,0.05,0.05,0.05,0.05,0.05,0.05,0.05,0.05,0.05,0.05,0.05,0.05,0.05,0.05,0.05,0.0,0.0,0.0,0.0,0.0,0.0,0.0,0.0,0.0,0.0,0.0,0.0,0.0,0.0,0.0,0.0,0.0,0.0,0.0,0.0
0.7380295991897583,0.42855843901634216,0.5964749455451965,1.2994132041931152,1.4140396118164062,0.15392069518566132,1.1538760662078857,1.1921120882034302,1.364142894744873,0.27436962723731995,1.2472221851348877,0.7427666783332825,1.3131687641143799,0.2813338339328766,1.3943657875061035,0.7372826337814331,1.3055046796798706,0.34465640783309937,1.5241739749908447,0.8614698052406311,0.13990551233291626,-0.48365890979766846,-0.4607647657394409,-1.309773325920105,-0.2750873565673828,-0.16358047723770142,1.240590214729309,-0.5818277597427368,-0.18152296543121338,-0.031182914972305298,0.9918302297592163,0.281718373298645,0.07090866565704346,-0.10144487023353577,0.8395671844482422,-0.2621084451675415,0.607752799987793,0.2851150929927826,0.2792924642562866,0.9409651160240173,3.0,3.0,3.0,3.0,3.0,3.0,3.0,3.0,3.0,3.0,3.0,3.0,3.0,3.0,3.0,3.0,3.0,3.0,3.0,3.0,0.05,0.05,0.05,0.05,0.05,0.05,0.05,0.05,0.05,0.05,0.05,0.05,0.05,0.05,0.05,0.05,0.05,0.05,0.05,0.05,0.0,0.0,0.0,0.0,0.0,0.0,0.0,0.0,0.0,0.0,0.0,0.0,0.0,0.0,0.0,0.0,0.0,0.0,0.0,0.0,0.6911189556121826,0.25119489431381226,0.4902568757534027,0.73353111743927,1.1641615629196167,0.16915203630924225,1.5052815675735474,0.8482541441917419,1.207930564880371,-0.008077156729996204,1.475725531578064,0.7632004618644714,1.1714147329330444,-0.01679706573486328,1.4723535776138306,0.5254847407341003,1.1556991338729858,-0.13828465342521667,1.5272189378738403,0.7219699621200562,0.9827300906181335,0.3028418868780136,-0.11742040514945984,-0.6286278367042542,-0.22498369216918945,-1.0384630411863327,0.48620402812957764,0.9334102272987366,-0.10151267051696777,-0.7947862846776843,0.5822300910949707,0.6948590278625488,-0.2479344606399536,-0.8044768357649446,0.8588969707489014,0.9530946612358093,0.009953975677490234,-0.8025720715522766,0.24503767490386963,1.9039496779441833,3.0,3.0,3.0,3.0,3.0,3.0,3.0,3.0,3.0,3.0,3.0,3.0,3.0,3.0,3.0,3.0,3.0,3.0,3.0,3.0,0.05,0.05,0.05,0.05,0.05,0.05,0.05,0.05,0.05,0.05,0.05,0.05,0.05,0.05,0.05,0.05,0.05,0.05,0.05,0.05,0.0,0.0,0.0,0.0,0.0,0.0,0.0,0.0,0.0,0.0,0.0,0.0,0.0,0.0,0.0,0.0,0.0,0.0,0.0,0.0
0.7347782254219055,0.4250251054763794,0.5803481936454773,1.2172777652740479,1.398673415184021,0.14662665128707886,1.183154582977295,1.167157769203186,1.3586349487304688,0.26838919520378113,1.2670279741287231,0.7359955310821533,1.3187458515167236,0.2735886573791504,1.4088979959487915,0.718508243560791,1.3225501775741577,0.3497251272201538,1.5291391611099243,0.8670167326927185,0.026351213455200195,-0.5285412073135376,-1.1588692665100098,-4.897761344909668,-0.7307499647140503,-0.66402368247509,1.2560933828353882,-2.011600136756897,-0.20911693572998047,-0.4701264202594757,1.0205209255218506,-0.8397951722145081,0.6294697523117065,-0.5503028631210327,0.5677133798599243,-1.4598950743675232,1.2897968292236328,0.22809207439422607,0.2234339714050293,-0.1101866364479065,3.0,3.0,3.0,3.0,3.0,3.0,3.0,3.0,3.0,3.0,3.0,3.0,3.0,3.0,3.0,3.0,3.0,3.0,3.0,3.0,0.05,0.05,0.05,0.05,0.05,0.05,0.05,0.05,0.05,0.05,0.05,0.05,0.05,0.05,0.05,0.05,0.05,0.05,0.05,0.05,0.0,0.0,0.0,0.0,0.0,0.0,0.0,0.0,0.0,0.0,0.0,0.0,0.0,0.0,0.0,0.0,0.0,0.0,0.0,0.0,0.7256801128387451,0.2492254674434662,0.4796563684940338,0.7070164680480957,1.1619113683700562,0.13963916897773743,1.5139251947402954,0.8765143752098083,1.2084816694259644,-0.027591273188591003,1.4908204078674316,0.7820027470588684,1.1686245203018188,-0.03208330646157265,1.487622857093811,0.5559818744659424,1.157208800315857,-0.1482401341199875,1.5315752029418945,0.761923611164093,1.922103762626648,-0.043942034244537354,-0.7896155118942261,-1.1500507593154907,-0.016635656356811523,-1.9201979041099548,0.38896501064300537,2.29121595621109,0.0838935375213623,-1.295833452604711,0.6792694330215454,1.9789204001426697,-0.11154115200042725,-1.0411305353045464,0.6871163845062256,2.8234928846359253,-0.052732229232788086,-0.5390357226133347,0.19603073596954346,2.416028082370758,3.0,3.0,3.0,3.0,3.0,3.0,3.0,3.0,3.0,3.0,3.0,3.0,3.0,3.0,3.0,3.0,3.0,3.0,3.0,3.0,0.05,0.05,0.05,0.05,0.05,0.05,0.05,0.05,0.05,0.05,0.05,0.05,0.05,0.05,0.05,0.05,0.05,0.05,0.05,0.05,0.0,0.0,0.0,0.0,0.0,0.0,0.0,0.0,0.0,0.0,0.0,0.0,0.0,0.0,0.0,0.0,0.0,0.0,0.0,0.0
0.7390836477279663,0.40741679072380066,0.5501201748847961,1.1035027503967285,1.3848096132278442,0.12735974788665771,1.2041198015213013,1.1116480827331543,1.3557782173156738,0.2555645704269409,1.2880430221557617,0.7091748714447021,1.3383475542068481,0.2593217194080353,1.4170743227005005,0.6788868308067322,1.357096552848816,0.3537800908088684,1.533111333847046,0.8570623397827148,-1.1663243174552917,-0.5249194800853729,-1.7211779952049255,-6.548166275024414,-1.6859471797943115,-1.3403233140707016,-0.2082347869873047,-3.35257351398468,-0.3484100103378296,-0.9040825068950653,0.6045669317245483,-1.7083555459976196,0.6479024887084961,-0.848911702632904,0.09561777114868164,-2.2446930408477783,1.1114060878753662,0.09537488222122192,0.17874836921691895,-0.9083747863769531,3.0,3.0,3.0,3.0,3.0,3.0,3.0,3.0,3.0,3.0,3.0,3.0,3.0,3.0,3.0,3.0,3.0,3.0,3.0,3.0,0.05,0.05,0.05,0.05,0.05,0.05,0.05,0.05,0.05,0.05,0.05,0.05,0.05,0.05,0.05,0.05,0.05,0.05,0.05,0.05,0.0,0.0,0.0,0.0,0.0,0.0,0.0,0.0,0.0,0.0,0.0,0.0,0.0,0.0,0.0,0.0,0.0,0.0,0.0,0.0,0.7680031061172485,0.24943721294403076,0.45867225527763367,0.6875290870666504,1.1634961366653442,0.09234412014484406,1.5208401679992676,0.9399027824401855,1.2112863063812256,-0.05991049483418465,1.5028963088989258,0.8423572778701782,1.1669530868530273,-0.058442287147045135,1.4998382329940796,0.6384244561195374,1.1535898447036743,-0.15984608232975006,1.535060167312622,0.8186110854148865,1.4924019575119019,-0.019245222210884094,-1.3309165835380554,-1.5469685196876526,-1.2199163436889648,-2.2978867404162884,-0.07587671279907227,2.747178077697754,-0.0787198543548584,-1.419949159026146,0.12742578983306885,2.482910454273224,-0.033795833587646484,-1.094480324536562,0.4531651735305786,3.6504969000816345,-0.07101595401763916,-0.41946209967136383,0.1568228006362915,2.454756200313568,3.0,3.0,3.0,3.0,3.0,3.0,3.0,3.0,3.0,3.0,3.0,3.0,3.0,3.0,3.0,3.0,3.0,3.0,3.0,3.0,0.05,0.05,0.05,0.05,0.05,0.05,0.05,0.05,0.05,0.05,0.05,0.05,0.05,0.05,0.05,0.05,0.05,0.05,0.05,0.05,0.0,0.0,0.0,0.0,0.0,0.0,0.0,0.0,0.0,0.0,0.0,0.0,0.0,0.0,0.0,0.0,0.0,0.0,0.0,0.0
0.6881252527236938,0.4040283262729645,0.5115010738372803,0.9553511142730713,1.3312355279922485,0.0930137187242508,1.1748251914978027,1.0330548286437988,1.3446985483169556,0.23222589492797852,1.291210651397705,0.6676613092422485,1.3446619510650635,0.23963218927383423,1.4127227067947388,0.6287205219268799,1.3670064210891724,0.3535401225090027,1.536289095878601,0.8306817412376404,-2.616491913795471,-0.38272812962532043,-2.0342275500297546,-8.25851559638977,-3.0947208404541016,-1.49492546916008,-1.935705542564392,-3.8716793060302734,-0.5642473697662354,-1.04728601872921,0.07282495498657227,-1.9448012113571167,0.3172725439071655,-0.8959192782640457,-0.2707362174987793,-2.343618869781494,0.2808123826980591,-0.046196579933166504,0.11160671710968018,-1.2895792722702026,3.0,3.0,3.0,3.0,3.0,3.0,3.0,3.0,3.0,3.0,3.0,3.0,3.0,3.0,3.0,3.0,3.0,3.0,3.0,3.0,0.05,0.05,0.05,0.05,0.05,0.05,0.05,0.05,0.05,0.05,0.05,0.05,0.05,0.05,0.05,0.05,0.05,0.05,0.05,0.05,0.0,0.0,0.0,0.0,0.0,0.0,0.0,0.0,0.0,0.0,0.0,0.0,0.0,0.0,0.0,0.0,0.0,0.0,0.0,0.0,0.7853761911392212,0.24845565855503082,0.4264197051525116,0.6451377272605896,1.1131147146224976,0.04772369936108589,1.5108901262283325,0.9864014983177185,1.20533287525177,-0.08438923954963684,1.4959174394607544,0.8813191652297974,1.167272686958313,-0.07586251944303513,1.5057494640350342,0.7020017504692078,1.1543681621551514,-0.16501861810684204,1.5378481149673462,0.8601138591766357,0.13773739337921143,-0.029676780104637146,-1.8777698278427124,-2.1062076091766357,-3.7686288356781006,-2.158658020198345,-1.5009164810180664,1.6611099243164062,-0.5089610815048218,-1.066379901021719,-0.8879959583282471,1.4838725328445435,0.06387531757354736,-0.6620785221457481,0.04259943962097168,2.7740493416786194,0.042241811752319336,-0.12362413108348846,0.11620819568634033,1.6933321952819824,3.0,3.0,3.0,3.0,3.0,3.0,3.0,3.0,3.0,3.0,3.0,3.0,3.0,3.0,3.0,3.0,3.0,3.0,3.0,3.0,0.05,0.05,0.05,0.05,0.05,0.05,0.05,0.05,0.05,0.05,0.05,0.05,0.05,0.05,0.05,0.05,0.05,0.05,0.05,0.05,0.0,0.0,0.0,0.0,0.0,0.0,0.0,0.0,0.0,0.0,0.0,0.0,0.0,0.0,0.0,0.0,0.0,0.0,0.0,0.0
0.6344239711761475,0.39210766553878784,0.46875107288360596,0.7731621265411377,1.2610207796096802,0.06756272912025452,1.1266915798187256,0.9567809104919434,1.3332083225250244,0.21367312967777252,1.2909560203552246,0.6313828229904175,1.3510384559631348,0.22348494827747345,1.4062448740005493,0.5851420760154724,1.3683290481567383,0.35193222761154175,1.537575602531433,0.8054791688919067,-3.196491301059723,-0.7233589887619019,-3.4562885761260986,-8.687721192836761,-4.30256724357605,-1.1569887399673462,-3.8997262716293335,-4.524508118629456,-0.809594988822937,-0.9996350854635239,-0.005894899368286133,-1.8075689673423767,0.171583890914917,-0.9674426168203354,-0.5754441022872925,-2.2744715213775635,-0.4121065139770508,-0.4124671220779419,-0.06213486194610596,-1.568906009197235,3.0,3.0,3.0,3.0,3.0,3.0,3.0,3.0,3.0,3.0,3.0,3.0,3.0,3.0,3.0,3.0,3.0,3.0,3.0,3.0,0.05,0.05,0.05,0.05,0.05,0.05,0.05,0.05,0.05,0.05,0.05,0.05,0.05,0.05,0.05,0.05,0.05,0.05,0.05,0.05,0.0,0.0,0.0,0.0,0.0,0.0,0.0,0.0,0.0,0.0,0.0,0.0,0.0,0.0,0.0,0.0,0.0,0.0,0.0,0.0,0.773512601852417,0.24825014173984528,0.38356146216392517,0.603280782699585,1.0127509832382202,0.005997799336910248,1.460803508758545,1.0063471794128418,1.1909278631210327,-0.1025656908750534,1.467376470565796,0.90171217918396,1.1695080995559692,-0.08492542803287506,1.5015422105789185,0.7493864297866821,1.155279517173767,-0.1647910475730896,1.5397084951400757,0.8863443732261658,-0.49561113119125366,-0.02644173800945282,-2.4039745330810547,-1.8171235918998718,-5.029873549938202,-1.73574797809124,-3.6848723888397217,-0.1797109842300415,-0.4343569278717041,-0.48517193645238876,-2.5022953748703003,0.4617959260940552,0.4566878080368042,0.05712304264307022,-1.1240601539611816,2.0111367106437683,0.16764700412750244,0.4744146019220352,-0.4201531410217285,0.3611430525779724,3.0,3.0,3.0,3.0,3.0,3.0,3.0,3.0,3.0,3.0,3.0,3.0,3.0,3.0,3.0,3.0,3.0,3.0,3.0,3.0,0.05,0.05,0.05,0.05,0.05,0.05,0.05,0.05,0.05,0.05,0.05,0.05,0.05,0.05,0.05,0.05,0.05,0.05,0.05,0.05,0.0,0.0,0.0,0.0,0.0,0.0,0.0,0.0,0.0,0.0,0.0,0.0,0.0,0.0,0.0,0.0,0.0,0.0,0.0,0.0
0.5602656006813049,0.3750939667224884,0.37324953079223633,0.6078422665596008,1.1591328382492065,0.046734169125556946,1.0188361406326294,0.8520745038986206,1.312314748764038,0.19224049150943756,1.2909748554229736,0.5953585505485535,1.3515253067016602,0.2009344846010208,1.389704942703247,0.5377416610717773,1.3505221605300903,0.337041437625885,1.5338037014007568,0.767925500869751,-3.703448176383972,-0.8318975567817688,-4.311235994100571,-7.49124139547348,-5.491873621940613,-0.7868785411119461,-5.6257471442222595,-5.142784118652344,-0.8437812328338623,-0.9946856647729874,0.05834698677062988,-1.6303718090057373,0.2869218587875366,-1.1190332472324371,-0.5052953958511353,-2.054007351398468,-0.7391184568405151,-0.9164266288280487,-0.11110305786132812,-1.7340853810310364,3.0,3.0,3.0,3.0,3.0,3.0,3.0,3.0,3.0,3.0,3.0,3.0,3.0,3.0,3.0,3.0,3.0,3.0,3.0,3.0,0.05,0.05,0.05,0.05,0.05,0.05,0.05,0.05,0.05,0.05,0.05,0.05,0.05,0.05,0.05,0.05,0.05,0.05,0.05,0.05,0.0,0.0,0.0,0.0,0.0,0.0,0.0,0.0,0.0,0.0,0.0,0.0,0.0,0.0,0.0,0.0,0.0,0.0,0.0,0.0,0.765551745891571,0.2473979890346527,0.3302607238292694,0.5724527835845947,0.9119197726249695,-0.021706219762563705,1.3634952306747437,0.9792130589485168,1.1879585981369019,-0.10379611700773239,1.3958256244659424,0.8997910022735596,1.1855401992797852,-0.07357759773731232,1.460787057876587,0.7824472188949585,1.1610740423202515,-0.14604203402996063,1.521041989326477,0.8745595812797546,-0.6148427724838257,0.1471150666475296,-2.5976821780204773,-3.4781455993652344,-5.6065380573272705,-1.3141394592821598,-5.193093419075012,-1.6353949904441833,-0.04312396049499512,0.04391130059957504,-3.352224826812744,-0.133591890335083,0.8918136358261108,0.5043435841798782,-1.7997205257415771,1.528976857662201,0.29023587703704834,0.8366815745830536,-0.8903235197067261,-0.5885481834411621,3.0,3.0,3.0,3.0,3.0,3.0,3.0,3.0,3.0,3.0,3.0,3.0,3.0,3.0,3.0,3.0,3.0,3.0,3.0,3.0,0.05,0.05,0.05,0.05,0.05,0.05,0.05,0.05,0.05,0.05,0.05,0.05,0.05,0.05,0.05,0.05,0.05,0.05,0.05,0.05,0.0,0.0,0.0,0.0,0.0,0.0,0.0,0.0,0.0,0.0,0.0,0.0,0.0,0.0,0.0,0.0,0.0,0.0,0.0,0.0
0.4862860441207886,0.3588317632675171,0.29630163311958313,0.4735124707221985,1.0413458347320557,0.03608758747577667,0.9016616940498352,0.7510695457458496,1.29945707321167,0.17388570308685303,1.2932898998260498,0.566167950630188,1.3625153303146362,0.17872361838817596,1.386033058166504,0.5029817819595337,1.3387643098831177,0.3152751624584198,1.53313148021698,0.7361157536506653,-3.752511739730835,-0.6815515458583832,-3.535427898168564,-6.131211668252945,-6.31692111492157,-0.244220532476902,-6.271481513977051,-5.13547956943512,-0.47287046909332275,-0.9149707853794098,0.32917559146881104,-1.244327425956726,0.551217794418335,-1.1869944632053375,0.07780194282531738,-1.45721435546875,-0.3627300262451172,-1.411304622888565,0.024750828742980957,-1.4674112200737,3.0,3.0,3.0,3.0,3.0,3.0,3.0,3.0,3.0,3.0,3.0,3.0,3.0,3.0,3.0,3.0,3.0,3.0,3.0,3.0,0.05,0.05,0.05,0.05,0.05,0.05,0.05,0.05,0.05,0.05,0.05,0.05,0.05,0.05,0.05,0.05,0.05,0.05,0.05,0.05,0.0,0.0,0.0,0.0,0.0,0.0,0.0,0.0,0.0,0.0,0.0,0.0,0.0,0.0,0.0,0.0,0.0,0.0,0.0,0.0,0.748918890953064,0.25413474440574646,0.2796541750431061,0.4641549587249756,0.7884894609451294,-0.046567779034376144,1.2530797719955444,0.9409313797950745,1.189202904701233,-0.1008092388510704,1.3332874774932861,0.8963685035705566,1.2051806449890137,-0.06475168466567993,1.4295533895492554,0.8105455040931702,1.166888952255249,-0.13132378458976746,1.5040955543518066,0.8628024458885193,-2.591623365879059,1.3451062142848969,-2.2199392318725586,-5.229660123586655,-6.929974257946014,-1.4401034452021122,-7.005047798156738,-2.913139760494232,0.044086575508117676,0.47020670026540756,-3.1385868787765503,-0.2997353672981262,1.198810338973999,0.40535517036914825,-1.3466238975524902,1.3277068734169006,0.29969215393066406,0.6467640399932861,-0.9466886520385742,-0.6624743342399597,3.0,3.0,3.0,3.0,3.0,3.0,3.0,3.0,3.0,3.0,3.0,3.0,3.0,3.0,3.0,3.0,3.0,3.0,3.0,3.0,0.05,0.05,0.05,0.05,0.05,0.05,0.05,0.05,0.05,0.05,0.05,0.05,0.05,0.05,0.05,0.05,0.05,0.05,0.05,0.05,0.0,0.0,0.0,0.0,0.0,0.0,0.0,0.0,0.0,0.0,0.0,0.0,0.0,0.0,0.0,0.0,0.0,0.0,0.0,0.0
0.41016513109207153,0.3478319048881531,0.23183241486549377,0.36259379982948303,0.9064559936523438,0.036965347826480865,0.7679768800735474,0.6466553211212158,1.2933999300003052,0.15564166009426117,1.304141879081726,0.5455854535102844,1.3735740184783936,0.1534547060728073,1.3928170204162598,0.47945308685302734,1.3360129594802856,0.2805892527103424,1.534793734550476,0.709229052066803,-3.716348111629486,-0.4540659487247467,-2.929934114217758,-4.955487698316574,-5.268016457557678,0.04291823133826256,-6.937398016452789,-5.445517599582672,-0.5696386098861694,-1.292993687093258,1.1097997426986694,-0.8619770407676697,0.4715442657470703,-1.838567852973938,0.8284091949462891,-0.9224928915500641,0.07044970989227295,-2.6895567774772644,0.11258721351623535,-1.4288604259490967,3.0,3.0,3.0,3.0,3.0,3.0,3.0,3.0,3.0,3.0,3.0,3.0,3.0,3.0,3.0,3.0,3.0,3.0,3.0,3.0,0.05,0.05,0.05,0.05,0.05,0.05,0.05,0.05,0.05,0.05,0.05,0.05,0.05,0.05,0.05,0.05,0.05,0.05,0.05,0.05,0.0,0.0,0.0,0.0,0.0,0.0,0.0,0.0,0.0,0.0,0.0,0.0,0.0,0.0,0.0,0.0,0.0,0.0,0.0,0.0,0.6618868112564087,0.3012022376060486,0.24146315455436707,0.36326637864112854,0.6347208023071289,-0.0793103575706482,1.0832933187484741,0.8626874685287476,1.1897220611572266,-0.08498784899711609,1.2702821493148804,0.8878015875816345,1.2334926128387451,-0.05736339092254639,1.4069221019744873,0.8355554938316345,1.173061728477478,-0.12017147243022919,1.483174443244934,0.8480606079101562,-3.9922043681144714,2.0912528038024902,-2.0751819014549255,-4.6342529356479645,-7.124626636505127,-1.4690312556922436,-7.898329198360443,-3.7178590893745422,0.10657906532287598,0.7420191541314125,-2.782207727432251,-0.3716111183166504,1.2638896703720093,0.4000615328550339,-1.0442644357681274,1.1268660426139832,0.35687386989593506,0.5215831100940704,-0.9466052055358887,-0.6858214735984802,3.0,3.0,3.0,3.0,3.0,3.0,3.0,3.0,3.0,3.0,3.0,3.0,3.0,3.0,3.0,3.0,3.0,3.0,3.0,3.0,0.05,0.05,0.05,0.05,0.05,0.05,0.05,0.05,0.05,0.05,0.05,0.05,0.05,0.05,0.05,0.05,0.05,0.05,0.05,0.05,0.0,0.0,0.0,0.0,0.0,0.0,0.0,0.0,0.0,0.0,0.0,0.0,0.0,0.0,0.0,0.0,0.0,0.0,0.0,0.0
0.33763211965560913,0.3406691253185272,0.1791042685508728,0.2752929627895355,0.8306251764297485,0.037804316729307175,0.6241657733917236,0.5332488417625427,1.2766715288162231,0.12216595560312271,1.3376818895339966,0.5316888689994812,1.381377100944519,0.10518090426921844,1.4191694259643555,0.46608206629753113,1.3415822982788086,0.20769289135932922,1.5376349687576294,0.6789613366127014,-3.263986110687256,-0.15896782279014587,-2.3893438279628754,-3.9554186165332794,-3.355884552001953,-0.005105137825012207,-6.574638187885284,-5.156176537275314,-0.48114657402038574,-1.612713560461998,1.5834033489227295,-0.6410285830497742,0.3623485565185547,-2.173728123307228,1.2043863534927368,-0.6244055926799774,0.29078423976898193,-3.277313709259033,0.12785494327545166,-1.357845962047577,3.0,3.0,3.0,3.0,3.0,3.0,3.0,3.0,3.0,3.0,3.0,3.0,3.0,3.0,3.0,3.0,3.0,3.0,3.0,3.0,0.05,0.05,0.05,0.05,0.05,0.05,0.05,0.05,0.05,0.05,0.05,0.05,0.05,0.05,0.05,0.05,0.05,0.05,0.05,0.05,0.0,0.0,0.0,0.0,0.0,0.0,0.0,0.0,0.0,0.0,0.0,0.0,0.0,0.0,0.0,0.0,0.0,0.0,0.0,0.0,0.5892307162284851,0.33778485655784607,0.19664689898490906,0.278784841299057,0.5035043954849243,-0.10532902926206589,0.9371466040611267,0.7922170162200928,1.193466067314148,-0.0711284726858139,1.221999168395996,0.8815040588378906,1.255736231803894,-0.04874922335147858,1.3877828121185303,0.8556201457977295,1.1811639070510864,-0.11046046018600464,1.466231346130371,0.8353695869445801,-3.400292992591858,1.656091958284378,-2.1349098533391953,-3.7127122282981873,-6.205072999000549,-1.15831159055233,-7.280702888965607,-3.6747530102729797,0.4446297883987427,0.7034778594970703,-1.9812583923339844,-0.2310425043106079,1.0528385639190674,0.535216461867094,-0.8447855710983276,0.9081169962882996,0.5358874797821045,0.47034136950969696,-0.7465392351150513,-0.6072059273719788,3.0,3.0,3.0,3.0,3.0,3.0,3.0,3.0,3.0,3.0,3.0,3.0,3.0,3.0,3.0,3.0,3.0,3.0,3.0,3.0,0.05,0.05,0.05,0.05,0.05,0.05,0.05,0.05,0.05,0.05,0.05,0.05,0.05,0.05,0.05,0.05,0.05,0.05,0.05,0.05,0.0,0.0,0.0,0.0,0.0,0.0,0.0,0.0,0.0,0.0,0.0,0.0,0.0,0.0,0.0,0.0,0.0,0.0,0.0,0.0
0.2796056866645813,0.34147319197654724,0.13625866174697876,0.20437705516815186,0.7722206115722656,0.03676114231348038,0.504991352558136,0.44040825963020325,1.2741540670394897,0.09113311767578125,1.3674780130386353,0.5199443101882935,1.3880679607391357,0.06650558114051819,1.4409924745559692,0.45447686314582825,1.347644329071045,0.14949670433998108,1.5399079322814941,0.6549152135848999,-2.6111893355846405,0.08909925818443298,-1.9450247287750244,-3.1908728182315826,-2.6260271668434143,-0.029707979410886765,-5.439978837966919,-4.285161197185516,0.1671135425567627,-1.5698255971074104,1.3400286436080933,-0.5937352776527405,0.4986405372619629,-1.8211745657026768,1.0638117790222168,-0.542943924665451,0.4202842712402344,-2.667265012860298,0.10228455066680908,-1.0566845536231995,3.0,3.0,3.0,3.0,3.0,3.0,3.0,3.0,3.0,3.0,3.0,3.0,3.0,3.0,3.0,3.0,3.0,3.0,3.0,3.0,0.05,0.05,0.05,0.05,0.05,0.05,0.05,0.05,0.05,0.05,0.05,0.05,0.05,0.05,0.05,0.05,0.05,0.05,0.05,0.05,0.0,0.0,0.0,0.0,0.0,0.0,0.0,0.0,0.0,0.0,0.0,0.0,0.0,0.0,0.0,0.0,0.0,0.0,0.0,0.0,0.5258750915527344,0.3674459159374237,0.15606676042079926,0.21475788950920105,0.38651788234710693,-0.1256428211927414,0.7920652031898499,0.7156973481178284,1.2075072526931763,-0.056848734617233276,1.191031813621521,0.8785598874092102,1.2756061553955078,-0.035954732447862625,1.3731306791305542,0.8718801736831665,1.1944972276687622,-0.10135781764984131,1.453312873840332,0.8237723708152771,-2.8328165411949158,1.5695326030254364,-1.7269153147935867,-2.8414882719516754,-5.523505806922913,-0.8967360481619835,-7.119204103946686,-3.9450690150260925,0.6453573703765869,0.8029859513044357,-1.2882143259048462,-0.13904571533203125,1.1375457048416138,0.7299169898033142,-0.6355017423629761,0.6938546895980835,0.8290618658065796,0.4981040954589844,-0.5750924348831177,-0.5864381790161133,3.0,3.0,3.0,3.0,3.0,3.0,3.0,3.0,3.0,3.0,3.0,3.0,3.0,3.0,3.0,3.0,3.0,3.0,3.0,3.0,0.05,0.05,0.05,0.05,0.05,0.05,0.05,0.05,0.05,0.05,0.05,0.05,0.05,0.05,0.05,0.05,0.05,0.05,0.05,0.05,0.0,0.0,0.0,0.0,0.0,0.0,0.0,0.0,0.0,0.0,0.0,0.0,0.0,0.0,0.0,0.0,0.0,0.0,0.0,0.0
0.2331845462322235,0.34423309564590454,0.10130327939987183,0.14765805006027222,0.725584089756012,0.036615997552871704,0.4065666198730469,0.36184239387512207,1.2833560705184937,0.059372931718826294,1.3912830352783203,0.5079394578933716,1.4013227224349976,0.032333921641111374,1.4617218971252441,0.4443643093109131,1.358393669128418,0.1010022908449173,1.5417263507843018,0.6366939544677734,-2.0889513194561005,0.027070939540863037,-1.5713995322585106,-2.526704967021942,-2.164018154144287,0.055238138884305954,-4.5085325837135315,-3.5583779215812683,0.38019418716430664,-1.4188442379236221,1.034998893737793,-0.5721502006053925,0.6017684936523438,-1.561662508174777,0.8706152439117432,-0.501067191362381,0.5125612020492554,-2.20078369602561,0.08182823657989502,-0.8370682597160339,3.0,3.0,3.0,3.0,3.0,3.0,3.0,3.0,3.0,3.0,3.0,3.0,3.0,3.0,3.0,3.0,3.0,3.0,3.0,3.0,0.05,0.05,0.05,0.05,0.05,0.05,0.05,0.05,0.05,0.05,0.05,0.05,0.05,0.05,0.05,0.05,0.05,0.05,0.05,0.05,0.0,0.0,0.0,0.0,0.0,0.0,0.0,0.0,0.0,0.0,0.0,0.0,0.0,0.0,0.0,0.0,0.0,0.0,0.0,0.0,0.4759180545806885,0.4005661606788635,0.1275702863931656,0.16512531042099,0.2825641632080078,-0.14119847118854523,0.6523784399032593,0.6344142556190491,1.2192803621292114,-0.039009034633636475,1.1704705953598022,0.8759422302246094,1.3012380599975586,-0.01955254375934601,1.3623627424240112,0.8833743333816528,1.2143263816833496,-0.09053629636764526,1.4432276487350464,0.8119120597839355,-1.6468055546283722,1.343671977519989,-0.012871995568275452,-2.142655849456787,-3.671785816550255,-0.6094705313444138,-6.3113003969192505,-4.1429296135902405,0.4936307668685913,1.001577451825142,-0.741112232208252,-0.3134608268737793,1.3430386781692505,1.0401199106127024,-0.8352428674697876,0.3059506416320801,1.2131303548812866,0.8373603224754333,-0.6612181663513184,-0.7710561156272888,3.0,3.0,3.0,3.0,3.0,3.0,3.0,3.0,3.0,3.0,3.0,3.0,3.0,3.0,3.0,3.0,3.0,3.0,3.0,3.0,0.05,0.05,0.05,0.05,0.05,0.05,0.05,0.05,0.05,0.05,0.05,0.05,0.05,0.05,0.05,0.05,0.05,0.05,0.05,0.05,0.0,0.0,0.0,0.0,0.0,0.0,0.0,0.0,0.0,0.0,0.0,0.0,0.0,0.0,0.0,0.0,0.0,0.0,0.0,0.0
0.19604763388633728,0.34255602955818176,0.07340268045663834,0.10330885648727417,0.6856598854064941,0.038970667868852615,0.3246500492095947,0.2980731427669525,1.289361834526062,0.034379348158836365,1.408877968788147,0.49705830216407776,1.4121387004852295,0.004039080813527107,1.475817084312439,0.434434175491333,1.3681467771530151,0.06146535649895668,1.54318106174469,0.6214324831962585,-1.6711611300706717,-0.13898685574531278,-1.2642592191696054,-2.012051083147508,-2.21560150384901,0.414069462567564,-3.668148070573776,-2.8841115534305337,0.360307097434992,-1.166069041937578,0.7251888513565063,-0.6361037492751992,0.7334291934966986,-1.4244407415389884,0.29187798500061035,-0.7196173071861156,0.513806939125061,-1.9014025107025936,0.06546378135681152,-0.9282693266868453,3.0,3.0,3.0,3.0,3.0,3.0,3.0,3.0,3.0,3.0,3.0,3.0,3.0,3.0,3.0,3.0,3.0,3.0,3.0,3.0,0.05,0.05,0.05,0.05,0.05,0.05,0.05,0.05,0.05,0.05,0.05,0.05,0.05,0.05,0.05,0.05,0.05,0.05,0.05,0.05,0.0,0.0,0.0,0.0,0.0,0.0,0.0,0.0,0.0,0.0,0.0,0.0,0.0,0.0,0.0,0.0,0.0,0.0,0.0,0.0,0.4600028693675995,0.42119279503822327,0.15555188059806824,0.12905165553092957,0.23964644968509674,-0.15002164244651794,0.5396131873130798,0.5499801635742188,1.22725248336792,-0.0167856365442276,1.161387324333191,0.866021454334259,1.3293277025222778,0.00565006397664547,1.3397209644317627,0.8841181993484497,1.2430224418640137,-0.06786340475082397,1.4268641471862793,0.7929301261901855,-0.09406507015228827,0.6820499897003159,1.5022236853837787,-0.7015667855739621,-1.2412857264280284,-0.22854283452033997,-5.129233747720679,-4.090370982885327,0.4278749227523748,1.1083311866968752,-0.28020143508911133,-0.7234558463096591,1.4404237270355058,1.2749547138810027,-1.3731807470321544,-0.03104954957962036,1.524969935417153,1.1552859097719068,-0.8333742618560847,-0.9170949459075872,3.0,3.0,3.0,3.0,3.0,3.0,3.0,3.0,3.0,3.0,3.0,3.0,3.0,3.0,3.0,3.0,3.0,3.0,3.0,3.0,0.05,0.05,0.05,0.05,0.05,0.05,0.05,0.05,0.05,0.05,0.05,0.05,0.05,0.05,0.05,0.05,0.05,0.05,0.05,0.05,0.0,0.0,0.0,0.0,0.0,0.0,0.0,0.0,0.0,0.0,0.0,0.0,0.0,0.0,0.0,0.0,0.0,0.0,0.0,0.0
0.16633810102939664,0.33867362141609203,0.05073291063308761,0.0671760067343719,0.6369600296020516,0.053178776055574264,0.2598406970500958,0.24647793173790072,1.2977683544158933,0.012730170041323166,1.4202905893325806,0.4824953079223636,1.4306598901748655,-0.024643708020448164,1.4733970165252686,0.41557961702346846,1.3789459466934204,0.024946190416813552,1.5443449020385742,0.5995631814002996,-1.3369288295507313,-0.19787922501564026,-1.0100416839122683,-1.6263749450445033,-2.0232126116752456,0.4667950794100749,-2.875157818198179,-2.1780282258987267,0.29095709323883057,-1.0370191186666389,0.3651708364486639,-0.7946357131004236,0.7240116596221868,-1.2065560091286813,-0.3104746341705267,-1.00145488977431,0.23404359817504883,-1.5342901460826295,0.05237162113189697,-1.2017741799354413,3.0,3.0,3.0,3.0,3.0,3.0,3.0,3.0,3.0,3.0,3.0,3.0,3.0,3.0,3.0,3.0,3.0,3.0,3.0,3.0,0.05,0.05,0.05,0.05,0.05,0.05,0.05,0.05,0.05,0.05,0.05,0.05,0.05,0.05,0.05,0.05,0.05,0.05,0.05,0.05,0.0,0.0,0.0,0.0,0.0,0.0,0.0,0.0,0.0,0.0,0.0,0.0,0.0,0.0,0.0,0.0,0.0,0.0,0.0,0.0,0.47215545177459695,0.42784816026687617,0.18765923380851673,0.1370626389980315,0.23291273415088667,-0.15034018456935883,0.4472090899944321,0.470799416303636,1.2363953590393064,0.005324212834238532,1.1592625379562378,0.847003996372223,1.3588550090789788,0.0314456447958941,1.307435512542725,0.882132351398468,1.2753251791000357,-0.044324859976768986,1.409892678260803,0.7752282619476321,0.5439534783363328,0.20963549613952498,1.570827141404136,0.3123272210359532,-0.3443855792283963,0.39273910224436603,-3.7300355732440753,-3.135669976472842,0.555011630058283,1.0730696842074305,0.5623549222946,-0.5487188696861267,1.486128568649281,1.1878753546625298,-0.9928941726684626,0.23100972175597312,1.6937464475631492,1.1113672982901248,-0.3659754991531372,-0.6373241543769809,3.0,3.0,3.0,3.0,3.0,3.0,3.0,3.0,3.0,3.0,3.0,3.0,3.0,3.0,3.0,3.0,3.0,3.0,3.0,3.0,0.05,0.05,0.05,0.05,0.05,0.05,0.05,0.05,0.05,0.05,0.05,0.05,0.05,0.05,0.05,0.05,0.05,0.05,0.05,0.05,0.0,0.0,0.0,0.0,0.0,0.0,0.0,0.0,0.0,0.0,0.0,0.0,0.0,0.0,0.0,0.0,0.0,0.0,0.0,0.0
0.14257048070430803,0.33464086055755615,0.0330010131001476,0.03825385868549404,0.6047313809394843,0.05764247104525561,0.20964373648166756,0.21095201373100345,1.3010001182556152,-0.007101416587829186,1.4234848022460935,0.4652728736400608,1.441099166870117,-0.04422315955162014,1.463398098945618,0.3943759799003606,1.377508521080017,9.375065565150474e-05,1.5452759265899658,0.5733615159988409,-1.0695429518818906,0.018252432346338443,-0.8025369606912177,-1.3040508143603862,-1.4204189181327902,0.14977278187871343,-2.267348021268857,-1.5143178403377686,0.20863711833954413,-0.9155632928013839,0.10374784469604492,-0.8482798933982835,0.34759640693665106,-0.8038718253374196,-0.6619572639465221,-1.0946579277515398,-0.28223693370818537,-0.990717741660787,0.04189610481262207,-1.322343945503232,3.0,3.0,3.0,3.0,3.0,3.0,3.0,3.0,3.0,3.0,3.0,3.0,3.0,3.0,3.0,3.0,3.0,3.0,3.0,3.0,0.05,0.05,0.05,0.05,0.05,0.05,0.05,0.05,0.05,0.05,0.05,0.05,0.05,0.05,0.05,0.05,0.05,0.05,0.05,0.05,0.0,0.0,0.0,0.0,0.0,0.0,0.0,0.0,0.0,0.0,0.0,0.0,0.0,0.0,0.0,0.0,0.0,0.0,0.0,0.0,0.4817610085010528,0.42957821488380427,0.21838496625423368,0.1415447443723677,0.2258710265159609,-0.1343120783567433,0.3904117643833168,0.42455336451530507,1.2494529485702512,0.026137150824069623,1.183881521224975,0.844072699546814,1.388772845268249,0.05316507816314666,1.3000051975250242,0.8933585882186886,1.3107722997665396,-0.02340871281921898,1.4122251272201538,0.7674371600151063,0.29548332095146734,-0.020658224821087923,1.4251176267862375,0.8860580623149705,-0.48423223197459825,1.1221418157219714,-2.04495266079906,-1.4996021986008023,0.7217258214950506,0.8444242645055118,2.032309770584073,0.35437196493147416,1.3323992490768433,0.8069695904851059,0.4713624715804776,0.9807035326957536,1.6875922679901179,0.8295984473079517,0.7421851158141979,-0.14478117227555154,3.0,3.0,3.0,3.0,3.0,3.0,3.0,3.0,3.0,3.0,3.0,3.0,3.0,3.0,3.0,3.0,3.0,3.0,3.0,3.0,0.05,0.05,0.05,0.05,0.05,0.05,0.05,0.05,0.05,0.05,0.05,0.05,0.05,0.05,0.05,0.05,0.05,0.05,0.05,0.05,0.0,0.0,0.0,0.0,0.0,0.0,0.0,0.0,0.0,0.0,0.0,0.0,0.0,0.0,0.0,0.0,0.0,0.0,0.0,0.0
0.12355638295412101,0.33940371870994557,0.018631432205438895,0.015013974159956442,0.58014327287674,0.0591696873307228,0.16914677619934154,0.18590521812438998,1.306113839149475,-0.023892361670732193,1.4244405031204224,0.4485641121864323,1.4445637464523315,-0.05679858103394495,1.4469187259674077,0.37179329991340687,1.367656469345093,-0.014682519249617925,1.546020746231079,0.5466694235801703,-0.8556343615055129,0.2846568822860704,-0.6368597503751549,-1.0486842133104852,-0.9640872478485218,-0.09961808100342195,-1.7013095319271232,-0.9045757353305977,0.15776753425598145,-0.7124756462872087,-0.13483166694640003,-0.9086757898330674,0.0999599695205744,-0.41056638583541766,-1.0154366493224987,-1.2114077806472765,-0.7180422544479315,-0.45966953039170333,0.03351569175720215,-1.4075875282287569,3.0,3.0,3.0,3.0,3.0,3.0,3.0,3.0,3.0,3.0,3.0,3.0,3.0,3.0,3.0,3.0,3.0,3.0,3.0,3.0,0.05,0.05,0.05,0.05,0.05,0.05,0.05,0.05,0.05,0.05,0.05,0.05,0.05,0.05,0.05,0.05,0.05,0.05,0.05,0.05,0.0,0.0,0.0,0.0,0.0,0.0,0.0,0.0,0.0,0.0,0.0,0.0,0.0,0.0,0.0,0.0,0.0,0.0,0.0,0.0,0.48397478461265564,0.42702183127403265,0.24466393887996624,0.17250496149063033,0.21354344487190274,-0.10545451194047997,0.3654109835624697,0.4108153283596039,1.2652643918991084,0.039101183414459006,1.2405549287796007,0.861178874969482,1.4121509790420526,0.06372442841529834,1.3262900114059442,0.9213604927062982,1.3428288698196404,-0.011140922084450916,1.439580082893371,0.76943701505661,-0.12434050440787575,-0.21126642823218883,1.2019310146570281,1.7294619232416097,-0.5929190665483524,1.5687797218561128,-0.817912817001358,-0.26583895087243375,0.9169578552246038,0.5285887047648501,2.970060706138594,1.07466280460356,1.1080473661422785,0.36591943353415174,1.6409546136855913,1.553428173065177,1.6507357358932606,0.4773727967403902,1.2309730052947832,0.6675511598586842,3.0,3.0,3.0,3.0,3.0,3.0,3.0,3.0,3.0,3.0,3.0,3.0,3.0,3.0,3.0,3.0,3.0,3.0,3.0,3.0,0.05,0.05,0.05,0.05,0.05,0.05,0.05,0.05,0.05,0.05,0.05,0.05,0.05,0.05,0.05,0.05,0.05,0.05,0.05,0.05,0.0,0.0,0.0,0.0,0.0,0.0,0.0,0.0,0.0,0.0,0.0,0.0,0.0,0.0,0.0,0.0,0.0,0.0,0.0,0.0
0.10834510624408751,0.34602713584899897,0.0075266230851414075,-0.003693509846925373,0.5661678910255434,0.053657747805118734,0.14159135520458263,0.17476898431777954,1.3073108196258545,-0.03560044243931754,1.4180915355682375,0.4289258420467381,1.44509756565094,-0.06064581498503685,1.422780632972718,0.34591966867446955,1.3487868309020998,-0.01829303056001663,1.546616554260254,0.5170580148696906,-0.6845073774457071,0.2297304570674924,-0.5143471527844737,-0.8333067409694311,-0.4830658435821644,-0.4830090329051016,-1.0142285376787366,-0.20092092454434274,0.16897916793823242,-0.4327741451561527,-0.41808784008026123,-0.9903974831104375,0.025609135627746582,-0.07519628852606149,-1.2389838695526234,-1.2709811329841738,-0.7265746593475397,-0.09282578248530947,0.026813149452209473,-1.455786824226396,3.0,3.0,3.0,3.0,3.0,3.0,3.0,3.0,3.0,3.0,3.0,3.0,3.0,3.0,3.0,3.0,3.0,3.0,3.0,3.0,0.05,0.05,0.05,0.05,0.05,0.05,0.05,0.05,0.05,0.05,0.05,0.05,0.05,0.05,0.05,0.05,0.05,0.05,0.05,0.05,0.0,0.0,0.0,0.0,0.0,0.0,0.0,0.0,0.0,0.0,0.0,0.0,0.0,0.0,0.0,0.0,0.0,0.0,0.0,0.0,0.47678738832473777,0.4211275577545167,0.2664622068405148,0.21072322130203208,0.2021542638540268,-0.0715608894824988,0.3576952517032625,0.4139198064804077,1.2861312627792354,0.04728069901466363,1.3026839494705187,0.8870592117309564,1.4330947399139402,0.06780185550451273,1.3656433820724478,0.9554957151412957,1.37680172920227,-0.0043138009496033695,1.4614640474319451,0.7941392064094537,-0.5533099174499512,-0.22683218121528764,0.8471172302961474,1.229173690080662,-0.24964287877083519,1.426123641431349,-0.496309250593191,-0.04181116819381714,0.8270949125290028,0.25043785572052557,2.7958065271377897,1.2779533863067738,0.749033689498918,0.14024917036295248,1.8145203590393233,1.577210426330583,1.4263480901718306,0.2059985359665055,0.9847790002823043,1.4359742403030422,3.0,3.0,3.0,3.0,3.0,3.0,3.0,3.0,3.0,3.0,3.0,3.0,3.0,3.0,3.0,3.0,3.0,3.0,3.0,3.0,0.05,0.05,0.05,0.05,0.05,0.05,0.05,0.05,0.05,0.05,0.05,0.05,0.05,0.05,0.05,0.05,0.05,0.05,0.05,0.05,0.0,0.0,0.0,0.0,0.0,0.0,0.0,0.0,0.0,0.0,0.0,0.0,0.0,0.0,0.0,0.0,0.0,0.0,0.0,0.0
0.09617608785629272,0.34859293699264526,-0.0019424539059400558,-0.0183182954788208,0.5608206391334534,0.03984932601451874,0.12857763469219208,0.17786838114261627,1.3128730058670044,-0.0412033274769783,1.407716989517212,0.40894821286201477,1.4455881118774414,-0.05980643257498741,1.3973593711853027,0.3209540545940399,1.3385934829711914,-0.018395550549030304,1.5470932722091675,0.4884379506111145,-0.5476059392094685,0.126733630895616,-0.4188946448266562,-0.625891238451013,-0.15777945518494207,-0.7542035542428537,-0.4275204613804921,0.3376394510269165,0.329667329788208,-0.23902608081698834,-0.5536913871765192,-0.9560428559780232,-0.051587820053100586,0.10595256462693214,-1.3160377740860152,-1.2167558073997635,-0.4734277725219782,0.04124976694583884,-0.01627206802368164,-1.3814382255077529,3.0,3.0,3.0,3.0,3.0,3.0,3.0,3.0,3.0,3.0,3.0,3.0,3.0,3.0,3.0,3.0,3.0,3.0,3.0,3.0,0.05,0.05,0.05,0.05,0.05,0.05,0.05,0.05,0.05,0.05,0.05,0.05,0.05,0.05,0.05,0.05,0.05,0.05,0.05,0.05,0.0,0.0,0.0,0.0,0.0,0.0,0.0,0.0,0.0,0.0,0.0,0.0,0.0,0.0,0.0,0.0,0.0,0.0,0.0,0.0,0.4618423879146576,0.41794854402542114,0.27854862809181213,0.2216719090938568,0.20355772972106934,-0.04840956628322601,0.34555861353874207,0.4091428816318512,1.2983481884002686,0.04911869764328003,1.3523871898651123,0.9122970104217529,1.4421123266220093,0.06933439522981644,1.398870825767517,0.9844489097595215,1.3998827934265137,-0.002900980645790696,1.478971242904663,0.8268759846687317,-1.611883938312536,0.3696650266647311,-0.6994806230068124,0.8644670248031713,-0.18353909254074097,1.1359456460923112,-0.6214410066604655,-0.2886943519115448,0.3808170557022206,0.23909453302622014,2.236646413803134,1.1992752552032637,0.162422657012945,0.22821687161922594,1.5380322933197244,1.3200402259826827,0.8611291646957508,0.058423035079614584,0.7878243923187422,1.6695320606231856,3.0,3.0,3.0,3.0,3.0,3.0,3.0,3.0,3.0,3.0,3.0,3.0,3.0,3.0,3.0,3.0,3.0,3.0,3.0,3.0,0.05,0.05,0.05,0.05,0.05,0.05,0.05,0.05,0.05,0.05,0.05,0.05,0.05,0.05,0.05,0.05,0.05,0.05,0.05,0.05,0.0,0.0,0.0,0.0,0.0,0.0,0.0,0.0,0.0,0.0,0.0,0.0,0.0,0.0,0.0,0.0,0.0,0.0,0.0,0.0
0.08644086867570877,0.3510964810848236,-0.009229162707924843,-0.028729159384965897,0.5598567128181458,0.023489605635404587,0.12449053674936295,0.1882745623588562,1.3204975128173828,-0.04516148567199707,1.3959438800811768,0.3906841278076172,1.443034052848816,-0.056407712399959564,1.3701391220092773,0.297249436378479,1.3298497200012207,-0.016643039882183075,1.5459656715393066,0.4618004858493805,-0.43808482587337494,0.12709051370620728,-0.3311852924525738,-0.4933184012770653,0.017182528972625732,-0.7242579245939851,-0.10487344115972519,0.5802895873785019,0.3376871347427368,-0.1635102555155754,-0.5637973546981812,-0.8380860090255737,-0.015038251876831055,0.13742847368121147,-1.2183576822280884,-1.0697804391384125,-0.3628194332122803,0.07867470849305391,-0.027263164520263672,-1.228465884923935,3.0,3.0,3.0,3.0,3.0,3.0,3.0,3.0,3.0,3.0,3.0,3.0,3.0,3.0,3.0,3.0,3.0,3.0,3.0,3.0,0.05,0.05,0.05,0.05,0.05,0.05,0.05,0.05,0.05,0.05,0.05,0.05,0.05,0.05,0.05,0.05,0.05,0.05,0.05,0.05,0.0,0.0,0.0,0.0,0.0,0.0,0.0,0.0,0.0,0.0,0.0,0.0,0.0,0.0,0.0,0.0,0.0,0.0,0.0,0.0,0.41231203079223633,0.43591415882110596,0.2384829819202423,0.24530190229415894,0.19481270015239716,-0.026123063638806343,0.33283761143684387,0.4023720324039459,1.3013639450073242,0.05684448033571243,1.392149806022644,0.9350302219390869,1.439591646194458,0.07693053036928177,1.4271646738052368,1.008297324180603,1.4112468957901,-0.001976879546418786,1.4929770231246948,0.8609204888343811,-2.044219523668289,0.7179006934165955,-2.2030122578144073,-0.12636110186576843,-0.3394734114408493,0.8574000326916575,-0.5006298422813416,-0.2724006772041321,0.15924274921417236,0.3297599032521248,1.7893165349960327,1.032838225364685,-0.05353987216949463,0.31955745071172714,1.2502044439315796,1.0398447513580322,0.5644261837005615,0.042641122126951814,0.6302595138549805,1.5159651637077332,3.0,3.0,3.0,3.0,3.0,3.0,3.0,3.0,3.0,3.0,3.0,3.0,3.0,3.0,3.0,3.0,3.0,3.0,3.0,3.0,0.05,0.05,0.05,0.05,0.05,0.05,0.05,0.05,0.05,0.05,0.05,0.05,0.05,0.05,0.05,0.05,0.05,0.05,0.05,0.05,0.0,0.0,0.0,0.0,0.0,0.0,0.0,0.0,0.0,0.0,0.0,0.0,0.0,0.0,0.0,0.0,0.0,0.0,0.0,0.0
0.07865269482135773,0.35367655754089355,-0.015189865604043007,-0.03805103152990341,0.5615079402923584,0.010879009030759335,0.12438269704580307,0.20107996463775635,1.3263804912567139,-0.04774373769760132,1.3851650953292847,0.3754247725009918,1.4449865818023682,-0.05430929362773895,1.3486250638961792,0.2781628370285034,1.3240807056427002,-0.015248562209308147,1.546002745628357,0.4392993152141571,-0.35046786069869995,0.15679523348808289,-0.26606516912579536,-0.405628327280283,0.18081963062286377,-0.4853679332882166,0.06043817847967148,0.680629163980484,0.3101855516433716,-0.12503359466791153,-0.41428208351135254,-0.650053471326828,0.11449456214904785,0.05446281284093857,-0.9414941072463989,-0.8442714810371399,-0.17923414707183838,0.015162350609898567,0.01042485237121582,-1.011975109577179,3.0,3.0,3.0,3.0,3.0,3.0,3.0,3.0,3.0,3.0,3.0,3.0,3.0,3.0,3.0,3.0,3.0,3.0,3.0,3.0,0.05,0.05,0.05,0.05,0.05,0.05,0.05,0.05,0.05,0.05,0.05,0.05,0.05,0.05,0.05,0.05,0.05,0.05,0.05,0.05,0.0,0.0,0.0,0.0,0.0,0.0,0.0,0.0,0.0,0.0,0.0,0.0,0.0,0.0,0.0,0.0,0.0,0.0,0.0,0.0,0.380073606967926,0.44666457176208496,0.19042813777923584,0.21661746501922607,0.18997879326343536,-0.014113564975559711,0.3255334198474884,0.3982468545436859,1.3047178983688354,0.06230909377336502,1.4239598512649536,0.9536105394363403,1.4399707317352295,0.08211669325828552,1.4488790035247803,1.0260426998138428,1.4224598407745361,-0.0011953357607126236,1.5041816234588623,0.887514591217041,-1.4728188514709473,0.35200342535972595,-2.2094406187534332,-1.9419264048337936,-0.10104179382324219,0.29776038136333227,-0.251876562833786,-0.1625843346118927,0.1722574234008789,0.22458285093307495,1.4314532279968262,0.8385911583900452,0.10509490966796875,0.1966923475265503,0.9328663349151611,0.74271559715271,0.5734086036682129,0.029312755214050412,0.5042076110839844,1.158703863620758,3.0,3.0,3.0,3.0,3.0,3.0,3.0,3.0,3.0,3.0,3.0,3.0,3.0,3.0,3.0,3.0,3.0,3.0,3.0,3.0,0.05,0.05,0.05,0.05,0.05,0.05,0.05,0.05,0.05,0.05,0.05,0.05,0.05,0.05,0.05,0.05,0.05,0.05,0.05,0.05,0.0,0.0,0.0,0.0,0.0,0.0,0.0,0.0,0.0,0.0,0.0,0.0,0.0,0.0,0.0,0.0,0.0,0.0,0.0,0.0
0.07242215424776077,0.3573682904243469,-0.019871769472956657,-0.044954292476177216,0.5670894980430603,0.004074888303875923,0.1269080638885498,0.21549972891807556,1.3329049348831177,-0.05016282945871353,1.3793725967407227,0.36468198895454407,1.4476138353347778,-0.05422919988632202,1.3324793577194214,0.2634785771369934,1.3226803541183472,-0.016036545857787132,1.5463826656341553,0.42132148146629333,-0.28037428855895996,0.154896080493927,-0.21736999042332172,-0.2959335222840309,0.32110363245010376,-0.21186625235714018,0.13411026448011398,0.7285013794898987,0.24392902851104736,-0.11894572526216507,-0.21916627883911133,-0.4505559802055359,0.1753002405166626,-0.052491482347249985,-0.6372064352035522,-0.6142780184745789,0.018674135208129883,-0.10263959411531687,0.020068883895874023,-0.7802322506904602,3.0,3.0,3.0,3.0,3.0,3.0,3.0,3.0,3.0,3.0,3.0,3.0,3.0,3.0,3.0,3.0,3.0,3.0,3.0,3.0,0.05,0.05,0.05,0.05,0.05,0.05,0.05,0.05,0.05,0.05,0.05,0.05,0.05,0.05,0.05,0.05,0.05,0.05,0.05,0.05,0.0,0.0,0.0,0.0,0.0,0.0,0.0,0.0,0.0,0.0,0.0,0.0,0.0,0.0,0.0,0.0,0.0,0.0,0.0,0.0,0.35339927673339844,0.449994295835495,0.15010535717010498,0.1676248461008072,0.19077102839946747,-0.014212648384273052,0.32276254892349243,0.3958686590194702,1.3082542419433594,0.06582779437303543,1.449407935142517,0.9685738682746887,1.4437954425811768,0.08479822427034378,1.4644793272018433,1.0380059480667114,1.4341832399368286,-0.0008043693378567696,1.5131453275680542,0.9072686433792114,-1.4843128621578217,-0.23423731327056885,-1.8329570069909096,-2.21443772315979,0.3413621336221695,-0.5671118153259158,0.05373731255531311,-0.058531761169433594,0.14972984790802002,0.0949246808886528,1.1451631784439087,0.6578058004379272,0.3748863935470581,0.025765039026737213,0.582200288772583,0.3947705030441284,0.677955150604248,0.005621337913908064,0.40336549282073975,0.7763102650642395,3.0,3.0,3.0,3.0,3.0,3.0,3.0,3.0,3.0,3.0,3.0,3.0,3.0,3.0,3.0,3.0,3.0,3.0,3.0,3.0,0.05,0.05,0.05,0.05,0.05,0.05,0.05,0.05,0.05,0.05,0.05,0.05,0.05,0.05,0.05,0.05,0.05,0.05,0.05,0.05,0.0,0.0,0.0,0.0,0.0,0.0,0.0,0.0,0.0,0.0,0.0,0.0,0.0,0.0,0.0,0.0,0.0,0.0,0.0,0.0
0.06743772327899933,0.35987240076065063,-0.023884665220975876,-0.04988837242126465,0.5743520855903625,0.0024043589364737272,0.12974710762500763,0.2302200198173523,1.3361376523971558,-0.05250156670808792,1.3763984441757202,0.3574025332927704,1.4519985914230347,-0.05640895292162895,1.323136806488037,0.25359171628952026,1.3248276710510254,-0.019354145973920822,1.546805500984192,0.4080900251865387,-0.224299356341362,0.0036910176277160645,-0.1647112425416708,-0.22209640592336655,0.34256428480148315,0.10980272199958563,0.18877089023590088,0.8456084877252579,0.1712590456008911,-0.15664435923099518,-0.1599133014678955,-0.3001675009727478,0.1984924077987671,-0.20744949579238892,-0.311550498008728,-0.37245266139507294,0.28557777404785156,-0.22306358441710472,0.02154409885406494,-0.5155317485332489,3.0,3.0,3.0,3.0,3.0,3.0,3.0,3.0,3.0,3.0,3.0,3.0,3.0,3.0,3.0,3.0,3.0,3.0,3.0,3.0,0.05,0.05,0.05,0.05,0.05,0.05,0.05,0.05,0.05,0.05,0.05,0.05,0.05,0.05,0.05,0.05,0.05,0.05,0.05,0.05,0.0,0.0,0.0,0.0,0.0,0.0,0.0,0.0,0.0,0.0,0.0,0.0,0.0,0.0,0.0,0.0,0.0,0.0,0.0,0.0,0.32070109248161316,0.4372950792312622,0.11710985749959946,0.12803995609283447,0.20363327860832214,-0.036798037588596344,0.3276829123497009,0.39590558409690857,1.3107070922851562,0.06610608100891113,1.46976637840271,0.9799227714538574,1.4549661874771118,0.08314729481935501,1.4721670150756836,1.041833519935608,1.449578046798706,-0.000970482244156301,1.520316243171692,0.9185670018196106,-1.050855964422226,-0.7098771631717682,-1.485786959528923,-1.7378894612193108,0.5774274468421936,-1.1091003427281976,0.4650913178920746,0.05356818437576294,0.1910001039505005,-0.11966219171881676,0.9161293506622314,0.26725828647613525,0.7447957992553711,-0.08416138589382172,0.05296468734741211,-0.20820796489715576,0.9185940027236938,0.047044389066286385,0.29372870922088623,-0.0033020973205566406,3.0,3.0,3.0,3.0,3.0,3.0,3.0,3.0,3.0,3.0,3.0,3.0,3.0,3.0,3.0,3.0,3.0,3.0,3.0,3.0,0.05,0.05,0.05,0.05,0.05,0.05,0.05,0.05,0.05,0.05,0.05,0.05,0.05,0.05,0.05,0.05,0.05,0.05,0.05,0.05,0.0,0.0,0.0,0.0,0.0,0.0,0.0,0.0,0.0,0.0,0.0,0.0,0.0,0.0,0.0,0.0,0.0,0.0,0.0,0.0
0.06345017999410629,0.35751593112945557,-0.02646021917462349,-0.05383814871311188,0.5807920694351196,0.008466997183859348,0.13445889949798584,0.24932406842708588,1.3397552967071533,-0.05642860382795334,1.3729760646820068,0.35267528891563416,1.4555535316467285,-0.06252717971801758,1.3200173377990723,0.2485804706811905,1.3341034650802612,-0.02495908923447132,1.5472444295883179,0.4007002115249634,-0.1794395036995411,-0.13451874256134033,-0.10339664295315742,-0.14855246990919113,0.2907305955886841,0.3236520860809833,0.25451257824897766,0.9432755410671234,0.11365115642547607,-0.1932157203555107,-0.22636353969573975,-0.2225913107395172,0.24176537990570068,-0.3163364715874195,-0.07733404636383057,-0.18920749425888062,0.45787692070007324,-0.2704797312617302,0.019749999046325684,-0.30403509736061096,3.0,3.0,3.0,3.0,3.0,3.0,3.0,3.0,3.0,3.0,3.0,3.0,3.0,3.0,3.0,3.0,3.0,3.0,3.0,3.0,0.05,0.05,0.05,0.05,0.05,0.05,0.05,0.05,0.05,0.05,0.05,0.05,0.05,0.05,0.05,0.05,0.05,0.05,0.05,0.05,0.0,0.0,0.0,0.0,0.0,0.0,0.0,0.0,0.0,0.0,0.0,0.0,0.0,0.0,0.0,0.0,0.0,0.0,0.0,0.0,0.3113650381565094,0.42159920930862427,0.09067387878894806,0.09810926765203476,0.2138681262731552,-0.058576662093400955,0.3413662016391754,0.39801138639450073,1.3158942461013794,0.06104130670428276,1.4860531091690063,0.9792641997337341,1.4735872745513916,0.08143176883459091,1.4665979146957397,1.0296776294708252,1.4709270000457764,0.0010774062247946858,1.5248944759368896,0.9071365594863892,-0.20401328802108765,-0.8828505873680115,-1.1659225448966026,-1.319998875260353,0.3916017711162567,-0.8769895881414413,0.7506385445594788,0.16170218586921692,0.12972354888916016,-0.1748095266520977,0.696977972984314,-0.1538604497909546,0.8695751428604126,-0.03895442932844162,-0.215110182762146,-0.5961507558822632,0.9506851434707642,0.1564664504257962,0.16736388206481934,-0.6772726774215698,3.0,3.0,3.0,3.0,3.0,3.0,3.0,3.0,3.0,3.0,3.0,3.0,3.0,3.0,3.0,3.0,3.0,3.0,3.0,3.0,0.05,0.05,0.05,0.05,0.05,0.05,0.05,0.05,0.05,0.05,0.05,0.05,0.05,0.05,0.05,0.05,0.05,0.05,0.05,0.05,0.0,0.0,0.0,0.0,0.0,0.0,0.0,0.0,0.0,0.0,0.0,0.0,0.0,0.0,0.0,0.0,0.0,0.0,0.0,0.0
0.060260143131017685,0.354491651058197,-0.028020530939102173,-0.055830471217632294,0.5859813094139099,0.015350442379713058,0.13992761075496674,0.26795104146003723,1.3406836986541748,-0.06023019552230835,1.3673439025878906,0.3484988808631897,1.4616692066192627,-0.06906241178512573,1.3200434446334839,0.24602341651916504,1.3431427478790283,-0.03017333522439003,1.547595500946045,0.39592862129211426,-0.14355164021253586,-0.21608471870422363,-0.05814875476062298,-0.10988200083374977,0.0293046236038208,0.40730342734605074,0.3550022840499878,1.221391186118126,0.05460679531097412,-0.1997079700231552,-0.45870542526245117,-0.19135251641273499,0.2347499132156372,-0.38877036422491074,-0.010648369789123535,-0.0821772962808609,0.38812756538391113,-0.29448545537889004,0.015798211097717285,-0.11936873197555542,3.0,3.0,3.0,3.0,3.0,3.0,3.0,3.0,3.0,3.0,3.0,3.0,3.0,3.0,3.0,3.0,3.0,3.0,3.0,3.0,0.05,0.05,0.05,0.05,0.05,0.05,0.05,0.05,0.05,0.05,0.05,0.05,0.05,0.05,0.05,0.05,0.05,0.05,0.05,0.05,0.0,0.0,0.0,0.0,0.0,0.0,0.0,0.0,0.0,0.0,0.0,0.0,0.0,0.0,0.0,0.0,0.0,0.0,0.0,0.0,0.31254056096076965,0.40198105573654175,0.07047295570373535,0.07524000108242035,0.2192973494529724,-0.071877621114254,0.3577084541320801,0.40237367153167725,1.3158960342407227,0.059113699942827225,1.4976454973220825,0.9737683534622192,1.4897491931915283,0.08158911764621735,1.4635626077651978,1.0179874897003174,1.4876054525375366,0.005288175772875547,1.5270107984542847,0.8914760947227478,0.19647479057312012,-0.9873293340206146,-0.9330473840236664,-1.0317737236618996,0.1710154116153717,-0.3115766681730747,1.0177232325077057,0.3674805164337158,0.0685960054397583,0.004909094423055649,0.48324763774871826,-0.4102349281311035,0.6677895784378052,0.05532223731279373,-0.1583486795425415,-0.6299883127212524,0.6467580795288086,0.29250965162646025,-0.0767141580581665,-0.9871169924736023,3.0,3.0,3.0,3.0,3.0,3.0,3.0,3.0,3.0,3.0,3.0,3.0,3.0,3.0,3.0,3.0,3.0,3.0,3.0,3.0,0.05,0.05,0.05,0.05,0.05,0.05,0.05,0.05,0.05,0.05,0.05,0.05,0.05,0.05,0.05,0.05,0.05,0.05,0.05,0.05,0.0,0.0,0.0,0.0,0.0,0.0,0.0,0.0,0.0,0.0,0.0,0.0,0.0,0.0,0.0,0.0,0.0,0.0,0.0,0.0
0.05770811438560486,0.3488725423812866,-0.02878616936504841,-0.05823342874646187,0.5819642543792725,0.024759134277701378,0.14865899085998535,0.2981797158718109,1.3419395685195923,-0.06441692262887955,1.3546278476715088,0.34502118825912476,1.464943528175354,-0.07807799428701401,1.3195914030075073,0.24529337882995605,1.3496285676956177,-0.03673850744962692,1.5478763580322266,0.39592546224594116,-0.1148412935435772,-0.20095780491828918,-0.033256132155656815,-0.12410581111907959,-0.21998286247253418,0.3578514326363802,0.3806591033935547,1.396411657333374,0.06884932518005371,-0.1821070909500122,-0.5489528179168701,-0.13834834098815918,0.10539889335632324,-0.36313869059085846,-0.07596015930175781,-0.05691349506378174,0.22798776626586914,-0.2879548817873001,0.012639164924621582,-0.0062622129917144775,3.0,3.0,3.0,3.0,3.0,3.0,3.0,3.0,3.0,3.0,3.0,3.0,3.0,3.0,3.0,3.0,3.0,3.0,3.0,3.0,0.05,0.05,0.05,0.05,0.05,0.05,0.05,0.05,0.05,0.05,0.05,0.05,0.05,0.05,0.05,0.05,0.05,0.05,0.05,0.05,0.0,0.0,0.0,0.0,0.0,0.0,0.0,0.0,0.0,0.0,0.0,0.0,0.0,0.0,0.0,0.0,0.0,0.0,0.0,0.0,0.3192240297794342,0.3821060359477997,0.053351983428001404,0.05683831870555878,0.22070874273777008,-0.07103972882032394,0.38207513093948364,0.41271060705184937,1.3186380863189697,0.06123767048120499,1.505383014678955,0.96285480260849,1.5002988576889038,0.08364465832710266,1.460263967514038,1.004478096961975,1.4967973232269287,0.012777792289853096,1.521825909614563,0.8676518797874451,0.39536580443382263,-0.9016223251819611,-0.7471105083823204,-0.8204801008105278,0.03515705466270447,0.18316600471735,1.199503242969513,0.5382135510444641,0.2832651138305664,0.15212306752800941,0.38469135761260986,-0.514674186706543,0.3701716661453247,0.10529197752475739,-0.1779407262802124,-0.648149847984314,0.32240450382232666,0.36018771352246404,-0.3602653741836548,-1.1890634894371033,3.0,3.0,3.0,3.0,3.0,3.0,3.0,3.0,3.0,3.0,3.0,3.0,3.0,3.0,3.0,3.0,3.0,3.0,3.0,3.0,0.05,0.05,0.05,0.05,0.05,0.05,0.05,0.05,0.05,0.05,0.05,0.05,0.05,0.05,0.05,0.05,0.05,0.05,0.05,0.05,0.0,0.0,0.0,0.0,0.0,0.0,0.0,0.0,0.0,0.0,0.0,0.0,0.0,0.0,0.0,0.0,0.0,0.0,0.0,0.0
0.0556664913892746,0.34645333886146545,-0.029350776225328445,-0.06079470366239548,0.5771819949150085,0.029664499685168266,0.15515397489070892,0.3238075077533722,1.343437671661377,-0.06751447916030884,1.3453857898712158,0.34296494722366333,1.4658851623535156,-0.08358795940876007,1.3170050382614136,0.24374687671661377,1.352262258529663,-0.041691530495882034,1.5481010675430298,0.3956781327724457,-0.09187301620841026,-0.18354207277297974,-0.008716294541954994,-0.10532336309552193,-0.22631138563156128,0.134982168674469,0.35295188426971436,1.2552879750728607,-0.024390220642089844,-0.07592085748910904,-0.45103132724761963,-0.10630637407302856,0.007152557373046875,-0.1996457576751709,-0.18301904201507568,-0.10598339140415192,0.026172399520874023,-0.16773371025919914,0.01011192798614502,-0.04247128963470459,3.0,3.0,3.0,3.0,3.0,3.0,3.0,3.0,3.0,3.0,3.0,3.0,3.0,3.0,3.0,3.0,3.0,3.0,3.0,3.0,0.05,0.05,0.05,0.05,0.05,0.05,0.05,0.05,0.05,0.05,0.05,0.05,0.05,0.05,0.05,0.05,0.05,0.05,0.05,0.05,0.0,0.0,0.0,0.0,0.0,0.0,0.0,0.0,0.0,0.0,0.0,0.0,0.0,0.0,0.0,0.0,0.0,0.0,0.0,0.0,0.32835519313812256,0.3659161627292633,0.040588535368442535,0.04242079704999924,0.2207036316394806,-0.06455098092556,0.4056885838508606,0.4239022135734558,1.3272266387939453,0.0651986226439476,1.513033151626587,0.9531813859939575,1.5045560598373413,0.08580079674720764,1.4564449787139893,0.9920614957809448,1.5005016326904297,0.01969568431377411,1.5126001834869385,0.8439135551452637,0.543716549873352,-0.7660456001758575,-0.5786356516182423,-0.6433702073991299,-0.07573924958705902,0.6715543568134308,1.2158654630184174,0.631190836429596,0.09114444255828857,0.27491822838783264,0.18833577632904053,-0.5915209650993347,0.010585784912109375,0.1255728304386139,-0.17010271549224854,-0.6103679537773132,0.147131085395813,0.339463260024786,-0.556984543800354,-1.2457355856895447,3.0,3.0,3.0,3.0,3.0,3.0,3.0,3.0,3.0,3.0,3.0,3.0,3.0,3.0,3.0,3.0,3.0,3.0,3.0,3.0,0.05,0.05,0.05,0.05,0.05,0.05,0.05,0.05,0.05,0.05,0.05,0.05,0.05,0.05,0.05,0.05,0.05,0.05,0.05,0.05,0.0,0.0,0.0,0.0,0.0,0.0,0.0,0.0,0.0,0.0,0.0,0.0,0.0,0.0,0.0,0.0,0.0,0.0,0.0,0.0
0.05403319373726845,0.34153085947036743,-0.02913482114672661,-0.062446363270282745,0.57291179895401,0.030158421024680138,0.16277706623077393,0.34839123487472534,1.3409639596939087,-0.06745375692844391,1.336586594581604,0.3407689332962036,1.4652296304702759,-0.08606382459402084,1.3122706413269043,0.24105404317378998,1.3506754636764526,-0.04344785585999489,1.5482808351516724,0.394226610660553,-0.07349839434027672,-0.45352280139923096,-0.00021872110664844513,-0.05131661891937256,-0.07946789264678955,-0.2325837966054678,0.7367637008428574,1.457187533378601,-0.1008838415145874,0.08511319756507874,-0.42798519134521484,-0.1115068793296814,-0.04392862319946289,0.04671216011047363,-0.32364726066589355,-0.19198395311832428,-0.13559162616729736,0.0700497068464756,-0.013515353202819824,-0.20043253898620605,3.0,3.0,3.0,3.0,3.0,3.0,3.0,3.0,3.0,3.0,3.0,3.0,3.0,3.0,3.0,3.0,3.0,3.0,3.0,3.0,0.05,0.05,0.05,0.05,0.05,0.05,0.05,0.05,0.05,0.05,0.05,0.05,0.05,0.05,0.05,0.05,0.05,0.05,0.05,0.05,0.0,0.0,0.0,0.0,0.0,0.0,0.0,0.0,0.0,0.0,0.0,0.0,0.0,0.0,0.0,0.0,0.0,0.0,0.0,0.0,0.3409726917743683,0.3514642119407654,0.030206557363271713,0.031103510409593582,0.21767917275428772,-0.04417755454778671,0.43070974946022034,0.4379582405090332,1.3222838640213013,0.07223439961671829,1.5129164457321167,0.9391939640045166,1.5007222890853882,0.08866757154464722,1.4534598588943481,0.9800633788108826,1.5026825666427612,0.026356322690844536,1.4995465278625488,0.8178224563598633,0.6067126989364624,-0.38853660225868225,-0.4526037722826004,-0.5774452816694975,-0.2595972269773483,1.0555675718933344,0.9898841381072998,0.5472548305988312,-1.1063069105148315,0.4448791965842247,-0.6790041923522949,-0.9374424815177917,-0.38474202156066895,0.18525328487157822,-0.05264878273010254,-0.4767417907714844,0.17087161540985107,0.21383734419941902,-0.3457188606262207,-1.1026889085769653,3.0,3.0,3.0,3.0,3.0,3.0,3.0,3.0,3.0,3.0,3.0,3.0,3.0,3.0,3.0,3.0,3.0,3.0,3.0,3.0,0.05,0.05,0.05,0.05,0.05,0.05,0.05,0.05,0.05,0.05,0.05,0.05,0.05,0.05,0.05,0.05,0.05,0.05,0.05,0.05,0.0,0.0,0.0,0.0,0.0,0.0,0.0,0.0,0.0,0.0,0.0,0.0,0.0,0.0,0.0,0.0,0.0,0.0,0.0,0.0
0.05272655561566353,0.3283124268054962,-0.029359525069594383,-0.06284736841917038,0.574003279209137,0.020361147820949554,0.18462452292442322,0.38209500908851624,1.3394023180007935,-0.06410995125770569,1.3282663822174072,0.3385046720504761,1.464128017425537,-0.08171947300434113,1.3040591478347778,0.2360675185918808,1.3468385934829712,-0.03888954222202301,1.547560453414917,0.38766083121299744,0.03925571218132973,-0.7173039019107819,-0.03214231692254543,-0.055205076932907104,0.04513561725616455,-0.5639424081891775,1.2607738375663757,1.762138307094574,0.014734268188476562,0.20229928195476532,-0.38884878158569336,-0.10698363184928894,-0.1745164394378662,0.29027480632066727,-0.5174219608306885,-0.3017351031303406,-0.1324683427810669,0.31954734586179256,-0.119781494140625,-0.40220320224761963,3.0,3.0,3.0,3.0,3.0,3.0,3.0,3.0,3.0,3.0,3.0,3.0,3.0,3.0,3.0,3.0,3.0,3.0,3.0,3.0,0.05,0.05,0.05,0.05,0.05,0.05,0.05,0.05,0.05,0.05,0.05,0.05,0.05,0.05,0.05,0.05,0.05,0.05,0.05,0.05,0.0,0.0,0.0,0.0,0.0,0.0,0.0,0.0,0.0,0.0,0.0,0.0,0.0,0.0,0.0,0.0,0.0,0.0,0.0,0.0,0.35262370109558105,0.350374698638916,0.02248438447713852,0.019322985783219337,0.21031974256038666,-0.022328278049826622,0.4452839493751526,0.44579240679740906,1.282974362373352,0.08299379050731659,1.4858729839324951,0.9156836867332458,1.4891663789749146,0.09321092814207077,1.4543390274047852,0.9729918241500854,1.5073364973068237,0.02824917808175087,1.4987714290618896,0.7998059988021851,0.5680479109287262,0.17494186758995056,-0.3855298738926649,-0.5361140938475728,-0.31064413487911224,1.1441662441939116,0.5300648510456085,0.2561211585998535,-2.686530351638794,0.6358103826642036,-2.1044671535491943,-1.4779746532440186,-0.6503760814666748,0.24957172572612762,0.218886137008667,-0.15793591737747192,0.1381397247314453,-0.042508961632847786,0.2024441957473755,-0.6765082478523254,3.0,3.0,3.0,3.0,3.0,3.0,3.0,3.0,3.0,3.0,3.0,3.0,3.0,3.0,3.0,3.0,3.0,3.0,3.0,3.0,0.05,0.05,0.05,0.05,0.05,0.05,0.05,0.05,0.05,0.05,0.05,0.05,0.05,0.05,0.05,0.05,0.05,0.05,0.05,0.05,0.0,0.0,0.0,0.0,0.0,0.0,0.0,0.0,0.0,0.0,0.0,0.0,0.0,0.0,0.0,0.0,0.0,0.0,0.0,0.0
0.05560342222452164,0.31283870339393616,-0.030420513823628426,-0.06465456634759903,0.5747172236442566,0.007600724697113037,0.21320801973342896,0.4188767671585083,1.3415533304214478,-0.059361785650253296,1.3210326433181763,0.33648958802223206,1.4582489728927612,-0.07445283234119415,1.2915737628936768,0.22898463904857635,1.34537672996521,-0.030665962025523186,1.5434895753860474,0.3781384825706482,0.36530131474137306,-0.7125228643417358,-0.014466745778918266,-0.048250146210193634,-0.15123635530471802,-0.5130279459990561,1.7636045813560486,2.122189849615097,0.07967352867126465,0.12354804202914238,-0.3451883792877197,-0.06036907434463501,-0.30741989612579346,0.3741281107068062,-0.9000957012176514,-0.4746910184621811,-0.031116604804992676,0.5699466913938522,-0.4435986280441284,-0.7011353969573975,3.0,3.0,3.0,3.0,3.0,3.0,3.0,3.0,3.0,3.0,3.0,3.0,3.0,3.0,3.0,3.0,3.0,3.0,3.0,3.0,0.05,0.05,0.05,0.05,0.05,0.05,0.05,0.05,0.05,0.05,0.05,0.05,0.05,0.05,0.05,0.05,0.05,0.05,0.05,0.05,0.0,0.0,0.0,0.0,0.0,0.0,0.0,0.0,0.0,0.0,0.0,0.0,0.0,0.0,0.0,0.0,0.0,0.0,0.0,0.0,0.36369460821151733,0.3584618866443634,0.014785362407565117,0.00965894665569067,0.20525340735912323,0.0015890952199697495,0.4519123435020447,0.44820308685302734,1.2148226499557495,0.09766681492328644,1.428737759590149,0.8800749778747559,1.4747072458267212,0.09865044057369232,1.4622153043746948,0.9737459421157837,1.508208155632019,0.024655964225530624,1.5076442956924438,0.7907621264457703,0.35461559891700745,0.4014730453491211,-0.3384266048669815,-0.47156831715255976,0.08285827934741974,1.058692904189229,0.5038656294345856,0.21074488759040833,-3.1672000885009766,0.7220536470413208,-2.7634024620056152,-1.7081230878829956,-0.5724072456359863,0.23389644920825958,0.44086575508117676,0.08161962032318115,-0.055226683616638184,-0.20557153038680553,0.41264593601226807,-0.37769079208374023,3.0,3.0,3.0,3.0,3.0,3.0,3.0,3.0,3.0,3.0,3.0,3.0,3.0,3.0,3.0,3.0,3.0,3.0,3.0,3.0,0.05,0.05,0.05,0.05,0.05,0.05,0.05,0.05,0.05,0.05,0.05,0.05,0.05,0.05,0.05,0.05,0.05,0.05,0.05,0.05,0.0,0.0,0.0,0.0,0.0,0.0,0.0,0.0,0.0,0.0,0.0,0.0,0.0,0.0,0.0,0.0,0.0,0.0,0.0,0.0
0.06733860820531845,0.2998115122318268,-0.029938194900751114,-0.06477737426757812,0.5679538249969482,-0.0001599700190126896,0.25516870617866516,0.4669826030731201,1.342589259147644,-0.05916802957653999,1.3144588470458984,0.3360899090766907,1.4518312215805054,-0.06675434857606888,1.2680553197860718,0.21707987785339355,1.3455939292907715,-0.01609167456626892,1.5298165082931519,0.35961541533470154,0.47649648040533066,-0.46071112155914307,0.02476368099451065,0.007763132452964783,-0.3992617130279541,-0.1846115839725826,1.8770821392536163,2.1841108798980713,-0.08772313594818115,-0.09077098220586777,-0.28846561908721924,0.027648359537124634,-0.0752568244934082,0.24814903736114502,-1.0545849800109863,-0.4958357661962509,0.025704503059387207,0.5435912869870663,-0.6498903036117554,-0.8923105895519257,3.0,3.0,3.0,3.0,3.0,3.0,3.0,3.0,3.0,3.0,3.0,3.0,3.0,3.0,3.0,3.0,3.0,3.0,3.0,3.0,0.05,0.05,0.05,0.05,0.05,0.05,0.05,0.05,0.05,0.05,0.05,0.05,0.05,0.05,0.05,0.05,0.05,0.05,0.05,0.05,0.0,0.0,0.0,0.0,0.0,0.0,0.0,0.0,0.0,0.0,0.0,0.0,0.0,0.0,0.0,0.0,0.0,0.0,0.0,0.0,0.36680832505226135,0.36643362045288086,0.008947320282459259,0.0004602530971169472,0.21363407373428345,0.02001943811774254,0.465438574552536,0.4542222023010254,1.156286358833313,0.11187593638896942,1.3753368854522705,0.847358763217926,1.466270089149475,0.10256678611040115,1.4719736576080322,0.9762566089630127,1.5051274299621582,0.02002631686627865,1.5152772665023804,0.7846983671188354,-0.11318176984786987,0.3208734095096588,-0.29161417623981833,-0.43029775843024254,0.7114335894584656,0.6931656040251255,0.9976163506507874,0.49826502799987793,-2.378597855567932,0.6973836570978165,-2.4973660707473755,-1.558271050453186,-0.36298036575317383,0.12421645224094391,0.4348635673522949,0.10308772325515747,-0.14991462230682373,-0.2683944068849087,0.353357195854187,-0.2497658133506775,3.0,3.0,3.0,3.0,3.0,3.0,3.0,3.0,3.0,3.0,3.0,3.0,3.0,3.0,3.0,3.0,3.0,3.0,3.0,3.0,0.05,0.05,0.05,0.05,0.05,0.05,0.05,0.05,0.05,0.05,0.05,0.05,0.05,0.05,0.05,0.05,0.05,0.05,0.05,0.05,0.0,0.0,0.0,0.0,0.0,0.0,0.0,0.0,0.0,0.0,0.0,0.0,0.0,0.0,0.0,0.0,0.0,0.0,0.0,0.0
0.07466328144073486,0.29441025853157043,-0.029429966583848,-0.06434404104948044,0.5587467551231384,0.00021626133820973337,0.2882913053035736,0.5062412023544312,1.3380444049835205,-0.062992624938488,1.3094940185546875,0.33759552240371704,1.455238699913025,-0.06452687084674835,1.2493903636932373,0.20915120840072632,1.3464049100875854,-0.008922310546040535,1.5174939632415771,0.34244605898857117,0.4404345527291298,-0.20102262496948242,0.018553202971816063,0.04162229597568512,-0.3282621502876282,0.0612684350926429,1.489342749118805,1.7475977540016174,-0.31710267066955566,-0.25482913479208946,-0.1937657594680786,0.09922906756401062,0.19027888774871826,0.04482045769691467,-0.8352398872375488,-0.32883547246456146,0.023114681243896484,0.2743222867138684,-0.5888670682907104,-0.8007541298866272,3.0,3.0,3.0,3.0,3.0,3.0,3.0,3.0,3.0,3.0,3.0,3.0,3.0,3.0,3.0,3.0,3.0,3.0,3.0,3.0,0.05,0.05,0.05,0.05,0.05,0.05,0.05,0.05,0.05,0.05,0.05,0.05,0.05,0.05,0.05,0.05,0.05,0.05,0.05,0.05,0.0,0.0,0.0,0.0,0.0,0.0,0.0,0.0,0.0,0.0,0.0,0.0,0.0,0.0,0.0,0.0,0.0,0.0,0.0,0.0,0.35916733741760254,0.37129682302474976,0.0031207953579723835,-0.0075529636815190315,0.23371075093746185,0.02931571938097477,0.49181699752807617,0.46813368797302246,1.1196787357330322,0.1255621612071991,1.328843116760254,0.8177441358566284,1.4601880311965942,0.10361909866333008,1.4796098470687866,0.97786945104599,1.502211570739746,0.013920187950134277,1.5217785835266113,0.7807714939117432,-0.3519199788570404,0.13502910733222961,-0.24584323400631547,-0.403099344111979,1.21370330452919,0.30671143904328346,1.6786091029644012,0.9194061160087585,-1.2389332056045532,0.595763698220253,-1.9877761602401733,-1.3181701302528381,-0.215110182762146,0.0020187348127365112,0.27860403060913086,0.01815706491470337,-0.1013040542602539,-0.30608049128204584,0.2957552671432495,-0.17413049936294556,3.0,3.0,3.0,3.0,3.0,3.0,3.0,3.0,3.0,3.0,3.0,3.0,3.0,3.0,3.0,3.0,3.0,3.0,3.0,3.0,0.05,0.05,0.05,0.05,0.05,0.05,0.05,0.05,0.05,0.05,0.05,0.05,0.05,0.05,0.05,0.05,0.05,0.05,0.05,0.05,0.0,0.0,0.0,0.0,0.0,0.0,0.0,0.0,0.0,0.0,0.0,0.0,0.0,0.0,0.0,0.0,0.0,0.0,0.0,0.0
0.08495599031448364,0.2917706072330475,-0.02919606678187847,-0.06311248242855072,0.5548233389854431,0.0022907673846930265,0.31474241614341736,0.5368865132331848,1.3299051523208618,-0.06936119496822357,1.3067082166671753,0.3400590717792511,1.459442377090454,-0.06496153026819229,1.2346457242965698,0.2039264589548111,1.3465185165405273,-0.005118783097714186,1.5062618255615234,0.32758525013923645,0.6085438653826714,0.13611465692520142,0.04523172974586487,0.1007080078125,-0.28598159551620483,0.1603302349394653,0.8590437471866608,1.106707751750946,-0.4542142152786255,-0.38274209946393967,-0.007164478302001953,0.17707645893096924,0.3006160259246826,-0.19769538193941116,-0.4503905773162842,-0.09060092270374298,0.18030107021331787,0.004301476292312145,-0.41413605213165283,-0.6424672901630402,3.0,3.0,3.0,3.0,3.0,3.0,3.0,3.0,3.0,3.0,3.0,3.0,3.0,3.0,3.0,3.0,3.0,3.0,3.0,3.0,0.05,0.05,0.05,0.05,0.05,0.05,0.05,0.05,0.05,0.05,0.05,0.05,0.05,0.05,0.05,0.05,0.05,0.05,0.05,0.05,0.0,0.0,0.0,0.0,0.0,0.0,0.0,0.0,0.0,0.0,0.0,0.0,0.0,0.0,0.0,0.0,0.0,0.0,0.0,0.0,0.35273152589797974,0.37183478474617004,-0.0008864090777933598,-0.015663720667362213,0.26218220591545105,0.03228789567947388,0.5325829386711121,0.49099844694137573,1.1067290306091309,0.13570648431777954,1.2958258390426636,0.7946319580078125,1.4576656818389893,0.10264753550291061,1.4831178188323975,0.9769828915596008,1.501075267791748,0.007783097214996815,1.5271074771881104,0.7777331471443176,0.36470890045166016,-0.12596994638442993,-0.10850010730791837,-0.24959000293165445,1.3953212648630142,0.1716164406388998,2.3323863744735718,1.3431817293167114,0.3243058919906616,0.3352753818035126,-0.8627474308013916,-0.7781043648719788,-0.10977983474731445,-0.033754296600818634,0.01156926155090332,-0.10512471199035645,-0.0018000602722167969,-0.22321951109915972,0.24124979972839355,-0.12113004922866821,3.0,3.0,3.0,3.0,3.0,3.0,3.0,3.0,3.0,3.0,3.0,3.0,3.0,3.0,3.0,3.0,3.0,3.0,3.0,3.0,0.05,0.05,0.05,0.05,0.05,0.05,0.05,0.05,0.05,0.05,0.05,0.05,0.05,0.05,0.05,0.05,0.05,0.05,0.05,0.05,0.0,0.0,0.0,0.0,0.0,0.0,0.0,0.0,0.0,0.0,0.0,0.0,0.0,0.0,0.0,0.0,0.0,0.0,0.0,0.0
0.09900503605604172,0.2998548448085785,-0.027620697394013405,-0.06031572073698044,0.5473074913024902,0.006629470735788345,0.32265305519104004,0.550509512424469,1.3198758363723755,-0.0783023089170456,1.3092074394226074,0.3446785807609558,1.4672633409500122,-0.0724346861243248,1.231374740600586,0.2055271714925766,1.3536169528961182,-0.00875025149434805,1.500928521156311,0.31674736738204956,0.6910340860486031,0.47787800431251526,0.10205470025539398,0.15883203595876694,0.3318279981613159,0.2860509615857154,-0.5799651145935059,-0.4412218928337097,-0.774124264717102,-0.6321057677268982,0.7419407367706299,0.5156874656677246,-0.08545219898223877,-0.7919197902083397,0.4756331443786621,0.5413953214883804,0.35851895809173584,-0.8509120089001954,-0.14105439186096191,-0.4756607115268707,3.0,3.0,3.0,3.0,3.0,3.0,3.0,3.0,3.0,3.0,3.0,3.0,3.0,3.0,3.0,3.0,3.0,3.0,3.0,3.0,0.05,0.05,0.05,0.05,0.05,0.05,0.05,0.05,0.05,0.05,0.05,0.05,0.05,0.05,0.05,0.05,0.05,0.05,0.05,0.05,0.0,0.0,0.0,0.0,0.0,0.0,0.0,0.0,0.0,0.0,0.0,0.0,0.0,0.0,0.0,0.0,0.0,0.0,0.0,0.0,0.37375569343566895,0.36625802516937256,-0.0012192089343443513,-0.01753656379878521,0.2895236015319824,0.03618037700653076,0.585112452507019,0.5218609571456909,1.1326509714126587,0.1389731764793396,1.2943332195281982,0.7866199612617493,1.4557968378067017,0.10226892679929733,1.4800726175308228,0.9736644625663757,1.5021395683288574,0.004991407506167889,1.531428575515747,0.7759262919425964,1.9323833286762238,-0.6393507122993469,0.04583405388984829,-0.09127329103648663,1.6545243561267853,0.1612757332623005,3.5531029105186462,2.0866647362709045,2.0857959985733032,-0.1475021243095398,0.6831556558609009,0.05119591951370239,0.12585818767547607,-0.02932865172624588,-0.38571953773498535,-0.2875864505767822,0.14179348945617676,0.016585737466812134,0.19533932209014893,-0.052322447299957275,3.0,3.0,3.0,3.0,3.0,3.0,3.0,3.0,3.0,3.0,3.0,3.0,3.0,3.0,3.0,3.0,3.0,3.0,3.0,3.0,0.05,0.05,0.05,0.05,0.05,0.05,0.05,0.05,0.05,0.05,0.05,0.05,0.05,0.05,0.05,0.05,0.05,0.05,0.05,0.05,0.0,0.0,0.0,0.0,0.0,0.0,0.0,0.0,0.0,0.0,0.0,0.0,0.0,0.0,0.0,0.0,0.0,0.0,0.0,0.0
0.11259735375642776,0.3108857274055481,-0.025113878771662712,-0.05675920099020004,0.5680964589118958,0.013732805848121643,0.2915438115596771,0.5192376375198364,1.2989401817321777,-0.0946454256772995,1.3363858461380005,0.3606865704059601,1.4560242891311646,-0.09663832187652588,1.2536710500717163,0.2255822718143463,1.3608592748641968,-0.039155263453722,1.500619649887085,0.3085588216781616,0.9975725784897804,0.2759106457233429,0.22816085256636143,0.22484762594103813,1.5467360615730286,-0.17704085912555456,-1.2276142835617065,-1.3890594244003296,-1.7386764287948608,-0.8037326857447624,0.8657842874526978,0.5890652537345886,-0.9072184562683105,-1.1301327496767044,0.8178979158401489,0.8340802043676376,-0.03660917282104492,-1.4382545137777925,-0.07235705852508545,-0.4536941647529602,3.0,3.0,3.0,3.0,3.0,3.0,3.0,3.0,3.0,3.0,3.0,3.0,3.0,3.0,3.0,3.0,3.0,3.0,3.0,3.0,0.05,0.05,0.05,0.05,0.05,0.05,0.05,0.05,0.05,0.05,0.05,0.05,0.05,0.05,0.05,0.05,0.05,0.05,0.05,0.05,0.0,0.0,0.0,0.0,0.0,0.0,0.0,0.0,0.0,0.0,0.0,0.0,0.0,0.0,0.0,0.0,0.0,0.0,0.0,0.0,0.4300268590450287,0.34626075625419617,0.0009469530778005719,-0.019314652308821678,0.32836318016052246,0.0387389250099659,0.6747070550918579,0.5744650363922119,1.190160870552063,0.12980639934539795,1.3231520652770996,0.7966797947883606,1.4627000093460083,0.10147438943386078,1.467689037322998,0.9654794335365295,1.5067470073699951,0.0084465267136693,1.5349210500717163,0.7756402492523193,2.435202896595001,-0.11718869209289551,-0.004283542511984706,0.0859913881868124,1.3386361300945282,-0.3629343118518591,4.302804172039032,2.513793110847473,2.6078760623931885,-0.5626313388347626,1.3844460248947144,0.5077481269836426,0.6515800952911377,-0.11763125658035278,-0.6031185388565063,-0.47060251235961914,0.354844331741333,0.25143774691969156,0.15770792961120605,-0.05031377077102661,3.0,3.0,3.0,3.0,3.0,3.0,3.0,3.0,3.0,3.0,3.0,3.0,3.0,3.0,3.0,3.0,3.0,3.0,3.0,3.0,0.05,0.05,0.05,0.05,0.05,0.05,0.05,0.05,0.05,0.05,0.05,0.05,0.05,0.05,0.05,0.05,0.05,0.05,0.05,0.05,0.0,0.0,0.0,0.0,0.0,0.0,0.0,0.0,0.0,0.0,0.0,0.0,0.0,0.0,0.0,0.0,0.0,0.0,0.0,0.0
0.13890793919563293,0.3108912706375122,-0.018494263291358948,-0.05132181569933891,0.6091769337654114,-0.00045216362923383713,0.2735484838485718,0.4949471354484558,1.250328779220581,-0.11045161634683609,1.3438388109207153,0.36824119091033936,1.4309746026992798,-0.11763999611139297,1.264090657234192,0.2388903796672821,1.3521525859832764,-0.06628043204545975,1.4980342388153076,0.29859960079193115,1.74256581813097,-0.19930750131607056,0.4895653575658798,0.25225747376680374,2.296784520149231,-1.0636625811457634,-0.5260549485683441,-0.9379878640174866,-2.7901172637939453,-1.0062381625175476,-0.6921887397766113,0.05275756120681763,-1.519775390625,-1.24143585562706,0.19514858722686768,0.5496948957443237,-1.0511219501495361,-1.5227560885250568,-0.4974544048309326,-0.6806641817092896,3.0,3.0,3.0,3.0,3.0,3.0,3.0,3.0,3.0,3.0,3.0,3.0,3.0,3.0,3.0,3.0,3.0,3.0,3.0,3.0,0.05,0.05,0.05,0.05,0.05,0.05,0.05,0.05,0.05,0.05,0.05,0.05,0.05,0.05,0.05,0.05,0.05,0.05,0.05,0.05,0.0,0.0,0.0,0.0,0.0,0.0,0.0,0.0,0.0,0.0,0.0,0.0,0.0,0.0,0.0,0.0,0.0,0.0,0.0,0.0,0.471163809299469,0.36157047748565674,-0.0013905506348237395,-0.014096908271312714,0.34306904673576355,0.021663004532456398,0.7572246193885803,0.6224126815795898,1.2369660139083862,0.1164679229259491,1.3497110605239868,0.806929886341095,1.4818600416183472,0.09756367653608322,1.4559478759765625,0.954840362071991,1.5163333415985107,0.015048917382955551,1.5377368927001953,0.7739137411117554,2.195288985967636,1.3203620910644531,1.5347776206908748,0.9255946148186922,1.0678067803382874,-1.6480547841638327,3.1506672501564026,1.3972207903862,1.640993356704712,-1.1438719928264618,1.546373963356018,0.43802857398986816,0.8138895034790039,-0.48188213258981705,-0.4765033721923828,-0.46743154525756836,0.45049190521240234,0.1454293029382825,0.12671053409576416,-0.2910107374191284,3.0,3.0,3.0,3.0,3.0,3.0,3.0,3.0,3.0,3.0,3.0,3.0,3.0,3.0,3.0,3.0,3.0,3.0,3.0,3.0,0.05,0.05,0.05,0.05,0.05,0.05,0.05,0.05,0.05,0.05,0.05,0.05,0.05,0.05,0.05,0.05,0.05,0.05,0.05,0.05,0.0,0.0,0.0,0.0,0.0,0.0,0.0,0.0,0.0,0.0,0.0,0.0,0.0,0.0,0.0,0.0,0.0,0.0,0.0,0.0
0.18229998648166656,0.3029134273529053,-0.005531264469027519,-0.04666890203952789,0.659967839717865,-0.028813697397708893,0.27050161361694336,0.48171812295913696,1.18733549118042,-0.1348949521780014,1.308698296546936,0.3627968728542328,1.3952332735061646,-0.14629575610160828,1.261476993560791,0.24757006764411926,1.3188143968582153,-0.10006550699472427,1.4807214736938477,0.28133225440979004,1.8468715250492096,-0.7345840334892273,1.101927226409316,0.24164821952581406,2.754037082195282,-1.8045640783384442,0.42865872383117676,-0.2302713692188263,-2.5610148906707764,-1.2718060985207558,-2.8557151556015015,-0.44759437441825867,-1.814514398574829,-1.5290407463908195,-0.5650639533996582,0.3835611045360565,-1.5337735414505005,-1.92465391010046,-0.9215116500854492,-0.9174562990665436,3.0,3.0,3.0,3.0,3.0,3.0,3.0,3.0,3.0,3.0,3.0,3.0,3.0,3.0,3.0,3.0,3.0,3.0,3.0,3.0,0.05,0.05,0.05,0.05,0.05,0.05,0.05,0.05,0.05,0.05,0.05,0.05,0.05,0.05,0.05,0.05,0.05,0.05,0.05,0.05,0.0,0.0,0.0,0.0,0.0,0.0,0.0,0.0,0.0,0.0,0.0,0.0,0.0,0.0,0.0,0.0,0.0,0.0,0.0,0.0,0.5178384184837341,0.3990752398967743,0.06233805790543556,0.01770913228392601,0.37107545137405396,-0.02718326635658741,0.800733745098114,0.6303538680076599,1.2558006048202515,0.08405151963233948,1.3850070238113403,0.8142009377479553,1.4952555894851685,0.0821991041302681,1.4486289024353027,0.9467821717262268,1.5247666835784912,0.0142636988312006,1.5399894714355469,0.7639998197555542,2.59009450674057,2.114790678024292,3.3269994979491457,1.6927585005760193,1.8689796328544617,-2.432981738820672,1.5106499195098877,-0.1438930630683899,0.6541341543197632,-1.7303519882261753,1.7133653163909912,0.2970650792121887,0.4658341407775879,-0.8685421198606491,-0.2240985631942749,-0.31839311122894287,0.3247112035751343,-0.12143151834607124,0.10136663913726807,-0.398881733417511,3.0,3.0,3.0,3.0,3.0,3.0,3.0,3.0,3.0,3.0,3.0,3.0,3.0,3.0,3.0,3.0,3.0,3.0,3.0,3.0,0.05,0.05,0.05,0.05,0.05,0.05,0.05,0.05,0.05,0.05,0.05,0.05,0.05,0.05,0.05,0.05,0.05,0.05,0.05,0.05,0.0,0.0,0.0,0.0,0.0,0.0,0.0,0.0,0.0,0.0,0.0,0.0,0.0,0.0,0.0,0.0,0.0,0.0,0.0,0.0
0.21278280019760132,0.2815079092979431,0.025582825765013695,-0.04165588691830635,0.7193384170532227,-0.0726347267627716,0.29069483280181885,0.48573628067970276,1.14788818359375,-0.16132386028766632,1.2296102046966553,0.350337415933609,1.3583940267562866,-0.17880162596702576,1.2414880990982056,0.25423282384872437,1.2908016443252563,-0.14326658844947815,1.4611737728118896,0.2619013488292694,1.2745510786771774,-1.1009454727172852,1.582574425265193,0.19317073747515678,3.175012767314911,-2.5823520496487617,1.4926441013813019,0.486542284488678,-1.1640101671218872,-1.4369655400514603,-3.484785556793213,-0.22014901041984558,-1.2536942958831787,-1.3852201402187347,-0.9088337421417236,0.4378668963909149,-0.8156090974807739,-1.7891468480229378,-0.5799353122711182,-0.8026294410228729,3.0,3.0,3.0,3.0,3.0,3.0,3.0,3.0,3.0,3.0,3.0,3.0,3.0,3.0,3.0,3.0,3.0,3.0,3.0,3.0,0.05,0.05,0.05,0.05,0.05,0.05,0.05,0.05,0.05,0.05,0.05,0.05,0.05,0.05,0.05,0.05,0.05,0.05,0.05,0.05,0.0,0.0,0.0,0.0,0.0,0.0,0.0,0.0,0.0,0.0,0.0,0.0,0.0,0.0,0.0,0.0,0.0,0.0,0.0,0.0,0.5747675895690918,0.4461621046066284,0.1316894292831421,0.05361343175172806,0.417828232049942,-0.07565626502037048,0.8176506161689758,0.6166569590568542,1.2631313800811768,0.047253843396902084,1.4182456731796265,0.8188124895095825,1.5004934072494507,0.06282199174165726,1.4469839334487915,0.9421046376228333,1.5293217897415161,0.010191656649112701,1.541791558265686,0.7579584717750549,2.596348524093628,2.099478989839554,2.87776505574584,1.7104069702327251,1.8623076379299164,-2.4369608145207167,2.569076418876648,0.3441229462623596,0.3318279981613159,-1.9193883053958416,1.495736837387085,0.745779275894165,0.10800063610076904,-1.1207085102796555,0.2288907766342163,-0.005139410495758057,0.1646488904953003,-0.3560531185939908,0.08109509944915771,0.5180314183235168,3.0,3.0,3.0,3.0,3.0,3.0,3.0,3.0,3.0,3.0,3.0,3.0,3.0,3.0,3.0,3.0,3.0,3.0,3.0,3.0,0.05,0.05,0.05,0.05,0.05,0.05,0.05,0.05,0.05,0.05,0.05,0.05,0.05,0.05,0.05,0.05,0.05,0.05,0.05,0.05,0.0,0.0,0.0,0.0,0.0,0.0,0.0,0.0,0.0,0.0,0.0,0.0,0.0,0.0,0.0,0.0,0.0,0.0,0.0,0.0
0.23328202962875366,0.25887560844421387,0.0577717125415802,-0.03894207254052162,0.7869683504104614,-0.13210777938365936,0.33020737767219543,0.5011798143386841,1.1407750844955444,-0.19237357378005981,1.1693068742752075,0.35399091243743896,1.3450855016708374,-0.20170456171035767,1.225123643875122,0.26508474349975586,1.2861900329589844,-0.17163138091564178,1.457524061203003,0.24922707676887512,0.8201453834772117,-1.073049008846276,1.546129258349519,0.11558244004845619,3.4138768911361304,-2.6762872934341195,2.4735122919082295,1.0743133723735643,0.28782486915586714,-1.1921893805265364,-2.438974380493147,0.507444143295277,-0.2509593963623047,-0.8279532194137559,-0.60233473777771,0.6500862538814447,0.11710822582244318,-1.1335279792547177,0.14109611511229914,-0.4839520901441567,3.0,3.0,3.0,3.0,3.0,3.0,3.0,3.0,3.0,3.0,3.0,3.0,3.0,3.0,3.0,3.0,3.0,3.0,3.0,3.0,0.05,0.05,0.05,0.05,0.05,0.05,0.05,0.05,0.05,0.05,0.05,0.05,0.05,0.05,0.05,0.05,0.05,0.05,0.05,0.05,0.0,0.0,0.0,0.0,0.0,0.0,0.0,0.0,0.0,0.0,0.0,0.0,0.0,0.0,0.0,0.0,0.0,0.0,0.0,0.0,0.6216923594474792,0.48305439949035645,0.17744866013526917,0.08612541109323502,0.4455677568912506,-0.12466169893741608,0.9034968018531799,0.6441187858581543,1.269073724746704,0.007275987416505814,1.4448364973068237,0.8440321087837219,1.4995756149291992,0.03737076371908188,1.4577845335006714,0.9465765953063965,1.5313526391983032,2.157408744096756e-05,1.5432332754135132,0.7847210764884949,2.0088568329810927,1.647198200225816,1.5207014977931892,1.6196629032492467,1.325116306543335,-2.4010010063648,5.371169745922022,2.0998805761336974,0.23664534091950018,-1.9417494535445983,1.1965870857238659,1.797991991043063,-0.20507574081420343,-1.2979418970644343,0.7236868143081554,0.465598702430714,0.054523348808294125,-0.5531117552891311,0.06487667560577948,1.9470334053039273,3.0,3.0,3.0,3.0,3.0,3.0,3.0,3.0,3.0,3.0,3.0,3.0,3.0,3.0,3.0,3.0,3.0,3.0,3.0,3.0,0.05,0.05,0.05,0.05,0.05,0.05,0.05,0.05,0.05,0.05,0.05,0.05,0.05,0.05,0.05,0.05,0.05,0.05,0.05,0.05,0.0,0.0,0.0,0.0,0.0,0.0,0.0,0.0,0.0,0.0,0.0,0.0,0.0,0.0,0.0,0.0,0.0,0.0,0.0,0.0
0.24558861553668979,0.23858594894409207,0.08742799609899446,-0.0370325893163681,0.8558934926986679,-0.17968621850013639,0.389635324478148,0.5287088155746453,1.1594011783599847,-0.20901143550872778,1.1320512294769294,0.3706351816654201,1.3483556509017944,-0.211919754743576,1.2173947095870972,0.28023627400398216,1.295485973358154,-0.18860770761966686,1.4668176174163816,0.24254326522350314,0.21759383380413402,-0.7075008004903793,1.732550933957079,0.03936737775802647,3.388029336929282,-2.141029760241489,3.2636865973472204,1.5288218855857654,1.2384474277496171,-0.6593190133571576,-1.610258221626265,0.9694099426269406,0.36337375640868586,-0.29959939420223164,-0.28610527515411377,0.8009195327758706,0.6262362003326305,-0.5654551088809946,0.6432503461837658,-0.19709095358848572,3.0,3.0,3.0,3.0,3.0,3.0,3.0,3.0,3.0,3.0,3.0,3.0,3.0,3.0,3.0,3.0,3.0,3.0,3.0,3.0,0.05,0.05,0.05,0.05,0.05,0.05,0.05,0.05,0.05,0.05,0.05,0.05,0.05,0.05,0.05,0.05,0.05,0.05,0.05,0.05,0.0,0.0,0.0,0.0,0.0,0.0,0.0,0.0,0.0,0.0,0.0,0.0,0.0,0.0,0.0,0.0,0.0,0.0,0.0,0.0,0.6551218628883355,0.5120500326156611,0.19251748919486966,0.11839994788169793,0.4708328843116754,-0.1716963052749625,1.0324974060058567,0.7006521821022021,1.2725971937179568,-0.03041613474488185,1.466109156608581,0.890732169151305,1.4922903776168825,0.010904315859079881,1.4759314060211177,0.9607285857200618,1.5315027236938479,-0.011932813562452545,1.5443866252899172,0.835839807987212,1.3715431094169561,1.2971162796020397,0.7667675614356897,1.538736931979641,1.3385109603404832,-2.0278368145227286,5.805028975009874,2.5015130639076064,-0.017616152763361148,-1.6671207733452187,0.9572714567184337,2.3478344082832088,-0.49102604389189564,-1.1931034270673895,0.8175134658813366,0.9738594293594194,-0.08500218391418457,-0.5576133029535366,0.05190074443817139,2.6447981595992736,3.0,3.0,3.0,3.0,3.0,3.0,3.0,3.0,3.0,3.0,3.0,3.0,3.0,3.0,3.0,3.0,3.0,3.0,3.0,3.0,0.05,0.05,0.05,0.05,0.05,0.05,0.05,0.05,0.05,0.05,0.05,0.05,0.05,0.05,0.05,0.05,0.05,0.05,0.05,0.05,0.0,0.0,0.0,0.0,0.0,0.0,0.0,0.0,0.0,0.0,0.0,0.0,0.0,0.0,0.0,0.0,0.0,0.0,0.0,0.0
0.24198578298091902,0.2305755764245987,0.12707374989986336,-0.03736737743020056,0.9224895238876327,-0.21774896979331892,0.46075484156608426,0.5623326897621147,1.1903129816055291,-0.21874633431434612,1.104896545410157,0.3927673101425166,1.3596204519271848,-0.21368853747844693,1.2136794328689575,0.2971215248107907,1.3112394809722896,-0.19424958527088157,1.4832540750503536,0.2413434386253357,-0.5075164139270665,0.08619837462900612,1.871229894459244,-0.07600141689181154,3.381767868995669,-1.7128240317106336,3.5298317670822073,1.657092571258542,1.6959279775619507,-0.39601176977158076,-1.160231232643133,1.0719545185565935,0.7103949785232433,-0.07102414965629786,-0.05454421043395996,0.8392184972763062,0.7750391960143987,-0.18655695021152982,0.7396399974822998,0.024344399571415987,3.0,3.0,3.0,3.0,3.0,3.0,3.0,3.0,3.0,3.0,3.0,3.0,3.0,3.0,3.0,3.0,3.0,3.0,3.0,3.0,0.05,0.05,0.05,0.05,0.05,0.05,0.05,0.05,0.05,0.05,0.05,0.05,0.05,0.05,0.05,0.05,0.05,0.05,0.05,0.05,0.0,0.0,0.0,0.0,0.0,0.0,0.0,0.0,0.0,0.0,0.0,0.0,0.0,0.0,0.0,0.0,0.0,0.0,0.0,0.0,0.6765540838241575,0.534939050674438,0.20811936259269675,0.14767488837242065,0.49910819530486994,-0.20577517151832522,1.1356979608535749,0.7441793084144586,1.2683690786361697,-0.05940884351730294,1.483127355575561,0.9379454851150503,1.4799345731735234,-0.010353373363613699,1.4904850721359248,0.9855309724807733,1.5279525518417358,-0.022282958030700496,1.54530930519104,0.8905130028724658,0.7722333073616222,1.075312495231631,0.9622007608413654,1.3751007616519995,1.452887058258058,-1.3767071068287062,4.093381762504633,1.6650274395942937,-0.42374730110168457,-1.2362024746835345,0.7658183574676569,2.1817058324813927,-0.7739722728729193,-0.8966125547885975,0.6549149751663264,1.323382556438446,-0.29668509960175116,-0.43139609042555527,0.04152059555053156,2.5961995124816895,3.0,3.0,3.0,3.0,3.0,3.0,3.0,3.0,3.0,3.0,3.0,3.0,3.0,3.0,3.0,3.0,3.0,3.0,3.0,3.0,0.05,0.05,0.05,0.05,0.05,0.05,0.05,0.05,0.05,0.05,0.05,0.05,0.05,0.05,0.05,0.05,0.05,0.05,0.05,0.05,0.0,0.0,0.0,0.0,0.0,0.0,0.0,0.0,0.0,0.0,0.0,0.0,0.0,0.0,0.0,0.0,0.0,0.0,0.0,0.0
0.22528795897960713,0.24203388392925232,0.16227719187736422,-0.040072645992040565,0.9911642074584947,-0.24819917976856173,0.5308285951614363,0.594992518424987,1.2272382974624627,-0.224851906299591,1.085641980171204,0.4135133624076838,1.3767714500427242,-0.2147607207298279,1.2152129411697388,0.3138050138950344,1.32648754119873,-0.19606998562812805,1.4964032173156736,0.24351704120635978,-1.2899082154035437,0.7341701537370556,2.0279541611671386,-0.15969835221767303,3.2571673393249623,-1.3702593743801186,3.730139881372446,1.720687747001648,1.9003599882125854,-0.2108547836542178,-0.9242981672287154,1.0512709617614733,0.9155511856079046,0.12515671551226945,0.08932650089263916,0.8323833346366855,0.8418589830398615,0.1421593129634767,0.5917131900787409,0.4464372992515453,3.0,3.0,3.0,3.0,3.0,3.0,3.0,3.0,3.0,3.0,3.0,3.0,3.0,3.0,3.0,3.0,3.0,3.0,3.0,3.0,0.05,0.05,0.05,0.05,0.05,0.05,0.05,0.05,0.05,0.05,0.05,0.05,0.05,0.05,0.05,0.05,0.05,0.05,0.05,0.05,0.0,0.0,0.0,0.0,0.0,0.0,0.0,0.0,0.0,0.0,0.0,0.0,0.0,0.0,0.0,0.0,0.0,0.0,0.0,0.0,0.6860111951828004,0.5550625324249263,0.23100551962852428,0.1734039783477779,0.5289483666419977,-0.22676458954811074,1.196232676506042,0.7672532796859739,1.2556473016738894,-0.07986423373222323,1.4967418909072874,0.9780004024505607,1.4613314867019658,-0.024960186332464013,1.5021280050277708,1.0136638879775997,1.5196353197097778,-0.029188657179474758,1.5460474491119385,0.9396877884864796,0.22116303443909247,0.9631261229515103,1.1070907115936306,1.0486416518688355,1.5006422996521023,-0.6702121347189095,1.9297987222671953,0.7237255573272872,-0.7648825645446777,-0.7419969886541499,0.61265528202058,1.8381267786026083,-1.0255366563796942,-0.5338921677321291,0.5239337682724055,1.4682412147522028,-0.48226118087768,-0.22940747439861767,0.033217668533325195,2.3482769727706994,3.0,3.0,3.0,3.0,3.0,3.0,3.0,3.0,3.0,3.0,3.0,3.0,3.0,3.0,3.0,3.0,3.0,3.0,3.0,3.0,0.05,0.05,0.05,0.05,0.05,0.05,0.05,0.05,0.05,0.05,0.05,0.05,0.05,0.05,0.05,0.05,0.05,0.05,0.05,0.05,0.0,0.0,0.0,0.0,0.0,0.0,0.0,0.0,0.0,0.0,0.0,0.0,0.0,0.0,0.0,0.0,0.0,0.0,0.0,0.0
0.19038945436477728,0.2599423825740809,0.2081919163465489,-0.043755311518907485,1.0527762174606312,-0.27255934476852367,0.6099604368209821,0.6311601996421806,1.2663273811340325,-0.22718052566051483,1.0679246187210083,0.4348181486129755,1.396242499351501,-0.20868226885795615,1.217252492904663,0.3304168581962581,1.344913840293884,-0.1885632127523425,1.5069226026535032,0.2592009305953975,-1.5869099646806841,1.1078651994466857,2.447228878736518,-0.147844851017,2.6102662086487176,-1.096207275986686,3.87329012155537,1.7737567424774363,1.702487468719499,0.10397359728813033,-0.4990488290786854,1.301401108503354,0.7104337215423695,0.6502538919448859,0.2350538969039917,0.894106179475794,0.5983054637909047,0.7902193814516068,0.4733711481094416,1.2377873063087483,3.0,3.0,3.0,3.0,3.0,3.0,3.0,3.0,3.0,3.0,3.0,3.0,3.0,3.0,3.0,3.0,3.0,3.0,3.0,3.0,0.05,0.05,0.05,0.05,0.05,0.05,0.05,0.05,0.05,0.05,0.05,0.05,0.05,0.05,0.05,0.05,0.05,0.05,0.05,0.05,0.0,0.0,0.0,0.0,0.0,0.0,0.0,0.0,0.0,0.0,0.0,0.0,0.0,0.0,0.0,0.0,0.0,0.0,0.0,0.0,0.6854006052017212,0.5734640955924984,0.252402991056442,0.18962055444717407,0.559133887290954,-0.2325836569070816,1.2128899097442627,0.77312833070755,1.2377737760543825,-0.08908872306346893,1.5076335668563843,1.0114705562591546,1.4389131069183356,-0.031709060072898865,1.511442422866821,1.0442606210708614,1.5086621046066286,-0.0314592570066452,1.546638011932373,0.9844440817832938,-0.03774911165237704,0.8180364966392628,0.7704786956310397,-0.03177560865878018,1.4038532972335953,0.03599897027015131,-0.7545471191406139,-0.5155608057975714,-0.7846266031265314,-0.17348565161228874,0.4901230335235651,1.4578372240066721,-0.9753823280334584,-0.1395811326801828,0.41914880275726873,1.3833075761795155,-0.39721131324768066,0.007335608825085726,0.02657473087310791,1.9346430897712985,3.0,3.0,3.0,3.0,3.0,3.0,3.0,3.0,3.0,3.0,3.0,3.0,3.0,3.0,3.0,3.0,3.0,3.0,3.0,3.0,0.05,0.05,0.05,0.05,0.05,0.05,0.05,0.05,0.05,0.05,0.05,0.05,0.05,0.05,0.05,0.05,0.05,0.05,0.05,0.05,0.0,0.0,0.0,0.0,0.0,0.0,0.0,0.0,0.0,0.0,0.0,0.0,0.0,0.0,0.0,0.0,0.0,0.0,0.0,0.0
0.16181156039237976,0.28634849190711975,0.26016634702682495,-0.045986440032720566,1.0955748558044434,-0.2920474708080292,0.6857602000236511,0.6659427881240845,1.2953377962112427,-0.2206929624080658,1.0656800270080566,0.465569406747818,1.405188798904419,-0.18875056505203247,1.2246150970458984,0.34956926107406616,1.3504197597503662,-0.16446121037006378,1.5153380632400513,0.2930285334587097,-1.286005228757875,1.3374015688896304,3.0086863785982403,-0.03977427259087719,1.8547475337982455,-0.8769661188125735,3.6244630813599077,1.6628533601761057,1.1978149414062667,0.42403675615787506,0.23083984851837158,1.6330868005752701,0.10896623134614147,1.0904323309660013,0.5884051322937012,0.9827844798565022,-0.08234679698943537,1.2119609862566063,0.3786951303482111,2.122133970260631,3.0,3.0,3.0,3.0,3.0,3.0,3.0,3.0,3.0,3.0,3.0,3.0,3.0,3.0,3.0,3.0,3.0,3.0,3.0,3.0,0.05,0.05,0.05,0.05,0.05,0.05,0.05,0.05,0.05,0.05,0.05,0.05,0.05,0.05,0.05,0.05,0.05,0.05,0.05,0.05,0.0,0.0,0.0,0.0,0.0,0.0,0.0,0.0,0.0,0.0,0.0,0.0,0.0,0.0,0.0,0.0,0.0,0.0,0.0,0.0,0.6845012307167053,0.5877839922904968,0.26182466745376587,0.1721329540014267,0.5851024985313416,-0.2253246307373047,1.1660507917404175,0.746630847454071,1.2242622375488281,-0.08680365979671478,1.51634681224823,1.0363138914108276,1.4223161935806274,-0.030543431639671326,1.5188939571380615,1.0689961910247803,1.5037468671798706,-0.02889523282647133,1.5471104383468628,1.0170735120773315,-0.27861446142196655,0.7169067859649741,0.05666837096214988,-1.2996669858694077,0.8282288908958574,0.44694989919662476,-3.2970428466796875,-1.8741309642791748,-0.6051003932952936,0.2587735652923584,0.39209723472595215,1.0634064674377608,-0.712567567825334,0.14303694479167461,0.3353178501129206,1.0825753211975209,-0.09533464908600409,0.07769456133246422,0.021257996559143066,1.3972595334053262,3.0,3.0,3.0,3.0,3.0,3.0,3.0,3.0,3.0,3.0,3.0,3.0,3.0,3.0,3.0,3.0,3.0,3.0,3.0,3.0,0.05,0.05,0.05,0.05,0.05,0.05,0.05,0.05,0.05,0.05,0.05,0.05,0.05,0.05,0.05,0.05,0.05,0.05,0.05,0.05,0.0,0.0,0.0,0.0,0.0,0.0,0.0,0.0,0.0,0.0,0.0,0.0,0.0,0.0,0.0,0.0,0.0,0.0,0.0,0.0
0.13894924521446228,0.31343844532966614,0.3285393714904785,-0.04534628242254257,1.126966118812561,-0.3076379895210266,0.7549389600753784,0.6976743340492249,1.3142399787902832,-0.21021905541419983,1.0771582126617432,0.5001416206359863,1.4006011486053467,-0.1650649756193161,1.2407886981964111,0.3697282373905182,1.3416199684143066,-0.14008477330207825,1.5220704078674316,0.34408628940582275,-1.0288041085004807,1.4279469847679138,3.477126359939575,-0.010092649608850479,1.477891206741333,-0.7015727460384369,3.2196804881095886,1.5227004885673523,0.85563063621521,0.5437001585960388,0.5726128816604614,1.7011098563671112,-0.25625526905059814,1.0050293058156967,0.9155511856079102,1.078062504529953,-0.5464076995849609,0.8752167224884033,0.3029555082321167,2.5979146361351013,3.0,3.0,3.0,3.0,3.0,3.0,3.0,3.0,3.0,3.0,3.0,3.0,3.0,3.0,3.0,3.0,3.0,3.0,3.0,3.0,0.05,0.05,0.05,0.05,0.05,0.05,0.05,0.05,0.05,0.05,0.05,0.05,0.05,0.05,0.05,0.05,0.05,0.05,0.05,0.05,0.0,0.0,0.0,0.0,0.0,0.0,0.0,0.0,0.0,0.0,0.0,0.0,0.0,0.0,0.0,0.0,0.0,0.0,0.0,0.0,0.6742560267448425,0.6021403670310974,0.254669725894928,0.13763387501239777,0.5922630429267883,-0.2147056609392166,1.0810081958770752,0.6981630921363831,1.2135697603225708,-0.0787377804517746,1.5233174562454224,1.054006814956665,1.4104104042053223,-0.02598758228123188,1.524855136871338,1.0875636339187622,1.5048487186431885,-0.028351474553346634,1.5474883317947388,1.0403344631195068,-1.1084139347076416,0.41840672492980957,0.2533815801143646,-1.5989689156413078,0.7180556654930115,1.249050348997116,-4.668243229389191,-2.7025625109672546,-0.3507882356643677,0.7860848680138588,-0.9827554225921631,-0.4681199789047241,-0.5583345890045166,0.386066478677094,-1.1453986167907715,-0.281330943107605,-0.2866595983505249,-0.21687010303139687,-0.8363574743270874,-0.13707876205444336,3.0,3.0,3.0,3.0,3.0,3.0,3.0,3.0,3.0,3.0,3.0,3.0,3.0,3.0,3.0,3.0,3.0,3.0,3.0,3.0,0.05,0.05,0.05,0.05,0.05,0.05,0.05,0.05,0.05,0.05,0.05,0.05,0.05,0.05,0.05,0.05,0.05,0.05,0.05,0.05,0.0,0.0,0.0,0.0,0.0,0.0,0.0,0.0,0.0,0.0,0.0,0.0,0.0,0.0,0.0,0.0,0.0,0.0,0.0,0.0
0.12065939605236053,0.3434663712978363,0.39925140142440796,-0.046390146017074585,1.1546905040740967,-0.32011038064956665,0.8145474195480347,0.7268508076667786,1.329563021659851,-0.19894495606422424,1.088584542274475,0.5336138010025024,1.394938588142395,-0.1485493928194046,1.2612371444702148,0.3926917612552643,1.3285634517669678,-0.12945254147052765,1.527456283569336,0.39694511890411377,-0.5143299698829651,1.7082162201404572,3.4905150532722473,-0.09611053392291069,1.2513130903244019,-0.17989054322242737,2.6738524436950684,1.4391034841537476,0.7623553276062012,0.659593939781189,0.48431456089019775,1.7405927181243896,-0.24735033512115479,0.7317211478948593,1.0595381259918213,1.3320602476596832,-0.6016373634338379,0.25366246700286865,0.24236440658569336,2.5810204446315765,3.0,3.0,3.0,3.0,3.0,3.0,3.0,3.0,3.0,3.0,3.0,3.0,3.0,3.0,3.0,3.0,3.0,3.0,3.0,3.0,0.05,0.05,0.05,0.05,0.05,0.05,0.05,0.05,0.05,0.05,0.05,0.05,0.05,0.05,0.05,0.05,0.05,0.05,0.05,0.05,0.0,0.0,0.0,0.0,0.0,0.0,0.0,0.0,0.0,0.0,0.0,0.0,0.0,0.0,0.0,0.0,0.0,0.0,0.0,0.0,0.6401646733283997,0.6045202612876892,0.27195993065834045,0.10817419737577438,0.613824725151062,-0.17536261677742004,0.9793210625648499,0.6385283470153809,1.2102307081222534,-0.05536026507616043,1.4770365953445435,1.0175890922546387,1.3999828100204468,-0.015100772492587566,1.4730780124664307,1.057742953300476,1.4922804832458496,-0.0375700369477272,1.5136561393737793,1.0115903615951538,-1.9066199660301208,0.19748210906982422,0.9328201413154602,-1.3816500082612038,0.9827211499214172,2.131986990571022,-4.483500123023987,-2.7150437235832214,-0.3180772066116333,0.7393741048872471,-3.7764370441436768,-2.8774067759513855,-1.3877958059310913,0.20495685748755932,-4.110461473464966,-2.6554927229881287,-1.5339255332946777,-0.894403737038374,-3.0588626861572266,-2.5634348392486572,3.0,3.0,3.0,3.0,3.0,3.0,3.0,3.0,3.0,3.0,3.0,3.0,3.0,3.0,3.0,3.0,3.0,3.0,3.0,3.0,0.05,0.05,0.05,0.05,0.05,0.05,0.05,0.05,0.05,0.05,0.05,0.05,0.05,0.05,0.05,0.05,0.05,0.05,0.05,0.05,0.0,0.0,0.0,0.0,0.0,0.0,0.0,0.0,0.0,0.0,0.0,0.0,0.0,0.0,0.0,0.0,0.0,0.0,0.0,0.0
0.11837604641914368,0.3817670941352844,0.4681599736213684,-0.049190703779459,1.177018642425537,-0.3148336112499237,0.8618930578231812,0.7552384734153748,1.3447341918945312,-0.18383529782295227,1.096530795097351,0.5697653293609619,1.3907071352005005,-0.13579612970352173,1.283170223236084,0.4230106472969055,1.3175544738769531,-0.1299382746219635,1.5317649841308594,0.4473271071910858,0.18515139818191528,2.04504132270813,3.329482674598694,-0.16182642430067062,0.9952247142791748,0.6331063807010651,2.1586403250694275,1.5063703060150146,0.7084548473358154,0.8889514952898026,0.33511221408843994,1.9756048917770386,-0.20043253898620605,0.6439054384827614,1.0469496250152588,1.7348907887935638,-0.48346221446990967,-0.12802891433238983,0.1938939094543457,2.433830499649048,3.0,3.0,3.0,3.0,3.0,3.0,3.0,3.0,3.0,3.0,3.0,3.0,3.0,3.0,3.0,3.0,3.0,3.0,3.0,3.0,0.05,0.05,0.05,0.05,0.05,0.05,0.05,0.05,0.05,0.05,0.05,0.05,0.05,0.05,0.05,0.05,0.05,0.05,0.05,0.05,0.0,0.0,0.0,0.0,0.0,0.0,0.0,0.0,0.0,0.0,0.0,0.0,0.0,0.0,0.0,0.0,0.0,0.0,0.0,0.0,0.5979912281036377,0.6100396513938904,0.2919825315475464,0.08236787468194962,0.631571888923645,-0.12942618131637573,0.9016681909561157,0.5895613431930542,1.2008466720581055,-0.049162816256284714,1.3722599744796753,0.9389105439186096,1.3548985719680786,-0.017789307981729507,1.3604366779327393,0.9813439249992371,1.4434916973114014,-0.06412762403488159,1.4251338243484497,0.9377970695495605,-1.8482610583305359,-0.3254398703575134,1.2960128486156464,-1.20797548443079,0.9616866707801819,2.1661482751369476,-3.3236443996429443,-2.1735697984695435,-0.988471508026123,-0.10075569152832031,-5.569344758987427,-4.066714644432068,-2.7009516954421997,-0.4061755957081914,-5.843731760978699,-3.972448408603668,-3.5253047943115234,-1.4105821028351784,-5.05141019821167,-3.9687782526016235,3.0,3.0,3.0,3.0,3.0,3.0,3.0,3.0,3.0,3.0,3.0,3.0,3.0,3.0,3.0,3.0,3.0,3.0,3.0,3.0,0.05,0.05,0.05,0.05,0.05,0.05,0.05,0.05,0.05,0.05,0.05,0.05,0.05,0.05,0.05,0.05,0.05,0.05,0.05,0.05,0.0,0.0,0.0,0.0,0.0,0.0,0.0,0.0,0.0,0.0,0.0,0.0,0.0,0.0,0.0,0.0,0.0,0.0,0.0,0.0
0.12806545197963715,0.4252680242061615,0.5324307084083557,-0.05286320298910141,1.1944994926452637,-0.29478612542152405,0.9008930325508118,0.7871056199073792,1.3579012155532837,-0.16338689625263214,1.1019890308380127,0.612637996673584,1.3869212865829468,-0.12279317528009415,1.3031151294708252,0.46208739280700684,1.3092249631881714,-0.13457369804382324,1.5352120399475098,0.4942983388900757,0.6004683673381805,1.9436269998550415,2.8715595602989197,-0.17078006640076637,0.5622446537017822,0.9283766150474548,1.9204646348953247,1.7268583178520203,0.3743171691894531,0.929781049489975,0.44228434562683105,2.340938150882721,-0.23488104343414307,0.6101686507463455,0.886121392250061,2.013738453388214,-0.453457236289978,-0.1382041722536087,0.15511512756347656,2.34685018658638,3.0,3.0,3.0,3.0,3.0,3.0,3.0,3.0,3.0,3.0,3.0,3.0,3.0,3.0,3.0,3.0,3.0,3.0,3.0,3.0,0.05,0.05,0.05,0.05,0.05,0.05,0.05,0.05,0.05,0.05,0.05,0.05,0.05,0.05,0.05,0.05,0.05,0.05,0.05,0.05,0.0,0.0,0.0,0.0,0.0,0.0,0.0,0.0,0.0,0.0,0.0,0.0,0.0,0.0,0.0,0.0,0.0,0.0,0.0,0.0,0.5662342309951782,0.5915026664733887,0.3238004446029663,0.059855177998542786,0.6522921919822693,-0.08871668577194214,0.8463752865791321,0.5515855550765991,1.1706918478012085,-0.05939049273729324,1.2542628049850464,0.854920506477356,1.2919447422027588,-0.03134779632091522,1.2393287420272827,0.8988450169563293,1.3512682914733887,-0.09399332106113434,1.3115997314453125,0.8528392314910889,-0.9562760591506958,-1.4762505888938904,1.3967722654342651,-1.010458543896675,1.1485129594802856,1.9760041497647762,-2.159896492958069,-1.548987627029419,-1.2760192155838013,-0.2467774786055088,-5.451995134353638,-3.8390174508094788,-2.503165602684021,-0.4226395860314369,-5.259996652603149,-3.6930814385414124,-3.5407721996307373,-0.7896196097135544,-4.581156373023987,-3.6704882979393005,3.0,3.0,3.0,3.0,3.0,3.0,3.0,3.0,3.0,3.0,3.0,3.0,3.0,3.0,3.0,3.0,3.0,3.0,3.0,3.0,0.05,0.05,0.05,0.05,0.05,0.05,0.05,0.05,0.05,0.05,0.05,0.05,0.05,0.05,0.05,0.05,0.05,0.05,0.05,0.05,0.0,0.0,0.0,0.0,0.0,0.0,0.0,0.0,0.0,0.0,0.0,0.0,0.0,0.0,0.0,0.0,0.0,0.0,0.0,0.0
0.1423947811126709,0.4595121741294861,0.5830223560333252,-0.056021906435489655,1.1995084285736084,-0.2776985466480255,0.9387116432189941,0.8243128061294556,1.3597068786621094,-0.14664405584335327,1.1142221689224243,0.6634028553962708,1.3813118934631348,-0.11138938367366791,1.3186150789260864,0.5035601854324341,1.299416184425354,-0.13546644151210785,1.5379695892333984,0.541201114654541,0.7639441639184952,1.5652157366275787,2.420949935913086,-0.148145854473114,0.16041100025177002,0.7941380143165588,1.7193704843521118,1.7071276903152466,0.07169544696807861,0.833425298333168,0.5975604057312012,2.3357585072517395,-0.24506151676177979,0.48510488122701645,0.7362455129623413,1.9114568829536438,-0.42658448219299316,-0.0623069703578949,0.12409090995788574,2.151331305503845,3.0,3.0,3.0,3.0,3.0,3.0,3.0,3.0,3.0,3.0,3.0,3.0,3.0,3.0,3.0,3.0,3.0,3.0,3.0,3.0,0.05,0.05,0.05,0.05,0.05,0.05,0.05,0.05,0.05,0.05,0.05,0.05,0.05,0.05,0.05,0.05,0.05,0.05,0.05,0.05,0.0,0.0,0.0,0.0,0.0,0.0,0.0,0.0,0.0,0.0,0.0,0.0,0.0,0.0,0.0,0.0,0.0,0.0,0.0,0.0,0.5597401857376099,0.5509896278381348,0.347853422164917,0.04194953292608261,0.6775124073028564,-0.05038601532578468,0.815272331237793,0.5276018381118774,1.1498059034347534,-0.059033915400505066,1.1541801691055298,0.7853498458862305,1.2547719478607178,-0.034694891422986984,1.1500368118286133,0.8336206674575806,1.3018608093261719,-0.09571240842342377,1.2418875694274902,0.7909775376319885,0.9882807731628418,-2.4284712970256805,0.7348090410232544,-0.810529850423336,1.8767863512039185,1.802492793649435,-0.8474364876747131,-0.7903173565864563,-0.8504539728164673,0.4890771582722664,-4.184374213218689,-2.877192199230194,-1.3136029243469238,0.3216021228581667,-3.575468063354492,-2.759993076324463,-1.9172698259353638,0.48823803663253784,-2.7181506156921387,-2.615131437778473,3.0,3.0,3.0,3.0,3.0,3.0,3.0,3.0,3.0,3.0,3.0,3.0,3.0,3.0,3.0,3.0,3.0,3.0,3.0,3.0,0.05,0.05,0.05,0.05,0.05,0.05,0.05,0.05,0.05,0.05,0.05,0.05,0.05,0.05,0.05,0.05,0.05,0.05,0.05,0.05,0.0,0.0,0.0,0.0,0.0,0.0,0.0,0.0,0.0,0.0,0.0,0.0,0.0,0.0,0.0,0.0,0.0,0.0,0.0,0.0
0.15862321853637695,0.48787665367126465,0.6292687058448792,-0.05878903716802597,1.2009159326553345,-0.2630206048488617,0.9696678519248962,0.855390727519989,1.3607690334320068,-0.13004988431930542,1.1258914470672607,0.7060683369636536,1.3771188259124756,-0.10338898003101349,1.3325649499893188,0.5385456681251526,1.2921615839004517,-0.13706597685813904,1.5401756763458252,0.5803515911102295,0.6383612751960754,1.4670684933662415,2.263776957988739,-0.039328355342149734,-0.18469691276550293,0.8619070053100586,1.7679840326309204,1.5842422842979431,-0.2258896827697754,0.8489519357681274,0.9772121906280518,2.216729521751404,-0.3140389919281006,0.3898991271853447,0.792190432548523,1.7606273293495178,-0.332757830619812,-0.10529793798923492,0.09927451610565186,2.112087607383728,3.0,3.0,3.0,3.0,3.0,3.0,3.0,3.0,3.0,3.0,3.0,3.0,3.0,3.0,3.0,3.0,3.0,3.0,3.0,3.0,0.05,0.05,0.05,0.05,0.05,0.05,0.05,0.05,0.05,0.05,0.05,0.05,0.05,0.05,0.05,0.05,0.05,0.05,0.05,0.05,0.0,0.0,0.0,0.0,0.0,0.0,0.0,0.0,0.0,0.0,0.0,0.0,0.0,0.0,0.0,0.0,0.0,0.0,0.0,0.0,0.6057654619216919,0.49436381459236145,0.3531928062438965,0.027433983981609344,0.727363646030426,-0.016616974025964737,0.8124778270721436,0.5199728608131409,1.1366736888885498,-0.03982740640640259,1.0868878364562988,0.7398328185081482,1.2394006252288818,-0.018483711406588554,1.096310019493103,0.7884452939033508,1.2745774984359741,-0.07446379959583282,1.202873706817627,0.74823397397995,2.125835418701172,-2.873104065656662,0.149507075548172,-0.7187568349763751,2.6996612548828125,1.5624428633600473,0.12243986129760742,-0.21540969610214233,-0.1810610294342041,0.7631046697497368,-2.562221884727478,-1.7858684062957764,-0.28810203075408936,0.7987408898770809,-2.0087331533432007,-1.9072532653808594,-0.8445411920547485,1.1596892029047012,-1.3067364692687988,-1.7572909593582153,3.0,3.0,3.0,3.0,3.0,3.0,3.0,3.0,3.0,3.0,3.0,3.0,3.0,3.0,3.0,3.0,3.0,3.0,3.0,3.0,0.05,0.05,0.05,0.05,0.05,0.05,0.05,0.05,0.05,0.05,0.05,0.05,0.05,0.05,0.05,0.05,0.05,0.05,0.05,0.05,0.0,0.0,0.0,0.0,0.0,0.0,0.0,0.0,0.0,0.0,0.0,0.0,0.0,0.0,0.0,0.0,0.0,0.0,0.0,0.0
0.16792923212051392,0.5181949138641357,0.6735734343528748,-0.057595040649175644,1.1921205520629883,-0.24322226643562317,1.009431004524231,0.8876824975013733,1.3506712913513184,-0.11268597841262817,1.1533106565475464,0.7520720362663269,1.3687503337860107,-0.09579341858625412,1.3503026962280273,0.5739852786064148,1.2861058712005615,-0.13967835903167725,1.5419405698776245,0.6256846189498901,0.41237659752368927,1.5182837843894958,2.3581400513648987,0.18867384642362595,-0.5285173654556274,0.8794788271188736,2.09837406873703,1.3796314597129822,-0.5714535713195801,0.8101323619484901,1.636570692062378,2.1255657076835632,-0.39488375186920166,0.34118425101041794,0.9312212467193604,1.6344591975212097,-0.16056597232818604,-0.1308634877204895,0.07942020893096924,2.293175458908081,3.0,3.0,3.0,3.0,3.0,3.0,3.0,3.0,3.0,3.0,3.0,3.0,3.0,3.0,3.0,3.0,3.0,3.0,3.0,3.0,0.05,0.05,0.05,0.05,0.05,0.05,0.05,0.05,0.05,0.05,0.05,0.05,0.05,0.05,0.05,0.05,0.05,0.05,0.05,0.05,0.0,0.0,0.0,0.0,0.0,0.0,0.0,0.0,0.0,0.0,0.0,0.0,0.0,0.0,0.0,0.0,0.0,0.0,0.0,0.0,0.6447736024856567,0.4360654652118683,0.35383370518684387,0.013199259527027607,0.785498857498169,0.01211169920861721,0.8201699256896973,0.5189854502677917,1.1425634622573853,-0.028509728610515594,1.0516912937164307,0.7139151096343994,1.2432478666305542,-0.0027452558279037476,1.0696874856948853,0.7573305368423462,1.268079161643982,-0.04932484030723572,1.1896181106567383,0.7206858992576599,1.0342225432395935,-2.009868621826172,0.011578947305679321,-0.7625418482348323,3.232581913471222,1.430001389235258,0.777396559715271,0.16978681087493896,0.8128941059112549,0.5588165950030088,-1.0148942470550537,-0.8899077773094177,0.7189512252807617,0.7289358647540212,-0.721520185470581,-1.2852847576141357,0.20909011363983154,1.0683132335543633,0.013107061386108398,-1.0320082306861877,3.0,3.0,3.0,3.0,3.0,3.0,3.0,3.0,3.0,3.0,3.0,3.0,3.0,3.0,3.0,3.0,3.0,3.0,3.0,3.0,0.05,0.05,0.05,0.05,0.05,0.05,0.05,0.05,0.05,0.05,0.05,0.05,0.05,0.05,0.05,0.05,0.05,0.05,0.05,0.05,0.0,0.0,0.0,0.0,0.0,0.0,0.0,0.0,0.0,0.0,0.0,0.0,0.0,0.0,0.0,0.0,0.0,0.0,0.0,0.0
0.17511828243732452,0.5486080050468445,0.7235943078994751,-0.05124208331108093,1.1797752380371094,-0.22784145176410675,1.0536028146743774,0.9105759859085083,1.3379108905792236,-0.09764458984136581,1.1913542747497559,0.7910909652709961,1.3613234758377075,-0.08974160999059677,1.3698137998580933,0.603924036026001,1.2857389450073242,-0.14230051636695862,1.543352484703064,0.6720786094665527,2.4436548352240446,-0.5928188562392397,1.6834422945976257,2.4392743594943442,-0.4970133304595947,0.7476832717656908,2.1457672119140625,0.9473696351051247,-0.5848944187164307,0.7119482383131808,2.042159438133234,1.8053621053695539,-0.3188729286193903,0.2763064578175465,0.9477734565734863,1.344749331474293,0.1169353723526001,-0.14470405876636505,0.06353557109832764,2.190057933330511,3.0,3.0,3.0,3.0,3.0,3.0,3.0,3.0,3.0,3.0,3.0,3.0,3.0,3.0,3.0,3.0,3.0,3.0,3.0,3.0,0.05,0.05,0.05,0.05,0.05,0.05,0.05,0.05,0.05,0.05,0.05,0.05,0.05,0.05,0.05,0.05,0.05,0.05,0.05,0.05,0.0,0.0,0.0,0.0,0.0,0.0,0.0,0.0,0.0,0.0,0.0,0.0,0.0,0.0,0.0,0.0,0.0,0.0,0.0,0.0,0.6471343636512756,0.4139690697193146,0.35365596413612366,-0.003067689947783947,0.8566669225692749,0.04058308154344559,0.8435736894607544,0.5267643332481384,1.169189453125,-0.017474742606282234,1.0462920665740967,0.7042365074157715,1.2681586742401123,0.010673723183572292,1.0674492120742798,0.7370339035987854,1.2829411029815674,-0.031731270253658295,1.2033979892730713,0.7069536447525024,-0.9135529398917652,-0.5199693143367781,0.25746822357176347,-0.7731963181868047,3.4798994660376974,1.4998881611972747,1.5602633357047535,0.6229117512702748,1.5755891799926425,0.5525970133021381,0.30999183654782936,-0.2008289098739624,1.6056925058364535,0.6189401727169678,0.3710210323333518,-0.8774384856223838,1.1124759912490567,0.6760415621101856,1.2381136417388527,-0.46910345554350696,3.0,3.0,3.0,3.0,3.0,3.0,3.0,3.0,3.0,3.0,3.0,3.0,3.0,3.0,3.0,3.0,3.0,3.0,3.0,3.0,0.05,0.05,0.05,0.05,0.05,0.05,0.05,0.05,0.05,0.05,0.05,0.05,0.05,0.05,0.05,0.05,0.05,0.05,0.05,0.05,0.0,0.0,0.0,0.0,0.0,0.0,0.0,0.0,0.0,0.0,0.0,0.0,0.0,0.0,0.0,0.0,0.0,0.0,0.0,0.0
0.2656754255294757,0.49448215961456615,0.7409111261367798,0.03997593373059813,1.1722400188446045,-0.21331493556499553,1.0952616930007935,0.9255772829055783,1.3272755146026611,-0.08420804888010094,1.2349970340728758,0.8242865204811091,1.3559954166412351,-0.08474116027355226,1.3882136344909668,0.6277752518653865,1.2907832860946655,-0.14546652138233185,1.5444819927215576,0.7132869362831106,4.79666106402874,-3.9604194462299347,-0.14524906873703003,4.668035730719566,0.5895853042602539,0.8165944367647171,0.44479072093963623,0.47184228897094727,-0.10672509670257568,0.8088165894150734,1.1396169662475586,1.0234996676445007,-0.13313889503479004,0.41803624480962753,0.4661977291107178,0.7553860545158386,0.07534623146057129,-0.06296522915363312,0.050827860832214355,1.424628496170044,3.0,3.0,3.0,3.0,3.0,3.0,3.0,3.0,3.0,3.0,3.0,3.0,3.0,3.0,3.0,3.0,3.0,3.0,3.0,3.0,0.05,0.05,0.05,0.05,0.05,0.05,0.05,0.05,0.05,0.05,0.05,0.05,0.05,0.05,0.05,0.05,0.05,0.05,0.05,0.05,0.0,0.0,0.0,0.0,0.0,0.0,0.0,0.0,0.0,0.0,0.0,0.0,0.0,0.0,0.0,0.0,0.0,0.0,0.0,0.0,0.6082314848899861,0.41526669263839716,0.3641324341297144,-0.017728593200444582,0.9246948361396768,0.0721072256565082,0.8825804591178874,0.5439019203186027,1.205587029457091,-0.006405848078430072,1.0640909671783438,0.7058819532394409,1.3074755668640123,0.022012351080774963,1.0845283269882193,0.7222329974174508,1.3125782012939442,-0.022283177822828293,1.2391426563262924,0.7019217610359196,-2.3263245820999146,0.05958974361419678,0.6015613675117493,-0.6724352249875665,2.6258349418640137,1.379840262234211,2.123478055000305,0.961756706237793,1.5175282955169678,0.44612764613702893,1.139870285987854,0.022961199283599854,1.618039608001709,0.4026256734505296,0.8300751447677612,-1.1197373270988464,1.209777593612671,0.18578623421490192,1.8535226583480835,-0.6053373217582703,3.0,3.0,3.0,3.0,3.0,3.0,3.0,3.0,3.0,3.0,3.0,3.0,3.0,3.0,3.0,3.0,3.0,3.0,3.0,3.0,0.05,0.05,0.05,0.05,0.05,0.05,0.05,0.05,0.05,0.05,0.05,0.05,0.05,0.05,0.05,0.05,0.05,0.05,0.05,0.05,0.0,0.0,0.0,0.0,0.0,0.0,0.0,0.0,0.0,0.0,0.0,0.0,0.0,0.0,0.0,0.0,0.0,0.0,0.0,0.0
0.3669847249984741,0.3901912271976471,0.7177843451499939,0.13547934591770172,1.2033586502075195,-0.19517767429351807,1.071394443511963,0.9294496774673462,1.3336418867111206,-0.06529192626476288,1.2369389533996582,0.8320309519767761,1.355997920036316,-0.07302016019821167,1.388461709022522,0.6341394782066345,1.288752794265747,-0.14481912553310394,1.5453855991363525,0.7290637493133545,4.493410140276015,-4.384772479534198,-1.4791667461394764,2.4070741608739934,1.2919425964355413,0.7665339857339991,-1.1890083551406583,0.15531629323960183,0.18000304698944092,0.7566545158624779,-0.054502487182606085,0.29094517230988937,-0.06392598152159534,0.4928296431899095,-0.10114908218383234,0.22568702697755016,-0.24803876876829944,0.0113554298877723,-0.027760863304138184,0.6322488188743786,3.0,3.0,3.0,3.0,3.0,3.0,3.0,3.0,3.0,3.0,3.0,3.0,3.0,3.0,3.0,3.0,3.0,3.0,3.0,3.0,0.05,0.05,0.05,0.05,0.05,0.05,0.05,0.05,0.05,0.05,0.05,0.05,0.05,0.05,0.05,0.05,0.05,0.05,0.05,0.05,0.0,0.0,0.0,0.0,0.0,0.0,0.0,0.0,0.0,0.0,0.0,0.0,0.0,0.0,0.0,0.0,0.0,0.0,0.0,0.0,0.554081380367279,0.41635265946388245,0.37771841883659363,-0.029965098947286606,0.9617003202438354,0.09577669203281403,0.9285128116607666,0.5652346014976501,1.2298905849456787,0.0003703632391989231,1.0918868780136108,0.7051549553871155,1.3328802585601807,0.026778750121593475,1.1006522178649902,0.6922444105148315,1.3313322067260742,-0.024299820885062218,1.2775388956069946,0.6827401518821716,-2.7998507022857595,0.10497868061065257,0.25529712438585456,-0.5487577058374938,1.5823304653168002,1.0192580521106838,2.0396932959556633,0.9432464838027954,1.1130213737487848,0.22870209650137127,1.275342702865595,-0.09248107671737393,1.081785559654247,0.16212873160839636,0.6969749927520863,-1.4669671654701066,0.8367806673050038,-0.146189332008358,1.7837435007095392,-0.9536415338516069,3.0,3.0,3.0,3.0,3.0,3.0,3.0,3.0,3.0,3.0,3.0,3.0,3.0,3.0,3.0,3.0,3.0,3.0,3.0,3.0,0.05,0.05,0.05,0.05,0.05,0.05,0.05,0.05,0.05,0.05,0.05,0.05,0.05,0.05,0.05,0.05,0.05,0.05,0.05,0.05,0.0,0.0,0.0,0.0,0.0,0.0,0.0,0.0,0.0,0.0,0.0,0.0,0.0,0.0,0.0,0.0,0.0,0.0,0.0,0.0
0.4454118311405163,0.31909126043319824,0.6817444562912007,0.13625890016555786,1.2239177227020261,-0.18265357613563557,1.0477013587951671,0.9317899346351624,1.3344756364822388,-0.05394186824560183,1.2328169345855715,0.8359243273735046,1.3534383773803713,-0.06502797454595588,1.3841676712036135,0.6368027329444885,1.2808617353439335,-0.14501230418682096,1.543371558189392,0.7385768890380857,2.690761536359787,-2.212783694267273,-2.326953411102295,-0.7805280387401581,0.6881177425384521,0.3805961459875107,-1.208573579788208,0.09909123182296753,-0.1513957977294922,0.3445294685661793,-0.4218965768814087,0.08653700351715088,-0.18599927425384521,0.290127657353878,-0.31651556491851807,0.05602240562438965,-0.5360841751098633,-0.04016906023025513,-0.18174350261688232,0.31616538763046265,3.0,3.0,3.0,3.0,3.0,3.0,3.0,3.0,3.0,3.0,3.0,3.0,3.0,3.0,3.0,3.0,3.0,3.0,3.0,3.0,0.05,0.05,0.05,0.05,0.05,0.05,0.05,0.05,0.05,0.05,0.05,0.05,0.05,0.05,0.05,0.05,0.05,0.05,0.05,0.05,0.0,0.0,0.0,0.0,0.0,0.0,0.0,0.0,0.0,0.0,0.0,0.0,0.0,0.0,0.0,0.0,0.0,0.0,0.0,0.0,0.49623745679855574,0.41946583986282326,0.3743443191051486,-0.039678901433944334,0.9879880547523489,0.11287754774093556,0.964168190956114,0.5816317796707146,1.2501078844070423,0.0027422357816247805,1.1151046752929676,0.702182710170746,1.3507469892501822,0.028497500345110817,1.1124073266983028,0.6635543107986466,1.3460494279861444,-0.028130751103162613,1.310492396354674,0.6637760996818554,-2.5953568518161774,0.40911808609962463,-0.8291035890579224,-0.42776549234986305,1.0983467102050781,0.8103374391794205,2.0522087812423706,0.832851231098175,1.072588562965393,0.16070922138169408,1.1225312948226929,-0.40437281131744385,0.8685559034347534,0.08451445028185844,0.4971235990524292,-1.7316460609436035,0.7047474384307861,-0.17281528562307358,1.629728078842163,-1.2743428349494934,3.0,3.0,3.0,3.0,3.0,3.0,3.0,3.0,3.0,3.0,3.0,3.0,3.0,3.0,3.0,3.0,3.0,3.0,3.0,3.0,0.05,0.05,0.05,0.05,0.05,0.05,0.05,0.05,0.05,0.05,0.05,0.05,0.05,0.05,0.05,0.05,0.05,0.05,0.05,0.05,0.0,0.0,0.0,0.0,0.0,0.0,0.0,0.0,0.0,0.0,0.0,0.0,0.0,0.0,0.0,0.0,0.0,0.0,0.0,0.0
0.4746151864528656,0.3016798794269562,0.6247062087059021,0.1042582243680954,1.2308833599090576,-0.17995382845401764,1.0230515003204346,0.9334133267402649,1.327586054801941,-0.05151074752211571,1.2200630903244019,0.8354924321174622,1.348557949066162,-0.06141505390405655,1.3758010864257812,0.6363803744316101,1.2673094272613525,-0.14642588794231415,1.5381158590316772,0.741710364818573,0.04432499408726642,0.5408510565757446,-1.8699422478676342,-1.64958406239748,-0.24049282073974054,-0.31025782227515686,-0.7235169410705844,0.4182577133178711,-0.44467151165008545,-0.27867369353770777,-0.5658686161041315,0.09599179029464722,-0.320389866828924,-0.09227525442838114,-0.361511111259466,0.038646161556243896,-0.6255388259887806,-0.1989264041185386,-0.18050074577331543,-0.03841668367385309,3.0,3.0,3.0,3.0,3.0,3.0,3.0,3.0,3.0,3.0,3.0,3.0,3.0,3.0,3.0,3.0,3.0,3.0,3.0,3.0,0.05,0.05,0.05,0.05,0.05,0.05,0.05,0.05,0.05,0.05,0.05,0.05,0.05,0.05,0.05,0.05,0.05,0.05,0.05,0.05,0.0,0.0,0.0,0.0,0.0,0.0,0.0,0.0,0.0,0.0,0.0,0.0,0.0,0.0,0.0,0.0,0.0,0.0,0.0,0.0,0.45026710629463196,0.43271738290786743,0.34455427527427673,-0.04707571864128113,1.0056341886520386,0.12819018959999084,1.0106011629104614,0.5985486507415771,1.2727941274642944,0.006798732094466686,1.1367881298065186,0.6889800429344177,1.3676224946975708,0.030159328132867813,1.1205371618270874,0.6229785680770874,1.3595221042633057,-0.03121243230998516,1.3427280187606812,0.6317664384841919,-2.204245328903255,0.6899833679199274,-2.5103069841861796,-0.45877220109106026,1.0805681347847234,0.8755605667829693,2.5162398815155473,0.8979916572570995,1.1605799198150912,0.24699486675672563,1.0286778211593905,-0.6430670619010953,0.9453803300857766,0.10910327546298694,0.42904019355775036,-1.9081369042396934,0.46594142913820025,-0.005576526746157648,1.4192759990692472,-1.5754625201225558,3.0,3.0,3.0,3.0,3.0,3.0,3.0,3.0,3.0,3.0,3.0,3.0,3.0,3.0,3.0,3.0,3.0,3.0,3.0,3.0,0.05,0.05,0.05,0.05,0.05,0.05,0.05,0.05,0.05,0.05,0.05,0.05,0.05,0.05,0.05,0.05,0.05,0.05,0.05,0.05,0.0,0.0,0.0,0.0,0.0,0.0,0.0,0.0,0.0,0.0,0.0,0.0,0.0,0.0,0.0,0.0,0.0,0.0,0.0,0.0
0.44718483090400696,0.340725302696228,0.6069467663764954,0.07027553766965866,1.2142980098724365,-0.19506388902664185,1.0187606811523438,0.9485202431678772,1.3166887760162354,-0.06508881598711014,1.2101821899414062,0.8397639989852905,1.3406227827072144,-0.06871898472309113,1.3697072267532349,0.6383485794067383,1.2558401823043823,-0.1529693603515625,1.5361515283584595,0.7370402216911316,-1.3917498290538788,1.85927152633667,-0.8424192667007446,-1.5452048741281033,-1.0254532098770142,-0.7126513868570328,0.19242465496063232,0.9139746427536011,-0.6858199834823608,-0.7317217998206615,-0.3418564796447754,0.3901079297065735,-0.43543875217437744,-0.508270226418972,-0.0558316707611084,0.26642531156539917,-0.5095332860946655,-0.47351792454719543,0.01513361930847168,-0.3368765115737915,3.0,3.0,3.0,3.0,3.0,3.0,3.0,3.0,3.0,3.0,3.0,3.0,3.0,3.0,3.0,3.0,3.0,3.0,3.0,3.0,0.05,0.05,0.05,0.05,0.05,0.05,0.05,0.05,0.05,0.05,0.05,0.05,0.05,0.05,0.05,0.05,0.05,0.05,0.05,0.05,0.0,0.0,0.0,0.0,0.0,0.0,0.0,0.0,0.0,0.0,0.0,0.0,0.0,0.0,0.0,0.0,0.0,0.0,0.0,0.0,0.40806764364242554,0.44706517457962036,0.2739320397377014,-0.058029789477586746,1.0312107801437378,0.14789997041225433,1.0648177862167358,0.6175514459609985,1.296531081199646,0.012622030451893806,1.1562517881393433,0.6764600276947021,1.3885622024536133,0.032861631363630295,1.1295689344406128,0.5872288346290588,1.3646870851516724,-0.02835381217300892,1.3672634363174438,0.6007575988769531,-2.4025849997997284,0.7437407970428467,-3.201066702604294,-0.36726566031575203,0.9738296270370483,1.146572083234787,2.5828510522842407,0.8704379200935364,1.3124853372573853,0.39841693360358477,0.9655416011810303,-0.5885019898414612,0.769275426864624,0.20398851484060287,0.2711772918701172,-1.7345473170280457,0.40414929389953613,0.2231779508292675,1.2679100036621094,-1.4167264103889465,3.0,3.0,3.0,3.0,3.0,3.0,3.0,3.0,3.0,3.0,3.0,3.0,3.0,3.0,3.0,3.0,3.0,3.0,3.0,3.0,0.05,0.05,0.05,0.05,0.05,0.05,0.05,0.05,0.05,0.05,0.05,0.05,0.05,0.05,0.05,0.05,0.05,0.05,0.05,0.05,0.0,0.0,0.0,0.0,0.0,0.0,0.0,0.0,0.0,0.0,0.0,0.0,0.0,0.0,0.0,0.0,0.0,0.0,0.0,0.0
0.41894519329071045,0.376050740480423,0.5910094380378723,0.04245002940297127,1.189865231513977,-0.20845988392829895,1.0307484865188599,0.9699723124504089,1.3001532554626465,-0.08077961951494217,1.2063888311386108,0.8510967493057251,1.331140398979187,-0.08174586296081543,1.373567819595337,0.6470373868942261,1.246928095817566,-0.16536660492420197,1.5387212038040161,0.7282353043556213,-1.3157159090042114,1.5936508774757385,-0.7261380553245544,-1.2579132337123156,-1.0265558958053589,-0.5687251687049866,0.6061792373657227,0.97799152135849,-0.6569027900695801,-0.6458429619669914,-0.08199810981750488,0.5601435899734497,-0.3165304660797119,-0.5912456661462784,0.22910833358764648,0.41573941707611084,-0.38462281227111816,-0.5209926515817642,0.11563599109649658,-0.36032944917678833,3.0,3.0,3.0,3.0,3.0,3.0,3.0,3.0,3.0,3.0,3.0,3.0,3.0,3.0,3.0,3.0,3.0,3.0,3.0,3.0,0.05,0.05,0.05,0.05,0.05,0.05,0.05,0.05,0.05,0.05,0.05,0.05,0.05,0.05,0.05,0.05,0.05,0.05,0.05,0.05,0.0,0.0,0.0,0.0,0.0,0.0,0.0,0.0,0.0,0.0,0.0,0.0,0.0,0.0,0.0,0.0,0.0,0.0,0.0,0.0,0.3541637063026428,0.4624670147895813,0.21651160717010498,-0.06176634505391121,1.0445873737335205,0.17405307292938232,1.113915205001831,0.6333661675453186,1.3252935409545898,0.022735409438610077,1.1754097938537598,0.6654399633407593,1.3983935117721558,0.03831886872649193,1.131384253501892,0.5535966753959656,1.375688076019287,-0.02228531427681446,1.3934444189071655,0.575097382068634,-2.3867368698120117,0.584690272808075,-2.5773823261260986,-0.1432177610695362,0.6186902523040771,1.1801552027463913,2.3265808820724487,0.7231101393699646,1.0512113571166992,0.5034907255321741,0.833246111869812,-0.5232140421867371,0.5783826112747192,0.29913708567619324,0.18165111541748047,-1.5195190906524658,0.34199655055999756,0.32807006500661373,1.0826259851455688,-1.2400418519973755,3.0,3.0,3.0,3.0,3.0,3.0,3.0,3.0,3.0,3.0,3.0,3.0,3.0,3.0,3.0,3.0,3.0,3.0,3.0,3.0,0.05,0.05,0.05,0.05,0.05,0.05,0.05,0.05,0.05,0.05,0.05,0.05,0.05,0.05,0.05,0.05,0.05,0.05,0.05,0.05,0.0,0.0,0.0,0.0,0.0,0.0,0.0,0.0,0.0,0.0,0.0,0.0,0.0,0.0,0.0,0.0,0.0,0.0,0.0,0.0
0.3945561945438385,0.40447133779525757,0.5779012441635132,0.01995900832116604,1.1732357740402222,-0.2178128957748413,1.0430078506469727,0.9876399040222168,1.2904126644134521,-0.0909225344657898,1.206902265548706,0.8621697425842285,1.3279615640640259,-0.09236881136894226,1.3788715600967407,0.6549781560897827,1.2404552698135376,-0.17380906641483307,1.5407769680023193,0.7226270437240601,-1.1866554617881775,1.272747665643692,-0.5878284573554993,-1.0162572842091322,-0.6266027688980103,-0.3824487328529358,0.672990083694458,0.8233949542045593,-0.3547549247741699,-0.3890428692102432,0.10214149951934814,0.5414023995399475,-0.04017949104309082,-0.472157821059227,0.28597116470336914,0.3819987177848816,-0.19471049308776855,-0.32080672681331635,0.09250938892364502,-0.18034577369689941,3.0,3.0,3.0,3.0,3.0,3.0,3.0,3.0,3.0,3.0,3.0,3.0,3.0,3.0,3.0,3.0,3.0,3.0,3.0,3.0,0.05,0.05,0.05,0.05,0.05,0.05,0.05,0.05,0.05,0.05,0.05,0.05,0.05,0.05,0.05,0.05,0.05,0.05,0.05,0.05,0.0,0.0,0.0,0.0,0.0,0.0,0.0,0.0,0.0,0.0,0.0,0.0,0.0,0.0,0.0,0.0,0.0,0.0,0.0,0.0,0.31259816884994507,0.47045278549194336,0.17083674669265747,-0.0637584999203682,1.0559583902359009,0.19510617852210999,1.1578810214996338,0.6464758515357971,1.338579535484314,0.03276165947318077,1.1895816326141357,0.6555314660072327,1.411697506904602,0.044827114790678024,1.136834979057312,0.5264480710029602,1.3783669471740723,-0.01523100957274437,1.4105684757232666,0.5511559247970581,-1.7872393131256104,0.18694549798965454,-2.074664458632469,-0.0976945273578167,0.3030359745025635,0.7723569869995117,2.2099345922470093,0.5686014890670776,0.2450704574584961,0.4864410497248173,0.9556233882904053,-0.38597285747528076,0.42697787284851074,0.41498271748423576,0.25307536125183105,-1.3776801526546478,-0.048151612281799316,0.5076170200482011,0.5849629640579224,-1.3127401471138,3.0,3.0,3.0,3.0,3.0,3.0,3.0,3.0,3.0,3.0,3.0,3.0,3.0,3.0,3.0,3.0,3.0,3.0,3.0,3.0,0.05,0.05,0.05,0.05,0.05,0.05,0.05,0.05,0.05,0.05,0.05,0.05,0.05,0.05,0.05,0.05,0.05,0.05,0.05,0.05,0.0,0.0,0.0,0.0,0.0,0.0,0.0,0.0,0.0,0.0,0.0,0.0,0.0,0.0,0.0,0.0,0.0,0.0,0.0,0.0
0.37147897481918335,0.42696064710617065,0.5674962997436523,0.00179973803460598,1.1648011207580566,-0.22375783324241638,1.0576680898666382,1.0029081106185913,1.2859630584716797,-0.0963413342833519,1.2104744911193848,0.872752845287323,1.3295332193374634,-0.10063217580318451,1.3850066661834717,0.6623173356056213,1.2391396760940552,-0.17819887399673462,1.542421579360962,0.7210214734077454,-1.1575192213058472,1.0407507419586182,-0.4893392324447632,-0.8192172041162848,-0.32851696014404297,-0.20842179656028748,0.8150100708007812,0.6706327199935913,-0.12238621711730957,-0.1878347247838974,0.2510249614715576,0.5261048674583435,0.1802980899810791,-0.31476709991693497,0.3016620874404907,0.35155564546585083,0.04482269287109375,-0.1297689974308014,0.07400810718536377,0.08312761783599854,3.0,3.0,3.0,3.0,3.0,3.0,3.0,3.0,3.0,3.0,3.0,3.0,3.0,3.0,3.0,3.0,3.0,3.0,3.0,3.0,0.05,0.05,0.05,0.05,0.05,0.05,0.05,0.05,0.05,0.05,0.05,0.05,0.05,0.05,0.05,0.05,0.05,0.05,0.05,0.05,0.0,0.0,0.0,0.0,0.0,0.0,0.0,0.0,0.0,0.0,0.0,0.0,0.0,0.0,0.0,0.0,0.0,0.0,0.0,0.0,0.2826741337776184,0.4699448347091675,0.1335250288248062,-0.06567412614822388,1.056708812713623,0.2049473524093628,1.2023125886917114,0.6561102271080017,1.3350963592529297,0.04219305142760277,1.213634729385376,0.650001049041748,1.4154726266860962,0.05491817742586136,1.1415072679519653,0.49848946928977966,1.3737620115280151,-0.0019806334748864174,1.4168429374694824,0.522587776184082,-1.223328709602356,0.5394332110881805,-1.6978435218334198,-0.10494831949472427,-0.04685819149017334,0.20394138991832733,2.125653624534607,0.4155650734901428,-0.3024756908416748,0.33305706456303596,1.2125611305236816,-0.26532411575317383,0.022739171981811523,0.5506823770701885,0.3925323486328125,-1.2648612260818481,-0.323525071144104,0.7726805284619331,0.24720728397369385,-1.403980702161789,3.0,3.0,3.0,3.0,3.0,3.0,3.0,3.0,3.0,3.0,3.0,3.0,3.0,3.0,3.0,3.0,3.0,3.0,3.0,3.0,0.05,0.05,0.05,0.05,0.05,0.05,0.05,0.05,0.05,0.05,0.05,0.05,0.05,0.05,0.05,0.05,0.05,0.05,0.05,0.05,0.0,0.0,0.0,0.0,0.0,0.0,0.0,0.0,0.0,0.0,0.0,0.0,0.0,0.0,0.0,0.0,0.0,0.0,0.0,0.0
0.3482554256916046,0.4461013674736023,0.5583276748657227,-0.012809679843485355,1.1600950956344604,-0.2261497676372528,1.075608253479004,1.0144652128219604,1.2855172157287598,-0.09843592345714569,1.2169432640075684,0.8832139372825623,1.335173487663269,-0.10495949536561966,1.3909380435943604,0.6690403819084167,1.2422481775283813,-0.17899982631206512,1.5437372922897339,0.7259521484375,-1.1249840259552002,0.8624590933322906,-0.46744197607040405,-0.657515088096261,-0.06314218044281006,-0.10311678051948547,0.9362906217575073,0.5412548780441284,0.08488297462463379,-0.08062738925218582,0.39132535457611084,0.5264058709144592,0.3231734037399292,-0.17637722194194794,0.3265887498855591,0.3395378589630127,0.21443665027618408,-0.02593807876110077,0.05920529365539551,0.28842687606811523,3.0,3.0,3.0,3.0,3.0,3.0,3.0,3.0,3.0,3.0,3.0,3.0,3.0,3.0,3.0,3.0,3.0,3.0,3.0,3.0,0.05,0.05,0.05,0.05,0.05,0.05,0.05,0.05,0.05,0.05,0.05,0.05,0.05,0.05,0.05,0.05,0.05,0.05,0.05,0.05,0.0,0.0,0.0,0.0,0.0,0.0,0.0,0.0,0.0,0.0,0.0,0.0,0.0,0.0,0.0,0.0,0.0,0.0,0.0,0.0,0.26366502046585083,0.4920301139354706,0.10292300581932068,-0.06795643270015717,1.054084062576294,0.20326383411884308,1.242907166481018,0.6630984544754028,1.326480507850647,0.04608394205570221,1.238084077835083,0.6449185013771057,1.4126070737838745,0.06685440987348557,1.1525362730026245,0.4758536219596863,1.365425944328308,0.015676211565732956,1.4204567670822144,0.49499669671058655,-0.8453171700239182,1.1386603116989136,-1.3530092313885689,-0.12516696006059647,0.11177659034729004,-0.10407008230686188,1.9406437873840332,0.368499755859375,-0.47719478607177734,0.13910392299294472,1.0444611310958862,-0.231875479221344,-0.36663711071014404,0.5503354594111443,0.4644632339477539,-1.0073907673358917,-0.4624009132385254,0.8379000471904874,0.1207500696182251,-1.2660734355449677,3.0,3.0,3.0,3.0,3.0,3.0,3.0,3.0,3.0,3.0,3.0,3.0,3.0,3.0,3.0,3.0,3.0,3.0,3.0,3.0,0.05,0.05,0.05,0.05,0.05,0.05,0.05,0.05,0.05,0.05,0.05,0.05,0.05,0.05,0.05,0.05,0.05,0.05,0.05,0.05,0.0,0.0,0.0,0.0,0.0,0.0,0.0,0.0,0.0,0.0,0.0,0.0,0.0,0.0,0.0,0.0,0.0,0.0,0.0,0.0
0.32647961378097534,0.4614590108394623,0.5487986207008362,-0.02450086548924446,1.1622754335403442,-0.2278825044631958,1.0951197147369385,1.0245583057403564,1.289358377456665,-0.09956642985343933,1.2261275053024292,0.8938090801239014,1.3424601554870605,-0.10768726468086243,1.398070216178894,0.6758988499641418,1.2477171421051025,-0.17923639714717865,1.5447897911071777,0.73255854845047,-1.09008327126503,0.6767451763153076,-0.47853440046310425,-0.5257550394162536,0.21633803844451904,-0.06185770034790039,0.9977072477340698,0.4627823829650879,0.2765268087387085,-0.03237742930650711,0.5165368318557739,0.539398193359375,0.42044222354888916,-0.10709837079048157,0.388413667678833,0.3523305058479309,0.3515571355819702,0.0004295259714126587,0.04736483097076416,0.3885701298713684,3.0,3.0,3.0,3.0,3.0,3.0,3.0,3.0,3.0,3.0,3.0,3.0,3.0,3.0,3.0,3.0,3.0,3.0,3.0,3.0,0.05,0.05,0.05,0.05,0.05,0.05,0.05,0.05,0.05,0.05,0.05,0.05,0.05,0.05,0.05,0.05,0.05,0.05,0.05,0.05,0.0,0.0,0.0,0.0,0.0,0.0,0.0,0.0,0.0,0.0,0.0,0.0,0.0,0.0,0.0,0.0,0.0,0.0,0.0,0.0,0.24886144697666168,0.515491247177124,0.07940465956926346,-0.07068080455064774,1.0611798763275146,0.20078454911708832,1.2799383401870728,0.6708502173423767,1.3160085678100586,0.04775720834732056,1.2554131746292114,0.6407260298728943,1.4008071422576904,0.07693159580230713,1.1600857973098755,0.458193838596344,1.3552659749984741,0.03153536841273308,1.4216729402542114,0.4719448387622833,-0.7284563034772873,1.1869244277477264,-1.0545933619141579,-0.07824040949344635,0.62674880027771,-0.14414601027965546,1.6778409481048584,0.414980947971344,-0.481492280960083,0.026842579245567322,0.6515860557556152,-0.14642775058746338,-0.6749242544174194,0.46825092285871506,0.39461851119995117,-0.6643787026405334,-0.7085591554641724,0.770353153347969,-0.07000863552093506,-1.0449014604091644,3.0,3.0,3.0,3.0,3.0,3.0,3.0,3.0,3.0,3.0,3.0,3.0,3.0,3.0,3.0,3.0,3.0,3.0,3.0,3.0,0.05,0.05,0.05,0.05,0.05,0.05,0.05,0.05,0.05,0.05,0.05,0.05,0.05,0.05,0.05,0.05,0.05,0.05,0.05,0.05,0.0,0.0,0.0,0.0,0.0,0.0,0.0,0.0,0.0,0.0,0.0,0.0,0.0,0.0,0.0,0.0,0.0,0.0,0.0,0.0
0.3046520948410034,0.4731711745262146,0.5391862988471985,-0.0338398814201355,1.1687486171722412,-0.22862407565116882,1.1155165433883667,1.032976508140564,1.296578288078308,-0.09973102062940598,1.2376047372817993,0.9047898650169373,1.3519911766052246,-0.10924343019723892,1.4064745903015137,0.683133602142334,1.2563104629516602,-0.17898264527320862,1.5456318855285645,0.7414949536323547,-1.0894730687141418,0.5132786929607391,-0.48344433307647705,-0.42279595509171486,0.34356415271759033,0.052055343985557556,1.0735958814620972,0.2816349267959595,0.3747612237930298,0.04702303558588028,0.5935788154602051,0.5639418959617615,0.46632587909698486,-0.04405621439218521,0.41999518871307373,0.4192054271697998,0.43601393699645996,0.030373036861419678,0.03789365291595459,0.5157753825187683,3.0,3.0,3.0,3.0,3.0,3.0,3.0,3.0,3.0,3.0,3.0,3.0,3.0,3.0,3.0,3.0,3.0,3.0,3.0,3.0,0.05,0.05,0.05,0.05,0.05,0.05,0.05,0.05,0.05,0.05,0.05,0.05,0.05,0.05,0.05,0.05,0.05,0.05,0.05,0.05,0.0,0.0,0.0,0.0,0.0,0.0,0.0,0.0,0.0,0.0,0.0,0.0,0.0,0.0,0.0,0.0,0.0,0.0,0.0,0.0,0.23452676832675934,0.5395070910453796,0.060739271342754364,-0.07108604907989502,1.0791540145874023,0.19749799370765686,1.3100208044052124,0.6796976923942566,1.3072208166122437,0.0471576452255249,1.2641475200653076,0.6390613913536072,1.3856101036071777,0.08558444678783417,1.1683210134506226,0.44927847385406494,1.3370835781097412,0.04649033769965172,1.417656421661377,0.45320063829421997,0.2544756978750229,1.1780813336372375,1.159084402024746,0.052682310342788696,0.7504969835281372,-0.4203870892524719,0.8896589279174805,0.3634721040725708,-0.17668604850769043,-0.17563989385962486,-0.026929378509521484,-0.05191713571548462,-0.5841225385665894,0.2101713791489601,0.5414426326751709,-0.019374489784240723,-0.3936499357223511,0.5012515932321548,0.24760067462921143,-0.4649050533771515,3.0,3.0,3.0,3.0,3.0,3.0,3.0,3.0,3.0,3.0,3.0,3.0,3.0,3.0,3.0,3.0,3.0,3.0,3.0,3.0,0.05,0.05,0.05,0.05,0.05,0.05,0.05,0.05,0.05,0.05,0.05,0.05,0.05,0.05,0.05,0.05,0.05,0.05,0.05,0.05,0.0,0.0,0.0,0.0,0.0,0.0,0.0,0.0,0.0,0.0,0.0,0.0,0.0,0.0,0.0,0.0,0.0,0.0,0.0,0.0
0.28290069103240967,0.48199015855789185,0.5294608473777771,-0.041412703692913055,1.1760179996490479,-0.2258002907037735,1.1380635499954224,1.0358237028121948,1.3043488264083862,-0.09768550843000412,1.2498706579208374,0.9163667559623718,1.36111319065094,-0.10944951325654984,1.414870023727417,0.6926670670509338,1.265157699584961,-0.17802147567272186,1.546305537223816,0.7531895637512207,-1.048729568719864,0.3619186580181122,-0.5715668201446533,-0.3225702792406082,0.398525595664978,0.15695057809352875,1.0679960250854492,0.13280808925628662,0.403556227684021,0.09677000343799591,0.5942761898040771,0.544235110282898,0.42604804039001465,-0.0042088329792022705,0.40387213230133057,0.4548013210296631,0.39238929748535156,0.04876069724559784,0.030314922332763672,0.5249544978141785,3.0,3.0,3.0,3.0,3.0,3.0,3.0,3.0,3.0,3.0,3.0,3.0,3.0,3.0,3.0,3.0,3.0,3.0,3.0,3.0,0.05,0.05,0.05,0.05,0.05,0.05,0.05,0.05,0.05,0.05,0.05,0.05,0.05,0.05,0.05,0.05,0.05,0.05,0.05,0.05,0.0,0.0,0.0,0.0,0.0,0.0,0.0,0.0,0.0,0.0,0.0,0.0,0.0,0.0,0.0,0.0,0.0,0.0,0.0,0.0,0.2590404748916626,0.5626145005226135,0.1257680356502533,-0.06857351213693619,1.0911997556686401,0.18396906554698944,1.315524697303772,0.6853891015052795,1.308941125869751,0.04073161259293556,1.2543359994888306,0.6386493444442749,1.3774422407150269,0.08533845096826553,1.1817435026168823,0.45741885900497437,1.33951997756958,0.05158543214201927,1.4315769672393799,0.45334863662719727,2.8187211602926254,0.6272792816162109,2.994040586054325,1.2135651893913746,1.0197460651397705,-1.0080032050609589,-0.3989368677139282,0.20156502723693848,0.5727708339691162,-0.6843895185738802,-1.1028051376342773,0.011493265628814697,-0.14860033988952637,-0.5362261086702347,0.6536722183227539,0.9885914623737335,0.5001038312911987,-0.4558148328214884,0.9351283311843872,0.7279641926288605,3.0,3.0,3.0,3.0,3.0,3.0,3.0,3.0,3.0,3.0,3.0,3.0,3.0,3.0,3.0,3.0,3.0,3.0,3.0,3.0,0.05,0.05,0.05,0.05,0.05,0.05,0.05,0.05,0.05,0.05,0.05,0.05,0.05,0.05,0.05,0.05,0.05,0.05,0.05,0.05,0.0,0.0,0.0,0.0,0.0,0.0,0.0,0.0,0.0,0.0,0.0,0.0,0.0,0.0,0.0,0.0,0.0,0.0,0.0,0.0
0.26270291209220886,0.4876479208469391,0.5163236260414124,-0.04674269258975983,1.1846896409988403,-0.22234605252742767,1.1582363843917847,1.0382888317108154,1.312720537185669,-0.09586022049188614,1.2613757848739624,0.9265592694282532,1.3690330982208252,-0.10941178351640701,1.422629475593567,0.7013256549835205,1.2720060348510742,-0.1770322173833847,1.546844482421875,0.7624931335449219,-0.9034402668476105,0.21391957998275757,-0.6361037492752075,-0.2650712616741657,0.4523038864135742,0.2235177904367447,1.0029733180999756,0.062018632888793945,0.45269131660461426,0.12553539127111435,0.5431324243545532,0.4794463515281677,0.3779977560043335,0.003672949969768524,0.36287009716033936,0.45105069875717163,0.347021222114563,0.058741867542266846,0.024250149726867676,0.42364299297332764,3.0,3.0,3.0,3.0,3.0,3.0,3.0,3.0,3.0,3.0,3.0,3.0,3.0,3.0,3.0,3.0,3.0,3.0,3.0,3.0,0.05,0.05,0.05,0.05,0.05,0.05,0.05,0.05,0.05,0.05,0.05,0.05,0.05,0.05,0.05,0.05,0.05,0.05,0.05,0.05,0.0,0.0,0.0,0.0,0.0,0.0,0.0,0.0,0.0,0.0,0.0,0.0,0.0,0.0,0.0,0.0,0.0,0.0,0.0,0.0,0.34727561473846436,0.5645982623100281,0.18050089478492737,-0.022543441504240036,1.1199438571929932,0.1571778655052185,1.2940633296966553,0.6877602934837341,1.3301316499710083,0.019782064482569695,1.2200353145599365,0.6395211219787598,1.3796660900115967,0.06413540244102478,1.1944679021835327,0.4888221323490143,1.3570877313613892,0.028257744386792183,1.4550615549087524,0.4823192059993744,3.4252040088176727,0.43204575777053833,2.6554785668849945,1.3570597860962152,0.7124662399291992,-1.9035276025533676,-1.0382652282714844,0.41041672229766846,1.0883033275604248,-1.2951226439327002,-1.8928855657577515,0.2850577235221863,0.029793381690979004,-1.2092474848031998,0.17316341400146484,1.9127503037452698,0.13297796249389648,-1.2749826535582542,1.0568082332611084,1.8451929092407227,3.0,3.0,3.0,3.0,3.0,3.0,3.0,3.0,3.0,3.0,3.0,3.0,3.0,3.0,3.0,3.0,3.0,3.0,3.0,3.0,0.05,0.05,0.05,0.05,0.05,0.05,0.05,0.05,0.05,0.05,0.05,0.05,0.05,0.05,0.05,0.05,0.05,0.05,0.05,0.05,0.0,0.0,0.0,0.0,0.0,0.0,0.0,0.0,0.0,0.0,0.0,0.0,0.0,0.0,0.0,0.0,0.0,0.0,0.0,0.0
0.24676308035850525,0.49054694175720215,0.5040166974067688,-0.052015554159879684,1.1941101551055908,-0.2168595790863037,1.1781824827194214,1.0383044481277466,1.3224564790725708,-0.09266409277915955,1.2715959548950195,0.9355446100234985,1.3762331008911133,-0.1093025952577591,1.4293848276138306,0.7107090950012207,1.2790385484695435,-0.1756718009710312,1.5472755432128906,0.7701352834701538,-0.6641656160354614,0.12150928378105164,-0.6629407405853271,-0.2460639923810959,0.34253597259521484,0.27287863194942474,0.8946418762207031,-0.07142424583435059,0.43595433235168457,0.15732813626527786,0.3757685422897339,0.35835355520248413,0.30340254306793213,-0.012116506695747375,0.2131730318069458,0.401894748210907,0.30104219913482666,0.06148144602775574,0.01939833164215088,0.34947991371154785,3.0,3.0,3.0,3.0,3.0,3.0,3.0,3.0,3.0,3.0,3.0,3.0,3.0,3.0,3.0,3.0,3.0,3.0,3.0,3.0,0.05,0.05,0.05,0.05,0.05,0.05,0.05,0.05,0.05,0.05,0.05,0.05,0.05,0.05,0.05,0.05,0.05,0.05,0.05,0.05,0.0,0.0,0.0,0.0,0.0,0.0,0.0,0.0,0.0,0.0,0.0,0.0,0.0,0.0,0.0,0.0,0.0,0.0,0.0,0.0,0.3960486352443695,0.5798963308334351,0.23198717832565308,-0.014291120693087578,1.119698405265808,0.10782796144485474,1.2739940881729126,0.7018057703971863,1.352473258972168,-0.011073293164372444,1.1786205768585205,0.6500516533851624,1.378633975982666,0.03696855157613754,1.188670039176941,0.5339288711547852,1.344839096069336,0.0005861259996891022,1.4738492965698242,0.5271563529968262,1.4379419386386871,0.6927043199539185,2.0511917769908905,0.03558802418410778,-1.075705885887146,-2.6799485087394714,-0.6810903549194336,0.7212892174720764,0.9435504674911499,-1.200727978721261,-1.5651941299438477,0.61502605676651,-0.05607306957244873,-1.0041380301117897,-0.20965039730072021,2.152393013238907,-0.9953469038009644,-0.9125233860686421,0.5448639392852783,1.9058726727962494,3.0,3.0,3.0,3.0,3.0,3.0,3.0,3.0,3.0,3.0,3.0,3.0,3.0,3.0,3.0,3.0,3.0,3.0,3.0,3.0,0.05,0.05,0.05,0.05,0.05,0.05,0.05,0.05,0.05,0.05,0.05,0.05,0.05,0.05,0.05,0.05,0.05,0.05,0.05,0.05,0.0,0.0,0.0,0.0,0.0,0.0,0.0,0.0,0.0,0.0,0.0,0.0,0.0,0.0,0.0,0.0,0.0,0.0,0.0,0.0
0.2361362874507904,0.49250829219818115,0.48980599641799927,-0.05658525228500366,1.198391079902649,-0.21143090724945068,1.1940220594406128,1.0354318618774414,1.3301587104797363,-0.08956709504127502,1.2764065265655518,0.9408934116363525,1.3811691999435425,-0.10989644378423691,1.4311563968658447,0.7174014449119568,1.2840477228164673,-0.17457295954227448,1.547620415687561,0.7764723300933838,-0.42658671736717224,0.06969720125198364,-0.7371604442596436,-0.21295547485351562,0.141984224319458,0.264117494225502,0.703856348991394,-0.19239485263824463,0.36662817001342773,0.1472705975174904,0.13847649097442627,0.19249320030212402,0.20688176155090332,-0.04587918519973755,0.003013014793395996,0.27159154415130615,0.22538602352142334,0.046082958579063416,0.015521049499511719,0.2896606922149658,3.0,3.0,3.0,3.0,3.0,3.0,3.0,3.0,3.0,3.0,3.0,3.0,3.0,3.0,3.0,3.0,3.0,3.0,3.0,3.0,0.05,0.05,0.05,0.05,0.05,0.05,0.05,0.05,0.05,0.05,0.05,0.05,0.05,0.05,0.05,0.05,0.05,0.05,0.05,0.05,0.0,0.0,0.0,0.0,0.0,0.0,0.0,0.0,0.0,0.0,0.0,0.0,0.0,0.0,0.0,0.0,0.0,0.0,0.0,0.0,0.40479329228401184,0.5923064351081848,0.262548565864563,-0.021119920536875725,1.0769156217575073,0.04997992515563965,1.266819715499878,0.7166118621826172,1.3678736686706543,-0.028247054666280746,1.1574275493621826,0.6641221642494202,1.3774231672286987,0.023969881236553192,1.186081886291504,0.5749178528785706,1.3172738552093506,-0.008243191055953503,1.4768561124801636,0.5585541129112244,0.23845210671424866,0.524565577507019,0.3314882516860962,-0.5220463965088129,-2.3747652769088745,-2.7549651451408863,-0.4806727170944214,0.5867168307304382,0.7690161466598511,-0.7116201799362898,-0.8508831262588501,0.6408169865608215,-0.059154629707336426,-0.544861052185297,-0.10886192321777344,1.8330052495002747,-1.4080315828323364,-0.3314181696623564,-0.008240342140197754,1.3380065560340881,3.0,3.0,3.0,3.0,3.0,3.0,3.0,3.0,3.0,3.0,3.0,3.0,3.0,3.0,3.0,3.0,3.0,3.0,3.0,3.0,0.05,0.05,0.05,0.05,0.05,0.05,0.05,0.05,0.05,0.05,0.05,0.05,0.05,0.05,0.05,0.05,0.05,0.05,0.05,0.05,0.0,0.0,0.0,0.0,0.0,0.0,0.0,0.0,0.0,0.0,0.0,0.0,0.0,0.0,0.0,0.0,0.0,0.0,0.0,0.0
0.22969961166381836,0.4933348298072815,0.47453027963638306,-0.06053377315402031,1.1997895240783691,-0.20629487931728363,1.2063367366790771,1.0306086540222168,1.337121605873108,-0.08677326887845993,1.2771350145339966,0.9432443380355835,1.3845083713531494,-0.1111377626657486,1.4295053482055664,0.721572756767273,1.2880539894104004,-0.17382848262786865,1.547896385192871,0.7817217111587524,-0.2938374876976013,0.04733726382255554,-0.6525933742523193,-0.17614960670471191,0.09057223796844482,0.24254098534584045,0.5687952041625977,-0.22323429584503174,0.3132343292236328,0.1219339668750763,0.0336378812789917,0.10604411363601685,0.14367401599884033,-0.05930550396442413,-0.07694363594055176,0.1878991723060608,0.18355250358581543,0.039711594581604004,0.012418627738952637,0.23811310529708862,3.0,3.0,3.0,3.0,3.0,3.0,3.0,3.0,3.0,3.0,3.0,3.0,3.0,3.0,3.0,3.0,3.0,3.0,3.0,3.0,0.05,0.05,0.05,0.05,0.05,0.05,0.05,0.05,0.05,0.05,0.05,0.05,0.05,0.05,0.05,0.05,0.05,0.05,0.05,0.05,0.0,0.0,0.0,0.0,0.0,0.0,0.0,0.0,0.0,0.0,0.0,0.0,0.0,0.0,0.0,0.0,0.0,0.0,0.0,0.0,0.40558671951293945,0.6008789539337158,0.24524670839309692,-0.035172976553440094,1.0247077941894531,-0.002370644360780716,1.2547671794891357,0.7252744436264038,1.383233904838562,-0.039538100361824036,1.1445852518081665,0.6756843328475952,1.3762677907943726,0.015174109488725662,1.18431556224823,0.6072490811347961,1.2885178327560425,-0.012670600786805153,1.4735196828842163,0.5806766152381897,-0.22124424576759338,0.26808828115463257,-1.467042788863182,-0.4373041447252035,-2.667425572872162,-2.2715401835739613,-0.6463378667831421,0.324760377407074,0.46530961990356445,-0.505853071808815,-0.6826132535934448,0.46942681074142456,-0.00813603401184082,-0.37953038699924946,0.07224380970001221,1.5349328517913818,-1.0663926601409912,-0.20527897868305445,-0.026288628578186035,1.0453328490257263,3.0,3.0,3.0,3.0,3.0,3.0,3.0,3.0,3.0,3.0,3.0,3.0,3.0,3.0,3.0,3.0,3.0,3.0,3.0,3.0,0.05,0.05,0.05,0.05,0.05,0.05,0.05,0.05,0.05,0.05,0.05,0.05,0.05,0.05,0.05,0.05,0.05,0.05,0.05,0.05,0.0,0.0,0.0,0.0,0.0,0.0,0.0,0.0,0.0,0.0,0.0,0.0,0.0,0.0,0.0,0.0,0.0,0.0,0.0,0.0
0.22438278794288635,0.4944017827510834,0.4637022614479065,-0.06363123655319214,1.2020139694213867,-0.20172926783561707,1.2167738676071167,1.0265024900436401,1.3426880836486816,-0.08468973636627197,1.2777520418167114,0.9451351761817932,1.386916160583496,-0.11226866394281387,1.4280786514282227,0.7249174118041992,1.2913898229599,-0.17298449575901031,1.5481171607971191,0.7859968543052673,-0.29726289212703705,0.0604577362537384,-0.4515722393989563,-0.13626636937260628,0.13795793056488037,0.2684328705072403,0.49511194229125977,-0.21516680717468262,0.26814937591552734,0.10150577872991562,0.04851818084716797,0.0886872410774231,0.10659098625183105,-0.06121005862951279,-0.049236416816711426,0.15521347522735596,0.14370977878570557,0.0651869922876358,0.009933114051818848,0.2061203122138977,3.0,3.0,3.0,3.0,3.0,3.0,3.0,3.0,3.0,3.0,3.0,3.0,3.0,3.0,3.0,3.0,3.0,3.0,3.0,3.0,0.05,0.05,0.05,0.05,0.05,0.05,0.05,0.05,0.05,0.05,0.05,0.05,0.05,0.05,0.05,0.05,0.05,0.05,0.05,0.05,0.0,0.0,0.0,0.0,0.0,0.0,0.0,0.0,0.0,0.0,0.0,0.0,0.0,0.0,0.0,0.0,0.0,0.0,0.0,0.0,0.3959435224533081,0.6030299663543701,0.2038668543100357,-0.038612086325883865,0.9702185988426208,-0.0408816821873188,1.2409662008285522,0.7296022772789001,1.3864860534667969,-0.04848117753863335,1.1301230192184448,0.6828992366790771,1.377097725868225,0.008788665756583214,1.1889716386795044,0.6363151669502258,1.274618148803711,-0.01645435020327568,1.4758045673370361,0.6003674268722534,-0.7247336208820343,-0.2585664391517639,-2.0657509565353394,-0.19456222653388977,-3.1431496143341064,-1.3363334350287914,-0.905415415763855,0.03589242696762085,-0.7597565650939941,-0.5114933475852013,-1.0881215333938599,0.17172247171401978,0.2949714660644531,-0.2519382396712899,0.738900899887085,1.6141310334205627,-0.0008255243301391602,-0.26064976118505,0.24067163467407227,1.1277928948402405,3.0,3.0,3.0,3.0,3.0,3.0,3.0,3.0,3.0,3.0,3.0,3.0,3.0,3.0,3.0,3.0,3.0,3.0,3.0,3.0,0.05,0.05,0.05,0.05,0.05,0.05,0.05,0.05,0.05,0.05,0.05,0.05,0.05,0.05,0.05,0.05,0.05,0.05,0.05,0.05,0.0,0.0,0.0,0.0,0.0,0.0,0.0,0.0,0.0,0.0,0.0,0.0,0.0,0.0,0.0,0.0,0.0,0.0,0.0,0.0
0.21780909597873688,0.49575313925743103,0.4564673900604248,-0.06598442792892456,1.2053078413009644,-0.19555756449699402,1.2261412143707275,1.0220019817352295,1.347847580909729,-0.0827130377292633,1.2790757417678833,0.9467918276786804,1.3887720108032227,-0.11358616501092911,1.427535891532898,0.7277812957763672,1.2938023805618286,-0.17122100293636322,1.5482937097549438,0.7899665236473083,-0.2663359045982361,0.09442120790481567,-0.2167336642742157,-0.10553300380706787,0.10851025581359863,0.2677861601114273,0.4058927297592163,-0.23250579833984375,0.21124780178070068,0.10505169630050659,0.04932582378387451,0.06175041198730469,0.07351934909820557,-0.044015608727931976,-0.02880692481994629,0.1187548041343689,0.10840296745300293,0.081663578748703,0.00794529914855957,0.18409937620162964,3.0,3.0,3.0,3.0,3.0,3.0,3.0,3.0,3.0,3.0,3.0,3.0,3.0,3.0,3.0,3.0,3.0,3.0,3.0,3.0,0.05,0.05,0.05,0.05,0.05,0.05,0.05,0.05,0.05,0.05,0.05,0.05,0.05,0.05,0.05,0.05,0.05,0.05,0.05,0.05,0.0,0.0,0.0,0.0,0.0,0.0,0.0,0.0,0.0,0.0,0.0,0.0,0.0,0.0,0.0,0.0,0.0,0.0,0.0,0.0,0.3765973746776581,0.5905362963676453,0.16261667013168335,-0.042955465614795685,0.8989818096160889,-0.05582398176193237,1.2185505628585815,0.7267101407051086,1.3528436422348022,-0.059997834265232086,1.101060390472412,0.682553231716156,1.3880666494369507,0.005096579901874065,1.2138715982437134,0.6718143224716187,1.288484811782837,-0.023096591234207153,1.4831465482711792,0.6257883310317993,-0.6411612033843994,-0.3890201449394226,-1.7085585743188858,-0.08045919239521027,-4.143160581588745,-0.2926408313214779,-1.4617353677749634,-0.3858104348182678,-1.9671648740768433,-0.18649538978934288,-1.2790411710739136,0.06434321403503418,0.19667744636535645,-0.12454320676624775,1.5705287456512451,1.9469857215881348,1.0301709175109863,-0.468965619802475,0.48640668392181396,1.2942448258399963,3.0,3.0,3.0,3.0,3.0,3.0,3.0,3.0,3.0,3.0,3.0,3.0,3.0,3.0,3.0,3.0,3.0,3.0,3.0,3.0,0.05,0.05,0.05,0.05,0.05,0.05,0.05,0.05,0.05,0.05,0.05,0.05,0.05,0.05,0.05,0.05,0.05,0.05,0.05,0.05,0.0,0.0,0.0,0.0,0.0,0.0,0.0,0.0,0.0,0.0,0.0,0.0,0.0,0.0,0.0,0.0,0.0,0.0,0.0,0.0
0.2137293517589569,0.498178631067276,0.45503291487693787,-0.06785255670547485,1.2063543796539307,-0.19101782143115997,1.2330095767974854,1.0172022581100464,1.3511379957199097,-0.08048766851425171,1.2797250747680664,0.9476051926612854,1.3898569345474243,-0.11402928829193115,1.4269263744354248,0.729667603969574,1.29572594165802,-0.1697179526090622,1.5484349727630615,0.7933608293533325,-0.12656748294830322,0.13420060276985168,0.07247328758239746,-0.08601751178503036,0.0272214412689209,0.18941164016723633,0.2980083227157593,-0.22665560245513916,0.14156997203826904,0.10218210518360138,0.023698806762695312,0.03050863742828369,0.047719478607177734,-0.0154055655002594,-0.030431151390075684,0.07949620485305786,0.08400380611419678,0.06749480962753296,0.00635683536529541,0.15178322792053223,3.0,3.0,3.0,3.0,3.0,3.0,3.0,3.0,3.0,3.0,3.0,3.0,3.0,3.0,3.0,3.0,3.0,3.0,3.0,3.0,0.05,0.05,0.05,0.05,0.05,0.05,0.05,0.05,0.05,0.05,0.05,0.05,0.05,0.05,0.05,0.05,0.05,0.05,0.05,0.05,0.0,0.0,0.0,0.0,0.0,0.0,0.0,0.0,0.0,0.0,0.0,0.0,0.0,0.0,0.0,0.0,0.0,0.0,0.0,0.0,0.37029707431793213,0.5874691605567932,0.13552451133728027,-0.041830454021692276,0.804492175579071,-0.05258731544017792,1.1824967861175537,0.7141698598861694,1.3077994585037231,-0.05594099313020706,1.0789613723754883,0.6854729652404785,1.3849648237228394,0.003806937485933304,1.2517927885055542,0.7141945958137512,1.3158249855041504,-0.03521297499537468,1.4952608346939087,0.6521372199058533,0.18504038453102112,-0.18364936113357544,0.2895548939704895,0.043147243559360504,-5.013155937194824,-0.3691595047712326,-3.5472482442855835,-2.083785831928253,-3.2377690076828003,0.23999884724617004,-1.4053106307983398,-0.0060811638832092285,-0.4812687635421753,-0.06025026086717844,1.9108831882476807,2.126668393611908,0.931328535079956,-0.6090081296861172,0.3793388605117798,1.2766510248184204,3.0,3.0,3.0,3.0,3.0,3.0,3.0,3.0,3.0,3.0,3.0,3.0,3.0,3.0,3.0,3.0,3.0,3.0,3.0,3.0,0.05,0.05,0.05,0.05,0.05,0.05,0.05,0.05,0.05,0.05,0.05,0.05,0.05,0.05,0.05,0.05,0.05,0.05,0.05,0.05,0.0,0.0,0.0,0.0,0.0,0.0,0.0,0.0,0.0,0.0,0.0,0.0,0.0,0.0,0.0,0.0,0.0,0.0,0.0,0.0
0.21274639666080475,0.5011211633682251,0.4593663215637207,-0.06942512840032578,1.2063966989517212,-0.18798109889030457,1.238061547279358,1.012935757637024,1.3535103797912598,-0.07862575352191925,1.2800236940383911,0.9480121731758118,1.3906807899475098,-0.11420238763093948,1.426318645477295,0.7309611439704895,1.2971625328063965,-0.1685212105512619,1.5485479831695557,0.7960378527641296,-0.0018574297428131104,0.18611326813697815,0.3330513834953308,-0.06951317191123962,-0.07046759128570557,0.10241977870464325,0.1661241054534912,-0.2545863389968872,0.05289912223815918,0.09934119880199432,-0.03007948398590088,-0.025813281536102295,0.012674927711486816,0.02422817051410675,-0.060486793518066406,0.010189414024353027,0.033602118492126465,0.0601060688495636,0.00508427619934082,0.10005384683609009,3.0,3.0,3.0,3.0,3.0,3.0,3.0,3.0,3.0,3.0,3.0,3.0,3.0,3.0,3.0,3.0,3.0,3.0,3.0,3.0,0.05,0.05,0.05,0.05,0.05,0.05,0.05,0.05,0.05,0.05,0.05,0.05,0.05,0.05,0.05,0.05,0.05,0.05,0.05,0.05,0.0,0.0,0.0,0.0,0.0,0.0,0.0,0.0,0.0,0.0,0.0,0.0,0.0,0.0,0.0,0.0,0.0,0.0,0.0,0.0,0.3839989900588989,0.5831903219223022,0.17419886589050293,-0.041229575872421265,0.6984555721282959,-0.07059036195278168,1.0766606330871582,0.6433587074279785,1.2233328819274902,-0.050397880375385284,1.0448479652404785,0.6823099851608276,1.3688158988952637,0.002686569467186928,1.2903069257736206,0.756881058216095,1.3257379531860352,-0.04745691642165184,1.4983201026916504,0.6768543720245361,0.794297456741333,-0.05154013633728027,2.140539512038231,0.015254132449626923,-5.762408673763275,-1.213005743920803,-5.775552988052368,-3.779684007167816,-4.6630859375,0.4958580248057842,-2.264741063117981,-0.49974769353866577,-0.7864028215408325,0.09162038331851363,1.7354607582092285,1.9489482045173645,0.26949942111968994,-0.5837542936205864,-0.03560185432434082,1.0903939604759216,3.0,3.0,3.0,3.0,3.0,3.0,3.0,3.0,3.0,3.0,3.0,3.0,3.0,3.0,3.0,3.0,3.0,3.0,3.0,3.0,0.05,0.05,0.05,0.05,0.05,0.05,0.05,0.05,0.05,0.05,0.05,0.05,0.05,0.05,0.05,0.05,0.05,0.05,0.05,0.05,0.0,0.0,0.0,0.0,0.0,0.0,0.0,0.0,0.0,0.0,0.0,0.0,0.0,0.0,0.0,0.0,0.0,0.0,0.0,0.0
0.21365505456924438,0.5056231617927551,0.4683549702167511,-0.07063308358192444,1.2035356760025024,-0.18692103028297424,1.239654541015625,1.007018804550171,1.353253960609436,-0.07651402056217194,1.2785218954086304,0.9465726613998413,1.3903639316558838,-0.11306016147136688,1.4245069026947021,0.7300751805305481,1.297070026397705,-0.16731370985507965,1.5486383438110352,0.7973629832267761,0.15313997864723206,0.18506348133087158,0.49824416637420654,-0.040268898010253906,-0.23193657398223877,-0.0024840235710144043,0.10775327682495117,-0.28889477252960205,-0.08696317672729492,0.07436461746692657,-0.07864534854888916,-0.09663999080657959,-0.060743093490600586,0.06878338754177094,-0.16242563724517822,-0.12789368629455566,-0.12319684028625488,0.04757121205329895,0.00406801700592041,-0.002849102020263672,3.0,3.0,3.0,3.0,3.0,3.0,3.0,3.0,3.0,3.0,3.0,3.0,3.0,3.0,3.0,3.0,3.0,3.0,3.0,3.0,0.05,0.05,0.05,0.05,0.05,0.05,0.05,0.05,0.05,0.05,0.05,0.05,0.05,0.05,0.05,0.05,0.05,0.05,0.05,0.05,0.0,0.0,0.0,0.0,0.0,0.0,0.0,0.0,0.0,0.0,0.0,0.0,0.0,0.0,0.0,0.0,0.0,0.0,0.0,0.0,0.40206897258758545,0.585407555103302,0.2211460918188095,-0.0412202887237072,0.57399582862854,-0.10110754519701004,0.951474666595459,0.5629824995994568,1.1212760210037231,-0.03610667213797569,0.988371729850769,0.6654830574989319,1.353508710861206,0.007471752818673849,1.3212112188339233,0.7921525239944458,1.326604962348938,-0.058563146740198135,1.493836760520935,0.6957529783248901,3.27455997467041,0.35069286823272705,2.4459131062030792,3.0867334455251694,-4.058045148849487,-1.4946751296520233,-7.182839512825012,-4.917380213737488,-5.270764231681824,1.0600407142192125,-4.9764275550842285,-2.1525636315345764,-4.426798224449158,1.7105578910559416,1.910051703453064,4.73802387714386,-3.5809576511383057,0.8517409674823284,0.16373395919799805,4.73548024892807,3.0,3.0,3.0,3.0,3.0,3.0,3.0,3.0,3.0,3.0,3.0,3.0,3.0,3.0,3.0,3.0,3.0,3.0,3.0,3.0,0.05,0.05,0.05,0.05,0.05,0.05,0.05,0.05,0.05,0.05,0.05,0.05,0.05,0.05,0.05,0.05,0.05,0.05,0.05,0.05,0.0,0.0,0.0,0.0,0.0,0.0,0.0,0.0,0.0,0.0,0.0,0.0,0.0,0.0,0.0,0.0,0.0,0.0,0.0,0.0
0.21887199580669403,0.50852370262146,0.47929608821868896,-0.07103588432073593,1.1971192359924316,-0.18808045983314514,1.242371678352356,1.0013799667358398,1.350031852722168,-0.07565116882324219,1.2768778800964355,0.9441465735435486,1.3882510662078857,-0.11145105212926865,1.4198216199874878,0.7258453965187073,1.2922346591949463,-0.16661836206912994,1.5487107038497925,0.7959238886833191,0.3623511642217636,0.11325925588607788,0.572330504655838,-0.004239380359649658,-0.41987597942352295,-0.09665712714195251,0.19771158695220947,-0.27122944593429565,-0.24119317531585693,0.016777217388153076,-0.06413459777832031,-0.1377895474433899,-0.16006529331207275,0.08339565247297287,-0.2917289733886719,-0.292380154132843,-0.33159852027893066,0.014817342162132263,0.003254413604736328,-0.14953315258026123,3.0,3.0,3.0,3.0,3.0,3.0,3.0,3.0,3.0,3.0,3.0,3.0,3.0,3.0,3.0,3.0,3.0,3.0,3.0,3.0,0.05,0.05,0.05,0.05,0.05,0.05,0.05,0.05,0.05,0.05,0.05,0.05,0.05,0.05,0.05,0.05,0.05,0.05,0.05,0.05,0.0,0.0,0.0,0.0,0.0,0.0,0.0,0.0,0.0,0.0,0.0,0.0,0.0,0.0,0.0,0.0,0.0,0.0,0.0,0.0,0.5149813890457153,0.5972180366516113,0.2720353901386261,0.08223976194858551,0.5361337661743164,-0.1303773671388626,0.7893470525741577,0.446663498878479,1.0125023126602173,-0.007996251806616783,0.8457908630371094,0.5962074398994446,1.1917439699172974,0.07110888510942459,1.3667089939117432,0.9464020133018494,1.182499647140503,-0.013387277722358704,1.5048694610595703,0.8662735819816589,4.5371368527412415,-1.0001957416534424,3.257616236805916,7.200844120234251,-1.6750097274780273,-0.5644675344228745,-8.139894902706146,-4.216920584440231,-5.568431317806244,0.9804670000448823,-6.648710370063782,-4.908280074596405,-10.779839754104614,1.749465859029442,-1.8719345331192017,6.713378429412842,-10.328131914138794,1.4479223871603608,-3.2959043979644775,7.091931998729706,3.0,3.0,3.0,3.0,3.0,3.0,3.0,3.0,3.0,3.0,3.0,3.0,3.0,3.0,3.0,3.0,3.0,3.0,3.0,3.0,0.05,0.05,0.05,0.05,0.05,0.05,0.05,0.05,0.05,0.05,0.05,0.05,0.05,0.05,0.05,0.05,0.05,0.05,0.05,0.05,0.0,0.0,0.0,0.0,0.0,0.0,0.0,0.0,0.0,0.0,0.0,0.0,0.0,0.0,0.0,0.0,0.0,0.0,0.0,0.0
0.22814910113811493,0.5101535320281982,0.4912481904029846,-0.07080265879631042,1.1867406368255615,-0.19078731536865234,1.2475630044937134,0.9961696267127991,1.3436062335968018,-0.07584293186664581,1.2759565114974976,0.9410610795021057,1.3839613199234009,-0.10972433537244797,1.4128377437591553,0.7183799743652344,1.2838060855865479,-0.16672101616859436,1.5487685203552246,0.7913816571235657,0.5593445152044296,0.06554722785949707,0.5235195159912109,0.016876868903636932,-0.5698233842849731,-0.14897175133228302,0.3366053104400635,-0.30457228422164917,-0.33565759658813477,-0.03836490213871002,0.0004202127456665039,-0.2091735601425171,-0.2485901117324829,0.07741246372461319,-0.3290832042694092,-0.4508554935455322,-0.4030585289001465,-0.008060410618782043,0.0026017427444458008,-0.32250285148620605,3.0,3.0,3.0,3.0,3.0,3.0,3.0,3.0,3.0,3.0,3.0,3.0,3.0,3.0,3.0,3.0,3.0,3.0,3.0,3.0,0.05,0.05,0.05,0.05,0.05,0.05,0.05,0.05,0.05,0.05,0.05,0.05,0.05,0.05,0.05,0.05,0.05,0.05,0.05,0.05,0.0,0.0,0.0,0.0,0.0,0.0,0.0,0.0,0.0,0.0,0.0,0.0,0.0,0.0,0.0,0.0,0.0,0.0,0.0,0.0,0.5835544466972351,0.5453997254371643,0.35145074129104614,0.24681347608566284,0.506995439529419,-0.12368624657392502,0.6258788704872131,0.39430567622184753,0.8985387682914734,0.003112007863819599,0.7224233150482178,0.4691518545150757,0.9223151206970215,0.07745038717985153,1.2463338375091553,1.0606876611709595,0.9134796857833862,-0.0006462512537837029,1.362000584602356,0.9794302582740784,3.7384167313575745,-1.4496609568595886,3.0022509396076202,6.24036006629467,-2.86235511302948,0.6941743195056915,-6.56743049621582,-3.286921977996826,-5.646982789039612,0.7822748739272356,-6.8486034870147705,-3.5025745630264282,-12.124297022819519,0.841633602976799,-8.288979530334473,4.107283055782318,-12.105897068977356,1.648478303104639,-7.9600125551223755,3.9836660027503967,3.0,3.0,3.0,3.0,3.0,3.0,3.0,3.0,3.0,3.0,3.0,3.0,3.0,3.0,3.0,3.0,3.0,3.0,3.0,3.0,0.05,0.05,0.05,0.05,0.05,0.05,0.05,0.05,0.05,0.05,0.05,0.05,0.05,0.05,0.05,0.05,0.05,0.05,0.05,0.05,0.0,0.0,0.0,0.0,0.0,0.0,0.0,0.0,0.0,0.0,0.0,0.0,0.0,0.0,0.0,0.0,0.0,0.0,0.0,0.0
0.24124577641487122,0.5111455917358398,0.5002368688583374,-0.07036080956459045,1.1743263006210327,-0.19403932988643646,1.2558358907699585,0.9891970753669739,1.3366055488586426,-0.07718576490879059,1.2768946886062622,0.9357796311378479,1.3783074617385864,-0.10835455358028412,1.4066582918167114,0.707811176776886,1.2761123180389404,-0.16694077849388123,1.5488147735595703,0.7830237746238708,0.7642637938261032,0.056353211402893066,0.34555643796920776,0.013907626271247864,-0.6210446357727051,-0.21468587219715118,0.391271710395813,-0.39227455854415894,-0.3691345453262329,-0.08774716407060623,0.003057718276977539,-0.3348022699356079,-0.29051005840301514,0.07640346884727478,-0.2925395965576172,-0.5506128072738647,-0.335925817489624,-0.007659196853637695,0.0020831823348999023,-0.4452824592590332,3.0,3.0,3.0,3.0,3.0,3.0,3.0,3.0,3.0,3.0,3.0,3.0,3.0,3.0,3.0,3.0,3.0,3.0,3.0,3.0,0.05,0.05,0.05,0.05,0.05,0.05,0.05,0.05,0.05,0.05,0.05,0.05,0.05,0.05,0.05,0.05,0.05,0.05,0.05,0.05,0.0,0.0,0.0,0.0,0.0,0.0,0.0,0.0,0.0,0.0,0.0,0.0,0.0,0.0,0.0,0.0,0.0,0.0,0.0,0.0,0.6645180583000183,0.5392315983772278,0.3921254277229309,0.3318541646003723,0.4216395616531372,-0.10261039435863495,0.5266498327255249,0.31518661975860596,0.7866230010986328,0.02329474315047264,0.5718467235565186,0.45610445737838745,0.7067720890045166,0.10477422922849655,1.0351498126983643,1.110693335533142,0.6982637643814087,0.05255185440182686,1.1864689588546753,1.0256202220916748,5.072389543056488,-0.2811238169670105,0.12203007936477661,4.1862741112709045,-0.035643577575683594,1.3034714385867119,-3.034435212612152,-3.1956687569618225,-2.756856381893158,1.101566362194717,-5.000613629817963,-1.1305317282676697,-5.402335524559021,2.0092250779271126,-7.813477516174316,3.4598559141159058,-6.018069386482239,2.9171933187171817,-6.741723418235779,2.5919899344444275,3.0,3.0,3.0,3.0,3.0,3.0,3.0,3.0,3.0,3.0,3.0,3.0,3.0,3.0,3.0,3.0,3.0,3.0,3.0,3.0,0.05,0.05,0.05,0.05,0.05,0.05,0.05,0.05,0.05,0.05,0.05,0.05,0.05,0.05,0.05,0.05,0.05,0.05,0.05,0.05,0.0,0.0,0.0,0.0,0.0,0.0,0.0,0.0,0.0,0.0,0.0,0.0,0.0,0.0,0.0,0.0,0.0,0.0,0.0,0.0
0.25871965289115906,0.512407660484314,0.5050704479217529,-0.07024635374546051,1.1618988513946533,-0.1993747502565384,1.263213872909546,0.9804786443710327,1.3288408517837524,-0.07935281842947006,1.2760788202285767,0.9276689887046814,1.3723409175872803,-0.10666819661855698,1.4011361598968506,0.6963554620742798,1.270369052886963,-0.16702738404273987,1.5488518476486206,0.7735703587532043,0.9198844432830657,-0.024828314781188965,0.10968893766403198,9.573996067047119e-05,-0.5614876747131237,-0.30787922441958754,0.40356814861296497,-0.6512522697448536,-0.32036602497100275,-0.14494657516479179,-0.003984570503234863,-0.634469091892223,-0.21601915359496515,0.06993766874074936,-0.22784173488615833,-0.7298186421394126,-0.247955322265625,0.032336264848709106,0.0016689300537109375,-0.6674334406852556,3.0,3.0,3.0,3.0,3.0,3.0,3.0,3.0,3.0,3.0,3.0,3.0,3.0,3.0,3.0,3.0,3.0,3.0,3.0,3.0,0.05,0.05,0.05,0.05,0.05,0.05,0.05,0.05,0.05,0.05,0.05,0.05,0.05,0.05,0.05,0.05,0.05,0.05,0.05,0.05,0.0,0.0,0.0,0.0,0.0,0.0,0.0,0.0,0.0,0.0,0.0,0.0,0.0,0.0,0.0,0.0,0.0,0.0,0.0,0.0,0.7864500284194946,0.5341547727584839,0.3563319444656372,0.414264440536499,0.5055696964263916,-0.07154738903045654,0.504501461982727,0.26647892594337463,0.7882645130157471,0.047174662351608276,0.5223987698554993,0.4239305853843689,0.7062216997146606,0.15781939029693604,0.9337947368621826,1.1990818977355957,0.6727569103240967,0.11604148149490356,1.0923316478729248,1.0831098556518555,4.874950647354126,-0.7225766777991888,-0.9410783648490906,-0.5614481866358767,4.3645918369292795,0.3824038431048629,-0.22146552801132202,-1.7290394753217488,1.436549425125122,-0.1420835964381256,-1.3690918684005626,-0.9918354451656244,2.0489335060118683,1.3386150822043419,-3.5340562462806258,3.909701108932445,1.029895246028814,2.489821892231682,-3.196752071380593,2.62823402881619,3.0,3.0,3.0,3.0,3.0,3.0,3.0,3.0,3.0,3.0,3.0,3.0,3.0,3.0,3.0,3.0,3.0,3.0,3.0,3.0,0.05,0.05,0.05,0.05,0.05,0.05,0.05,0.05,0.05,0.05,0.05,0.05,0.05,0.05,0.05,0.05,0.05,0.05,0.05,0.05,0.0,0.0,0.0,0.0,0.0,0.0,0.0,0.0,0.0,0.0,0.0,0.0,0.0,0.0,0.0,0.0,0.0,0.0,0.0,0.0
0.27804115414619385,0.5101524591445923,0.5046244263648987,-0.07035697996616364,1.1518667936325078,-0.20635449886321997,1.271978616714477,0.9631469845771797,1.3237909078598025,-0.08298362791538226,1.2767353057861328,0.910400867462159,1.3696666955947878,-0.10555704683065414,1.397544622421265,0.6786184310913095,1.2661941051483154,-0.16564732789993286,1.5488815307617188,0.7563264369964606,0.764957070350647,-0.04720538854598999,-0.008910894393920898,0.0008514150977134705,-0.5179494619369507,-0.2806480973958969,0.5025714635848999,-0.8600786328315735,-0.2971440553665161,-0.13966746628284454,0.18648505210876465,-0.8431822061538696,-0.17951130867004395,0.02477988600730896,-0.16689300537109375,-0.9223148226737976,-0.22157728672027588,0.033685192465782166,0.00133514404296875,-0.8382543921470642,3.0,3.0,3.0,3.0,3.0,3.0,3.0,3.0,3.0,3.0,3.0,3.0,3.0,3.0,3.0,3.0,3.0,3.0,3.0,3.0,0.05,0.05,0.05,0.05,0.05,0.05,0.05,0.05,0.05,0.05,0.05,0.05,0.05,0.05,0.05,0.05,0.05,0.05,0.05,0.05,0.0,0.0,0.0,0.0,0.0,0.0,0.0,0.0,0.0,0.0,0.0,0.0,0.0,0.0,0.0,0.0,0.0,0.0,0.0,0.0,0.8595160841941833,0.5103285312652602,0.3544822931289673,0.30939623713493725,0.5962232351303084,-0.08731424063444043,0.517791211605072,0.246025040745736,0.8440849781036377,0.017611399292947617,0.517083048820496,0.4164310395717625,0.7887294292449913,0.15831883251667023,0.8937875628471392,1.26708137989044,0.7394595742225613,0.15214473009109414,1.0585988759994516,1.1307495832443224,1.540297269821167,-1.9256360828876495,0.9492009878158569,-4.439684748649597,2.839203178882599,-1.2077994644641876,0.3152802586555481,-0.9769219905138016,1.3016507029533386,-2.2386623546481133,-0.7153473794460297,-0.4393935203552246,4.255959391593933,-0.4576385021209717,-1.957067847251892,2.5637060403823853,3.9935678243637085,1.2113716453313828,-1.2959837913513184,1.8229186534881592,3.0,3.0,3.0,3.0,3.0,3.0,3.0,3.0,3.0,3.0,3.0,3.0,3.0,3.0,3.0,3.0,3.0,3.0,3.0,3.0,0.05,0.05,0.05,0.05,0.05,0.05,0.05,0.05,0.05,0.05,0.05,0.05,0.05,0.05,0.05,0.05,0.05,0.05,0.05,0.05,0.0,0.0,0.0,0.0,0.0,0.0,0.0,0.0,0.0,0.0,0.0,0.0,0.0,0.0,0.0,0.0,0.0,0.0,0.0,0.0
0.28931793570518494,0.5105194449424744,0.5047140121459961,-0.07021229714155197,1.1411808729171753,-0.21060067415237427,1.283316731452942,0.9460754990577698,1.3169550895690918,-0.08493951708078384,1.2835382223129272,0.8939417004585266,1.3651604652404785,-0.10567700117826462,1.3944604396820068,0.6594628691673279,1.2615059614181519,-0.16567997634410858,1.5489052534103394,0.7400401830673218,0.5700372159481132,0.035595893859860506,-0.054830312728881836,0.01830793917179073,-0.5722582340240479,-0.18545947968960502,0.6590247154235729,-0.834876298904419,-0.409096479415888,-0.06010886281729022,0.4408091306686235,-0.8418768644332858,-0.2822816371917669,-0.06650574505328959,-0.11976659297944225,-0.990495085716242,-0.2912759780883678,-0.012710690498350663,0.0010669231414794922,-0.7767394185066251,3.0,3.0,3.0,3.0,3.0,3.0,3.0,3.0,3.0,3.0,3.0,3.0,3.0,3.0,3.0,3.0,3.0,3.0,3.0,3.0,0.05,0.05,0.05,0.05,0.05,0.05,0.05,0.05,0.05,0.05,0.05,0.05,0.05,0.05,0.05,0.05,0.05,0.05,0.05,0.05,0.0,0.0,0.0,0.0,0.0,0.0,0.0,0.0,0.0,0.0,0.0,0.0,0.0,0.0,0.0,0.0,0.0,0.0,0.0,0.0,0.8480619192123413,0.4571293294429779,0.3942999839782715,0.23667705059051514,0.6191378235816956,-0.11985936760902405,0.517112672328949,0.22740204632282257,0.8403305411338806,-0.042371831834316254,0.4937848746776581,0.4063548445701599,0.876460075378418,0.13951385021209717,0.8555120229721069,1.3016301393508911,0.832499623298645,0.16449634730815887,1.040492296218872,1.1560266017913818,-0.12438744306564886,-2.0565040409565083,2.565841376781404,-2.8068166226149245,-1.6375884413717678,-1.9121946766972313,-1.7022185027598473,-1.7236661165952891,-2.0996391773222904,-3.0265040695667085,-2.859041094779893,-1.4733344316482058,4.0643095970154,-0.9117765352129763,-2.1229192614555275,0.8286118507385809,4.736052453517902,0.3573492169380389,-0.8910328149795588,0.6434798240661899,3.0,3.0,3.0,3.0,3.0,3.0,3.0,3.0,3.0,3.0,3.0,3.0,3.0,3.0,3.0,3.0,3.0,3.0,3.0,3.0,0.05,0.05,0.05,0.05,0.05,0.05,0.05,0.05,0.05,0.05,0.05,0.05,0.05,0.05,0.05,0.05,0.05,0.05,0.05,0.05,0.0,0.0,0.0,0.0,0.0,0.0,0.0,0.0,0.0,0.0,0.0,0.0,0.0,0.0,0.0,0.0,0.0,0.0,0.0,0.0
0.3008426427841184,0.5115762948989867,0.5024312138557434,-0.069624662399292,1.1289764642715459,-0.21377287805080417,1.29833960533142,0.929751932621003,1.307427048683167,-0.08538798242807387,1.2943676710128778,0.8767257928848275,1.3583754301071171,-0.10821727663278573,1.3927539587020874,0.6389986276626598,1.2545430660247807,-0.1661557555198669,1.548924207687378,0.7252568602561956,0.39909258484840393,0.13760924339294434,-0.014202296733856201,0.022099539637565613,-0.6539642810821533,-0.02447851002216339,0.9469181299209595,-0.9424254298210144,-0.5369842052459717,0.029326044023036957,0.8168727159500122,-1.0361135005950928,-0.4184603691101074,-0.0934133306145668,0.12843310832977295,-1.1405706405639648,-0.33555030822753906,-0.04035048186779022,0.0008523464202880859,-0.6509691476821899,3.0,3.0,3.0,3.0,3.0,3.0,3.0,3.0,3.0,3.0,3.0,3.0,3.0,3.0,3.0,3.0,3.0,3.0,3.0,3.0,0.05,0.05,0.05,0.05,0.05,0.05,0.05,0.05,0.05,0.05,0.05,0.05,0.05,0.05,0.05,0.05,0.05,0.05,0.05,0.05,0.0,0.0,0.0,0.0,0.0,0.0,0.0,0.0,0.0,0.0,0.0,0.0,0.0,0.0,0.0,0.0,0.0,0.0,0.0,0.0,0.8545405864715574,0.4280683696269999,0.45711594820022344,0.19712357223034027,0.5307196974754377,-0.16380202770232968,0.4497024714946781,0.17707839608192444,0.7600994110107461,-0.10344876348972072,0.4027214050293003,0.35749766230583424,0.9513018131256074,0.12184777110815118,0.8088707923889181,1.3002258539199831,0.9289016723632774,0.1664386987686157,1.0229575634002692,1.15648877620697,0.26118606328964233,-1.2071460485458374,2.743186056613922,-1.5026260167360306,-4.995144903659821,-2.0894311368465424,-3.895723819732666,-1.0187119245529175,-4.3934643268585205,-2.820352651178837,-3.993827849626541,-2.6411794126033783,3.462657332420349,-0.8066639304161072,-2.3546889424324036,-0.6467431783676147,4.491165280342102,-0.031013041734695435,-0.9549856185913086,-0.3658562898635864,3.0,3.0,3.0,3.0,3.0,3.0,3.0,3.0,3.0,3.0,3.0,3.0,3.0,3.0,3.0,3.0,3.0,3.0,3.0,3.0,0.05,0.05,0.05,0.05,0.05,0.05,0.05,0.05,0.05,0.05,0.05,0.05,0.05,0.05,0.05,0.05,0.05,0.05,0.05,0.05,0.0,0.0,0.0,0.0,0.0,0.0,0.0,0.0,0.0,0.0,0.0,0.0,0.0,0.0,0.0,0.0,0.0,0.0,0.0,0.0
0.3052816390991211,0.5160238146781921,0.5041459202766418,-0.06932831555604935,1.1150223016738892,-0.2115798145532608,1.3211934566497803,0.9083784818649292,1.295475721359253,-0.08376647531986237,1.3162131309509277,0.8524971604347229,1.3484220504760742,-0.10941353440284729,1.3995977640151978,0.6138400435447693,1.2480839490890503,-0.1672939956188202,1.5489393472671509,0.7140014171600342,0.22557601332664767,0.18589645624160767,0.025305151939394865,0.03509968519210711,-0.6245404481887817,0.09684190154075553,1.0614514350891169,-0.9832575917243958,-0.5383580923080444,0.07315650582313364,1.0000675916671753,-1.125642657279971,-0.5181550979614258,-0.06945393979549408,0.2743512392044012,-1.1745855212211664,-0.3181695938110407,-0.03914572298526903,0.0006824731826726715,-0.49564689397812445,3.0,3.0,3.0,3.0,3.0,3.0,3.0,3.0,3.0,3.0,3.0,3.0,3.0,3.0,3.0,3.0,3.0,3.0,3.0,3.0,0.05,0.05,0.05,0.05,0.05,0.05,0.05,0.05,0.05,0.05,0.05,0.05,0.05,0.05,0.05,0.05,0.05,0.05,0.05,0.05,0.0,0.0,0.0,0.0,0.0,0.0,0.0,0.0,0.0,0.0,0.0,0.0,0.0,0.0,0.0,0.0,0.0,0.0,0.0,0.0,0.858509361743927,0.4088434875011444,0.5040274262428284,0.1765720099210739,0.41933202743530273,-0.20343661308288574,0.36128371953964233,0.18665356934070587,0.6645919680595398,-0.15518593788146973,0.33403176069259644,0.3007076680660248,1.014966368675232,0.10724729299545288,0.7613244652748108,1.2757604122161865,1.012146234512329,0.16325582563877106,1.0022928714752197,1.1413923501968384,-0.3109455108642467,-1.0536022484302563,2.0712152123451384,0.764185190200719,-5.673851817846293,-1.823681592941298,-3.7801690399646954,-0.4655025899409935,-4.70363050699234,-2.3449543863535145,-3.1902477145195243,-2.896540611982346,3.1540572643280167,-0.7668569684028694,-2.393245697021487,-2.096098661422668,3.95206212997439,-0.24217851459979525,-1.085940003395075,-1.260533928871116,3.0,3.0,3.0,3.0,3.0,3.0,3.0,3.0,3.0,3.0,3.0,3.0,3.0,3.0,3.0,3.0,3.0,3.0,3.0,3.0,0.05,0.05,0.05,0.05,0.05,0.05,0.05,0.05,0.05,0.05,0.05,0.05,0.05,0.05,0.05,0.05,0.05,0.05,0.05,0.05,0.0,0.0,0.0,0.0,0.0,0.0,0.0,0.0,0.0,0.0,0.0,0.0,0.0,0.0,0.0,0.0,0.0,0.0,0.0,0.0
0.3098656833171843,0.519012153148651,0.5034434199333192,-0.06822067499160772,1.1039948463439946,-0.20989920198917394,1.3407976627349847,0.8904216289520271,1.2858927249908452,-0.08246172219514852,1.3343703746795648,0.8317000865936287,1.3376492261886601,-0.11099543422460549,1.4037280082702634,0.5920152068138131,1.241816282272339,-0.16772158443927765,1.5489515066146848,0.7054309844970706,0.18698349595069885,0.1364782452583313,-0.05930811166763306,0.05871150642633438,-0.4996180534362793,0.07977373898029327,0.8851379156112671,-0.8204668760299683,-0.4321098327636719,0.06170496344566345,0.8307576179504395,-0.9465441107749939,-0.49442052841186523,-0.07379688322544098,0.1874178647994995,-0.9924575686454773,-0.30650794506073,-0.01683272421360016,0.0005453824996948242,-0.3844037652015686,3.0,3.0,3.0,3.0,3.0,3.0,3.0,3.0,3.0,3.0,3.0,3.0,3.0,3.0,3.0,3.0,3.0,3.0,3.0,3.0,0.05,0.05,0.05,0.05,0.05,0.05,0.05,0.05,0.05,0.05,0.05,0.05,0.05,0.05,0.05,0.05,0.05,0.05,0.05,0.05,0.0,0.0,0.0,0.0,0.0,0.0,0.0,0.0,0.0,0.0,0.0,0.0,0.0,0.0,0.0,0.0,0.0,0.0,0.0,0.0,0.8421027660369875,0.38592427968978965,0.539964556694029,0.22769097983836903,0.303765624761586,-0.2367492914199816,0.2984957098960903,0.1584582924842847,0.5719541907310525,-0.1972469389438613,0.27511149644851934,0.2416360378265404,1.077464103698728,0.0911734923720364,0.7131409645080586,1.2163819074630764,1.086984157562253,0.15675155818462388,0.9795199632644662,1.1060674190521254,-0.5104124546051025,-0.9397365152835846,1.9381240010261536,2.5511909276247025,-5.198541283607483,-1.4990702271461487,-2.984119951725006,-1.4023873955011368,-4.4510796666145325,-1.854017749428749,-2.8616033494472504,-2.6255767792463303,2.760004997253418,-0.5633758381009102,-2.224455773830414,-2.917996048927307,3.425818681716919,-0.2212677150964737,-1.0153740644454956,-1.7093956470489502,3.0,3.0,3.0,3.0,3.0,3.0,3.0,3.0,3.0,3.0,3.0,3.0,3.0,3.0,3.0,3.0,3.0,3.0,3.0,3.0,0.05,0.05,0.05,0.05,0.05,0.05,0.05,0.05,0.05,0.05,0.05,0.05,0.05,0.05,0.05,0.05,0.05,0.05,0.05,0.05,0.0,0.0,0.0,0.0,0.0,0.0,0.0,0.0,0.0,0.0,0.0,0.0,0.0,0.0,0.0,0.0,0.0,0.0,0.0,0.0
0.31276097893714905,0.5214829444885254,0.5017735958099365,-0.06697985529899597,1.095037579536438,-0.20838886499404907,1.356598973274231,0.8755598068237305,1.278191328048706,-0.08129827678203583,1.3494434356689453,0.8146353960037231,1.3286452293395996,-0.11236540973186493,1.4070944786071777,0.5741417407989502,1.235823631286621,-0.1679673045873642,1.5489611625671387,0.6986252665519714,0.08371546864509999,0.16026198863983432,-0.026702880859377776,0.05019344389438768,-0.376841425895702,0.056314840912820296,0.7640033960342574,-0.727203488349934,-0.34824013710023083,0.029214285314084487,0.7556617259979415,-0.8165389299392894,-0.4002779722213856,-0.02519004046917135,0.23170113563538153,-0.8153691887855752,-0.270566344261175,-0.026889517903327942,0.0004351139068659027,-0.2610564231872642,3.0,3.0,3.0,3.0,3.0,3.0,3.0,3.0,3.0,3.0,3.0,3.0,3.0,3.0,3.0,3.0,3.0,3.0,3.0,3.0,0.05,0.05,0.05,0.05,0.05,0.05,0.05,0.05,0.05,0.05,0.05,0.05,0.05,0.05,0.05,0.05,0.05,0.05,0.05,0.05,0.0,0.0,0.0,0.0,0.0,0.0,0.0,0.0,0.0,0.0,0.0,0.0,0.0,0.0,0.0,0.0,0.0,0.0,0.0,0.0,0.8380928635597229,0.371254026889801,0.5815523862838745,0.278619647026062,0.21139037609100342,-0.2633994221687317,0.2419189214706421,0.1305580735206604,0.4865487813949585,-0.2293466478586197,0.21956762671470642,0.19568459689617157,1.1253665685653687,0.08471225947141647,0.6723462343215942,1.1590405702590942,1.1491789817810059,0.1544051170349121,0.9616779088973999,1.0730165243148804,0.033658742904657535,-1.1036932468414515,1.7137646675110307,2.0445141941309535,-3.317037597298736,-1.1992558836937277,-2.6716616004706095,-1.13526899367574,-3.31994295120249,-1.505759358406107,-2.271817252039972,-2.116397768259106,2.5612592697144163,-0.25512874126435364,-1.4367252588272594,-3.4254282712937068,2.9937684535980944,-0.09542964398861348,-1.3325437903404458,-2.4589240550995206,3.0,3.0,3.0,3.0,3.0,3.0,3.0,3.0,3.0,3.0,3.0,3.0,3.0,3.0,3.0,3.0,3.0,3.0,3.0,3.0,0.05,0.05,0.05,0.05,0.05,0.05,0.05,0.05,0.05,0.05,0.05,0.05,0.05,0.05,0.05,0.05,0.05,0.05,0.05,0.05,0.0,0.0,0.0,0.0,0.0,0.0,0.0,0.0,0.0,0.0,0.0,0.0,0.0,0.0,0.0,0.0,0.0,0.0,0.0,0.0
0.3132143020629883,0.5254226326942444,0.5023753046989441,-0.06621293723583221,1.0889211893081665,-0.20764660835266113,1.371357798576355,0.8613334894180298,1.271963119506836,-0.08129315078258514,1.3645968437194824,0.7990385293960571,1.3216381072998047,-0.11200303584337234,1.4129960536956787,0.5594004392623901,1.230993628501892,-0.16879716515541077,1.5489689111709595,0.6949887275695801,0.007573515176773071,0.20184218883514404,0.03137141466140747,0.017972290515899658,-0.2577364444732666,0.024013221263885498,0.6947219371795654,-0.6595775485038757,-0.2941519021987915,-0.013271719217300415,0.6974667310714722,-0.7207006216049194,-0.2609074115753174,0.027810223400592804,0.323602557182312,-0.6511270999908447,-0.21100640296936035,-0.04861168563365936,0.00034868717193603516,-0.13837963342666626,3.0,3.0,3.0,3.0,3.0,3.0,3.0,3.0,3.0,3.0,3.0,3.0,3.0,3.0,3.0,3.0,3.0,3.0,3.0,3.0,0.05,0.05,0.05,0.05,0.05,0.05,0.05,0.05,0.05,0.05,0.05,0.05,0.05,0.05,0.05,0.05,0.05,0.05,0.05,0.05,0.0,0.0,0.0,0.0,0.0,0.0,0.0,0.0,0.0,0.0,0.0,0.0,0.0,0.0,0.0,0.0,0.0,0.0,0.0,0.0,0.8434491157531738,0.3417765498161316,0.6085151433944702,0.3094715476036072,0.17108412086963654,-0.2847195267677307,0.19162924587726593,0.1130475327372551,0.4391564726829529,-0.2574773132801056,0.18423880636692047,0.15698012709617615,1.1799144744873047,0.08096834272146225,0.6556719541549683,1.0793647766113281,1.2067348957061768,0.15293437242507935,0.9262182116508484,1.0077104568481445,0.49571841955184937,-1.4749661087989807,1.1275097727775574,-0.5560487508773804,-1.513887196779251,-0.9594053030014038,-2.0570725202560425,-0.8283397182822227,-1.9470147788524628,-1.2658800929784775,-1.4833375811576843,-1.6991633921861649,2.539178729057312,-0.1999916508793831,-0.6452992558479309,-3.6306798458099365,2.5226205587387085,-0.13421252369880676,-1.7384514212608337,-3.087534010410309,3.0,3.0,3.0,3.0,3.0,3.0,3.0,3.0,3.0,3.0,3.0,3.0,3.0,3.0,3.0,3.0,3.0,3.0,3.0,3.0,0.05,0.05,0.05,0.05,0.05,0.05,0.05,0.05,0.05,0.05,0.05,0.05,0.05,0.05,0.05,0.05,0.05,0.05,0.05,0.05,0.0,0.0,0.0,0.0,0.0,0.0,0.0,0.0,0.0,0.0,0.0,0.0,0.0,0.0,0.0,0.0,0.0,0.0,0.0,0.0
0.31306391954421997,0.5295566320419312,0.5030284523963928,-0.06626096367835999,1.0847281217575073,-0.20742833614349365,1.3843878507614136,0.8491767048835754,1.2664252519607544,-0.08182914555072784,1.3773421049118042,0.7858073711395264,1.318208932876587,-0.11125300079584122,1.4200385808944702,0.5480966567993164,1.2273833751678467,-0.16991177201271057,1.5489751100540161,0.6930900812149048,-0.046321749687194824,0.20387321710586548,0.038495659828186035,-0.007186457514762878,-0.12392103672027588,0.012305378913879395,0.6113171577453613,-0.5619436502456665,-0.21735131740570068,-0.036494433879852295,0.6187528371810913,-0.5853712558746338,-0.07626712322235107,0.046195462346076965,0.40681958198547363,-0.46719610691070557,-0.08738338947296143,-0.051252543926239014,0.00028014183044433594,-0.04366934299468994,3.0,3.0,3.0,3.0,3.0,3.0,3.0,3.0,3.0,3.0,3.0,3.0,3.0,3.0,3.0,3.0,3.0,3.0,3.0,3.0,0.05,0.05,0.05,0.05,0.05,0.05,0.05,0.05,0.05,0.05,0.05,0.05,0.05,0.05,0.05,0.05,0.05,0.05,0.05,0.05,0.0,0.0,0.0,0.0,0.0,0.0,0.0,0.0,0.0,0.0,0.0,0.0,0.0,0.0,0.0,0.0,0.0,0.0,0.0,0.0,0.8579216003417969,0.3122553825378418,0.6266527771949768,0.2563776969909668,0.15083488821983337,-0.30177563428878784,0.1596360206604004,0.09742448478937149,0.40866819024086,-0.2799818515777588,0.16023412346839905,0.12771806120872498,1.2269337177276611,0.07671259343624115,0.646534264087677,1.0138133764266968,1.2500838041305542,0.14903661608695984,0.8921398520469666,0.949515163898468,-0.10473430156707764,-0.19905194640159607,0.8213415741920471,-2.949310839176178,0.7840204983949661,-0.7675245404243469,-0.7303088903427124,-0.5700226873159409,-0.19768327474594116,-1.0127045214176178,-0.3140497952699661,-1.0232063010334969,1.742824912071228,-0.008330307900905609,-0.265386700630188,-3.0569076538085938,1.477232575416565,-0.13946108520030975,-1.9277706742286682,-2.959771454334259,3.0,3.0,3.0,3.0,3.0,3.0,3.0,3.0,3.0,3.0,3.0,3.0,3.0,3.0,3.0,3.0,3.0,3.0,3.0,3.0,0.05,0.05,0.05,0.05,0.05,0.05,0.05,0.05,0.05,0.05,0.05,0.05,0.05,0.05,0.05,0.05,0.05,0.05,0.05,0.05,0.0,0.0,0.0,0.0,0.0,0.0,0.0,0.0,0.0,0.0,0.0,0.0,0.0,0.0,0.0,0.0,0.0,0.0,0.0,0.0
0.3113614320755005,0.533577561378479,0.5039151310920715,-0.06650039553642273,1.0839643478393555,-0.20715439319610596,1.3958104848861694,0.8388557434082031,1.263269066810608,-0.08275292813777924,1.389346957206726,0.7756236791610718,1.3185874223709106,-0.11015521734952927,1.4292688369750977,0.5407125949859619,1.2274982929229736,-0.17084726691246033,1.5489801168441772,0.6932419538497925,-0.05552619695663452,0.180073082447052,0.11903494596481323,-0.018639490008354187,-0.010764598846435547,0.011613965034484863,0.5137979984283447,-0.4644453525543213,-0.13116300106048584,-0.04028249531984329,0.5502313375473022,-0.4485517740249634,0.05316734313964844,0.04806146025657654,0.445634126663208,-0.31415820121765137,0.031071901321411133,-0.03567039966583252,0.00022351741790771484,0.01683831214904785,3.0,3.0,3.0,3.0,3.0,3.0,3.0,3.0,3.0,3.0,3.0,3.0,3.0,3.0,3.0,3.0,3.0,3.0,3.0,3.0,0.05,0.05,0.05,0.05,0.05,0.05,0.05,0.05,0.05,0.05,0.05,0.05,0.05,0.05,0.05,0.05,0.05,0.05,0.05,0.05,0.0,0.0,0.0,0.0,0.0,0.0,0.0,0.0,0.0,0.0,0.0,0.0,0.0,0.0,0.0,0.0,0.0,0.0,0.0,0.0,0.8392597436904907,0.33381447196006775,0.6413688063621521,0.19149911403656006,0.20244494080543518,-0.3154205083847046,0.16241689026355743,0.09024662524461746,0.43124914169311523,-0.2979854941368103,0.17167681455612183,0.11605187505483627,1.2496274709701538,0.08063513040542603,0.6450564861297607,0.9570884704589844,1.2658241987228394,0.14735592901706696,0.8491073846817017,0.8893195986747742,-0.8979052305221558,0.5289144814014435,0.3815844655036926,-2.8997473418712616,5.882776528596878,-0.5757316946983337,3.414371609687805,1.2005453929305077,3.336123377084732,-0.8101634681224823,2.8815969824790955,0.6533291190862656,0.5921483039855957,-0.1979481428861618,0.2823546528816223,-2.4512171745300293,-0.21721422672271729,-0.3234490752220154,-2.019147574901581,-2.7912288904190063,3.0,3.0,3.0,3.0,3.0,3.0,3.0,3.0,3.0,3.0,3.0,3.0,3.0,3.0,3.0,3.0,3.0,3.0,3.0,3.0,0.05,0.05,0.05,0.05,0.05,0.05,0.05,0.05,0.05,0.05,0.05,0.05,0.05,0.05,0.05,0.05,0.05,0.05,0.05,0.05,0.0,0.0,0.0,0.0,0.0,0.0,0.0,0.0,0.0,0.0,0.0,0.0,0.0,0.0,0.0,0.0,0.0,0.0,0.0,0.0
0.3108428716659546,0.5367595553398132,0.5077898502349854,-0.06700654327869415,1.08429753780365,-0.20696377754211426,1.4049397706985474,0.8305988907814026,1.261178731918335,-0.08344044536352158,1.3993513584136963,0.7678653001785278,1.3203356266021729,-0.10933054238557816,1.4378639459609985,0.5355303287506104,1.2286262512207031,-0.17133858799934387,1.5489840507507324,0.6937636137008667,-0.059979408979415894,0.14052093029022217,0.21681636571884155,-0.015560910105705261,0.1366138458251953,0.031233951449394226,0.3917396068572998,-0.3603130578994751,-0.017878413200378418,-0.02304650843143463,0.49838125705718994,-0.2887144684791565,0.21265745162963867,0.04551839083433151,0.5048155784606934,-0.15021860599517822,0.1999974250793457,0.007542222738265991,0.00017881393432617188,0.06342828273773193,3.0,3.0,3.0,3.0,3.0,3.0,3.0,3.0,3.0,3.0,3.0,3.0,3.0,3.0,3.0,3.0,3.0,3.0,3.0,3.0,0.05,0.05,0.05,0.05,0.05,0.05,0.05,0.05,0.05,0.05,0.05,0.05,0.05,0.05,0.05,0.05,0.05,0.05,0.05,0.05,0.0,0.0,0.0,0.0,0.0,0.0,0.0,0.0,0.0,0.0,0.0,0.0,0.0,0.0,0.0,0.0,0.0,0.0,0.0,0.0,0.8220053911209106,0.33341196179389954,0.6419161558151245,0.14038780331611633,0.3861459493637085,-0.3248049020767212,0.2962108850479126,0.1454463005065918,0.5421131253242493,-0.3123883903026581,0.27549800276756287,0.1538512259721756,1.250619649887085,0.06879466772079468,0.6578284502029419,0.9157646894454956,1.2413952350616455,0.13609865307807922,0.8113739490509033,0.8378660082817078,-1.2112095952033997,-0.08744373917579651,-1.5390411019325256,-1.9172200933098793,7.583481818437576,2.785487473011017,6.262530758976936,2.7316657826304436,5.219753086566925,1.9673444330692291,5.177325010299683,2.1604834124445915,-0.9112298488616943,-0.005338899791240692,0.756557285785675,-1.8334850668907166,-2.086806297302246,-0.8219582960009575,-1.5756115317344666,-2.292962372303009,3.0,3.0,3.0,3.0,3.0,3.0,3.0,3.0,3.0,3.0,3.0,3.0,3.0,3.0,3.0,3.0,3.0,3.0,3.0,3.0,0.05,0.05,0.05,0.05,0.05,0.05,0.05,0.05,0.05,0.05,0.05,0.05,0.05,0.05,0.05,0.05,0.05,0.05,0.05,0.05,0.0,0.0,0.0,0.0,0.0,0.0,0.0,0.0,0.0,0.0,0.0,0.0,0.0,0.0,0.0,0.0,0.0,0.0,0.0,0.0
0.30896225571632385,0.5391983985900879,0.5125877857208252,-0.06712283194065094,1.0894289016723633,-0.2059050351381302,1.4114800691604614,0.8244432210922241,1.2625539302825928,-0.08367478847503662,1.4092822074890137,0.7640751004219055,1.3270937204360962,-0.108334481716156,1.4494614601135254,0.5347038507461548,1.2354981899261475,-0.1705455780029297,1.5489872694015503,0.6957790851593018,-0.11756494641304016,0.09331703186035156,0.18920749425888062,-0.0067466869950294495,0.17496347427368164,0.0451698899269104,0.2358853816986084,-0.2800390124320984,0.013199448585510254,-0.010145455598831177,0.3900110721588135,-0.16383826732635498,0.27139484882354736,0.052396394312381744,0.4621744155883789,-0.046153366565704346,0.3740251064300537,0.04585348069667816,0.0001430511474609375,0.12348592281341553,3.0,3.0,3.0,3.0,3.0,3.0,3.0,3.0,3.0,3.0,3.0,3.0,3.0,3.0,3.0,3.0,3.0,3.0,3.0,3.0,0.05,0.05,0.05,0.05,0.05,0.05,0.05,0.05,0.05,0.05,0.05,0.05,0.05,0.05,0.05,0.05,0.05,0.05,0.05,0.05,0.0,0.0,0.0,0.0,0.0,0.0,0.0,0.0,0.0,0.0,0.0,0.0,0.0,0.0,0.0,0.0,0.0,0.0,0.0,0.0,0.7908113598823547,0.3303167223930359,0.5798071622848511,0.11481031030416489,0.5057842135429382,-0.20400100946426392,0.4129181206226349,0.1995132565498352,0.6400392651557922,-0.21929171681404114,0.37876981496810913,0.20247121155261993,1.213178277015686,0.0804215744137764,0.6753187775611877,0.8837490677833557,1.1823519468307495,0.11447759717702866,0.786082923412323,0.7976011037826538,-0.3809332847595215,0.11039823293685913,-2.725580334663391,1.438930630683899,3.821280598640442,5.890102498233318,3.3362112939357758,1.3964220881462097,3.0406400561332703,5.273875407874584,2.7578048408031464,1.407480239868164,-2.7083933353424072,1.738564670085907,-0.031156837940216064,-1.9948765635490417,-3.2281577587127686,0.5271553993225098,-1.5149831771850586,-2.176208794116974,3.0,3.0,3.0,3.0,3.0,3.0,3.0,3.0,3.0,3.0,3.0,3.0,3.0,3.0,3.0,3.0,3.0,3.0,3.0,3.0,0.05,0.05,0.05,0.05,0.05,0.05,0.05,0.05,0.05,0.05,0.05,0.05,0.05,0.05,0.05,0.05,0.05,0.05,0.05,0.05,0.0,0.0,0.0,0.0,0.0,0.0,0.0,0.0,0.0,0.0,0.0,0.0,0.0,0.0,0.0,0.0,0.0,0.0,0.0,0.0
0.306140273809433,0.5404922366142273,0.5153581500053406,-0.06727641075849533,1.0912960767745972,-0.20515698194503784,1.4143751859664917,0.8193973302841187,1.2617067098617554,-0.08384626358747482,1.4149518013000488,0.7613117694854736,1.3311914205551147,-0.10723468661308289,1.4563509225845337,0.5336841940879822,1.2435872554779053,-0.16950444877147675,1.5489897727966309,0.6987030506134033,-0.16677454113960266,0.0409543514251709,0.08122622966766357,-0.010518170893192291,0.04295706748962402,-0.030735880136489868,0.04056692123413086,-0.1292496919631958,-0.05149245262145996,-0.053820013999938965,0.11972188949584961,-0.00038295984268188477,0.2518802881240845,0.06565786898136139,0.18449723720550537,-0.017201900482177734,0.3717780113220215,0.08867084980010986,0.00011324882507324219,0.23802220821380615,3.0,3.0,3.0,3.0,3.0,3.0,3.0,3.0,3.0,3.0,3.0,3.0,3.0,3.0,3.0,3.0,3.0,3.0,3.0,3.0,0.05,0.05,0.05,0.05,0.05,0.05,0.05,0.05,0.05,0.05,0.05,0.05,0.05,0.05,0.05,0.05,0.05,0.05,0.05,0.05,0.0,0.0,0.0,0.0,0.0,0.0,0.0,0.0,0.0,0.0,0.0,0.0,0.0,0.0,0.0,0.0,0.0,0.0,0.0,0.0,0.8067680597305298,0.3378278911113739,0.5328929424285889,0.1979450285434723,0.5389971733093262,-0.08920080214738846,0.42965933680534363,0.20130318403244019,0.6637387275695801,-0.10143337398767471,0.3858101963996887,0.21015043556690216,1.1422839164733887,0.13833725452423096,0.6565821766853333,0.8359696269035339,1.1122689247131348,0.15718486905097961,0.750774621963501,0.7508176565170288,0.7293164730072021,-0.03495216369628906,-1.5051156282424927,4.048873670399189,-1.3014927506446838,3.4552177414298058,-1.3024702668190002,-0.4468873143196106,-1.9953548908233643,4.675574600696564,-0.8725658059120178,-0.641293078660965,-3.7171483039855957,2.3684853687882423,-1.4678075909614563,-2.5973618030548096,-3.406354784965515,1.5431752428412437,-2.028612792491913,-2.4795889854431152,3.0,3.0,3.0,3.0,3.0,3.0,3.0,3.0,3.0,3.0,3.0,3.0,3.0,3.0,3.0,3.0,3.0,3.0,3.0,3.0,0.05,0.05,0.05,0.05,0.05,0.05,0.05,0.05,0.05,0.05,0.05,0.05,0.05,0.05,0.05,0.05,0.05,0.05,0.05,0.05,0.0,0.0,0.0,0.0,0.0,0.0,0.0,0.0,0.0,0.0,0.0,0.0,0.0,0.0,0.0,0.0,0.0,0.0,0.0,0.0
0.30229127407073975,0.5408365726470947,0.5158368349075317,-0.06754355877637863,1.0911471843719482,-0.20713447034358978,1.4131027460098267,0.8192732334136963,1.2604942321777344,-0.08582758903503418,1.4140710830688477,0.7640597820281982,1.3371689319610596,-0.10570816695690155,1.4568413496017456,0.5340157747268677,1.2503693103790283,-0.1669987440109253,1.5489917993545532,0.705299973487854,-0.2666488289833069,-0.050449371337890625,-0.0568389892578125,0.00042207539081573486,0.029909610748291016,-0.1375187188386917,-0.02518594264984131,0.017204880714416504,-0.14322102069854736,-0.09900573641061783,-0.10166466236114502,0.11562556028366089,0.1963585615158081,0.06651114672422409,-0.018012523651123047,0.0013679265975952148,0.3292590379714966,0.10142140090465546,9.238719940185547e-05,0.3015443682670593,3.0,3.0,3.0,3.0,3.0,3.0,3.0,3.0,3.0,3.0,3.0,3.0,3.0,3.0,3.0,3.0,3.0,3.0,3.0,3.0,0.05,0.05,0.05,0.05,0.05,0.05,0.05,0.05,0.05,0.05,0.05,0.05,0.05,0.05,0.05,0.05,0.05,0.05,0.05,0.05,0.0,0.0,0.0,0.0,0.0,0.0,0.0,0.0,0.0,0.0,0.0,0.0,0.0,0.0,0.0,0.0,0.0,0.0,0.0,0.0,0.8199840188026428,0.3289186358451843,0.5196025371551514,0.27676525712013245,0.4537245035171509,-0.06579229980707169,0.3608193099498749,0.18163776397705078,0.5602250695228577,-0.03226873278617859,0.3438671827316284,0.17681948840618134,1.0644923448562622,0.1751609891653061,0.6166064739227295,0.7798545956611633,1.046097755432129,0.1762046068906784,0.7049384117126465,0.6984175443649292,0.8832678198814392,-1.3518735766410828,-0.3572016954421997,3.9984188973903656,-3.631669282913208,-0.3781324252486229,-3.1902916729450226,-1.0945536196231842,-4.48785126209259,1.6791626811027527,-2.297934889793396,-1.6216699033975601,-3.202196955680847,1.5467043966054916,-1.1337235569953918,-2.333439886569977,-2.2203177213668823,0.7465779781341553,-1.8722891807556152,-2.412959933280945,3.0,3.0,3.0,3.0,3.0,3.0,3.0,3.0,3.0,3.0,3.0,3.0,3.0,3.0,3.0,3.0,3.0,3.0,3.0,3.0,0.05,0.05,0.05,0.05,0.05,0.05,0.05,0.05,0.05,0.05,0.05,0.05,0.05,0.05,0.05,0.05,0.05,0.05,0.05,0.05,0.0,0.0,0.0,0.0,0.0,0.0,0.0,0.0,0.0,0.0,0.0,0.0,0.0,0.0,0.0,0.0,0.0,0.0,0.0,0.0
0.2954743206501007,0.5384742617607117,0.5130845904350281,-0.0672595277428627,1.0924924612045288,-0.2106577306985855,1.413367748260498,0.8200855255126953,1.2559778690338135,-0.08780649304389954,1.410885214805603,0.7659367918968201,1.339045763015747,-0.10457424074411392,1.4556304216384888,0.533738911151886,1.2567576169967651,-0.16544759273529053,1.548993468284607,0.7107648253440857,-0.6181515753269196,-0.2576902508735657,-0.22013187408447266,0.04249308258295059,0.13538897037506104,-0.5562607198953629,0.12851953506469727,0.06684064865112305,-0.2934306859970093,-0.2841288223862648,-0.23104846477508545,0.04661083221435547,-0.0016987323760986328,-0.02043023705482483,-0.07577836513519287,-0.07678419351577759,0.1962035894393921,0.027130916714668274,7.450580596923828e-05,0.20453184843063354,3.0,3.0,3.0,3.0,3.0,3.0,3.0,3.0,3.0,3.0,3.0,3.0,3.0,3.0,3.0,3.0,3.0,3.0,3.0,3.0,0.05,0.05,0.05,0.05,0.05,0.05,0.05,0.05,0.05,0.05,0.05,0.05,0.05,0.05,0.05,0.05,0.05,0.05,0.05,0.05,0.0,0.0,0.0,0.0,0.0,0.0,0.0,0.0,0.0,0.0,0.0,0.0,0.0,0.0,0.0,0.0,0.0,0.0,0.0,0.0,0.8420987725257874,0.2837529480457306,0.5186048746109009,0.3578817844390869,0.39373040199279785,-0.10432609915733337,0.3020476698875427,0.15752103924751282,0.48422467708587646,-0.034266866743564606,0.2938928008079529,0.14528363943099976,1.0141960382461548,0.20020543038845062,0.6112332344055176,0.7426320314407349,1.0234562158584595,0.18704798817634583,0.6758830547332764,0.654299259185791,1.258327066898346,-1.8028147518634796,-0.05539655685424805,3.5886652767658234,-2.5605671107769012,-1.5054238960146904,-2.720416337251663,-1.2088626623153687,-3.445543348789215,-0.08964119479060173,-2.405279129743576,-1.4444069936871529,-1.2636393308639526,1.0843709111213684,0.8780598640441895,-1.126013696193695,0.06919801235198975,0.2934608608484268,-0.7949233055114746,-1.793639361858368,3.0,3.0,3.0,3.0,3.0,3.0,3.0,3.0,3.0,3.0,3.0,3.0,3.0,3.0,3.0,3.0,3.0,3.0,3.0,3.0,0.05,0.05,0.05,0.05,0.05,0.05,0.05,0.05,0.05,0.05,0.05,0.05,0.05,0.05,0.05,0.05,0.05,0.05,0.05,0.05,0.0,0.0,0.0,0.0,0.0,0.0,0.0,0.0,0.0,0.0,0.0,0.0,0.0,0.0,0.0,0.0,0.0,0.0,0.0,0.0
0.27756521105766296,0.5305289626121521,0.5070315599441528,-0.06584383547306061,1.0965627431869507,-0.2293848991394043,1.4182435274124146,0.8219468593597412,1.248757004737854,-0.09719274193048477,1.4048291444778442,0.7659242153167725,1.3371009826660156,-0.10652537643909454,1.453810214996338,0.5309444069862366,1.258217453956604,-0.16591350734233856,1.548994779586792,0.7134812474250793,-1.0468676686286926,-0.53701251745224,-0.37563517689704895,0.09923484176397324,0.3245025873184204,-1.171254739165306,0.3040045499801636,0.04871934652328491,-0.4093438386917114,-0.5736775696277618,-0.3569662570953369,-0.08722245693206787,-0.18865764141082764,-0.14982596039772034,-0.1233905553817749,-0.23780614137649536,0.02695918083190918,-0.04501044750213623,5.9604644775390625e-05,0.054195523262023926,3.0,3.0,3.0,3.0,3.0,3.0,3.0,3.0,3.0,3.0,3.0,3.0,3.0,3.0,3.0,3.0,3.0,3.0,3.0,3.0,0.05,0.05,0.05,0.05,0.05,0.05,0.05,0.05,0.05,0.05,0.05,0.05,0.05,0.05,0.05,0.05,0.05,0.05,0.05,0.05,0.0,0.0,0.0,0.0,0.0,0.0,0.0,0.0,0.0,0.0,0.0,0.0,0.0,0.0,0.0,0.0,0.0,0.0,0.0,0.0,0.8703171014785767,0.25680604577064514,0.5173866748809814,0.4203118681907654,0.35130181908607483,-0.1260092556476593,0.25200265645980835,0.13328325748443604,0.42240333557128906,-0.03585438057780266,0.24765601754188538,0.11904320865869522,1.013946771621704,0.21853582561016083,0.6517288684844971,0.7348140478134155,1.0488656759262085,0.18794304132461548,0.6731414794921875,0.6266719698905945,1.3420194387435913,-0.46744346618652344,0.1471593976020813,2.8471440076828003,-1.6341343522071838,-0.6974130868911743,-2.2984839975833893,-1.215113326907158,-2.6846319437026978,-0.05135983228683472,-2.2223062813282013,-1.2181462720036507,1.2190252542495728,0.43005943298339844,3.2765626907348633,0.43657422065734863,2.1328389644622803,-0.4887908697128296,0.3094688057899475,-1.0622397065162659,3.0,3.0,3.0,3.0,3.0,3.0,3.0,3.0,3.0,3.0,3.0,3.0,3.0,3.0,3.0,3.0,3.0,3.0,3.0,3.0,0.05,0.05,0.05,0.05,0.05,0.05,0.05,0.05,0.05,0.05,0.05,0.05,0.05,0.05,0.05,0.05,0.05,0.05,0.05,0.05,0.0,0.0,0.0,0.0,0.0,0.0,0.0,0.0,0.0,0.0,0.0,0.0,0.0,0.0,0.0,0.0,0.0,0.0,0.0,0.0
0.253599613904953,0.5169937610626221,0.4980591833591461,-0.06329013407230377,1.1054725646972656,-0.25750792026519775,1.4255279302597046,0.8220342993736267,1.239604115486145,-0.11075359582901001,1.3966065645217896,0.7624478936195374,1.331499457359314,-0.11056727916002274,1.4506947994232178,0.5242266654968262,1.2578359842300415,-0.16724801063537598,1.548995852470398,0.7129326462745667,-1.1489111930131912,-0.733126699924469,-0.5477651953697205,0.13610431924462318,0.35992860794067383,-1.2298427522182465,0.46476423740386963,-0.29530972242355347,-0.47805607318878174,-0.5104264244437218,-0.0923842191696167,-0.42430609464645386,-0.400388240814209,-0.016647949814796448,-0.10511279106140137,-0.6313711404800415,-0.1865595579147339,0.31806454062461853,4.76837158203125e-05,-0.4291921854019165,3.0,3.0,3.0,3.0,3.0,3.0,3.0,3.0,3.0,3.0,3.0,3.0,3.0,3.0,3.0,3.0,3.0,3.0,3.0,3.0,0.05,0.05,0.05,0.05,0.05,0.05,0.05,0.05,0.05,0.05,0.05,0.05,0.05,0.05,0.05,0.05,0.05,0.05,0.05,0.05,0.0,0.0,0.0,0.0,0.0,0.0,0.0,0.0,0.0,0.0,0.0,0.0,0.0,0.0,0.0,0.0,0.0,0.0,0.0,0.0,0.895779550075531,0.26505520939826965,0.5244912505149841,0.4717675447463989,0.3283650279045105,-0.13222262263298035,0.21010830998420715,0.1089165061712265,0.37683939933776855,-0.036321260035037994,0.20500054955482483,0.09655778855085373,1.0629570484161377,0.21740780770778656,0.7422957420349121,0.7600950002670288,1.1087697744369507,0.16749635338783264,0.6882618069648743,0.6118096709251404,1.024755835533142,0.585048645734787,0.27440935373306274,2.249884605407715,-1.2004055082798004,-0.10374970734119415,-2.1328821778297424,-1.1365991085767746,-1.9695855677127838,0.011004973202943802,-2.0347528159618378,-1.0557493194937706,1.7875522375106812,-0.4131488502025604,3.8978248834609985,1.1083856225013733,2.293229103088379,-1.091098040342331,0.42923837900161743,-0.7729664444923401,3.0,3.0,3.0,3.0,3.0,3.0,3.0,3.0,3.0,3.0,3.0,3.0,3.0,3.0,3.0,3.0,3.0,3.0,3.0,3.0,0.05,0.05,0.05,0.05,0.05,0.05,0.05,0.05,0.05,0.05,0.05,0.05,0.05,0.05,0.05,0.05,0.05,0.05,0.05,0.05,0.0,0.0,0.0,0.0,0.0,0.0,0.0,0.0,0.0,0.0,0.0,0.0,0.0,0.0,0.0,0.0,0.0,0.0,0.0,0.0
0.23160876333713531,0.5012038946151733,0.485120952129364,-0.06039966270327568,1.1109598875045776,-0.27857860922813416,1.4368340969085693,0.8101344704627991,1.2296347618103027,-0.11760979890823364,1.4011337757110596,0.7489519715309143,1.3210854530334473,-0.1071912944316864,1.4496057033538818,0.5056895613670349,1.2507550716400146,-0.15319092571735382,1.5489966869354248,0.6963135600090027,-1.1071167886257172,-0.764099508523941,-0.6110399961471558,0.16029421240091324,0.26232004165649414,-0.5374833941459656,0.8409827947616577,-1.0950371623039246,-0.3304213285446167,0.12128539383411407,0.6336987018585205,-1.278693974018097,-0.427013635635376,0.5343487486243248,0.0037401914596557617,-1.398322731256485,-0.15218853950500488,1.302655041217804,3.8743019104003906e-05,-1.4072105288505554,3.0,3.0,3.0,3.0,3.0,3.0,3.0,3.0,3.0,3.0,3.0,3.0,3.0,3.0,3.0,3.0,3.0,3.0,3.0,3.0,0.05,0.05,0.05,0.05,0.05,0.05,0.05,0.05,0.05,0.05,0.05,0.05,0.05,0.05,0.05,0.05,0.05,0.05,0.05,0.05,0.0,0.0,0.0,0.0,0.0,0.0,0.0,0.0,0.0,0.0,0.0,0.0,0.0,0.0,0.0,0.0,0.0,0.0,0.0,0.0,0.9113073348999023,0.2802079916000366,0.528363049030304,0.510307252407074,0.3032855987548828,-0.13015924394130707,0.16668736934661865,0.08781929314136505,0.3436199128627777,-0.035414181649684906,0.16626590490341187,0.0768132358789444,1.0854488611221313,0.2020098716020584,0.807641863822937,0.7791494727134705,1.1405948400497437,0.14429911971092224,0.6903110146522522,0.5957533121109009,0.6118863821029663,0.9847812354564667,0.13642162084579468,1.8116682767868042,-1.4793537557125092,0.1417294144630432,-1.865331083536148,-0.827358290553093,-1.3803482055664062,0.1490808092057705,-1.8017012625932693,-0.7737699896097183,0.8543670177459717,-0.8207958191633224,2.5849252939224243,0.7088229060173035,1.2899816036224365,-1.110188290476799,0.0577583909034729,-0.7224723696708679,3.0,3.0,3.0,3.0,3.0,3.0,3.0,3.0,3.0,3.0,3.0,3.0,3.0,3.0,3.0,3.0,3.0,3.0,3.0,3.0,0.05,0.05,0.05,0.05,0.05,0.05,0.05,0.05,0.05,0.05,0.05,0.05,0.05,0.05,0.05,0.05,0.05,0.05,0.05,0.05,0.0,0.0,0.0,0.0,0.0,0.0,0.0,0.0,0.0,0.0,0.0,0.0,0.0,0.0,0.0,0.0,0.0,0.0,0.0,0.0
0.20931494235992432,0.48642978072166443,0.4736175835132599,-0.05687836557626724,1.1159653663635254,-0.2790072560310364,1.459167242050171,0.7782328128814697,1.2263872623443604,-0.10590218007564545,1.4219545125961304,0.7113001346588135,1.314418911933899,-0.08919332921504974,1.450844407081604,0.4682937562465668,1.2517484426498413,-0.11514180898666382,1.548997402191162,0.6566442251205444,-1.0389868170022964,-0.5117572844028473,-0.6989650428295135,0.15016673132777214,-0.18418431282043457,0.08698627352714539,0.9203523397445679,-1.6725331544876099,-0.5631536245346069,0.5309319123625755,0.7071733474731445,-2.009102702140808,-0.7602602243423462,0.7008148357272148,-0.12262165546417236,-1.8730364739894867,-0.43909549713134766,1.6206169500946999,2.9802322387695312e-05,-2.117156982421875,3.0,3.0,3.0,3.0,3.0,3.0,3.0,3.0,3.0,3.0,3.0,3.0,3.0,3.0,3.0,3.0,3.0,3.0,3.0,3.0,0.05,0.05,0.05,0.05,0.05,0.05,0.05,0.05,0.05,0.05,0.05,0.05,0.05,0.05,0.05,0.05,0.05,0.05,0.05,0.05,0.0,0.0,0.0,0.0,0.0,0.0,0.0,0.0,0.0,0.0,0.0,0.0,0.0,0.0,0.0,0.0,0.0,0.0,0.0,0.0,0.9202550053596497,0.3044464588165283,0.5299481153488159,0.5442342758178711,0.26919087767601013,-0.12655344605445862,0.13549506664276123,0.07582217454910278,0.3216254711151123,-0.030358027666807175,0.13293249905109406,0.065606988966465,1.0971317291259766,0.18457597494125366,0.8456927537918091,0.788447916507721,1.1603690385818481,0.12308882176876068,0.6905721426010132,0.5829107761383057,0.1965165138244629,1.0088637471199036,-0.13629645109176636,1.2517765164375305,-1.6506940126419067,0.15026647597551346,-1.443503238260746,-0.6845572032034397,-1.0568410158157349,0.30797477811574936,-1.4886526390910149,-0.5279449746012688,0.24662017822265625,-0.729072093963623,1.503494381904602,0.3323003649711609,0.8036017417907715,-0.9330257773399353,-0.05704909563064575,-0.6237402558326721,3.0,3.0,3.0,3.0,3.0,3.0,3.0,3.0,3.0,3.0,3.0,3.0,3.0,3.0,3.0,3.0,3.0,3.0,3.0,3.0,0.05,0.05,0.05,0.05,0.05,0.05,0.05,0.05,0.05,0.05,0.05,0.05,0.05,0.05,0.05,0.05,0.05,0.05,0.05,0.05,0.0,0.0,0.0,0.0,0.0,0.0,0.0,0.0,0.0,0.0,0.0,0.0,0.0,0.0,0.0,0.0,0.0,0.0,0.0,0.0
0.19004929065704346,0.48073360323905945,0.45716235041618347,-0.054392993450164795,1.1035925149917603,-0.27509915828704834,1.473648190498352,0.7432331442832947,1.2071086168289185,-0.09637252241373062,1.4294207096099854,0.668587863445282,1.2906750440597534,-0.07915870100259781,1.444700837135315,0.43076810240745544,1.2331912517547607,-0.08836624771356583,1.5489978790283203,0.6116272807121277,-0.9354975074529648,0.14603585004806519,-0.9691834449768066,0.13290941715240479,-1.4104008674621582,0.28107762336730957,-0.10381042957305908,-1.9246548414230347,-1.7995893955230713,0.4157405346632004,-0.6484687328338623,-2.3233339190483093,-2.2677749395370483,0.32686181366443634,-1.2234777212142944,-2.039741724729538,-2.116081118583679,1.1323343962430954,-0.9384036064147949,-2.52777636051178,3.0,3.0,3.0,3.0,3.0,3.0,3.0,3.0,3.0,3.0,3.0,3.0,3.0,3.0,3.0,3.0,3.0,3.0,3.0,3.0,0.05,0.05,0.05,0.05,0.05,0.05,0.05,0.05,0.05,0.05,0.05,0.05,0.05,0.05,0.05,0.05,0.05,0.05,0.05,0.05,0.0,0.0,0.0,0.0,0.0,0.0,0.0,0.0,0.0,0.0,0.0,0.0,0.0,0.0,0.0,0.0,0.0,0.0,0.0,0.0,0.9191679954528809,0.32056254148483276,0.5229111909866333,0.5603783130645752,0.23725783824920654,-0.12414858490228653,0.10894723981618881,0.06043700501322746,0.3013462722301483,-0.02309519052505493,0.10671979933977127,0.055695436894893646,1.0953136682510376,0.1728469878435135,0.8677816390991211,0.7924414873123169,1.1727389097213745,0.10697808861732483,0.6880290508270264,0.570803701877594,-0.289425253868103,0.28488636016845703,-0.800999253988266,0.2381652593612671,-1.5865139663219452,0.04745814949274063,-1.0028822347521782,-0.6697464734315872,-0.7625609636306763,0.40836462285369635,-1.1326823383569717,-0.39800843223929405,-0.6681531667709351,-0.3520354628562927,0.9485036134719849,0.160863995552063,0.5145013332366943,-0.5086410790681839,-0.2833425998687744,-0.7011726498603821,3.0,3.0,3.0,3.0,3.0,3.0,3.0,3.0,3.0,3.0,3.0,3.0,3.0,3.0,3.0,3.0,3.0,3.0,3.0,3.0,0.05,0.05,0.05,0.05,0.05,0.05,0.05,0.05,0.05,0.05,0.05,0.05,0.05,0.05,0.05,0.05,0.05,0.05,0.05,0.05,0.0,0.0,0.0,0.0,0.0,0.0,0.0,0.0,0.0,0.0,0.0,0.0,0.0,0.0,0.0,0.0,0.0,0.0,0.0,0.0
0.17189504206180573,0.49227121472358704,0.4348502457141876,-0.05156198889017105,1.059549331665039,-0.267764151096344,1.4550148248672485,0.7012466192245483,1.1544036865234375,-0.08927255868911743,1.3960157632827759,0.6183667778968811,1.223707914352417,-0.07611885666847229,1.4019052982330322,0.38670408725738525,1.1671051979064941,-0.06984843313694,1.5114612579345703,0.5555331707000732,-0.6018344312906265,0.7705055177211761,-1.1482596397399902,0.2400485798716545,-2.6589423418045044,0.5168505012989044,-1.837092638015747,-2.2030532360076904,-2.738967537879944,0.2282407134771347,-2.8424471616744995,-2.59685218334198,-3.555712103843689,-0.08082706481218338,-3.2462716102600098,-2.262166142463684,-3.6743342876434326,0.3058498725295067,-2.6480764150619507,-3.0069857835769653,3.0,3.0,3.0,3.0,3.0,3.0,3.0,3.0,3.0,3.0,3.0,3.0,3.0,3.0,3.0,3.0,3.0,3.0,3.0,3.0,0.05,0.05,0.05,0.05,0.05,0.05,0.05,0.05,0.05,0.05,0.05,0.05,0.05,0.05,0.05,0.05,0.05,0.05,0.05,0.05,0.0,0.0,0.0,0.0,0.0,0.0,0.0,0.0,0.0,0.0,0.0,0.0,0.0,0.0,0.0,0.0,0.0,0.0,0.0,0.0,0.9086779952049255,0.3158419132232666,0.4979081451892853,0.5537608861923218,0.20573031902313232,-0.12465512007474899,0.0953797772526741,0.049032315611839294,0.29112303256988525,-0.01402344275265932,0.08762520551681519,0.049686651676893234,1.0704056024551392,0.17049455642700195,0.8836328983306885,0.7948824763298035,1.180949091911316,0.10274317860603333,0.6792384386062622,0.5548638701438904,-0.9307831525802612,-0.4809953272342682,-1.3853952288627625,-0.7374227046966553,-1.220768690109253,0.11256933212280273,-0.8366255089640617,-0.5169984884560108,-0.37295296788215637,0.47935880720615387,-0.8315647020936012,-0.1680382527410984,-1.6406923532485962,0.10796971619129181,1.1026009917259216,0.09550005197525024,0.3503352403640747,0.22441931068897247,-0.873979926109314,-1.24577134847641,3.0,3.0,3.0,3.0,3.0,3.0,3.0,3.0,3.0,3.0,3.0,3.0,3.0,3.0,3.0,3.0,3.0,3.0,3.0,3.0,0.05,0.05,0.05,0.05,0.05,0.05,0.05,0.05,0.05,0.05,0.05,0.05,0.05,0.05,0.05,0.05,0.05,0.05,0.05,0.05,0.0,0.0,0.0,0.0,0.0,0.0,0.0,0.0,0.0,0.0,0.0,0.0,0.0,0.0,0.0,0.0,0.0,0.0,0.0,0.0
0.1659759134054184,0.5115538239479065,0.41123196482658386,-0.044791050255298615,0.9972348213195801,-0.25442513823509216,1.4001644849777222,0.6551110148429871,1.0975499153137207,-0.08724289387464523,1.3157228231430054,0.5647137761116028,1.1484465599060059,-0.08239178359508514,1.3148499727249146,0.3402814567089081,1.0862178802490234,-0.07613225281238556,1.4430748224258423,0.4913478493690491,2.281968668103218,-0.5218937993049622,-1.5287764370441437,3.0373958870768547,-2.5346264243125916,0.5934633314609528,-3.4616678953170776,-2.3616671562194824,-2.3550719022750854,-0.03796089440584183,-4.820123314857483,-2.5686994194984436,-3.2983988523483276,-0.4790782928466797,-4.93532121181488,-2.007092535495758,-3.7268608808517456,-0.5042551085352898,-3.8463860750198364,-3.379441797733307,3.0,3.0,3.0,3.0,3.0,3.0,3.0,3.0,3.0,3.0,3.0,3.0,3.0,3.0,3.0,3.0,3.0,3.0,3.0,3.0,0.05,0.05,0.05,0.05,0.05,0.05,0.05,0.05,0.05,0.05,0.05,0.05,0.05,0.05,0.05,0.05,0.05,0.05,0.05,0.05,0.0,0.0,0.0,0.0,0.0,0.0,0.0,0.0,0.0,0.0,0.0,0.0,0.0,0.0,0.0,0.0,0.0,0.0,0.0,0.0,0.8819366693496704,0.30132272839546204,0.4674953818321228,0.530881404876709,0.18842709064483643,-0.11964581161737442,0.07548221945762634,0.03975706547498703,0.28642815351486206,-0.003920838236808777,0.07345721125602722,0.04897390678524971,1.0296859741210938,0.17716577649116516,0.911885678768158,0.7962614893913269,1.1867523193359375,0.11595486104488373,0.6530698537826538,0.5209728479385376,-1.6772300004959106,-0.7589302957057953,-1.8069744110107422,-1.3593800365924835,-0.4157576709985733,0.38756057620048523,-0.7858213037252426,-0.33854227513074875,-0.010135024785995483,0.5447522504255176,-0.6389567628502846,-0.002851337194442749,-2.463887631893158,0.4165608435869217,0.47490596771240234,-0.5259007215499878,-0.5650162696838379,0.6494328379631042,-1.3163313269615173,-1.7243541777133942,3.0,3.0,3.0,3.0,3.0,3.0,3.0,3.0,3.0,3.0,3.0,3.0,3.0,3.0,3.0,3.0,3.0,3.0,3.0,3.0,0.05,0.05,0.05,0.05,0.05,0.05,0.05,0.05,0.05,0.05,0.05,0.05,0.05,0.05,0.05,0.05,0.05,0.05,0.05,0.05,0.0,0.0,0.0,0.0,0.0,0.0,0.0,0.0,0.0,0.0,0.0,0.0,0.0,0.0,0.0,0.0,0.0,0.0,0.0,0.0
0.26317378878593445,0.47139546275138855,0.3736991882324219,0.06993384659290314,0.9581642746925354,-0.24402561783790588,1.3165481090545654,0.606779932975769,1.060200810432434,-0.0907909944653511,1.2032108306884766,0.5156188011169434,1.0917719602584839,-0.09528198838233948,1.204492449760437,0.30642038583755493,1.0180307626724243,-0.09001863747835159,1.3576058149337769,0.42035549879074097,3.871637210249901,-2.9182136058807373,-2.001585066318512,5.022195912897587,-0.5271255970001221,-0.011976808309555054,-5.69741427898407,-2.8760328888893127,-0.7577717304229736,-0.3710798919200897,-6.585279107093811,-2.4326451122760773,-1.8675535917282104,-0.6385542452335358,-5.808782577514648,-1.0666243731975555,-2.611580491065979,-0.5214978009462357,-4.429835081100464,-3.6460429430007935,3.0,3.0,3.0,3.0,3.0,3.0,3.0,3.0,3.0,3.0,3.0,3.0,3.0,3.0,3.0,3.0,3.0,3.0,3.0,3.0,0.05,0.05,0.05,0.05,0.05,0.05,0.05,0.05,0.05,0.05,0.05,0.05,0.05,0.05,0.05,0.05,0.05,0.05,0.05,0.05,0.0,0.0,0.0,0.0,0.0,0.0,0.0,0.0,0.0,0.0,0.0,0.0,0.0,0.0,0.0,0.0,0.0,0.0,0.0,0.0,0.8415887951850891,0.2854847013950348,0.4256291687488556,0.49938568472862244,0.1891000121831894,-0.10915269702672958,0.0639469251036644,0.035490624606609344,0.29071763157844543,0.0077666472643613815,0.0620669350028038,0.049572598189115524,0.9718500971794128,0.18715699017047882,0.9026291370391846,0.773846447467804,1.1583484411239624,0.1287204921245575,0.6265851855278015,0.4858897030353546,-3.1662657856941223,-0.554203987121582,-1.8792025744915009,-0.8448481559753418,0.35310983657836914,0.8919337764382362,-0.44394833967089653,-0.2325889654457569,0.37055686116218567,0.56407880038023,-0.5475156009197235,0.015343353152275085,-3.2054126262664795,0.38607753813266754,-1.323176920413971,-1.6613766551017761,-2.416503429412842,0.161660835146904,-1.5252426266670227,-1.8553003668785095,3.0,3.0,3.0,3.0,3.0,3.0,3.0,3.0,3.0,3.0,3.0,3.0,3.0,3.0,3.0,3.0,3.0,3.0,3.0,3.0,0.05,0.05,0.05,0.05,0.05,0.05,0.05,0.05,0.05,0.05,0.05,0.05,0.05,0.05,0.05,0.05,0.05,0.05,0.05,0.05,0.0,0.0,0.0,0.0,0.0,0.0,0.0,0.0,0.0,0.0,0.0,0.0,0.0,0.0,0.0,0.0,0.0,0.0,0.0,0.0
0.32084140181541443,0.394825279712677,0.3311685621738434,0.15609678626060486,0.9761497974395752,-0.25490421056747437,1.1722679138183594,0.5400696992874146,1.0672390460968018,-0.10208608955144882,1.052311658859253,0.4674079716205597,1.0737444162368774,-0.10793395340442657,1.0824986696243286,0.29761648178100586,0.9817546606063843,-0.09699216485023499,1.2658814191818237,0.34550613164901733,2.671847492456436,-3.7819229066371918,-2.0300664007663727,3.1178392469882965,0.6013587117195129,-0.6684482097625732,-6.813621520996094,-3.116624802350998,-0.151786208152771,-0.35410672426223755,-7.037392258644104,-2.231396734714508,-1.2656956911087036,-0.41065793484449387,-5.7551309466362,-0.4589349031448364,-1.9488856196403503,-0.19563492387533188,-4.348859190940857,-3.5050183534622192,3.0,3.0,3.0,3.0,3.0,3.0,3.0,3.0,3.0,3.0,3.0,3.0,3.0,3.0,3.0,3.0,3.0,3.0,3.0,3.0,0.05,0.05,0.05,0.05,0.05,0.05,0.05,0.05,0.05,0.05,0.05,0.05,0.05,0.05,0.05,0.05,0.05,0.05,0.05,0.05,0.0,0.0,0.0,0.0,0.0,0.0,0.0,0.0,0.0,0.0,0.0,0.0,0.0,0.0,0.0,0.0,0.0,0.0,0.0,0.0,0.7552860379219055,0.27915456891059875,0.39232727885246277,0.4970874786376953,0.2025514841079712,-0.08396846055984497,0.05772428587079048,0.030453506857156754,0.3012504279613495,0.01864231377840042,0.05155658721923828,0.049587640911340714,0.9014694690704346,0.19260887801647186,0.8589586019515991,0.7298064231872559,1.0900921821594238,0.12242129445075989,0.5920601487159729,0.4467608332633972,-5.475173890590668,0.07503926753997803,-0.9055450558662415,0.20433589816093445,0.4548322409391403,1.5734678134322166,-0.06017722189426422,-0.22863177582621574,0.5599990487098694,0.5064784549176693,-0.3507285378873348,-0.09426185861229897,-3.3174723386764526,-0.09306706488132477,-2.8728649020195007,-2.9965728521347046,-4.040804505348206,-0.9915575385093689,-1.3795450329780579,-2.2104300558567047,3.0,3.0,3.0,3.0,3.0,3.0,3.0,3.0,3.0,3.0,3.0,3.0,3.0,3.0,3.0,3.0,3.0,3.0,3.0,3.0,0.05,0.05,0.05,0.05,0.05,0.05,0.05,0.05,0.05,0.05,0.05,0.05,0.05,0.05,0.05,0.05,0.05,0.05,0.05,0.05,0.0,0.0,0.0,0.0,0.0,0.0,0.0,0.0,0.0,0.0,0.0,0.0,0.0,0.0,0.0,0.0,0.0,0.0,0.0,0.0
0.3700476884841919,0.3201185464859009,0.29249653220176697,0.194647416472435,0.9822186231613159,-0.2707635462284088,1.0440032482147217,0.4821149408817291,1.0541293621063232,-0.1049552634358406,0.9217151403427124,0.42636293172836304,1.0411441326141357,-0.11170830577611923,0.974287211894989,0.2880629897117615,0.9400753378868103,-0.09784403443336487,1.1836514472961426,0.2801547646522522,2.2820159792900085,-3.7137452512979507,-1.7660871148109436,0.8737701922655106,-0.2592042088508606,-0.8206278085708618,-6.430564820766449,-2.9359549283981323,-2.3166924715042114,0.9241713210940361,-6.992305815219879,-2.426576614379883,-3.1868234276771545,0.6240012124180794,-6.065642833709717,-1.06462761759758,-3.341798484325409,0.2797827124595642,-4.577350616455078,-2.6062320917844772,3.0,3.0,3.0,3.0,3.0,3.0,3.0,3.0,3.0,3.0,3.0,3.0,3.0,3.0,3.0,3.0,3.0,3.0,3.0,3.0,0.05,0.05,0.05,0.05,0.05,0.05,0.05,0.05,0.05,0.05,0.05,0.05,0.05,0.05,0.05,0.05,0.05,0.05,0.05,0.05,0.0,0.0,0.0,0.0,0.0,0.0,0.0,0.0,0.0,0.0,0.0,0.0,0.0,0.0,0.0,0.0,0.0,0.0,0.0,0.0,0.6225818395614624,0.2884862720966339,0.38940736651420593,0.5075591206550598,0.207293301820755,-0.04621398448944092,0.06153983622789383,0.026345353573560715,0.3131175935268402,0.028025785461068153,0.04803779348731041,0.045802123844623566,0.8391512036323547,0.18343430757522583,0.7877145409584045,0.6539835333824158,0.9967162609100342,0.08905819058418274,0.5714033842086792,0.3974725008010864,-6.193013489246368,0.5082644522190094,-0.3454640507698059,0.5611836910247803,0.10906010866165161,1.7964854836463928,0.703913252800703,-0.014358758926391602,0.6448067724704742,0.1735926140099764,-0.15608659014105797,-0.1563691534101963,-3.260686993598938,-1.047971472144127,-3.87522429227829,-4.223410785198212,-5.11750727891922,-2.6729829609394073,-1.4437466859817505,-3.182348608970642,3.0,3.0,3.0,3.0,3.0,3.0,3.0,3.0,3.0,3.0,3.0,3.0,3.0,3.0,3.0,3.0,3.0,3.0,3.0,3.0,0.05,0.05,0.05,0.05,0.05,0.05,0.05,0.05,0.05,0.05,0.05,0.05,0.05,0.05,0.05,0.05,0.05,0.05,0.05,0.05,0.0,0.0,0.0,0.0,0.0,0.0,0.0,0.0,0.0,0.0,0.0,0.0,0.0,0.0,0.0,0.0,0.0,0.0,0.0,0.0
0.41212204098701477,0.24627546966075897,0.26052507758140564,0.19104759395122528,0.9657816290855408,-0.28772932291030884,0.9150453209877014,0.42263150215148926,0.9745713472366333,-0.06511923670768738,0.7726194262504578,0.3703449070453644,0.9462714791297913,-0.0829739049077034,0.8398729562759399,0.25503137707710266,0.8480827212333679,-0.08580085635185242,1.0827873945236206,0.24125684797763824,1.0681651532650007,-3.0048787593841135,-2.127061411738349,-0.051203370094299316,-1.1091634631156533,-0.8354976773262024,-6.360211968421803,-3.0023999512194934,-4.359523952007197,2.478700969368158,-7.456696033477636,-2.9927611351012544,-5.37459999322879,2.0516391843556727,-7.051110267639013,-2.0634014159440492,-5.800469219684465,1.0737890377640236,-5.642904341220728,-2.0703081041574056,3.0,3.0,3.0,3.0,3.0,3.0,3.0,3.0,3.0,3.0,3.0,3.0,3.0,3.0,3.0,3.0,3.0,3.0,3.0,3.0,0.05,0.05,0.05,0.05,0.05,0.05,0.05,0.05,0.05,0.05,0.05,0.05,0.05,0.05,0.05,0.05,0.05,0.05,0.05,0.05,0.0,0.0,0.0,0.0,0.0,0.0,0.0,0.0,0.0,0.0,0.0,0.0,0.0,0.0,0.0,0.0,0.0,0.0,0.0,0.0,0.5075654983520508,0.29948514699935913,0.37850871682167053,0.5195348262786865,0.20691388845443726,-0.012109041213989258,0.0858808159828186,0.02987915650010109,0.32704269886016846,0.025586018338799477,0.04531312361359596,0.04333287477493286,0.771041989326477,0.1506900191307068,0.7039496302604675,0.5608699917793274,0.885391891002655,0.015501976013183594,0.5343102812767029,0.31946688890457153,-5.175735801458268,0.3878325223922674,-0.9820029139518501,0.6942465901374678,0.20812153816223145,1.8454591743647701,1.3777829706668467,0.2840216271579161,0.6577685475349301,-0.2757899928837973,-0.07194383069872856,-0.09712260216474533,-3.606791794300007,-1.8165700137614857,-4.346391558647067,-4.583892226219086,-6.0643672943114035,-3.63229569047682,-2.540852129459312,-3.4437417984008163,3.0,3.0,3.0,3.0,3.0,3.0,3.0,3.0,3.0,3.0,3.0,3.0,3.0,3.0,3.0,3.0,3.0,3.0,3.0,3.0,0.05,0.05,0.05,0.05,0.05,0.05,0.05,0.05,0.05,0.05,0.05,0.05,0.05,0.05,0.05,0.05,0.05,0.05,0.05,0.05,0.0,0.0,0.0,0.0,0.0,0.0,0.0,0.0,0.0,0.0,0.0,0.0,0.0,0.0,0.0,0.0,0.0,0.0,0.0,0.0
0.4127742946147919,0.19992339611053633,0.207414075732233,0.19259928166866302,0.9378520846366898,-0.3041834533214569,0.7895947694778496,0.3620189428329494,0.8797484040260354,-0.005807224661114274,0.623447299003607,0.30665248632431286,0.8261601328849841,-0.029642738401892334,0.6922428011894285,0.2055269330739995,0.7080565690994317,-0.05489247292280392,0.9579352736473135,0.19734244048595598,-0.4351794719696045,-1.9473854452371597,-2.190811187028885,0.010323524475097656,-1.8630191683769226,-0.23866593837738037,-6.091479957103729,-2.9434792697429657,-4.407362639904022,2.766187582165003,-6.705690920352936,-2.89628729224205,-5.530080199241638,2.8626933693885803,-6.779162585735321,-2.268453687429428,-6.194426119327545,2.64279842376709,-5.884356796741486,-1.9618012011051178,3.0,3.0,3.0,3.0,3.0,3.0,3.0,3.0,3.0,3.0,3.0,3.0,3.0,3.0,3.0,3.0,3.0,3.0,3.0,3.0,0.05,0.05,0.05,0.05,0.05,0.05,0.05,0.05,0.05,0.05,0.05,0.05,0.05,0.05,0.05,0.05,0.05,0.05,0.05,0.05,0.0,0.0,0.0,0.0,0.0,0.0,0.0,0.0,0.0,0.0,0.0,0.0,0.0,0.0,0.0,0.0,0.0,0.0,0.0,0.0,0.41555240750313166,0.3039995729923246,0.3501272499561319,0.5353289842605585,0.21561816334724426,0.02760438248514989,0.1166511550545677,0.03770621865987736,0.3394283354282374,0.01699418574571626,0.04516004025936127,0.04191721975803375,0.6948795318603544,0.1107715070247664,0.6138588786125219,0.47062784433365235,0.754141569137578,-0.05623363703489006,0.46976929903030673,0.25972282886505377,-4.140589386224747,0.2913370728492737,-1.1185802519321442,0.6884321570396423,0.18602386116981506,1.6452054493129253,1.7490345984697342,0.48762504011392593,0.5602523684501648,-0.2746527548879385,0.4029449075460434,0.2251957543194294,-3.325311839580536,-1.6466952860355377,-4.132822155952454,-4.219543933868408,-5.660606920719147,-3.3622222021222115,-3.1221903860569,-2.8230704367160797,3.0,3.0,3.0,3.0,3.0,3.0,3.0,3.0,3.0,3.0,3.0,3.0,3.0,3.0,3.0,3.0,3.0,3.0,3.0,3.0,0.05,0.05,0.05,0.05,0.05,0.05,0.05,0.05,0.05,0.05,0.05,0.05,0.05,0.05,0.05,0.05,0.05,0.05,0.05,0.05,0.0,0.0,0.0,0.0,0.0,0.0,0.0,0.0,0.0,0.0,0.0,0.0,0.0,0.0,0.0,0.0,0.0,0.0,0.0,0.0
0.3947148621082306,0.16838005185127258,0.17289263010025024,0.1914605349302292,0.8912608623504639,-0.29727596044540405,0.6713861227035522,0.30489233136177063,0.7982768416404724,0.045528266578912735,0.5043917894363403,0.2544934153556824,0.7250682711601257,0.03153382986783981,0.5687064528465271,0.16429322957992554,0.6003056764602661,0.019911080598831177,0.8474131226539612,0.16278479993343353,-1.701544225215855,-1.23879648745063,-1.2962136417627639,0.49045383930204284,-2.8842151165008185,0.8810684084891968,-5.9509247541427746,-2.898158133029949,-4.114954173564916,2.146379370242385,-5.454270541667993,-2.4961262941360673,-4.863023757934587,2.8309501707553966,-5.780267715454146,-1.8288038671016942,-5.11146932840352,3.6205334588885107,-5.546730756759638,-1.581387966871279,3.0,3.0,3.0,3.0,3.0,3.0,3.0,3.0,3.0,3.0,3.0,3.0,3.0,3.0,3.0,3.0,3.0,3.0,3.0,3.0,0.05,0.05,0.05,0.05,0.05,0.05,0.05,0.05,0.05,0.05,0.05,0.05,0.05,0.05,0.05,0.05,0.05,0.05,0.05,0.05,0.0,0.0,0.0,0.0,0.0,0.0,0.0,0.0,0.0,0.0,0.0,0.0,0.0,0.0,0.0,0.0,0.0,0.0,0.0,0.0,0.3419419229030609,0.3111386299133301,0.33376550674438477,0.5470721125602722,0.21435484290122986,0.053699176758527756,0.15584219992160797,0.04938415810465813,0.34945279359817505,0.014599908143281937,0.0614309199154377,0.05234070494771004,0.6380295157432556,0.08482220768928528,0.5386367440223694,0.39208823442459106,0.6589676141738892,-0.11898691207170486,0.4094226658344269,0.20654407143592834,-3.3124715089798293,0.30972138047218045,-0.6622597575187877,0.5344495177269065,-0.14928914606570434,1.1428971774876309,2.072148211300361,0.6113512441515883,0.44326186180115995,0.046907318755974765,1.1018225923180254,0.7535343989729641,-2.6588171720504956,-1.0065775364637615,-3.297211229801214,-3.4764073789120067,-4.16660010814672,-2.8238972648978478,-2.8759509325027564,-2.3582182824611886,3.0,3.0,3.0,3.0,3.0,3.0,3.0,3.0,3.0,3.0,3.0,3.0,3.0,3.0,3.0,3.0,3.0,3.0,3.0,3.0,0.05,0.05,0.05,0.05,0.05,0.05,0.05,0.05,0.05,0.05,0.05,0.05,0.05,0.05,0.05,0.05,0.05,0.05,0.05,0.05,0.0,0.0,0.0,0.0,0.0,0.0,0.0,0.0,0.0,0.0,0.0,0.0,0.0,0.0,0.0,0.0,0.0,0.0,0.0,0.0
0.3447125256061577,0.15037153661251113,0.15556553006172244,0.21221743524074474,0.822483479976657,-0.26894071698188904,0.5515577793121386,0.24609261751175143,0.7151502370834387,0.08004795014858113,0.4052764773368872,0.20680743455887016,0.6316391825676007,0.08359526842832354,0.46103209257126265,0.13237477838993172,0.5035977959632909,0.0899288654327365,0.7360660433769279,0.13408692181110482,-2.6196978986263275,-0.6292715668678284,-0.7530715316534042,0.9341742843389511,-3.3753514289855957,1.3854920864105225,-5.389466881752014,-2.5093238800764084,-4.150450229644775,1.532310340553522,-4.295282065868378,-2.041744813323021,-4.6895831823349,2.39443089812994,-4.756318032741547,-1.2187156826257706,-4.094290733337402,3.1508002430200577,-5.921529233455658,-1.1827833950519562,3.0,3.0,3.0,3.0,3.0,3.0,3.0,3.0,3.0,3.0,3.0,3.0,3.0,3.0,3.0,3.0,3.0,3.0,3.0,3.0,0.05,0.05,0.05,0.05,0.05,0.05,0.05,0.05,0.05,0.05,0.05,0.05,0.05,0.05,0.05,0.05,0.05,0.05,0.05,0.05,0.0,0.0,0.0,0.0,0.0,0.0,0.0,0.0,0.0,0.0,0.0,0.0,0.0,0.0,0.0,0.0,0.0,0.0,0.0,0.0,0.2830535471439385,0.3163884282112118,0.3236368596553804,0.5567069649696348,0.2096465975046161,0.07332026958465512,0.19953708350658214,0.06216026842594089,0.3571588099002838,0.018870478495955252,0.08923294395208228,0.07205859571695232,0.5885268449783346,0.07050840556621595,0.4819704294204733,0.3315715491771721,0.5874775648117092,-0.16918952763080397,0.3547312617301965,0.16539409756660622,-2.649977058172226,0.34642666578292847,-0.2876594662666321,0.33410340547561646,-0.47059953212738037,0.7742474786937237,2.2807586938142776,0.6444704718887806,0.08897334337234497,0.24216198362410069,1.4659547246992588,1.0934173129498959,-2.4846598505973816,-0.5439801141619682,-2.462725341320038,-2.632620185613632,-3.1479179859161377,-2.2591179236769676,-2.695714682340622,-1.8572095781564713,3.0,3.0,3.0,3.0,3.0,3.0,3.0,3.0,3.0,3.0,3.0,3.0,3.0,3.0,3.0,3.0,3.0,3.0,3.0,3.0,0.05,0.05,0.05,0.05,0.05,0.05,0.05,0.05,0.05,0.05,0.05,0.05,0.05,0.05,0.05,0.05,0.05,0.05,0.05,0.05,0.0,0.0,0.0,0.0,0.0,0.0,0.0,0.0,0.0,0.0,0.0,0.0,0.0,0.0,0.0,0.0,0.0,0.0,0.0,0.0
0.2899269461631775,0.14320918917655945,0.14276976883411407,0.22882750630378723,0.75624680519104,-0.24185627698898315,0.4558074474334717,0.2045193761587143,0.6322588324546814,0.10682068020105362,0.3325805068016052,0.17282362282276154,0.5374849438667297,0.12731106579303741,0.37845373153686523,0.11554460227489471,0.43653404712677,0.14594309031963348,0.6105519533157349,0.11547346413135529,-2.193986624479326,-0.31009986996651734,-0.4430387169122855,0.7484924048185425,-2.860343456268349,0.9483702480793242,-3.774698078632435,-1.425474137067849,-3.7858560681343327,1.2667763978242972,-3.1131997704506364,-1.327883824706106,-4.139489680528677,1.7271580174565648,-3.6115176975727525,-0.6237950176000793,-2.5948591530323597,2.5206401944160706,-5.8216214179992924,-1.0193245485425053,3.0,3.0,3.0,3.0,3.0,3.0,3.0,3.0,3.0,3.0,3.0,3.0,3.0,3.0,3.0,3.0,3.0,3.0,3.0,3.0,0.05,0.05,0.05,0.05,0.05,0.05,0.05,0.05,0.05,0.05,0.05,0.05,0.05,0.05,0.05,0.05,0.05,0.05,0.05,0.05,0.0,0.0,0.0,0.0,0.0,0.0,0.0,0.0,0.0,0.0,0.0,0.0,0.0,0.0,0.0,0.0,0.0,0.0,0.0,0.0,0.23594284057617188,0.3249956965446472,0.3222591280937195,0.5604362487792969,0.19553086161613464,0.0846690759062767,0.24707254767417908,0.07516297698020935,0.35301172733306885,0.024286387488245964,0.12006910890340805,0.09607739746570587,0.5386431217193604,0.06306300312280655,0.44012773036956787,0.2867834270000458,0.5330508947372437,-0.20935162901878357,0.301594078540802,0.1322556883096695,-2.1199818700552195,0.43254420161246837,0.28253570199010536,-0.06230622529981855,-0.6665799766778856,0.5391215905547232,2.244251593947417,0.6182400509715099,-0.37538409233091874,0.27192770503461283,1.2776682153344334,1.0181417688727485,-2.4955920875072453,-0.4430836066603664,-1.999402791261684,-2.0708452910185033,-2.487730979919453,-1.8072944134473974,-2.519038319587713,-1.4588108286261732,3.0,3.0,3.0,3.0,3.0,3.0,3.0,3.0,3.0,3.0,3.0,3.0,3.0,3.0,3.0,3.0,3.0,3.0,3.0,3.0,0.05,0.05,0.05,0.05,0.05,0.05,0.05,0.05,0.05,0.05,0.05,0.05,0.05,0.05,0.05,0.05,0.05,0.05,0.05,0.05,0.0,0.0,0.0,0.0,0.0,0.0,0.0,0.0,0.0,0.0,0.0,0.0,0.0,0.0,0.0,0.0,0.0,0.0,0.0,0.0
0.2569530606269847,0.13796754181385043,0.13784398138523102,0.24215713143348644,0.7080697417259231,-0.23100590705871607,0.40056985616684115,0.18907365202903748,0.5637159943580654,0.130719006061553,0.28074848651886175,0.15369208157062592,0.4660595953464536,0.15268158912658614,0.31657138466835255,0.10742297768592855,0.3998034298419965,0.19075447320937933,0.5032011866569562,0.0933139398694046,-1.3160761445760727,-0.14137402176856995,-0.08874461054801941,0.5652308464050293,-1.8015190958976746,0.3795504570007324,-1.9948258996009827,-0.3563225269317627,-3.091907501220703,1.0893510654568672,-2.2233590483665466,-0.7460832595825195,-3.1690359115600586,0.9617790579795837,-2.7072474360466003,-0.27929190546274185,-1.5295319259166718,2.016512304544449,-4.849802702665329,-0.9121902287006378,3.0,3.0,3.0,3.0,3.0,3.0,3.0,3.0,3.0,3.0,3.0,3.0,3.0,3.0,3.0,3.0,3.0,3.0,3.0,3.0,0.05,0.05,0.05,0.05,0.05,0.05,0.05,0.05,0.05,0.05,0.05,0.05,0.05,0.05,0.05,0.05,0.05,0.05,0.05,0.05,0.0,0.0,0.0,0.0,0.0,0.0,0.0,0.0,0.0,0.0,0.0,0.0,0.0,0.0,0.0,0.0,0.0,0.0,0.0,0.0,0.1982542723417297,0.33369019627571056,0.33493828773498463,0.554214715957642,0.18298339843750067,0.09488513320684405,0.2893071472644788,0.08688987046480129,0.34214344620704706,0.029747586697339765,0.14033967256545962,0.11278426647186227,0.4887031614780448,0.05278506129980129,0.40199431777000594,0.24873773753643194,0.4879683256149311,-0.24148130416869987,0.25396972894668796,0.1070416644215593,-1.6959857195615768,0.6403036415576935,0.7993042469024658,-0.7400244474411011,-0.7647566497325897,0.3739621490240097,1.9948050379753113,0.5669165402650833,-0.7036462426185608,0.2771582920104265,0.7612442597746849,0.6471438333392143,-2.4994932115077972,-0.47717979177832603,-1.844555139541626,-1.7820004373788834,-2.1702535450458527,-1.4458350837230682,-2.4118807166814804,-1.0653309524059296,3.0,3.0,3.0,3.0,3.0,3.0,3.0,3.0,3.0,3.0,3.0,3.0,3.0,3.0,3.0,3.0,3.0,3.0,3.0,3.0,0.05,0.05,0.05,0.05,0.05,0.05,0.05,0.05,0.05,0.05,0.05,0.05,0.05,0.05,0.05,0.05,0.05,0.05,0.05,0.05,0.0,0.0,0.0,0.0,0.0,0.0,0.0,0.0,0.0,0.0,0.0,0.0,0.0,0.0,0.0,0.0,0.0,0.0,0.0,0.0
0.23728390038013458,0.13755422830581665,0.1392199844121933,0.2514367401599884,0.6841860413551331,-0.22667425870895386,0.3760144114494324,0.1902664750814438,0.5085825324058533,0.1503947228193283,0.24364614486694336,0.14298029243946075,0.4107235074043274,0.16578222811222076,0.2701638340950012,0.10437292605638504,0.37535277009010315,0.22660358250141144,0.4165598452091217,0.07898585498332977,-0.3981392830610539,-0.21296925842762063,0.10152719914913177,-0.01643747091292086,-1.3829633593559625,0.38217008113861706,-1.0723210871220024,0.12819431722164154,-2.5207906961441706,0.8285157382488486,-1.7474662512541288,-0.5194570869207534,-2.562702447176049,0.47324672341348684,-2.1904181689024553,-0.18315110355616135,-1.2435972690582595,1.527313888073012,-4.0424235165120255,-0.7761111482978058,3.0,3.0,3.0,3.0,3.0,3.0,3.0,3.0,3.0,3.0,3.0,3.0,3.0,3.0,3.0,3.0,3.0,3.0,3.0,3.0,0.05,0.05,0.05,0.05,0.05,0.05,0.05,0.05,0.05,0.05,0.05,0.05,0.05,0.05,0.05,0.05,0.05,0.05,0.05,0.05,0.0,0.0,0.0,0.0,0.0,0.0,0.0,0.0,0.0,0.0,0.0,0.0,0.0,0.0,0.0,0.0,0.0,0.0,0.0,0.0,0.1681034117937088,0.35060784220695496,0.3542312979698181,0.5308352708816528,0.16494059562683105,0.09962756186723709,0.32686474919319153,0.09783963859081268,0.3248658776283264,0.035372719168663025,0.15051887929439545,0.12196315079927444,0.43866339325904846,0.04397581145167351,0.36634552478790283,0.21550340950489044,0.44624075293540955,-0.2671850323677063,0.20511884987354279,0.08964245021343231,-1.356788724660911,0.916441529989255,0.80001577734949,-1.8626451492309681,-1.3600647449493575,-0.06921179592608712,1.4291957020760027,0.32200776040555296,-1.2134648859501023,0.2165719866752686,0.10188035666944054,0.1802297309041155,-2.612090110778864,-0.35858163610101784,-1.880041509866756,-1.655163243413011,-1.8863722681999677,-1.156668365001711,-2.201697975397164,-0.878440961241745,3.0,3.0,3.0,3.0,3.0,3.0,3.0,3.0,3.0,3.0,3.0,3.0,3.0,3.0,3.0,3.0,3.0,3.0,3.0,3.0,0.05,0.05,0.05,0.05,0.05,0.05,0.05,0.05,0.05,0.05,0.05,0.05,0.05,0.05,0.05,0.05,0.05,0.05,0.05,0.05,0.0,0.0,0.0,0.0,0.0,0.0,0.0,0.0,0.0,0.0,0.0,0.0,0.0,0.0,0.0,0.0,0.0,0.0,0.0,0.0
0.24102748930454254,0.1294487714767456,0.1419050693511963,0.2414996325969696,0.6527512073516846,-0.2157191038131714,0.35767701268196106,0.19420142471790314,0.4628843665122986,0.16385963559150696,0.2108498364686966,0.13291379809379578,0.3635514974594116,0.1716114580631256,0.22895465791225433,0.1000969335436821,0.35005953907966614,0.2518470287322998,0.3415042459964752,0.06226949393749237,0.5917567759752274,-0.4841528832912445,0.20688623189926147,-0.7091276347637177,-1.7086505889892578,0.8014190942049026,-0.7475204765796661,0.2591874450445175,-2.090168744325638,0.48903971910476685,-1.6534574329853058,-0.5742613226175308,-2.2173628211021423,-0.01417510211467743,-2.0722880959510803,-0.3252986818552017,-1.3659678399562836,0.39137043058872223,-3.552355617284775,-0.6176658906042576,3.0,3.0,3.0,3.0,3.0,3.0,3.0,3.0,3.0,3.0,3.0,3.0,3.0,3.0,3.0,3.0,3.0,3.0,3.0,3.0,0.05,0.05,0.05,0.05,0.05,0.05,0.05,0.05,0.05,0.05,0.05,0.05,0.05,0.05,0.05,0.05,0.05,0.05,0.05,0.05,0.0,0.0,0.0,0.0,0.0,0.0,0.0,0.0,0.0,0.0,0.0,0.0,0.0,0.0,0.0,0.0,0.0,0.0,0.0,0.0,0.14398272335529327,0.37034785747528076,0.36693891882896423,0.4797089099884033,0.12858080863952637,0.09211666136980057,0.3464749753475189,0.09977018088102341,0.29360485076904297,0.03841046616435051,0.14441488683223724,0.11999345570802689,0.38421955704689026,0.038441795855760574,0.3267926573753357,0.1825312077999115,0.4125134348869324,-0.2877480387687683,0.1659018099308014,0.0719040259718895,0.5680922418832779,0.23559331893920898,0.1308046281337738,-3.825598955154419,-1.7772093415260315,-0.45018643140792847,0.6588272750377655,-0.16353577375411987,-1.7917662858963013,0.08983435109257698,-0.6077885627746582,-0.36638639867305756,-2.475947141647339,-0.2743959426879883,-2.1314457058906555,-1.7315767705440521,-2.0378194749355316,-0.9253352880477905,-1.7552487552165985,-0.36822594702243805,3.0,3.0,3.0,3.0,3.0,3.0,3.0,3.0,3.0,3.0,3.0,3.0,3.0,3.0,3.0,3.0,3.0,3.0,3.0,3.0,0.05,0.05,0.05,0.05,0.05,0.05,0.05,0.05,0.05,0.05,0.05,0.05,0.05,0.05,0.05,0.05,0.05,0.05,0.05,0.05,0.0,0.0,0.0,0.0,0.0,0.0,0.0,0.0,0.0,0.0,0.0,0.0,0.0,0.0,0.0,0.0,0.0,0.0,0.0,0.0
0.2609541714191437,0.11818811297416687,0.14749543368816376,0.2230716347694397,0.6158400177955627,-0.19461749494075775,0.3461135923862457,0.2006339728832245,0.42497578263282776,0.16995631158351898,0.17750784754753113,0.12000983953475952,0.3220289945602417,0.16521522402763367,0.187272310256958,0.09136097878217697,0.3207140564918518,0.24225839972496033,0.2744656205177307,0.05427921935915947,0.8300457149744034,-0.50092414021492,0.23437626659870148,-0.9122330695390701,-2.139483392238617,1.28738172352314,-0.639602541923523,0.2542305737733841,-1.6109466552734375,0.07866024971008301,-1.575508713722229,-0.6466291844844818,-1.7962627112865448,-0.48857852816581726,-1.9839853048324585,-0.4658905789256096,-1.4372900128364563,-0.9149737656116486,-2.926366403698921,-0.43292418122291565,3.0,3.0,3.0,3.0,3.0,3.0,3.0,3.0,3.0,3.0,3.0,3.0,3.0,3.0,3.0,3.0,3.0,3.0,3.0,3.0,0.05,0.05,0.05,0.05,0.05,0.05,0.05,0.05,0.05,0.05,0.05,0.05,0.05,0.05,0.05,0.05,0.05,0.05,0.05,0.05,0.0,0.0,0.0,0.0,0.0,0.0,0.0,0.0,0.0,0.0,0.0,0.0,0.0,0.0,0.0,0.0,0.0,0.0,0.0,0.0,0.19082710146903992,0.3600315749645233,0.35946348309516907,0.3778113126754761,0.0938522219657898,0.08162010461091995,0.35321784019470215,0.09129820764064789,0.25319522619247437,0.038966093212366104,0.12620733678340912,0.10730769485235214,0.3396255075931549,0.032999973744153976,0.2810876965522766,0.14624033868312836,0.3647279739379883,-0.3041984438896179,0.13490889966487885,0.07491341233253479,1.491795852780342,-0.5901873111724854,-0.10530278086662292,-4.501055926084518,-1.5004586428403854,-0.6696952506899834,0.04979446530342102,-0.5828879773616791,-1.6835983842611313,-0.20957179367542267,-0.9062018245458603,-0.6828766316175461,-2.3060567677021027,-0.5612735170871019,-2.3177485913038254,-1.4087777584791183,-1.912427693605423,-0.7402680814266205,-1.4664262533187866,-0.07251258939504623,3.0,3.0,3.0,3.0,3.0,3.0,3.0,3.0,3.0,3.0,3.0,3.0,3.0,3.0,3.0,3.0,3.0,3.0,3.0,3.0,0.05,0.05,0.05,0.05,0.05,0.05,0.05,0.05,0.05,0.05,0.05,0.05,0.05,0.05,0.05,0.05,0.05,0.05,0.05,0.05,0.0,0.0,0.0,0.0,0.0,0.0,0.0,0.0,0.0,0.0,0.0,0.0,0.0,0.0,0.0,0.0,0.0,0.0,0.0,0.0
0.2742293179035187,0.1094118058681488,0.15128012001514435,0.2050103098154068,0.5671718716621399,-0.1642238348722458,0.33209291100502014,0.2043706476688385,0.3984465003013611,0.16700604557991028,0.14782948791980743,0.1070486307144165,0.29170098900794983,0.15206831693649292,0.149595245718956,0.08146131038665771,0.2925679385662079,0.21524807810783386,0.22444958984851837,0.044952526688575745,0.0028148293495178223,-0.07023848593235016,-0.34612342715263367,-0.7178332656621933,-2.727976441383362,1.793656125664711,-0.7729515433311462,0.13857930898666382,-1.1351622641086578,-0.33928975462913513,-1.3412222266197205,-0.5777990445494652,-1.586347073316574,-0.6708759814500809,-1.5021756291389465,-0.56325513869524,-1.4475099742412567,-1.4447882771492004,-2.2946685552597046,-0.4645177163183689,3.0,3.0,3.0,3.0,3.0,3.0,3.0,3.0,3.0,3.0,3.0,3.0,3.0,3.0,3.0,3.0,3.0,3.0,3.0,3.0,0.05,0.05,0.05,0.05,0.05,0.05,0.05,0.05,0.05,0.05,0.05,0.05,0.05,0.05,0.05,0.05,0.05,0.05,0.05,0.05,0.0,0.0,0.0,0.0,0.0,0.0,0.0,0.0,0.0,0.0,0.0,0.0,0.0,0.0,0.0,0.0,0.0,0.0,0.0,0.0,0.20365455746650696,0.34674036502838135,0.3627268075942993,0.2996666729450226,0.06856246292591095,0.06532885134220123,0.34846675395965576,0.07645466178655624,0.22626091539859772,0.030027594417333603,0.10816681385040283,0.09267839044332504,0.29197728633880615,0.015990855172276497,0.23408271372318268,0.12618009746074677,0.33601632714271545,-0.31735876202583313,0.10724475979804993,0.06900352239608765,0.33359676599502563,-0.7930688560009003,-0.34777820110321045,-3.4920964390039444,-1.0309100151062012,-0.6684580817818642,-0.25164932012557983,-0.7104182615876198,-1.2083616107702255,-0.5744414404034615,-0.8167248219251633,-0.6734231486916542,-1.9107542932033539,-0.9684966411441565,-2.0509175956249237,-0.9056128561496735,-1.2332752346992493,-0.5922138690948486,-1.2246595695614815,-0.3949413076043129,3.0,3.0,3.0,3.0,3.0,3.0,3.0,3.0,3.0,3.0,3.0,3.0,3.0,3.0,3.0,3.0,3.0,3.0,3.0,3.0,0.05,0.05,0.05,0.05,0.05,0.05,0.05,0.05,0.05,0.05,0.05,0.05,0.05,0.05,0.05,0.05,0.05,0.05,0.05,0.05,0.0,0.0,0.0,0.0,0.0,0.0,0.0,0.0,0.0,0.0,0.0,0.0,0.0,0.0,0.0,0.0,0.0,0.0,0.0,0.0
0.2610667645931244,0.11537857353687286,0.1336504966020584,0.19435830414295197,0.5067209601402283,-0.12287124991416931,0.3151955306529999,0.20617714524269104,0.37956929206848145,0.15638472139835358,0.12385895848274231,0.09689787775278091,0.25857511162757874,0.13838018476963043,0.12718528509140015,0.06883077323436737,0.26281365752220154,0.1844668686389923,0.18267887830734253,0.03569851070642471,-1.0139107704162598,0.4630502313375473,-1.175009272992611,-0.10077767074108124,-3.3617109060287476,2.594126295298338,-0.9944647550582886,0.020846351981163025,-0.7195577025413513,-0.5731347948312759,-0.9476693347096443,-0.3620157018303871,-1.5324607491493225,-0.6832633167505264,-1.150088757276535,-0.5511648952960968,-1.496577262878418,-1.443701609969139,-1.8569953739643097,-0.40302486158907413,3.0,3.0,3.0,3.0,3.0,3.0,3.0,3.0,3.0,3.0,3.0,3.0,3.0,3.0,3.0,3.0,3.0,3.0,3.0,3.0,0.05,0.05,0.05,0.05,0.05,0.05,0.05,0.05,0.05,0.05,0.05,0.05,0.05,0.05,0.05,0.05,0.05,0.05,0.05,0.05,0.0,0.0,0.0,0.0,0.0,0.0,0.0,0.0,0.0,0.0,0.0,0.0,0.0,0.0,0.0,0.0,0.0,0.0,0.0,0.0,0.20417097210884094,0.3283088207244873,0.34555235505104065,0.2381274551153183,0.05261582136154175,0.054881781339645386,0.34315186738967896,0.0628814771771431,0.20486076176166534,0.015988435596227646,0.09353834390640259,0.08037076890468597,0.26319533586502075,-0.005739891901612282,0.19905099272727966,0.11001582443714142,0.3153969645500183,-0.32788699865341187,0.08592251688241959,0.059115760028362274,-0.1461077481508255,-1.3579167425632477,-1.1630244553089142,-2.7037277817726135,-0.5042249336838722,-0.40760189294815063,-0.21395981311798096,-0.6174248643219471,-0.8422039449214935,-0.857436889782548,-0.578734464943409,-0.5287401378154755,-1.098475605249405,-1.3089385349303484,-1.5227586030960083,-0.739138200879097,-0.7324561476707458,-0.47377124428749084,-0.9715182706713676,-0.5808784626424313,3.0,3.0,3.0,3.0,3.0,3.0,3.0,3.0,3.0,3.0,3.0,3.0,3.0,3.0,3.0,3.0,3.0,3.0,3.0,3.0,0.05,0.05,0.05,0.05,0.05,0.05,0.05,0.05,0.05,0.05,0.05,0.05,0.05,0.05,0.05,0.05,0.05,0.05,0.05,0.05,0.0,0.0,0.0,0.0,0.0,0.0,0.0,0.0,0.0,0.0,0.0,0.0,0.0,0.0,0.0,0.0,0.0,0.0,0.0,0.0
0.2336728870868683,0.1279338151216507,0.10427974909543991,0.20097920298576355,0.43270343542099,-0.06045878306031227,0.2923143208026886,0.20520450174808502,0.36966419219970703,0.14408065378665924,0.10992271453142166,0.09256800264120102,0.23040255904197693,0.12473778426647186,0.10359169542789459,0.05941471457481384,0.23270484805107117,0.1575000137090683,0.15016977488994598,0.02883153222501278,-1.341499388217926,0.7150810211896896,-1.0151442140340805,-0.39225034415721893,-3.4295037388801575,2.8958662413060665,-1.0708995163440704,-0.07181614637374878,-0.35986900329589844,-0.6683006882667542,-0.576288066804409,-0.17354581505060196,-1.271648332476616,-0.46810414642095566,-1.0629452764987946,-0.3774629905819893,-1.3607282191514969,-1.4064602553844452,-1.4130264520645142,-0.2931229770183563,3.0,3.0,3.0,3.0,3.0,3.0,3.0,3.0,3.0,3.0,3.0,3.0,3.0,3.0,3.0,3.0,3.0,3.0,3.0,3.0,0.05,0.05,0.05,0.05,0.05,0.05,0.05,0.05,0.05,0.05,0.05,0.05,0.05,0.05,0.05,0.05,0.05,0.05,0.05,0.05,0.0,0.0,0.0,0.0,0.0,0.0,0.0,0.0,0.0,0.0,0.0,0.0,0.0,0.0,0.0,0.0,0.0,0.0,0.0,0.0,0.19781024754047394,0.29242369532585144,0.31620582938194275,0.19151756167411804,0.04839346557855606,0.04902477562427521,0.3399083614349365,0.05175766721367836,0.19257275760173798,-0.004269881173968315,0.08501743525266647,0.07152878493070602,0.24803826212882996,-0.03636668622493744,0.17317236959934235,0.09661456942558289,0.3067180812358856,-0.33630961179733276,0.06838402897119522,0.045768383890390396,-0.027921423316001892,-1.543697714805603,-1.4686338603496552,-2.149365097284317,0.12048110365867615,0.10458175092935562,-0.27117058634757996,-0.4443386569619179,-0.2211645245552063,-0.6877870298922062,-0.2066485583782196,-0.3424638882279396,-0.27136877179145813,-1.538493251428008,-1.0751783847808838,-0.6424974650144577,-0.09995922446250916,-0.3790169954299927,-0.7911236956715584,-0.4385991021990776,3.0,3.0,3.0,3.0,3.0,3.0,3.0,3.0,3.0,3.0,3.0,3.0,3.0,3.0,3.0,3.0,3.0,3.0,3.0,3.0,0.05,0.05,0.05,0.05,0.05,0.05,0.05,0.05,0.05,0.05,0.05,0.05,0.05,0.05,0.05,0.05,0.05,0.05,0.05,0.05,0.0,0.0,0.0,0.0,0.0,0.0,0.0,0.0,0.0,0.0,0.0,0.0,0.0,0.0,0.0,0.0,0.0,0.0,0.0,0.0
0.20740678906440735,0.14398181438446045,0.09304472804069519,0.1786682903766632,0.369540810585022,-0.007036600261926651,0.27235954999923706,0.2033044993877411,0.3651745319366455,0.1296526938676834,0.10080743581056595,0.08995604515075684,0.2077091783285141,0.1196560189127922,0.08466747403144836,0.0537322536110878,0.20838452875614166,0.1282084584236145,0.12615782022476196,0.02397359162569046,-1.194993406534195,1.0631266981363297,-0.4174988716840744,-1.2246396392583847,-2.9915116727352142,2.4941764771938324,-1.0410457849502563,-0.21505914628505707,-0.1046404242515564,-0.7364779710769653,-0.42029451578855515,-0.1612987369298935,-1.0324973613023758,-0.2319909632205963,-0.8149595931172371,-0.17689671367406845,-1.027749478816986,-1.6014151275157928,-0.9733302518725395,-0.21256995387375355,3.0,3.0,3.0,3.0,3.0,3.0,3.0,3.0,3.0,3.0,3.0,3.0,3.0,3.0,3.0,3.0,3.0,3.0,3.0,3.0,0.05,0.05,0.05,0.05,0.05,0.05,0.05,0.05,0.05,0.05,0.05,0.05,0.05,0.05,0.05,0.05,0.05,0.05,0.05,0.05,0.0,0.0,0.0,0.0,0.0,0.0,0.0,0.0,0.0,0.0,0.0,0.0,0.0,0.0,0.0,0.0,0.0,0.0,0.0,0.0,0.20305411517620087,0.2665609121322632,0.28680700063705444,0.15215285122394562,0.057435065507888794,0.05906505137681961,0.33230504393577576,0.04510793089866638,0.1960141807794571,-0.011523045599460602,0.0852724015712738,0.06667221337556839,0.2523405849933624,-0.0672796219587326,0.1560438573360443,0.08431592583656311,0.31139859557151794,-0.3430476784706116,0.05427756905555725,0.04157179594039917,-0.25781914591789246,-1.0836124420166016,-1.4054283499717712,-0.6029080599546432,0.8089710026979446,1.0643072426319122,-0.7832184433937073,-0.23977803066372871,0.3197837620973587,0.06262802053242922,0.03293678164482117,-0.22960742935538292,0.6303645670413971,-1.447930745780468,-0.721445307135582,-0.6330724805593491,0.6223060190677643,-0.30321329832077026,-0.5313191562891006,-0.26568248867988586,3.0,3.0,3.0,3.0,3.0,3.0,3.0,3.0,3.0,3.0,3.0,3.0,3.0,3.0,3.0,3.0,3.0,3.0,3.0,3.0,0.05,0.05,0.05,0.05,0.05,0.05,0.05,0.05,0.05,0.05,0.05,0.05,0.05,0.05,0.05,0.05,0.05,0.05,0.05,0.05,0.0,0.0,0.0,0.0,0.0,0.0,0.0,0.0,0.0,0.0,0.0,0.0,0.0,0.0,0.0,0.0,0.0,0.0,0.0,0.0
0.1858731508255005,0.17045888304710388,0.08757979422807693,0.15199361741542816,0.3130429685115814,0.039308276027441025,0.25067248940467834,0.19660213589668274,0.3654785752296448,0.11462153494358063,0.09311093389987946,0.08611605316400528,0.1891026645898819,0.11545814573764801,0.07099331170320511,0.052338846027851105,0.19159486889839172,0.09344340860843658,0.1112365648150444,0.020328734070062637,-1.039888709783554,1.34551040828228,-0.15795789659023285,-1.0415829718112946,-2.5899484753608704,1.9818156026303768,-1.2009654194116592,-0.541994720697403,-0.07691606879234314,-0.6850818172097206,-0.5092522129416466,-0.3195444121956825,-0.899679958820343,-0.15044733881950378,-0.6340156309306622,-0.02312520518898964,-0.8135929703712463,-1.3217994943261147,-0.634288415312767,-0.1205923967063427,3.0,3.0,3.0,3.0,3.0,3.0,3.0,3.0,3.0,3.0,3.0,3.0,3.0,3.0,3.0,3.0,3.0,3.0,3.0,3.0,0.05,0.05,0.05,0.05,0.05,0.05,0.05,0.05,0.05,0.05,0.05,0.05,0.05,0.05,0.05,0.05,0.05,0.05,0.05,0.05,0.0,0.0,0.0,0.0,0.0,0.0,0.0,0.0,0.0,0.0,0.0,0.0,0.0,0.0,0.0,0.0,0.0,0.0,0.0,0.0,0.18749748170375824,0.24907919764518738,0.2599886953830719,0.1674012392759323,0.08075230568647385,0.0915970653295517,0.30857962369918823,0.04216654598712921,0.20536410808563232,-0.0017647603526711464,0.08633490651845932,0.06234448775649071,0.27325284481048584,-0.09428391605615616,0.14431455731391907,0.07129167020320892,0.3316103219985962,-0.3484381437301636,0.047131262719631195,0.03514108434319496,-0.7864251732826233,-0.6832584738731384,-1.3528775423765182,1.6238097101449966,0.9134307503700256,1.139085367321968,-1.2297384440898895,-0.27230335399508476,0.6391488015651703,0.6208517123013735,0.10968279093503952,-0.18174545839428902,0.8739300072193146,-1.049664244055748,-0.5936343222856522,-0.6377146579325199,0.7904201745986938,-0.24257078766822815,-0.4497561603784561,-0.3104625269770622,3.0,3.0,3.0,3.0,3.0,3.0,3.0,3.0,3.0,3.0,3.0,3.0,3.0,3.0,3.0,3.0,3.0,3.0,3.0,3.0,0.05,0.05,0.05,0.05,0.05,0.05,0.05,0.05,0.05,0.05,0.05,0.05,0.05,0.05,0.05,0.05,0.05,0.05,0.05,0.05,0.0,0.0,0.0,0.0,0.0,0.0,0.0,0.0,0.0,0.0,0.0,0.0,0.0,0.0,0.0,0.0,0.0,0.0,0.0,0.0
0.16581124067306519,0.19780223071575165,0.08672641217708588,0.13700497150421143,0.26594287157058716,0.07223602384328842,0.2243209332227707,0.18162471055984497,0.3620978891849518,0.10224942117929459,0.08043734729290009,0.07717426866292953,0.17172197997570038,0.11363812536001205,0.05930684879422188,0.052807245403528214,0.1758408099412918,0.07533647865056992,0.10078628361225128,0.019149895757436752,-0.9077880531549454,1.1373966932296753,0.19510481506586075,-0.7866436615586281,-2.008223533630371,1.1557494290173054,-1.2964040040969849,-0.8183993399143219,-0.7491312921047211,-0.22558849304914474,-0.5439242348074913,-0.6091217510402203,-0.8167456835508347,-0.1264205202460289,-0.6261642090976238,-0.04215128719806671,-0.9548146277666092,0.09841732680797577,-0.6310597062110901,-0.04044724628329277,3.0,3.0,3.0,3.0,3.0,3.0,3.0,3.0,3.0,3.0,3.0,3.0,3.0,3.0,3.0,3.0,3.0,3.0,3.0,3.0,0.05,0.05,0.05,0.05,0.05,0.05,0.05,0.05,0.05,0.05,0.05,0.05,0.05,0.05,0.05,0.05,0.05,0.05,0.05,0.05,0.0,0.0,0.0,0.0,0.0,0.0,0.0,0.0,0.0,0.0,0.0,0.0,0.0,0.0,0.0,0.0,0.0,0.0,0.0,0.0,0.17159710824489594,0.23923057317733765,0.2326918989419937,0.21710523962974548,0.09397229552268982,0.10462846606969833,0.2831155061721802,0.03421579673886299,0.2215801328420639,0.013311022892594337,0.08965971320867538,0.05940239503979683,0.287297785282135,-0.10926619172096252,0.13229848444461823,0.058807339519262314,0.3430154025554657,-0.3527505099773407,0.036287322640419006,0.02915329486131668,-0.9266611188650131,-0.2982005476951599,-1.183309406042099,2.4782512336969376,0.767967663705349,0.29933080077171326,-1.0620802640914917,-0.3682037815451622,0.8067339658737183,0.5341708427295089,0.11988338083028793,-0.17067138105630875,0.5585953593254089,-0.034452229738235474,-0.5774348974227905,-0.5972302518785,0.16340389847755432,-0.19405633211135864,-0.3653448075056076,-0.2406134270131588,3.0,3.0,3.0,3.0,3.0,3.0,3.0,3.0,3.0,3.0,3.0,3.0,3.0,3.0,3.0,3.0,3.0,3.0,3.0,3.0,0.05,0.05,0.05,0.05,0.05,0.05,0.05,0.05,0.05,0.05,0.05,0.05,0.05,0.05,0.05,0.05,0.05,0.05,0.05,0.05,0.0,0.0,0.0,0.0,0.0,0.0,0.0,0.0,0.0,0.0,0.0,0.0,0.0,0.0,0.0,0.0,0.0,0.0,0.0,0.0
0.14956162869930267,0.2159547507762909,0.09538398683071136,0.12052787095308304,0.23271402716636658,0.08553825318813324,0.19881632924079895,0.16386616230010986,0.33551332354545593,0.10559799522161484,0.0713539645075798,0.06175118312239647,0.1564328372478485,0.11040132492780685,0.045946743339300156,0.050652794539928436,0.15340228378772736,0.09738010168075562,0.0859941765666008,0.018710844218730927,-0.8116450160741806,0.7668782025575638,0.5212459713220596,-0.3932178020477295,-1.4236491173505783,0.28559062629938126,-1.2525513768196106,-0.9132448583841324,-1.9244402647018433,0.6015243008732796,-0.47160983085632324,-0.29630865901708603,-0.578925758600235,-0.2989465370774269,-0.42662639170885086,-0.1601765863597393,-1.2159690260887146,1.4395592734217644,-0.851268507540226,-0.16086609102785587,3.0,3.0,3.0,3.0,3.0,3.0,3.0,3.0,3.0,3.0,3.0,3.0,3.0,3.0,3.0,3.0,3.0,3.0,3.0,3.0,0.05,0.05,0.05,0.05,0.05,0.05,0.05,0.05,0.05,0.05,0.05,0.05,0.05,0.05,0.05,0.05,0.05,0.05,0.05,0.05,0.0,0.0,0.0,0.0,0.0,0.0,0.0,0.0,0.0,0.0,0.0,0.0,0.0,0.0,0.0,0.0,0.0,0.0,0.0,0.0,0.15043103694915771,0.23715117573738098,0.21265631914138794,0.2665312886238098,0.1114710122346878,0.10357029736042023,0.26609641313552856,0.027438394725322723,0.23763346672058105,0.01960207335650921,0.09113024175167084,0.05551763251423836,0.2955966591835022,-0.09566200524568558,0.12121716141700745,0.047402460128068924,0.33814647793769836,-0.3562003970146179,0.03251747041940689,0.02551654726266861,-0.9982071816921234,0.020062178373336792,-0.6760518997907639,2.39325612783432,0.8910194039344788,-0.31669382005929947,-0.6775707006454468,-0.3003820311278105,0.8031811565160751,0.2233687788248062,0.03332570195198059,-0.22116033360362053,0.22217854857444763,1.1892479844391346,-0.553605705499649,-0.37260232493281364,-0.511670857667923,-0.15524551272392273,-0.2094995230436325,-0.17020381055772305,3.0,3.0,3.0,3.0,3.0,3.0,3.0,3.0,3.0,3.0,3.0,3.0,3.0,3.0,3.0,3.0,3.0,3.0,3.0,3.0,0.05,0.05,0.05,0.05,0.05,0.05,0.05,0.05,0.05,0.05,0.05,0.05,0.05,0.05,0.05,0.05,0.05,0.05,0.05,0.05,0.0,0.0,0.0,0.0,0.0,0.0,0.0,0.0,0.0,0.0,0.0,0.0,0.0,0.0,0.0,0.0,0.0,0.0,0.0,0.0
0.13334544003009796,0.2284773588180542,0.10757625102996826,0.12127625942230225,0.20899690687656403,0.08365964889526367,0.17421887814998627,0.14509491622447968,0.28512027859687805,0.12631039321422577,0.061572954058647156,0.0653219223022461,0.14856494963169098,0.10168026387691498,0.042241793125867844,0.04640018194913864,0.12720204889774323,0.1329188495874405,0.06673554331064224,0.012715252116322517,-0.81939697265625,0.5141489207744598,0.5337344482541084,0.3776123747229576,-0.9356386959552765,-0.15512071549892426,-1.1625099927186966,-0.9274639189243317,-2.077396959066391,0.7538387551903725,-0.6045656278729439,-0.015781354159116745,-0.4773661494255066,-0.21226033568382263,-0.31872615218162537,-0.28541479259729385,-1.1486582458019257,2.004944160580635,-0.5351277068257332,0.07830075919628143,3.0,3.0,3.0,3.0,3.0,3.0,3.0,3.0,3.0,3.0,3.0,3.0,3.0,3.0,3.0,3.0,3.0,3.0,3.0,3.0,0.05,0.05,0.05,0.05,0.05,0.05,0.05,0.05,0.05,0.05,0.05,0.05,0.05,0.05,0.05,0.05,0.05,0.05,0.05,0.05,0.0,0.0,0.0,0.0,0.0,0.0,0.0,0.0,0.0,0.0,0.0,0.0,0.0,0.0,0.0,0.0,0.0,0.0,0.0,0.0,0.131668820977211,0.24003306031227112,0.20564982295036316,0.3128354847431183,0.12961307168006897,0.09196071326732635,0.2560126781463623,0.022200515493750572,0.2537073791027069,0.022245774045586586,0.09099274128675461,0.05055598169565201,0.2961849272251129,-0.06169627234339714,0.11015425622463226,0.04390324652194977,0.3225485682487488,-0.3589603304862976,0.027907341718673706,0.02234514243900776,-0.8708305656909943,0.12275613844394684,-0.4076138138771057,2.108961343765259,0.8979752659797668,-0.5033254623413086,-0.36157891154289246,-0.2132999710738659,0.8131049573421478,0.06338851526379585,-0.0025799497961997986,-0.23662298917770386,0.0025562942028045654,1.4954528771340847,-0.49875322729349136,-0.1761382445693016,-0.8497714996337891,-0.12419670820236206,-0.24419482797384262,-0.21702502854168415,3.0,3.0,3.0,3.0,3.0,3.0,3.0,3.0,3.0,3.0,3.0,3.0,3.0,3.0,3.0,3.0,3.0,3.0,3.0,3.0,0.05,0.05,0.05,0.05,0.05,0.05,0.05,0.05,0.05,0.05,0.05,0.05,0.05,0.05,0.05,0.05,0.05,0.05,0.05,0.05,0.0,0.0,0.0,0.0,0.0,0.0,0.0,0.0,0.0,0.0,0.0,0.0,0.0,0.0,0.0,0.0,0.0,0.0,0.0,0.0
0.11678574979305267,0.2365207076072693,0.1167333647608757,0.13563236594200134,0.19528847932815552,0.07933342456817627,0.1523159295320511,0.1267676055431366,0.2524174451828003,0.13575154542922974,0.04717133939266205,0.0611199289560318,0.13733819127082825,0.10191091150045395,0.03319769725203514,0.03923620283603668,0.10745595395565033,0.17757786810398102,0.06458906829357147,0.021842874586582184,-0.7604209706187248,0.17369799315929413,0.34201033413410187,1.0657988488674164,-0.26342906057834625,-0.4318751394748688,-0.902128592133522,-0.8241832256317139,-1.020248606801033,0.22482499480247498,-0.33198846504092216,-0.4232378676533699,-0.2821754664182663,0.048339925706386566,-0.22680861875414848,-0.3320762887597084,-0.12229625135660172,2.07858607172966,-0.14863358810544014,0.07710079662501812,3.0,3.0,3.0,3.0,3.0,3.0,3.0,3.0,3.0,3.0,3.0,3.0,3.0,3.0,3.0,3.0,3.0,3.0,3.0,3.0,0.05,0.05,0.05,0.05,0.05,0.05,0.05,0.05,0.05,0.05,0.05,0.05,0.05,0.05,0.05,0.05,0.05,0.05,0.05,0.05,0.0,0.0,0.0,0.0,0.0,0.0,0.0,0.0,0.0,0.0,0.0,0.0,0.0,0.0,0.0,0.0,0.0,0.0,0.0,0.0,0.11559781432151794,0.24206142127513885,0.1963517665863037,0.35088974237442017,0.14739002287387848,0.08343727886676788,0.25163325667381287,0.018906395882368088,0.27015766501426697,0.022137613967061043,0.09102704375982285,0.0460527129471302,0.2956989109516144,-0.03584389016032219,0.10126703232526779,0.04035693034529686,0.3041556179523468,-0.3611682653427124,0.022749677300453186,0.016835546121001244,-0.7384583353996277,0.03774315118789673,-0.5298160016536713,1.768588274717331,0.9363584220409393,-0.3755129873752594,-0.03201514482498169,-0.08239513263106346,0.9183362126350403,-0.10260702110826969,0.0496620312333107,-0.18743667751550674,0.042098015546798706,1.04341353289783,-0.3614790737628937,-0.16524288803339005,-0.9550072252750397,-0.09935721755027771,-0.1912684179842472,-0.1191040500998497,3.0,3.0,3.0,3.0,3.0,3.0,3.0,3.0,3.0,3.0,3.0,3.0,3.0,3.0,3.0,3.0,3.0,3.0,3.0,3.0,0.05,0.05,0.05,0.05,0.05,0.05,0.05,0.05,0.05,0.05,0.05,0.05,0.05,0.05,0.05,0.05,0.05,0.05,0.05,0.05,0.0,0.0,0.0,0.0,0.0,0.0,0.0,0.0,0.0,0.0,0.0,0.0,0.0,0.0,0.0,0.0,0.0,0.0,0.0,0.0
0.10292860120534897,0.23542527854442596,0.12125666439533234,0.1639082133769989,0.19845974445343018,0.06638464331626892,0.13813373446464539,0.11212758719921112,0.24431033432483673,0.13530339300632477,0.04829341545701027,0.0483924075961113,0.13727793097496033,0.10361386090517044,0.033169448375701904,0.033117130398750305,0.12231019884347916,0.2160622924566269,0.06079019978642464,0.015799283981323242,-0.6235716864466667,-0.10187216103076935,0.13480186462402344,1.4354340732097626,0.4238419234752655,-0.7425414398312569,-0.4986155778169632,-0.5769554525613785,-0.07226616144180298,-0.0964045524597168,-0.025809090584516525,-0.4066090099513531,0.18084906041622162,0.1061445102095604,-0.014353543519973755,-0.2620839048177004,1.039401814341545,1.7317991703748703,-0.4199051298201084,-0.10498757474124432,3.0,3.0,3.0,3.0,3.0,3.0,3.0,3.0,3.0,3.0,3.0,3.0,3.0,3.0,3.0,3.0,3.0,3.0,3.0,3.0,0.05,0.05,0.05,0.05,0.05,0.05,0.05,0.05,0.05,0.05,0.05,0.05,0.05,0.05,0.05,0.05,0.05,0.05,0.05,0.05,0.0,0.0,0.0,0.0,0.0,0.0,0.0,0.0,0.0,0.0,0.0,0.0,0.0,0.0,0.0,0.0,0.0,0.0,0.0,0.0,0.10213048756122589,0.241542786359787,0.1844571828842163,0.3835790157318115,0.16706740856170654,0.07694019377231598,0.25473207235336304,0.018904710188508034,0.2904408276081085,0.0181414932012558,0.09297922253608704,0.04305851459503174,0.29786884784698486,-0.01995973102748394,0.09569509327411652,0.037293531000614166,0.2843482792377472,-0.3629346191883087,0.020256604999303818,0.01758098043501377,-0.6080115213990211,-0.056286901235580444,-0.5470380187034607,1.4706291258335114,0.9519763290882111,-0.2824101597070694,0.22517964243888855,0.04023658111691475,1.0340504348278046,-0.21267766132950783,0.1430889591574669,-0.10264646261930466,0.09241625666618347,0.6743920966982841,-0.24313628673553467,-0.13792850077152252,-0.8818052709102631,-0.07948577404022217,-0.17339191399514675,-0.05318843759596348,3.0,3.0,3.0,3.0,3.0,3.0,3.0,3.0,3.0,3.0,3.0,3.0,3.0,3.0,3.0,3.0,3.0,3.0,3.0,3.0,0.05,0.05,0.05,0.05,0.05,0.05,0.05,0.05,0.05,0.05,0.05,0.05,0.05,0.05,0.05,0.05,0.05,0.05,0.05,0.05,0.0,0.0,0.0,0.0,0.0,0.0,0.0,0.0,0.0,0.0,0.0,0.0,0.0,0.0,0.0,0.0,0.0,0.0,0.0,0.0
0.091842882335186,0.2324458211660385,0.12212543934583664,0.19304972887039185,0.21224215626716614,0.049631766974925995,0.13237130641937256,0.10368938744068146,0.24952679872512817,0.13189536333084106,0.04613897576928139,0.044855568557977676,0.1445721536874771,0.10615669190883636,0.03262355551123619,0.028752846643328667,0.14903202652931213,0.24684983491897583,0.047792863100767136,0.01764337159693241,-0.4988573491573334,-0.2248566597700119,-0.08421465754508972,1.4874309301376343,0.7788423448801041,-0.8837983477860689,-0.1409471035003662,-0.30765533447265625,0.39167068898677826,-0.1448947936296463,-0.08437158539891243,-0.1368657685816288,0.49288757145404816,0.21348558366298676,0.03459863364696503,-0.14251265674829483,1.1854572221636772,1.3854395598173141,-0.34840982407331467,-0.0459618866443634,3.0,3.0,3.0,3.0,3.0,3.0,3.0,3.0,3.0,3.0,3.0,3.0,3.0,3.0,3.0,3.0,3.0,3.0,3.0,3.0,0.05,0.05,0.05,0.05,0.05,0.05,0.05,0.05,0.05,0.05,0.05,0.05,0.05,0.05,0.05,0.05,0.05,0.05,0.05,0.05,0.0,0.0,0.0,0.0,0.0,0.0,0.0,0.0,0.0,0.0,0.0,0.0,0.0,0.0,0.0,0.0,0.0,0.0,0.0,0.0,0.0912773534655571,0.23980994522571564,0.17447024583816528,0.4097149074077606,0.18546907603740692,0.07214087247848511,0.2606404423713684,0.020515859127044678,0.31151968240737915,0.01363050751388073,0.09675060212612152,0.04194685444235802,0.2993955612182617,-0.008868206292390823,0.0915415808558464,0.03483979031443596,0.2688834071159363,-0.3643476963043213,0.015814000740647316,0.014708008617162704,-0.4902150481939316,-0.20199567079544067,-0.4043698310852051,1.1719711124897003,0.981728732585907,-0.1420987769961357,0.5002550780773163,0.1940279733389616,1.0863535106182098,-0.21390686742961407,0.30907783657312393,0.0947750173509121,0.16705915331840515,0.449804391246289,-0.04556812345981598,-0.018928851932287216,-0.6445400416851044,-0.0635884702205658,-0.14857572969049215,-0.15214281156659126,3.0,3.0,3.0,3.0,3.0,3.0,3.0,3.0,3.0,3.0,3.0,3.0,3.0,3.0,3.0,3.0,3.0,3.0,3.0,3.0,0.05,0.05,0.05,0.05,0.05,0.05,0.05,0.05,0.05,0.05,0.05,0.05,0.05,0.05,0.05,0.05,0.05,0.05,0.05,0.05,0.0,0.0,0.0,0.0,0.0,0.0,0.0,0.0,0.0,0.0,0.0,0.0,0.0,0.0,0.0,0.0,0.0,0.0,0.0,0.0
0.08297430723905563,0.2264310121536255,0.11788807809352875,0.22340545058250427,0.22961343824863434,0.031032709404826164,0.13249585032463074,0.09982137382030487,0.25997716188430786,0.12950760126113892,0.04491855204105377,0.042917776852846146,0.15699343383312225,0.11215328425168991,0.034553393721580505,0.027416624128818512,0.16972848773002625,0.27147987484931946,0.04685380682349205,0.013960808515548706,-0.3990858793258667,-0.3878198564052582,-0.32007619738578796,1.498260349035263,0.8973166346549988,-0.9647453669458628,0.13074949383735657,-0.09426698088645935,0.6703801453113556,-0.13232044875621796,-0.04162518307566643,-0.05490770563483238,0.6201431155204773,0.3565872088074684,0.13094153255224228,0.01817266456782818,1.0677222162485123,1.1083513498306274,-0.19046654924750328,-0.15917494893074036,3.0,3.0,3.0,3.0,3.0,3.0,3.0,3.0,3.0,3.0,3.0,3.0,3.0,3.0,3.0,3.0,3.0,3.0,3.0,3.0,0.05,0.05,0.05,0.05,0.05,0.05,0.05,0.05,0.05,0.05,0.05,0.05,0.05,0.05,0.05,0.05,0.05,0.05,0.05,0.05,0.0,0.0,0.0,0.0,0.0,0.0,0.0,0.0,0.0,0.0,0.0,0.0,0.0,0.0,0.0,0.0,0.0,0.0,0.0,0.0,0.08252188563346863,0.23346295952796936,0.1682823896408081,0.43045786023139954,0.20633655786514282,0.07125624269247055,0.2747422754764557,0.026665829122066498,0.3338949680328369,0.009585218504071236,0.105342335999012,0.04684951528906822,0.30455121397972107,-0.0019675553776323795,0.09387236833572388,0.03653637692332268,0.258566677570343,-0.36547815799713135,0.014313575811684132,0.01149526797235012,-0.3303995355963707,-0.31376704573631287,-0.1968231052160263,0.8505061268806458,1.0908287018537521,0.04620775580406189,0.7920891046524048,0.3647925332188606,1.1141620576381683,-0.20602740114554763,0.5334729328751564,0.35669654607772827,0.2760276198387146,0.2858889172784984,0.20645186305046082,0.15890486538410187,-0.3697603940963745,-0.050871074199676514,-0.12107358779758215,-0.13362444005906582,3.0,3.0,3.0,3.0,3.0,3.0,3.0,3.0,3.0,3.0,3.0,3.0,3.0,3.0,3.0,3.0,3.0,3.0,3.0,3.0,0.05,0.05,0.05,0.05,0.05,0.05,0.05,0.05,0.05,0.05,0.05,0.05,0.05,0.05,0.05,0.05,0.05,0.05,0.05,0.05,0.0,0.0,0.0,0.0,0.0,0.0,0.0,0.0,0.0,0.0,0.0,0.0,0.0,0.0,0.0,0.0,0.0,0.0,0.0,0.0
0.07587944716215134,0.21693302690982819,0.10932239145040512,0.25298014283180237,0.2481348216533661,0.011041952297091484,0.13760128617286682,0.09991870820522308,0.2763420045375824,0.12660254538059235,0.04447396844625473,0.04265926033258438,0.1693778783082962,0.1204201802611351,0.03786121681332588,0.029479753226041794,0.19174091517925262,0.2911838889122009,0.040174201130867004,0.011276373639702797,-0.31926874071359634,-0.46724826097488403,-0.2139005810022354,1.2443281710147858,0.9090963751077652,-0.9917245712131262,0.40452852845191956,0.13412944972515106,0.7632486522197723,-0.11355038732290268,0.0072480179369449615,0.057660602033138275,0.571734830737114,0.44737476855516434,0.16495855525135994,0.15848809853196144,1.0610446333885193,0.88668093085289,-0.37637678906321526,-0.12202668003737926,3.0,3.0,3.0,3.0,3.0,3.0,3.0,3.0,3.0,3.0,3.0,3.0,3.0,3.0,3.0,3.0,3.0,3.0,3.0,3.0,0.05,0.05,0.05,0.05,0.05,0.05,0.05,0.05,0.05,0.05,0.05,0.05,0.05,0.05,0.05,0.05,0.05,0.05,0.05,0.05,0.0,0.0,0.0,0.0,0.0,0.0,0.0,0.0,0.0,0.0,0.0,0.0,0.0,0.0,0.0,0.0,0.0,0.0,0.0,0.0,0.07806137204170227,0.22725926339626312,0.16659732162952423,0.44373515248298645,0.229102224111557,0.07398918271064758,0.2923240065574646,0.0351075604557991,0.3560861647129059,0.0053894114680588245,0.11808951944112778,0.05621471628546715,0.3104366660118103,0.002567350398749113,0.09979965537786484,0.041195984929800034,0.2540929913520813,-0.36638253927230835,0.01097105722874403,0.009363031014800072,-0.2643197774887085,-0.48034563660621643,0.12157559394836426,0.5627065896987915,1.1367052793502808,0.17509311437606812,1.1216484010219574,0.5808359012007713,1.1881031095981598,-0.2519736182875931,0.8854398503899574,0.7136083208024502,0.3386646509170532,0.15317571815103292,0.5317453294992447,0.4320695996284485,-0.04965141415596008,-0.040696561336517334,0.024987594224512577,-0.09443546878173947,3.0,3.0,3.0,3.0,3.0,3.0,3.0,3.0,3.0,3.0,3.0,3.0,3.0,3.0,3.0,3.0,3.0,3.0,3.0,3.0,0.05,0.05,0.05,0.05,0.05,0.05,0.05,0.05,0.05,0.05,0.05,0.05,0.05,0.05,0.05,0.05,0.05,0.05,0.05,0.05,0.0,0.0,0.0,0.0,0.0,0.0,0.0,0.0,0.0,0.0,0.0,0.0,0.0,0.0,0.0,0.0,0.0,0.0,0.0,0.0
0.07020355761051178,0.20774108171463013,0.10933205485343933,0.2731785774230957,0.26597729325294495,-0.008636273443698883,0.14867699146270752,0.10518655180931091,0.29050710797309875,0.12496558576822281,0.04520847275853157,0.04522420093417168,0.1798628270626068,0.13004827499389648,0.0411517359316349,0.03375614807009697,0.21217027306556702,0.30694711208343506,0.03179873526096344,0.009079741314053535,-0.23502465337514877,-0.3652941435575485,0.1904452219605446,0.749555230140686,0.8343331515789032,-0.9453707840293646,0.6113708019256592,0.3250535577535629,0.6430871784687042,-0.059643760323524475,0.07531316950917244,0.17016232013702393,0.44352710247039795,0.4710564389824867,0.13893237337470055,0.21665003150701523,0.8906714618206024,0.7093451917171478,-0.34155165776610374,-0.08300901390612125,3.0,3.0,3.0,3.0,3.0,3.0,3.0,3.0,3.0,3.0,3.0,3.0,3.0,3.0,3.0,3.0,3.0,3.0,3.0,3.0,0.05,0.05,0.05,0.05,0.05,0.05,0.05,0.05,0.05,0.05,0.05,0.05,0.05,0.05,0.05,0.05,0.05,0.05,0.05,0.05,0.0,0.0,0.0,0.0,0.0,0.0,0.0,0.0,0.0,0.0,0.0,0.0,0.0,0.0,0.0,0.0,0.0,0.0,0.0,0.0,0.07194909453392029,0.2142491340637207,0.17314541339874268,0.4529661238193512,0.25180476903915405,0.07825996726751328,0.319608211517334,0.04989926517009735,0.3814190924167633,-0.0004937262274324894,0.1407599300146103,0.07539384812116623,0.3180978000164032,0.0041594733484089375,0.11514218151569366,0.05381916090846062,0.2565806210041046,-0.36710602045059204,0.015313079580664635,0.007717849221080542,-0.27505233883857727,-0.6377369165420532,0.7138751447200775,0.6262354552745819,0.9109839797019958,0.1513224095106125,1.7650455236434937,0.9709551930427551,1.1026285588741302,-0.3279136260971427,1.340787298977375,1.2483238242566586,0.33686161041259766,-0.01076426706276834,1.1006323620676994,0.9505747817456722,0.4702843725681305,-0.03255680203437805,0.03502476029098034,-0.06818099645897746,3.0,3.0,3.0,3.0,3.0,3.0,3.0,3.0,3.0,3.0,3.0,3.0,3.0,3.0,3.0,3.0,3.0,3.0,3.0,3.0,0.05,0.05,0.05,0.05,0.05,0.05,0.05,0.05,0.05,0.05,0.05,0.05,0.05,0.05,0.05,0.05,0.05,0.05,0.05,0.05,0.0,0.0,0.0,0.0,0.0,0.0,0.0,0.0,0.0,0.0,0.0,0.0,0.0,0.0,0.0,0.0,0.0,0.0,0.0,0.0
0.06647846102714539,0.20232126116752625,0.1169402003288269,0.2829623520374298,0.2815081477165222,-0.0267728790640831,0.1620561182498932,0.1129208505153656,0.30206549167633057,0.12421679496765137,0.04748649522662163,0.04946575313806534,0.18711896240711212,0.13926243782043457,0.043418511748313904,0.0381457544863224,0.22736777365207672,0.31955769658088684,0.026512134820222855,0.007956013083457947,-0.029253773391246796,-0.23410804569721222,0.34723691642284393,0.21715238690376282,0.49625858664512634,-0.8104218170046806,0.7427319884300232,0.5203947424888611,0.3322802484035492,-0.031051412224769592,0.33952808007597923,0.48901597037911415,0.1884661614894867,0.4609387367963791,-0.015590153634548187,0.2504568547010422,0.46111084520816803,0.5674764513969421,-0.2151999156922102,-0.07191960467025638,3.0,3.0,3.0,3.0,3.0,3.0,3.0,3.0,3.0,3.0,3.0,3.0,3.0,3.0,3.0,3.0,3.0,3.0,3.0,3.0,0.05,0.05,0.05,0.05,0.05,0.05,0.05,0.05,0.05,0.05,0.05,0.05,0.05,0.05,0.05,0.05,0.05,0.05,0.05,0.05,0.0,0.0,0.0,0.0,0.0,0.0,0.0,0.0,0.0,0.0,0.0,0.0,0.0,0.0,0.0,0.0,0.0,0.0,0.0,0.0,0.06705927848815918,0.201749786734581,0.19515232741832733,0.4687845706939697,0.26554158329963684,0.08004207909107208,0.36292582750320435,0.07394576817750931,0.4001913070678711,-0.007727133575826883,0.17172101140022278,0.10614766925573349,0.3239111304283142,0.0021367797162383795,0.14382494986057281,0.07921897619962692,0.2729043662548065,-0.36768481135368347,0.012372047640383244,0.006635791156440973,-0.08071772754192352,-0.7418438792228699,0.9136252105236053,0.6387911736965179,0.8056268095970154,0.08936971426010132,2.428054064512253,1.3190925121307373,1.066455990076065,-0.3365040640346706,1.7775993794202805,1.6602838411927223,0.4514947533607483,-0.17428395221941173,1.6065463423728943,1.363577600568533,1.0704442858695984,-0.02604573965072632,0.037849368527531624,-0.07293397793546319,3.0,3.0,3.0,3.0,3.0,3.0,3.0,3.0,3.0,3.0,3.0,3.0,3.0,3.0,3.0,3.0,3.0,3.0,3.0,3.0,0.05,0.05,0.05,0.05,0.05,0.05,0.05,0.05,0.05,0.05,0.05,0.05,0.05,0.05,0.05,0.05,0.05,0.05,0.05,0.05,0.0,0.0,0.0,0.0,0.0,0.0,0.0,0.0,0.0,0.0,0.0,0.0,0.0,0.0,0.0,0.0,0.0,0.0,0.0,0.0
0.06903340667486191,0.19837675988674164,0.12322153151035309,0.2818646728992462,0.28582763671875,-0.04105314612388611,0.17838627099990845,0.12600234150886536,0.3037983179092407,0.12372352927923203,0.05878959596157074,0.06478483974933624,0.18740147352218628,0.14848582446575165,0.040528129786252975,0.04377442225813866,0.23061470687389374,0.32964617013931274,0.023190738633275032,0.00620295712724328,0.21656565368175507,-0.20803511142730713,0.25155991315841675,-0.5111135542392731,0.05611032247543335,-0.6774932146072388,0.5900673568248749,0.5011152476072311,0.004862993955612183,-0.08005965501070023,0.5845886655151844,0.763905793428421,-0.14396794140338898,0.4721473902463913,-0.2833115868270397,0.18001683056354523,-0.0280085951089859,0.4539810121059418,-0.21362057887017727,0.05308047402650118,3.0,3.0,3.0,3.0,3.0,3.0,3.0,3.0,3.0,3.0,3.0,3.0,3.0,3.0,3.0,3.0,3.0,3.0,3.0,3.0,0.05,0.05,0.05,0.05,0.05,0.05,0.05,0.05,0.05,0.05,0.05,0.05,0.05,0.05,0.05,0.05,0.05,0.05,0.05,0.05,0.0,0.0,0.0,0.0,0.0,0.0,0.0,0.0,0.0,0.0,0.0,0.0,0.0,0.0,0.0,0.0,0.0,0.0,0.0,0.0,0.06872038543224335,0.1845753788948059,0.2096904218196869,0.4785177707672119,0.28402984142303467,0.08183475583791733,0.4167303740978241,0.10266296565532684,0.4240773320198059,-0.013953888788819313,0.2118639051914215,0.14180520176887512,0.33615759015083313,-0.0028118847403675318,0.17940403521060944,0.10836226493120193,0.29939839243888855,-0.3681478500366211,0.0168270543217659,0.004800490103662014,1.0687462985515594,-1.158289983868599,-0.1809738576412201,0.0031404197216033936,1.1950768530368805,0.1616392284631729,3.134295344352722,1.5936730429530144,1.341080665588379,-0.29742413898929954,2.3501597344875336,1.9254913553595543,0.7502622902393341,-0.1644669973757118,2.046540379524231,1.5619156882166862,1.2756980955600739,0.05247294902801514,0.44697250705212355,0.11195273837074637,3.0,3.0,3.0,3.0,3.0,3.0,3.0,3.0,3.0,3.0,3.0,3.0,3.0,3.0,3.0,3.0,3.0,3.0,3.0,3.0,0.05,0.05,0.05,0.05,0.05,0.05,0.05,0.05,0.05,0.05,0.05,0.05,0.05,0.05,0.05,0.05,0.05,0.05,0.05,0.05,0.0,0.0,0.0,0.0,0.0,0.0,0.0,0.0,0.0,0.0,0.0,0.0,0.0,0.0,0.0,0.0,0.0,0.0,0.0,0.0
0.07514108717441559,0.19399985671043396,0.12700259685516357,0.2625178098678589,0.28375256061553955,-0.05387260764837265,0.18565881252288818,0.13296546041965485,0.30226001143455505,0.12101440876722336,0.070870041847229,0.08002198487520218,0.18136024475097656,0.15814833343029022,0.032086048275232315,0.04534642770886421,0.22624742984771729,0.3377169370651245,0.017967311665415764,0.010079232044517994,0.3517929464578514,-0.26138909161090085,0.11684447526931693,-1.2825563549995103,-0.256300717592238,-0.6027350202202665,0.10485500097275266,0.17130188643932343,-0.1213692128658253,-0.18946304917334816,0.7150840014219023,0.8250502869486548,-0.5574896931648254,0.4609234631061491,-0.25070183910429233,-0.07409779354929438,-0.4834815859794582,0.3631845116615226,-0.264626438729465,-0.0010200077667832375,3.0,3.0,3.0,3.0,3.0,3.0,3.0,3.0,3.0,3.0,3.0,3.0,3.0,3.0,3.0,3.0,3.0,3.0,3.0,3.0,0.05,0.05,0.05,0.05,0.05,0.05,0.05,0.05,0.05,0.05,0.05,0.05,0.05,0.05,0.05,0.05,0.05,0.05,0.05,0.05,0.0,0.0,0.0,0.0,0.0,0.0,0.0,0.0,0.0,0.0,0.0,0.0,0.0,0.0,0.0,0.0,0.0,0.0,0.0,0.0,0.10980913043022156,0.15541818737983704,0.18791337311267853,0.46891018748283386,0.31334465742111206,0.086507648229599,0.48829764127731323,0.13769268989562988,0.45383453369140625,-0.019624099135398865,0.2657274007797241,0.18316732347011566,0.3539216220378876,-0.0044419001787900925,0.22568656504154205,0.14169560372829437,0.3239322900772095,-0.36558589339256287,0.030250947922468185,0.011113900691270828,2.1044056862592257,-1.4982573688029965,-0.959656760096534,-0.9197860956191739,1.6681976616382266,0.07488373667001967,3.894663602113629,1.8317487090825617,1.5535280108451552,-0.3739392384886641,3.0070647597312234,2.1517839282750653,0.9485729038715168,-0.0961189100053121,2.554948255419684,1.7428757622837776,1.07154846191405,0.36285147070883733,1.077380124479502,0.4668226698413467,3.0,3.0,3.0,3.0,3.0,3.0,3.0,3.0,3.0,3.0,3.0,3.0,3.0,3.0,3.0,3.0,3.0,3.0,3.0,3.0,0.05,0.05,0.05,0.05,0.05,0.05,0.05,0.05,0.05,0.05,0.05,0.05,0.05,0.05,0.05,0.05,0.05,0.05,0.05,0.05,0.0,0.0,0.0,0.0,0.0,0.0,0.0,0.0,0.0,0.0,0.0,0.0,0.0,0.0,0.0,0.0,0.0,0.0,0.0,0.0
0.08310512453317596,0.1879211962223056,0.12789531052112577,0.2305624186992658,0.2755756080150605,-0.06516254693269677,0.18258047103881855,0.1328544169664383,0.2989435493946077,0.1161450073122981,0.08739295601844684,0.09778685122728244,0.16510188579559326,0.16692276298999761,0.03050005622208128,0.04081051051616688,0.2112754434347154,0.34417355060577365,0.012605681084096432,0.006162156816571951,0.5596471950411797,-0.41659362614154816,-0.22365152835845947,-1.4412790536880493,0.0929318368434906,-0.604904443025589,-0.23557543754577637,-0.11471398174762726,-0.2548888325691223,-0.3197569400072098,1.381341740489006,1.3123990967869759,-0.16755536198616028,0.31372085213661194,-0.13467371463775635,-0.21964283660054207,-0.4149194806814194,0.29054731130599976,0.03457223065197468,0.0369546702131629,3.0,3.0,3.0,3.0,3.0,3.0,3.0,3.0,3.0,3.0,3.0,3.0,3.0,3.0,3.0,3.0,3.0,3.0,3.0,3.0,0.05,0.05,0.05,0.05,0.05,0.05,0.05,0.05,0.05,0.05,0.05,0.05,0.05,0.05,0.05,0.05,0.05,0.05,0.05,0.05,0.0,0.0,0.0,0.0,0.0,0.0,0.0,0.0,0.0,0.0,0.0,0.0,0.0,0.0,0.0,0.0,0.0,0.0,0.0,0.0,0.1528966128826124,0.12464508414268605,0.17130415141582553,0.44172632694244496,0.35075774788856373,0.08483010530471811,0.5725169181823693,0.17593291401862932,0.4862184524536121,-0.028911458328365877,0.33214649558067044,0.22787655889987773,0.3741005063056938,-0.006656641140580016,0.2816019654273968,0.17807729542255304,0.34226033091545055,-0.3536337912082676,0.05992225930094598,0.023473396897315882,2.003398910164833,-1.3080822303891182,-0.7275532931089401,-1.282571256160736,1.5696853399276733,-0.12709740549325943,4.401504993438721,1.877332478761673,1.3666272163391113,-0.4578235559165478,3.1756341457366943,1.9709084182977676,0.9253725409507751,-0.30667996034026146,2.230176702141762,1.309654489159584,0.6203562021255493,0.49505457282066345,1.3816540129482746,0.3396304789930582,3.0,3.0,3.0,3.0,3.0,3.0,3.0,3.0,3.0,3.0,3.0,3.0,3.0,3.0,3.0,3.0,3.0,3.0,3.0,3.0,0.05,0.05,0.05,0.05,0.05,0.05,0.05,0.05,0.05,0.05,0.05,0.05,0.05,0.05,0.05,0.05,0.05,0.05,0.05,0.05,0.0,0.0,0.0,0.0,0.0,0.0,0.0,0.0,0.0,0.0,0.0,0.0,0.0,0.0,0.0,0.0,0.0,0.0,0.0,0.0
0.09752697497606277,0.17733611166477203,0.1180565357208252,0.20486664772033691,0.2874698340892792,-0.07806878536939621,0.17623579502105713,0.12837690114974976,0.29206445813179016,0.10822413116693497,0.12612371146678925,0.1325179487466812,0.17465803027153015,0.1706971675157547,0.02669909968972206,0.03656071424484253,0.2096506506204605,0.3493388295173645,0.01935020089149475,0.01155741885304451,0.866412371397016,-0.6053719669580327,-0.7502360269427293,-1.2621432542800979,0.8549705147742905,-0.6178673356771435,-0.045945122838032815,-0.05184523761272847,0.11461451649663473,-0.33336803317069835,2.0045757293701016,1.6955075785517648,0.9852826595305993,0.0970743596553865,0.18011494539676223,0.007793772965657662,0.6497155874967165,-0.18573701381680713,0.7304828846826841,0.4070833907462516,3.0,3.0,3.0,3.0,3.0,3.0,3.0,3.0,3.0,3.0,3.0,3.0,3.0,3.0,3.0,3.0,3.0,3.0,3.0,3.0,0.05,0.05,0.05,0.05,0.05,0.05,0.05,0.05,0.05,0.05,0.05,0.05,0.05,0.05,0.05,0.05,0.05,0.05,0.05,0.05,0.0,0.0,0.0,0.0,0.0,0.0,0.0,0.0,0.0,0.0,0.0,0.0,0.0,0.0,0.0,0.0,0.0,0.0,0.0,0.0,0.18994508683681488,0.10309489816427231,0.15881124138832092,0.4176073372364044,0.376132071018219,0.08142375200986862,0.6643578410148621,0.2127859890460968,0.5084996223449707,-0.037937041372060776,0.3927527666091919,0.26200366020202637,0.3909365236759186,-0.01670909859240055,0.3148936331272125,0.19408178329467773,0.34874653816223145,-0.34578371047973633,0.08551710844039917,0.024699119850993156,1.2886866927147127,-0.8453428745269955,-0.5170356482267442,-0.7527902722358856,0.9728766977787351,-0.06356071680784642,4.591542482376101,1.7802108079195111,0.8766561746597525,-0.3631032537669044,2.719602733850504,1.4115486294031379,0.7418535649776542,-0.6593124475329988,0.9662546217442044,0.2620100975036947,0.08044838905335722,0.3038741648197202,0.7023460231721689,0.014147022739056415,3.0,3.0,3.0,3.0,3.0,3.0,3.0,3.0,3.0,3.0,3.0,3.0,3.0,3.0,3.0,3.0,3.0,3.0,3.0,3.0,0.05,0.05,0.05,0.05,0.05,0.05,0.05,0.05,0.05,0.05,0.05,0.05,0.05,0.05,0.05,0.05,0.05,0.05,0.05,0.05,0.0,0.0,0.0,0.0,0.0,0.0,0.0,0.0,0.0,0.0,0.0,0.0,0.0,0.0,0.0,0.0,0.0,0.0,0.0,0.0
0.1177616193890566,0.1637063175439843,0.0978858694434166,0.18007668852806188,0.3097744286060321,-0.0898772403597825,0.18074266612529724,0.13078060746192915,0.3035281300544731,0.10281028598547017,0.1675759851932509,0.16560715436935303,0.20451319217681724,0.17080573737621307,0.03770465403795177,0.04112226143479319,0.23726406693458407,0.33674407005310136,0.041824996471403794,0.022445492446422015,0.7320651784539223,-1.0536622256040573,-0.4595264792442322,-1.1051014065742493,1.4679282903671265,-0.7869107648730278,0.5242813378572464,0.331202894449234,1.1967793107032776,-0.49134381115436554,1.8844429403543472,1.4102637767791748,1.9135773181915283,-0.17363540828227997,0.8380082435905933,0.39254380390048027,1.6958784312009811,-1.1425979435443878,1.4761310070753098,0.6467998959124088,3.0,3.0,3.0,3.0,3.0,3.0,3.0,3.0,3.0,3.0,3.0,3.0,3.0,3.0,3.0,3.0,3.0,3.0,3.0,3.0,0.05,0.05,0.05,0.05,0.05,0.05,0.05,0.05,0.05,0.05,0.05,0.05,0.05,0.05,0.05,0.05,0.05,0.05,0.05,0.05,0.0,0.0,0.0,0.0,0.0,0.0,0.0,0.0,0.0,0.0,0.0,0.0,0.0,0.0,0.0,0.0,0.0,0.0,0.0,0.0,0.2044440805912009,0.09083136916160622,0.15062272548675576,0.41161471605300953,0.38967281579971313,0.08228767663240426,0.7561786174774133,0.24714134633540977,0.5212846994400022,-0.04343558847904205,0.4409306049346906,0.28433850407600325,0.40377464890479997,-0.03302913904189997,0.320252150297165,0.18855769932270083,0.34547826647758484,-0.3414788246154788,0.08801610022783274,0.02403927780687814,1.120702177286148,-0.47378577291965485,-0.45243464410305023,-2.39921435713768,0.2918131649494171,0.25706030428409576,4.1949838399887085,1.5085101127624512,0.4367440938949585,-0.1338902860879898,2.0923450589179993,0.900789350271225,0.5407713353633881,-0.7519227918237448,0.02650246024131775,-0.4366140812635422,0.18045306205749512,0.4109419882297516,0.08163321763277054,-0.09848824702203274,3.0,3.0,3.0,3.0,3.0,3.0,3.0,3.0,3.0,3.0,3.0,3.0,3.0,3.0,3.0,3.0,3.0,3.0,3.0,3.0,0.05,0.05,0.05,0.05,0.05,0.05,0.05,0.05,0.05,0.05,0.05,0.05,0.05,0.05,0.05,0.05,0.05,0.05,0.05,0.05,0.0,0.0,0.0,0.0,0.0,0.0,0.0,0.0,0.0,0.0,0.0,0.0,0.0,0.0,0.0,0.0,0.0,0.0,0.0,0.0
0.12680958211421967,0.13518962264060974,0.09967547655105591,0.16066259145736694,0.34618696570396423,-0.10954521596431732,0.19720704853534698,0.14162501692771912,0.33993563055992126,0.08857037872076035,0.20150142908096313,0.1889284998178482,0.2512011229991913,0.1637517511844635,0.060219429433345795,0.05226246640086174,0.27748578786849976,0.303634911775589,0.07839544117450714,0.03742941468954086,0.8687077090144004,-1.2794608250260373,-0.4044936969876109,-0.7138818502426293,2.212669700384108,-1.288959570229032,1.272914186119998,0.8642502129077647,2.21057981252666,-0.8034022524952799,1.5649817883968478,1.0064844042062906,2.5766283273696704,-0.8939996361732122,1.5575705096125287,0.7944312877952874,2.1738499402999754,-2.232688665389963,2.3239918053149813,0.9920474141836007,3.0,3.0,3.0,3.0,3.0,3.0,3.0,3.0,3.0,3.0,3.0,3.0,3.0,3.0,3.0,3.0,3.0,3.0,3.0,3.0,0.05,0.05,0.05,0.05,0.05,0.05,0.05,0.05,0.05,0.05,0.05,0.05,0.05,0.05,0.05,0.05,0.05,0.05,0.05,0.05,0.0,0.0,0.0,0.0,0.0,0.0,0.0,0.0,0.0,0.0,0.0,0.0,0.0,0.0,0.0,0.0,0.0,0.0,0.0,0.0,0.2347731739282608,0.08414346724748611,0.1407138556241989,0.3216387629508972,0.3878045976161957,0.09170616418123245,0.8321571946144104,0.27312639355659485,0.525969386100769,-0.04329265281558037,0.47644656896591187,0.29803523421287537,0.4125673770904541,-0.04678601026535034,0.31595373153686523,0.17661722004413605,0.35596466064453125,-0.32934603095054626,0.08878243714570999,0.020759589970111847,2.0441159605979795,-0.6143858656287061,-0.9480692446231651,-3.932921588420811,-0.6454944610595398,0.6798645481467069,2.6017159223557433,0.6505299359560325,0.2815872430801447,0.2800569869577755,1.432335376739545,0.45904368162157094,0.6351232528686385,-0.24071754887702473,0.08598491549490495,-0.3889568150043571,1.718240231275485,1.1825948953628123,0.9541550651192159,0.1644820440560411,3.0,3.0,3.0,3.0,3.0,3.0,3.0,3.0,3.0,3.0,3.0,3.0,3.0,3.0,3.0,3.0,3.0,3.0,3.0,3.0,0.05,0.05,0.05,0.05,0.05,0.05,0.05,0.05,0.05,0.05,0.05,0.05,0.05,0.05,0.05,0.05,0.05,0.05,0.05,0.05,0.0,0.0,0.0,0.0,0.0,0.0,0.0,0.0,0.0,0.0,0.0,0.0,0.0,0.0,0.0,0.0,0.0,0.0,0.0,0.0
0.15250992774963262,0.1125278845429428,0.08170612156391216,0.1515214145183567,0.39828121662139643,-0.14143562316894379,0.23165923357009716,0.16535061597823975,0.3919513225555395,0.07067419588565897,0.2301752567291248,0.20586653053760465,0.30757832527160406,0.13504575192928459,0.10000747442245292,0.07289951294660468,0.3242180645465831,0.24743652343750283,0.13478466868400305,0.06212738901376604,1.2995734810829163,-0.9065223857760429,-0.8245071396231651,-0.4317481070756912,2.9038824141025543,-1.7442919313907623,1.9927900284528732,1.3787172734737396,2.7889207005500793,-0.8078444749116898,1.3286128640174866,0.7337044924497604,2.73948535323143,-1.6803804785013199,2.1541329100728035,1.1268115602433681,2.274063229560852,-3.2180167734622955,3.0428145080804825,1.3629801571369171,3.0,3.0,3.0,3.0,3.0,3.0,3.0,3.0,3.0,3.0,3.0,3.0,3.0,3.0,3.0,3.0,3.0,3.0,3.0,3.0,0.05,0.05,0.05,0.05,0.05,0.05,0.05,0.05,0.05,0.05,0.05,0.05,0.05,0.05,0.05,0.05,0.05,0.05,0.05,0.05,0.0,0.0,0.0,0.0,0.0,0.0,0.0,0.0,0.0,0.0,0.0,0.0,0.0,0.0,0.0,0.0,0.0,0.0,0.0,0.0,0.28620871901512007,0.06625593453645798,0.11269995570182915,0.2542978525161771,0.36385303735733154,0.10948225855827254,0.8602472543716431,0.27316254377365107,0.532548189163208,-0.032233309000731035,0.4982240200042724,0.3027002513408661,0.4291795790195455,-0.04265784099698096,0.32369154691696117,0.17299942672252655,0.41420787572860424,-0.2941750288009663,0.12618230283260137,0.030618559569119783,1.8546681851148605,-1.0446840897202492,-1.2919697910547256,-3.150622174143791,-1.3985291123390198,0.8774368092417717,0.33719688653945923,-0.573701411485672,0.09893923997879028,0.5930398590862751,0.5694486200809479,-0.044574588537216187,1.3001985847949982,0.5030596163123846,0.7975272834300995,0.06351247429847717,3.3185243606567383,2.260323613882065,2.51504760235548,0.8541135117411613,3.0,3.0,3.0,3.0,3.0,3.0,3.0,3.0,3.0,3.0,3.0,3.0,3.0,3.0,3.0,3.0,3.0,3.0,3.0,3.0,0.05,0.05,0.05,0.05,0.05,0.05,0.05,0.05,0.05,0.05,0.05,0.05,0.05,0.05,0.05,0.05,0.05,0.05,0.05,0.05,0.0,0.0,0.0,0.0,0.0,0.0,0.0,0.0,0.0,0.0,0.0,0.0,0.0,0.0,0.0,0.0,0.0,0.0,0.0,0.0
0.17879252135753632,0.09892872720956802,0.0666951909661293,0.1433926671743393,0.4623422622680664,-0.17931689321994781,0.2769186496734619,0.1967737078666687,0.45149245858192444,0.056256599724292755,0.2546459436416626,0.21827667951583862,0.3607805371284485,0.0965365320444107,0.14638474583625793,0.09733492881059647,0.36844831705093384,0.17491424083709717,0.20010802149772644,0.09194862097501755,1.566198840737372,-0.7090266793966481,-0.5938891321420849,-0.11268630623818415,2.5926962494850785,-1.7424482852220917,1.869681477546735,1.364507526159317,2.5125101208687455,-0.9167594835162339,0.886494666337996,0.4099812358617942,2.232235670089781,-2.009510900825298,2.1040253341198447,1.098436303436781,1.7179138958454632,-2.802384644746851,2.949352562427588,1.3092534616589846,3.0,3.0,3.0,3.0,3.0,3.0,3.0,3.0,3.0,3.0,3.0,3.0,3.0,3.0,3.0,3.0,3.0,3.0,3.0,3.0,0.05,0.05,0.05,0.05,0.05,0.05,0.05,0.05,0.05,0.05,0.05,0.05,0.05,0.05,0.05,0.05,0.05,0.05,0.05,0.05,0.0,0.0,0.0,0.0,0.0,0.0,0.0,0.0,0.0,0.0,0.0,0.0,0.0,0.0,0.0,0.0,0.0,0.0,0.0,0.0,0.3089599013328552,0.04235610365867615,0.08903506398200989,0.19561387598514557,0.3318634331226349,0.12680363655090332,0.8456450700759888,0.25017833709716797,0.5299269556999207,-0.019571058452129364,0.4992245137691498,0.2962522506713867,0.46457532048225403,-0.026663625612854958,0.3478548228740692,0.17915771901607513,0.4887056350708008,-0.23893308639526367,0.1893843412399292,0.0549241304397583,1.0981433093548167,-0.4072281531989803,-1.0227095335722258,-2.4845976382494666,-1.1711835861206359,1.011689752340336,-1.1288166046142578,-1.4097966253757463,-0.8073329925537109,0.9566848166287075,-0.7832556962966905,-0.7714606821537018,0.8703365921974432,0.8449209854006839,0.5008600652217989,-0.0582229346036911,1.7739482223988314,2.3280359804630764,2.137826010584883,0.7316949777305282,3.0,3.0,3.0,3.0,3.0,3.0,3.0,3.0,3.0,3.0,3.0,3.0,3.0,3.0,3.0,3.0,3.0,3.0,3.0,3.0,0.05,0.05,0.05,0.05,0.05,0.05,0.05,0.05,0.05,0.05,0.05,0.05,0.05,0.05,0.05,0.05,0.05,0.05,0.05,0.05,0.0,0.0,0.0,0.0,0.0,0.0,0.0,0.0,0.0,0.0,0.0,0.0,0.0,0.0,0.0,0.0,0.0,0.0,0.0,0.0
0.2151578813791275,0.08416681736707687,0.05795055627822876,0.14701396226882935,0.5019890666007996,-0.21113355457782745,0.30644649267196655,0.21993091702461243,0.4924517273902893,0.03400381654500961,0.26563504338264465,0.22226577997207642,0.3968677520751953,0.05466531589627266,0.1841684877872467,0.11683696508407593,0.3929346203804016,0.13534113764762878,0.25275877118110657,0.11449752748012543,1.7401337623596191,-0.2555200830101967,-0.059329718351364136,0.796860083937645,1.2547343969345093,-1.1027444154024124,0.9831085801124573,0.8434098213911057,1.4645613729953766,-0.9610570967197418,0.270959734916687,-0.029607489705085754,1.1705338954925537,-2.0197561010718346,1.5013176947832108,0.7142709568142891,0.6308972835540771,-0.9730815887451172,2.0263276994228363,0.7001141086220741,3.0,3.0,3.0,3.0,3.0,3.0,3.0,3.0,3.0,3.0,3.0,3.0,3.0,3.0,3.0,3.0,3.0,3.0,3.0,3.0,0.05,0.05,0.05,0.05,0.05,0.05,0.05,0.05,0.05,0.05,0.05,0.05,0.05,0.05,0.05,0.05,0.05,0.05,0.05,0.05,0.0,0.0,0.0,0.0,0.0,0.0,0.0,0.0,0.0,0.0,0.0,0.0,0.0,0.0,0.0,0.0,0.0,0.0,0.0,0.0,0.33013445138931274,0.049966808408498764,0.07179157435894012,0.15491394698619843,0.3170056939125061,0.149949848651886,0.8150945901870728,0.21677067875862122,0.5002548694610596,0.006034083664417267,0.4668937921524048,0.271841824054718,0.46399304270744324,-0.008861001580953598,0.34372594952583313,0.1706705093383789,0.4851658046245575,-0.20105358958244324,0.2116953432559967,0.05988635867834091,0.6966240704059601,0.4683900624513626,-0.7533450610935688,-1.9031472504138947,-1.3480663299560547,0.7652997970581055,-2.1638870239257812,-1.928197592496872,-1.245318353176117,0.8727738633751869,-1.7044119536876678,-1.2853987514972687,-0.5041778087615967,0.5637943162582815,-0.5597785115242004,-0.581161305308342,-0.3976307809352875,1.6342755407094955,0.9031027555465698,0.13182861730456352,3.0,3.0,3.0,3.0,3.0,3.0,3.0,3.0,3.0,3.0,3.0,3.0,3.0,3.0,3.0,3.0,3.0,3.0,3.0,3.0,0.05,0.05,0.05,0.05,0.05,0.05,0.05,0.05,0.05,0.05,0.05,0.05,0.05,0.05,0.05,0.05,0.05,0.05,0.05,0.05,0.0,0.0,0.0,0.0,0.0,0.0,0.0,0.0,0.0,0.0,0.0,0.0,0.0,0.0,0.0,0.0,0.0,0.0,0.0,0.0
0.24839787185192108,0.08870792388916016,0.06432200223207474,0.1752670705318451,0.5125316381454468,-0.2234266698360443,0.3162429928779602,0.23051010072231293,0.5100749135017395,0.017814315855503082,0.2654843330383301,0.2170923799276352,0.40760189294815063,0.015746288001537323,0.20643745362758636,0.12590576708316803,0.3936842083930969,0.13599097728729248,0.2811611294746399,0.11995318531990051,1.6454901546239853,0.34216325730085373,0.552784651517868,1.9465941935777664,0.3184393048286438,-0.15421733260154724,0.3455743193626404,0.3685794770717621,0.48937350511550903,-0.7980179041624069,-0.060501694679260254,-0.31878091394901276,0.2824641764163971,-1.8190251663327217,0.820697471499443,0.26202425360679626,-0.13129115104675293,0.4757773131132126,0.873517245054245,-0.09337067604064941,3.0,3.0,3.0,3.0,3.0,3.0,3.0,3.0,3.0,3.0,3.0,3.0,3.0,3.0,3.0,3.0,3.0,3.0,3.0,3.0,0.05,0.05,0.05,0.05,0.05,0.05,0.05,0.05,0.05,0.05,0.05,0.05,0.05,0.05,0.05,0.05,0.05,0.05,0.05,0.05,0.0,0.0,0.0,0.0,0.0,0.0,0.0,0.0,0.0,0.0,0.0,0.0,0.0,0.0,0.0,0.0,0.0,0.0,0.0,0.0,0.33682486414909363,0.06109170615673065,0.058901261538267136,0.11948798596858978,0.2779407799243927,0.15741562843322754,0.7590895891189575,0.1730504333972931,0.480114221572876,0.015339896082878113,0.43104803562164307,0.24483630061149597,0.44440820813179016,-0.004111852962523699,0.3254636824131012,0.15591126680374146,0.4728004038333893,-0.17356206476688385,0.225508451461792,0.06019727513194084,0.06550624966621399,1.1915653012692928,-0.6304407492280006,-1.4493321999907494,-2.1536048501729965,-0.16303397715091705,-3.150339424610138,-1.9648291170597076,-1.6516633331775665,0.2900435123592615,-2.366460859775543,-1.6206298023462296,-1.300310343503952,0.0018203631043434143,-1.2932628393173218,-0.936102494597435,-1.3096235692501068,0.8718539029359818,0.17366968095302582,-0.2624429762363434,3.0,3.0,3.0,3.0,3.0,3.0,3.0,3.0,3.0,3.0,3.0,3.0,3.0,3.0,3.0,3.0,3.0,3.0,3.0,3.0,0.05,0.05,0.05,0.05,0.05,0.05,0.05,0.05,0.05,0.05,0.05,0.05,0.05,0.05,0.05,0.05,0.05,0.05,0.05,0.05,0.0,0.0,0.0,0.0,0.0,0.0,0.0,0.0,0.0,0.0,0.0,0.0,0.0,0.0,0.0,0.0,0.0,0.0,0.0,0.0
0.2809774875640869,0.09785334765911102,0.08006194233894348,0.22487773001194,0.5147266387939453,-0.21730224788188934,0.32026946544647217,0.2346740961074829,0.5120266675949097,0.002083100378513336,0.26321497559547424,0.2095145434141159,0.4081663191318512,-0.01809569075703621,0.21699638664722443,0.12731793522834778,0.3876829743385315,0.1543722301721573,0.28769946098327637,0.11076270043849945,1.8628668040037155,0.2995729446411133,0.6728854030370712,2.5745131075382233,0.32927393913269043,0.4954889416694641,0.24071037769317627,0.20212344825267792,0.1487046480178833,-0.5821038968861103,-0.10619014501571655,-0.3522127866744995,0.08987113833427429,-1.3399522751569748,0.4640895873308182,0.06734654307365417,0.05560964345932007,0.6082195788621902,0.2370491623878479,-0.5354594439268112,3.0,3.0,3.0,3.0,3.0,3.0,3.0,3.0,3.0,3.0,3.0,3.0,3.0,3.0,3.0,3.0,3.0,3.0,3.0,3.0,0.05,0.05,0.05,0.05,0.05,0.05,0.05,0.05,0.05,0.05,0.05,0.05,0.05,0.05,0.05,0.05,0.05,0.05,0.05,0.05,0.0,0.0,0.0,0.0,0.0,0.0,0.0,0.0,0.0,0.0,0.0,0.0,0.0,0.0,0.0,0.0,0.0,0.0,0.0,0.0,0.3327547013759613,0.09762942045927048,0.0465739443898201,0.09694065898656845,0.23086149990558624,0.1434284895658493,0.6890810132026672,0.1381775140762329,0.4341883361339569,0.017635824158787727,0.37223535776138306,0.20701663196086884,0.41198062896728516,-0.008788187056779861,0.29199543595314026,0.1332264095544815,0.4327808618545532,-0.16617943346500397,0.21864213049411774,0.049388639628887177,-0.0635683536529541,1.8846463412046432,-0.6385006010532379,-1.1057067662477493,-2.2728435695171356,-0.8711004629731178,-3.3424541354179382,-1.5653718262910843,-1.8200121819972992,-0.07381055038422346,-2.5841914117336273,-1.6808606684207916,-1.603619009256363,-0.016170134767889977,-1.6104213893413544,-1.0675512254238129,-1.7286144196987152,0.43328963220119476,-0.26117339730262756,-0.4848038777709007,3.0,3.0,3.0,3.0,3.0,3.0,3.0,3.0,3.0,3.0,3.0,3.0,3.0,3.0,3.0,3.0,3.0,3.0,3.0,3.0,0.05,0.05,0.05,0.05,0.05,0.05,0.05,0.05,0.05,0.05,0.05,0.05,0.05,0.05,0.05,0.05,0.05,0.05,0.05,0.05,0.0,0.0,0.0,0.0,0.0,0.0,0.0,0.0,0.0,0.0,0.0,0.0,0.0,0.0,0.0,0.0,0.0,0.0,0.0,0.0
0.3229125440120697,0.10069084167480469,0.09123741835355759,0.278247594833374,0.5257025957107544,-0.20360711216926575,0.32587140798568726,0.23859503865242004,0.5160230994224548,-0.00546984001994133,0.2612367272377014,0.2030038684606552,0.4111967384815216,-0.03785180300474167,0.2250010371208191,0.1285996288061142,0.3959085941314697,0.1603197604417801,0.2906430959701538,0.09853480756282806,2.3139961063861847,0.05107708275318146,0.4719225689768791,2.671874687075615,0.9211167693138123,0.7982876151800156,-0.03731921315193176,0.07960237562656403,0.3997728228569031,-0.15896998811513186,-0.36963485181331635,-0.35484880208969116,0.22402331233024597,-0.6299752742052078,0.20912475883960724,0.11619254946708679,0.7537990808486938,0.1931793987751007,-0.1546800136566162,-0.7907088845968246,3.0,3.0,3.0,3.0,3.0,3.0,3.0,3.0,3.0,3.0,3.0,3.0,3.0,3.0,3.0,3.0,3.0,3.0,3.0,3.0,0.05,0.05,0.05,0.05,0.05,0.05,0.05,0.05,0.05,0.05,0.05,0.05,0.05,0.05,0.05,0.05,0.05,0.05,0.05,0.05,0.0,0.0,0.0,0.0,0.0,0.0,0.0,0.0,0.0,0.0,0.0,0.0,0.0,0.0,0.0,0.0,0.0,0.0,0.0,0.0,0.33428213000297546,0.13647755980491638,0.03336123749613762,0.07525971531867981,0.18702703714370728,0.12257160991430283,0.62539142370224,0.11043556034564972,0.407313734292984,0.012387474067509174,0.327680379152298,0.1776018738746643,0.38026344776153564,-0.004758658353239298,0.261046826839447,0.11320921778678894,0.4036558270454407,-0.15623047947883606,0.2150615155696869,0.04080512002110481,0.34797266125679016,2.1053167060017586,-0.5831869319081306,-1.0627638548612595,-1.907048374414444,-1.339435949921608,-2.983108162879944,-1.2528657913208008,-1.38925239443779,-0.3309948369860649,-2.1583043038845062,-1.3825450092554092,-1.3130687177181244,0.5222167819738388,-1.3876020908355713,-0.9036984294652939,-1.3256698846817017,0.650009885430336,-0.15656910836696625,-0.4084366373717785,3.0,3.0,3.0,3.0,3.0,3.0,3.0,3.0,3.0,3.0,3.0,3.0,3.0,3.0,3.0,3.0,3.0,3.0,3.0,3.0,0.05,0.05,0.05,0.05,0.05,0.05,0.05,0.05,0.05,0.05,0.05,0.05,0.05,0.05,0.05,0.05,0.05,0.05,0.05,0.05,0.0,0.0,0.0,0.0,0.0,0.0,0.0,0.0,0.0,0.0,0.0,0.0,0.0,0.0,0.0,0.0,0.0,0.0,0.0,0.0
0.3735373318195343,0.09989643096923828,0.09893884509801865,0.3317527174949646,0.5515713095664978,-0.18537074327468872,0.3187766969203949,0.23785819113254547,0.5280175805091858,-0.004275699146091938,0.2484295815229416,0.19532059133052826,0.41712725162506104,-0.04329470172524452,0.22536137700080872,0.13196563720703125,0.41783493757247925,0.16209940612316132,0.2815122604370117,0.07913434505462646,2.4466954171657562,0.082462839782238,0.3480665385723114,2.4219244718551636,1.2600138783454895,0.8595239371061325,-0.4209548234939575,-0.057075172662734985,0.6192237138748169,-0.01836919691413641,-0.6095975637435913,-0.33817216753959656,0.39393678307533264,-0.29425937682390213,0.020633265376091003,0.18685385584831238,1.1932767927646637,0.06629489362239838,-0.4081137478351593,-0.8750623092055321,3.0,3.0,3.0,3.0,3.0,3.0,3.0,3.0,3.0,3.0,3.0,3.0,3.0,3.0,3.0,3.0,3.0,3.0,3.0,3.0,0.05,0.05,0.05,0.05,0.05,0.05,0.05,0.05,0.05,0.05,0.05,0.05,0.05,0.05,0.05,0.05,0.05,0.05,0.05,0.05,0.0,0.0,0.0,0.0,0.0,0.0,0.0,0.0,0.0,0.0,0.0,0.0,0.0,0.0,0.0,0.0,0.0,0.0,0.0,0.0,0.3466736078262329,0.18184208869934082,0.023246467113494873,0.05443010479211807,0.15457956492900848,0.08985105156898499,0.5697566866874695,0.08806288242340088,0.3786182403564453,0.004396030679345131,0.2859031856060028,0.15171483159065247,0.3594578802585602,0.01210048422217369,0.2364913523197174,0.09707847237586975,0.37975406646728516,-0.14017903804779053,0.2123793661594391,0.03305117413401604,0.7118195295333862,2.2786695510149,-0.46393247321248055,-0.8728692308068275,-1.3942569494247437,-1.6587814316153526,-2.6747509837150574,-1.0106083005666733,-1.279650628566742,-0.34730425104498863,-1.9536159932613373,-1.1892668902873993,-1.1542782187461853,0.64467714400962,-1.2961260974407196,-0.8115032687783241,-1.1255249381065369,1.0057277977466583,-0.15194900333881378,-0.3440269734710455,3.0,3.0,3.0,3.0,3.0,3.0,3.0,3.0,3.0,3.0,3.0,3.0,3.0,3.0,3.0,3.0,3.0,3.0,3.0,3.0,0.05,0.05,0.05,0.05,0.05,0.05,0.05,0.05,0.05,0.05,0.05,0.05,0.05,0.05,0.05,0.05,0.05,0.05,0.05,0.05,0.0,0.0,0.0,0.0,0.0,0.0,0.0,0.0,0.0,0.0,0.0,0.0,0.0,0.0,0.0,0.0,0.0,0.0,0.0,0.0
0.42078036069869995,0.10398935526609421,0.10516007989645004,0.37512457370758057,0.576103150844574,-0.16922615468502045,0.30903321504592896,0.23631203174591064,0.5407920479774475,-0.006204607896506786,0.23685282468795776,0.18947698175907135,0.4269542098045349,-0.049622178077697754,0.22582636773586273,0.1360737830400467,0.4436396658420563,0.16297155618667603,0.27431854605674744,0.06353231519460678,2.2830717265605927,0.33995434641838074,0.27674753218889236,1.9018352031707764,1.5345960855484009,0.8181579411029816,-1.0108031332492828,-0.19819550216197968,0.9103864431381226,-0.07651380728930235,-0.7474280893802643,-0.3131020814180374,0.7337301969528198,-0.19579259678721428,-0.1779712736606598,0.22226423025131226,1.5876911580562592,0.03312006592750549,-0.7232479751110077,-0.599674042314291,3.0,3.0,3.0,3.0,3.0,3.0,3.0,3.0,3.0,3.0,3.0,3.0,3.0,3.0,3.0,3.0,3.0,3.0,3.0,3.0,0.05,0.05,0.05,0.05,0.05,0.05,0.05,0.05,0.05,0.05,0.05,0.05,0.05,0.05,0.05,0.05,0.05,0.05,0.05,0.05,0.0,0.0,0.0,0.0,0.0,0.0,0.0,0.0,0.0,0.0,0.0,0.0,0.0,0.0,0.0,0.0,0.0,0.0,0.0,0.0,0.3627549111843109,0.2276243418455124,0.014803938567638397,0.04034494608640671,0.13125675916671753,0.05622035264968872,0.5184013843536377,0.07001122832298279,0.35612770915031433,-0.001504695974290371,0.24953573942184448,0.13003119826316833,0.33409231901168823,0.0210284274071455,0.20920178294181824,0.08074908703565598,0.3586348295211792,-0.11600136756896973,0.20898355543613434,0.027044041082262993,0.7814221084117889,2.2178485989570618,-0.3667390672490001,-0.7009536027908325,-0.9561259299516678,-1.6587123274803162,-2.462995797395706,-0.8108549751341343,-1.1651337146759033,-0.3323646727949381,-1.7799735069274902,-1.0235436260700226,-1.1961422860622406,0.4266364499926567,-1.3475164771080017,-0.7914271205663681,-1.0916709899902344,1.218339055776596,-0.2520263195037842,-0.2880515530705452,3.0,3.0,3.0,3.0,3.0,3.0,3.0,3.0,3.0,3.0,3.0,3.0,3.0,3.0,3.0,3.0,3.0,3.0,3.0,3.0,0.05,0.05,0.05,0.05,0.05,0.05,0.05,0.05,0.05,0.05,0.05,0.05,0.05,0.05,0.05,0.05,0.05,0.05,0.05,0.05,0.0,0.0,0.0,0.0,0.0,0.0,0.0,0.0,0.0,0.0,0.0,0.0,0.0,0.0,0.0,0.0,0.0,0.0,0.0,0.0
0.464860200881958,0.11349460482597351,0.11000874638557434,0.40782612562179565,0.6129551529884338,-0.15264442563056946,0.2783445715904236,0.22993037104606628,0.5644330382347107,-0.007336251437664032,0.21853245794773102,0.18279650807380676,0.44647645950317383,-0.05112640559673309,0.21824252605438232,0.14085620641708374,0.4813425838947296,0.16342420876026154,0.2525823414325714,0.055147383362054825,2.06308513879776,0.52315853536129,0.2668360248208046,1.3888970017433167,1.8127113580703735,0.8293241262435913,-1.6624443233013153,-0.2855844795703888,1.1455744504928589,-0.04040428902953863,-0.9431306272745132,-0.3429032862186432,1.0303467512130737,0.0066601671278476715,-0.48876069486141205,0.19400157034397125,1.9125096499919891,0.004894658923149109,-1.2240219861268997,-0.48266779631376266,3.0,3.0,3.0,3.0,3.0,3.0,3.0,3.0,3.0,3.0,3.0,3.0,3.0,3.0,3.0,3.0,3.0,3.0,3.0,3.0,0.05,0.05,0.05,0.05,0.05,0.05,0.05,0.05,0.05,0.05,0.05,0.05,0.05,0.05,0.05,0.05,0.05,0.05,0.05,0.05,0.0,0.0,0.0,0.0,0.0,0.0,0.0,0.0,0.0,0.0,0.0,0.0,0.0,0.0,0.0,0.0,0.0,0.0,0.0,0.0,0.37793049216270447,0.2705560326576233,0.00857690442353487,0.02639196068048477,0.11633452773094177,0.02350255846977234,0.47123685479164124,0.05562868341803551,0.3320128917694092,-0.008898556232452393,0.2147042453289032,0.11077308654785156,0.31161218881607056,0.02916594222187996,0.18259069323539734,0.06542138755321503,0.3360872268676758,-0.09144547581672668,0.20229831337928772,0.02152911201119423,0.762602686882019,2.076408639550209,-0.2793504041619599,-0.6719116820022464,-0.6966471672058105,-1.5749254263937473,-2.323649078607559,-0.6438534706830978,-1.0608404874801636,-0.3397309919819236,-1.6223371028900146,-0.8800184354186058,-1.1756382882595062,0.28514997102320194,-1.3673178851604462,-0.6881746463477612,-1.1050373315811157,1.1928465217351913,-0.39335787296295166,-0.2474247943609953,3.0,3.0,3.0,3.0,3.0,3.0,3.0,3.0,3.0,3.0,3.0,3.0,3.0,3.0,3.0,3.0,3.0,3.0,3.0,3.0,0.05,0.05,0.05,0.05,0.05,0.05,0.05,0.05,0.05,0.05,0.05,0.05,0.05,0.05,0.05,0.05,0.05,0.05,0.05,0.05,0.0,0.0,0.0,0.0,0.0,0.0,0.0,0.0,0.0,0.0,0.0,0.0,0.0,0.0,0.0,0.0,0.0,0.0,0.0,0.0
0.5033037662506104,0.1249156966805458,0.11583352088928223,0.43068045377731323,0.6486116051673889,-0.1360531896352768,0.24253544211387634,0.2248886525630951,0.5866150259971619,-0.007820779457688332,0.19912759959697723,0.17576085031032562,0.46816807985305786,-0.04935577139258385,0.20627593994140625,0.14383384585380554,0.5201400518417358,0.163167342543602,0.22535766661167145,0.044225603342056274,1.8858477473258972,0.6791029125452042,0.21938346326351166,0.9768620133399963,1.6773656010627747,0.8362952619791031,-1.7857659608125687,-0.27114562690258026,0.9464368224143982,0.11517440434545279,-1.0245978832244873,-0.4070103168487549,0.9981513023376465,0.17207087948918343,-0.7707495242357254,0.003207847476005554,1.815972477197647,0.018545985221862793,-1.3921789824962616,-0.4914981313049793,3.0,3.0,3.0,3.0,3.0,3.0,3.0,3.0,3.0,3.0,3.0,3.0,3.0,3.0,3.0,3.0,3.0,3.0,3.0,3.0,0.05,0.05,0.05,0.05,0.05,0.05,0.05,0.05,0.05,0.05,0.05,0.05,0.05,0.05,0.05,0.05,0.05,0.05,0.05,0.05,0.0,0.0,0.0,0.0,0.0,0.0,0.0,0.0,0.0,0.0,0.0,0.0,0.0,0.0,0.0,0.0,0.0,0.0,0.0,0.0,0.3932590186595917,0.31068068742752075,0.0036299224011600018,0.013468478806316853,0.10339087247848511,-0.0067766644060611725,0.4254554212093353,0.044257089495658875,0.3136940896511078,-0.015093935653567314,0.1846422553062439,0.0948304608464241,0.287066787481308,0.03243442624807358,0.1545090675354004,0.05322210118174553,0.31443333625793457,-0.06828750669956207,0.19324924051761627,0.01714704930782318,0.8400604128837585,1.9595667719841003,-0.1959314162377268,-0.6378797348588705,-0.5586417391896248,-1.3905486091971397,-2.17774361371994,-0.5124550312757492,-0.9817950427532196,-0.36881640553474426,-1.4710776507854462,-0.7596064358949661,-1.0464370250701904,0.18756203353405,-1.3075131922960281,-0.5791486240923405,-1.0873399674892426,1.0715089738368988,-0.5138728767633438,-0.19743111915886402,3.0,3.0,3.0,3.0,3.0,3.0,3.0,3.0,3.0,3.0,3.0,3.0,3.0,3.0,3.0,3.0,3.0,3.0,3.0,3.0,0.05,0.05,0.05,0.05,0.05,0.05,0.05,0.05,0.05,0.05,0.05,0.05,0.05,0.05,0.05,0.05,0.05,0.05,0.05,0.05,0.0,0.0,0.0,0.0,0.0,0.0,0.0,0.0,0.0,0.0,0.0,0.0,0.0,0.0,0.0,0.0,0.0,0.0,0.0,0.0
0.5402941107749939,0.14065872132778168,0.11878408491611481,0.4469006061553955,0.6800497770309448,-0.11919261515140533,0.20691393315792084,0.21908454596996307,0.6022905111312866,-0.0027292752638459206,0.17754854261875153,0.16651609539985657,0.4864025115966797,-0.044243570417165756,0.1874125450849533,0.14098452031612396,0.5539814829826355,0.16416604816913605,0.19689518213272095,0.03548745810985565,1.8418103456497192,0.8185310289263725,0.15556160360574722,0.5976207554340363,1.3992637395858765,0.8625254034996033,-1.7618149518966675,-0.3421414643526077,0.6532832980155945,0.33164089545607567,-1.109970360994339,-0.5113746970891953,0.826023519039154,0.3107162192463875,-1.0539568960666656,-0.26487745344638824,1.4759927988052368,0.09144283831119537,-1.4572612941265106,-0.3520478494465351,3.0,3.0,3.0,3.0,3.0,3.0,3.0,3.0,3.0,3.0,3.0,3.0,3.0,3.0,3.0,3.0,3.0,3.0,3.0,3.0,0.05,0.05,0.05,0.05,0.05,0.05,0.05,0.05,0.05,0.05,0.05,0.05,0.05,0.05,0.05,0.05,0.05,0.05,0.05,0.05,0.0,0.0,0.0,0.0,0.0,0.0,0.0,0.0,0.0,0.0,0.0,0.0,0.0,0.0,0.0,0.0,0.0,0.0,0.0,0.0,0.4115329086780548,0.3489387035369873,0.0007396477740257978,0.0008767712861299515,0.09398885816335678,-0.03211938589811325,0.38412711024284363,0.03513048216700554,0.2927410900592804,-0.023651212453842163,0.15586113929748535,0.08038882911205292,0.26975470781326294,0.03666842356324196,0.1302901655435562,0.04225544258952141,0.2925936281681061,-0.04858511686325073,0.18174339830875397,0.013631867244839668,1.0022632777690887,1.8834836781024933,-0.13205158757045865,-0.6173085421323776,-0.46206433326005936,-1.209209393709898,-2.00459361076355,-0.40732775814831257,-0.8985675871372223,-0.3819481935352087,-1.3224303722381592,-0.6632475182414055,-0.8991613984107971,0.15158401802182198,-1.2222947552800179,-0.48774750903248787,-1.0579437017440796,0.9394641499966383,-0.6225369870662689,-0.15772408805787563,3.0,3.0,3.0,3.0,3.0,3.0,3.0,3.0,3.0,3.0,3.0,3.0,3.0,3.0,3.0,3.0,3.0,3.0,3.0,3.0,0.05,0.05,0.05,0.05,0.05,0.05,0.05,0.05,0.05,0.05,0.05,0.05,0.05,0.05,0.05,0.05,0.05,0.05,0.05,0.05,0.0,0.0,0.0,0.0,0.0,0.0,0.0,0.0,0.0,0.0,0.0,0.0,0.0,0.0,0.0,0.0,0.0,0.0,0.0,0.0
0.5769761800765991,0.1576569378376007,0.12205598503351212,0.4545852839946747,0.704582154750824,-0.10155217349529266,0.17206284403800964,0.21120299398899078,0.6127463579177856,0.005444856360554695,0.15472878515720367,0.1553058624267578,0.501209020614624,-0.03692712262272835,0.16411766409873962,0.13323874771595,0.5791797637939453,0.1668250560760498,0.16706721484661102,0.03014368936419487,1.2538254261016846,1.5633989125490189,0.4992593079805374,-1.0928213596343994,0.9524315595626831,0.5000537261366844,-1.6359858214855194,-0.3360576927661896,0.5385011434555054,0.07938464405015111,-1.0746482759714127,-0.5104187875986099,0.8035182952880859,0.17019249498844147,-1.0893356055021286,-0.35470612347126007,1.3742640614509583,0.015753507614135742,-1.1565901339054108,-0.09928476065397263,3.0,3.0,3.0,3.0,3.0,3.0,3.0,3.0,3.0,3.0,3.0,3.0,3.0,3.0,3.0,3.0,3.0,3.0,3.0,3.0,0.05,0.05,0.05,0.05,0.05,0.05,0.05,0.05,0.05,0.05,0.05,0.05,0.05,0.05,0.05,0.05,0.05,0.05,0.05,0.05,0.0,0.0,0.0,0.0,0.0,0.0,0.0,0.0,0.0,0.0,0.0,0.0,0.0,0.0,0.0,0.0,0.0,0.0,0.0,0.0,0.4333495497703552,0.3860200345516205,-0.0016521411016583443,-0.011223862878978252,0.08490829914808273,-0.05514504015445709,0.34527167677879333,0.027963979169726372,0.2777513861656189,-0.030371863394975662,0.13174504041671753,0.06830056011676788,0.2511003315448761,0.03849778696894646,0.10561727732419968,0.033712200820446014,0.2721155881881714,-0.03070894069969654,0.16834776103496552,0.010838085785508156,1.2781091034412384,1.7255805432796478,-0.10686077293939888,-0.4909789655357599,-0.4139332100749016,-1.173446886241436,-1.8826104700565338,-0.3230389207601547,-0.8208088576793671,-0.3639352507889271,-1.2020882219076157,-0.5889488384127617,-0.7920976728200912,0.1922179013490677,-1.173464022576809,-0.3891177009791136,-0.9835913777351379,0.9739306755363941,-0.7212314754724503,-0.12259643990546465,3.0,3.0,3.0,3.0,3.0,3.0,3.0,3.0,3.0,3.0,3.0,3.0,3.0,3.0,3.0,3.0,3.0,3.0,3.0,3.0,0.05,0.05,0.05,0.05,0.05,0.05,0.05,0.05,0.05,0.05,0.05,0.05,0.05,0.05,0.05,0.05,0.05,0.05,0.05,0.05,0.0,0.0,0.0,0.0,0.0,0.0,0.0,0.0,0.0,0.0,0.0,0.0,0.0,0.0,0.0,0.0,0.0,0.0,0.0,0.0
0.5904471278190613,0.20319467782974243,0.1387544572353363,0.40318775177001953,0.7181470394134521,-0.09919046610593796,0.14147450029850006,0.2056422382593155,0.6238305568695068,0.0004461104981601238,0.13456261157989502,0.14609934389591217,0.5185432434082031,-0.0374358706176281,0.14383912086486816,0.12679627537727356,0.6089520454406738,0.16479618847370148,0.15063157677650452,0.03151606768369675,0.06597638130187988,2.6045873761177063,1.1115038767457008,-1.6811713576316833,0.4589393734931946,-0.29838811606168747,-1.3289198279380798,-0.029322132468223572,0.7437676191329956,-0.5130324512720108,-1.1036986485123634,-0.3795519471168518,1.0091200470924377,-0.1830022782087326,-1.1520838364958763,-0.27935151010751724,1.300254464149475,-0.3550637513399124,-0.23280605673789978,0.6375228054821491,3.0,3.0,3.0,3.0,3.0,3.0,3.0,3.0,3.0,3.0,3.0,3.0,3.0,3.0,3.0,3.0,3.0,3.0,3.0,3.0,0.05,0.05,0.05,0.05,0.05,0.05,0.05,0.05,0.05,0.05,0.05,0.05,0.05,0.05,0.05,0.05,0.05,0.05,0.05,0.05,0.0,0.0,0.0,0.0,0.0,0.0,0.0,0.0,0.0,0.0,0.0,0.0,0.0,0.0,0.0,0.0,0.0,0.0,0.0,0.0,0.46265727281570435,0.4179619252681732,-0.0035347831435501575,-0.018762387335300446,0.07743152976036072,-0.07905726134777069,0.3088226914405823,0.02220892533659935,0.2599087357521057,-0.038208622485399246,0.10777761042118073,0.05683087557554245,0.2380708009004593,0.044357139617204666,0.08335160464048386,0.026690734550356865,0.25324997305870056,-0.009627889841794968,0.15289413928985596,0.008728009648621082,1.6094580292701721,1.4197900891304016,-0.08195665432140231,-0.29398149345070124,-0.3841729834675789,-1.2009542435407639,-1.7624028027057648,-0.2544455695897341,-0.7147207856178284,-0.3273308277130127,-1.069491170346737,-0.5090504884719849,-0.6972804665565491,0.3403118811547756,-0.9611278772354126,-0.3107451368123293,-0.7954128086566925,1.1609253473579884,-0.7525570690631866,-0.0897096237167716,3.0,3.0,3.0,3.0,3.0,3.0,3.0,3.0,3.0,3.0,3.0,3.0,3.0,3.0,3.0,3.0,3.0,3.0,3.0,3.0,0.05,0.05,0.05,0.05,0.05,0.05,0.05,0.05,0.05,0.05,0.05,0.05,0.05,0.05,0.05,0.05,0.05,0.05,0.05,0.05,0.0,0.0,0.0,0.0,0.0,0.0,0.0,0.0,0.0,0.0,0.0,0.0,0.0,0.0,0.0,0.0,0.0,0.0,0.0,0.0
0.5796152353286743,0.26184043288230896,0.16651614010334015,0.38733842968940735,0.7229397296905518,-0.11348769813776016,0.11890605092048645,0.21003010869026184,0.6424970626831055,-0.015076441690325737,0.11058083921670914,0.14012378454208374,0.5415738224983215,-0.04424721375107765,0.11803431063890457,0.12206468731164932,0.6311899423599243,0.1526225060224533,0.15775497257709503,0.055644601583480835,-1.2618809938430786,3.4594155848026276,1.4903970062732697,0.3444470465183258,0.20456910133361816,-0.7922424003481865,-0.9386911988258362,0.3361959010362625,1.1371970176696777,-0.8881901274435222,-1.0880421847105026,-0.15797801315784454,1.2912601232528687,-0.35958001390099525,-1.1802362278103828,-0.08564237505197525,1.0582268238067627,-0.7763460278511047,0.8780844509601593,1.5997352078557014,3.0,3.0,3.0,3.0,3.0,3.0,3.0,3.0,3.0,3.0,3.0,3.0,3.0,3.0,3.0,3.0,3.0,3.0,3.0,3.0,0.05,0.05,0.05,0.05,0.05,0.05,0.05,0.05,0.05,0.05,0.05,0.05,0.05,0.05,0.05,0.05,0.05,0.05,0.05,0.05,0.0,0.0,0.0,0.0,0.0,0.0,0.0,0.0,0.0,0.0,0.0,0.0,0.0,0.0,0.0,0.0,0.0,0.0,0.0,0.0,0.4977278709411621,0.44281163811683655,-0.004930407274514437,-0.022983122617006302,0.06954137980937958,-0.10318320989608765,0.27477556467056274,0.01778615638613701,0.24916255474090576,-0.04346509650349617,0.08896539360284805,0.04793854057788849,0.22320911288261414,0.05211026221513748,0.06717216223478317,0.021282395347952843,0.2402990758419037,0.015728073194622993,0.13824547827243805,0.007249700836837292,1.928304135799408,1.170046627521515,-0.035880994983017445,-0.1459808088839054,-0.2762526273727417,-1.1067092418670654,-1.584652066230774,-0.1981902401894331,-0.5883947014808655,-0.24392222985625267,-0.9216293692588806,-0.4218393936753273,-0.5548574030399323,0.47121336683630943,-0.7579734548926353,-0.24929018691182137,-0.4780218005180359,1.3415842317044735,-0.701386108994484,-0.027979211881756783,3.0,3.0,3.0,3.0,3.0,3.0,3.0,3.0,3.0,3.0,3.0,3.0,3.0,3.0,3.0,3.0,3.0,3.0,3.0,3.0,0.05,0.05,0.05,0.05,0.05,0.05,0.05,0.05,0.05,0.05,0.05,0.05,0.05,0.05,0.05,0.05,0.05,0.05,0.05,0.05,0.0,0.0,0.0,0.0,0.0,0.0,0.0,0.0,0.0,0.0,0.0,0.0,0.0,0.0,0.0,0.0,0.0,0.0,0.0,0.0
0.5399718880653381,0.34157130122184753,0.1983703374862671,0.41696563363075256,0.7263298034667969,-0.13088016211986542,0.10392685234546661,0.219090074300766,0.669318437576294,-0.035081494599580765,0.09104092419147491,0.1397802233695984,0.5701936483383179,-0.05181907117366791,0.09662967175245285,0.12337058037519455,0.6512811183929443,0.1337423473596573,0.1857549548149109,0.0955054759979248,-1.3844087719917297,3.3646993339061737,1.4337953180074692,1.4434397220611572,0.5730390548706055,-0.7780591025948524,-0.37544332444667816,0.5632475018501282,1.707349717617035,-0.9371009189635515,-0.6826387718319893,0.1328684389591217,1.9789129495620728,-0.6284312345087528,-0.6477197632193565,0.2867823466658592,1.3523280620574951,-1.561664417386055,2.033330872654915,2.274051308631897,3.0,3.0,3.0,3.0,3.0,3.0,3.0,3.0,3.0,3.0,3.0,3.0,3.0,3.0,3.0,3.0,3.0,3.0,3.0,3.0,0.05,0.05,0.05,0.05,0.05,0.05,0.05,0.05,0.05,0.05,0.05,0.05,0.05,0.05,0.05,0.05,0.05,0.05,0.05,0.05,0.0,0.0,0.0,0.0,0.0,0.0,0.0,0.0,0.0,0.0,0.0,0.0,0.0,0.0,0.0,0.0,0.0,0.0,0.0,0.0,0.5397894382476807,0.4647637903690338,-0.004970022942870855,-0.024601619690656662,0.06638142466545105,-0.12332563102245331,0.24543660879135132,0.014281315729022026,0.2363729476928711,-0.04796551167964935,0.0709124356508255,0.03995729982852936,0.215876504778862,0.06320567429065704,0.05303266644477844,0.01671912707388401,0.23412910103797913,0.04403547942638397,0.1248386949300766,0.007608841173350811,2.3243024945259094,1.142381876707077,0.530731410253793,-0.09094518609344959,0.10201185941696167,-0.8411917835474014,-1.3076189905405045,-0.12387412134557962,-0.41762180626392365,-0.14386046677827835,-0.7411031983792782,-0.3391730599105358,-0.13712719082832336,0.5325630307197571,-0.557310413569212,-0.19896691665053368,0.06689578294754028,1.348424656316638,-0.5493404343724251,-0.03457838902249932,3.0,3.0,3.0,3.0,3.0,3.0,3.0,3.0,3.0,3.0,3.0,3.0,3.0,3.0,3.0,3.0,3.0,3.0,3.0,3.0,0.05,0.05,0.05,0.05,0.05,0.05,0.05,0.05,0.05,0.05,0.05,0.05,0.05,0.05,0.05,0.05,0.05,0.05,0.05,0.05,0.0,0.0,0.0,0.0,0.0,0.0,0.0,0.0,0.0,0.0,0.0,0.0,0.0,0.0,0.0,0.0,0.0,0.0,0.0,0.0
0.5242388844490051,0.3964284062385559,0.22386795282363892,0.44507601857185364,0.745861291885376,-0.14461006224155426,0.10388831794261932,0.23256000876426697,0.7107910513877869,-0.0525604784488678,0.08327528834342957,0.1454385221004486,0.6207303404808044,-0.06938446313142776,0.09212552011013031,0.1335359811782837,0.6852830648422241,0.09015592932701111,0.23908820748329163,0.1466066539287567,-0.2596616744995117,2.0663976669311523,1.1370137333869934,1.4663122594356537,1.373627781867981,-0.7653918117284775,0.22308435291051865,0.6683535873889923,2.4508431553840637,-0.9370245970785618,-0.2004118636250496,0.353095680475235,2.9105588793754578,-1.1294681578874588,0.061300769448280334,0.6681272760033607,1.8333867192268372,-2.757048048079014,3.1872116029262543,2.743948996067047,3.0,3.0,3.0,3.0,3.0,3.0,3.0,3.0,3.0,3.0,3.0,3.0,3.0,3.0,3.0,3.0,3.0,3.0,3.0,3.0,0.05,0.05,0.05,0.05,0.05,0.05,0.05,0.05,0.05,0.05,0.05,0.05,0.05,0.05,0.05,0.05,0.05,0.05,0.05,0.05,0.0,0.0,0.0,0.0,0.0,0.0,0.0,0.0,0.0,0.0,0.0,0.0,0.0,0.0,0.0,0.0,0.0,0.0,0.0,0.0,0.5906999707221985,0.48850691318511963,0.016298849135637283,-0.026620930060744286,0.07362185418605804,-0.1368308812379837,0.22247080504894257,0.012831191532313824,0.23245768249034882,-0.049219515174627304,0.059321265667676926,0.034371618181467056,0.2177240252494812,0.07341278344392776,0.044879745692014694,0.013323718681931496,0.2429749071598053,0.06966505944728851,0.11627186089754105,0.005866565275937319,2.9125094413757324,0.972525030374527,2.2509334958158433,-0.031172577291727066,0.7418127730488777,-0.5816079676151276,-1.0196439921855927,0.04030750133097172,0.2740323543548584,-0.05592061206698418,-0.40882788598537445,-0.22707311436533928,0.5522225052118301,0.43614711612463,-0.29481323435902596,-0.1249771099537611,1.0108865797519684,1.2074466794729233,-0.26364922523498535,-0.06432149093598127,3.0,3.0,3.0,3.0,3.0,3.0,3.0,3.0,3.0,3.0,3.0,3.0,3.0,3.0,3.0,3.0,3.0,3.0,3.0,3.0,0.05,0.05,0.05,0.05,0.05,0.05,0.05,0.05,0.05,0.05,0.05,0.05,0.05,0.05,0.05,0.05,0.05,0.05,0.05,0.05,0.0,0.0,0.0,0.0,0.0,0.0,0.0,0.0,0.0,0.0,0.0,0.0,0.0,0.0,0.0,0.0,0.0,0.0,0.0,0.0
0.5295854210853577,0.42422720789909363,0.24385088682174683,0.4756181240081787,0.7812749147415161,-0.16149583458900452,0.11285022646188736,0.24582421779632568,0.7673521637916565,-0.07256247848272324,0.08302444964647293,0.1539040505886078,0.6866160035133362,-0.09699779748916626,0.09908170253038406,0.15009567141532898,0.7246165871620178,0.023460425436496735,0.31324341893196106,0.2052634358406067,1.1273056268692017,0.03889128565788269,0.7933013141155243,0.8577980101108551,2.1235391497612,-0.9762521833181381,0.6251465529203415,0.6626635789871216,3.187471628189087,-0.9886858984827995,0.1445133239030838,0.48931799829006195,3.6082804203033447,-1.373056136071682,0.6134096533060074,0.981445237994194,1.8287792801856995,-3.1499652191996574,3.7108175456523895,2.719276398420334,3.0,3.0,3.0,3.0,3.0,3.0,3.0,3.0,3.0,3.0,3.0,3.0,3.0,3.0,3.0,3.0,3.0,3.0,3.0,3.0,0.05,0.05,0.05,0.05,0.05,0.05,0.05,0.05,0.05,0.05,0.05,0.05,0.05,0.05,0.05,0.05,0.05,0.05,0.05,0.05,0.0,0.0,0.0,0.0,0.0,0.0,0.0,0.0,0.0,0.0,0.0,0.0,0.0,0.0,0.0,0.0,0.0,0.0,0.0,0.0,0.65628981590271,0.5036647915840149,0.08506731688976288,-0.025848522782325745,0.09605393558740616,-0.1465899497270584,0.2046508491039276,0.015893615782260895,0.24733424186706543,-0.05020233616232872,0.05455932021141052,0.030874375253915787,0.2379654049873352,0.08065155893564224,0.041240137070417404,0.011720042675733566,0.27456456422805786,0.0923333466053009,0.11429272592067719,0.00503598153591156,1.9872486591339111,0.40626823902130127,2.7993003837764263,1.8105996306985617,1.5593837946653366,-0.29191598296165466,-0.7165107876062393,0.0880280276760459,1.407713070511818,0.020856037735939026,0.11520320549607277,0.003248080611228943,1.6774185001850128,0.5471929907798767,0.24458812549710274,0.06388965994119644,2.2994577884674072,1.2678254395723343,0.3557654097676277,0.06044910987839103,3.0,3.0,3.0,3.0,3.0,3.0,3.0,3.0,3.0,3.0,3.0,3.0,3.0,3.0,3.0,3.0,3.0,3.0,3.0,3.0,0.05,0.05,0.05,0.05,0.05,0.05,0.05,0.05,0.05,0.05,0.05,0.05,0.05,0.05,0.05,0.05,0.05,0.05,0.05,0.05,0.0,0.0,0.0,0.0,0.0,0.0,0.0,0.0,0.0,0.0,0.0,0.0,0.0,0.0,0.0,0.0,0.0,0.0,0.0,0.0
0.5693311095237732,0.3979840576648712,0.2556000053882599,0.47938793897628784,0.830802857875824,-0.18366014957427979,0.12889418005943298,0.25906655192375183,0.8382899165153503,-0.09210791438817978,0.08905582129955292,0.1650112420320511,0.7650615572929382,-0.12430670857429504,0.1166619062423706,0.17279379069805145,0.7584342360496521,-0.03584267944097519,0.3875209093093872,0.25537770986557007,2.3244664072990417,-1.6434483230113983,0.2879396080970764,-0.34195631742477417,2.697157859802246,-1.3040758669376373,1.0392149910330772,0.7556997239589691,3.732924163341522,-1.0575683787465096,0.569099560379982,0.6564386188983917,3.913189470767975,-1.2874230742454529,1.0351503267884254,1.1628329753875732,1.6063109040260315,-2.653644047677517,3.347296267747879,2.16880664229393,3.0,3.0,3.0,3.0,3.0,3.0,3.0,3.0,3.0,3.0,3.0,3.0,3.0,3.0,3.0,3.0,3.0,3.0,3.0,3.0,0.05,0.05,0.05,0.05,0.05,0.05,0.05,0.05,0.05,0.05,0.05,0.05,0.05,0.05,0.05,0.05,0.05,0.05,0.05,0.05,0.0,0.0,0.0,0.0,0.0,0.0,0.0,0.0,0.0,0.0,0.0,0.0,0.0,0.0,0.0,0.0,0.0,0.0,0.0,0.0,0.6701899170875549,0.5047576427459717,0.12827086448669434,0.04580305516719818,0.1359972059726715,-0.1485075205564499,0.193810373544693,0.01635231263935566,0.28876620531082153,-0.04838527366518974,0.06392939388751984,0.034501541405916214,0.2848207652568817,0.09530050307512283,0.054663270711898804,0.015879305079579353,0.3349532186985016,0.12037807703018188,0.13050247728824615,0.00828452967107296,0.9821653366088867,-0.004935264587402344,2.04726979136467,2.5908879935741425,2.3380855098366737,0.29447004199028015,-0.26112422347068787,0.09658979251980782,2.6005350053310394,0.4322952590882778,0.903339684009552,0.47517064958810806,3.351917862892151,1.0594958439469337,1.6012025065720081,0.7040989585220814,4.1340261697769165,1.5509698539972305,1.7892930656671524,0.6576238200068474,3.0,3.0,3.0,3.0,3.0,3.0,3.0,3.0,3.0,3.0,3.0,3.0,3.0,3.0,3.0,3.0,3.0,3.0,3.0,3.0,0.05,0.05,0.05,0.05,0.05,0.05,0.05,0.05,0.05,0.05,0.05,0.05,0.05,0.05,0.05,0.05,0.05,0.05,0.05,0.05,0.0,0.0,0.0,0.0,0.0,0.0,0.0,0.0,0.0,0.0,0.0,0.0,0.0,0.0,0.0,0.0,0.0,0.0,0.0,0.0
0.6225640773773193,0.3584892749786377,0.2553684711456299,0.46193987131118774,0.889161229133606,-0.21365886926651,0.15441882610321045,0.27605220675468445,0.9166691303253174,-0.11486521363258362,0.10578843206167221,0.18016159534454346,0.8431435823440552,-0.14849472045898438,0.14048771560192108,0.1966089904308319,0.7888690233230591,-0.08268533647060394,0.4471352696418762,0.2920157015323639,2.420927584171295,-2.699160575866699,-0.06654784083366394,-0.6604894995689392,3.0950933694839478,-1.494956761598587,1.5017736703157425,0.9672120213508606,4.024653136730194,-1.02239940315485,1.0336756706237793,0.8442476391792297,3.9189890027046204,-1.0484647005796432,1.3786356896162033,1.2710269540548325,1.837015151977539,-2.006574161350727,2.8231382369995117,1.5515580773353577,3.0,3.0,3.0,3.0,3.0,3.0,3.0,3.0,3.0,3.0,3.0,3.0,3.0,3.0,3.0,3.0,3.0,3.0,3.0,3.0,0.05,0.05,0.05,0.05,0.05,0.05,0.05,0.05,0.05,0.05,0.05,0.05,0.05,0.05,0.05,0.05,0.05,0.05,0.05,0.05,0.0,0.0,0.0,0.0,0.0,0.0,0.0,0.0,0.0,0.0,0.0,0.0,0.0,0.0,0.0,0.0,0.0,0.0,0.0,0.0,0.6955764293670654,0.5034673810005188,0.16695810854434967,0.07778699696063995,0.1895773559808731,-0.1348111480474472,0.1942058801651001,0.019757207483053207,0.351355642080307,-0.03291052579879761,0.0906929075717926,0.04988120123744011,0.37204211950302124,0.12303139269351959,0.10528823733329773,0.03988400101661682,0.4399256110191345,0.15437214076519012,0.18586444854736328,0.031340934336185455,1.429249346256256,-0.3644317388534546,1.7306376248598099,1.6607258468866348,2.7506496757268906,0.9439634159207344,0.1675240695476532,0.20977058447897434,3.3675722777843475,0.896250968798995,1.5458755195140839,0.951161328703165,4.72489669919014,1.3634955510497093,3.063785284757614,1.5626079868525267,5.510277301073074,1.5482667833566666,3.29616479575634,1.5225025359541178,3.0,3.0,3.0,3.0,3.0,3.0,3.0,3.0,3.0,3.0,3.0,3.0,3.0,3.0,3.0,3.0,3.0,3.0,3.0,3.0,0.05,0.05,0.05,0.05,0.05,0.05,0.05,0.05,0.05,0.05,0.05,0.05,0.05,0.05,0.05,0.05,0.05,0.05,0.05,0.05,0.0,0.0,0.0,0.0,0.0,0.0,0.0,0.0,0.0,0.0,0.0,0.0,0.0,0.0,0.0,0.0,0.0,0.0,0.0,0.0
0.666168212890625,0.29001763463020325,0.25293809175491333,0.4529683589935303,0.9546065926551819,-0.24345842003822327,0.18896512687206268,0.29775503277778625,0.9992760419845581,-0.13300389051437378,0.1304028481245041,0.19878114759922028,0.921821117401123,-0.16624529659748077,0.17180733382701874,0.22363486886024475,0.8319148421287537,-0.11610564589500427,0.5004464387893677,0.3174400329589844,1.7167434096336365,-2.9054932296276093,-0.32299868762493134,-0.5381077527999878,3.0144840478897095,-1.2466631829738617,1.57318115234375,0.9969115257263184,3.8688451051712036,-0.7498390972614288,1.1432824656367302,0.8670423179864883,3.73019278049469,-0.7844299077987671,1.5129193663597107,1.2975644320249557,2.384212613105774,-1.3665243983268738,2.949117124080658,1.4228440821170807,3.0,3.0,3.0,3.0,3.0,3.0,3.0,3.0,3.0,3.0,3.0,3.0,3.0,3.0,3.0,3.0,3.0,3.0,3.0,3.0,0.05,0.05,0.05,0.05,0.05,0.05,0.05,0.05,0.05,0.05,0.05,0.05,0.05,0.05,0.05,0.05,0.05,0.05,0.05,0.05,0.0,0.0,0.0,0.0,0.0,0.0,0.0,0.0,0.0,0.0,0.0,0.0,0.0,0.0,0.0,0.0,0.0,0.0,0.0,0.0,0.7273598909378052,0.4901803731918335,0.19749636948108673,0.11223208904266357,0.24602319300174713,-0.11074898391962051,0.20051133632659912,0.024743136018514633,0.42346909642219543,-0.012535234913229942,0.1257644146680832,0.07254799455404282,0.4738166332244873,0.1498403251171112,0.17721468210220337,0.07838362455368042,0.5553643107414246,0.18230874836444855,0.26234906911849976,0.06918463110923767,1.855836808681488,-0.9190812706947327,1.1178229004144669,1.4930184930562973,2.3907262831926346,1.3912511989474297,-0.053475797176361084,-0.027558812871575356,3.1207792460918427,1.223383704200387,1.1099457740783691,0.8067118935286999,4.361920058727264,1.508956030011177,3.1869854778051376,1.9162515178322792,4.818448424339294,1.5882771462202072,3.496948629617691,1.8995841965079308,3.0,3.0,3.0,3.0,3.0,3.0,3.0,3.0,3.0,3.0,3.0,3.0,3.0,3.0,3.0,3.0,3.0,3.0,3.0,3.0,0.05,0.05,0.05,0.05,0.05,0.05,0.05,0.05,0.05,0.05,0.05,0.05,0.05,0.05,0.05,0.05,0.05,0.05,0.05,0.05,0.0,0.0,0.0,0.0,0.0,0.0,0.0,0.0,0.0,0.0,0.0,0.0,0.0,0.0,0.0,0.0,0.0,0.0,0.0,0.0
0.6912338137626648,0.24226954579353333,0.24244852364063263,0.44041556119918823,1.0097405910491943,-0.2635253965854645,0.21734607219696045,0.3159286677837372,1.0714229345321655,-0.14485877752304077,0.15151973068714142,0.214843288064003,0.9923512935638428,-0.17987191677093506,0.2010044902563095,0.24851156771183014,0.88423752784729,-0.1373463124036789,0.5650999546051025,0.3489294648170471,0.8424311876296858,-2.0488634705543185,-0.6314840167760682,-0.6605684757232472,2.596814930438951,-0.8601322770118547,1.3771969825029207,0.8997775614261502,3.428801894187866,-0.46452209353446194,1.0039176791906266,0.7728610187768838,3.347215056419317,-0.5634345114231005,1.4081478118896296,1.2148946523666173,2.7450785040855186,-0.741753727197636,3.8256585597991166,1.9821070134639296,3.0,3.0,3.0,3.0,3.0,3.0,3.0,3.0,3.0,3.0,3.0,3.0,3.0,3.0,3.0,3.0,3.0,3.0,3.0,3.0,0.05,0.05,0.05,0.05,0.05,0.05,0.05,0.05,0.05,0.05,0.05,0.05,0.05,0.05,0.05,0.05,0.05,0.05,0.05,0.05,0.0,0.0,0.0,0.0,0.0,0.0,0.0,0.0,0.0,0.0,0.0,0.0,0.0,0.0,0.0,0.0,0.0,0.0,0.0,0.0,0.769809901714325,0.4667041301727295,0.21167102456092834,0.13750773668289185,0.2852064073085785,-0.07916110008955002,0.19206684827804565,0.018654854968190193,0.4761868119239807,0.016024822369217873,0.13509073853492737,0.0821496769785881,0.5465189218521118,0.18338963389396667,0.23276765644550323,0.11653406172990799,0.6326635479927063,0.2179032266139984,0.3257423937320709,0.10732430219650269,2.072621881961789,-1.2008324265479862,0.5368437618017148,1.1395446956157678,1.5981543809175172,1.7052072100340883,-0.8753139525651675,-0.2421157667413354,2.2809900343417677,1.492476230487193,-0.10301899164914148,0.12566056102514508,3.2380744814872213,1.6059905290603367,2.421099692583048,2.0573426038026357,3.3726185560225996,1.5402711927890589,2.992628514766643,2.0407844334840353,3.0,3.0,3.0,3.0,3.0,3.0,3.0,3.0,3.0,3.0,3.0,3.0,3.0,3.0,3.0,3.0,3.0,3.0,3.0,3.0,0.05,0.05,0.05,0.05,0.05,0.05,0.05,0.05,0.05,0.05,0.05,0.05,0.05,0.05,0.05,0.05,0.05,0.05,0.05,0.05,0.0,0.0,0.0,0.0,0.0,0.0,0.0,0.0,0.0,0.0,0.0,0.0,0.0,0.0,0.0,0.0,0.0,0.0,0.0,0.0
0.6998654603958124,0.2080630958080305,0.2276787310838706,0.4265456199646004,1.05847918987274,-0.27786371111869745,0.2440530061721795,0.33374613523483226,1.1364281177520728,-0.15158477425575226,0.17055955529212916,0.22969558835029563,1.0557097196578957,-0.1887826770544048,0.22813324630260393,0.27223065495490945,0.9417179822921744,-0.1457757949829097,0.6534727811813323,0.39672431349754156,0.7703408598899841,-1.5359669923782349,-0.7519382983446121,-0.9950436651706696,2.027803659439087,-0.7334887981414795,0.9296424686908722,0.6289578974246979,2.7111053466796875,-0.36802254617214203,0.6083525717258453,0.5289796739816666,2.5944560766220093,-0.4630044102668762,0.9957633912563324,0.9702678769826889,1.7870649695396423,-0.5079109221696854,3.666427731513977,2.02077180147171,3.0,3.0,3.0,3.0,3.0,3.0,3.0,3.0,3.0,3.0,3.0,3.0,3.0,3.0,3.0,3.0,3.0,3.0,3.0,3.0,0.05,0.05,0.05,0.05,0.05,0.05,0.05,0.05,0.05,0.05,0.05,0.05,0.05,0.05,0.05,0.05,0.05,0.05,0.05,0.05,0.0,0.0,0.0,0.0,0.0,0.0,0.0,0.0,0.0,0.0,0.0,0.0,0.0,0.0,0.0,0.0,0.0,0.0,0.0,0.0,0.8102647662162767,0.44214707612991405,0.21897011995315532,0.15781387686729428,0.3099493682384478,-0.042540695518256975,0.16549877822399242,0.015058505348861217,0.5147086977958661,0.04716381430625778,0.12164365500211753,0.07757441699504862,0.6033396124839762,0.21407994627952467,0.2740586698055253,0.16067732870578585,0.6902690529823285,0.2439195960760109,0.3820542097091655,0.15081600844859908,1.6267374157905579,-0.9296245872974396,0.2641495317220688,0.3904443234205246,1.4717929065227509,1.971210539340973,-1.1770930141210556,-0.050864601507782936,2.0010724663734436,1.5432765241712332,-0.4919515922665596,-0.15279743820428848,2.4274438619613647,1.2733284384012222,1.680353656411171,2.04873476177454,2.203093469142914,0.96912682056427,2.324739098548889,1.9346192479133606,3.0,3.0,3.0,3.0,3.0,3.0,3.0,3.0,3.0,3.0,3.0,3.0,3.0,3.0,3.0,3.0,3.0,3.0,3.0,3.0,0.05,0.05,0.05,0.05,0.05,0.05,0.05,0.05,0.05,0.05,0.05,0.05,0.05,0.05,0.05,0.05,0.05,0.05,0.05,0.05,0.0,0.0,0.0,0.0,0.0,0.0,0.0,0.0,0.0,0.0,0.0,0.0,0.0,0.0,0.0,0.0,0.0,0.0,0.0,0.0
0.7220474481582642,0.18083086609840393,0.21237099170684814,0.40061381459236145,1.0908527374267578,-0.29286494851112366,0.25453177094459534,0.3410869836807251,1.179867148399353,-0.15957967936992645,0.17585383355617523,0.23600247502326965,1.0961295366287231,-0.1983920931816101,0.2408350259065628,0.2873222827911377,0.9557201266288757,-0.1576627492904663,0.7117570638656616,0.4297603368759155,1.430955529212921,-1.0635726153850895,-0.7659781724214588,-1.3900734484195625,1.182740926742587,-0.595479458570497,-0.1103829592465938,-0.1002170145511308,1.484051346778914,-0.34599825739861295,-0.2390857785939872,-0.016825646162012264,1.3259410858154796,-0.4787240177393057,0.1925408840179707,0.4723303020000666,-0.21562576293941427,-0.8248899132013259,1.7797455191612992,0.906881690025374,3.0,3.0,3.0,3.0,3.0,3.0,3.0,3.0,3.0,3.0,3.0,3.0,3.0,3.0,3.0,3.0,3.0,3.0,3.0,3.0,0.05,0.05,0.05,0.05,0.05,0.05,0.05,0.05,0.05,0.05,0.05,0.05,0.05,0.05,0.05,0.05,0.05,0.05,0.05,0.05,0.0,0.0,0.0,0.0,0.0,0.0,0.0,0.0,0.0,0.0,0.0,0.0,0.0,0.0,0.0,0.0,0.0,0.0,0.0,0.0,0.8348793983459473,0.4295191466808319,0.2222370058298111,0.15312550961971283,0.3440781235694885,-0.0003126785159111023,0.14498312771320343,0.016620270907878876,0.5562297105789185,0.0777558833360672,0.11541267484426498,0.07603777945041656,0.6436166763305664,0.23432277143001556,0.2999818027019501,0.1984834522008896,0.7207872867584229,0.2566682994365692,0.4187319576740265,0.1847090721130371,-0.22321641445152973,-0.3768645226955594,0.1938745379447937,0.7302902638912214,2.075172215700148,2.341030072420832,-0.8511081337929028,-0.03967820666730404,2.0025759935379193,1.7502682283520736,0.33576320856806596,0.5186395719647092,1.7160445451736976,1.0164223611354877,0.7910743355751398,1.710794493556042,1.0313600301742998,0.30651502311231577,1.333775371313145,1.3105258345604367,3.0,3.0,3.0,3.0,3.0,3.0,3.0,3.0,3.0,3.0,3.0,3.0,3.0,3.0,3.0,3.0,3.0,3.0,3.0,3.0,0.05,0.05,0.05,0.05,0.05,0.05,0.05,0.05,0.05,0.05,0.05,0.05,0.05,0.05,0.05,0.05,0.05,0.05,0.05,0.05,0.0,0.0,0.0,0.0,0.0,0.0,0.0,0.0,0.0,0.0,0.0,0.0,0.0,0.0,0.0,0.0,0.0,0.0,0.0,0.0
0.7571036815643293,0.16552019119262693,0.19703960418701225,0.3709426820278179,1.1057888269424434,-0.30168288946151733,0.23963768780231576,0.32973745465278703,1.1957901716232293,-0.16542470455169678,0.16099612414836967,0.22902256250381514,1.108747363090515,-0.20793163776397702,0.23583488166332275,0.2911238670349121,0.9330929517745978,-0.17877139151096275,0.7246626019477843,0.4329995810985565,1.9183844327926636,-0.19625574350357056,-0.6307996809482574,-1.276947557926178,0.5673408508300781,-0.04601627588272095,-1.4930132776498795,-1.2257538735866547,0.5690038204193115,-0.07620304822921753,-1.0067448019981384,-0.6274156272411346,0.3774791955947876,-0.2406816929578781,-0.4263218492269516,-0.005630403757095337,-0.8144006133079529,-0.82835853099823,-0.5251437425613403,-1.0175317525863647,3.0,3.0,3.0,3.0,3.0,3.0,3.0,3.0,3.0,3.0,3.0,3.0,3.0,3.0,3.0,3.0,3.0,3.0,3.0,3.0,0.05,0.05,0.05,0.05,0.05,0.05,0.05,0.05,0.05,0.05,0.05,0.05,0.05,0.05,0.05,0.05,0.05,0.05,0.05,0.05,0.0,0.0,0.0,0.0,0.0,0.0,0.0,0.0,0.0,0.0,0.0,0.0,0.0,0.0,0.0,0.0,0.0,0.0,0.0,0.0,0.8013361096382156,0.4270724952220917,0.22672510147094707,0.18702548742294314,0.39295625686645375,0.05110050737857631,0.1314544528722763,0.013471377082169056,0.5948117375373829,0.11717454344034073,0.13507418334484017,0.09831999987363699,0.6719813942909241,0.2547368407249442,0.3057016432285309,0.22910910844802754,0.7315234541893005,0.25618019700050354,0.4354052245616913,0.20323704183101654,-1.6154423356056213,0.4421353340148926,0.2412848174571991,-0.22570639848709106,1.7380878329277039,2.1767275407910347,-0.16560964286327362,0.3195149824023247,1.4775410294532776,1.5073001384735107,0.9640036150813103,1.3518929481506348,0.6679758429527283,0.9859483689069748,-0.04705488681793213,1.2406699359416962,-0.2176135778427124,0.04281774163246155,0.17228499054908752,0.33031217753887177,3.0,3.0,3.0,3.0,3.0,3.0,3.0,3.0,3.0,3.0,3.0,3.0,3.0,3.0,3.0,3.0,3.0,3.0,3.0,3.0,0.05,0.05,0.05,0.05,0.05,0.05,0.05,0.05,0.05,0.05,0.05,0.05,0.05,0.05,0.05,0.05,0.05,0.05,0.05,0.05,0.0,0.0,0.0,0.0,0.0,0.0,0.0,0.0,0.0,0.0,0.0,0.0,0.0,0.0,0.0,0.0,0.0,0.0,0.0,0.0
0.7987828254699707,0.1729806363582611,0.18713900446891785,0.34953591227531433,1.113546371459961,-0.2947055995464325,0.19481123983860016,0.2920568287372589,1.2026273012161255,-0.16262780129909515,0.1355840414762497,0.21090584993362427,1.1112287044525146,-0.20801936089992523,0.22378215193748474,0.2870970666408539,0.9231441020965576,-0.1907970905303955,0.690751314163208,0.38905906677246094,2.1446615457534817,0.24873353540897022,-0.5632948130369227,-0.6658256053924838,0.5170255899429266,0.5254350602626634,-1.9808568060398017,-1.789148896932588,0.34503340721130926,0.31052753329275995,-1.2217853218317019,-0.9156588464975295,0.2574086189269964,0.15264861285685868,-0.7803123444318646,-0.38007646799086414,0.039163231849648206,-0.35298205912114716,-2.0738705992698114,-2.7535982429980552,3.0,3.0,3.0,3.0,3.0,3.0,3.0,3.0,3.0,3.0,3.0,3.0,3.0,3.0,3.0,3.0,3.0,3.0,3.0,3.0,0.05,0.05,0.05,0.05,0.05,0.05,0.05,0.05,0.05,0.05,0.05,0.05,0.05,0.05,0.05,0.05,0.05,0.05,0.05,0.05,0.0,0.0,0.0,0.0,0.0,0.0,0.0,0.0,0.0,0.0,0.0,0.0,0.0,0.0,0.0,0.0,0.0,0.0,0.0,0.0,0.7702617049217224,0.4472045600414276,0.23188839852809906,0.1440972536802292,0.4136016368865967,0.08675642311573029,0.13835874199867249,0.029400870203971863,0.6153313517570496,0.13804788887500763,0.1539728194475174,0.13011349737644196,0.6703357100486755,0.27376070618629456,0.2980996072292328,0.24811024963855743,0.7120827436447144,0.2583810091018677,0.42562335729599,0.19792155921459198,-1.150502264499692,0.5002811551094055,0.3622025251388501,-1.8695790320634535,1.3720415532588903,1.3026805594563953,0.539467856287943,0.790977175347494,0.9384870529174943,0.6495634093880959,0.7052838802337854,1.3371674343943756,-0.3563255071639848,0.4890270531177729,-0.6189383566379297,0.6981335580349225,-1.4433175325393204,0.2824619412422083,-0.795526057481738,-0.4292387515306313,3.0,3.0,3.0,3.0,3.0,3.0,3.0,3.0,3.0,3.0,3.0,3.0,3.0,3.0,3.0,3.0,3.0,3.0,3.0,3.0,0.05,0.05,0.05,0.05,0.05,0.05,0.05,0.05,0.05,0.05,0.05,0.05,0.05,0.05,0.05,0.05,0.05,0.05,0.05,0.05,0.0,0.0,0.0,0.0,0.0,0.0,0.0,0.0,0.0,0.0,0.0,0.0,0.0,0.0,0.0,0.0,0.0,0.0,0.0,0.0
0.8428901433944685,0.17546953260898573,0.17450781166553533,0.34430965781211853,1.1264698505401605,-0.2806654870510108,0.16040341556072368,0.2581714987754835,1.2095915079116817,-0.15300360321998638,0.1121247112751016,0.19239620864391396,1.1190437078475948,-0.20182569324970268,0.20462238788604817,0.27592080831527754,0.9346594810485838,-0.19289067387580863,0.6417077779769919,0.3228556513786343,1.8915042281150818,0.19663088023662567,-0.4686441272497177,0.029650330543518066,0.658687949180603,0.7770940661430359,-1.5206526964902878,-1.4890555292367935,0.37426650524139404,0.44751353561878204,-1.0350735858082771,-0.8270807564258575,0.3390312194824219,0.2538353204727173,-0.9324200451374054,-0.5438953638076782,0.3982722759246826,-0.13016052544116974,-2.3690953850746155,-3.106037527322769,3.0,3.0,3.0,3.0,3.0,3.0,3.0,3.0,3.0,3.0,3.0,3.0,3.0,3.0,3.0,3.0,3.0,3.0,3.0,3.0,0.05,0.05,0.05,0.05,0.05,0.05,0.05,0.05,0.05,0.05,0.05,0.05,0.05,0.05,0.05,0.05,0.05,0.05,0.05,0.05,0.0,0.0,0.0,0.0,0.0,0.0,0.0,0.0,0.0,0.0,0.0,0.0,0.0,0.0,0.0,0.0,0.0,0.0,0.0,0.0,0.7553160190582279,0.4470837414264679,0.24121320247650108,0.112242326140405,0.44783791899680936,0.10320772975683212,0.15303316712379403,0.045110464096068816,0.6323512196540827,0.14315707981586456,0.1632855385541916,0.151806697249412,0.6577283740043647,0.2742979228496551,0.2809441089630137,0.25703445076942444,0.6737907528877277,0.26747867465019187,0.40358418226242176,0.1860674917697913,-0.4756435751914978,-0.1874767243862152,0.44226720929145813,-1.4306053519248962,1.6892947256565094,0.18893741071224213,0.6301913410425186,0.6292061880230904,0.629425048828125,-0.13799071311950684,0.04892386496067047,0.7416732609272003,-0.9909257292747498,-0.12219920754432678,-1.2029606848955154,0.1671385020017624,-2.2826865315437317,0.4282139241695404,-1.3811849057674408,-0.7460650056600571,3.0,3.0,3.0,3.0,3.0,3.0,3.0,3.0,3.0,3.0,3.0,3.0,3.0,3.0,3.0,3.0,3.0,3.0,3.0,3.0,0.05,0.05,0.05,0.05,0.05,0.05,0.05,0.05,0.05,0.05,0.05,0.05,0.05,0.05,0.05,0.05,0.05,0.05,0.05,0.05,0.0,0.0,0.0,0.0,0.0,0.0,0.0,0.0,0.0,0.0,0.0,0.0,0.0,0.0,0.0,0.0,0.0,0.0,0.0,0.0
0.874442994594574,0.18084587156772614,0.16839323937892914,0.35072192549705505,1.139893889427185,-0.26362183690071106,0.13398513197898865,0.23249460756778717,1.2175979614257812,-0.14472725987434387,0.09418109804391861,0.17782261967658997,1.1247899532318115,-0.19786594808101654,0.18648535013198853,0.26534125208854675,0.9390749931335449,-0.1960035115480423,0.5959874987602234,0.26481756567955017,1.4876022934913717,0.2377051860094112,-0.2897337079048191,0.32773017883300226,0.476470589637773,0.9185876697301795,-1.1981660500168954,-1.0667759925127265,0.28468370437622625,0.4921071231365162,-0.8084926754236336,-0.6269440054893611,0.26251077651978094,0.3519862890243447,-0.8762251585721997,-0.4906460642814692,0.3115847706794683,0.09821355342863672,-2.2041901946067863,-2.783699333667771,3.0,3.0,3.0,3.0,3.0,3.0,3.0,3.0,3.0,3.0,3.0,3.0,3.0,3.0,3.0,3.0,3.0,3.0,3.0,3.0,0.05,0.05,0.05,0.05,0.05,0.05,0.05,0.05,0.05,0.05,0.05,0.05,0.05,0.05,0.05,0.05,0.05,0.05,0.05,0.05,0.0,0.0,0.0,0.0,0.0,0.0,0.0,0.0,0.0,0.0,0.0,0.0,0.0,0.0,0.0,0.0,0.0,0.0,0.0,0.0,0.7512359619140625,0.439705491065979,0.24957908689975739,0.08687303960323334,0.48117342591285706,0.09431391954421997,0.16356639564037323,0.05456911772489548,0.6405083537101746,0.13252826035022736,0.1559297740459442,0.15978042781352997,0.6306986808776855,0.2688727378845215,0.24998117983341217,0.25479578971862793,0.6207752823829651,0.2755095660686493,0.37037596106529236,0.1680789589881897,-0.004495680332200491,0.15525445342063904,0.2549417316913702,-0.9824313223362281,1.840438693761809,-0.33666007220745087,0.7287915796041308,0.546553544700138,0.7339939475059315,-0.45771729201078415,-0.1359567046165501,0.47030970454215587,-0.6165593862533791,-0.25677531957626204,-1.0679155588150273,0.042532384395592426,-1.528279483318376,0.3573939204216045,-1.046226918697385,-0.64548552036287,3.0,3.0,3.0,3.0,3.0,3.0,3.0,3.0,3.0,3.0,3.0,3.0,3.0,3.0,3.0,3.0,3.0,3.0,3.0,3.0,0.05,0.05,0.05,0.05,0.05,0.05,0.05,0.05,0.05,0.05,0.05,0.05,0.05,0.05,0.05,0.05,0.05,0.05,0.05,0.05,0.0,0.0,0.0,0.0,0.0,0.0,0.0,0.0,0.0,0.0,0.0,0.0,0.0,0.0,0.0,0.0,0.0,0.0,0.0,0.0
0.9023942351341234,0.18497774004936218,0.16291846334934257,0.3574188649654386,1.1455286741256714,-0.24392198026180362,0.11247677356004787,0.21550045907497445,1.2209788560867307,-0.13331931829452573,0.07978500425815625,0.16731844842433952,1.129544138908386,-0.1877462416887289,0.16957338154316018,0.2562949657440188,0.9471228718757625,-0.18896213173866316,0.5535401701927204,0.21150767803192347,1.4160767197608948,0.06429105997085571,-0.2507094293832779,0.2765536308288574,0.19081532955169678,1.0843053460121155,-0.8637277409434319,-0.5758460611104965,0.14026165008544922,0.7130710408091545,-0.5386661738157272,-0.3479883074760437,0.17637014389038086,0.6798762828111649,-0.7645543664693832,-0.34133344888687134,0.4814624786376953,0.5709122866392136,-2.088625729084015,-2.3672372102737427,3.0,3.0,3.0,3.0,3.0,3.0,3.0,3.0,3.0,3.0,3.0,3.0,3.0,3.0,3.0,3.0,3.0,3.0,3.0,3.0,0.05,0.05,0.05,0.05,0.05,0.05,0.05,0.05,0.05,0.05,0.05,0.05,0.05,0.05,0.05,0.05,0.05,0.05,0.05,0.05,0.0,0.0,0.0,0.0,0.0,0.0,0.0,0.0,0.0,0.0,0.0,0.0,0.0,0.0,0.0,0.0,0.0,0.0,0.0,0.0,0.7551361918449399,0.45329391956329346,0.2514108717441559,0.07294507324695587,0.5214554667472817,0.08974132686853409,0.18218483030795926,0.06697260588407433,0.66171097755432,0.1248483881354332,0.15784727036952959,0.17061908543109824,0.6330659985542295,0.2640269100666046,0.2382274866104126,0.25873574614524814,0.6126595735549927,0.28177443146705605,0.36173510551452637,0.1602480709552765,0.5514070391654968,-0.4137873649597168,0.009351968765258789,0.0006174668669700623,2.650906890630722,0.6582330912351608,1.9231077283620834,1.257643848657608,2.0032137632369995,0.056106969714164734,0.818822905421257,0.9717769920825958,1.2376829981803894,0.03789588809013367,0.2026345580816269,0.5683183670043945,0.963495671749115,0.2996280789375305,0.4019416868686676,-0.028131157159805298,3.0,3.0,3.0,3.0,3.0,3.0,3.0,3.0,3.0,3.0,3.0,3.0,3.0,3.0,3.0,3.0,3.0,3.0,3.0,3.0,0.05,0.05,0.05,0.05,0.05,0.05,0.05,0.05,0.05,0.05,0.05,0.05,0.05,0.05,0.05,0.05,0.05,0.05,0.05,0.05,0.0,0.0,0.0,0.0,0.0,0.0,0.0,0.0,0.0,0.0,0.0,0.0,0.0,0.0,0.0,0.0,0.0,0.0,0.0,0.0
0.9310860633850098,0.18341751396656036,0.15836486220359802,0.36178407073020935,1.147526502609253,-0.22024962306022644,0.09943602234125137,0.2094607651233673,1.2232084274291992,-0.11620441824197769,0.07263445109128952,0.16390308737754822,1.1318447589874268,-0.17067089676856995,0.1559031754732132,0.2516879141330719,0.9583334922790527,-0.17316702008247375,0.5124424695968628,0.17012807726860046,1.3513714075088834,-0.10579340159893036,-0.1650396734476145,0.11477172374725897,-0.06146728992462158,1.119552925229096,-0.6237762048840703,-0.23458339273930567,0.017330050468450375,0.8542919531464722,-0.3318045288324464,-0.12806989252567846,0.06263256072998602,0.8106898516416688,-0.6234139204025442,-0.17451792955399115,0.5024224519729725,0.7632978260517231,-1.9587814807892316,-1.854979246854834,3.0,3.0,3.0,3.0,3.0,3.0,3.0,3.0,3.0,3.0,3.0,3.0,3.0,3.0,3.0,3.0,3.0,3.0,3.0,3.0,0.05,0.05,0.05,0.05,0.05,0.05,0.05,0.05,0.05,0.05,0.05,0.05,0.05,0.05,0.05,0.05,0.05,0.05,0.05,0.05,0.0,0.0,0.0,0.0,0.0,0.0,0.0,0.0,0.0,0.0,0.0,0.0,0.0,0.0,0.0,0.0,0.0,0.0,0.0,0.0,0.7732922434806824,0.42315399646759033,0.24995316565036774,0.08689773827791214,0.5872097015380859,0.1206432431936264,0.24049070477485657,0.1048748716711998,0.7206369042396545,0.13477253913879395,0.1886826902627945,0.1986515074968338,0.6802060008049011,0.27038857340812683,0.25808656215667725,0.2775285243988037,0.6593151092529297,0.2874946892261505,0.38645362854003906,0.16695371270179749,0.5335435271263206,-1.9481413066387177,-0.06480738520622253,1.6085494309663773,3.3864095807076056,1.6304375603795052,3.4898575395346,2.3951614275574893,3.308348357677493,0.5394903942942619,2.0431879907846486,1.7816785722971136,2.9174879193306023,0.2856403589248657,1.5967190265655518,1.3225205242633888,3.010350465774536,0.027172267436986752,1.7863176763057709,0.711715966463089,3.0,3.0,3.0,3.0,3.0,3.0,3.0,3.0,3.0,3.0,3.0,3.0,3.0,3.0,3.0,3.0,3.0,3.0,3.0,3.0,0.05,0.05,0.05,0.05,0.05,0.05,0.05,0.05,0.05,0.05,0.05,0.05,0.05,0.05,0.05,0.05,0.05,0.05,0.05,0.05,0.0,0.0,0.0,0.0,0.0,0.0,0.0,0.0,0.0,0.0,0.0,0.0,0.0,0.0,0.0,0.0,0.0,0.0,0.0,0.0
0.9564490914344788,0.18074600398540497,0.156316876411438,0.362009733915329,1.1430699825286865,-0.19913986325263977,0.08752572536468506,0.20611712336540222,1.2216720581054688,-0.09914764016866684,0.0665128231048584,0.16219565272331238,1.1320494413375854,-0.15531864762306213,0.1446368247270584,0.24931424856185913,0.9672197699546814,-0.15843021869659424,0.4751889109611511,0.1373085081577301,1.2937456369400024,0.1277472823858261,-0.03758631646633148,-0.3191545605659485,-0.2178192138671875,1.0298430919647217,-0.6115609779953957,-0.20520798861980438,-0.18654465675354004,0.8455246686935425,-0.3862977959215641,-0.1531355082988739,-0.14866292476654053,0.6534945219755173,-0.6462782621383667,-0.17843134701251984,0.22822171449661255,0.4871707409620285,-1.8805444240570068,-1.4706525951623917,3.0,3.0,3.0,3.0,3.0,3.0,3.0,3.0,3.0,3.0,3.0,3.0,3.0,3.0,3.0,3.0,3.0,3.0,3.0,3.0,0.05,0.05,0.05,0.05,0.05,0.05,0.05,0.05,0.05,0.05,0.05,0.05,0.05,0.05,0.05,0.05,0.05,0.05,0.05,0.05,0.0,0.0,0.0,0.0,0.0,0.0,0.0,0.0,0.0,0.0,0.0,0.0,0.0,0.0,0.0,0.0,0.0,0.0,0.0,0.0,0.7764779329299927,0.37536826729774475,0.24881857633590698,0.13728705048561096,0.6569118499755859,0.1549588292837143,0.32177913188934326,0.1627790629863739,0.7940449118614197,0.14642800390720367,0.23957479000091553,0.2418862283229828,0.7497655153274536,0.27545252442359924,0.30209624767303467,0.3116365671157837,0.7330735921859741,0.2828613221645355,0.4331878125667572,0.18871670961380005,-0.6057143211364746,-1.8165841698646545,0.2708401530981064,1.8453324213624,3.4098297357559204,1.2594886124134064,4.279942810535431,2.985205687582493,4.101073741912842,0.37660710513591766,2.9825564473867416,2.356758341193199,4.22949343919754,0.06191059947013855,2.7902618050575256,1.9546180963516235,4.517200589179993,-0.44966861605644226,3.0417218804359436,1.4301136136054993,3.0,3.0,3.0,3.0,3.0,3.0,3.0,3.0,3.0,3.0,3.0,3.0,3.0,3.0,3.0,3.0,3.0,3.0,3.0,3.0,0.05,0.05,0.05,0.05,0.05,0.05,0.05,0.05,0.05,0.05,0.05,0.05,0.05,0.05,0.05,0.05,0.05,0.05,0.05,0.05,0.0,0.0,0.0,0.0,0.0,0.0,0.0,0.0,0.0,0.0,0.0,0.0,0.0,0.0,0.0,0.0,0.0,0.0,0.0,0.0
0.9828358888626099,0.1885274052619934,0.15686140954494476,0.3490178883075714,1.1388137340545654,-0.17905589938163757,0.07497358322143555,0.20125244557857513,1.2157466411590576,-0.08238343149423599,0.057182539254426956,0.15777766704559326,1.1258982419967651,-0.14453111588954926,0.13005204498767853,0.2445506602525711,0.9674623608589172,-0.15368019044399261,0.4372206926345825,0.1113019734621048,1.2455716729164124,0.517471507191658,-0.0029437243938446045,-0.8386120200157166,-0.29754042625427246,1.030980423092842,-0.7183436304330826,-0.33903345465660095,-0.43691396713256836,0.8102523162961006,-0.5711128935217857,-0.31398721039295197,-0.39458274841308594,0.4618551582098007,-0.7824055850505829,-0.2998046576976776,-0.0742688775062561,0.13039186596870422,-1.863785833120346,-1.1961700394749641,3.0,3.0,3.0,3.0,3.0,3.0,3.0,3.0,3.0,3.0,3.0,3.0,3.0,3.0,3.0,3.0,3.0,3.0,3.0,3.0,0.05,0.05,0.05,0.05,0.05,0.05,0.05,0.05,0.05,0.05,0.05,0.05,0.05,0.05,0.05,0.05,0.05,0.05,0.05,0.05,0.0,0.0,0.0,0.0,0.0,0.0,0.0,0.0,0.0,0.0,0.0,0.0,0.0,0.0,0.0,0.0,0.0,0.0,0.0,0.0,0.7490636706352234,0.35049062967300415,0.260786771774292,0.16071103513240814,0.7236028909683228,0.17102278769016266,0.4116884171962738,0.2242830991744995,0.8846798539161682,0.14983682334423065,0.30798494815826416,0.29292184114456177,0.8493857383728027,0.2728649973869324,0.36969703435897827,0.35571324825286865,0.8400031328201294,0.2695079445838928,0.5081225037574768,0.22415825724601746,-2.735018730163574,-0.6421923637390137,1.2603744864463806,1.3860080391168594,1.876784861087799,0.3117375075817108,6.238612532615662,4.082451015710831,3.8676127791404724,-0.2850037068128586,5.394318699836731,3.894440084695816,4.590156674385071,-0.7700953632593155,5.177709460258484,3.5012617707252502,5.049966275691986,-1.7286017537117004,5.493233352899551,2.762877941131592,3.0,3.0,3.0,3.0,3.0,3.0,3.0,3.0,3.0,3.0,3.0,3.0,3.0,3.0,3.0,3.0,3.0,3.0,3.0,3.0,0.05,0.05,0.05,0.05,0.05,0.05,0.05,0.05,0.05,0.05,0.05,0.05,0.05,0.05,0.05,0.05,0.05,0.05,0.05,0.05,0.0,0.0,0.0,0.0,0.0,0.0,0.0,0.0,0.0,0.0,0.0,0.0,0.0,0.0,0.0,0.0,0.0,0.0,0.0,0.0
1.0062719583511353,0.2014448642730713,0.1561991274356842,0.3284652531147003,1.1311683654785156,-0.1579006463289261,0.058791980147361755,0.19255578517913818,1.204195499420166,-0.06673754751682281,0.04366830736398697,0.1496361643075943,1.116266131401062,-0.1368444412946701,0.1133406013250351,0.23732206225395203,0.9642490148544312,-0.15321454405784607,0.4006374776363373,0.08946170657873154,1.000964641571045,0.6916914135217667,-0.06412602961063385,-1.0710559785366058,-0.5911022424697876,0.9092129766941071,-0.7167764008045197,-0.5104199051856995,-0.8745163679122925,0.6962528452277184,-0.4432724788784981,-0.4801977425813675,-0.5935370922088623,0.3683876246213913,-0.8639698848128319,-0.38231462240219116,-0.16274750232696533,0.16540102660655975,-1.7255879938602448,-0.9282711893320084,3.0,3.0,3.0,3.0,3.0,3.0,3.0,3.0,3.0,3.0,3.0,3.0,3.0,3.0,3.0,3.0,3.0,3.0,3.0,3.0,0.05,0.05,0.05,0.05,0.05,0.05,0.05,0.05,0.05,0.05,0.05,0.05,0.05,0.05,0.05,0.05,0.05,0.05,0.05,0.05,0.0,0.0,0.0,0.0,0.0,0.0,0.0,0.0,0.0,0.0,0.0,0.0,0.0,0.0,0.0,0.0,0.0,0.0,0.0,0.0,0.6670771837234497,0.3496805727481842,0.2992335557937622,0.19272737205028534,0.7319832444190979,0.16742832958698273,0.5713236331939697,0.32607710361480713,0.9487494230270386,0.13502785563468933,0.45534753799438477,0.39766383171081543,0.9333717823028564,0.24464870989322662,0.509204626083374,0.4516870379447937,0.9350722432136536,0.2137172520160675,0.6529171466827393,0.2992318272590637,-4.2161718010902405,0.3623545169830322,1.7679959535598755,1.2246455997228622,-2.1400779485702515,-1.6027137637138367,7.7605001628398895,6.310077011585236,0.36814063787460327,-1.8241960555315018,7.814332842826843,7.161416113376617,1.8563076853752136,-2.5534972548484802,7.221457362174988,6.826028227806091,3.100302815437317,-3.7697793915867805,6.494428217411041,4.0572188794612885,3.0,3.0,3.0,3.0,3.0,3.0,3.0,3.0,3.0,3.0,3.0,3.0,3.0,3.0,3.0,3.0,3.0,3.0,3.0,3.0,0.05,0.05,0.05,0.05,0.05,0.05,0.05,0.05,0.05,0.05,0.05,0.05,0.05,0.05,0.05,0.05,0.05,0.05,0.05,0.05,0.0,0.0,0.0,0.0,0.0,0.0,0.0,0.0,0.0,0.0,0.0,0.0,0.0,0.0,0.0,0.0,0.0,0.0,0.0,0.0
1.0228744745254517,0.21619506180286407,0.1542963683605194,0.3061756491661072,1.115169644355774,-0.1426873803138733,0.04630252718925476,0.18083564937114716,1.180765986442566,-0.05453331768512726,0.03945164009928703,0.13856975734233856,1.1021567583084106,-0.1297956109046936,0.09549324959516525,0.22925807535648346,0.9609524607658386,-0.14706414937973022,0.36819717288017273,0.07417112588882446,0.46888887882232666,0.7794998586177826,0.037785619497299194,-1.0671734809875488,-1.0314702987670898,0.5854450166225433,-0.5021941848099232,-0.5756895989179611,-1.260995864868164,0.47234054654836655,-0.3119378350675106,-0.49270689487457275,-0.8781492710113525,0.3009306266903877,-0.893714651465416,-0.3652803599834442,-0.2870038151741028,0.4527628421783447,-1.5207715332508087,-0.6883960217237473,3.0,3.0,3.0,3.0,3.0,3.0,3.0,3.0,3.0,3.0,3.0,3.0,3.0,3.0,3.0,3.0,3.0,3.0,3.0,3.0,0.05,0.05,0.05,0.05,0.05,0.05,0.05,0.05,0.05,0.05,0.05,0.05,0.05,0.05,0.05,0.05,0.05,0.05,0.05,0.05,0.0,0.0,0.0,0.0,0.0,0.0,0.0,0.0,0.0,0.0,0.0,0.0,0.0,0.0,0.0,0.0,0.0,0.0,0.0,0.0,0.5804167985916138,0.36498481035232544,0.331506609916687,0.20969685912132263,0.6379997730255127,0.10691423714160919,0.7221084237098694,0.47668617963790894,0.8994054794311523,0.07686898112297058,0.6205582618713379,0.5793784856796265,0.9236380457878113,0.17072510719299316,0.6585553288459778,0.6287543773651123,0.9640152454376221,0.1187167689204216,0.7678996324539185,0.386447012424469,-4.467833042144775,1.995454728603363,0.682859867811203,0.32711438834667206,-5.8860838413238525,-3.3169029280543327,0.3531947731971741,4.023818671703339,-5.497990548610687,-3.2004183158278465,1.408185064792633,6.88396543264389,-4.426206648349762,-4.221116937696934,1.504543423652649,7.142414152622223,-0.7471635937690735,-4.8185959458351135,0.6945624947547913,1.0288603603839874,3.0,3.0,3.0,3.0,3.0,3.0,3.0,3.0,3.0,3.0,3.0,3.0,3.0,3.0,3.0,3.0,3.0,3.0,3.0,3.0,0.05,0.05,0.05,0.05,0.05,0.05,0.05,0.05,0.05,0.05,0.05,0.05,0.05,0.05,0.05,0.05,0.05,0.05,0.05,0.05,0.0,0.0,0.0,0.0,0.0,0.0,0.0,0.0,0.0,0.0,0.0,0.0,0.0,0.0,0.0,0.0,0.0,0.0,0.0,0.0
1.0250275135040283,0.2326248586177826,0.15771055221557617,0.28577831387519836,1.089909553527832,-0.13448284566402435,0.03870421275496483,0.16952820122241974,1.1537556648254395,-0.04784392565488815,0.031190793961286545,0.1299278885126114,1.081140160560608,-0.1248072162270546,0.07759201526641846,0.22271084785461426,0.952768862247467,-0.13510403037071228,0.33980661630630493,0.06192586570978165,-0.3459632396697998,0.7644865661859512,0.3009539097547531,-0.9960904717445374,-1.5049368143081665,0.22475533187389374,-0.3123343922197819,-0.48998743295669556,-1.6473472118377686,0.21047163754701614,-0.32049468718469143,-0.3234047442674637,-1.2601077556610107,0.2072492614388466,-0.8036976680159569,-0.25336407124996185,-0.3850013017654419,0.7743107154965401,-1.196926087141037,-0.4277164116501808,3.0,3.0,3.0,3.0,3.0,3.0,3.0,3.0,3.0,3.0,3.0,3.0,3.0,3.0,3.0,3.0,3.0,3.0,3.0,3.0,0.05,0.05,0.05,0.05,0.05,0.05,0.05,0.05,0.05,0.05,0.05,0.05,0.05,0.05,0.05,0.05,0.05,0.05,0.05,0.05,0.0,0.0,0.0,0.0,0.0,0.0,0.0,0.0,0.0,0.0,0.0,0.0,0.0,0.0,0.0,0.0,0.0,0.0,0.0,0.0,0.4883638620376587,0.4294987618923187,0.3265479505062103,0.20581194758415222,0.4965398907661438,0.03475221246480942,0.5854514241218567,0.4870298504829407,0.7288298010826111,0.00701112300157547,0.5116749405860901,0.673022449016571,0.756323516368866,0.07580403238534927,0.56938636302948,0.7373836040496826,0.9051856994628906,0.020973414182662964,0.6806996464729309,0.3403862416744232,-3.801252692937851,2.1762706339359283,-0.30017420649528503,-1.2291129678487778,-6.484541296958923,-2.9528459534049034,-6.2621429562568665,0.1531563699245453,-7.894781231880188,-3.0028125271201134,-5.37586584687233,3.6569133400917053,-7.703991234302521,-4.143998585641384,-4.505081474781036,4.377026855945587,-3.221869468688965,-4.398451000452042,-4.5035481452941895,-2.463711053133011,3.0,3.0,3.0,3.0,3.0,3.0,3.0,3.0,3.0,3.0,3.0,3.0,3.0,3.0,3.0,3.0,3.0,3.0,3.0,3.0,0.05,0.05,0.05,0.05,0.05,0.05,0.05,0.05,0.05,0.05,0.05,0.05,0.05,0.05,0.05,0.05,0.05,0.05,0.05,0.05,0.0,0.0,0.0,0.0,0.0,0.0,0.0,0.0,0.0,0.0,0.0,0.0,0.0,0.0,0.0,0.0,0.0,0.0,0.0,0.0
1.0090359449386597,0.24677452445030212,0.16633452475070953,0.2663320302963257,1.0549721717834473,-0.13369716703891754,0.033809151500463486,0.16123615205287933,1.1148720979690552,-0.04611445218324661,0.026631852611899376,0.12563356757164001,1.0517524480819702,-0.12150564044713974,0.06334534287452698,0.21912351250648499,0.945552408695221,-0.11609172075986862,0.32032012939453125,0.05706246942281723,-1.2403815984725952,1.1035047471523285,0.5049195140600204,-0.3300882875919342,-2.3964807391166687,0.12910552322864532,-0.17085596919059753,-0.42315274477005005,-2.402299642562866,0.16656629741191864,-0.09575439617037773,-0.1471998170018196,-1.9415825605392456,0.3363925963640213,-0.6207246333360672,-0.25856345891952515,-0.42171329259872437,1.12172681838274,-0.8768096566200256,-0.08369022980332375,3.0,3.0,3.0,3.0,3.0,3.0,3.0,3.0,3.0,3.0,3.0,3.0,3.0,3.0,3.0,3.0,3.0,3.0,3.0,3.0,0.05,0.05,0.05,0.05,0.05,0.05,0.05,0.05,0.05,0.05,0.05,0.05,0.05,0.05,0.05,0.05,0.05,0.05,0.05,0.05,0.0,0.0,0.0,0.0,0.0,0.0,0.0,0.0,0.0,0.0,0.0,0.0,0.0,0.0,0.0,0.0,0.0,0.0,0.0,0.0,0.42836669087409973,0.4520356357097626,0.3194996416568756,0.16053234040737152,0.37861812114715576,-0.011199600994586945,0.4716227054595947,0.48281243443489075,0.5836142301559448,-0.043243519961833954,0.4055236279964447,0.7256550192832947,0.6154783964157104,0.004965163767337799,0.47835206985473633,0.8038354516029358,0.8351404666900635,-0.057221271097660065,0.5877577066421509,0.28789857029914856,-3.0025579035282135,0.2378031611442566,-0.674021989107132,-1.9781634211540222,-5.335473269224167,-1.644893130287528,-5.134589970111847,-0.5905903875827789,-6.715814769268036,-2.087193541228771,-4.078807681798935,1.5673652291297913,-6.637439876794815,-3.024359978735447,-4.75703552365303,2.289167046546936,-3.460472822189331,-3.5187609493732452,-4.613189399242401,-2.723902463912964,3.0,3.0,3.0,3.0,3.0,3.0,3.0,3.0,3.0,3.0,3.0,3.0,3.0,3.0,3.0,3.0,3.0,3.0,3.0,3.0,0.05,0.05,0.05,0.05,0.05,0.05,0.05,0.05,0.05,0.05,0.05,0.05,0.05,0.05,0.05,0.05,0.05,0.05,0.05,0.05,0.0,0.0,0.0,0.0,0.0,0.0,0.0,0.0,0.0,0.0,0.0,0.0,0.0,0.0,0.0,0.0,0.0,0.0,0.0,0.0
0.9754122495651245,0.27676504850387573,0.177907332777977,0.272574782371521,0.9940503239631653,-0.12931862473487854,0.03186997398734093,0.15260209143161774,1.0576636791229248,-0.04118127375841141,0.027360618114471436,0.1240398958325386,1.003476858139038,-0.11135151237249374,0.05276302993297577,0.21236830949783325,0.9359003305435181,-0.09023495763540268,0.3047342300415039,0.0585782565176487,-1.8093869090080261,1.3182073831558228,0.5504768341779709,0.8574455976486206,-3.001832962036133,0.1907501369714737,-0.254135113209486,-0.4258211702108383,-2.986454963684082,0.15393327921628952,-0.1375037245452404,-0.11783726513385773,-2.3910298943519592,0.5380542948842049,-0.47182030975818634,-0.35224705934524536,-0.2608582377433777,1.4272441156208515,-0.6027482450008392,0.15002824366092682,3.0,3.0,3.0,3.0,3.0,3.0,3.0,3.0,3.0,3.0,3.0,3.0,3.0,3.0,3.0,3.0,3.0,3.0,3.0,3.0,0.05,0.05,0.05,0.05,0.05,0.05,0.05,0.05,0.05,0.05,0.05,0.05,0.05,0.05,0.05,0.05,0.05,0.05,0.05,0.05,0.0,0.0,0.0,0.0,0.0,0.0,0.0,0.0,0.0,0.0,0.0,0.0,0.0,0.0,0.0,0.0,0.0,0.0,0.0,0.0,0.36826154589653015,0.439010888338089,0.29958707094192505,0.12668541073799133,0.2831209599971771,-0.031043512746691704,0.3800678253173828,0.4634062349796295,0.46019721031188965,-0.07647661864757538,0.3485226333141327,0.7357170581817627,0.49082592129707336,-0.045170366764068604,0.37910494208335876,0.8289502859115601,0.7667667865753174,-0.11977702379226685,0.49617207050323486,0.23143014311790466,-2.888716757297516,-0.5727998912334442,-0.9708203375339508,-1.5402698889374733,-4.135438054800034,-0.6975552998483181,-4.252383857965469,-1.1407941579818726,-5.629651248455048,-1.3574669137597084,-3.075859695672989,-0.1610487699508667,-5.749709904193878,-2.097632549703121,-4.090780019760132,0.6576761603355408,-2.6203975081443787,-2.8124282136559486,-3.9409801363945007,-2.559782564640045,3.0,3.0,3.0,3.0,3.0,3.0,3.0,3.0,3.0,3.0,3.0,3.0,3.0,3.0,3.0,3.0,3.0,3.0,3.0,3.0,0.05,0.05,0.05,0.05,0.05,0.05,0.05,0.05,0.05,0.05,0.05,0.05,0.05,0.05,0.05,0.05,0.05,0.05,0.05,0.05,0.0,0.0,0.0,0.0,0.0,0.0,0.0,0.0,0.0,0.0,0.0,0.0,0.0,0.0,0.0,0.0,0.0,0.0,0.0,0.0
0.9366604685783386,0.29950281977653503,0.18835359811782837,0.3006298542022705,0.934898853302002,-0.1260671615600586,0.023643746972084045,0.1442033052444458,0.9954138994216919,-0.03995712101459503,0.02113170363008976,0.1209200769662857,0.9561112523078918,-0.09998346865177155,0.044472530484199524,0.20503363013267517,0.9351180791854858,-0.05900195613503456,0.2962101995944977,0.0630635991692543,-2.310793101787567,1.160883903503418,0.49066245555877686,0.5177177488803864,-3.209315240383148,-0.035987794399261475,-0.40261130779981613,-0.5790110677480698,-3.6188840866088867,0.24670176208019257,0.03264164552092552,-0.28844065964221954,-2.3954004049301147,0.7936159148812294,-0.22352831438183784,-0.44121965765953064,-0.007139146327972412,1.8176977522671223,-0.4255048930644989,0.21217847242951393,3.0,3.0,3.0,3.0,3.0,3.0,3.0,3.0,3.0,3.0,3.0,3.0,3.0,3.0,3.0,3.0,3.0,3.0,3.0,3.0,0.05,0.05,0.05,0.05,0.05,0.05,0.05,0.05,0.05,0.05,0.05,0.05,0.05,0.05,0.05,0.05,0.05,0.05,0.05,0.05,0.0,0.0,0.0,0.0,0.0,0.0,0.0,0.0,0.0,0.0,0.0,0.0,0.0,0.0,0.0,0.0,0.0,0.0,0.0,0.0,0.3128180205821991,0.4291236400604248,0.2806668281555176,0.09892154484987259,0.21320059895515442,-0.03910181298851967,0.30152735114097595,0.43718066811561584,0.3584281802177429,-0.09754219651222229,0.28248924016952515,0.71921306848526,0.3854900002479553,-0.07894013822078705,0.31472086906433105,0.8301424980163574,0.7303245663642883,-0.169718399643898,0.43011850118637085,0.18550726771354675,-2.606203407049179,-0.396544486284256,-1.097007840871811,-1.2682311236858368,-2.989344671368599,-0.398607412353158,-3.204953670501709,-1.4364123344421387,-4.123725742101669,-0.8425921201705933,-3.07958722114563,-1.1543750762939453,-4.786906391382217,-1.1757565662264824,-3.2229073345661163,-0.3751888871192932,-1.7422154545783997,-2.007966861128807,-3.1202636659145355,-1.929977908730507,3.0,3.0,3.0,3.0,3.0,3.0,3.0,3.0,3.0,3.0,3.0,3.0,3.0,3.0,3.0,3.0,3.0,3.0,3.0,3.0,0.05,0.05,0.05,0.05,0.05,0.05,0.05,0.05,0.05,0.05,0.05,0.05,0.05,0.05,0.05,0.05,0.05,0.05,0.05,0.05,0.0,0.0,0.0,0.0,0.0,0.0,0.0,0.0,0.0,0.0,0.0,0.0,0.0,0.0,0.0,0.0,0.0,0.0,0.0,0.0
0.8829805254936218,0.32320040464401245,0.19753383100032806,0.29328349232673645,0.8656777143478394,-0.130758136510849,0.015765521675348282,0.12944164872169495,0.9129083156585693,-0.031313203275203705,0.028666283935308456,0.11250226944684982,0.9076608419418335,-0.07960687577724457,0.043821897357702255,0.19471952319145203,0.9356147646903992,-0.01752704754471779,0.28771403431892395,0.06706539541482925,-2.945065498352051,1.2638889253139496,0.42505674064159393,-1.1686518788337708,-3.5853102803230286,-0.24123750627040863,-0.26493226177990437,-0.8930154144763947,-4.162786900997162,0.605651643127203,0.05573658272624016,-0.499546155333519,-2.4869918823242188,1.0955828242003918,-0.26250192895531654,-0.5960304290056229,-0.017693638801574707,2.0362401381134987,-0.49206241965293884,0.12425705790519714,3.0,3.0,3.0,3.0,3.0,3.0,3.0,3.0,3.0,3.0,3.0,3.0,3.0,3.0,3.0,3.0,3.0,3.0,3.0,3.0,0.05,0.05,0.05,0.05,0.05,0.05,0.05,0.05,0.05,0.05,0.05,0.05,0.05,0.05,0.05,0.05,0.05,0.05,0.05,0.05,0.0,0.0,0.0,0.0,0.0,0.0,0.0,0.0,0.0,0.0,0.0,0.0,0.0,0.0,0.0,0.0,0.0,0.0,0.0,0.0,0.264013409614563,0.42314910888671875,0.2557067573070526,0.07595616579055786,0.16354717314243317,-0.046987809240818024,0.25186967849731445,0.40594974160194397,0.2952481806278229,-0.11018030345439911,0.2253391444683075,0.6895420551300049,0.29934966564178467,-0.0922006294131279,0.2501886487007141,0.8139427304267883,0.6970781683921814,-0.20009569823741913,0.37136152386665344,0.1542310267686844,-2.0987458527088165,-0.16368776559829712,-1.5735447406768799,-1.0989085771143436,-2.0135074853897095,-0.40569817647337914,-2.254916727542877,-1.5459507703781128,-2.6630111038684845,-0.45838672667741776,-2.5061674416065216,-1.5568286180496216,-3.7194035947322845,-0.2975020557641983,-2.7326274663209915,-0.9501755237579346,-1.9267305731773376,-1.148863509297371,-2.9373086988925934,-1.6124337911605835,3.0,3.0,3.0,3.0,3.0,3.0,3.0,3.0,3.0,3.0,3.0,3.0,3.0,3.0,3.0,3.0,3.0,3.0,3.0,3.0,0.05,0.05,0.05,0.05,0.05,0.05,0.05,0.05,0.05,0.05,0.05,0.05,0.05,0.05,0.05,0.05,0.05,0.05,0.05,0.05,0.0,0.0,0.0,0.0,0.0,0.0,0.0,0.0,0.0,0.0,0.0,0.0,0.0,0.0,0.0,0.0,0.0,0.0,0.0,0.0
0.8188578486442566,0.350058376789093,0.20535586774349213,0.2538837790489197,0.7914864420890808,-0.13571666181087494,0.01304645650088787,0.10848268866539001,0.8289024233818054,-0.015731055289506912,0.023361166939139366,0.10093823075294495,0.8566315770149231,-0.056160155683755875,0.03397245332598686,0.18119241297245026,0.9344103336334229,0.022447649389505386,0.2765277028083801,0.06803388148546219,-3.2249972224235535,1.1695727705955505,0.31286515295505524,-2.376192808151245,-3.6050498485565186,-0.16829632222652435,-0.11932726483792067,-1.0877620428800583,-4.119709134101868,0.8057210128754377,-0.16749342903494835,-0.6025644019246101,-2.4321362376213074,1.139342412352562,-0.40048202499747276,-0.673164427280426,-0.020350515842437744,1.8976649269461632,-0.5479894578456879,0.010654516518115997,3.0,3.0,3.0,3.0,3.0,3.0,3.0,3.0,3.0,3.0,3.0,3.0,3.0,3.0,3.0,3.0,3.0,3.0,3.0,3.0,0.05,0.05,0.05,0.05,0.05,0.05,0.05,0.05,0.05,0.05,0.05,0.05,0.05,0.05,0.05,0.05,0.05,0.05,0.05,0.05,0.0,0.0,0.0,0.0,0.0,0.0,0.0,0.0,0.0,0.0,0.0,0.0,0.0,0.0,0.0,0.0,0.0,0.0,0.0,0.0,0.22886818647384644,0.4225761294364929,0.21772503852844238,0.05496520176529884,0.13266029953956604,-0.055329740047454834,0.21133068203926086,0.37534263730049133,0.25190773606300354,-0.115877665579319,0.18224254250526428,0.6569399237632751,0.23671385645866394,-0.09084022045135498,0.2054157704114914,0.79213547706604,0.6532553434371948,-0.21567294001579285,0.3126261532306671,0.12100991606712341,-1.3824407011270523,0.12519285082817078,-2.1412577480077744,-0.9425441734492779,-1.1545458808541298,-0.4452850669622421,-1.8126022070646286,-1.4876633882522583,-1.8050756305456161,-0.1645958051085472,-1.955658569931984,-1.6398027539253235,-2.7200020849704742,0.39058271795511246,-2.1289587020874023,-1.1823341250419617,-2.4810880422592163,-0.4008200019598007,-2.9538415372371674,-1.2760888785123825,3.0,3.0,3.0,3.0,3.0,3.0,3.0,3.0,3.0,3.0,3.0,3.0,3.0,3.0,3.0,3.0,3.0,3.0,3.0,3.0,0.05,0.05,0.05,0.05,0.05,0.05,0.05,0.05,0.05,0.05,0.05,0.05,0.05,0.05,0.05,0.05,0.05,0.05,0.05,0.05,0.0,0.0,0.0,0.0,0.0,0.0,0.0,0.0,0.0,0.0,0.0,0.0,0.0,0.0,0.0,0.0,0.0,0.0,0.0,0.0
0.7539806365966797,0.3699833154678345,0.21004843711853027,0.19823578000068665,0.7214757204055786,-0.13748998939990997,0.010992431081831455,0.08593116700649261,0.7481199502944946,0.0009156372398138046,0.021966546773910522,0.08839969336986542,0.8103753924369812,-0.03403317928314209,0.027802616357803345,0.16779294610023499,0.9348007440567017,0.05837954953312874,0.26579445600509644,0.0674915760755539,-2.5192007422447205,0.35926327109336853,0.3091055899858475,-0.2898603677749634,-3.8288667798042297,0.36897193640470505,0.1473285723477602,-0.9504484012722969,-3.908376395702362,0.6085737142711878,-0.23836791515350342,-0.6410222500562668,-3.080405294895172,0.5236499011516571,0.13428833335638046,-0.8524559438228607,0.5286306142807007,1.5594386495649815,-0.2782851457595825,0.05040392279624939,3.0,3.0,3.0,3.0,3.0,3.0,3.0,3.0,3.0,3.0,3.0,3.0,3.0,3.0,3.0,3.0,3.0,3.0,3.0,3.0,0.05,0.05,0.05,0.05,0.05,0.05,0.05,0.05,0.05,0.05,0.05,0.05,0.05,0.05,0.05,0.05,0.05,0.05,0.05,0.05,0.0,0.0,0.0,0.0,0.0,0.0,0.0,0.0,0.0,0.0,0.0,0.0,0.0,0.0,0.0,0.0,0.0,0.0,0.0,0.0,0.2087157815694809,0.4281568229198456,0.17005644738674164,0.038254398852586746,0.11736533790826797,-0.06479921191930771,0.1793655902147293,0.34644320607185364,0.22304515540599823,-0.116764135658741,0.14711280167102814,0.6239499449729919,0.1905495822429657,-0.0765773206949234,0.16503030061721802,0.7666493654251099,0.5978346467018127,-0.21612849831581116,0.25320786237716675,0.10318747162818909,-0.40499456226825714,0.4340067505836487,-1.9712425768375397,-0.7246180437505245,-0.7504787296056747,-0.39321761578321457,-1.5614736825227737,-1.461464911699295,-1.3033580034971237,-0.05673300474882126,-1.6515512019395828,-1.727333664894104,-1.942545548081398,0.8431335911154747,-1.850469782948494,-1.3775497674942017,-2.654998004436493,0.5294017493724823,-2.784229815006256,-0.9074792265892029,3.0,3.0,3.0,3.0,3.0,3.0,3.0,3.0,3.0,3.0,3.0,3.0,3.0,3.0,3.0,3.0,3.0,3.0,3.0,3.0,0.05,0.05,0.05,0.05,0.05,0.05,0.05,0.05,0.05,0.05,0.05,0.05,0.05,0.05,0.05,0.05,0.05,0.05,0.05,0.05,0.0,0.0,0.0,0.0,0.0,0.0,0.0,0.0,0.0,0.0,0.0,0.0,0.0,0.0,0.0,0.0,0.0,0.0,0.0,0.0
0.7180898189544678,0.36442890763282776,0.21772009134292603,0.24228936433792114,0.6383317708969116,-0.12095778435468674,0.01893959939479828,0.07046475261449814,0.6725673675537109,0.008611893281340599,0.01382645033299923,0.07529734075069427,0.7334153652191162,-0.03521415963768959,0.03934398666024208,0.14709417521953583,0.9555555582046509,0.08482519537210464,0.2653962969779968,0.07005003839731216,0.017280876636505127,-1.6606681048870087,0.16537755727767944,1.1955790221691132,-4.1139155626297,1.2280713766813278,0.1879602437838912,-0.7297392934560776,-4.4164493680000305,0.0898445607163012,0.2874888479709625,-0.7554499432444572,-4.631216824054718,-0.6887441501021385,0.290659349411726,-1.2179696932435036,1.2733116745948792,0.28365300968289375,0.1610301434993744,0.16573593020439148,3.0,3.0,3.0,3.0,3.0,3.0,3.0,3.0,3.0,3.0,3.0,3.0,3.0,3.0,3.0,3.0,3.0,3.0,3.0,3.0,0.05,0.05,0.05,0.05,0.05,0.05,0.05,0.05,0.05,0.05,0.05,0.05,0.05,0.05,0.05,0.05,0.05,0.05,0.05,0.05,0.0,0.0,0.0,0.0,0.0,0.0,0.0,0.0,0.0,0.0,0.0,0.0,0.0,0.0,0.0,0.0,0.0,0.0,0.0,0.0,0.21266840398311615,0.43993639945983887,0.1388753354549408,0.025980480015277863,0.10264115035533905,-0.07105844467878342,0.14887173473834991,0.31688404083251953,0.1997734159231186,-0.11814698576927185,0.11618049442768097,0.587846577167511,0.15901203453540802,-0.05711487680673599,0.13139697909355164,0.737033486366272,0.5470554232597351,-0.19449687004089355,0.20125696063041687,0.0847107470035553,0.6559666246175766,0.628931075334549,-1.34342722594738,-0.5189749412238598,-0.6365085020661354,-0.23417342454195023,-1.4408845454454422,-1.4632023870944977,-1.1821996420621872,0.03510564565658569,-1.1133668944239616,-1.9566550850868225,-1.3507366180419922,1.0199980810284615,-1.5251854434609413,-1.6538500785827637,-2.3279398679733276,1.536618173122406,-1.9509796053171158,-0.915992446243763,3.0,3.0,3.0,3.0,3.0,3.0,3.0,3.0,3.0,3.0,3.0,3.0,3.0,3.0,3.0,3.0,3.0,3.0,3.0,3.0,0.05,0.05,0.05,0.05,0.05,0.05,0.05,0.05,0.05,0.05,0.05,0.05,0.05,0.05,0.05,0.05,0.05,0.05,0.05,0.05,0.0,0.0,0.0,0.0,0.0,0.0,0.0,0.0,0.0,0.0,0.0,0.0,0.0,0.0,0.0,0.0,0.0,0.0,0.0,0.0
0.7546718716621399,0.3035565912723541,0.21666353940963745,0.24605894088745117,0.5569190979003906,-0.08836713433265686,0.018510840833187103,0.05674159526824951,0.5714619755744934,0.004509419668465853,0.03346610069274902,0.05818169564008713,0.6251267194747925,-0.06158294528722763,0.039428990334272385,0.11907415837049484,0.9857332110404968,0.06972566992044449,0.2722356617450714,0.07412101328372955,2.4181947112083435,-3.7330910563468933,-0.037162378430366516,0.5453169345855713,-3.9065152406692505,1.5011515468358994,0.047066668048501015,-0.45895669609308243,-4.5156508684158325,-0.03828608896583319,0.7574378978461027,-0.4002486355602741,-4.915907979011536,-0.9909157641232014,-0.11737877503037453,-1.2967396527528763,1.8961519002914429,-0.5748534575104713,0.446869432926178,0.16808565706014633,3.0,3.0,3.0,3.0,3.0,3.0,3.0,3.0,3.0,3.0,3.0,3.0,3.0,3.0,3.0,3.0,3.0,3.0,3.0,3.0,0.05,0.05,0.05,0.05,0.05,0.05,0.05,0.05,0.05,0.05,0.05,0.05,0.05,0.05,0.05,0.05,0.05,0.05,0.05,0.05,0.0,0.0,0.0,0.0,0.0,0.0,0.0,0.0,0.0,0.0,0.0,0.0,0.0,0.0,0.0,0.0,0.0,0.0,0.0,0.0,0.23495444655418396,0.45331406593322754,0.11631935834884644,0.017495401203632355,0.09190499782562256,-0.07416614890098572,0.12173020839691162,0.28791511058807373,0.17575716972351074,-0.11535990983247757,0.10257812589406967,0.545683741569519,0.136520117521286,-0.03577739745378494,0.10402288287878036,0.7004953622817993,0.5047170519828796,-0.15466377139091492,0.17516867816448212,0.06654777377843857,0.9022783488035202,0.38754791021347046,-1.1447235941886902,-0.5396998720243573,-0.49157552421092987,-0.13176742941141129,-1.2945912778377533,-1.3938046991825104,-1.1837475001811981,0.2317618578672409,-0.8041433990001678,-2.0981892943382263,-0.9508930146694183,0.9273439645767212,-1.1905588209629059,-1.8258199095726013,-1.997249573469162,1.607726514339447,-1.25332772731781,-0.6926052272319794,3.0,3.0,3.0,3.0,3.0,3.0,3.0,3.0,3.0,3.0,3.0,3.0,3.0,3.0,3.0,3.0,3.0,3.0,3.0,3.0,0.05,0.05,0.05,0.05,0.05,0.05,0.05,0.05,0.05,0.05,0.05,0.05,0.05,0.05,0.05,0.05,0.05,0.05,0.05,0.05,0.0,0.0,0.0,0.0,0.0,0.0,0.0,0.0,0.0,0.0,0.0,0.0,0.0,0.0,0.0,0.0,0.0,0.0,0.0,0.0
0.8148176074028015,0.21510526537895203,0.21623359620571136,0.264102041721344,0.4820711612701416,-0.06091172248125076,0.02082226611673832,0.05210648477077484,0.49194133281707764,0.007080449722707272,0.04412396624684334,0.05928739532828331,0.5367790460586548,-0.07485079020261765,0.0346488356590271,0.09522458910942078,1.0314016342163086,0.06183105707168579,0.28327107429504395,0.07677346467971802,2.839955687522888,-3.9803095161914825,0.29074549674987793,1.1492319405078888,-3.334426134824753,1.1139946058392525,0.2611648291349411,-0.03039659932255745,-3.278513252735138,0.3272542147897184,0.567157007753849,0.13748500496149063,-3.4862369298934937,-0.3764467313885689,-0.09784307330846786,-1.02210883051157,2.348475158214569,-0.1643473282456398,0.5118012428283691,0.08882712572813034,3.0,3.0,3.0,3.0,3.0,3.0,3.0,3.0,3.0,3.0,3.0,3.0,3.0,3.0,3.0,3.0,3.0,3.0,3.0,3.0,0.05,0.05,0.05,0.05,0.05,0.05,0.05,0.05,0.05,0.05,0.05,0.05,0.05,0.05,0.05,0.05,0.05,0.05,0.05,0.05,0.0,0.0,0.0,0.0,0.0,0.0,0.0,0.0,0.0,0.0,0.0,0.0,0.0,0.0,0.0,0.0,0.0,0.0,0.0,0.0,0.24875953793525696,0.4554383158683777,0.09308639168739319,0.00439248513430357,0.08297812938690186,-0.07632914185523987,0.09708808362483978,0.2611318528652191,0.15242351591587067,-0.10887651145458221,0.08401475846767426,0.5039190053939819,0.12097631394863129,-0.020021118223667145,0.0837746262550354,0.6640006899833679,0.46716544032096863,-0.13018780946731567,0.15112385153770447,0.05700653791427612,0.10117404162883759,-0.4888966679573059,-1.0535389184951782,-0.6719741271808743,-0.4599176347255707,-0.04807319492101669,-1.1211825534701347,-1.4349211007356644,-1.3789813965559006,0.4416041076183319,-0.8154280483722687,-2.3138418793678284,-0.5984818562865257,0.39716404862701893,-0.9302759543061256,-2.03000009059906,-1.7381943762302399,0.41427426040172577,-1.147342473268509,-0.551699660718441,3.0,3.0,3.0,3.0,3.0,3.0,3.0,3.0,3.0,3.0,3.0,3.0,3.0,3.0,3.0,3.0,3.0,3.0,3.0,3.0,0.05,0.05,0.05,0.05,0.05,0.05,0.05,0.05,0.05,0.05,0.05,0.05,0.05,0.05,0.05,0.05,0.05,0.05,0.05,0.05,0.0,0.0,0.0,0.0,0.0,0.0,0.0,0.0,0.0,0.0,0.0,0.0,0.0,0.0,0.0,0.0,0.0,0.0,0.0,0.0
0.8682700991630554,0.14434421062469482,0.22829335927963257,0.2920282185077667,0.4235420525074005,-0.04380735009908676,0.028957433998584747,0.055525731295347214,0.4403214454650879,0.01759958826005459,0.056152381002902985,0.06368109583854675,0.48567724227905273,-0.07664081454277039,0.03551526740193367,0.07818980515003204,1.0796722173690796,0.0631517767906189,0.2927077114582062,0.07767409831285477,2.400878071784973,-3.0080728232860565,0.7969848811626434,1.4252766966819763,-2.6677027344703674,0.7295019924640656,0.3854345064610243,0.2568444237112999,-2.0824722945690155,0.6916891084983945,0.5034497939050198,0.1835961826145649,-1.8726877868175507,0.04675332456827164,-0.014372728765010834,-0.8326180279254913,2.2544026374816895,0.0046380795538425446,0.4493989050388336,0.08058696985244751,3.0,3.0,3.0,3.0,3.0,3.0,3.0,3.0,3.0,3.0,3.0,3.0,3.0,3.0,3.0,3.0,3.0,3.0,3.0,3.0,0.05,0.05,0.05,0.05,0.05,0.05,0.05,0.05,0.05,0.05,0.05,0.05,0.05,0.05,0.05,0.05,0.05,0.05,0.05,0.05,0.0,0.0,0.0,0.0,0.0,0.0,0.0,0.0,0.0,0.0,0.0,0.0,0.0,0.0,0.0,0.0,0.0,0.0,0.0,0.0,0.23900140821933746,0.4337581992149353,0.0741778016090393,-0.00938356388360262,0.07350829243659973,-0.07608907669782639,0.07688290625810623,0.23051826655864716,0.12059791386127472,-0.0976957455277443,0.06996100395917892,0.4531300663948059,0.11258084326982498,-0.019890835508704185,0.06681184470653534,0.6192953586578369,0.43518927693367004,-0.1380928009748459,0.12927497923374176,0.04447978734970093,-0.8326351642608643,-1.001671701669693,-0.8014028891921043,-0.7154052844271064,-0.603227224200964,0.12830179184675217,-0.9096123278141022,-1.612865924835205,-1.37835294008255,0.23947488516569138,-0.7058529183268547,-2.6304543018341064,-0.4672793671488762,-0.0417924951761961,-0.7448211312294006,-2.3934781551361084,-1.3347730040550232,-0.8894499391317368,-0.9452808648347855,-0.4827831871807575,3.0,3.0,3.0,3.0,3.0,3.0,3.0,3.0,3.0,3.0,3.0,3.0,3.0,3.0,3.0,3.0,3.0,3.0,3.0,3.0,0.05,0.05,0.05,0.05,0.05,0.05,0.05,0.05,0.05,0.05,0.05,0.05,0.05,0.05,0.05,0.05,0.05,0.05,0.05,0.05,0.0,0.0,0.0,0.0,0.0,0.0,0.0,0.0,0.0,0.0,0.0,0.0,0.0,0.0,0.0,0.0,0.0,0.0,0.0,0.0
0.9108527302742004,0.09478235244750977,0.2481129914522171,0.32111310958862305,0.3753630518913269,-0.03173164278268814,0.03623964637517929,0.06238026171922684,0.408642441034317,0.03474801406264305,0.06426195800304413,0.0666312426328659,0.46187153458595276,-0.07298065721988678,0.034073926508426666,0.06191986799240112,1.1215777397155762,0.06201658025383949,0.3012470304965973,0.07999694347381592,1.0799720883369446,-0.9318489581346512,0.7782600820064545,0.7217645645141602,-1.9632607698440552,0.46830009669065475,0.3464440815150738,0.3559236414730549,-1.2949056923389435,0.6842359434813261,0.31258780509233475,0.11631026864051819,-0.9627006947994232,0.14040246605873108,-0.22087129764258862,-0.48809805884957314,1.7737150192260742,-0.25464827194809914,0.30010566115379333,0.0706404447555542,3.0,3.0,3.0,3.0,3.0,3.0,3.0,3.0,3.0,3.0,3.0,3.0,3.0,3.0,3.0,3.0,3.0,3.0,3.0,3.0,0.05,0.05,0.05,0.05,0.05,0.05,0.05,0.05,0.05,0.05,0.05,0.05,0.05,0.05,0.05,0.05,0.05,0.05,0.05,0.05,0.0,0.0,0.0,0.0,0.0,0.0,0.0,0.0,0.0,0.0,0.0,0.0,0.0,0.0,0.0,0.0,0.0,0.0,0.0,0.0,0.2154541313648224,0.41537144780158997,0.061030276119709015,-0.024223726242780685,0.058849040418863297,-0.07119707018136978,0.060703590512275696,0.1966172158718109,0.09728939831256866,-0.09929751604795456,0.05578064173460007,0.3987008333206177,0.10228513926267624,-0.02169281803071499,0.053981781005859375,0.5682615637779236,0.4137745201587677,-0.16576580703258514,0.11331261694431305,0.03769521042704582,-0.9932119399309158,-0.7327072322368622,-0.6597140803933144,-0.5848586326465011,-0.509292259812355,0.2349909394979477,-0.6449192762374878,-1.5507660806179047,-1.0911257937550545,0.0389542430639267,-0.6310327909886837,-2.5947019457817078,-0.3406740725040436,-0.277154752984643,-0.6306715309619904,-2.453090250492096,-0.8481532335281372,-1.4341339468955994,-0.67458376288414,-0.33586849458515644,3.0,3.0,3.0,3.0,3.0,3.0,3.0,3.0,3.0,3.0,3.0,3.0,3.0,3.0,3.0,3.0,3.0,3.0,3.0,3.0,0.05,0.05,0.05,0.05,0.05,0.05,0.05,0.05,0.05,0.05,0.05,0.05,0.05,0.05,0.05,0.05,0.05,0.05,0.05,0.05,0.0,0.0,0.0,0.0,0.0,0.0,0.0,0.0,0.0,0.0,0.0,0.0,0.0,0.0,0.0,0.0,0.0,0.0,0.0,0.0
0.9114689826965332,0.10707025229930878,0.25942376255989075,0.32089880108833313,0.3450116217136383,-0.02507534623146057,0.0428151972591877,0.06976267695426941,0.38852521777153015,0.04496902599930763,0.06865589320659637,0.06833350658416748,0.4471692144870758,-0.07102471590042114,0.026680415496230125,0.05866588279604912,1.1506208181381226,0.05296584591269493,0.3047119379043579,0.08049971610307693,-0.4390954971313171,1.5239186584948965,0.5241375416517188,-0.7595717906951488,-1.092599332332593,0.12838328257203363,0.37248730659484847,0.39828829467296323,-0.8633106946944982,0.3962675109505634,0.152388401329517,0.06919633597135544,-0.7303006947040419,0.024612247943878174,-0.24145864881575116,-0.2645782195031594,1.1576443910598755,-0.6835854612290859,0.09791702032089233,0.005970522761345257,3.0,3.0,3.0,3.0,3.0,3.0,3.0,3.0,3.0,3.0,3.0,3.0,3.0,3.0,3.0,3.0,3.0,3.0,3.0,3.0,0.05,0.05,0.05,0.05,0.05,0.05,0.05,0.05,0.05,0.05,0.05,0.05,0.05,0.05,0.05,0.05,0.05,0.05,0.05,0.05,0.0,0.0,0.0,0.0,0.0,0.0,0.0,0.0,0.0,0.0,0.0,0.0,0.0,0.0,0.0,0.0,0.0,0.0,0.0,0.0,0.19927293062210083,0.4044499099254608,0.04778923839330673,-0.03277790918946266,0.05313660204410553,-0.06668943911790848,0.05108613520860672,0.16848762333393097,0.07695288211107254,-0.09613757580518723,0.04471969231963158,0.3493419885635376,0.09895388036966324,-0.030977025628089905,0.041584983468055725,0.5211717486381531,0.40126314759254456,-0.19545815885066986,0.10229162871837616,0.03104504756629467,-0.4383496940135942,-0.5027644336223547,-0.6049564108252414,-0.29215933755039925,0.021676998585455284,0.42970525100826074,-0.3462304361164521,-1.2862861156463388,-0.5574496462941173,-0.09227264672517013,-0.5945483222603798,-2.472859621047922,0.11239405721425004,-0.5773736629634978,-0.5148904398083622,-2.5213040411471765,-0.11010542511940696,-1.6150180250405919,-0.3292631357908214,-0.3532569855451513,3.0,3.0,3.0,3.0,3.0,3.0,3.0,3.0,3.0,3.0,3.0,3.0,3.0,3.0,3.0,3.0,3.0,3.0,3.0,3.0,0.05,0.05,0.05,0.05,0.05,0.05,0.05,0.05,0.05,0.05,0.05,0.05,0.05,0.05,0.05,0.05,0.05,0.05,0.05,0.05,0.0,0.0,0.0,0.0,0.0,0.0,0.0,0.0,0.0,0.0,0.0,0.0,0.0,0.0,0.0,0.0,0.0,0.0,0.0,0.0
0.8932889103889478,0.15573909878730563,0.26907849311828586,0.2907302379608171,0.3316590785980232,-0.026596311479806796,0.05113913863897323,0.07831179350614537,0.3741100132465371,0.05059871450066559,0.07035749405622481,0.06939909607172012,0.4326595067977911,-0.07199616730213165,0.02441558055579662,0.051336739212274746,1.1678835153579712,0.034673161804676056,0.305163711309433,0.08023576438426973,-1.8274292349815369,2.377491444349289,0.352642685174942,-2.0123470574617386,-0.79306960105896,-0.18299147486686707,0.0845576636493206,0.24932697415351868,-0.9338848292827606,0.16471920534968376,-0.21358737722039223,-0.08468292653560638,-0.6348289549350739,0.1492232084274292,-0.023155612871050835,-0.26149777695536613,0.11851489543914795,-0.4543137736618519,-0.2186112105846405,-0.11780671775341034,3.0,3.0,3.0,3.0,3.0,3.0,3.0,3.0,3.0,3.0,3.0,3.0,3.0,3.0,3.0,3.0,3.0,3.0,3.0,3.0,0.05,0.05,0.05,0.05,0.05,0.05,0.05,0.05,0.05,0.05,0.05,0.05,0.05,0.05,0.05,0.05,0.05,0.05,0.05,0.05,0.0,0.0,0.0,0.0,0.0,0.0,0.0,0.0,0.0,0.0,0.0,0.0,0.0,0.0,0.0,0.0,0.0,0.0,0.0,0.0,0.19792014360427862,0.3952608704566958,0.03683201968669936,-0.035910099744796656,0.05971612036228151,-0.05400886014103935,0.04685437306761761,0.14516577124595736,0.07499141246080397,-0.10298842191696136,0.031998708844184875,0.2997864484787008,0.10678090155124624,-0.0447877645492549,0.033386163413524884,0.4674094021320365,0.4093703031539914,-0.23036652803420882,0.10014209151268019,0.02356493100523977,-0.07536858320236206,-0.29459670186042786,-0.5023238249123096,-0.1239684410393238,0.328066386282444,0.5349356681108475,-0.2175753004848957,-1.087554357945919,0.06999913603067398,-0.3510124981403351,-0.28404220938682556,-2.3099467158317566,0.48052240163087845,-0.5646429024636745,-0.31890152022242546,-2.539493143558502,0.30506402254104614,-1.5708763152360916,-0.18615610897541046,-0.325964018702507,3.0,3.0,3.0,3.0,3.0,3.0,3.0,3.0,3.0,3.0,3.0,3.0,3.0,3.0,3.0,3.0,3.0,3.0,3.0,3.0,0.05,0.05,0.05,0.05,0.05,0.05,0.05,0.05,0.05,0.05,0.05,0.05,0.05,0.05,0.05,0.05,0.05,0.05,0.05,0.05,0.0,0.0,0.0,0.0,0.0,0.0,0.0,0.0,0.0,0.0,0.0,0.0,0.0,0.0,0.0,0.0,0.0,0.0,0.0,0.0
0.8383718132972717,0.20216991007328033,0.2735294699668884,0.2404049187898636,0.3132888376712799,-0.032395005226135254,0.04619750380516052,0.07973575592041016,0.3511698246002197,0.05155779421329498,0.060112398117780685,0.06494618952274323,0.42177605628967285,-0.06505578756332397,0.025754190981388092,0.04820597171783447,1.1553614139556885,0.034793294966220856,0.2959674894809723,0.07578744739294052,-2.824196219444236,2.026410028338453,0.06325393915177502,-2.529840543866147,-0.8181795477867182,-0.32103033736347547,-0.3429407253861412,-0.03280919045209156,-1.1616200208663856,0.013952795416118623,-0.5970017984509339,-0.2797187305986784,-0.47808289527894315,0.47366134822367006,-0.05787485279142379,-0.22721523419022316,-1.0228008031844704,0.3060199320316136,-0.6218329071998374,-0.30584037303923484,3.0,3.0,3.0,3.0,3.0,3.0,3.0,3.0,3.0,3.0,3.0,3.0,3.0,3.0,3.0,3.0,3.0,3.0,3.0,3.0,0.05,0.05,0.05,0.05,0.05,0.05,0.05,0.05,0.05,0.05,0.05,0.05,0.05,0.05,0.05,0.05,0.05,0.05,0.05,0.05,0.0,0.0,0.0,0.0,0.0,0.0,0.0,0.0,0.0,0.0,0.0,0.0,0.0,0.0,0.0,0.0,0.0,0.0,0.0,0.0,0.19625818729400635,0.3926660418510437,0.027696285396814346,-0.037736646831035614,0.06625925749540329,-0.04529201239347458,0.04238312318921089,0.12498544901609421,0.0797528475522995,-0.11017807573080063,0.033358003944158554,0.25694411993026733,0.11817477643489838,-0.05356274172663689,0.028828922659158707,0.419592022895813,0.4134657084941864,-0.2582932114601135,0.09484538435935974,0.01800648681819439,-0.10682903230190208,0.18750429153440717,-0.4374065436422857,-0.04975702613592356,0.3543371334671957,0.3905153833329738,-0.23469449952244706,-0.966558977961544,0.5844987928867128,-0.32958667725324875,0.0729401595890522,-2.0151741802692538,0.5124904215335843,-0.4239689558744469,-0.18483493477106286,-2.3419350385665947,0.09855106472969888,-1.1674359440803737,-0.35826712846755215,-0.21509537473321308,3.0,3.0,3.0,3.0,3.0,3.0,3.0,3.0,3.0,3.0,3.0,3.0,3.0,3.0,3.0,3.0,3.0,3.0,3.0,3.0,0.05,0.05,0.05,0.05,0.05,0.05,0.05,0.05,0.05,0.05,0.05,0.05,0.05,0.05,0.05,0.05,0.05,0.05,0.05,0.05,0.0,0.0,0.0,0.0,0.0,0.0,0.0,0.0,0.0,0.0,0.0,0.0,0.0,0.0,0.0,0.0,0.0,0.0,0.0,0.0
0.7803210616111783,0.23679549992084375,0.27160865068435686,0.1895366162061712,0.29893189668655445,-0.039437524974345814,0.03742150962352758,0.0769994258880617,0.32764521241188166,0.05115682631731033,0.04647742211818745,0.05821034684777299,0.41353619098663336,-0.05304971337318485,0.022100586444139668,0.04224812984466582,1.1269714832305924,0.0469139590859406,0.2802903950214395,0.06800214946270033,-3.191584348678589,1.485556736588478,-0.8936244994401932,-2.3578301072120667,-0.5895651876926422,-0.4031231626868248,-0.23541199043393135,-0.2958996221423149,-1.3414166867733002,0.00021094456315040588,-0.580358412116766,-0.47344621270895004,-0.23667588829994202,0.76577328145504,-0.21693822927773,-0.3326071426272392,-1.9840151071548462,0.9107748046517372,-1.0670997202396393,-0.5349915474653244,3.0,3.0,3.0,3.0,3.0,3.0,3.0,3.0,3.0,3.0,3.0,3.0,3.0,3.0,3.0,3.0,3.0,3.0,3.0,3.0,0.05,0.05,0.05,0.05,0.05,0.05,0.05,0.05,0.05,0.05,0.05,0.05,0.05,0.05,0.05,0.05,0.05,0.05,0.05,0.05,0.0,0.0,0.0,0.0,0.0,0.0,0.0,0.0,0.0,0.0,0.0,0.0,0.0,0.0,0.0,0.0,0.0,0.0,0.0,0.0,0.19364698231220254,0.40276104211807207,0.01933575794100793,-0.0379003807902336,0.07388960570096934,-0.0383882448077204,0.03746659308671973,0.1065034121274956,0.09837136417627249,-0.11617188900709131,0.034916315227746964,0.21917948126793063,0.1272805184125896,-0.061746522784232774,0.02599276602268237,0.3737320005893727,0.4133123457431794,-0.27706396579742376,0.0858114063739781,0.014961116015911248,-0.10510049760341644,0.5470827221870422,-0.36302630323916674,-0.07448745891451836,0.4030158743262291,0.26802485808730125,-0.23863054811954498,-0.8791657164692879,0.984157994389534,-0.24899374693632126,0.02664392814040184,-1.784195750951767,0.4683151841163635,-0.36849165335297585,-0.24486342445015907,-2.202044427394867,-0.07608234882354736,-0.6839260458946228,-0.4965217784047127,-0.16294633969664574,3.0,3.0,3.0,3.0,3.0,3.0,3.0,3.0,3.0,3.0,3.0,3.0,3.0,3.0,3.0,3.0,3.0,3.0,3.0,3.0,0.05,0.05,0.05,0.05,0.05,0.05,0.05,0.05,0.05,0.05,0.05,0.05,0.05,0.05,0.05,0.05,0.05,0.05,0.05,0.05,0.0,0.0,0.0,0.0,0.0,0.0,0.0,0.0,0.0,0.0,0.0,0.0,0.0,0.0,0.0,0.0,0.0,0.0,0.0,0.0
0.7107084393501282,0.26159217953681946,0.2377844899892807,0.14609171450138092,0.2897062301635742,-0.048519931733608246,0.03678102418780327,0.06789977103471756,0.2975131571292877,0.051566231995821,0.036898061633110046,0.04600834101438522,0.41230902075767517,-0.034424856305122375,0.017076661810278893,0.034901686012744904,1.0760008096694946,0.07122428715229034,0.2532835006713867,0.054387785494327545,-3.425496816635118,1.0530952364206634,-2.198041230440092,-1.9148020073771668,-0.4227168858051425,-0.5065102130174585,-0.15390580520033212,-0.511395372450342,-1.5186622738838111,-0.015724264085290908,-0.3509865142405158,-0.5529984831809999,-0.031413137912750244,0.910263974219556,-0.2836551982909487,-0.374152371659876,-2.563944458961459,1.2962201610207387,-1.3527952134609098,-0.5571842193603574,3.0,3.0,3.0,3.0,3.0,3.0,3.0,3.0,3.0,3.0,3.0,3.0,3.0,3.0,3.0,3.0,3.0,3.0,3.0,3.0,0.05,0.05,0.05,0.05,0.05,0.05,0.05,0.05,0.05,0.05,0.05,0.05,0.05,0.05,0.05,0.05,0.05,0.05,0.05,0.05,0.0,0.0,0.0,0.0,0.0,0.0,0.0,0.0,0.0,0.0,0.0,0.0,0.0,0.0,0.0,0.0,0.0,0.0,0.0,0.0,0.1920541673898697,0.4145493507385254,0.013175233267247677,-0.04071614518761635,0.08237989246845245,-0.03457101806998253,0.03283790126442909,0.08981882035732269,0.11911916732788086,-0.12013782560825348,0.03442376106977463,0.18557628989219666,0.13690738379955292,-0.06830240786075592,0.019034385681152344,0.3315102458000183,0.4104224145412445,-0.28565025329589844,0.07498451322317123,0.01148863323032856,0.07101222872733168,0.532290339469911,-0.2790175843983919,-0.09412663057446445,0.500237382948393,-0.008998811244952457,-0.18663094379008216,-0.7866358384490054,0.9500248357653646,-0.10944344103336855,-0.1116977073252149,-1.6095265746116694,0.5899101495742736,-0.1512141898274512,-0.24172291159629952,-2.027594298124322,-0.2423271536827004,-0.13089254498483832,-0.6077303551137423,-0.15894453972578412,3.0,3.0,3.0,3.0,3.0,3.0,3.0,3.0,3.0,3.0,3.0,3.0,3.0,3.0,3.0,3.0,3.0,3.0,3.0,3.0,0.05,0.05,0.05,0.05,0.05,0.05,0.05,0.05,0.05,0.05,0.05,0.05,0.05,0.05,0.05,0.05,0.05,0.05,0.05,0.05,0.0,0.0,0.0,0.0,0.0,0.0,0.0,0.0,0.0,0.0,0.0,0.0,0.0,0.0,0.0,0.0,0.0,0.0,0.0,0.0
0.6433011889457736,0.2789193093776703,0.18368700146675318,0.11294453591108454,0.28202322125434875,-0.05969793349504415,0.0312652774155143,0.056543610990048024,0.2668987214565292,0.0505278557538987,0.03243796154856682,0.03609040752053299,0.41227966547012335,-0.016639154404402612,0.01075437851250172,0.027282034978270777,1.024413704872134,0.09876276552677014,0.2261785864830031,0.045714780688286036,-3.7534907460212708,0.3744088113307953,-2.3867078125476837,-1.5097826719284058,-0.1579083502292633,-0.6323128938674927,-0.36291759461164474,-0.645863451063633,-1.7161235213279724,-0.16457876190543175,-0.0837426632642746,-0.4412657115608454,-0.08336901664733887,0.9413721039891243,0.33974312245845795,-0.2986293286085129,-2.9024362564086914,1.6011260449886322,-1.5590712428092957,-0.29750606045126915,3.0,3.0,3.0,3.0,3.0,3.0,3.0,3.0,3.0,3.0,3.0,3.0,3.0,3.0,3.0,3.0,3.0,3.0,3.0,3.0,0.05,0.05,0.05,0.05,0.05,0.05,0.05,0.05,0.05,0.05,0.05,0.05,0.05,0.05,0.05,0.05,0.05,0.05,0.05,0.05,0.0,0.0,0.0,0.0,0.0,0.0,0.0,0.0,0.0,0.0,0.0,0.0,0.0,0.0,0.0,0.0,0.0,0.0,0.0,0.0,0.1964874714612958,0.4240526556968685,0.008175054565072254,-0.041665446013212176,0.09389910101890506,-0.0387481972575185,0.030001355335116442,0.07503797858953538,0.13637235760688707,-0.12054962664842606,0.030448406934738367,0.15479841828346386,0.15087692439556055,-0.06779509037733082,0.01632384955883039,0.29262822866439986,0.40361925959587136,-0.2822996675968173,0.06150219216942841,0.008603334426879883,0.4392411559820175,0.39824023842811584,-0.2233188832178712,-0.034292321652173996,0.6773862987756729,-0.37210509181022644,-0.09210980497300625,-0.7112806662917137,0.8424676954746246,0.06850343197584152,-0.2398124895989895,-1.4740556478500366,0.7450375705957413,0.2131737768650055,-0.1462840475142002,-1.9131451845169067,-0.4642188549041748,0.5222812294960022,-0.6114569492638111,-0.07038603071123362,3.0,3.0,3.0,3.0,3.0,3.0,3.0,3.0,3.0,3.0,3.0,3.0,3.0,3.0,3.0,3.0,3.0,3.0,3.0,3.0,0.05,0.05,0.05,0.05,0.05,0.05,0.05,0.05,0.05,0.05,0.05,0.05,0.05,0.05,0.05,0.05,0.05,0.05,0.05,0.05,0.0,0.0,0.0,0.0,0.0,0.0,0.0,0.0,0.0,0.0,0.0,0.0,0.0,0.0,0.0,0.0,0.0,0.0,0.0,0.0
0.5605688095092773,0.27656853199005127,0.14231617748737335,0.08570040762424469,0.2833898961544037,-0.07381244748830795,0.02226432040333748,0.04206523299217224,0.22886821627616882,0.04498308151960373,0.03354835510253906,0.02835771255195141,0.4089742600917816,0.0032300278544425964,0.03066638670861721,0.02295651286840439,0.959903359413147,0.13526932895183563,0.1909206509590149,0.04248754307627678,-3.755377233028413,-0.1207299530506134,-1.8216731026768962,-1.2063069269061417,0.03285855054855347,-0.7046753540635112,-0.19021742045880127,-0.3819349221885331,-1.5991121530533212,-0.28462167829274626,0.002867449074985505,-0.3477059304714299,-0.2830579876899719,0.9158973116427768,0.7632947061210805,-0.23274593986570896,-3.014078736305242,1.6124945133924835,-1.6261521726846813,-0.17415983602405113,3.0,3.0,3.0,3.0,3.0,3.0,3.0,3.0,3.0,3.0,3.0,3.0,3.0,3.0,3.0,3.0,3.0,3.0,3.0,3.0,0.05,0.05,0.05,0.05,0.05,0.05,0.05,0.05,0.05,0.05,0.05,0.05,0.05,0.05,0.05,0.05,0.05,0.05,0.05,0.05,0.0,0.0,0.0,0.0,0.0,0.0,0.0,0.0,0.0,0.0,0.0,0.0,0.0,0.0,0.0,0.0,0.0,0.0,0.0,0.0,0.2096238136291504,0.43047896027565,0.004242477938532829,-0.04208783805370331,0.10947534441947937,-0.049455221742391586,0.029153509065508842,0.061367593705654144,0.15281787514686584,-0.11739768832921982,0.024831261485815048,0.1266140639781952,0.16670888662338257,-0.0597754567861557,0.013183023780584335,0.25498443841934204,0.3918536603450775,-0.26475900411605835,0.05052623525261879,0.008673192001879215,1.1682391166686594,0.5548030138015649,-0.08379376959056276,0.01971889287233075,1.0705735534429308,-0.425313413143156,0.17818543128667752,-0.5737670697271964,1.0357882827520204,0.13748016208409916,-0.1388902310282045,-1.2604929506778855,0.8392773568630149,0.46959947794674595,-0.05553616210818772,-1.8175367265939761,-0.603867322206493,1.13353468477723,-0.4384426400065479,-0.001791468821465969,3.0,3.0,3.0,3.0,3.0,3.0,3.0,3.0,3.0,3.0,3.0,3.0,3.0,3.0,3.0,3.0,3.0,3.0,3.0,3.0,0.05,0.05,0.05,0.05,0.05,0.05,0.05,0.05,0.05,0.05,0.05,0.05,0.05,0.05,0.05,0.05,0.05,0.05,0.05,0.05,0.0,0.0,0.0,0.0,0.0,0.0,0.0,0.0,0.0,0.0,0.0,0.0,0.0,0.0,0.0,0.0,0.0,0.0,0.0,0.0
0.49308609962463706,0.27409011125564575,0.11082007735967733,0.06469225883483887,0.2833375632762909,-0.0878849476575846,0.023656580597162247,0.0412662141025067,0.20293423533439636,0.039142988622188846,0.03255265951156624,0.022182170301675793,0.40095734596252447,0.01999673806130846,0.04128616675734494,0.01797219738364242,0.9038505554199243,0.16326254606246948,0.16113249957561585,0.03874838724732399,-3.651907294988632,-0.05696043372154236,-1.2004505842924118,0.9835157543420792,0.25478899478912354,-0.6149893626570702,0.013978173956274986,-0.18093334510922432,-0.6115667521953583,-0.3116202540695667,-0.18122214823961258,-0.09902366437017918,-0.16480684280395508,0.5752227269113064,0.3683328162878752,-0.2519326750189066,-2.766205370426178,0.6130799651145935,-1.125144585967064,-0.06516128778457642,3.0,3.0,3.0,3.0,3.0,3.0,3.0,3.0,3.0,3.0,3.0,3.0,3.0,3.0,3.0,3.0,3.0,3.0,3.0,3.0,0.05,0.05,0.05,0.05,0.05,0.05,0.05,0.05,0.05,0.05,0.05,0.05,0.05,0.05,0.05,0.05,0.05,0.05,0.05,0.05,0.0,0.0,0.0,0.0,0.0,0.0,0.0,0.0,0.0,0.0,0.0,0.0,0.0,0.0,0.0,0.0,0.0,0.0,0.0,0.0,0.24321703612804219,0.4462447762489311,0.004823303781449744,-0.040876690298318946,0.13672204315662229,-0.05576073378324474,0.03712877258658354,0.052087295800447526,0.17780388891696788,-0.11505042016506209,0.024892797693610188,0.10437870025634843,0.18444801867008115,-0.049011111259460984,0.01410240307450288,0.21992675960064081,0.37946456670761164,-0.2369582802057281,0.043964486569166496,0.008531675674021244,2.3570694029331207,0.9076885879039764,2.0314934197813272,0.1179628074169159,1.932624727487564,-0.4117320291697979,0.8737899828702211,-0.24940669536590576,1.6958478838205338,0.15667937695980072,0.2879639156162739,-0.908004492521286,1.1520300060510635,0.6081089377403259,0.1072919461876154,-1.6377996653318405,-0.5862019956111908,1.6955479979515076,-0.3531944938004017,0.05777711048722267,3.0,3.0,3.0,3.0,3.0,3.0,3.0,3.0,3.0,3.0,3.0,3.0,3.0,3.0,3.0,3.0,3.0,3.0,3.0,3.0,0.05,0.05,0.05,0.05,0.05,0.05,0.05,0.05,0.05,0.05,0.05,0.05,0.05,0.05,0.05,0.05,0.05,0.05,0.05,0.05,0.0,0.0,0.0,0.0,0.0,0.0,0.0,0.0,0.0,0.0,0.0,0.0,0.0,0.0,0.0,0.0,0.0,0.0,0.0,0.0
0.41449251770973206,0.2742901146411896,0.09429815411567688,0.12504103779792786,0.29358145594596863,-0.09841202199459076,0.022823447361588478,0.03482789918780327,0.2044055461883545,0.03251827135682106,0.02629946917295456,0.02439676597714424,0.4023819863796234,0.02623893693089485,0.04539969936013222,0.012879205867648125,0.8492551445960999,0.15979252755641937,0.14591486752033234,0.03988109156489372,-3.030222654342733,-0.022327154874801636,0.20727366209027723,2.5540344417095184,0.8424632251262665,-0.4053415730595724,0.16301432624459267,-0.28335754759609855,0.8022002875804901,-0.3625190816819737,-0.30340529046952913,-0.11558597907423965,0.34661591053008894,0.018998421728621054,0.13175206258893654,0.11185845360159319,-2.6123300194740904,-0.7918477058410645,-0.06784610450270082,0.3607352264225483,3.0,3.0,3.0,3.0,3.0,3.0,3.0,3.0,3.0,3.0,3.0,3.0,3.0,3.0,3.0,3.0,3.0,3.0,3.0,3.0,0.05,0.05,0.05,0.05,0.05,0.05,0.05,0.05,0.05,0.05,0.05,0.05,0.05,0.05,0.05,0.05,0.05,0.05,0.05,0.05,0.0,0.0,0.0,0.0,0.0,0.0,0.0,0.0,0.0,0.0,0.0,0.0,0.0,0.0,0.0,0.0,0.0,0.0,0.0,0.0,0.3039065897464752,0.4667865037918091,0.08550221472978592,-0.03736932575702667,0.18678033351898193,-0.0659245029091835,0.06410510838031769,0.051391325891017914,0.2206517904996872,-0.11113051325082779,0.036349818110466,0.09029388427734375,0.2127900868654251,-0.035451099276542664,0.01747470162808895,0.18947245180606842,0.3684055805206299,-0.19693708419799805,0.03639845550060272,0.010984276421368122,0.46503804624085515,0.9824536740780071,4.523199633695186,2.485200297087433,2.681213244795838,0.02994984388350573,1.6221289522946019,-0.3586962819099442,2.836401388049161,0.25134030729532586,0.40313196368515497,-0.9136177599430279,2.1002177149057624,0.5111889913678302,0.30495887622237366,-1.5814568847418198,0.14461427927015824,1.4688599854708084,-0.47574019990862193,0.5188244162127376,3.0,3.0,3.0,3.0,3.0,3.0,3.0,3.0,3.0,3.0,3.0,3.0,3.0,3.0,3.0,3.0,3.0,3.0,3.0,3.0,0.05,0.05,0.05,0.05,0.05,0.05,0.05,0.05,0.05,0.05,0.05,0.05,0.05,0.05,0.05,0.05,0.05,0.05,0.05,0.05,0.0,0.0,0.0,0.0,0.0,0.0,0.0,0.0,0.0,0.0,0.0,0.0,0.0,0.0,0.0,0.0,0.0,0.0,0.0,0.0
0.37187719345092773,0.2731970250606537,0.11911102384328842,0.1668536365032196,0.31703609228134155,-0.1040986105799675,0.030177153646945953,0.029931912198662758,0.23502224683761597,0.024642225354909897,0.020416447892785072,0.017558731138706207,0.414821982383728,0.0207566749304533,0.046556249260902405,0.022446535527706146,0.7993573546409607,0.1315886378288269,0.1584186553955078,0.05317779630422592,-1.1359289288520813,0.37203431129455566,1.1656340211629868,1.5689730644226074,1.6494527459144592,-0.4136227071285248,0.8329446893185377,0.03956342115998268,2.1012991666793823,-0.6584050133824348,0.19851652905344963,0.31485697254538536,1.1636726558208466,-0.584238488227129,0.46581486240029335,0.6113705690950155,-2.0862877368927,-1.6273397952318192,0.9630169719457626,0.7820376195013523,3.0,3.0,3.0,3.0,3.0,3.0,3.0,3.0,3.0,3.0,3.0,3.0,3.0,3.0,3.0,3.0,3.0,3.0,3.0,3.0,0.05,0.05,0.05,0.05,0.05,0.05,0.05,0.05,0.05,0.05,0.05,0.05,0.05,0.05,0.05,0.05,0.05,0.05,0.05,0.05,0.0,0.0,0.0,0.0,0.0,0.0,0.0,0.0,0.0,0.0,0.0,0.0,0.0,0.0,0.0,0.0,0.0,0.0,0.0,0.0,0.2618185579776764,0.4855429232120514,0.1857512891292572,0.058531321585178375,0.2439705729484558,-0.05456274002790451,0.10201393067836761,0.03773944452404976,0.2912599444389343,-0.10499680787324905,0.04101807624101639,0.06783398985862732,0.26845672726631165,-0.028563551604747772,0.026300758123397827,0.15666848421096802,0.38524913787841797,-0.17820388078689575,0.024934878572821617,0.029284652322530746,-0.41118934750556946,0.597015768289566,4.1246188804507256,4.779696092009544,3.1437113881111145,0.4735429771244526,2.2041182965040207,0.5057638511061668,3.598238155245781,0.25960374623537064,0.5904557183384895,0.3704771399497986,3.0320029705762863,0.4135959781706333,0.7756948005408049,-1.2849938124418259,0.8529171347618103,1.3055767863988876,0.6616676226258278,0.7520071929320693,3.0,3.0,3.0,3.0,3.0,3.0,3.0,3.0,3.0,3.0,3.0,3.0,3.0,3.0,3.0,3.0,3.0,3.0,3.0,3.0,0.05,0.05,0.05,0.05,0.05,0.05,0.05,0.05,0.05,0.05,0.05,0.05,0.05,0.05,0.05,0.05,0.05,0.05,0.05,0.05,0.0,0.0,0.0,0.0,0.0,0.0,0.0,0.0,0.0,0.0,0.0,0.0,0.0,0.0,0.0,0.0,0.0,0.0,0.0,0.0
0.3690553605556488,0.2891714870929718,0.14092351496219635,0.18779996037483215,0.359559565782547,-0.11495693027973175,0.05614123493432999,0.036410436034202576,0.2884575128555298,0.006182070821523666,0.034240130335092545,0.036991044878959656,0.4489288926124573,0.0028693974018096924,0.06403229385614395,0.037334028631448746,0.7658036351203918,0.0946989357471466,0.18443554639816284,0.07116259634494781,1.2953832745552063,0.011248141527175903,0.9010935202240944,1.5399575233459473,2.5533661246299744,-0.6810614839196205,2.046024613082409,0.8275651838630438,3.635971248149872,-1.1253221426159143,0.9938484523445368,0.9995374828577042,2.1370410919189453,-1.189995650202036,1.4407530426979065,1.0605866089463234,-1.4587566256523132,-2.089259121567011,1.809513196349144,1.0425899177789688,3.0,3.0,3.0,3.0,3.0,3.0,3.0,3.0,3.0,3.0,3.0,3.0,3.0,3.0,3.0,3.0,3.0,3.0,3.0,3.0,0.05,0.05,0.05,0.05,0.05,0.05,0.05,0.05,0.05,0.05,0.05,0.05,0.05,0.05,0.05,0.05,0.05,0.05,0.05,0.05,0.0,0.0,0.0,0.0,0.0,0.0,0.0,0.0,0.0,0.0,0.0,0.0,0.0,0.0,0.0,0.0,0.0,0.0,0.0,0.0,0.28745901584625244,0.4906671345233917,0.25048696994781494,0.1538185179233551,0.3125287890434265,-0.0469827838242054,0.15226984024047852,0.07162187993526459,0.36458131670951843,-0.10074636340141296,0.059968046844005585,0.1051129698753357,0.33407020568847656,-0.01890726014971733,0.048502493649721146,0.13807269930839539,0.4025222659111023,-0.14471401274204254,0.06286516040563583,0.041064564138650894,2.13826447725296,0.068654865026474,2.999461442232132,4.4762978330254555,3.8087494671344757,0.8243490941822529,3.0871380120515823,1.8941364251077175,4.1879624128341675,0.4403723403811455,1.6396773979067802,2.0249269902706146,3.748945891857147,0.5693876883015037,1.7093710601329803,-0.41572488844394684,1.6165107488632202,1.6814317554235458,2.1709116641432047,0.6486658938229084,3.0,3.0,3.0,3.0,3.0,3.0,3.0,3.0,3.0,3.0,3.0,3.0,3.0,3.0,3.0,3.0,3.0,3.0,3.0,3.0,0.05,0.05,0.05,0.05,0.05,0.05,0.05,0.05,0.05,0.05,0.05,0.05,0.05,0.05,0.05,0.05,0.05,0.05,0.05,0.05,0.0,0.0,0.0,0.0,0.0,0.0,0.0,0.0,0.0,0.0,0.0,0.0,0.0,0.0,0.0,0.0,0.0,0.0,0.0,0.0
0.423692524433136,0.2736469507217407,0.1551547646522522,0.2284519374370575,0.4191707372665405,-0.13134106993675232,0.11201813817024231,0.06303451955318451,0.38046109676361084,-0.020370660349726677,0.060170385986566544,0.057540230453014374,0.5003036260604858,-0.026843151077628136,0.10418637096881866,0.06486999988555908,0.7410070896148682,0.04801827296614647,0.23079918324947357,0.09488139301538467,3.10075506567955,-0.7724881172180176,0.7601432502269745,2.031915634870529,3.265879303216934,-0.7457762956619263,3.016388602554798,1.4839693903923035,4.961889237165451,-1.0229401290416718,1.4914213679730892,1.1007271707057953,3.028373420238495,-1.4775092713534832,2.305654250085354,1.5268809162080288,-0.6746277213096619,-2.3459230549633503,2.6505082845687866,1.2340724468231201,3.0,3.0,3.0,3.0,3.0,3.0,3.0,3.0,3.0,3.0,3.0,3.0,3.0,3.0,3.0,3.0,3.0,3.0,3.0,3.0,0.05,0.05,0.05,0.05,0.05,0.05,0.05,0.05,0.05,0.05,0.05,0.05,0.05,0.05,0.05,0.05,0.05,0.05,0.05,0.05,0.0,0.0,0.0,0.0,0.0,0.0,0.0,0.0,0.0,0.0,0.0,0.0,0.0,0.0,0.0,0.0,0.0,0.0,0.0,0.0,0.3473491370677948,0.48828911781311035,0.3057297468185425,0.2375832349061966,0.39632055163383484,-0.021588776260614395,0.2254994511604309,0.11350490152835846,0.458778440952301,-0.08738191425800323,0.1066051721572876,0.1488310694694519,0.41841456294059753,-0.005788044072687626,0.09467560052871704,0.14003948867321014,0.4499095678329468,-0.11094661056995392,0.1117713451385498,0.05523128807544708,2.982039749622345,-0.248032808303833,2.5489993393421173,3.999088704586029,4.140819609165192,1.5511269681155682,3.80563884973526,2.1071288734674454,4.680470377206802,0.8466102182865143,2.5884130969643593,2.180655673146248,4.256622493267059,0.7126012118533254,2.541003655642271,0.392325222492218,2.6691317558288574,1.63378044962883,2.527224086225033,0.7075679488480091,3.0,3.0,3.0,3.0,3.0,3.0,3.0,3.0,3.0,3.0,3.0,3.0,3.0,3.0,3.0,3.0,3.0,3.0,3.0,3.0,0.05,0.05,0.05,0.05,0.05,0.05,0.05,0.05,0.05,0.05,0.05,0.05,0.05,0.05,0.05,0.05,0.05,0.05,0.05,0.05,0.0,0.0,0.0,0.0,0.0,0.0,0.0,0.0,0.0,0.0,0.0,0.0,0.0,0.0,0.0,0.0,0.0,0.0,0.0,0.0
0.4930855631828308,0.2582719624042511,0.17132924497127533,0.2690765857696533,0.49019473791122437,-0.1447879821062088,0.1767967790365219,0.09576921164989471,0.4869330823421478,-0.034735534340143204,0.09389698505401611,0.08102013170719147,0.5700638294219971,-0.056230973452329636,0.1562584638595581,0.0984092652797699,0.7388185262680054,0.0008620135486125946,0.2904558777809143,0.12052549421787262,3.318414092063904,-0.31096115708351135,0.8475448936223984,1.7885297536849976,3.785225749015808,-0.6483819335699081,3.225190192461014,1.6374841332435608,5.4284363985061646,-0.6705355364829302,1.8459445796906948,1.2374840676784515,3.707309067249298,-1.3244376052170992,2.6502829045057297,1.677761971950531,0.3601178526878357,-2.185714617371559,3.0076581984758377,1.255127601325512,3.0,3.0,3.0,3.0,3.0,3.0,3.0,3.0,3.0,3.0,3.0,3.0,3.0,3.0,3.0,3.0,3.0,3.0,3.0,3.0,0.05,0.05,0.05,0.05,0.05,0.05,0.05,0.05,0.05,0.05,0.05,0.05,0.05,0.05,0.05,0.05,0.05,0.05,0.05,0.05,0.0,0.0,0.0,0.0,0.0,0.0,0.0,0.0,0.0,0.0,0.0,0.0,0.0,0.0,0.0,0.0,0.0,0.0,0.0,0.0,0.40674060583114624,0.4807458221912384,0.35244694352149963,0.31378206610679626,0.4781615734100342,0.015062294900417328,0.3044953942298889,0.1559070348739624,0.5518001317977905,-0.06688195466995239,0.16350457072257996,0.1923391968011856,0.5043351054191589,0.009596788324415684,0.150142639875412,0.1537657082080841,0.5092875361442566,-0.07936279475688934,0.16395412385463715,0.06936728209257126,2.574441581964493,-0.41333436965942383,2.044573426246643,3.860289230942726,3.880106657743454,1.9454420544207096,3.881869465112686,2.0103398710489273,4.459771513938904,1.1754242703318596,2.9924388974905014,2.113494649529457,4.091397672891617,0.870945886708796,2.914479374885559,0.9783033281564713,3.07195782661438,1.5722651965916157,2.666940540075302,0.6561813876032829,3.0,3.0,3.0,3.0,3.0,3.0,3.0,3.0,3.0,3.0,3.0,3.0,3.0,3.0,3.0,3.0,3.0,3.0,3.0,3.0,0.05,0.05,0.05,0.05,0.05,0.05,0.05,0.05,0.05,0.05,0.05,0.05,0.05,0.05,0.05,0.05,0.05,0.05,0.05,0.05,0.0,0.0,0.0,0.0,0.0,0.0,0.0,0.0,0.0,0.0,0.0,0.0,0.0,0.0,0.0,0.0,0.0,0.0,0.0,0.0
0.5564290881156921,0.26120850443840027,0.18905656039714813,0.2999931275844574,0.5705797672271729,-0.15727634727954865,0.24102574586868286,0.12853388488292694,0.5975985527038574,-0.047192081809043884,0.13400816917419434,0.10703959316015244,0.6485959887504578,-0.0798206552863121,0.21019768714904785,0.13198047876358032,0.7554118037223816,-0.0394103117287159,0.3511055111885071,0.14508649706840515,2.8592735528945923,0.40300339460372925,0.9903471916913986,1.2968368828296661,4.156976938247681,-0.6045989692211151,3.1268227845430374,1.6252785921096802,5.603819340467453,-0.5250995047390461,2.089211344718933,1.3392642140388489,4.0714263916015625,-1.0295276530086994,2.6548758149147034,1.652606576681137,1.189979910850525,-1.7707222141325474,2.9678165912628174,1.1711746454238892,3.0,3.0,3.0,3.0,3.0,3.0,3.0,3.0,3.0,3.0,3.0,3.0,3.0,3.0,3.0,3.0,3.0,3.0,3.0,3.0,0.05,0.05,0.05,0.05,0.05,0.05,0.05,0.05,0.05,0.05,0.05,0.05,0.05,0.05,0.05,0.05,0.05,0.05,0.05,0.05,0.0,0.0,0.0,0.0,0.0,0.0,0.0,0.0,0.0,0.0,0.0,0.0,0.0,0.0,0.0,0.0,0.0,0.0,0.0,0.0,0.4503268003463745,0.4717557430267334,0.3875126838684082,0.39199480414390564,0.551524817943573,0.05622890591621399,0.38077422976493835,0.19391849637031555,0.6371693015098572,-0.04036494344472885,0.22630272805690765,0.2333708554506302,0.5820704698562622,0.029049791395664215,0.2112547755241394,0.179171621799469,0.572787880897522,-0.04805600270628929,0.2184489667415619,0.0814785435795784,1.9979357719421387,-0.41759610176086426,1.5891775488853455,3.857538104057312,3.5772353410720825,1.9502883777022362,3.617231547832489,1.778879389166832,4.145871102809906,1.3495482970029116,3.0887529253959656,1.9464794546365738,3.837135434150696,0.9835920995101333,3.0701078474521637,1.3802800327539444,3.263986110687256,1.5423471573740244,2.7521301060914993,0.642659142613411,3.0,3.0,3.0,3.0,3.0,3.0,3.0,3.0,3.0,3.0,3.0,3.0,3.0,3.0,3.0,3.0,3.0,3.0,3.0,3.0,0.05,0.05,0.05,0.05,0.05,0.05,0.05,0.05,0.05,0.05,0.05,0.05,0.05,0.05,0.05,0.05,0.05,0.05,0.05,0.05,0.0,0.0,0.0,0.0,0.0,0.0,0.0,0.0,0.0,0.0,0.0,0.0,0.0,0.0,0.0,0.0,0.0,0.0,0.0,0.0
0.6074565052986145,0.27439209818840027,0.21094313263893127,0.32095006108283997,0.6564738154411316,-0.1689719408750534,0.3018696904182434,0.16078035533428192,0.711085855960846,-0.05573951452970505,0.17746543884277344,0.13459070026874542,0.7329208850860596,-0.09741207957267761,0.26245349645614624,0.16451352834701538,0.7864177227020264,-0.0699668750166893,0.409168541431427,0.16737248003482819,2.2423088550567627,0.4534006118774414,1.0934744030237198,0.9356185793876648,4.048413038253784,-0.4710335284471512,2.354089170694351,1.450185477733612,5.385179817676544,-0.3136415034532547,1.6887415200471878,1.2836279347538948,4.1091471910476685,-0.6576159968972206,2.2075362503528595,1.6133010387420654,1.5886768698692322,-1.1378808878362179,2.568318694829941,0.84046870470047,3.0,3.0,3.0,3.0,3.0,3.0,3.0,3.0,3.0,3.0,3.0,3.0,3.0,3.0,3.0,3.0,3.0,3.0,3.0,3.0,0.05,0.05,0.05,0.05,0.05,0.05,0.05,0.05,0.05,0.05,0.05,0.05,0.05,0.05,0.05,0.05,0.05,0.05,0.05,0.05,0.0,0.0,0.0,0.0,0.0,0.0,0.0,0.0,0.0,0.0,0.0,0.0,0.0,0.0,0.0,0.0,0.0,0.0,0.0,0.0,0.4866580367088318,0.46404197812080383,0.41601404547691345,0.46808359026908875,0.6212509870529175,0.09307383000850677,0.4491846561431885,0.22706221044063568,0.7176349759101868,-0.01290002278983593,0.2870546877384186,0.27019837498664856,0.6578205227851868,0.048940472304821014,0.27294695377349854,0.20897690951824188,0.6398469805717468,-0.017668908461928368,0.2740393280982971,0.0950736477971077,2.0910650491714478,-1.053406298160553,0.7666930556297302,3.4391291439533234,3.406614065170288,1.9313588738441467,3.100714832544327,1.4033570885658264,3.9686188101768494,1.5112726483494043,2.784546837210655,1.5392821282148361,3.7343159317970276,1.1966196820139885,2.902144193649292,1.4783531427383423,3.2557442784309387,1.7315575387328863,3.199518471956253,0.7589159533381462,3.0,3.0,3.0,3.0,3.0,3.0,3.0,3.0,3.0,3.0,3.0,3.0,3.0,3.0,3.0,3.0,3.0,3.0,3.0,3.0,0.05,0.05,0.05,0.05,0.05,0.05,0.05,0.05,0.05,0.05,0.05,0.05,0.05,0.05,0.05,0.05,0.05,0.05,0.05,0.05,0.0,0.0,0.0,0.0,0.0,0.0,0.0,0.0,0.0,0.0,0.0,0.0,0.0,0.0,0.0,0.0,0.0,0.0,0.0,0.0
0.6461214423179626,0.2793445289134979,0.23279553651809692,0.337417870759964,0.7325162887573242,-0.1761176884174347,0.3351893126964569,0.18654130399227142,0.8130057454109192,-0.05973774194717407,0.20155782997608185,0.15838471055030823,0.8129618763923645,-0.10612529516220093,0.29849913716316223,0.19651252031326294,0.8189588785171509,-0.08492554724216461,0.4538382589817047,0.17870524525642395,1.5118584036827087,0.3014691174030304,1.1759482324123383,0.9822949767112732,3.41072678565979,-0.19600354135036469,1.3738565146923065,1.140076294541359,4.580353200435638,-0.10444819927215576,1.0049514472484589,1.0825257748365402,3.636021912097931,-0.35387929528951645,1.6131110489368439,1.5075728297233582,1.5972033143043518,-0.6343444809317589,2.0464152097702026,0.507933646440506,3.0,3.0,3.0,3.0,3.0,3.0,3.0,3.0,3.0,3.0,3.0,3.0,3.0,3.0,3.0,3.0,3.0,3.0,3.0,3.0,0.05,0.05,0.05,0.05,0.05,0.05,0.05,0.05,0.05,0.05,0.05,0.05,0.05,0.05,0.05,0.05,0.05,0.05,0.05,0.05,0.0,0.0,0.0,0.0,0.0,0.0,0.0,0.0,0.0,0.0,0.0,0.0,0.0,0.0,0.0,0.0,0.0,0.0,0.0,0.0,0.5339694023132324,0.4296194911003113,0.4181804060935974,0.5295599699020386,0.6877893805503845,0.13348326086997986,0.5048028230667114,0.2500527799129486,0.7959140539169312,0.020085962489247322,0.33768460154533386,0.29494214057922363,0.7314431071281433,0.07691457867622375,0.3273405432701111,0.23830574750900269,0.7030176520347595,0.02120629884302616,0.346429705619812,0.11183518171310425,2.6780396699905396,-2.2188089787960052,-0.41119083762168884,2.6884399354457855,3.3701732754707336,1.9527975469827652,2.4696677923202515,0.8991461247205734,3.9800122380256653,1.6283543314784765,2.212599664926529,0.9481146931648254,3.7624239921569824,1.4393214136362076,2.5025449693202972,1.3270508497953415,3.1673744320869446,1.9796315114945173,3.896552324295044,0.8457569405436516,3.0,3.0,3.0,3.0,3.0,3.0,3.0,3.0,3.0,3.0,3.0,3.0,3.0,3.0,3.0,3.0,3.0,3.0,3.0,3.0,0.05,0.05,0.05,0.05,0.05,0.05,0.05,0.05,0.05,0.05,0.05,0.05,0.05,0.05,0.05,0.05,0.05,0.05,0.05,0.05,0.0,0.0,0.0,0.0,0.0,0.0,0.0,0.0,0.0,0.0,0.0,0.0,0.0,0.0,0.0,0.0,0.0,0.0,0.0,0.0
0.6679308414459229,0.2864508628845215,0.2579810619354248,0.3602418601512909,0.7929028868675232,-0.176812082529068,0.35682395100593567,0.20638340711593628,0.8942999839782715,-0.05991744250059128,0.2176634967327118,0.17789173126220703,0.8783617615699768,-0.11156725138425827,0.32697793841362,0.2248164415359497,0.8503058552742004,-0.09534065425395966,0.4910251498222351,0.18768982589244843,1.0115519165992737,0.45272335410118103,1.0935187339782715,1.0009795427322388,2.6339128613471985,0.10093934834003448,0.6724722683429718,0.7886562496423721,3.518591821193695,0.10447455570101738,0.4792984575033188,0.8452519774436951,2.8370201587677,-0.09560193866491318,1.0698743164539337,1.294577494263649,1.3297289609909058,-0.273871049284935,1.5582390129566193,0.34037381410598755,3.0,3.0,3.0,3.0,3.0,3.0,3.0,3.0,3.0,3.0,3.0,3.0,3.0,3.0,3.0,3.0,3.0,3.0,3.0,3.0,0.05,0.05,0.05,0.05,0.05,0.05,0.05,0.05,0.05,0.05,0.05,0.05,0.05,0.05,0.05,0.05,0.05,0.05,0.05,0.05,0.0,0.0,0.0,0.0,0.0,0.0,0.0,0.0,0.0,0.0,0.0,0.0,0.0,0.0,0.0,0.0,0.0,0.0,0.0,0.0,0.5937796235084534,0.3752896189689636,0.3995664119720459,0.5756211876869202,0.7560579180717468,0.17118573188781738,0.5479713678359985,0.2630280554294586,0.8768354654312134,0.05223415046930313,0.37555867433547974,0.3081229627132416,0.8083174824714661,0.10651332885026932,0.3730487525463104,0.26205894351005554,0.7665419578552246,0.061516351997852325,0.4299014210700989,0.12890392541885376,3.2172992825508118,-2.7707017958164215,-1.1153481900691986,1.6523346304893494,3.177545964717865,1.4785058796405792,1.7061874270439148,0.40733739733695984,3.8201451301574707,1.2794592883437872,1.3866633176803589,0.36343634128570557,3.6073341965675354,1.2354623526334763,1.798490434885025,0.9275361895561218,2.958054840564728,1.836783206090331,3.7649042904376984,0.6170477718114853,3.0,3.0,3.0,3.0,3.0,3.0,3.0,3.0,3.0,3.0,3.0,3.0,3.0,3.0,3.0,3.0,3.0,3.0,3.0,3.0,0.05,0.05,0.05,0.05,0.05,0.05,0.05,0.05,0.05,0.05,0.05,0.05,0.05,0.05,0.05,0.05,0.05,0.05,0.05,0.05,0.0,0.0,0.0,0.0,0.0,0.0,0.0,0.0,0.0,0.0,0.0,0.0,0.0,0.0,0.0,0.0,0.0,0.0,0.0,0.0
0.6865835189819336,0.29745346307754517,0.2765362858772278,0.37745705246925354,0.8378728032112122,-0.1720801144838333,0.3620882034301758,0.2180875539779663,0.953749418258667,-0.05555875971913338,0.2207297682762146,0.19219478964805603,0.9264426827430725,-0.10994937270879745,0.3412941098213196,0.2482956200838089,0.8721480369567871,-0.09588038921356201,0.5161678194999695,0.19232019782066345,1.1745795607566833,0.5265921354293823,0.7426589727401733,0.49535632133483887,2.0909562706947327,0.4917081445455551,-0.21307840943336487,0.32552704215049744,2.576787769794464,0.5092538893222809,-0.19949786365032196,0.6292287260293961,2.065695822238922,0.2951622009277344,0.18404200673103333,1.0347448289394379,0.9638756513595581,0.11642575263977051,1.020863652229309,0.20672231912612915,3.0,3.0,3.0,3.0,3.0,3.0,3.0,3.0,3.0,3.0,3.0,3.0,3.0,3.0,3.0,3.0,3.0,3.0,3.0,3.0,0.05,0.05,0.05,0.05,0.05,0.05,0.05,0.05,0.05,0.05,0.05,0.05,0.05,0.05,0.05,0.05,0.05,0.05,0.05,0.05,0.0,0.0,0.0,0.0,0.0,0.0,0.0,0.0,0.0,0.0,0.0,0.0,0.0,0.0,0.0,0.0,0.0,0.0,0.0,0.0,0.6626613736152649,0.3187914192676544,0.37356647849082947,0.5956533551216125,0.8148912191390991,0.19262349605560303,0.573050320148468,0.266346275806427,0.94871985912323,0.07126433402299881,0.3931511342525482,0.30947959423065186,0.8757364749908447,0.1263330727815628,0.3992801606655121,0.27540719509124756,0.8213398456573486,0.0946776270866394,0.49702587723731995,0.13651709258556366,3.576257824897766,-2.697436511516571,-1.3481996953487396,0.28287768363952637,2.506425976753235,0.8491046726703644,0.8615419268608093,0.012662261724472046,3.00866961479187,0.7454697042703629,0.4374109208583832,-0.1254536211490631,2.8304249048233032,0.8166925981640816,0.8619554340839386,0.4541464149951935,2.2773832082748413,1.4217633754014969,2.7801349759101868,0.1862596720457077,3.0,3.0,3.0,3.0,3.0,3.0,3.0,3.0,3.0,3.0,3.0,3.0,3.0,3.0,3.0,3.0,3.0,3.0,3.0,3.0,0.05,0.05,0.05,0.05,0.05,0.05,0.05,0.05,0.05,0.05,0.05,0.05,0.05,0.05,0.05,0.05,0.05,0.05,0.05,0.05,0.0,0.0,0.0,0.0,0.0,0.0,0.0,0.0,0.0,0.0,0.0,0.0,0.0,0.0,0.0,0.0,0.0,0.0,0.0,0.0
0.7149140238761902,0.3075145483016968,0.28768742084503174,0.38005611300468445,0.8765411376953125,-0.1571437567472458,0.3483008146286011,0.21940448880195618,0.99737149477005,-0.03954728692770004,0.2096835821866989,0.20306088030338287,0.9609895944595337,-0.0997607633471489,0.33433961868286133,0.2662062346935272,0.8888608813285828,-0.09068362414836884,0.5318596959114075,0.1959587186574936,1.3080745935440063,0.4865027964115143,0.3221534192562103,0.32401010394096375,1.579567790031433,0.7289987057447433,-0.8971229195594788,-0.08058622479438782,1.6292870044708252,0.7194599136710167,-0.7872812449932098,0.39828531444072723,1.3682708144187927,0.5127964541316032,-0.6007127463817596,0.7276464253664017,0.6385698914527893,0.4252208396792412,0.5876809358596802,0.13657398521900177,3.0,3.0,3.0,3.0,3.0,3.0,3.0,3.0,3.0,3.0,3.0,3.0,3.0,3.0,3.0,3.0,3.0,3.0,3.0,3.0,0.05,0.05,0.05,0.05,0.05,0.05,0.05,0.05,0.05,0.05,0.05,0.05,0.05,0.05,0.05,0.05,0.05,0.05,0.05,0.05,0.0,0.0,0.0,0.0,0.0,0.0,0.0,0.0,0.0,0.0,0.0,0.0,0.0,0.0,0.0,0.0,0.0,0.0,0.0,0.0,0.736829936504364,0.2673921585083008,0.3456384241580963,0.5869362950325012,0.8563149571418762,0.20514991879463196,0.5824330449104309,0.2635345458984375,0.9971822500228882,0.08205293864011765,0.39305511116981506,0.30310481786727905,0.9215344786643982,0.13918103277683258,0.40752696990966797,0.2802248001098633,0.8576372861862183,0.1183868870139122,0.5411068201065063,0.13635431230068207,3.917887806892395,-2.2390395402908325,-1.2740939855575562,-0.9136021137237549,2.137914299964905,-0.06851702928543091,-0.1705452799797058,-0.3817752003669739,2.3734450340270996,-0.07345657795667648,-0.753532350063324,-0.6497219204902649,2.2082149982452393,0.10731257498264313,-0.314447283744812,-0.013931095600128174,1.873825490474701,0.6809663027524948,1.4775119721889496,-0.32325703650712967,3.0,3.0,3.0,3.0,3.0,3.0,3.0,3.0,3.0,3.0,3.0,3.0,3.0,3.0,3.0,3.0,3.0,3.0,3.0,3.0,0.05,0.05,0.05,0.05,0.05,0.05,0.05,0.05,0.05,0.05,0.05,0.05,0.05,0.05,0.05,0.05,0.05,0.05,0.05,0.05,0.0,0.0,0.0,0.0,0.0,0.0,0.0,0.0,0.0,0.0,0.0,0.0,0.0,0.0,0.0,0.0,0.0,0.0,0.0,0.0
0.7389065027236938,0.31691357493400574,0.2894224226474762,0.3904174566268921,0.9010555148124695,-0.14292016625404358,0.32620328664779663,0.2148641049861908,1.0189208984375,-0.02678036317229271,0.1892385184764862,0.20812620222568512,0.9811735153198242,-0.08943751454353333,0.3172655999660492,0.27740147709846497,0.8976908326148987,-0.07887155562639236,0.5396750569343567,0.19778315722942352,1.3535380363464355,0.4006333649158478,-0.14343932271003723,0.35025477409362793,1.1318907141685486,0.6200503557920456,-1.5621654689311981,-0.5183521658182144,0.8451417088508606,0.5331193096935749,-1.2493159621953964,0.108318030834198,1.0946094989776611,0.30983947217464447,-1.0905377566814423,0.4257291555404663,0.59194415807724,0.198475643992424,0.129757821559906,-0.02548918128013611,3.0,3.0,3.0,3.0,3.0,3.0,3.0,3.0,3.0,3.0,3.0,3.0,3.0,3.0,3.0,3.0,3.0,3.0,3.0,3.0,0.05,0.05,0.05,0.05,0.05,0.05,0.05,0.05,0.05,0.05,0.05,0.05,0.05,0.05,0.05,0.05,0.05,0.05,0.05,0.05,0.0,0.0,0.0,0.0,0.0,0.0,0.0,0.0,0.0,0.0,0.0,0.0,0.0,0.0,0.0,0.0,0.0,0.0,0.0,0.0,0.8193768858909607,0.22922983765602112,0.3226027190685272,0.5591092705726624,0.9004077911376953,0.1898828148841858,0.5662285089492798,0.25107526779174805,1.043657660484314,0.06832607090473175,0.36300984025001526,0.28349071741104126,0.9640650749206543,0.13062557578086853,0.3867022693157196,0.27484995126724243,0.8962928652763367,0.1219162791967392,0.5561263561248779,0.12358681112527847,3.7467852234840393,-1.770283654332161,-1.0852687060832977,-1.432289183139801,2.042093873023987,-0.6196592003107071,-1.591867208480835,-1.081123948097229,1.9661515951156616,-0.4681341350078583,-1.8761374056339264,-1.1420786380767822,1.805470883846283,-0.2641592174768448,-1.3549067080020905,-0.37154480814933777,2.0118921995162964,0.3331279382109642,0.3011941909790039,-0.8154718205332756,3.0,3.0,3.0,3.0,3.0,3.0,3.0,3.0,3.0,3.0,3.0,3.0,3.0,3.0,3.0,3.0,3.0,3.0,3.0,3.0,0.05,0.05,0.05,0.05,0.05,0.05,0.05,0.05,0.05,0.05,0.05,0.05,0.05,0.05,0.05,0.05,0.05,0.05,0.05,0.05,0.0,0.0,0.0,0.0,0.0,0.0,0.0,0.0,0.0,0.0,0.0,0.0,0.0,0.0,0.0,0.0,0.0,0.0,0.0,0.0
0.7690555453300476,0.3235398828983307,0.28194984793663025,0.39406630396842957,0.9218167662620544,-0.13234174251556396,0.28581419587135315,0.1986704021692276,1.0311771631240845,-0.018222514539957047,0.15971094369888306,0.2073936015367508,1.0047739744186401,-0.08736718446016312,0.29071810841560364,0.2832354009151459,0.9125386476516724,-0.08274459838867188,0.5370500087738037,0.19493915140628815,1.738905906677246,0.22427737712860107,-0.614812970161438,-0.013253092765808105,0.9513303637504578,0.42088814079761505,-2.145640179514885,-0.9071357548236847,0.42338669300079346,0.1616672147065401,-1.5374809503555298,-0.170024111866951,1.122504472732544,-0.20507462322711945,-1.3506896793842316,0.1751527190208435,0.8515298366546631,-0.4686117172241211,-0.29058754444122314,-0.26290081441402435,3.0,3.0,3.0,3.0,3.0,3.0,3.0,3.0,3.0,3.0,3.0,3.0,3.0,3.0,3.0,3.0,3.0,3.0,3.0,3.0,0.05,0.05,0.05,0.05,0.05,0.05,0.05,0.05,0.05,0.05,0.05,0.05,0.05,0.05,0.05,0.05,0.05,0.05,0.05,0.05,0.0,0.0,0.0,0.0,0.0,0.0,0.0,0.0,0.0,0.0,0.0,0.0,0.0,0.0,0.0,0.0,0.0,0.0,0.0,0.0,0.8867013454437256,0.19658081233501434,0.3022276759147644,0.5296447277069092,0.9379987120628357,0.18036355078220367,0.5187583565711975,0.22028958797454834,1.0758283138275146,0.06332757323980331,0.318009614944458,0.25742167234420776,0.9937533140182495,0.1286146640777588,0.35333070158958435,0.26536300778388977,0.9381129741668701,0.13171200454235077,0.5531545877456665,0.10373543947935104,3.143531084060669,-1.5348825603723526,-0.9972482919692993,-1.4863349497318268,1.7438128590583801,-0.430065393447876,-2.922062575817108,-1.8709175288677216,1.3073921203613281,-0.2568853087723255,-2.429313212633133,-1.4407675713300705,1.2241601943969727,-0.033450499176979065,-1.8041081726551056,-0.5910806357860565,2.03351229429245,0.4506159573793411,-0.5117416381835938,-0.8745905011892319,3.0,3.0,3.0,3.0,3.0,3.0,3.0,3.0,3.0,3.0,3.0,3.0,3.0,3.0,3.0,3.0,3.0,3.0,3.0,3.0,0.05,0.05,0.05,0.05,0.05,0.05,0.05,0.05,0.05,0.05,0.05,0.05,0.05,0.05,0.05,0.05,0.05,0.05,0.05,0.05,0.0,0.0,0.0,0.0,0.0,0.0,0.0,0.0,0.0,0.0,0.0,0.0,0.0,0.0,0.0,0.0,0.0,0.0,0.0,0.0
0.8084627389907837,0.3258846700191498,0.2648299038410187,0.38988733291625977,0.9391087293624878,-0.12608464062213898,0.24037767946720123,0.1785786747932434,1.0358563661575317,-0.020313674584031105,0.12773928046226501,0.20132523775100708,1.026073694229126,-0.0976404994726181,0.26323801279067993,0.2844075858592987,0.9317520260810852,-0.09761602431535721,0.5280515551567078,0.18726712465286255,1.7648011445999146,0.04806146025657654,-0.8123937994241714,-0.360020250082016,0.7948294281959534,0.27229320257902145,-2.273094654083252,-1.0145626962184906,0.03826916217803955,-0.15496909618377686,-1.4027008786797523,-0.38274116814136505,1.0758310556411743,-0.608510710299015,-1.2884099036455154,0.00452771782875061,1.0629475116729736,-0.6878715008497238,-0.5360856652259827,-0.4713326692581177,3.0,3.0,3.0,3.0,3.0,3.0,3.0,3.0,3.0,3.0,3.0,3.0,3.0,3.0,3.0,3.0,3.0,3.0,3.0,3.0,0.05,0.05,0.05,0.05,0.05,0.05,0.05,0.05,0.05,0.05,0.05,0.05,0.05,0.05,0.05,0.05,0.05,0.05,0.05,0.05,0.0,0.0,0.0,0.0,0.0,0.0,0.0,0.0,0.0,0.0,0.0,0.0,0.0,0.0,0.0,0.0,0.0,0.0,0.0,0.0,0.9451181292533875,0.16783453524112701,0.28271278738975525,0.4996558725833893,0.9701603055000305,0.17268019914627075,0.44934600591659546,0.17623856663703918,1.095953345298767,0.05805065855383873,0.26583731174468994,0.22586001455783844,1.0130314826965332,0.12928755581378937,0.3145379424095154,0.25120672583580017,0.9776333570480347,0.13994091749191284,0.5356566905975342,0.0886031910777092,2.7994304895401,-1.503891870379448,-0.9194396436214447,-1.42907053232193,1.5306726098060608,-0.35903453826904297,-3.446439653635025,-1.9485369324684143,0.8541375398635864,-0.16221990808844566,-2.4658016860485077,-1.4986392110586166,0.8684605360031128,0.11144056916236877,-1.8095843493938446,-0.6779957562685013,1.920422911643982,0.45352205634117126,-0.9650737047195435,-0.8405670523643494,3.0,3.0,3.0,3.0,3.0,3.0,3.0,3.0,3.0,3.0,3.0,3.0,3.0,3.0,3.0,3.0,3.0,3.0,3.0,3.0,0.05,0.05,0.05,0.05,0.05,0.05,0.05,0.05,0.05,0.05,0.05,0.05,0.05,0.05,0.05,0.05,0.05,0.05,0.05,0.05,0.0,0.0,0.0,0.0,0.0,0.0,0.0,0.0,0.0,0.0,0.0,0.0,0.0,0.0,0.0,0.0,0.0,0.0,0.0,0.0
0.8396475911140442,0.32546234130859375,0.2494540959596634,0.3796654939651489,0.9536099433898926,-0.1214500144124031,0.19489040970802307,0.15808789432048798,1.032707929611206,-0.02442127838730812,0.10360290855169296,0.1920839548110962,1.047807216644287,-0.11170761287212372,0.23918171226978302,0.2834165096282959,0.9550565481185913,-0.11025945842266083,0.5156065821647644,0.17608584463596344,1.655137538909912,-0.016066431999206543,-0.7418759167194366,-1.6811400651931763,0.8199170231819153,0.13378877192735672,-2.1507535129785538,-0.937328115105629,0.015112757682800293,-0.17983880825340748,-1.1489331722259521,-0.45762620866298676,1.0370820760726929,-0.6023440510034561,-1.1674445122480392,-0.09184703230857849,1.1525526642799377,-0.5883332341909409,-0.9180568158626556,-0.7716193795204163,3.0,3.0,3.0,3.0,3.0,3.0,3.0,3.0,3.0,3.0,3.0,3.0,3.0,3.0,3.0,3.0,3.0,3.0,3.0,3.0,0.05,0.05,0.05,0.05,0.05,0.05,0.05,0.05,0.05,0.05,0.05,0.05,0.05,0.05,0.05,0.05,0.05,0.05,0.05,0.05,0.0,0.0,0.0,0.0,0.0,0.0,0.0,0.0,0.0,0.0,0.0,0.0,0.0,0.0,0.0,0.0,0.0,0.0,0.0,0.0,0.9986785650253296,0.13642513751983643,0.2654500901699066,0.472481906414032,0.9992256164550781,0.16600216925144196,0.3809007704257965,0.14234811067581177,1.109993815422058,0.05683877691626549,0.2193775475025177,0.1974761039018631,1.028491735458374,0.13307228684425354,0.28094732761383057,0.23824317753314972,1.0149298906326294,0.14985288679599762,0.5145516395568848,0.07011275738477707,2.3713067173957825,-1.5361350029706955,-0.7467299699783325,-1.4583833515644073,1.6384556889533997,-0.2858683466911316,-3.153037279844284,-1.5268592163920403,0.7716625928878784,-0.074826180934906,-2.0304393023252487,-1.2330248951911926,0.8782297372817993,0.13130046427249908,-1.4259837567806244,-0.5332302302122116,1.9351810216903687,0.43341368436813354,-1.0539300739765167,-0.8077283389866352,3.0,3.0,3.0,3.0,3.0,3.0,3.0,3.0,3.0,3.0,3.0,3.0,3.0,3.0,3.0,3.0,3.0,3.0,3.0,3.0,0.05,0.05,0.05,0.05,0.05,0.05,0.05,0.05,0.05,0.05,0.05,0.05,0.05,0.05,0.05,0.05,0.05,0.05,0.05,0.05,0.0,0.0,0.0,0.0,0.0,0.0,0.0,0.0,0.0,0.0,0.0,0.0,0.0,0.0,0.0,0.0,0.0,0.0,0.0,0.0
0.8746682405471802,0.3252420127391815,0.2351548671722412,0.3226417303085327,0.9719054102897644,-0.12073308974504471,0.15434753894805908,0.14108555018901825,1.0364608764648438,-0.027507226914167404,0.08178195357322693,0.1830201894044876,1.0675569772720337,-0.12173426151275635,0.21654023230075836,0.28073370456695557,0.9778541326522827,-0.12114935368299484,0.49132928252220154,0.1564023494720459,1.8876001238822937,-0.13193190097808838,-0.6316538900136948,-3.018837422132492,0.9349748492240906,0.0673128291964531,-1.7582416534423828,-0.7468607276678085,0.2812892198562622,-0.09237085469067097,-0.8996497839689255,-0.38594380021095276,0.8265137672424316,-0.42711496353149414,-1.0626059025526047,-0.13544633984565735,1.0639235377311707,-0.5053073167800903,-1.1442378163337708,-0.924498587846756,3.0,3.0,3.0,3.0,3.0,3.0,3.0,3.0,3.0,3.0,3.0,3.0,3.0,3.0,3.0,3.0,3.0,3.0,3.0,3.0,0.05,0.05,0.05,0.05,0.05,0.05,0.05,0.05,0.05,0.05,0.05,0.05,0.05,0.05,0.05,0.05,0.05,0.05,0.05,0.05,0.0,0.0,0.0,0.0,0.0,0.0,0.0,0.0,0.0,0.0,0.0,0.0,0.0,0.0,0.0,0.0,0.0,0.0,0.0,0.0,1.0399703979492188,0.1063891351222992,0.25284358859062195,0.441320538520813,1.0356985330581665,0.1612454652786255,0.3232245147228241,0.11516419798135757,1.1268198490142822,0.05505761131644249,0.18461973965168,0.17653901875019073,1.0481606721878052,0.13453957438468933,0.2574985921382904,0.2298775166273117,1.0550405979156494,0.15727746486663818,0.4934994876384735,0.05629405751824379,1.925542950630188,-1.3323822990059853,-0.4881322383880615,-1.5766620635986328,1.7910778522491455,-0.25317296385765076,-2.586250752210617,-1.2267997488379478,0.9144991636276245,-0.10063359513878822,-1.4788378030061722,-0.8879218250513077,1.011088490486145,0.09806901216506958,-0.9854946285486221,-0.3333818167448044,1.912042498588562,0.41534751653671265,-0.9963177144527435,-0.6016023457050323,3.0,3.0,3.0,3.0,3.0,3.0,3.0,3.0,3.0,3.0,3.0,3.0,3.0,3.0,3.0,3.0,3.0,3.0,3.0,3.0,0.05,0.05,0.05,0.05,0.05,0.05,0.05,0.05,0.05,0.05,0.05,0.05,0.05,0.05,0.05,0.05,0.05,0.05,0.05,0.05,0.0,0.0,0.0,0.0,0.0,0.0,0.0,0.0,0.0,0.0,0.0,0.0,0.0,0.0,0.0,0.0,0.0,0.0,0.0,0.0
0.9151515960693359,0.3201850652694702,0.2241879403591156,0.25891199707984924,0.9910089373588562,-0.11875750124454498,0.12456074357032776,0.12821346521377563,1.0439594984054565,-0.02811611257493496,0.06761691719293594,0.17664620280265808,1.0808677673339844,-0.12879221141338348,0.19667747616767883,0.2779986560344696,0.9976134896278381,-0.13047175109386444,0.4698370695114136,0.1391059011220932,2.274489402770996,-0.5331836640834808,-0.5114760249853134,-2.9135923832654953,1.1310085654258728,0.21500587463378906,-1.2977121397852898,-0.5157915875315666,0.5433201789855957,0.11595510877668858,-0.5484862253069878,-0.23189187049865723,0.7256507873535156,-0.22998787462711334,-0.829736515879631,-0.08080750703811646,0.9541809558868408,-0.4682423546910286,-1.106998324394226,-0.8803399279713631,3.0,3.0,3.0,3.0,3.0,3.0,3.0,3.0,3.0,3.0,3.0,3.0,3.0,3.0,3.0,3.0,3.0,3.0,3.0,3.0,0.05,0.05,0.05,0.05,0.05,0.05,0.05,0.05,0.05,0.05,0.05,0.05,0.05,0.05,0.05,0.05,0.05,0.05,0.05,0.05,0.0,0.0,0.0,0.0,0.0,0.0,0.0,0.0,0.0,0.0,0.0,0.0,0.0,0.0,0.0,0.0,0.0,0.0,0.0,0.0,1.075700283050537,0.08312984555959702,0.24592480063438416,0.40941542387008667,1.070868730545044,0.15587525069713593,0.2774507403373718,0.09327612072229385,1.146573781967163,0.05281343311071396,0.1602240353822708,0.1619592308998108,1.0689352750778198,0.13699504733085632,0.24152754247188568,0.22490790486335754,1.0914115905761719,0.16646678745746613,0.474698930978775,0.046048663556575775,1.6369760036468506,-1.0002167895436287,-0.3178555518388748,-1.738247275352478,1.8152356147766113,-0.1833152025938034,-1.9550271332263947,-0.9075578302145004,1.0652780532836914,-0.054473988711833954,-0.9629838168621063,-0.5593821406364441,1.070830225944519,0.107632577419281,-0.634300708770752,-0.160231813788414,1.6924291849136353,0.4395507276058197,-0.9230978786945343,-0.4269215278327465,3.0,3.0,3.0,3.0,3.0,3.0,3.0,3.0,3.0,3.0,3.0,3.0,3.0,3.0,3.0,3.0,3.0,3.0,3.0,3.0,0.05,0.05,0.05,0.05,0.05,0.05,0.05,0.05,0.05,0.05,0.05,0.05,0.05,0.05,0.05,0.05,0.05,0.05,0.05,0.05,0.0,0.0,0.0,0.0,0.0,0.0,0.0,0.0,0.0,0.0,0.0,0.0,0.0,0.0,0.0,0.0,0.0,0.0,0.0,0.0
0.96564781665802,0.3039146661758423,0.21469582617282867,0.2060980349779129,1.0171457529067993,-0.11213285475969315,0.10243905335664749,0.12045388668775558,1.0581936836242676,-0.02286902256309986,0.05984250456094742,0.17374451458454132,1.0965830087661743,-0.13093377649784088,0.18335077166557312,0.2775014042854309,1.0160213708877563,-0.139879047870636,0.4470493495464325,0.12118875235319138,2.2533565759658423,-0.8644558489322496,-0.35452023148536266,-2.3621946573257024,1.288007199764224,0.37394408136605417,-1.057706959545592,-0.32236874103545693,0.7590681314468217,0.30275839380919206,-0.32514650374650417,-0.10442212224006583,0.8096873760223222,-0.0037018209695843796,-0.5315240472555077,0.030937790870665116,1.0166510939597917,-0.2753268927335718,-1.1074759066104654,-0.8856058120727351,3.0,3.0,3.0,3.0,3.0,3.0,3.0,3.0,3.0,3.0,3.0,3.0,3.0,3.0,3.0,3.0,3.0,3.0,3.0,3.0,0.05,0.05,0.05,0.05,0.05,0.05,0.05,0.05,0.05,0.05,0.05,0.05,0.05,0.05,0.05,0.05,0.05,0.05,0.05,0.05,0.0,0.0,0.0,0.0,0.0,0.0,0.0,0.0,0.0,0.0,0.0,0.0,0.0,0.0,0.0,0.0,0.0,0.0,0.0,0.0,1.1054494380950928,0.06638046354055405,0.24012936651706696,0.37179064750671387,1.108307957649231,0.15391285717487335,0.2450234293937683,0.07886188477277756,1.1694309711456299,0.05287865176796913,0.14610038697719574,0.15416373312473297,1.090993881225586,0.13884487748146057,0.23212656378746033,0.22346824407577515,1.1227377653121948,0.17485949397087097,0.45657557249069214,0.03921719640493393,1.3019442558288352,-0.7770679891109286,-0.24687163531779827,-1.929807662963824,1.8790543079375777,-0.0737551599740982,-1.3280939310788962,-0.5160257220268246,1.1904239654540738,0.018862914294003053,-0.47180652618408203,-0.2170845866203308,1.1280506849288718,0.07427930831909041,-0.32407939434051514,0.023992359638209948,1.522532105445823,0.41730850934981467,-0.888308882713297,-0.38154874928294796,3.0,3.0,3.0,3.0,3.0,3.0,3.0,3.0,3.0,3.0,3.0,3.0,3.0,3.0,3.0,3.0,3.0,3.0,3.0,3.0,0.05,0.05,0.05,0.05,0.05,0.05,0.05,0.05,0.05,0.05,0.05,0.05,0.05,0.05,0.05,0.05,0.05,0.05,0.05,0.05,0.0,0.0,0.0,0.0,0.0,0.0,0.0,0.0,0.0,0.0,0.0,0.0,0.0,0.0,0.0,0.0,0.0,0.0,0.0,0.0
1.0052858591079696,0.28560683131218023,0.2100071310997011,0.16442421078682115,1.0425292253494252,-0.10379973798990282,0.08225246518850408,0.11531871557235736,1.0743222236633294,-0.016005776822567278,0.05461105704307578,0.17246931791305545,1.1132552623748773,-0.12894028425216686,0.17541651427745852,0.2792361676692962,1.0382795333862298,-0.14148482680320731,0.42553803324699496,0.1036816686391838,1.8178433179855347,-0.7933236658573151,-0.19143074750900269,-1.900658756494522,1.2118399143218994,0.36531053483486176,-0.9272279217839241,-0.21348260343074799,0.7574498653411865,0.32517174258828163,-0.24154065176844597,-0.05726851522922516,0.7223069667816162,0.11597797274589539,-0.3884684294462204,0.06675645709037781,0.9972751140594482,-0.11482946574687958,-1.0504275560379028,-0.8409693837165833,3.0,3.0,3.0,3.0,3.0,3.0,3.0,3.0,3.0,3.0,3.0,3.0,3.0,3.0,3.0,3.0,3.0,3.0,3.0,3.0,0.05,0.05,0.05,0.05,0.05,0.05,0.05,0.05,0.05,0.05,0.05,0.05,0.05,0.05,0.05,0.05,0.05,0.05,0.05,0.05,0.0,0.0,0.0,0.0,0.0,0.0,0.0,0.0,0.0,0.0,0.0,0.0,0.0,0.0,0.0,0.0,0.0,0.0,0.0,0.0,1.1277780532836905,0.05204712599515987,0.23604993522167222,0.3322231173515337,1.146030902862547,0.152925044298172,0.22432698309421598,0.07263509184122087,1.194190740585326,0.05356794968247408,0.14135177433490753,0.15327584743499756,1.1140573024749747,0.13996621966361994,0.22856436669826508,0.22586759924888594,1.1523128747940048,0.1831591278314587,0.43916657567024314,0.030786713585257856,0.991860032081604,-0.8166534826159477,-0.17405860126018524,-1.927085965871811,1.8220573663711548,0.039914995431900024,-0.7716599851846695,0.005161762237548828,1.1897265911102295,0.07886458188295364,0.005448982119560242,0.20780600607395172,1.1800527572631836,0.07491447031497955,-0.03963448107242584,0.27132220566272736,1.598060131072998,0.37789009511470795,-0.9215250611305237,-0.37618852220475674,3.0,3.0,3.0,3.0,3.0,3.0,3.0,3.0,3.0,3.0,3.0,3.0,3.0,3.0,3.0,3.0,3.0,3.0,3.0,3.0,0.05,0.05,0.05,0.05,0.05,0.05,0.05,0.05,0.05,0.05,0.05,0.05,0.05,0.05,0.05,0.05,0.05,0.05,0.05,0.05,0.0,0.0,0.0,0.0,0.0,0.0,0.0,0.0,0.0,0.0,0.0,0.0,0.0,0.0,0.0,0.0,0.0,0.0,0.0,0.0
1.0383615493774414,0.2721817195415497,0.20703859627246857,0.13007168471813202,1.0656193494796753,-0.09752043336629868,0.06534993648529053,0.11191458255052567,1.088491678237915,-0.009862152859568596,0.05018087849020958,0.17145377397537231,1.125475287437439,-0.12629465758800507,0.1678120344877243,0.280171662569046,1.0559123754501343,-0.14447222650051117,0.4050322473049164,0.08754997700452805,1.4098703861236739,-0.5005791783332977,-0.08656941354275166,-1.544788479805008,0.9635835886001698,0.39986129850148944,-0.735399220138796,-0.1671556383371367,0.6114900112152211,0.3117144224233932,-0.24912031367421064,-0.06791427731513838,0.5014151334762684,0.15939734876155678,-0.4317048937082263,-0.010740011930461535,0.8346796035766602,-0.12408681213855813,-1.0272867977619198,-0.8005764335393922,3.0,3.0,3.0,3.0,3.0,3.0,3.0,3.0,3.0,3.0,3.0,3.0,3.0,3.0,3.0,3.0,3.0,3.0,3.0,3.0,0.05,0.05,0.05,0.05,0.05,0.05,0.05,0.05,0.05,0.05,0.05,0.05,0.05,0.05,0.05,0.05,0.05,0.05,0.05,0.05,0.0,0.0,0.0,0.0,0.0,0.0,0.0,0.0,0.0,0.0,0.0,0.0,0.0,0.0,0.0,0.0,0.0,0.0,0.0,0.0,1.145123839378357,0.03371432423591614,0.23316702246665955,0.29470720887184143,1.1811902523040771,0.15550945699214935,0.21415702998638153,0.07906835526227951,1.217020034790039,0.05603323504328728,0.14631834626197815,0.16247597336769104,1.1381959915161133,0.14184145629405975,0.2305411845445633,0.23432113230228424,1.1866601705551147,0.1899750977754593,0.4197145700454712,0.02416965551674366,0.694528222084051,-0.793769443407662,-0.12857727706432412,-1.7800249159336172,1.4862775802612527,0.21578595042228074,-0.38493014872075165,0.9454747661947868,0.8745878934860396,0.18634498119353848,0.4140920937061185,0.840609148144697,1.096647977828985,0.17808675765990795,0.038091838359832764,0.6143994629382976,1.7598897218704224,0.3763213753700263,-1.353626698255525,-0.313045969232925,3.0,3.0,3.0,3.0,3.0,3.0,3.0,3.0,3.0,3.0,3.0,3.0,3.0,3.0,3.0,3.0,3.0,3.0,3.0,3.0,0.05,0.05,0.05,0.05,0.05,0.05,0.05,0.05,0.05,0.05,0.05,0.05,0.05,0.05,0.05,0.05,0.05,0.05,0.05,0.05,0.0,0.0,0.0,0.0,0.0,0.0,0.0,0.0,0.0,0.0,0.0,0.0,0.0,0.0,0.0,0.0,0.0,0.0,0.0,0.0
1.0616806745529166,0.2655836641788483,0.20654435455799103,0.10263267159462083,1.081072568893432,-0.08780528604984324,0.05283649638295224,0.10863249003887189,1.0987818241119383,-0.0035371999256315497,0.04464624449610735,0.1697527468204499,1.133311867713928,-0.12256439030170459,0.15814831852912947,0.27880656719207775,1.0716667175292962,-0.14644829928874964,0.38444656133651817,0.0716586112976081,1.0299444198608398,-0.1759953796863556,0.01061856746673584,-1.2337088584899902,0.7030338048934937,0.4536231979727745,-0.5822710692882538,-0.1451350748538971,0.41798651218414307,0.2989501925185323,-0.28305239975452423,-0.09214431047439575,0.30089616775512695,0.19638985395431519,-0.5160044878721237,-0.11394992470741272,0.7065713405609131,-0.08373111486434937,-1.0045982897281647,-0.766434334218502,3.0,3.0,3.0,3.0,3.0,3.0,3.0,3.0,3.0,3.0,3.0,3.0,3.0,3.0,3.0,3.0,3.0,3.0,3.0,3.0,0.05,0.05,0.05,0.05,0.05,0.05,0.05,0.05,0.05,0.05,0.05,0.05,0.05,0.05,0.05,0.05,0.05,0.05,0.05,0.05,0.0,0.0,0.0,0.0,0.0,0.0,0.0,0.0,0.0,0.0,0.0,0.0,0.0,0.0,0.0,0.0,0.0,0.0,0.0,0.0,1.1555591821670526,0.020296348258853385,0.23090684413909926,0.261022120714189,1.2054820060729972,0.16155648231506323,0.2089297771453859,0.11045408248901234,1.2291742563247676,0.06102174893021562,0.15791545808315227,0.18690021336078544,1.157923221588134,0.14708968997001626,0.2300880402326584,0.25044357776641785,1.2227084636688217,0.19821198284625977,0.38502150774002214,0.018264874815940857,0.5289137363433838,-0.5214681383222342,-0.17942190170288086,-1.5597477555274963,1.156705617904663,0.30719898641109467,-0.20729638636112213,1.4843573793768883,0.5826234817504883,0.24955803528428078,0.5439229309558868,1.1297918856143951,0.9648293256759644,0.24143047630786896,0.010822713375091553,0.7593672722578049,1.6526877880096436,0.3738589584827423,-1.571381837129593,-0.04540272057056427,3.0,3.0,3.0,3.0,3.0,3.0,3.0,3.0,3.0,3.0,3.0,3.0,3.0,3.0,3.0,3.0,3.0,3.0,3.0,3.0,0.05,0.05,0.05,0.05,0.05,0.05,0.05,0.05,0.05,0.05,0.05,0.05,0.05,0.05,0.05,0.05,0.05,0.05,0.05,0.05,0.0,0.0,0.0,0.0,0.0,0.0,0.0,0.0,0.0,0.0,0.0,0.0,0.0,0.0,0.0,0.0,0.0,0.0,0.0,0.0
1.079559326171875,0.26514190435409546,0.207463338971138,0.08072333037853241,1.093740701675415,-0.0793755054473877,0.042059093713760376,0.10610917955636978,1.1052111387252808,0.002095854841172695,0.03885878250002861,0.16776800155639648,1.137511134147644,-0.11843906342983246,0.14717185497283936,0.2756136655807495,1.0841752290725708,-0.14782147109508514,0.3648483157157898,0.056892603635787964,0.7201313972473256,0.142959505319587,0.05287006497383118,-0.9908204898238275,0.4444599151611439,0.479402020573615,-0.47960877418518516,-0.1211553812026988,0.2063065767288319,0.2805012278258813,-0.30280500650405884,-0.10629110038280487,0.15239417552948553,0.17156172543764253,-0.5912017077207538,-0.21721944212913236,0.522291660308849,-0.0559680163860328,-1.0290987789630877,-0.6215321831405224,3.0,3.0,3.0,3.0,3.0,3.0,3.0,3.0,3.0,3.0,3.0,3.0,3.0,3.0,3.0,3.0,3.0,3.0,3.0,3.0,0.05,0.05,0.05,0.05,0.05,0.05,0.05,0.05,0.05,0.05,0.05,0.05,0.05,0.05,0.05,0.05,0.05,0.05,0.05,0.05,0.0,0.0,0.0,0.0,0.0,0.0,0.0,0.0,0.0,0.0,0.0,0.0,0.0,0.0,0.0,0.0,0.0,0.0,0.0,0.0,1.1662803888320923,0.012855598703026772,0.2259901463985443,0.23231729865074158,1.2274584770202637,0.16779741644859314,0.20586517453193665,0.13844265043735504,1.2403249740600586,0.06601555645465851,0.16807526350021362,0.20766764879226685,1.1767891645431519,0.1514986753463745,0.23097409307956696,0.26469582319259644,1.2527676820755005,0.20492945611476898,0.3568592965602875,0.02235354669392109,0.5055248737335261,-0.3806550870649517,-0.2096898853778839,-1.29315331578256,1.013466715812683,0.3043379634618766,-0.10928623378277241,1.3655029237270389,0.5542576313018799,0.24099322035908785,0.5012389272451422,0.9922493249177974,0.9456008672714178,0.19925758242607325,0.1220803707838003,0.7175572216510745,1.4969944953918513,0.23715160787106393,-1.1814571917057246,0.2217218745499784,3.0,3.0,3.0,3.0,3.0,3.0,3.0,3.0,3.0,3.0,3.0,3.0,3.0,3.0,3.0,3.0,3.0,3.0,3.0,3.0,0.05,0.05,0.05,0.05,0.05,0.05,0.05,0.05,0.05,0.05,0.05,0.05,0.05,0.05,0.05,0.05,0.05,0.05,0.05,0.05,0.0,0.0,0.0,0.0,0.0,0.0,0.0,0.0,0.0,0.0,0.0,0.0,0.0,0.0,0.0,0.0,0.0,0.0,0.0,0.0
1.0904859304428096,0.2713020443916318,0.20865915715694427,0.06299985200166773,1.0988509654998777,-0.06862920522689864,0.033652145415544836,0.10378627479076394,1.1070340871810915,0.007682849187403703,0.032534044235945,0.16550110280513772,1.1394076347351074,-0.11570192128419889,0.13450025022029932,0.27011778950691245,1.0925583839416502,-0.14868701994419095,0.34328261017799466,0.04679732397198721,0.4656165838241577,0.3533877432346344,0.03144554793834686,-0.8050885982811451,0.2012312412261963,0.4975834861397743,-0.3723509144037962,-0.09259805083274841,0.04946291446685791,0.2463694429025054,-0.28513669967651367,-0.09878315031528473,0.01729428768157959,0.12920871376991272,-0.6256589666008949,-0.28359517455101013,0.3822535276412964,-0.04572570323944092,-1.0307073593139648,-0.49130888655781746,3.0,3.0,3.0,3.0,3.0,3.0,3.0,3.0,3.0,3.0,3.0,3.0,3.0,3.0,3.0,3.0,3.0,3.0,3.0,3.0,0.05,0.05,0.05,0.05,0.05,0.05,0.05,0.05,0.05,0.05,0.05,0.05,0.05,0.05,0.05,0.05,0.05,0.05,0.05,0.05,0.0,0.0,0.0,0.0,0.0,0.0,0.0,0.0,0.0,0.0,0.0,0.0,0.0,0.0,0.0,0.0,0.0,0.0,0.0,0.0,1.1757801771163936,0.005070144776255316,0.2225192487239839,0.2092959880828866,1.2460206747055045,0.1737300008535383,0.204558327794075,0.1650741994380939,1.2513445615768428,0.07066147774457913,0.17796501517295796,0.22659018635749734,1.1957472562789908,0.1550599932670592,0.2349712550640104,0.2791458666324608,1.2825882434844957,0.20769804716110232,0.33776322007179316,0.027133749797939994,0.4325062036514282,-0.500863476190716,-0.1626666635274887,-0.9915456175804138,0.8466213941574097,0.2826906740665436,-0.034764036536216736,1.3649333268404007,0.5680888891220093,0.20032338798046112,0.49973465502262115,0.9434591978788376,0.9462594985961914,0.14917105436325073,0.3098495304584503,0.7792316377162933,1.4020949602127075,0.05773603916168213,-0.7229380309581757,0.31076124869287014,3.0,3.0,3.0,3.0,3.0,3.0,3.0,3.0,3.0,3.0,3.0,3.0,3.0,3.0,3.0,3.0,3.0,3.0,3.0,3.0,0.05,0.05,0.05,0.05,0.05,0.05,0.05,0.05,0.05,0.05,0.05,0.05,0.05,0.05,0.05,0.05,0.05,0.05,0.05,0.05,0.0,0.0,0.0,0.0,0.0,0.0,0.0,0.0,0.0,0.0,0.0,0.0,0.0,0.0,0.0,0.0,0.0,0.0,0.0,0.0
1.0981839895248413,0.27927741408348083,0.20872116088867188,0.048519786447286606,1.101789951324463,-0.05947216600179672,0.027165057137608528,0.10240525752305984,1.107189655303955,0.011950632557272911,0.027453314512968063,0.1638166755437851,1.1382029056549072,-0.11327071487903595,0.12214549630880356,0.2642698585987091,1.0994653701782227,-0.14965049922466278,0.3236200213432312,0.037240248173475266,0.31550526618958075,0.4560194909572546,0.08705966174602023,-0.6546220742166096,0.10180771350861151,0.43794307857752124,-0.268500903621319,-0.04761554300785273,-0.026935338973999023,0.191413692664357,-0.22612209431827338,-0.06578452885151118,-0.07175803184509277,0.10285507887601957,-0.5761945620179207,-0.27749985456466675,0.29162466526031494,-0.03532171249389718,-0.9407371282577542,-0.42666117660701636,3.0,3.0,3.0,3.0,3.0,3.0,3.0,3.0,3.0,3.0,3.0,3.0,3.0,3.0,3.0,3.0,3.0,3.0,3.0,3.0,0.05,0.05,0.05,0.05,0.05,0.05,0.05,0.05,0.05,0.05,0.05,0.05,0.05,0.05,0.05,0.05,0.05,0.05,0.05,0.05,0.0,0.0,0.0,0.0,0.0,0.0,0.0,0.0,0.0,0.0,0.0,0.0,0.0,0.0,0.0,0.0,0.0,0.0,0.0,0.0,1.1835806369781494,-0.00717894034460187,0.21948347985744476,0.19265547394752502,1.26132333278656,0.17910504341125488,0.20447461307048798,0.19303998351097107,1.263048529624939,0.07402849197387695,0.18806464970111847,0.24540601670742035,1.2146395444869995,0.15746551752090454,0.24336807429790497,0.29586508870124817,1.3088514804840088,0.20723889768123627,0.32794177532196045,0.034783996641635895,0.33997595310211737,-0.6308887735940526,-0.09294487535953799,-0.60225538909437,0.6854534149170033,0.26212893426418443,-0.014328211545944214,1.4821697026491136,0.5515873432159424,0.17555449157953434,0.483152270317079,0.9732089936733246,0.8663475513458252,0.118964537978173,0.5139604210853493,0.917741656303403,1.1730432510376032,-0.08397921919822415,-0.19657090306283848,0.5289051216095602,3.0,3.0,3.0,3.0,3.0,3.0,3.0,3.0,3.0,3.0,3.0,3.0,3.0,3.0,3.0,3.0,3.0,3.0,3.0,3.0,0.05,0.05,0.05,0.05,0.05,0.05,0.05,0.05,0.05,0.05,0.05,0.05,0.05,0.05,0.05,0.05,0.05,0.05,0.05,0.05,0.0,0.0,0.0,0.0,0.0,0.0,0.0,0.0,0.0,0.0,0.0,0.0,0.0,0.0,0.0,0.0,0.0,0.0,0.0,0.0
1.1031061410903928,0.289542824029922,0.21214154362678508,0.036814969033003346,1.1029232740402222,-0.05111148208379779,0.022912109270692076,0.10188165307044983,1.1059566736221316,0.015339396893977984,0.023489160463214063,0.16286972165107727,1.1365373134613037,-0.1115877181291581,0.11145246773958249,0.2590177953243258,1.1042233705520628,-0.15009988844394684,0.3056531250476845,0.029730876907706552,0.20792782306671143,0.5474351346492767,0.21583177149295807,-0.5541245453059673,0.036653876304626465,0.3740783780813217,-0.2320601139217615,-0.004833750426769257,-0.07220804691314697,0.1545451581478119,-0.16653607599437237,-0.021294504404067993,-0.09789168834686279,0.09563583880662918,-0.4916856065392494,-0.23373812437057495,0.20948052406311035,-0.006321817636489868,-0.8389346301555634,-0.3351840190589428,3.0,3.0,3.0,3.0,3.0,3.0,3.0,3.0,3.0,3.0,3.0,3.0,3.0,3.0,3.0,3.0,3.0,3.0,3.0,3.0,0.05,0.05,0.05,0.05,0.05,0.05,0.05,0.05,0.05,0.05,0.05,0.05,0.05,0.05,0.05,0.05,0.05,0.05,0.05,0.05,0.0,0.0,0.0,0.0,0.0,0.0,0.0,0.0,0.0,0.0,0.0,0.0,0.0,0.0,0.0,0.0,0.0,0.0,0.0,0.0,1.1893792152404783,-0.02016540616750679,0.21880145370960238,0.1852057725191118,1.2734388113021846,0.18421515822410567,0.20398519933223724,0.22436098754405845,1.2734080553054805,0.07768365740776051,0.19729110598564112,0.2655185461044303,1.2304011583328238,0.1598185747861861,0.25552967190742437,0.31585553288459695,1.3295099735259999,0.20433887839317336,0.3299003839492796,0.0482899546623224,0.16229450702667236,-0.48672104021534324,0.0703815370798111,-0.24671033024787903,0.5707114934921265,0.21295063197612762,-0.005998089909553528,1.4631152153015137,0.47639012336730957,0.1469327136874199,0.4336360841989517,0.9418677538633347,0.8216828107833862,0.09455308318138123,0.6373386830091476,0.9586647152900696,1.038232445716858,-0.18679797649383545,0.2078905701637268,0.674804113805294,3.0,3.0,3.0,3.0,3.0,3.0,3.0,3.0,3.0,3.0,3.0,3.0,3.0,3.0,3.0,3.0,3.0,3.0,3.0,3.0,0.05,0.05,0.05,0.05,0.05,0.05,0.05,0.05,0.05,0.05,0.05,0.05,0.05,0.05,0.05,0.05,0.05,0.05,0.05,0.05,0.0,0.0,0.0,0.0,0.0,0.0,0.0,0.0,0.0,0.0,0.0,0.0,0.0,0.0,0.0,0.0,0.0,0.0,0.0,0.0
1.1065011024475098,0.3011748194694519,0.2173544317483902,0.026354804635047913,1.103256106376648,-0.044509030878543854,0.017882652580738068,0.10221190750598907,1.1043013334274292,0.018132438883185387,0.02079187147319317,0.16296489536762238,1.1342872381210327,-0.10944528132677078,0.10247807204723358,0.2549203336238861,1.107844591140747,-0.14990337193012238,0.29006263613700867,0.023832887411117554,0.12781620025635876,0.6511673331260805,0.3190074115991648,-0.4707211628556375,-0.00623166561126709,0.31758341938258067,-0.20708725787699733,0.052008405327796936,-0.08722543716431774,0.1339747104793821,-0.09423801675439236,0.05277208983898232,-0.12763738632202148,0.1187788322567964,-0.4057096317410577,-0.15905648469925482,0.14204680919648327,0.04252530634403298,-0.740293413400668,-0.26103430427611596,3.0,3.0,3.0,3.0,3.0,3.0,3.0,3.0,3.0,3.0,3.0,3.0,3.0,3.0,3.0,3.0,3.0,3.0,3.0,3.0,0.05,0.05,0.05,0.05,0.05,0.05,0.05,0.05,0.05,0.05,0.05,0.05,0.05,0.05,0.05,0.05,0.05,0.05,0.05,0.05,0.0,0.0,0.0,0.0,0.0,0.0,0.0,0.0,0.0,0.0,0.0,0.0,0.0,0.0,0.0,0.0,0.0,0.0,0.0,0.0,1.1900724172592163,-0.0266477819532156,0.2222987413406372,0.18278706073760986,1.2841517925262451,0.1876230686903,0.20423468947410583,0.2515645921230316,1.2821041345596313,0.07990580052137375,0.20541009306907654,0.28308072686195374,1.247506856918335,0.1612476408481598,0.2688616216182709,0.33421167731285095,1.350380778312683,0.19976697862148285,0.3362573981285095,0.061776161193847656,-0.0810235738754217,-0.2913550473749733,0.24977810680866103,0.05575269460677684,0.5125880241394098,0.1713164150714909,0.04929602146148612,1.3109844177961676,0.41773617267609753,0.10729581117630282,0.40585212409497207,0.8547782897949426,0.8840262889862227,0.059208646416666205,0.7183380424976488,0.9111180901527627,1.03251934051517,-0.28519332408905373,0.43403878808021823,0.6980430334806591,3.0,3.0,3.0,3.0,3.0,3.0,3.0,3.0,3.0,3.0,3.0,3.0,3.0,3.0,3.0,3.0,3.0,3.0,3.0,3.0,0.05,0.05,0.05,0.05,0.05,0.05,0.05,0.05,0.05,0.05,0.05,0.05,0.05,0.05,0.05,0.05,0.05,0.05,0.05,0.05,0.0,0.0,0.0,0.0,0.0,0.0,0.0,0.0,0.0,0.0,0.0,0.0,0.0,0.0,0.0,0.0,0.0,0.0,0.0,0.0
1.1082187891006472,0.3155895173549652,0.22490184009075168,0.017986122518777847,1.1026740074157715,-0.03840814530849456,0.014628618955612183,0.1039619892835617,1.1024676561355589,0.020698385313153267,0.019719639793038368,0.16498060524463656,1.1314318180084229,-0.10683656483888625,0.09522408246994019,0.2526555359363556,1.109905242919922,-0.14839887619018552,0.27604138851165777,0.019289504736661914,0.08588433265687145,0.7903024554252794,0.435733422636995,-0.41843410581350327,-0.05197823047638052,0.3050442785024646,-0.16270168125629425,0.12299977242946886,-0.09614229202270713,0.128297321498394,-0.05361158400774002,0.14879889786243758,-0.15790462493896817,0.14209281653166117,-0.3626994788646698,-0.11323988437652588,0.10303258895875134,0.10792426764965288,-0.7010623812675448,-0.22716913372278197,3.0,3.0,3.0,3.0,3.0,3.0,3.0,3.0,3.0,3.0,3.0,3.0,3.0,3.0,3.0,3.0,3.0,3.0,3.0,3.0,0.05,0.05,0.05,0.05,0.05,0.05,0.05,0.05,0.05,0.05,0.05,0.05,0.05,0.05,0.05,0.05,0.05,0.05,0.05,0.05,0.0,0.0,0.0,0.0,0.0,0.0,0.0,0.0,0.0,0.0,0.0,0.0,0.0,0.0,0.0,0.0,0.0,0.0,0.0,0.0,1.1861382722854614,-0.03181960806250572,0.22879257798194882,0.18743588030338287,1.293942332267761,0.1910678148269653,0.2059570401906967,0.27680036425590515,1.2901175022125244,0.08197548985481262,0.21352519094944,0.299709677696228,1.2657622098922727,0.16218692064285276,0.2842631936073303,0.35230025649070745,1.3708107471466067,0.1929311454296112,0.34726193547248835,0.07621167600154877,-0.3123909235000677,-0.25859130546450615,0.39960555732251063,0.4091292619705287,0.48952698707579456,0.17315819859505072,0.12293905019760393,1.2617886066436768,0.4006683826446533,0.10348446667194366,0.4057548940181732,0.8314475417137146,0.941509008407613,0.04696398973464827,0.8218191564083276,0.904428958892825,1.021498441696178,-0.3983899950981225,0.6664149463176869,0.7455084472894827,3.0,3.0,3.0,3.0,3.0,3.0,3.0,3.0,3.0,3.0,3.0,3.0,3.0,3.0,3.0,3.0,3.0,3.0,3.0,3.0,0.05,0.05,0.05,0.05,0.05,0.05,0.05,0.05,0.05,0.05,0.05,0.05,0.05,0.05,0.05,0.05,0.05,0.05,0.05,0.05,0.0,0.0,0.0,0.0,0.0,0.0,0.0,0.0,0.0,0.0,0.0,0.0,0.0,0.0,0.0,0.0,0.0,0.0,0.0,0.0
