Lq_00,Lq_01,Lq_02,Lq_03,Lq_04,Lq_05,Lq_06,Lq_07,Lq_08,Lq_09,Lq_10,Lq_11,Lq_12,Lq_13,Lq_14,Lq_15,Lq_16,Lq_17,Lq_18,Lq_19,Ldq_00,Ldq_01,Ldq_02,Ldq_03,Ldq_04,Ldq_05,Ldq_06,Ldq_07,Ldq_08,Ldq_09,Ldq_10,Ldq_11,Ldq_12,Ldq_13,Ldq_14,Ldq_15,Ldq_16,Ldq_17,Ldq_18,Ldq_19,Lkp_00,Lkp_01,Lkp_02,Lkp_03,Lkp_04,Lkp_05,Lkp_06,Lkp_07,Lkp_08,Lkp_09,Lkp_10,Lkp_11,Lkp_12,Lkp_13,Lkp_14,Lkp_15,Lkp_16,Lkp_17,Lkp_18,Lkp_19,Lkd_00,Lkd_01,Lkd_02,Lkd_03,Lkd_04,Lkd_05,Lkd_06,Lkd_07,Lkd_08,Lkd_09,Lkd_10,Lkd_11,Lkd_12,Lkd_13,Lkd_14,Lkd_15,Lkd_16,Lkd_17,Lkd_18,Lkd_19,Ltau_00,Ltau_01,Ltau_02,Ltau_03,Ltau_04,Ltau_05,Ltau_06,Ltau_07,Ltau_08,Ltau_09,Ltau_10,Ltau_11,Ltau_12,Ltau_13,Ltau_14,Ltau_15,Ltau_16,Ltau_17,Ltau_18,Ltau_19,Rq_00,Rq_01,Rq_02,Rq_03,Rq_04,Rq_05,Rq_06,Rq_07,Rq_08,Rq_09,Rq_10,Rq_11,Rq_12,Rq_13,Rq_14,Rq_15,Rq_16,Rq_17,Rq_18,Rq_19,Rdq_00,Rdq_01,Rdq_02,Rdq_03,Rdq_04,Rdq_05,Rdq_06,Rdq_07,Rdq_08,Rdq_09,Rdq_10,Rdq_11,Rdq_12,Rdq_13,Rdq_14,Rdq_15,Rdq_16,Rdq_17,Rdq_18,Rdq_19,Rkp_00,Rkp_01,Rkp_02,Rkp_03,Rkp_04,Rkp_05,Rkp_06,Rkp_07,Rkp_08,Rkp_09,Rkp_10,Rkp_11,Rkp_12,Rkp_13,Rkp_14,Rkp_15,Rkp_16,Rkp_17,Rkp_18,Rkp_19,Rkd_00,Rkd_01,Rkd_02,Rkd_03,Rkd_04,Rkd_05,Rkd_06,Rkd_07,Rkd_08,Rkd_09,Rkd_10,Rkd_11,Rkd_12,Rkd_13,Rkd_14,Rkd_15,Rkd_16,Rkd_17,Rkd_18,Rkd_19,Rtau_00,Rtau_01,Rtau_02,Rtau_03,Rtau_04,Rtau_05,Rtau_06,Rtau_07,Rtau_08,Rtau_09,Rtau_10,Rtau_11,Rtau_12,Rtau_13,Rtau_14,Rtau_15,Rtau_16,Rtau_17,Rtau_18,Rtau_19
0.0,0.0,0.0,0.0,0.0,0.0,0.0,0.0,0.0,0.0,0.0,0.0,0.0,0.0,0.0,0.0,0.0,0.0,0.0,0.0,0.06357836809905805,0.029181272159260023,0.029293043137722397,0.03764200207229734,0.06451387284023191,-0.012951749691669713,0.06155893487280666,0.03719768984367482,0.09771423270621515,-0.008201993790021948,0.07490427218176032,0.05037275698576589,0.10775360920049003,-0.014229599133651481,0.08484921181698223,0.047572512314227704,0.10193670667489264,-0.010732019246649469,0.10947060167814605,0.046474689371107415,3.0,3.0,3.0,3.0,3.0,3.0,3.0,3.0,3.0,3.0,3.0,3.0,3.0,3.0,3.0,3.0,3.0,3.0,3.0,3.0,0.05,0.05,0.05,0.05,0.05,0.05,0.05,0.05,0.05,0.05,0.05,0.05,0.05,0.05,0.05,0.05,0.05,0.05,0.05,0.05,0.0,0.0,0.0,0.0,0.0,0.0,0.0,0.0,0.0,0.0,0.0,0.0,0.0,0.0,0.0,0.0,0.0,0.0,0.0,0.0,0.0,0.0,0.0,0.0,0.0,0.0,0.0,0.0,0.0,0.0,0.0,0.0,0.0,0.0,0.0,0.0,0.0,0.0,0.0,0.0,0.06229503903538259,0.034515086579909704,0.031699389763231216,0.021159538382579925,0.05839008932630558,0.006467794690476963,0.05136458791412202,0.02758971229655006,0.09728719361992702,0.002931437887767822,0.07488188250849694,0.04623124117088265,0.10687923120531154,0.011196586950910619,0.08669161196441726,0.04549732109626556,0.09770810173849312,0.008870325398349567,0.10132123734013491,0.03764527543255038,3.0,3.0,3.0,3.0,3.0,3.0,3.0,3.0,3.0,3.0,3.0,3.0,3.0,3.0,3.0,3.0,3.0,3.0,3.0,3.0,0.05,0.05,0.05,0.05,0.05,0.05,0.05,0.05,0.05,0.05,0.05,0.05,0.05,0.05,0.05,0.05,0.05,0.05,0.05,0.05,0.0,0.0,0.0,0.0,0.0,0.0,0.0,0.0,0.0,0.0,0.0,0.0,0.0,0.0,0.0,0.0,0.0,0.0,0.0,0.0
0.0012715673619811611,0.0005836254431852005,0.000585860862754448,0.0007528400414459469,0.0012902774568046382,-0.00025903499383339427,0.0012311786974561333,0.0007439537968734963,0.001954284654124303,-0.00016403987580043897,0.0014980854436352064,0.0010074551397153179,0.0021550721840098005,-0.00028459198267302964,0.0016969842363396446,0.0009514502462845541,0.002038734133497853,-0.00021464038493298936,0.002189412033562921,0.0009294937874221483,0.23362243161074092,0.1050355933120404,0.10693545110293058,0.13817626748585585,0.23634171578708774,-0.048163101023062864,0.22534676704894285,0.13543188492630975,0.3598503448272962,-0.03076094478247627,0.2789267995394644,0.18660299740490358,0.39712327049957835,-0.05229785529556795,0.3140371871569667,0.1756814768276585,0.37564833896534405,-0.03882994883315472,0.403277470757952,0.17029647591285052,3.0,3.0,3.0,3.0,3.0,3.0,3.0,3.0,3.0,3.0,3.0,3.0,3.0,3.0,3.0,3.0,3.0,3.0,3.0,3.0,0.05,0.05,0.05,0.05,0.05,0.05,0.05,0.05,0.05,0.05,0.05,0.05,0.05,0.05,0.05,0.05,0.05,0.05,0.05,0.05,0.0,0.0,0.0,0.0,0.0,0.0,0.0,0.0,0.0,0.0,0.0,0.0,0.0,0.0,0.0,0.0,0.0,0.0,0.0,0.0,0.0012459007807076518,0.0006903017315981941,0.0006339877952646244,0.00042319076765159853,0.0011678017865261116,0.00012935589380953926,0.0010272917582824404,0.0005517942459310012,0.0019457438723985406,5.862875775535645e-05,0.0014976376501699387,0.0009246248234176529,0.0021375846241062308,0.00022393173901821237,0.0017338322392883453,0.0009099464219253112,0.0019541620347698625,0.00017740650796699135,0.0020264247468026984,0.0007529055086510077,0.22817029983745227,0.12644877293361034,0.11589658308814792,0.07550801153893884,0.21170150170613738,0.022984051297257613,0.18719682091282921,0.09921755193761025,0.3559904213829639,0.011482222696485588,0.2767363676643538,0.16952406736709047,0.39142849074653774,0.04128993855484522,0.3187926192991559,0.1663667371830447,0.3589039329348849,0.03255487619433337,0.37407385189127235,0.13721961238518263,3.0,3.0,3.0,3.0,3.0,3.0,3.0,3.0,3.0,3.0,3.0,3.0,3.0,3.0,3.0,3.0,3.0,3.0,3.0,3.0,0.05,0.05,0.05,0.05,0.05,0.05,0.05,0.05,0.05,0.05,0.05,0.05,0.05,0.05,0.05,0.05,0.05,0.05,0.05,0.05,0.0,0.0,0.0,0.0,0.0,0.0,0.0,0.0,0.0,0.0,0.0,0.0,0.0,0.0,0.0,0.0,0.0,0.0,0.0,0.0
0.009344897264429637,0.004201423732481616,0.004277418044117224,0.005527050699434234,0.00945366863148351,-0.0019265240409225145,0.009013870681957714,0.00541727539705239,0.01439401379309185,-0.0012304377912990508,0.011157071981578578,0.007464119896196143,0.015884930819983135,-0.002091914211822718,0.01256148748627867,0.00702725907310634,0.015025933558613763,-0.001553197953326189,0.01613109883031808,0.006811859036514021,0.6902957097200566,0.30341295239522226,0.3152022376569037,0.4081386471649721,0.6980251236128948,-0.14356125669892575,0.6571464712005102,0.3904801941050237,1.0609734998356084,-0.0916617527500708,0.8445509137254645,0.5626510239734592,1.1697469773876756,-0.15231207294071605,0.9427932148046207,0.5290682141971542,1.1079716612891126,-0.10998402193394483,1.2022543314257372,0.5028722962559848,3.0,3.0,3.0,3.0,3.0,3.0,3.0,3.0,3.0,3.0,3.0,3.0,3.0,3.0,3.0,3.0,3.0,3.0,3.0,3.0,0.05,0.05,0.05,0.05,0.05,0.05,0.05,0.05,0.05,0.05,0.05,0.05,0.05,0.05,0.05,0.05,0.05,0.05,0.05,0.05,0.0,0.0,0.0,0.0,0.0,0.0,0.0,0.0,0.0,0.0,0.0,0.0,0.0,0.0,0.0,0.0,0.0,0.0,0.0,0.0,0.009126811993498091,0.005057950917344413,0.004635863323525917,0.0030203204615575534,0.008468060068245496,0.0009193620518903045,0.007487872836513169,0.00396870207750441,0.014239616855318556,0.0004592889078594235,0.011069454706574151,0.0067809626946836185,0.01565713962986151,0.0016515975421938086,0.012751704771966237,0.006654669487321788,0.014356157317395396,0.001302195047773335,0.014962954075650894,0.0054887844954073055,0.6706263571456967,0.37201116273156826,0.34102652804861444,0.2134064714554892,0.6157912894412567,0.0637200593445074,0.5478797150591722,0.28522743932891487,1.0471724336289805,0.03375338491387859,0.8237407135082226,0.4991833506492593,1.1516508896455673,0.11941783085917457,0.9440901150687107,0.48934494365382364,1.0606682145487587,0.09271841470511585,1.1127711664546207,0.40232110373255614,3.0,3.0,3.0,3.0,3.0,3.0,3.0,3.0,3.0,3.0,3.0,3.0,3.0,3.0,3.0,3.0,3.0,3.0,3.0,3.0,0.05,0.05,0.05,0.05,0.05,0.05,0.05,0.05,0.05,0.05,0.05,0.05,0.05,0.05,0.05,0.05,0.05,0.05,0.05,0.05,0.0,0.0,0.0,0.0,0.0,0.0,0.0,0.0,0.0,0.0,0.0,0.0,0.0,0.0,0.0,0.0,0.0,0.0,0.0,0.0
0.028883395750783424,0.012720143538994092,0.013193950369030597,0.017078385928044833,0.029211282401320433,-0.006001485261790424,0.027517037545476544,0.016363161561074445,0.04439322464754864,-0.003830509985803271,0.03528012199265379,0.023513496098653684,0.04894495127951683,-0.006377074900301672,0.03940871282852448,0.022114178814170722,0.04635760058506236,-0.004614001262290782,0.050279585290592406,0.021044385637661544,1.3291368968051929,0.5655150161479364,0.6072240696281129,0.7863420930485377,1.3352677476567743,-0.27680499399446684,1.2381545355794348,0.7280553259324535,2.03532808864928,-0.17388726949826275,1.6757550824113399,1.112542842581903,2.239546681115862,-0.28495658450051664,1.852099683130734,1.0456679247180813,2.1208833604845236,-0.19769494750254585,2.33756818735072,0.9675673693420705,3.0,3.0,3.0,3.0,3.0,3.0,3.0,3.0,3.0,3.0,3.0,3.0,3.0,3.0,3.0,3.0,3.0,3.0,3.0,3.0,0.05,0.05,0.05,0.05,0.05,0.05,0.05,0.05,0.05,0.05,0.05,0.05,0.05,0.05,0.05,0.05,0.05,0.05,0.05,0.05,0.0,0.0,0.0,0.0,0.0,0.0,0.0,0.0,0.0,0.0,0.0,0.0,0.0,0.0,0.0,0.0,0.0,0.0,0.0,0.0,0.028070955066535522,0.015570748240860926,0.014275048917209201,0.008959449625871167,0.02579945336417638,0.0026781582675898356,0.02294248036064933,0.011960891819087596,0.04383264121755776,0.0014087641543105002,0.03444726619049885,0.020891958849388024,0.048203620209928924,0.005000644973385195,0.03949743684203677,0.020483744168078258,0.044380890616720216,0.0038861430961716257,0.046537271404987535,0.016845749657953255,1.2850991305479837,0.713236525261226,0.6538653724212079,0.38633237158645056,1.1616668386347055,0.10954348881784376,1.0418806852922633,0.5293330456288124,2.002579476946978,0.06003277856504868,1.605173453095464,0.9573476569109011,2.197940294550673,0.21854511557923254,1.8248465979398254,0.9381831588591921,2.0393586645158535,0.16358603833497667,2.1619110076551955,0.7683337675066729,3.0,3.0,3.0,3.0,3.0,3.0,3.0,3.0,3.0,3.0,3.0,3.0,3.0,3.0,3.0,3.0,3.0,3.0,3.0,3.0,0.05,0.05,0.05,0.05,0.05,0.05,0.05,0.05,0.05,0.05,0.05,0.05,0.05,0.05,0.05,0.05,0.05,0.05,0.05,0.05,0.0,0.0,0.0,0.0,0.0,0.0,0.0,0.0,0.0,0.0,0.0,0.0,0.0,0.0,0.0,0.0,0.0,0.0,0.0,0.0
0.06251037313663735,0.026822024378399072,0.028566380829241744,0.03698073442137574,0.06286437853775448,-0.012998723800701188,0.058540052105135104,0.03453948843435053,0.09580713733906307,-0.00818592857122956,0.07818727527803217,0.051965833599472266,0.10546679806461762,-0.013490177591843384,0.08664547481150803,0.0488539760618296,0.0998612679779947,-0.009460995853428024,0.10963382632434689,0.045514553810196846,2.047991752845953,0.8408261870797861,0.9333751921443114,1.2289472056891428,2.0476271974434064,-0.4344874882483617,1.8669657704531457,1.0890584063426558,3.141447434495833,-0.2684683583179533,2.668757386224757,1.7651689237641364,3.4523254261613276,-0.4270904576799708,2.9225474057829666,1.6604547821938611,3.2724927167029794,-0.2830218058895782,3.6470064532441064,1.4965745909140387,3.0,3.0,3.0,3.0,3.0,3.0,3.0,3.0,3.0,3.0,3.0,3.0,3.0,3.0,3.0,3.0,3.0,3.0,3.0,3.0,0.05,0.05,0.05,0.05,0.05,0.05,0.05,0.05,0.05,0.05,0.05,0.05,0.05,0.05,0.05,0.05,0.05,0.05,0.05,0.05,0.0,0.0,0.0,0.0,0.0,0.0,0.0,0.0,0.0,0.0,0.0,0.0,0.0,0.0,0.0,0.0,0.0,0.0,0.0,0.0,0.06053077721541745,0.03358741192779346,0.030790478220374232,0.018473615325015576,0.05493473361363371,0.005301101604604055,0.0491631002482037,0.02514202390265691,0.09434279593319768,0.002860600050461371,0.07527639283039271,0.04507486897111966,0.10357475141188843,0.01039340216536311,0.08574556868955927,0.04418199584168948,0.09593050389802954,0.007845636581172401,0.10143939438185871,0.03622213519567422,1.9634743366674687,1.0970185233271132,1.0070608457396684,0.5561633229478524,1.7357687086744988,0.16061846167943222,1.5725999942220101,0.7785193673762592,3.0642640154863514,0.10701027493557594,2.520991256267344,1.4742455310912554,3.3532278361375774,0.3365321866799398,2.840063335958034,1.446990142360731,3.142640739704,0.24210150337955505,3.375534719010003,1.1783095256686238,3.0,3.0,3.0,3.0,3.0,3.0,3.0,3.0,3.0,3.0,3.0,3.0,3.0,3.0,3.0,3.0,3.0,3.0,3.0,3.0,0.05,0.05,0.05,0.05,0.05,0.05,0.05,0.05,0.05,0.05,0.05,0.05,0.05,0.05,0.05,0.05,0.05,0.05,0.05,0.05,0.0,0.0,0.0,0.0,0.0,0.0,0.0,0.0,0.0,0.0,0.0,0.0,0.0,0.0,0.0,0.0,0.0,0.0,0.0,0.0
0.11080306586462153,0.04635319102218553,0.05052895805480306,0.06623627415561055,0.11111637029905669,-0.02338098479172489,0.10219566836360237,0.059925497814780675,0.17005112202738196,-0.014569244318521404,0.14203041744164407,0.09412025304921914,0.18703796832596994,-0.023460693207500504,0.15631060905984315,0.08853237010192516,0.17725730925318153,-0.01593487349787391,0.19615984342035667,0.0809073692742231,2.7543929998145087,1.1051106582758774,1.2514268139419884,1.6785174967888499,2.7139967286097963,-0.5911783221018078,2.433970590141331,1.4136223988428456,4.221398912506916,-0.36441974395062415,3.676940779024558,2.426769375635772,4.638905107318409,-0.560547166751638,4.001939447352642,2.2884247647419214,4.404273118138478,-0.3545278696553202,4.946919147302688,2.015408615059829,3.0,3.0,3.0,3.0,3.0,3.0,3.0,3.0,3.0,3.0,3.0,3.0,3.0,3.0,3.0,3.0,3.0,3.0,3.0,3.0,0.05,0.05,0.05,0.05,0.05,0.05,0.05,0.05,0.05,0.05,0.05,0.05,0.05,0.05,0.05,0.05,0.05,0.05,0.05,0.05,0.0,0.0,0.0,0.0,0.0,0.0,0.0,0.0,0.0,0.0,0.0,0.0,0.0,0.0,0.0,0.0,0.0,0.0,0.0,0.0,0.10660992853323427,0.05945148917394546,0.05455748274679594,0.031205982543785264,0.09523020171115634,0.009102896734767125,0.08584648012952974,0.043101666514137965,0.16640320183701182,0.0056891751517335375,0.13528691644119262,0.07986178009303824,0.182332733655432,0.018461932440582786,0.15309997028035813,0.0783633498625075,0.17008652020488021,0.013570203231353828,0.18155866016538766,0.06397813068469821,2.621433336303425,1.4888114668430341,1.3478010162280785,0.6943258650146186,2.2473106798482356,0.19966354507688494,2.060019826547193,0.9955248765136069,4.072649067983415,0.16848535904088452,3.472140067122187,1.9846512289742564,4.468751576026272,0.46291720353607063,3.879322015901074,1.9506062210232378,4.229413415197171,0.3315755252658356,4.607030691441984,1.5710891137367635,3.0,3.0,3.0,3.0,3.0,3.0,3.0,3.0,3.0,3.0,3.0,3.0,3.0,3.0,3.0,3.0,3.0,3.0,3.0,3.0,0.05,0.05,0.05,0.05,0.05,0.05,0.05,0.05,0.05,0.05,0.05,0.05,0.05,0.05,0.05,0.05,0.05,0.05,0.05,0.05,0.0,0.0,0.0,0.0,0.0,0.0,0.0,0.0,0.0,0.0,0.0,0.0,0.0,0.0,0.0,0.0,0.0,0.0,0.0,0.0
0.1726860931292177,0.07102645070943417,0.07862345338692128,0.10412143429292973,0.17142424768214634,-0.0366458566847735,0.15589887571078834,0.09108438438806435,0.2646630938393397,-0.022762718329254528,0.2252649064390145,0.14903660862490314,0.29102300235735395,-0.035912064261908905,0.24672305270561373,0.14039096665150644,0.27603219270353385,-0.02364211063964083,0.3075105922164544,0.12613089841259,3.3666647496168323,1.344947066497294,1.5314925082317605,2.0764692144713592,3.2297287614909513,-0.7088213149760545,2.8422282432191204,1.6497225284627464,5.133769987220062,-0.4450170725111616,4.559055345317581,3.0085487579017953,5.644733707167459,-0.6711320445138436,4.9447641143124255,2.8482950138427463,5.367624395497093,-0.4079788696262949,6.070549406443438,2.457284542744102,3.0,3.0,3.0,3.0,3.0,3.0,3.0,3.0,3.0,3.0,3.0,3.0,3.0,3.0,3.0,3.0,3.0,3.0,3.0,3.0,0.05,0.05,0.05,0.05,0.05,0.05,0.05,0.05,0.05,0.05,0.05,0.05,0.05,0.05,0.05,0.05,0.05,0.05,0.05,0.05,0.0,0.0,0.0,0.0,0.0,0.0,0.0,0.0,0.0,0.0,0.0,0.0,0.0,0.0,0.0,0.0,0.0,0.0,0.0,0.0,0.16538811066755443,0.09313987060151482,0.08470251886949737,0.04624664992560032,0.14482716080756314,0.013287643407679453,0.1315638933100914,0.06496301896320118,0.25724875865253427,0.009600014412096751,0.21416199551528017,0.12446091813008991,0.28232481445293933,0.028910090306805934,0.24091844932560222,0.122206244682619,0.2651070405059164,0.021108657591805826,0.2857206220395381,0.09906569974514476,3.1876178406854554,1.8276261468890518,1.6372858731362967,0.7961243123589306,2.641227842313397,0.21508167123421712,2.452008678788493,1.1624573289008324,4.921820813122685,0.22049226544195347,4.325201516528463,2.4248508415266685,5.419075289434577,0.5668555088668701,4.802548846445314,2.385115976324028,5.175968173385746,0.40781853781918237,5.699368439409437,1.9023758762230696,3.0,3.0,3.0,3.0,3.0,3.0,3.0,3.0,3.0,3.0,3.0,3.0,3.0,3.0,3.0,3.0,3.0,3.0,3.0,3.0,0.05,0.05,0.05,0.05,0.05,0.05,0.05,0.05,0.05,0.05,0.05,0.05,0.05,0.05,0.05,0.05,0.05,0.05,0.05,0.05,0.0,0.0,0.0,0.0,0.0,0.0,0.0,0.0,0.0,0.0,0.0,0.0,0.0,0.0,0.0,0.0,0.0,0.0,0.0,0.0
0.2454696558492948,0.10015107368207729,0.11178865838407348,0.14929504273446492,0.24030552075869474,-0.05173383739076707,0.21588479809236719,0.12591439895329054,0.37540192151618446,-0.03236992721896787,0.3243926312543473,0.21446220336529095,0.4128273166126683,-0.050305974988054246,0.35410117363234017,0.20246417065563502,0.39196228507306524,-0.03225402828292571,0.4389818196780942,0.1791987509839872,3.821555343711141,1.5412786868197241,1.7427948033648033,2.3856316999373575,3.5544247189219105,-0.774989465999378,3.0397594342344285,1.7688576801962612,5.785463858384657,-0.5019136809100581,5.2138386814853686,3.4446942142609474,6.366191793184804,-0.7492404922233953,5.6430153132497685,3.2794190642382612,6.064988076877656,-0.4441657584433948,6.894158438708278,2.773954480264766,3.0,3.0,3.0,3.0,3.0,3.0,3.0,3.0,3.0,3.0,3.0,3.0,3.0,3.0,3.0,3.0,3.0,3.0,3.0,3.0,0.05,0.05,0.05,0.05,0.05,0.05,0.05,0.05,0.05,0.05,0.05,0.05,0.05,0.05,0.05,0.05,0.05,0.05,0.05,0.05,0.0,0.0,0.0,0.0,0.0,0.0,0.0,0.0,0.0,0.0,0.0,0.0,0.0,0.0,0.0,0.0,0.0,0.0,0.0,0.0,0.23411464216065248,0.13255653504950754,0.12004891767224782,0.06305095503814248,0.20087931540369222,0.01770616358413581,0.18392682728106946,0.08959995967017126,0.36327603436191924,0.014508865769411678,0.30829497710233117,0.17685581375410497,0.3990957452328151,0.04113615279525759,0.3452019241381707,0.17376798891546863,0.37712524714031004,0.029882944744121124,0.4095333977417651,0.140073165733621,3.595390822514935,2.0751828982383613,1.8669949083298554,0.8664420981109605,2.8929488206033693,0.21592582525888293,2.7055580528712206,1.2635662012117677,5.542524202759001,0.2689194689318501,4.991068004567673,2.750085728582657,6.120145968087656,0.6397995035324653,5.523011705872521,2.7114317085620576,5.902332764720108,0.44881657419251614,6.554914817588059,2.147178699632737,3.0,3.0,3.0,3.0,3.0,3.0,3.0,3.0,3.0,3.0,3.0,3.0,3.0,3.0,3.0,3.0,3.0,3.0,3.0,3.0,0.05,0.05,0.05,0.05,0.05,0.05,0.05,0.05,0.05,0.05,0.05,0.05,0.05,0.05,0.05,0.05,0.05,0.05,0.05,0.05,0.0,0.0,0.0,0.0,0.0,0.0,0.0,0.0,0.0,0.0,0.0,0.0,0.0,0.0,0.0,0.0,0.0,0.0,0.0,0.0
0.32554830687766334,0.13267759818222313,0.14833524552151342,0.19954670229042404,0.31360123643902277,-0.06764543532474862,0.2774892530801655,0.1618386915959148,0.496081648174726,-0.04283926556565685,0.43381845369842925,0.28682437719534104,0.5456706740847461,-0.06588168395084472,0.4724436652356045,0.2715677292210369,0.5186317157786401,-0.041408740977376624,0.5832769297647855,0.23708907762318066,4.076327540606968,1.6790542729949682,1.8385130103220904,2.5645496039073055,3.6776129540427838,-0.7840270322692725,2.9930930853024598,1.7549929400087663,6.1092515033351695,-0.5280291773483243,5.551915880438409,3.677373240635403,6.712704557549189,-0.7894936789569299,5.996956907880901,3.529904716761666,6.412867025550535,-0.4682933517924247,7.3085074436411395,2.9211208852002986,3.0,3.0,3.0,3.0,3.0,3.0,3.0,3.0,3.0,3.0,3.0,3.0,3.0,3.0,3.0,3.0,3.0,3.0,3.0,3.0,0.05,0.05,0.05,0.05,0.05,0.05,0.05,0.05,0.05,0.05,0.05,0.05,0.05,0.05,0.05,0.05,0.05,0.05,0.05,0.05,0.0,0.0,0.0,0.0,0.0,0.0,0.0,0.0,0.0,0.0,0.0,0.0,0.0,0.0,0.0,0.0,0.0,0.0,0.0,0.0,0.30920374356815183,0.17614718653104927,0.15938231520269158,0.08090433385003874,0.2605451136316979,0.02192467641803477,0.23978621542494025,0.11550566701167189,0.4789497267628943,0.020356793169370755,0.4138047156979871,0.2344643472733962,0.5271306531764456,0.054502070448104546,0.46183891756050305,0.2306635130251013,0.5012003510947207,0.03906132055950647,0.5479172147430604,0.18495284773045423,3.8176378935988406,2.2160466405579795,2.0105057941767264,0.8673033110848601,2.9758572197562208,0.19923725573591086,2.7972305676635,1.289977479841254,5.866944827525142,0.3021520709586519,5.4020116201298025,2.929540700670387,6.503349664974947,0.678068246441427,5.96677944577516,2.896941239849597,6.330695146675116,0.46431137897652425,7.083090526204624,2.281137758529576,3.0,3.0,3.0,3.0,3.0,3.0,3.0,3.0,3.0,3.0,3.0,3.0,3.0,3.0,3.0,3.0,3.0,3.0,3.0,3.0,0.05,0.05,0.05,0.05,0.05,0.05,0.05,0.05,0.05,0.05,0.05,0.05,0.05,0.05,0.05,0.05,0.05,0.05,0.05,0.05,0.0,0.0,0.0,0.0,0.0,0.0,0.0,0.0,0.0,0.0,0.0,0.0,0.0,0.0,0.0,0.0,0.0,0.0,0.0,0.0
0.40852275747357353,0.16731324460187602,0.1853291787969571,0.25187702689075714,0.3874100389204061,-0.08309491868153797,0.3356085215044656,0.1961141165536412,0.6197719816495912,-0.05349109431290085,0.5464692664718837,0.3615571329907071,0.6813354989146359,-0.08188572214633144,0.5939794499475762,0.34366035932610167,0.6484769660950866,-0.050985762354622696,0.7313221174237398,0.2960435863919991,4.117876478095633,1.7231489768200172,1.843111843862536,2.585649201689784,3.5892643686790695,-0.7399844354162531,2.707818779905917,1.6171611234080119,6.096831180674491,-0.5267418060811108,5.535466575795982,3.6792685478543876,6.682496241677385,-0.7954882434877862,5.9710031821966085,3.575696588547479,6.401004855619114,-0.485355930943074,7.276201788694792,2.886295244249727,3.0,3.0,3.0,3.0,3.0,3.0,3.0,3.0,3.0,3.0,3.0,3.0,3.0,3.0,3.0,3.0,3.0,3.0,3.0,3.0,0.05,0.05,0.05,0.05,0.05,0.05,0.05,0.05,0.05,0.05,0.05,0.05,0.05,0.05,0.05,0.05,0.05,0.05,0.05,0.05,0.0,0.0,0.0,0.0,0.0,0.0,0.0,0.0,0.0,0.0,0.0,0.0,0.0,0.0,0.0,0.0,0.0,0.0,0.0,0.0,0.3868201579046061,0.22119840067182672,0.20046914943931687,0.09774308748153689,0.31991360419394105,0.025675653813572244,0.29581604998760946,0.14119905886382142,0.5979538274629249,0.026594948607757754,0.5243754419075233,0.29403744178092045,0.659229731831813,0.06825888265291467,0.5838731019691771,0.2896456385094525,0.6303530530073147,0.048455399903182095,0.6928570187899501,0.23131867607480402,3.837847388547473,2.2570972851062314,2.021617542980795,0.794616629264731,2.89077987401774,0.1548849766286011,2.707599830869645,1.2349621284332244,5.862229132831499,0.3155048203607006,5.534371742155784,2.9499986788504544,6.536579564366418,0.6804438891266784,6.107259437716254,2.927612502079009,6.429506567873003,0.4581424401603475,7.250289172137831,2.2986271780623415,3.0,3.0,3.0,3.0,3.0,3.0,3.0,3.0,3.0,3.0,3.0,3.0,3.0,3.0,3.0,3.0,3.0,3.0,3.0,3.0,0.05,0.05,0.05,0.05,0.05,0.05,0.05,0.05,0.05,0.05,0.05,0.05,0.05,0.05,0.05,0.05,0.05,0.05,0.05,0.05,0.0,0.0,0.0,0.0,0.0,0.0,0.0,0.0,0.0,0.0,0.0,0.0,0.0,0.0,0.0,0.0,0.0,0.0,0.0,0.0
0.4902633660014887,0.20160355725502382,0.22205971927601487,0.3029726703580154,0.45717181118618555,-0.09724481274139875,0.38580200427640216,0.22652513653223527,0.7399548954017057,-0.06390893780890128,0.6552371167302685,0.43399511910951655,0.8129705237518415,-0.09770121369035617,0.7112837925234688,0.41459559276293606,0.7746719100034046,-0.060822978215099584,0.8743250013125772,0.35254088739316974,3.947814073931406,1.6659033414417295,1.7733767144249262,2.4165283522542267,3.325614046934554,-0.6596740993346499,2.244942403902987,1.3911593552251509,5.732036167314877,-0.4980744346654454,5.114385446730071,3.4162915942792926,6.254366387976065,-0.7679914407827254,5.515394619961924,3.378445599266068,5.97908763358474,-0.5011494273691939,6.740597657458045,2.642621322566316,3.0,3.0,3.0,3.0,3.0,3.0,3.0,3.0,3.0,3.0,3.0,3.0,3.0,3.0,3.0,3.0,3.0,3.0,3.0,3.0,0.05,0.05,0.05,0.05,0.05,0.05,0.05,0.05,0.05,0.05,0.05,0.05,0.05,0.05,0.05,0.05,0.05,0.05,0.05,0.05,0.0,0.0,0.0,0.0,0.0,0.0,0.0,0.0,0.0,0.0,0.0,0.0,0.0,0.0,0.0,0.0,0.0,0.0,0.0,0.0,0.46271763911005076,0.2664310779352985,0.24024701692192338,0.11268899902062798,0.3761763085924075,0.028120075483178814,0.34809020865972606,0.16490415214900087,0.7134388920761543,0.03297698598379878,0.6351795853842185,0.3524642944274144,0.7885938357511023,0.08171982601317168,0.7061292950691532,0.34776801310826166,0.7583806138096408,0.05738701816592037,0.8379287816285736,0.2768979348529479,3.647034047023476,2.1711683398940655,1.9314951127528914,0.6837909020127503,2.6423859966936205,0.10018823704699065,2.457049783514692,1.109662726467601,5.519054771350473,0.30516494487394397,5.3522017350971565,2.802678888372749,6.2071319986809455,0.6433564430374558,5.911624594651523,2.7951973977669105,6.1705548101901675,0.4272406776359476,7.015526797511471,2.1894264727463164,3.0,3.0,3.0,3.0,3.0,3.0,3.0,3.0,3.0,3.0,3.0,3.0,3.0,3.0,3.0,3.0,3.0,3.0,3.0,3.0,0.05,0.05,0.05,0.05,0.05,0.05,0.05,0.05,0.05,0.05,0.05,0.05,0.05,0.05,0.05,0.05,0.05,0.05,0.05,0.05,0.0,0.0,0.0,0.0,0.0,0.0,0.0,0.0,0.0,0.0,0.0,0.0,0.0,0.0,0.0,0.0,0.0,0.0,0.0,0.0
0.5664353204308298,0.2339493782595452,0.25626424737395415,0.3485381609809262,0.5204346007977882,-0.10948188265492396,0.42540621766058506,0.2517604907626472,0.8490534283421863,-0.07341407169951866,0.7510446843410865,0.4982087967618788,0.9315101544336785,-0.11260537977764046,0.8145952347460532,0.4787981832967444,0.8876404714384762,-0.07103173944939045,1.0009460237220615,0.40174843929465176,3.5493443013156045,1.4815331954665445,1.5711554379372397,2.0981110959412312,2.9283997589822612,-0.5352634323869686,1.5661460434960486,1.0797805781941587,5.113539276890144,-0.4525037891594055,4.2544807756383864,2.856177848590767,5.541841575673797,-0.7452802896651262,4.595172579818155,2.9228676509443483,5.250756321382951,-0.5592796081487146,5.687458379857779,2.168575762130348,3.0,3.0,3.0,3.0,3.0,3.0,3.0,3.0,3.0,3.0,3.0,3.0,3.0,3.0,3.0,3.0,3.0,3.0,3.0,3.0,0.05,0.05,0.05,0.05,0.05,0.05,0.05,0.05,0.05,0.05,0.05,0.05,0.05,0.05,0.05,0.05,0.05,0.05,0.05,0.05,0.0,0.0,0.0,0.0,0.0,0.0,0.0,0.0,0.0,0.0,0.0,0.0,0.0,0.0,0.0,0.0,0.0,0.0,0.0,0.0,0.5327015197855451,0.30804513426758934,0.27772895394943253,0.1250947235620469,0.42560904406168587,0.02968318329545187,0.39409804132819715,0.18558556792252545,0.8187160183169438,0.03880154640271551,0.7384635113114095,0.4061445973158304,0.9075150117790508,0.0939931403744129,0.820338085755238,0.40145353442012893,0.8771752454149214,0.06554502700862,0.9734780906904089,0.3188957349846567,3.262033909500163,1.9657464354228964,1.754983395664509,0.5527912849325106,2.230418110864157,0.04414318155049968,2.06231082098067,0.9223169131572964,4.865405553825567,0.2733210302504242,4.844609502066496,2.491557817456008,5.537349091170249,0.5699640361983123,5.378561396965869,2.507050571896757,5.575159119055923,0.37968528110217636,6.384914083801091,1.9614791717849758,3.0,3.0,3.0,3.0,3.0,3.0,3.0,3.0,3.0,3.0,3.0,3.0,3.0,3.0,3.0,3.0,3.0,3.0,3.0,3.0,0.05,0.05,0.05,0.05,0.05,0.05,0.05,0.05,0.05,0.05,0.05,0.05,0.05,0.05,0.05,0.05,0.05,0.05,0.05,0.05,0.0,0.0,0.0,0.0,0.0,0.0,0.0,0.0,0.0,0.0,0.0,0.0,0.0,0.0,0.0,0.0,0.0,0.0,0.0,0.0
0.6322371380541129,0.2608648850736856,0.28490593679350446,0.38689711419566464,0.574307801545476,-0.1186553500368775,0.4484478460162441,0.2697163596600016,0.9444964664773114,-0.0820090893752775,0.825416347755804,0.5482422330531472,1.0346441867787934,-0.12751242527696122,0.895090695716195,0.53151029880071,0.9847021628587227,-0.08319416254104817,1.1018233365068884,0.43928391787838367,2.9621447309915756,1.208764164182359,1.2477651333766075,1.7011822434075896,2.402269428233311,-0.4152636805505979,0.8069317251235122,0.7430433849999681,4.195409280042475,-0.4013008185573302,3.09384407379836,2.1086642899270176,4.538745650210799,-0.6815339032111074,3.3563564200774416,2.276716658332498,4.321303611099913,-0.6028586693247872,4.315468194978483,1.560223692750684,3.0,3.0,3.0,3.0,3.0,3.0,3.0,3.0,3.0,3.0,3.0,3.0,3.0,3.0,3.0,3.0,3.0,3.0,3.0,3.0,0.05,0.05,0.05,0.05,0.05,0.05,0.05,0.05,0.05,0.05,0.05,0.05,0.05,0.05,0.05,0.05,0.05,0.05,0.05,0.05,0.0,0.0,0.0,0.0,0.0,0.0,0.0,0.0,0.0,0.0,0.0,0.0,0.0,0.0,0.0,0.0,0.0,0.0,0.0,0.0,0.5931989954900573,0.3450609353522144,0.31044635274850374,0.1348006504179284,0.4653930330269738,0.0298858027451988,0.43058264149895287,0.20179682867529272,0.908055114229177,0.04390982719381575,0.8289639654668783,0.4521266071256547,1.0100877993979123,0.10451838746110417,0.921271750947788,0.44805003598413196,0.9813869785718777,0.07257442941000743,1.0933253449806173,0.3553571017243469,2.712977304363853,1.683894971556077,1.4899215552357985,0.38606834877034574,1.7500409758137574,-0.015730236614694762,1.5793650807239545,0.6983282745591312,3.978842817627623,0.22726503656384217,4.101628036403803,2.0577188083817894,4.594273361711329,0.4726788097628245,4.582065994051571,2.094591086757211,4.693575893874821,0.3138619929982895,5.432475146333496,1.6349711513692466,3.0,3.0,3.0,3.0,3.0,3.0,3.0,3.0,3.0,3.0,3.0,3.0,3.0,3.0,3.0,3.0,3.0,3.0,3.0,3.0,0.05,0.05,0.05,0.05,0.05,0.05,0.05,0.05,0.05,0.05,0.05,0.05,0.05,0.05,0.05,0.05,0.05,0.05,0.05,0.05,0.0,0.0,0.0,0.0,0.0,0.0,0.0,0.0,0.0,0.0,0.0,0.0,0.0,0.0,0.0,0.0,0.0,0.0,0.0,0.0
0.6849211096704928,0.28229994482683957,0.30617485270901845,0.4165854507172298,0.6165253779271207,-0.12609242987694788,0.45768348666552555,0.28148222616264595,1.0168697995438853,-0.08946610444181187,0.8747984472930209,0.5825553683589595,1.1130599804421104,-0.13986673590608475,0.9488494915491509,0.5698668496300443,1.0604926158824728,-0.09514608622238194,1.1735647515212009,0.4641573870046791,2.269176293590436,0.9269986622652923,0.8761269362892995,1.2109259281997047,1.7220113385871398,-0.32043955023639686,0.18835480100223428,0.43084162801911435,2.977793446736959,-0.3163869497131263,1.8944165435846205,1.3468968547844322,3.1902101871535913,-0.5380916830811926,2.059544278523842,1.5482240953445192,3.036673812200635,-0.5260332990919363,2.8049506298652216,0.9228131153717913,3.0,3.0,3.0,3.0,3.0,3.0,3.0,3.0,3.0,3.0,3.0,3.0,3.0,3.0,3.0,3.0,3.0,3.0,3.0,3.0,0.05,0.05,0.05,0.05,0.05,0.05,0.05,0.05,0.05,0.05,0.05,0.05,0.05,0.05,0.05,0.05,0.05,0.05,0.05,0.05,0.0,0.0,0.0,0.0,0.0,0.0,0.0,0.0,0.0,0.0,0.0,0.0,0.0,0.0,0.0,0.0,0.0,0.0,0.0,0.0,0.6412206119600993,0.3754009331298324,0.3373258161588645,0.14053745751286073,0.49561068309423617,0.02905397383086408,0.45727264455715533,0.2135186989048907,0.9778697310220488,0.0478921478652692,0.9025286327675617,0.488453349651102,1.091285946247504,0.11290029276492589,1.0036207255173009,0.48523717789041737,1.0649182811699143,0.07809950672855158,1.1907770965437487,0.38429458103942654,2.054003411649957,1.3190485587191312,1.1588692586766745,0.20882231497273765,1.2211423654035922,-0.06606245415315534,1.0522987542866125,0.45892463202662215,2.934069212673032,0.16568745001527932,3.180418329626594,1.5391449210951105,3.4595308710078987,0.3561967455556987,3.58258510053924,1.591747517491085,3.607422402534441,0.23682733814427565,4.243360568909887,1.2401116087951567,3.0,3.0,3.0,3.0,3.0,3.0,3.0,3.0,3.0,3.0,3.0,3.0,3.0,3.0,3.0,3.0,3.0,3.0,3.0,3.0,0.05,0.05,0.05,0.05,0.05,0.05,0.05,0.05,0.05,0.05,0.05,0.05,0.05,0.05,0.05,0.05,0.05,0.05,0.05,0.05,0.0,0.0,0.0,0.0,0.0,0.0,0.0,0.0,0.0,0.0,0.0,0.0,0.0,0.0,0.0,0.0,0.0,0.0,0.0,0.0
0.7230041897977303,0.2979448315642973,0.31995101424507644,0.43533415132365283,0.6431882550889616,-0.13147293204633337,0.45598203805633347,0.2869500247807662,1.0636082043467898,-0.09466456736380255,0.9011930094991888,0.6021181072445245,1.162252594264937,-0.14903609260020892,0.9774724668571487,0.5934392626144908,1.106169115346748,-0.10423549450472562,1.2140213617014972,0.4761964424932553,1.5219483365729396,0.7076371375822135,0.5372829823435621,0.6887778391155008,0.993413784117611,-0.1755123397802351,-0.33517315040990786,0.13105454203177075,1.7508737314129053,-0.20219188976013344,0.7078118371513092,0.581816228264409,1.8131156724526531,-0.3956326392437058,0.8033833646640787,0.8000204258607174,1.633433888380903,-0.43522190918885184,1.274635334574109,0.28922636869228857,3.0,3.0,3.0,3.0,3.0,3.0,3.0,3.0,3.0,3.0,3.0,3.0,3.0,3.0,3.0,3.0,3.0,3.0,3.0,3.0,0.05,0.05,0.05,0.05,0.05,0.05,0.05,0.05,0.05,0.05,0.05,0.05,0.05,0.05,0.05,0.05,0.05,0.05,0.05,0.05,0.0,0.0,0.0,0.0,0.0,0.0,0.0,0.0,0.0,0.0,0.0,0.0,0.0,0.0,0.0,0.0,0.0,0.0,0.0,0.0,0.6753591319560556,0.3978228777009796,0.3568011230955707,0.14315354301683791,0.5142387276431175,0.027243304579072588,0.47267459167041737,0.2201538139563576,1.0254178827360982,0.05053732519442692,0.9561806986519421,0.5136924039694591,1.1484690342382282,0.11876625728333212,1.0645751549693576,0.5117199366837754,1.1256838746732554,0.08204752293577845,1.2630597677370128,0.4049615660761532,1.3626075009847305,0.9304562687578621,0.790284621832113,0.04723203482408164,0.6929843577564265,-0.10616724857799133,0.5308477462818331,0.22533624554343587,1.8569131125795335,0.10340591055727609,2.191305210466304,0.9950642253506392,2.2717341866499594,0.23466169766775713,2.5048972549102264,1.059184607600412,2.4511104607195078,0.15676141098634813,2.9638664178643914,0.8248769509034761,3.0,3.0,3.0,3.0,3.0,3.0,3.0,3.0,3.0,3.0,3.0,3.0,3.0,3.0,3.0,3.0,3.0,3.0,3.0,3.0,0.05,0.05,0.05,0.05,0.05,0.05,0.05,0.05,0.05,0.05,0.05,0.05,0.05,0.05,0.05,0.05,0.05,0.05,0.05,0.05,0.0,0.0,0.0,0.0,0.0,0.0,0.0,0.0,0.0,0.0,0.0,0.0,0.0,0.0,0.0,0.0,0.0,0.0,0.0,0.0
0.7457990431334104,0.3106054303301281,0.32766617200276094,0.44413656428184983,0.6562619292918251,-0.13311292346815728,0.44427656064912924,0.2867244078439168,1.0869047488004016,-0.09755378003221721,0.9031109207790733,0.6058280174895359,1.1855846073402165,-0.155692041475833,0.980984826135714,0.601867666664473,1.125829971417709,-0.11255496258993601,1.2245501649041652,0.47572644175237067,0.794825167150226,0.4965337157096697,0.22168065407506404,0.2421097523581911,0.3334949290271172,-0.030524811767964483,-0.7597871776552273,-0.12245219234782445,0.6073246446291369,-0.08483695185876328,-0.392131185697564,-0.12572596479590303,0.5506861078112879,-0.2589499910184326,-0.34611687738706487,0.10095007338782047,0.41609045703832614,-0.35816903809184064,-0.07501934997067305,-0.27163392813841086,3.0,3.0,3.0,3.0,3.0,3.0,3.0,3.0,3.0,3.0,3.0,3.0,3.0,3.0,3.0,3.0,3.0,3.0,3.0,3.0,0.05,0.05,0.05,0.05,0.05,0.05,0.05,0.05,0.05,0.05,0.05,0.05,0.05,0.05,0.05,0.05,0.05,0.05,0.05,0.05,0.0,0.0,0.0,0.0,0.0,0.0,0.0,0.0,0.0,0.0,0.0,0.0,0.0,0.0,0.0,0.0,0.0,0.0,0.0,0.0,0.6957249119994885,0.4126191838801469,0.368937201032149,0.142426738905824,0.5233300574044932,0.024807283887744426,0.47850655440842865,0.22253214872662813,1.0521462555252301,0.05202838428756024,0.9901808411862139,0.5282559186651276,1.1821553137135024,0.12228676067163617,1.10381661571371,0.5276045621944339,1.1629626995986946,0.0843699631680055,1.3093317532583244,0.4172896590755656,0.7266468276793614,0.5582797841797118,0.44770147351137074,-0.08595593155588735,0.24535285222299086,-0.1280013160436526,0.09774279848126927,0.03315759112153677,0.8878991997813779,0.045758582359118304,1.2633880215263238,0.49987150173196604,1.1832071427987534,0.12456554088823013,1.4825212862003556,0.5658786251474812,1.3706391820552777,0.08240788924102037,1.7530115979974725,0.4412428746199584,3.0,3.0,3.0,3.0,3.0,3.0,3.0,3.0,3.0,3.0,3.0,3.0,3.0,3.0,3.0,3.0,3.0,3.0,3.0,3.0,0.05,0.05,0.05,0.05,0.05,0.05,0.05,0.05,0.05,0.05,0.05,0.05,0.05,0.05,0.05,0.05,0.05,0.05,0.05,0.05,0.0,0.0,0.0,0.0,0.0,0.0,0.0,0.0,0.0,0.0,0.0,0.0,0.0,0.0,0.0,0.0,0.0,0.0,0.0,0.0
0.7547971964837393,0.3178061801926841,0.328818240408079,0.4450185414179805,0.6565280522500463,-0.13269392451705195,0.4255905509501244,0.2820519370868532,1.0879011901319553,-0.09805804543815308,0.8855077620712862,0.5970890686526884,1.1842800385773886,-0.15939409224094622,0.9636277917616661,0.5974772655500036,1.1228127336282812,-0.11856225602839925,1.2110205877026703,0.4653310853677189,0.2193456303439395,0.32246128406895613,-0.0408688837043536,-0.06584014364254404,-0.16874691889535998,0.06316679629198296,-1.0120813872628531,-0.28843555281979766,-0.29735526748013164,0.014094396258883257,-1.2124538270673169,-0.6480969611908804,-0.4274890476793025,-0.14484672349541067,-1.1974264991303079,-0.43190545893589116,-0.5107829119991192,-0.2757889490674795,-1.059094994415044,-0.6823744925721603,3.0,3.0,3.0,3.0,3.0,3.0,3.0,3.0,3.0,3.0,3.0,3.0,3.0,3.0,3.0,3.0,3.0,3.0,3.0,3.0,0.05,0.05,0.05,0.05,0.05,0.05,0.05,0.05,0.05,0.05,0.05,0.05,0.05,0.05,0.05,0.05,0.05,0.05,0.05,0.05,0.0,0.0,0.0,0.0,0.0,0.0,0.0,0.0,0.0,0.0,0.0,0.0,0.0,0.0,0.0,0.0,0.0,0.0,0.0,0.0,0.70442500506323,0.4201540690681681,0.37470918203602555,0.13971530575460242,0.5240528417320371,0.022123251937326484,0.47658430360966814,0.22148011760121908,1.0609338507273534,0.05236766848879165,1.006716219512995,0.5336872640387378,1.1957973199501784,0.12374887891886133,1.1238760064173718,0.5343550816896746,1.1805094419554665,0.08534383850541927,1.3331802316569117,0.4226112810609515,0.2603737634473885,0.27553413256862364,0.19538236833842593,-0.16307743310721642,-0.0884062236064409,-0.13808287331165073,-0.21956536281996925,-0.10474313219005632,0.1613244525522306,-0.0014546384266083193,0.5495490854340701,0.12406609844673178,0.3691955749404563,0.04293449561544489,0.7031831350655771,0.1901794932463008,0.5641692711257751,0.02811760309089327,0.8427237867212112,0.15579723585080474,3.0,3.0,3.0,3.0,3.0,3.0,3.0,3.0,3.0,3.0,3.0,3.0,3.0,3.0,3.0,3.0,3.0,3.0,3.0,3.0,0.05,0.05,0.05,0.05,0.05,0.05,0.05,0.05,0.05,0.05,0.05,0.05,0.05,0.05,0.05,0.05,0.05,0.05,0.05,0.05,0.0,0.0,0.0,0.0,0.0,0.0,0.0,0.0,0.0,0.0,0.0,0.0,0.0,0.0,0.0,0.0,0.0,0.0,0.0,0.0
0.754572868347168,0.32350388169288635,0.3260314166545868,0.44150295853614807,0.6495120525360107,-0.13058625161647797,0.4037933051586151,0.2751869857311249,1.0750105381011963,-0.09699000418186188,0.8546127676963806,0.5799041390419006,1.1684850454330444,-0.16148591041564941,0.9330877661705017,0.5845914483070374,1.1053986549377441,-0.12358652055263519,1.1821863651275635,0.44843146204948425,-0.08834243059476499,0.33602799292268976,-0.1360835791621648,-0.16212641205549938,-0.34740707674371096,0.1086102925394121,-1.0698476446408658,-0.3219325419136096,-0.6812322936965265,0.050832716902656644,-1.7225205808081872,-0.9706113875284528,-0.7779210980254136,-0.11359734140294966,-1.6511285394258695,-0.7386835503902567,-0.918542980599607,-0.28220366115010337,-1.5840619509438325,-0.9306887250075626,3.0,3.0,3.0,3.0,3.0,3.0,3.0,3.0,3.0,3.0,3.0,3.0,3.0,3.0,3.0,3.0,3.0,3.0,3.0,3.0,0.05,0.05,0.05,0.05,0.05,0.05,0.05,0.05,0.05,0.05,0.05,0.05,0.05,0.05,0.05,0.05,0.05,0.05,0.05,0.05,0.0,0.0,0.0,0.0,0.0,0.0,0.0,0.0,0.0,0.0,0.0,0.0,0.0,0.0,0.0,0.0,0.0,0.0,0.0,0.0,0.706139862537384,0.42364054918289185,0.37675249576568604,0.13590364158153534,0.5197938084602356,0.019283968955278397,0.4697239398956299,0.21834242343902588,1.0585992336273193,0.05197019875049591,1.0121628046035767,0.5332185626029968,1.1969231367111206,0.12400414049625397,1.131943941116333,0.5352117419242859,1.1855294704437256,0.08549466729164124,1.3430407047271729,0.4235215485095978,0.049280426283324075,0.1502415984338895,0.07689388960343546,-0.19342133872361153,-0.20219344072371914,-0.1375030932947172,-0.34198731760528983,-0.1515612344459509,-0.1607364049025839,-0.027814039070682417,0.20954092521528467,-0.054343797604644584,-0.004535807706790296,0.004645554155732756,0.32976192700619467,0.006288847021287958,0.17173603515874825,0.005156527646577036,0.40166569733910973,0.018467386966507238,3.0,3.0,3.0,3.0,3.0,3.0,3.0,3.0,3.0,3.0,3.0,3.0,3.0,3.0,3.0,3.0,3.0,3.0,3.0,3.0,0.05,0.05,0.05,0.05,0.05,0.05,0.05,0.05,0.05,0.05,0.05,0.05,0.05,0.05,0.05,0.05,0.05,0.05,0.05,0.05,0.0,0.0,0.0,0.0,0.0,0.0,0.0,0.0,0.0,0.0,0.0,0.0,0.0,0.0,0.0,0.0,0.0,0.0,0.0,0.0
0.7512634992599487,0.3312472999095917,0.3233748972415924,0.4385334849357605,0.6426317691802979,-0.12834951281547546,0.38279664516448975,0.26917463541030884,1.0606518983840942,-0.09602473676204681,0.8166069388389587,0.5582646131515503,1.153163194656372,-0.1639379858970642,0.8975826501846313,0.5679299235343933,1.0860710144042969,-0.12985040247440338,1.147658109664917,0.4281035363674164,-0.19928663969039917,0.32685697078704834,-0.14962926506996155,-0.125817209482193,-0.2925306558609009,0.07647909224033356,-0.9634554386138916,-0.2634018659591675,-0.7569193840026855,0.06907843053340912,-1.910737156867981,-1.0851159691810608,-0.858113169670105,-0.09845606982707977,-1.8097788095474243,-0.8610591292381287,-1.0297060012817383,-0.2936221659183502,-1.7570286989212036,-1.0346055030822754,3.0,3.0,3.0,3.0,3.0,3.0,3.0,3.0,3.0,3.0,3.0,3.0,3.0,3.0,3.0,3.0,3.0,3.0,3.0,3.0,0.05,0.05,0.05,0.05,0.05,0.05,0.05,0.05,0.05,0.05,0.05,0.05,0.05,0.05,0.05,0.05,0.05,0.05,0.05,0.05,0.0,0.0,0.0,0.0,0.0,0.0,0.0,0.0,0.0,0.0,0.0,0.0,0.0,0.0,0.0,0.0,0.0,0.0,0.0,0.0,0.706396222114563,0.4261637330055237,0.37778493762016296,0.13197845220565796,0.5159651041030884,0.016623128205537796,0.46290481090545654,0.21541766822338104,1.05450439453125,0.051255106925964355,1.0150978565216064,0.531513512134552,1.1956158876419067,0.12393470108509064,1.1370664834976196,0.5346066355705261,1.1873788833618164,0.08555009961128235,1.349246859550476,0.4233499765396118,0.016351044178009033,0.11483132839202881,0.04886463284492493,-0.17896629869937897,-0.17253607511520386,-0.12698774226009846,-0.32896846532821655,-0.13335682451725006,-0.2139359712600708,-0.04527159035205841,0.1270592212677002,-0.0974312424659729,-0.07409453392028809,-0.009636208415031433,0.235864520072937,-0.04841834306716919,0.07401704788208008,0.005617178976535797,0.2865105867385864,-0.019451230764389038,3.0,3.0,3.0,3.0,3.0,3.0,3.0,3.0,3.0,3.0,3.0,3.0,3.0,3.0,3.0,3.0,3.0,3.0,3.0,3.0,0.05,0.05,0.05,0.05,0.05,0.05,0.05,0.05,0.05,0.05,0.05,0.05,0.05,0.05,0.05,0.05,0.05,0.05,0.05,0.05,0.0,0.0,0.0,0.0,0.0,0.0,0.0,0.0,0.0,0.0,0.0,0.0,0.0,0.0,0.0,0.0,0.0,0.0,0.0,0.0
0.746601402759552,0.3365781605243683,0.32004624605178833,0.43647027015686035,0.6378108263015747,-0.12752708792686462,0.36525508761405945,0.2646509110927582,1.0447337627410889,-0.09422686696052551,0.7781832814216614,0.5364995002746582,1.1341605186462402,-0.1654241532087326,0.8606966137886047,0.5501490831375122,1.0642104148864746,-0.1353314071893692,1.1119052171707153,0.40704724192619324,-0.29635876417160034,0.2666383981704712,-0.1432962715625763,-0.03395676612854004,-0.1716211438179016,-0.009844079613685608,-0.866428017616272,-0.16349181532859802,-0.6514787673950195,0.013958103954792023,-2.193552255630493,-1.2369662523269653,-0.8149892091751099,-0.11048614978790283,-2.062925696372986,-1.0331928730010986,-0.9414523839950562,-0.34668631851673126,-1.9754350185394287,-1.2322410941123962,3.0,3.0,3.0,3.0,3.0,3.0,3.0,3.0,3.0,3.0,3.0,3.0,3.0,3.0,3.0,3.0,3.0,3.0,3.0,3.0,0.05,0.05,0.05,0.05,0.05,0.05,0.05,0.05,0.05,0.05,0.05,0.05,0.05,0.05,0.05,0.05,0.05,0.05,0.05,0.05,0.0,0.0,0.0,0.0,0.0,0.0,0.0,0.0,0.0,0.0,0.0,0.0,0.0,0.0,0.0,0.0,0.0,0.0,0.0,0.0,0.7067939043045044,0.428233802318573,0.37870708107948303,0.12874498963356018,0.5128923654556274,0.014204459264874458,0.4565652012825012,0.21300815045833588,1.0500417947769165,0.050159335136413574,1.0172451734542847,0.5293213129043579,1.193959355354309,0.12361869215965271,1.1413785219192505,0.5332750082015991,1.1884901523590088,0.08571935445070267,1.3545011281967163,0.4227434992790222,0.01847594976425171,0.09614899754524231,0.04024431109428406,-0.16023851931095123,-0.1364678144454956,-0.1129078445956111,-0.29888078570365906,-0.1080729067325592,-0.21296441555023193,-0.049383193254470825,0.09610652923583984,-0.11119991540908813,-0.08301138877868652,-0.014754943549633026,0.19877851009368896,-0.07502883672714233,0.03816187381744385,0.008565187454223633,0.23814737796783447,-0.03731921315193176,3.0,3.0,3.0,3.0,3.0,3.0,3.0,3.0,3.0,3.0,3.0,3.0,3.0,3.0,3.0,3.0,3.0,3.0,3.0,3.0,0.05,0.05,0.05,0.05,0.05,0.05,0.05,0.05,0.05,0.05,0.05,0.05,0.05,0.05,0.05,0.05,0.05,0.05,0.05,0.05,0.0,0.0,0.0,0.0,0.0,0.0,0.0,0.0,0.0,0.0,0.0,0.0,0.0,0.0,0.0,0.0,0.0,0.0,0.0,0.0
0.7394091486930847,0.3419128358364105,0.31764304637908936,0.4371752142906189,0.6357669234275818,-0.1287432760000229,0.34813952445983887,0.2626349627971649,1.0345927476882935,-0.09546641260385513,0.728864848613739,0.5087859630584717,1.1205636262893677,-0.16835743188858032,0.8150656223297119,0.5266022086143494,1.0484129190444946,-0.14371785521507263,1.0686407089233398,0.37881389260292053,-0.3674507141113281,0.253932923078537,-0.1424923539161682,0.07484555244445801,-0.03512352705001831,-0.05978904664516449,-0.7576055824756622,-0.07970035076141357,-0.5863428115844727,0.0014506280422210693,-2.3508667945861816,-1.3115234673023224,-0.7452994585037231,-0.11809505522251129,-2.178935706615448,-1.1225759983062744,-0.8729100227355957,-0.37006624042987823,-2.0870566368103027,-1.3488277792930603,3.0,3.0,3.0,3.0,3.0,3.0,3.0,3.0,3.0,3.0,3.0,3.0,3.0,3.0,3.0,3.0,3.0,3.0,3.0,3.0,0.05,0.05,0.05,0.05,0.05,0.05,0.05,0.05,0.05,0.05,0.05,0.05,0.05,0.05,0.05,0.05,0.05,0.05,0.05,0.05,0.0,0.0,0.0,0.0,0.0,0.0,0.0,0.0,0.0,0.0,0.0,0.0,0.0,0.0,0.0,0.0,0.0,0.0,0.0,0.0,0.7071352601051331,0.4300096929073334,0.3793947100639343,0.1255689114332199,0.5105063915252686,0.012106814421713352,0.4509495794773102,0.21109475195407867,1.0459858179092407,0.04927977919578552,1.01894211769104,0.5270655155181885,1.1922954320907593,0.12334450334310532,1.1450176239013672,0.5316054821014404,1.1889053583145142,0.0858927071094513,1.3587727546691895,0.42185720801353455,0.022777915000915527,0.08448585867881775,0.03520399332046509,-0.14172736555337906,-0.09132027626037598,-0.09842563886195421,-0.25670677423477173,-0.07676295936107635,-0.19911229610443115,-0.05569858476519585,0.07446706295013428,-0.11828392744064331,-0.08682906627655029,-0.01859627664089203,0.16550421714782715,-0.09868741035461426,0.011959671974182129,0.011928752064704895,0.19392073154449463,-0.055611878633499146,3.0,3.0,3.0,3.0,3.0,3.0,3.0,3.0,3.0,3.0,3.0,3.0,3.0,3.0,3.0,3.0,3.0,3.0,3.0,3.0,0.05,0.05,0.05,0.05,0.05,0.05,0.05,0.05,0.05,0.05,0.05,0.05,0.05,0.05,0.05,0.05,0.05,0.05,0.05,0.05,0.0,0.0,0.0,0.0,0.0,0.0,0.0,0.0,0.0,0.0,0.0,0.0,0.0,0.0,0.0,0.0,0.0,0.0,0.0,0.0
0.7319033741950989,0.34673547744750977,0.3143465518951416,0.43946409225463867,0.636405885219574,-0.1299186497926712,0.33495086431503296,0.26146289706230164,1.02128005027771,-0.09416884183883667,0.6841486096382141,0.4840385615825653,1.1043485403060913,-0.17014795541763306,0.7735391855239868,0.5052460432052612,1.0292940139770508,-0.15013405680656433,1.0284229516983032,0.3530941307544708,-0.40895938873291016,0.334109365940094,-0.15994682908058167,0.14480352401733398,0.04718005657196045,-0.034741684794425964,-0.5942277610301971,-0.03466010093688965,-0.7016867399215698,0.08176863193511963,-2.273699641227722,-1.2555211782455444,-0.8467108011245728,-0.07597915828227997,-2.0462065935134888,-1.0580740869045258,-0.9720712900161743,-0.3247186541557312,-1.9782572984695435,-1.2760505080223083,3.0,3.0,3.0,3.0,3.0,3.0,3.0,3.0,3.0,3.0,3.0,3.0,3.0,3.0,3.0,3.0,3.0,3.0,3.0,3.0,0.05,0.05,0.05,0.05,0.05,0.05,0.05,0.05,0.05,0.05,0.05,0.05,0.05,0.05,0.05,0.05,0.05,0.05,0.05,0.05,0.0,0.0,0.0,0.0,0.0,0.0,0.0,0.0,0.0,0.0,0.0,0.0,0.0,0.0,0.0,0.0,0.0,0.0,0.0,0.0,0.707705020904541,0.4316132366657257,0.38011524081230164,0.12307589501142502,0.5092395544052124,0.01026743371039629,0.44629693031311035,0.20993763208389282,1.0420773029327393,0.04793139174580574,1.02022385597229,0.5245899558067322,1.190486192703247,0.12287484109401703,1.1479986906051636,0.5293275117874146,1.188968539237976,0.08619650453329086,1.362257957458496,0.42051902413368225,0.030384957790374756,0.06993785500526428,0.02985149621963501,-0.11205319315195084,-0.05861818790435791,-0.08621180895715952,-0.21872073411941528,-0.04666857421398163,-0.1966029405593872,-0.06256783381104469,0.049495697021484375,-0.12563616037368774,-0.08072257041931152,-0.024793855845928192,0.1396387815475464,-0.11948943138122559,-0.0079423189163208,0.016164593398571014,0.1537024974822998,-0.07512494921684265,3.0,3.0,3.0,3.0,3.0,3.0,3.0,3.0,3.0,3.0,3.0,3.0,3.0,3.0,3.0,3.0,3.0,3.0,3.0,3.0,0.05,0.05,0.05,0.05,0.05,0.05,0.05,0.05,0.05,0.05,0.05,0.05,0.05,0.05,0.05,0.05,0.05,0.05,0.05,0.05,0.0,0.0,0.0,0.0,0.0,0.0,0.0,0.0,0.0,0.0,0.0,0.0,0.0,0.0,0.0,0.0,0.0,0.0,0.0,0.0
0.7230507731437683,0.3552772104740143,0.3112451732158661,0.44296735525131226,0.6376541256904602,-0.13013294339179993,0.324370414018631,0.26124855875968933,1.0065252780914307,-0.09219566732645035,0.6379168629646301,0.4585651159286499,1.0866951942443848,-0.17139659821987152,0.7332173585891724,0.48427924513816833,1.0095300674438477,-0.15670660138130188,0.9895104169845581,0.3277718722820282,-0.495891273021698,0.4375189542770386,-0.13842806220054626,0.2347797155380249,0.04600882530212402,-0.018600374460220337,-0.47293156385421753,0.0097714364528656,-0.7160961627960205,0.09000897407531738,-2.2767946124076843,-1.2505732476711273,-0.9011745452880859,-0.05364716053009033,-1.9845783710479736,-1.0379545390605927,-1.0383695363998413,-0.3271713852882385,-1.932363212108612,-1.2654468417167664,3.0,3.0,3.0,3.0,3.0,3.0,3.0,3.0,3.0,3.0,3.0,3.0,3.0,3.0,3.0,3.0,3.0,3.0,3.0,3.0,0.05,0.05,0.05,0.05,0.05,0.05,0.05,0.05,0.05,0.05,0.05,0.05,0.05,0.05,0.05,0.05,0.05,0.05,0.05,0.05,0.0,0.0,0.0,0.0,0.0,0.0,0.0,0.0,0.0,0.0,0.0,0.0,0.0,0.0,0.0,0.0,0.0,0.0,0.0,0.0,0.708350658416748,0.43280720710754395,0.3805887699127197,0.12108678370714188,0.5081616640090942,0.008658342063426971,0.44220075011253357,0.2092280089855194,1.0381217002868652,0.046777065843343735,1.0209219455718994,0.522040069103241,1.1890665292739868,0.12235274910926819,1.150603175163269,0.5268259048461914,1.1885876655578613,0.08653929084539413,1.3649208545684814,0.41885221004486084,0.03138929605484009,0.05838572978973389,0.01786649227142334,-0.09029693901538849,-0.03363490104675293,-0.07056475151330233,-0.18022656440734863,-0.02277567982673645,-0.18115639686584473,-0.05416451022028923,0.03326535224914551,-0.1205146312713623,-0.07611513137817383,-0.02272389829158783,0.11477172374725342,-0.12599974870681763,-0.01787245273590088,0.018690526485443115,0.12101233005523682,-0.08423179388046265,3.0,3.0,3.0,3.0,3.0,3.0,3.0,3.0,3.0,3.0,3.0,3.0,3.0,3.0,3.0,3.0,3.0,3.0,3.0,3.0,0.05,0.05,0.05,0.05,0.05,0.05,0.05,0.05,0.05,0.05,0.05,0.05,0.05,0.05,0.05,0.05,0.05,0.05,0.05,0.05,0.0,0.0,0.0,0.0,0.0,0.0,0.0,0.0,0.0,0.0,0.0,0.0,0.0,0.0,0.0,0.0,0.0,0.0,0.0,0.0
0.712067723274231,0.3642362356185913,0.30880942940711975,0.44885528087615967,0.6382462382316589,-0.13066266477108002,0.31603360176086426,0.26185375452041626,0.9926362037658691,-0.09056848287582397,0.5930768251419067,0.4340156316757202,1.0683015584945679,-0.17229384183883667,0.6941560506820679,0.4637278616428375,0.9877592325210571,-0.16322091221809387,0.9511284232139587,0.30247625708580017,-0.5552306771278381,0.47371983528137207,-0.11601448059082031,0.32387152314186096,0.012154877185821533,-0.019677728414535522,-0.378146767616272,0.0336475670337677,-0.6769642233848572,0.07426813244819641,-2.1345674991607666,-1.1623702943325043,-0.8710026741027832,-0.028342008590698242,-1.8518000841140747,-0.9776458144187927,-1.0393723845481873,-0.30075907707214355,-1.8089905381202698,-1.2038186192512512,3.0,3.0,3.0,3.0,3.0,3.0,3.0,3.0,3.0,3.0,3.0,3.0,3.0,3.0,3.0,3.0,3.0,3.0,3.0,3.0,0.05,0.05,0.05,0.05,0.05,0.05,0.05,0.05,0.05,0.05,0.05,0.05,0.05,0.05,0.05,0.05,0.05,0.05,0.05,0.05,0.0,0.0,0.0,0.0,0.0,0.0,0.0,0.0,0.0,0.0,0.0,0.0,0.0,0.0,0.0,0.0,0.0,0.0,0.0,0.0,0.7089605927467346,0.43394866585731506,0.38082990050315857,0.11946401745080948,0.5078941583633423,0.007444843649864197,0.4390878677368164,0.20902660489082336,1.0348310470581055,0.04576481133699417,1.0215544700622559,0.5197693705558777,1.1874415874481201,0.12196588516235352,1.1525895595550537,0.5242875218391418,1.18825364112854,0.08694412559270859,1.3670984506607056,0.41714975237846375,0.0321120023727417,0.05151629447937012,0.008388608694076538,-0.06792023777961731,0.008843839168548584,-0.05261019105091691,-0.12884065508842468,0.004227831959724426,-0.15168488025665283,-0.049646198749542236,0.031173229217529297,-0.10655373334884644,-0.07765591144561768,-0.01790430396795273,0.09029507637023926,-0.1261487603187561,-0.01741349697113037,0.021086446940898895,0.0980675220489502,-0.08601099252700806,3.0,3.0,3.0,3.0,3.0,3.0,3.0,3.0,3.0,3.0,3.0,3.0,3.0,3.0,3.0,3.0,3.0,3.0,3.0,3.0,0.05,0.05,0.05,0.05,0.05,0.05,0.05,0.05,0.05,0.05,0.05,0.05,0.05,0.05,0.05,0.05,0.05,0.05,0.05,0.05,0.0,0.0,0.0,0.0,0.0,0.0,0.0,0.0,0.0,0.0,0.0,0.0,0.0,0.0,0.0,0.0,0.0,0.0,0.0,0.0
0.7008415460586548,0.37422600388526917,0.3066045939922333,0.4559222161769867,0.6381403207778931,-0.13092005252838135,0.3092445433139801,0.26259446144104004,0.9794467091560364,-0.08922494202852249,0.5525341629981995,0.41207030415534973,1.0518550872802734,-0.17253027856349945,0.6591453552246094,0.4451734125614166,0.9679551720619202,-0.16873696446418762,0.9171507954597473,0.27961912751197815,-0.5839362740516663,0.5058370530605316,-0.09927451610565186,0.36409124732017517,-0.005009770393371582,-0.01355297863483429,-0.2933681011199951,0.04435628652572632,-0.6530448794364929,0.0651773065328598,-1.9302800297737122,-1.0399676859378815,-0.8163183927536011,0.0022236257791519165,-1.67781263589859,-0.8899323642253876,-0.9906142950057983,-0.2530340105295181,-1.6268879175186157,-1.0965049266815186,3.0,3.0,3.0,3.0,3.0,3.0,3.0,3.0,3.0,3.0,3.0,3.0,3.0,3.0,3.0,3.0,3.0,3.0,3.0,3.0,0.05,0.05,0.05,0.05,0.05,0.05,0.05,0.05,0.05,0.05,0.05,0.05,0.05,0.05,0.05,0.05,0.05,0.05,0.05,0.05,0.0,0.0,0.0,0.0,0.0,0.0,0.0,0.0,0.0,0.0,0.0,0.0,0.0,0.0,0.0,0.0,0.0,0.0,0.0,0.0,0.7096351385116577,0.43486785888671875,0.3809243142604828,0.11836997419595718,0.5085154175758362,0.006553934421390295,0.4370471239089966,0.2093971222639084,1.0320543050765991,0.044791217893362045,1.0221688747406006,0.5177779197692871,1.185960292816162,0.12163657695055008,1.1542149782180786,0.5217799544334412,1.1878911256790161,0.08738274872303009,1.3688435554504395,0.4154117703437805,0.03406405448913574,0.02969801425933838,0.002246350049972534,-0.04192627966403961,0.053369998931884766,-0.033046037424355745,-0.0760100781917572,0.0371396541595459,-0.1355677843093872,-0.04762709140777588,0.025132298469543457,-0.09768158197402954,-0.08397102355957031,-0.014629960060119629,0.06692111492156982,-0.1334652304649353,-0.02733170986175537,0.023813173174858093,0.07496774196624756,-0.09333789348602295,3.0,3.0,3.0,3.0,3.0,3.0,3.0,3.0,3.0,3.0,3.0,3.0,3.0,3.0,3.0,3.0,3.0,3.0,3.0,3.0,0.05,0.05,0.05,0.05,0.05,0.05,0.05,0.05,0.05,0.05,0.05,0.05,0.05,0.05,0.05,0.05,0.05,0.05,0.05,0.05,0.0,0.0,0.0,0.0,0.0,0.0,0.0,0.0,0.0,0.0,0.0,0.0,0.0,0.0,0.0,0.0,0.0,0.0,0.0,0.0
0.6887102723121643,0.3844697177410126,0.3048384487628937,0.4634189307689667,0.6380458474159241,-0.1312047839164734,0.30429887771606445,0.2636280059814453,0.9665144085884094,-0.08796139061450958,0.5158656239509583,0.39241692423820496,1.0356488227844238,-0.1722048968076706,0.6270435452461243,0.428130567073822,0.9481346607208252,-0.1733422726392746,0.8860529065132141,0.25861606001853943,-0.623437762260437,0.5418591201305389,-0.07639452815055847,0.3933124244213104,-0.01367032527923584,-0.0014699995517730713,-0.2080388367176056,0.05644112825393677,-0.6212502717971802,0.06765350699424744,-1.7432063817977905,-0.9301364421844482,-0.7677733898162842,0.03453195095062256,-1.5247121453285217,-0.8122168481349945,-0.941215455532074,-0.20235925912857056,-1.4559566974639893,-1.000453531742096,3.0,3.0,3.0,3.0,3.0,3.0,3.0,3.0,3.0,3.0,3.0,3.0,3.0,3.0,3.0,3.0,3.0,3.0,3.0,3.0,0.05,0.05,0.05,0.05,0.05,0.05,0.05,0.05,0.05,0.05,0.05,0.05,0.05,0.05,0.05,0.05,0.05,0.05,0.05,0.05,0.0,0.0,0.0,0.0,0.0,0.0,0.0,0.0,0.0,0.0,0.0,0.0,0.0,0.0,0.0,0.0,0.0,0.0,0.0,0.0,0.7103231549263,0.4351365864276886,0.38091975450515747,0.1177869662642479,0.5100289583206177,0.006123002152889967,0.4360474646091461,0.2105121910572052,1.02940833568573,0.043859727680683136,1.0225597620010376,0.5158621072769165,1.1840827465057373,0.12138068675994873,1.1552664041519165,0.5189489126205444,1.1871603727340698,0.08789665251970291,1.3700971603393555,0.4134162366390228,0.04230290651321411,0.01479610800743103,0.00623166561126709,-0.02310294657945633,0.0821039080619812,-0.01560248201712966,-0.03447979688644409,0.06591081619262695,-0.11484920978546143,-0.04519987851381302,0.018656253814697266,-0.09097456932067871,-0.08312463760375977,-0.012059696018695831,0.05138814449310303,-0.13971924781799316,-0.03262162208557129,0.025505945086479187,0.062268972396850586,-0.09690597653388977,3.0,3.0,3.0,3.0,3.0,3.0,3.0,3.0,3.0,3.0,3.0,3.0,3.0,3.0,3.0,3.0,3.0,3.0,3.0,3.0,0.05,0.05,0.05,0.05,0.05,0.05,0.05,0.05,0.05,0.05,0.05,0.05,0.05,0.05,0.05,0.05,0.05,0.05,0.05,0.05,0.0,0.0,0.0,0.0,0.0,0.0,0.0,0.0,0.0,0.0,0.0,0.0,0.0,0.0,0.0,0.0,0.0,0.0,0.0,0.0
0.6759040355682373,0.3959003686904907,0.30354881286621094,0.4716547131538391,0.6375935077667236,-0.13097885251045227,0.3009229898452759,0.2648521065711975,0.9545966982841492,-0.0865188017487526,0.48280590772628784,0.3748648464679718,1.021144151687622,-0.17114900052547455,0.5981568694114685,0.41268473863601685,0.9303065538406372,-0.17683133482933044,0.8589125275611877,0.2396009862422943,-0.655384361743927,0.554598867893219,-0.05136430263519287,0.412064790725708,0.01211315393447876,0.005565956234931946,-0.12227147817611694,0.0685669481754303,-0.577053427696228,0.07311534136533737,-1.545223593711853,-0.817900151014328,-0.7160037755966187,0.05426928400993347,-1.3689935207366943,-0.7319532334804535,-0.9116262197494507,-0.15179961919784546,-1.2990176677703857,-0.904548168182373,3.0,3.0,3.0,3.0,3.0,3.0,3.0,3.0,3.0,3.0,3.0,3.0,3.0,3.0,3.0,3.0,3.0,3.0,3.0,3.0,0.05,0.05,0.05,0.05,0.05,0.05,0.05,0.05,0.05,0.05,0.05,0.05,0.05,0.05,0.05,0.05,0.05,0.05,0.05,0.05,0.0,0.0,0.0,0.0,0.0,0.0,0.0,0.0,0.0,0.0,0.0,0.0,0.0,0.0,0.0,0.0,0.0,0.0,0.0,0.0,0.7113272547721863,0.435459703207016,0.38117358088493347,0.11744585633277893,0.5117995738983154,0.005929835140705109,0.4356679320335388,0.21203355491161346,1.0274603366851807,0.042983222752809525,1.0229151248931885,0.51413893699646,1.1826353073120117,0.12115418910980225,1.1562705039978027,0.5161911845207214,1.1865862607955933,0.08840298652648926,1.3713343143463135,0.4115355312824249,0.05087554454803467,0.011763721704483032,0.010593980550765991,-0.014018267393112183,0.09457170963287354,-0.0064796884544193745,-0.005503743886947632,0.08205398917198181,-0.09128451347351074,-0.04169857129454613,0.014069676399230957,-0.08153915405273438,-0.07132589817047119,-0.011011771857738495,0.0437617301940918,-0.13455897569656372,-0.025954842567443848,0.023845210671424866,0.0590205192565918,-0.08953362703323364,3.0,3.0,3.0,3.0,3.0,3.0,3.0,3.0,3.0,3.0,3.0,3.0,3.0,3.0,3.0,3.0,3.0,3.0,3.0,3.0,0.05,0.05,0.05,0.05,0.05,0.05,0.05,0.05,0.05,0.05,0.05,0.05,0.05,0.05,0.05,0.05,0.05,0.05,0.05,0.05,0.0,0.0,0.0,0.0,0.0,0.0,0.0,0.0,0.0,0.0,0.0,0.0,0.0,0.0,0.0,0.0,0.0,0.0,0.0,0.0
0.6624948978424072,0.40665367245674133,0.30278387665748596,0.479901522397995,0.6385303735733032,-0.1309821456670761,0.2994080185890198,0.2663706839084625,0.9434322714805603,-0.08503677695989609,0.45405668020248413,0.35970091819763184,1.007008671760559,-0.17003412544727325,0.5722838044166565,0.3988524377346039,0.9116696119308472,-0.17941425740718842,0.8340921998023987,0.2224341332912445,-0.690239667892456,0.5620807409286499,-0.02679973840713501,0.3953710198402405,0.020094215869903564,-0.005083158612251282,-0.055527687072753906,0.07567405700683594,-0.538422167301178,0.05496721714735031,-1.3642579317092896,-0.7169142365455627,-0.6863117218017578,0.04085451364517212,-1.2303680181503296,-0.6560906767845154,-0.8958682417869568,-0.12415088713169098,-1.1697396636009216,-0.8123550564050674,3.0,3.0,3.0,3.0,3.0,3.0,3.0,3.0,3.0,3.0,3.0,3.0,3.0,3.0,3.0,3.0,3.0,3.0,3.0,3.0,0.05,0.05,0.05,0.05,0.05,0.05,0.05,0.05,0.05,0.05,0.05,0.05,0.05,0.05,0.05,0.05,0.05,0.05,0.05,0.05,0.0,0.0,0.0,0.0,0.0,0.0,0.0,0.0,0.0,0.0,0.0,0.0,0.0,0.0,0.0,0.0,0.0,0.0,0.0,0.0,0.7123581767082214,0.4356071352958679,0.3813435137271881,0.11722623556852341,0.5138118267059326,0.005863814614713192,0.4358273148536682,0.21379435062408447,1.0257569551467896,0.04219178482890129,1.0231225490570068,0.5126005411148071,1.1812297105789185,0.12094021588563919,1.1570168733596802,0.5135665535926819,1.186122179031372,0.0888504609465599,1.3724579811096191,0.4098348915576935,0.05287528038024902,0.0067427754402160645,0.008140504360198975,-0.0019103288650512695,0.10773539543151855,0.0016872421838343143,0.020628422498703003,0.0927269458770752,-0.07748007774353027,-0.03514457494020462,0.009891390800476074,-0.07081180810928345,-0.06549954414367676,-0.008330866694450378,0.034371018409729004,-0.12553930282592773,-0.022286176681518555,0.022051483392715454,0.05219578742980957,-0.080803781747818,3.0,3.0,3.0,3.0,3.0,3.0,3.0,3.0,3.0,3.0,3.0,3.0,3.0,3.0,3.0,3.0,3.0,3.0,3.0,3.0,0.05,0.05,0.05,0.05,0.05,0.05,0.05,0.05,0.05,0.05,0.05,0.05,0.05,0.05,0.05,0.05,0.05,0.05,0.05,0.05,0.0,0.0,0.0,0.0,0.0,0.0,0.0,0.0,0.0,0.0,0.0,0.0,0.0,0.0,0.0,0.0,0.0,0.0,0.0,0.0
0.6482944488525391,0.4183835983276367,0.30247682332992554,0.48746955394744873,0.6383972764015198,-0.13118217885494232,0.2987018823623657,0.26787906885147095,0.933059811592102,-0.08432011306285858,0.42823559045791626,0.3461882770061493,0.9936916828155518,-0.16951481997966766,0.5489421486854553,0.38644111156463623,0.8944718241691589,-0.18179737031459808,0.8121229410171509,0.2071067839860916,-0.6454795598983765,0.5631566047668457,-0.016195327043533325,0.33525004982948303,0.012215971946716309,-0.016523152589797974,-0.00027567148208618164,0.08289143443107605,-0.441567599773407,0.022559426724910736,-1.162905991077423,-0.6074115633964539,-0.5856648087501526,0.007024779915809631,-1.0517582297325134,-0.5573347210884094,-0.7446542382240295,-0.10442882776260376,-0.9754568338394165,-0.6914559751749039,3.0,3.0,3.0,3.0,3.0,3.0,3.0,3.0,3.0,3.0,3.0,3.0,3.0,3.0,3.0,3.0,3.0,3.0,3.0,3.0,0.05,0.05,0.05,0.05,0.05,0.05,0.05,0.05,0.05,0.05,0.05,0.05,0.05,0.05,0.05,0.05,0.05,0.05,0.05,0.05,0.0,0.0,0.0,0.0,0.0,0.0,0.0,0.0,0.0,0.0,0.0,0.0,0.0,0.0,0.0,0.0,0.0,0.0,0.0,0.0,0.7134422659873962,0.43572941422462463,0.38149920105934143,0.11736944317817688,0.5161089897155762,0.005997324828058481,0.43649306893348694,0.21574263274669647,1.0243611335754395,0.04157743975520134,1.0233107805252075,0.5113064646720886,1.1800153255462646,0.12082095444202423,1.157645344734192,0.5111696124076843,1.1856948137283325,0.08928504586219788,1.3734221458435059,0.4083033800125122,0.05564689636230469,0.0006154179573059082,0.005558133125305176,0.02064332365989685,0.13153553009033203,0.011459831148386002,0.05394294857978821,0.1111108809709549,-0.05943179130554199,-0.02699354663491249,0.014927983283996582,-0.05594491958618164,-0.05238056182861328,-0.0033564865589141846,0.0349193811416626,-0.11559724807739258,-0.018653273582458496,0.02130940556526184,0.045689940452575684,-0.07639601826667786,3.0,3.0,3.0,3.0,3.0,3.0,3.0,3.0,3.0,3.0,3.0,3.0,3.0,3.0,3.0,3.0,3.0,3.0,3.0,3.0,0.05,0.05,0.05,0.05,0.05,0.05,0.05,0.05,0.05,0.05,0.05,0.05,0.05,0.05,0.05,0.05,0.05,0.05,0.05,0.05,0.0,0.0,0.0,0.0,0.0,0.0,0.0,0.0,0.0,0.0,0.0,0.0,0.0,0.0,0.0,0.0,0.0,0.0,0.0,0.0
0.6366757154464722,0.42917993664741516,0.30213606357574463,0.4933115243911743,0.6390190124511719,-0.13164307177066803,0.29939699172973633,0.26968634128570557,0.925769567489624,-0.08413439989089966,0.4075404405593872,0.3354044556617737,0.983582079410553,-0.16975313425064087,0.530213475227356,0.3765590488910675,0.881883442401886,-0.18359141051769257,0.795073926448822,0.19477589428424835,-0.5235731601715088,0.4923224449157715,-0.00921785831451416,0.26929229497909546,0.04236102104187012,-0.027877837419509888,0.050630420446395874,0.0896841287612915,-0.3346189856529236,0.008587725460529327,-0.9398519992828369,-0.4887983202934265,-0.46132802963256836,-0.007167831063270569,-0.8503079414367676,-0.44700950384140015,-0.5670592188835144,-0.06877332925796509,-0.7673367857933044,-0.5576249212026596,3.0,3.0,3.0,3.0,3.0,3.0,3.0,3.0,3.0,3.0,3.0,3.0,3.0,3.0,3.0,3.0,3.0,3.0,3.0,3.0,0.05,0.05,0.05,0.05,0.05,0.05,0.05,0.05,0.05,0.05,0.05,0.05,0.05,0.05,0.05,0.05,0.05,0.05,0.05,0.05,0.0,0.0,0.0,0.0,0.0,0.0,0.0,0.0,0.0,0.0,0.0,0.0,0.0,0.0,0.0,0.0,0.0,0.0,0.0,0.0,0.7145840525627136,0.43563175201416016,0.3815658390522003,0.11805196851491928,0.5190732479095459,0.006322207860648632,0.43798503279685974,0.21823878586292267,1.0233796834945679,0.04111204296350479,1.0237196683883667,0.5103627443313599,1.179134488105774,0.12080595642328262,1.1584136486053467,0.5089426636695862,1.1853760480880737,0.08970283716917038,1.3742855787277222,0.40677905082702637,0.059701502323150635,-0.015672296285629272,0.00711977481842041,0.04802905023097992,0.1379147171974182,0.021768256556242704,0.07809773087501526,0.1295328140258789,-0.044026970863342285,-0.021763797849416733,0.02079010009765625,-0.039899349212646484,-0.04079937934875488,-0.00245850533246994,0.03915131092071533,-0.10601580142974854,-0.01461803913116455,0.01659095287322998,0.039011240005493164,-0.07609724998474121,3.0,3.0,3.0,3.0,3.0,3.0,3.0,3.0,3.0,3.0,3.0,3.0,3.0,3.0,3.0,3.0,3.0,3.0,3.0,3.0,0.05,0.05,0.05,0.05,0.05,0.05,0.05,0.05,0.05,0.05,0.05,0.05,0.05,0.05,0.05,0.05,0.05,0.05,0.05,0.05,0.0,0.0,0.0,0.0,0.0,0.0,0.0,0.0,0.0,0.0,0.0,0.0,0.0,0.0,0.0,0.0,0.0,0.0,0.0,0.0
0.6273515224456787,0.4380764961242676,0.30210810899734497,0.49824124574661255,0.6400917172431946,-0.13229729235172272,0.30072709918022156,0.2714664340019226,0.9196750521659851,-0.08397660404443741,0.3906415104866028,0.32663634419441223,0.975238561630249,-0.1698015332221985,0.5149298310279846,0.3685607314109802,0.8717894554138184,-0.1845483034849167,0.7814294695854187,0.18480178713798523,-0.40894150733947754,0.4122979938983917,0.004109740257263184,0.20683109760284424,0.07405132055282593,-0.0352516770362854,0.0880315899848938,0.09289681911468506,-0.2522781491279602,-0.0005792826414108276,-0.7513746619224548,-0.38963332772254944,-0.35907626152038574,-0.009454041719436646,-0.6781205534934998,-0.35283640027046204,-0.44105350971221924,-0.0355057418346405,-0.6008803844451904,-0.4432365298271179,3.0,3.0,3.0,3.0,3.0,3.0,3.0,3.0,3.0,3.0,3.0,3.0,3.0,3.0,3.0,3.0,3.0,3.0,3.0,3.0,0.05,0.05,0.05,0.05,0.05,0.05,0.05,0.05,0.05,0.05,0.05,0.05,0.05,0.05,0.05,0.05,0.05,0.05,0.05,0.05,0.0,0.0,0.0,0.0,0.0,0.0,0.0,0.0,0.0,0.0,0.0,0.0,0.0,0.0,0.0,0.0,0.0,0.0,0.0,0.0,0.7158303260803223,0.43510252237319946,0.38178399205207825,0.11929060518741608,0.5216255784034729,0.006868055090308189,0.43961697816848755,0.22092394530773163,1.0226000547409058,0.04070688784122467,1.0241423845291138,0.5097104907035828,1.1783833503723145,0.12072261422872543,1.1592113971710205,0.5069289803504944,1.185110092163086,0.08994868397712708,1.3749825954437256,0.40525949001312256,0.06185770034790039,-0.020207464694976807,0.010307133197784424,0.06970465183258057,0.13903677463531494,0.03171088173985481,0.09409785270690918,0.1424398273229599,-0.033858418464660645,-0.009529665112495422,0.02281367778778076,-0.024554133415222168,-0.03109276294708252,0.004270672798156738,0.04354417324066162,-0.09339749813079834,-0.005835294723510742,0.018056854605674744,0.03521144390106201,-0.07499828934669495,3.0,3.0,3.0,3.0,3.0,3.0,3.0,3.0,3.0,3.0,3.0,3.0,3.0,3.0,3.0,3.0,3.0,3.0,3.0,3.0,0.05,0.05,0.05,0.05,0.05,0.05,0.05,0.05,0.05,0.05,0.05,0.05,0.05,0.05,0.05,0.05,0.05,0.05,0.05,0.05,0.0,0.0,0.0,0.0,0.0,0.0,0.0,0.0,0.0,0.0,0.0,0.0,0.0,0.0,0.0,0.0,0.0,0.0,0.0,0.0
0.6203180551528931,0.44567185640335083,0.30230045318603516,0.5015847682952881,0.6419810652732849,-0.13305313885211945,0.3029182553291321,0.27340221405029297,0.9156784415245056,-0.08415757119655609,0.377485454082489,0.3198191225528717,0.9692190289497375,-0.17013129591941833,0.503088653087616,0.362445592880249,0.8642413020133972,-0.18501164019107819,0.7710387110710144,0.17704643309116364,-0.2927526831626892,0.3456100821495056,0.006269663572311401,0.1346990466117859,0.10692179203033447,-0.042740628123283386,0.1318521797657013,0.10229423642158508,-0.1518726348876953,-0.01119021326303482,-0.5800917744636536,-0.30025914311408997,-0.2539008855819702,-0.014842301607131958,-0.5192600190639496,-0.26359260082244873,-0.3203198313713074,-0.0015173107385635376,-0.4436090588569641,-0.3352537751197815,3.0,3.0,3.0,3.0,3.0,3.0,3.0,3.0,3.0,3.0,3.0,3.0,3.0,3.0,3.0,3.0,3.0,3.0,3.0,3.0,0.05,0.05,0.05,0.05,0.05,0.05,0.05,0.05,0.05,0.05,0.05,0.05,0.05,0.05,0.05,0.05,0.05,0.05,0.05,0.05,0.0,0.0,0.0,0.0,0.0,0.0,0.0,0.0,0.0,0.0,0.0,0.0,0.0,0.0,0.0,0.0,0.0,0.0,0.0,0.0,0.7170583605766296,0.4348234534263611,0.3819781243801117,0.1208401545882225,0.5246347188949585,0.0075906431302428246,0.4417489469051361,0.22393637895584106,1.0220253467559814,0.040730856359004974,1.024632215499878,0.509380578994751,1.1778907775878906,0.12097678333520889,1.1601554155349731,0.5052067637443542,1.1851426362991333,0.09042511135339737,1.3756940364837646,0.40377911925315857,0.05933046340942383,-0.02240613102912903,0.011702626943588257,0.09019169956445694,0.13621896505355835,0.03603617660701275,0.1044146716594696,0.15173368155956268,-0.02154707908630371,0.0009884126484394073,0.025570392608642578,-0.009207427501678467,-0.021404027938842773,0.014526396989822388,0.04883408546447754,-0.07811635732650757,0.002968311309814453,0.024025142192840576,0.03326833248138428,-0.0730656087398529,3.0,3.0,3.0,3.0,3.0,3.0,3.0,3.0,3.0,3.0,3.0,3.0,3.0,3.0,3.0,3.0,3.0,3.0,3.0,3.0,0.05,0.05,0.05,0.05,0.05,0.05,0.05,0.05,0.05,0.05,0.05,0.05,0.05,0.05,0.05,0.05,0.05,0.05,0.05,0.05,0.0,0.0,0.0,0.0,0.0,0.0,0.0,0.0,0.0,0.0,0.0,0.0,0.0,0.0,0.0,0.0,0.0,0.0,0.0,0.0
0.6156414151191711,0.4519008994102478,0.3023588955402374,0.503629207611084,0.644368588924408,-0.13400691747665405,0.3060011863708496,0.275558203458786,0.9136001467704773,-0.0844242125749588,0.36743783950805664,0.31462597846984863,0.9650825262069702,-0.17039522528648376,0.49415943026542664,0.3580170273780823,0.8589766621589661,-0.18460899591445923,0.7636851072311401,0.17139163613319397,-0.1747816801071167,0.27105212211608887,0.0038489699363708496,0.06556212902069092,0.11550486087799072,-0.041786953806877136,0.15856996178627014,0.10585859417915344,-0.08063316345214844,-0.010621175169944763,-0.4435114562511444,-0.22725611925125122,-0.1720726490020752,-0.003123655915260315,-0.38589611649513245,-0.1858063042163849,-0.22552311420440674,0.03438480198383331,-0.3095701336860657,-0.23875869810581207,3.0,3.0,3.0,3.0,3.0,3.0,3.0,3.0,3.0,3.0,3.0,3.0,3.0,3.0,3.0,3.0,3.0,3.0,3.0,3.0,0.05,0.05,0.05,0.05,0.05,0.05,0.05,0.05,0.05,0.05,0.05,0.05,0.05,0.05,0.05,0.05,0.05,0.05,0.05,0.05,0.0,0.0,0.0,0.0,0.0,0.0,0.0,0.0,0.0,0.0,0.0,0.0,0.0,0.0,0.0,0.0,0.0,0.0,0.0,0.0,0.7182035446166992,0.4342062771320343,0.3822520971298218,0.12289827316999435,0.5270743370056152,0.0083095021545887,0.44379356503486633,0.22699329257011414,1.0217381715774536,0.04074642434716225,1.0251652002334595,0.5093421936035156,1.1775271892547607,0.12130367010831833,1.1611647605895996,0.5038043260574341,1.1852288246154785,0.0909096896648407,1.376313328742981,0.40233686566352844,0.05787461996078491,-0.028166919946670532,0.016097724437713623,0.10847989469766617,0.12674778699874878,0.03367906901985407,0.11063814163208008,0.1598365604877472,-0.0106126070022583,-0.0029179267585277557,0.027960538864135742,0.005576014518737793,-0.015494227409362793,0.010917708277702332,0.052732229232788086,-0.061330199241638184,0.008016824722290039,0.017890147864818573,0.03331005573272705,-0.06873160600662231,3.0,3.0,3.0,3.0,3.0,3.0,3.0,3.0,3.0,3.0,3.0,3.0,3.0,3.0,3.0,3.0,3.0,3.0,3.0,3.0,0.05,0.05,0.05,0.05,0.05,0.05,0.05,0.05,0.05,0.05,0.05,0.05,0.05,0.05,0.05,0.05,0.05,0.05,0.05,0.05,0.0,0.0,0.0,0.0,0.0,0.0,0.0,0.0,0.0,0.0,0.0,0.0,0.0,0.0,0.0,0.0,0.0,0.0,0.0,0.0
0.6133267879486084,0.4565139412879944,0.30245441198349,0.5042072534561157,0.6466012597084045,-0.13472461700439453,0.3092610538005829,0.2776365578174591,0.9124531149864197,-0.08458241820335388,0.35974499583244324,0.31072887778282166,0.9623361229896545,-0.17025624215602875,0.48765280842781067,0.35501334071159363,0.855220377445221,-0.18363624811172485,0.7586559057235718,0.16749608516693115,-0.048695504665374756,0.18559396266937256,0.005730986595153809,0.01474618911743164,0.13150274753570557,-0.036641210317611694,0.18218085169792175,0.11072978377342224,-0.018830597400665283,-0.009844452142715454,-0.3127649426460266,-0.15067234635353088,-0.07340759038925171,0.0071924179792404175,-0.23958534002304077,-0.09773001074790955,-0.1304835081100464,0.052548572421073914,-0.17571896314620972,-0.1381322741508484,3.0,3.0,3.0,3.0,3.0,3.0,3.0,3.0,3.0,3.0,3.0,3.0,3.0,3.0,3.0,3.0,3.0,3.0,3.0,3.0,0.05,0.05,0.05,0.05,0.05,0.05,0.05,0.05,0.05,0.05,0.05,0.05,0.05,0.05,0.05,0.05,0.05,0.05,0.05,0.05,0.0,0.0,0.0,0.0,0.0,0.0,0.0,0.0,0.0,0.0,0.0,0.0,0.0,0.0,0.0,0.0,0.0,0.0,0.0,0.0,0.719373345375061,0.43369677662849426,0.38262203335762024,0.12517935037612915,0.5297046303749084,0.008937805891036987,0.4461744725704193,0.23032984137535095,1.0216008424758911,0.040614139288663864,1.0257506370544434,0.5096036195755005,1.1772710084915161,0.12141349166631699,1.1622647047042847,0.5027535557746887,1.185463309288025,0.09114071726799011,1.3770264387130737,0.4010298550128937,0.06123483180999756,-0.025276094675064087,0.02103373408317566,0.12226719409227371,0.11487007141113281,0.025539356283843517,0.11367872357368469,0.16626417636871338,-0.0011444091796875,-0.008079968392848969,0.030347704887390137,0.019197165966033936,-0.008037686347961426,0.004521571099758148,0.05657374858856201,-0.044092535972595215,0.016170740127563477,0.01066308468580246,0.0410228967666626,-0.05956590175628662,3.0,3.0,3.0,3.0,3.0,3.0,3.0,3.0,3.0,3.0,3.0,3.0,3.0,3.0,3.0,3.0,3.0,3.0,3.0,3.0,0.05,0.05,0.05,0.05,0.05,0.05,0.05,0.05,0.05,0.05,0.05,0.05,0.05,0.05,0.05,0.05,0.05,0.05,0.05,0.05,0.0,0.0,0.0,0.0,0.0,0.0,0.0,0.0,0.0,0.0,0.0,0.0,0.0,0.0,0.0,0.0,0.0,0.0,0.0,0.0
0.6136935949325562,0.4593246579170227,0.3025881350040436,0.5042190551757812,0.6496286988258362,-0.13547256588935852,0.3132884204387665,0.2799873948097229,0.9128469228744507,-0.08481799066066742,0.3549272418022156,0.3085990846157074,0.9621462225914001,-0.17010752856731415,0.484576016664505,0.3541078269481659,0.8537573218345642,-0.18250705301761627,0.7566563487052917,0.16586634516716003,0.054432451725006104,0.10543689131736755,0.007954239845275879,-0.033132731914520264,0.15160590410232266,-0.037730857729911804,0.196896493434906,0.11324957013130188,0.041414797306058015,-0.01702290028333664,-0.19451603293418884,-0.07917508482933044,0.020299851894378662,0.011555850505828857,-0.10585710406303406,-0.01755356788635254,-0.049756467342379485,0.06648898124694824,-0.06373226642608643,-0.05054287612438202,3.0,3.0,3.0,3.0,3.0,3.0,3.0,3.0,3.0,3.0,3.0,3.0,3.0,3.0,3.0,3.0,3.0,3.0,3.0,3.0,0.05,0.05,0.05,0.05,0.05,0.05,0.05,0.05,0.05,0.05,0.05,0.05,0.05,0.05,0.05,0.05,0.05,0.05,0.05,0.05,0.0,0.0,0.0,0.0,0.0,0.0,0.0,0.0,0.0,0.0,0.0,0.0,0.0,0.0,0.0,0.0,0.0,0.0,0.0,0.0,0.7206529378890991,0.43319523334503174,0.3830934464931488,0.1277889609336853,0.5316691398620605,0.00933107640594244,0.4483407139778137,0.23364385962486267,1.0216923952102661,0.04042322561144829,1.026379108428955,0.510110080242157,1.1772056818008423,0.12148453295230865,1.163427710533142,0.5020406246185303,1.185875654220581,0.0913362130522728,1.3779542446136475,0.399954229593277,0.07162988185882568,-0.024440884590150314,0.012960284948348999,0.1328546553850167,0.08773654699325562,0.020398083142936185,0.1054242253303514,0.16794688999652793,0.00021159648895263672,-0.009054504334926605,0.026991963386541196,0.029711425304412842,-0.009050965309143066,0.00029336661100387573,0.053748488426208496,-0.028347969055178557,0.014477968215942383,0.005057640373706818,0.04499554634094238,-0.04870668053627153,3.0,3.0,3.0,3.0,3.0,3.0,3.0,3.0,3.0,3.0,3.0,3.0,3.0,3.0,3.0,3.0,3.0,3.0,3.0,3.0,0.05,0.05,0.05,0.05,0.05,0.05,0.05,0.05,0.05,0.05,0.05,0.05,0.05,0.05,0.05,0.05,0.05,0.05,0.05,0.05,0.0,0.0,0.0,0.0,0.0,0.0,0.0,0.0,0.0,0.0,0.0,0.0,0.0,0.0,0.0,0.0,0.0,0.0,0.0,0.0
0.6155040860176086,0.4607314169406891,0.302772581577301,0.5028819441795349,0.6526654958724974,-0.136233851313591,0.3171369135379791,0.2821665406227112,0.914109706878662,-0.08526333421468735,0.3519643545150757,0.30756187438964844,0.9631481170654297,-0.1697940081357956,0.4834185242652893,0.3543111979961395,0.8532301187515258,-0.18097668886184692,0.7561066150665283,0.16547437012195587,0.11926591396331787,0.04033595323562622,0.007111579179763794,-0.08261650800704956,0.16035139560699463,-0.0400785356760025,0.19128844141960144,0.10744035243988037,0.08879154920578003,-0.019594281911849976,-0.0981159508228302,-0.01927390694618225,0.090751051902771,0.01570954918861389,-0.0017590820789337158,0.04473552107810974,0.019732117652893066,0.0814337283372879,0.02177506685256958,0.019315257668495178,3.0,3.0,3.0,3.0,3.0,3.0,3.0,3.0,3.0,3.0,3.0,3.0,3.0,3.0,3.0,3.0,3.0,3.0,3.0,3.0,0.05,0.05,0.05,0.05,0.05,0.05,0.05,0.05,0.05,0.05,0.05,0.05,0.05,0.05,0.05,0.05,0.05,0.05,0.05,0.05,0.0,0.0,0.0,0.0,0.0,0.0,0.0,0.0,0.0,0.0,0.0,0.0,0.0,0.0,0.0,0.0,0.0,0.0,0.0,0.0,0.7222385406494141,0.43271914124488825,0.3831404447555542,0.13049353659152982,0.5332140922546387,0.009753729216754435,0.45039144158363337,0.23704771697521207,1.0216093063354492,0.0402519591152668,1.026830315589905,0.510792076587677,1.1769089698791504,0.12142522633075714,1.164414644241333,0.5016196370124816,1.1860424280166626,0.09134302288293839,1.3788262605667114,0.3990815877914428,0.07654726505279541,-0.026339292526245117,0.016139447689056396,0.13578683137893677,0.06946474313735962,0.016021099872887135,0.09884759783744812,0.17010197043418884,-0.006103515625,-0.009612925350666046,0.02041757106781006,0.03818720579147339,-0.00832974910736084,-0.0011691823601722717,0.05304515361785889,-0.010988116264343262,0.00718533992767334,0.002942793071269989,0.047135353088378906,-0.036350637674331665,3.0,3.0,3.0,3.0,3.0,3.0,3.0,3.0,3.0,3.0,3.0,3.0,3.0,3.0,3.0,3.0,3.0,3.0,3.0,3.0,0.05,0.05,0.05,0.05,0.05,0.05,0.05,0.05,0.05,0.05,0.05,0.05,0.05,0.05,0.05,0.05,0.05,0.05,0.05,0.05,0.0,0.0,0.0,0.0,0.0,0.0,0.0,0.0,0.0,0.0,0.0,0.0,0.0,0.0,0.0,0.0,0.0,0.0,0.0,0.0
0.6184642314910889,0.46093809604644775,0.30287259817123413,0.5009143948554993,0.656042754650116,-0.13707570731639862,0.32093995809555054,0.2842850089073181,0.9163985848426819,-0.08560176193714142,0.35100260376930237,0.3078281283378601,0.965776264667511,-0.1694791465997696,0.48450565338134766,0.3558972477912903,0.8545466065406799,-0.17924970388412476,0.7575273513793945,0.16663895547389984,0.1658916473388672,-0.013658404350280762,0.013632327318191528,-0.1078486442565918,0.1644119620323209,-0.044035911560058594,0.1793213188648224,0.10097473859786987,0.1323670148849515,-0.02054758369922638,-0.009854882955551147,0.0391840934753418,0.13984739780426025,0.014473125338554382,0.08427798748016357,0.10050535202026367,0.08118003606796542,0.08945241570472717,0.09602606296539307,0.08329078555107117,3.0,3.0,3.0,3.0,3.0,3.0,3.0,3.0,3.0,3.0,3.0,3.0,3.0,3.0,3.0,3.0,3.0,3.0,3.0,3.0,0.05,0.05,0.05,0.05,0.05,0.05,0.05,0.05,0.05,0.05,0.05,0.05,0.05,0.05,0.05,0.05,0.05,0.05,0.05,0.05,0.0,0.0,0.0,0.0,0.0,0.0,0.0,0.0,0.0,0.0,0.0,0.0,0.0,0.0,0.0,0.0,0.0,0.0,0.0,0.0,0.7237148284912109,0.43214166164398193,0.38373902440071106,0.13322043418884277,0.5344477295875549,0.009971920400857925,0.45229461789131165,0.24044793844223022,1.0214482545852661,0.040038708597421646,1.0271958112716675,0.5116375684738159,1.1768724918365479,0.12143776565790176,1.1655495166778564,0.5016010999679565,1.186163067817688,0.0914539247751236,1.3798396587371826,0.3985002040863037,0.07689297199249268,-0.02228990197181563,0.022518634796142578,0.1355491578578956,0.04805922508239746,0.01414068974554543,0.08698552846908708,0.16850419342517922,-0.012180209159851074,-0.009618233889341354,0.012934207916254215,0.044567883014678955,-0.006693601608276367,-0.0002557411789894104,0.05453526973724365,0.007081031799319182,0.005307793617248535,0.005378201603889465,0.051271915435791016,-0.023430585861204667,3.0,3.0,3.0,3.0,3.0,3.0,3.0,3.0,3.0,3.0,3.0,3.0,3.0,3.0,3.0,3.0,3.0,3.0,3.0,3.0,0.05,0.05,0.05,0.05,0.05,0.05,0.05,0.05,0.05,0.05,0.05,0.05,0.05,0.05,0.05,0.05,0.05,0.05,0.05,0.05,0.0,0.0,0.0,0.0,0.0,0.0,0.0,0.0,0.0,0.0,0.0,0.0,0.0,0.0,0.0,0.0,0.0,0.0,0.0,0.0
0.6221397519111633,0.46018508076667786,0.3033178746700287,0.49856799840927124,0.6592419743537903,-0.13799528777599335,0.324309766292572,0.286205530166626,0.9194043874740601,-0.0860852375626564,0.35157015919685364,0.3091292381286621,0.9687420129776001,-0.16921508312225342,0.48678964376449585,0.3583314120769501,0.8564773201942444,-0.17739859223365784,0.759947657585144,0.16880600154399872,0.20073950290679932,-0.05305558443069458,0.01877322793006897,-0.11884123086929321,0.1618802547454834,-0.0502467155456543,0.15983730554580688,0.09379163384437561,0.1615658402442932,-0.02536587417125702,0.0662781298160553,0.0952787697315216,0.16909390687942505,0.009034574031829834,0.15480071306228638,0.15186965465545654,0.1285150647163391,0.09419061243534088,0.15884041786193848,0.14333054423332214,3.0,3.0,3.0,3.0,3.0,3.0,3.0,3.0,3.0,3.0,3.0,3.0,3.0,3.0,3.0,3.0,3.0,3.0,3.0,3.0,0.05,0.05,0.05,0.05,0.05,0.05,0.05,0.05,0.05,0.05,0.05,0.05,0.05,0.05,0.05,0.05,0.05,0.05,0.05,0.05,0.0,0.0,0.0,0.0,0.0,0.0,0.0,0.0,0.0,0.0,0.0,0.0,0.0,0.0,0.0,0.0,0.0,0.0,0.0,0.0,0.7253142595291138,0.4318275451660156,0.3840411901473999,0.13591550290584564,0.5351364612579346,0.010319356806576252,0.45387086272239685,0.24378788471221924,1.0211220979690552,0.039867229759693146,1.0273476839065552,0.5125747919082642,1.1766412258148193,0.12141499668359756,1.1665960550308228,0.5019028782844543,1.1862547397613525,0.09155815094709396,1.380877137184143,0.39814436435699463,0.07857382297515869,-0.016022473573684692,0.018275529146194458,0.13096965849399567,0.023530423641204834,0.014765211381018162,0.07108747959136963,0.1648537814617157,-0.02161562442779541,-0.006314273923635483,0.002911686897277832,0.04888772964477539,-0.008478760719299316,0.0015135854482650757,0.05449056625366211,0.024455785751342773,0.0015854835510253906,0.00636763870716095,0.05039572715759277,-0.01278221607208252,3.0,3.0,3.0,3.0,3.0,3.0,3.0,3.0,3.0,3.0,3.0,3.0,3.0,3.0,3.0,3.0,3.0,3.0,3.0,3.0,0.05,0.05,0.05,0.05,0.05,0.05,0.05,0.05,0.05,0.05,0.05,0.05,0.05,0.05,0.05,0.05,0.05,0.05,0.05,0.05,0.0,0.0,0.0,0.0,0.0,0.0,0.0,0.0,0.0,0.0,0.0,0.0,0.0,0.0,0.0,0.0,0.0,0.0,0.0,0.0
0.6264938116073608,0.45881587266921997,0.3036235272884369,0.49616074562072754,0.6625179648399353,-0.1390855759382248,0.3273334503173828,0.28803667426109314,0.9228612184524536,-0.0866163969039917,0.3536537289619446,0.31163927912712097,0.972540020942688,-0.1691177636384964,0.4906976819038391,0.36197203397750854,0.8596872091293335,-0.17548207938671112,0.7638809680938721,0.17237217724323273,0.22061169147491455,-0.08330121636390686,0.022593140602111816,-0.1252882182598114,0.1550033688545227,-0.05375407636165619,0.13732388615608215,0.08760914206504822,0.17844289541244507,-0.026172585785388947,0.12939050793647766,0.14586672186851501,0.18588155508041382,0.0019825994968414307,0.2105996012687683,0.19712820649147034,0.1653134822845459,0.09723939001560211,0.21068453788757324,0.19772090017795563,3.0,3.0,3.0,3.0,3.0,3.0,3.0,3.0,3.0,3.0,3.0,3.0,3.0,3.0,3.0,3.0,3.0,3.0,3.0,3.0,0.05,0.05,0.05,0.05,0.05,0.05,0.05,0.05,0.05,0.05,0.05,0.05,0.05,0.05,0.05,0.05,0.05,0.05,0.05,0.05,0.0,0.0,0.0,0.0,0.0,0.0,0.0,0.0,0.0,0.0,0.0,0.0,0.0,0.0,0.0,0.0,0.0,0.0,0.0,0.0,0.7268577814102173,0.43150076270103455,0.38447004556655884,0.1384592205286026,0.5353889465332031,0.010562528856098652,0.45513811707496643,0.24704208970069885,1.0205836296081543,0.03978613764047623,1.0273122787475586,0.5135930776596069,1.1765333414077759,0.12149830907583237,1.167729139328003,0.5025793313980103,1.186226487159729,0.09170863032341003,1.3818554878234863,0.3979889154434204,0.06984919309616089,-0.017339736223220825,0.03292188048362732,0.12148022651672363,0.005549192428588867,0.012077298015356064,0.056271255016326904,0.15914589166641235,-0.029614567756652832,-0.001766439527273178,-0.0020682811737060547,0.0542178750038147,-0.0025600194931030273,0.009604543447494507,0.06001889705657959,0.0429302453994751,0.003185868263244629,0.014138966798782349,0.05303621292114258,-0.0009074807167053223,3.0,3.0,3.0,3.0,3.0,3.0,3.0,3.0,3.0,3.0,3.0,3.0,3.0,3.0,3.0,3.0,3.0,3.0,3.0,3.0,0.05,0.05,0.05,0.05,0.05,0.05,0.05,0.05,0.05,0.05,0.05,0.05,0.05,0.05,0.05,0.05,0.05,0.05,0.05,0.05,0.0,0.0,0.0,0.0,0.0,0.0,0.0,0.0,0.0,0.0,0.0,0.0,0.0,0.0,0.0,0.0,0.0,0.0,0.0,0.0
0.6309642195701599,0.4568530321121216,0.30422160029411316,0.4935564696788788,0.6654421091079712,-0.1401454508304596,0.3298027217388153,0.2897098958492279,0.9265421032905579,-0.08713214099407196,0.35674577951431274,0.3149639070034027,0.9761772751808167,-0.16913577914237976,0.4952136278152466,0.3662165403366089,0.8630898594856262,-0.17350901663303375,0.768375039100647,0.17671483755111694,0.23565888404846191,-0.11294335126876831,0.034524500370025635,-0.09882748126983643,0.1533716917037964,-0.05876272916793823,0.11298879981040955,0.08799135684967041,0.1856490969657898,-0.028568878769874573,0.19631311297416687,0.21200403571128845,0.17051845788955688,0.0017423182725906372,0.25795847177505493,0.2542540431022644,0.1822933554649353,0.103691965341568,0.26070326566696167,0.2711724489927292,3.0,3.0,3.0,3.0,3.0,3.0,3.0,3.0,3.0,3.0,3.0,3.0,3.0,3.0,3.0,3.0,3.0,3.0,3.0,3.0,0.05,0.05,0.05,0.05,0.05,0.05,0.05,0.05,0.05,0.05,0.05,0.05,0.05,0.05,0.05,0.05,0.05,0.05,0.05,0.05,0.0,0.0,0.0,0.0,0.0,0.0,0.0,0.0,0.0,0.0,0.0,0.0,0.0,0.0,0.0,0.0,0.0,0.0,0.0,0.0,0.7281082272529602,0.4311339557170868,0.385358065366745,0.1407747119665146,0.5353584289550781,0.010802448727190495,0.4561217129230499,0.25015372037887573,1.019937515258789,0.03979657217860222,1.027264952659607,0.5147435069084167,1.1765388250350952,0.12179917842149734,1.168996810913086,0.5036200881004333,1.1863821744918823,0.09212370961904526,1.3829985857009888,0.3981080651283264,0.07326900959014893,-0.0053726136684417725,0.028654932975769043,0.1085519790649414,-0.02868473529815674,0.01628054305911064,0.028630346059799194,0.1482449471950531,-0.04767179489135742,-0.0005383975803852081,-0.01831352710723877,0.05528777837753296,-0.012418627738952637,0.01163966953754425,0.056296586990356445,0.05955398082733154,0.0015288591384887695,0.010118633508682251,0.047782063484191895,0.008785724639892578,3.0,3.0,3.0,3.0,3.0,3.0,3.0,3.0,3.0,3.0,3.0,3.0,3.0,3.0,3.0,3.0,3.0,3.0,3.0,3.0,0.05,0.05,0.05,0.05,0.05,0.05,0.05,0.05,0.05,0.05,0.05,0.05,0.05,0.05,0.05,0.05,0.05,0.05,0.05,0.05,0.0,0.0,0.0,0.0,0.0,0.0,0.0,0.0,0.0,0.0,0.0,0.0,0.0,0.0,0.0,0.0,0.0,0.0,0.0,0.0
0.6359201669692993,0.45429813861846924,0.3050045073032379,0.4922076463699341,0.6686528325080872,-0.14143608510494232,0.3318530023097992,0.29155632853507996,0.9302871823310852,-0.08775915205478668,0.36150625348091125,0.3201194405555725,0.9793607592582703,-0.16904807090759277,0.5010160207748413,0.3721421957015991,0.8669789433479309,-0.1713344007730484,0.7743090987205505,0.1832190752029419,0.2501219511032077,-0.11996328830718994,0.03946274518966675,-0.09752288460731506,0.13844072818756104,-0.05758777260780265,0.08597448468208313,0.08669570088386397,0.17263889312743863,-0.028509460389614105,0.22711306810379028,0.25052279233932356,0.1546651124954196,-0.00169314444065094,0.28324574232101163,0.29069259762763977,0.1747727394104004,0.1019202172756195,0.2813756465911865,0.3194320946931825,3.0,3.0,3.0,3.0,3.0,3.0,3.0,3.0,3.0,3.0,3.0,3.0,3.0,3.0,3.0,3.0,3.0,3.0,3.0,3.0,0.05,0.05,0.05,0.05,0.05,0.05,0.05,0.05,0.05,0.05,0.05,0.05,0.05,0.05,0.05,0.05,0.05,0.05,0.05,0.05,0.0,0.0,0.0,0.0,0.0,0.0,0.0,0.0,0.0,0.0,0.0,0.0,0.0,0.0,0.0,0.0,0.0,0.0,0.0,0.0,0.7297885417938232,0.4312858581542969,0.3856162428855896,0.14280129969120026,0.5342415571212769,0.011213750578463078,0.4562833309173584,0.252971887588501,1.0186767578125,0.03976460173726082,1.026579737663269,0.5158045887947083,1.1760365962982178,0.12196389585733414,1.1699810028076172,0.5049614906311035,1.1862876415252686,0.09211337566375732,1.383766770362854,0.3983403444290161,0.08093416690826416,0.014674663543701172,4.544854164123535e-05,0.11765211820602348,-0.051116943359375,0.018354644998907998,0.003978610038757324,0.13567805290222168,-0.061190128326410465,0.012352131307125092,-0.03434419631958008,0.05561560392379761,-0.0186920166015625,0.019380636513232838,0.04889369010924738,0.07350891828536987,-0.000712275505065918,0.012549571692943226,0.034114718437194824,0.0150337815284729,3.0,3.0,3.0,3.0,3.0,3.0,3.0,3.0,3.0,3.0,3.0,3.0,3.0,3.0,3.0,3.0,3.0,3.0,3.0,3.0,0.05,0.05,0.05,0.05,0.05,0.05,0.05,0.05,0.05,0.05,0.05,0.05,0.05,0.05,0.05,0.05,0.05,0.05,0.05,0.05,0.0,0.0,0.0,0.0,0.0,0.0,0.0,0.0,0.0,0.0,0.0,0.0,0.0,0.0,0.0,0.0,0.0,0.0,0.0,0.0
0.6409690976142882,0.452054500579834,0.30580011010169983,0.4896555542945862,0.6709797382354736,-0.1424489617347717,0.33324170112609863,0.29317772388458246,0.9334476590156554,-0.08827251940965652,0.36583030223846436,0.32498481869697565,0.9823638796806334,-0.1692035049200058,0.506543457508087,0.3778442442417145,0.8700807690620422,-0.16943220794200897,0.7796300649642944,0.18949212133884424,0.25736093521118164,-0.11024773120880127,0.03461390733718872,-0.129719078540802,0.11640489101409912,-0.046914443373680115,0.06760507822036743,0.08527711033821106,0.15161782503128052,-0.02659037709236145,0.2178587019443512,0.24719834327697754,0.14859884977340698,-0.011634454131126404,0.2812325954437256,0.290767103433609,0.1634344458580017,0.09092949330806732,0.27172863483428955,0.32335221767425537,3.0,3.0,3.0,3.0,3.0,3.0,3.0,3.0,3.0,3.0,3.0,3.0,3.0,3.0,3.0,3.0,3.0,3.0,3.0,3.0,0.05,0.05,0.05,0.05,0.05,0.05,0.05,0.05,0.05,0.05,0.05,0.05,0.05,0.05,0.05,0.05,0.05,0.05,0.05,0.05,0.0,0.0,0.0,0.0,0.0,0.0,0.0,0.0,0.0,0.0,0.0,0.0,0.0,0.0,0.0,0.0,0.0,0.0,0.0,0.0,0.7313455939292908,0.43172094225883484,0.38535988330841064,0.14548079669475553,0.5333137512207031,0.011536634527146815,0.4562808573246002,0.2555808424949646,1.0174899101257326,0.04029065743088722,1.0258911848068237,0.5169681310653687,1.1757911443710327,0.12257440388202666,1.1709525585174558,0.5065604448318481,1.1863536834716797,0.09262569248676299,1.3843631744384766,0.39870941638946533,0.07747411727905273,0.012654811143875122,-0.006817281246185303,0.15153028070926666,-0.06429105997085571,0.014432379975914955,-0.015135109424591064,0.12136101722717285,-0.054907798767089844,0.025109760463237762,-0.033292174339294434,0.0606730580329895,-0.007978081703186035,0.03465376794338226,0.047773122787475586,0.08524209260940552,0.007283687591552734,0.02953149378299713,0.025221705436706543,0.021059811115264893,3.0,3.0,3.0,3.0,3.0,3.0,3.0,3.0,3.0,3.0,3.0,3.0,3.0,3.0,3.0,3.0,3.0,3.0,3.0,3.0,0.05,0.05,0.05,0.05,0.05,0.05,0.05,0.05,0.05,0.05,0.05,0.05,0.05,0.05,0.05,0.05,0.05,0.05,0.05,0.05,0.0,0.0,0.0,0.0,0.0,0.0,0.0,0.0,0.0,0.0,0.0,0.0,0.0,0.0,0.0,0.0,0.0,0.0,0.0,0.0
0.6462146043777466,0.4498882293701172,0.30638906359672546,0.487018883228302,0.6733090281486511,-0.14331266283988953,0.3345572054386139,0.2949674129486084,0.9363518953323364,-0.08882276713848114,0.3702206015586853,0.3300073742866516,0.9853047132492065,-0.16951344907283783,0.5122653245925903,0.3837728798389435,0.873516321182251,-0.1676972210407257,0.7851782441139221,0.1961531639099121,0.25421828031540195,-0.11496543884277344,0.029931962490081787,-0.1286245882511139,0.10512322187423706,-0.03954395651817391,0.05958378314971924,0.0910528004169478,0.1430392265319852,-0.024286657571792603,0.21953284740447998,0.2517513930797591,0.136640667915347,-0.014187023043632507,0.2815201878547696,0.29486268758773804,0.16382485628128052,0.08516386151313782,0.27009546756744385,0.33320002257824083,3.0,3.0,3.0,3.0,3.0,3.0,3.0,3.0,3.0,3.0,3.0,3.0,3.0,3.0,3.0,3.0,3.0,3.0,3.0,3.0,0.05,0.05,0.05,0.05,0.05,0.05,0.05,0.05,0.05,0.05,0.05,0.05,0.05,0.05,0.05,0.05,0.05,0.05,0.05,0.05,0.0,0.0,0.0,0.0,0.0,0.0,0.0,0.0,0.0,0.0,0.0,0.0,0.0,0.0,0.0,0.0,0.0,0.0,0.0,0.0,0.7328875064849854,0.4317920506000519,0.3853435516357422,0.14886251091957092,0.5316699147224426,0.011791045777499676,0.45567792654037476,0.2578263282775879,1.0164804458618164,0.04076899215579033,1.0252480506896973,0.5182315111160278,1.1757174730300903,0.12335004657506943,1.1718919277191162,0.5083711743354797,1.1865789890289307,0.09329463541507721,1.3847756385803223,0.3991827368736267,0.07839947938919067,-0.0014163553714752197,0.005801022052764893,0.175509229302407,-0.08306801319122314,0.005445466376841112,-0.03462061285972595,0.10961145162582397,-0.04519820213318426,0.01643681898713112,-0.030124187469482422,0.06489604711532593,0.0011801719665527344,0.027223303914070476,0.0492930412292536,0.09680837392807007,0.012418627738952637,0.021035410463810314,0.017052888870239258,0.02743750810623169,3.0,3.0,3.0,3.0,3.0,3.0,3.0,3.0,3.0,3.0,3.0,3.0,3.0,3.0,3.0,3.0,3.0,3.0,3.0,3.0,0.05,0.05,0.05,0.05,0.05,0.05,0.05,0.05,0.05,0.05,0.05,0.05,0.05,0.05,0.05,0.05,0.05,0.05,0.05,0.05,0.0,0.0,0.0,0.0,0.0,0.0,0.0,0.0,0.0,0.0,0.0,0.0,0.0,0.0,0.0,0.0,0.0,0.0,0.0,0.0
0.6511378288269043,0.44745588302612305,0.3069973886013031,0.4845105707645416,0.6751846671104431,-0.14403071999549866,0.3356250524520874,0.2968198359012604,0.9391692280769348,-0.08924398571252823,0.37461161613464355,0.335054874420166,0.9878295063972473,-0.1697709858417511,0.5178042650222778,0.389638751745224,0.8766337633132935,-0.16602565348148346,0.7904338836669922,0.20282012224197388,0.22993236780166626,-0.12055188417434692,0.03188401460647583,-0.10592788457870483,0.08956044912338257,-0.030760839581489563,0.0516943633556366,0.09736418724060059,0.1354023814201355,-0.0185331329703331,0.2208225429058075,0.25743991136550903,0.11652708053588867,-0.01364387571811676,0.277438759803772,0.2972245216369629,0.16041100025177002,0.08545517921447754,0.2642795443534851,0.34136325120925903,3.0,3.0,3.0,3.0,3.0,3.0,3.0,3.0,3.0,3.0,3.0,3.0,3.0,3.0,3.0,3.0,3.0,3.0,3.0,3.0,0.05,0.05,0.05,0.05,0.05,0.05,0.05,0.05,0.05,0.05,0.05,0.05,0.05,0.05,0.05,0.05,0.05,0.05,0.05,0.05,0.0,0.0,0.0,0.0,0.0,0.0,0.0,0.0,0.0,0.0,0.0,0.0,0.0,0.0,0.0,0.0,0.0,0.0,0.0,0.0,0.7344815731048584,0.43166428804397583,0.38559192419052124,0.1525011658668518,0.5299910306930542,0.011754453182220459,0.4548960328102112,0.25996530055999756,1.0156819820404053,0.04094813019037247,1.0246862173080444,0.5195639729499817,1.1758383512496948,0.12366333603858948,1.172924280166626,0.510432779788971,1.1868504285812378,0.0934671089053154,1.3850452899932861,0.3998069167137146,0.0864267349243164,-0.008114427328109741,0.01689121127128601,0.17385557293891907,-0.09325891733169556,-0.0022222520783543587,-0.04979148507118225,0.10124519467353821,-0.038498640060424805,0.009291153401136398,-0.03142654895782471,0.06410181522369385,0.015303492546081543,0.010795332491397858,0.05690157413482666,0.11091530323028564,0.023162364959716797,0.0044949352741241455,0.016492605209350586,0.03859400749206543,3.0,3.0,3.0,3.0,3.0,3.0,3.0,3.0,3.0,3.0,3.0,3.0,3.0,3.0,3.0,3.0,3.0,3.0,3.0,3.0,0.05,0.05,0.05,0.05,0.05,0.05,0.05,0.05,0.05,0.05,0.05,0.05,0.05,0.05,0.05,0.05,0.05,0.05,0.05,0.05,0.0,0.0,0.0,0.0,0.0,0.0,0.0,0.0,0.0,0.0,0.0,0.0,0.0,0.0,0.0,0.0,0.0,0.0,0.0,0.0
0.6554118990898132,0.4450661540031433,0.3076644241809845,0.4827817678451538,0.6768914461135864,-0.1445430964231491,0.33662497997283936,0.2988619804382324,0.9417679905891418,-0.08956409245729446,0.3790535032749176,0.340304970741272,0.9899657964706421,-0.1700592041015625,0.5233628749847412,0.395661860704422,0.8799327611923218,-0.1642790138721466,0.7957494258880615,0.20980769395828247,0.20103901624679565,-0.11634379625320435,0.036603957414627075,-0.08400529623031616,0.07321983575820923,-0.026256218552589417,0.04486590623855591,0.10350272059440613,0.12183785438537598,-0.013746879994869232,0.21774694323539734,0.26250630617141724,0.09879469871520996,-0.010210275650024414,0.27320533990859985,0.29909759759902954,0.1504465937614441,0.08662641048431396,0.25279372930526733,0.347403809428215,3.0,3.0,3.0,3.0,3.0,3.0,3.0,3.0,3.0,3.0,3.0,3.0,3.0,3.0,3.0,3.0,3.0,3.0,3.0,3.0,0.05,0.05,0.05,0.05,0.05,0.05,0.05,0.05,0.05,0.05,0.05,0.05,0.05,0.05,0.05,0.05,0.05,0.05,0.05,0.05,0.0,0.0,0.0,0.0,0.0,0.0,0.0,0.0,0.0,0.0,0.0,0.0,0.0,0.0,0.0,0.0,0.0,0.0,0.0,0.0,0.736344575881958,0.4314674735069275,0.38601920008659363,0.15581673383712769,0.5279395580291748,0.011702155694365501,0.45368626713752747,0.2618761360645294,1.0149405002593994,0.041140638291835785,1.0239909887313843,0.5207955837249756,1.1763296127319336,0.12378185987472534,1.1741679906845093,0.5128077864646912,1.1875054836273193,0.09347443282604218,1.3854353427886963,0.4007264971733093,0.09597539901733398,-0.008704513311386108,0.016766786575317383,0.1631762832403183,-0.1093640923500061,-0.009441678412258625,-0.07261335849761963,0.088559091091156,-0.03657937049865723,0.005438458174467087,-0.03854632377624512,0.05746781826019287,0.02194344997406006,0.001566670835018158,0.062459707260131836,0.12487620115280151,0.03134012222290039,-0.007785297930240631,0.017470121383666992,0.051908940076828,3.0,3.0,3.0,3.0,3.0,3.0,3.0,3.0,3.0,3.0,3.0,3.0,3.0,3.0,3.0,3.0,3.0,3.0,3.0,3.0,0.05,0.05,0.05,0.05,0.05,0.05,0.05,0.05,0.05,0.05,0.05,0.05,0.05,0.05,0.05,0.05,0.05,0.05,0.05,0.05,0.0,0.0,0.0,0.0,0.0,0.0,0.0,0.0,0.0,0.0,0.0,0.0,0.0,0.0,0.0,0.0,0.0,0.0,0.0,0.0
0.6591793894767761,0.4428021311759949,0.3084615468978882,0.481150358915329,0.6781134605407715,-0.14508096873760223,0.33741968870162964,0.3009599447250366,0.9440427422523499,-0.089793860912323,0.38332149386405945,0.3455551266670227,0.9917812943458557,-0.17017939686775208,0.5287324786186218,0.4016026556491852,0.8826516270637512,-0.1625605970621109,0.8005456328392029,0.21671627461910248,0.15639066696166992,-0.10370910167694092,0.03601834177970886,-0.06325244903564453,0.04705190658569336,-0.018639862537384033,0.030756741762161255,0.10321661829948425,0.09358227252960205,-0.0005202367901802063,0.20238980650901794,0.26316046714782715,0.07532238960266113,-0.013228505849838257,0.2649754285812378,0.3021255135536194,0.13150721788406372,0.08516274392604828,0.23153573274612427,0.34861452877521515,3.0,3.0,3.0,3.0,3.0,3.0,3.0,3.0,3.0,3.0,3.0,3.0,3.0,3.0,3.0,3.0,3.0,3.0,3.0,3.0,0.05,0.05,0.05,0.05,0.05,0.05,0.05,0.05,0.05,0.05,0.05,0.05,0.05,0.05,0.05,0.05,0.05,0.05,0.05,0.05,0.0,0.0,0.0,0.0,0.0,0.0,0.0,0.0,0.0,0.0,0.0,0.0,0.0,0.0,0.0,0.0,0.0,0.0,0.0,0.0,0.7383205890655518,0.4313161075115204,0.38626259565353394,0.15902821719646454,0.525616466999054,0.011376786045730114,0.4519914984703064,0.2635076642036438,1.014218807220459,0.04116566851735115,1.0231443643569946,0.5218626856803894,1.1767160892486572,0.1237260028719902,1.1754226684570312,0.515427827835083,1.1881040334701538,0.09315569698810577,1.3857440948486328,0.4018832743167877,0.1646280288696289,0.02201274037361145,-0.00116005539894104,0.12117549777030945,-0.09227246046066284,-0.07895710878074169,-0.13359040021896362,0.08361861109733582,-0.12138485908508301,-0.029713939875364304,0.07127821445465088,0.1321643590927124,-0.03775358200073242,0.011046230792999268,0.17060935497283936,0.2269938588142395,-0.021409988403320312,0.04522297531366348,0.10548532009124756,0.13400614261627197,3.0,3.0,3.0,3.0,3.0,3.0,3.0,3.0,3.0,3.0,3.0,3.0,3.0,3.0,3.0,3.0,3.0,3.0,3.0,3.0,0.05,0.05,0.05,0.05,0.05,0.05,0.05,0.05,0.05,0.05,0.05,0.05,0.05,0.05,0.05,0.05,0.05,0.05,0.05,0.05,0.0,0.0,0.0,0.0,0.0,0.0,0.0,0.0,0.0,0.0,0.0,0.0,0.0,0.0,0.0,0.0,0.0,0.0,0.0,0.0
0.66166752576828,0.4409177899360657,0.30910515785217285,0.480251669883728,0.6787735223770142,-0.14528869092464447,0.3378552496433258,0.3029906451702118,0.9455112814903259,-0.08958490192890167,0.3871490955352783,0.35083138942718506,0.9929786920547485,-0.17058834433555603,0.5339618921279907,0.4077468812465668,0.8851930499076843,-0.16087250411510468,0.8050108551979065,0.22375227510929108,0.0993967056274414,-0.07556378841400008,0.03545060753822327,-0.03270655870437761,0.019723176956173982,-0.013913214206695557,0.01331418752670288,0.09742751717567305,0.06651431322098056,0.01230388879776001,0.18421486020088196,0.2638988196849823,0.04889965057373047,-0.014465674757956765,0.2552911639213534,0.30957534909248213,0.10632872581481934,0.08244961500167847,0.20206868648529053,0.3453101962804787,3.0,3.0,3.0,3.0,3.0,3.0,3.0,3.0,3.0,3.0,3.0,3.0,3.0,3.0,3.0,3.0,3.0,3.0,3.0,3.0,0.05,0.05,0.05,0.05,0.05,0.05,0.05,0.05,0.05,0.05,0.05,0.05,0.05,0.05,0.05,0.05,0.05,0.05,0.05,0.05,0.0,0.0,0.0,0.0,0.0,0.0,0.0,0.0,0.0,0.0,0.0,0.0,0.0,0.0,0.0,0.0,0.0,0.0,0.0,0.0,0.7429296970367432,0.43234798312187195,0.385972797870636,0.16066375374794006,0.5242486596107483,0.008543871343135834,0.4483426511287689,0.26522088050842285,1.010085105895996,0.03995208069682121,1.0268421173095703,0.5260821580886841,1.1748194694519043,0.12422370910644531,1.1809923648834229,0.5218875408172607,1.1866490840911865,0.09528335183858871,1.3896547555923462,0.4060867428779602,0.22244155406951904,0.059556961059568925,-0.0071652233600616455,0.09702928364276817,-0.10612159967422208,-0.11066488223150354,-0.19508525729179244,0.06802678108215332,-0.17631947994232178,-0.04704203456640226,0.166204571723938,0.18981546163558682,-0.0698775053024292,0.010324828326702118,0.2679765224456787,0.30326396226882935,-0.0650405883789007,0.08758772164583206,0.18741190433502197,0.19936710596084456,3.0,3.0,3.0,3.0,3.0,3.0,3.0,3.0,3.0,3.0,3.0,3.0,3.0,3.0,3.0,3.0,3.0,3.0,3.0,3.0,0.05,0.05,0.05,0.05,0.05,0.05,0.05,0.05,0.05,0.05,0.05,0.05,0.05,0.05,0.05,0.05,0.05,0.05,0.05,0.05,0.0,0.0,0.0,0.0,0.0,0.0,0.0,0.0,0.0,0.0,0.0,0.0,0.0,0.0,0.0,0.0,0.0,0.0,0.0,0.0
0.6631552577018738,0.43977957963943487,0.3098795711994171,0.4798420965671539,0.6789023876190184,-0.14563749730587006,0.33795225620269775,0.30485704541206354,0.9467033147811891,-0.0893017053604126,0.3906900882720947,0.356111079454422,0.9937372803688049,-0.17075802385807035,0.538944125175476,0.41398566961288447,0.886904776096344,-0.15926261246204376,0.8086283802986145,0.23052868247032163,0.033877789974212646,-0.053522735834121704,0.03932490944862366,-0.008668005466461182,-0.007708370685577393,-0.005825236439704895,-0.0033639371395111084,0.08840188384056091,0.03695189952850342,0.02420954406261444,0.16145631670951843,0.26180148124694824,0.01964271068572998,-0.014015287160873413,0.2400621771812439,0.31680092215538025,0.08499324321746826,0.08405186235904694,0.16962289810180664,0.33768266439437866,3.0,3.0,3.0,3.0,3.0,3.0,3.0,3.0,3.0,3.0,3.0,3.0,3.0,3.0,3.0,3.0,3.0,3.0,3.0,3.0,0.05,0.05,0.05,0.05,0.05,0.05,0.05,0.05,0.05,0.05,0.05,0.05,0.05,0.05,0.05,0.05,0.05,0.05,0.05,0.05,0.0,0.0,0.0,0.0,0.0,0.0,0.0,0.0,0.0,0.0,0.0,0.0,0.0,0.0,0.0,0.0,0.0,0.0,0.0,0.0,0.7472182512283325,0.43369838595390314,0.38597598671913147,0.16290938854217527,0.5213716030120851,0.006950190756469972,0.4441880881786347,0.26622873544692993,1.0071660280227661,0.03928398713469506,1.0297925472259521,0.5294553041458129,1.17392098903656,0.12413899600505829,1.1861417293548584,0.5275583863258362,1.1855024099349978,0.09665920585393906,1.3932405710220337,0.4098579585552215,0.20401179790496826,0.07694661617279053,-0.0013723969459533691,0.09688809514045715,-0.14823973178863525,-0.06729555316269398,-0.20975619554519653,0.03852248191833496,-0.14728307723999023,-0.025951489806175232,0.1141577959060669,0.14407038688659668,-0.035962462425231934,-0.010248832404613495,0.24313032627105713,0.27007460594177246,-0.0509798526763916,0.04627015441656113,0.1722484827041626,0.18560662865638733,3.0,3.0,3.0,3.0,3.0,3.0,3.0,3.0,3.0,3.0,3.0,3.0,3.0,3.0,3.0,3.0,3.0,3.0,3.0,3.0,0.05,0.05,0.05,0.05,0.05,0.05,0.05,0.05,0.05,0.05,0.05,0.05,0.05,0.05,0.05,0.05,0.05,0.05,0.05,0.05,0.0,0.0,0.0,0.0,0.0,0.0,0.0,0.0,0.0,0.0,0.0,0.0,0.0,0.0,0.0,0.0,0.0,0.0,0.0,0.0
0.6630226373672485,0.4387768805027008,0.3106781542301178,0.4799049496650696,0.6784651875495911,-0.14552170038223267,0.33772069215774536,0.30652672052383423,0.9469893574714661,-0.0886165201663971,0.39360734820365906,0.361303448677063,0.9937644004821777,-0.17114895582199097,0.5435643792152405,0.420418918132782,0.8885927796363831,-0.1575104296207428,0.8117957711219788,0.23725958168506622,-0.04117786884307861,-0.03269687294960161,0.03721937537193298,0.03319084644317766,-0.03264844417571744,0.0037297606468200684,-0.017330795526504517,0.07648542523384233,0.007888674736020174,0.03470480442047119,0.13516396284103394,0.2516910433769226,-0.005906820297241211,-0.01180246472358773,0.2219438552856473,0.31908005475998064,0.06440281867980957,0.07911734282970428,0.13481080532073975,0.3212455660104758,3.0,3.0,3.0,3.0,3.0,3.0,3.0,3.0,3.0,3.0,3.0,3.0,3.0,3.0,3.0,3.0,3.0,3.0,3.0,3.0,0.05,0.05,0.05,0.05,0.05,0.05,0.05,0.05,0.05,0.05,0.05,0.05,0.05,0.05,0.05,0.05,0.05,0.05,0.05,0.05,0.0,0.0,0.0,0.0,0.0,0.0,0.0,0.0,0.0,0.0,0.0,0.0,0.0,0.0,0.0,0.0,0.0,0.0,0.0,0.0,0.7510901689529419,0.43542584776878357,0.38591790199279785,0.16453927755355835,0.5183190703392029,0.005852049216628075,0.43995240330696106,0.26676177978515625,1.0041937828063965,0.038914021104574203,1.031408429145813,0.531844973564148,1.173380970954895,0.12381375581026077,1.1907175779342651,0.5326905250549316,1.1846098899841309,0.09713415801525116,1.3965446949005127,0.4135110080242157,0.2781808376312256,0.11944621801376482,-0.04259273409843445,0.07448866963386605,-0.15385895967483798,-0.1222514372784646,-0.31087175011634965,-0.013571232557296753,-0.2463608980178833,-0.07328195497393625,0.19610226154327393,0.1902326941490201,-0.13889670372009277,-0.03507845103740692,0.3660053014755249,0.37239640951156616,-0.16362369060516913,0.06576552987098694,0.28804242610931396,0.31663551926612993,3.0,3.0,3.0,3.0,3.0,3.0,3.0,3.0,3.0,3.0,3.0,3.0,3.0,3.0,3.0,3.0,3.0,3.0,3.0,3.0,0.05,0.05,0.05,0.05,0.05,0.05,0.05,0.05,0.05,0.05,0.05,0.05,0.05,0.05,0.05,0.05,0.05,0.05,0.05,0.05,0.0,0.0,0.0,0.0,0.0,0.0,0.0,0.0,0.0,0.0,0.0,0.0,0.0,0.0,0.0,0.0,0.0,0.0,0.0,0.0
0.6615081429481506,0.4384717047214508,0.31136834621429443,0.481169730424881,0.6775964498519897,-0.14548830687999725,0.3372590243816376,0.30791646242141724,0.9470188617706299,-0.08791351318359375,0.3960966467857361,0.3661787211894989,0.9935010075569153,-0.17123012244701385,0.5478218793869019,0.4267488718032837,0.8894808888435364,-0.1560979187488556,0.8140208125114441,0.24337850511074066,-0.12213587760925293,-0.006727129220962524,0.03780722618103027,0.09092465043067932,-0.05917251110076904,0.006893649697303772,-0.02982914447784424,0.06203576922416687,-0.013248622417449951,0.04139076918363571,0.11106729507446289,0.23567825555801392,-0.024056434631347656,-0.009989365935325623,0.2043008804321289,0.31700581312179565,0.04717707633972168,0.07510893046855927,0.09974092245101929,0.29647238552570343,3.0,3.0,3.0,3.0,3.0,3.0,3.0,3.0,3.0,3.0,3.0,3.0,3.0,3.0,3.0,3.0,3.0,3.0,3.0,3.0,0.05,0.05,0.05,0.05,0.05,0.05,0.05,0.05,0.05,0.05,0.05,0.05,0.05,0.05,0.05,0.05,0.05,0.05,0.05,0.05,0.0,0.0,0.0,0.0,0.0,0.0,0.0,0.0,0.0,0.0,0.0,0.0,0.0,0.0,0.0,0.0,0.0,0.0,0.0,0.0,0.7583454847335815,0.43847623467445374,0.3842722773551941,0.1658889353275299,0.5152172446250916,0.0020601332653313875,0.4317532181739807,0.26568588614463806,0.9973115921020508,0.03635270893573761,1.037636637687683,0.5370646119117737,1.1683651208877563,0.12273585796356201,1.2007819414138794,0.5424542427062988,1.178957462310791,0.09928982704877853,1.4047622680664062,0.4225233793258667,0.24351626634597778,0.10043159127235413,-0.0017389655113220215,0.05744919180870056,-0.13075023889541626,-0.09612062713131309,-0.34903883934020996,-0.01787617802619934,-0.19512921571731567,-0.0930306501686573,0.18714070320129395,0.16094297170639038,-0.1465141773223877,-0.10513141751289368,0.3977924585342407,0.42946934700012207,-0.18584728240966797,-0.04496369510889053,0.328865647315979,0.4277750849723816,3.0,3.0,3.0,3.0,3.0,3.0,3.0,3.0,3.0,3.0,3.0,3.0,3.0,3.0,3.0,3.0,3.0,3.0,3.0,3.0,0.05,0.05,0.05,0.05,0.05,0.05,0.05,0.05,0.05,0.05,0.05,0.05,0.05,0.05,0.05,0.05,0.05,0.05,0.05,0.05,0.0,0.0,0.0,0.0,0.0,0.0,0.0,0.0,0.0,0.0,0.0,0.0,0.0,0.0,0.0,0.0,0.0,0.0,0.0,0.0
0.6581372022628784,0.4385077953338623,0.312190443277359,0.48354193568229675,0.6760982871055603,-0.14524595439434052,0.3365275263786316,0.3090081512928009,0.9464594125747681,-0.08696088939905167,0.3980500400066376,0.37073057889938354,0.9928021430969238,-0.171548530459404,0.5517364144325256,0.4330991506576538,0.8904798626899719,-0.15450607240200043,0.8157854080200195,0.24911847710609436,-0.16999393701553345,0.032342225313186646,0.04872456192970276,0.12000203132629395,-0.07233023643493652,0.00882856547832489,-0.030440837144851685,0.054877251386642456,-0.03513544797897339,0.037155114114284515,0.09079128503799438,0.22284090518951416,-0.05347132682800293,-0.00965408980846405,0.18251538276672363,0.3161698579788208,0.025030970573425293,0.06506964564323425,0.06420910358428955,0.2731736749410629,3.0,3.0,3.0,3.0,3.0,3.0,3.0,3.0,3.0,3.0,3.0,3.0,3.0,3.0,3.0,3.0,3.0,3.0,3.0,3.0,0.05,0.05,0.05,0.05,0.05,0.05,0.05,0.05,0.05,0.05,0.05,0.05,0.05,0.05,0.05,0.05,0.05,0.05,0.05,0.05,0.0,0.0,0.0,0.0,0.0,0.0,0.0,0.0,0.0,0.0,0.0,0.0,0.0,0.0,0.0,0.0,0.0,0.0,0.0,0.0,0.760830819606781,0.43944311141967773,0.38584834337234497,0.16683724522590637,0.5130890607833862,0.0020072241313755512,0.42599084973335266,0.2660467326641083,0.9963886141777039,0.03519279509782791,1.0388940572738647,0.5382826924324036,1.1675204038619995,0.11960849910974503,1.2066292762756348,0.5498692989349365,1.1771759986877441,0.09533561021089554,1.4096993207931519,0.43062201142311096,0.12132972478866577,0.032958388328552246,0.0839821994304657,0.08447021245956421,-0.08979290723800659,-0.010071290307678282,-0.2564556896686554,0.01853927969932556,-0.06770342588424683,-0.051162391901016235,0.036144256591796875,0.04563331604003906,-0.012752413749694824,-0.1381058245897293,0.2643287181854248,0.337827205657959,-0.07792413234710693,-0.1738535240292549,0.21451711654663086,0.3702312707901001,3.0,3.0,3.0,3.0,3.0,3.0,3.0,3.0,3.0,3.0,3.0,3.0,3.0,3.0,3.0,3.0,3.0,3.0,3.0,3.0,0.05,0.05,0.05,0.05,0.05,0.05,0.05,0.05,0.05,0.05,0.05,0.05,0.05,0.05,0.05,0.05,0.05,0.05,0.05,0.05,0.0,0.0,0.0,0.0,0.0,0.0,0.0,0.0,0.0,0.0,0.0,0.0,0.0,0.0,0.0,0.0,0.0,0.0,0.0,0.0
0.6547083854675293,0.43976539373397827,0.31331732869148254,0.48596981167793274,0.6747032403945923,-0.14513516426086426,0.3360413908958435,0.31011155247688293,0.945613443851471,-0.08642730861902237,0.39972829818725586,0.37509235739707947,0.9913621544837952,-0.17161628603935242,0.5551224946975708,0.4393956661224365,0.8904821276664734,-0.15349513292312622,0.8165891766548157,0.2543054521083832,-0.1947641372680664,0.06535723805427551,0.05555301904678345,0.11259019374847412,-0.0974416732788086,0.02462714910507202,-0.030216574668884277,0.052847713232040405,-0.07447749376296997,0.0416366383433342,0.060964375734329224,0.2092227339744568,-0.10871738195419312,-0.0032689422369003296,0.14523863792419434,0.316639244556427,-0.025340914726257324,0.05322098731994629,0.013135373592376709,0.25000274181365967,3.0,3.0,3.0,3.0,3.0,3.0,3.0,3.0,3.0,3.0,3.0,3.0,3.0,3.0,3.0,3.0,3.0,3.0,3.0,3.0,0.05,0.05,0.05,0.05,0.05,0.05,0.05,0.05,0.05,0.05,0.05,0.05,0.05,0.05,0.05,0.05,0.05,0.05,0.05,0.05,0.0,0.0,0.0,0.0,0.0,0.0,0.0,0.0,0.0,0.0,0.0,0.0,0.0,0.0,0.0,0.0,0.0,0.0,0.0,0.0,0.7631986737251282,0.4397945702075958,0.3876315653324127,0.16926774382591248,0.5116255283355713,0.0016572816530242562,0.4214949905872345,0.2664274573326111,0.9946034550666809,0.03430621325969696,1.039082407951355,0.5388899445533752,1.1678550243377686,0.11721162497997284,1.2113550901412964,0.5559673309326172,1.1758404970169067,0.09233568608760834,1.4133429527282715,0.4373326301574707,0.1386001706123352,-0.008859485387802124,0.0795222818851471,0.14603324234485626,-0.08402466773986816,-0.020184286404401064,-0.21424144506454468,0.013730674982070923,-0.09026974439620972,-0.034605059772729874,-0.013089179992675781,0.01709163188934326,0.045880675315856934,-0.1052074134349823,0.2129882574081421,0.28607696294784546,-0.04355013370513916,-0.12892894446849823,0.15445947647094727,0.31945109367370605,3.0,3.0,3.0,3.0,3.0,3.0,3.0,3.0,3.0,3.0,3.0,3.0,3.0,3.0,3.0,3.0,3.0,3.0,3.0,3.0,0.05,0.05,0.05,0.05,0.05,0.05,0.05,0.05,0.05,0.05,0.05,0.05,0.05,0.05,0.05,0.05,0.05,0.05,0.05,0.05,0.0,0.0,0.0,0.0,0.0,0.0,0.0,0.0,0.0,0.0,0.0,0.0,0.0,0.0,0.0,0.0,0.0,0.0,0.0,0.0
0.6503466367721558,0.4411220848560333,0.31441256403923035,0.4880455434322357,0.672200620174408,-0.14426086843013763,0.3353188633918762,0.3111220598220825,0.9434803128242493,-0.0852954238653183,0.40048861503601074,0.3790994882583618,0.9884534478187561,-0.17167928814888,0.5575459599494934,0.4457647204399109,0.8894662261009216,-0.15237723290920258,0.8163108229637146,0.25911858677864075,-0.17105787992477417,0.12380406260490417,0.035127997398376465,0.08275285363197327,-0.12726634740829468,0.050791725516319275,-0.03201290965080261,0.05342140793800354,-0.1230880618095398,0.04443265497684479,0.02835690975189209,0.19847750663757324,-0.17794817686080933,0.0028990209102630615,0.1024976372718811,0.32375678420066833,-0.09937882423400879,0.028848648071289062,-0.040656328201293945,0.23480430245399475,3.0,3.0,3.0,3.0,3.0,3.0,3.0,3.0,3.0,3.0,3.0,3.0,3.0,3.0,3.0,3.0,3.0,3.0,3.0,3.0,0.05,0.05,0.05,0.05,0.05,0.05,0.05,0.05,0.05,0.05,0.05,0.05,0.05,0.05,0.05,0.05,0.05,0.05,0.05,0.05,0.0,0.0,0.0,0.0,0.0,0.0,0.0,0.0,0.0,0.0,0.0,0.0,0.0,0.0,0.0,0.0,0.0,0.0,0.0,0.0,0.7663748264312744,0.43908873200416565,0.38902923464775085,0.17267857491970062,0.5097280740737915,0.0011998526751995087,0.4174211919307709,0.2665959596633911,0.9927778244018555,0.033808592706918716,1.0383704900741577,0.5389663577079773,1.1693556308746338,0.11540020257234573,1.2151488065719604,0.5613123774528503,1.1754339933395386,0.09017845243215561,1.4158776998519897,0.4434000551700592,0.16642063856124878,-0.048942118883132935,0.07871538400650024,0.18861666321754456,-0.07773935794830322,-0.009135622531175613,-0.18042102456092834,0.01118779182434082,-0.07611215114593506,-0.015018787235021591,-0.05485713481903076,-0.008243322372436523,0.08479654788970947,-0.07965564727783203,0.15863478183746338,0.24822205305099487,0.0006079673767089844,-0.10441355407238007,0.09226500988006592,0.28586387634277344,3.0,3.0,3.0,3.0,3.0,3.0,3.0,3.0,3.0,3.0,3.0,3.0,3.0,3.0,3.0,3.0,3.0,3.0,3.0,3.0,0.05,0.05,0.05,0.05,0.05,0.05,0.05,0.05,0.05,0.05,0.05,0.05,0.05,0.05,0.05,0.05,0.05,0.05,0.05,0.05,0.0,0.0,0.0,0.0,0.0,0.0,0.0,0.0,0.0,0.0,0.0,0.0,0.0,0.0,0.0,0.0,0.0,0.0,0.0,0.0
0.6478660702705383,0.44471755623817444,0.3147224485874176,0.48927992582321167,0.6696125864982605,-0.1431034952402115,0.3347608745098114,0.3122484087944031,0.9406899213790894,-0.08465000241994858,0.40086257457733154,0.3830314576625824,0.9842442274093628,-0.1715003252029419,0.559222400188446,0.45234593749046326,0.886506974697113,-0.15234118700027466,0.8149629235267639,0.26369762420654297,-0.06991326808929443,0.20912662148475647,0.00804811716079712,0.06550997495651245,-0.15380680561065674,0.09835883975028992,-0.02720654010772705,0.07097572088241577,-0.18778741359710693,0.0428101047873497,0.021918118000030518,0.22249966859817505,-0.25534480810165405,-0.0025231391191482544,0.0921100378036499,0.3774113953113556,-0.2114623785018921,-0.04822090268135071,-0.05908310413360596,0.264132022857666,3.0,3.0,3.0,3.0,3.0,3.0,3.0,3.0,3.0,3.0,3.0,3.0,3.0,3.0,3.0,3.0,3.0,3.0,3.0,3.0,0.05,0.05,0.05,0.05,0.05,0.05,0.05,0.05,0.05,0.05,0.05,0.05,0.05,0.05,0.05,0.05,0.05,0.05,0.05,0.05,0.0,0.0,0.0,0.0,0.0,0.0,0.0,0.0,0.0,0.0,0.0,0.0,0.0,0.0,0.0,0.0,0.0,0.0,0.0,0.0,0.7698554992675781,0.4378368854522705,0.39078018069267273,0.17681241035461426,0.5085159540176392,0.0012918567517772317,0.41427814960479736,0.2668749690055847,0.9915589690208435,0.0337054617702961,1.0368881225585938,0.5385602116584778,1.171246886253357,0.11402539908885956,1.217700481414795,0.565896213054657,1.175864815711975,0.08815914392471313,1.4170335531234741,0.44876718521118164,0.18853247165679932,-0.08345693349838257,0.07856637239456177,0.20087659358978271,-0.07107704877853394,0.0022021500626578927,-0.15533342957496643,0.008315593004226685,-0.08343607187271118,0.0012170523405075073,-0.10936558246612549,-0.034105777740478516,0.10936260223388672,-0.05995389074087143,0.10421574115753174,0.2164393663406372,0.03336668014526367,-0.08891895413398743,0.028151273727416992,0.25826767086982727,3.0,3.0,3.0,3.0,3.0,3.0,3.0,3.0,3.0,3.0,3.0,3.0,3.0,3.0,3.0,3.0,3.0,3.0,3.0,3.0,0.05,0.05,0.05,0.05,0.05,0.05,0.05,0.05,0.05,0.05,0.05,0.05,0.05,0.05,0.05,0.05,0.05,0.05,0.05,0.05,0.0,0.0,0.0,0.0,0.0,0.0,0.0,0.0,0.0,0.0,0.0,0.0,0.0,0.0,0.0,0.0,0.0,0.0,0.0,0.0
0.647550106048584,0.4494871497154236,0.31473448872566223,0.4906659424304962,0.6660483479499817,-0.14032651484012604,0.33423060178756714,0.31396108865737915,0.935968816280365,-0.08358301967382431,0.40136533975601196,0.3879994750022888,0.9782396554946899,-0.17178021371364594,0.5612303614616394,0.4608611762523651,0.881007730960846,-0.1543060690164566,0.8139474987983704,0.2696838676929474,-0.06964951753616333,0.18889904022216797,0.0193670392036438,0.0918947160243988,-0.17469972372055054,0.12411773204803467,-0.02391040325164795,0.08158907294273376,-0.22601783275604248,0.06761662662029266,0.010871142148971558,0.22185668349266052,-0.28599053621292114,0.00013560056686401367,0.07624924182891846,0.38768723607063293,-0.23764818906784058,-0.04063956439495087,-0.044305622577667236,0.27790069580078125,3.0,3.0,3.0,3.0,3.0,3.0,3.0,3.0,3.0,3.0,3.0,3.0,3.0,3.0,3.0,3.0,3.0,3.0,3.0,3.0,0.05,0.05,0.05,0.05,0.05,0.05,0.05,0.05,0.05,0.05,0.05,0.05,0.05,0.05,0.05,0.05,0.05,0.05,0.05,0.05,0.0,0.0,0.0,0.0,0.0,0.0,0.0,0.0,0.0,0.0,0.0,0.0,0.0,0.0,0.0,0.0,0.0,0.0,0.0,0.0,0.7739161252975464,0.43575045466423035,0.3921718895435333,0.18071363866329193,0.5068849921226501,0.0012879386777058244,0.4112078547477722,0.2669285833835602,0.989440381526947,0.03385727480053902,1.0339958667755127,0.5376021265983582,1.1737301349639893,0.11300204694271088,1.2193174362182617,0.5699699521064758,1.1767686605453491,0.08662169426679611,1.4170037508010864,0.4537307620048523,0.21404027938842773,-0.10213702917098999,0.07332265377044678,0.2049066126346588,-0.0687718391418457,0.00040536397136747837,-0.1411348581314087,0.0031456351280212402,-0.09674131870269775,0.010496377944946289,-0.1556694507598877,-0.049689412117004395,0.11610984802246094,-0.041836872696876526,0.05646347999572754,0.19138455390930176,0.04810988903045654,-0.06716623902320862,-0.025960803031921387,0.23844242095947266,3.0,3.0,3.0,3.0,3.0,3.0,3.0,3.0,3.0,3.0,3.0,3.0,3.0,3.0,3.0,3.0,3.0,3.0,3.0,3.0,0.05,0.05,0.05,0.05,0.05,0.05,0.05,0.05,0.05,0.05,0.05,0.05,0.05,0.05,0.05,0.05,0.05,0.05,0.05,0.05,0.0,0.0,0.0,0.0,0.0,0.0,0.0,0.0,0.0,0.0,0.0,0.0,0.0,0.0,0.0,0.0,0.0,0.0,0.0,0.0
0.6450800895690918,0.45227351784706116,0.31549713015556335,0.4929557144641876,0.6626245975494385,-0.1381387859582901,0.3338044583797455,0.3155119717121124,0.9316492080688477,-0.08194533735513687,0.4012974202632904,0.3919057250022888,0.972804605960846,-0.17149490118026733,0.5622723698616028,0.4678534269332886,0.8770010471343994,-0.1539667695760727,0.8131906986236572,0.2748136520385742,-0.10876506567001343,0.17078518867492676,0.026325881481170654,0.10299310088157654,-0.1881629228591919,0.11372268199920654,-0.028248876333236694,0.07403865456581116,-0.2228260040283203,0.07486417889595032,-0.026489049196243286,0.1735977828502655,-0.2875417470932007,0.032815709710121155,0.014421343803405762,0.32380372285842896,-0.23496896028518677,0.022962316870689392,-0.06859302520751953,0.23380741477012634,3.0,3.0,3.0,3.0,3.0,3.0,3.0,3.0,3.0,3.0,3.0,3.0,3.0,3.0,3.0,3.0,3.0,3.0,3.0,3.0,0.05,0.05,0.05,0.05,0.05,0.05,0.05,0.05,0.05,0.05,0.05,0.05,0.05,0.05,0.05,0.05,0.05,0.05,0.05,0.05,0.0,0.0,0.0,0.0,0.0,0.0,0.0,0.0,0.0,0.0,0.0,0.0,0.0,0.0,0.0,0.0,0.0,0.0,0.0,0.0,0.7784171104431152,0.4337514042854309,0.3937130868434906,0.1850086748600006,0.5057650804519653,0.0013080713106319308,0.408632755279541,0.26700079441070557,0.9876893162727356,0.03412531688809395,1.0306613445281982,0.5365726351737976,1.1758912801742554,0.1123519241809845,1.219959020614624,0.573551595211029,1.1777892112731934,0.08547249436378479,1.4159951210021973,0.45830488204956055,0.22079497575759888,-0.11124461889266968,0.07758736610412598,0.20013302564620972,-0.06031394004821777,-0.002232255064882338,-0.124359130859375,0.0010497868061065674,-0.13279616832733154,0.009976886212825775,-0.1993715763092041,-0.0624731183052063,0.0974804162979126,-0.02843402326107025,0.015118718147277832,0.1638159155845642,0.04954934120178223,-0.04857182502746582,-0.06377696990966797,0.2133004367351532,3.0,3.0,3.0,3.0,3.0,3.0,3.0,3.0,3.0,3.0,3.0,3.0,3.0,3.0,3.0,3.0,3.0,3.0,3.0,3.0,0.05,0.05,0.05,0.05,0.05,0.05,0.05,0.05,0.05,0.05,0.05,0.05,0.05,0.05,0.05,0.05,0.05,0.05,0.05,0.05,0.0,0.0,0.0,0.0,0.0,0.0,0.0,0.0,0.0,0.0,0.0,0.0,0.0,0.0,0.0,0.0,0.0,0.0,0.0,0.0
0.6431995034217834,0.45631855726242065,0.31578752398490906,0.4947856664657593,0.658521831035614,-0.13577760756015778,0.33310064673423767,0.3169226348400116,0.9270557761192322,-0.0805884525179863,0.40030577778816223,0.39494338631629944,0.9667379856109619,-0.1704675853252411,0.5618072152137756,0.47381332516670227,0.8716089725494385,-0.15338757634162903,0.8112037777900696,0.27903616428375244,-0.11676996946334839,0.18901675939559937,0.014259666204453902,0.12136846780776839,-0.20508915185928067,0.12768283486366272,-0.0353790819644928,0.06730929017066956,-0.23558288812637052,0.08157268166541984,-0.0642843544483171,0.13356804847717285,-0.29948651790618896,0.05121156573295593,-0.042207539081573486,0.2749837934970842,-0.26415884494781494,0.03118477761745453,-0.10630488395690918,0.19389912486076216,3.0,3.0,3.0,3.0,3.0,3.0,3.0,3.0,3.0,3.0,3.0,3.0,3.0,3.0,3.0,3.0,3.0,3.0,3.0,3.0,0.05,0.05,0.05,0.05,0.05,0.05,0.05,0.05,0.05,0.05,0.05,0.05,0.05,0.05,0.05,0.05,0.05,0.05,0.05,0.05,0.0,0.0,0.0,0.0,0.0,0.0,0.0,0.0,0.0,0.0,0.0,0.0,0.0,0.0,0.0,0.0,0.0,0.0,0.0,0.0,0.7827479243278503,0.43130066990852356,0.39527538418769836,0.18871895968914032,0.5044724345207214,0.0011986484751105309,0.4062334895133972,0.26697057485580444,0.9841285347938538,0.03425635024905205,1.0260210037231445,0.5351032018661499,1.1776293516159058,0.11186468601226807,1.2199221849441528,0.5765225887298584,1.1787506341934204,0.08467882126569748,1.4144526720046997,0.4622627794742584,0.2577006816863986,-0.14440640807151656,0.0790335237979875,0.18171146512031486,-0.08074939250946045,-0.016016578592825535,-0.12520924210548262,-0.0019900500774383545,-0.1974582672119113,0.0058039091527462006,-0.3107458353042547,-0.09410679340362271,0.027194619178771973,-0.01471750438213383,-0.06205737590789795,0.1368597149848938,0.027000904083251953,-0.024084188044071544,-0.1435786485671997,0.19281581044196944,3.0,3.0,3.0,3.0,3.0,3.0,3.0,3.0,3.0,3.0,3.0,3.0,3.0,3.0,3.0,3.0,3.0,3.0,3.0,3.0,0.05,0.05,0.05,0.05,0.05,0.05,0.05,0.05,0.05,0.05,0.05,0.05,0.05,0.05,0.05,0.05,0.05,0.05,0.05,0.05,0.0,0.0,0.0,0.0,0.0,0.0,0.0,0.0,0.0,0.0,0.0,0.0,0.0,0.0,0.0,0.0,0.0,0.0,0.0,0.0
0.6404092907905579,0.45983418822288513,0.3160675168037415,0.49781045317649836,0.6544210314750672,-0.1330314725637436,0.33238929510116577,0.3182043433189392,0.9222258925437928,-0.07868243008852008,0.3987260460853577,0.39724844694137573,0.9608251452445984,-0.1694464385509491,0.5605840682983398,0.47885277867317194,0.8664346933364868,-0.1527193784713745,0.8089385032653809,0.2825696170330047,-0.19137263298034668,0.16456842422485352,0.02804771065711975,0.19208043813705444,-0.20003914833068848,0.11547915637493134,-0.03270655870437622,0.06065145134925842,-0.23580044507980347,0.10153856128454208,-0.09842738509178162,0.0906527042388916,-0.2869799733161926,0.07905550301074982,-0.0901639461517334,0.2206362783908844,-0.2676546573638916,0.07092878222465515,-0.1433253288269043,0.14700889587402344,3.0,3.0,3.0,3.0,3.0,3.0,3.0,3.0,3.0,3.0,3.0,3.0,3.0,3.0,3.0,3.0,3.0,3.0,3.0,3.0,0.05,0.05,0.05,0.05,0.05,0.05,0.05,0.05,0.05,0.05,0.05,0.05,0.05,0.05,0.05,0.05,0.05,0.05,0.05,0.05,0.0,0.0,0.0,0.0,0.0,0.0,0.0,0.0,0.0,0.0,0.0,0.0,0.0,0.0,0.0,0.0,0.0,0.0,0.0,0.0,0.7887251377105712,0.42797514796257025,0.3968744277954101,0.1922771334648132,0.5025351047515869,0.0006674081669189094,0.4036243855953217,0.26692119240760803,0.9797909855842591,0.034357473254203796,1.018231511116028,0.5328083634376527,1.1769790649414062,0.11176322400569914,1.217476725578308,0.5790259838104248,1.1788692474365234,0.08450912684202193,1.4102519750595093,0.4660175144672393,0.2770423889160156,-0.16793981194496155,0.07731616497039795,0.170975923538208,-0.08216500282287598,-0.02580227010184899,-0.11667013168334961,-9.164214134216309e-05,-0.2648875117301941,-0.003937818109989166,-0.41174590587615967,-0.12200027704238892,-0.013276934623718262,-0.0031225383281707764,-0.11686384677886963,0.11627376079559326,0.005835294723510742,-0.003839656710624695,-0.2071768045425415,0.1743502914905548,3.0,3.0,3.0,3.0,3.0,3.0,3.0,3.0,3.0,3.0,3.0,3.0,3.0,3.0,3.0,3.0,3.0,3.0,3.0,3.0,0.05,0.05,0.05,0.05,0.05,0.05,0.05,0.05,0.05,0.05,0.05,0.05,0.05,0.05,0.05,0.05,0.05,0.05,0.05,0.05,0.0,0.0,0.0,0.0,0.0,0.0,0.0,0.0,0.0,0.0,0.0,0.0,0.0,0.0,0.0,0.0,0.0,0.0,0.0,0.0
0.6355445981025696,0.4629012942314148,0.31690943241119385,0.5024688839912415,0.6505202651023865,-0.13115844130516052,0.3317923843860626,0.31934869289398193,0.91762375831604,-0.07652691006660461,0.39636868238449097,0.3985694944858551,0.9552587866783142,-0.1673053652048111,0.5582006573677063,0.48263877630233765,0.8609027862548828,-0.15055042505264282,0.8054707646369934,0.2849165201187134,-0.23657828569412231,0.1809634268283844,0.04816800355911116,0.21965131163597246,-0.20544975996017734,0.10248608887195587,-0.03663301467895508,0.04944801330566406,-0.2424657344818143,0.10362491011619637,-0.14736875891685625,0.03935769200325012,-0.28460174798965454,0.10215155780315399,-0.1531541347503662,0.16334801912307878,-0.2774745225906372,0.10832734405994415,-0.19804686307907104,0.09430721402168413,3.0,3.0,3.0,3.0,3.0,3.0,3.0,3.0,3.0,3.0,3.0,3.0,3.0,3.0,3.0,3.0,3.0,3.0,3.0,3.0,0.05,0.05,0.05,0.05,0.05,0.05,0.05,0.05,0.05,0.05,0.05,0.05,0.05,0.05,0.05,0.05,0.05,0.05,0.05,0.05,0.0,0.0,0.0,0.0,0.0,0.0,0.0,0.0,0.0,0.0,0.0,0.0,0.0,0.0,0.0,0.0,0.0,0.0,0.0,0.0,0.793829619884491,0.4245830774307251,0.3983680307865143,0.19555799663066864,0.5011858344078064,0.00016655767103657126,0.40156668424606323,0.26696690917015076,0.973533034324646,0.03409883752465248,1.0095511674880981,0.5302231907844543,1.177098274230957,0.11173978447914124,1.215247631072998,0.5811735391616821,1.1789840459823608,0.08452523499727249,1.406165599822998,0.4692367911338806,0.29436796903610507,-0.17726272344589372,0.0833347439765944,0.1715768128633506,-0.10316073894500732,-0.04157023067818969,-0.12336820363998552,-0.0057600438594818115,-0.3473386168479947,-0.032280758023262024,-0.5453273653984125,-0.16169548034668246,-0.08854866027832031,0.00901650637388264,-0.19220411777496338,0.08447468280792236,-0.03761649131774902,0.015186332166195263,-0.2904534339904785,0.13886168599128862,3.0,3.0,3.0,3.0,3.0,3.0,3.0,3.0,3.0,3.0,3.0,3.0,3.0,3.0,3.0,3.0,3.0,3.0,3.0,3.0,0.05,0.05,0.05,0.05,0.05,0.05,0.05,0.05,0.05,0.05,0.05,0.05,0.05,0.05,0.05,0.05,0.05,0.05,0.05,0.05,0.0,0.0,0.0,0.0,0.0,0.0,0.0,0.0,0.0,0.0,0.0,0.0,0.0,0.0,0.0,0.0,0.0,0.0,0.0,0.0
0.630946159362793,0.4670727252960205,0.31799423694610596,0.5065965056419373,0.6462030410766602,-0.12893202900886536,0.33092397451400757,0.32018226385116577,0.9125272631645203,-0.07453743368387222,0.39283129572868347,0.39882275462150574,0.9494410753250122,-0.16536037623882294,0.5544579029083252,0.4853866994380951,0.8553357124328613,-0.14838628470897675,0.801016628742218,0.28634190559387207,-0.2492457628250122,0.2014055848121643,0.05705803632736206,0.2113834023475647,-0.21117031574249268,0.11211372911930084,-0.04037320613861084,0.039252638816833496,-0.24781674146652222,0.10604243725538254,-0.1843571662902832,-0.0008702278137207031,-0.2873077988624573,0.10177530348300934,-0.20406991243362427,0.12063905596733093,-0.2813860774040222,0.10166987776756287,-0.2411291003227234,0.05274266004562378,3.0,3.0,3.0,3.0,3.0,3.0,3.0,3.0,3.0,3.0,3.0,3.0,3.0,3.0,3.0,3.0,3.0,3.0,3.0,3.0,0.05,0.05,0.05,0.05,0.05,0.05,0.05,0.05,0.05,0.05,0.05,0.05,0.05,0.05,0.05,0.05,0.05,0.05,0.05,0.05,0.0,0.0,0.0,0.0,0.0,0.0,0.0,0.0,0.0,0.0,0.0,0.0,0.0,0.0,0.0,0.0,0.0,0.0,0.0,0.0,0.8004998564720154,0.4208846390247345,0.4002078175544739,0.19914020597934723,0.4984086751937866,-0.0009954010602086782,0.3986896574497223,0.26669079065322876,0.9658974409103394,0.033066242933273315,0.9964184165000916,0.5263405442237854,1.1734371185302734,0.11212388426065445,1.2097885608673096,0.5824049711227417,1.1773645877838135,0.08511658012866974,1.3986338376998901,0.47157198190689087,0.35671740770339966,-0.20658522844314575,0.095377117395401,0.17419345676898956,-0.06934478878974915,-0.060117825341876596,-0.13379156589508057,-0.0008113682270050049,-0.326421856880188,-0.04690280184149742,-0.864739716053009,-0.20930320024490356,-0.10098814964294434,0.04797745496034622,-0.3583073616027832,0.0799715518951416,-0.04985928535461426,0.073227658867836,-0.5172580480575562,0.14346987009048462,3.0,3.0,3.0,3.0,3.0,3.0,3.0,3.0,3.0,3.0,3.0,3.0,3.0,3.0,3.0,3.0,3.0,3.0,3.0,3.0,0.05,0.05,0.05,0.05,0.05,0.05,0.05,0.05,0.05,0.05,0.05,0.05,0.05,0.05,0.05,0.05,0.05,0.05,0.05,0.05,0.0,0.0,0.0,0.0,0.0,0.0,0.0,0.0,0.0,0.0,0.0,0.0,0.0,0.0,0.0,0.0,0.0,0.0,0.0,0.0
0.6255747675895691,0.47095751762390137,0.31919175386428833,0.510924220085144,0.6420734524726868,-0.1266738921403885,0.3301774561405182,0.3209187984466553,0.9077110886573792,-0.07228521257638931,0.38899439573287964,0.3985346853733063,0.9437664747238159,-0.16323435306549072,0.5500378608703613,0.4874643385410309,0.8496473431587219,-0.1464836299419403,0.7958256006240845,0.28702622652053833,-0.2684548497200012,0.20271539688110352,0.06231069564819336,0.20946115255355835,-0.20580440759658813,0.11374223977327347,-0.03684684634208679,0.03306195139884949,-0.24684518575668335,0.10889098048210144,-0.2062372863292694,-0.02998262643814087,-0.29218345880508423,0.10379776358604431,-0.2436235547065735,0.08686631917953491,-0.2844318747520447,0.10324977338314056,-0.27495473623275757,0.01796707510948181,3.0,3.0,3.0,3.0,3.0,3.0,3.0,3.0,3.0,3.0,3.0,3.0,3.0,3.0,3.0,3.0,3.0,3.0,3.0,3.0,0.05,0.05,0.05,0.05,0.05,0.05,0.05,0.05,0.05,0.05,0.05,0.05,0.05,0.05,0.05,0.05,0.05,0.05,0.05,0.05,0.0,0.0,0.0,0.0,0.0,0.0,0.0,0.0,0.0,0.0,0.0,0.0,0.0,0.0,0.0,0.0,0.0,0.0,0.0,0.0,0.808098316192627,0.41631966829299927,0.4021831154823303,0.20252573490142822,0.49841204285621643,-0.0022381553426384926,0.39621502161026,0.26693445444107056,0.9604761600494385,0.032222725450992584,0.9749615788459778,0.5218510627746582,1.1730587482452393,0.11365888267755508,1.2009153366088867,0.5843724012374878,1.1769896745681763,0.08745434135198593,1.3854752779006958,0.4749755859375,0.3487229347229004,-0.23829638957977295,0.051078200340270996,0.19334480166435242,-0.058585405349731445,-0.054226513020694256,-0.16578137874603271,-0.014201551675796509,-0.35507529973983765,-0.05008382722735405,-1.0959446430206299,-0.2327173948287964,-0.10285079479217529,0.08133463561534882,-0.49676597118377686,0.06490200757980347,-0.031057000160217285,0.09740348905324936,-0.6734907627105713,0.13788864016532898,3.0,3.0,3.0,3.0,3.0,3.0,3.0,3.0,3.0,3.0,3.0,3.0,3.0,3.0,3.0,3.0,3.0,3.0,3.0,3.0,0.05,0.05,0.05,0.05,0.05,0.05,0.05,0.05,0.05,0.05,0.05,0.05,0.05,0.05,0.05,0.05,0.05,0.05,0.05,0.05,0.0,0.0,0.0,0.0,0.0,0.0,0.0,0.0,0.0,0.0,0.0,0.0,0.0,0.0,0.0,0.0,0.0,0.0,0.0,0.0
0.6202079653739929,0.47518134117126465,0.3204866647720337,0.5149749517440796,0.6379708647727966,-0.12438233941793442,0.3294501006603241,0.32150474190711975,0.9026534557342529,-0.07018179446458817,0.3845818042755127,0.3976234495639801,0.9377537369728088,-0.16120846569538116,0.5447129607200623,0.4888613522052765,0.8439584374427795,-0.14425629377365112,0.7900184392929077,0.28706058859825134,-0.27364492416381836,0.21699592471122742,0.0647231936454773,0.18773823976516724,-0.21292269229888916,0.1216275617480278,-0.039430707693099976,0.024081766605377197,-0.25729984045028687,0.11156462132930756,-0.23356229066848755,-0.05959421396255493,-0.308971107006073,0.10718554258346558,-0.289684534072876,0.055383890867233276,-0.2938702702522278,0.10529756546020508,-0.31204521656036377,-0.015262514352798462,3.0,3.0,3.0,3.0,3.0,3.0,3.0,3.0,3.0,3.0,3.0,3.0,3.0,3.0,3.0,3.0,3.0,3.0,3.0,3.0,0.05,0.05,0.05,0.05,0.05,0.05,0.05,0.05,0.05,0.05,0.05,0.05,0.05,0.05,0.05,0.05,0.05,0.05,0.05,0.05,0.0,0.0,0.0,0.0,0.0,0.0,0.0,0.0,0.0,0.0,0.0,0.0,0.0,0.0,0.0,0.0,0.0,0.0,0.0,0.0,0.8144487738609314,0.4113527834415436,0.4022509455680847,0.20687399804592133,0.49606525897979736,-0.0031644615810364485,0.392058402299881,0.2661227285861969,0.9516944289207458,0.031062889844179153,0.9525806307792664,0.5170318484306335,1.1693230867385864,0.1153772696852684,1.1899179220199585,0.5850010514259338,1.1761223077774048,0.08901271969079971,1.3716942071914673,0.47708752751350403,0.3033846616744995,-0.2368725836277008,0.017581135034561157,0.21744146943092346,-0.1201048493385315,-0.05011511966586113,-0.21098852157592773,-0.04787072539329529,-0.5243092775344849,-0.07826220244169235,-1.1643841862678528,-0.26745349168777466,-0.2241671085357666,0.0899381935596466,-0.5696326494216919,0.00775456428527832,-0.05734264850616455,0.08164215832948685,-0.7038384675979614,0.07028579711914062,3.0,3.0,3.0,3.0,3.0,3.0,3.0,3.0,3.0,3.0,3.0,3.0,3.0,3.0,3.0,3.0,3.0,3.0,3.0,3.0,0.05,0.05,0.05,0.05,0.05,0.05,0.05,0.05,0.05,0.05,0.05,0.05,0.05,0.05,0.05,0.05,0.05,0.05,0.05,0.05,0.0,0.0,0.0,0.0,0.0,0.0,0.0,0.0,0.0,0.0,0.0,0.0,0.0,0.0,0.0,0.0,0.0,0.0,0.0,0.0
0.6146289706230164,0.47963735461235046,0.3217806816101074,0.5184337496757507,0.6335565447807312,-0.12180878967046738,0.3286002278327942,0.32188206911087036,0.8974190950393677,-0.06782262772321701,0.37965190410614014,0.3961509168148041,0.931407630443573,-0.1589469313621521,0.5384504795074463,0.4896796941757202,0.8378925323486328,-0.1422717273235321,0.7833437919616699,0.2864157259464264,-0.2699241042137146,0.2249099314212799,0.06543099880218506,0.1639828085899353,-0.21639615297317505,0.1273488625884056,-0.04110485315322876,0.015497207641601562,-0.2618253231048584,0.10971352458000183,-0.2475440502166748,-0.07917508482933044,-0.3120690584182739,0.101407989859581,-0.3172948956489563,0.03389790654182434,-0.2890840172767639,0.10060146450996399,-0.33181458711624146,-0.03840625286102295,3.0,3.0,3.0,3.0,3.0,3.0,3.0,3.0,3.0,3.0,3.0,3.0,3.0,3.0,3.0,3.0,3.0,3.0,3.0,3.0,0.05,0.05,0.05,0.05,0.05,0.05,0.05,0.05,0.05,0.05,0.05,0.05,0.05,0.05,0.05,0.05,0.05,0.05,0.05,0.05,0.0,0.0,0.0,0.0,0.0,0.0,0.0,0.0,0.0,0.0,0.0,0.0,0.0,0.0,0.0,0.0,0.0,0.0,0.0,0.0,0.8202337026596069,0.40684476494789124,0.40288636088371277,0.21122339367866516,0.49360784888267517,-0.004242760129272938,0.3877754807472229,0.26501962542533875,0.9395037889480591,0.02909223735332489,0.9283862113952637,0.5111529231071472,1.1640920639038086,0.11725641041994095,1.178130030632019,0.5846825838088989,1.1746959686279297,0.0907200276851654,1.3573217391967773,0.4777870178222656,0.29173940420150757,-0.19986629486083984,0.007005035877227783,0.21601244807243347,-0.11623427271842957,-0.07163554546423256,-0.22382736206054688,-0.06462857127189636,-0.6300359964370728,-0.11184285394847393,-1.3114556670188904,-0.33194273710250854,-0.28127431869506836,0.10724812746047974,-0.6381601095199585,-0.04196465015411377,-0.11389553546905518,0.10845586657524109,-0.8085340261459351,-0.02054646611213684,3.0,3.0,3.0,3.0,3.0,3.0,3.0,3.0,3.0,3.0,3.0,3.0,3.0,3.0,3.0,3.0,3.0,3.0,3.0,3.0,0.05,0.05,0.05,0.05,0.05,0.05,0.05,0.05,0.05,0.05,0.05,0.05,0.05,0.05,0.05,0.05,0.05,0.05,0.05,0.05,0.0,0.0,0.0,0.0,0.0,0.0,0.0,0.0,0.0,0.0,0.0,0.0,0.0,0.0,0.0,0.0,0.0,0.0,0.0,0.0
0.6094110012054443,0.48417773842811584,0.3231039047241211,0.521534264087677,0.6293150186538696,-0.1192883849143982,0.32780590653419495,0.3221246302127838,0.8921804428100586,-0.06579325348138809,0.3746800422668457,0.3944564461708069,0.9252709746360779,-0.15715214610099792,0.532021164894104,0.49021726846694946,0.832395076751709,-0.14023223519325256,0.7767458558082581,0.2855243384838104,-0.25192946195602417,0.22190436720848083,0.0675201416015625,0.13497471809387207,-0.21960288286209106,0.13116709887981415,-0.04129782319068909,0.007736682891845703,-0.2627834677696228,0.1036178320646286,-0.24798139929771423,-0.08738785982131958,-0.3008127212524414,0.0918801873922348,-0.3276914358139038,0.020692497491836548,-0.262334942817688,0.10088793933391571,-0.3304630517959595,-0.04929453134536743,3.0,3.0,3.0,3.0,3.0,3.0,3.0,3.0,3.0,3.0,3.0,3.0,3.0,3.0,3.0,3.0,3.0,3.0,3.0,3.0,0.05,0.05,0.05,0.05,0.05,0.05,0.05,0.05,0.05,0.05,0.05,0.05,0.05,0.05,0.05,0.05,0.05,0.05,0.05,0.05,0.0,0.0,0.0,0.0,0.0,0.0,0.0,0.0,0.0,0.0,0.0,0.0,0.0,0.0,0.0,0.0,0.0,0.0,0.0,0.0,0.8261183500289917,0.40335813164711,0.40253114700317383,0.21551449596881866,0.4914158880710602,-0.006029883399605751,0.3831053078174591,0.26353758573532104,0.9264929890632629,0.026589175686240196,0.9001224040985107,0.5037541389465332,1.1580721139907837,0.11966719478368759,1.1643915176391602,0.5833224654197693,1.1715664863586426,0.09335095435380936,1.3393528461456299,0.47626566886901855,0.28849244117736816,-0.19276589155197144,-0.003435462713241577,0.21337829530239105,-0.14880970120429993,-0.08642787579447031,-0.25729164481163025,-0.09017512202262878,-0.7196992635726929,-0.136452354490757,-1.4589950442314148,-0.39750710129737854,-0.3559619188308716,0.11753365397453308,-0.7323771715164185,-0.10174214839935303,-0.16539692878723145,0.1349588856101036,-0.9146720170974731,-0.11021271347999573,3.0,3.0,3.0,3.0,3.0,3.0,3.0,3.0,3.0,3.0,3.0,3.0,3.0,3.0,3.0,3.0,3.0,3.0,3.0,3.0,0.05,0.05,0.05,0.05,0.05,0.05,0.05,0.05,0.05,0.05,0.05,0.05,0.05,0.05,0.05,0.05,0.05,0.05,0.05,0.05,0.0,0.0,0.0,0.0,0.0,0.0,0.0,0.0,0.0,0.0,0.0,0.0,0.0,0.0,0.0,0.0,0.0,0.0,0.0,0.0
0.6045517921447754,0.4885135293006897,0.3244814872741699,0.5238327383995056,0.6247724294662476,-0.11656210571527481,0.3269483149051666,0.3221915364265442,0.8869077563285828,-0.06367791444063187,0.36973264813423157,0.3926554024219513,0.9193751215934753,-0.1552717238664627,0.5253428220748901,0.4905073940753937,0.8273991346359253,-0.13823620975017548,0.7701252698898315,0.2844439446926117,-0.22625774145126343,0.21281763911247253,0.06994754076004028,0.10736584663391113,-0.2164289355278015,0.13407450169324875,-0.036988407373428345,0.0025190412998199463,-0.25282353162765503,0.10005589574575424,-0.23507997393608093,-0.08564144372940063,-0.2852514386177063,0.0860217958688736,-0.32784342765808105,0.010991096496582031,-0.23409873247146606,0.10348372161388397,-0.320415198802948,-0.053863972425460815,3.0,3.0,3.0,3.0,3.0,3.0,3.0,3.0,3.0,3.0,3.0,3.0,3.0,3.0,3.0,3.0,3.0,3.0,3.0,3.0,0.05,0.05,0.05,0.05,0.05,0.05,0.05,0.05,0.05,0.05,0.05,0.05,0.05,0.05,0.05,0.05,0.05,0.05,0.05,0.05,0.0,0.0,0.0,0.0,0.0,0.0,0.0,0.0,0.0,0.0,0.0,0.0,0.0,0.0,0.0,0.0,0.0,0.0,0.0,0.0,0.8317734003067017,0.3991341292858124,0.4027489423751831,0.2197585254907608,0.4876554608345032,-0.00769987516105175,0.3774838149547577,0.2614126205444336,0.9107158184051514,0.02363414317369461,0.8700264096260071,0.4952526390552521,1.1498535871505737,0.12195775657892227,1.1488349437713623,0.5806128978729248,1.1680800914764404,0.09611838310956955,1.3207348585128784,0.4733785092830658,0.28843432664871216,-0.18360689282417297,-0.008136779069900513,0.20625926554203033,-0.16791895031929016,-0.10427944362163544,-0.2867497503757477,-0.11471733450889587,-0.7950142025947571,-0.1606222242116928,-1.6162440180778503,-0.4708290100097656,-0.41628479957580566,0.12799575924873352,-0.8486688137054443,-0.17363876104354858,-0.21045804023742676,0.1718791201710701,-1.0342389345169067,-0.208389014005661,3.0,3.0,3.0,3.0,3.0,3.0,3.0,3.0,3.0,3.0,3.0,3.0,3.0,3.0,3.0,3.0,3.0,3.0,3.0,3.0,0.05,0.05,0.05,0.05,0.05,0.05,0.05,0.05,0.05,0.05,0.05,0.05,0.05,0.05,0.05,0.05,0.05,0.05,0.05,0.05,0.0,0.0,0.0,0.0,0.0,0.0,0.0,0.0,0.0,0.0,0.0,0.0,0.0,0.0,0.0,0.0,0.0,0.0,0.0,0.0
0.6003606915473938,0.49269044399261475,0.3259018063545227,0.5258288979530334,0.6206578612327576,-0.11392540484666824,0.3263263702392578,0.3222253918647766,0.8820675015449524,-0.06179101765155792,0.36527684330940247,0.39103078842163086,0.9138609170913696,-0.15371127426624298,0.5189074277877808,0.49065691232681274,0.8230311274528503,-0.1360928863286972,0.7639292478561401,0.283369779586792,-0.1816585659980774,0.1959487795829773,0.06949827075004578,0.06908774375915527,-0.20800232887268066,0.13351961970329285,-0.03300905227661133,-0.001979619264602661,-0.2401411533355713,0.09174533188343048,-0.21467357873916626,-0.07693842053413391,-0.2666875720024109,0.07558576762676239,-0.31374990940093994,0.004198402166366577,-0.20355433225631714,0.1057598739862442,-0.2953678369522095,-0.05033835768699646,3.0,3.0,3.0,3.0,3.0,3.0,3.0,3.0,3.0,3.0,3.0,3.0,3.0,3.0,3.0,3.0,3.0,3.0,3.0,3.0,0.05,0.05,0.05,0.05,0.05,0.05,0.05,0.05,0.05,0.05,0.05,0.05,0.05,0.05,0.05,0.05,0.05,0.05,0.05,0.05,0.0,0.0,0.0,0.0,0.0,0.0,0.0,0.0,0.0,0.0,0.0,0.0,0.0,0.0,0.0,0.0,0.0,0.0,0.0,0.0,0.8376557230949402,0.39601385593414307,0.4022056758403778,0.22376486659049988,0.4846991300582886,-0.010201061144471169,0.3716353178024292,0.2589488923549652,0.8946924209594727,0.020164286717772484,0.8354726433753967,0.4849209785461426,1.1414207220077515,0.12478702515363693,1.1304447650909424,0.5763769149780273,1.1631481647491455,0.10022611916065216,1.2979832887649536,0.4679301083087921,0.2924397587776184,-0.18770992755889893,-0.03425180912017822,0.16830749809741974,-0.11262372136116028,-0.11506897863000631,-0.31382590532302856,-0.14216750860214233,-0.8020877838134766,-0.18156529404222965,-1.829226315021515,-0.5359195172786713,-0.4353165626525879,0.15752185136079788,-1.0078728199005127,-0.241968035697937,-0.16401708126068115,0.24834107607603073,-1.1847883462905884,-0.304538756608963,3.0,3.0,3.0,3.0,3.0,3.0,3.0,3.0,3.0,3.0,3.0,3.0,3.0,3.0,3.0,3.0,3.0,3.0,3.0,3.0,0.05,0.05,0.05,0.05,0.05,0.05,0.05,0.05,0.05,0.05,0.05,0.05,0.05,0.05,0.05,0.05,0.05,0.05,0.05,0.05,0.0,0.0,0.0,0.0,0.0,0.0,0.0,0.0,0.0,0.0,0.0,0.0,0.0,0.0,0.0,0.0,0.0,0.0,0.0,0.0
0.5972854495048523,0.4963514804840088,0.32726141810417175,0.5265962481498718,0.6164523363113403,-0.1112213209271431,0.3256279528141022,0.3221123516559601,0.8773021101951599,-0.06000810116529465,0.3611457049846649,0.38957786560058594,0.9087076187133789,-0.1522482931613922,0.5127928256988525,0.49067533016204834,0.8192569613456726,-0.1340058147907257,0.7583105564117432,0.28243041038513184,-0.12846291065216064,0.17357692122459412,0.06961002945899963,0.014381110668182373,-0.2026289701461792,0.1393282786011696,-0.03162547945976257,-0.006572157144546509,-0.22957026958465576,0.08670482784509659,-0.19442588090896606,-0.06552934646606445,-0.253373384475708,0.06716474890708923,-0.2991721034049988,-0.003166496753692627,-0.17541199922561646,0.11008866131305695,-0.2670496702194214,-0.04316791892051697,3.0,3.0,3.0,3.0,3.0,3.0,3.0,3.0,3.0,3.0,3.0,3.0,3.0,3.0,3.0,3.0,3.0,3.0,3.0,3.0,0.05,0.05,0.05,0.05,0.05,0.05,0.05,0.05,0.05,0.05,0.05,0.05,0.05,0.05,0.05,0.05,0.05,0.05,0.05,0.05,0.0,0.0,0.0,0.0,0.0,0.0,0.0,0.0,0.0,0.0,0.0,0.0,0.0,0.0,0.0,0.0,0.0,0.0,0.0,0.0,0.8434709906578064,0.3916257321834564,0.401378870010376,0.2264908254146576,0.48315051198005676,-0.012302634306252003,0.36493077874183655,0.2557259202003479,0.8786323070526123,0.016371531412005424,0.7968573570251465,0.4738158583641052,1.1324409246444702,0.1282586306333542,1.1085200309753418,0.5709341764450073,1.1615194082260132,0.10605202615261078,1.2733433246612549,0.4611969590187073,0.2937927842140198,-0.23307055234909058,-0.03138631582260132,0.16167350113391876,-0.09482800960540771,-0.10669231414794922,-0.37352219223976135,-0.18443912267684937,-0.8317425847053528,-0.19756397232413292,-2.0066261291503906,-0.5799345672130585,-0.44296979904174805,0.17493274062871933,-1.153835654258728,-0.29706060886383057,-0.10623037815093994,0.2975543960928917,-1.306113600730896,-0.3823384642601013,3.0,3.0,3.0,3.0,3.0,3.0,3.0,3.0,3.0,3.0,3.0,3.0,3.0,3.0,3.0,3.0,3.0,3.0,3.0,3.0,0.05,0.05,0.05,0.05,0.05,0.05,0.05,0.05,0.05,0.05,0.05,0.05,0.05,0.05,0.05,0.05,0.05,0.05,0.05,0.05,0.0,0.0,0.0,0.0,0.0,0.0,0.0,0.0,0.0,0.0,0.0,0.0,0.0,0.0,0.0,0.0,0.0,0.0,0.0,0.0
0.5952221751213074,0.4996335208415985,0.3286862075328827,0.5264041423797607,0.6125527024269104,-0.10835227370262146,0.3250613510608673,0.32196250557899475,0.8728846907615662,-0.05832282453775406,0.3574998080730438,0.3884096145629883,0.9037259817123413,-0.1510246843099594,0.5069405436515808,0.49053025245666504,0.8160146474838257,-0.13168933987617493,0.7532472610473633,0.2816430628299713,-0.0736430287361145,0.14962702989578247,0.07006451487541199,-0.03369748592376709,-0.19312798976898193,0.1425502821803093,-0.02718120813369751,-0.008238106966018677,-0.20220279693603516,0.08226875215768814,-0.16324371099472046,-0.047321617603302,-0.22502392530441284,0.06421171128749847,-0.2729877829551697,-0.006130337715148926,-0.13415366411209106,0.11695623397827148,-0.2299293875694275,-0.030790269374847412,3.0,3.0,3.0,3.0,3.0,3.0,3.0,3.0,3.0,3.0,3.0,3.0,3.0,3.0,3.0,3.0,3.0,3.0,3.0,3.0,0.05,0.05,0.05,0.05,0.05,0.05,0.05,0.05,0.05,0.05,0.05,0.05,0.05,0.05,0.05,0.05,0.05,0.05,0.05,0.05,0.0,0.0,0.0,0.0,0.0,0.0,0.0,0.0,0.0,0.0,0.0,0.0,0.0,0.0,0.0,0.0,0.0,0.0,0.0,0.0,0.849407434463501,0.38669103384017944,0.40095022320747375,0.23023180663585663,0.48090600967407227,-0.014468753710389137,0.35669443011283875,0.25157132744789124,0.8614227175712585,0.012261727824807167,0.7552075982093811,0.46172359585762024,1.1237019300460815,0.1317843347787857,1.0842913389205933,0.5644944906234741,1.158898949623108,0.11212829500436783,1.2457387447357178,0.45263656973838806,0.3004029393196106,-0.24818852543830872,-0.07149651646614075,0.1785513013601303,-0.16745701432228088,-0.1216683303937316,-0.43148547410964966,-0.21860487759113312,-0.9218484163284302,-0.192143302410841,-2.0629584789276123,-0.6198771297931671,-0.5055367946624756,0.16419515013694763,-1.2149810791015625,-0.33643096685409546,-0.2173900604248047,0.2912793308496475,-1.38377845287323,-0.44881775975227356,3.0,3.0,3.0,3.0,3.0,3.0,3.0,3.0,3.0,3.0,3.0,3.0,3.0,3.0,3.0,3.0,3.0,3.0,3.0,3.0,0.05,0.05,0.05,0.05,0.05,0.05,0.05,0.05,0.05,0.05,0.05,0.05,0.05,0.05,0.05,0.05,0.05,0.05,0.05,0.05,0.0,0.0,0.0,0.0,0.0,0.0,0.0,0.0,0.0,0.0,0.0,0.0,0.0,0.0,0.0,0.0,0.0,0.0,0.0,0.0
0.5943397283554077,0.5023365616798401,0.33006399869918823,0.5252483487129211,0.608727216720581,-0.10551930963993073,0.3245407044887543,0.32178282737731934,0.8692139983177185,-0.05671735107898712,0.3546159565448761,0.38768500089645386,0.8997066617012024,-0.14967982470989227,0.5018733143806458,0.4904301166534424,0.813890814781189,-0.12932756543159485,0.7491133809089661,0.28119879961013794,0.025925040245056152,0.1123286783695221,0.06476789712905884,-0.11123269796371182,-0.1753315329551669,0.13505201786756446,-0.015193223953248458,-0.003261864185333252,-0.1375809311866788,0.06916690617799741,-0.09926930069923401,-0.009019672870635986,-0.13307631015777588,0.06293728947639465,-0.2010546624660492,0.013186037540435791,-0.048001110553741455,0.11274181306362152,-0.15631020069122314,0.0025503337383270264,3.0,3.0,3.0,3.0,3.0,3.0,3.0,3.0,3.0,3.0,3.0,3.0,3.0,3.0,3.0,3.0,3.0,3.0,3.0,3.0,0.05,0.05,0.05,0.05,0.05,0.05,0.05,0.05,0.05,0.05,0.05,0.05,0.05,0.05,0.05,0.05,0.05,0.05,0.05,0.05,0.0,0.0,0.0,0.0,0.0,0.0,0.0,0.0,0.0,0.0,0.0,0.0,0.0,0.0,0.0,0.0,0.0,0.0,0.0,0.0,0.8554871082305908,0.3816981911659241,0.39851900935173035,0.2336328774690628,0.4764522314071655,-0.017169367522001266,0.34767135977745056,0.24698172509670258,0.8417583703994751,0.008685799315571785,0.714339017868042,0.44902077317237854,1.1122194528579712,0.1348264366388321,1.0599207878112793,0.5574769377708435,1.152823805809021,0.11770319938659668,1.2179921865463257,0.44324424862861633,0.35659372806548795,-0.1729920506477342,-0.17538666725158553,0.1457456499338143,-0.15055239200591902,-0.18069907091557874,-0.4508502781391116,-0.23784413933753829,-0.9778320789337103,-0.1833367859944689,-2.134159207344044,-0.6707303225994068,-0.6464958190917969,0.18092580139636924,-1.2598961591720526,-0.3455922007560702,-0.3395617008209173,0.3780158236622789,-1.429328322410578,-0.496442615985869,3.0,3.0,3.0,3.0,3.0,3.0,3.0,3.0,3.0,3.0,3.0,3.0,3.0,3.0,3.0,3.0,3.0,3.0,3.0,3.0,0.05,0.05,0.05,0.05,0.05,0.05,0.05,0.05,0.05,0.05,0.05,0.05,0.05,0.05,0.05,0.05,0.05,0.05,0.05,0.05,0.0,0.0,0.0,0.0,0.0,0.0,0.0,0.0,0.0,0.0,0.0,0.0,0.0,0.0,0.0,0.0,0.0,0.0,0.0,0.0
0.5962591767311096,0.5041266679763794,0.33127692341804504,0.5219548344612123,0.6055394411087037,-0.10295019298791888,0.32445362210273737,0.3218320310115814,0.867381453514099,-0.05555614829063416,0.35352903604507446,0.38804882764816284,0.8984029293060303,-0.14850719273090363,0.49889835715293884,0.49105769395828247,0.814094603061676,-0.12717966735363007,0.7469948530197144,0.2817450761795044,0.16966909170150757,0.027139484882354736,0.045993924140930176,-0.18400847911834717,-0.1385942101478549,0.12499690055847099,0.011604279279708862,0.01185685396194458,-0.04051178693771362,0.0560552813112734,0.00322684645652771,0.05824640393257002,-0.02748817205429077,0.06056949496269226,-0.10943189263343811,0.04798099398612837,0.06250888109207153,0.11435877531766822,-0.0541225075721713,0.05965903401374678,3.0,3.0,3.0,3.0,3.0,3.0,3.0,3.0,3.0,3.0,3.0,3.0,3.0,3.0,3.0,3.0,3.0,3.0,3.0,3.0,0.05,0.05,0.05,0.05,0.05,0.05,0.05,0.05,0.05,0.05,0.05,0.05,0.05,0.05,0.05,0.05,0.05,0.05,0.05,0.05,0.0,0.0,0.0,0.0,0.0,0.0,0.0,0.0,0.0,0.0,0.0,0.0,0.0,0.0,0.0,0.0,0.0,0.0,0.0,0.0,0.8636711835861205,0.3797713518142701,0.39393475651741033,0.2360616326332092,0.4748839139938355,-0.021696716547012287,0.3386604189872743,0.2420575618743897,0.8223094344139101,0.004928256385028411,0.6698412299156193,0.43489438295364397,1.0978420972824097,0.13902136683464048,1.0338954925537112,0.5506708025932313,1.1453164815902712,0.127248927950859,1.1885656118392947,0.4327788650989533,0.3412202000617981,-0.17826631665229797,-0.1551613211631761,0.18178783357143263,-0.10659471154212952,-0.188695825636386,-0.4338890314102145,-0.23160539567470412,-0.9547635912895147,-0.22644792916253062,-2.1371483802795272,-0.6880111992359119,-0.7152020931243841,0.1645375043153749,-1.3003200292587225,-0.3648519515991211,-0.4323422908782959,0.406268611550329,-1.4747798442840465,-0.5518361926078769,3.0,3.0,3.0,3.0,3.0,3.0,3.0,3.0,3.0,3.0,3.0,3.0,3.0,3.0,3.0,3.0,3.0,3.0,3.0,3.0,0.05,0.05,0.05,0.05,0.05,0.05,0.05,0.05,0.05,0.05,0.05,0.05,0.05,0.05,0.05,0.05,0.05,0.05,0.05,0.05,0.0,0.0,0.0,0.0,0.0,0.0,0.0,0.0,0.0,0.0,0.0,0.0,0.0,0.0,0.0,0.0,0.0,0.0,0.0,0.0
0.601126492023468,0.5034221410751343,0.33190375566482544,0.5178880095481873,0.6031834483146669,-0.10051943361759189,0.3250048756599426,0.3222571015357971,0.86759352684021,-0.054475139826536186,0.3547450304031372,0.39001485705375666,0.8986071348190308,-0.14725704491138458,0.4974960386753082,0.4923493564128875,0.8163911700248718,-0.12475321441888812,0.7469484806060792,0.2835851609706878,0.2986818552017212,-0.07192343473434448,0.025381147861480713,-0.22649765014648715,-0.10137259960174838,0.11768843978643487,0.03395676612854143,0.026545673608779907,0.04566907882690707,0.049997959285974676,0.09770020842552185,0.12411847710609436,0.04593878984451294,0.06510354578495026,-0.030771642923355103,0.07959455251693726,0.1452028751373291,0.11903103440999985,0.039067864418029785,0.11842027306556702,3.0,3.0,3.0,3.0,3.0,3.0,3.0,3.0,3.0,3.0,3.0,3.0,3.0,3.0,3.0,3.0,3.0,3.0,3.0,3.0,0.05,0.05,0.05,0.05,0.05,0.05,0.05,0.05,0.05,0.05,0.05,0.05,0.05,0.05,0.05,0.05,0.05,0.05,0.05,0.05,0.0,0.0,0.0,0.0,0.0,0.0,0.0,0.0,0.0,0.0,0.0,0.0,0.0,0.0,0.0,0.0,0.0,0.0,0.0,0.0,0.8691359162330627,0.37456753849983215,0.3923125565052033,0.2409043908119201,0.47218844294548035,-0.024717200547456707,0.330315798521042,0.2377175092697144,0.8035678267478945,-0.00037211785092943937,0.6288530826568609,0.42150032520294206,1.0836113691329958,0.1414079368114471,1.0079079866409304,0.5428828597068787,1.1355301141738892,0.13395394384860984,1.1590009927749638,0.42117080092430126,0.29637515544891635,-0.2134054899215712,-0.129022449254991,0.24168789386749337,-0.046598166227342086,-0.16884300857782467,-0.3812119364738492,-0.1884486526250853,-0.8286878466606196,-0.26899211807176593,-2.1443217992782704,-0.7083274424076121,-0.6245255470275879,0.13437606394290993,-1.431229710578924,-0.45100897550583163,-0.3667443990707453,0.37552900612354484,-1.5830963850021418,-0.6787002086639418,3.0,3.0,3.0,3.0,3.0,3.0,3.0,3.0,3.0,3.0,3.0,3.0,3.0,3.0,3.0,3.0,3.0,3.0,3.0,3.0,0.05,0.05,0.05,0.05,0.05,0.05,0.05,0.05,0.05,0.05,0.05,0.05,0.05,0.05,0.05,0.05,0.05,0.05,0.05,0.05,0.0,0.0,0.0,0.0,0.0,0.0,0.0,0.0,0.0,0.0,0.0,0.0,0.0,0.0,0.0,0.0,0.0,0.0,0.0,0.0
0.6082064509391785,0.5012497305870056,0.3322921693325043,0.5128949284553528,0.6014845371246338,-0.09824265539646149,0.32581189274787903,0.3228938579559326,0.8692082166671753,-0.053556229919195175,0.35743704438209534,0.3930135667324066,0.9002404808998108,-0.14590305089950562,0.49766749143600464,0.49424147605895996,0.8199027180671692,-0.12241842597723007,0.7485575675964355,0.2864818871021271,0.39422959089279175,-0.13916417956352234,0.016295909881591797,-0.26683956384658813,-0.06984919309616366,0.10995324701070855,0.043901801109313965,0.037063658237457275,0.11017471551895142,0.042088702321052725,0.16612261533737183,0.17132908105850359,0.11427700519561768,0.06758905947208405,0.048626214265823364,0.10955631732940813,0.2046838402748108,0.11494811624288628,0.12332201004028043,0.17101913690567155,3.0,3.0,3.0,3.0,3.0,3.0,3.0,3.0,3.0,3.0,3.0,3.0,3.0,3.0,3.0,3.0,3.0,3.0,3.0,3.0,0.05,0.05,0.05,0.05,0.05,0.05,0.05,0.05,0.05,0.05,0.05,0.05,0.05,0.05,0.05,0.05,0.05,0.05,0.05,0.05,0.0,0.0,0.0,0.0,0.0,0.0,0.0,0.0,0.0,0.0,0.0,0.0,0.0,0.0,0.0,0.0,0.0,0.0,0.0,0.0,0.8755261898040771,0.3712351322174072,0.3887738585472107,0.24572914838790894,0.4730199873447418,-0.028450436890125275,0.3234119415283203,0.2345196157693863,0.7891619205474854,-0.005831428337842226,0.5840683579444885,0.4065612852573395,1.0728610754013062,0.14439640939235687,0.9766463041305542,0.532630443572998,1.1306467056274414,0.14227008819580078,1.125241756439209,0.40563085675239563,0.32131969928741455,-0.21884962916374207,-0.1595422625541701,0.2827376127243056,0.02095550298690796,-0.14795949682593432,-0.35811439156532565,-0.1597061753273024,-0.7429718971252497,-0.2786119817756131,-2.207455039024367,-0.7358931005001109,-0.5650907754898127,0.12971572577953477,-1.5907987952232416,-0.5278870463371277,-0.28344690799713135,0.3869429230690023,-1.712372899055492,-0.8076794445514707,3.0,3.0,3.0,3.0,3.0,3.0,3.0,3.0,3.0,3.0,3.0,3.0,3.0,3.0,3.0,3.0,3.0,3.0,3.0,3.0,0.05,0.05,0.05,0.05,0.05,0.05,0.05,0.05,0.05,0.05,0.05,0.05,0.05,0.05,0.05,0.05,0.05,0.05,0.05,0.05,0.0,0.0,0.0,0.0,0.0,0.0,0.0,0.0,0.0,0.0,0.0,0.0,0.0,0.0,0.0,0.0,0.0,0.0,0.0,0.0
0.6168956756591797,0.4978555738925934,0.3325555920600891,0.5072144269943237,0.6003894805908203,-0.09612130373716354,0.3267609477043152,0.3237396478652954,0.872000515460968,-0.05279159173369408,0.3613899350166321,0.3968680202960968,0.9031782150268555,-0.14455348253250122,0.49944108724594116,0.49673160910606384,0.8245785236358643,-0.12015528976917267,0.7518813610076904,0.2904259264469147,0.46259164810180664,-0.1932784914970398,0.012505054473876953,-0.2989262342453003,-0.04198253154754639,0.10249614715576172,0.04779547452926636,0.04663616418838501,0.17225593328475952,0.03140522167086601,0.23471787571907043,0.2164497971534729,0.18711388111114502,0.06301961839199066,0.13815313577651978,0.14410018920898438,0.2711266279220581,0.10764561593532562,0.2172425389289856,0.22617951035499573,3.0,3.0,3.0,3.0,3.0,3.0,3.0,3.0,3.0,3.0,3.0,3.0,3.0,3.0,3.0,3.0,3.0,3.0,3.0,3.0,0.05,0.05,0.05,0.05,0.05,0.05,0.05,0.05,0.05,0.05,0.05,0.05,0.05,0.05,0.05,0.05,0.05,0.05,0.05,0.05,0.0,0.0,0.0,0.0,0.0,0.0,0.0,0.0,0.0,0.0,0.0,0.0,0.0,0.0,0.0,0.0,0.0,0.0,0.0,0.0,0.8819887042045593,0.36581355333328247,0.3859308660030365,0.25221389532089233,0.47302666306495667,-0.03063558042049408,0.31599122285842896,0.23132926225662231,0.7738489508628845,-0.011516597121953964,0.5405548810958862,0.3920646011829376,1.0610077381134033,0.14659656584262848,0.9442760348320007,0.5217673778533936,1.124192237854004,0.14943166077136993,1.0905060768127441,0.38886362314224243,0.2541959285736084,-0.38415491580963135,-0.0895962119102478,0.34299492835998535,0.027222931385040283,-0.12281006202101707,-0.3306381404399872,-0.11573247611522675,-0.679384171962738,-0.3024511388503015,-2.148997038602829,-0.7126025855541229,-0.4711419343948364,0.052259862422943115,-1.7015814781188965,-0.5951583385467529,-0.28204619884490967,0.2870079129934311,-1.8362760543823242,-0.917583703994751,3.0,3.0,3.0,3.0,3.0,3.0,3.0,3.0,3.0,3.0,3.0,3.0,3.0,3.0,3.0,3.0,3.0,3.0,3.0,3.0,0.05,0.05,0.05,0.05,0.05,0.05,0.05,0.05,0.05,0.05,0.05,0.05,0.05,0.05,0.05,0.05,0.05,0.05,0.05,0.05,0.0,0.0,0.0,0.0,0.0,0.0,0.0,0.0,0.0,0.0,0.0,0.0,0.0,0.0,0.0,0.0,0.0,0.0,0.0,0.0
0.6267101168632507,0.493518590927124,0.33279237151145935,0.5009378790855408,0.5998052358627319,-0.09414280951023102,0.3277237117290497,0.324759304523468,0.8760984539985657,-0.052300021052360535,0.36682575941085815,0.40167155861854553,0.9077250361442566,-0.143382266163826,0.5031936168670654,0.5000054836273193,0.8307477831840515,-0.11811260133981705,0.757247269153595,0.2955290675163269,0.5178794264793396,-0.2534225583076477,0.011299550533294678,-0.34142062067985535,0.010509788990020752,0.09601730853319168,0.061687082052230835,0.06240084767341614,0.2738058567047119,0.013712514191865921,0.3611229360103607,0.29692575335502625,0.28470009565353394,0.04079602658748627,0.2796247601509094,0.2103261649608612,0.4127189517021179,0.09048618376255035,0.3787577152252197,0.3139495849609375,3.0,3.0,3.0,3.0,3.0,3.0,3.0,3.0,3.0,3.0,3.0,3.0,3.0,3.0,3.0,3.0,3.0,3.0,3.0,3.0,0.05,0.05,0.05,0.05,0.05,0.05,0.05,0.05,0.05,0.05,0.05,0.05,0.05,0.05,0.05,0.05,0.05,0.05,0.05,0.05,0.0,0.0,0.0,0.0,0.0,0.0,0.0,0.0,0.0,0.0,0.0,0.0,0.0,0.0,0.0,0.0,0.0,0.0,0.0,0.0,0.8856940269470215,0.355868935585022,0.3851900100708008,0.25944894552230835,0.47410890460014343,-0.03336283937096596,0.3101864159107208,0.22989031672477722,0.7619865536689758,-0.017929473891854286,0.49810847640037537,0.37805718183517456,1.0540153980255127,0.1464868038892746,0.9085830450057983,0.5088241100311279,1.119364857673645,0.15375040471553802,1.051790714263916,0.3689275085926056,0.2441704273223877,-0.400012731552124,-0.060623884201049805,0.3775186836719513,0.09816288948059082,-0.11136569082736969,-0.24806857109069824,-0.05240514874458313,-0.5675032734870911,-0.28417506255209446,-1.9833438098430634,-0.6550610065460205,-0.3947436809539795,0.009233132004737854,-1.704917848110199,-0.6147772073745728,-0.25556981563568115,0.22969283163547516,-1.8346965312957764,-0.9456083178520203,3.0,3.0,3.0,3.0,3.0,3.0,3.0,3.0,3.0,3.0,3.0,3.0,3.0,3.0,3.0,3.0,3.0,3.0,3.0,3.0,0.05,0.05,0.05,0.05,0.05,0.05,0.05,0.05,0.05,0.05,0.05,0.05,0.05,0.05,0.05,0.05,0.05,0.05,0.05,0.05,0.0,0.0,0.0,0.0,0.0,0.0,0.0,0.0,0.0,0.0,0.0,0.0,0.0,0.0,0.0,0.0,0.0,0.0,0.0,0.0
0.6376108527183533,0.4877186715602875,0.3330075740814209,0.4935576021671295,0.6008098721504211,-0.09228061139583588,0.3292284309864044,0.32623568177223206,0.8829527497291565,-0.05224309116601944,0.3758348524570465,0.40874505043029785,0.9145662188529968,-0.14292164146900177,0.5106260776519775,0.5051446557044983,0.841087281703949,-0.11653584241867065,0.7670316696166992,0.3029839098453522,0.5625873804092407,-0.328083336353302,0.03313720226287842,-0.3623165190219879,0.0241890549659729,0.09343307465314865,0.04822388291358948,0.07034763693809509,0.3615453839302063,-0.004061125218868256,0.5249589681625366,0.4101991653442383,0.3980904817581177,0.027295947074890137,0.47929883003234863,0.3086388111114502,0.48843175172805786,0.08201673626899719,0.5472257733345032,0.4133932292461395,3.0,3.0,3.0,3.0,3.0,3.0,3.0,3.0,3.0,3.0,3.0,3.0,3.0,3.0,3.0,3.0,3.0,3.0,3.0,3.0,0.05,0.05,0.05,0.05,0.05,0.05,0.05,0.05,0.05,0.05,0.05,0.05,0.05,0.05,0.05,0.05,0.05,0.05,0.05,0.05,0.0,0.0,0.0,0.0,0.0,0.0,0.0,0.0,0.0,0.0,0.0,0.0,0.0,0.0,0.0,0.0,0.0,0.0,0.0,0.0,0.8917555212974548,0.3498130440711975,0.3835059106349945,0.2673146426677704,0.4769531786441803,-0.03509020805358887,0.306068480014801,0.229233056306839,0.7511488199234009,-0.022883599624037743,0.4612211287021637,0.3658621609210968,1.0452179908752441,0.146965891122818,0.8760793209075928,0.49717628955841064,1.1139694452285767,0.15861937403678894,1.017118215560913,0.3510392904281616,0.29656141996383667,-0.3070518374443054,-0.050999969244003296,0.430113822221756,0.18059760332107544,-0.07456876337528229,-0.16599148511886597,0.010624155402183533,-0.4488155245780945,-0.25646169669926167,-1.7858467996120453,-0.585627555847168,-0.3531724214553833,0.009942799806594849,-1.6329050064086914,-0.578385591506958,-0.15965402126312256,0.215202197432518,-1.7010733485221863,-0.8906073868274689,3.0,3.0,3.0,3.0,3.0,3.0,3.0,3.0,3.0,3.0,3.0,3.0,3.0,3.0,3.0,3.0,3.0,3.0,3.0,3.0,0.05,0.05,0.05,0.05,0.05,0.05,0.05,0.05,0.05,0.05,0.05,0.05,0.05,0.05,0.05,0.05,0.05,0.05,0.05,0.05,0.0,0.0,0.0,0.0,0.0,0.0,0.0,0.0,0.0,0.0,0.0,0.0,0.0,0.0,0.0,0.0,0.0,0.0,0.0,0.0
0.6492136120796204,0.48039525747299194,0.3341178596019745,0.48644521832466125,0.6007727980613708,-0.09040548652410507,0.32965266704559326,0.3275732100009918,0.8905602693557739,-0.052462466061115265,0.3878241181373596,0.41807952523231506,0.9236486554145813,-0.14229042828083038,0.5223655700683594,0.5123510360717773,0.8502850532531738,-0.11483193188905716,0.7791363000869751,0.3120647966861725,0.5596965551376343,-0.33404678106307983,0.045277923345565796,-0.3686368465423584,0.006423890590667725,0.10462645441293716,0.02490803599357605,0.07006078958511353,0.4297599196434021,-0.01983093097805977,0.6433859467506409,0.48624947667121887,0.524197518825531,0.014512240886688232,0.6548747420310974,0.38935989141464233,0.5544096231460571,0.06256736814975739,0.6842508912086487,0.48515573143959045,3.0,3.0,3.0,3.0,3.0,3.0,3.0,3.0,3.0,3.0,3.0,3.0,3.0,3.0,3.0,3.0,3.0,3.0,3.0,3.0,0.05,0.05,0.05,0.05,0.05,0.05,0.05,0.05,0.05,0.05,0.05,0.05,0.05,0.05,0.05,0.05,0.05,0.05,0.05,0.05,0.0,0.0,0.0,0.0,0.0,0.0,0.0,0.0,0.0,0.0,0.0,0.0,0.0,0.0,0.0,0.0,0.0,0.0,0.0,0.0,0.897556483745575,0.34358686208724976,0.38315001130104065,0.2766534984111786,0.48133280873298645,-0.03634558990597725,0.3035467565059662,0.23031528294086456,0.744033932685852,-0.028187941759824753,0.42667460441589355,0.35463207960128784,1.0398885011672974,0.1468845158815384,0.8432668447494507,0.4856886863708496,1.1129786968231201,0.16235849261283875,0.9837477803230286,0.33330321311950684,0.254802405834198,-0.33222734928131104,-0.021906942129135132,0.4412442445755005,0.24885907769203186,-0.06676092743873596,-0.09166821837425232,0.06962195038795471,-0.35435110330581665,-0.2525982912629843,-1.613624393939972,-0.5201779305934906,-0.2796560525894165,-0.022679194808006287,-1.5462815761566162,-0.5343899130821228,-0.12410879135131836,0.1771196722984314,-1.6036882996559143,-0.8470684289932251,3.0,3.0,3.0,3.0,3.0,3.0,3.0,3.0,3.0,3.0,3.0,3.0,3.0,3.0,3.0,3.0,3.0,3.0,3.0,3.0,0.05,0.05,0.05,0.05,0.05,0.05,0.05,0.05,0.05,0.05,0.05,0.05,0.05,0.05,0.05,0.05,0.05,0.05,0.05,0.05,0.0,0.0,0.0,0.0,0.0,0.0,0.0,0.0,0.0,0.0,0.0,0.0,0.0,0.0,0.0,0.0,0.0,0.0,0.0,0.0
0.6599987149238586,0.4743568003177643,0.33481869101524353,0.4788121283054352,0.6010668277740479,-0.08809555321931839,0.33022475242614746,0.3290381133556366,0.9001431465148926,-0.05303632840514183,0.40157029032707214,0.4281950294971466,0.9355341196060181,-0.14234115183353424,0.5368210673332214,0.520719051361084,0.8632636666297913,-0.11403314769268036,0.7944017052650452,0.3223901391029358,0.5522817373275757,-0.33927038311958313,0.04496052861213684,-0.36015957593917847,0.01869797706604004,0.10717697441577911,0.03911107778549194,0.09228214621543884,0.48208087682724,-0.03654053434729576,0.8060552179813385,0.5885690450668335,0.6040990352630615,0.0047538429498672485,0.8563593029975891,0.4816696047782898,0.6497353315353394,0.044981949031353,0.8820220828056335,0.5822531878948212,3.0,3.0,3.0,3.0,3.0,3.0,3.0,3.0,3.0,3.0,3.0,3.0,3.0,3.0,3.0,3.0,3.0,3.0,3.0,3.0,0.05,0.05,0.05,0.05,0.05,0.05,0.05,0.05,0.05,0.05,0.05,0.05,0.05,0.05,0.05,0.05,0.05,0.05,0.05,0.05,0.0,0.0,0.0,0.0,0.0,0.0,0.0,0.0,0.0,0.0,0.0,0.0,0.0,0.0,0.0,0.0,0.0,0.0,0.0,0.0,0.9019476175308228,0.33652395009994507,0.3826296329498291,0.2849644124507904,0.4869075417518616,-0.037760645151138306,0.30240175127983093,0.23201793432235718,0.7369747757911682,-0.032987531274557114,0.3966761529445648,0.3450550436973572,1.0340317487716675,0.14605872333049774,0.8142280578613281,0.47580069303512573,1.109005093574524,0.1657041609287262,0.9529706835746765,0.3171565532684326,0.204351544380188,-0.3338344395160675,-0.042357295751571655,0.44956281781196594,0.29002875089645386,-0.062087830156087875,-0.030447542667388916,0.09434856474399567,-0.32763034105300903,-0.23020878434181213,-1.3874955475330353,-0.442330539226532,-0.3426462411880493,-0.056200847029685974,-1.3862594962120056,-0.4722669720649719,-0.20041167736053467,0.1598697155714035,-1.439356803894043,-0.7568195462226868,3.0,3.0,3.0,3.0,3.0,3.0,3.0,3.0,3.0,3.0,3.0,3.0,3.0,3.0,3.0,3.0,3.0,3.0,3.0,3.0,0.05,0.05,0.05,0.05,0.05,0.05,0.05,0.05,0.05,0.05,0.05,0.05,0.05,0.05,0.05,0.05,0.05,0.05,0.05,0.05,0.0,0.0,0.0,0.0,0.0,0.0,0.0,0.0,0.0,0.0,0.0,0.0,0.0,0.0,0.0,0.0,0.0,0.0,0.0,0.0
0.6713048815727234,0.4668244421482086,0.33591628074645996,0.4720388352870941,0.6015207171440125,-0.08611840754747391,0.33121711015701294,0.3312644958496094,0.9098435044288635,-0.053924087435007095,0.42006632685661316,0.4416222870349884,0.9478126168251038,-0.1421002745628357,0.5566199421882629,0.5316178202629089,0.8762744665145874,-0.11303265392780304,0.8144171833992004,0.33535492420196533,0.5283370614051819,-0.3523491322994232,0.054623186588287354,-0.3366231918334961,0.03405958414077759,0.10303985327482224,0.06279125809669495,0.11626929044723511,0.5312338471412659,-0.04612402990460396,0.9531408548355103,0.6762810051441193,0.6662711501121521,-0.0035062432289123535,1.0272964835166931,0.5570977926254272,0.7087871432304382,0.030650757253170013,1.0401472449302673,0.6571128964424133,3.0,3.0,3.0,3.0,3.0,3.0,3.0,3.0,3.0,3.0,3.0,3.0,3.0,3.0,3.0,3.0,3.0,3.0,3.0,3.0,0.05,0.05,0.05,0.05,0.05,0.05,0.05,0.05,0.05,0.05,0.05,0.05,0.05,0.05,0.05,0.05,0.05,0.05,0.05,0.05,0.0,0.0,0.0,0.0,0.0,0.0,0.0,0.0,0.0,0.0,0.0,0.0,0.0,0.0,0.0,0.0,0.0,0.0,0.0,0.0,0.9057305455207825,0.33023348450660706,0.3814557194709778,0.2946360111236572,0.4929339587688446,-0.038829103112220764,0.30232885479927063,0.2340892255306244,0.7309287190437317,-0.03739629313349724,0.37117478251457214,0.33693885803222656,1.0261826515197754,0.14463648200035095,0.7878164649009705,0.46679800748825073,1.1049622297286987,0.16875328123569489,0.9261735081672668,0.30303043127059937,0.19562244415283203,-0.32507553696632385,-0.009579956531524658,0.487007200717926,0.3340020775794983,-0.039282068610191345,0.03961697220802307,0.13817958533763885,-0.23932307958602905,-0.20618820562958717,-1.2228958308696747,-0.3876134753227234,-0.2938270568847656,-0.0802457332611084,-1.3179078698158264,-0.45645833015441895,-0.16143321990966797,0.1207638531923294,-1.3325974345207214,-0.7153742015361786,3.0,3.0,3.0,3.0,3.0,3.0,3.0,3.0,3.0,3.0,3.0,3.0,3.0,3.0,3.0,3.0,3.0,3.0,3.0,3.0,0.05,0.05,0.05,0.05,0.05,0.05,0.05,0.05,0.05,0.05,0.05,0.05,0.05,0.05,0.05,0.05,0.05,0.05,0.05,0.05,0.0,0.0,0.0,0.0,0.0,0.0,0.0,0.0,0.0,0.0,0.0,0.0,0.0,0.0,0.0,0.0,0.0,0.0,0.0,0.0
0.6811321973800659,0.46026283502578735,0.337003618478775,0.46534720063209534,0.602429211139679,-0.0839739590883255,0.33273640275001526,0.333688884973526,0.9213925004005432,-0.05488128960132599,0.43969592452049255,0.4552462697029114,0.9621849656105042,-0.14248140156269073,0.5779129266738892,0.5430029630661011,0.8916151523590088,-0.11280711740255356,0.8360075950622559,0.3486746549606323,0.49752146005630493,-0.38781389594078064,0.041712820529937744,-0.32409876585006714,0.05764663219451904,0.07588546723127365,0.11488273739814758,0.14194771647453308,0.6027162075042725,-0.05900701507925987,1.1049620807170868,0.7529206573963165,0.7429316639900208,-0.025526434183120728,1.1676117777824402,0.6150051951408386,0.7754161953926086,0.00973828136920929,1.158227026462555,0.7020317018032074,3.0,3.0,3.0,3.0,3.0,3.0,3.0,3.0,3.0,3.0,3.0,3.0,3.0,3.0,3.0,3.0,3.0,3.0,3.0,3.0,0.05,0.05,0.05,0.05,0.05,0.05,0.05,0.05,0.05,0.05,0.05,0.05,0.05,0.05,0.05,0.05,0.05,0.05,0.05,0.05,0.0,0.0,0.0,0.0,0.0,0.0,0.0,0.0,0.0,0.0,0.0,0.0,0.0,0.0,0.0,0.0,0.0,0.0,0.0,0.0,0.909772515296936,0.3235209286212921,0.3822464346885681,0.30444470047950745,0.5002676248550415,-0.03933192789554596,0.30398643016815186,0.23754511773586273,0.727401852607727,-0.0412350594997406,0.34776031970977783,0.32955050468444824,1.0222786664962769,0.1428488940000534,0.7615117430686951,0.457542359828949,1.1025477647781372,0.17053471505641937,0.8996667861938477,0.2885415852069855,0.17248094081878662,-0.2995610237121582,0.021153688430786133,0.4705160856246948,0.40921494364738464,0.003967341035604477,0.12020617723464966,0.18352530896663666,-0.09093284606933594,-0.17925463616847992,-1.0350696742534637,-0.3158055245876312,-0.17742812633514404,-0.0785578042268753,-1.223483681678772,-0.42502060532569885,-0.09603500366210938,0.07804296910762787,-1.227763295173645,-0.6724044680595398,3.0,3.0,3.0,3.0,3.0,3.0,3.0,3.0,3.0,3.0,3.0,3.0,3.0,3.0,3.0,3.0,3.0,3.0,3.0,3.0,0.05,0.05,0.05,0.05,0.05,0.05,0.05,0.05,0.05,0.05,0.05,0.05,0.05,0.05,0.05,0.05,0.05,0.05,0.05,0.05,0.0,0.0,0.0,0.0,0.0,0.0,0.0,0.0,0.0,0.0,0.0,0.0,0.0,0.0,0.0,0.0,0.0,0.0,0.0,0.0
0.6912057399749756,0.4513118863105774,0.33758479356765747,0.45907488465309143,0.6038265824317932,-0.08308298885822296,0.33581241965293884,0.3369424045085907,0.9339521527290344,-0.05628436803817749,0.46426481008529663,0.47173911333084106,0.9775298833847046,-0.14312133193016052,0.6033244132995605,0.5562180280685425,0.9072911143302917,-0.11264312267303467,0.8607462644577026,0.36343619227409363,0.4855334758758545,-0.4524894058704376,0.03124326467514038,-0.27887076139450073,0.10490268468856812,0.03432221710681915,0.20073577761650085,0.18012523651123047,0.6717607378959656,-0.07142061367630959,1.3162925839424133,0.8684545755386353,0.823308527469635,-0.03514587879180908,1.3567104935646057,0.6983309984207153,0.876966118812561,-0.006711483001708984,1.3357743620872498,0.779985636472702,3.0,3.0,3.0,3.0,3.0,3.0,3.0,3.0,3.0,3.0,3.0,3.0,3.0,3.0,3.0,3.0,3.0,3.0,3.0,3.0,0.05,0.05,0.05,0.05,0.05,0.05,0.05,0.05,0.05,0.05,0.05,0.05,0.05,0.05,0.05,0.05,0.05,0.05,0.05,0.05,0.0,0.0,0.0,0.0,0.0,0.0,0.0,0.0,0.0,0.0,0.0,0.0,0.0,0.0,0.0,0.0,0.0,0.0,0.0,0.0,0.9126297831535339,0.3182510435581207,0.38230186700820923,0.313456654548645,0.50930255651474,-0.038670409470796585,0.3071371018886566,0.24143023788928986,0.7272914052009583,-0.044566478580236435,0.3297719955444336,0.3243066370487213,1.0190855264663696,0.14149416983127594,0.7388771176338196,0.4497971832752228,1.1011208295822144,0.171875,0.877062976360321,0.2761342525482178,0.14203935861587524,-0.25121569633483887,0.005792826414108276,0.4477374255657196,0.4514262080192566,0.03374610096216202,0.17149001359939575,0.19465573132038116,0.0264778733253479,-0.13581113889813423,-0.812385231256485,-0.23039504885673523,-0.13698339462280273,-0.07035993039608002,-1.054234802722931,-0.35614892840385437,-0.058588385581970215,0.04871785640716553,-1.0479703545570374,-0.5757853388786316,3.0,3.0,3.0,3.0,3.0,3.0,3.0,3.0,3.0,3.0,3.0,3.0,3.0,3.0,3.0,3.0,3.0,3.0,3.0,3.0,0.05,0.05,0.05,0.05,0.05,0.05,0.05,0.05,0.05,0.05,0.05,0.05,0.05,0.05,0.05,0.05,0.05,0.05,0.05,0.05,0.0,0.0,0.0,0.0,0.0,0.0,0.0,0.0,0.0,0.0,0.0,0.0,0.0,0.0,0.0,0.0,0.0,0.0,0.0,0.0
0.7005535364151001,0.44216325879096985,0.33825334906578064,0.4541923701763153,0.6066253185272217,-0.08260107040405273,0.3407658338546753,0.3408938944339752,0.9482629299163818,-0.05773811414837837,0.4923476278781891,0.4899844527244568,0.9951173067092896,-0.1438872367143631,0.6321813464164734,0.5709362030029297,0.9266937971115112,-0.11307557672262192,0.8894385695457458,0.3798740804195404,0.47749727964401245,-0.4826083779335022,-0.0035412609577178955,-0.23356899619102478,0.1251325011253357,0.019420869648456573,0.2884611487388611,0.20670592784881592,0.6634742021560669,-0.06424263119697571,1.5384316444396973,0.9934812784194946,0.8676499128341675,-0.019562244415283203,1.5854090452194214,0.8013799786567688,0.8940920233726501,0.0028055161237716675,1.5144392848014832,0.8694522082805634,3.0,3.0,3.0,3.0,3.0,3.0,3.0,3.0,3.0,3.0,3.0,3.0,3.0,3.0,3.0,3.0,3.0,3.0,3.0,3.0,0.05,0.05,0.05,0.05,0.05,0.05,0.05,0.05,0.05,0.05,0.05,0.05,0.05,0.05,0.05,0.05,0.05,0.05,0.05,0.05,0.0,0.0,0.0,0.0,0.0,0.0,0.0,0.0,0.0,0.0,0.0,0.0,0.0,0.0,0.0,0.0,0.0,0.0,0.0,0.0,0.915454089641571,0.31347230076789856,0.38247814774513245,0.32235419750213623,0.5183246731758118,-0.03798208385705948,0.3108460307121277,0.24533134698867798,0.728460967540741,-0.04666750505566597,0.31526491045951843,0.32033470273017883,1.0167993307113647,0.1400344967842102,0.7193423509597778,0.4432964026927948,1.1002042293548584,0.172483429312706,0.8577479720115662,0.2655101716518402,0.19209086894989014,-0.18034577369689941,-0.031232088804244995,0.3800496459007263,0.4256144165992737,0.04962161183357239,0.1695863902568817,0.17764940857887268,0.07424205541610718,-0.07257508113980293,-0.6761610507965088,-0.18545538187026978,-0.11739730834960938,-0.04620179533958435,-0.9238258004188538,-0.29756054282188416,-0.06490945816040039,0.0556211918592453,-0.9115219116210938,-0.49866437911987305,3.0,3.0,3.0,3.0,3.0,3.0,3.0,3.0,3.0,3.0,3.0,3.0,3.0,3.0,3.0,3.0,3.0,3.0,3.0,3.0,0.05,0.05,0.05,0.05,0.05,0.05,0.05,0.05,0.05,0.05,0.05,0.05,0.05,0.05,0.05,0.05,0.05,0.05,0.05,0.05,0.0,0.0,0.0,0.0,0.0,0.0,0.0,0.0,0.0,0.0,0.0,0.0,0.0,0.0,0.0,0.0,0.0,0.0,0.0,0.0
0.7103056311607361,0.4320075511932373,0.33744314312934875,0.44973212480545044,0.6088318824768066,-0.0823061540722847,0.3473508656024933,0.34521064162254333,0.9604911208152771,-0.05885407328605652,0.5258020758628845,0.5114783644676208,1.0122358798980713,-0.14390382170677185,0.6667407751083374,0.5882732272148132,0.9430547952651978,-0.1125309020280838,0.921323835849762,0.39821428060531616,0.4639893770217868,-0.4384770989418002,0.00662803649902205,-0.20449012517928938,0.142534077167511,0.023107230663299214,0.3479897975921603,0.21502673625945906,0.7096961140632574,-0.05514370277523977,1.6860567033290752,1.061928272247309,0.9374588727950994,-0.006079673767089844,1.750589907169331,0.8763805031776373,0.9460046887397711,-0.011361762881278992,1.6488313674926673,0.9338691830635015,3.0,3.0,3.0,3.0,3.0,3.0,3.0,3.0,3.0,3.0,3.0,3.0,3.0,3.0,3.0,3.0,3.0,3.0,3.0,3.0,0.05,0.05,0.05,0.05,0.05,0.05,0.05,0.05,0.05,0.05,0.05,0.05,0.05,0.05,0.05,0.05,0.05,0.05,0.05,0.05,0.0,0.0,0.0,0.0,0.0,0.0,0.0,0.0,0.0,0.0,0.0,0.0,0.0,0.0,0.0,0.0,0.0,0.0,0.0,0.0,0.9203134179115295,0.31103721261024475,0.38105258345603943,0.3286586403846741,0.5263271331787109,-0.03668554499745369,0.3139205574989319,0.24853621423244476,0.7302610874176025,-0.04746948182582855,0.30272555351257324,0.3168884217739105,1.0143896341323853,0.13964609801769257,0.7019240856170654,0.4378947615623474,1.0985244512557983,0.1740998476743698,0.8406020998954773,0.25618767738342285,0.22363364696502686,-0.09557679295539856,-0.062443315982818604,0.26699602603912215,0.40866732597350797,0.06236284971237165,0.1621156930923448,0.15413761138915877,0.12292116880416593,-0.026589725166559046,-0.5571015179157243,-0.14847144484519958,-0.10412335395812433,-0.011341646313667297,-0.7965579628944369,-0.23784637451171875,-0.08050203323363703,0.07164441049098969,-0.7859170436859103,-0.42539797723293166,3.0,3.0,3.0,3.0,3.0,3.0,3.0,3.0,3.0,3.0,3.0,3.0,3.0,3.0,3.0,3.0,3.0,3.0,3.0,3.0,0.05,0.05,0.05,0.05,0.05,0.05,0.05,0.05,0.05,0.05,0.05,0.05,0.05,0.05,0.05,0.05,0.05,0.05,0.05,0.05,0.0,0.0,0.0,0.0,0.0,0.0,0.0,0.0,0.0,0.0,0.0,0.0,0.0,0.0,0.0,0.0,0.0,0.0,0.0,0.0
0.7191131114959716,0.42462417483329784,0.3385184705257415,0.44601276516914373,0.6123266816139221,-0.08167678117752077,0.3546854257583617,0.3494949638843536,0.9766507744789121,-0.05994386225938796,0.5597898960113521,0.5324615836143491,1.0326156616210935,-0.1441304236650467,0.7022049427032466,0.6059914231300352,0.9645339846611021,-0.11353004723787308,0.9553918242454525,0.41722884774208047,0.4088327288627597,-0.4255093634128543,0.05952268838882446,-0.1627802848815918,0.18445849418640137,-0.0060169026255607605,0.39764419198035916,0.2121090888977037,0.797371566295621,-0.05384664982557297,1.7740145325660595,1.081520318984977,0.9908288717269897,0.013294443488121033,1.8263369798660167,0.9192809462547219,1.095773279666895,-0.0007132068276408804,1.757971942424763,0.9795457124710027,3.0,3.0,3.0,3.0,3.0,3.0,3.0,3.0,3.0,3.0,3.0,3.0,3.0,3.0,3.0,3.0,3.0,3.0,3.0,3.0,0.05,0.05,0.05,0.05,0.05,0.05,0.05,0.05,0.05,0.05,0.05,0.05,0.05,0.05,0.05,0.05,0.05,0.05,0.05,0.05,0.0,0.0,0.0,0.0,0.0,0.0,0.0,0.0,0.0,0.0,0.0,0.0,0.0,0.0,0.0,0.0,0.0,0.0,0.0,0.0,0.9243994355201721,0.3096492290496826,0.3799804151058197,0.3330340385437011,0.5346713662147521,-0.03548756986856461,0.3173306584358215,0.25149685144424433,0.7333778142929076,-0.04773109406232833,0.29298084974288946,0.31439584493637085,1.0126343965530398,0.1395808309316635,0.6874800324440004,0.43378254771232605,1.096984148025513,0.17534920573234558,0.8263112902641297,0.24849425256252294,0.13609379529953003,-0.13928413391113142,0.004450976848600907,0.21710395812988142,0.4627928137779208,0.06974525749683327,0.2215385437011705,0.16555078327655653,0.23178458213805875,-0.033190939575433384,-0.4083991050720201,-0.0861242413520813,-0.004896521568303891,-0.050457939505576394,-0.6546288728713962,-0.16539990901946883,-0.0027298927307128906,-0.017426162958144448,-0.6331503391265841,-0.3372054547071443,3.0,3.0,3.0,3.0,3.0,3.0,3.0,3.0,3.0,3.0,3.0,3.0,3.0,3.0,3.0,3.0,3.0,3.0,3.0,3.0,0.05,0.05,0.05,0.05,0.05,0.05,0.05,0.05,0.05,0.05,0.05,0.05,0.05,0.05,0.05,0.05,0.05,0.05,0.05,0.05,0.0,0.0,0.0,0.0,0.0,0.0,0.0,0.0,0.0,0.0,0.0,0.0,0.0,0.0,0.0,0.0,0.0,0.0,0.0,0.0
0.7266589403152465,0.41498717665672313,0.33982405066490173,0.44322091341018677,0.6162102222442627,-0.08254683017730713,0.36325663328170765,0.3536950051784515,0.9923859834671019,-0.06100793927907944,0.5967626571655269,0.5547391772270199,1.0518690347671509,-0.143372043967247,0.7397942543029781,0.6250444650650021,0.9868857264518736,-0.11255943030118944,0.9916427135467525,0.43739610910415627,0.394223630428317,-0.46453401446342746,0.031317025423051315,-0.11643618345260759,0.14662593603134155,-0.009866617619990956,0.4506118595600156,0.19216537475586076,0.6857708096504267,-0.012912135571241552,1.9771426916122548,1.1675715446472223,0.8789271116256769,0.08183754980564117,2.000001072883617,1.0115370154380854,0.9808406233787592,0.1007450744509697,1.8809840083122336,1.0603584349155482,3.0,3.0,3.0,3.0,3.0,3.0,3.0,3.0,3.0,3.0,3.0,3.0,3.0,3.0,3.0,3.0,3.0,3.0,3.0,3.0,0.05,0.05,0.05,0.05,0.05,0.05,0.05,0.05,0.05,0.05,0.05,0.05,0.05,0.05,0.05,0.05,0.05,0.05,0.05,0.05,0.0,0.0,0.0,0.0,0.0,0.0,0.0,0.0,0.0,0.0,0.0,0.0,0.0,0.0,0.0,0.0,0.0,0.0,0.0,0.0,0.9257571697235107,0.3054658472537995,0.38123062252998346,0.33734279870986933,0.5448388457298278,-0.03389573469758036,0.3227820992469787,0.255158245563507,0.7395324707031249,-0.04879711940884589,0.28638958930969244,0.31344345211982727,1.014193773269653,0.1376277804374695,0.6757389307022096,0.43127876520156866,1.0984152555465698,0.17340280115604403,0.8152760863304139,0.24269945919513708,0.07793605327606201,-0.17547905445098877,0.04612579941749573,0.20314976572990556,0.5087882280349759,0.09007854387164133,0.27988627552986284,0.17939284443855424,0.3322362899780301,-0.039531476795673544,-0.27408599853515764,-0.026819854974746704,0.09942054748534601,-0.0822354108095169,-0.5246415734291104,-0.09940490126609802,0.055211782455438785,-0.09944476187229156,-0.5121275782585172,-0.26343874633312364,3.0,3.0,3.0,3.0,3.0,3.0,3.0,3.0,3.0,3.0,3.0,3.0,3.0,3.0,3.0,3.0,3.0,3.0,3.0,3.0,0.05,0.05,0.05,0.05,0.05,0.05,0.05,0.05,0.05,0.05,0.05,0.05,0.05,0.05,0.05,0.05,0.05,0.05,0.05,0.05,0.0,0.0,0.0,0.0,0.0,0.0,0.0,0.0,0.0,0.0,0.0,0.0,0.0,0.0,0.0,0.0,0.0,0.0,0.0,0.0
0.7348820567131042,0.40604281425476074,0.3397711515426636,0.44135531783103943,0.6181917190551758,-0.0820714458823204,0.37270990014076233,0.357181578874588,1.0040816068649292,-0.060460347682237625,0.6388756036758423,0.579164445400238,1.0677727460861206,-0.14085692167282104,0.7822049856185913,0.6464529037475586,1.0037676095962524,-0.10950024425983429,1.030631184577942,0.4596431851387024,0.36497265100479404,-0.41582360863685885,0.03504306077957153,-0.09118467569351196,0.11934041976928711,0.027287378907203674,0.49573779106140414,0.17575025558471818,0.6492465734481839,0.030532293021678925,2.10181623697282,1.1900752782821737,0.8474826812744141,0.14380179345607758,2.120567858219158,1.0609447956085287,0.9371265769004877,0.15848688781261477,1.9949108362197987,1.1274576187133845,3.0,3.0,3.0,3.0,3.0,3.0,3.0,3.0,3.0,3.0,3.0,3.0,3.0,3.0,3.0,3.0,3.0,3.0,3.0,3.0,0.05,0.05,0.05,0.05,0.05,0.05,0.05,0.05,0.05,0.05,0.05,0.05,0.05,0.05,0.05,0.05,0.05,0.05,0.05,0.05,0.0,0.0,0.0,0.0,0.0,0.0,0.0,0.0,0.0,0.0,0.0,0.0,0.0,0.0,0.0,0.0,0.0,0.0,0.0,0.0,0.9275168776512146,0.30263006687164307,0.38182544708251953,0.34116002917289734,0.5550228953361511,-0.03188442811369896,0.328526109457016,0.2586725652217865,0.7466672658920288,-0.04931235313415527,0.28201740980148315,0.313323050737381,1.0166112184524536,0.13629141449928284,0.6664943695068359,0.42980635166168213,1.0991926193237305,0.17137141525745392,0.8058261871337891,0.237956702709198,0.08051097393035889,-0.1528799533844008,0.034563243389131026,0.1931212842464461,0.5186542868614225,0.11505954898893885,0.3068968653678908,0.1779988408088698,0.3914132714271573,-0.01716399565339123,-0.17011165618896623,0.01792609691619873,0.1441717147827204,-0.06557106971740792,-0.40994584560394565,-0.0412464141845717,0.0516057014465332,-0.10728612542152474,-0.4297301173210172,-0.2068728208541884,3.0,3.0,3.0,3.0,3.0,3.0,3.0,3.0,3.0,3.0,3.0,3.0,3.0,3.0,3.0,3.0,3.0,3.0,3.0,3.0,0.05,0.05,0.05,0.05,0.05,0.05,0.05,0.05,0.05,0.05,0.05,0.05,0.05,0.05,0.05,0.05,0.05,0.05,0.05,0.05,0.0,0.0,0.0,0.0,0.0,0.0,0.0,0.0,0.0,0.0,0.0,0.0,0.0,0.0,0.0,0.0,0.0,0.0,0.0,0.0
0.7412578463554382,0.3983542323112488,0.3412257730960846,0.4395735263824463,0.6209838390350342,-0.08145533502101898,0.3830861449241638,0.3607250154018402,1.0183558464050293,-0.05978664755821228,0.6808353066444397,0.6023421883583069,1.0857683420181274,-0.1376199722290039,0.8246169686317444,0.6674822568893433,1.024370789527893,-0.10621995478868484,1.0714391469955444,0.48249441385269165,0.29370784759521484,-0.3645561635494232,0.0927075743675232,-0.04281550645828247,0.17157196998596191,0.02416130155324936,0.5329973995685577,0.17797201871871948,0.7435351610183716,0.01818416640162468,2.0645737648010254,1.1180967092514038,0.9350717067718506,0.16592144966125488,2.078501880168915,1.0217204689979553,1.032024621963501,0.17666053026914597,2.001640200614929,1.11892968416214,3.0,3.0,3.0,3.0,3.0,3.0,3.0,3.0,3.0,3.0,3.0,3.0,3.0,3.0,3.0,3.0,3.0,3.0,3.0,3.0,0.05,0.05,0.05,0.05,0.05,0.05,0.05,0.05,0.05,0.05,0.05,0.05,0.05,0.05,0.05,0.05,0.05,0.05,0.05,0.05,0.0,0.0,0.0,0.0,0.0,0.0,0.0,0.0,0.0,0.0,0.0,0.0,0.0,0.0,0.0,0.0,0.0,0.0,0.0,0.0,0.9289776086807251,0.29935064911842346,0.3826131522655487,0.3450676500797272,0.5655850172042847,-0.029293352738022804,0.33505797386169434,0.2622781991958618,0.7551890015602112,-0.04948367923498154,0.2795851230621338,0.3141604959964752,1.019960641860962,0.1350049376487732,0.6593410968780518,0.4296289086341858,1.1004794836044312,0.16911135613918304,0.7980868816375732,0.23442454636096954,0.0637546181678772,-0.14521703124046326,0.03585591912269592,0.1841530203819275,0.5180731415748596,0.12302692048251629,0.3289453685283661,0.1749865710735321,0.44093579053878784,0.01453254371881485,-0.08621811866760254,0.05889981985092163,0.20091235637664795,-0.052411481738090515,-0.30207037925720215,0.0199832022190094,0.0773012638092041,-0.12133084237575531,-0.3427281975746155,-0.1469343900680542,3.0,3.0,3.0,3.0,3.0,3.0,3.0,3.0,3.0,3.0,3.0,3.0,3.0,3.0,3.0,3.0,3.0,3.0,3.0,3.0,0.05,0.05,0.05,0.05,0.05,0.05,0.05,0.05,0.05,0.05,0.05,0.05,0.05,0.05,0.05,0.05,0.05,0.05,0.05,0.05,0.0,0.0,0.0,0.0,0.0,0.0,0.0,0.0,0.0,0.0,0.0,0.0,0.0,0.0,0.0,0.0,0.0,0.0,0.0,0.0
0.7466303706169128,0.3914605677127838,0.3434794545173645,0.43964269757270813,0.6250545978546143,-0.08110499382019043,0.39402979612350464,0.3643004596233368,1.033823013305664,-0.05973298102617264,0.7214585542678833,0.6238883137702942,1.1051756143569946,-0.13422006368637085,0.8653450608253479,0.6873217225074768,1.0450485944747925,-0.10243382304906845,1.110696792602539,0.504400372505188,0.2629607915878296,-0.34833699464797974,0.11375695466995239,0.031922757625579834,0.21224021911621094,0.00531170517206192,0.5522005259990692,0.17313361167907715,0.75644850730896,0.0014991499483585358,2.017955482006073,1.0482117533683777,0.9470254182815552,0.17457306385040283,1.9929096102714539,0.9645834565162659,1.01679265499115,0.21663159132003784,1.9342094659805298,1.0807886719703674,3.0,3.0,3.0,3.0,3.0,3.0,3.0,3.0,3.0,3.0,3.0,3.0,3.0,3.0,3.0,3.0,3.0,3.0,3.0,3.0,0.05,0.05,0.05,0.05,0.05,0.05,0.05,0.05,0.05,0.05,0.05,0.05,0.05,0.05,0.05,0.05,0.05,0.05,0.05,0.05,0.0,0.0,0.0,0.0,0.0,0.0,0.0,0.0,0.0,0.0,0.0,0.0,0.0,0.0,0.0,0.0,0.0,0.0,0.0,0.0,0.9300670623779297,0.29682138562202454,0.38325968384742737,0.34852614998817444,0.5757458209991455,-0.026963351294398308,0.34168392419815063,0.2656720280647278,0.7643046975135803,-0.04873105138540268,0.27856868505477905,0.31567904353141785,1.0246477127075195,0.13419495522975922,0.6544115543365479,0.4306056797504425,1.1022846698760986,0.1665181815624237,0.7921170592308044,0.23207932710647583,0.039167702198028564,-0.11740326881408691,0.02440735697746277,0.15784800052642822,0.44986456632614136,0.11230981908738613,0.3036819398403168,0.15235096216201782,0.46041756868362427,0.04442017525434494,-0.02566203474998474,0.0866420567035675,0.2414911985397339,-0.036795809864997864,-0.2063363790512085,0.06762444972991943,0.0999748706817627,-0.12796707451343536,-0.25735795497894287,-0.09055286645889282,3.0,3.0,3.0,3.0,3.0,3.0,3.0,3.0,3.0,3.0,3.0,3.0,3.0,3.0,3.0,3.0,3.0,3.0,3.0,3.0,0.05,0.05,0.05,0.05,0.05,0.05,0.05,0.05,0.05,0.05,0.05,0.05,0.05,0.05,0.05,0.05,0.05,0.05,0.05,0.05,0.0,0.0,0.0,0.0,0.0,0.0,0.0,0.0,0.0,0.0,0.0,0.0,0.0,0.0,0.0,0.0,0.0,0.0,0.0,0.0
0.7517762780189514,0.3844207525253296,0.3457760512828827,0.4408504366874695,0.6294734477996826,-0.0812428668141365,0.4051741659641266,0.3676503598690033,1.0486137866973877,-0.05972668156027794,0.7615535259246826,0.644270658493042,1.1236493587493896,-0.1306370496749878,0.9043333530426025,0.7060655951499939,1.065042495727539,-0.09755469113588333,1.1488075256347656,0.5257259607315063,0.26828646659851074,-0.33970996737480164,0.11802762746810913,0.08029565215110779,0.17698705196380615,0.00047869980335235596,0.567297637462616,0.14247745275497437,0.6383121013641357,0.0478280708193779,2.064730226993561,0.9989753365516663,0.7608503103256226,0.24424642324447632,1.955433189868927,0.927993655204773,0.8783280849456787,0.3358149901032448,1.9182860851287842,1.0942265391349792,3.0,3.0,3.0,3.0,3.0,3.0,3.0,3.0,3.0,3.0,3.0,3.0,3.0,3.0,3.0,3.0,3.0,3.0,3.0,3.0,0.05,0.05,0.05,0.05,0.05,0.05,0.05,0.05,0.05,0.05,0.05,0.05,0.05,0.05,0.05,0.05,0.05,0.05,0.05,0.05,0.0,0.0,0.0,0.0,0.0,0.0,0.0,0.0,0.0,0.0,0.0,0.0,0.0,0.0,0.0,0.0,0.0,0.0,0.0,0.0,0.9305443167686462,0.29465451836586,0.3835894465446472,0.3513815701007843,0.5835795998573303,-0.02480095997452736,0.347205251455307,0.26837223768234253,0.7736057043075562,-0.04770687222480774,0.2785586416721344,0.3176261782646179,1.0296202898025513,0.13353310525417328,0.6510876417160034,0.43233388662338257,1.1044784784317017,0.16399267315864563,0.7877925634384155,0.23080243170261383,0.010897219181060791,-0.0831402838230133,0.013475120067596436,0.12382492423057556,0.3682732582092285,0.10307123884558678,0.2665385603904724,0.12568607926368713,0.46952664852142334,0.06698146462440491,0.024221092462539673,0.11080577969551086,0.25404393672943115,-0.021961703896522522,-0.1270294189453125,0.1068510115146637,0.1166611909866333,-0.13128779828548431,-0.17722547054290771,-0.03696754574775696,3.0,3.0,3.0,3.0,3.0,3.0,3.0,3.0,3.0,3.0,3.0,3.0,3.0,3.0,3.0,3.0,3.0,3.0,3.0,3.0,0.05,0.05,0.05,0.05,0.05,0.05,0.05,0.05,0.05,0.05,0.05,0.05,0.05,0.05,0.05,0.05,0.05,0.05,0.05,0.05,0.0,0.0,0.0,0.0,0.0,0.0,0.0,0.0,0.0,0.0,0.0,0.0,0.0,0.0,0.0,0.0,0.0,0.0,0.0,0.0
0.7573618292808533,0.37787216901779175,0.34820055961608887,0.44285452365875244,0.6321340799331665,-0.08108584582805634,0.4167217016220093,0.36999955773353577,1.0593554973602295,-0.05781985819339752,0.8040477633476257,0.6638473272323608,1.1356096267700195,-0.1244502067565918,0.943562388420105,0.7244414687156677,1.0801817178726196,-0.08900122344493866,1.1874282360076904,0.5481694340705872,0.287744402885437,-0.2805858850479126,0.10374337434768677,0.12330636382102966,0.14651715755462646,0.027864612638950348,0.6396323442459106,0.11514350771903992,0.42744576930999756,0.139573123306036,2.1927177906036377,0.9471610188484192,0.5364477634429932,0.3584243357181549,2.020798623561859,0.9152621030807495,0.6638973951339722,0.5019187927246094,1.9691884517669678,1.1606857180595398,3.0,3.0,3.0,3.0,3.0,3.0,3.0,3.0,3.0,3.0,3.0,3.0,3.0,3.0,3.0,3.0,3.0,3.0,3.0,3.0,0.05,0.05,0.05,0.05,0.05,0.05,0.05,0.05,0.05,0.05,0.05,0.05,0.05,0.05,0.05,0.05,0.05,0.05,0.05,0.05,0.0,0.0,0.0,0.0,0.0,0.0,0.0,0.0,0.0,0.0,0.0,0.0,0.0,0.0,0.0,0.0,0.0,0.0,0.0,0.0,0.9305029511451721,0.293495774269104,0.3837986886501312,0.35347914695739746,0.5904767513275146,-0.022840501740574837,0.35234546661376953,0.27069947123527527,0.7830857634544373,-0.04605179280042648,0.27953752875328064,0.3201112747192383,1.0348094701766968,0.13331648707389832,0.6493303775787354,0.43487972021102905,1.106951117515564,0.16126666963100433,0.7850280404090881,0.23060062527656555,-0.020141899585723877,-0.04369765520095825,0.008735805749893188,0.07868781685829163,0.28193145990371704,0.08791936561465263,0.22211149334907532,0.09633675217628479,0.4641219973564148,0.08553965017199516,0.061755627393722534,0.13113394379615784,0.2645641565322876,-0.010609626770019531,-0.05226731300354004,0.14339983463287354,0.13032853603363037,-0.13672523200511932,-0.09921342134475708,0.015449896454811096,3.0,3.0,3.0,3.0,3.0,3.0,3.0,3.0,3.0,3.0,3.0,3.0,3.0,3.0,3.0,3.0,3.0,3.0,3.0,3.0,0.05,0.05,0.05,0.05,0.05,0.05,0.05,0.05,0.05,0.05,0.05,0.05,0.05,0.05,0.05,0.05,0.05,0.05,0.05,0.05,0.0,0.0,0.0,0.0,0.0,0.0,0.0,0.0,0.0,0.0,0.0,0.0,0.0,0.0,0.0,0.0,0.0,0.0,0.0,0.0
0.7632860541343689,0.3731973171234131,0.34992578625679016,0.44578269124031067,0.6353341341018677,-0.08012828230857849,0.430759459733963,0.3722561001777649,1.0657116174697876,-0.0541437566280365,0.8492622375488281,0.6821570992469788,1.1451072692871094,-0.1163000762462616,0.9851652979850769,0.7426760792732239,1.091598391532898,-0.07747793942689896,1.2275750637054443,0.5721533894538879,0.27087926864624023,-0.20342320203781128,0.11066049337387085,0.15782564878463745,0.16448348760604858,0.06750542670488358,0.67252516746521,0.1095600426197052,0.35734474658966064,0.16718143597245216,2.1482467651367188,0.8548513054847717,0.49688518047332764,0.3614930436015129,1.9736915826797485,0.8568167686462402,0.5863070487976074,0.531436875462532,1.915210485458374,1.1375278234481812,3.0,3.0,3.0,3.0,3.0,3.0,3.0,3.0,3.0,3.0,3.0,3.0,3.0,3.0,3.0,3.0,3.0,3.0,3.0,3.0,0.05,0.05,0.05,0.05,0.05,0.05,0.05,0.05,0.05,0.05,0.05,0.05,0.05,0.05,0.05,0.05,0.05,0.05,0.05,0.05,0.0,0.0,0.0,0.0,0.0,0.0,0.0,0.0,0.0,0.0,0.0,0.0,0.0,0.0,0.0,0.0,0.0,0.0,0.0,0.0,0.9297386407852173,0.29290661215782166,0.38393887877464294,0.35452908277511597,0.594856858253479,-0.021284185349941254,0.35608971118927,0.2722257077693939,0.7921705842018127,-0.04428528621792793,0.2810288667678833,0.32287153601646423,1.0402028560638428,0.1331087201833725,0.6489969491958618,0.4380698800086975,1.1096916198730469,0.15852366387844086,0.7838240265846252,0.23142042756080627,-0.056900084018707275,0.0023946166038513184,0.0043898820877075195,0.03298670053482056,0.1864314079284668,0.0674018170684576,0.16905218362808228,0.06427839398384094,0.45247524976730347,0.10738307610154152,0.09298771619796753,0.1496642827987671,0.2715855836868286,0.0031657516956329346,0.017765164375305176,0.1757897436618805,0.14460980892181396,-0.14213882386684418,-0.021253526210784912,0.06648600101470947,3.0,3.0,3.0,3.0,3.0,3.0,3.0,3.0,3.0,3.0,3.0,3.0,3.0,3.0,3.0,3.0,3.0,3.0,3.0,3.0,0.05,0.05,0.05,0.05,0.05,0.05,0.05,0.05,0.05,0.05,0.05,0.05,0.05,0.05,0.05,0.05,0.05,0.05,0.05,0.05,0.0,0.0,0.0,0.0,0.0,0.0,0.0,0.0,0.0,0.0,0.0,0.0,0.0,0.0,0.0,0.0,0.0,0.0,0.0,0.0
0.7681970000267029,0.3697352409362793,0.3526269793510437,0.44916754961013794,0.6387134194374084,-0.07838562875986099,0.4436227083206177,0.374381959438324,1.073649287223816,-0.051132600754499435,0.8899776339530945,0.6980413794517517,1.1554850339889526,-0.10999048501253128,1.022510051727295,0.7587141394615173,1.103633999824524,-0.06774374842643738,1.2640366554260254,0.5936705470085144,0.24458616971969604,-0.14252886176109314,0.14141350984573364,0.16383454203605652,0.11372864246368408,0.09505636990070343,0.6349362432956696,0.08294135332107544,0.2976834774017334,0.18378840759396553,2.0330652594566345,0.7342547178268433,0.39838552474975586,0.3519399091601372,1.8274679780006409,0.7509604096412659,0.511389970779419,0.5285600200295448,1.7649948596954346,1.0454803705215454,3.0,3.0,3.0,3.0,3.0,3.0,3.0,3.0,3.0,3.0,3.0,3.0,3.0,3.0,3.0,3.0,3.0,3.0,3.0,3.0,0.05,0.05,0.05,0.05,0.05,0.05,0.05,0.05,0.05,0.05,0.05,0.05,0.05,0.05,0.05,0.05,0.05,0.05,0.05,0.05,0.0,0.0,0.0,0.0,0.0,0.0,0.0,0.0,0.0,0.0,0.0,0.0,0.0,0.0,0.0,0.0,0.0,0.0,0.0,0.0,0.9282269477844238,0.29359155893325806,0.3839742839336395,0.3547986149787903,0.5979340076446533,-0.020144429057836533,0.3591075539588928,0.2732706069946289,0.8011847734451294,-0.04175646975636482,0.28325703740119934,0.32609784603118896,1.04567289352417,0.13344311714172363,0.6500409841537476,0.4419113099575043,1.1127355098724365,0.15558111667633057,0.7841778993606567,0.23326006531715393,-0.10604709386825562,0.04377216100692749,0.00444948673248291,-0.013609975576400757,0.09215176105499268,0.05676131695508957,0.11077672243118286,0.028929859399795532,0.4293292760848999,0.12031681835651398,0.1181967556476593,0.16614273190498352,0.2789497375488281,0.02241767942905426,0.08719414472579956,0.20565688610076904,0.15179216861724854,-0.13947449624538422,0.04937797784805298,0.11131688952445984,3.0,3.0,3.0,3.0,3.0,3.0,3.0,3.0,3.0,3.0,3.0,3.0,3.0,3.0,3.0,3.0,3.0,3.0,3.0,3.0,0.05,0.05,0.05,0.05,0.05,0.05,0.05,0.05,0.05,0.05,0.05,0.05,0.05,0.05,0.05,0.05,0.05,0.05,0.05,0.05,0.0,0.0,0.0,0.0,0.0,0.0,0.0,0.0,0.0,0.0,0.0,0.0,0.0,0.0,0.0,0.0,0.0,0.0,0.0,0.0
0.7730695009231567,0.36749616265296936,0.3555823266506195,0.45233607292175293,0.639883279800415,-0.07632602751255035,0.4561569094657898,0.3755737543106079,1.077618956565857,-0.04679222032427788,0.9305848479270935,0.7115272879600525,1.1610426902770996,-0.10222247987985611,1.0582640171051025,0.7727144956588745,1.1120539903640747,-0.05633553862571716,1.2981748580932617,0.6139726042747498,0.22354573011398315,-0.06885826587677002,0.13572722673416138,0.14944449067115784,0.06804168224334717,0.10026451200246811,0.5820132791996002,0.055314600467681885,0.20320415496826172,0.1958725042641163,1.8633469939231873,0.6094098091125488,0.27638673782348633,0.354946032166481,1.644262671470642,0.6366237998008728,0.3774315118789673,0.5136028863489628,1.557767391204834,0.9254977107048035,3.0,3.0,3.0,3.0,3.0,3.0,3.0,3.0,3.0,3.0,3.0,3.0,3.0,3.0,3.0,3.0,3.0,3.0,3.0,3.0,0.05,0.05,0.05,0.05,0.05,0.05,0.05,0.05,0.05,0.05,0.05,0.05,0.05,0.05,0.05,0.05,0.05,0.05,0.05,0.05,0.0,0.0,0.0,0.0,0.0,0.0,0.0,0.0,0.0,0.0,0.0,0.0,0.0,0.0,0.0,0.0,0.0,0.0,0.0,0.0,0.9254967570304871,0.29465749859809875,0.38411685824394226,0.35398468375205994,0.5985429286956787,-0.01901373267173767,0.36052078008651733,0.27338290214538574,0.8093437552452087,-0.039472613483667374,0.2857567369937897,0.3295172452926636,1.051360845565796,0.13400542736053467,0.6524847149848938,0.44629615545272827,1.1157633066177368,0.1529446840286255,0.7857991456985474,0.23587310314178467,-0.15880614519119263,0.07525607943534851,-0.002203136682510376,-0.07884502410888672,-0.024971365928649902,0.049423426389694214,0.02834126353263855,-0.020694732666015625,0.38885921239852905,0.1247672364115715,0.13324394822120667,0.174848735332489,0.28190314769744873,0.04369169473648071,0.15185773372650146,0.22876784205436707,0.14600157737731934,-0.1308295875787735,0.10731220245361328,0.14514103531837463,3.0,3.0,3.0,3.0,3.0,3.0,3.0,3.0,3.0,3.0,3.0,3.0,3.0,3.0,3.0,3.0,3.0,3.0,3.0,3.0,0.05,0.05,0.05,0.05,0.05,0.05,0.05,0.05,0.05,0.05,0.05,0.05,0.05,0.05,0.05,0.05,0.05,0.05,0.05,0.05,0.0,0.0,0.0,0.0,0.0,0.0,0.0,0.0,0.0,0.0,0.0,0.0,0.0,0.0,0.0,0.0,0.0,0.0,0.0,0.0
0.7771388292312622,0.3669809103012085,0.35805606842041016,0.45514532923698425,0.6414350867271423,-0.07437504827976227,0.4669032394886017,0.37659454345703125,1.0817774534225464,-0.043297700583934784,0.964511513710022,0.7224177718162537,1.166540503501892,-0.09579264372587204,1.0882805585861206,0.7841790914535522,1.1187312602996826,-0.04719963297247887,1.3263473510742188,0.6306904554367065,0.18708854913711548,-0.01231953501701355,0.11741146445274353,0.11778101325035095,0.04245340824127197,0.0867823138833046,0.47897323966026306,0.03467872738838196,0.1935034990310669,0.1582757569849491,1.571790874004364,0.491255521774292,0.2473384141921997,0.2974383533000946,1.3775944709777832,0.5153194069862366,0.32108426094055176,0.4149332642555237,1.3007879257202148,0.7668837904930115,3.0,3.0,3.0,3.0,3.0,3.0,3.0,3.0,3.0,3.0,3.0,3.0,3.0,3.0,3.0,3.0,3.0,3.0,3.0,3.0,0.05,0.05,0.05,0.05,0.05,0.05,0.05,0.05,0.05,0.05,0.05,0.05,0.05,0.05,0.05,0.05,0.05,0.05,0.05,0.05,0.0,0.0,0.0,0.0,0.0,0.0,0.0,0.0,0.0,0.0,0.0,0.0,0.0,0.0,0.0,0.0,0.0,0.0,0.0,0.0,0.9218747019767761,0.296601802110672,0.3838861584663391,0.3516448140144348,0.5969351530075073,-0.018167492002248764,0.36024120450019836,0.2724428176879883,0.8167391419410706,-0.03676578029990196,0.2885867953300476,0.3330917954444885,1.0569490194320679,0.13519078493118286,0.6561152935028076,0.45106202363967896,1.1185755729675293,0.15034793317317963,0.7884703874588013,0.23906570672988892,-0.27309954166412354,0.14676079154014587,-0.029888004064559937,-0.1482069492340088,-0.1166120171546936,0.07744473405182362,-0.05332082509994507,-0.0932939350605011,0.3142520785331726,0.16479063779115677,0.16353130340576172,0.21267682313919067,0.21933913230895996,0.09383708238601685,0.2310618758201599,0.2733498811721802,0.11311471462249756,-0.09083226323127747,0.19411146640777588,0.20620189607143402,3.0,3.0,3.0,3.0,3.0,3.0,3.0,3.0,3.0,3.0,3.0,3.0,3.0,3.0,3.0,3.0,3.0,3.0,3.0,3.0,0.05,0.05,0.05,0.05,0.05,0.05,0.05,0.05,0.05,0.05,0.05,0.05,0.05,0.05,0.05,0.05,0.05,0.05,0.05,0.05,0.0,0.0,0.0,0.0,0.0,0.0,0.0,0.0,0.0,0.0,0.0,0.0,0.0,0.0,0.0,0.0,0.0,0.0,0.0,0.0
0.7805530428886414,0.3670033812522888,0.36027878522872925,0.45704731345176697,0.6415814161300659,-0.07285473495721817,0.4753158390522003,0.3769609034061432,1.0853590965270996,-0.04046119004487991,0.9934564828872681,0.7311775088310242,1.1709362268447876,-0.09032494574785233,1.1133677959442139,0.793327271938324,1.1248973608016968,-0.039738208055496216,1.3502063751220703,0.6446479558944702,0.15583485364914218,0.021232664585113525,0.11797770857810835,0.07835179567336897,0.005097687244415283,0.0753572210669514,0.38161948323249817,0.007927417755126953,0.13855397701263428,0.1296202652156346,1.3211935758590643,0.38331747055053433,0.1945585012435913,0.2544613555073724,1.1408835649490245,0.3995135426521301,0.24944543838500421,0.3393708728253826,1.069435477256775,0.6250098347663852,3.0,3.0,3.0,3.0,3.0,3.0,3.0,3.0,3.0,3.0,3.0,3.0,3.0,3.0,3.0,3.0,3.0,3.0,3.0,3.0,0.05,0.05,0.05,0.05,0.05,0.05,0.05,0.05,0.05,0.05,0.05,0.05,0.05,0.05,0.05,0.05,0.05,0.05,0.05,0.05,0.0,0.0,0.0,0.0,0.0,0.0,0.0,0.0,0.0,0.0,0.0,0.0,0.0,0.0,0.0,0.0,0.0,0.0,0.0,0.0,0.9145727753639221,0.3005279302597046,0.38292133808135986,0.3480564057826996,0.593878448009491,-0.015915943309664726,0.35838794708251953,0.2696511447429657,0.8219138383865356,-0.0328809879720211,0.29229798913002014,0.3380243182182312,1.0601344108581543,0.13775891065597534,0.6617271900177002,0.4572301506996155,1.1202878952026367,0.1493113934993744,0.7935636043548584,0.24412117898464203,-0.40378719568252563,0.16903355717658997,-0.01685023307800293,-0.1885920763015747,-0.17396807670592984,0.11329660192131943,-0.12061595916747908,-0.16456916928291182,0.2491280436515808,0.2216844819486129,0.19744113087653836,0.24627149105071883,0.1906067132949829,0.19092485308646948,0.32173097133636197,0.30857399106025557,0.10052025318145752,0.021652132272719643,0.29401928186416626,0.2594813704490648,3.0,3.0,3.0,3.0,3.0,3.0,3.0,3.0,3.0,3.0,3.0,3.0,3.0,3.0,3.0,3.0,3.0,3.0,3.0,3.0,0.05,0.05,0.05,0.05,0.05,0.05,0.05,0.05,0.05,0.05,0.05,0.05,0.05,0.05,0.05,0.05,0.05,0.05,0.05,0.05,0.0,0.0,0.0,0.0,0.0,0.0,0.0,0.0,0.0,0.0,0.0,0.0,0.0,0.0,0.0,0.0,0.0,0.0,0.0,0.0
0.7833722233772279,0.36783021688461304,0.3627751767635345,0.458279401063919,0.641638994216919,-0.07136075943708421,0.4821680188179016,0.37691164016723633,1.0873196125030518,-0.0381128899753094,1.0173592567443845,0.737750470638275,1.1743228435516357,-0.08561418950557714,1.1339159011840816,0.8001596331596375,1.1287090778350828,-0.03362479805946356,1.3691247701644897,0.655690848827362,0.13032257556915006,0.054141879081726074,0.11546462774276595,0.05102306604385376,-0.03015398979186734,0.07430855184793403,0.2924926578998552,-0.02164021134376387,0.08903443813323975,0.11082943528890557,1.0997056961059515,0.28039515018463135,0.13194680213928223,0.2230234444141374,0.9227365255355835,0.2847626805305481,0.1651555299758911,0.2779254689812647,0.8580178022384588,0.49628764390945435,3.0,3.0,3.0,3.0,3.0,3.0,3.0,3.0,3.0,3.0,3.0,3.0,3.0,3.0,3.0,3.0,3.0,3.0,3.0,3.0,0.05,0.05,0.05,0.05,0.05,0.05,0.05,0.05,0.05,0.05,0.05,0.05,0.05,0.05,0.05,0.05,0.05,0.05,0.05,0.05,0.0,0.0,0.0,0.0,0.0,0.0,0.0,0.0,0.0,0.0,0.0,0.0,0.0,0.0,0.0,0.0,0.0,0.0,0.0,0.0,0.9057232141494751,0.3033631443977356,0.383212149143219,0.3441011309623718,0.5899764299392701,-0.013635627925395986,0.3554165661334992,0.2658600509166718,0.8267042636871338,-0.027898401021957446,0.29648444056510914,0.3429426550865173,1.0645732879638672,0.14282777905464164,0.6689845323562621,0.4634049832820892,1.1225963830947876,0.1512140184640884,0.8002311587333679,0.2494449615478515,-0.4109233617782565,0.14054402709007124,-0.019571185111998124,-0.21726936101913313,-0.24320185184478482,0.10159870143979766,-0.1765348017215715,-0.1976013183593736,0.23279339075088223,0.2246972639113654,0.20021796226501326,0.22658705711364607,0.2197265625,0.2292480319738381,0.3479003906249972,0.28318464756011963,0.08076131343841553,0.06993375718593597,0.3013715147972079,0.23916177451610565,3.0,3.0,3.0,3.0,3.0,3.0,3.0,3.0,3.0,3.0,3.0,3.0,3.0,3.0,3.0,3.0,3.0,3.0,3.0,3.0,0.05,0.05,0.05,0.05,0.05,0.05,0.05,0.05,0.05,0.05,0.05,0.05,0.05,0.05,0.05,0.05,0.05,0.05,0.05,0.05,0.0,0.0,0.0,0.0,0.0,0.0,0.0,0.0,0.0,0.0,0.0,0.0,0.0,0.0,0.0,0.0,0.0,0.0,0.0,0.0
0.7857659459114074,0.36916905641555786,0.3648973703384399,0.4590882360935211,0.6403752565383912,-0.06988239288330081,0.4870155453681945,0.37609529495239263,1.0889204740524292,-0.03602801263332369,1.0374447107315061,0.7423933148384094,1.1762140989303589,-0.08140400797128683,1.1502772569656372,0.8047177791595459,1.1315035820007324,-0.028621189296245627,1.3845270872116087,0.6644994616508484,0.10867565870284757,0.08950605988502502,0.09212940931320329,0.017712265253068404,-0.10803490877151489,0.08522439748048817,0.18320232629776,-0.06898120045661926,-0.007826089859008789,0.10254224762320588,0.8584350347518976,0.1566827297210721,0.02161562442779541,0.19444040954113145,0.6986021995544545,0.15828609466552734,0.05607008934021551,0.23343847133219398,0.6406068801879883,0.3640651702880887,3.0,3.0,3.0,3.0,3.0,3.0,3.0,3.0,3.0,3.0,3.0,3.0,3.0,3.0,3.0,3.0,3.0,3.0,3.0,3.0,0.05,0.05,0.05,0.05,0.05,0.05,0.05,0.05,0.05,0.05,0.05,0.05,0.05,0.05,0.05,0.05,0.05,0.05,0.05,0.05,0.0,0.0,0.0,0.0,0.0,0.0,0.0,0.0,0.0,0.0,0.0,0.0,0.0,0.0,0.0,0.0,0.0,0.0,0.0,0.0,0.8981358408927919,0.30614969134330744,0.38213849067687994,0.33936563134193426,0.5841503739356996,-0.01185199525207282,0.35132655501365667,0.26174709200859075,0.8312255740165709,-0.023893097415566486,0.30030670762062067,0.34708780050277704,1.0689234733581543,0.14692883193492887,0.6756432056427001,0.46855753660202026,1.1235183477401733,0.15210874378681183,0.8056184649467467,0.25368764996528625,-0.3833666443824768,0.18533244729042053,-0.09351521730422974,-0.2653956413269043,-0.3588914871215848,0.05931849591434054,-0.25606751441955705,-0.23789703845977922,0.18625259399414062,0.18927934579551342,0.19418373703956882,0.19953846931457658,0.2226412296295166,0.17221346497535914,0.3477528691291837,0.24400576949119707,0.06211698055267334,-0.007469952106475136,0.2988487482070923,0.21525919437408586,3.0,3.0,3.0,3.0,3.0,3.0,3.0,3.0,3.0,3.0,3.0,3.0,3.0,3.0,3.0,3.0,3.0,3.0,3.0,3.0,0.05,0.05,0.05,0.05,0.05,0.05,0.05,0.05,0.05,0.05,0.05,0.05,0.05,0.05,0.05,0.05,0.05,0.05,0.05,0.05,0.0,0.0,0.0,0.0,0.0,0.0,0.0,0.0,0.0,0.0,0.0,0.0,0.0,0.0,0.0,0.0,0.0,0.0,0.0,0.0
0.7877192497253418,0.37141045928001404,0.3664603531360626,0.45898789167404175,0.6373175978660583,-0.06795178353786469,0.489496111869812,0.37415239214897156,1.0870065689086914,-0.034011200070381165,1.0516966581344604,0.7440177798271179,1.1751874685287476,-0.07783657312393188,1.1618599891662598,0.8064910769462585,1.1309518814086914,-0.024287259206175804,1.3947490453720093,0.6702534556388855,0.07607340812683383,0.1372218132019043,0.0592246651649489,-0.03391280770301819,-0.22229254245758334,0.1227760687470443,0.05053281784057756,-0.13293027877807756,-0.18503069877624512,0.10163504630327276,0.5405992269516047,-0.008162856101989746,-0.1428663730621338,0.1644369214773192,0.4426240921020508,0.011293590068817139,-0.12669861316680908,0.19934936426580083,0.36331713199616034,0.20031481981277466,3.0,3.0,3.0,3.0,3.0,3.0,3.0,3.0,3.0,3.0,3.0,3.0,3.0,3.0,3.0,3.0,3.0,3.0,3.0,3.0,0.05,0.05,0.05,0.05,0.05,0.05,0.05,0.05,0.05,0.05,0.05,0.05,0.05,0.05,0.05,0.05,0.05,0.05,0.05,0.05,0.0,0.0,0.0,0.0,0.0,0.0,0.0,0.0,0.0,0.0,0.0,0.0,0.0,0.0,0.0,0.0,0.0,0.0,0.0,0.0,0.890388548374176,0.3107764422893524,0.3794715404510498,0.33348530530929565,0.5756207704544067,-0.011262888088822365,0.3451738655567169,0.25634416937828064,0.8341543674468994,-0.02032722719013691,0.3042517900466919,0.35092419385910034,1.0734789371490479,0.149716317653656,0.6828946471214294,0.47316521406173706,1.1250810623168945,0.1509152203798294,0.8121851086616516,0.25805532932281494,-0.44654756784439364,0.27249231934547563,-0.11879429221153398,-0.33586323261261125,-0.4509657621383695,0.02753590233624003,-0.3381192684173598,-0.31033121049404283,0.12466311454773227,0.17220568843186004,0.30476897954940935,0.2388283610343947,0.1875370740890503,0.13631172478199075,0.432293117046359,0.2287067472934723,0.024616718292236328,-0.06316304206848145,0.40369331836700717,0.24281442165374756,3.0,3.0,3.0,3.0,3.0,3.0,3.0,3.0,3.0,3.0,3.0,3.0,3.0,3.0,3.0,3.0,3.0,3.0,3.0,3.0,0.05,0.05,0.05,0.05,0.05,0.05,0.05,0.05,0.05,0.05,0.05,0.05,0.05,0.05,0.05,0.05,0.05,0.05,0.05,0.05,0.0,0.0,0.0,0.0,0.0,0.0,0.0,0.0,0.0,0.0,0.0,0.0,0.0,0.0,0.0,0.0,0.0,0.0,0.0,0.0
0.7888088822364807,0.37465792894363403,0.36726635694503784,0.4577317237854004,0.6314835548400879,-0.06497135013341904,0.4890368580818176,0.37077808380126953,1.0815192461013794,-0.03196261078119278,1.0590686798095703,0.7420668005943298,1.1704994440078735,-0.07482653111219406,1.1679822206497192,0.8051695227622986,1.12643563747406,-0.020647214725613594,1.399059772491455,0.6725120544433594,0.023828446865081787,0.18838196992874146,0.041253864765167236,-0.09170174598693848,-0.33404380083084106,0.17663557082414627,-0.07748976349830627,-0.19823089241981506,-0.3235936164855957,0.09984336793422699,0.20320415496826172,-0.18901973962783813,-0.2994716167449951,0.13683363795280457,0.1724541187286377,-0.14490485191345215,-0.3017425537109375,0.1649457961320877,0.07300972938537598,0.02574920654296875,3.0,3.0,3.0,3.0,3.0,3.0,3.0,3.0,3.0,3.0,3.0,3.0,3.0,3.0,3.0,3.0,3.0,3.0,3.0,3.0,0.05,0.05,0.05,0.05,0.05,0.05,0.05,0.05,0.05,0.05,0.05,0.05,0.05,0.05,0.05,0.05,0.05,0.05,0.05,0.05,0.0,0.0,0.0,0.0,0.0,0.0,0.0,0.0,0.0,0.0,0.0,0.0,0.0,0.0,0.0,0.0,0.0,0.0,0.0,0.0,0.8802739381790161,0.31704938411712646,0.3773867189884186,0.3259311020374298,0.5661117434501648,-0.010750559158623219,0.3378017842769623,0.24933384358882904,0.8362120985984802,-0.017004869878292084,0.31249746680259705,0.35664093494415283,1.0764249563217163,0.1523813009262085,0.6929349303245544,0.47770580649375916,1.1245030164718628,0.14958222210407257,0.821766197681427,0.26340022683143616,-0.49889832735061646,0.3164127469062805,-0.11821985244750977,-0.39800554513931274,-0.5249962210655212,-0.012124469503760338,-0.3886118531227112,-0.35267695784568787,0.11064708232879639,0.15788550954312086,0.41920244693756104,0.27492791414260864,0.19102692604064941,0.125836580991745,0.5240321159362793,0.22357478737831116,0.01354217529296875,-0.07540546357631683,0.5150005221366882,0.2766035497188568,3.0,3.0,3.0,3.0,3.0,3.0,3.0,3.0,3.0,3.0,3.0,3.0,3.0,3.0,3.0,3.0,3.0,3.0,3.0,3.0,0.05,0.05,0.05,0.05,0.05,0.05,0.05,0.05,0.05,0.05,0.05,0.05,0.05,0.05,0.05,0.05,0.05,0.05,0.05,0.05,0.0,0.0,0.0,0.0,0.0,0.0,0.0,0.0,0.0,0.0,0.0,0.0,0.0,0.0,0.0,0.0,0.0,0.0,0.0,0.0
0.7886723875999451,0.3789457380771637,0.3681105077266693,0.4553198218345642,0.6239558458328247,-0.060886360704898834,0.48639652132987976,0.36622315645217896,1.0740628242492676,-0.030017465353012085,1.059824824333191,0.7364569902420044,1.1632086038589478,-0.0723632276058197,1.1687581539154053,0.8006948828697205,1.118882179260254,-0.017689427360892296,1.3976694345474243,0.6712834239006042,-0.02545863389968872,0.2559475600719452,0.06138905882835388,-0.11965930461883545,-0.366269052028656,0.20660720765590668,-0.15575960278511047,-0.252784788608551,-0.38153529167175293,0.08077560923993587,-0.11523962020874023,-0.3864705562591553,-0.3505498170852661,0.0837184488773346,-0.08354485034942627,-0.32262206077575684,-0.41015446186065674,0.09546186774969101,-0.20825564861297607,-0.16145110130310059,3.0,3.0,3.0,3.0,3.0,3.0,3.0,3.0,3.0,3.0,3.0,3.0,3.0,3.0,3.0,3.0,3.0,3.0,3.0,3.0,0.05,0.05,0.05,0.05,0.05,0.05,0.05,0.05,0.05,0.05,0.05,0.05,0.05,0.05,0.05,0.05,0.05,0.05,0.05,0.05,0.0,0.0,0.0,0.0,0.0,0.0,0.0,0.0,0.0,0.0,0.0,0.0,0.0,0.0,0.0,0.0,0.0,0.0,0.0,0.0,0.8704326152801514,0.32343295216560364,0.3747427463531494,0.31756508350372314,0.5546209216117859,-0.011747866868972778,0.32962939143180847,0.24223709106445312,0.8385802507400513,-0.014011806808412075,0.32101988792419434,0.3619213104248047,1.0811200141906738,0.1547497808933258,0.7038559317588806,0.4821082055568695,1.1256227493286133,0.14789900183677673,0.8327851295471191,0.2691194713115692,-0.5239576101303101,0.34143850207328796,-0.12425929307937622,-0.4438042640686035,-0.5902960896492004,-0.053160544484853745,-0.39991140365600586,-0.3534730523824692,0.10895878076553345,0.13782288879156113,0.5348838865756989,0.30174925923347473,0.2097785472869873,0.1063760370016098,0.612419843673706,0.2165660262107849,0.017252564430236816,-0.09796842932701111,0.6325110793113708,0.3065630793571472,3.0,3.0,3.0,3.0,3.0,3.0,3.0,3.0,3.0,3.0,3.0,3.0,3.0,3.0,3.0,3.0,3.0,3.0,3.0,3.0,0.05,0.05,0.05,0.05,0.05,0.05,0.05,0.05,0.05,0.05,0.05,0.05,0.05,0.05,0.05,0.05,0.05,0.05,0.05,0.05,0.0,0.0,0.0,0.0,0.0,0.0,0.0,0.0,0.0,0.0,0.0,0.0,0.0,0.0,0.0,0.0,0.0,0.0,0.0,0.0
0.7877905368804932,0.38489583134651184,0.369721919298172,0.452945351600647,0.6168327927589417,-0.05670706182718277,0.4828064739704132,0.3606666922569275,1.0662578344345093,-0.028731586411595345,1.0544590950012207,0.7266079783439636,1.156477451324463,-0.07147779315710068,1.1646404266357422,0.7922646403312683,1.1100294589996338,-0.016828740015625954,1.390729546546936,0.6660540103912354,-0.10232776403427124,0.26013627648353577,0.04499182105064392,-0.11441260576248169,-0.4168406128883362,0.21290602162480354,-0.25755465030670166,-0.3415733575820923,-0.36915838718414307,0.02971854992210865,-0.45484602451324463,-0.6382733583450317,-0.3054112195968628,-0.027243979275226593,-0.3745228052139282,-0.5691587924957275,-0.39002299308776855,-0.05496530793607235,-0.5038142204284668,-0.4001900553703308,3.0,3.0,3.0,3.0,3.0,3.0,3.0,3.0,3.0,3.0,3.0,3.0,3.0,3.0,3.0,3.0,3.0,3.0,3.0,3.0,0.05,0.05,0.05,0.05,0.05,0.05,0.05,0.05,0.05,0.05,0.05,0.05,0.05,0.05,0.05,0.05,0.05,0.05,0.05,0.05,0.0,0.0,0.0,0.0,0.0,0.0,0.0,0.0,0.0,0.0,0.0,0.0,0.0,0.0,0.0,0.0,0.0,0.0,0.0,0.0,0.8593156337738037,0.330706924200058,0.37241634726524353,0.30817893147468567,0.5424998998641968,-0.012876980938017368,0.32180532813072205,0.23519492149353027,0.8405704498291016,-0.011491954326629639,0.333892822265625,0.3687109053134918,1.0848160982131958,0.1566363424062729,0.7174317240715027,0.48636844754219055,1.1251931190490723,0.14566348493099213,0.8470666408538818,0.27566275000572205,-0.5590453743934631,0.366944819688797,-0.12660399079322815,-0.48044994473457336,-0.6250128149986267,-0.07807519286870956,-0.39615780115127563,-0.34384317696094513,0.12014657258987427,0.13311535585671663,0.6532251834869385,0.33179596066474915,0.22890567779541016,0.10215528309345245,0.6993293762207031,0.2162531018257141,0.027358531951904297,-0.10112002491950989,0.7470741868019104,0.3376208245754242,3.0,3.0,3.0,3.0,3.0,3.0,3.0,3.0,3.0,3.0,3.0,3.0,3.0,3.0,3.0,3.0,3.0,3.0,3.0,3.0,0.05,0.05,0.05,0.05,0.05,0.05,0.05,0.05,0.05,0.05,0.05,0.05,0.05,0.05,0.05,0.05,0.05,0.05,0.05,0.05,0.0,0.0,0.0,0.0,0.0,0.0,0.0,0.0,0.0,0.0,0.0,0.0,0.0,0.0,0.0,0.0,0.0,0.0,0.0,0.0
0.7845792770385742,0.3893511891365051,0.36991018056869507,0.45074331760406494,0.6072822213172913,-0.05237011983990669,0.4760943353176117,0.35256022214889526,1.0592964887619019,-0.02882872335612774,1.0416309833526611,0.7109260559082031,1.1509921550750732,-0.07345298677682877,1.1537772417068481,0.7779285311698914,1.1032812595367432,-0.01988803967833519,1.3775168657302856,0.655275821685791,-0.1447543501853943,0.20180866122245789,-0.01186951994895935,-0.13371631503105164,-0.4794672131538391,0.1870446838438511,-0.3492526710033417,-0.3988690674304962,-0.43234527111053467,-0.013127224519848824,-0.7080316543579102,-0.7853180170059204,-0.3975719213485718,-0.08910577744245529,-0.6343454122543335,-0.7338479161262512,-0.4386305809020996,-0.13231770135462284,-0.7578790187835693,-0.5821943283081055,3.0,3.0,3.0,3.0,3.0,3.0,3.0,3.0,3.0,3.0,3.0,3.0,3.0,3.0,3.0,3.0,3.0,3.0,3.0,3.0,0.05,0.05,0.05,0.05,0.05,0.05,0.05,0.05,0.05,0.05,0.05,0.05,0.05,0.05,0.05,0.05,0.05,0.05,0.05,0.05,0.0,0.0,0.0,0.0,0.0,0.0,0.0,0.0,0.0,0.0,0.0,0.0,0.0,0.0,0.0,0.0,0.0,0.0,0.0,0.0,0.8480708003044128,0.3381107449531555,0.3696785867214203,0.2983470857143402,0.5296204090118408,-0.014870874583721161,0.31378307938575745,0.22848336398601532,0.8433861136436462,-0.00868719257414341,0.3471488952636719,0.37519314885139465,1.0902762413024902,0.1588359922170639,0.7318291068077087,0.49075832962989807,1.1267170906066895,0.14385420083999634,0.8626680970191956,0.2826243042945862,-0.6496593356132507,0.38959458470344543,-0.11566579341888428,-0.5503512918949127,-0.6684839725494385,-0.07024242077022791,-0.39608851075172424,-0.333983451128006,0.09322017431259155,0.153938599396497,0.8090145885944366,0.3644093871116638,0.20133554935455322,0.11572875082492828,0.8042559027671814,0.21473616361618042,-0.03231465816497803,-0.08971802890300751,0.8778423070907593,0.3717966377735138,3.0,3.0,3.0,3.0,3.0,3.0,3.0,3.0,3.0,3.0,3.0,3.0,3.0,3.0,3.0,3.0,3.0,3.0,3.0,3.0,0.05,0.05,0.05,0.05,0.05,0.05,0.05,0.05,0.05,0.05,0.05,0.05,0.05,0.05,0.05,0.05,0.05,0.05,0.05,0.05,0.0,0.0,0.0,0.0,0.0,0.0,0.0,0.0,0.0,0.0,0.0,0.0,0.0,0.0,0.0,0.0,0.0,0.0,0.0,0.0
0.7820003628730774,0.39296817779541016,0.3692471385002136,0.4475966989994049,0.5976541042327881,-0.049225274473428726,0.46883636713027954,0.34471192955970764,1.048964023590088,-0.029256675392389297,1.0261378288269043,0.6951952576637268,1.14057457447052,-0.07504202425479889,1.1392666101455688,0.7629107236862183,1.0924842357635498,-0.022121448069810867,1.3604143857955933,0.6427662372589111,-0.16167908906936646,0.20819008350372314,-0.04082024097442627,-0.1420728862285614,-0.45640766620635986,0.15915734693408012,-0.38464218378067017,-0.4086598753929138,-0.49397945404052734,-0.033705541864037514,-0.9420633316040039,-0.8747279644012451,-0.5024492740631104,-0.12919437140226364,-0.8644402027130127,-0.8379623293876648,-0.5218863487243652,-0.2060664352029562,-0.9901374578475952,-0.7344633340835571,3.0,3.0,3.0,3.0,3.0,3.0,3.0,3.0,3.0,3.0,3.0,3.0,3.0,3.0,3.0,3.0,3.0,3.0,3.0,3.0,0.05,0.05,0.05,0.05,0.05,0.05,0.05,0.05,0.05,0.05,0.05,0.05,0.05,0.05,0.05,0.05,0.05,0.05,0.05,0.05,0.0,0.0,0.0,0.0,0.0,0.0,0.0,0.0,0.0,0.0,0.0,0.0,0.0,0.0,0.0,0.0,0.0,0.0,0.0,0.0,0.8333292603492737,0.3462907075881958,0.36778971552848816,0.28616487979888916,0.5157605409622192,-0.015686677768826485,0.3059617877006531,0.22183558344841003,0.8442992568016052,-0.005334410350769758,0.36625340580940247,0.3832872807979584,1.092869520187378,0.16126549243927002,0.7496019601821899,0.49495789408683777,1.1239005327224731,0.14207476377487183,0.8821803331375122,0.2905346155166626,-0.733676552772522,0.4128076136112213,-0.12828409671783447,-0.6380021572113037,-0.6347328424453735,-0.08615315891802311,-0.35191401839256287,-0.30248314142227173,0.14401674270629883,0.146981340367347,0.9613953530788422,0.3993704915046692,0.20090043544769287,0.11747889220714569,0.8918657898902893,0.2179555594921112,-0.02275705337524414,-0.08444786071777344,1.0033681988716125,0.4060089588165283,3.0,3.0,3.0,3.0,3.0,3.0,3.0,3.0,3.0,3.0,3.0,3.0,3.0,3.0,3.0,3.0,3.0,3.0,3.0,3.0,0.05,0.05,0.05,0.05,0.05,0.05,0.05,0.05,0.05,0.05,0.05,0.05,0.05,0.05,0.05,0.05,0.05,0.05,0.05,0.05,0.0,0.0,0.0,0.0,0.0,0.0,0.0,0.0,0.0,0.0,0.0,0.0,0.0,0.0,0.0,0.0,0.0,0.0,0.0,0.0
0.7781121134757996,0.39767879247665405,0.368277370929718,0.4450604021549225,0.5890259146690369,-0.04600382596254349,0.4607086479663849,0.3362138271331787,1.0395373106002808,-0.03017694503068924,1.003948450088501,0.6759369373321533,1.1308941841125488,-0.07862076163291931,1.1191996335983276,0.7444100379943848,1.0824058055877686,-0.028130697086453438,1.3379113674163818,0.6258972883224487,-0.19693970680236816,0.22378116846084595,-0.03813505172729492,-0.1497894525527954,-0.4394233226776123,0.1379602588713169,-0.42577385902404785,-0.42472928762435913,-0.5221277475357056,-0.05007432773709297,-1.1891260743141174,-0.9770944714546204,-0.5558907985687256,-0.18255766481161118,-1.0926634073257446,-0.951327383518219,-0.5956381559371948,-0.3044379875063896,-1.233026385307312,-0.9008258581161499,3.0,3.0,3.0,3.0,3.0,3.0,3.0,3.0,3.0,3.0,3.0,3.0,3.0,3.0,3.0,3.0,3.0,3.0,3.0,3.0,0.05,0.05,0.05,0.05,0.05,0.05,0.05,0.05,0.05,0.05,0.05,0.05,0.05,0.05,0.05,0.05,0.05,0.05,0.05,0.05,0.0,0.0,0.0,0.0,0.0,0.0,0.0,0.0,0.0,0.0,0.0,0.0,0.0,0.0,0.0,0.0,0.0,0.0,0.0,0.0,0.818723738193512,0.35462304949760437,0.3645472228527069,0.27282699942588806,0.5042310953140259,-0.018317000940442085,0.29970651865005493,0.21638403832912445,0.8491467833518982,-0.0028079389594495296,0.38560470938682556,0.3911679685115814,1.098312258720398,0.16353514790534973,0.7675037384033203,0.4994765520095825,1.1258068084716797,0.1404762864112854,0.9028028249740601,0.2988646626472473,-0.7949411869049072,0.39972662925720215,-0.1537524163722992,-0.7020920515060425,-0.5878344178199768,-0.10497458279132843,-0.30838102102279663,-0.271056592464447,0.23667067289352417,0.12622009962797165,1.0728754103183746,0.4169642925262451,0.2527505159378052,0.10013468563556671,0.939805805683136,0.21983906626701355,0.04507303237915039,-0.11049993336200714,1.09025239944458,0.42331963777542114,3.0,3.0,3.0,3.0,3.0,3.0,3.0,3.0,3.0,3.0,3.0,3.0,3.0,3.0,3.0,3.0,3.0,3.0,3.0,3.0,0.05,0.05,0.05,0.05,0.05,0.05,0.05,0.05,0.05,0.05,0.05,0.05,0.05,0.05,0.05,0.05,0.05,0.05,0.05,0.05,0.0,0.0,0.0,0.0,0.0,0.0,0.0,0.0,0.0,0.0,0.0,0.0,0.0,0.0,0.0,0.0,0.0,0.0,0.0,0.0
0.7741227746009827,0.401919424533844,0.3677217364311218,0.4416051208972931,0.5800771713256836,-0.04370686411857605,0.4518054127693176,0.3277227580547333,1.0280789136886597,-0.031259648501873016,0.9785727858543396,0.656111478805542,1.118338942527771,-0.08234433084726334,1.095560073852539,0.7248576283454895,1.068658709526062,-0.03429896757006645,1.3110933303833008,0.6067332029342651,-0.2514779567718506,0.19941702485084534,-0.02950802445411682,-0.1809149980545044,-0.43722838163375854,0.10385606437921524,-0.47913864254951477,-0.4384763538837433,-0.5670458078384399,-0.064848642796278,-1.4288216829299927,-1.05389803647995,-0.6027370691299438,-0.23713726550340652,-1.324591040611267,-1.0505065321922302,-0.5846500396728516,-0.3904689569026232,-1.4248788356781006,-1.050025224685669,3.0,3.0,3.0,3.0,3.0,3.0,3.0,3.0,3.0,3.0,3.0,3.0,3.0,3.0,3.0,3.0,3.0,3.0,3.0,3.0,0.05,0.05,0.05,0.05,0.05,0.05,0.05,0.05,0.05,0.05,0.05,0.05,0.05,0.05,0.05,0.05,0.05,0.05,0.05,0.05,0.0,0.0,0.0,0.0,0.0,0.0,0.0,0.0,0.0,0.0,0.0,0.0,0.0,0.0,0.0,0.0,0.0,0.0,0.0,0.0,0.8015316128730774,0.3622797727584839,0.3616396188735962,0.25808119773864746,0.49224716424942017,-0.019885661080479622,0.2936265468597412,0.21099331974983215,0.8537660837173462,-0.00028560636565089226,0.40916842222213745,0.3999658524990082,1.1029795408248901,0.1652708798646927,0.7871941924095154,0.5037514567375183,1.1257034540176392,0.13765476644039154,0.9257904291152954,0.30746740102767944,-0.9168073534965515,0.40808841586112976,-0.14881864190101624,-0.7260866463184357,-0.5594030022621155,-0.0974008347839117,-0.2498626708984375,-0.24663247168064117,0.24582594633102417,0.11367243714630604,1.2904465198516846,0.44779106974601746,0.2300560474395752,0.06929188966751099,1.0744214057922363,0.22413432598114014,0.04298388957977295,-0.1502007246017456,1.2854427099227905,0.4629403352737427,3.0,3.0,3.0,3.0,3.0,3.0,3.0,3.0,3.0,3.0,3.0,3.0,3.0,3.0,3.0,3.0,3.0,3.0,3.0,3.0,0.05,0.05,0.05,0.05,0.05,0.05,0.05,0.05,0.05,0.05,0.05,0.05,0.05,0.05,0.05,0.05,0.05,0.05,0.05,0.05,0.0,0.0,0.0,0.0,0.0,0.0,0.0,0.0,0.0,0.0,0.0,0.0,0.0,0.0,0.0,0.0,0.0,0.0,0.0,0.0
0.7680529952049255,0.40565547347068787,0.36709704995155334,0.4378238022327423,0.5715367794036865,-0.04184958338737488,0.4415431022644043,0.318674772977829,1.0168554782867432,-0.03277089074254036,0.9467955827713013,0.6337810158729553,1.106784701347351,-0.08810625225305557,1.066215991973877,0.7023897767066956,1.0590198040008545,-0.043749455362558365,1.2809162139892578,0.583896279335022,-0.305292010307312,0.19000321626663208,-0.05519762635231018,-0.15449896454811096,-0.4185989499092102,0.07371176034212112,-0.515282154083252,-0.4389137029647827,-0.5724787712097168,-0.07612379267811775,-1.5867412090301514,-1.0850191116333008,-0.6251037120819092,-0.2711514011025429,-1.494118571281433,-1.109631359577179,-0.5743622779846191,-0.44444696977734566,-1.5579909086227417,-1.1572763323783875,3.0,3.0,3.0,3.0,3.0,3.0,3.0,3.0,3.0,3.0,3.0,3.0,3.0,3.0,3.0,3.0,3.0,3.0,3.0,3.0,0.05,0.05,0.05,0.05,0.05,0.05,0.05,0.05,0.05,0.05,0.05,0.05,0.05,0.05,0.05,0.05,0.05,0.05,0.05,0.05,0.0,0.0,0.0,0.0,0.0,0.0,0.0,0.0,0.0,0.0,0.0,0.0,0.0,0.0,0.0,0.0,0.0,0.0,0.0,0.0,0.7820514440536499,0.37094658613204956,0.35859447717666626,0.24378353357315063,0.48185497522354126,-0.022213034331798553,0.28971201181411743,0.2065187394618988,0.8589798212051392,0.0017389585264027119,0.43722257018089294,0.4090796113014221,1.107514500617981,0.16630682349205017,0.8104805946350098,0.5084419250488281,1.1275261640548706,0.13446825742721558,0.9542205333709717,0.317382276058197,-1.000051200389862,0.41190609335899353,-0.15656352043151855,-0.678054615855217,-0.48552677035331726,-0.11421670205891132,-0.16704797744750977,-0.2085316926240921,0.3240242600440979,0.11070972541347146,1.4298982918262482,0.45172497630119324,0.2456188201904297,0.035033002495765686,1.1635974049568176,0.2332925796508789,0.08205175399780273,-0.17720647156238556,1.4058351516723633,0.4834391176700592,3.0,3.0,3.0,3.0,3.0,3.0,3.0,3.0,3.0,3.0,3.0,3.0,3.0,3.0,3.0,3.0,3.0,3.0,3.0,3.0,0.05,0.05,0.05,0.05,0.05,0.05,0.05,0.05,0.05,0.05,0.05,0.05,0.05,0.05,0.05,0.05,0.05,0.05,0.05,0.05,0.0,0.0,0.0,0.0,0.0,0.0,0.0,0.0,0.0,0.0,0.0,0.0,0.0,0.0,0.0,0.0,0.0,0.0,0.0,0.0
0.7619110941886902,0.4095195531845093,0.3655138313770294,0.43542516231536865,0.5633332133293152,-0.040758393704891205,0.43119412660598755,0.31016620993614197,1.005179762840271,-0.034304600208997726,0.9151031374931335,0.61271071434021,1.0933347940444946,-0.09319038689136505,1.0357953310012817,0.6804723739624023,1.0456842184066772,-0.05207684636116028,1.2487736940383911,0.5604421496391296,-0.32926052808761597,0.20325630903244019,-0.08601322770118713,-0.10720193386077881,-0.4131585359573364,0.05586296319961548,-0.5275078117847443,-0.41474178433418274,-0.6097063422203064,-0.06172638386487961,-1.6125589609146118,-1.0391265153884888,-0.6989151239395142,-0.24209357798099518,-1.5494227409362793,-1.0868623852729797,-0.7087856531143188,-0.4057456739246845,-1.6287654638290405,-1.1799365282058716,3.0,3.0,3.0,3.0,3.0,3.0,3.0,3.0,3.0,3.0,3.0,3.0,3.0,3.0,3.0,3.0,3.0,3.0,3.0,3.0,0.05,0.05,0.05,0.05,0.05,0.05,0.05,0.05,0.05,0.05,0.05,0.05,0.05,0.05,0.05,0.05,0.05,0.05,0.05,0.05,0.0,0.0,0.0,0.0,0.0,0.0,0.0,0.0,0.0,0.0,0.0,0.0,0.0,0.0,0.0,0.0,0.0,0.0,0.0,0.0,0.7615295648574829,0.37875601649284363,0.35537707805633545,0.23095901310443878,0.4728260934352875,-0.024454329162836075,0.2869446277618408,0.20265205204486847,0.8667270541191101,0.004142782650887966,0.4663643538951874,0.4180348515510559,1.1128042936325073,0.16667219996452332,0.8337380886077881,0.5130831599235535,1.1289855241775513,0.13056650757789612,0.9820238351821899,0.3268049657344818,-1.115301251411438,0.3861621022224426,-0.13838931918144226,-0.5242627114057541,-0.36245062947273254,-0.10603130795061588,-0.07104575634002686,-0.16478411853313446,0.4302486777305603,0.12022313894703984,1.5359178185462952,0.46328380703926086,0.2747088670730591,-0.007619708776473999,1.1957839131355286,0.24560540914535522,0.12850165367126465,-0.21264851093292236,1.4578044414520264,0.49693062901496887,3.0,3.0,3.0,3.0,3.0,3.0,3.0,3.0,3.0,3.0,3.0,3.0,3.0,3.0,3.0,3.0,3.0,3.0,3.0,3.0,0.05,0.05,0.05,0.05,0.05,0.05,0.05,0.05,0.05,0.05,0.05,0.05,0.05,0.05,0.05,0.05,0.05,0.05,0.05,0.05,0.0,0.0,0.0,0.0,0.0,0.0,0.0,0.0,0.0,0.0,0.0,0.0,0.0,0.0,0.0,0.0,0.0,0.0,0.0,0.0
0.7548825740814209,0.4137857258319855,0.36365652084350586,0.43353572487831116,0.5550104379653931,-0.03961506485939026,0.4204427897930145,0.30208510160446167,0.9924672245979309,-0.035239946097135544,0.8822932243347168,0.5922159552574158,1.0788280963897705,-0.09778999537229538,1.0042390823364258,0.6589152812957764,1.0306683778762817,-0.059979282319545746,1.2157655954360962,0.5366988182067871,-0.39126724004745483,0.22294893860816956,-0.08153840899467468,-0.11840090155601501,-0.4049569368362427,0.05335453897714615,-0.5604855716228485,-0.393165647983551,-0.5970418453216553,-0.045625586062669754,-1.7105653882026672,-1.0256439447402954,-0.7093280553817749,-0.24810303002595901,-1.6597941517829895,-1.099550724029541,-0.6744951009750366,-0.42142532765865326,-1.6644060611724854,-1.2234494090080261,3.0,3.0,3.0,3.0,3.0,3.0,3.0,3.0,3.0,3.0,3.0,3.0,3.0,3.0,3.0,3.0,3.0,3.0,3.0,3.0,0.05,0.05,0.05,0.05,0.05,0.05,0.05,0.05,0.05,0.05,0.05,0.05,0.05,0.05,0.05,0.05,0.05,0.05,0.05,0.05,0.0,0.0,0.0,0.0,0.0,0.0,0.0,0.0,0.0,0.0,0.0,0.0,0.0,0.0,0.0,0.0,0.0,0.0,0.0,0.0,0.7374393939971924,0.38639307022094727,0.35305890440940857,0.22281302511692047,0.46735695004463196,-0.02645428664982319,0.28687018156051636,0.19992737472057343,0.8761897683143616,0.006547884084284306,0.49865928292274475,0.42761096358299255,1.1185028553009033,0.1660020351409912,0.8583119511604309,0.5182661414146423,1.1326662302017212,0.12596231698989868,1.0125327110290527,0.3372595012187958,-1.3838961720466614,0.385100394487381,-0.07484853267669678,-0.16232691705226898,-0.25138556957244873,-0.09144693613052368,0.06134063005447388,-0.10886825621128082,0.5055621266365051,0.11554968077689409,1.7183385789394379,0.49438923597335815,0.2756267786026001,-0.06008855998516083,1.2823894619941711,0.2783551812171936,0.18399357795715332,-0.2525927498936653,1.5812665224075317,0.5432754755020142,3.0,3.0,3.0,3.0,3.0,3.0,3.0,3.0,3.0,3.0,3.0,3.0,3.0,3.0,3.0,3.0,3.0,3.0,3.0,3.0,0.05,0.05,0.05,0.05,0.05,0.05,0.05,0.05,0.05,0.05,0.05,0.05,0.05,0.05,0.05,0.05,0.05,0.05,0.05,0.05,0.0,0.0,0.0,0.0,0.0,0.0,0.0,0.0,0.0,0.0,0.0,0.0,0.0,0.0,0.0,0.0,0.0,0.0,0.0,0.0
0.746260404586792,0.41843751072883606,0.36225229501724243,0.43068912625312805,0.5471349358558655,-0.03862421214580536,0.4087747037410736,0.2944395840167999,0.9812980890274048,-0.03612962365150452,0.8466805219650269,0.5716849565505981,1.0649616718292236,-0.10311450809240341,0.9694035649299622,0.6364903450012207,1.0187044143676758,-0.06893385946750641,1.1821974515914917,0.5115041732788086,-0.43823570013046265,0.19085407257080078,-0.09648576378822327,-0.1073002815246582,-0.4056096076965332,0.03628917038440704,-0.5775399506092072,-0.36452487111091614,-0.619228184223175,-0.031756702810525894,-1.7431169748306274,-0.9842902421951294,-0.7593303918838501,-0.23073796182870865,-1.7232954502105713,-1.086464524269104,-0.6849616765975952,-0.39508119225502014,-1.6669988632202148,-1.229407638311386,3.0,3.0,3.0,3.0,3.0,3.0,3.0,3.0,3.0,3.0,3.0,3.0,3.0,3.0,3.0,3.0,3.0,3.0,3.0,3.0,0.05,0.05,0.05,0.05,0.05,0.05,0.05,0.05,0.05,0.05,0.05,0.05,0.05,0.05,0.05,0.05,0.05,0.05,0.05,0.05,0.0,0.0,0.0,0.0,0.0,0.0,0.0,0.0,0.0,0.0,0.0,0.0,0.0,0.0,0.0,0.0,0.0,0.0,0.0,0.0,0.7061737179756165,0.39416003227233887,0.3523831367492676,0.22446593642234802,0.4627706706523895,-0.028112206608057022,0.2893982529640198,0.19829732179641724,0.8869495391845703,0.00876476988196373,0.5350978970527649,0.43781042098999023,1.1238293647766113,0.16426865756511688,0.8850336670875549,0.5242173671722412,1.1363452672958374,0.1204627975821495,1.0452744960784912,0.3485359847545624,-2.076154947280884,0.5928657948970795,0.12910738587379456,0.30727237462997437,-0.34505054354667664,-0.07916437461972237,0.31912699341773987,0.013566762208938599,0.46980828046798706,0.13263721484690905,2.0323626697063446,0.5304284393787384,0.22082924842834473,-0.08978061378002167,1.4546588063240051,0.3233015537261963,0.13431012630462646,-0.2775266766548157,1.721876859664917,0.5879789590835571,3.0,3.0,3.0,3.0,3.0,3.0,3.0,3.0,3.0,3.0,3.0,3.0,3.0,3.0,3.0,3.0,3.0,3.0,3.0,3.0,0.05,0.05,0.05,0.05,0.05,0.05,0.05,0.05,0.05,0.05,0.05,0.05,0.05,0.05,0.05,0.05,0.05,0.05,0.05,0.05,0.0,0.0,0.0,0.0,0.0,0.0,0.0,0.0,0.0,0.0,0.0,0.0,0.0,0.0,0.0,0.0,0.0,0.0,0.0,0.0
0.7373531460762024,0.4214198887348175,0.35979709029197693,0.42924371361732483,0.5387860536575317,-0.03816349804401398,0.39734119176864624,0.287504106760025,0.9676980972290039,-0.03651021420955658,0.8125685453414917,0.5528443455696106,1.0484548807144165,-0.10701951384544373,0.9353072643280029,0.6154567003250122,1.003269910812378,-0.07578253000974655,1.1490856409072876,0.48752251267433167,-0.4660755395889282,0.17083808779716492,-0.09909048676490784,-0.07260963320732117,-0.37578195333480835,0.013928115367889404,-0.5648680031299591,-0.3077857196331024,-0.6076067686080933,-0.026567280292510986,-1.735416054725647,-0.9060025215148926,-0.7548540830612183,-0.21168440580368042,-1.7197877168655396,-1.0314151644706726,-0.7089093327522278,-0.35032108426094055,-1.6526997089385986,-1.2194611132144928,3.0,3.0,3.0,3.0,3.0,3.0,3.0,3.0,3.0,3.0,3.0,3.0,3.0,3.0,3.0,3.0,3.0,3.0,3.0,3.0,0.05,0.05,0.05,0.05,0.05,0.05,0.05,0.05,0.05,0.05,0.05,0.05,0.05,0.05,0.05,0.05,0.05,0.05,0.05,0.05,0.0,0.0,0.0,0.0,0.0,0.0,0.0,0.0,0.0,0.0,0.0,0.0,0.0,0.0,0.0,0.0,0.0,0.0,0.0,0.0,0.654393196105957,0.41010770201683044,0.35822319984436035,0.23510392010211945,0.4535549283027649,-0.029620861634612083,0.29963526129722595,0.20047004520893097,0.894982099533081,0.011853372678160667,0.5799537897109985,0.4488281011581421,1.127336025238037,0.16241081058979034,0.9164983034133911,0.5311982035636902,1.1380386352539062,0.11486124992370605,1.0814077854156494,0.36077865958213806,-2.2517114877700806,0.7304854691028595,0.36073997616767883,-0.8992418646812439,-0.40449872612953186,0.04523717798292637,0.6001569330692291,0.15900805592536926,0.4611372947692871,0.19956151954829693,2.236156165599823,0.5653947591781616,0.26078224182128906,-0.09738244116306305,1.5531554818153381,0.3583773970603943,0.2041846513748169,-0.27250032871961594,1.7980635166168213,0.6159760057926178,3.0,3.0,3.0,3.0,3.0,3.0,3.0,3.0,3.0,3.0,3.0,3.0,3.0,3.0,3.0,3.0,3.0,3.0,3.0,3.0,0.05,0.05,0.05,0.05,0.05,0.05,0.05,0.05,0.05,0.05,0.05,0.05,0.05,0.05,0.05,0.05,0.05,0.05,0.05,0.05,0.0,0.0,0.0,0.0,0.0,0.0,0.0,0.0,0.0,0.0,0.0,0.0,0.0,0.0,0.0,0.0,0.0,0.0,0.0,0.0
0.7276173830032349,0.42527103424072266,0.3582886755466461,0.4277847409248352,0.5321036577224731,-0.03806708753108978,0.38617998361587524,0.28212815523147583,0.956993818283081,-0.037192314863204956,0.777263879776001,0.5354448556900024,1.034767508506775,-0.11158188432455063,0.9006120562553406,0.5952337384223938,0.9903480410575867,-0.08294670283794403,1.1160894632339478,0.4627257287502289,-0.45757442712783813,0.183095782995224,-0.08106157183647156,-0.07352754473686218,-0.30331313610076904,0.002529378980398178,-0.5167834460735321,-0.2397574484348297,-0.5317598581314087,-0.026062503457069397,-1.6666576266288757,-0.8059501647949219,-0.6772398948669434,-0.19365772604942322,-1.6361162066459656,-0.9409621357917786,-0.6238013505935669,-0.3226255998015404,-1.5481919050216675,-1.1598557233810425,3.0,3.0,3.0,3.0,3.0,3.0,3.0,3.0,3.0,3.0,3.0,3.0,3.0,3.0,3.0,3.0,3.0,3.0,3.0,3.0,0.05,0.05,0.05,0.05,0.05,0.05,0.05,0.05,0.05,0.05,0.05,0.05,0.05,0.05,0.05,0.05,0.05,0.05,0.05,0.05,0.0,0.0,0.0,0.0,0.0,0.0,0.0,0.0,0.0,0.0,0.0,0.0,0.0,0.0,0.0,0.0,0.0,0.0,0.0,0.0,0.6161052584648132,0.42337945103645325,0.36681273579597473,0.18849626183509827,0.44659072160720825,-0.026302719488739967,0.31340453028678894,0.204657644033432,0.9053950309753418,0.016747230663895607,0.6245441436767578,0.4604262113571167,1.134260654449463,0.16037335991859436,0.9471598863601685,0.538552463054657,1.14451265335083,0.10956278443336487,1.117197036743164,0.3731750249862671,-1.0433033108711243,0.3760397434234619,0.07890164852142334,-2.1389950066804886,-0.10390728712081909,0.1304931938648224,0.7922962307929993,0.23942328989505768,0.7072851061820984,0.2083251252770424,2.2434890270233154,0.5840122699737549,0.32114386558532715,-0.13354457914829254,1.4633819460868835,0.3543749451637268,0.2501249313354492,-0.2637535333633423,1.6941159963607788,0.5864612758159637,3.0,3.0,3.0,3.0,3.0,3.0,3.0,3.0,3.0,3.0,3.0,3.0,3.0,3.0,3.0,3.0,3.0,3.0,3.0,3.0,0.05,0.05,0.05,0.05,0.05,0.05,0.05,0.05,0.05,0.05,0.05,0.05,0.05,0.05,0.05,0.05,0.05,0.05,0.05,0.05,0.0,0.0,0.0,0.0,0.0,0.0,0.0,0.0,0.0,0.0,0.0,0.0,0.0,0.0,0.0,0.0,0.0,0.0,0.0,0.0
0.7190501689910889,0.42874372005462646,0.35655462741851807,0.42630261182785034,0.526653528213501,-0.03806232288479805,0.37666985392570496,0.27791380882263184,0.9464277029037476,-0.037552714347839355,0.7459022402763367,0.5206063389778137,1.0213652849197388,-0.11476582288742065,0.8698626160621643,0.5778182148933411,0.9783178567886353,-0.08868755400180817,1.087157964706421,0.44112828373908997,-0.4062145948410034,0.17324015498161316,-0.08230060338973999,-0.08350983262062073,-0.2422720193862915,0.007764901965856552,-0.43188706040382385,-0.17955228686332703,-0.507470965385437,-0.008005741983652115,-1.4835640788078308,-0.6857588887214661,-0.6503671407699585,-0.13835672289133072,-1.443551480770111,-0.8067846298217773,-0.5836516618728638,-0.2595849335193634,-1.3579368591308594,-1.0097764432430267,3.0,3.0,3.0,3.0,3.0,3.0,3.0,3.0,3.0,3.0,3.0,3.0,3.0,3.0,3.0,3.0,3.0,3.0,3.0,3.0,0.05,0.05,0.05,0.05,0.05,0.05,0.05,0.05,0.05,0.05,0.05,0.05,0.05,0.05,0.05,0.05,0.05,0.05,0.05,0.05,0.0,0.0,0.0,0.0,0.0,0.0,0.0,0.0,0.0,0.0,0.0,0.0,0.0,0.0,0.0,0.0,0.0,0.0,0.0,0.0,0.6126610636711121,0.4251492917537689,0.3613792657852173,0.1495441198348999,0.44939863681793213,-0.024401133880019188,0.3313271105289459,0.21004697680473328,0.923273503780365,0.020186377689242363,0.6696933507919312,0.4721885919570923,1.1401817798614502,0.15706902742385864,0.9750335812568665,0.5453732013702393,1.1480436325073242,0.10431110858917236,1.1491724252700806,0.3842371106147766,-0.23101717233657837,0.10689124464988708,-0.28701573610305786,-1.75663772970438,0.35941675305366516,0.0817629974335432,0.9342454373836517,0.2921849489212036,0.9825035929679871,0.16576717607676983,2.1745607256889343,0.5865275859832764,0.32188594341278076,-0.17743706703186035,1.314397156238556,0.3348246216773987,0.16696453094482422,-0.2436816692352295,1.4858871698379517,0.5202867090702057,3.0,3.0,3.0,3.0,3.0,3.0,3.0,3.0,3.0,3.0,3.0,3.0,3.0,3.0,3.0,3.0,3.0,3.0,3.0,3.0,0.05,0.05,0.05,0.05,0.05,0.05,0.05,0.05,0.05,0.05,0.05,0.05,0.05,0.05,0.05,0.05,0.05,0.05,0.05,0.05,0.0,0.0,0.0,0.0,0.0,0.0,0.0,0.0,0.0,0.0,0.0,0.0,0.0,0.0,0.0,0.0,0.0,0.0,0.0,0.0
0.7113687992095947,0.4322006404399872,0.3549966514110565,0.4244443476200104,0.5224127769470215,-0.03775649145245552,0.3689045011997223,0.27494606375694275,0.9366949796676636,-0.03751254454255104,0.7179213166236877,0.5080145001411438,1.0087528228759766,-0.11711615324020386,0.8428699970245361,0.5629623532295227,0.9670019745826721,-0.09333010017871857,1.0617719888687134,0.4223346710205078,-0.35434961318969727,0.1674950122833252,-0.05748942494392395,-0.10088533163070679,-0.1646280288696289,0.013443734496831894,-0.33071935176849365,-0.11386051774024963,-0.4573553800582886,0.0015188008546829224,-1.3064369559288025,-0.5742289125919342,-0.6054162979125977,-0.09978841990232468,-1.2520253658294678,-0.6819695234298706,-0.5280777812004089,-0.20688865333795547,-1.1712312698364258,-0.8665122091770172,3.0,3.0,3.0,3.0,3.0,3.0,3.0,3.0,3.0,3.0,3.0,3.0,3.0,3.0,3.0,3.0,3.0,3.0,3.0,3.0,0.05,0.05,0.05,0.05,0.05,0.05,0.05,0.05,0.05,0.05,0.05,0.05,0.05,0.05,0.05,0.05,0.05,0.05,0.05,0.05,0.0,0.0,0.0,0.0,0.0,0.0,0.0,0.0,0.0,0.0,0.0,0.0,0.0,0.0,0.0,0.0,0.0,0.0,0.0,0.0,0.6068645715713501,0.42765510082244873,0.3553321063518524,0.11823075264692307,0.46096739172935486,-0.02303219959139824,0.350774347782135,0.21634504199028015,0.9446951746940613,0.0233779177069664,0.7115265727043152,0.48388731479644775,1.1471360921859741,0.15327587723731995,0.9997357726097107,0.5519454479217529,1.151191234588623,0.09981551766395569,1.1766325235366821,0.3939864933490753,-0.36852508783340454,0.09759366512298584,-0.272611528635025,-1.4115458354353905,0.7547155022621155,0.10642800480127335,1.0193608701229095,0.34410208463668823,1.1743143200874329,0.14407895505428314,2.0824551582336426,0.6145909428596497,0.41500329971313477,-0.2087857574224472,1.2008562684059143,0.3375828266143799,0.18085241317749023,-0.21307971328496933,1.3205498456954956,0.47807395458221436,3.0,3.0,3.0,3.0,3.0,3.0,3.0,3.0,3.0,3.0,3.0,3.0,3.0,3.0,3.0,3.0,3.0,3.0,3.0,3.0,0.05,0.05,0.05,0.05,0.05,0.05,0.05,0.05,0.05,0.05,0.05,0.05,0.05,0.05,0.05,0.05,0.05,0.05,0.05,0.05,0.0,0.0,0.0,0.0,0.0,0.0,0.0,0.0,0.0,0.0,0.0,0.0,0.0,0.0,0.0,0.0,0.0,0.0,0.0,0.0
0.704876184463501,0.4354435205459595,0.3542550504207611,0.42226719856262207,0.5200684070587158,-0.037524573504924774,0.3634410798549652,0.27335938811302185,0.928133487701416,-0.03749196231365204,0.6936447620391846,0.49763718247413635,0.9971486330032349,-0.11875735968351364,0.8197816014289856,0.5505394339561462,0.9571947455406189,-0.09696310013532639,1.0403087139129639,0.4064677953720093,-0.30338466167449674,0.14613121747970442,-0.027279555797575517,-0.13040900230407437,-0.10168552398681363,0.009432993829250336,-0.2331972122192369,-0.05390569567680359,-0.39742887020111084,0.0078093260526657104,-1.133748888969413,-0.4725269973278004,-0.5389139056205694,-0.06568320095539024,-1.0607749223709022,-0.5680322647094671,-0.46700537204742154,-0.15814378857612435,-0.9941250085830577,-0.7326975464820806,3.0,3.0,3.0,3.0,3.0,3.0,3.0,3.0,3.0,3.0,3.0,3.0,3.0,3.0,3.0,3.0,3.0,3.0,3.0,3.0,0.05,0.05,0.05,0.05,0.05,0.05,0.05,0.05,0.05,0.05,0.05,0.05,0.05,0.05,0.05,0.05,0.05,0.05,0.05,0.05,0.0,0.0,0.0,0.0,0.0,0.0,0.0,0.0,0.0,0.0,0.0,0.0,0.0,0.0,0.0,0.0,0.0,0.0,0.0,0.0,0.5979200601577759,0.42905303835868835,0.3504748046398163,0.09308228641748428,0.47958725690841675,-0.020144013687968254,0.3721015453338623,0.2238110601902008,0.9702460765838623,0.02594953589141369,0.7529915571212769,0.49677222967147827,1.1567819118499756,0.14871759712696075,1.023067831993103,0.5588765144348145,1.1552777290344238,0.09578792005777359,1.2019944190979004,0.4033600687980652,-0.5937442183494485,-0.025800615549086137,-0.17777904868125916,-1.1352377012371913,0.9998746216297011,0.2381850033998448,1.0974317789077634,0.39184242486953247,1.3535901904105974,0.11925464496016372,2.1460577845573203,0.7057219743728554,0.5485832691192516,-0.27060583233832963,1.171247661113728,0.36808848381041925,0.30048191547393244,-0.23810882121324226,1.3284683227538896,0.49713328480719826,3.0,3.0,3.0,3.0,3.0,3.0,3.0,3.0,3.0,3.0,3.0,3.0,3.0,3.0,3.0,3.0,3.0,3.0,3.0,3.0,0.05,0.05,0.05,0.05,0.05,0.05,0.05,0.05,0.05,0.05,0.05,0.05,0.05,0.05,0.05,0.05,0.05,0.05,0.05,0.05,0.0,0.0,0.0,0.0,0.0,0.0,0.0,0.0,0.0,0.0,0.0,0.0,0.0,0.0,0.0,0.0,0.0,0.0,0.0,0.0
0.6992334127426149,0.43804588913917536,0.3539054691791535,0.4192279875278474,0.5183453559875489,-0.03737917169928551,0.3595766127109528,0.2727898359298706,0.9207978248596191,-0.03720017150044441,0.6725713610649112,0.4891134202480318,0.9871962666511538,-0.11974348127841947,0.8004390001297,0.540241062641144,0.9483217597007753,-0.09965585172176354,1.022006988525391,0.3930267691612246,-0.23365914821624756,0.11953786015510698,-0.03257468342780928,-0.15081316232681136,-0.0331878662109375,0.0018795952200889587,-0.12440085411071639,0.011989474296568436,-0.24953335523605624,0.0024644657969476527,-0.8950516581535284,-0.3354586660861955,-0.3604993224143982,-0.060240924358367226,-0.806510448455805,-0.4310786724090576,-0.31626373529434204,-0.14933180063962762,-0.7574409246444647,-0.578884035348888,3.0,3.0,3.0,3.0,3.0,3.0,3.0,3.0,3.0,3.0,3.0,3.0,3.0,3.0,3.0,3.0,3.0,3.0,3.0,3.0,0.05,0.05,0.05,0.05,0.05,0.05,0.05,0.05,0.05,0.05,0.05,0.05,0.05,0.05,0.05,0.05,0.05,0.05,0.05,0.05,0.0,0.0,0.0,0.0,0.0,0.0,0.0,0.0,0.0,0.0,0.0,0.0,0.0,0.0,0.0,0.0,0.0,0.0,0.0,0.0,0.5831148028373722,0.4266230762004853,0.34822094440460205,0.07282124459743541,0.5009623765945429,-0.013504799455404446,0.39467161893844555,0.23201873898506145,0.9988387823104852,0.02814810350537295,0.797368884086608,0.512116193771362,1.1690794229507442,0.14245164394378676,1.0465856790542598,0.5666689872741697,1.1632105112075803,0.090291164815426,1.2297712564468377,0.41387182474136325,-0.7683262228965648,-0.10450854897498946,-0.09260922670364241,-0.9242085739970124,1.179705560207353,0.37658861838280633,1.222819089889511,0.45875571668147413,1.3858884572982622,0.11932994239032112,2.179124951362585,0.7727965712547219,0.6186336278915294,-0.3134690225124324,1.1505454778671154,0.3876850008964483,0.3417164087295532,-0.27967412024736055,1.326638460159285,0.4962548613548237,3.0,3.0,3.0,3.0,3.0,3.0,3.0,3.0,3.0,3.0,3.0,3.0,3.0,3.0,3.0,3.0,3.0,3.0,3.0,3.0,0.05,0.05,0.05,0.05,0.05,0.05,0.05,0.05,0.05,0.05,0.05,0.05,0.05,0.05,0.05,0.05,0.05,0.05,0.05,0.05,0.0,0.0,0.0,0.0,0.0,0.0,0.0,0.0,0.0,0.0,0.0,0.0,0.0,0.0,0.0,0.0,0.0,0.0,0.0,0.0
0.6955298185348511,0.44022503495216375,0.35295206308364874,0.4162346720695496,0.5187408924102783,-0.037449389696121216,0.35846504569053655,0.2738389670848846,0.9181521534919738,-0.03739338368177413,0.6578426957130434,0.48421883583068853,0.9827286601066589,-0.12116699665784833,0.7875211834907534,0.5332962870597839,0.9445441961288452,-0.10293637216091149,1.0100110769271853,0.38331243395805376,-0.1515597105026273,0.05287155508995195,-0.03664642572403093,-0.14259517192840576,0.054031610488888826,-0.033312197774647626,0.010009855031964388,0.09089410305022916,-0.049886107444763184,-0.019533373415469776,-0.5945622920990046,-0.15587508678436834,-0.13181865215302346,-0.06622485816478764,-0.5147725343704279,-0.28066337108612616,-0.11062175035476962,-0.14747735112905572,-0.4731297492981068,-0.4126086831092862,3.0,3.0,3.0,3.0,3.0,3.0,3.0,3.0,3.0,3.0,3.0,3.0,3.0,3.0,3.0,3.0,3.0,3.0,3.0,3.0,0.05,0.05,0.05,0.05,0.05,0.05,0.05,0.05,0.05,0.05,0.05,0.05,0.05,0.05,0.05,0.05,0.05,0.05,0.05,0.05,0.0,0.0,0.0,0.0,0.0,0.0,0.0,0.0,0.0,0.0,0.0,0.0,0.0,0.0,0.0,0.0,0.0,0.0,0.0,0.0,0.5671870112419133,0.4248726963996888,0.3467704355716706,0.05611394345760379,0.5267754793167109,-0.005080468952656,0.42101430892944275,0.24216128885745977,1.0256816148757928,0.030722733587026534,0.8401565551757803,0.5276840925216671,1.1815272569656368,0.13617883622646346,1.0690896511077876,0.5743839144706724,1.168946385383606,0.08460095524787917,1.2550599575042718,0.42321026325225813,-0.8567392826080295,-0.10279566049575806,-0.05811750888824463,-0.7546148262918032,1.3669893145561218,0.4732142202556115,1.4331817626953056,0.5639508366584743,1.3472199440002497,0.13213325291872016,2.136366069316864,0.7974535226821899,0.6294190883636475,-0.32646767795085835,1.1243760585784857,0.3894299268722534,0.2953857183456421,-0.2874702215194695,1.2696146965026855,0.4601694643497495,3.0,3.0,3.0,3.0,3.0,3.0,3.0,3.0,3.0,3.0,3.0,3.0,3.0,3.0,3.0,3.0,3.0,3.0,3.0,3.0,0.05,0.05,0.05,0.05,0.05,0.05,0.05,0.05,0.05,0.05,0.05,0.05,0.05,0.05,0.05,0.05,0.05,0.05,0.05,0.05,0.0,0.0,0.0,0.0,0.0,0.0,0.0,0.0,0.0,0.0,0.0,0.0,0.0,0.0,0.0,0.0,0.0,0.0,0.0,0.0
0.6931710243225098,0.44016075134277344,0.35243961215019226,0.41352418065071117,0.5205066204071045,-0.03871165961027141,0.3599770069122314,0.27642560005187977,0.9188023805618286,-0.0379815064370632,0.648788869380951,0.48287841677665705,0.9819235205650328,-0.12239247560501097,0.7798480987548829,0.529014527797699,0.9438968896865845,-0.10555494576692577,1.0030817985534668,0.37652242183685314,-0.09153187274932861,-0.03217607736587663,-0.017628073692323165,-0.1323498785495772,0.12480169534683228,-0.08347919210791588,0.13339519500732283,0.15583857893943925,0.10600537061691562,-0.03096861764788645,-0.3225535154342707,0.00842586159705977,0.045581161975860596,-0.05215778946876595,-0.2619743347168024,-0.15427768230438232,0.036013126373291016,-0.11259280145168478,-0.22848844528198797,-0.26954486966133534,3.0,3.0,3.0,3.0,3.0,3.0,3.0,3.0,3.0,3.0,3.0,3.0,3.0,3.0,3.0,3.0,3.0,3.0,3.0,3.0,0.05,0.05,0.05,0.05,0.05,0.05,0.05,0.05,0.05,0.05,0.05,0.05,0.05,0.05,0.05,0.05,0.05,0.05,0.05,0.05,0.0,0.0,0.0,0.0,0.0,0.0,0.0,0.0,0.0,0.0,0.0,0.0,0.0,0.0,0.0,0.0,0.0,0.0,0.0,0.0,0.548845231533051,0.42251124978065496,0.34589624404907227,0.042636651545763286,0.5556419491767878,0.005423769354820014,0.45199888944625777,0.2545767724514004,1.0527275800704952,0.033433433622121755,0.8828235268592826,0.5440143346786496,1.19425618648529,0.12939293682575242,1.0915607213973992,0.5822461843490598,1.175025939941406,0.07879235595464722,1.2805558443069451,0.4322786033153532,-0.9254276752472035,-0.07121413946151872,-0.0031851232051863243,-0.6188270635902965,1.4680892229080338,0.5366098135709815,1.6963079571724091,0.6788235157728257,1.2779802083969283,0.12495359405875361,2.094548940658594,0.8191898465156638,0.6052643060684315,-0.3602642565965687,1.1222809553146473,0.3859147429466303,0.2774655818939209,-0.3194995224475895,1.2690037488937544,0.427907705307011,3.0,3.0,3.0,3.0,3.0,3.0,3.0,3.0,3.0,3.0,3.0,3.0,3.0,3.0,3.0,3.0,3.0,3.0,3.0,3.0,0.05,0.05,0.05,0.05,0.05,0.05,0.05,0.05,0.05,0.05,0.05,0.05,0.05,0.05,0.05,0.05,0.05,0.05,0.05,0.05,0.0,0.0,0.0,0.0,0.0,0.0,0.0,0.0,0.0,0.0,0.0,0.0,0.0,0.0,0.0,0.0,0.0,0.0,0.0,0.0
0.6918685436248779,0.4389379918575287,0.3522469401359558,0.41094067692756653,0.5237329602241516,-0.04078855738043785,0.36380085349082947,0.28007251024246216,0.9223923683166504,-0.03863212838768959,0.6449405550956726,0.4845558702945709,0.9845519065856934,-0.12325330823659897,0.7770422101020813,0.5271251797676086,0.9459847211837769,-0.10744008421897888,1.0008715391159058,0.37253063917160034,-0.028330087661743164,-0.09275674819946289,-0.01564323902130127,-0.12905746698379794,0.18810778856277466,-0.11777738109231099,0.2494417130947127,0.20596459507942477,0.2429559826850891,-0.03700172528624569,-0.04799365997314731,0.16810521483421464,0.20767152309418002,-0.03902092576026951,-0.008673965930941496,-0.03020763397216797,0.1565307378768921,-0.07575023919344052,0.011792778968811035,-0.1267246901989011,3.0,3.0,3.0,3.0,3.0,3.0,3.0,3.0,3.0,3.0,3.0,3.0,3.0,3.0,3.0,3.0,3.0,3.0,3.0,3.0,0.05,0.05,0.05,0.05,0.05,0.05,0.05,0.05,0.05,0.05,0.05,0.05,0.05,0.05,0.05,0.05,0.05,0.05,0.05,0.05,0.0,0.0,0.0,0.0,0.0,0.0,0.0,0.0,0.0,0.0,0.0,0.0,0.0,0.0,0.0,0.0,0.0,0.0,0.0,0.0,0.5301699042320251,0.422024130821228,0.34664303064346313,0.03136086091399193,0.5854990482330322,0.016383923590183258,0.4888666272163391,0.2693142294883728,1.07680082321167,0.03572087734937668,0.923938512802124,0.5604516863822937,1.205737829208374,0.12176826596260071,1.1139808893203735,0.5898205041885376,1.1800450086593628,0.07182097434997559,1.305820107460022,0.4403265714645386,-0.9297549724578968,-0.02191662788391252,0.039196014404296875,-0.5185861606150933,1.5346795320511002,0.5598855204880296,1.9658565521240428,0.780071318149575,1.1757880449295155,0.10941820219159265,2.023121714592002,0.8287608623504722,0.577494502067577,-0.38824975490570485,1.1255830526352095,0.375050306320196,0.23513436317444403,-0.3514833748340645,1.2466669082641768,0.3805160522460979,3.0,3.0,3.0,3.0,3.0,3.0,3.0,3.0,3.0,3.0,3.0,3.0,3.0,3.0,3.0,3.0,3.0,3.0,3.0,3.0,0.05,0.05,0.05,0.05,0.05,0.05,0.05,0.05,0.05,0.05,0.05,0.05,0.05,0.05,0.05,0.05,0.05,0.05,0.05,0.05,0.0,0.0,0.0,0.0,0.0,0.0,0.0,0.0,0.0,0.0,0.0,0.0,0.0,0.0,0.0,0.0,0.0,0.0,0.0,0.0
0.69203782081604,0.4364504814147949,0.3518138825893402,0.40836188197135925,0.5280309319496155,-0.04342275485396385,0.3699546754360199,0.28466418385505676,0.9285206198692322,-0.03946157544851303,0.6468691229820251,0.48960262537002563,0.9902303814888,-0.12395331263542175,0.7795011401176453,0.5278062224388123,0.9501581192016602,-0.10858495533466339,1.0035535097122192,0.3714534342288971,0.02995431423187256,-0.12737363576889038,-0.0028461217880249023,-0.12846216559410095,0.251162052154541,-0.14169812202453613,0.3551088273525238,0.24412423372268677,0.3641575574874878,-0.038490165024995804,0.2146318554878235,0.3107793629169464,0.3581419587135315,-0.02752598375082016,0.2372637391090393,0.08970648050308228,0.2875715494155884,-0.05516950041055679,0.2541571855545044,0.017523765563964844,3.0,3.0,3.0,3.0,3.0,3.0,3.0,3.0,3.0,3.0,3.0,3.0,3.0,3.0,3.0,3.0,3.0,3.0,3.0,3.0,0.05,0.05,0.05,0.05,0.05,0.05,0.05,0.05,0.05,0.05,0.05,0.05,0.05,0.05,0.05,0.05,0.05,0.05,0.05,0.05,0.0,0.0,0.0,0.0,0.0,0.0,0.0,0.0,0.0,0.0,0.0,0.0,0.0,0.0,0.0,0.0,0.0,0.0,0.0,0.0,0.5116550326347351,0.42163458466529846,0.34746408462524414,0.021893205121159554,0.6170291304588318,0.027819190174341202,0.5306331515312195,0.2857796251773834,1.0997591018676758,0.03781016170978546,0.9637483954429626,0.5771647691726685,1.2173559665679932,0.11386294662952423,1.1365840435028076,0.5972481966018677,1.1844313144683838,0.06473302096128464,1.3304225206375122,0.44749924540519714,-0.9390339255332947,-0.033133476972579956,0.04495680332183838,-0.43816196266561747,1.6193896532058716,0.6281565874814987,2.1274402737617493,0.8254565298557281,1.140373945236206,0.14133863151073456,1.9473850727081299,0.8334964513778687,0.5811482667922974,-0.3728620707988739,1.1240065097808838,0.36294907331466675,0.19740760326385498,-0.3372649662196636,1.2114346027374268,0.3408864140510559,3.0,3.0,3.0,3.0,3.0,3.0,3.0,3.0,3.0,3.0,3.0,3.0,3.0,3.0,3.0,3.0,3.0,3.0,3.0,3.0,0.05,0.05,0.05,0.05,0.05,0.05,0.05,0.05,0.05,0.05,0.05,0.05,0.05,0.05,0.05,0.05,0.05,0.05,0.05,0.05,0.0,0.0,0.0,0.0,0.0,0.0,0.0,0.0,0.0,0.0,0.0,0.0,0.0,0.0,0.0,0.0,0.0,0.0,0.0,0.0
0.6930667161941528,0.43384304642677307,0.3521330952644348,0.4058021903038025,0.5337794423103333,-0.046456482261419296,0.3780052065849304,0.28983747959136963,0.9369586706161499,-0.04017173498868942,0.6535258293151855,0.4969870448112488,0.9988775849342346,-0.12435434758663177,0.7865327596664429,0.5307134389877319,0.9574875831604004,-0.10964686423540115,1.011037826538086,0.37323158979415894,0.07185488939285278,-0.17000213265419006,0.016134977340698242,-0.08522346615791321,0.35672932863235474,-0.1736150123178959,0.48523396253585815,0.290408730506897,0.4957333207130432,-0.040848832577466965,0.502312183380127,0.4506543278694153,0.510038435459137,-0.009333528578281403,0.4811808466911316,0.21205246448516846,0.461086630821228,-0.024842098355293274,0.5253493785858154,0.176132470369339,3.0,3.0,3.0,3.0,3.0,3.0,3.0,3.0,3.0,3.0,3.0,3.0,3.0,3.0,3.0,3.0,3.0,3.0,3.0,3.0,0.05,0.05,0.05,0.05,0.05,0.05,0.05,0.05,0.05,0.05,0.05,0.05,0.05,0.05,0.05,0.05,0.05,0.05,0.05,0.05,0.0,0.0,0.0,0.0,0.0,0.0,0.0,0.0,0.0,0.0,0.0,0.0,0.0,0.0,0.0,0.0,0.0,0.0,0.0,0.0,0.49260854721069336,0.42069879174232483,0.34844130277633667,0.01383438240736723,0.6502746343612671,0.04151018708944321,0.5739642381668091,0.30233249068260193,1.1224157810211182,0.04137442260980606,1.0018339157104492,0.5937915444374084,1.228983759880066,0.10685378313064575,1.1589411497116089,0.6043384671211243,1.187941312789917,0.05833037570118904,1.354277491569519,0.4539620280265808,-0.8953414857387543,-0.058451294898986816,0.03555193543434143,-0.3677567816339433,1.6531959176063538,0.6712397560477257,2.1886155009269714,0.8311375975608826,1.0681211948394775,0.16454895958304405,1.7828002572059631,0.7948577404022217,0.5540519952774048,-0.33784378319978714,1.069200038909912,0.32677650451660156,0.13981759548187256,-0.31323134899139404,1.12343430519104,0.27823150157928467,3.0,3.0,3.0,3.0,3.0,3.0,3.0,3.0,3.0,3.0,3.0,3.0,3.0,3.0,3.0,3.0,3.0,3.0,3.0,3.0,0.05,0.05,0.05,0.05,0.05,0.05,0.05,0.05,0.05,0.05,0.05,0.05,0.05,0.05,0.05,0.05,0.05,0.05,0.05,0.05,0.0,0.0,0.0,0.0,0.0,0.0,0.0,0.0,0.0,0.0,0.0,0.0,0.0,0.0,0.0,0.0,0.0,0.0,0.0,0.0
0.6949120163917542,0.4296503961086273,0.35245928168296814,0.4049529433250427,0.5423001050949097,-0.05036735534667969,0.3893640339374542,0.29628053307533264,0.9483499526977539,-0.04109552875161171,0.6669616103172302,0.5076287984848022,1.0106319189071655,-0.12432665377855301,0.7987483739852905,0.536288321018219,0.9686015844345093,-0.10957863926887512,1.0245674848556519,0.37849873304367065,0.10806918144226074,-0.23432224988937378,0.021386146545410156,-0.01764148473739624,0.4707351326942444,-0.21719764918088913,0.6376951932907104,0.3460004925727844,0.6138354539871216,-0.057645514607429504,0.824970006942749,0.6008699536323547,0.6296977400779724,0.009462609887123108,0.7281765341758728,0.342617928981781,0.6122007966041565,0.031000934541225433,0.8113503456115723,0.3465421497821808,3.0,3.0,3.0,3.0,3.0,3.0,3.0,3.0,3.0,3.0,3.0,3.0,3.0,3.0,3.0,3.0,3.0,3.0,3.0,3.0,0.05,0.05,0.05,0.05,0.05,0.05,0.05,0.05,0.05,0.05,0.05,0.05,0.05,0.05,0.05,0.05,0.05,0.05,0.05,0.05,0.0,0.0,0.0,0.0,0.0,0.0,0.0,0.0,0.0,0.0,0.0,0.0,0.0,0.0,0.0,0.0,0.0,0.0,0.0,0.0,0.47584137320518494,0.419296532869339,0.3488861620426178,0.007182933855801821,0.6831569671630859,0.05466878041625023,0.6181777715682983,0.3190251290798187,1.1424839496612549,0.044392120093107224,1.0350604057312012,0.6089590787887573,1.2395180463790894,0.10034919530153275,1.179352045059204,0.6103192567825317,1.1900240182876587,0.052203767001628876,1.3753598928451538,0.45862850546836853,-0.7893785834312439,-0.07507652044296265,0.00393986701965332,-0.3038687980733812,1.65175199508667,0.6457604467868805,2.211099863052368,0.8339866995811462,0.9686052799224854,0.13710083439946175,1.5616148710250854,0.7302731275558472,0.5058258771896362,-0.3178248181939125,0.9684711694717407,0.2731427550315857,0.0807642936706543,-0.3067631274461746,0.9873956441879272,0.19046589732170105,3.0,3.0,3.0,3.0,3.0,3.0,3.0,3.0,3.0,3.0,3.0,3.0,3.0,3.0,3.0,3.0,3.0,3.0,3.0,3.0,0.05,0.05,0.05,0.05,0.05,0.05,0.05,0.05,0.05,0.05,0.05,0.05,0.05,0.05,0.05,0.05,0.05,0.05,0.05,0.05,0.0,0.0,0.0,0.0,0.0,0.0,0.0,0.0,0.0,0.0,0.0,0.0,0.0,0.0,0.0,0.0,0.0,0.0,0.0,0.0
0.6973894834518433,0.4244701564311981,0.3529885411262512,0.40509653091430664,0.552608847618103,-0.05514438822865486,0.40351301431655884,0.303677499294281,0.9615120887756348,-0.0424775555729866,0.6865246295928955,0.521021842956543,1.0240654945373535,-0.12397584319114685,0.8156598210334778,0.5444181561470032,0.9819756150245667,-0.10840682685375214,1.0434918403625488,0.38709327578544617,0.15815049409866333,-0.2698272466659546,0.034975260496139526,0.014566630125045776,0.5263835191726685,-0.2582806162536144,0.8173421025276184,0.3991633653640747,0.5819946527481079,-0.060454197227954865,1.167304813861847,0.7542476058006287,0.6179004907608032,0.06088465452194214,1.0125383734703064,0.5004778504371643,0.5898922681808472,0.14067590236663818,1.1026889085769653,0.5434699356555939,3.0,3.0,3.0,3.0,3.0,3.0,3.0,3.0,3.0,3.0,3.0,3.0,3.0,3.0,3.0,3.0,3.0,3.0,3.0,3.0,0.05,0.05,0.05,0.05,0.05,0.05,0.05,0.05,0.05,0.05,0.05,0.05,0.05,0.05,0.05,0.05,0.05,0.05,0.05,0.05,0.0,0.0,0.0,0.0,0.0,0.0,0.0,0.0,0.0,0.0,0.0,0.0,0.0,0.0,0.0,0.0,0.0,0.0,0.0,0.0,0.4610334038734436,0.4176957309246063,0.3485988974571228,0.001679630484431982,0.7163447141647339,0.06734060496091843,0.6624082326889038,0.3356919586658478,1.1611599922180176,0.04685845598578453,1.0642985105514526,0.6230024695396423,1.2492167949676514,0.09414079040288925,1.1976799964904785,0.6152641773223877,1.1911718845367432,0.046059850603342056,1.3937733173370361,0.46158066391944885,-0.6888940930366516,-0.08077546954154968,-0.03614649176597595,-0.2521975548006594,1.6518950462341309,0.6134943105280399,2.1934956312179565,0.8282974362373352,0.897333025932312,0.10701268911361694,1.3641178607940674,0.674264132976532,0.4667311906814575,-0.30404962599277496,0.8614182472229004,0.22087842226028442,0.03941357135772705,-0.30905846506357193,0.8555591106414795,0.10395348072052002,3.0,3.0,3.0,3.0,3.0,3.0,3.0,3.0,3.0,3.0,3.0,3.0,3.0,3.0,3.0,3.0,3.0,3.0,3.0,3.0,0.05,0.05,0.05,0.05,0.05,0.05,0.05,0.05,0.05,0.05,0.05,0.05,0.05,0.05,0.05,0.05,0.05,0.05,0.05,0.05,0.0,0.0,0.0,0.0,0.0,0.0,0.0,0.0,0.0,0.0,0.0,0.0,0.0,0.0,0.0,0.0,0.0,0.0,0.0,0.0
0.7012380361557007,0.41885730624198914,0.3538582921028137,0.40553560853004456,0.5633554458618164,-0.060698579996824265,0.42205771803855896,0.31224706768989563,0.9716297388076782,-0.043513696640729904,0.7136538028717041,0.5377987027168274,1.0353479385375977,-0.12189126759767532,0.8392499089241028,0.5563074350357056,0.9921972751617432,-0.1039516031742096,1.0686750411987305,0.4002375304698944,0.1762092113494873,-0.24029985070228577,0.06240233778953552,0.060771405696868896,0.5942374467849731,-0.2556002698838711,0.9522192180156708,0.4332035779953003,0.6136059761047363,-0.04161139950156212,1.4189854264259338,0.8472248911857605,0.676843523979187,0.09083077311515808,1.2492179870605469,0.6275460124015808,0.622875988483429,0.18977373838424683,1.3406813144683838,0.703071802854538,3.0,3.0,3.0,3.0,3.0,3.0,3.0,3.0,3.0,3.0,3.0,3.0,3.0,3.0,3.0,3.0,3.0,3.0,3.0,3.0,0.05,0.05,0.05,0.05,0.05,0.05,0.05,0.05,0.05,0.05,0.05,0.05,0.05,0.05,0.05,0.05,0.05,0.05,0.05,0.05,0.0,0.0,0.0,0.0,0.0,0.0,0.0,0.0,0.0,0.0,0.0,0.0,0.0,0.0,0.0,0.0,0.0,0.0,0.0,0.0,0.44828560948371887,0.416065514087677,0.34744030237197876,-0.002904968336224556,0.7492327690124512,0.07920855283737183,0.7059175968170166,0.35215702652931213,1.1783772706985474,0.0486726276576519,1.0896251201629639,0.6359296441078186,1.2581872940063477,0.08818721026182175,1.2138087749481201,0.6191543936729431,1.1916005611419678,0.039841428399086,1.409582257270813,0.46278664469718933,-0.5877219140529633,-0.08453801274299622,-0.08452385663986206,-0.21112286485731602,1.6282513737678528,0.5696486681699753,2.1551623940467834,0.8216820657253265,0.8249938488006592,0.07586153224110603,1.1721521615982056,0.6192266941070557,0.426366925239563,-0.2893678843975067,0.7497191429138184,0.16821026802062988,0.0020951032638549805,-0.3097149543464184,0.7284671068191528,0.017357617616653442,3.0,3.0,3.0,3.0,3.0,3.0,3.0,3.0,3.0,3.0,3.0,3.0,3.0,3.0,3.0,3.0,3.0,3.0,3.0,3.0,0.05,0.05,0.05,0.05,0.05,0.05,0.05,0.05,0.05,0.05,0.05,0.05,0.05,0.05,0.05,0.05,0.05,0.05,0.05,0.05,0.0,0.0,0.0,0.0,0.0,0.0,0.0,0.0,0.0,0.0,0.0,0.0,0.0,0.0,0.0,0.0,0.0,0.0,0.0,0.0
0.7044378519058228,0.4148581624031067,0.35548463463783264,0.4075273871421814,0.576378345489502,-0.0653683990240097,0.44160178303718567,0.321005642414093,0.9860563278198242,-0.04414201155304909,0.7432840466499329,0.5549108386039734,1.051139235496521,-0.12034261226654053,0.8656285405158997,0.5695199966430664,1.0068906545639038,-0.10081587731838226,1.0971190929412842,0.4152161478996277,0.1554146409034729,-0.23552924394607544,0.08356273174285889,0.13536959886550903,0.6879985332489014,-0.27344273403286934,1.0105378925800323,0.44770464301109314,0.7643520832061768,-0.046162400394678116,1.5696823596954346,0.8826941251754761,0.836065411567688,0.0823047012090683,1.3847872614860535,0.6973311305046082,0.7911652326583862,0.18347576260566711,1.4918804168701172,0.7937408983707428,3.0,3.0,3.0,3.0,3.0,3.0,3.0,3.0,3.0,3.0,3.0,3.0,3.0,3.0,3.0,3.0,3.0,3.0,3.0,3.0,0.05,0.05,0.05,0.05,0.05,0.05,0.05,0.05,0.05,0.05,0.05,0.05,0.05,0.05,0.05,0.05,0.05,0.05,0.05,0.05,0.0,0.0,0.0,0.0,0.0,0.0,0.0,0.0,0.0,0.0,0.0,0.0,0.0,0.0,0.0,0.0,0.0,0.0,0.0,0.0,0.4375245273113251,0.4143142104148865,0.3452179431915283,-0.006765284109860659,0.781474769115448,0.09012655168771744,0.7486147284507751,0.36855924129486084,1.194159746170044,0.04989291727542877,1.1111845970153809,0.6477715373039246,1.2662714719772339,0.08256607502698898,1.2276687622070312,0.6219925880432129,1.1912556886672974,0.03367125242948532,1.4229120016098022,0.462274968624115,-0.5043543875217438,-0.08965730667114258,-0.16174539923667908,-0.17856156919151545,1.6282901167869568,0.5296537652611732,2.0622625946998596,0.8009187877178192,0.8128434419631958,0.05315560847520828,1.0408580303192139,0.5740553140640259,0.3751397132873535,-0.2626175060868263,0.6391286849975586,0.12813806533813477,-0.07548630237579346,-0.29334845021367073,0.578644871711731,-0.05194321274757385,3.0,3.0,3.0,3.0,3.0,3.0,3.0,3.0,3.0,3.0,3.0,3.0,3.0,3.0,3.0,3.0,3.0,3.0,3.0,3.0,0.05,0.05,0.05,0.05,0.05,0.05,0.05,0.05,0.05,0.05,0.05,0.05,0.05,0.05,0.05,0.05,0.05,0.05,0.05,0.05,0.0,0.0,0.0,0.0,0.0,0.0,0.0,0.0,0.0,0.0,0.0,0.0,0.0,0.0,0.0,0.0,0.0,0.0,0.0,0.0
0.7074546217918396,0.4094361364841461,0.3572008013725281,0.4109503924846649,0.5908753871917725,-0.07163628935813904,0.46247923374176025,0.33015525341033936,1.0022038221359253,-0.04536019265651703,0.7764410972595215,0.5731064677238464,1.0687905550003052,-0.11859907954931259,0.8946413993835449,0.5842006802558899,1.0238438844680786,-0.09661257266998291,1.1283502578735352,0.4319871664047241,0.19049644470214844,-0.3529854118824005,0.03216564655303955,0.20862147212028503,0.7144555449485779,-0.3042386844754219,1.1449865996837616,0.48715174198150635,0.757870078086853,-0.018091965466737747,1.7802834510803223,0.9456679224967957,0.781211256980896,0.15091467648744583,1.5651598572731018,0.8121401071548462,0.8158892393112183,0.30125491321086884,1.6828954219818115,0.933721661567688,3.0,3.0,3.0,3.0,3.0,3.0,3.0,3.0,3.0,3.0,3.0,3.0,3.0,3.0,3.0,3.0,3.0,3.0,3.0,3.0,0.05,0.05,0.05,0.05,0.05,0.05,0.05,0.05,0.05,0.05,0.05,0.05,0.05,0.05,0.05,0.05,0.05,0.05,0.05,0.05,0.0,0.0,0.0,0.0,0.0,0.0,0.0,0.0,0.0,0.0,0.0,0.0,0.0,0.0,0.0,0.0,0.0,0.0,0.0,0.0,0.4281114339828491,0.4124792218208313,0.3409704864025116,-0.010047431103885174,0.8143643736839294,0.10039470344781876,0.788408100605011,0.3841937780380249,1.2108910083770752,0.05079885199666023,1.1312594413757324,0.6588918566703796,1.2731928825378418,0.0776825100183487,1.2393739223480225,0.6242799162864685,1.188581109046936,0.02810749039053917,1.4327280521392822,0.4607089161872864,-0.4178486764431,-0.060326606035232544,-0.23152828216552734,-0.15602660132572055,1.4608696103096008,0.4607515409588814,1.8441900610923767,0.7250100374221802,0.6423085927963257,0.029704812914133072,0.7592737674713135,0.44233202934265137,0.245019793510437,-0.21722819656133652,0.46647489070892334,0.06223171949386597,-0.2105504274368286,-0.27449741028249264,0.3750741481781006,-0.14505162835121155,3.0,3.0,3.0,3.0,3.0,3.0,3.0,3.0,3.0,3.0,3.0,3.0,3.0,3.0,3.0,3.0,3.0,3.0,3.0,3.0,0.05,0.05,0.05,0.05,0.05,0.05,0.05,0.05,0.05,0.05,0.05,0.05,0.05,0.05,0.05,0.05,0.05,0.05,0.05,0.05,0.0,0.0,0.0,0.0,0.0,0.0,0.0,0.0,0.0,0.0,0.0,0.0,0.0,0.0,0.0,0.0,0.0,0.0,0.0,0.0
0.7120577096939087,0.40073874592781067,0.3567712604999542,0.4158722460269928,0.6049565672874451,-0.07753794640302658,0.48740124702453613,0.34049171209335327,1.0163711309432983,-0.0448656901717186,0.8144953846931458,0.5927375555038452,1.0823876857757568,-0.1143060252070427,0.9282349348068237,0.6020056009292603,1.0395262241363525,-0.08876568078994751,1.1644349098205566,0.4525650143623352,0.2715989947319031,-0.37497058510780334,0.014507770538330078,0.27237311005592346,0.7026731967926025,-0.28359703719615936,1.378197968006134,0.5354531109333038,0.5775421857833862,0.08595120161771774,1.9965767860412598,0.983816385269165,0.547906756401062,0.3016984090209007,1.8227338790893555,0.9784817695617676,0.6602764129638672,0.5063900724053383,1.9188851118087769,1.1366724967956543,3.0,3.0,3.0,3.0,3.0,3.0,3.0,3.0,3.0,3.0,3.0,3.0,3.0,3.0,3.0,3.0,3.0,3.0,3.0,3.0,0.05,0.05,0.05,0.05,0.05,0.05,0.05,0.05,0.05,0.05,0.05,0.05,0.05,0.05,0.05,0.05,0.05,0.05,0.05,0.05,0.0,0.0,0.0,0.0,0.0,0.0,0.0,0.0,0.0,0.0,0.0,0.0,0.0,0.0,0.0,0.0,0.0,0.0,0.0,0.0,0.4208105802536011,0.4119011461734772,0.3359568119049072,-0.01300634816288948,0.839909553527832,0.10855661332607269,0.8223823308944702,0.39755964279174805,1.219852089881897,0.051081109791994095,1.1415555477142334,0.6654648184776306,1.2760722637176514,0.07387694716453552,1.2463277578353882,0.6244818568229675,1.1828336715698242,0.022691356018185616,1.4379149675369263,0.45647290349006653,-0.3460831940174103,-0.051599740982055664,-0.2891622483730316,-0.14281196054071188,1.180882751941681,0.3729049116373062,1.5763357281684875,0.6141074001789093,0.34756362438201904,-0.0025513581931591034,0.34707188606262207,0.24271011352539062,0.03916919231414795,-0.16935449093580246,0.22747814655303955,-0.0361710786819458,-0.34963786602020264,-0.2618829719722271,0.16021728515625,-0.26593729853630066,3.0,3.0,3.0,3.0,3.0,3.0,3.0,3.0,3.0,3.0,3.0,3.0,3.0,3.0,3.0,3.0,3.0,3.0,3.0,3.0,0.05,0.05,0.05,0.05,0.05,0.05,0.05,0.05,0.05,0.05,0.05,0.05,0.05,0.05,0.05,0.05,0.05,0.05,0.05,0.05,0.0,0.0,0.0,0.0,0.0,0.0,0.0,0.0,0.0,0.0,0.0,0.0,0.0,0.0,0.0,0.0,0.0,0.0,0.0,0.0
0.7183185815811157,0.394437313079834,0.3577811121940613,0.42184531688690186,0.6189823150634766,-0.08298017084598541,0.5176071524620056,0.3515733778476715,1.0253055095672607,-0.04192214459180832,0.8563041687011719,0.612459123134613,1.0907068252563477,-0.10653114318847656,0.9675507545471191,0.6233399510383606,1.0502549409866333,-0.07635696977376938,1.2051056623458862,0.4774540662765503,0.3258362412452698,-0.23881569504737854,0.03306642174720764,0.3005295991897583,0.6953373551368713,-0.23792274296283722,1.5471428632736206,0.5477830767631531,0.4183441400527954,0.1673419028520584,2.1218493580818176,0.9664595127105713,0.3632277250289917,0.38804803043603897,1.9832462072372437,1.0707780718803406,0.44709742069244385,0.6188403815031052,2.0049214363098145,1.2458696961402893,3.0,3.0,3.0,3.0,3.0,3.0,3.0,3.0,3.0,3.0,3.0,3.0,3.0,3.0,3.0,3.0,3.0,3.0,3.0,3.0,0.05,0.05,0.05,0.05,0.05,0.05,0.05,0.05,0.05,0.05,0.05,0.05,0.05,0.05,0.05,0.05,0.05,0.05,0.05,0.05,0.0,0.0,0.0,0.0,0.0,0.0,0.0,0.0,0.0,0.0,0.0,0.0,0.0,0.0,0.0,0.0,0.0,0.0,0.0,0.0,0.4142681062221527,0.4104152321815491,0.32940399646759033,-0.01575990952551365,0.8615996837615967,0.115310899913311,0.8514615297317505,0.4087580740451813,1.224793553352356,0.05069679766893387,1.1451423168182373,0.6686002612113953,1.2747596502304077,0.0709083303809166,1.248473048210144,0.6228330731391907,1.174595594406128,0.017632171511650085,1.4391367435455322,0.45007142424583435,-0.3156423568725586,-0.09784549474716187,-0.3733240067958832,-0.13420884497463703,1.002340018749237,0.3105049952864647,1.3075381517410278,0.4846401512622833,0.18285810947418213,-0.006970018148422241,0.008976459503173828,0.06823092699050903,-0.16480684280395508,-0.11486615985631943,-0.042441487312316895,-0.13814419507980347,-0.44363439083099365,-0.2246849238872528,-0.02472400665283203,-0.38205012679100037,3.0,3.0,3.0,3.0,3.0,3.0,3.0,3.0,3.0,3.0,3.0,3.0,3.0,3.0,3.0,3.0,3.0,3.0,3.0,3.0,0.05,0.05,0.05,0.05,0.05,0.05,0.05,0.05,0.05,0.05,0.05,0.05,0.05,0.05,0.05,0.05,0.05,0.05,0.05,0.05,0.0,0.0,0.0,0.0,0.0,0.0,0.0,0.0,0.0,0.0,0.0,0.0,0.0,0.0,0.0,0.0,0.0,0.0,0.0,0.0
0.7250911593437195,0.3911861181259155,0.35809391736984253,0.42789342999458313,0.6327700614929199,-0.08705485612154007,0.549286961555481,0.3624030351638794,1.0331048965454102,-0.03817201405763626,0.8993693590164185,0.6313959360122681,1.0969167947769165,-0.09878410398960114,1.0075647830963135,0.6448367238044739,1.0574101209640503,-0.0640120655298233,1.2446317672729492,0.5023998022079468,0.3209218382835388,-0.1606173813343048,0.04840046167373657,0.2860419452190399,0.707206130027771,-0.18083881586790085,1.5394330024719238,0.5328580737113953,0.44943392276763916,0.1770075410604477,2.0791903138160706,0.9080901741981506,0.3813832998275757,0.3416717052459717,1.936572790145874,1.033066213130951,0.41419267654418945,0.558603648096323,1.9138842821121216,1.1977076530456543,3.0,3.0,3.0,3.0,3.0,3.0,3.0,3.0,3.0,3.0,3.0,3.0,3.0,3.0,3.0,3.0,3.0,3.0,3.0,3.0,0.05,0.05,0.05,0.05,0.05,0.05,0.05,0.05,0.05,0.05,0.05,0.05,0.05,0.05,0.05,0.05,0.05,0.05,0.05,0.05,0.0,0.0,0.0,0.0,0.0,0.0,0.0,0.0,0.0,0.0,0.0,0.0,0.0,0.0,0.0,0.0,0.0,0.0,0.0,0.0,0.40818488597869873,0.4079873263835907,0.3210238516330719,-0.018374701961874962,0.8800031542778015,0.12097681313753128,0.8746838569641113,0.4169452488422394,1.2271664142608643,0.050802309066057205,1.1419146060943604,0.668194055557251,1.2694799900054932,0.06928230077028275,1.2446300983428955,0.6189560890197754,1.1650882959365845,0.013703959062695503,1.436926007270813,0.4411908984184265,-0.32171234488487244,-0.14722123742103577,-0.4955276846885681,-0.12614261358976364,0.7915005087852478,0.25316085666418076,1.015523076057434,0.34841597080230713,0.018075108528137207,-0.019276514649391174,-0.2738863229751587,-0.0814393162727356,-0.3629356622695923,-0.06156843155622482,-0.2984166145324707,-0.2315804362297058,-0.5866736173629761,-0.18462957814335823,-0.2300351858139038,-0.4823334515094757,3.0,3.0,3.0,3.0,3.0,3.0,3.0,3.0,3.0,3.0,3.0,3.0,3.0,3.0,3.0,3.0,3.0,3.0,3.0,3.0,0.05,0.05,0.05,0.05,0.05,0.05,0.05,0.05,0.05,0.05,0.05,0.05,0.05,0.05,0.05,0.05,0.05,0.05,0.05,0.05,0.0,0.0,0.0,0.0,0.0,0.0,0.0,0.0,0.0,0.0,0.0,0.0,0.0,0.0,0.0,0.0,0.0,0.0,0.0,0.0
0.7311554551124573,0.3880126178264618,0.35971713066101074,0.43328699469566345,0.6472705602645874,-0.09021372348070145,0.5791844725608826,0.3728877007961273,1.0432828664779663,-0.03484184294939041,0.9394717812538147,0.6487827301025391,1.1059621572494507,-0.0928642749786377,1.045013666152954,0.6646625995635986,1.0668226480484009,-0.05401282384991646,1.281661033630371,0.5253623723983765,0.30971765518188477,-0.19431039690971375,0.10476335883140564,0.26739537715911865,0.7569164037704468,-0.21612271666526794,1.5467822551727295,0.546681135892868,0.4590660333633423,0.17708023078739643,1.9853055477142334,0.8361786603927612,0.39271414279937744,0.35379696637392044,1.8489420413970947,0.9763211011886597,0.47012269496917725,0.5843536928296089,1.826035976409912,1.1344075202941895,3.0,3.0,3.0,3.0,3.0,3.0,3.0,3.0,3.0,3.0,3.0,3.0,3.0,3.0,3.0,3.0,3.0,3.0,3.0,3.0,0.05,0.05,0.05,0.05,0.05,0.05,0.05,0.05,0.05,0.05,0.05,0.05,0.05,0.05,0.05,0.05,0.05,0.05,0.05,0.05,0.0,0.0,0.0,0.0,0.0,0.0,0.0,0.0,0.0,0.0,0.0,0.0,0.0,0.0,0.0,0.0,0.0,0.0,0.0,0.0,0.4013996124267578,0.40452638268470764,0.3095828890800476,-0.020805614069104195,0.8932597041130066,0.12543733417987823,0.8920824527740479,0.42269471287727356,1.2255165576934814,0.04992573708295822,1.134186863899231,0.6653426885604858,1.260242223739624,0.0684455931186676,1.2365363836288452,0.6135698556900024,1.1511286497116089,0.010246988385915756,1.429935336112976,0.4307780861854553,-0.3328591585159302,-0.14842823147773743,-0.6667204201221466,-0.11837533675134182,0.5480170249938965,0.19736532121896744,0.7452219724655151,0.23459792137145996,-0.1705557107925415,-0.060487911105155945,-0.5112022161483765,-0.21062791347503662,-0.5484968423843384,-0.04137493669986725,-0.5120187997817993,-0.3078356385231018,-0.7691949605941772,-0.17030222807079554,-0.44453442096710205,-0.555737316608429,3.0,3.0,3.0,3.0,3.0,3.0,3.0,3.0,3.0,3.0,3.0,3.0,3.0,3.0,3.0,3.0,3.0,3.0,3.0,3.0,0.05,0.05,0.05,0.05,0.05,0.05,0.05,0.05,0.05,0.05,0.05,0.05,0.05,0.05,0.05,0.05,0.05,0.05,0.05,0.05,0.0,0.0,0.0,0.0,0.0,0.0,0.0,0.0,0.0,0.0,0.0,0.0,0.0,0.0,0.0,0.0,0.0,0.0,0.0,0.0
0.7374798655509949,0.383413702249527,0.36228445172309875,0.4385892450809479,0.6630467176437378,-0.09569976478815079,0.6111582517623901,0.3842702805995941,1.0514675378799438,-0.031088804826140404,0.9787815809249878,0.6648430824279785,1.1126253604888916,-0.08463222533464432,1.0815224647521973,0.6838895678520203,1.0762150287628174,-0.04063791781663895,1.3176732063293457,0.5477761030197144,0.2925798296928406,-0.1804552972316742,0.11838153004646301,0.2620197832584381,0.7557570934295654,-0.24090725928544998,1.5848755836486816,0.5810081958770752,0.41348040103912354,0.21756221540272236,1.9244566559791565,0.7623195648193359,0.309598445892334,0.4108572378754616,1.763075590133667,0.9165897965431213,0.4146844148635864,0.6373685784637928,1.7263352870941162,1.0764658451080322,3.0,3.0,3.0,3.0,3.0,3.0,3.0,3.0,3.0,3.0,3.0,3.0,3.0,3.0,3.0,3.0,3.0,3.0,3.0,3.0,0.05,0.05,0.05,0.05,0.05,0.05,0.05,0.05,0.05,0.05,0.05,0.05,0.05,0.05,0.05,0.05,0.05,0.05,0.05,0.05,0.0,0.0,0.0,0.0,0.0,0.0,0.0,0.0,0.0,0.0,0.0,0.0,0.0,0.0,0.0,0.0,0.0,0.0,0.0,0.0,0.3948705196380615,0.4020501971244812,0.29435503482818604,-0.023109715431928635,0.9019238352775574,0.12887142598628998,0.9044927358627319,0.4263291656970978,1.2203441858291626,0.04838279262185097,1.1214665174484253,0.6597689390182495,1.2475401163101196,0.06762730330228806,1.2241493463516235,0.6066426634788513,1.1343204975128174,0.006891869939863682,1.419144630432129,0.41896140575408936,-0.23854002356529236,-0.07028952240943909,-0.9804561734199524,-0.11396864429116249,0.21110624074935913,0.14113783836364746,0.38662850856781006,0.04898980259895325,-0.3891944885253906,-0.04209717735648155,-0.9096980094909668,-0.41445642709732056,-0.7005661725997925,0.03775786608457565,-0.8684009313583374,-0.4515543580055237,-0.9234011173248291,-0.06003559101372957,-0.6858646869659424,-0.7069773972034454,3.0,3.0,3.0,3.0,3.0,3.0,3.0,3.0,3.0,3.0,3.0,3.0,3.0,3.0,3.0,3.0,3.0,3.0,3.0,3.0,0.05,0.05,0.05,0.05,0.05,0.05,0.05,0.05,0.05,0.05,0.05,0.05,0.05,0.05,0.05,0.05,0.05,0.05,0.05,0.05,0.0,0.0,0.0,0.0,0.0,0.0,0.0,0.0,0.0,0.0,0.0,0.0,0.0,0.0,0.0,0.0,0.0,0.0,0.0,0.0
0.7428586483001709,0.3807944059371948,0.36445239186286926,0.443767786026001,0.67750084400177,-0.09985001385211945,0.6425794959068298,0.3961280286312103,1.0598220825195312,-0.026139354333281517,1.016450047492981,0.6792755126953125,1.118346095085144,-0.07642998546361923,1.1155366897583008,0.7013261914253235,1.0834100246429443,-0.028518080711364746,1.3507144451141357,0.5684210062026978,0.24729669094085693,-0.07700547575950623,0.08892789483070374,0.23293346166610718,0.6628662347793579,-0.17297547310590744,1.5922337770462036,0.6311491131782532,0.33828914165496826,0.2838499378412962,1.8485456705093384,0.6758213043212891,0.2366870641708374,0.4429429769515991,1.6616970300674438,0.8402377367019653,0.31447410583496094,0.6255221785977483,1.6034871339797974,1.01090669631958,3.0,3.0,3.0,3.0,3.0,3.0,3.0,3.0,3.0,3.0,3.0,3.0,3.0,3.0,3.0,3.0,3.0,3.0,3.0,3.0,0.05,0.05,0.05,0.05,0.05,0.05,0.05,0.05,0.05,0.05,0.05,0.05,0.05,0.05,0.05,0.05,0.05,0.05,0.05,0.05,0.0,0.0,0.0,0.0,0.0,0.0,0.0,0.0,0.0,0.0,0.0,0.0,0.0,0.0,0.0,0.0,0.0,0.0,0.0,0.0,0.3918580114841461,0.4017148017883301,0.2703646421432495,-0.025364359840750694,0.901703953742981,0.13108284771442413,0.9075475931167603,0.4246543049812317,1.2099487781524658,0.04824184998869896,1.0977989435195923,0.648764431476593,1.2322195768356323,0.06995590776205063,1.2018003463745117,0.5955076813697815,1.1141926050186157,0.007845564745366573,1.4025007486343384,0.4024989902973175,-0.1420937478542328,0.14535784721374512,-1.4863062649965286,-0.11271224357187748,-0.1998811960220337,0.10714121162891388,-0.04172772169113159,-0.19182860851287842,-0.6312668323516846,0.0033476389944553375,-1.37195885181427,-0.6461486220359802,-0.9258538484573364,0.11053048074245453,-1.355704665184021,-0.657808780670166,-1.1836856603622437,0.05794109310954809,-1.0313451290130615,-0.9317606687545776,3.0,3.0,3.0,3.0,3.0,3.0,3.0,3.0,3.0,3.0,3.0,3.0,3.0,3.0,3.0,3.0,3.0,3.0,3.0,3.0,0.05,0.05,0.05,0.05,0.05,0.05,0.05,0.05,0.05,0.05,0.05,0.05,0.05,0.05,0.05,0.05,0.05,0.05,0.05,0.05,0.0,0.0,0.0,0.0,0.0,0.0,0.0,0.0,0.0,0.0,0.0,0.0,0.0,0.0,0.0,0.0,0.0,0.0,0.0,0.0
0.7473717331886292,0.38033348321914673,0.3658415675163269,0.44790658354759216,0.6895613670349121,-0.10261878371238708,0.6748476028442383,0.40951624512672424,1.0649991035461426,-0.019734807312488556,1.0527234077453613,0.6918759346008301,1.122092843055725,-0.06691450625658035,1.147990345954895,0.7174990773200989,1.0887939929962158,-0.015617030672729015,1.3818126916885376,0.5882123708724976,0.19178837537765503,0.015605241060256958,0.059923529624938965,0.13063102960586548,0.5880311131477356,-0.08652079850435257,1.527237892150879,0.6463460624217987,0.27879178524017334,0.3198324702680111,1.7119735479354858,0.585116446018219,0.17102360725402832,0.42582470923662186,1.5204787254333496,0.751534104347229,0.18959343433380127,0.5739506334066391,1.424744725227356,0.9092628955841064,3.0,3.0,3.0,3.0,3.0,3.0,3.0,3.0,3.0,3.0,3.0,3.0,3.0,3.0,3.0,3.0,3.0,3.0,3.0,3.0,0.05,0.05,0.05,0.05,0.05,0.05,0.05,0.05,0.05,0.05,0.05,0.05,0.05,0.05,0.05,0.05,0.05,0.05,0.05,0.05,0.0,0.0,0.0,0.0,0.0,0.0,0.0,0.0,0.0,0.0,0.0,0.0,0.0,0.0,0.0,0.0,0.0,0.0,0.0,0.0,0.3891867697238922,0.407864511013031,0.2349027842283249,-0.027618205174803734,0.893928587436676,0.13315707445144653,0.9028236269950867,0.41865602135658264,1.1950935125350952,0.04851669818162918,1.0665881633758545,0.6339229941368103,1.2105059623718262,0.07204852253198624,1.1699211597442627,0.5803303122520447,1.0869730710983276,0.009209513664245605,1.3778908252716064,0.38169097900390625,-0.21223947405815125,0.2948932349681854,-1.9978098571300507,-0.1129551324993372,-0.5386993288993835,0.045115500688552856,-0.3576204180717468,-0.3710933029651642,-0.8530944585800171,-0.017438549548387527,-1.6806691884994507,-0.8012145757675171,-1.1704832315444946,0.11406261473894119,-1.7267733812332153,-0.8114486932754517,-1.4484256505966187,0.08880370296537876,-1.33056640625,-1.084977388381958,3.0,3.0,3.0,3.0,3.0,3.0,3.0,3.0,3.0,3.0,3.0,3.0,3.0,3.0,3.0,3.0,3.0,3.0,3.0,3.0,0.05,0.05,0.05,0.05,0.05,0.05,0.05,0.05,0.05,0.05,0.05,0.05,0.05,0.05,0.05,0.05,0.05,0.05,0.05,0.05,0.0,0.0,0.0,0.0,0.0,0.0,0.0,0.0,0.0,0.0,0.0,0.0,0.0,0.0,0.0,0.0,0.0,0.0,0.0,0.0
0.7505301833152771,0.3814186155796051,0.3668493330478668,0.4489930272102356,0.7010220885276794,-0.10331084579229355,0.703669011592865,0.4219818711280823,1.0709737539291382,-0.013346055522561073,1.0849289894104004,0.7026801705360413,1.1251870393753052,-0.05939699709415436,1.1763558387756348,0.7313875555992126,1.0909937620162964,-0.005560055375099182,1.40770423412323,0.604791522026062,0.15068501234054565,0.09855106472969055,0.07097870111465454,0.007858127355575562,0.5668401718139648,-0.036998093128204346,1.3649076223373413,0.6022289395332336,0.2460271120071411,0.3080127644352615,1.4728128910064697,0.4853755235671997,0.07557272911071777,0.3495994955301285,1.2861639261245728,0.6296053528785706,0.07732808589935303,0.45255066361278296,1.181250810623169,0.7507964968681335,3.0,3.0,3.0,3.0,3.0,3.0,3.0,3.0,3.0,3.0,3.0,3.0,3.0,3.0,3.0,3.0,3.0,3.0,3.0,3.0,0.05,0.05,0.05,0.05,0.05,0.05,0.05,0.05,0.05,0.05,0.05,0.05,0.05,0.05,0.05,0.05,0.05,0.05,0.05,0.05,0.0,0.0,0.0,0.0,0.0,0.0,0.0,0.0,0.0,0.0,0.0,0.0,0.0,0.0,0.0,0.0,0.0,0.0,0.0,0.0,0.38336843252182007,0.4135105311870575,0.19045224785804749,-0.029882565140724182,0.8801559805870056,0.13288746774196625,0.8932427763938904,0.4098105728626251,1.1758249998092651,0.04754430800676346,1.0305721759796143,0.6167158484458923,1.1854002475738525,0.07451841235160828,1.132729411125183,0.5630497336387634,1.056255578994751,0.011397712863981724,1.3492780923843384,0.3590998947620392,-0.3816373646259308,0.11702626943588257,-2.0736463367938995,-0.11595156975090504,-0.8856981992721558,-0.0897575169801712,-0.6032124161720276,-0.498393177986145,-1.1056363582611084,-0.10491320863366127,-1.866021752357483,-0.895005464553833,-1.3078927993774414,0.14309901744127274,-1.8915832042694092,-0.8802041411399841,-1.5870928764343262,0.10564306285232306,-1.4607548713684082,-1.1212080717086792,3.0,3.0,3.0,3.0,3.0,3.0,3.0,3.0,3.0,3.0,3.0,3.0,3.0,3.0,3.0,3.0,3.0,3.0,3.0,3.0,0.05,0.05,0.05,0.05,0.05,0.05,0.05,0.05,0.05,0.05,0.05,0.05,0.05,0.05,0.05,0.05,0.05,0.05,0.05,0.05,0.0,0.0,0.0,0.0,0.0,0.0,0.0,0.0,0.0,0.0,0.0,0.0,0.0,0.0,0.0,0.0,0.0,0.0,0.0,0.0
0.753399133682251,0.38427552580833435,0.3686807155609131,0.4482209086418152,0.7122349739074707,-0.10409870743751526,0.7294439077377319,0.4336054027080536,1.0748401880264282,-0.007414296735078096,1.1116359233856201,0.7112909555435181,1.1251157522201538,-0.052930526435375214,1.199436902999878,0.7426832914352417,1.09188711643219,0.002484995871782303,1.4290627241134644,0.6182442307472229,0.0461384654045105,0.152626633644104,0.0851750373840332,-0.05152076482772827,0.4621163010597229,-0.037226639688014984,1.2172415852546692,0.5649693310260773,0.1684725284576416,0.29981571715325117,1.2114018201828003,0.36220401525497437,-0.03102421760559082,0.34146662801504135,1.0476350784301758,0.5154803395271301,0.013768672943115234,0.4380910424515605,0.9412169456481934,0.5971238017082214,3.0,3.0,3.0,3.0,3.0,3.0,3.0,3.0,3.0,3.0,3.0,3.0,3.0,3.0,3.0,3.0,3.0,3.0,3.0,3.0,0.05,0.05,0.05,0.05,0.05,0.05,0.05,0.05,0.05,0.05,0.05,0.05,0.05,0.05,0.05,0.05,0.05,0.05,0.05,0.05,0.0,0.0,0.0,0.0,0.0,0.0,0.0,0.0,0.0,0.0,0.0,0.0,0.0,0.0,0.0,0.0,0.0,0.0,0.0,0.0,0.373921275138855,0.4125455617904663,0.1519569307565689,-0.032256267964839935,0.8585006594657898,0.12956677377223969,0.8786951303482056,0.39872029423713684,1.1508680582046509,0.04432016983628273,0.9919472932815552,0.598122775554657,1.1581902503967285,0.07777248322963715,1.0942578315734863,0.5451221466064453,1.0234893560409546,0.013435236178338528,1.3194606304168701,0.3368426561355591,-0.5681805312633514,0.027189403772354126,-1.7438217997550964,-0.1372179016470909,-1.2017473578453064,-0.22474341094493866,-0.8498549461364746,-0.6182484328746796,-1.2982875108718872,-0.1972516067326069,-1.9893214106559753,-0.967755913734436,-1.5359550714492798,0.09527914226055145,-2.064657211303711,-0.960896909236908,-1.773059368133545,0.08027621079236269,-1.6044259071350098,-1.1509455740451813,3.0,3.0,3.0,3.0,3.0,3.0,3.0,3.0,3.0,3.0,3.0,3.0,3.0,3.0,3.0,3.0,3.0,3.0,3.0,3.0,0.05,0.05,0.05,0.05,0.05,0.05,0.05,0.05,0.05,0.05,0.05,0.05,0.05,0.05,0.05,0.05,0.05,0.05,0.05,0.05,0.0,0.0,0.0,0.0,0.0,0.0,0.0,0.0,0.0,0.0,0.0,0.0,0.0,0.0,0.0,0.0,0.0,0.0,0.0,0.0
0.7523757219314575,0.38752368092536926,0.37025633454322815,0.44693219661712646,0.7195067405700684,-0.10479991137981415,0.7523586750030518,0.44458064436912537,1.0777126550674438,-0.0013534268364310265,1.1333850622177124,0.7171683311462402,1.1239460706710815,-0.045738331973552704,1.2182612419128418,0.7520067691802979,1.091544508934021,0.011963586322963238,1.4453529119491577,0.6286764740943909,-0.06274431943893433,0.20494461059570312,0.06251633167266846,-0.13219043612480164,0.2981826663017273,0.00334717333316803,1.041749119758606,0.5015775561332703,0.054392218589782715,0.2893477096222341,0.9315043687820435,0.22528767585754395,-0.13634264469146729,0.3257940523326397,0.8182018995285034,0.4076078534126282,-0.10295212268829346,0.43322332203388214,0.6867289543151855,0.4422798752784729,3.0,3.0,3.0,3.0,3.0,3.0,3.0,3.0,3.0,3.0,3.0,3.0,3.0,3.0,3.0,3.0,3.0,3.0,3.0,3.0,0.05,0.05,0.05,0.05,0.05,0.05,0.05,0.05,0.05,0.05,0.05,0.05,0.05,0.05,0.05,0.05,0.05,0.05,0.05,0.05,0.0,0.0,0.0,0.0,0.0,0.0,0.0,0.0,0.0,0.0,0.0,0.0,0.0,0.0,0.0,0.0,0.0,0.0,0.0,0.0,0.360641211271286,0.41459810733795166,0.12069937586784363,-0.03537128120660782,0.8320860862731934,0.1238977313041687,0.8592485785484314,0.38508063554763794,1.1238934993743896,0.03965424373745918,0.9509993195533752,0.5780056118965149,1.1239620447158813,0.07832957804203033,1.0501431226730347,0.5246138572692871,0.9853332042694092,0.014608761295676231,1.285101056098938,0.31306207180023193,-0.6479747593402863,0.12269020080566406,-1.3594398275017738,-0.1868210732936859,-1.4231592416763306,-0.41252821683883667,-1.0613054037094116,-0.7297836244106293,-1.538190245628357,-0.26342393830418587,-2.1576955914497375,-1.0573789477348328,-1.6636967658996582,0.07205959409475327,-2.2061824798583984,-1.030471920967102,-1.9638359546661377,0.07156643550843,-1.7574340105056763,-1.194901019334793,3.0,3.0,3.0,3.0,3.0,3.0,3.0,3.0,3.0,3.0,3.0,3.0,3.0,3.0,3.0,3.0,3.0,3.0,3.0,3.0,0.05,0.05,0.05,0.05,0.05,0.05,0.05,0.05,0.05,0.05,0.05,0.05,0.05,0.05,0.05,0.05,0.05,0.05,0.05,0.05,0.0,0.0,0.0,0.0,0.0,0.0,0.0,0.0,0.0,0.0,0.0,0.0,0.0,0.0,0.0,0.0,0.0,0.0,0.0,0.0
0.7508893609046936,0.3924733102321625,0.3711813688278198,0.4429332911968231,0.7241622805595398,-0.10396482050418854,0.7711138725280762,0.4536685049533844,1.0770158767700195,0.004159611649811268,1.1488960981369019,0.7203024625778198,1.1196620464324951,-0.039898764342069626,1.232164978981018,0.7589876055717468,1.0877690315246582,0.01981392875313759,1.4565318822860718,0.6359354257583618,-0.13031214475631714,0.25689154863357544,0.04426911473274231,-0.22139251232147217,0.17307251691818237,0.056874752044677734,0.85458904504776,0.4142150282859802,-0.07157623767852783,0.27244845405220985,0.6477773189544678,0.0950932502746582,-0.2665787935256958,0.27055665850639343,0.585600733757019,0.2947494387626648,-0.23673772811889648,0.3619518829509616,0.4506409168243408,0.2872571349143982,3.0,3.0,3.0,3.0,3.0,3.0,3.0,3.0,3.0,3.0,3.0,3.0,3.0,3.0,3.0,3.0,3.0,3.0,3.0,3.0,0.05,0.05,0.05,0.05,0.05,0.05,0.05,0.05,0.05,0.05,0.05,0.05,0.05,0.05,0.05,0.05,0.05,0.05,0.05,0.05,0.0,0.0,0.0,0.0,0.0,0.0,0.0,0.0,0.0,0.0,0.0,0.0,0.0,0.0,0.0,0.0,0.0,0.0,0.0,0.0,0.34800228476524353,0.41745316982269287,0.09757933765649796,-0.03972911089658737,0.8015742897987366,0.11306564509868622,0.8362429141998291,0.36952894926071167,1.0893404483795166,0.033783212304115295,0.9056394696235657,0.5558276176452637,1.0916423797607422,0.08065486699342728,1.0060105323791504,0.5039032697677612,0.9449359178543091,0.016297893598675728,1.249163269996643,0.28904661536216736,-0.7057495415210724,0.06659328937530518,-1.0844890028238297,-0.14263736084103584,-1.6685351729393005,-0.5862770602107048,-1.276637613773346,-0.8403599262237549,-1.69181227684021,-0.35685161128640175,-2.2742867469787598,-1.1267095804214478,-1.835736632347107,0.05334392189979553,-2.3531779646873474,-1.1007331311702728,-2.1102026104927063,0.07436960004270077,-1.8683075904846191,-1.226566731929779,3.0,3.0,3.0,3.0,3.0,3.0,3.0,3.0,3.0,3.0,3.0,3.0,3.0,3.0,3.0,3.0,3.0,3.0,3.0,3.0,0.05,0.05,0.05,0.05,0.05,0.05,0.05,0.05,0.05,0.05,0.05,0.05,0.05,0.05,0.05,0.05,0.05,0.05,0.05,0.05,0.0,0.0,0.0,0.0,0.0,0.0,0.0,0.0,0.0,0.0,0.0,0.0,0.0,0.0,0.0,0.0,0.0,0.0,0.0,0.0
0.7471632361412048,0.3977993428707123,0.37202709913253784,0.4380764961242676,0.7264296412467957,-0.10252492129802704,0.7865422368049622,0.4611492455005646,1.0748496055603027,0.009544511325657368,1.1592961549758911,0.7209720611572266,1.1132829189300537,-0.03491606563329697,1.2416852712631226,0.7637967467308044,1.0820749998092651,0.0264416616410017,1.4633785486221313,0.6401667594909668,-0.26395320892333984,0.298936665058136,0.013506412506103516,-0.24603381752967834,0.05027800798416138,0.06839167326688766,0.6897211074829102,0.3242291510105133,-0.13741254806518555,0.2460453426465392,0.3776073455810547,-0.04509091377258301,-0.36978721618652344,0.23399600759148598,0.3460526466369629,0.17256289720535278,-0.332409143447876,0.3147825598716736,0.21501779556274414,0.11733472347259521,3.0,3.0,3.0,3.0,3.0,3.0,3.0,3.0,3.0,3.0,3.0,3.0,3.0,3.0,3.0,3.0,3.0,3.0,3.0,3.0,0.05,0.05,0.05,0.05,0.05,0.05,0.05,0.05,0.05,0.05,0.05,0.05,0.05,0.05,0.05,0.05,0.05,0.05,0.05,0.05,0.0,0.0,0.0,0.0,0.0,0.0,0.0,0.0,0.0,0.0,0.0,0.0,0.0,0.0,0.0,0.0,0.0,0.0,0.0,0.0,0.3324112296104431,0.41726183891296387,0.07731981575489044,-0.04107677564024925,0.7653446793556213,0.10044664889574051,0.8081830739974976,0.35146623849868774,1.0562210083007812,0.025380179286003113,0.8600278496742249,0.532937228679657,1.050532579421997,0.08046333491802216,0.9560160040855408,0.4805845320224762,0.9009250998497009,0.017583545297384262,1.2103687524795532,0.26399940252304077,-0.7955789566040039,-0.039999932050704956,-0.8562527596950531,-0.1575280912220478,-1.7768055200576782,-0.6669891998171806,-1.4339148998260498,-0.9214840829372406,-1.8645942211151123,-0.4537138156592846,-2.3772016167640686,-1.183772087097168,-1.8868505954742432,-0.04486106336116791,-2.417537569999695,-1.1353015899658203,-2.2351160645484924,0.028928695246577263,-1.9630283117294312,-1.2498043477535248,3.0,3.0,3.0,3.0,3.0,3.0,3.0,3.0,3.0,3.0,3.0,3.0,3.0,3.0,3.0,3.0,3.0,3.0,3.0,3.0,0.05,0.05,0.05,0.05,0.05,0.05,0.05,0.05,0.05,0.05,0.05,0.05,0.05,0.05,0.05,0.05,0.05,0.05,0.05,0.05,0.0,0.0,0.0,0.0,0.0,0.0,0.0,0.0,0.0,0.0,0.0,0.0,0.0,0.0,0.0,0.0,0.0,0.0,0.0,0.0
0.74033123254776,0.4044307768344879,0.37172162532806396,0.433091938495636,0.7261734008789062,-0.10122915357351303,0.7987027168273926,0.46663767099380493,1.071519374847412,0.014001425355672836,1.164000391960144,0.7184988260269165,1.1048705577850342,-0.030538924038410187,1.2460070848464966,0.7658901214599609,1.0744726657867432,0.03240523114800453,1.4651325941085815,0.6406288146972656,-0.38646310567855835,0.3438606858253479,0.00599101185798645,-0.3114074468612671,-0.10285526514053345,0.0783141702413559,0.5029425024986267,0.2088889479637146,-0.23427605628967285,0.2019646344706416,0.07795095443725586,-0.20451247692108154,-0.4678964614868164,0.19411989487707615,0.09010732173919678,0.03421902656555176,-0.44830143451690674,0.26390361599624157,-0.049805641174316406,-0.07754266262054443,3.0,3.0,3.0,3.0,3.0,3.0,3.0,3.0,3.0,3.0,3.0,3.0,3.0,3.0,3.0,3.0,3.0,3.0,3.0,3.0,0.05,0.05,0.05,0.05,0.05,0.05,0.05,0.05,0.05,0.05,0.05,0.05,0.05,0.05,0.05,0.05,0.05,0.05,0.05,0.05,0.0,0.0,0.0,0.0,0.0,0.0,0.0,0.0,0.0,0.0,0.0,0.0,0.0,0.0,0.0,0.0,0.0,0.0,0.0,0.0,0.3161791265010834,0.4158531725406647,0.06332922726869583,-0.046030234545469284,0.7305020689964294,0.08638607710599899,0.7788863182067871,0.33266958594322205,1.014756679534912,0.015634659677743912,0.8105514049530029,0.508476734161377,1.0161683559417725,0.07886042445898056,0.9093090295791626,0.4584912061691284,0.8555312752723694,0.01745504140853882,1.1706421375274658,0.23905444145202637,-0.7726244628429413,-0.06298497319221497,-0.7079528644680977,-0.18791202455759048,-1.7681390047073364,-0.7378268986940384,-1.5008285641670227,-0.9499609470367432,-1.847560703754425,-0.49147603567689657,-2.337266504764557,-1.1687397956848145,-1.8341094255447388,-0.10974984616041183,-2.356138825416565,-1.1033736169338226,-2.1523550152778625,-0.017644884064793587,-1.9144237041473389,-1.201631873846054,3.0,3.0,3.0,3.0,3.0,3.0,3.0,3.0,3.0,3.0,3.0,3.0,3.0,3.0,3.0,3.0,3.0,3.0,3.0,3.0,0.05,0.05,0.05,0.05,0.05,0.05,0.05,0.05,0.05,0.05,0.05,0.05,0.05,0.05,0.05,0.05,0.05,0.05,0.05,0.05,0.0,0.0,0.0,0.0,0.0,0.0,0.0,0.0,0.0,0.0,0.0,0.0,0.0,0.0,0.0,0.0,0.0,0.0,0.0,0.0
0.7317047119140625,0.4115537703037262,0.3722667396068573,0.4256201982498169,0.7223154306411743,-0.0993923544883728,0.8066599369049072,0.46950480341911316,1.0654785633087158,0.017623096704483032,1.1624141931533813,0.7127915620803833,1.094567060470581,-0.02715126983821392,1.2452895641326904,0.7651655077934265,1.0641429424285889,0.036997806280851364,1.4613863229751587,0.637065052986145,-0.5203187465667641,0.3538876771926838,-0.0033967196941375732,-0.36186724901198786,-0.2715677022933932,0.08601509034633532,0.3076300024986267,0.06657764315605164,-0.2949029207229559,0.13517141342163,-0.2186447381973211,-0.37393122911452414,-0.4712939262390081,0.11207014322280831,-0.14654397964476984,-0.11268705129623136,-0.5085259675979559,0.15738345682620933,-0.29899477958678644,-0.29865354299544733,3.0,3.0,3.0,3.0,3.0,3.0,3.0,3.0,3.0,3.0,3.0,3.0,3.0,3.0,3.0,3.0,3.0,3.0,3.0,3.0,0.05,0.05,0.05,0.05,0.05,0.05,0.05,0.05,0.05,0.05,0.05,0.05,0.05,0.05,0.05,0.05,0.05,0.05,0.05,0.05,0.0,0.0,0.0,0.0,0.0,0.0,0.0,0.0,0.0,0.0,0.0,0.0,0.0,0.0,0.0,0.0,0.0,0.0,0.0,0.0,0.30150625109672546,0.41474243998527527,0.049001701176166534,-0.04859325662255287,0.6946191191673279,0.07093357294797897,0.7481499314308167,0.313467800617218,0.9823185801506042,0.00572113785892725,0.7665371894836426,0.4861876368522644,0.9771682024002075,0.07607334107160568,0.8617704510688782,0.4364495873451233,0.8148308992385864,0.01687774993479252,1.1337918043136597,0.2159341275691986,-0.7146619260311057,-0.06576403975486755,-0.6007440388202612,-0.1914313063025459,-1.7293244600295825,-0.7717595435678865,-1.5354529023170305,-0.9587347507476709,-1.7792642116546435,-0.5195327568799192,-2.2677645087241878,-1.1394523084163526,-1.7560705542564226,-0.1666003838181468,-2.259865403175332,-1.0528631508350261,-2.021770179271676,-0.04545720294117849,-1.8360853195190208,-1.1423926800489308,3.0,3.0,3.0,3.0,3.0,3.0,3.0,3.0,3.0,3.0,3.0,3.0,3.0,3.0,3.0,3.0,3.0,3.0,3.0,3.0,0.05,0.05,0.05,0.05,0.05,0.05,0.05,0.05,0.05,0.05,0.05,0.05,0.05,0.05,0.05,0.05,0.05,0.05,0.05,0.05,0.0,0.0,0.0,0.0,0.0,0.0,0.0,0.0,0.0,0.0,0.0,0.0,0.0,0.0,0.0,0.0,0.0,0.0,0.0,0.0
0.7195184826850894,0.41858628392219527,0.37158575654029846,0.41861724853515647,0.7153106927871705,-0.09778854995965962,0.8110079169273376,0.469300776720047,1.0597232580184939,0.019408281892538036,1.1552546024322512,0.7035415768623355,1.0860188007354739,-0.026056118309497854,1.2401453256607058,0.7613826394081117,1.054131627082825,0.038700569421052905,1.45317280292511,0.6286826729774477,-0.628331303596491,0.3293015062808949,-0.04626661539077759,-0.3771029412746374,-0.40784031152724387,0.08110515773296252,0.12129247188568115,-0.06394535303115567,-0.38143992424010675,0.08167135529220035,-0.47706663608549915,-0.5067110061645452,-0.534749031066889,0.052108569070696394,-0.37183463573455255,-0.2460226416587774,-0.5936384201049749,0.07879277691245026,-0.5361735820770208,-0.4896879196166909,3.0,3.0,3.0,3.0,3.0,3.0,3.0,3.0,3.0,3.0,3.0,3.0,3.0,3.0,3.0,3.0,3.0,3.0,3.0,3.0,0.05,0.05,0.05,0.05,0.05,0.05,0.05,0.05,0.05,0.05,0.05,0.05,0.05,0.05,0.05,0.05,0.05,0.05,0.05,0.05,0.0,0.0,0.0,0.0,0.0,0.0,0.0,0.0,0.0,0.0,0.0,0.0,0.0,0.0,0.0,0.0,0.0,0.0,0.0,0.0,0.28759264945983914,0.41322261095046997,0.039299465715885384,-0.05368748679757112,0.6613290905952461,0.05551569536328353,0.7174682021141059,0.2943201959133152,0.9435861110687264,-0.005146650597452855,0.7198408246040354,0.46289864182472285,0.9459255337715156,0.07219640910625469,0.8189144134521493,0.4163766801357274,0.7746604681015024,0.01563675329089168,1.097198724746705,0.19335873425006914,-0.651188194751734,-0.072477757930757,-0.4938022233545733,-0.17767334356903874,-1.7058685421943498,-0.8449752815067669,-1.599805057048778,-0.9878896176814922,-1.7963498830795093,-0.5977085093036225,-2.290874719619723,-1.1534579098224516,-1.6804590821266008,-0.2470863983035053,-2.2058844566344966,-1.023140549659718,-1.928322017192821,-0.08369758725166203,-1.812142133712752,-1.1206295341253163,3.0,3.0,3.0,3.0,3.0,3.0,3.0,3.0,3.0,3.0,3.0,3.0,3.0,3.0,3.0,3.0,3.0,3.0,3.0,3.0,0.05,0.05,0.05,0.05,0.05,0.05,0.05,0.05,0.05,0.05,0.05,0.05,0.05,0.05,0.05,0.05,0.05,0.05,0.05,0.05,0.0,0.0,0.0,0.0,0.0,0.0,0.0,0.0,0.0,0.0,0.0,0.0,0.0,0.0,0.0,0.0,0.0,0.0,0.0,0.0
0.7065714597702029,0.424725830554962,0.3704160749912262,0.4105360805988314,0.7060018181800846,-0.0961481481790543,0.8115116357803345,0.46694698929786693,1.0502209663391116,0.020889950916171046,1.1433315277099614,0.6925231218338015,1.0731770992279055,-0.025066927075386065,1.2304161787033083,0.7553246021270754,1.0403974056243899,0.040149517357349375,1.4399393796920779,0.6174775362014774,-0.7031172513961764,0.3282912075519562,-0.061396509408950806,-0.412719696760179,-0.515529513359067,0.10135192424058914,-0.06837099790572843,-0.17440021038055142,-0.5139797925949097,0.06724148988723841,-0.7113128900527899,-0.6000205874443054,-0.6896018981933594,0.03847144544124655,-0.5775123834609985,-0.3556191921234131,-0.739681720733637,0.0505358912050731,-0.7606774568557684,-0.6266534328460666,3.0,3.0,3.0,3.0,3.0,3.0,3.0,3.0,3.0,3.0,3.0,3.0,3.0,3.0,3.0,3.0,3.0,3.0,3.0,3.0,0.05,0.05,0.05,0.05,0.05,0.05,0.05,0.05,0.05,0.05,0.05,0.05,0.05,0.05,0.05,0.05,0.05,0.05,0.05,0.05,0.0,0.0,0.0,0.0,0.0,0.0,0.0,0.0,0.0,0.0,0.0,0.0,0.0,0.0,0.0,0.0,0.0,0.0,0.0,0.0,0.2754587233066561,0.411843329668045,0.0292496122419836,-0.05570019036531442,0.6263843774795539,0.037134561687708297,0.6841577291488655,0.27395221590995833,0.9104645848274239,-0.018187202513217652,0.6749022006988536,0.44004932045936634,0.9099498391151435,0.06618988513946547,0.7735350728034983,0.3955239653587346,0.7376980185508736,0.013529846444726037,1.0613061189651496,0.17110894620418596,-0.5652211606502546,-0.048707425594328446,-0.4319012630730884,-0.15470152720809,-1.5977337956428554,-0.8911487180739638,-1.5852987766265896,-0.9723886847496018,-1.6958624124527004,-0.6238671485334636,-2.2135108709335354,-1.1159963905811336,-1.5580907464027431,-0.3094104118645184,-2.0887821912765503,-0.9595647454261793,-1.7601296305656489,-0.10654770303517576,-1.7272800207138173,-1.0680563747882856,3.0,3.0,3.0,3.0,3.0,3.0,3.0,3.0,3.0,3.0,3.0,3.0,3.0,3.0,3.0,3.0,3.0,3.0,3.0,3.0,0.05,0.05,0.05,0.05,0.05,0.05,0.05,0.05,0.05,0.05,0.05,0.05,0.05,0.05,0.05,0.05,0.05,0.05,0.05,0.05,0.0,0.0,0.0,0.0,0.0,0.0,0.0,0.0,0.0,0.0,0.0,0.0,0.0,0.0,0.0,0.0,0.0,0.0,0.0,0.0
0.6913937926292424,0.4317179322242735,0.36912989616394043,0.4021084606647493,0.6946895122528078,-0.09373447299003605,0.8082730770111085,0.46232476830482494,1.0391640663146975,0.022097941488027573,1.1268020868301396,0.6795407533645633,1.0584347248077395,-0.024517260491847992,1.2170448303222658,0.7471578717231752,1.0245443582534794,0.04072200506925583,1.4227457046508794,0.6036165356636051,-0.8853971958160456,0.36561563611030995,-0.04666224122047424,-0.404439121484762,-0.6233304738998496,0.10990742594003781,-0.2686336636543274,-0.3334313631057767,-0.48146247863770086,0.002508377656341293,-0.9947717189788929,-0.7464915513992365,-0.6396174430847223,-0.05271048285067038,-0.8224755525589045,-0.5251199007034357,-0.724062323570257,-0.07387222722172684,-0.9654134511947687,-0.8396714925766074,3.0,3.0,3.0,3.0,3.0,3.0,3.0,3.0,3.0,3.0,3.0,3.0,3.0,3.0,3.0,3.0,3.0,3.0,3.0,3.0,0.05,0.05,0.05,0.05,0.05,0.05,0.05,0.05,0.05,0.05,0.05,0.05,0.05,0.05,0.05,0.05,0.05,0.05,0.05,0.05,0.0,0.0,0.0,0.0,0.0,0.0,0.0,0.0,0.0,0.0,0.0,0.0,0.0,0.0,0.0,0.0,0.0,0.0,0.0,0.0,0.26498380303382896,0.41127431392669683,0.02202341519296185,-0.05987554788589472,0.5974197387695319,0.019869746640324978,0.6540562510490423,0.25542464852333113,0.8757516145706183,-0.0301013365387914,0.631300389766694,0.4182587862014775,0.8836019039154058,0.05981999263167395,0.7353631258010873,0.3779940903186802,0.7042552828788764,0.011374845169484648,1.0281075239181523,0.1506364792585377,-0.45863389968872625,-0.000382959842680497,-0.3554583061486529,-0.1539271324872986,-1.4455959200859236,-0.8611370809376339,-1.5256196260452464,-0.9289305657148472,-1.5683323144912913,-0.5781421437859604,-2.093182504177121,-1.0501913726329928,-1.3023361563682723,-0.3088505938649212,-1.8659844994545232,-0.8433155715465657,-1.5154719352722361,-0.08078336250037071,-1.5834748744964766,-0.9834740310907482,3.0,3.0,3.0,3.0,3.0,3.0,3.0,3.0,3.0,3.0,3.0,3.0,3.0,3.0,3.0,3.0,3.0,3.0,3.0,3.0,0.05,0.05,0.05,0.05,0.05,0.05,0.05,0.05,0.05,0.05,0.05,0.05,0.05,0.05,0.05,0.05,0.05,0.05,0.05,0.05,0.0,0.0,0.0,0.0,0.0,0.0,0.0,0.0,0.0,0.0,0.0,0.0,0.0,0.0,0.0,0.0,0.0,0.0,0.0,0.0
0.671155571937561,0.4393504559993744,0.3685495853424072,0.3943585157394409,0.6810685992240906,-0.09175185114145279,0.8007662892341614,0.45360973477363586,1.0309624671936035,0.020990286022424698,1.1035406589508057,0.662663459777832,1.0475924015045166,-0.02717534638941288,1.1975171566009521,0.734319806098938,1.0114349126815796,0.0371946282684803,1.401322841644287,0.5838906764984131,-1.0534971952438466,0.35741925239563405,-0.02529919147491455,-0.3962054848671001,-0.6762653589248713,0.08478462696075544,-0.44629424810409823,-0.5055040121078519,-0.4772901535034235,-0.08495920337736607,-1.3119310140609852,-0.9106427431106651,-0.5609005689621027,-0.1727541908621788,-1.1476576328277643,-0.7447957992553739,-0.6538450717926136,-0.22912342101335526,-1.1494100093841664,-1.0811805725097738,3.0,3.0,3.0,3.0,3.0,3.0,3.0,3.0,3.0,3.0,3.0,3.0,3.0,3.0,3.0,3.0,3.0,3.0,3.0,3.0,0.05,0.05,0.05,0.05,0.05,0.05,0.05,0.05,0.05,0.05,0.05,0.05,0.05,0.05,0.05,0.05,0.05,0.05,0.05,0.05,0.0,0.0,0.0,0.0,0.0,0.0,0.0,0.0,0.0,0.0,0.0,0.0,0.0,0.0,0.0,0.0,0.0,0.0,0.0,0.0,0.25711336731910706,0.41182801127433777,0.015031279996037483,-0.061857275664806366,0.5685605406761169,0.002689078450202942,0.6231329441070557,0.23679499328136444,0.8477312922477722,-0.04131288826465607,0.5911749005317688,0.39804166555404663,0.8578563928604126,0.05383586138486862,0.6988956928253174,0.36179134249687195,0.6770791411399841,0.010298511944711208,0.9979671239852905,0.13176998496055603,-0.2856396138668116,0.1214846968650804,-0.3089897800236979,-0.10662171989679475,-1.195055246353166,-0.8220115210861064,-1.414397358894362,-0.8583124727010838,-1.2335732579231429,-0.5174567922949855,-1.8658012151718362,-0.9256459772586934,-1.025852560997023,-0.24708025157451977,-1.6180768609047158,-0.6933473050594426,-1.1150300502777266,0.0008086441084734306,-1.3635709881782643,-0.8632922545075521,3.0,3.0,3.0,3.0,3.0,3.0,3.0,3.0,3.0,3.0,3.0,3.0,3.0,3.0,3.0,3.0,3.0,3.0,3.0,3.0,0.05,0.05,0.05,0.05,0.05,0.05,0.05,0.05,0.05,0.05,0.05,0.05,0.05,0.05,0.05,0.05,0.05,0.05,0.05,0.05,0.0,0.0,0.0,0.0,0.0,0.0,0.0,0.0,0.0,0.0,0.0,0.0,0.0,0.0,0.0,0.0,0.0,0.0,0.0,0.0
0.6492539048194885,0.4460147023200989,0.36811792850494385,0.3862602412700653,0.667638897895813,-0.09034308791160583,0.7904213070869446,0.44210460782051086,1.0200724601745605,0.01869957335293293,1.0743248462677002,0.6431150436401367,1.0359987020492554,-0.031427428126335144,1.1711385250091553,0.7173660397529602,0.9983905553817749,0.03155706822872162,1.3767693042755127,0.5603693127632141,-1.13249272108078,0.2991311252117157,-0.02720579504966736,-0.39809495210647583,-0.7064029574394226,0.08483007550239563,-0.5851536989212036,-0.6158895790576935,-0.5498230457305908,-0.09946413338184357,-1.5234947204589844,-0.9965687990188599,-0.5837410688400269,-0.20793038420379162,-1.4014452695846558,-0.8939146995544434,-0.6867200136184692,-0.2765541896224022,-1.2785166501998901,-1.2260258197784424,3.0,3.0,3.0,3.0,3.0,3.0,3.0,3.0,3.0,3.0,3.0,3.0,3.0,3.0,3.0,3.0,3.0,3.0,3.0,3.0,0.05,0.05,0.05,0.05,0.05,0.05,0.05,0.05,0.05,0.05,0.05,0.05,0.05,0.05,0.05,0.05,0.05,0.05,0.05,0.05,0.0,0.0,0.0,0.0,0.0,0.0,0.0,0.0,0.0,0.0,0.0,0.0,0.0,0.0,0.0,0.0,0.0,0.0,0.0,0.0,0.2535582184791565,0.41613370180130005,0.009663823992013931,-0.06414041668176651,0.5496175289154053,-0.013010714203119278,0.5974803566932678,0.22109214961528778,0.8264086842536926,-0.05079960823059082,0.5566683411598206,0.38123294711112976,0.8425678014755249,0.04993678256869316,0.6706400513648987,0.3502601981163025,0.6596540808677673,0.011407190933823586,0.9735646843910217,0.11610478907823563,-0.08698105812072754,0.12171939015388489,-0.2299272920936346,-0.08086953312158585,-0.8588314056396484,-0.6884550675749779,-1.2288600206375122,-0.7378961890935898,-0.8360043168067932,-0.43808985501527786,-1.5465602278709412,-0.7303379476070404,-0.4882112145423889,-0.1856548711657524,-1.1806204915046692,-0.43469518423080444,-0.5419313907623291,0.05236356519162655,-1.0195523500442505,-0.671154074370861,3.0,3.0,3.0,3.0,3.0,3.0,3.0,3.0,3.0,3.0,3.0,3.0,3.0,3.0,3.0,3.0,3.0,3.0,3.0,3.0,0.05,0.05,0.05,0.05,0.05,0.05,0.05,0.05,0.05,0.05,0.05,0.05,0.05,0.05,0.05,0.05,0.05,0.05,0.05,0.05,0.0,0.0,0.0,0.0,0.0,0.0,0.0,0.0,0.0,0.0,0.0,0.0,0.0,0.0,0.0,0.0,0.0,0.0,0.0,0.0
0.6258558630943298,0.451315701007843,0.36746135354042053,0.3784347176551819,0.6528124809265137,-0.08835864812135696,0.7773601412773132,0.4289741516113281,1.0089695453643799,0.017011720687150955,1.0426008701324463,0.6228007078170776,1.0242427587509155,-0.035492561757564545,1.141459345817566,0.6985632181167603,0.9839661121368408,0.026132460683584213,1.3501821756362915,0.5348496437072754,-1.1568531394004822,0.22038519382476807,-0.06709769368171692,-0.3271371126174927,-0.7648423314094543,0.09393393993377686,-0.6801500916481018,-0.6504051387310028,-0.6499230861663818,-0.07687569595873356,-1.5878736972808838,-0.994408130645752,-0.6775319576263428,-0.18403055146336555,-1.5095055103302002,-0.9390667080879211,-0.8089840412139893,-0.25708088651299477,-1.3449490070343018,-1.249222457408905,3.0,3.0,3.0,3.0,3.0,3.0,3.0,3.0,3.0,3.0,3.0,3.0,3.0,3.0,3.0,3.0,3.0,3.0,3.0,3.0,0.05,0.05,0.05,0.05,0.05,0.05,0.05,0.05,0.05,0.05,0.05,0.05,0.05,0.05,0.05,0.05,0.05,0.05,0.05,0.05,0.0,0.0,0.0,0.0,0.0,0.0,0.0,0.0,0.0,0.0,0.0,0.0,0.0,0.0,0.0,0.0,0.0,0.0,0.0,0.0,0.25363412499427795,0.41669678688049316,0.005834188312292099,-0.0650920569896698,0.534207284450531,-0.024849124252796173,0.5739785432815552,0.20727914571762085,0.8142911195755005,-0.05883648246526718,0.5293124914169312,0.368828147649765,0.838327944278717,0.046409666538238525,0.6516708731651306,0.34440353512763977,0.655401885509491,0.01239305455237627,0.9571850299835205,0.10492382198572159,0.05606561899185181,0.10167136788368225,-0.17895952914841473,-0.019291602075099945,-0.5235940217971802,-0.5226494744420052,-0.988990068435669,-0.586443766951561,-0.46549737453460693,-0.3168998286128044,-1.1922866106033325,-0.521530956029892,-0.14836937189102173,-0.11976324021816254,-0.828106701374054,-0.22638440132141113,-0.10073035955429077,0.044679222628474236,-0.708828866481781,-0.4871964454650879,3.0,3.0,3.0,3.0,3.0,3.0,3.0,3.0,3.0,3.0,3.0,3.0,3.0,3.0,3.0,3.0,3.0,3.0,3.0,3.0,0.05,0.05,0.05,0.05,0.05,0.05,0.05,0.05,0.05,0.05,0.05,0.05,0.05,0.05,0.05,0.05,0.05,0.05,0.05,0.05,0.0,0.0,0.0,0.0,0.0,0.0,0.0,0.0,0.0,0.0,0.0,0.0,0.0,0.0,0.0,0.0,0.0,0.0,0.0,0.0
0.6029797792434692,0.4548301100730896,0.36543402075767517,0.3731747567653656,0.6370452046394348,-0.08658573031425476,0.7632153034210205,0.41608840227127075,0.9940755367279053,0.015624545514583588,1.0108098983764648,0.6033387184143066,1.0088974237442017,-0.038788650184869766,1.1107583045959473,0.6798033714294434,0.9660311937332153,0.021273832768201828,1.3229713439941406,0.5104004144668579,-1.1974826455116272,0.1895114779472351,-0.08884668350219727,-0.22903457283973694,-0.8122950792312622,0.12249555438756943,-0.7487550377845764,-0.6509706377983093,-0.7874459028244019,-0.043568131513893604,-1.6118213534355164,-0.9711235761642456,-0.8008092641830444,-0.1446726731956005,-1.5652954578399658,-0.9489908814430237,-0.937478244304657,-0.23234072141349316,-1.3601839542388916,-1.2028537690639496,3.0,3.0,3.0,3.0,3.0,3.0,3.0,3.0,3.0,3.0,3.0,3.0,3.0,3.0,3.0,3.0,3.0,3.0,3.0,3.0,0.05,0.05,0.05,0.05,0.05,0.05,0.05,0.05,0.05,0.05,0.05,0.05,0.05,0.05,0.05,0.05,0.05,0.05,0.05,0.05,0.0,0.0,0.0,0.0,0.0,0.0,0.0,0.0,0.0,0.0,0.0,0.0,0.0,0.0,0.0,0.0,0.0,0.0,0.0,0.0,0.25580084323883057,0.42020055651664734,0.002505442826077342,-0.06491208076477051,0.5286737680435181,-0.033916693180799484,0.5579207539558411,0.19763439893722534,0.8077887892723083,-0.063475601375103,0.5089768767356873,0.3603717088699341,0.836633026599884,0.04514625295996666,0.6375157833099365,0.34120482206344604,0.6556248664855957,0.013194359838962555,0.9452115297317505,0.09661693125963211,0.19107237458229065,0.15887096524238586,-0.1606726844329387,0.02035517245531082,-0.2604246139526367,-0.37894994020462036,-0.7372826337814331,-0.4288710653781891,-0.16204118728637695,-0.21553654223680496,-0.849837064743042,-0.32870322465896606,0.11544376611709595,-0.03788238391280174,-0.5171358585357666,-0.05973801016807556,0.17301738262176514,0.07782499305903912,-0.45828819274902344,-0.3269009292125702,3.0,3.0,3.0,3.0,3.0,3.0,3.0,3.0,3.0,3.0,3.0,3.0,3.0,3.0,3.0,3.0,3.0,3.0,3.0,3.0,0.05,0.05,0.05,0.05,0.05,0.05,0.05,0.05,0.05,0.05,0.05,0.05,0.05,0.05,0.05,0.05,0.05,0.05,0.05,0.05,0.0,0.0,0.0,0.0,0.0,0.0,0.0,0.0,0.0,0.0,0.0,0.0,0.0,0.0,0.0,0.0,0.0,0.0,0.0,0.0
0.5779565572738647,0.4588961601257324,0.36390748620033264,0.3692733347415924,0.6203206777572632,-0.08345882594585419,0.7474099397659302,0.40293532609939575,0.9774717092514038,0.015268995426595211,0.9781280159950256,0.5839557647705078,0.9922103881835938,-0.041279468685388565,1.0788475275039673,0.6606035828590393,0.9464669823646545,0.016838831827044487,1.2957748174667358,0.4867354929447174,-1.32695734500885,0.22703781723976135,-0.03355070948600769,-0.19276216626167297,-0.8008986711502075,0.17194468528032303,-0.8185282349586487,-0.6697885692119598,-0.744667649269104,-0.009352201595902443,-1.6943931579589844,-0.9839579463005066,-0.7683902978897095,-0.11701416224241257,-1.6713440418243408,-1.0095953941345215,-0.9023085236549377,-0.21719969809055328,-1.3701051473617554,-1.2343183159828186,3.0,3.0,3.0,3.0,3.0,3.0,3.0,3.0,3.0,3.0,3.0,3.0,3.0,3.0,3.0,3.0,3.0,3.0,3.0,3.0,0.05,0.05,0.05,0.05,0.05,0.05,0.05,0.05,0.05,0.05,0.05,0.05,0.05,0.05,0.05,0.05,0.05,0.05,0.05,0.05,0.0,0.0,0.0,0.0,0.0,0.0,0.0,0.0,0.0,0.0,0.0,0.0,0.0,0.0,0.0,0.0,0.0,0.0,0.0,0.0,0.2612770199775696,0.4230516254901886,-0.0005927190650254488,-0.06427785009145737,0.5237902998924255,-0.04000712186098099,0.5444872379302979,0.1901243031024933,0.8078094720840454,-0.06745794415473938,0.4953190088272095,0.35568001866340637,0.8429456949234009,0.044894371181726456,0.6309854388237,0.34201401472091675,0.6623225808143616,0.015506054274737835,0.9388535022735596,0.09184778481721878,0.36904141306877136,0.15762299299240112,-0.1357637287583202,0.06400961428880692,0.015281140804290771,-0.22699348628520966,-0.47355741262435913,-0.26059597730636597,0.21469444036483765,-0.10086167603731155,-0.45150741934776306,-0.0979594886302948,0.40897876024246216,0.028644874691963196,-0.16900449991226196,0.14143511652946472,0.5732461810112,0.12811832129955292,-0.12799501419067383,-0.12393034994602203,3.0,3.0,3.0,3.0,3.0,3.0,3.0,3.0,3.0,3.0,3.0,3.0,3.0,3.0,3.0,3.0,3.0,3.0,3.0,3.0,0.05,0.05,0.05,0.05,0.05,0.05,0.05,0.05,0.05,0.05,0.05,0.05,0.05,0.05,0.05,0.05,0.05,0.05,0.05,0.05,0.0,0.0,0.0,0.0,0.0,0.0,0.0,0.0,0.0,0.0,0.0,0.0,0.0,0.0,0.0,0.0,0.0,0.0,0.0,0.0
0.5499014854431152,0.46391162276268005,0.36409199237823486,0.3654642701148987,0.6050092577934265,-0.07970794290304184,0.7304741740226746,0.38929685950279236,0.9642888307571411,0.01525045745074749,0.9430341720581055,0.5639804005622864,0.9781618118286133,-0.04346921667456627,1.0439045429229736,0.6394195556640625,0.9299388527870178,0.012585844844579697,1.2681671380996704,0.46102768182754517,-1.32053941488266,0.2433396875858307,-0.02819150686264038,-0.16930997371673584,-0.7126003503799438,0.17971228808164597,-0.8085876703262329,-0.6408959627151489,-0.6286472082138062,-0.0018596416339278221,-1.687324047088623,-0.942423939704895,-0.6436154246330261,-0.11034701019525528,-1.6555070877075195,-1.0052740573883057,-0.7934242486953735,-0.21925847977399826,-1.3396263122558594,-1.241815835237503,3.0,3.0,3.0,3.0,3.0,3.0,3.0,3.0,3.0,3.0,3.0,3.0,3.0,3.0,3.0,3.0,3.0,3.0,3.0,3.0,0.05,0.05,0.05,0.05,0.05,0.05,0.05,0.05,0.05,0.05,0.05,0.05,0.05,0.05,0.05,0.05,0.05,0.05,0.05,0.05,0.0,0.0,0.0,0.0,0.0,0.0,0.0,0.0,0.0,0.0,0.0,0.0,0.0,0.0,0.0,0.0,0.0,0.0,0.0,0.0,0.2705624997615814,0.4265054762363434,-0.0029251063242554665,-0.06235169619321823,0.5292850136756897,-0.04299643263220787,0.5389784574508667,0.1872105598449707,0.8163765668869019,-0.06751006841659546,0.49091657996177673,0.3564533293247223,0.8529921770095825,0.04629204794764519,0.630755603313446,0.34686222672462463,0.6785547137260437,0.01831909269094467,0.9400917291641235,0.09165971726179123,0.5530364811420441,0.10896474123001099,0.07953051826916635,0.08312230929732323,0.4820406436920166,-0.013818126171827316,-0.09960383176803589,-0.03472529351711273,0.7199123501777649,0.04536714404821396,0.08372440934181213,0.21595656871795654,0.80757737159729,0.11996952816843987,0.2606585621833801,0.3947131335735321,0.9855777025222778,0.1683868234977126,0.2452462911605835,0.11310037225484848,3.0,3.0,3.0,3.0,3.0,3.0,3.0,3.0,3.0,3.0,3.0,3.0,3.0,3.0,3.0,3.0,3.0,3.0,3.0,3.0,0.05,0.05,0.05,0.05,0.05,0.05,0.05,0.05,0.05,0.05,0.05,0.05,0.05,0.05,0.05,0.05,0.05,0.05,0.05,0.05,0.0,0.0,0.0,0.0,0.0,0.0,0.0,0.0,0.0,0.0,0.0,0.0,0.0,0.0,0.0,0.0,0.0,0.0,0.0,0.0
0.5251349806785583,0.46862974762916565,0.362779825925827,0.362500935792923,0.5918166637420654,-0.07627033442258835,0.7150664329528809,0.3772994875907898,0.9523258209228516,0.015194609761238098,0.9106350541114807,0.546258807182312,0.9664657711982727,-0.045693349093198776,1.0126272439956665,0.6203926205635071,0.9147300124168396,0.008068492636084557,1.2421897649765015,0.4370628595352173,-1.1897966265678406,0.2112768590450287,-0.05358308553695679,-0.13438090682029724,-0.6376996636390686,0.16279499977827072,-0.7494017481803894,-0.5648739635944366,-0.5982354283332825,-0.001611141487956047,-1.5836641192436218,-0.8480831980705261,-0.5975291132926941,-0.09543942287564278,-1.522110402584076,-0.9233072400093079,-0.7424607872962952,-0.22002801997587085,-1.279670000076294,-1.164335012435913,3.0,3.0,3.0,3.0,3.0,3.0,3.0,3.0,3.0,3.0,3.0,3.0,3.0,3.0,3.0,3.0,3.0,3.0,3.0,3.0,0.05,0.05,0.05,0.05,0.05,0.05,0.05,0.05,0.05,0.05,0.05,0.05,0.05,0.05,0.05,0.05,0.05,0.05,0.05,0.05,0.0,0.0,0.0,0.0,0.0,0.0,0.0,0.0,0.0,0.0,0.0,0.0,0.0,0.0,0.0,0.0,0.0,0.0,0.0,0.0,0.28339847922325134,0.42741021513938904,0.002588501665741205,-0.06095295771956444,0.5430719256401062,-0.04055984690785408,0.5405030846595764,0.18873529136180878,0.836605966091156,-0.06564325839281082,0.49866798520088196,0.36431828141212463,0.8752487897872925,0.04969315230846405,0.6414117813110352,0.35780254006385803,0.7017456889152527,0.02224152721464634,0.9486633539199829,0.09637179970741272,0.6762176752090454,0.07829293608665466,0.07854047580622137,0.11291829869151115,0.7954597473144531,0.19907206296920776,0.18501728773117065,0.14218389987945557,1.1616453528404236,0.1782899722456932,0.561099499464035,0.48503726720809937,1.1260733008384705,0.19359588623046875,0.6158649921417236,0.5954422056674957,1.2700796127319336,0.1941906288266182,0.5524754524230957,0.31585413962602615,3.0,3.0,3.0,3.0,3.0,3.0,3.0,3.0,3.0,3.0,3.0,3.0,3.0,3.0,3.0,3.0,3.0,3.0,3.0,3.0,0.05,0.05,0.05,0.05,0.05,0.05,0.05,0.05,0.05,0.05,0.05,0.05,0.05,0.05,0.05,0.05,0.05,0.05,0.05,0.05,0.0,0.0,0.0,0.0,0.0,0.0,0.0,0.0,0.0,0.0,0.0,0.0,0.0,0.0,0.0,0.0,0.0,0.0,0.0,0.0
0.5023096203804016,0.4723626971244812,0.3619486689567566,0.3600890338420868,0.5795012712478638,-0.07319614291191101,0.700498104095459,0.3667019009590149,0.9403594136238098,0.015186011791229248,0.8796876072883606,0.5300570726394653,0.9542606472969055,-0.04728679358959198,0.9830201268196106,0.6024872660636902,0.900240421295166,0.0037847240455448627,1.2169803380966187,0.41445428133010864,-1.0253705084323883,0.16537532210350037,-0.041218101978302,-0.14597997069358826,-0.594589114189148,0.15985649079084396,-0.6976410746574402,-0.4938840866088867,-0.6140187382698059,0.009758933447301388,-1.4779970049858093,-0.7601812481880188,-0.6102919578552246,-0.07141036912798882,-1.40751451253891,-0.8464857935905457,-0.7331281900405884,-0.21596368169412017,-1.2223243713378906,-1.0702289640903473,3.0,3.0,3.0,3.0,3.0,3.0,3.0,3.0,3.0,3.0,3.0,3.0,3.0,3.0,3.0,3.0,3.0,3.0,3.0,3.0,0.05,0.05,0.05,0.05,0.05,0.05,0.05,0.05,0.05,0.05,0.05,0.05,0.05,0.05,0.05,0.05,0.05,0.05,0.05,0.05,0.0,0.0,0.0,0.0,0.0,0.0,0.0,0.0,0.0,0.0,0.0,0.0,0.0,0.0,0.0,0.0,0.0,0.0,0.0,0.0,0.29761120676994324,0.42963719367980957,0.00021651270799338818,-0.057834964245557785,0.5611034035682678,-0.03503355011343956,0.5463791489601135,0.19289791584014893,0.8628423810005188,-0.06037846952676773,0.5133605599403381,0.37585482001304626,0.8980351090431213,0.05403588339686394,0.655390202999115,0.37067991495132446,0.729357898235321,0.0260867178440094,0.9621907472610474,0.10429388284683228,0.7165513932704926,-0.19659921526908875,0.38314907578751445,0.14791619032621384,1.1638656258583069,0.40693506598472595,0.5250796675682068,0.36687590181827545,1.5897572040557861,0.3123876638710499,1.1189095675945282,0.8274227380752563,1.447911560535431,0.24879295378923416,1.0204583406448364,0.8581526577472687,1.697675883769989,0.18314081244170666,0.9886175394058228,0.619174912571907,3.0,3.0,3.0,3.0,3.0,3.0,3.0,3.0,3.0,3.0,3.0,3.0,3.0,3.0,3.0,3.0,3.0,3.0,3.0,3.0,0.05,0.05,0.05,0.05,0.05,0.05,0.05,0.05,0.05,0.05,0.05,0.05,0.05,0.05,0.05,0.05,0.05,0.05,0.05,0.05,0.0,0.0,0.0,0.0,0.0,0.0,0.0,0.0,0.0,0.0,0.0,0.0,0.0,0.0,0.0,0.0,0.0,0.0,0.0,0.0
0.4841201603412628,0.47524476051330566,0.36113110184669495,0.35666173696517944,0.5680330991744995,-0.06987607479095459,0.6871607899665833,0.3575441241264343,0.9277650713920593,0.015584967099130154,0.8515151739120483,0.5158515572547913,0.9420540928840637,-0.04854976385831833,0.9563266634941101,0.5865331888198853,0.8854048848152161,-0.0005700546316802502,1.1932967901229858,0.3942537009716034,-0.8365608751773834,0.11805519461631775,-0.03404542803764343,-0.19869431853294373,-0.5504459142684937,0.16229376196861267,-0.6364434957504272,-0.42228251695632935,-0.5988955497741699,0.021780235692858696,-1.3298943638801575,-0.660821795463562,-0.5976393818855286,-0.05033435299992561,-1.2655973434448242,-0.7545962929725647,-0.7127538323402405,-0.20923633128404617,-1.1332035064697266,-0.9505115449428558,3.0,3.0,3.0,3.0,3.0,3.0,3.0,3.0,3.0,3.0,3.0,3.0,3.0,3.0,3.0,3.0,3.0,3.0,3.0,3.0,0.05,0.05,0.05,0.05,0.05,0.05,0.05,0.05,0.05,0.05,0.05,0.05,0.05,0.05,0.05,0.05,0.05,0.05,0.05,0.05,0.0,0.0,0.0,0.0,0.0,0.0,0.0,0.0,0.0,0.0,0.0,0.0,0.0,0.0,0.0,0.0,0.0,0.0,0.0,0.0,0.31206053495407104,0.4195462465286255,0.017914464697241783,-0.055036310106515884,0.5896265506744385,-0.024282444268465042,0.5615062713623047,0.2034103274345398,0.9001962542533875,-0.053147751837968826,0.5434243679046631,0.3974151909351349,0.9331652522087097,0.05964487046003342,0.6822301149368286,0.3921286463737488,0.7696527242660522,0.029567159712314606,0.9882080554962158,0.121138796210289,0.7238283753395081,-0.45823603868484497,1.1206430674064904,0.13381419703364372,1.462256908416748,0.6096580298617482,0.8345156908035278,0.5959145724773407,1.875770092010498,0.41124727576971054,1.6443923115730286,1.1811234056949615,1.8003478646278381,0.2988896332681179,1.4578446745872498,1.1627480387687683,2.0299121737480164,0.16266489401459694,1.4047682285308838,0.9556271135807037,3.0,3.0,3.0,3.0,3.0,3.0,3.0,3.0,3.0,3.0,3.0,3.0,3.0,3.0,3.0,3.0,3.0,3.0,3.0,3.0,0.05,0.05,0.05,0.05,0.05,0.05,0.05,0.05,0.05,0.05,0.05,0.05,0.05,0.05,0.05,0.05,0.05,0.05,0.05,0.05,0.0,0.0,0.0,0.0,0.0,0.0,0.0,0.0,0.0,0.0,0.0,0.0,0.0,0.0,0.0,0.0,0.0,0.0,0.0,0.0
0.4688471853733063,0.4770849049091339,0.36058685183525085,0.35214126110076904,0.557483434677124,-0.0667043924331665,0.6750403642654419,0.3498106002807617,0.916403591632843,0.016057221218943596,0.8264918327331543,0.5036242008209229,0.9303550720214844,-0.049300167709589005,0.9323962330818176,0.5723034143447876,0.8717302680015564,-0.004584729205816984,1.1716521978378296,0.3764338195323944,-0.6792798638343811,0.08629485964775085,-0.046133995056152344,-0.25088638067245483,-0.45628994703292847,0.1317635178565979,-0.5442902445793152,-0.34033507108688354,-0.497184693813324,0.008062063716351986,-1.139475405216217,-0.5488947033882141,-0.5022794008255005,-0.04074191674590111,-1.0880574584007263,-0.6522014737129211,-0.6090030074119568,-0.1941410475410521,-0.9949594736099243,-0.8157283067703247,3.0,3.0,3.0,3.0,3.0,3.0,3.0,3.0,3.0,3.0,3.0,3.0,3.0,3.0,3.0,3.0,3.0,3.0,3.0,3.0,0.05,0.05,0.05,0.05,0.05,0.05,0.05,0.05,0.05,0.05,0.05,0.05,0.05,0.05,0.05,0.05,0.05,0.05,0.05,0.05,0.0,0.0,0.0,0.0,0.0,0.0,0.0,0.0,0.0,0.0,0.0,0.0,0.0,0.0,0.0,0.0,0.0,0.0,0.0,0.0,0.32656434178352356,0.41130775213241577,0.045042235404253006,-0.052482396364212036,0.6195936799049377,-0.010647228918969631,0.5797597765922546,0.21673449873924255,0.9378731846809387,-0.04392857849597931,0.5791362524032593,0.4230997562408447,0.9700490236282349,0.06599146872758865,0.713703989982605,0.4171898365020752,0.8105543851852417,0.03259331360459328,1.0183814764022827,0.14251896739006042,0.718950480222702,-0.2877533435821533,1.497070724144578,0.141085684299469,1.6039922833442688,0.6949084345251322,1.0015368461608887,0.7114879786968231,1.8848150968551636,0.5102063529193401,1.841813325881958,1.3088412582874298,1.8545404076576233,0.31087975949048996,1.6293510794639587,1.2723185122013092,1.9609317183494568,0.1820162869989872,1.5080541372299194,1.0881658643484116,3.0,3.0,3.0,3.0,3.0,3.0,3.0,3.0,3.0,3.0,3.0,3.0,3.0,3.0,3.0,3.0,3.0,3.0,3.0,3.0,0.05,0.05,0.05,0.05,0.05,0.05,0.05,0.05,0.05,0.05,0.05,0.05,0.05,0.05,0.05,0.05,0.05,0.05,0.05,0.05,0.0,0.0,0.0,0.0,0.0,0.0,0.0,0.0,0.0,0.0,0.0,0.0,0.0,0.0,0.0,0.0,0.0,0.0,0.0,0.0
0.4569489657878876,0.4786965548992157,0.35928574204444885,0.34662628173828125,0.5497815012931824,-0.06460553407669067,0.6653891801834106,0.343930721282959,0.9078776836395264,0.015907449647784233,0.8059361577033997,0.4938957691192627,0.9219629168510437,-0.05017944052815437,0.912804365158081,0.5604451298713684,0.8610447645187378,-0.008335696533322334,1.1534984111785889,0.3616245687007904,-0.4272185266017914,0.0777997076511383,-0.08325725793838501,-0.32716095447540283,-0.3074154257774353,0.07095597684383392,-0.4177585244178772,-0.2446092665195465,-0.34139901399612427,-0.03293948248028755,-0.8996278047561646,-0.4077829420566559,-0.2990737557411194,-0.06598159670829773,-0.8648425340652466,-0.5344018340110779,-0.4250839352607727,-0.21298929350450635,-0.8042395114898682,-0.6566435098648071,3.0,3.0,3.0,3.0,3.0,3.0,3.0,3.0,3.0,3.0,3.0,3.0,3.0,3.0,3.0,3.0,3.0,3.0,3.0,3.0,0.05,0.05,0.05,0.05,0.05,0.05,0.05,0.05,0.05,0.05,0.05,0.05,0.05,0.05,0.05,0.05,0.05,0.05,0.05,0.05,0.0,0.0,0.0,0.0,0.0,0.0,0.0,0.0,0.0,0.0,0.0,0.0,0.0,0.0,0.0,0.0,0.0,0.0,0.0,0.0,0.3408185541629791,0.40803611278533936,0.0777972936630249,-0.049392882734537125,0.6537862420082092,0.003513893112540245,0.6015677452087402,0.23186984658241272,0.975588858127594,-0.03273949772119522,0.6170969009399414,0.4497688412666321,1.0073468685150146,0.07208006083965302,0.747404158115387,0.44302138686180115,0.8480899930000305,0.036847811192274094,1.0485302209854126,0.16466543078422546,0.6683781743049622,-0.16288459300994873,1.6649034805595875,0.1533287577331066,1.814417541027069,0.7181408582255244,1.2062117457389832,0.8175726979970932,1.938013732433319,0.5809619091451168,2.008029818534851,1.3901613652706146,1.8711328506469727,0.285872258245945,1.7650887370109558,1.3281092047691345,1.9310221076011658,0.23826882243156433,1.5976756811141968,1.166011020541191,3.0,3.0,3.0,3.0,3.0,3.0,3.0,3.0,3.0,3.0,3.0,3.0,3.0,3.0,3.0,3.0,3.0,3.0,3.0,3.0,0.05,0.05,0.05,0.05,0.05,0.05,0.05,0.05,0.05,0.05,0.05,0.05,0.05,0.05,0.05,0.05,0.05,0.05,0.05,0.05,0.0,0.0,0.0,0.0,0.0,0.0,0.0,0.0,0.0,0.0,0.0,0.0,0.0,0.0,0.0,0.0,0.0,0.0,0.0,0.0
0.4517584443092346,0.48019689321517944,0.35725656151771545,0.33905482292175293,0.5451868176460266,-0.06386615335941315,0.6583300232887268,0.34002622961997986,0.902747631072998,0.014739641919732094,0.7905067205429077,0.4873128831386566,0.9183921217918396,-0.051939431577920914,0.8978025317192078,0.5509273409843445,0.8547269105911255,-0.013104300945997238,1.1394826173782349,0.3501680791378021,-0.16351565718650818,0.01865401864051819,-0.09723380208015442,-0.42886286973953247,-0.1617342233657837,0.003456324338912964,-0.28639882802963257,-0.14562755823135376,-0.16229599714279175,-0.06715485360473394,-0.633653998374939,-0.25129690766334534,-0.07907748222351074,-0.07902411743998528,-0.6395071744918823,-0.4222854971885681,-0.21242499351501465,-0.21859514527022839,-0.6004661321640015,-0.4938654601573944,3.0,3.0,3.0,3.0,3.0,3.0,3.0,3.0,3.0,3.0,3.0,3.0,3.0,3.0,3.0,3.0,3.0,3.0,3.0,3.0,0.05,0.05,0.05,0.05,0.05,0.05,0.05,0.05,0.05,0.05,0.05,0.05,0.05,0.05,0.05,0.05,0.05,0.05,0.05,0.05,0.0,0.0,0.0,0.0,0.0,0.0,0.0,0.0,0.0,0.0,0.0,0.0,0.0,0.0,0.0,0.0,0.0,0.0,0.0,0.0,0.35329946875572205,0.4047923684120178,0.1116383746266365,-0.04634924605488777,0.6921703815460205,0.018078405410051346,0.628008246421814,0.24943740665912628,1.0153937339782715,-0.020690102130174637,0.6594574451446533,0.4787062108516693,1.0448943376541138,0.07742635905742645,0.7843075394630432,0.4703142046928406,0.8877952694892883,0.04212406650185585,1.0822885036468506,0.18915940821170807,0.5141355097293854,-0.286729633808136,1.646631583571434,0.1574469730257988,1.998552680015564,0.8464012760668993,1.454097032546997,0.9528636932373047,2.062411606311798,0.6070471368730068,2.260740101337433,1.5222728252410889,1.9609779119491577,0.22553373128175735,1.9722357392311096,1.4176659286022186,2.0413607358932495,0.21968446671962738,1.7959028482437134,1.2946054339408875,3.0,3.0,3.0,3.0,3.0,3.0,3.0,3.0,3.0,3.0,3.0,3.0,3.0,3.0,3.0,3.0,3.0,3.0,3.0,3.0,0.05,0.05,0.05,0.05,0.05,0.05,0.05,0.05,0.05,0.05,0.05,0.05,0.05,0.05,0.05,0.05,0.05,0.05,0.05,0.05,0.0,0.0,0.0,0.0,0.0,0.0,0.0,0.0,0.0,0.0,0.0,0.0,0.0,0.0,0.0,0.0,0.0,0.0,0.0,0.0
0.45040833950042725,0.4794427156448364,0.3553963899612427,0.32947176694869995,0.543312132358551,-0.06446728110313416,0.6539332270622253,0.33810561895370483,0.9013858437538147,0.013221255503594875,0.7805899977684021,0.4838438928127289,0.9187998175621033,-0.053340405225753784,0.8872240781784058,0.5435537099838257,0.8525477647781372,-0.01707950234413147,1.1294797658920288,0.34186995029449463,0.058250874280929565,-0.0793755054473877,-0.07929056882858276,-0.4645422101020813,-0.036244094371795654,-0.07671695202589035,-0.16251206398010254,-0.054476410150527954,-0.0069841742515563965,-0.11832248419523239,-0.3671497106552124,-0.09971261024475098,0.13204067945480347,-0.11412343010306358,-0.4160642623901367,-0.3206387162208557,0.00635683536529541,-0.23046452552080154,-0.39080381393432617,-0.33327043056488037,3.0,3.0,3.0,3.0,3.0,3.0,3.0,3.0,3.0,3.0,3.0,3.0,3.0,3.0,3.0,3.0,3.0,3.0,3.0,3.0,0.05,0.05,0.05,0.05,0.05,0.05,0.05,0.05,0.05,0.05,0.05,0.05,0.05,0.05,0.05,0.05,0.05,0.05,0.05,0.05,0.0,0.0,0.0,0.0,0.0,0.0,0.0,0.0,0.0,0.0,0.0,0.0,0.0,0.0,0.0,0.0,0.0,0.0,0.0,0.0,0.36138397455215454,0.3965669274330139,0.14366255700588226,-0.04309500381350517,0.7337283492088318,0.03736994415521622,0.6597316265106201,0.2699843943119049,1.058085322380066,-0.008457612246274948,0.7075265049934387,0.5106597542762756,1.085785984992981,0.08110141009092331,0.8262935876846313,0.4997280240058899,0.9297444224357605,0.04563518986105919,1.1203663349151611,0.21644964814186096,0.31501129269599915,-0.4080921411514282,1.5808237716555595,0.1586485654115677,1.9449219107627869,1.0102533735334873,1.7407208681106567,1.1370692402124405,1.9608169794082642,0.6402227794751525,2.4784252047538757,1.6619659960269928,1.8516004085540771,0.1702476292848587,2.169489860534668,1.5123575925827026,1.9993677735328674,0.13152696192264557,1.9886910915374756,1.472962275147438,3.0,3.0,3.0,3.0,3.0,3.0,3.0,3.0,3.0,3.0,3.0,3.0,3.0,3.0,3.0,3.0,3.0,3.0,3.0,3.0,0.05,0.05,0.05,0.05,0.05,0.05,0.05,0.05,0.05,0.05,0.05,0.05,0.05,0.05,0.05,0.05,0.05,0.05,0.05,0.05,0.0,0.0,0.0,0.0,0.0,0.0,0.0,0.0,0.0,0.0,0.0,0.0,0.0,0.0,0.0,0.0,0.0,0.0,0.0,0.0
0.4540884792804718,0.47702187299728394,0.35408493876457214,0.3204731345176697,0.5437370538711548,-0.06693483144044876,0.6518295407295227,0.33784717321395874,0.9024682641029358,0.010006742551922798,0.7758207321166992,0.4833243787288666,0.9236737489700317,-0.05650436878204346,0.8811599612236023,0.5381017923355103,0.8549811840057373,-0.0223228819668293,1.1238504648208618,0.3368372619152069,0.26176273822784424,-0.14093518257141113,-0.07824525237083435,-0.46014487743377686,0.07415264844894409,-0.1383332535624504,-0.05745291709899902,0.02073720097541809,0.11282861232757568,-0.1730527263134718,-0.11484771966934204,0.04074573516845703,0.30329376459121704,-0.16085486859083176,-0.21048188209533691,-0.23237913846969604,0.2032846212387085,-0.26061153039336205,-0.1900315284729004,-0.17656981945037842,3.0,3.0,3.0,3.0,3.0,3.0,3.0,3.0,3.0,3.0,3.0,3.0,3.0,3.0,3.0,3.0,3.0,3.0,3.0,3.0,0.05,0.05,0.05,0.05,0.05,0.05,0.05,0.05,0.05,0.05,0.05,0.05,0.05,0.05,0.05,0.05,0.05,0.05,0.05,0.05,0.0,0.0,0.0,0.0,0.0,0.0,0.0,0.0,0.0,0.0,0.0,0.0,0.0,0.0,0.0,0.0,0.0,0.0,0.0,0.0,0.365899920463562,0.3884686827659607,0.1748713254928589,-0.040003303438425064,0.769967257976532,0.05848854035139084,0.6976370811462402,0.2949201762676239,1.093826413154602,0.004918809048831463,0.7585944533348083,0.545184850692749,1.1189583539962769,0.0842362642288208,0.8710871338844299,0.5308085083961487,0.967769980430603,0.04738514497876167,1.1618361473083496,0.2480778992176056,0.25181844830513,-0.32864585518836975,1.4823146164417267,0.15463372692465782,1.6940265893936157,1.0056663304567337,1.9942089915275574,1.308959722518921,1.695433259010315,0.6240245420485735,2.6387155055999756,1.7640620470046997,1.6012877225875854,0.0986320897936821,2.3512333631515503,1.579052209854126,1.7344653606414795,0.021438580006361008,2.0829468965530396,1.6447857022285461,3.0,3.0,3.0,3.0,3.0,3.0,3.0,3.0,3.0,3.0,3.0,3.0,3.0,3.0,3.0,3.0,3.0,3.0,3.0,3.0,0.05,0.05,0.05,0.05,0.05,0.05,0.05,0.05,0.05,0.05,0.05,0.05,0.05,0.05,0.05,0.05,0.05,0.05,0.05,0.05,0.0,0.0,0.0,0.0,0.0,0.0,0.0,0.0,0.0,0.0,0.0,0.0,0.0,0.0,0.0,0.0,0.0,0.0,0.0,0.0
0.460878849029541,0.47380530834198,0.3522665798664093,0.3110659718513489,0.5462782382965088,-0.07000061124563217,0.6516351103782654,0.33893510699272156,0.9058989882469177,0.006299146451056004,0.7759960889816284,0.48547372221946716,0.930931568145752,-0.059774599969387054,0.8788048028945923,0.5342585444450378,0.8606791496276855,-0.02750396355986595,1.1218785047531128,0.3348071575164795,0.4089727997779846,-0.14494210481643677,-0.08021891117095947,-0.43240636587142944,0.1895815134048462,-0.16057007014751434,0.04686862230300903,0.09393617510795593,0.21803230047225952,-0.18016906105913222,0.14327466487884521,0.17919465899467468,0.42020976543426514,-0.1341729424893856,-0.004623830318450928,-0.14133602380752563,0.3415912389755249,-0.2240881323814392,0.0012993812561035156,-0.011907517910003662,3.0,3.0,3.0,3.0,3.0,3.0,3.0,3.0,3.0,3.0,3.0,3.0,3.0,3.0,3.0,3.0,3.0,3.0,3.0,3.0,0.05,0.05,0.05,0.05,0.05,0.05,0.05,0.05,0.05,0.05,0.05,0.05,0.05,0.05,0.05,0.05,0.05,0.05,0.05,0.05,0.0,0.0,0.0,0.0,0.0,0.0,0.0,0.0,0.0,0.0,0.0,0.0,0.0,0.0,0.0,0.0,0.0,0.0,0.0,0.0,0.37145671248435974,0.3834210932254791,0.20295514166355133,-0.03690965473651886,0.8014894127845764,0.07759659737348557,0.7394999861717224,0.32234278321266174,1.1259026527404785,0.01650336943566799,0.8130751252174377,0.5812222361564636,1.1498374938964844,0.0850466936826706,0.9203429222106934,0.5628901124000549,0.9991230368614197,0.04649273306131363,1.2036842107772827,0.2822410762310028,0.24607107043266296,-0.24609193205833435,1.2260857969522476,0.16034049913287163,1.5960127115249634,0.8667167276144028,2.047252655029297,1.3223111629486084,1.594710350036621,0.5239865044131875,2.6485607028007507,1.7255619168281555,1.5230506658554077,0.01680925488471985,2.3960620164871216,1.5325501561164856,1.5634238719940186,-0.035777222365140915,2.0608365535736084,1.654277741909027,3.0,3.0,3.0,3.0,3.0,3.0,3.0,3.0,3.0,3.0,3.0,3.0,3.0,3.0,3.0,3.0,3.0,3.0,3.0,3.0,0.05,0.05,0.05,0.05,0.05,0.05,0.05,0.05,0.05,0.05,0.05,0.05,0.05,0.05,0.05,0.05,0.05,0.05,0.05,0.05,0.0,0.0,0.0,0.0,0.0,0.0,0.0,0.0,0.0,0.0,0.0,0.0,0.0,0.0,0.0,0.0,0.0,0.0,0.0,0.0
0.4704473912715912,0.47122418880462646,0.35087618231773376,0.3031768798828125,0.5513203144073486,-0.07335763424634933,0.6537042856216431,0.341604620218277,0.9111895561218262,0.0027999801095575094,0.781551718711853,0.49049216508865356,0.9404821395874023,-0.06187128648161888,0.8809750080108643,0.5324483513832092,0.8686448335647583,-0.03128640726208687,1.123902440071106,0.33636096119880676,0.5195721983909607,-0.13202056288719177,-0.06419718265533447,-0.3045864403247833,0.29175281524658203,-0.1692015677690506,0.1452043652534485,0.15491098165512085,0.33040493726730347,-0.18073476967401803,0.40858834981918335,0.31355395913124084,0.5809396505355835,-0.12252088636159897,0.2366974949836731,-0.025510787963867188,0.515611469745636,-0.19205529242753983,0.24769902229309082,0.1723557710647583,3.0,3.0,3.0,3.0,3.0,3.0,3.0,3.0,3.0,3.0,3.0,3.0,3.0,3.0,3.0,3.0,3.0,3.0,3.0,3.0,0.05,0.05,0.05,0.05,0.05,0.05,0.05,0.05,0.05,0.05,0.05,0.05,0.05,0.05,0.05,0.05,0.05,0.05,0.05,0.05,0.0,0.0,0.0,0.0,0.0,0.0,0.0,0.0,0.0,0.0,0.0,0.0,0.0,0.0,0.0,0.0,0.0,0.0,0.0,0.0,0.37574276328086853,0.3786250054836273,0.2239147573709488,-0.0335896834731102,0.8338077664375305,0.09315720945596695,0.7795271873474121,0.34781262278556824,1.157614827156067,0.025878269225358963,0.8645368814468384,0.6142073273658752,1.1798803806304932,0.0849086344242096,0.9669296145439148,0.5921105146408081,1.0303069353103638,0.045954056084156036,1.244269609451294,0.3142490088939667,0.2209089696407318,-0.2035297453403473,0.9686838835477829,0.1578649040311575,1.458299160003662,0.7253145799040794,2.029028534889221,1.2998983263969421,1.3915568590164185,0.4057981539517641,2.528195083141327,1.5811368823051453,1.2887775897979736,-0.06670281291007996,2.332991361618042,1.4046713709831238,1.41153484582901,-0.10284222662448883,2.0340323448181152,1.6123458743095398,3.0,3.0,3.0,3.0,3.0,3.0,3.0,3.0,3.0,3.0,3.0,3.0,3.0,3.0,3.0,3.0,3.0,3.0,3.0,3.0,0.05,0.05,0.05,0.05,0.05,0.05,0.05,0.05,0.05,0.05,0.05,0.05,0.05,0.05,0.05,0.05,0.05,0.05,0.05,0.05,0.0,0.0,0.0,0.0,0.0,0.0,0.0,0.0,0.0,0.0,0.0,0.0,0.0,0.0,0.0,0.0,0.0,0.0,0.0,0.0
0.48166173696517944,0.4685244858264923,0.3496986925601959,0.29888251423835754,0.5579483509063721,-0.0767686739563942,0.6574432849884033,0.3451315462589264,0.9191151857376099,-0.0009302443359047174,0.7923396229743958,0.4980158805847168,0.9541691541671753,-0.06467543542385101,0.8882727026939392,0.5332381129264832,0.881303608417511,-0.035186175256967545,1.1317864656448364,0.3417013883590698,0.6326295435428619,-0.1299045979976654,-0.06018131971359253,-0.14088451862335205,0.417250394821167,-0.18699448555707932,0.2567574381828308,0.21500065922737122,0.38336366415023804,-0.19022798514924943,0.7034242153167725,0.45731961727142334,0.6753653287887573,-0.09429557248950005,0.4886746406555176,0.09483098983764648,0.6430521607398987,-0.1418856903910637,0.5122959613800049,0.3808930516242981,3.0,3.0,3.0,3.0,3.0,3.0,3.0,3.0,3.0,3.0,3.0,3.0,3.0,3.0,3.0,3.0,3.0,3.0,3.0,3.0,0.05,0.05,0.05,0.05,0.05,0.05,0.05,0.05,0.05,0.05,0.05,0.05,0.05,0.05,0.05,0.05,0.05,0.05,0.05,0.05,0.0,0.0,0.0,0.0,0.0,0.0,0.0,0.0,0.0,0.0,0.0,0.0,0.0,0.0,0.0,0.0,0.0,0.0,0.0,0.0,0.380293071269989,0.37527990341186523,0.24170249700546265,-0.03059505857527256,0.8598213791847229,0.10660918056964874,0.8206611275672913,0.37433871626853943,1.1815649271011353,0.032735295593738556,0.9142029285430908,0.6444677114486694,1.2013885974884033,0.0823785811662674,1.013662576675415,0.6190769672393799,1.05558443069458,0.042379043996334076,1.2850455045700073,0.3467349112033844,0.2559639513492584,-0.1245737075805664,0.7785405963659286,0.15061283484101295,1.3005077838897705,0.6104905158281326,1.9715309143066406,1.2616954743862152,1.1421412229537964,0.30390219762921333,2.3624762892723083,1.4069348573684692,1.0724037885665894,-0.1560170203447342,2.243529260158539,1.255790889263153,1.2024283409118652,-0.20585237070918083,1.9212543964385986,1.5238918364048004,3.0,3.0,3.0,3.0,3.0,3.0,3.0,3.0,3.0,3.0,3.0,3.0,3.0,3.0,3.0,3.0,3.0,3.0,3.0,3.0,0.05,0.05,0.05,0.05,0.05,0.05,0.05,0.05,0.05,0.05,0.05,0.05,0.05,0.05,0.05,0.05,0.05,0.05,0.05,0.05,0.0,0.0,0.0,0.0,0.0,0.0,0.0,0.0,0.0,0.0,0.0,0.0,0.0,0.0,0.0,0.0,0.0,0.0,0.0,0.0
0.49575257301330566,0.46602800488471985,0.34846892952919006,0.2975414991378784,0.5680103302001953,-0.08083741366863251,0.6639745831489563,0.3502046465873718,0.9265241026878357,-0.004809139296412468,0.8096886873245239,0.5087849497795105,0.9674967527389526,-0.06564310938119888,0.900521993637085,0.5362415909767151,0.8943669199943542,-0.036961834877729416,1.1443942785263062,0.3515966832637787,0.7413044571876526,-0.12853741645812988,-0.03748759627342224,0.02056136727333069,0.49527138471603394,-0.1924026757478714,0.34606456756591797,0.2642616629600525,0.4213586449623108,-0.1777656318154186,0.9696468710899353,0.5768969655036926,0.6935536861419678,-0.05097053945064545,0.7490485906600952,0.21855086088180542,0.673849880695343,-0.07010903209447861,0.7260113954544067,0.5808062851428986,3.0,3.0,3.0,3.0,3.0,3.0,3.0,3.0,3.0,3.0,3.0,3.0,3.0,3.0,3.0,3.0,3.0,3.0,3.0,3.0,0.05,0.05,0.05,0.05,0.05,0.05,0.05,0.05,0.05,0.05,0.05,0.05,0.05,0.05,0.05,0.05,0.05,0.05,0.05,0.05,0.0,0.0,0.0,0.0,0.0,0.0,0.0,0.0,0.0,0.0,0.0,0.0,0.0,0.0,0.0,0.0,0.0,0.0,0.0,0.0,0.38598132133483887,0.37364205718040466,0.25505638122558594,-0.02756517007946968,0.8858280777931213,0.11757683008909225,0.8583884239196777,0.39828044176101685,1.2033004760742188,0.038034357130527496,0.9590359330177307,0.670484721660614,1.2227765321731567,0.07866795361042023,1.0566707849502563,0.6423421502113342,1.0784040689468384,0.0377199612557888,1.321119785308838,0.3752046823501587,0.279737263917923,-0.037529319524765015,0.6052173674106598,0.13881567865610123,1.187768578529358,0.4931613802909851,1.72794908285141,1.098340004682541,0.959208607673645,0.23255730047821999,2.0245343446731567,1.1563464999198914,0.8958876132965088,-0.17749611288309097,1.928505301475525,1.029476523399353,0.9662210941314697,-0.2412937581539154,1.5968859195709229,1.2758515775203705,3.0,3.0,3.0,3.0,3.0,3.0,3.0,3.0,3.0,3.0,3.0,3.0,3.0,3.0,3.0,3.0,3.0,3.0,3.0,3.0,0.05,0.05,0.05,0.05,0.05,0.05,0.05,0.05,0.05,0.05,0.05,0.05,0.05,0.05,0.05,0.05,0.05,0.05,0.05,0.05,0.0,0.0,0.0,0.0,0.0,0.0,0.0,0.0,0.0,0.0,0.0,0.0,0.0,0.0,0.0,0.0,0.0,0.0,0.0,0.0
0.5113139152526855,0.4633829891681671,0.34819918870925903,0.29970496892929077,0.5777592062950134,-0.08446478098630905,0.67128586769104,0.3557020127773285,0.9359695315361023,-0.008040869608521461,0.8311254978179932,0.5210917592048645,0.981911301612854,-0.06671425700187683,0.918234646320343,0.5419801473617554,0.9082576036453247,-0.03799053654074669,1.1608269214630127,0.36493363976478577,0.8282557129859924,-0.13037770986557007,-0.004387646913528442,0.18105730414390564,0.5131781101226807,-0.15743225812911987,0.4079550504684448,0.2936720848083496,0.49204230308532715,-0.14857409987598658,1.1916577816009521,0.6629258394241333,0.7121950387954712,-0.035346485674381256,1.0456264019012451,0.36488622426986694,0.7168605923652649,-0.02056686207652092,0.9451746940612793,0.7855169475078583,3.0,3.0,3.0,3.0,3.0,3.0,3.0,3.0,3.0,3.0,3.0,3.0,3.0,3.0,3.0,3.0,3.0,3.0,3.0,3.0,0.05,0.05,0.05,0.05,0.05,0.05,0.05,0.05,0.05,0.05,0.05,0.05,0.05,0.05,0.05,0.05,0.05,0.05,0.05,0.05,0.0,0.0,0.0,0.0,0.0,0.0,0.0,0.0,0.0,0.0,0.0,0.0,0.0,0.0,0.0,0.0,0.0,0.0,0.0,0.0,0.39148256182670593,0.37377873063087463,0.26591119170188904,-0.02504243142902851,0.9073321223258972,0.12633563578128815,0.8897790908813477,0.41827231645584106,1.219933271408081,0.042037587612867355,0.9951843023300171,0.6907215714454651,1.2372241020202637,0.07527873665094376,1.090802788734436,0.660256028175354,1.0942332744598389,0.03272729367017746,1.3489209413528442,0.3977689743041992,0.24587512016296387,0.010105222463607788,0.47650113701820374,0.10903850197792053,0.9929776191711426,0.3936896100640297,1.4316678047180176,0.9095609188079834,0.7137984037399292,0.17439564689993858,1.6076073050498962,0.8951038122177124,0.6088376045227051,-0.15472043305635452,1.5196651220321655,0.79316645860672,0.7015854120254517,-0.234684394672513,1.2441486120224,1.0117359459400177,3.0,3.0,3.0,3.0,3.0,3.0,3.0,3.0,3.0,3.0,3.0,3.0,3.0,3.0,3.0,3.0,3.0,3.0,3.0,3.0,0.05,0.05,0.05,0.05,0.05,0.05,0.05,0.05,0.05,0.05,0.05,0.05,0.05,0.05,0.05,0.05,0.05,0.05,0.05,0.05,0.0,0.0,0.0,0.0,0.0,0.0,0.0,0.0,0.0,0.0,0.0,0.0,0.0,0.0,0.0,0.0,0.0,0.0,0.0,0.0
0.5288828015327454,0.46081289649009705,0.3482934236526489,0.30478379130363464,0.5885374546051025,-0.0871347039937973,0.6802927851676941,0.3619515299797058,0.9462057948112488,-0.010752103291451931,0.857354998588562,0.5353019833564758,0.9959845542907715,-0.06705696880817413,0.9423470497131348,0.5508370399475098,0.9230413436889648,-0.03778450936079025,1.1822012662887573,0.383017361164093,0.8931949734687805,-0.15919730067253113,0.026701390743255615,0.33339112997055054,0.5586996674537659,-0.13931505382061005,0.48661231994628906,0.32554492354393005,0.5016863346099854,-0.1197196776047349,1.3505727052688599,0.7264673709869385,0.671231746673584,-0.000609084963798523,1.2644842267036438,0.48521459102630615,0.7628962397575378,0.03453576937317848,1.12055242061615,0.9450502693653107,3.0,3.0,3.0,3.0,3.0,3.0,3.0,3.0,3.0,3.0,3.0,3.0,3.0,3.0,3.0,3.0,3.0,3.0,3.0,3.0,0.05,0.05,0.05,0.05,0.05,0.05,0.05,0.05,0.05,0.05,0.05,0.05,0.05,0.05,0.05,0.05,0.05,0.05,0.05,0.05,0.0,0.0,0.0,0.0,0.0,0.0,0.0,0.0,0.0,0.0,0.0,0.0,0.0,0.0,0.0,0.0,0.0,0.0,0.0,0.0,0.3958163261413574,0.374046266078949,0.2741164267063141,-0.02320363000035286,0.925547182559967,0.13332441449165344,0.9156551361083984,0.4346628785133362,1.231852412223816,0.04501018300652504,1.0233402252197266,0.7062888741493225,1.247130036354065,0.07247913628816605,1.117457389831543,0.674068808555603,1.1064674854278564,0.028332585468888283,1.3708857297897339,0.4156741201877594,0.19847974181175232,0.015623122453689575,0.3504537045955658,0.08617211133241653,0.7892504334449768,0.3154803067445755,1.1503681540489197,0.7354028522968292,0.4923790693283081,0.12984555214643478,1.2092560529708862,0.648258626461029,0.3608018159866333,-0.11297725141048431,1.1487483978271484,0.5788132548332214,0.46234726905822754,-0.21437783725559711,0.9205877780914307,0.7695257663726807,3.0,3.0,3.0,3.0,3.0,3.0,3.0,3.0,3.0,3.0,3.0,3.0,3.0,3.0,3.0,3.0,3.0,3.0,3.0,3.0,0.05,0.05,0.05,0.05,0.05,0.05,0.05,0.05,0.05,0.05,0.05,0.05,0.05,0.05,0.05,0.05,0.05,0.05,0.05,0.05,0.0,0.0,0.0,0.0,0.0,0.0,0.0,0.0,0.0,0.0,0.0,0.0,0.0,0.0,0.0,0.0,0.0,0.0,0.0,0.0
0.5470417141914368,0.45701509714126587,0.34926724433898926,0.3130406141281128,0.6001071929931641,-0.09003738313913345,0.6907503604888916,0.3687238097190857,0.9560369849205017,-0.012829656712710857,0.8851484060287476,0.550150454044342,1.0087605714797974,-0.06673862040042877,0.9688140153884888,0.5613887310028076,0.9387734532356262,-0.03660910576581955,1.2056490182876587,0.4027356505393982,0.9401470422744751,-0.1971133053302765,0.055430829524993896,0.4867158830165863,0.5956903100013733,-0.13886969536542892,0.5536675453186035,0.35079121589660645,0.5279242992401123,-0.09202256333082914,1.4630839228630066,0.7832616567611694,0.628131628036499,0.026253610849380493,1.4268457889556885,0.6058096885681152,0.7814839482307434,0.08202875033020973,1.2238353490829468,1.0343961417675018,3.0,3.0,3.0,3.0,3.0,3.0,3.0,3.0,3.0,3.0,3.0,3.0,3.0,3.0,3.0,3.0,3.0,3.0,3.0,3.0,0.05,0.05,0.05,0.05,0.05,0.05,0.05,0.05,0.05,0.05,0.05,0.05,0.05,0.05,0.05,0.05,0.05,0.05,0.05,0.05,0.0,0.0,0.0,0.0,0.0,0.0,0.0,0.0,0.0,0.0,0.0,0.0,0.0,0.0,0.0,0.0,0.0,0.0,0.0,0.0,0.399421751499176,0.3744036555290222,0.27992933988571167,-0.02159554697573185,0.9389021396636963,0.13895484805107117,0.9357938170433044,0.44768843054771423,1.2396284341812134,0.04723140969872475,1.0435545444488525,0.7166519165039062,1.251656174659729,0.07075964659452438,1.136752724647522,0.6834085583686829,1.112727165222168,0.024152180179953575,1.3857444524765015,0.42855000495910645,0.14932528138160706,0.02241581678390503,0.23527368903160095,0.0668650958687067,0.537574291229248,0.2530369907617569,0.8550569415092468,0.5646996200084686,0.26619136333465576,0.09955419227480888,0.807604193687439,0.3924340009689331,0.0828772783279419,-0.04503224045038223,0.7756203413009644,0.35734623670578003,0.17539262771606445,-0.18228092230856419,0.5736708641052246,0.5234077572822571,3.0,3.0,3.0,3.0,3.0,3.0,3.0,3.0,3.0,3.0,3.0,3.0,3.0,3.0,3.0,3.0,3.0,3.0,3.0,3.0,0.05,0.05,0.05,0.05,0.05,0.05,0.05,0.05,0.05,0.05,0.05,0.05,0.05,0.05,0.05,0.05,0.05,0.05,0.05,0.05,0.0,0.0,0.0,0.0,0.0,0.0,0.0,0.0,0.0,0.0,0.0,0.0,0.0,0.0,0.0,0.0,0.0,0.0,0.0,0.0
0.5664886832237244,0.452928364276886,0.3505106568336487,0.3242524266242981,0.6123650670051575,-0.09268949180841446,0.7024394869804382,0.37598317861557007,0.9673227667808533,-0.014433005824685097,0.9158783555030823,0.5666324496269226,1.0211098194122314,-0.06600682437419891,0.9994208812713623,0.5750694274902344,0.9543007016181946,-0.03450335934758186,1.2311546802520752,0.4243932068347931,1.0071858763694652,-0.1812286674976321,0.08168146014213423,0.6114862859249032,0.595699250698084,-0.0650627538561821,0.6054580211639321,0.38761198520659984,0.5219250917434637,-0.01594438217580366,1.637828350067122,0.9073570370674022,0.5721986293792614,0.09947121143340891,1.7183244228362815,0.8365392684936412,0.7611438632011303,0.18027909100055417,1.4170855283737016,1.2484721839427795,3.0,3.0,3.0,3.0,3.0,3.0,3.0,3.0,3.0,3.0,3.0,3.0,3.0,3.0,3.0,3.0,3.0,3.0,3.0,3.0,0.05,0.05,0.05,0.05,0.05,0.05,0.05,0.05,0.05,0.05,0.05,0.05,0.05,0.05,0.05,0.05,0.05,0.05,0.05,0.05,0.0,0.0,0.0,0.0,0.0,0.0,0.0,0.0,0.0,0.0,0.0,0.0,0.0,0.0,0.0,0.0,0.0,0.0,0.0,0.0,0.4017893373966217,0.3749428987503052,0.2835273742675781,-0.02052902616560459,0.947050154209137,0.14344589412212372,0.9498574137687683,0.4572508633136749,1.2425000667572021,0.048992350697517395,1.0556443929672241,0.7219862341880798,1.2504451274871826,0.07067784667015076,1.1484822034835815,0.6883626580238342,1.113483190536499,0.021041348576545715,1.3938325643539429,0.4366104304790497,0.09157136082649231,0.03222003579139848,0.10441020131111145,0.04233415238559246,0.35997629165649414,0.17295293509960105,0.5656689405441256,0.39932653307914595,0.09245574474334717,0.06365636363625508,0.40768682956695557,0.11510998010635376,-0.14199614524841309,-0.0004597008228302002,0.4012852907180786,0.11661350727081299,-0.017708539962768555,-0.14979452826082543,0.25534331798553467,0.2765573561191559,3.0,3.0,3.0,3.0,3.0,3.0,3.0,3.0,3.0,3.0,3.0,3.0,3.0,3.0,3.0,3.0,3.0,3.0,3.0,3.0,0.05,0.05,0.05,0.05,0.05,0.05,0.05,0.05,0.05,0.05,0.05,0.05,0.05,0.05,0.05,0.05,0.05,0.05,0.05,0.05,0.0,0.0,0.0,0.0,0.0,0.0,0.0,0.0,0.0,0.0,0.0,0.0,0.0,0.0,0.0,0.0,0.0,0.0,0.0,0.0
0.5873291492462154,0.4497659504413606,0.3525345027446746,0.3375000655651089,0.6239351630210874,-0.09263989329338074,0.7149686813354489,0.3842282891273497,0.9769139885902403,-0.013467431999743004,0.9506615400314324,0.5864447355270381,1.0316485166549678,-0.06275977194309242,1.03754699230194,0.5948503017425533,0.9692192077636714,-0.029397942125797383,1.2623324394226068,0.4526745378971094,0.9984165430068859,-0.15683770179748396,0.09727850556373457,0.6962738931178963,0.533096492290494,-0.000957585871219635,0.5949676036834634,0.3968283534049946,0.4706218838691656,0.041582202538847486,1.660220324993114,0.9487807750701821,0.5215644836425726,0.15215463936328713,1.820558309555037,0.9635895490646251,0.7380262017249978,0.25064866058528135,1.5016704797744584,1.3586342334747175,3.0,3.0,3.0,3.0,3.0,3.0,3.0,3.0,3.0,3.0,3.0,3.0,3.0,3.0,3.0,3.0,3.0,3.0,3.0,3.0,0.05,0.05,0.05,0.05,0.05,0.05,0.05,0.05,0.05,0.05,0.05,0.05,0.05,0.05,0.05,0.05,0.05,0.05,0.05,0.05,0.0,0.0,0.0,0.0,0.0,0.0,0.0,0.0,0.0,0.0,0.0,0.0,0.0,0.0,0.0,0.0,0.0,0.0,0.0,0.0,0.4030846059322357,0.37569245696067816,0.28410574793815613,-0.01990218088030815,0.953301191329956,0.1458729654550552,0.9584205746650695,0.46366149187088007,1.2433266639709473,0.04977766424417495,1.0598620176315308,0.7212563157081604,1.2459763288497925,0.07074125856161118,1.1528041362762451,0.6880730986595154,1.1120188236236572,0.01816039904952056,1.3959581851959229,0.4396122992038727,0.02296343445777893,0.0068031251430511475,-0.05514025688171248,0.015971018001437187,0.08634030818939209,0.08145458996295929,0.24416446685791016,0.2183757722377777,-0.158050656318659,-0.011337921023367968,-0.014385581016540527,-0.15375614166259488,-0.42250752449034534,-0.002132728695869446,-0.014814734458917789,-0.13114809989928922,-0.3024339675903265,-0.15196981839835483,-0.09824931621550959,0.02435520291328569,3.0,3.0,3.0,3.0,3.0,3.0,3.0,3.0,3.0,3.0,3.0,3.0,3.0,3.0,3.0,3.0,3.0,3.0,3.0,3.0,0.05,0.05,0.05,0.05,0.05,0.05,0.05,0.05,0.05,0.05,0.05,0.05,0.05,0.05,0.05,0.05,0.05,0.05,0.05,0.05,0.0,0.0,0.0,0.0,0.0,0.0,0.0,0.0,0.0,0.0,0.0,0.0,0.0,0.0,0.0,0.0,0.0,0.0,0.0,0.0
0.6064253449439998,0.44665485620498663,0.35440179705619806,0.35210338234901395,0.6336889266967772,-0.09272779524326324,0.7262381911277768,0.39185631275176985,0.9861476421356199,-0.012769717723131197,0.9822871685028068,0.6045836806297299,1.0419723987579343,-0.05992063879966743,1.0722432136535638,0.6136130094528194,0.9838217496871945,-0.02447741292417061,1.2912214994430535,0.4787385761737818,0.9507715702056885,-0.15988275408744812,0.10979175567626814,0.7340386509895325,0.4197224974632263,0.007210858166217804,0.5086228251457242,0.35649463534355164,0.4614099860191373,0.04285397008061405,1.537090539932251,0.8843287825584412,0.4756778478622492,0.1452459953725338,1.66706144809724,0.9379923343658447,0.6889998912811335,0.25440203025937064,1.3938277959823664,1.268819719552995,3.0,3.0,3.0,3.0,3.0,3.0,3.0,3.0,3.0,3.0,3.0,3.0,3.0,3.0,3.0,3.0,3.0,3.0,3.0,3.0,0.05,0.05,0.05,0.05,0.05,0.05,0.05,0.05,0.05,0.05,0.05,0.05,0.05,0.05,0.05,0.05,0.05,0.05,0.05,0.05,0.0,0.0,0.0,0.0,0.0,0.0,0.0,0.0,0.0,0.0,0.0,0.0,0.0,0.0,0.0,0.0,0.0,0.0,0.0,0.0,0.40270787477493286,0.3752150237560272,0.2813217639923096,-0.019890185445547104,0.9505037665367126,0.1467040777206421,0.9596239924430847,0.46598589420318604,1.2361780405044558,0.048538833856582676,1.0550689697265625,0.715835988521576,1.2335448265075688,0.07059253752231598,1.1478896141052248,0.6831167340278627,1.101385831832886,0.014962555840611522,1.3899025917053225,0.4375846385955811,-0.06335750222205977,-0.0045984983444227745,-0.27999654412269037,-0.012542121112346302,-0.3530517220497048,-0.026770681142804925,-0.13210624456404807,0.004899501800541273,-0.5336314439773449,-0.09886287152766973,-0.4810214042663463,-0.3993660211563055,-0.7949829101562389,-0.004366785287856709,-0.48439204692839466,-0.37218928337096613,-0.7389962673187145,-0.14718589372932941,-0.5024641752242931,-0.22687986493110102,3.0,3.0,3.0,3.0,3.0,3.0,3.0,3.0,3.0,3.0,3.0,3.0,3.0,3.0,3.0,3.0,3.0,3.0,3.0,3.0,0.05,0.05,0.05,0.05,0.05,0.05,0.05,0.05,0.05,0.05,0.05,0.05,0.05,0.05,0.05,0.05,0.05,0.05,0.05,0.05,0.0,0.0,0.0,0.0,0.0,0.0,0.0,0.0,0.0,0.0,0.0,0.0,0.0,0.0,0.0,0.0,0.0,0.0,0.0,0.0
0.6253600120544429,0.44337064027786266,0.35692617297172535,0.3668616116046902,0.6407240629196165,-0.09235145896673203,0.7353135943412779,0.39848807454109175,0.9953703880310057,-0.011753273196518442,1.0121451616287225,0.6218178868293758,1.0506756305694578,-0.056949932128191064,1.1042294502258296,0.6323699951171871,0.9967792034149168,-0.019221860915422558,1.3180855512619014,0.5034273266792292,0.9388372302055387,-0.1591905951499939,0.11717677116394043,0.7557682693004608,0.3345191478729248,0.02893861383199657,0.42278617620468695,0.31431689858436723,0.438198447227478,0.048163160681724417,1.4367878437042263,0.8341014385223361,0.43459832668304443,0.14300486072897928,1.5492916107177734,0.9404286742210416,0.6506830453872708,0.26344428770244105,1.3220548629760798,1.2073151767253902,3.0,3.0,3.0,3.0,3.0,3.0,3.0,3.0,3.0,3.0,3.0,3.0,3.0,3.0,3.0,3.0,3.0,3.0,3.0,3.0,0.05,0.05,0.05,0.05,0.05,0.05,0.05,0.05,0.05,0.05,0.05,0.05,0.05,0.05,0.05,0.05,0.05,0.05,0.05,0.05,0.0,0.0,0.0,0.0,0.0,0.0,0.0,0.0,0.0,0.0,0.0,0.0,0.0,0.0,0.0,0.0,0.0,0.0,0.0,0.0,0.4005503058433533,0.37550851702690125,0.2729058861732485,-0.020403865724802003,0.9391791224479679,0.144802138209343,0.9531363248825075,0.4638574719429017,1.2219814062118535,0.04582314938306816,1.040621161460877,0.7052816748619082,1.214177012443543,0.07056658715009691,1.1334284543991093,0.6731855273246767,1.0824589729309086,0.012272963300347382,1.3758596181869511,0.43053710460662864,-0.14127716422080716,0.054386258125305176,-0.6029568612575433,-0.0369865447282785,-0.7240965962409862,-0.1592565327882739,-0.4852369427680886,-0.20498186349868358,-0.8289128541946356,-0.17496850341558282,-0.9298175573348888,-0.6398826837539617,-1.0749638080596868,-0.002751685678958893,-0.9234964847564642,-0.6048917770385687,-1.094532012939442,-0.12018105480819992,-0.872594118118275,-0.4639208316802909,3.0,3.0,3.0,3.0,3.0,3.0,3.0,3.0,3.0,3.0,3.0,3.0,3.0,3.0,3.0,3.0,3.0,3.0,3.0,3.0,0.05,0.05,0.05,0.05,0.05,0.05,0.05,0.05,0.05,0.05,0.05,0.05,0.05,0.05,0.05,0.05,0.05,0.05,0.05,0.05,0.0,0.0,0.0,0.0,0.0,0.0,0.0,0.0,0.0,0.0,0.0,0.0,0.0,0.0,0.0,0.0,0.0,0.0,0.0,0.0
0.6439788341522213,0.44028723239898687,0.3590888679027557,0.3823341131210324,0.6470696926116942,-0.09157025068998338,0.7431496381759642,0.40442898869514454,1.003675580024719,-0.01084319129586222,1.039758682250976,0.6379477381706233,1.0593563318252561,-0.054200444370508256,1.1342148780822747,0.651230156421661,1.0098490715026853,-0.013939641416072967,1.3441036939620967,0.5270311832427974,0.9394153952598683,-0.1550212502479581,0.09423419833183566,0.7791720330715263,0.2590402960777338,0.05621854215860367,0.3327846527099665,0.2681896090507549,0.40977895259857455,0.05036226939410023,1.3403326272964644,0.7836371660232655,0.4220098257064875,0.1412387937307375,1.4521747827530018,0.9537070989608876,0.6293535232544001,0.273486366495493,1.2800484895706288,1.1635601520538468,3.0,3.0,3.0,3.0,3.0,3.0,3.0,3.0,3.0,3.0,3.0,3.0,3.0,3.0,3.0,3.0,3.0,3.0,3.0,3.0,0.05,0.05,0.05,0.05,0.05,0.05,0.05,0.05,0.05,0.05,0.05,0.05,0.05,0.05,0.05,0.05,0.05,0.05,0.05,0.05,0.0,0.0,0.0,0.0,0.0,0.0,0.0,0.0,0.0,0.0,0.0,0.0,0.0,0.0,0.0,0.0,0.0,0.0,0.0,0.0,0.3970567882061006,0.37739047408103943,0.2572034895420079,-0.021369647234678244,0.9215399026870732,0.14033381640911113,0.9402145147323612,0.4577866196632387,1.2030215263366704,0.04154009371995936,1.017876267433167,0.6902406811714176,1.1905462741851813,0.07048247009515762,1.1109497547149663,0.6589210629463199,1.0576045513153083,0.010155313648283525,1.3549988269805915,0.4190278053283695,-0.1856483519077315,0.12634620070457458,-1.0114088654518183,-0.058917701244354595,-1.031737029552468,-0.28431229293346544,-0.7867500185966547,-0.39518550038337985,-1.066941022872936,-0.2485112287104149,-1.3298362493515126,-0.8553326129913386,-1.2792974710464589,-0.010867044329643596,-1.3154923915863148,-0.8196085691452082,-1.3736695051193348,-0.09802675340324775,-1.1966735124588124,-0.6821475923061426,3.0,3.0,3.0,3.0,3.0,3.0,3.0,3.0,3.0,3.0,3.0,3.0,3.0,3.0,3.0,3.0,3.0,3.0,3.0,3.0,0.05,0.05,0.05,0.05,0.05,0.05,0.05,0.05,0.05,0.05,0.05,0.05,0.05,0.05,0.05,0.05,0.05,0.05,0.05,0.05,0.0,0.0,0.0,0.0,0.0,0.0,0.0,0.0,0.0,0.0,0.0,0.0,0.0,0.0,0.0,0.0,0.0,0.0,0.0,0.0
0.6629366278648376,0.43716979026794434,0.3606955409049988,0.39802849292755127,0.6510856747627258,-0.09010271728038788,0.7486249804496765,0.40921565890312195,1.0117615461349487,-0.009738782420754433,1.065758466720581,0.6531633734703064,1.0675560235977173,-0.05130038037896156,1.1623164415359497,0.6705182790756226,1.0219533443450928,-0.008282406255602837,1.3692874908447266,0.5499697327613831,0.931559503078469,-0.15989691019058366,0.0956892967224135,0.7831372320652091,0.1636862754821805,0.08308570832014119,0.22623538970947543,0.2152733504772214,0.38167536258698065,0.06928697694093046,1.2472242116928267,0.7298052310943715,0.37554204463959295,0.15617124736309207,1.336678862571733,0.959497690200814,0.5611926317215021,0.29435558244586296,1.2139946222305409,1.1166766285896412,3.0,3.0,3.0,3.0,3.0,3.0,3.0,3.0,3.0,3.0,3.0,3.0,3.0,3.0,3.0,3.0,3.0,3.0,3.0,3.0,0.05,0.05,0.05,0.05,0.05,0.05,0.05,0.05,0.05,0.05,0.05,0.05,0.05,0.05,0.05,0.05,0.05,0.05,0.05,0.05,0.0,0.0,0.0,0.0,0.0,0.0,0.0,0.0,0.0,0.0,0.0,0.0,0.0,0.0,0.0,0.0,0.0,0.0,0.0,0.0,0.39312437176704407,0.38056236505508423,0.23244953155517578,-0.022760573774576187,0.8979096412658691,0.1334296464920044,0.9216663241386414,0.44805005192756653,1.179303765296936,0.035882700234651566,0.9874277114868164,0.6710683703422546,1.1630051136016846,0.07013190537691116,1.0808087587356567,0.6404011845588684,1.0275121927261353,0.008351893164217472,1.3279926776885986,0.40325120091438293,-0.22013112902641574,0.2376079559326172,-1.5137128531932942,-0.08450611494481625,-1.3070747256279103,-0.3700304776430158,-1.050473749637612,-0.569991022348408,-1.263868808746349,-0.27193473652005457,-1.6735196113586537,-1.0388195514679037,-1.471823453903215,-0.004518777132034302,-1.6722172498703114,-1.0151237249374472,-1.6120284795761275,-0.0668572844006132,-1.4803677797317671,-0.8806370198726737,3.0,3.0,3.0,3.0,3.0,3.0,3.0,3.0,3.0,3.0,3.0,3.0,3.0,3.0,3.0,3.0,3.0,3.0,3.0,3.0,0.05,0.05,0.05,0.05,0.05,0.05,0.05,0.05,0.05,0.05,0.05,0.05,0.05,0.05,0.05,0.05,0.05,0.05,0.05,0.05,0.0,0.0,0.0,0.0,0.0,0.0,0.0,0.0,0.0,0.0,0.0,0.0,0.0,0.0,0.0,0.0,0.0,0.0,0.0,0.0
0.6812412142753601,0.4338913559913635,0.3629164397716522,0.41365960240364075,0.6536171436309814,-0.08824682235717773,0.7521990537643433,0.4130399227142334,1.0189425945281982,-0.008071712218225002,1.089647650718689,0.6671399474143982,1.0743780136108398,-0.04795359447598457,1.187682032585144,0.6896100640296936,1.0322967767715454,-0.002165418118238449,1.3926634788513184,0.5716982483863831,0.8693769574165344,-0.1328781247138977,0.11392608284950256,0.7110424339771271,-0.018212199211120605,0.1168733462691307,0.06122887134552002,0.1271262764930725,0.26959776878356934,0.08074990473687649,1.0351121425628662,0.6132617592811584,0.2857416868209839,0.16291150823235512,1.144784688949585,0.8837789297103882,0.4364430904388428,0.3014710615389049,1.0407418012619019,0.9911611676216125,3.0,3.0,3.0,3.0,3.0,3.0,3.0,3.0,3.0,3.0,3.0,3.0,3.0,3.0,3.0,3.0,3.0,3.0,3.0,3.0,0.05,0.05,0.05,0.05,0.05,0.05,0.05,0.05,0.05,0.05,0.05,0.05,0.05,0.05,0.05,0.05,0.05,0.05,0.05,0.05,0.0,0.0,0.0,0.0,0.0,0.0,0.0,0.0,0.0,0.0,0.0,0.0,0.0,0.0,0.0,0.0,0.0,0.0,0.0,0.0,0.38825154304504395,0.3868947923183441,0.19665497541427612,-0.024749891832470894,0.8692569136619568,0.1255325973033905,0.8981955647468567,0.43498697876930237,1.1524667739868164,0.03066270425915718,0.9509354829788208,0.6486878991127014,1.1316733360290527,0.07030171900987625,1.0440610647201538,0.618316113948822,0.9931234121322632,0.007481022272258997,1.2957841157913208,0.3838023245334625,-0.2450495958328247,0.28610751032829285,-1.86149962246418,-0.11199391447007656,-1.4584973454475403,-0.40132980793714523,-1.1940956115722656,-0.6727248430252075,-1.4476627111434937,-0.2750287763774395,-1.8790096044540405,-1.132519543170929,-1.4710336923599243,0.01682620495557785,-1.808980107307434,-1.0930046439170837,-1.746375858783722,-0.027849699836224318,-1.6310691833496094,-0.989145040512085,3.0,3.0,3.0,3.0,3.0,3.0,3.0,3.0,3.0,3.0,3.0,3.0,3.0,3.0,3.0,3.0,3.0,3.0,3.0,3.0,0.05,0.05,0.05,0.05,0.05,0.05,0.05,0.05,0.05,0.05,0.05,0.05,0.05,0.05,0.05,0.05,0.05,0.05,0.05,0.05,0.0,0.0,0.0,0.0,0.0,0.0,0.0,0.0,0.0,0.0,0.0,0.0,0.0,0.0,0.0,0.0,0.0,0.0,0.0,0.0
0.697711706161499,0.4318546652793884,0.3652525842189789,0.42647019028663635,0.650357186794281,-0.08542778342962265,0.7510741353034973,0.41430070996284485,1.0225454568862915,-0.006508786231279373,1.1071629524230957,0.6776938438415527,1.0789856910705566,-0.04478392004966736,1.208107829093933,0.7058694362640381,1.0394110679626465,0.0037764362059533596,1.4109171628952026,0.5896161794662476,0.7711589336395264,-0.06349831819534302,0.11509805917739868,0.5810737609863281,-0.26733577251434326,0.18081646412611008,-0.17276853322982788,-0.006962567567825317,0.09383261203765869,0.07319822907447815,0.7221400737762451,0.44567883014678955,0.15173256397247314,0.15016943216323853,0.893750786781311,0.7446989417076111,0.26772022247314453,0.2889564959332347,0.7750868797302246,0.8035525679588318,3.0,3.0,3.0,3.0,3.0,3.0,3.0,3.0,3.0,3.0,3.0,3.0,3.0,3.0,3.0,3.0,3.0,3.0,3.0,3.0,0.05,0.05,0.05,0.05,0.05,0.05,0.05,0.05,0.05,0.05,0.05,0.05,0.05,0.05,0.05,0.05,0.05,0.05,0.05,0.05,0.0,0.0,0.0,0.0,0.0,0.0,0.0,0.0,0.0,0.0,0.0,0.0,0.0,0.0,0.0,0.0,0.0,0.0,0.0,0.0,0.3833223879337311,0.39200666546821594,0.15798954665660858,-0.02724033035337925,0.8395697474479675,0.11737645417451859,0.8739024996757507,0.4211410582065582,1.1213972568511963,0.024881549179553986,0.9122673273086548,0.6257675886154175,1.1041637659072876,0.07080495357513428,1.0084495544433594,0.5966809988021851,0.9576571583747864,0.007237905170768499,1.2627499103546143,0.36368539929389954,-0.2979740500450134,0.23117437958717346,-1.7101164907217026,-0.14237724244594574,-1.7429158091545105,-0.4916507750749588,-1.405923068523407,-0.8064344525337219,-1.694771647453308,-0.3260024357587099,-2.1188825368881226,-1.25151127576828,-1.655137538909912,0.009310059249401093,-2.0535528659820557,-1.2220919132232666,-1.994091272354126,-0.0050454516895115376,-1.8498748540878296,-1.1332109570503235,3.0,3.0,3.0,3.0,3.0,3.0,3.0,3.0,3.0,3.0,3.0,3.0,3.0,3.0,3.0,3.0,3.0,3.0,3.0,3.0,0.05,0.05,0.05,0.05,0.05,0.05,0.05,0.05,0.05,0.05,0.05,0.05,0.05,0.05,0.05,0.05,0.05,0.05,0.05,0.05,0.0,0.0,0.0,0.0,0.0,0.0,0.0,0.0,0.0,0.0,0.0,0.0,0.0,0.0,0.0,0.0,0.0,0.0,0.0,0.0
0.7120875716209412,0.4313514232635498,0.36752036213874817,0.43690255284309387,0.6429237127304077,-0.08101416379213333,0.7452883124351501,0.4127614200115204,1.0226958990097046,-0.005143783055245876,1.1185332536697388,0.6849671006202698,1.0804473161697388,-0.04194681718945503,1.2234320640563965,0.719398021697998,1.0430055856704712,0.009392841719090939,1.4236669540405273,0.6038403511047363,0.6675451993942261,0.002909451723098755,0.11114701628684998,0.4733353853225708,-0.44547170400619507,0.2422930672764778,-0.3967687487602234,-0.14384686946868896,-0.05029439926147461,0.06032325327396393,0.43727755546569824,0.29450953006744385,0.01823604106903076,0.12917416170239449,0.6547659635543823,0.6175458431243896,0.11417865753173828,0.2589666866697371,0.5157053470611572,0.6311923265457153,3.0,3.0,3.0,3.0,3.0,3.0,3.0,3.0,3.0,3.0,3.0,3.0,3.0,3.0,3.0,3.0,3.0,3.0,3.0,3.0,0.05,0.05,0.05,0.05,0.05,0.05,0.05,0.05,0.05,0.05,0.05,0.05,0.05,0.05,0.05,0.05,0.05,0.05,0.05,0.05,0.0,0.0,0.0,0.0,0.0,0.0,0.0,0.0,0.0,0.0,0.0,0.0,0.0,0.0,0.0,0.0,0.0,0.0,0.0,0.0,0.3763325810432434,0.39614176750183105,0.12825031578540802,-0.030444981530308723,0.7995402812957764,0.10586656630039215,0.8419586420059204,0.4027296006679535,1.084675908088684,0.017622606828808784,0.8661801815032959,0.5986274480819702,1.0654678344726562,0.0706741213798523,0.9619189500808716,0.5694324374198914,0.9133597612380981,0.0072792042046785355,1.2217891216278076,0.3384738862514496,-0.38173943758010864,0.254126638174057,-1.341099664568901,-0.1331424806267023,-1.9141465425491333,-0.6360640749335289,-1.6018018126487732,-0.9424306452274323,-1.9171684980392456,-0.3610327374190092,-2.3714452981948853,-1.3838857412338257,-1.8277764320373535,-0.011769495904445648,-2.3138105869293213,-1.362714171409607,-2.216920256614685,0.042055349331349134,-2.079141139984131,-1.2958727777004242,3.0,3.0,3.0,3.0,3.0,3.0,3.0,3.0,3.0,3.0,3.0,3.0,3.0,3.0,3.0,3.0,3.0,3.0,3.0,3.0,0.05,0.05,0.05,0.05,0.05,0.05,0.05,0.05,0.05,0.05,0.05,0.05,0.05,0.05,0.05,0.05,0.05,0.05,0.05,0.05,0.0,0.0,0.0,0.0,0.0,0.0,0.0,0.0,0.0,0.0,0.0,0.0,0.0,0.0,0.0,0.0,0.0,0.0,0.0,0.0
0.7244135141372681,0.4319710433483124,0.3696984648704529,0.4454036056995392,0.6325383186340332,-0.07573606073856354,0.7352033853530884,0.4085468351840973,1.0205336809158325,-0.004095856100320816,1.1246540546417236,0.6894742250442505,1.0797151327133179,-0.03961695358157158,1.2342984676361084,0.7305712699890137,1.043978214263916,0.014135103672742844,1.431545376777649,0.6148638725280762,0.564853847026825,0.0356726348400116,0.0981256365776062,0.3845006227493286,-0.5775585770606995,0.2722514793276787,-0.5754351615905762,-0.253383070230484,-0.13633370399475098,0.04898342303931713,0.20728707313537598,0.1753091812133789,-0.06452202796936035,0.10016486048698425,0.4519343376159668,0.506177544593811,0.003275275230407715,0.21030411589890718,0.29319822788238525,0.47999322414398193,3.0,3.0,3.0,3.0,3.0,3.0,3.0,3.0,3.0,3.0,3.0,3.0,3.0,3.0,3.0,3.0,3.0,3.0,3.0,3.0,0.05,0.05,0.05,0.05,0.05,0.05,0.05,0.05,0.05,0.05,0.05,0.05,0.05,0.05,0.05,0.05,0.05,0.05,0.05,0.05,0.0,0.0,0.0,0.0,0.0,0.0,0.0,0.0,0.0,0.0,0.0,0.0,0.0,0.0,0.0,0.0,0.0,0.0,0.0,0.0,0.36805281043052673,0.4021717309951782,0.10434556007385254,-0.03256602957844734,0.7630038857460022,0.09193389117717743,0.8098304271697998,0.38344383239746094,1.0447105169296265,0.010440239682793617,0.8174095153808594,0.5704121589660645,1.0310527086257935,0.07033417373895645,0.9158971309661865,0.5421724319458008,0.868980348110199,0.008920119144022465,1.179584264755249,0.31185048818588257,-0.41809529066085815,0.20091161131858826,-1.1580968275666237,-0.09850212372839451,-1.9183933734893799,-0.7184699177742004,-1.6844913363456726,-1.0052308440208435,-1.883980631828308,-0.39427110459655523,-2.389805018901825,-1.3900920748710632,-1.7882674932479858,-0.025064311921596527,-2.342452108860016,-1.3728529214859009,-2.165055274963379,0.0740074785426259,-2.091902494430542,-1.3364896178245544,3.0,3.0,3.0,3.0,3.0,3.0,3.0,3.0,3.0,3.0,3.0,3.0,3.0,3.0,3.0,3.0,3.0,3.0,3.0,3.0,0.05,0.05,0.05,0.05,0.05,0.05,0.05,0.05,0.05,0.05,0.05,0.05,0.05,0.05,0.05,0.05,0.05,0.05,0.05,0.05,0.0,0.0,0.0,0.0,0.0,0.0,0.0,0.0,0.0,0.0,0.0,0.0,0.0,0.0,0.0,0.0,0.0,0.0,0.0,0.0
0.7346817255020142,0.43277832865715027,0.3714453876018524,0.452282577753067,0.6198213696479797,-0.07012410461902618,0.7222709059715271,0.402626097202301,1.0172425508499146,-0.003184446133673191,1.1268247365951538,0.6919794678688049,1.0778664350509644,-0.03794022276997566,1.2415094375610352,0.7396451234817505,1.0431365966796875,0.017805006355047226,1.4353948831558228,0.6230400800704956,0.47066956758499146,0.06807893514633179,0.07602572441101074,0.32196417450904846,-0.6562605500221252,0.2983817830681801,-0.7381334900856018,-0.35030990839004517,-0.17555058002471924,0.0385614694096148,0.002288818359375,0.08019357919692993,-0.1250147819519043,0.055412109941244125,0.2542734146118164,0.41563957929611206,-0.08518993854522705,0.14294185675680637,0.07058680057525635,0.34023523330688477,3.0,3.0,3.0,3.0,3.0,3.0,3.0,3.0,3.0,3.0,3.0,3.0,3.0,3.0,3.0,3.0,3.0,3.0,3.0,3.0,0.05,0.05,0.05,0.05,0.05,0.05,0.05,0.05,0.05,0.05,0.05,0.05,0.05,0.05,0.05,0.05,0.05,0.05,0.05,0.05,0.0,0.0,0.0,0.0,0.0,0.0,0.0,0.0,0.0,0.0,0.0,0.0,0.0,0.0,0.0,0.0,0.0,0.0,0.0,0.0,0.3596087694168091,0.4041782319545746,0.08192644268274307,-0.034385066479444504,0.7228045463562012,0.07712776958942413,0.7745789885520935,0.36252036690711975,1.0093166828155518,0.0018517626449465752,0.7705879807472229,0.5430237650871277,0.9939371347427368,0.06967154890298843,0.868220865726471,0.5145183205604553,0.826757550239563,0.010239503346383572,1.138113021850586,0.2850143015384674,-0.4338577389717102,0.11432468891143799,-1.0492630302906036,-0.1274959184229374,-1.8841639161109924,-0.7476983591914177,-1.7223164439201355,-1.0314755141735077,-1.8755555152893066,-0.4165648715570569,-2.3696541786193848,-1.3671830296516418,-1.7302021384239197,-0.06814878433942795,-2.3018091917037964,-1.3384930789470673,-2.0937711000442505,0.0425493810325861,-2.0614057779312134,-1.3388462364673615,3.0,3.0,3.0,3.0,3.0,3.0,3.0,3.0,3.0,3.0,3.0,3.0,3.0,3.0,3.0,3.0,3.0,3.0,3.0,3.0,0.05,0.05,0.05,0.05,0.05,0.05,0.05,0.05,0.05,0.05,0.05,0.05,0.05,0.05,0.05,0.05,0.05,0.05,0.05,0.05,0.0,0.0,0.0,0.0,0.0,0.0,0.0,0.0,0.0,0.0,0.0,0.0,0.0,0.0,0.0,0.0,0.0,0.0,0.0,0.0
0.7432402968406677,0.43469420075416565,0.3727394938468933,0.4582821726799011,0.6062878966331482,-0.06380078941583633,0.7056780457496643,0.3945344388484955,1.0135116577148438,-0.002553397323936224,1.1247456073760986,0.6926819682121277,1.0747145414352417,-0.037400469183921814,1.244469404220581,0.7471968531608582,1.040570616722107,0.0198527779430151,1.4343688488006592,0.6284732818603516,0.3920137882232666,0.08981004357337952,0.047453492879867554,0.24542659521102905,-0.7231101393699646,0.3136909566819668,-0.8703917264938354,-0.4256501793861389,-0.26273131370544434,0.02928232424892485,-0.2229154109954834,-0.02113431692123413,-0.2174854278564453,0.02290504053235054,0.02263784408569336,0.30573904514312744,-0.19630789756774902,0.07487540133297443,-0.16078948974609375,0.19892454147338867,3.0,3.0,3.0,3.0,3.0,3.0,3.0,3.0,3.0,3.0,3.0,3.0,3.0,3.0,3.0,3.0,3.0,3.0,3.0,3.0,0.05,0.05,0.05,0.05,0.05,0.05,0.05,0.05,0.05,0.05,0.05,0.05,0.05,0.05,0.05,0.05,0.05,0.05,0.05,0.05,0.0,0.0,0.0,0.0,0.0,0.0,0.0,0.0,0.0,0.0,0.0,0.0,0.0,0.0,0.0,0.0,0.0,0.0,0.0,0.0,0.3506985008716583,0.40674471855163574,0.062375038862228394,-0.03766586631536484,0.6876373291015625,0.06202595680952072,0.7409377694129944,0.34218481183052063,0.9696882963180542,-0.006222355179488659,0.722623348236084,0.5157248377799988,0.9618446230888367,0.06760822236537933,0.8238247632980347,0.4886327087879181,0.785229504108429,0.010622094385325909,1.0971280336380005,0.2582966387271881,-0.3723852336406708,0.11941641569137573,-0.7900782860815525,-0.1364702358841896,-1.7954260110855103,-0.7785140536725521,-1.7086967825889587,-1.0228924453258514,-1.805141568183899,-0.42890848126262426,-2.2848501801490784,-1.3073362410068512,-1.5725627541542053,-0.1109996810555458,-2.152623236179352,-1.2436769902706146,-1.9101262092590332,0.014387210831046104,-1.947227120399475,-1.287323608994484,3.0,3.0,3.0,3.0,3.0,3.0,3.0,3.0,3.0,3.0,3.0,3.0,3.0,3.0,3.0,3.0,3.0,3.0,3.0,3.0,0.05,0.05,0.05,0.05,0.05,0.05,0.05,0.05,0.05,0.05,0.05,0.05,0.05,0.05,0.05,0.05,0.05,0.05,0.05,0.05,0.0,0.0,0.0,0.0,0.0,0.0,0.0,0.0,0.0,0.0,0.0,0.0,0.0,0.0,0.0,0.0,0.0,0.0,0.0,0.0
0.7503622770309448,0.43637073040008545,0.3733435273170471,0.4620996415615082,0.5908969640731812,-0.05757646635174751,0.6874552369117737,0.38560009002685547,1.0067332983016968,-0.002013153163716197,1.1179081201553345,0.6911340951919556,1.0691670179367065,-0.03702402114868164,1.242414951324463,0.7518746852874756,1.0352842807769775,0.020800022408366203,1.428963303565979,0.6309970617294312,0.3077492117881775,0.08182451128959656,0.024606287479400635,0.15969052910804749,-0.7177546620368958,0.2914560027420521,-1.0111063718795776,-0.49519091844558716,-0.3416493535041809,-0.015160127077251673,-0.5692660808563232,-0.16950666904449463,-0.2538233995437622,-0.05622943863272667,-0.3491133451461792,0.14131218194961548,-0.2660304307937622,-0.07377918809652328,-0.49981772899627686,0.009566545486450195,3.0,3.0,3.0,3.0,3.0,3.0,3.0,3.0,3.0,3.0,3.0,3.0,3.0,3.0,3.0,3.0,3.0,3.0,3.0,3.0,0.05,0.05,0.05,0.05,0.05,0.05,0.05,0.05,0.05,0.05,0.05,0.05,0.05,0.05,0.05,0.05,0.05,0.05,0.05,0.05,0.0,0.0,0.0,0.0,0.0,0.0,0.0,0.0,0.0,0.0,0.0,0.0,0.0,0.0,0.0,0.0,0.0,0.0,0.0,0.0,0.34471336007118225,0.4089548885822296,0.05032331123948097,-0.03984387591481209,0.6509875059127808,0.04598720744252205,0.7062311172485352,0.3216046690940857,0.9371110200881958,-0.015304576605558395,0.6791939735412598,0.49073031544685364,0.9310346245765686,0.0652315616607666,0.7821159362792969,0.46477124094963074,0.7503525018692017,0.010814991779625416,1.060223937034607,0.23352135717868805,-0.22555142641067505,0.1257173717021942,-0.5490656942129135,-0.11673355475068092,-1.6665011644363403,-0.7739539258182049,-1.6199350357055664,-0.9652771055698395,-1.6130313277244568,-0.41894393507391214,-2.08672434091568,-1.1890821158885956,-1.35277658700943,-0.1210976392030716,-1.9043952226638794,-1.091601699590683,-1.5850931406021118,0.014107627794146538,-1.7181873321533203,-1.1629220098257065,3.0,3.0,3.0,3.0,3.0,3.0,3.0,3.0,3.0,3.0,3.0,3.0,3.0,3.0,3.0,3.0,3.0,3.0,3.0,3.0,0.05,0.05,0.05,0.05,0.05,0.05,0.05,0.05,0.05,0.05,0.05,0.05,0.05,0.05,0.05,0.05,0.05,0.05,0.05,0.05,0.0,0.0,0.0,0.0,0.0,0.0,0.0,0.0,0.0,0.0,0.0,0.0,0.0,0.0,0.0,0.0,0.0,0.0,0.0,0.0
0.7555502653121948,0.4379671812057495,0.37372374534606934,0.464669793844223,0.5775777101516724,-0.05214254930615425,0.6652337908744812,0.374726802110672,0.9998456835746765,-0.003159802407026291,1.1019749641418457,0.6859017014503479,1.0645616054534912,-0.03964964672923088,1.2305048704147339,0.7528493404388428,1.0299293994903564,0.016901610419154167,1.414376139640808,0.6288559436798096,0.20264238119125366,0.06607919931411743,-0.00478699803352356,0.1210533082485199,-0.7023334503173828,0.28063487261533737,-1.1652350425720215,-0.5614206194877625,-0.3166288137435913,-0.05155659164302051,-0.9055972099304199,-0.31267255544662476,-0.17793476581573486,-0.17379559576511383,-0.7018238306045532,-0.01135021448135376,-0.29124319553375244,-0.25579403154551983,-0.8498847484588623,-0.18053948879241943,3.0,3.0,3.0,3.0,3.0,3.0,3.0,3.0,3.0,3.0,3.0,3.0,3.0,3.0,3.0,3.0,3.0,3.0,3.0,3.0,0.05,0.05,0.05,0.05,0.05,0.05,0.05,0.05,0.05,0.05,0.05,0.05,0.05,0.05,0.05,0.05,0.05,0.05,0.05,0.05,0.0,0.0,0.0,0.0,0.0,0.0,0.0,0.0,0.0,0.0,0.0,0.0,0.0,0.0,0.0,0.0,0.0,0.0,0.0,0.0,0.3416764438152313,0.4117734134197235,0.04041241109371185,-0.042335208505392075,0.6209772825241089,0.031067799776792526,0.6761403679847717,0.30357372760772705,0.9051670432090759,-0.022980112582445145,0.6391543745994568,0.46816155314445496,0.9077335596084595,0.06276431679725647,0.7476489543914795,0.44496864080429077,0.7218257784843445,0.01118639949709177,1.0284005403518677,0.21177975833415985,-0.039987266063690186,0.13719424605369568,-0.45736199244856834,-0.09712101891636848,-1.5238374471664429,-0.7501568645238876,-1.5054777264595032,-0.89244544506073,-1.4541491866111755,-0.38918768987059593,-1.8962055444717407,-1.0716669261455536,-1.0910391807556152,-0.11072242632508278,-1.6176939010620117,-0.9214065968990326,-1.2539178133010864,0.027340184897184372,-1.481136679649353,-1.0285574942827225,3.0,3.0,3.0,3.0,3.0,3.0,3.0,3.0,3.0,3.0,3.0,3.0,3.0,3.0,3.0,3.0,3.0,3.0,3.0,3.0,0.05,0.05,0.05,0.05,0.05,0.05,0.05,0.05,0.05,0.05,0.05,0.05,0.05,0.05,0.05,0.05,0.05,0.05,0.05,0.05,0.0,0.0,0.0,0.0,0.0,0.0,0.0,0.0,0.0,0.0,0.0,0.0,0.0,0.0,0.0,0.0,0.0,0.0,0.0,0.0
0.758467972278595,0.43901389837265015,0.3731520473957062,0.466941773891449,0.5628036260604858,-0.04635107144713402,0.6408458352088928,0.36314326524734497,0.9940681457519531,-0.0040754168294370174,1.0816842317581177,0.6786271929740906,1.0620496273040771,-0.043975844979286194,1.2143419981002808,0.7514206767082214,1.0236345529556274,0.01056826114654541,1.3949679136276245,0.6237754821777344,0.12820661067962646,0.09013116359710693,-0.02022087574005127,0.04796609282493591,-0.724242627620697,0.27855299413204193,-1.2112855911254883,-0.5721941590309143,-0.35750120878219604,-0.05961416754871607,-1.1098027229309082,-0.4154697060585022,-0.242576003074646,-0.22063041105866432,-0.9515047073364258,-0.15846341848373413,-0.41221678256988525,-0.31834383262321353,-1.0853290557861328,-0.3310456871986389,3.0,3.0,3.0,3.0,3.0,3.0,3.0,3.0,3.0,3.0,3.0,3.0,3.0,3.0,3.0,3.0,3.0,3.0,3.0,3.0,0.05,0.05,0.05,0.05,0.05,0.05,0.05,0.05,0.05,0.05,0.05,0.05,0.05,0.05,0.05,0.05,0.05,0.05,0.05,0.05,0.0,0.0,0.0,0.0,0.0,0.0,0.0,0.0,0.0,0.0,0.0,0.0,0.0,0.0,0.0,0.0,0.0,0.0,0.0,0.0,0.34311386942863464,0.41444265842437744,0.03202883154153824,-0.04372871667146683,0.590034008026123,0.015980932861566544,0.646012008190155,0.2859068512916565,0.8789450526237488,-0.030872084200382233,0.6033457517623901,0.4478636384010315,0.887393057346344,0.06080266460776329,0.7174081802368164,0.42791497707366943,0.7001957893371582,0.01190859917551279,1.0009784698486328,0.19237905740737915,0.17214566469192505,0.17011165618896484,-0.38696834817528725,-0.05408870056271553,-1.4277279376983643,-0.7371658459305763,-1.4318287372589111,-0.8410826325416565,-1.2400850653648376,-0.362627487629652,-1.7015919089317322,-0.9564593434333801,-0.8656904101371765,-0.08085537701845169,-1.3597726821899414,-0.7620684802532196,-0.890854001045227,0.05492563359439373,-1.2491822242736816,-0.904332846403122,3.0,3.0,3.0,3.0,3.0,3.0,3.0,3.0,3.0,3.0,3.0,3.0,3.0,3.0,3.0,3.0,3.0,3.0,3.0,3.0,0.05,0.05,0.05,0.05,0.05,0.05,0.05,0.05,0.05,0.05,0.05,0.05,0.05,0.05,0.05,0.05,0.05,0.05,0.05,0.05,0.0,0.0,0.0,0.0,0.0,0.0,0.0,0.0,0.0,0.0,0.0,0.0,0.0,0.0,0.0,0.0,0.0,0.0,0.0,0.0
0.7606785297393799,0.4415724277496338,0.3729149103164673,0.46658843755722046,0.5486080050468445,-0.041000429540872574,0.6167823672294617,0.3518390357494354,0.9855456352233887,-0.005544369108974934,1.0575828552246094,0.6692829132080078,1.0548585653305054,-0.048474863171577454,1.1924446821212769,0.7465108036994934,1.013440728187561,0.004167857114225626,1.3709629774093628,0.615614116191864,0.041259825229644775,0.1032613217830658,-0.008989870548248291,-0.033839792013168335,-0.7059872150421143,0.25399206206202507,-1.2536272406578064,-0.577235221862793,-0.42381733655929565,-0.08757790783420205,-1.3401001691818237,-0.5337238311767578,-0.3008991479873657,-0.27432963252067566,-1.2264907360076904,-0.3247693181037903,-0.43434202671051025,-0.40033034747466445,-1.2896031141281128,-0.483018159866333,3.0,3.0,3.0,3.0,3.0,3.0,3.0,3.0,3.0,3.0,3.0,3.0,3.0,3.0,3.0,3.0,3.0,3.0,3.0,3.0,0.05,0.05,0.05,0.05,0.05,0.05,0.05,0.05,0.05,0.05,0.05,0.05,0.05,0.05,0.05,0.05,0.05,0.05,0.05,0.05,0.0,0.0,0.0,0.0,0.0,0.0,0.0,0.0,0.0,0.0,0.0,0.0,0.0,0.0,0.0,0.0,0.0,0.0,0.0,0.0,0.3485622704029083,0.4185778796672821,0.024933677166700363,-0.044498756527900696,0.5638681650161743,0.0015811659395694733,0.6188672184944153,0.2699304223060608,0.8555636405944824,-0.037485212087631226,0.5710906982421875,0.42990317940711975,0.8731059432029724,0.0595301017165184,0.6932580471038818,0.414485901594162,0.6861916184425354,0.01338342484086752,0.9784332513809204,0.17560644447803497,0.4436761140823364,0.13845562934875488,-0.07343105971813202,-0.03129392862319946,-0.9699210524559021,-0.728076696395874,-1.5393227338790894,-0.9188078343868256,-0.8964061737060547,-0.36925021559000015,-1.669357717037201,-0.8857652544975281,-0.475524365901947,-0.059034209698438644,-1.139974594116211,-0.5602888762950897,-0.3582760691642761,0.11379488278180361,-1.2660637497901917,-1.0118018835783005,3.0,3.0,3.0,3.0,3.0,3.0,3.0,3.0,3.0,3.0,3.0,3.0,3.0,3.0,3.0,3.0,3.0,3.0,3.0,3.0,0.05,0.05,0.05,0.05,0.05,0.05,0.05,0.05,0.05,0.05,0.05,0.05,0.05,0.05,0.05,0.05,0.05,0.05,0.05,0.05,0.0,0.0,0.0,0.0,0.0,0.0,0.0,0.0,0.0,0.0,0.0,0.0,0.0,0.0,0.0,0.0,0.0,0.0,0.0,0.0
0.7601183652877808,0.4431443512439728,0.37279245257377625,0.46558818221092224,0.5345641374588013,-0.036191388964653015,0.5907007455825806,0.34005385637283325,0.9771154522895813,-0.0075785331428050995,1.0280802249908447,0.6572782397270203,1.0500136613845825,-0.05494903028011322,1.1652823686599731,0.7384299039840698,1.006260871887207,-0.005444952752441168,1.3433837890625,0.604454755783081,-0.05595684051513672,0.06969571113586426,-0.021700561046600342,-0.05744919180870056,-0.6839603185653687,0.22843796759843826,-1.2906759977340698,-0.5748316645622253,-0.45644938945770264,-0.1067429780960083,-1.5184059739112854,-0.6271973252296448,-0.3159135580062866,-0.3204766660928726,-1.4469057321548462,-0.46335458755493164,-0.3796711564064026,-0.48159161815419793,-1.417115330696106,-0.6005287170410156,3.0,3.0,3.0,3.0,3.0,3.0,3.0,3.0,3.0,3.0,3.0,3.0,3.0,3.0,3.0,3.0,3.0,3.0,3.0,3.0,0.05,0.05,0.05,0.05,0.05,0.05,0.05,0.05,0.05,0.05,0.05,0.05,0.05,0.05,0.05,0.05,0.05,0.05,0.05,0.05,0.0,0.0,0.0,0.0,0.0,0.0,0.0,0.0,0.0,0.0,0.0,0.0,0.0,0.0,0.0,0.0,0.0,0.0,0.0,0.0,0.3608609139919281,0.41998088359832764,0.029091589152812958,-0.044980473816394806,0.551237165927887,-0.013142134994268417,0.5844390988349915,0.24915453791618347,0.8430888056755066,-0.04564209282398224,0.5365714430809021,0.41243302822113037,0.8683720827102661,0.058441296219825745,0.671809196472168,0.40550342202186584,0.6858647465705872,0.016460394486784935,0.9503359198570251,0.15190698206424713,0.6529003381729126,0.05087852478027344,0.5142842419445515,0.0019937753677368164,-0.6680771708488464,-0.6652054842561483,-1.6253665089607239,-0.9597849100828171,-0.53509920835495,-0.3016415983438492,-1.5431657433509827,-0.764746218919754,-0.08278191089630127,0.010629650205373764,-0.8950501680374146,-0.35314857959747314,0.24570077657699585,0.1496973680332303,-1.1057272553443909,-0.9936057031154633,3.0,3.0,3.0,3.0,3.0,3.0,3.0,3.0,3.0,3.0,3.0,3.0,3.0,3.0,3.0,3.0,3.0,3.0,3.0,3.0,0.05,0.05,0.05,0.05,0.05,0.05,0.05,0.05,0.05,0.05,0.05,0.05,0.05,0.05,0.05,0.05,0.05,0.05,0.05,0.05,0.0,0.0,0.0,0.0,0.0,0.0,0.0,0.0,0.0,0.0,0.0,0.0,0.0,0.0,0.0,0.0,0.0,0.0,0.0,0.0
0.7584402561187744,0.44436025619506836,0.37204688787460327,0.46429046988487244,0.5212495923042297,-0.03186291083693504,0.5651553273200989,0.3288457691669464,0.9672876596450806,-0.009814088232815266,0.996846616268158,0.644195020198822,1.042222023010254,-0.06129392981529236,1.134568452835083,0.7279766201972961,0.9982538819313049,-0.015095807611942291,1.3142783641815186,0.5915929675102234,-0.15061795711517334,0.05971342325210571,-0.05515962839126587,-0.053004175424575806,-0.6477385759353638,0.19087898544967175,-1.3077914714813232,-0.5590945482254028,-0.473746657371521,-0.13310667127370834,-1.6514033079147339,-0.7096454501152039,-0.4085749387741089,-0.34215357154607773,-1.6711264848709106,-0.610390305519104,-0.4098430275917053,-0.5058270529843867,-1.5479028224945068,-0.7239922881126404,3.0,3.0,3.0,3.0,3.0,3.0,3.0,3.0,3.0,3.0,3.0,3.0,3.0,3.0,3.0,3.0,3.0,3.0,3.0,3.0,0.05,0.05,0.05,0.05,0.05,0.05,0.05,0.05,0.05,0.05,0.05,0.05,0.05,0.05,0.05,0.05,0.05,0.05,0.05,0.05,0.0,0.0,0.0,0.0,0.0,0.0,0.0,0.0,0.0,0.0,0.0,0.0,0.0,0.0,0.0,0.0,0.0,0.0,0.0,0.0,0.37467828392982483,0.42061302065849304,0.04550504684448242,-0.04441900551319122,0.5371450781822205,-0.02502705343067646,0.5538525581359863,0.2315390259027481,0.8341596722602844,-0.04955087602138519,0.5093640685081482,0.3993133306503296,0.8697946667671204,0.05995528772473335,0.6574560403823853,0.40035995841026306,0.6960196495056152,0.01937131956219673,0.9342041611671448,0.13586221635341644,0.6908126175403595,-0.04482194781303406,1.2277757748961449,0.04806872457265854,-0.5971983075141907,-0.5329682491719723,-1.3856276869773865,-0.7846049964427948,-0.28168559074401855,-0.15109656378626823,-1.132422685623169,-0.5188107490539551,0.2931833267211914,0.13575050979852676,-0.49070119857788086,-0.13161450624465942,0.7176980376243591,0.18832175992429256,-0.5544766783714294,-0.630708783864975,3.0,3.0,3.0,3.0,3.0,3.0,3.0,3.0,3.0,3.0,3.0,3.0,3.0,3.0,3.0,3.0,3.0,3.0,3.0,3.0,0.05,0.05,0.05,0.05,0.05,0.05,0.05,0.05,0.05,0.05,0.05,0.05,0.05,0.05,0.05,0.05,0.05,0.05,0.05,0.05,0.0,0.0,0.0,0.0,0.0,0.0,0.0,0.0,0.0,0.0,0.0,0.0,0.0,0.0,0.0,0.0,0.0,0.0,0.0,0.0
0.7540936470031738,0.445532888174057,0.3705860674381256,0.4634680151939392,0.5086545944213867,-0.028556229546666145,0.5383890867233276,0.31769007444381714,0.9581655859947205,-0.012902799993753433,0.9620240926742554,0.6288924217224121,1.0336706638336182,-0.06863517314195633,1.0984373092651367,0.7140142917633057,0.9898671507835388,-0.025678034871816635,1.2814676761627197,0.5754950642585754,-0.2388879656791687,0.08707866072654724,-0.06357654929161072,-0.0525645911693573,-0.588998943567276,0.14279638417065144,-1.2871265411376953,-0.5322687327861786,-0.4835739731788635,-0.14902104157954454,-1.7323046922683716,-0.7721439003944397,-0.4384160041809082,-0.35263877362012863,-1.793593168258667,-0.7170423865318298,-0.460970401763916,-0.5066297948360443,-1.6338348388671875,-0.8190721273422241,3.0,3.0,3.0,3.0,3.0,3.0,3.0,3.0,3.0,3.0,3.0,3.0,3.0,3.0,3.0,3.0,3.0,3.0,3.0,3.0,0.05,0.05,0.05,0.05,0.05,0.05,0.05,0.05,0.05,0.05,0.05,0.05,0.05,0.05,0.05,0.05,0.05,0.05,0.05,0.05,0.0,0.0,0.0,0.0,0.0,0.0,0.0,0.0,0.0,0.0,0.0,0.0,0.0,0.0,0.0,0.0,0.0,0.0,0.0,0.0,0.3884934186935425,0.4181880056858063,0.07820262014865875,-0.043057724833488464,0.5273492336273193,-0.03446086496114731,0.529013991355896,0.21777033805847168,0.8318213820457458,-0.05168595537543297,0.49127453565597534,0.39168059825897217,0.8800994157791138,0.06387131661176682,0.6521811485290527,0.40023884177207947,0.7145726680755615,0.023993264883756638,0.928156852722168,0.12667863070964813,0.6074510514736176,-0.1911073923110962,1.7717979848384857,0.08645663037896156,-0.455610454082489,-0.4159283358603716,-1.1618047952651978,-0.630578026175499,0.01083463430404663,-0.07821256294846535,-0.7211863994598389,-0.27152448892593384,0.655682384967804,0.20748740062117577,-0.08756816387176514,0.09455159306526184,1.0700613260269165,0.2171794418245554,-0.11366903781890869,-0.3193121403455734,3.0,3.0,3.0,3.0,3.0,3.0,3.0,3.0,3.0,3.0,3.0,3.0,3.0,3.0,3.0,3.0,3.0,3.0,3.0,3.0,0.05,0.05,0.05,0.05,0.05,0.05,0.05,0.05,0.05,0.05,0.05,0.05,0.05,0.05,0.05,0.05,0.05,0.05,0.05,0.05,0.0,0.0,0.0,0.0,0.0,0.0,0.0,0.0,0.0,0.0,0.0,0.0,0.0,0.0,0.0,0.0,0.0,0.0,0.0,0.0
0.7488847374916077,0.44784340262413025,0.36950382590293884,0.46218788623809814,0.4976896345615387,-0.026151055470108986,0.5136702656745911,0.30755501985549927,0.947944700717926,-0.015774929895997047,0.9275544285774231,0.6133092641830444,1.0246853828430176,-0.0753994807600975,1.0628247261047363,0.699294924736023,0.9798150658607483,-0.035360999405384064,1.248924970626831,0.5588300824165344,-0.3187417984008789,0.10898560285568237,-0.05437880754470825,-0.0632353127002716,-0.4463382065296173,0.08361260406672955,-1.2301459908485413,-0.482853502035141,-0.44925957918167114,-0.1692419871687889,-1.7911940813064575,-0.8185267448425293,-0.3944098949432373,-0.3840342164039612,-1.8458276987075806,-0.7978335022926331,-0.3545209765434265,-0.5489256232976913,-1.628991961479187,-0.8903995156288147,3.0,3.0,3.0,3.0,3.0,3.0,3.0,3.0,3.0,3.0,3.0,3.0,3.0,3.0,3.0,3.0,3.0,3.0,3.0,3.0,0.05,0.05,0.05,0.05,0.05,0.05,0.05,0.05,0.05,0.05,0.05,0.05,0.05,0.05,0.05,0.05,0.05,0.05,0.05,0.05,0.0,0.0,0.0,0.0,0.0,0.0,0.0,0.0,0.0,0.0,0.0,0.0,0.0,0.0,0.0,0.0,0.0,0.0,0.0,0.0,0.39897632598876953,0.4129687249660492,0.11637696623802185,-0.04096074029803276,0.5189206600189209,-0.041664186865091324,0.5073803663253784,0.20631590485572815,0.8345930576324463,-0.05267937853932381,0.48051661252975464,0.38845235109329224,0.8960219621658325,0.06825478374958038,0.6539533138275146,0.40414202213287354,0.7388221025466919,0.028058497235178947,0.9296573996543884,0.1230897307395935,0.4990294575691223,-0.23859739303588867,1.9163288176059723,0.12676436454057693,-0.38428306579589844,-0.29527945443987846,-1.0072104632854462,-0.5233574658632278,0.261060893535614,0.014574266970157623,-0.3553546965122223,-0.05402788519859314,0.9077832102775574,0.2465391531586647,0.25463998317718506,0.29202476143836975,1.3269886374473572,0.21137073636054993,0.2441495656967163,-0.04935842007398605,3.0,3.0,3.0,3.0,3.0,3.0,3.0,3.0,3.0,3.0,3.0,3.0,3.0,3.0,3.0,3.0,3.0,3.0,3.0,3.0,0.05,0.05,0.05,0.05,0.05,0.05,0.05,0.05,0.05,0.05,0.05,0.05,0.05,0.05,0.05,0.05,0.05,0.05,0.05,0.05,0.0,0.0,0.0,0.0,0.0,0.0,0.0,0.0,0.0,0.0,0.0,0.0,0.0,0.0,0.0,0.0,0.0,0.0,0.0,0.0
0.7413439750671387,0.4498923122882843,0.3684109151363373,0.46093860268592834,0.490801066160202,-0.025211725383996964,0.489183247089386,0.2983759343624115,0.9401952028274536,-0.01967247948050499,0.8903763294219971,0.5961513519287109,1.0178942680358887,-0.08399654179811478,1.0246042013168335,0.6821009516716003,0.9756863117218018,-0.04763505980372429,1.2163079977035522,0.5398790836334229,-0.35412758588790894,0.05542486906051636,-0.06658434867858887,-0.08330866694450378,-0.36558136343955994,0.042494991794228554,-1.1624716222286224,-0.43168291449546814,-0.405806303024292,-0.1721157692372799,-1.754133403301239,-0.8068487048149109,-0.3863900899887085,-0.3773396834731102,-1.8181443214416504,-0.8239984512329102,-0.29052644968032837,-0.5272558890283108,-1.5855342149734497,-0.9196072816848755,3.0,3.0,3.0,3.0,3.0,3.0,3.0,3.0,3.0,3.0,3.0,3.0,3.0,3.0,3.0,3.0,3.0,3.0,3.0,3.0,0.05,0.05,0.05,0.05,0.05,0.05,0.05,0.05,0.05,0.05,0.05,0.05,0.05,0.05,0.05,0.05,0.05,0.05,0.05,0.05,0.0,0.0,0.0,0.0,0.0,0.0,0.0,0.0,0.0,0.0,0.0,0.0,0.0,0.0,0.0,0.0,0.0,0.0,0.0,0.0,0.4084545969963074,0.4086441099643707,0.15485577285289764,-0.03798715025186539,0.5119779109954834,-0.04627204313874245,0.48872557282447815,0.19683603942394257,0.8422638177871704,-0.05110298469662666,0.47706034779548645,0.38951948285102844,0.9164107441902161,0.0737328827381134,0.6623667478561401,0.41191983222961426,0.7676522135734558,0.032448094338178635,0.9379228353500366,0.12470429390668869,0.47742724418640137,-0.17386078834533691,1.8195133656263351,0.16351640224456787,-0.3424227237701416,-0.15798518434166908,-0.877678394317627,-0.435788556933403,0.4691794514656067,0.1262478530406952,-0.01288577914237976,0.14735013246536255,1.1095643043518066,0.312957726418972,0.5679652094841003,0.475224107503891,1.546470820903778,0.2270710188895464,0.5607783794403076,0.19957274198532104,3.0,3.0,3.0,3.0,3.0,3.0,3.0,3.0,3.0,3.0,3.0,3.0,3.0,3.0,3.0,3.0,3.0,3.0,3.0,3.0,0.05,0.05,0.05,0.05,0.05,0.05,0.05,0.05,0.05,0.05,0.05,0.05,0.05,0.05,0.05,0.05,0.05,0.05,0.05,0.05,0.0,0.0,0.0,0.0,0.0,0.0,0.0,0.0,0.0,0.0,0.0,0.0,0.0,0.0,0.0,0.0,0.0,0.0,0.0,0.0
0.7347196340560913,0.4500603973865509,0.3668404519557953,0.458855539560318,0.4830663800239563,-0.024451255798339844,0.46717140078544617,0.29028770327568054,0.9317124485969543,-0.022659560665488243,0.8573890924453735,0.581035315990448,1.0092297792434692,-0.09049306809902191,0.9900989532470703,0.6663349866867065,0.9681940078735352,-0.056451234966516495,1.185503602027893,0.5220457911491394,-0.3127753734588623,0.027103722095489502,-0.042112916707992554,-0.10377466678619385,-0.3505997359752655,0.05140691064298153,-1.0345116257667542,-0.3654472529888153,-0.39475858211517334,-0.12130569666624069,-1.5842542052268982,-0.7214099168777466,-0.432857871055603,-0.2925405278801918,-1.6472533345222473,-0.7641762495040894,-0.3963395953178406,-0.41694575920701027,-1.4826267957687378,-0.8644551038742065,3.0,3.0,3.0,3.0,3.0,3.0,3.0,3.0,3.0,3.0,3.0,3.0,3.0,3.0,3.0,3.0,3.0,3.0,3.0,3.0,0.05,0.05,0.05,0.05,0.05,0.05,0.05,0.05,0.05,0.05,0.05,0.05,0.05,0.05,0.05,0.05,0.05,0.05,0.05,0.05,0.0,0.0,0.0,0.0,0.0,0.0,0.0,0.0,0.0,0.0,0.0,0.0,0.0,0.0,0.0,0.0,0.0,0.0,0.0,0.0,0.4180734157562256,0.4060142934322357,0.18915750086307526,-0.034420084208250046,0.5052237510681152,-0.04798359423875809,0.47227323055267334,0.18888436257839203,0.8533602356910706,-0.047629464417696,0.48000118136405945,0.39434635639190674,0.9404045343399048,0.08077309280633926,0.6766719222068787,0.4231509864330292,0.800680935382843,0.0371413379907608,0.9520885348320007,0.13107264041900635,0.5369208753108978,0.024433434009552002,1.5904657542705536,0.1879069022834301,-0.31375065445899963,-0.01739058643579483,-0.7561042904853821,-0.35828016698360443,0.6377831101417542,0.23489706218242645,0.29482394456863403,0.32263174653053284,1.2595698237419128,0.38575083017349243,0.8260399103164673,0.6219275295734406,1.713554561138153,0.25764862075448036,0.8126631379127502,0.4065105691552162,3.0,3.0,3.0,3.0,3.0,3.0,3.0,3.0,3.0,3.0,3.0,3.0,3.0,3.0,3.0,3.0,3.0,3.0,3.0,3.0,0.05,0.05,0.05,0.05,0.05,0.05,0.05,0.05,0.05,0.05,0.05,0.05,0.05,0.05,0.05,0.05,0.05,0.05,0.05,0.05,0.0,0.0,0.0,0.0,0.0,0.0,0.0,0.0,0.0,0.0,0.0,0.0,0.0,0.0,0.0,0.0,0.0,0.0,0.0,0.0
0.7288329601287842,0.4509764611721039,0.3667263984680176,0.4567876160144806,0.4767770767211914,-0.023155448958277702,0.4478027820587158,0.2837580442428589,0.9244048595428467,-0.024524707347154617,0.8270061612129211,0.5672949552536011,1.0005799531936646,-0.09569816291332245,0.9587140679359436,0.6515339016914368,0.9598327279090881,-0.0643128901720047,1.1570029258728027,0.5053008794784546,-0.2807319164276123,0.026539713144302368,-0.023198872804641724,-0.1040630042552948,-0.2812109887599945,0.06290283054113388,-0.8990757167339325,-0.2861730754375458,-0.3646433353424072,-0.07763146422803402,-1.46075040102005,-0.653405487537384,-0.44597089290618896,-0.23890268057584763,-1.4953285455703735,-0.7162138819694519,-0.4011601209640503,-0.3599523566663265,-1.35079026222229,-0.8025750517845154,3.0,3.0,3.0,3.0,3.0,3.0,3.0,3.0,3.0,3.0,3.0,3.0,3.0,3.0,3.0,3.0,3.0,3.0,3.0,3.0,0.05,0.05,0.05,0.05,0.05,0.05,0.05,0.05,0.05,0.05,0.05,0.05,0.05,0.05,0.05,0.05,0.05,0.05,0.05,0.05,0.0,0.0,0.0,0.0,0.0,0.0,0.0,0.0,0.0,0.0,0.0,0.0,0.0,0.0,0.0,0.0,0.0,0.0,0.0,0.0,0.4299314320087433,0.4096214473247528,0.2184744030237198,-0.030470874160528183,0.4994278848171234,-0.04696766659617424,0.45848140120506287,0.1825048327445984,0.8677751421928406,-0.041707102209329605,0.4888533055782318,0.40242475271224976,0.9667935371398926,0.0891629159450531,0.6954083442687988,0.4367969334125519,0.8361943960189819,0.04275403916835785,0.9704293608665466,0.14096471667289734,0.7016785442829132,0.18070116639137268,1.3342496007680893,0.21238080225884914,-0.3325819969177246,0.08690375834703445,-0.6501920521259308,-0.2871379256248474,0.7874816656112671,0.3584609366953373,0.6112165749073029,0.4990771412849426,1.3939306139945984,0.44939424842596054,1.0757699608802795,0.7608428597450256,1.865936815738678,0.3036338835954666,1.045142114162445,0.5989193916320801,3.0,3.0,3.0,3.0,3.0,3.0,3.0,3.0,3.0,3.0,3.0,3.0,3.0,3.0,3.0,3.0,3.0,3.0,3.0,3.0,0.05,0.05,0.05,0.05,0.05,0.05,0.05,0.05,0.05,0.05,0.05,0.05,0.05,0.05,0.05,0.05,0.05,0.05,0.05,0.05,0.0,0.0,0.0,0.0,0.0,0.0,0.0,0.0,0.0,0.0,0.0,0.0,0.0,0.0,0.0,0.0,0.0,0.0,0.0,0.0
0.7234903573989868,0.451121985912323,0.3659124970436096,0.4546930193901062,0.4718179404735565,-0.02193514257669449,0.43120837211608887,0.2788407802581787,0.9171267151832581,-0.025764819234609604,0.7989590764045715,0.5548990964889526,0.9913909435272217,-0.10004917532205582,0.9302858114242554,0.6376864314079285,0.9521476030349731,-0.07084932923316956,1.1314719915390015,0.4899427890777588,-0.22735148668289185,0.019121915102005005,-0.04594847559928894,-0.08697509765625,-0.2135731279850006,0.05486323498189449,-0.7545851171016693,-0.20974650979042053,-0.35566389560699463,-0.0556758139282465,-1.325264573097229,-0.5813583731651306,-0.4348829388618469,-0.1804852858185768,-1.3249769806861877,-0.6547331809997559,-0.3258362412452698,-0.2922557294368744,-1.1791497468948364,-0.7192350924015045,3.0,3.0,3.0,3.0,3.0,3.0,3.0,3.0,3.0,3.0,3.0,3.0,3.0,3.0,3.0,3.0,3.0,3.0,3.0,3.0,0.05,0.05,0.05,0.05,0.05,0.05,0.05,0.05,0.05,0.05,0.05,0.05,0.05,0.05,0.05,0.05,0.05,0.05,0.05,0.05,0.0,0.0,0.0,0.0,0.0,0.0,0.0,0.0,0.0,0.0,0.0,0.0,0.0,0.0,0.0,0.0,0.0,0.0,0.0,0.0,0.4461405575275421,0.4132423400878906,0.24252748489379883,-0.02592485211789608,0.49192047119140625,-0.04450744390487671,0.4462655484676361,0.17739884555339813,0.8848595023155212,-0.03329102694988251,0.5044498443603516,0.41430944204330444,0.9961617588996887,0.09874886274337769,0.7197027206420898,0.4535847008228302,0.8753184080123901,0.04928669333457947,0.9938942193984985,0.15502941608428955,0.05758553743362427,0.22896379232406616,1.336374506354332,1.3879977632313967,-0.5400106310844421,0.18194951117038727,-0.5712218582630157,-0.12026019394397736,0.4389330744743347,0.4359995014965534,1.383659988641739,1.0112524032592773,1.0722875595092773,0.44425707310438156,1.6149893403053284,1.2164734303951263,1.6751155257225037,0.27738064527511597,1.3864979147911072,1.208951324224472,3.0,3.0,3.0,3.0,3.0,3.0,3.0,3.0,3.0,3.0,3.0,3.0,3.0,3.0,3.0,3.0,3.0,3.0,3.0,3.0,0.05,0.05,0.05,0.05,0.05,0.05,0.05,0.05,0.05,0.05,0.05,0.05,0.05,0.05,0.05,0.05,0.05,0.05,0.05,0.05,0.0,0.0,0.0,0.0,0.0,0.0,0.0,0.0,0.0,0.0,0.0,0.0,0.0,0.0,0.0,0.0,0.0,0.0,0.0,0.0
0.7197389006614685,0.4517413377761841,0.364888459444046,0.4533086121082306,0.4682341516017914,-0.020960919559001923,0.41761937737464905,0.27536818385124207,0.9101783037185669,-0.026751739904284477,0.773995578289032,0.5440406203269958,0.9831846356391907,-0.10291757434606552,0.9057149887084961,0.6253445744514465,0.9467992782592773,-0.07600311934947968,1.1098369359970093,0.4765314757823944,-0.15659332275390625,0.022321194410324097,-0.0574357807636261,-0.06201639771461487,-0.10443329811096191,0.051153264939785004,-0.578693300485611,-0.1234106719493866,-0.21573007106781006,-0.032243505120277405,-1.088707149028778,-0.4647254943847656,-0.27146637439727783,-0.1277269795536995,-1.06181800365448,-0.543569028377533,-0.17341375350952148,-0.23852195590734482,-0.9490728378295898,-0.602499395608902,3.0,3.0,3.0,3.0,3.0,3.0,3.0,3.0,3.0,3.0,3.0,3.0,3.0,3.0,3.0,3.0,3.0,3.0,3.0,3.0,0.05,0.05,0.05,0.05,0.05,0.05,0.05,0.05,0.05,0.05,0.05,0.05,0.05,0.05,0.05,0.05,0.05,0.05,0.05,0.05,0.0,0.0,0.0,0.0,0.0,0.0,0.0,0.0,0.0,0.0,0.0,0.0,0.0,0.0,0.0,0.0,0.0,0.0,0.0,0.0,0.43223485350608826,0.41877999901771545,0.27192938327789307,0.025049036368727684,0.4778274595737457,-0.03968968614935875,0.43563252687454224,0.1776944249868393,0.885332465171814,-0.024267122149467468,0.5441997051239014,0.44287484884262085,1.0096850395202637,0.10693319886922836,0.760007917881012,0.48545587062835693,0.9031990170478821,0.05384926497936249,1.025889277458191,0.18932276964187622,-0.06656050682067871,0.13875141739845276,1.128832995891571,2.193652233108878,-0.7147975265979767,0.12902077287435532,-0.45499950647354126,0.04512108862400055,0.10744184255599976,0.36585815250873566,1.7553120851516724,1.2058839201927185,0.7038936018943787,0.3423081710934639,1.9247233867645264,1.472041755914688,1.375114917755127,0.2171868458390236,1.5466809272766113,1.6678404062986374,3.0,3.0,3.0,3.0,3.0,3.0,3.0,3.0,3.0,3.0,3.0,3.0,3.0,3.0,3.0,3.0,3.0,3.0,3.0,3.0,0.05,0.05,0.05,0.05,0.05,0.05,0.05,0.05,0.05,0.05,0.05,0.05,0.05,0.05,0.05,0.05,0.05,0.05,0.05,0.05,0.0,0.0,0.0,0.0,0.0,0.0,0.0,0.0,0.0,0.0,0.0,0.0,0.0,0.0,0.0,0.0,0.0,0.0,0.0,0.0
0.7172266244888306,0.45201483368873596,0.3636150658130646,0.4522123634815216,0.46764060854911804,-0.01988901197910309,0.40806064009666443,0.27390435338020325,0.9084975123405457,-0.0270545594394207,0.7554107904434204,0.536310076713562,0.9805322885513306,-0.1051582545042038,0.8878130912780762,0.6159436702728271,0.9452110528945923,-0.08039020746946335,1.0935090780258179,0.4658428132534027,-0.09951144456863403,-0.0005729496479034424,-0.05821138620376448,-0.05515143275260925,0.001844763755796952,0.0288382638245821,-0.4131034016609164,-0.047013163566589355,-0.016205012798309326,-0.026307534426450296,-0.8040800690650884,-0.32498240470885953,-0.06446391344070435,-0.10650679469108477,-0.7700875401496832,-0.4084199666976901,-0.04405528306961337,-0.20766723901033193,-0.7184654474258367,-0.4768595099449116,3.0,3.0,3.0,3.0,3.0,3.0,3.0,3.0,3.0,3.0,3.0,3.0,3.0,3.0,3.0,3.0,3.0,3.0,3.0,3.0,0.05,0.05,0.05,0.05,0.05,0.05,0.05,0.05,0.05,0.05,0.05,0.05,0.05,0.05,0.05,0.05,0.05,0.05,0.05,0.05,0.0,0.0,0.0,0.0,0.0,0.0,0.0,0.0,0.0,0.0,0.0,0.0,0.0,0.0,0.0,0.0,0.0,0.0,0.0,0.0,0.44347813725471497,0.41879239678382874,0.28768080472946167,0.061821237206459045,0.4633285701274872,-0.039346612989902496,0.42806556820869446,0.17920368909835815,0.8891571760177612,-0.01865670084953308,0.5746623277664185,0.4625447988510132,1.0243175029754639,0.11244118958711624,0.7966916561126709,0.5124663710594177,0.9303230047225952,0.05797416716814041,1.055761456489563,0.22174303233623505,0.7961429655551785,0.04185736179351668,0.6790697574615423,1.486211875453581,-0.7374592125415719,0.06496999412774936,-0.39457380771636547,0.04232190549373627,0.2334326505660983,0.3061379306018319,1.4035731554031232,0.8745759725570609,0.743108987808222,0.2875572070479358,1.752005517482741,1.2623846530914167,1.3636201620101762,0.2013679593801474,1.4284819364547618,1.535137742757782,3.0,3.0,3.0,3.0,3.0,3.0,3.0,3.0,3.0,3.0,3.0,3.0,3.0,3.0,3.0,3.0,3.0,3.0,3.0,3.0,0.05,0.05,0.05,0.05,0.05,0.05,0.05,0.05,0.05,0.05,0.05,0.05,0.05,0.05,0.05,0.05,0.05,0.05,0.05,0.05,0.0,0.0,0.0,0.0,0.0,0.0,0.0,0.0,0.0,0.0,0.0,0.0,0.0,0.0,0.0,0.0,0.0,0.0,0.0,0.0
0.7157584428787231,0.45171841979026794,0.36256000399589544,0.4511025547981262,0.46830794215202326,-0.01980738900601864,0.4010952413082124,0.2734876573085785,0.9095301032066345,-0.02780404128134249,0.7418323755264284,0.5310413241386415,0.9806060791015625,-0.10717784613370891,0.8749114871025088,0.6090077757835389,0.9450370669364928,-0.08430980890989295,1.0810983180999758,0.45745709538459794,-0.031068921089172363,-0.060942023992537064,-0.06101876497268677,-0.04819929599761963,0.07780417799949507,-0.009782286360859524,-0.27255937457084517,0.02435445785522461,0.128099322319028,-0.04756031557917534,-0.5357086658477755,-0.18337517976760864,0.09983479976654053,-0.10186862200498477,-0.5023196339607211,-0.28163045644759854,0.09801685810088834,-0.190812163054941,-0.4829585552215576,-0.3559619188308688,3.0,3.0,3.0,3.0,3.0,3.0,3.0,3.0,3.0,3.0,3.0,3.0,3.0,3.0,3.0,3.0,3.0,3.0,3.0,3.0,0.05,0.05,0.05,0.05,0.05,0.05,0.05,0.05,0.05,0.05,0.05,0.05,0.05,0.05,0.05,0.05,0.05,0.05,0.05,0.05,0.0,0.0,0.0,0.0,0.0,0.0,0.0,0.0,0.0,0.0,0.0,0.0,0.0,0.0,0.0,0.0,0.0,0.0,0.0,0.0,0.4640805721282954,0.4204542934894561,0.29909217357635476,0.08449751138687092,0.44832909107208285,-0.037090886384248775,0.4198495745658876,0.17938730120658875,0.8946697711944579,-0.012021604925394192,0.6003426313400263,0.4778578877449033,1.0394093990325926,0.1184354871511458,0.8300881385803216,0.5359512567520136,0.9577438235282891,0.061903983354568384,1.0830285549163814,0.2507282793521875,1.133619248867021,0.02469867467880249,0.5103826522827106,0.9493833407759583,-0.7021129131317069,0.10213889181613818,-0.4157468676567022,-0.01804120838642051,0.25850385427474976,0.30475315870716874,1.1830434203147777,0.6639853119850103,0.6941288709640392,0.2924397587776153,1.5720114111900163,1.0818958282470592,1.3034090399741987,0.21271184086799344,1.233568787574757,1.3526577502488966,3.0,3.0,3.0,3.0,3.0,3.0,3.0,3.0,3.0,3.0,3.0,3.0,3.0,3.0,3.0,3.0,3.0,3.0,3.0,3.0,0.05,0.05,0.05,0.05,0.05,0.05,0.05,0.05,0.05,0.05,0.05,0.05,0.05,0.05,0.05,0.05,0.05,0.05,0.05,0.05,0.0,0.0,0.0,0.0,0.0,0.0,0.0,0.0,0.0,0.0,0.0,0.0,0.0,0.0,0.0,0.0,0.0,0.0,0.0,0.0
0.7159838676452637,0.4495771527290345,0.3611743152141571,0.4502843916416168,0.47075277566909784,-0.02028030343353747,0.3971582651138306,0.27487853169441223,0.9136214852333068,-0.028956972062587714,0.7339824438095094,0.5289750695228577,0.9845256805419922,-0.10923299938440319,0.8677203059196473,0.6046784520149232,0.9491317272186278,-0.08802269399166099,1.0741907358169556,0.45160433650016796,0.030785799026489258,-0.12582540512084683,-0.07049590349197526,-0.03746747970581055,0.15999078750610213,-0.03475369885563772,-0.13287886977196156,0.1005530357360826,0.2536013722419683,-0.055673113092779766,-0.27504861354828436,-0.04216879606247226,0.26955306529998224,-0.09303372353315353,-0.23879110813141424,-0.16088485717773438,0.26562362909317017,-0.1800920814275745,-0.23218095302582342,-0.23651123046875416,3.0,3.0,3.0,3.0,3.0,3.0,3.0,3.0,3.0,3.0,3.0,3.0,3.0,3.0,3.0,3.0,3.0,3.0,3.0,3.0,0.05,0.05,0.05,0.05,0.05,0.05,0.05,0.05,0.05,0.05,0.05,0.05,0.05,0.05,0.05,0.05,0.05,0.05,0.05,0.05,0.0,0.0,0.0,0.0,0.0,0.0,0.0,0.0,0.0,0.0,0.0,0.0,0.0,0.0,0.0,0.0,0.0,0.0,0.0,0.0,0.4888229072093958,0.41978034377098083,0.3080961108207701,0.09979657083749738,0.4352440536022189,-0.03526105731725697,0.41143569350242637,0.17848204076290133,0.8994973301887512,-0.006466574501246332,0.6219840645790096,0.4891042113304136,1.0520826578140254,0.12413877993822085,0.8595721125602716,0.5557422041893001,0.9824593663215632,0.06648264080286015,1.1051042079925533,0.2758493423461909,1.2835830450057941,-0.06172508001327237,0.3967039287090329,0.7556345313787481,-0.6786398589611053,0.0951637513935566,-0.47000721096992354,-0.09068138897418837,0.21133869886398593,0.2674188464879995,0.9783640503883417,0.47033280134201466,0.5928486585617065,0.2811715006828315,1.3995051383972195,0.9149178862571772,1.219241321086889,0.248577632009982,1.033356785774231,1.1857315897941632,3.0,3.0,3.0,3.0,3.0,3.0,3.0,3.0,3.0,3.0,3.0,3.0,3.0,3.0,3.0,3.0,3.0,3.0,3.0,3.0,0.05,0.05,0.05,0.05,0.05,0.05,0.05,0.05,0.05,0.05,0.05,0.05,0.05,0.05,0.05,0.05,0.05,0.05,0.05,0.05,0.0,0.0,0.0,0.0,0.0,0.0,0.0,0.0,0.0,0.0,0.0,0.0,0.0,0.0,0.0,0.0,0.0,0.0,0.0,0.0
0.7169898748397827,0.44668540358543407,0.35974016785621643,0.4496038556098938,0.47470757365226735,-0.021197536960244148,0.39578008651733393,0.2775097787380218,0.9196741580963133,-0.03003096580505368,0.7308304309844971,0.5293545722961426,0.9913882017135618,-0.11089919507503505,0.8653598427772522,0.6025723814964296,0.9556620121002196,-0.09151349216699593,1.0718110799789429,0.4479966461658478,0.049403309822085295,-0.1804359257221208,-0.04558861255645752,-0.01212581992149353,0.2413846552371937,-0.09512999095022513,-0.008974969387057219,0.15435293316840987,0.3361612558364868,-0.07984619587659758,-0.0625267624855097,0.06988644599914273,0.3870308399200384,-0.09228605777025223,-0.021080672740939055,-0.053791701793676205,0.35630911588668546,-0.18711891025304758,-0.023305416107177734,-0.12469515204429904,3.0,3.0,3.0,3.0,3.0,3.0,3.0,3.0,3.0,3.0,3.0,3.0,3.0,3.0,3.0,3.0,3.0,3.0,3.0,3.0,0.05,0.05,0.05,0.05,0.05,0.05,0.05,0.05,0.05,0.05,0.05,0.05,0.05,0.05,0.05,0.05,0.05,0.05,0.05,0.05,0.0,0.0,0.0,0.0,0.0,0.0,0.0,0.0,0.0,0.0,0.0,0.0,0.0,0.0,0.0,0.0,0.0,0.0,0.0,0.0,0.5154238939285272,0.4179852902889252,0.3149603307247161,0.11472289264202085,0.42118349671363864,-0.03328433632850651,0.4010492861270907,0.1757600456476212,0.9031233191490173,-0.0013248510658742108,0.63947719335556,0.4966711997985839,1.0631233453750608,0.12968234717845906,0.8860683441162104,0.5725479722023007,1.0065134763717647,0.07184708863496767,1.1243628263473506,0.298157542943954,1.310274749994278,-0.09939298033714156,0.3116711974143996,0.7402831688523299,-0.7253758609294877,0.0937039963901055,-0.5493789911270127,-0.16757436096668035,0.11997818946838379,0.24997184518724802,0.7496908307075584,0.2990111708641108,0.4853397607803456,0.26835892349481616,1.2080028653144919,0.7557734847068842,1.1210724711418234,0.2806805074214925,0.8702188730239924,1.0227575898170513,3.0,3.0,3.0,3.0,3.0,3.0,3.0,3.0,3.0,3.0,3.0,3.0,3.0,3.0,3.0,3.0,3.0,3.0,3.0,3.0,0.05,0.05,0.05,0.05,0.05,0.05,0.05,0.05,0.05,0.05,0.05,0.05,0.05,0.05,0.05,0.05,0.05,0.05,0.05,0.05,0.0,0.0,0.0,0.0,0.0,0.0,0.0,0.0,0.0,0.0,0.0,0.0,0.0,0.0,0.0,0.0,0.0,0.0,0.0,0.0
0.7179600000381471,0.44235971570014965,0.3593507707118988,0.4497993588447571,0.4804081618785856,-0.024085503071546475,0.39679926633834833,0.2810526490211486,0.9270679354667662,-0.03215081989765162,0.731481373310089,0.5317705273628234,1.0000069141387937,-0.11292444169521328,0.8668770790100098,0.6025267839431762,0.9633840918540952,-0.09550745040178289,1.0732585191726685,0.446616530418396,0.07231086492538452,-0.2343654632568387,-0.010264664888381958,0.03981590270996094,0.38524791598320285,-0.18244548700749952,0.15150904655456682,0.21310150623321672,0.47307163476944525,-0.1540929079055794,0.17057955265045166,0.18533319234848022,0.5274653434753473,-0.13542007654905422,0.1869693398475647,0.0581324100494357,0.4734382033348111,-0.218626298010351,0.1840144395828247,-0.00637546181678772,3.0,3.0,3.0,3.0,3.0,3.0,3.0,3.0,3.0,3.0,3.0,3.0,3.0,3.0,3.0,3.0,3.0,3.0,3.0,3.0,0.05,0.05,0.05,0.05,0.05,0.05,0.05,0.05,0.05,0.05,0.05,0.05,0.05,0.05,0.05,0.05,0.05,0.05,0.05,0.05,0.0,0.0,0.0,0.0,0.0,0.0,0.0,0.0,0.0,0.0,0.0,0.0,0.0,0.0,0.0,0.0,0.0,0.0,0.0,0.0,0.5412338972091669,0.4158046245574952,0.3205629587173461,0.12940789759159058,0.4062290191650394,-0.03151289746165275,0.38946053385734586,0.17177906632423412,0.9042964577674866,0.0035322993062435895,0.6519716978073119,0.501064658164978,1.0714962482452393,0.1348731368780135,0.9078922271728512,0.5859731435775755,1.027302265167236,0.07770986109971985,1.139912962913513,0.31675964593887296,1.2250944972038436,-0.09708553552627702,0.252559036016467,0.6900958716869438,-0.7113419473171317,0.03028521314263448,-0.6300859153270777,-0.25203749537468095,-0.14815926551818848,0.17833623569459,0.3749966621399009,0.05523040890693942,0.2673178911209162,0.2531573176384,0.8464246988296648,0.503724813461312,0.8845299482345692,0.33853873610496865,0.5556523799896351,0.7849246263504139,3.0,3.0,3.0,3.0,3.0,3.0,3.0,3.0,3.0,3.0,3.0,3.0,3.0,3.0,3.0,3.0,3.0,3.0,3.0,3.0,0.05,0.05,0.05,0.05,0.05,0.05,0.05,0.05,0.05,0.05,0.05,0.05,0.05,0.05,0.05,0.05,0.05,0.05,0.05,0.05,0.0,0.0,0.0,0.0,0.0,0.0,0.0,0.0,0.0,0.0,0.0,0.0,0.0,0.0,0.0,0.0,0.0,0.0,0.0,0.0
0.7198823094367981,0.4373107850551605,0.35932958126068115,0.45119649171829224,0.49011749029159546,-0.02849535644054413,0.4018404483795166,0.28603383898735046,0.9385970234870911,-0.036194682121276855,0.7376536130905151,0.5367678999900818,1.0124868154525757,-0.11631599813699722,0.8728386163711548,0.604897677898407,0.9745995402336121,-0.10025854408740997,1.0791716575622559,0.44774162769317627,0.09777694940566739,-0.30600130558014194,-0.020129233598709106,0.09063780307769775,0.5167476832866724,-0.2503763884305974,0.33402442932129045,0.27682259678840776,0.6233677268028287,-0.19180988892913003,0.49924850463867465,0.3510370850563077,0.6468862295150812,-0.1323383301496516,0.44008493423461914,0.20838230848312655,0.6077930331230219,-0.15408117324114087,0.45408308506011963,0.14669671654701233,3.0,3.0,3.0,3.0,3.0,3.0,3.0,3.0,3.0,3.0,3.0,3.0,3.0,3.0,3.0,3.0,3.0,3.0,3.0,3.0,0.05,0.05,0.05,0.05,0.05,0.05,0.05,0.05,0.05,0.05,0.05,0.05,0.05,0.05,0.05,0.05,0.05,0.05,0.05,0.05,0.0,0.0,0.0,0.0,0.0,0.0,0.0,0.0,0.0,0.0,0.0,0.0,0.0,0.0,0.0,0.0,0.0,0.0,0.0,0.0,0.5644276738166809,0.41410186886787415,0.32506269216537476,0.1423267275094986,0.39272981882095337,-0.03207292780280113,0.37584584951400757,0.16567854583263397,0.8971969485282898,0.0058085983619093895,0.654477059841156,0.49888041615486145,1.0738160610198975,0.13980863988399506,0.919925332069397,0.5926969647407532,1.0418946743011475,0.08538863807916641,1.146588921546936,0.3295545279979706,1.0758236050605912,-0.06992444396019121,0.2037428319454221,0.6113864481449204,-0.7238030433654868,-0.028358958661556417,-0.7365837693214485,-0.3471571952104596,-0.5097493529319763,0.11640827869996599,-0.0461012125015231,-0.19927173852920532,0.012737512588500977,0.21565817296505252,0.42387843132019876,0.22003054618836004,0.5340993404388483,0.3316653892397919,0.1576095819473322,0.5088336765766227,3.0,3.0,3.0,3.0,3.0,3.0,3.0,3.0,3.0,3.0,3.0,3.0,3.0,3.0,3.0,3.0,3.0,3.0,3.0,3.0,0.05,0.05,0.05,0.05,0.05,0.05,0.05,0.05,0.05,0.05,0.05,0.05,0.05,0.05,0.05,0.05,0.05,0.05,0.05,0.05,0.0,0.0,0.0,0.0,0.0,0.0,0.0,0.0,0.0,0.0,0.0,0.0,0.0,0.0,0.0,0.0,0.0,0.0,0.0,0.0
0.7218710780143738,0.43011966347694397,0.35854560136795044,0.453424870967865,0.5010780692100525,-0.03410055860877037,0.41016024351119995,0.29212555289268494,0.9520026445388794,-0.03982321545481682,0.751451313495636,0.5458120107650757,1.025882363319397,-0.11821797490119934,0.8844804763793945,0.6108620762825012,0.9876958131790161,-0.10167069733142853,1.0914218425750732,0.4524843990802765,0.0975877046585083,-0.39187222719192505,-0.03547146916389465,0.10789558291435242,0.5601495504379272,-0.29109977185726166,0.46451613306999207,0.3125593066215515,0.6936565041542053,-0.15682680532336235,0.837281346321106,0.5262807011604309,0.695374608039856,-0.05550608038902283,0.7254377007484436,0.3931790590286255,0.7151737809181213,-0.013918057084083557,0.7865071296691895,0.34472569823265076,3.0,3.0,3.0,3.0,3.0,3.0,3.0,3.0,3.0,3.0,3.0,3.0,3.0,3.0,3.0,3.0,3.0,3.0,3.0,3.0,0.05,0.05,0.05,0.05,0.05,0.05,0.05,0.05,0.05,0.05,0.05,0.05,0.05,0.05,0.05,0.05,0.05,0.05,0.05,0.05,0.0,0.0,0.0,0.0,0.0,0.0,0.0,0.0,0.0,0.0,0.0,0.0,0.0,0.0,0.0,0.0,0.0,0.0,0.0,0.0,0.5842668414115906,0.4130076467990875,0.32871267199516296,0.1538633555173874,0.3772768974304199,-0.032647255808115005,0.3599971830844879,0.15789277851581573,0.8839064836502075,0.00818863045424223,0.650127649307251,0.4930937886238098,1.0720057487487793,0.1434994637966156,0.9248473644256592,0.5947743654251099,1.04866623878479,0.09097647666931152,1.1462173461914062,0.33711299300193787,0.7809877395629883,-0.015024840831756592,0.0981941819190979,0.4533916711807251,-0.5663320422172546,0.006326381117105484,-0.8183419704437256,-0.4784882068634033,-0.642220675945282,0.3751695854589343,-0.5415394902229309,-0.5501620471477509,-0.08865594863891602,0.6872184574604034,-0.1874685287475586,-0.2201870083808899,0.45130252838134766,1.0132664814591408,-0.4178375005722046,0.036710500717163086,3.0,3.0,3.0,3.0,3.0,3.0,3.0,3.0,3.0,3.0,3.0,3.0,3.0,3.0,3.0,3.0,3.0,3.0,3.0,3.0,0.05,0.05,0.05,0.05,0.05,0.05,0.05,0.05,0.05,0.05,0.05,0.05,0.05,0.05,0.05,0.05,0.05,0.05,0.05,0.05,0.0,0.0,0.0,0.0,0.0,0.0,0.0,0.0,0.0,0.0,0.0,0.0,0.0,0.0,0.0,0.0,0.0,0.0,0.0,0.0
0.7237858176231384,0.4216358959674835,0.35791072249412537,0.45551231503486633,0.5125234723091125,-0.040139347314834595,0.4204210937023163,0.2985362112522125,0.9663432836532593,-0.04246775433421135,0.7711448669433594,0.557819128036499,1.04030179977417,-0.11853624135255814,0.9018561244010925,0.620624840259552,1.003206491470337,-0.10081526637077332,1.1106319427490234,0.4615306556224823,0.13476312160491943,-0.42356178164482117,-0.02256929874420166,0.10382905602455139,0.6125837564468384,-0.32052211463451385,0.6100468337535858,0.3373339772224426,0.6616607308387756,-0.10000951588153839,1.1548340320587158,0.6757140159606934,0.6587892770767212,0.048299506306648254,1.0433852672576904,0.6180837750434875,0.6967365741729736,0.147242471575737,1.1377185583114624,0.5859978497028351,3.0,3.0,3.0,3.0,3.0,3.0,3.0,3.0,3.0,3.0,3.0,3.0,3.0,3.0,3.0,3.0,3.0,3.0,3.0,3.0,0.05,0.05,0.05,0.05,0.05,0.05,0.05,0.05,0.05,0.05,0.05,0.05,0.05,0.05,0.05,0.05,0.05,0.05,0.05,0.05,0.0,0.0,0.0,0.0,0.0,0.0,0.0,0.0,0.0,0.0,0.0,0.0,0.0,0.0,0.0,0.0,0.0,0.0,0.0,0.0,0.5956671833992004,0.4135008752346039,0.32899045944213867,0.1604623943567276,0.3700765371322632,-0.03181987255811691,0.34311217069625854,0.14653901755809784,0.8715081214904785,0.020815381780266762,0.6328154802322388,0.4768739342689514,1.0702698230743408,0.1672973781824112,0.9124265909194946,0.5838894844055176,1.0599467754364014,0.12591929733753204,1.1298754215240479,0.3310229480266571,0.5550533533096313,0.07737502455711365,0.030519813299179077,0.3070387989282608,-0.4227481782436371,0.04440913908183575,-0.9339973330497742,-0.6436247378587723,-0.775146484375,0.5532162031158805,-1.0529354214668274,-0.9101562201976776,-0.1436680555343628,1.1086873710155487,-0.838056206703186,-0.704917311668396,0.43281614780426025,1.581946387887001,-1.0412931442260742,-0.5054444074630737,3.0,3.0,3.0,3.0,3.0,3.0,3.0,3.0,3.0,3.0,3.0,3.0,3.0,3.0,3.0,3.0,3.0,3.0,3.0,3.0,0.05,0.05,0.05,0.05,0.05,0.05,0.05,0.05,0.05,0.05,0.05,0.05,0.05,0.05,0.05,0.05,0.05,0.05,0.05,0.05,0.0,0.0,0.0,0.0,0.0,0.0,0.0,0.0,0.0,0.0,0.0,0.0,0.0,0.0,0.0,0.0,0.0,0.0,0.0,0.0
0.7272616028785706,0.4131771922111511,0.3576428294181824,0.45757803320884705,0.525581419467926,-0.046921443194150925,0.4345621168613434,0.30561891198158264,0.9784690737724304,-0.043823596090078354,0.7976446747779846,0.5728405714035034,1.0522339344024658,-0.11628599464893341,0.9262158870697021,0.6355854272842407,1.015565276145935,-0.09578099846839905,1.1369305849075317,0.4759243130683899,0.1551315188407898,-0.4113905131816864,-0.00937432050704956,0.12396648526191711,0.6825476884841919,-0.3139002248644829,0.7575355470180511,0.36592334508895874,0.6965860724449158,-0.035713519901037216,1.4053642749786377,0.7664605975151062,0.6715506315231323,0.1261446624994278,1.2993738055229187,0.7895588874816895,0.7116705179214478,0.25581400841474533,1.4173388481140137,0.7779635488986969,3.0,3.0,3.0,3.0,3.0,3.0,3.0,3.0,3.0,3.0,3.0,3.0,3.0,3.0,3.0,3.0,3.0,3.0,3.0,3.0,0.05,0.05,0.05,0.05,0.05,0.05,0.05,0.05,0.05,0.05,0.05,0.05,0.05,0.05,0.05,0.05,0.05,0.05,0.05,0.05,0.0,0.0,0.0,0.0,0.0,0.0,0.0,0.0,0.0,0.0,0.0,0.0,0.0,0.0,0.0,0.0,0.0,0.0,0.0,0.0,0.6064689755439758,0.41610264778137207,0.3299334645271301,0.16614490747451782,0.36036697030067444,-0.030870890244841576,0.32263728976249695,0.13214778900146484,0.8529006242752075,0.03031727857887745,0.6080102324485779,0.4566875398159027,1.0662590265274048,0.18784695863723755,0.8913251161575317,0.566577672958374,1.0659788846969604,0.15425433218479156,1.1045656204223633,0.3168952167034149,0.4658237099647522,0.054132938385009766,0.12529492378234863,0.3180418163537979,-0.4981905221939087,0.008142460137605667,-1.0489024221897125,-0.7286868989467621,-0.962306559085846,0.23342901840806007,-1.1802509427070618,-0.9543232619762421,-0.19411742687225342,0.49832500517368317,-0.9880974888801575,-0.8528262376785278,0.15778541564941406,0.7128451019525528,-1.2106001377105713,-0.6892591714859009,3.0,3.0,3.0,3.0,3.0,3.0,3.0,3.0,3.0,3.0,3.0,3.0,3.0,3.0,3.0,3.0,3.0,3.0,3.0,3.0,0.05,0.05,0.05,0.05,0.05,0.05,0.05,0.05,0.05,0.05,0.05,0.05,0.05,0.05,0.05,0.05,0.05,0.05,0.05,0.05,0.0,0.0,0.0,0.0,0.0,0.0,0.0,0.0,0.0,0.0,0.0,0.0,0.0,0.0,0.0,0.0,0.0,0.0,0.0,0.0
0.72999107837677,0.40518027544021606,0.3575357496738434,0.460470974445343,0.5398253798484802,-0.05269535630941391,0.45072251558303833,0.3131731450557709,0.9942067265510559,-0.04389629513025284,0.8273594379425049,0.5884775519371033,1.0671638250350952,-0.11349045485258102,0.9538310766220093,0.6522071957588196,1.0316733121871948,-0.0905827060341835,1.167325496673584,0.4926491975784302,0.22654235363006592,-0.4147671163082123,0.012381374835968018,0.13583898544311523,0.7549688220024109,-0.3047272562980652,0.9405091404914856,0.4100404679775238,0.734923779964447,0.02774009481072426,1.600678265094757,0.8023858070373535,0.6825536489486694,0.19925925880670547,1.487007737159729,0.896395742893219,0.708383321762085,0.36633312702178955,1.6148746013641357,0.9205043315887451,3.0,3.0,3.0,3.0,3.0,3.0,3.0,3.0,3.0,3.0,3.0,3.0,3.0,3.0,3.0,3.0,3.0,3.0,3.0,3.0,0.05,0.05,0.05,0.05,0.05,0.05,0.05,0.05,0.05,0.05,0.05,0.05,0.05,0.05,0.05,0.05,0.05,0.05,0.05,0.05,0.0,0.0,0.0,0.0,0.0,0.0,0.0,0.0,0.0,0.0,0.0,0.0,0.0,0.0,0.0,0.0,0.0,0.0,0.0,0.0,0.6143001317977905,0.4156661927700043,0.3340022563934326,0.17318406701087952,0.35014891624450684,-0.031494174152612686,0.30115607380867004,0.11739154160022736,0.8330158591270447,0.030152542516589165,0.5856054425239563,0.43870100378990173,1.0625051259994507,0.18723037838935852,0.8729026913642883,0.5497764348983765,1.066258192062378,0.15443310141563416,1.081451416015625,0.30345258116722107,0.27604997158050537,0.018403679132461548,0.1813359558582306,0.35249851644039154,-0.4070013761520386,-0.05195685662329197,-1.021711528301239,-0.7207313552498817,-1.0111749172210693,-0.052335020154714584,-1.2366026639938354,-0.9623512625694275,-0.3160327672958374,0.04035644233226776,-1.0539710521697998,-0.927269458770752,-0.10241270065307617,0.15922896564006805,-1.1975377798080444,-0.7093437016010284,3.0,3.0,3.0,3.0,3.0,3.0,3.0,3.0,3.0,3.0,3.0,3.0,3.0,3.0,3.0,3.0,3.0,3.0,3.0,3.0,0.05,0.05,0.05,0.05,0.05,0.05,0.05,0.05,0.05,0.05,0.05,0.05,0.05,0.05,0.05,0.05,0.05,0.05,0.05,0.05,0.0,0.0,0.0,0.0,0.0,0.0,0.0,0.0,0.0,0.0,0.0,0.0,0.0,0.0,0.0,0.0,0.0,0.0,0.0,0.0
0.7363232970237732,0.39658650755882263,0.3581380844116211,0.46301159262657166,0.5557801723480225,-0.05911053344607353,0.4721824824810028,0.3220205307006836,1.0078660249710083,-0.042713992297649384,0.8616718053817749,0.6049360036849976,1.0795360803604126,-0.10831562429666519,0.9856961965560913,0.6714412569999695,1.0439006090164185,-0.08112767338752747,1.2015255689620972,0.5127444863319397,0.31547993421554565,-0.42553991079330444,0.049673765897750854,0.1573219895362854,0.8303746581077576,-0.3194078803062439,1.0920241475105286,0.4473589360713959,0.7321760058403015,0.05230652168393135,1.7100617289543152,0.807616114616394,0.695568323135376,0.23487545549869537,1.599159836769104,0.9482130408287048,0.6970137357711792,0.4350680857896805,1.7310112714767456,1.0092556476593018,3.0,3.0,3.0,3.0,3.0,3.0,3.0,3.0,3.0,3.0,3.0,3.0,3.0,3.0,3.0,3.0,3.0,3.0,3.0,3.0,0.05,0.05,0.05,0.05,0.05,0.05,0.05,0.05,0.05,0.05,0.05,0.05,0.05,0.05,0.05,0.05,0.05,0.05,0.05,0.05,0.0,0.0,0.0,0.0,0.0,0.0,0.0,0.0,0.0,0.0,0.0,0.0,0.0,0.0,0.0,0.0,0.0,0.0,0.0,0.0,0.617510974407196,0.41683879494667053,0.33718690276145935,0.18024484813213348,0.3440869152545929,-0.032949164509773254,0.2817688286304474,0.10331853479146957,0.8124536275863647,0.028223877772688866,0.5585461258888245,0.4181934893131256,1.0536177158355713,0.18946121633052826,0.8491662740707397,0.529486894607544,1.0618823766708374,0.1606234908103943,1.0566641092300415,0.2885214686393738,0.12127608060836792,-0.014358758926391602,0.1596100628376007,0.41661299765110016,-0.2955302596092224,-0.08475882932543755,-0.9120158851146698,-0.6600365042686462,-1.1265024542808533,-0.1605504658073187,-1.4049604535102844,-1.028035581111908,-0.6294608116149902,-0.007637962698936462,-1.2675955891609192,-1.0350987315177917,-0.4615962505340576,0.19646808505058289,-1.332259178161621,-0.787101686000824,3.0,3.0,3.0,3.0,3.0,3.0,3.0,3.0,3.0,3.0,3.0,3.0,3.0,3.0,3.0,3.0,3.0,3.0,3.0,3.0,0.05,0.05,0.05,0.05,0.05,0.05,0.05,0.05,0.05,0.05,0.05,0.05,0.05,0.05,0.05,0.05,0.05,0.05,0.05,0.05,0.0,0.0,0.0,0.0,0.0,0.0,0.0,0.0,0.0,0.0,0.0,0.0,0.0,0.0,0.0,0.0,0.0,0.0,0.0,0.0
0.7426102757453918,0.3881586790084839,0.3595227003097534,0.46676385402679443,0.5730403661727905,-0.06547167152166367,0.4944034814834595,0.3310675024986267,1.023493766784668,-0.041804034262895584,0.8957619071006775,0.620782196521759,1.0949865579605103,-0.10409543663263321,1.0177974700927734,0.6901357173919678,1.059553861618042,-0.07317998260259628,1.2365659475326538,0.5330194234848022,0.36371946334838867,-0.44296756386756897,0.05138590931892395,0.21985620260238647,0.8804276585578918,-0.3260335884988308,1.183166354894638,0.46493709087371826,0.7158786058425903,0.06337538361549377,1.7472535371780396,0.79193115234375,0.689232349395752,0.2590365707874298,1.6233503818511963,0.9405240416526794,0.7467180490493774,0.46255458146333694,1.7784744501113892,1.0447919368743896,3.0,3.0,3.0,3.0,3.0,3.0,3.0,3.0,3.0,3.0,3.0,3.0,3.0,3.0,3.0,3.0,3.0,3.0,3.0,3.0,0.05,0.05,0.05,0.05,0.05,0.05,0.05,0.05,0.05,0.05,0.05,0.05,0.05,0.05,0.05,0.05,0.05,0.05,0.05,0.05,0.0,0.0,0.0,0.0,0.0,0.0,0.0,0.0,0.0,0.0,0.0,0.0,0.0,0.0,0.0,0.0,0.0,0.0,0.0,0.0,0.6191511750221252,0.4150918424129486,0.34038665890693665,0.18984858691692352,0.33832770586013794,-0.03488452732563019,0.26467543840408325,0.0909900814294815,0.7879557609558105,0.023730523884296417,0.5294070243835449,0.3975795805454254,1.037326693534851,0.18692485988140106,0.8221988677978516,0.5083724856376648,1.0477943420410156,0.16229182481765747,1.0281610488891602,0.2719685137271881,0.10862946510314941,-0.04685521125793457,0.1217089593410492,0.5332350730895996,-0.2121277153491974,-0.1663900911808014,-0.7609188556671143,-0.5552345886826515,-1.1785030364990234,-0.32280220184475183,-1.528073102235794,-1.061934232711792,-0.9127050638198853,-0.24603717029094696,-1.4014869928359985,-1.0650984942913055,-0.8201152086257935,-0.061366334557533264,-1.4461949467658997,-0.8256919682025909,3.0,3.0,3.0,3.0,3.0,3.0,3.0,3.0,3.0,3.0,3.0,3.0,3.0,3.0,3.0,3.0,3.0,3.0,3.0,3.0,0.05,0.05,0.05,0.05,0.05,0.05,0.05,0.05,0.05,0.05,0.05,0.05,0.05,0.05,0.05,0.05,0.05,0.05,0.05,0.05,0.0,0.0,0.0,0.0,0.0,0.0,0.0,0.0,0.0,0.0,0.0,0.0,0.0,0.0,0.0,0.0,0.0,0.0,0.0,0.0
0.7508720755577087,0.3788678050041199,0.36019352078437805,0.4718058407306671,0.5909972786903381,-0.07215187698602676,0.5195091366767883,0.3406180143356323,1.036501169204712,-0.04017897695302963,0.9315619468688965,0.6366132497787476,1.1071053743362427,-0.097954161465168,1.0506302118301392,0.7090622186660767,1.0737693309783936,-0.06262549012899399,1.2726645469665527,0.5545361638069153,0.4528641700744629,-0.47011077404022217,0.019324570894241333,0.26836097240448,0.8637860417366028,-0.31073223799467087,1.3213977217674255,0.4822641611099243,0.5944699048995972,0.1276511698961258,1.8724814057350159,0.8089840412139893,0.5606800317764282,0.36841239780187607,1.716858148574829,0.975993275642395,0.6509453058242798,0.6048675626516342,1.8535405397415161,1.129487156867981,3.0,3.0,3.0,3.0,3.0,3.0,3.0,3.0,3.0,3.0,3.0,3.0,3.0,3.0,3.0,3.0,3.0,3.0,3.0,3.0,0.05,0.05,0.05,0.05,0.05,0.05,0.05,0.05,0.05,0.05,0.05,0.05,0.05,0.05,0.05,0.05,0.05,0.05,0.05,0.05,0.0,0.0,0.0,0.0,0.0,0.0,0.0,0.0,0.0,0.0,0.0,0.0,0.0,0.0,0.0,0.0,0.0,0.0,0.0,0.0,0.621856153011322,0.41496458649635315,0.3420552611351013,0.20157425105571747,0.335601806640625,-0.03960476815700531,0.2513320744037628,0.08110915124416351,0.7653135061264038,0.015311789698898792,0.4974232017993927,0.37571612000465393,1.0171095132827759,0.17961972951889038,0.7931067943572998,0.4868829548358917,1.0290777683258057,0.15816883742809296,0.9988163113594055,0.25549378991127014,0.08563846349716187,-0.03279000520706177,0.07290840148925781,0.5913764238357544,-0.044386833906173706,-0.20808717235922813,-0.5552094429731369,-0.42550433427095413,-1.0988801717758179,-0.40021396707743406,-1.5525288879871368,-1.0480605065822601,-1.0792121291160583,-0.3889113664627075,-1.4549538493156433,-1.0458879172801971,-1.0391026735305786,-0.21641738712787628,-1.4766260981559753,-0.8201677352190018,3.0,3.0,3.0,3.0,3.0,3.0,3.0,3.0,3.0,3.0,3.0,3.0,3.0,3.0,3.0,3.0,3.0,3.0,3.0,3.0,0.05,0.05,0.05,0.05,0.05,0.05,0.05,0.05,0.05,0.05,0.05,0.05,0.05,0.05,0.05,0.05,0.05,0.05,0.05,0.05,0.0,0.0,0.0,0.0,0.0,0.0,0.0,0.0,0.0,0.0,0.0,0.0,0.0,0.0,0.0,0.0,0.0,0.0,0.0,0.0
0.7607248425483704,0.369354248046875,0.36029568314552307,0.47749829292297363,0.6075918078422546,-0.0779009610414505,0.5472593903541565,0.3503580689430237,1.0472725629806519,-0.03669798746705055,0.9706611633300781,0.6531415581703186,1.1174137592315674,-0.08935894072055817,1.0864717960357666,0.7291754484176636,1.0855916738510132,-0.048985280096530914,1.3107075691223145,0.5781989097595215,0.4637390375137246,-0.4346005618572138,0.032635033130644364,0.2641119062900474,0.8615106344222828,-0.27553252875804274,1.3715028762817076,0.4870690405368708,0.6170719861984142,0.16009351238608013,1.9257426261901411,0.8119300007819963,0.6041586399078258,0.3875125199556271,1.763698458671531,0.9739965200424,0.6355255842208696,0.6200389005243658,1.8633782863616555,1.1505588889121787,3.0,3.0,3.0,3.0,3.0,3.0,3.0,3.0,3.0,3.0,3.0,3.0,3.0,3.0,3.0,3.0,3.0,3.0,3.0,3.0,0.05,0.05,0.05,0.05,0.05,0.05,0.05,0.05,0.05,0.05,0.05,0.05,0.05,0.05,0.05,0.05,0.05,0.05,0.05,0.05,0.0,0.0,0.0,0.0,0.0,0.0,0.0,0.0,0.0,0.0,0.0,0.0,0.0,0.0,0.0,0.0,0.0,0.0,0.0,0.0,0.6225767135620117,0.41378024220466614,0.34330299496650696,0.2135036438703537,0.336552232503891,-0.04320801421999931,0.24246706068515778,0.07396990805864334,0.7440005540847778,0.007721965201199055,0.46730586886405945,0.355657160282135,0.9941582083702087,0.17136840522289276,0.7640007138252258,0.4665369689464569,1.0062302350997925,0.15363512933254242,0.9690960049629211,0.23916180431842804,-0.03688186407088956,-0.06343573331832747,0.04290640354156494,0.6346605718135674,0.12095421552657387,-0.13487720862030966,-0.3412581980228424,-0.2933807671070099,-0.9905427694320568,-0.366939383093261,-1.4501675963401504,-0.9620994329452306,-1.1525511741637962,-0.41988268494605113,-1.4412626624107028,-0.9926512837409751,-1.1593580245971458,-0.2451684325933387,-1.4724493026733092,-0.8132696151733217,3.0,3.0,3.0,3.0,3.0,3.0,3.0,3.0,3.0,3.0,3.0,3.0,3.0,3.0,3.0,3.0,3.0,3.0,3.0,3.0,0.05,0.05,0.05,0.05,0.05,0.05,0.05,0.05,0.05,0.05,0.05,0.05,0.05,0.05,0.05,0.05,0.05,0.05,0.05,0.05,0.0,0.0,0.0,0.0,0.0,0.0,0.0,0.0,0.0,0.0,0.0,0.0,0.0,0.0,0.0,0.0,0.0,0.0,0.0,0.0
0.7694216370582577,0.3614837825298313,0.3614989221096038,0.482370316982269,0.6254577040672294,-0.08317317813634847,0.5743692517280566,0.36010077595710716,1.0611840486526485,-0.03377523645758643,1.0085916519165021,0.6690904498100274,1.1312717199325557,-0.08245366066694292,1.1211781501770004,0.7480220794677727,1.0991903543472283,-0.037823934108019354,1.347199678421019,0.6005585193634024,0.428636372089386,-0.4045337438583374,0.06912052631378174,0.24404376745224,0.9059101343154907,-0.27403775602579117,1.3622075319290161,0.500863790512085,0.683632493019104,0.147633021697402,1.86079740524292,0.7799044251441956,0.6789684295654297,0.3493182361125946,1.678672432899475,0.9064257144927979,0.6749361753463745,0.5406990647315979,1.7614245414733887,1.0793641209602356,3.0,3.0,3.0,3.0,3.0,3.0,3.0,3.0,3.0,3.0,3.0,3.0,3.0,3.0,3.0,3.0,3.0,3.0,3.0,3.0,0.05,0.05,0.05,0.05,0.05,0.05,0.05,0.05,0.05,0.05,0.05,0.05,0.05,0.05,0.05,0.05,0.05,0.05,0.05,0.05,0.0,0.0,0.0,0.0,0.0,0.0,0.0,0.0,0.0,0.0,0.0,0.0,0.0,0.0,0.0,0.0,0.0,0.0,0.0,0.0,0.6203808784484864,0.41242715716362005,0.3437715172767639,0.22696067392826016,0.34043997526168795,-0.044999856501817696,0.23768174648284912,0.06937392055988312,0.7256917953491215,0.0006342143751683513,0.4394164979457867,0.3372321426868447,0.971007466316224,0.16282442212104833,0.7354562878608717,0.4471769034862527,0.9827034473419198,0.1483621001243594,0.9399183392524731,0.22296300530433727,-0.09113103151321411,-0.08628442883491516,-0.01911744475364685,0.7203832268714905,0.3257967531681061,-0.021854974329471588,0.02873837947845459,-0.07026344537734985,-0.6532162427902222,-0.30715527245774865,-1.3407789170742035,-0.8921772241592407,-1.0379791259765625,-0.41691698133945465,-1.402178406715393,-0.9390376508235931,-1.0632559657096863,-0.326002761721611,-1.4315024018287659,-0.8220527321100235,3.0,3.0,3.0,3.0,3.0,3.0,3.0,3.0,3.0,3.0,3.0,3.0,3.0,3.0,3.0,3.0,3.0,3.0,3.0,3.0,0.05,0.05,0.05,0.05,0.05,0.05,0.05,0.05,0.05,0.05,0.05,0.05,0.05,0.05,0.05,0.05,0.05,0.05,0.05,0.05,0.0,0.0,0.0,0.0,0.0,0.0,0.0,0.0,0.0,0.0,0.0,0.0,0.0,0.0,0.0,0.0,0.0,0.0,0.0,0.0
0.7778702974319458,0.3531728982925415,0.36306050419807434,0.48726004362106323,0.6438282132148743,-0.08886247128248215,0.6017476916313171,0.3703926205635071,1.074617862701416,-0.030792666599154472,1.045093059539795,0.6843377351760864,1.1445724964141846,-0.07538621127605438,1.1536186933517456,0.7654324769973755,1.1125891208648682,-0.027357317507267,1.38116455078125,0.6213734745979309,0.4157841205596896,-0.41652843356132785,0.05788356065750122,0.27426853775978227,0.8934497833251981,-0.2751015126705194,1.3813704252243013,0.5297921597957583,0.6334304809570312,0.1661294139921646,1.820230484008789,0.7494673132896451,0.6386488676071167,0.3786722198128676,1.617521047592163,0.8651897311210632,0.644600391387945,0.5405902396887522,1.6770869493484553,1.036466658115384,3.0,3.0,3.0,3.0,3.0,3.0,3.0,3.0,3.0,3.0,3.0,3.0,3.0,3.0,3.0,3.0,3.0,3.0,3.0,3.0,0.05,0.05,0.05,0.05,0.05,0.05,0.05,0.05,0.05,0.05,0.05,0.05,0.05,0.05,0.05,0.05,0.05,0.05,0.05,0.05,0.0,0.0,0.0,0.0,0.0,0.0,0.0,0.0,0.0,0.0,0.0,0.0,0.0,0.0,0.0,0.0,0.0,0.0,0.0,0.0,0.6189314723014832,0.41032886505126953,0.3425382971763611,0.24231897294521332,0.34958410263061523,-0.04408221319317818,0.24361659586429596,0.07115937024354935,0.717871904373169,-0.004564245697110891,0.4136747121810913,0.3199700713157654,0.9526390433311462,0.15469172596931458,0.7079135775566101,0.4289754629135132,0.963699996471405,0.14059501886367798,0.9118359088897705,0.2062796950340271,-0.1186370849609375,-0.11774525046348433,-0.07897913455962996,0.7305454462766654,0.5994029343128079,0.07406780496239315,0.41989013552664184,0.15522986650466225,-0.2813681960106007,-0.22955379681662244,-1.1240735650062699,-0.7573656737804524,-0.9227991104126032,-0.38802325725555625,-1.3052001595497214,-0.8432060480117881,-0.9808629751205472,-0.358513742685318,-1.358707249164584,-0.7970683276653324,3.0,3.0,3.0,3.0,3.0,3.0,3.0,3.0,3.0,3.0,3.0,3.0,3.0,3.0,3.0,3.0,3.0,3.0,3.0,3.0,0.05,0.05,0.05,0.05,0.05,0.05,0.05,0.05,0.05,0.05,0.05,0.05,0.05,0.05,0.05,0.05,0.05,0.05,0.05,0.05,0.0,0.0,0.0,0.0,0.0,0.0,0.0,0.0,0.0,0.0,0.0,0.0,0.0,0.0,0.0,0.0,0.0,0.0,0.0,0.0
0.7860530018806453,0.3448226451873782,0.3638142645359039,0.4933410584926603,0.6611956954002374,-0.09417723864316925,0.6296240687370287,0.3812924623489375,1.0865212678909297,-0.027130059897899843,1.0814008712768537,0.6990691423416132,1.1568176746368404,-0.06730677187442821,1.185878992080687,0.7826296687126152,1.1249743700027461,-0.016200324520469263,1.4142831563949572,0.6420171856880178,0.4286527633666992,-0.32497718930244446,0.0609666109085083,0.2620913088321686,0.7664710283279419,-0.19510500133037567,1.4678537845611572,0.5888447165489197,0.4534304141998291,0.2676472533494234,1.857098937034607,0.6949856877326965,0.4654020071029663,0.4962789826095104,1.6399562358856201,0.8710041642189026,0.5670011043548584,0.6327920826151967,1.5015482902526855,1.137058436870575,3.0,3.0,3.0,3.0,3.0,3.0,3.0,3.0,3.0,3.0,3.0,3.0,3.0,3.0,3.0,3.0,3.0,3.0,3.0,3.0,0.05,0.05,0.05,0.05,0.05,0.05,0.05,0.05,0.05,0.05,0.05,0.05,0.05,0.05,0.05,0.05,0.05,0.05,0.05,0.05,0.0,0.0,0.0,0.0,0.0,0.0,0.0,0.0,0.0,0.0,0.0,0.0,0.0,0.0,0.0,0.0,0.0,0.0,0.0,0.0,0.6156353950500489,0.4077173471450807,0.3406123518943787,0.2561824917793268,0.3644160926342003,-0.04203714430332197,0.2544773519039148,0.07558311522006961,0.7144370675086975,-0.008547937497496548,0.3944535553455359,0.3069375157356266,0.9340955018997199,0.14730349183082608,0.6832482814788828,0.4134486615657812,0.943468928337098,0.1340215504169467,0.8855700492858898,0.19108027219772397,-0.11323392391204834,-0.18295720219612122,-0.1265399158000946,0.7264647632837296,0.8804567158222198,0.21704696118831635,0.7710102945566177,0.3486277535557747,0.014804303646087646,-0.1182322041131556,-0.7451824843883514,-0.5116447806358337,-0.8259370923042297,-0.33729784190654755,-1.0782063007354736,-0.65574049949646,-0.9239494800567627,-0.32728612422943115,-1.1700689792633057,-0.6779257208108902,3.0,3.0,3.0,3.0,3.0,3.0,3.0,3.0,3.0,3.0,3.0,3.0,3.0,3.0,3.0,3.0,3.0,3.0,3.0,3.0,0.05,0.05,0.05,0.05,0.05,0.05,0.05,0.05,0.05,0.05,0.05,0.05,0.05,0.05,0.05,0.05,0.05,0.05,0.05,0.05,0.0,0.0,0.0,0.0,0.0,0.0,0.0,0.0,0.0,0.0,0.0,0.0,0.0,0.0,0.0,0.0,0.0,0.0,0.0,0.0
0.7950164079666138,0.3401738107204437,0.3654991686344147,0.49774369597435,0.6744870543479919,-0.09666667133569717,0.6604618430137634,0.39394640922546387,1.0927550792694092,-0.020086776465177536,1.1193770170211792,0.7121371626853943,1.1631885766983032,-0.055535051971673965,1.2192169427871704,0.8002726435661316,1.1352691650390625,-0.00204563420265913,1.4412264823913574,0.6668558120727539,0.3956943750381581,-0.17701312899590232,0.08998140692711015,0.24512782692909796,0.6704092025757002,-0.10968260467052841,1.4612480998039579,0.6037145853042727,0.32729506492615856,0.31570750288665833,1.7615377902985063,0.5934983491897722,0.3206133842468373,0.5217274650931463,1.5198469161987693,0.7968947291374401,0.4661172628402821,0.6276439642533798,1.2124508619308805,1.1662915349006902,3.0,3.0,3.0,3.0,3.0,3.0,3.0,3.0,3.0,3.0,3.0,3.0,3.0,3.0,3.0,3.0,3.0,3.0,3.0,3.0,0.05,0.05,0.05,0.05,0.05,0.05,0.05,0.05,0.05,0.05,0.05,0.05,0.05,0.05,0.05,0.05,0.05,0.05,0.05,0.05,0.0,0.0,0.0,0.0,0.0,0.0,0.0,0.0,0.0,0.0,0.0,0.0,0.0,0.0,0.0,0.0,0.0,0.0,0.0,0.0,0.6144021153450012,0.4030105769634247,0.3374767005443573,0.2713775634765625,0.38480237126350403,-0.03540033474564552,0.27445700764656067,0.08510448038578033,0.7184640765190125,-0.009293533861637115,0.38386741280555725,0.29950428009033203,0.919601559638977,0.14119981229305267,0.6647853255271912,0.4027458429336548,0.9267420172691345,0.12750357389450073,0.8650331497192383,0.1791626662015915,-0.016750395298006926,-0.29854699969291965,-0.18927380442619463,0.7588677108287963,1.1569023132324412,0.42895548976958126,1.2415714561939393,0.6057135760784218,0.4119366407394409,0.027107808273284194,-0.2894140779972229,-0.2212338149547674,-0.5941629409790206,-0.26370845735073783,-0.7674530148506414,-0.42001828551293807,-0.7620573043823436,-0.3262596204876969,-0.8712396025657931,-0.5033250898122933,3.0,3.0,3.0,3.0,3.0,3.0,3.0,3.0,3.0,3.0,3.0,3.0,3.0,3.0,3.0,3.0,3.0,3.0,3.0,3.0,0.05,0.05,0.05,0.05,0.05,0.05,0.05,0.05,0.05,0.05,0.05,0.05,0.05,0.05,0.05,0.05,0.05,0.05,0.05,0.05,0.0,0.0,0.0,0.0,0.0,0.0,0.0,0.0,0.0,0.0,0.0,0.0,0.0,0.0,0.0,0.0,0.0,0.0,0.0,0.0
0.8018807768821716,0.3377421200275421,0.3674135208129883,0.5031461715698242,0.6880120635032654,-0.09856454282999039,0.688073992729187,0.4054410457611084,1.099613070487976,-0.01450175978243351,1.151862382888794,0.7228090763092041,1.1696422100067139,-0.04643767327070236,1.2466728687286377,0.8145054578781128,1.1436190605163574,0.008905434049665928,1.4627811908721924,0.6886688470840454,0.308912992477417,-0.13489201664924622,0.07193312048912048,0.2712346613407135,0.6641313433647156,-0.11173896491527557,1.3422384858131409,0.5749285221099854,0.3456234931945801,0.2559059299528599,1.5311241149902344,0.4889741539955139,0.33037662506103516,0.4185969941318035,1.2755364179611206,0.6542280316352844,0.4443705081939697,0.493055977858603,0.9699612855911255,1.0546192526817322,3.0,3.0,3.0,3.0,3.0,3.0,3.0,3.0,3.0,3.0,3.0,3.0,3.0,3.0,3.0,3.0,3.0,3.0,3.0,3.0,0.05,0.05,0.05,0.05,0.05,0.05,0.05,0.05,0.05,0.05,0.05,0.05,0.05,0.05,0.05,0.05,0.05,0.05,0.05,0.05,0.0,0.0,0.0,0.0,0.0,0.0,0.0,0.0,0.0,0.0,0.0,0.0,0.0,0.0,0.0,0.0,0.0,0.0,0.0,0.0,0.6149653792381287,0.3957754671573639,0.33304139971733093,0.28653720021247864,0.4106921851634979,-0.02487892471253872,0.30414021015167236,0.09981165826320648,0.7309145331382751,-0.00746362516656518,0.382876992225647,0.2980881631374359,0.9103289842605591,0.13675515353679657,0.6525501608848572,0.39664793014526367,0.9129866361618042,0.12097116559743881,0.8507204651832581,0.17094726860523224,0.024080276489257812,-0.4362031817436218,-0.21121427416801453,0.7100969552993774,1.3911880552768707,0.5405433708801866,1.6904309391975403,0.8328745141625404,0.7937058806419373,0.10227616876363754,0.10654330253601074,0.021541863679885864,-0.3609210252761841,-0.1987498253583908,-0.5326330661773682,-0.2365998923778534,-0.6802543997764587,-0.34003742039203644,-0.6214097142219543,-0.3381628543138504,3.0,3.0,3.0,3.0,3.0,3.0,3.0,3.0,3.0,3.0,3.0,3.0,3.0,3.0,3.0,3.0,3.0,3.0,3.0,3.0,0.05,0.05,0.05,0.05,0.05,0.05,0.05,0.05,0.05,0.05,0.05,0.05,0.05,0.05,0.05,0.05,0.05,0.05,0.05,0.05,0.0,0.0,0.0,0.0,0.0,0.0,0.0,0.0,0.0,0.0,0.0,0.0,0.0,0.0,0.0,0.0,0.0,0.0,0.0,0.0
0.8073729276657104,0.3347781300544739,0.3683764934539795,0.5085930824279785,0.7010523080825806,-0.1011362299323082,0.7141513824462891,0.4169435501098633,1.1065800189971924,-0.009850539267063141,1.1806219816207886,0.7316961288452148,1.1764036417007446,-0.038791172206401825,1.2702383995056152,0.826441764831543,1.1530439853668213,0.01767660491168499,1.4800249338150024,0.7090405821800232,0.25427043437957764,-0.11528953909873962,0.055161863565444946,0.24017095565795898,0.6453260779380798,-0.1307319849729538,1.2204617261886597,0.5407810211181641,0.30397772789001465,0.21122661419212818,1.3032525777816772,0.3999367356300354,0.2983987331390381,0.3456471487879753,1.0610908269882202,0.5366817116737366,0.4310339689254761,0.39902261923998594,0.7759690284729004,0.9311884641647339,3.0,3.0,3.0,3.0,3.0,3.0,3.0,3.0,3.0,3.0,3.0,3.0,3.0,3.0,3.0,3.0,3.0,3.0,3.0,3.0,0.05,0.05,0.05,0.05,0.05,0.05,0.05,0.05,0.05,0.05,0.05,0.05,0.05,0.05,0.05,0.05,0.05,0.05,0.05,0.05,0.0,0.0,0.0,0.0,0.0,0.0,0.0,0.0,0.0,0.0,0.0,0.0,0.0,0.0,0.0,0.0,0.0,0.0,0.0,0.0,0.6153653264045715,0.3855624496936798,0.3290281295776367,0.2997814416885376,0.44044989347457886,-0.01377859991043806,0.3420742452144623,0.11841946095228195,0.7502123117446899,-0.005202487111091614,0.3881291449069977,0.30036595463752747,0.9051647186279297,0.13324981927871704,0.6434800028800964,0.39328184723854065,0.8995318412780762,0.11390207707881927,0.8401767611503601,0.16563615202903748,0.10722130537033081,-0.5263403058052063,-0.21321997046470642,0.6579823791980743,1.5823088586330414,0.6210442632436752,2.145751565694809,1.0250106453895569,1.1522471904754639,0.176735979039222,0.5233339965343475,0.271403044462204,-0.08122920989990234,-0.09323582053184509,-0.3162696957588196,-0.0584527850151062,-0.6299465894699097,-0.3807609900832176,-0.37325024604797363,-0.15983916819095612,3.0,3.0,3.0,3.0,3.0,3.0,3.0,3.0,3.0,3.0,3.0,3.0,3.0,3.0,3.0,3.0,3.0,3.0,3.0,3.0,0.05,0.05,0.05,0.05,0.05,0.05,0.05,0.05,0.05,0.05,0.05,0.05,0.05,0.05,0.05,0.05,0.05,0.05,0.05,0.05,0.0,0.0,0.0,0.0,0.0,0.0,0.0,0.0,0.0,0.0,0.0,0.0,0.0,0.0,0.0,0.0,0.0,0.0,0.0,0.0
0.8120515942573547,0.33313053846359253,0.3696199953556061,0.5127530097961426,0.7138251066207886,-0.10379382222890854,0.7368924617767334,0.42707228660583496,1.1117721796035767,-0.006052695214748383,1.203992486000061,0.7388065457344055,1.1815781593322754,-0.03261178731918335,1.2891165018081665,0.8359727263450623,1.1608604192733765,0.024866338819265366,1.4938199520111084,0.7259163856506348,0.20974129438400269,-0.07383152842521667,0.06091669201850891,0.1884862780570984,0.6346449255943298,-0.1325909048318863,1.0883897542953491,0.4916951060295105,0.25056004524230957,0.1776733435690403,1.0818153619766235,0.32797306776046753,0.2373218536376953,0.2807649318128824,0.8583784103393555,0.43156594038009644,0.3688633441925049,0.3287388477474451,0.6207764148712158,0.7829040288925171,3.0,3.0,3.0,3.0,3.0,3.0,3.0,3.0,3.0,3.0,3.0,3.0,3.0,3.0,3.0,3.0,3.0,3.0,3.0,3.0,0.05,0.05,0.05,0.05,0.05,0.05,0.05,0.05,0.05,0.05,0.05,0.05,0.05,0.05,0.05,0.05,0.05,0.05,0.05,0.05,0.0,0.0,0.0,0.0,0.0,0.0,0.0,0.0,0.0,0.0,0.0,0.0,0.0,0.0,0.0,0.0,0.0,0.0,0.0,0.0,0.6192542314529419,0.37472185492515564,0.3245126008987427,0.3128564953804016,0.4739845395088196,-3.71541827917099e-05,0.3899702727794647,0.14081208407878876,0.7770044207572937,-0.00039418600499629974,0.4038103520870209,0.3089442849159241,0.907079815864563,0.13302572071552277,0.6398993730545044,0.3943098187446594,0.8877887725830078,0.10574072599411011,0.8357904553413391,0.164553701877594,0.18998980522155762,-0.5593158304691315,-0.22264644503593445,0.6567813456058502,1.7989516258239746,0.7997328182682395,2.5604866445064545,1.1714430525898933,1.4944285154342651,0.3080168506130576,1.0301321744918823,0.5702972412109375,0.23396611213684082,0.017883628606796265,-0.027242302894592285,0.1598566770553589,-0.5117595195770264,-0.40887501090765,-0.06856024265289307,0.04222840070724487,3.0,3.0,3.0,3.0,3.0,3.0,3.0,3.0,3.0,3.0,3.0,3.0,3.0,3.0,3.0,3.0,3.0,3.0,3.0,3.0,0.05,0.05,0.05,0.05,0.05,0.05,0.05,0.05,0.05,0.05,0.05,0.05,0.05,0.05,0.05,0.05,0.05,0.05,0.05,0.05,0.0,0.0,0.0,0.0,0.0,0.0,0.0,0.0,0.0,0.0,0.0,0.0,0.0,0.0,0.0,0.0,0.0,0.0,0.0,0.0
0.8157625794410706,0.3318248689174652,0.37081316113471985,0.5161325335502625,0.7264381051063538,-0.10643986612558365,0.757686972618103,0.4366113543510437,1.1166024208068848,-0.002743605524301529,1.2238945960998535,0.7448150515556335,1.1858965158462524,-0.027560574933886528,1.3045735359191895,0.8437044024467468,1.1677985191345215,0.030826158821582794,1.504855990409851,0.7403567433357239,0.16751736402511597,-0.06023868918418884,0.06080642342567444,0.14989227056503296,0.6029039621353149,-0.13022422790527344,0.9950384497642517,0.465971976518631,0.23068785667419434,0.15932231326587498,0.9219259023666382,0.2771705389022827,0.20343661308288574,0.23676068522036076,0.7052898406982422,0.34941285848617554,0.32130181789398193,0.27417829260230064,0.49661993980407715,0.6751254200935364,3.0,3.0,3.0,3.0,3.0,3.0,3.0,3.0,3.0,3.0,3.0,3.0,3.0,3.0,3.0,3.0,3.0,3.0,3.0,3.0,0.05,0.05,0.05,0.05,0.05,0.05,0.05,0.05,0.05,0.05,0.05,0.05,0.05,0.05,0.05,0.05,0.05,0.05,0.05,0.05,0.0,0.0,0.0,0.0,0.0,0.0,0.0,0.0,0.0,0.0,0.0,0.0,0.0,0.0,0.0,0.0,0.0,0.0,0.0,0.0,0.6229649186134338,0.36318981647491455,0.32012227177619934,0.3260526955127716,0.5124079585075378,0.01821071282029152,0.44449371099472046,0.16527718305587769,0.8099894523620605,0.007118186913430691,0.429334431886673,0.32317784428596497,0.9145233631134033,0.1339651644229889,0.6423903107643127,0.399676114320755,0.8790614604949951,0.09754707664251328,0.8374343514442444,0.16732528805732727,0.3028661012649536,-0.4963591694831848,-0.2630554139614105,0.5422882735729218,1.9731581211090088,0.9124206844717264,2.8446726500988007,1.265045627951622,1.7237588763237,0.4237423650920391,1.4789633452892303,0.8258163928985596,0.46160221099853516,0.08751675486564636,0.29267072677612305,0.37264227867126465,-0.3728151321411133,-0.29617790132761,0.25888532400131226,0.20506680011749268,3.0,3.0,3.0,3.0,3.0,3.0,3.0,3.0,3.0,3.0,3.0,3.0,3.0,3.0,3.0,3.0,3.0,3.0,3.0,3.0,0.05,0.05,0.05,0.05,0.05,0.05,0.05,0.05,0.05,0.05,0.05,0.05,0.05,0.05,0.05,0.05,0.05,0.05,0.05,0.05,0.0,0.0,0.0,0.0,0.0,0.0,0.0,0.0,0.0,0.0,0.0,0.0,0.0,0.0,0.0,0.0,0.0,0.0,0.0,0.0
0.8187522888183594,0.330720990896225,0.37205225229263306,0.5187487006187439,0.7379412651062012,-0.10900279134511948,0.7766939997673035,0.4457111656665802,1.1209996938705444,0.0003201973158866167,1.2408695220947266,0.7498933672904968,1.1897156238555908,-0.02314135991036892,1.3173280954360962,0.8499492406845093,1.1737124919891357,0.03583347052335739,1.5136847496032715,0.7529214024543762,0.12682229280471802,-0.04170536994934082,0.04295557737350464,0.11510103940963745,0.5297303199768066,-0.11691078543663025,0.9362012147903442,0.46742260456085205,0.21085739135742188,0.1599860959686339,0.7959067821502686,0.2355515956878662,0.17520487308502197,0.22503817453980446,0.5828142166137695,0.2778872847557068,0.2559453248977661,0.23970287293195724,0.3972947597503662,0.6066948175430298,3.0,3.0,3.0,3.0,3.0,3.0,3.0,3.0,3.0,3.0,3.0,3.0,3.0,3.0,3.0,3.0,3.0,3.0,3.0,3.0,0.05,0.05,0.05,0.05,0.05,0.05,0.05,0.05,0.05,0.05,0.05,0.05,0.05,0.05,0.05,0.05,0.05,0.05,0.05,0.05,0.0,0.0,0.0,0.0,0.0,0.0,0.0,0.0,0.0,0.0,0.0,0.0,0.0,0.0,0.0,0.0,0.0,0.0,0.0,0.0,0.63136887550354,0.35486748814582825,0.31399038434028625,0.3345480263233185,0.5529108643531799,0.03645967319607735,0.5037571787834167,0.19141390919685364,0.8459547758102417,0.016555508598685265,0.4629688858985901,0.34197694063186646,0.9255439043045044,0.13652639091014862,0.6516062021255493,0.40921550989151,0.8728761672973633,0.0938936099410057,0.8461458683013916,0.1727563738822937,0.41735321283340454,-0.35418644547462463,-0.36798417568206787,0.3302633762359619,2.1256372332572937,0.906523410230875,2.975374460220337,1.321151852607727,1.8945306539535522,0.467048236168921,1.7967544496059418,0.9982280433177948,0.7566392421722412,0.13521835207939148,0.6455972790718079,0.5601115524768829,-0.09716451168060303,-0.08482970297336578,0.6071358919143677,0.33915191888809204,3.0,3.0,3.0,3.0,3.0,3.0,3.0,3.0,3.0,3.0,3.0,3.0,3.0,3.0,3.0,3.0,3.0,3.0,3.0,3.0,0.05,0.05,0.05,0.05,0.05,0.05,0.05,0.05,0.05,0.05,0.05,0.05,0.05,0.05,0.05,0.05,0.05,0.05,0.05,0.05,0.0,0.0,0.0,0.0,0.0,0.0,0.0,0.0,0.0,0.0,0.0,0.0,0.0,0.0,0.0,0.0,0.0,0.0,0.0,0.0
0.8208354711532593,0.3301566541194916,0.37253138422966003,0.520736575126648,0.747627317905426,-0.11111629754304886,0.7951350212097168,0.4553082585334778,1.1250367164611816,0.0036558383144438267,1.2557308673858643,0.7542371153831482,1.1929047107696533,-0.01855904795229435,1.3278861045837402,0.8548198938369751,1.1780363321304321,0.040414273738861084,1.5207477807998657,0.7646245360374451,0.0964045524597168,-0.0015847384929656982,0.041938573122024536,0.07887929677963257,0.43938159942626953,-0.0913858413696289,0.869104266166687,0.46150311827659607,0.1681894063949585,0.1595598936546594,0.6741374731063843,0.195351243019104,0.13478398323059082,0.21859747357666492,0.4798084497451782,0.21672695875167847,0.18451213836669922,0.21763751283288002,0.31783580780029297,0.5461886525154114,3.0,3.0,3.0,3.0,3.0,3.0,3.0,3.0,3.0,3.0,3.0,3.0,3.0,3.0,3.0,3.0,3.0,3.0,3.0,3.0,0.05,0.05,0.05,0.05,0.05,0.05,0.05,0.05,0.05,0.05,0.05,0.05,0.05,0.05,0.05,0.05,0.05,0.05,0.05,0.05,0.0,0.0,0.0,0.0,0.0,0.0,0.0,0.0,0.0,0.0,0.0,0.0,0.0,0.0,0.0,0.0,0.0,0.0,0.0,0.0,0.63965904712677,0.34902235865592957,0.3054029047489166,0.3392632305622101,0.5974334478378296,0.05447164922952652,0.5635086894035339,0.21812325716018677,0.8857706785202026,0.02580011636018753,0.5012046098709106,0.36310696601867676,0.944788932800293,0.13937389850616455,0.6682142019271851,0.4220805764198303,0.875174880027771,0.09415388852357864,0.8617197871208191,0.18089136481285095,0.2489030361175537,-0.4575483500957489,-0.27895495295524597,0.25885701179504395,2.3690029978752136,1.0255743749439716,3.0391469597816467,1.3746485114097595,2.098192274570465,0.4536780063062906,2.0271822810173035,1.1135309934616089,1.0897427797317505,0.07155612111091614,0.9493410587310791,0.7014237344264984,0.18975287675857544,-0.08189305663108826,0.8578017354011536,0.4485882818698883,3.0,3.0,3.0,3.0,3.0,3.0,3.0,3.0,3.0,3.0,3.0,3.0,3.0,3.0,3.0,3.0,3.0,3.0,3.0,3.0,0.05,0.05,0.05,0.05,0.05,0.05,0.05,0.05,0.05,0.05,0.05,0.05,0.05,0.05,0.05,0.05,0.05,0.05,0.05,0.05,0.0,0.0,0.0,0.0,0.0,0.0,0.0,0.0,0.0,0.0,0.0,0.0,0.0,0.0,0.0,0.0,0.0,0.0,0.0,0.0
0.822608470916748,0.33065760135650635,0.37372979521751404,0.5219038724899292,0.755516529083252,-0.11265822499990463,0.811458170413971,0.46417129039764404,1.1277272701263428,0.006702593062072992,1.267835021018982,0.757707417011261,1.1951069831848145,-0.014397460967302322,1.3365204334259033,0.8586183190345764,1.1810929775238037,0.04453897103667259,1.5263981819152832,0.7747689485549927,0.061762332916259766,0.052466243505477905,0.04952624440193176,0.06954967975616455,0.3514319658279419,-0.054622627794742584,0.7786467671394348,0.4337705671787262,0.1188516616821289,0.15312264440581203,0.5482196807861328,0.15245825052261353,0.085487961769104,0.20932755433022976,0.3939330577850342,0.16701668500900269,0.09949207305908203,0.19383998587727547,0.25427043437957764,0.4634186625480652,3.0,3.0,3.0,3.0,3.0,3.0,3.0,3.0,3.0,3.0,3.0,3.0,3.0,3.0,3.0,3.0,3.0,3.0,3.0,3.0,0.05,0.05,0.05,0.05,0.05,0.05,0.05,0.05,0.05,0.05,0.05,0.05,0.05,0.05,0.05,0.05,0.05,0.05,0.05,0.05,0.0,0.0,0.0,0.0,0.0,0.0,0.0,0.0,0.0,0.0,0.0,0.0,0.0,0.0,0.0,0.0,0.0,0.0,0.0,0.0,0.6413249969482422,0.3365655541419983,0.3028321862220764,0.34490230679512024,0.6476709842681885,0.07748264819383621,0.6253230571746826,0.24639984965324402,0.9298824667930603,0.03470262885093689,0.5440561771392822,0.3865181803703308,0.9691336154937744,0.13938863575458527,0.6895798444747925,0.43727245926856995,0.8804662823677063,0.09061788767576218,0.8804579377174377,0.19069990515708923,0.014750659465789795,-0.6016388535499573,-0.17454996705055237,0.19745007157325745,2.5808915495872498,1.2128818780183792,3.140394389629364,1.469612866640091,2.2377103567123413,0.5399670451879501,2.2199302911758423,1.2103602290153503,1.287776231765747,0.04777498543262482,1.1830449104309082,0.838133692741394,0.2886146306991577,-0.09211581200361252,1.0914847254753113,0.5558878183364868,3.0,3.0,3.0,3.0,3.0,3.0,3.0,3.0,3.0,3.0,3.0,3.0,3.0,3.0,3.0,3.0,3.0,3.0,3.0,3.0,0.05,0.05,0.05,0.05,0.05,0.05,0.05,0.05,0.05,0.05,0.05,0.05,0.05,0.05,0.05,0.05,0.05,0.05,0.05,0.05,0.0,0.0,0.0,0.0,0.0,0.0,0.0,0.0,0.0,0.0,0.0,0.0,0.0,0.0,0.0,0.0,0.0,0.0,0.0,0.0
0.8233059644699097,0.3322553038597107,0.3745124340057373,0.5235185623168945,0.7616845965385437,-0.11330120265483856,0.8262808918952942,0.47265908122062683,1.1297907829284668,0.009780744090676308,1.2776596546173096,0.7603354454040527,1.1963242292404175,-0.01018594577908516,1.3436434268951416,0.8615005612373352,1.1820160150527954,0.0481678731739521,1.5309185981750488,0.7831612825393677,0.016959011554718018,0.11173263192176819,0.03071725368499756,0.08262544870376587,0.2719804644584656,-0.020811893045902252,0.715319812297821,0.42094141244888306,0.07448196411132812,0.15772826736792922,0.4364579916000366,0.11028200387954712,0.03317892551422119,0.21547205979004502,0.3264278173446655,0.12513846158981323,0.007298588752746582,0.1758212223649025,0.20341873168945312,0.3751605749130249,3.0,3.0,3.0,3.0,3.0,3.0,3.0,3.0,3.0,3.0,3.0,3.0,3.0,3.0,3.0,3.0,3.0,3.0,3.0,3.0,0.05,0.05,0.05,0.05,0.05,0.05,0.05,0.05,0.05,0.05,0.05,0.05,0.05,0.05,0.05,0.05,0.05,0.05,0.05,0.05,0.0,0.0,0.0,0.0,0.0,0.0,0.0,0.0,0.0,0.0,0.0,0.0,0.0,0.0,0.0,0.0,0.0,0.0,0.0,0.0,0.6402490735054016,0.3249568045139313,0.29842090606689453,0.3471612334251404,0.7006691098213196,0.10298692435026169,0.6891244649887085,0.2769077718257904,0.9752790927886963,0.047398798167705536,0.5900018215179443,0.41152137517929077,0.9962999820709229,0.14128489792346954,0.7155359983444214,0.4556059241294861,0.8867194652557373,0.09046925604343414,0.9053791761398315,0.20312687754631042,-0.04448890686035156,-0.523078441619873,-0.19526779651641846,0.10427907109260559,2.6353076100349426,1.2018470093607903,3.2956093549728394,1.665622740983963,2.1907582879066467,0.5816174671053886,2.4686336517333984,1.3461634516716003,1.348540186882019,0.032057985663414,1.5129148960113525,1.079104095697403,0.29550492763519287,-0.02832990139722824,1.4657124876976013,0.7193520665168762,3.0,3.0,3.0,3.0,3.0,3.0,3.0,3.0,3.0,3.0,3.0,3.0,3.0,3.0,3.0,3.0,3.0,3.0,3.0,3.0,0.05,0.05,0.05,0.05,0.05,0.05,0.05,0.05,0.05,0.05,0.05,0.05,0.05,0.05,0.05,0.05,0.05,0.05,0.05,0.05,0.0,0.0,0.0,0.0,0.0,0.0,0.0,0.0,0.0,0.0,0.0,0.0,0.0,0.0,0.0,0.0,0.0,0.0,0.0,0.0
0.8232868313789368,0.3351269066333771,0.37495848536491394,0.5252088904380798,0.7663957476615906,-0.11349070072174072,0.8400709629058838,0.48100894689559937,1.130706548690796,0.013011723756790161,1.2852933406829834,0.7621186971664429,1.1964341402053833,-0.0057785785757005215,1.34957754611969,0.863623857498169,1.1813849210739136,0.05157181993126869,1.5345349311828613,0.7897753715515137,-0.03602802753448486,0.17336905002593994,0.03466606140136719,0.06711632013320923,0.18143653869628906,0.02329796552658081,0.6582647562026978,0.41173771023750305,0.02435445785522461,0.16939975321292877,0.3380328416824341,0.06642192602157593,-0.04308521747589111,0.21746677812188864,0.25526583194732666,0.08027851581573486,-0.07628202438354492,0.17397617921233177,0.16273260116577148,0.28024911880493164,3.0,3.0,3.0,3.0,3.0,3.0,3.0,3.0,3.0,3.0,3.0,3.0,3.0,3.0,3.0,3.0,3.0,3.0,3.0,3.0,0.05,0.05,0.05,0.05,0.05,0.05,0.05,0.05,0.05,0.05,0.05,0.05,0.05,0.05,0.05,0.05,0.05,0.05,0.05,0.05,0.0,0.0,0.0,0.0,0.0,0.0,0.0,0.0,0.0,0.0,0.0,0.0,0.0,0.0,0.0,0.0,0.0,0.0,0.0,0.0,0.6395454406738281,0.31564241647720337,0.2950214743614197,0.34907346963882446,0.7530832886695862,0.12555652856826782,0.7571474313735962,0.31302475929260254,1.0175127983093262,0.057967327535152435,0.6428015232086182,0.4403647184371948,1.0230752229690552,0.14067095518112183,0.7500964403152466,0.48043662309646606,0.892286479473114,0.08948469161987305,0.9390864372253418,0.21947398781776428,-0.05510151386260986,-0.3745719790458679,-0.14682114124298096,0.024669617414474487,2.4544090032577515,0.9474446997046471,3.3332914113998413,1.855989545583725,1.9404977560043335,0.3837954252958298,2.678656578063965,1.4464423060417175,1.2329012155532837,-0.14532506465911865,1.8719643354415894,1.3427168130874634,0.26578307151794434,-0.14094319194555283,1.8259257078170776,0.9071819484233856,3.0,3.0,3.0,3.0,3.0,3.0,3.0,3.0,3.0,3.0,3.0,3.0,3.0,3.0,3.0,3.0,3.0,3.0,3.0,3.0,0.05,0.05,0.05,0.05,0.05,0.05,0.05,0.05,0.05,0.05,0.05,0.05,0.05,0.05,0.05,0.05,0.05,0.05,0.05,0.05,0.0,0.0,0.0,0.0,0.0,0.0,0.0,0.0,0.0,0.0,0.0,0.0,0.0,0.0,0.0,0.0,0.0,0.0,0.0,0.0
0.8218648433685303,0.3391900658607483,0.375899076461792,0.5262032151222229,0.7689420580863953,-0.11236928403377533,0.8526114821434021,0.48912858963012695,1.1307649612426758,0.01655673421919346,1.291180968284607,0.7629923224449158,1.1946008205413818,-0.0014872746542096138,1.3538540601730347,0.8647117018699646,1.1789647340774536,0.055126920342445374,1.5374279022216797,0.7943712472915649,-0.07904618978500366,0.23921579122543335,0.0490136444568634,0.038439035415649414,0.10737031698226929,0.05253739655017853,0.6004422903060913,0.3946036100387573,-0.034555792808532715,0.17662723548710346,0.254020094871521,0.02117156982421875,-0.10145604610443115,0.2041319152340293,0.18818974494934082,0.034014880657196045,-0.14532804489135742,0.1722407527267933,0.13018548488616943,0.18368512392044067,3.0,3.0,3.0,3.0,3.0,3.0,3.0,3.0,3.0,3.0,3.0,3.0,3.0,3.0,3.0,3.0,3.0,3.0,3.0,3.0,0.05,0.05,0.05,0.05,0.05,0.05,0.05,0.05,0.05,0.05,0.05,0.05,0.05,0.05,0.05,0.05,0.05,0.05,0.05,0.05,0.0,0.0,0.0,0.0,0.0,0.0,0.0,0.0,0.0,0.0,0.0,0.0,0.0,0.0,0.0,0.0,0.0,0.0,0.0,0.0,0.6380450129508972,0.30997392535209656,0.2925480604171753,0.34814801812171936,0.7988454699516296,0.14088471233844757,0.8224561214447021,0.3511473536491394,1.0528990030288696,0.06275061517953873,0.6971480846405029,0.4693790674209595,1.0456160306930542,0.1354718953371048,0.790414571762085,0.5093145966529846,0.8973507881164551,0.08483152836561203,0.9784162044525146,0.23941415548324585,-0.16120076179504395,-0.19334331154823303,-0.09570866823196411,-0.09476915001869202,2.2034913301467896,0.6956309080123901,3.0759796500205994,1.803809404373169,1.6261965036392212,0.20559187978506088,2.508947253227234,1.3286516070365906,1.1337339878082275,-0.2632986754179001,1.9861936569213867,1.3911858201026917,0.24857819080352783,-0.2184934914112091,1.8691390752792358,0.9523399174213409,3.0,3.0,3.0,3.0,3.0,3.0,3.0,3.0,3.0,3.0,3.0,3.0,3.0,3.0,3.0,3.0,3.0,3.0,3.0,3.0,0.05,0.05,0.05,0.05,0.05,0.05,0.05,0.05,0.05,0.05,0.05,0.05,0.05,0.05,0.05,0.05,0.05,0.05,0.05,0.05,0.0,0.0,0.0,0.0,0.0,0.0,0.0,0.0,0.0,0.0,0.0,0.0,0.0,0.0,0.0,0.0,0.0,0.0,0.0,0.0
0.8201249837875366,0.3446955382823944,0.3769190311431885,0.5267464518547058,0.7706905603408813,-0.11138920485973358,0.8640886545181274,0.49679309129714966,1.1293243169784546,0.0200768131762743,1.2954541444778442,0.7629655599594116,1.192375898361206,0.0023866980336606503,1.3571051359176636,0.8649844527244568,1.1755717992782593,0.058461450040340424,1.539742350578308,0.7971227765083313,-0.11610686779022217,0.2643994987010956,0.04237741231918335,0.005589425563812256,0.05930215120315552,0.07055997848510742,0.5321666598320007,0.35969316959381104,-0.06400346755981445,0.16777403652668,0.1950681209564209,-0.014293193817138672,-0.14192163944244385,0.1802767626941204,0.12570321559906006,-0.005485117435455322,-0.18004775047302246,0.1574622467160225,0.10415017604827881,0.10060220956802368,3.0,3.0,3.0,3.0,3.0,3.0,3.0,3.0,3.0,3.0,3.0,3.0,3.0,3.0,3.0,3.0,3.0,3.0,3.0,3.0,0.05,0.05,0.05,0.05,0.05,0.05,0.05,0.05,0.05,0.05,0.05,0.05,0.05,0.05,0.05,0.05,0.05,0.05,0.05,0.05,0.0,0.0,0.0,0.0,0.0,0.0,0.0,0.0,0.0,0.0,0.0,0.0,0.0,0.0,0.0,0.0,0.0,0.0,0.0,0.0,0.6330974102020264,0.30790868401527405,0.2911931276321411,0.3452827036380768,0.8412229418754578,0.15338176488876343,0.8801866173744202,0.3851771354675293,1.082560658454895,0.06619100272655487,0.7431594133377075,0.49351078271865845,1.0684245824813843,0.13013900816440582,0.829544186592102,0.5360840559005737,0.9022296071052551,0.08074495196342468,1.0138520002365112,0.2575675845146179,-0.34093260765075684,-0.060673803091049194,-0.05440637469291687,-0.19005686044692993,2.014578878879547,0.585821270942688,2.7497798204421997,1.6287848353385925,1.3521760702133179,0.1698765903711319,2.1127089858055115,1.0932594537734985,1.0877430438995361,-0.2589002251625061,1.9409403204917908,1.300320029258728,0.2612695097923279,-0.19367951899766922,1.7154008150100708,0.8782565593719482,3.0,3.0,3.0,3.0,3.0,3.0,3.0,3.0,3.0,3.0,3.0,3.0,3.0,3.0,3.0,3.0,3.0,3.0,3.0,3.0,0.05,0.05,0.05,0.05,0.05,0.05,0.05,0.05,0.05,0.05,0.05,0.05,0.05,0.05,0.05,0.05,0.05,0.05,0.05,0.05,0.0,0.0,0.0,0.0,0.0,0.0,0.0,0.0,0.0,0.0,0.0,0.0,0.0,0.0,0.0,0.0,0.0,0.0,0.0,0.0
0.8172205686569214,0.3497660458087921,0.3775941729545593,0.5264267921447754,0.7713141441345215,-0.10954688489437103,0.8738981485366821,0.5035163164138794,1.1282048225402832,0.023267695680260658,1.2989836931228638,0.7624205946922302,1.188923954963684,0.0057237958535552025,1.358882188796997,0.8644922971725464,1.1717628240585327,0.06142541021108627,1.5415939092636108,0.7983953356742859,-0.1510515809059143,0.2817384898662567,0.037757307291030884,-0.03905743360519409,0.04038959741592407,0.07563643157482147,0.473746657371521,0.3231659531593323,-0.09309351444244385,0.15986147336661816,0.1389235258102417,-0.04828721284866333,-0.17457008361816406,0.15568254748359323,0.06483793258666992,-0.04365295171737671,-0.2186208963394165,0.1435115933418274,0.08331835269927979,0.021854043006896973,3.0,3.0,3.0,3.0,3.0,3.0,3.0,3.0,3.0,3.0,3.0,3.0,3.0,3.0,3.0,3.0,3.0,3.0,3.0,3.0,0.05,0.05,0.05,0.05,0.05,0.05,0.05,0.05,0.05,0.05,0.05,0.05,0.05,0.05,0.05,0.05,0.05,0.05,0.05,0.05,0.0,0.0,0.0,0.0,0.0,0.0,0.0,0.0,0.0,0.0,0.0,0.0,0.0,0.0,0.0,0.0,0.0,0.0,0.0,0.0,0.6244077086448669,0.3075469732284546,0.2903718054294586,0.34054574370384216,0.8794286251068115,0.1643175631761551,0.9324473142623901,0.4162987470626831,1.1069860458374023,0.069545678794384,0.7816564440727234,0.5131094455718994,1.0891257524490356,0.12511588633060455,0.8680521845817566,0.5613273978233337,0.9078015685081482,0.07708434760570526,1.0470322370529175,0.2745444178581238,-0.5297914147377014,0.04910081624984741,-0.008616596460342407,-0.32313764095306396,1.7867013812065125,0.4641052335500717,2.467554807662964,1.4684006571769714,1.1212736368179321,0.12554023414850235,1.7734676599502563,0.8823975920677185,0.9876817464828491,-0.27876682579517365,1.909869909286499,1.2180760502815247,0.2714082598686218,-0.21727383136749268,1.6134053468704224,0.8183293044567108,3.0,3.0,3.0,3.0,3.0,3.0,3.0,3.0,3.0,3.0,3.0,3.0,3.0,3.0,3.0,3.0,3.0,3.0,3.0,3.0,0.05,0.05,0.05,0.05,0.05,0.05,0.05,0.05,0.05,0.05,0.05,0.05,0.05,0.05,0.05,0.05,0.05,0.05,0.05,0.05,0.0,0.0,0.0,0.0,0.0,0.0,0.0,0.0,0.0,0.0,0.0,0.0,0.0,0.0,0.0,0.0,0.0,0.0,0.0,0.0
0.8140829205513,0.3559650778770447,0.3784293234348297,0.525184154510498,0.7723061442375183,-0.10836374759674072,0.8830385208129883,0.509719729423523,1.1256005764007568,0.026471272110939026,1.301011085510254,0.7610340714454651,1.1853930950164795,0.00861399993300438,1.3596986532211304,0.8632383346557617,1.1668269634246826,0.06420191377401352,1.5430750846862793,0.7979969382286072,-0.17996728420257568,0.29724985361099243,0.034499913454055786,-0.08713752031326294,0.0177726149559021,0.07440038025379181,0.4204556345939636,0.2884998917579651,-0.11074244976043701,0.1511210110038519,0.09390115737915039,-0.07786750793457031,-0.20127296447753906,0.1345913391560316,0.009715557098388672,-0.08070319890975952,-0.2532839775085449,0.1334942877292633,0.06665289402008057,-0.052641332149505615,3.0,3.0,3.0,3.0,3.0,3.0,3.0,3.0,3.0,3.0,3.0,3.0,3.0,3.0,3.0,3.0,3.0,3.0,3.0,3.0,0.05,0.05,0.05,0.05,0.05,0.05,0.05,0.05,0.05,0.05,0.05,0.05,0.05,0.05,0.05,0.05,0.05,0.05,0.05,0.05,0.0,0.0,0.0,0.0,0.0,0.0,0.0,0.0,0.0,0.0,0.0,0.0,0.0,0.0,0.0,0.0,0.0,0.0,0.0,0.0,0.6119057536125183,0.30987271666526794,0.2908484637737274,0.3323571979999542,0.9126909971237183,0.1719459742307663,0.9788888096809387,0.44391316175460815,1.1274116039276123,0.07121261209249496,0.8140981197357178,0.5288066864013672,1.1079318523406982,0.11898833513259888,0.905938982963562,0.5848070979118347,0.9130859375,0.07205399870872498,1.0783882141113281,0.29030075669288635,-0.7068172097206116,0.16094595193862915,0.05050674080848694,-0.4761353135108948,1.5699103474617004,0.3536384552717209,2.187797427177429,1.299162209033966,0.9074121713638306,0.08231010288000107,1.5083223581314087,0.7137492299079895,0.8942216634750366,-0.296630896627903,1.8677830696105957,1.1240527033805847,0.24648308753967285,-0.23937467485666275,1.528841257095337,0.7636286318302155,3.0,3.0,3.0,3.0,3.0,3.0,3.0,3.0,3.0,3.0,3.0,3.0,3.0,3.0,3.0,3.0,3.0,3.0,3.0,3.0,0.05,0.05,0.05,0.05,0.05,0.05,0.05,0.05,0.05,0.05,0.05,0.05,0.05,0.05,0.05,0.05,0.05,0.05,0.05,0.05,0.0,0.0,0.0,0.0,0.0,0.0,0.0,0.0,0.0,0.0,0.0,0.0,0.0,0.0,0.0,0.0,0.0,0.0,0.0,0.0
0.8100218772888184,0.3616560399532318,0.37897416949272156,0.5229412913322449,0.7720250487327576,-0.10657086968421936,0.8907163739204407,0.515056312084198,1.1237751245498657,0.029312536120414734,1.3027397394180298,0.7593058943748474,1.1808730363845825,0.011107449419796467,1.3592708110809326,0.861264169216156,1.161631464958191,0.0667651817202568,1.544260025024414,0.7962896823883057,-0.2122938632965088,0.30308663845062256,0.027516484260559082,-0.1320183277130127,-0.006152689456939697,0.0772947445511818,0.37147998809814453,0.25438517332077026,-0.13969838619232178,0.14137420803308487,0.04092752933502197,-0.10965466499328613,-0.2235502004623413,0.11642922181636095,-0.0361710786819458,-0.11446624994277954,-0.2794325351715088,0.1247962936758995,0.04728138446807861,-0.12004375457763672,3.0,3.0,3.0,3.0,3.0,3.0,3.0,3.0,3.0,3.0,3.0,3.0,3.0,3.0,3.0,3.0,3.0,3.0,3.0,3.0,0.05,0.05,0.05,0.05,0.05,0.05,0.05,0.05,0.05,0.05,0.05,0.05,0.05,0.05,0.05,0.05,0.05,0.05,0.05,0.05,0.0,0.0,0.0,0.0,0.0,0.0,0.0,0.0,0.0,0.0,0.0,0.0,0.0,0.0,0.0,0.0,0.0,0.0,0.0,0.0,0.5961350202560425,0.31398481130599976,0.2923920750617981,0.32150033116340637,0.9422250390052795,0.17846310138702393,1.0199592113494873,0.46826523542404175,1.1432825326919556,0.07283808290958405,0.8419893383979797,0.541659414768219,1.124894618988037,0.11325065046548843,0.9427635073661804,0.6062895059585571,0.9176608920097351,0.06750936061143875,1.108185887336731,0.3050895631313324,-0.8557051420211792,0.23481622338294983,0.04711523652076721,-0.6074823439121246,1.2865230441093445,0.2866234630346298,1.802070438861847,1.0676786303520203,0.6565064191818237,0.06996262818574905,1.2460887432098389,0.5607903003692627,0.7307738065719604,-0.2674320712685585,1.6629338264465332,0.9469866752624512,0.15821754932403564,-0.19487999379634857,1.3715147972106934,0.6716765463352203,3.0,3.0,3.0,3.0,3.0,3.0,3.0,3.0,3.0,3.0,3.0,3.0,3.0,3.0,3.0,3.0,3.0,3.0,3.0,3.0,0.05,0.05,0.05,0.05,0.05,0.05,0.05,0.05,0.05,0.05,0.05,0.05,0.05,0.05,0.05,0.05,0.05,0.05,0.05,0.05,0.0,0.0,0.0,0.0,0.0,0.0,0.0,0.0,0.0,0.0,0.0,0.0,0.0,0.0,0.0,0.0,0.0,0.0,0.0,0.0
0.8055911660194397,0.3680885434150696,0.3795299828052521,0.5199034214019775,0.7720600366592407,-0.10527195781469345,0.8978977203369141,0.5198951363563538,1.120012640953064,0.03212624043226242,1.3026481866836548,0.7566478848457336,1.1764510869979858,0.013271168805658817,1.3582518100738525,0.8586596846580505,1.1556496620178223,0.0691937655210495,1.5449663400650024,0.7931951880455017,-0.26068538427352905,0.33107101917266846,0.009446591138839722,-0.16990900039672852,-0.04994124174118042,0.07984600961208344,0.32993853092193604,0.22366195917129517,-0.18173754215240479,0.13394532725214958,-0.030037760734558105,-0.15859901905059814,-0.25591254234313965,0.10252189822494984,-0.07982254028320312,-0.15970468521118164,-0.3243446350097656,0.11967271566390991,0.023555755615234375,-0.20202100276947021,3.0,3.0,3.0,3.0,3.0,3.0,3.0,3.0,3.0,3.0,3.0,3.0,3.0,3.0,3.0,3.0,3.0,3.0,3.0,3.0,0.05,0.05,0.05,0.05,0.05,0.05,0.05,0.05,0.05,0.05,0.05,0.05,0.05,0.05,0.05,0.05,0.05,0.05,0.05,0.05,0.0,0.0,0.0,0.0,0.0,0.0,0.0,0.0,0.0,0.0,0.0,0.0,0.0,0.0,0.0,0.0,0.0,0.0,0.0,0.0,0.5776775479316711,0.31926536560058594,0.2927330732345581,0.30805790424346924,0.964151918888092,0.1834109127521515,1.0509716272354126,0.48662030696868896,1.1536718606948853,0.07401111721992493,0.8639416694641113,0.5512382984161377,1.1371628046035767,0.10829105228185654,0.9724563360214233,0.6226865649223328,0.9194146394729614,0.06425879895687103,1.1332488059997559,0.31716781854629517,-1.020956039428711,0.2707183361053467,0.029950588941574097,-0.7120318710803986,0.8262306451797485,0.20558275282382965,1.2410342693328857,0.7357120513916016,0.399819016456604,0.02457704395055771,0.9171769022941589,0.37809014320373535,0.440216064453125,-0.2424163743853569,1.2359619140625,0.657893717288971,-0.0026106834411621094,-0.1741384156048298,1.096796989440918,0.5074553191661835,3.0,3.0,3.0,3.0,3.0,3.0,3.0,3.0,3.0,3.0,3.0,3.0,3.0,3.0,3.0,3.0,3.0,3.0,3.0,3.0,0.05,0.05,0.05,0.05,0.05,0.05,0.05,0.05,0.05,0.05,0.05,0.05,0.05,0.05,0.05,0.05,0.05,0.05,0.05,0.05,0.0,0.0,0.0,0.0,0.0,0.0,0.0,0.0,0.0,0.0,0.0,0.0,0.0,0.0,0.0,0.0,0.0,0.0,0.0,0.0
0.7995944619178772,0.37489888072013855,0.37935203313827515,0.5161449313163757,0.7700273990631104,-0.10337702929973602,0.9039139151573181,0.5240027904510498,1.1165056228637695,0.03467034921050072,1.3015382289886475,0.7529619336128235,1.170636534690857,0.01520832534879446,1.3560779094696045,0.8548759818077087,1.1486576795578003,0.0715520903468132,1.5452022552490234,0.7882088422775269,-0.29212087392807007,0.3349877893924713,0.004716962575912476,-0.21544545888900757,-0.09263157844543457,0.08537191897630692,0.28865933418273926,0.1916155219078064,-0.1921147108078003,0.11911820620298386,-0.07673501968383789,-0.19121915102005005,-0.2876192331314087,0.08807044941931963,-0.11464059352874756,-0.19611716270446777,-0.3431081771850586,0.11109579354524612,0.004327297210693359,-0.2590090036392212,3.0,3.0,3.0,3.0,3.0,3.0,3.0,3.0,3.0,3.0,3.0,3.0,3.0,3.0,3.0,3.0,3.0,3.0,3.0,3.0,0.05,0.05,0.05,0.05,0.05,0.05,0.05,0.05,0.05,0.05,0.05,0.05,0.05,0.05,0.05,0.05,0.05,0.05,0.05,0.05,0.0,0.0,0.0,0.0,0.0,0.0,0.0,0.0,0.0,0.0,0.0,0.0,0.0,0.0,0.0,0.0,0.0,0.0,0.0,0.0,0.555296778678894,0.3248135447502136,0.29359009861946106,0.29301905632019043,0.9752742648124695,0.1866864114999771,1.0696005821228027,0.4976937174797058,1.1592752933502197,0.07382116466760635,0.8786764144897461,0.5567830204963684,1.142503261566162,0.10355399549007416,0.9922019839286804,0.632605254650116,0.9175564646720886,0.06054382398724556,1.1520577669143677,0.32538777589797974,-1.1698275804519653,0.3065258264541626,0.03572329878807068,-0.7733695209026337,0.3477349877357483,0.12668445706367493,0.684577226638794,0.406116247177124,0.13847649097442627,-0.038746558129787445,0.5421191453933716,0.1842975616455078,0.13709962368011475,-0.1940825954079628,0.7908821105957031,0.3652811050415039,-0.1525580883026123,-0.14387564733624458,0.790521502494812,0.30858293175697327,3.0,3.0,3.0,3.0,3.0,3.0,3.0,3.0,3.0,3.0,3.0,3.0,3.0,3.0,3.0,3.0,3.0,3.0,3.0,3.0,0.05,0.05,0.05,0.05,0.05,0.05,0.05,0.05,0.05,0.05,0.05,0.05,0.05,0.05,0.05,0.05,0.05,0.05,0.05,0.05,0.0,0.0,0.0,0.0,0.0,0.0,0.0,0.0,0.0,0.0,0.0,0.0,0.0,0.0,0.0,0.0,0.0,0.0,0.0,0.0
0.7939063310623169,0.38148805499076843,0.3797186613082886,0.5112856030464172,0.7683547735214233,-0.10185708105564117,0.9094440937042236,0.527559757232666,1.112328052520752,0.036890968680381775,1.2995787858963013,0.7489991188049316,1.1649463176727295,0.016793986782431602,1.3536661863327026,0.8508149981498718,1.14192533493042,0.07363759726285934,1.5451394319534302,0.7828348278999329,-0.30797719955444336,0.3726251423358917,-0.011166185140609741,-0.2367556095123291,-0.1295343041419983,0.0985046848654747,0.25947242975234985,0.16429424285888672,-0.23461580276489258,0.10220920667052269,-0.14487206935882568,-0.23053735494613647,-0.30564069747924805,0.0730868661776185,-0.17265379428863525,-0.26529133319854736,-0.38584768772125244,0.1099318265914917,-0.031241774559020996,-0.30746757984161377,3.0,3.0,3.0,3.0,3.0,3.0,3.0,3.0,3.0,3.0,3.0,3.0,3.0,3.0,3.0,3.0,3.0,3.0,3.0,3.0,0.05,0.05,0.05,0.05,0.05,0.05,0.05,0.05,0.05,0.05,0.05,0.05,0.05,0.05,0.05,0.05,0.05,0.05,0.05,0.05,0.0,0.0,0.0,0.0,0.0,0.0,0.0,0.0,0.0,0.0,0.0,0.0,0.0,0.0,0.0,0.0,0.0,0.0,0.0,0.0,0.5308844447135925,0.33152639865875244,0.29416200518608093,0.2771231234073639,0.978061318397522,0.1884782910346985,1.0783547163009644,0.5028649568557739,1.1592109203338623,0.07246125489473343,0.8856264352798462,0.558610200881958,1.1426467895507812,0.10052774846553802,1.0040916204452515,0.6372978091239929,0.9133123159408569,0.05850377306342125,1.1648696660995483,0.3295111358165741,-1.0209858417510986,0.8167475461959839,-0.20190328359603882,-0.41363462805747986,-0.9205237030982971,-0.3964953124523163,0.7958263158798218,0.7121413946151733,-1.0125011205673218,-0.13372618705034256,0.8189365267753601,0.6077781319618225,-0.8553028106689453,0.07198844105005264,0.9879186749458313,0.5073219537734985,-0.916677713394165,0.4895753227174282,0.7686644792556763,0.19096210598945618,3.0,3.0,3.0,3.0,3.0,3.0,3.0,3.0,3.0,3.0,3.0,3.0,3.0,3.0,3.0,3.0,3.0,3.0,3.0,3.0,0.05,0.05,0.05,0.05,0.05,0.05,0.05,0.05,0.05,0.05,0.05,0.05,0.05,0.05,0.05,0.05,0.05,0.05,0.05,0.05,0.0,0.0,0.0,0.0,0.0,0.0,0.0,0.0,0.0,0.0,0.0,0.0,0.0,0.0,0.0,0.0,0.0,0.0,0.0,0.0
0.7872753739356995,0.3898038864135742,0.37890538573265076,0.5066747069358826,0.7648460268974304,-0.09943684190511703,0.9142928123474121,0.5305745601654053,1.1071209907531738,0.038758717477321625,1.2957433462142944,0.743740439414978,1.158410906791687,0.0181317999958992,1.349171757698059,0.8442643284797668,1.1332237720489502,0.07594936341047287,1.5439525842666626,0.7759101390838623,-0.3353238105773926,0.41866302490234375,-0.03312751650810242,-0.24911314249038696,-0.20726323127746582,0.13942215591669083,0.22640973329544067,0.138990581035614,-0.2922326326370239,0.08638016879558563,-0.23117363452911377,-0.2824917435646057,-0.35967230796813965,0.06506908684968948,-0.2716064453125,-0.37663429975509644,-0.44615864753723145,0.11926572769880295,-0.0797957181930542,-0.3597185015678406,3.0,3.0,3.0,3.0,3.0,3.0,3.0,3.0,3.0,3.0,3.0,3.0,3.0,3.0,3.0,3.0,3.0,3.0,3.0,3.0,0.05,0.05,0.05,0.05,0.05,0.05,0.05,0.05,0.05,0.05,0.05,0.05,0.05,0.05,0.05,0.05,0.05,0.05,0.05,0.05,0.0,0.0,0.0,0.0,0.0,0.0,0.0,0.0,0.0,0.0,0.0,0.0,0.0,0.0,0.0,0.0,0.0,0.0,0.0,0.0,0.5144573450088501,0.357483446598053,0.2855139672756195,0.27647367119789124,0.9384533166885376,0.17082659900188446,1.1014336347579956,0.5261793732643127,1.1187752485275269,0.06847211718559265,0.9114338755607605,0.5810941457748413,1.1082911491394043,0.10643353313207626,1.0317187309265137,0.6528981328010559,0.880889356136322,0.08012683689594269,1.1828043460845947,0.333026260137558,-1.4256037771701813,0.9773813188076019,-0.07208362221717834,0.12721344828605652,-1.4870986342430115,-0.6510641425848007,0.5234032869338989,0.5472064018249512,-1.4737457036972046,-0.23182593286037445,0.6158128380775452,0.5672544240951538,-1.3151824474334717,0.08791070431470871,0.7503628730773926,0.19709914922714233,-1.2899413704872131,0.5813219584524632,0.6594210863113403,-0.1806303858757019,3.0,3.0,3.0,3.0,3.0,3.0,3.0,3.0,3.0,3.0,3.0,3.0,3.0,3.0,3.0,3.0,3.0,3.0,3.0,3.0,0.05,0.05,0.05,0.05,0.05,0.05,0.05,0.05,0.05,0.05,0.05,0.05,0.05,0.05,0.05,0.05,0.05,0.05,0.05,0.05,0.0,0.0,0.0,0.0,0.0,0.0,0.0,0.0,0.0,0.0,0.0,0.0,0.0,0.0,0.0,0.0,0.0,0.0,0.0,0.0
0.7804933786392212,0.3982345759868622,0.3783935606479645,0.5013210773468018,0.7600642442703247,-0.09628019481897354,0.9185004830360413,0.5331193804740906,1.100638747215271,0.0403461754322052,1.2903318405151367,0.7376994490623474,1.150559425354004,0.019396750256419182,1.3428019285202026,0.835749626159668,1.1240789890289307,0.07840822637081146,1.541947603225708,0.7684460878372192,-0.36526918411254883,0.424116849899292,-0.02485215663909912,-0.291423499584198,-0.272466242313385,0.16051474958658218,0.17082393169403076,0.09807795286178589,-0.33759474754333496,0.08522309362888336,-0.3159463405609131,-0.3314092755317688,-0.41439831256866455,0.04534311592578888,-0.32926201820373535,-0.44753700494766235,-0.48637986183166504,0.11013206094503403,-0.1491069793701172,-0.40308237075805664,3.0,3.0,3.0,3.0,3.0,3.0,3.0,3.0,3.0,3.0,3.0,3.0,3.0,3.0,3.0,3.0,3.0,3.0,3.0,3.0,0.05,0.05,0.05,0.05,0.05,0.05,0.05,0.05,0.05,0.05,0.05,0.05,0.05,0.05,0.05,0.05,0.05,0.05,0.05,0.05,0.0,0.0,0.0,0.0,0.0,0.0,0.0,0.0,0.0,0.0,0.0,0.0,0.0,0.0,0.0,0.0,0.0,0.0,0.0,0.0,0.4738602936267853,0.3706216514110565,0.2912786602973938,0.28221166133880615,0.9185773730278015,0.16243572533130646,1.0992908477783203,0.524753212928772,1.1002610921859741,0.06318821758031845,0.910258948802948,0.5813003778457642,1.0900394916534424,0.10404417663812637,1.0341061353683472,0.6451817750930786,0.8617146611213684,0.08175665140151978,1.191246509552002,0.322285920381546,-0.8037276566028595,1.2182846665382385,0.02298876643180847,-1.248229667544365,-1.3592958450317383,-0.3565419465303421,-1.280146837234497,-0.5255207419395447,-1.238006353378296,0.1647690311074257,-1.0709047317504883,-0.10989457368850708,-1.3095498085021973,0.6712673231959343,-0.9960010647773743,-0.5783617496490479,-0.8777543902397156,1.1583942919969559,-0.8566766977310181,-1.4841929078102112,3.0,3.0,3.0,3.0,3.0,3.0,3.0,3.0,3.0,3.0,3.0,3.0,3.0,3.0,3.0,3.0,3.0,3.0,3.0,3.0,0.05,0.05,0.05,0.05,0.05,0.05,0.05,0.05,0.05,0.05,0.05,0.05,0.05,0.05,0.05,0.05,0.05,0.05,0.05,0.05,0.0,0.0,0.0,0.0,0.0,0.0,0.0,0.0,0.0,0.0,0.0,0.0,0.0,0.0,0.0,0.0,0.0,0.0,0.0,0.0
0.7726646065711975,0.4067685604095459,0.3779112994670868,0.49501776695251465,0.753947377204895,-0.09301625192165375,0.9211257696151733,0.5344976782798767,1.0936172008514404,0.04216764122247696,1.283105492591858,0.7304840683937073,1.1418349742889404,0.019945524632930756,1.3360012769699097,0.8263628482818604,1.1137685775756836,0.08035464584827423,1.537988305091858,0.75978684425354,-0.49631595611572266,0.45435354113578796,-0.011393427848815918,-0.36054104566574097,-0.31677186489105225,0.1176644116640091,0.09239763021469116,-0.004500150680541992,-0.31299591064453125,0.03958335146307945,-0.41229724884033203,-0.45072585344314575,-0.43339431285858154,-0.02074446529150009,-0.33940374851226807,-0.5244404077529907,-0.498044490814209,0.016999617218971252,-0.232735276222229,-0.5546137690544128,3.0,3.0,3.0,3.0,3.0,3.0,3.0,3.0,3.0,3.0,3.0,3.0,3.0,3.0,3.0,3.0,3.0,3.0,3.0,3.0,0.05,0.05,0.05,0.05,0.05,0.05,0.05,0.05,0.05,0.05,0.05,0.05,0.05,0.05,0.05,0.05,0.05,0.05,0.05,0.05,0.0,0.0,0.0,0.0,0.0,0.0,0.0,0.0,0.0,0.0,0.0,0.0,0.0,0.0,0.0,0.0,0.0,0.0,0.0,0.0,0.4823082387447357,0.4062148332595825,0.28643351793289185,0.22654448449611664,0.8840814828872681,0.15656492114067078,1.0502277612686157,0.505158543586731,1.069254994392395,0.07506287842988968,0.868597686290741,0.576698362827301,1.0559091567993164,0.13328422605991364,0.9918786883354187,0.629763662815094,0.8457791805267334,0.12646260857582092,1.148537278175354,0.27365854382514954,0.7381372153759003,2.0477689802646637,-0.3378346562385559,-2.573646605014801,-2.3231729865074158,-0.9651176631450653,-2.898310124874115,-1.215524971485138,-2.215850353240967,0.3357350826263428,-2.573983371257782,-0.4861801862716675,-2.2964343428611755,1.4081133529543877,-2.5675490498542786,-0.9546786546707153,-1.3688474893569946,2.2418007254600525,-2.397468686103821,-2.4448055773973465,3.0,3.0,3.0,3.0,3.0,3.0,3.0,3.0,3.0,3.0,3.0,3.0,3.0,3.0,3.0,3.0,3.0,3.0,3.0,3.0,0.05,0.05,0.05,0.05,0.05,0.05,0.05,0.05,0.05,0.05,0.05,0.05,0.05,0.05,0.05,0.05,0.05,0.05,0.05,0.05,0.0,0.0,0.0,0.0,0.0,0.0,0.0,0.0,0.0,0.0,0.0,0.0,0.0,0.0,0.0,0.0,0.0,0.0,0.0,0.0
0.7606407403945923,0.4164087176322937,0.37793782353401184,0.4868994355201721,0.7473933696746826,-0.09157361835241318,0.9221963882446289,0.5329393744468689,1.0881189107894897,0.04192950949072838,1.2738399505615234,0.7196704149246216,1.1332236528396606,0.018566971644759178,1.329225778579712,0.8147720098495483,1.1041572093963623,0.07908821105957031,1.5326381921768188,0.7462615370750427,-0.6360188126563859,0.43235421180724404,0.010289996862411499,-0.4263348877429865,-0.33781677484511496,0.050882250070571206,-0.005072355270382967,-0.1499801874160711,-0.28761625289916437,-0.022020842880009564,-0.5087524652480913,-0.5882844328880171,-0.44144690036773127,-0.0960430596023766,-0.35967826843261164,-0.5796834826469283,-0.47109425067901056,-0.08904319256543836,-0.30330419540404163,-0.737640261650066,3.0,3.0,3.0,3.0,3.0,3.0,3.0,3.0,3.0,3.0,3.0,3.0,3.0,3.0,3.0,3.0,3.0,3.0,3.0,3.0,0.05,0.05,0.05,0.05,0.05,0.05,0.05,0.05,0.05,0.05,0.05,0.05,0.05,0.05,0.05,0.05,0.05,0.05,0.05,0.05,0.0,0.0,0.0,0.0,0.0,0.0,0.0,0.0,0.0,0.0,0.0,0.0,0.0,0.0,0.0,0.0,0.0,0.0,0.0,0.0,0.5033857822418213,0.45253241062164307,0.27776527404785156,0.1792657971382141,0.8256504535675049,0.12383101880550385,0.9833584427833557,0.47613221406936646,1.0116270780563354,0.07661762088537216,0.8072996139526367,0.5618531703948975,0.9981821179389954,0.16036871075630188,0.931404173374176,0.60699462890625,0.8069607615470886,0.17142868041992188,1.0953477621078491,0.22449369728565216,0.022255629301083657,1.031578332185748,-1.1441320180892494,-2.23545581102367,-1.96327418088911,-0.9232215583324359,-2.6132315397262182,-1.1497326195239812,-2.030399441719058,-0.13921577483414424,-2.4328693747520056,-0.5410030484199441,-1.7928794026374817,0.5692563951015549,-2.315227687358817,-0.902396440505962,-1.2428149580955365,1.0026596486568549,-1.8274694681167436,-1.939734444022153,3.0,3.0,3.0,3.0,3.0,3.0,3.0,3.0,3.0,3.0,3.0,3.0,3.0,3.0,3.0,3.0,3.0,3.0,3.0,3.0,0.05,0.05,0.05,0.05,0.05,0.05,0.05,0.05,0.05,0.05,0.05,0.05,0.05,0.05,0.05,0.05,0.05,0.05,0.05,0.05,0.0,0.0,0.0,0.0,0.0,0.0,0.0,0.0,0.0,0.0,0.0,0.0,0.0,0.0,0.0,0.0,0.0,0.0,0.0,0.0
0.7472238540649421,0.42406272888183566,0.37832289934158325,0.4779643714427952,0.7404347062110904,-0.0909809619188309,0.920922875404358,0.5284984707832339,1.0821125507354739,0.04128680750727658,1.2627553939819343,0.7069526910781866,1.1241770982742312,0.016103802248835692,1.3216141462326052,0.8031755089759832,1.0949248075485232,0.0767929181456567,1.5258561372756962,0.7302812337875374,-0.6809711456298828,0.3642462193965912,0.008205324411392212,-0.45784562826156616,-0.37331879138946533,0.027659907937049866,-0.12114793062210083,-0.28524845838546753,-0.3192007541656494,-0.04703011363744736,-0.6100177764892578,-0.6739914417266846,-0.48100054264068604,-0.14517628587782383,-0.45870840549468994,-0.6200417876243591,-0.49171745777130127,-0.1288214698433876,-0.38669705390930176,-0.8410677313804626,3.0,3.0,3.0,3.0,3.0,3.0,3.0,3.0,3.0,3.0,3.0,3.0,3.0,3.0,3.0,3.0,3.0,3.0,3.0,3.0,0.05,0.05,0.05,0.05,0.05,0.05,0.05,0.05,0.05,0.05,0.05,0.05,0.05,0.05,0.05,0.05,0.05,0.05,0.05,0.05,0.0,0.0,0.0,0.0,0.0,0.0,0.0,0.0,0.0,0.0,0.0,0.0,0.0,0.0,0.0,0.0,0.0,0.0,0.0,0.0,0.48319846391677906,0.44747796654701244,0.24066823720932187,0.13712625205516984,0.8055505156517037,0.11963605880737334,0.945698499679567,0.4591692388057717,0.9880390167236327,0.06949424743652391,0.7712829113006607,0.5550582408905033,0.9841939806938171,0.15605448186397583,0.899269580841066,0.5936678051948555,0.7960665822029119,0.16656899452209512,1.0754384994506843,0.19606916606426342,-0.6864629685878754,-0.17869919538497925,-2.003863826394081,-1.9063517451286316,-0.8864343166351318,-0.4586920142173767,-1.7475470900535583,-0.9764641523361206,-0.5096793174743652,-0.7470401003956795,-1.7270833253860474,-0.5555495619773865,-0.28314143419265747,-0.6868995726108551,-1.72252357006073,-0.9403213858604431,-0.5689427256584167,-0.9572543203830719,-0.7082194089889526,-1.1964451521635056,3.0,3.0,3.0,3.0,3.0,3.0,3.0,3.0,3.0,3.0,3.0,3.0,3.0,3.0,3.0,3.0,3.0,3.0,3.0,3.0,0.05,0.05,0.05,0.05,0.05,0.05,0.05,0.05,0.05,0.05,0.05,0.05,0.05,0.05,0.05,0.05,0.05,0.05,0.05,0.05,0.0,0.0,0.0,0.0,0.0,0.0,0.0,0.0,0.0,0.0,0.0,0.0,0.0,0.0,0.0,0.0,0.0,0.0,0.0,0.0
0.733401894569397,0.43097856640815735,0.37826603651046753,0.4685856103897095,0.732460618019104,-0.09046722203493118,0.9173504710197449,0.5215294361114502,1.0753508806228638,0.040048304945230484,1.2494392395019531,0.6927107572555542,1.1139836311340332,0.012759920209646225,1.3108774423599243,0.789970338344574,1.0844885110855103,0.07393535226583481,1.5171703100204468,0.7126188278198242,-0.7009729743003845,0.33667311072349687,-0.005394220352171464,-0.4805043339729295,-0.40882378816604337,0.023334473371506084,-0.2211883664131109,-0.4016652703285162,-0.36198496818541925,-0.07705138996243355,-0.7303655147552435,-0.7473006844520541,-0.5085527896881048,-0.18447311595082122,-0.5982786417007335,-0.7033482193946811,-0.5438715219497625,-0.15633758157491578,-0.4881471395492498,-0.9196192026138278,3.0,3.0,3.0,3.0,3.0,3.0,3.0,3.0,3.0,3.0,3.0,3.0,3.0,3.0,3.0,3.0,3.0,3.0,3.0,3.0,0.05,0.05,0.05,0.05,0.05,0.05,0.05,0.05,0.05,0.05,0.05,0.05,0.05,0.05,0.05,0.05,0.05,0.05,0.05,0.05,0.0,0.0,0.0,0.0,0.0,0.0,0.0,0.0,0.0,0.0,0.0,0.0,0.0,0.0,0.0,0.0,0.0,0.0,0.0,0.0,0.4759272634983063,0.4453844428062439,0.19761072099208832,0.10301172733306885,0.7901930809020996,0.10548333823680878,0.9134565591812134,0.43707364797592163,0.9912399053573608,0.04673601686954498,0.7382162809371948,0.539631187915802,0.9868564605712891,0.13289272785186768,0.8625032305717468,0.5693817734718323,0.784203052520752,0.133138507604599,1.067018985748291,0.17663589119911194,-0.5864813923835643,-0.31629949808119895,-1.9213795661926358,-1.5609985217452185,-1.1445105075836015,-0.7386360317468553,-1.7997831106185829,-1.2008547782897852,-0.1702576875686479,-1.0750941932201317,-1.76656693220138,-0.8582353591918807,-0.1184210181236156,-0.9980622678995056,-1.8711254000663702,-1.225401461124409,-0.6228059530258123,-1.519420556724056,-0.4610121250152588,-0.9206715971231516,3.0,3.0,3.0,3.0,3.0,3.0,3.0,3.0,3.0,3.0,3.0,3.0,3.0,3.0,3.0,3.0,3.0,3.0,3.0,3.0,0.05,0.05,0.05,0.05,0.05,0.05,0.05,0.05,0.05,0.05,0.05,0.05,0.05,0.05,0.05,0.05,0.05,0.05,0.05,0.05,0.0,0.0,0.0,0.0,0.0,0.0,0.0,0.0,0.0,0.0,0.0,0.0,0.0,0.0,0.0,0.0,0.0,0.0,0.0,0.0
0.7191849350929267,0.43752965331077553,0.3781071305274964,0.458744198083878,0.7240817546844487,-0.09004758298397066,0.9120753407478336,0.5124318599700932,1.067633152008057,0.038204751908779234,1.2335407733917245,0.6770606637001044,1.103834986686707,0.008724877610802843,1.2976830005645759,0.775041580200196,1.0731699466705327,0.07053941488266006,1.5063302516937263,0.6934964656829843,-0.7231101393699646,0.31146928668022156,-0.017018616199493408,-0.49966052174568176,-0.44892579317092896,0.022718310356140137,-0.31518638134002686,-0.5058079957962036,-0.37953853607177734,-0.10731546208262444,-0.8427172899246216,-0.8038803935050964,-0.5230307579040527,-0.21699968492612243,-0.7168591022491455,-0.7846400141716003,-0.5795508623123169,-0.18399041146039963,-0.6027132272720337,-0.9921684861183167,3.0,3.0,3.0,3.0,3.0,3.0,3.0,3.0,3.0,3.0,3.0,3.0,3.0,3.0,3.0,3.0,3.0,3.0,3.0,3.0,0.05,0.05,0.05,0.05,0.05,0.05,0.05,0.05,0.05,0.05,0.05,0.05,0.05,0.05,0.05,0.05,0.05,0.05,0.05,0.05,0.0,0.0,0.0,0.0,0.0,0.0,0.0,0.0,0.0,0.0,0.0,0.0,0.0,0.0,0.0,0.0,0.0,0.0,0.0,0.0,0.4597392082214365,0.4348259866237645,0.16381305456161643,0.0746863111853611,0.7597700953483596,0.09009061753749913,0.8737071752548237,0.4111350476741803,0.9812287092208868,0.02649047970771864,0.7006202340126055,0.520728826522828,0.9794571399688725,0.1161319911479956,0.8244245648384112,0.5446517467498792,0.7711543440818794,0.10579217225313288,1.056998014450074,0.15924230217933735,-1.0794468224048615,-0.5181804299354553,-1.6540955752134323,-1.3086576014757156,-1.7385423183441162,-0.7366901263594627,-2.1629929542541504,-1.3980790972709656,-0.749485194683075,-0.8638978702947497,-1.977860927581787,-1.0229021310806274,-0.579342246055603,-0.7084792479872704,-1.9660279154777527,-1.2708231806755066,-0.9559199213981628,-1.1773794889450073,-0.715184211730957,-0.909748300909996,3.0,3.0,3.0,3.0,3.0,3.0,3.0,3.0,3.0,3.0,3.0,3.0,3.0,3.0,3.0,3.0,3.0,3.0,3.0,3.0,0.05,0.05,0.05,0.05,0.05,0.05,0.05,0.05,0.05,0.05,0.05,0.05,0.05,0.05,0.05,0.05,0.05,0.05,0.05,0.05,0.0,0.0,0.0,0.0,0.0,0.0,0.0,0.0,0.0,0.0,0.0,0.0,0.0,0.0,0.0,0.0,0.0,0.0,0.0,0.0
0.7044774889945984,0.4434373378753662,0.3775852918624878,0.4485991895198822,0.7145035862922668,-0.08955848962068558,0.9047430157661438,0.501297116279602,1.0601693391799927,0.03575568646192551,1.2157305479049683,0.6605555415153503,1.093062400817871,0.004079932812601328,1.2822030782699585,0.75858473777771,1.0613064765930176,0.06657573580741882,1.4930617809295654,0.6729320883750916,-0.7472053170204163,0.280500203371048,-0.03158673644065857,-0.5139954388141632,-0.4946887493133517,0.02339314669370582,-0.41070133447647095,-0.5977079272270175,-0.4087775945663452,-0.1345787197351447,-0.9538531303405706,-0.8440196514129611,-0.5389988422393799,-0.24456122191622806,-0.8123517036437933,-0.847214460372922,-0.6098091602325384,-0.21035671234130823,-0.729957222938532,-1.0649874806404085,3.0,3.0,3.0,3.0,3.0,3.0,3.0,3.0,3.0,3.0,3.0,3.0,3.0,3.0,3.0,3.0,3.0,3.0,3.0,3.0,0.05,0.05,0.05,0.05,0.05,0.05,0.05,0.05,0.05,0.05,0.05,0.05,0.05,0.05,0.05,0.05,0.05,0.05,0.05,0.05,0.0,0.0,0.0,0.0,0.0,0.0,0.0,0.0,0.0,0.0,0.0,0.0,0.0,0.0,0.0,0.0,0.0,0.0,0.0,0.0,0.4327493906021118,0.4246572256088257,0.13144689798355103,0.05066542327404022,0.720651388168335,0.07601573318243027,0.8269368410110474,0.381150484085083,0.9612604975700378,0.012180102057754993,0.6591018438339233,0.4987151026725769,0.9636827707290649,0.10455355793237686,0.7838621139526367,0.518548846244812,0.7459662556648254,0.0860433280467987,1.0384116172790527,0.1402459591627121,-1.360135525465006,-0.366764515638357,-1.473659276962289,-1.128396578133113,-2.0121321082115062,-0.7444128394126874,-2.426485717296592,-1.5653081238269764,-1.2146532535552812,-0.6980713922530466,-2.1598160266876194,-1.1651568114757496,-1.0281369090080121,-0.4845030605793072,-2.1017804741859436,-1.3371095061302212,-1.1646032333373968,-0.8065927773714198,-0.9367048740386963,-0.9189790114760402,3.0,3.0,3.0,3.0,3.0,3.0,3.0,3.0,3.0,3.0,3.0,3.0,3.0,3.0,3.0,3.0,3.0,3.0,3.0,3.0,0.05,0.05,0.05,0.05,0.05,0.05,0.05,0.05,0.05,0.05,0.05,0.05,0.05,0.05,0.05,0.05,0.05,0.05,0.05,0.05,0.0,0.0,0.0,0.0,0.0,0.0,0.0,0.0,0.0,0.0,0.0,0.0,0.0,0.0,0.0,0.0,0.0,0.0,0.0,0.0
0.68929672241211,0.44874966144561745,0.37684366106987005,0.4381843805313115,0.7042942047119146,-0.08911185711622242,0.8956472873687747,0.4885235428810125,1.0512820482254033,0.032821603119373446,1.1953866481781017,0.643299877643586,1.0822750329971318,-0.0010575712658462797,1.2651889324188241,0.7411530017852791,1.0487775802612311,0.062125146389007735,1.477131962776185,0.6508969664573679,-0.7484570145606995,0.25142356753349304,-0.05160719156265259,-0.5140773952007294,-0.5283057689666748,0.03106687217950821,-0.4818633198738098,-0.6373248994350433,-0.4879176616668701,-0.13654446229338646,-1.0376900434494019,-0.8479848504066467,-0.6058752536773682,-0.2388114924542606,-0.8812248706817627,-0.8614763617515564,-0.6714850664138794,-0.19553573802113533,-0.849655270576477,-1.0929018259048462,3.0,3.0,3.0,3.0,3.0,3.0,3.0,3.0,3.0,3.0,3.0,3.0,3.0,3.0,3.0,3.0,3.0,3.0,3.0,3.0,0.05,0.05,0.05,0.05,0.05,0.05,0.05,0.05,0.05,0.05,0.05,0.05,0.05,0.05,0.05,0.05,0.05,0.05,0.05,0.05,0.0,0.0,0.0,0.0,0.0,0.0,0.0,0.0,0.0,0.0,0.0,0.0,0.0,0.0,0.0,0.0,0.0,0.0,0.0,0.0,0.40533378720283625,0.4201554059982302,0.10486668348312488,0.029550448060036597,0.6792848110198993,0.06031410396099163,0.77664774656296,0.34852272272110124,0.9326425790786755,-0.0014323759824032213,0.6142275929451008,0.47412255406379805,0.938331663608552,0.09675186872482332,0.7403533458709735,0.4911673665046703,0.7245702147483836,0.07352846115827609,1.019529819488526,0.12248314172029574,-1.303485780954361,-0.24336948990821838,-1.2485861778259277,-1.004086947068572,-2.038078010082245,-0.81477090716362,-2.4526849389076233,-1.5851281583309174,-1.352827250957489,-0.6089518312364817,-2.1107450127601624,-1.170559972524643,-1.0745331645011902,-0.36532003432512283,-1.9872844219207764,-1.2742772698402405,-1.1751949787139893,-0.5555011332035065,-1.0172143578529358,-0.8856058120727539,3.0,3.0,3.0,3.0,3.0,3.0,3.0,3.0,3.0,3.0,3.0,3.0,3.0,3.0,3.0,3.0,3.0,3.0,3.0,3.0,0.05,0.05,0.05,0.05,0.05,0.05,0.05,0.05,0.05,0.05,0.05,0.05,0.05,0.05,0.05,0.05,0.05,0.05,0.05,0.05,0.0,0.0,0.0,0.0,0.0,0.0,0.0,0.0,0.0,0.0,0.0,0.0,0.0,0.0,0.0,0.0,0.0,0.0,0.0,0.0
0.6745392084121704,0.45349428057670593,0.3755210041999817,0.428036093711853,0.6933713555335999,-0.08831581473350525,0.8854684829711914,0.4758041203022003,1.0406526327133179,0.030293907970190048,1.1742229461669922,0.6266361474990845,1.0688273906707764,-0.005472526885569096,1.246954083442688,0.7241256833076477,1.0344470739364624,0.05875430628657341,1.4590755701065063,0.6292160153388977,-0.8188620209694075,0.24106800556183416,-0.052923709154130416,-0.4867061972618214,-0.5811527371406694,0.04860348999500379,-0.5780786275863731,-0.7042668759822984,-0.4901587963104359,-0.14865715056658102,-1.1416047811508456,-0.8623749017715648,-0.5990207195282093,-0.2573233912698977,-0.976371765136741,-0.9048730134964184,-0.6820023059845137,-0.23088287562132298,-0.9496450424194558,-1.1479675769806157,3.0,3.0,3.0,3.0,3.0,3.0,3.0,3.0,3.0,3.0,3.0,3.0,3.0,3.0,3.0,3.0,3.0,3.0,3.0,3.0,0.05,0.05,0.05,0.05,0.05,0.05,0.05,0.05,0.05,0.05,0.05,0.05,0.05,0.05,0.05,0.05,0.05,0.05,0.05,0.05,0.0,0.0,0.0,0.0,0.0,0.0,0.0,0.0,0.0,0.0,0.0,0.0,0.0,0.0,0.0,0.0,0.0,0.0,0.0,0.0,0.3806099593639374,0.41492244601249695,0.08150345087051392,0.01050194539129734,0.6391282677650452,0.04342489689588547,0.7288294434547424,0.3177453577518463,0.9071474075317383,-0.012177971191704273,0.5746720433235168,0.4518927037715912,0.9207014441490173,0.08994075655937195,0.7043707370758057,0.4675777554512024,0.6989584565162659,0.06382328271865845,0.9977230429649353,0.10482172667980194,-1.115502417087584,-0.1514472067356165,-1.0303206741810118,-0.8286353200674279,-1.8740937113762373,-0.8109773509204568,-2.3198619484901983,-1.5061691403389323,-1.2850031256676024,-0.4953365307301416,-1.9100368022919172,-1.0830909013748433,-0.9057179093361151,-0.2884151414036831,-1.7339035868645158,-1.1349327862263003,-1.045107841491724,-0.39188498631120944,-0.998534262180345,-0.8213739842176635,3.0,3.0,3.0,3.0,3.0,3.0,3.0,3.0,3.0,3.0,3.0,3.0,3.0,3.0,3.0,3.0,3.0,3.0,3.0,3.0,0.05,0.05,0.05,0.05,0.05,0.05,0.05,0.05,0.05,0.05,0.05,0.05,0.05,0.05,0.05,0.05,0.05,0.05,0.05,0.05,0.0,0.0,0.0,0.0,0.0,0.0,0.0,0.0,0.0,0.0,0.0,0.0,0.0,0.0,0.0,0.0,0.0,0.0,0.0,0.0
0.6565422415733337,0.4583923816680908,0.37472671270370483,0.4187161326408386,0.6810480952262878,-0.08716771751642227,0.8725241422653198,0.4603528678417206,1.0316756963729858,0.026875317096710205,1.1497224569320679,0.6088048815727234,1.0583142042160034,-0.011350506916642189,1.2261340618133545,0.7049580812454224,1.0214974880218506,0.052889831364154816,1.4391461610794067,0.6049782633781433,-0.9356141090393066,0.225859135389328,-0.027022510766983032,-0.46742483973503113,-0.6038844585418701,0.047863274812698364,-0.6786316633224487,-0.8110776543617249,-0.47073066234588623,-0.18881168216466904,-1.3088136911392212,-0.9034708142280579,-0.5405396223068237,-0.3106651594862342,-1.125374436378479,-0.9988561272621155,-0.626683235168457,-0.32195569947361946,-1.0469257831573486,-1.2660250067710876,3.0,3.0,3.0,3.0,3.0,3.0,3.0,3.0,3.0,3.0,3.0,3.0,3.0,3.0,3.0,3.0,3.0,3.0,3.0,3.0,0.05,0.05,0.05,0.05,0.05,0.05,0.05,0.05,0.05,0.05,0.05,0.05,0.05,0.05,0.05,0.05,0.05,0.05,0.05,0.05,0.0,0.0,0.0,0.0,0.0,0.0,0.0,0.0,0.0,0.0,0.0,0.0,0.0,0.0,0.0,0.0,0.0,0.0,0.0,0.0,0.3607136905193329,0.41409751772880554,0.0636538565158844,-0.0035949647426605225,0.6043210625648499,0.027875009924173355,0.683853268623352,0.28827595710754395,0.8812424540519714,-0.021245837211608887,0.5378261208534241,0.4307989180088043,0.9021029472351074,0.085215263068676,0.6709972023963928,0.4457700550556183,0.6827659010887146,0.05785306170582771,0.9795884490013123,0.0896281823515892,-0.9338468313217163,-0.0690564513206482,-0.8210466243326664,-0.660135829821229,-1.6749948263168335,-0.7820315193384886,-2.1595582365989685,-1.4088816940784454,-1.1685818433761597,-0.4322788445279002,-1.6910314559936523,-0.9788841009140015,-0.7928803563117981,-0.21731946617364883,-1.5032559633255005,-0.9948857128620148,-0.7107943296432495,-0.25593889877200127,-0.8506760001182556,-0.7079515606164932,3.0,3.0,3.0,3.0,3.0,3.0,3.0,3.0,3.0,3.0,3.0,3.0,3.0,3.0,3.0,3.0,3.0,3.0,3.0,3.0,0.05,0.05,0.05,0.05,0.05,0.05,0.05,0.05,0.05,0.05,0.05,0.05,0.05,0.05,0.05,0.05,0.05,0.05,0.05,0.05,0.0,0.0,0.0,0.0,0.0,0.0,0.0,0.0,0.0,0.0,0.0,0.0,0.0,0.0,0.0,0.0,0.0,0.0,0.0,0.0
0.6371146440505981,0.46252864599227905,0.37444010376930237,0.4093391001224518,0.669215977191925,-0.08640128374099731,0.8583232164382935,0.4433610141277313,1.0218234062194824,0.022741440683603287,1.1218703985214233,0.5904973149299622,1.0472058057785034,-0.017899133265018463,1.2019391059875488,0.6841714382171631,1.0093797445297241,0.04587607830762863,1.4171985387802124,0.5785750150680542,-0.964026153087616,0.1816190779209137,-0.03652721643447876,-0.44867172837257385,-0.5862444639205933,0.03588404506444931,-0.704781711101532,-0.8198350667953491,-0.5410939455032349,-0.18440373241901398,-1.3823896646499634,-0.8814260363578796,-0.6249457597732544,-0.29391031712293625,-1.2277185916900635,-1.0135099291801453,-0.6753325462341309,-0.3113061189651489,-1.1303633451461792,-1.2937560677528381,3.0,3.0,3.0,3.0,3.0,3.0,3.0,3.0,3.0,3.0,3.0,3.0,3.0,3.0,3.0,3.0,3.0,3.0,3.0,3.0,0.05,0.05,0.05,0.05,0.05,0.05,0.05,0.05,0.05,0.05,0.05,0.05,0.05,0.05,0.05,0.05,0.05,0.05,0.05,0.05,0.0,0.0,0.0,0.0,0.0,0.0,0.0,0.0,0.0,0.0,0.0,0.0,0.0,0.0,0.0,0.0,0.0,0.0,0.0,0.0,0.3432560861110687,0.412160187959671,0.04866158589720726,-0.01590348780155182,0.5721284747123718,0.012143636122345924,0.6424471139907837,0.2613900899887085,0.8604041337966919,-0.029469124972820282,0.5070307850837708,0.41273733973503113,0.8889862298965454,0.081247977912426,0.6442404985427856,0.4277823269367218,0.6705266833305359,0.0535857267677784,0.9636960029602051,0.07650366425514221,-0.6715811789035797,0.1275680959224701,-0.6945469416677952,-0.535417627543211,-1.3582438230514526,-0.8717387914657593,-1.9228264689445496,-1.273895800113678,-0.8939743041992188,-0.5270343273878098,-1.4019042253494263,-0.8429467678070068,-0.5188614130020142,-0.3417622298002243,-1.1924341320991516,-0.8196055889129639,-0.365661084651947,-0.29677078127861023,-0.7113456726074219,-0.6061583757400513,3.0,3.0,3.0,3.0,3.0,3.0,3.0,3.0,3.0,3.0,3.0,3.0,3.0,3.0,3.0,3.0,3.0,3.0,3.0,3.0,0.05,0.05,0.05,0.05,0.05,0.05,0.05,0.05,0.05,0.05,0.05,0.05,0.05,0.05,0.05,0.05,0.05,0.05,0.05,0.05,0.0,0.0,0.0,0.0,0.0,0.0,0.0,0.0,0.0,0.0,0.0,0.0,0.0,0.0,0.0,0.0,0.0,0.0,0.0,0.0
0.6179811954498291,0.46565714478492737,0.3732656240463257,0.40076926350593567,0.6575983166694641,-0.0857323557138443,0.8443328738212585,0.4275594651699066,1.0100319385528564,0.019499167799949646,1.0944268703460693,0.5735478401184082,1.0333163738250732,-0.02310691960155964,1.177025318145752,0.6644176840782166,0.9944841861724854,0.04043758660554886,1.3939316272735596,0.5532280206680298,-1.0113418102264404,0.15784204006195068,-0.06423741579055786,-0.40623247623443604,-0.6140083074569702,0.06668120622634888,-0.7339641451835632,-0.7852502167224884,-0.6347551941871643,-0.13831984251737595,-1.3999313116073608,-0.8335396647453308,-0.7178634405136108,-0.24032872170209885,-1.2664586305618286,-0.9699746966362,-0.7722720503807068,-0.25650477036833763,-1.1752873659133911,-1.2451022863388062,3.0,3.0,3.0,3.0,3.0,3.0,3.0,3.0,3.0,3.0,3.0,3.0,3.0,3.0,3.0,3.0,3.0,3.0,3.0,3.0,0.05,0.05,0.05,0.05,0.05,0.05,0.05,0.05,0.05,0.05,0.05,0.05,0.05,0.05,0.05,0.05,0.05,0.05,0.05,0.05,0.0,0.0,0.0,0.0,0.0,0.0,0.0,0.0,0.0,0.0,0.0,0.0,0.0,0.0,0.0,0.0,0.0,0.0,0.0,0.0,0.3338504433631897,0.41920024156570435,0.03587197884917259,-0.025011669844388962,0.5499913096427917,-0.006994541734457016,0.6069402098655701,0.23732012510299683,0.8454834818840027,-0.04232721030712128,0.481749951839447,0.39708104729652405,0.8813484907150269,0.07154477387666702,0.6232998371124268,0.41298583149909973,0.6681394577026367,0.045982230454683304,0.9511346220970154,0.06538184732198715,-0.29109641909599304,0.3775268793106079,-0.5607689265161753,-0.4330066964030266,-0.9762391448020935,-1.0074090212583542,-1.6588374972343445,-1.1371038854122162,-0.6167173385620117,-0.6690253503620625,-1.1369258165359497,-0.7225252687931061,-0.13664066791534424,-0.5758608691394329,-0.8320525288581848,-0.6199896335601807,0.1495957374572754,-0.4758422262966633,-0.5050629377365112,-0.4742125980556011,3.0,3.0,3.0,3.0,3.0,3.0,3.0,3.0,3.0,3.0,3.0,3.0,3.0,3.0,3.0,3.0,3.0,3.0,3.0,3.0,0.05,0.05,0.05,0.05,0.05,0.05,0.05,0.05,0.05,0.05,0.05,0.05,0.05,0.05,0.05,0.05,0.05,0.05,0.05,0.05,0.0,0.0,0.0,0.0,0.0,0.0,0.0,0.0,0.0,0.0,0.0,0.0,0.0,0.0,0.0,0.0,0.0,0.0,0.0,0.0
0.5966609716415405,0.4688423275947571,0.37187060713768005,0.39308980107307434,0.6446556448936462,-0.08373403549194336,0.8289646506309509,0.4119510054588318,0.9964331984519958,0.01720864698290825,1.065873146057129,0.5571557283401489,1.018491268157959,-0.027512282133102417,1.1512807607650757,0.6453724503517151,0.9784888625144958,0.035615887492895126,1.3701870441436768,0.528770923614502,-1.1361554265022278,0.15923306345939636,-0.024619698524475098,-0.3129638731479645,-0.6637260317802429,0.09333472698926926,-0.8128166198730469,-0.7978372275829315,-0.6414890289306641,-0.1285702921450138,-1.4868944883346558,-0.7983237504959106,-0.6517082452774048,-0.2404127735644579,-1.321306824684143,-0.9443476796150208,-0.734381377696991,-0.2707457635551691,-1.1922657489776611,-1.2481331825256348,3.0,3.0,3.0,3.0,3.0,3.0,3.0,3.0,3.0,3.0,3.0,3.0,3.0,3.0,3.0,3.0,3.0,3.0,3.0,3.0,0.05,0.05,0.05,0.05,0.05,0.05,0.05,0.05,0.05,0.05,0.05,0.05,0.05,0.05,0.05,0.05,0.05,0.05,0.05,0.05,0.0,0.0,0.0,0.0,0.0,0.0,0.0,0.0,0.0,0.0,0.0,0.0,0.0,0.0,0.0,0.0,0.0,0.0,0.0,0.0,0.331612229347229,0.42726126313209534,0.02623082883656025,-0.03322375565767288,0.5330789089202881,-0.028152724727988243,0.5760936141014099,0.21590593457221985,0.8357354402542114,-0.05623013898730278,0.46155375242233276,0.3838363289833069,0.8835206031799316,0.05821354314684868,0.6109583973884583,0.4029827415943146,0.6765105128288269,0.034552037715911865,0.9434934854507446,0.05753516033291817,-0.26265159249305725,0.11721104383468628,-0.4351377487182617,-0.3785266540944576,-0.8726641535758972,-0.9321781806647778,-1.511460542678833,-1.026870310306549,-0.4802718758583069,-0.5883373320102692,-0.9274810552597046,-0.6077475845813751,0.0837966799736023,-0.44595682993531227,-0.5425870418548584,-0.4370562732219696,0.3931194543838501,-0.4963488783687353,-0.35994797945022583,-0.34776823595166206,3.0,3.0,3.0,3.0,3.0,3.0,3.0,3.0,3.0,3.0,3.0,3.0,3.0,3.0,3.0,3.0,3.0,3.0,3.0,3.0,0.05,0.05,0.05,0.05,0.05,0.05,0.05,0.05,0.05,0.05,0.05,0.05,0.05,0.05,0.05,0.05,0.05,0.05,0.05,0.05,0.0,0.0,0.0,0.0,0.0,0.0,0.0,0.0,0.0,0.0,0.0,0.0,0.0,0.0,0.0,0.0,0.0,0.0,0.0,0.0
0.57253497838974,0.4720264673233032,0.3722808361053467,0.3882507085800171,0.6310492753982544,-0.08199896663427353,0.8118202090263367,0.39564597606658936,0.9843723773956299,0.014356356114149094,1.034951090812683,0.5416148900985718,1.007248044013977,-0.032723430544137955,1.1241730451583862,0.6266437768936157,0.9651089310646057,0.029607756063342094,1.3462409973144531,0.5033026933670044,-1.0714426636695862,0.14581754803657532,-0.017105042934417725,-0.2977527678012848,-0.6485685706138611,0.09502824395895004,-0.8168905973434448,-0.7631570100784302,-0.5761593580245972,-0.13550291769206524,-1.4866143465042114,-0.7218807935714722,-0.5489885807037354,-0.24809371680021286,-1.3326257467269897,-0.9072199463844299,-0.6732478737831116,-0.29839188791811466,-1.1718571186065674,-1.2210451066493988,3.0,3.0,3.0,3.0,3.0,3.0,3.0,3.0,3.0,3.0,3.0,3.0,3.0,3.0,3.0,3.0,3.0,3.0,3.0,3.0,0.05,0.05,0.05,0.05,0.05,0.05,0.05,0.05,0.05,0.05,0.05,0.05,0.05,0.05,0.05,0.05,0.05,0.05,0.05,0.05,0.0,0.0,0.0,0.0,0.0,0.0,0.0,0.0,0.0,0.0,0.0,0.0,0.0,0.0,0.0,0.0,0.0,0.0,0.0,0.0,0.3233443796634674,0.4238886833190918,0.018466468900442123,-0.04015273600816727,0.5150847434997559,-0.044281668961048126,0.5464817881584167,0.19624531269073486,0.8262726068496704,-0.06586070358753204,0.44465070962905884,0.37277114391326904,0.884700357913971,0.05370650067925453,0.6015963554382324,0.39550358057022095,0.6838642358779907,0.02612827531993389,0.9367367029190063,0.05147111788392067,-0.06447657942771912,0.45399442315101624,-0.36199716851115227,-0.24177851155400276,-0.640656054019928,-0.73099578730762,-1.301516592502594,-0.8766051381826401,-0.35410672426223755,-0.31989896669983864,-0.708683580160141,-0.4673905670642853,-0.08492022752761841,-0.0879533588886261,-0.4588872194290161,-0.3324180841445923,0.36347508430480957,-0.0693400390446186,-0.31566321849823,-0.27116555720567703,3.0,3.0,3.0,3.0,3.0,3.0,3.0,3.0,3.0,3.0,3.0,3.0,3.0,3.0,3.0,3.0,3.0,3.0,3.0,3.0,0.05,0.05,0.05,0.05,0.05,0.05,0.05,0.05,0.05,0.05,0.05,0.05,0.05,0.05,0.05,0.05,0.05,0.05,0.05,0.05,0.0,0.0,0.0,0.0,0.0,0.0,0.0,0.0,0.0,0.0,0.0,0.0,0.0,0.0,0.0,0.0,0.0,0.0,0.0,0.0
0.5538032650947571,0.4746750295162201,0.37118640542030334,0.38117969036102295,0.6187129020690918,-0.07993290573358536,0.7962890267372131,0.3814247250556946,0.973386824131012,0.01178853027522564,1.0064085721969604,0.52828049659729,0.9965317249298096,-0.03743603080511093,1.097975730895996,0.6090836524963379,0.9515589475631714,0.02368021197617054,1.323312759399414,0.479929119348526,-0.8339554071426392,0.12715011835098267,-0.06715431809425354,-0.40361061692237854,-0.5934655666351318,0.1161031424999237,-0.7497519254684448,-0.6638675928115845,-0.538027286529541,-0.11696838773787022,-1.3922438025474548,-0.625571608543396,-0.5190864205360413,-0.2187446691095829,-1.2928694486618042,-0.8637085556983948,-0.6756678223609924,-0.2931219059973955,-1.1303484439849854,-1.1249296367168427,3.0,3.0,3.0,3.0,3.0,3.0,3.0,3.0,3.0,3.0,3.0,3.0,3.0,3.0,3.0,3.0,3.0,3.0,3.0,3.0,0.05,0.05,0.05,0.05,0.05,0.05,0.05,0.05,0.05,0.05,0.05,0.05,0.05,0.05,0.05,0.05,0.05,0.05,0.05,0.05,0.0,0.0,0.0,0.0,0.0,0.0,0.0,0.0,0.0,0.0,0.0,0.0,0.0,0.0,0.0,0.0,0.0,0.0,0.0,0.0,0.32903316617012024,0.445421040058136,0.011750942096114159,-0.04289489611983299,0.507452666759491,-0.057392556220293045,0.5240329504013062,0.18084172904491425,0.8215711712837219,-0.06902609765529633,0.4332064092159271,0.3651407063007355,0.8801237940788269,0.054695408791303635,0.5926029086112976,0.3896860182285309,0.6910495162010193,0.03177843615412712,0.9308669567108154,0.046688538044691086,0.3126293420791626,0.7919535040855408,-0.2974629169330001,-0.17803404480218887,-0.20834654569625854,-0.5169501528143883,-0.936812162399292,-0.6288792937994003,0.2001941204071045,-0.04525724798440933,-0.1697234809398651,-0.14809966087341309,0.25765150785446167,0.22133411839604378,-0.022846460342407227,-0.0479675829410553,0.6177037954330444,0.3860054071992636,-0.06364136934280396,-0.09153550490736961,3.0,3.0,3.0,3.0,3.0,3.0,3.0,3.0,3.0,3.0,3.0,3.0,3.0,3.0,3.0,3.0,3.0,3.0,3.0,3.0,0.05,0.05,0.05,0.05,0.05,0.05,0.05,0.05,0.05,0.05,0.05,0.05,0.05,0.05,0.05,0.05,0.05,0.05,0.05,0.05,0.0,0.0,0.0,0.0,0.0,0.0,0.0,0.0,0.0,0.0,0.0,0.0,0.0,0.0,0.0,0.0,0.0,0.0,0.0,0.0
0.5391767621040344,0.47711247205734253,0.36959466338157654,0.37210628390312195,0.6073106527328491,-0.07735484093427658,0.7818301320075989,0.369091272354126,0.9628512859344482,0.009677620604634285,0.9792613387107849,0.5165920257568359,0.9864845871925354,-0.04147321730852127,1.072458267211914,0.5920954346656799,0.938082218170166,0.017882879823446274,1.3010270595550537,0.4583055078983307,-0.6971046328544617,0.10019168257713318,-0.08603259921073914,-0.415617972612381,-0.5719199776649475,0.1317821443080902,-0.725226104259491,-0.5806542932987213,-0.5397573113441467,-0.09888047352433205,-1.3494357466697693,-0.5491837859153748,-0.5012303590774536,-0.18208054825663567,-1.2577533721923828,-0.8367344737052917,-0.6453990936279297,-0.3023302648216486,-1.1011868715286255,-1.0531097650527954,3.0,3.0,3.0,3.0,3.0,3.0,3.0,3.0,3.0,3.0,3.0,3.0,3.0,3.0,3.0,3.0,3.0,3.0,3.0,3.0,0.05,0.05,0.05,0.05,0.05,0.05,0.05,0.05,0.05,0.05,0.05,0.05,0.05,0.05,0.05,0.05,0.05,0.05,0.05,0.05,0.0,0.0,0.0,0.0,0.0,0.0,0.0,0.0,0.0,0.0,0.0,0.0,0.0,0.0,0.0,0.0,0.0,0.0,0.0,0.0,0.3358495533466339,0.4555668234825134,0.00656795222312212,-0.04727409780025482,0.5067508816719055,-0.06495967507362366,0.5090093016624451,0.17109014093875885,0.8342803716659546,-0.06767099350690842,0.43786177039146423,0.3668471574783325,0.8950064182281494,0.06255986541509628,0.6006824970245361,0.39358487725257874,0.7085723876953125,0.041568491607904434,0.9341910481452942,0.047809697687625885,0.29286518692970276,0.20997971296310425,-0.19668714958243072,-0.12414809316396713,0.2973109483718872,-0.09556040167808533,-0.4602566361427307,-0.3114260733127594,0.7530465722084045,0.21252334117889404,0.4836253821849823,0.24733394384384155,0.7786139845848083,0.2923981286585331,0.5532220005989075,0.30191391706466675,1.2227356433868408,0.38045281544327736,0.462852418422699,0.22143982350826263,3.0,3.0,3.0,3.0,3.0,3.0,3.0,3.0,3.0,3.0,3.0,3.0,3.0,3.0,3.0,3.0,3.0,3.0,3.0,3.0,0.05,0.05,0.05,0.05,0.05,0.05,0.05,0.05,0.05,0.05,0.05,0.05,0.05,0.05,0.05,0.05,0.05,0.05,0.05,0.05,0.0,0.0,0.0,0.0,0.0,0.0,0.0,0.0,0.0,0.0,0.0,0.0,0.0,0.0,0.0,0.0,0.0,0.0,0.0,0.0
0.5259190797805786,0.4786826968193054,0.3677451014518738,0.3645549714565277,0.5958361029624939,-0.07466161996126175,0.7672799825668335,0.3581985533237457,0.9517965316772461,0.007833311334252357,0.9524311423301697,0.506313145160675,0.9764825105667114,-0.04471925273537636,1.0476655960083008,0.5756142735481262,0.9257429838180542,0.011587001383304596,1.279265284538269,0.4378047287464142,-0.6796419620513916,0.0759318470954895,-0.09548664093017578,-0.3424324095249176,-0.5447894334793091,0.1327376812696457,-0.7073134183883667,-0.509556382894516,-0.5431994795799255,-0.07660783594474196,-1.2936905026435852,-0.48494189977645874,-0.5201131105422974,-0.14935703948140144,-1.190224289894104,-0.7833376526832581,-0.6291627883911133,-0.3046281053684652,-1.0776430368423462,-0.9887628257274628,3.0,3.0,3.0,3.0,3.0,3.0,3.0,3.0,3.0,3.0,3.0,3.0,3.0,3.0,3.0,3.0,3.0,3.0,3.0,3.0,0.05,0.05,0.05,0.05,0.05,0.05,0.05,0.05,0.05,0.05,0.05,0.05,0.05,0.05,0.05,0.05,0.05,0.05,0.05,0.05,0.0,0.0,0.0,0.0,0.0,0.0,0.0,0.0,0.0,0.0,0.0,0.0,0.0,0.0,0.0,0.0,0.0,0.0,0.0,0.0,0.34074777364730835,0.45382022857666016,0.00388345611281693,-0.04786081984639168,0.5193451046943665,-0.06121497228741646,0.5056226849555969,0.16838468611240387,0.8516930341720581,-0.060525164008140564,0.4525514245033264,0.37503406405448914,0.9112683534622192,0.06639133393764496,0.6147317886352539,0.40176257491111755,0.7399589419364929,0.046996548771858215,0.9493810534477234,0.05554613098502159,0.3363773226737976,-0.24300217628479004,-0.05885594291612506,-0.0013880431652069092,0.6169736385345459,0.40362244471907616,-0.02819746732711792,0.015597790479660034,1.0259941220283508,0.43665366247296333,1.1768914759159088,0.6999537348747253,1.1282265186309814,0.32058432698249817,1.0817080736160278,0.6424292922019958,1.4907419681549072,0.24952357634902,0.9564235806465149,0.588410347700119,3.0,3.0,3.0,3.0,3.0,3.0,3.0,3.0,3.0,3.0,3.0,3.0,3.0,3.0,3.0,3.0,3.0,3.0,3.0,3.0,0.05,0.05,0.05,0.05,0.05,0.05,0.05,0.05,0.05,0.05,0.05,0.05,0.05,0.05,0.05,0.05,0.05,0.05,0.05,0.05,0.0,0.0,0.0,0.0,0.0,0.0,0.0,0.0,0.0,0.0,0.0,0.0,0.0,0.0,0.0,0.0,0.0,0.0,0.0,0.0
0.5119910836219788,0.4801497459411621,0.3657751977443695,0.35840898752212524,0.5855190753936768,-0.07204533368349075,0.7535375952720642,0.34870901703834534,0.9411233067512512,0.006613307166844606,0.9275137186050415,0.4971943497657776,0.9656800627708435,-0.04744749888777733,1.02484929561615,0.5607619285583496,0.9129157066345215,0.005697755608707666,1.2579213380813599,0.4187549948692322,-0.7505208253860474,0.0822797417640686,-0.0710800290107727,-0.23804008960723877,-0.4983961582183838,0.1276126131415367,-0.6806552410125732,-0.4517897963523865,-0.5147278308868408,-0.04309761570766568,-1.2272447347640991,-0.4452161490917206,-0.5067482590675354,-0.12292955070734024,-1.0945618152618408,-0.7088020443916321,-0.6258130073547363,-0.277800508774817,-1.0640501976013184,-0.9291194379329681,3.0,3.0,3.0,3.0,3.0,3.0,3.0,3.0,3.0,3.0,3.0,3.0,3.0,3.0,3.0,3.0,3.0,3.0,3.0,3.0,0.05,0.05,0.05,0.05,0.05,0.05,0.05,0.05,0.05,0.05,0.05,0.05,0.05,0.05,0.05,0.05,0.05,0.05,0.05,0.05,0.0,0.0,0.0,0.0,0.0,0.0,0.0,0.0,0.0,0.0,0.0,0.0,0.0,0.0,0.0,0.0,0.0,0.0,0.0,0.0,0.3493046462535858,0.4458467364311218,0.0042137145064771175,-0.0473296195268631,0.5314298272132874,-0.04881477728486061,0.5078814029693604,0.17171405255794525,0.8753201365470886,-0.05020484700798988,0.4849374294281006,0.39484530687332153,0.9401354789733887,0.07538323849439621,0.6439508199691772,0.41928204894065857,0.7682020664215088,0.051549434661865234,0.9724479913711548,0.07134611159563065,0.43942704796791077,-0.22480115294456482,-0.028566998662427068,0.007593166083097458,0.9382665157318115,0.6242756731808186,0.38978904485702515,0.3122501075267792,1.356254518032074,0.5602496676146984,1.7348632216453552,1.040589064359665,1.4955416321754456,0.41873566806316376,1.5340059995651245,0.9219594299793243,1.6688898205757141,0.2103458158671856,1.3395383954048157,0.8981675840914249,3.0,3.0,3.0,3.0,3.0,3.0,3.0,3.0,3.0,3.0,3.0,3.0,3.0,3.0,3.0,3.0,3.0,3.0,3.0,3.0,0.05,0.05,0.05,0.05,0.05,0.05,0.05,0.05,0.05,0.05,0.05,0.05,0.05,0.05,0.05,0.05,0.05,0.05,0.05,0.05,0.0,0.0,0.0,0.0,0.0,0.0,0.0,0.0,0.0,0.0,0.0,0.0,0.0,0.0,0.0,0.0,0.0,0.0,0.0,0.0
0.4958982467651367,0.48197388648986816,0.36490190029144287,0.35503336787223816,0.5759002566337585,-0.06955711543560028,0.7400537729263306,0.34012696146965027,0.9312074184417725,0.00610940670594573,0.9033413529396057,0.4885044991970062,0.95621258020401,-0.04963643476366997,1.0038831233978271,0.5472621917724609,0.9007104635238647,0.00047498103231191635,1.2367032766342163,0.40063995122909546,-0.5603574216365814,0.14845430850982666,-0.06393194198608398,-0.24186521768569946,-0.43737590312957764,0.13492479920387268,-0.6363898515701294,-0.38933679461479187,-0.4241868853569031,-0.03361848648637533,-1.0423973202705383,-0.3314673900604248,-0.433860719203949,-0.12989407405257225,-0.9329989552497864,-0.5880847573280334,-0.5332887172698975,-0.3388647804968059,-0.9282499551773071,-0.799231231212616,3.0,3.0,3.0,3.0,3.0,3.0,3.0,3.0,3.0,3.0,3.0,3.0,3.0,3.0,3.0,3.0,3.0,3.0,3.0,3.0,0.05,0.05,0.05,0.05,0.05,0.05,0.05,0.05,0.05,0.05,0.05,0.05,0.05,0.05,0.05,0.05,0.05,0.05,0.05,0.05,0.0,0.0,0.0,0.0,0.0,0.0,0.0,0.0,0.0,0.0,0.0,0.0,0.0,0.0,0.0,0.0,0.0,0.0,0.0,0.0,0.3583248555660248,0.44482818245887756,0.002740776166319847,-0.04755709320306778,0.5568757653236389,-0.036243945360183716,0.5212142467498779,0.18087469041347504,0.9059432148933411,-0.03811517730355263,0.5219459533691406,0.41665762662887573,0.9710900187492371,0.08314076066017151,0.6760920286178589,0.4386409521102905,0.8067145347595215,0.05541038140654564,1.002962589263916,0.09147283434867859,0.531700998544693,-0.14361068606376648,0.15090262750163674,0.014741625636816025,1.3920783996582031,0.7384086959064007,0.8682683110237122,0.5677971988916397,1.6619697213172913,0.6425545085221529,1.973782479763031,1.1522144079208374,1.671278476715088,0.37190262228250504,1.7098188400268555,1.0163836181163788,1.9365176558494568,0.2029024064540863,1.5784084796905518,1.052381470799446,3.0,3.0,3.0,3.0,3.0,3.0,3.0,3.0,3.0,3.0,3.0,3.0,3.0,3.0,3.0,3.0,3.0,3.0,3.0,3.0,0.05,0.05,0.05,0.05,0.05,0.05,0.05,0.05,0.05,0.05,0.05,0.05,0.05,0.05,0.05,0.05,0.05,0.05,0.05,0.05,0.0,0.0,0.0,0.0,0.0,0.0,0.0,0.0,0.0,0.0,0.0,0.0,0.0,0.0,0.0,0.0,0.0,0.0,0.0,0.0
0.4895767867565155,0.4860879182815552,0.36321792006492615,0.34873437881469727,0.5680240392684937,-0.06664834171533585,0.728082001209259,0.33313554525375366,0.9241558313369751,0.005268567707389593,0.88581782579422,0.4839356541633606,0.9483256340026855,-0.05264326184988022,0.9875293374061584,0.5372385382652283,0.8915841579437256,-0.00785683561116457,1.2207913398742676,0.38678574562072754,-0.2461552619934082,0.13872385025024414,-0.06479918956756592,-0.35713091492652893,-0.32946616411209106,0.10276436805725098,-0.5275726318359375,-0.30090510845184326,-0.2818867564201355,-0.04192390479147434,-0.7486209273338318,-0.1702830195426941,-0.3093451261520386,-0.1269758678972721,-0.7121056318283081,-0.43954700231552124,-0.38942843675613403,-0.37444184999912977,-0.707504153251648,-0.6196558475494385,3.0,3.0,3.0,3.0,3.0,3.0,3.0,3.0,3.0,3.0,3.0,3.0,3.0,3.0,3.0,3.0,3.0,3.0,3.0,3.0,0.05,0.05,0.05,0.05,0.05,0.05,0.05,0.05,0.05,0.05,0.05,0.05,0.05,0.05,0.05,0.05,0.05,0.05,0.05,0.05,0.0,0.0,0.0,0.0,0.0,0.0,0.0,0.0,0.0,0.0,0.0,0.0,0.0,0.0,0.0,0.0,0.0,0.0,0.0,0.0,0.37057268619537354,0.44010230898857117,0.010249819606542587,-0.04673995450139046,0.5871129631996155,-0.019278429448604584,0.5426121354103088,0.19442594051361084,0.9417989253997803,-0.024502666667103767,0.5638887286186218,0.44093388319015503,1.0069866180419922,0.09025934338569641,0.7123435735702515,0.4599373936653137,0.8456627726554871,0.059665530920028687,1.0355843305587769,0.11344137042760849,0.6120771169662476,-0.2793997526168823,0.6267821881920099,0.07600812241435051,1.6751155257225037,0.9277703706175089,1.2725144624710083,0.780867412686348,1.9137129187583923,0.6953363539651036,2.2211939096450806,1.2803301215171814,1.8533870577812195,0.3267904743552208,1.895129680633545,1.1084794998168945,1.9984200596809387,0.19890489056706429,1.7077594995498657,1.1525772511959076,3.0,3.0,3.0,3.0,3.0,3.0,3.0,3.0,3.0,3.0,3.0,3.0,3.0,3.0,3.0,3.0,3.0,3.0,3.0,3.0,0.05,0.05,0.05,0.05,0.05,0.05,0.05,0.05,0.05,0.05,0.05,0.05,0.05,0.05,0.05,0.05,0.05,0.05,0.05,0.05,0.0,0.0,0.0,0.0,0.0,0.0,0.0,0.0,0.0,0.0,0.0,0.0,0.0,0.0,0.0,0.0,0.0,0.0,0.0,0.0
0.4860520362854004,0.48752284049987793,0.36230993270874023,0.340748131275177,0.5627216100692749,-0.06544654071331024,0.7189508676528931,0.32809075713157654,0.919931948184967,0.0044324505142867565,0.8733965158462524,0.48169317841529846,0.9438387751579285,-0.05471546947956085,0.9753988981246948,0.5296803116798401,0.8851333260536194,-0.014502692967653275,1.2084031105041504,0.3758537173271179,-0.04917234182357788,0.07587969303131104,-0.13234764337539673,-0.4096962511539459,-0.22336989641189575,0.02491939812898636,-0.4063040018081665,-0.21219849586486816,-0.15830248594284058,-0.08169097709469497,-0.5019202828407288,-0.05199015140533447,-0.11584311723709106,-0.12662401422858238,-0.5153089761734009,-0.33825188875198364,-0.19738376140594482,-0.3327687969431281,-0.5210816860198975,-0.48569217324256897,3.0,3.0,3.0,3.0,3.0,3.0,3.0,3.0,3.0,3.0,3.0,3.0,3.0,3.0,3.0,3.0,3.0,3.0,3.0,3.0,0.05,0.05,0.05,0.05,0.05,0.05,0.05,0.05,0.05,0.05,0.05,0.05,0.05,0.05,0.05,0.05,0.05,0.05,0.05,0.05,0.0,0.0,0.0,0.0,0.0,0.0,0.0,0.0,0.0,0.0,0.0,0.0,0.0,0.0,0.0,0.0,0.0,0.0,0.0,0.0,0.3828079402446747,0.43365219235420227,0.027812063694000244,-0.04451676830649376,0.6238803863525391,0.0008668694645166397,0.5721148252487183,0.21210938692092896,0.9824917316436768,-0.010301723144948483,0.6107937097549438,0.467870831489563,1.0452255010604858,0.09621237963438034,0.7518972158432007,0.4829801321029663,0.886651337146759,0.06336657702922821,1.0712729692459106,0.1375759243965149,0.5993880331516266,-0.32910481095314026,1.144234649837017,0.13506589457392693,1.8881633877754211,1.0005290154367685,1.6082614660263062,0.9568657726049423,2.078893780708313,0.7097204681485891,2.43394672870636,1.3995654881000519,1.9419819116592407,0.27167778462171555,2.0713821053504944,1.1992305517196655,2.0706698298454285,0.1834111288189888,1.8607914447784424,1.2595513835549355,3.0,3.0,3.0,3.0,3.0,3.0,3.0,3.0,3.0,3.0,3.0,3.0,3.0,3.0,3.0,3.0,3.0,3.0,3.0,3.0,0.05,0.05,0.05,0.05,0.05,0.05,0.05,0.05,0.05,0.05,0.05,0.05,0.05,0.05,0.05,0.05,0.05,0.05,0.05,0.05,0.0,0.0,0.0,0.0,0.0,0.0,0.0,0.0,0.0,0.0,0.0,0.0,0.0,0.0,0.0,0.0,0.0,0.0,0.0,0.0
0.4876098930835724,0.4891231060028076,0.3579240143299103,0.33234652876853943,0.5590892434120178,-0.06565156579017639,0.7118298411369324,0.32464760541915894,0.9178237318992615,0.0020009286236017942,0.8657410144805908,0.4818560481071472,0.9436919093132019,-0.057708222419023514,0.9669169783592224,0.5237084627151489,0.8836888074874878,-0.021167587488889694,1.1999480724334717,0.3673580586910248,0.22343024611473083,0.08839815855026245,-0.2056695520877838,-0.452374666929245,-0.15878379344940186,-0.019952282309532166,-0.32064467668533325,-0.14236792922019958,-0.0677943229675293,-0.13694613007828593,-0.2695158123970032,0.06298869848251343,0.03337264060974121,-0.16454216092824936,-0.3619834780693054,-0.2773955464363098,-0.01618415117263794,-0.37396661937236786,-0.3532201051712036,-0.380021333694458,3.0,3.0,3.0,3.0,3.0,3.0,3.0,3.0,3.0,3.0,3.0,3.0,3.0,3.0,3.0,3.0,3.0,3.0,3.0,3.0,0.05,0.05,0.05,0.05,0.05,0.05,0.05,0.05,0.05,0.05,0.05,0.05,0.05,0.05,0.05,0.05,0.05,0.05,0.05,0.05,0.0,0.0,0.0,0.0,0.0,0.0,0.0,0.0,0.0,0.0,0.0,0.0,0.0,0.0,0.0,0.0,0.0,0.0,0.0,0.0,0.3945482075214386,0.42693811655044556,0.05601920560002327,-0.04133731871843338,0.6626394987106323,0.020742731168866158,0.6069425940513611,0.23270057141780853,1.0249546766281128,0.003886152058839798,0.6612465977668762,0.4969165027141571,1.0846658945083618,0.10112645477056503,0.7951988577842712,0.5079066157341003,0.9284895658493042,0.06700197607278824,1.1100159883499146,0.1638234257698059,0.5317248404026031,-0.3650471568107605,1.5539702028036118,0.17022695392370224,1.9808083772659302,0.9812766220420599,1.868283748626709,1.1019058525562286,2.111619710922241,0.6936854450032115,2.604195475578308,1.507943868637085,1.9581466913223267,0.21734479814767838,2.248118817806244,1.2858882546424866,2.058449387550354,0.17706472426652908,1.985323429107666,1.3472732156515121,3.0,3.0,3.0,3.0,3.0,3.0,3.0,3.0,3.0,3.0,3.0,3.0,3.0,3.0,3.0,3.0,3.0,3.0,3.0,3.0,0.05,0.05,0.05,0.05,0.05,0.05,0.05,0.05,0.05,0.05,0.05,0.05,0.05,0.05,0.05,0.05,0.05,0.05,0.05,0.05,0.0,0.0,0.0,0.0,0.0,0.0,0.0,0.0,0.0,0.0,0.0,0.0,0.0,0.0,0.0,0.0,0.0,0.0,0.0,0.0
0.4949892461299896,0.4910587668418884,0.3540831506252289,0.3226531445980072,0.5563702583312988,-0.06624463200569153,0.7061250805854797,0.32239603996276855,0.9172201752662659,-0.0010453946888446808,0.8626158833503723,0.484212726354599,0.9451736807823181,-0.061297155916690826,0.9609195590019226,0.5185844898223877,0.8844859600067139,-0.02946135774254799,1.1942743062973022,0.3606528639793396,0.3131486475467682,-0.02623721957206726,-0.1118876039981842,-0.40424540638923645,-0.0515669584274292,-0.08460339158773422,-0.21494776010513306,-0.07131397724151611,0.04183948040008545,-0.12954777921549976,-0.09636580944061279,0.1332588493824005,0.16491562128067017,-0.11707823723554611,-0.24838149547576904,-0.2544879913330078,0.083102285861969,-0.3135017119348049,-0.2455294132232666,-0.30206963419914246,3.0,3.0,3.0,3.0,3.0,3.0,3.0,3.0,3.0,3.0,3.0,3.0,3.0,3.0,3.0,3.0,3.0,3.0,3.0,3.0,0.05,0.05,0.05,0.05,0.05,0.05,0.05,0.05,0.05,0.05,0.05,0.05,0.05,0.05,0.05,0.05,0.05,0.05,0.05,0.05,0.0,0.0,0.0,0.0,0.0,0.0,0.0,0.0,0.0,0.0,0.0,0.0,0.0,0.0,0.0,0.0,0.0,0.0,0.0,0.0,0.4040769338607788,0.41905030608177185,0.08997087180614471,-0.03770769014954567,0.7031127214431763,0.040117934346199036,0.6468461751937866,0.2561856210231781,1.0669565200805664,0.017445694655179977,0.7149615287780762,0.5281885862350464,1.123551368713379,0.10490617156028748,0.8418219685554504,0.5344156622886658,0.9689893126487732,0.07044916599988937,1.1506859064102173,0.19146685302257538,0.33840835094451904,-0.4937604069709778,1.6339289955794811,0.18943212926387787,2.090694010257721,1.0386306326836348,2.082057297229767,1.2231018394231796,2.1219372749328613,0.6151731126010418,2.7525827288627625,1.6095452010631561,1.9148468971252441,0.09606350213289261,2.359284460544586,1.3393491506576538,1.985865831375122,0.08059628307819366,2.0411163568496704,1.3949327170848846,3.0,3.0,3.0,3.0,3.0,3.0,3.0,3.0,3.0,3.0,3.0,3.0,3.0,3.0,3.0,3.0,3.0,3.0,3.0,3.0,0.05,0.05,0.05,0.05,0.05,0.05,0.05,0.05,0.05,0.05,0.05,0.05,0.05,0.05,0.05,0.05,0.05,0.05,0.05,0.05,0.0,0.0,0.0,0.0,0.0,0.0,0.0,0.0,0.0,0.0,0.0,0.0,0.0,0.0,0.0,0.0,0.0,0.0,0.0,0.0
0.5001358389854431,0.4880736172199249,0.3534485101699829,0.31617671251296997,0.5570265650749207,-0.06903570145368576,0.703231930732727,0.3217950463294983,0.9194973111152649,-0.003180982545018196,0.8618863821029663,0.48718640208244324,0.9502885341644287,-0.06239135190844536,0.9569817185401917,0.5135289430618286,0.8870128989219666,-0.03370765596628189,1.190126895904541,0.3552752733230591,0.33823326230049133,-0.10529309511184692,-0.03646537661552429,-0.29587671160697937,0.10596513748168945,-0.12712422758340836,-0.07589161396026611,0.0010013580322265625,0.2087026834487915,-0.124159618280828,0.07406175136566162,0.1848757266998291,0.36488473415374756,-0.06342772394418716,-0.10016858577728271,-0.22122114896774292,0.26248395442962646,-0.20525697618722916,-0.07774531841278076,-0.19707903265953064,3.0,3.0,3.0,3.0,3.0,3.0,3.0,3.0,3.0,3.0,3.0,3.0,3.0,3.0,3.0,3.0,3.0,3.0,3.0,3.0,0.05,0.05,0.05,0.05,0.05,0.05,0.05,0.05,0.05,0.05,0.05,0.05,0.05,0.05,0.05,0.05,0.05,0.05,0.05,0.05,0.0,0.0,0.0,0.0,0.0,0.0,0.0,0.0,0.0,0.0,0.0,0.0,0.0,0.0,0.0,0.0,0.0,0.0,0.0,0.0,0.40808454155921936,0.40718770027160645,0.12137636542320251,-0.033760033547878265,0.7462672591209412,0.06228795647621155,0.6902248859405518,0.2816246449947357,1.1098321676254272,0.02849307656288147,0.7713499069213867,0.5612983107566833,1.1612597703933716,0.10496899485588074,0.8895702362060547,0.5614805817604065,1.007924199104309,0.07022582739591599,1.1916606426239014,0.2196207344532013,0.1970350742340088,-0.45147091150283813,1.495933160185814,0.1994522288441658,1.9140735268592834,0.9599585086107254,2.2669658064842224,1.3771496713161469,1.9522875547409058,0.49476660788059235,2.865663170814514,1.7041981220245361,1.681545376777649,-0.02484060823917389,2.488456666469574,1.3948947191238403,1.857079565525055,-0.040636397898197174,2.153897285461426,1.4974240213632584,3.0,3.0,3.0,3.0,3.0,3.0,3.0,3.0,3.0,3.0,3.0,3.0,3.0,3.0,3.0,3.0,3.0,3.0,3.0,3.0,0.05,0.05,0.05,0.05,0.05,0.05,0.05,0.05,0.05,0.05,0.05,0.05,0.05,0.05,0.05,0.05,0.05,0.05,0.05,0.05,0.0,0.0,0.0,0.0,0.0,0.0,0.0,0.0,0.0,0.0,0.0,0.0,0.0,0.0,0.0,0.0,0.0,0.0,0.0,0.0
0.5085185766220093,0.48684704303741455,0.3526245355606079,0.310818076133728,0.5606088638305664,-0.07132960110902786,0.7030894160270691,0.3224360942840576,0.9255682826042175,-0.006011779420077801,0.8655783534049988,0.49160775542259216,0.959769070148468,-0.06383426487445831,0.9569128155708313,0.509735643863678,0.8949853181838989,-0.037671636790037155,1.191164493560791,0.3527697026729584,0.47612637281417847,-0.11165589094161987,-0.037354975938797,-0.15508010983467102,0.22620558738708496,-0.13521220535039902,0.04296451807022095,0.05557537078857422,0.33816397190093994,-0.1512911170721054,0.2949222922325134,0.2611204981803894,0.5350559949874878,-0.07513901218771935,0.08740276098251343,-0.16041845083236694,0.4711538553237915,-0.18195854499936104,0.15462040901184082,-0.05900859832763672,3.0,3.0,3.0,3.0,3.0,3.0,3.0,3.0,3.0,3.0,3.0,3.0,3.0,3.0,3.0,3.0,3.0,3.0,3.0,3.0,0.05,0.05,0.05,0.05,0.05,0.05,0.05,0.05,0.05,0.05,0.05,0.05,0.05,0.05,0.05,0.05,0.05,0.05,0.05,0.05,0.0,0.0,0.0,0.0,0.0,0.0,0.0,0.0,0.0,0.0,0.0,0.0,0.0,0.0,0.0,0.0,0.0,0.0,0.0,0.0,0.41195833683013916,0.4009914696216583,0.14980819821357727,-0.029729600995779037,0.7796756625175476,0.07851627469062805,0.7375248074531555,0.311271607875824,1.1450480222702026,0.03723635897040367,0.8295880556106567,0.5963565111160278,1.1908131837844849,0.10391254723072052,0.9413602352142334,0.5902114510536194,1.0432724952697754,0.06882371008396149,1.2368417978286743,0.2513638138771057,0.24443566799163818,-0.2595879137516022,1.2966886162757874,0.20188214257359505,1.633027195930481,0.7775511592626572,2.3743048310279846,1.5046432614326477,1.609945297241211,0.37328070029616356,2.8268709778785706,1.6971558332443237,1.379537582397461,-0.13341587036848068,2.551005780696869,1.3853520154953003,1.5604019165039062,-0.1382961869239807,2.1636605262756348,1.5486277639865875,3.0,3.0,3.0,3.0,3.0,3.0,3.0,3.0,3.0,3.0,3.0,3.0,3.0,3.0,3.0,3.0,3.0,3.0,3.0,3.0,0.05,0.05,0.05,0.05,0.05,0.05,0.05,0.05,0.05,0.05,0.05,0.05,0.05,0.05,0.05,0.05,0.05,0.05,0.05,0.05,0.0,0.0,0.0,0.0,0.0,0.0,0.0,0.0,0.0,0.0,0.0,0.0,0.0,0.0,0.0,0.0,0.0,0.0,0.0,0.0
0.5191808938980103,0.48360738158226013,0.35195431113243103,0.30997350811958313,0.566074788570404,-0.07444418966770172,0.7049505114555359,0.32401806116104126,0.9330238699913025,-0.009232627227902412,0.8736832737922668,0.4976312220096588,0.9716907739639282,-0.06539691239595413,0.9604778289794922,0.5071122050285339,0.9058590531349182,-0.04098599776625633,1.1963117122650146,0.3529149293899536,0.6169602274894714,-0.15661269426345825,-0.032535940408706665,0.06292760372161865,0.3504708409309387,-0.13211853802204132,0.17878562211990356,0.11521577835083008,0.4059016704559326,-0.13734628446400166,0.5194991827011108,0.3295905888080597,0.6177321076393127,-0.02815648913383484,0.2869725227355957,-0.10439306497573853,0.5813702940940857,-0.10281279683113098,0.35010576248168945,0.06812959909439087,3.0,3.0,3.0,3.0,3.0,3.0,3.0,3.0,3.0,3.0,3.0,3.0,3.0,3.0,3.0,3.0,3.0,3.0,3.0,3.0,0.05,0.05,0.05,0.05,0.05,0.05,0.05,0.05,0.05,0.05,0.05,0.05,0.05,0.05,0.05,0.05,0.05,0.05,0.05,0.05,0.0,0.0,0.0,0.0,0.0,0.0,0.0,0.0,0.0,0.0,0.0,0.0,0.0,0.0,0.0,0.0,0.0,0.0,0.0,0.0,0.4178619682788849,0.39680418372154236,0.173243910074234,-0.025684747844934464,0.8115883469581604,0.09339000284671783,0.7851970791816711,0.3418103754520416,1.1742299795150757,0.04342430457472801,0.8844247460365295,0.6291845440864563,1.21644127368927,0.09963236004114151,0.9916104674339294,0.6168946623802185,1.0703402757644653,0.06469397991895676,1.2782070636749268,0.2815658450126648,0.26807859539985657,-0.2147682011127472,1.068471372127533,0.19447822123765945,1.5744492411613464,0.7070282474160194,2.290739119052887,1.4805227518081665,1.33991539478302,0.24492591619491577,2.5707215070724487,1.5318304300308228,1.155543327331543,-0.267050601541996,2.3628413677215576,1.2352675199508667,1.2127846479415894,-0.2877919003367424,1.9400447607040405,1.4451183378696442,3.0,3.0,3.0,3.0,3.0,3.0,3.0,3.0,3.0,3.0,3.0,3.0,3.0,3.0,3.0,3.0,3.0,3.0,3.0,3.0,0.05,0.05,0.05,0.05,0.05,0.05,0.05,0.05,0.05,0.05,0.05,0.05,0.05,0.05,0.05,0.05,0.05,0.05,0.05,0.05,0.0,0.0,0.0,0.0,0.0,0.0,0.0,0.0,0.0,0.0,0.0,0.0,0.0,0.0,0.0,0.0,0.0,0.0,0.0,0.0
0.5331969857215881,0.4805825352668762,0.35132309794425964,0.3133351802825928,0.574627697467804,-0.07661434262990952,0.7102408409118652,0.3270447254180908,0.9418043494224548,-0.011505630798637867,0.8863583207130432,0.5047913789749146,0.9844783544540405,-0.0649605244398117,0.9683917164802551,0.5055599212646484,0.9182401299476624,-0.041784148663282394,1.2051687240600586,0.355494886636734,0.7370486855506897,-0.15837997198104858,-0.031988322734832764,0.26576220989227295,0.4394054412841797,-0.0797569751739502,0.31261295080184937,0.16822293400764465,0.4923909902572632,-0.08970636408776045,0.7202297449111938,0.37905797362327576,0.7057100534439087,0.02679787576198578,0.5188837647438049,-0.020629167556762695,0.7126167416572571,-0.01849588006734848,0.5616694688796997,0.1978561282157898,3.0,3.0,3.0,3.0,3.0,3.0,3.0,3.0,3.0,3.0,3.0,3.0,3.0,3.0,3.0,3.0,3.0,3.0,3.0,3.0,0.05,0.05,0.05,0.05,0.05,0.05,0.05,0.05,0.05,0.05,0.05,0.05,0.05,0.05,0.05,0.05,0.05,0.05,0.05,0.05,0.0,0.0,0.0,0.0,0.0,0.0,0.0,0.0,0.0,0.0,0.0,0.0,0.0,0.0,0.0,0.0,0.0,0.0,0.0,0.0,0.4226814806461334,0.39240074157714844,0.1925470530986786,-0.02195047214627266,0.8426536321640015,0.10679740458726883,0.829154372215271,0.37049251794815063,1.1986446380615234,0.0470333956182003,0.9324169158935547,0.6576297283172607,1.2370349168777466,0.09323052316904068,1.0358738899230957,0.639622151851654,1.091783881187439,0.05731203407049179,1.314443588256836,0.3091685473918915,0.2493344247341156,-0.14605820178985596,0.8656229823827744,0.175459124147892,1.4829173684120178,0.5909781903028488,2.0760536193847656,1.3724401593208313,1.119399070739746,0.14283526688814163,2.2188037633895874,1.3018891215324402,0.9107053279876709,-0.3170439973473549,2.0522668957710266,1.0267943143844604,0.9513378143310547,-0.37273019552230835,1.679512858390808,1.3028547167778015,3.0,3.0,3.0,3.0,3.0,3.0,3.0,3.0,3.0,3.0,3.0,3.0,3.0,3.0,3.0,3.0,3.0,3.0,3.0,3.0,0.05,0.05,0.05,0.05,0.05,0.05,0.05,0.05,0.05,0.05,0.05,0.05,0.05,0.05,0.05,0.05,0.05,0.05,0.05,0.05,0.0,0.0,0.0,0.0,0.0,0.0,0.0,0.0,0.0,0.0,0.0,0.0,0.0,0.0,0.0,0.0,0.0,0.0,0.0,0.0
0.5486628413200378,0.4772721827030182,0.3506747782230377,0.32060399651527405,0.5836510062217712,-0.07763446867465973,0.7174550294876099,0.33074697852134705,0.952719509601593,-0.01282088179141283,0.9024924635887146,0.5127935409545898,0.9999191761016846,-0.0643249973654747,0.9812331795692444,0.5062870383262634,0.9343637228012085,-0.04172583296895027,1.2187784910202026,0.3608291745185852,0.7723182439803911,-0.27754753828047873,0.01798793673515181,0.4072748124599346,0.46883076429365955,-0.14954581856727045,0.3447487950324929,0.17125010490417064,0.5099028348922591,-0.12256258632987295,0.8592829108238026,0.4262894392013439,0.7356941699981523,-0.014611706137655084,0.7227644324302479,0.0951930880546542,0.7567003369331193,-0.02778256312012499,0.7428407669067161,0.33965855836867315,3.0,3.0,3.0,3.0,3.0,3.0,3.0,3.0,3.0,3.0,3.0,3.0,3.0,3.0,3.0,3.0,3.0,3.0,3.0,3.0,0.05,0.05,0.05,0.05,0.05,0.05,0.05,0.05,0.05,0.05,0.05,0.05,0.05,0.05,0.05,0.05,0.05,0.05,0.05,0.05,0.0,0.0,0.0,0.0,0.0,0.0,0.0,0.0,0.0,0.0,0.0,0.0,0.0,0.0,0.0,0.0,0.0,0.0,0.0,0.0,0.4278353452682495,0.3909618556499481,0.20786882936954498,-0.018666382879018784,0.8709050416946411,0.11702913045883179,0.8682392239570618,0.3967079818248749,1.2190059423446655,0.04913771525025368,0.973176896572113,0.6812601089477539,1.2528694868087769,0.08695060014724731,1.0737011432647705,0.6579664349555969,1.1083937883377075,0.04978477209806442,1.345387578010559,0.33368003368377686,0.2395279705524389,-0.054224580526353316,0.6716456264257327,0.1490593887865518,1.3351798057555901,0.46234782785176465,1.8302604556083346,1.249703019857383,0.9059965610504039,0.08245892822742462,1.8790662288665438,1.079511642456038,0.6874233484268133,-0.3047611564397746,1.7498373985290194,0.8232831954955916,0.7158964872360118,-0.36969520151614327,1.4226287603378018,1.1460326611995488,3.0,3.0,3.0,3.0,3.0,3.0,3.0,3.0,3.0,3.0,3.0,3.0,3.0,3.0,3.0,3.0,3.0,3.0,3.0,3.0,0.05,0.05,0.05,0.05,0.05,0.05,0.05,0.05,0.05,0.05,0.05,0.05,0.05,0.05,0.05,0.05,0.05,0.05,0.05,0.05,0.0,0.0,0.0,0.0,0.0,0.0,0.0,0.0,0.0,0.0,0.0,0.0,0.0,0.0,0.0,0.0,0.0,0.0,0.0,0.0
0.5640897154808038,0.46948063373565707,0.3520426154136657,0.32962617278099016,0.5933809280395503,-0.08259617537260033,0.724030792713165,0.33389472961425765,0.9622004628181452,-0.016408134251832785,0.9207296371459953,0.5218429565429683,1.0139061212539666,-0.06554499268531791,0.997302293777465,0.5093676447868346,0.9485081434249871,-0.042895451188087394,1.2348823547363272,0.36908122897148093,0.7771044969558716,-0.38453638553619385,0.06236359477043152,0.5298569798469543,0.5239754915237427,-0.24911295622587204,0.35160332918167114,0.16318336129188538,0.5343541502952576,-0.20488665904849768,0.938771665096283,0.4591315984725952,0.6991147994995117,-0.10017957538366318,0.8649721741676331,0.2014651894569397,0.7338210940361023,-0.09459862485527992,0.8420050144195557,0.4516430199146271,3.0,3.0,3.0,3.0,3.0,3.0,3.0,3.0,3.0,3.0,3.0,3.0,3.0,3.0,3.0,3.0,3.0,3.0,3.0,3.0,0.05,0.05,0.05,0.05,0.05,0.05,0.05,0.05,0.05,0.05,0.05,0.05,0.05,0.05,0.05,0.05,0.05,0.05,0.05,0.05,0.0,0.0,0.0,0.0,0.0,0.0,0.0,0.0,0.0,0.0,0.0,0.0,0.0,0.0,0.0,0.0,0.0,0.0,0.0,0.0,0.432262599468231,0.3902317583560943,0.2194128781557079,-0.015988096594810586,0.8960608243942251,0.12529131770133942,0.9023647904396044,0.42048063874244596,1.2348845005035396,0.05033175274729729,1.0075795650482164,0.7008101940155023,1.2645318508148191,0.0810400769114497,1.1058673858642565,0.6725534796714777,1.1204197406768794,0.04252422600984606,1.371348738670348,0.35500985383987343,0.21738633513450623,0.008480250835418701,0.47916844487190247,0.11650873348116875,1.1149078607559204,0.32850243151187897,1.5240803360939026,1.0860800743103027,0.6362378597259521,0.00819321721792221,1.4756247401237488,0.8250653743743896,0.413396954536438,-0.29193758964538574,1.3909697532653809,0.60291588306427,0.44633448123931885,-0.37032216787338257,1.1101722717285156,0.9487733244895935,3.0,3.0,3.0,3.0,3.0,3.0,3.0,3.0,3.0,3.0,3.0,3.0,3.0,3.0,3.0,3.0,3.0,3.0,3.0,3.0,0.05,0.05,0.05,0.05,0.05,0.05,0.05,0.05,0.05,0.05,0.05,0.05,0.05,0.05,0.05,0.05,0.05,0.05,0.05,0.05,0.0,0.0,0.0,0.0,0.0,0.0,0.0,0.0,0.0,0.0,0.0,0.0,0.0,0.0,0.0,0.0,0.0,0.0,0.0,0.0
0.5797470211982727,0.46189072728157043,0.353169322013855,0.3417982757091522,0.604610025882721,-0.08759898692369461,0.7315191626548767,0.33727431297302246,0.9740936756134033,-0.021016348153352737,0.9400433301925659,0.5311588048934937,1.027883768081665,-0.06833218038082123,1.0158320665359497,0.514345645904541,0.9637165665626526,-0.04550977796316147,1.2524586915969849,0.3788948953151703,0.8142247796058655,-0.43711960315704207,0.05155280232429643,0.676280260086054,0.5592316389083862,-0.2542877569794658,0.37558227777481357,0.16661956906318665,0.5870580673217801,-0.22081262432038776,0.9959504008293124,0.4868581891059848,0.6737709045410156,-0.13185292482376063,1.008659601211545,0.31311810016631525,0.769941508769989,-0.11076182126998987,0.9255945682525635,0.5457915365695911,3.0,3.0,3.0,3.0,3.0,3.0,3.0,3.0,3.0,3.0,3.0,3.0,3.0,3.0,3.0,3.0,3.0,3.0,3.0,3.0,0.05,0.05,0.05,0.05,0.05,0.05,0.05,0.05,0.05,0.05,0.05,0.05,0.05,0.05,0.05,0.05,0.05,0.05,0.05,0.05,0.0,0.0,0.0,0.0,0.0,0.0,0.0,0.0,0.0,0.0,0.0,0.0,0.0,0.0,0.0,0.0,0.0,0.0,0.0,0.0,0.43653079867362976,0.39130106568336487,0.22703556716442108,-0.014006033539772034,0.9155013561248779,0.13016922771930695,0.9292024374008179,0.440151184797287,1.2444554567337036,0.049465443938970566,1.032201886177063,0.7142627239227295,1.2694053649902344,0.07527309656143188,1.1293399333953857,0.6820830702781677,1.1262471675872803,0.03497188538312912,1.3897944688796997,0.3716309666633606,0.1614741981029552,0.05173832178115845,0.27892999351025666,0.08107849862426697,0.8223488926887651,0.20002648234367995,1.1669367551803755,0.8804023265838706,0.3700852394104115,-0.06651002913713247,1.022785902023332,0.5408003926277272,0.1041859388351496,-0.25111827999353686,0.9729355573654397,0.3668963909149281,0.13532638549806353,-0.36473777145147435,0.7439136505127175,0.715613365173351,3.0,3.0,3.0,3.0,3.0,3.0,3.0,3.0,3.0,3.0,3.0,3.0,3.0,3.0,3.0,3.0,3.0,3.0,3.0,3.0,0.05,0.05,0.05,0.05,0.05,0.05,0.05,0.05,0.05,0.05,0.05,0.05,0.05,0.05,0.05,0.05,0.05,0.05,0.05,0.05,0.0,0.0,0.0,0.0,0.0,0.0,0.0,0.0,0.0,0.0,0.0,0.0,0.0,0.0,0.0,0.0,0.0,0.0,0.0,0.0
0.5966587066650384,0.4519958496093754,0.3541047275066376,0.3566773831844323,0.6157501935958858,-0.09276768565177897,0.7390540838241575,0.3405595123767851,0.9856827855110164,-0.025240639224648295,0.9605676531791678,0.5413172841072077,1.0408569574356072,-0.07081910967826834,1.0376486778259268,0.5218923687934872,0.9793058037757867,-0.04732592403888699,1.2719061374664298,0.3909128904342646,0.8714109659194946,-0.4678182303905487,0.08684024214744568,0.7338792085647583,0.5649566650390625,-0.24921167641878128,0.36216527223587036,0.15566721558570862,0.578463077545166,-0.2024390734732151,1.0428354144096375,0.5296036601066589,0.6418138742446899,-0.11200644075870514,1.1427223682403564,0.43540894985198975,0.7567748427391052,-0.057564396411180496,1.0025113821029663,0.6454721093177795,3.0,3.0,3.0,3.0,3.0,3.0,3.0,3.0,3.0,3.0,3.0,3.0,3.0,3.0,3.0,3.0,3.0,3.0,3.0,3.0,0.05,0.05,0.05,0.05,0.05,0.05,0.05,0.05,0.05,0.05,0.05,0.05,0.05,0.05,0.05,0.05,0.05,0.05,0.05,0.05,0.0,0.0,0.0,0.0,0.0,0.0,0.0,0.0,0.0,0.0,0.0,0.0,0.0,0.0,0.0,0.0,0.0,0.0,0.0,0.0,0.4387215673923492,0.39230129122734064,0.23057007789611816,-0.012744956649839908,0.9289547801017757,0.13329237699508661,0.9490422606468194,0.4556967318058008,1.249687910079956,0.04767135158181199,1.0484910011291497,0.7224422097206114,1.268699288368225,0.07099534571170822,1.144784808158874,0.6872293353080748,1.125832796096802,0.027934715151787085,1.4011052846908567,0.3836343884468075,0.056339800357818604,0.049845874309539795,0.06493888795375824,0.043015158735215664,0.5233630537986755,0.11588148772716522,0.8231475949287415,0.6728015840053558,0.1037299633026123,-0.09414283558726311,0.5955249071121216,0.283050537109375,-0.18916428089141846,-0.18094051629304886,0.5682468414306641,0.15432685613632202,-0.14368295669555664,-0.32201954163610935,0.41469037532806396,0.4973292350769043,3.0,3.0,3.0,3.0,3.0,3.0,3.0,3.0,3.0,3.0,3.0,3.0,3.0,3.0,3.0,3.0,3.0,3.0,3.0,3.0,0.05,0.05,0.05,0.05,0.05,0.05,0.05,0.05,0.05,0.05,0.05,0.05,0.05,0.05,0.05,0.05,0.05,0.05,0.05,0.05,0.0,0.0,0.0,0.0,0.0,0.0,0.0,0.0,0.0,0.0,0.0,0.0,0.0,0.0,0.0,0.0,0.0,0.0,0.0,0.0
0.6146034598350525,0.4431779980659485,0.3566429316997528,0.37115344405174255,0.6272082924842834,-0.09756745398044586,0.7460057735443115,0.3435010015964508,0.99723219871521,-0.02911391109228134,0.9817567467689514,0.55234295129776,1.0535563230514526,-0.07281243801116943,1.061540961265564,0.5317620038986206,0.9939875602722168,-0.04781235381960869,1.2925591468811035,0.40471377968788147,0.927171111106867,-0.47011375427246094,0.09697750210761885,0.7630929350852952,0.5443572998046875,-0.18155556172132803,0.29587894678115845,0.12711435556411882,0.4945769906043951,-0.11914498172700787,1.0936275124549866,0.6074637174606323,0.4789024591446034,-0.022027827799324384,1.2478023767471202,0.5980148911476052,0.612233579158783,0.0615096651017619,1.0768711566924993,0.813099741935723,3.0,3.0,3.0,3.0,3.0,3.0,3.0,3.0,3.0,3.0,3.0,3.0,3.0,3.0,3.0,3.0,3.0,3.0,3.0,3.0,0.05,0.05,0.05,0.05,0.05,0.05,0.05,0.05,0.05,0.05,0.05,0.05,0.05,0.05,0.05,0.05,0.05,0.05,0.05,0.05,0.0,0.0,0.0,0.0,0.0,0.0,0.0,0.0,0.0,0.0,0.0,0.0,0.0,0.0,0.0,0.0,0.0,0.0,0.0,0.0,0.4387843906879425,0.39329490065574646,0.2296331226825714,-0.012285427190363407,0.936435878276825,0.13480448722839355,0.9621283411979675,0.4670632481575012,1.248604655265808,0.04569973051548004,1.0560228824615479,0.7255847454071045,1.2618387937545776,0.06803547590970993,1.1520698070526123,0.6882561445236206,1.120499849319458,0.022091103717684746,1.4063820838928223,0.39152413606643677,0.012467801570893722,0.094596296548842,-0.27409046888349914,0.0058504985645424674,0.1820296049118153,0.019995123147965865,0.4188910126686235,0.4235342144966278,-0.200852751731867,-0.1027379184961338,0.08414983749391869,-0.0346839427947887,-0.4516035318374523,-0.0961616635322609,0.10616481304170367,-0.11297613382338367,-0.42322576045989435,-0.22612870670855748,0.04744231700898327,0.25586411356926936,3.0,3.0,3.0,3.0,3.0,3.0,3.0,3.0,3.0,3.0,3.0,3.0,3.0,3.0,3.0,3.0,3.0,3.0,3.0,3.0,0.05,0.05,0.05,0.05,0.05,0.05,0.05,0.05,0.05,0.05,0.05,0.05,0.05,0.05,0.05,0.05,0.05,0.05,0.05,0.05,0.0,0.0,0.0,0.0,0.0,0.0,0.0,0.0,0.0,0.0,0.0,0.0,0.0,0.0,0.0,0.0,0.0,0.0,0.0,0.0
0.6337455511093131,0.43319129943847695,0.3579838275909423,0.3872011005878441,0.6375244855880733,-0.10002990812063209,0.7508892416954038,0.34564408659934986,1.0054658651351922,-0.03000643849372861,1.0043127536773673,0.565615832805633,1.0600130558013914,-0.07170022279024131,1.0875607728958117,0.5458129644393914,1.003795146942138,-0.04486553743481651,1.3149809837341297,0.4234368801116935,0.9221971035003662,-0.43305158615112305,0.06249770522117615,0.794915109872818,0.47075003385543823,-0.10285153985023499,0.232735276222229,0.11301487684249878,0.4337131977081299,-0.033312197774648666,1.1030003428459167,0.6558552384376526,0.3644227981567383,0.06649885326623917,1.2864023447036743,0.7176131010055542,0.5151301622390747,0.1748966984450817,1.123008131980896,0.9423248469829559,3.0,3.0,3.0,3.0,3.0,3.0,3.0,3.0,3.0,3.0,3.0,3.0,3.0,3.0,3.0,3.0,3.0,3.0,3.0,3.0,0.05,0.05,0.05,0.05,0.05,0.05,0.05,0.05,0.05,0.05,0.05,0.05,0.05,0.05,0.05,0.05,0.05,0.05,0.05,0.05,0.0,0.0,0.0,0.0,0.0,0.0,0.0,0.0,0.0,0.0,0.0,0.0,0.0,0.0,0.0,0.0,0.0,0.0,0.0,0.0,0.43922027945518494,0.3960851430892943,0.2196064591407782,-0.012510936707258209,0.9362359642982483,0.13409218192100525,0.9657979011535643,0.4726381003856659,1.2416538000106814,0.043561834841966636,1.0518569946289065,0.7210548520088198,1.250635147094727,0.06714887917041779,1.1490314006805422,0.6827102899551395,1.1089037656784062,0.018889566883444786,1.403002977371216,0.39386895298957825,0.010754168033599854,0.1520805060863495,-0.7921136915683746,-0.024832249619066715,-0.12113749980926514,0.007752701640129089,-0.03174543380737305,0.11016130447387695,-0.3692924976348877,-0.05609095096588135,-0.4822671413421631,-0.43260008096694946,-0.6118834018707275,0.054298900067806244,-0.4527658224105835,-0.4847601056098938,-0.6114363670349121,-0.06842543371021748,-0.3928333520889282,-0.053513795137405396,3.0,3.0,3.0,3.0,3.0,3.0,3.0,3.0,3.0,3.0,3.0,3.0,3.0,3.0,3.0,3.0,3.0,3.0,3.0,3.0,0.05,0.05,0.05,0.05,0.05,0.05,0.05,0.05,0.05,0.05,0.05,0.05,0.05,0.05,0.05,0.05,0.05,0.05,0.05,0.05,0.0,0.0,0.0,0.0,0.0,0.0,0.0,0.0,0.0,0.0,0.0,0.0,0.0,0.0,0.0,0.0,0.0,0.0,0.0,0.0
0.6514913439750671,0.42585593461990356,0.35914283990859985,0.4029500484466553,0.646038293838501,-0.10168151557445526,0.7553151845932007,0.34802159667015076,1.0145807266235352,-0.030446399003267288,1.025876760482788,0.5785771608352661,1.0681332349777222,-0.07015248388051987,1.112997055053711,0.5604665279388428,1.0145927667617798,-0.04081648588180542,1.3374794721603394,0.4424067735671997,0.9064480662346108,-0.3658823668956854,0.06516054272651811,0.7735110819339932,0.3520280122757069,-0.01579243689775675,0.19799619913101751,0.12228637933731357,0.42054653167726275,0.04816721193492343,1.0814338922500832,0.6529092788696428,0.34703016281128485,0.1459470018744486,1.2568026781082486,0.778342783451097,0.4718840122223067,0.28592860326171304,1.1091411113739291,0.9897291660309046,3.0,3.0,3.0,3.0,3.0,3.0,3.0,3.0,3.0,3.0,3.0,3.0,3.0,3.0,3.0,3.0,3.0,3.0,3.0,3.0,0.05,0.05,0.05,0.05,0.05,0.05,0.05,0.05,0.05,0.05,0.05,0.05,0.05,0.05,0.05,0.05,0.05,0.05,0.05,0.05,0.0,0.0,0.0,0.0,0.0,0.0,0.0,0.0,0.0,0.0,0.0,0.0,0.0,0.0,0.0,0.0,0.0,0.0,0.0,0.0,0.4392145574092865,0.39937812089920044,0.19794857501983643,-0.013278717175126076,0.9315903782844543,0.13511459529399872,0.9608585238456726,0.4714697003364563,1.2338329553604126,0.04345609247684479,1.0367321968078613,0.7082807421684265,1.2373634576797485,0.07020743191242218,1.133959174156189,0.6688657402992249,1.0960423946380615,0.019354086369276047,1.3906687498092651,0.38938358426094055,-0.13687610626220703,0.13002455234527865,-1.1655837297439728,-0.05042818374931851,-0.39441585540771484,0.048135966062545776,-0.35787522792815885,-0.1359999179840088,-0.5329102277755793,-0.04308708012104052,-0.8862435817718561,-0.698257982730871,-0.8000224828720204,0.1210920512676239,-0.897315144538885,-0.7530808448791587,-0.8245855569839589,0.01149401068687439,-0.7797598838806208,-0.3310203552246094,3.0,3.0,3.0,3.0,3.0,3.0,3.0,3.0,3.0,3.0,3.0,3.0,3.0,3.0,3.0,3.0,3.0,3.0,3.0,3.0,0.05,0.05,0.05,0.05,0.05,0.05,0.05,0.05,0.05,0.05,0.05,0.05,0.05,0.05,0.05,0.05,0.05,0.05,0.05,0.05,0.0,0.0,0.0,0.0,0.0,0.0,0.0,0.0,0.0,0.0,0.0,0.0,0.0,0.0,0.0,0.0,0.0,0.0,0.0,0.0
0.6700034737586975,0.41855600476264954,0.36059024930000305,0.41814154386520386,0.6516056060791016,-0.10066160559654236,0.7588090896606445,0.3505355417728424,1.0222877264022827,-0.028079750016331673,1.0475701093673706,0.5917322039604187,1.0738942623138428,-0.06586234271526337,1.1378328800201416,0.5769466757774353,1.0226705074310303,-0.03342839330434799,1.359346628189087,0.4630260467529297,0.9112522006034851,-0.31296461820602417,0.08365735411643982,0.7105074822902679,0.21340548992156982,0.046995095908641815,0.1331731677055359,0.10924264788627625,0.36905109882354736,0.0942891463637352,1.0268330574035645,0.621892511844635,0.3163278102874756,0.19087549299001694,1.2016743421554565,0.8131638169288635,0.4219263792037964,0.34703630954027176,1.0761797428131104,1.0095417499542236,3.0,3.0,3.0,3.0,3.0,3.0,3.0,3.0,3.0,3.0,3.0,3.0,3.0,3.0,3.0,3.0,3.0,3.0,3.0,3.0,0.05,0.05,0.05,0.05,0.05,0.05,0.05,0.05,0.05,0.05,0.05,0.05,0.05,0.05,0.05,0.05,0.05,0.05,0.05,0.05,0.0,0.0,0.0,0.0,0.0,0.0,0.0,0.0,0.0,0.0,0.0,0.0,0.0,0.0,0.0,0.0,0.0,0.0,0.0,0.0,0.43374523520469666,0.40128612518310547,0.1729831099510193,-0.01452806405723095,0.9204593300819397,0.13601762056350708,0.951482892036438,0.46719810366630554,1.2203373908996582,0.041838351637125015,1.0164072513580322,0.693124532699585,1.2186342477798462,0.07199256122112274,1.1131387948989868,0.6525870561599731,1.0759203433990479,0.01934932731091976,1.3718125820159912,0.38062813878059387,-0.30733048915863037,0.14043152332305908,-1.4194656163454056,-0.08874861523509026,-0.7054567337036133,0.006576627492904663,-0.5755975842475891,-0.28951317071914673,-0.7776618003845215,-0.08199699223041534,-1.1272430419921875,-0.8081361651420593,-1.0416924953460693,0.09298063814640045,-1.159176230430603,-0.8613646030426025,-1.107361912727356,-0.005069933831691742,-1.0394573211669922,-0.5107603967189789,3.0,3.0,3.0,3.0,3.0,3.0,3.0,3.0,3.0,3.0,3.0,3.0,3.0,3.0,3.0,3.0,3.0,3.0,3.0,3.0,0.05,0.05,0.05,0.05,0.05,0.05,0.05,0.05,0.05,0.05,0.05,0.05,0.05,0.05,0.05,0.05,0.05,0.05,0.05,0.05,0.0,0.0,0.0,0.0,0.0,0.0,0.0,0.0,0.0,0.0,0.0,0.0,0.0,0.0,0.0,0.0,0.0,0.0,0.0,0.0
0.6879414319992065,0.4133373498916626,0.36248913407325745,0.431370347738266,0.6545745134353638,-0.09980171173810959,0.7606421113014221,0.3523913025856018,1.029342770576477,-0.02667483314871788,1.0669500827789307,0.6034528613090515,1.0807863473892212,-0.06251746416091919,1.1610640287399292,0.5929930806159973,1.0314698219299316,-0.02693503350019455,1.3805266618728638,0.48278844356536865,0.8809074759483337,-0.2279534935951233,0.06664767861366272,0.6358914077281952,0.066395103931427,0.07042642682790756,-0.014361739158630371,0.04151836037635803,0.24882853031158447,0.0796556007117033,0.8792966604232788,0.550784170627594,0.2344667911529541,0.1603972166776657,1.0760605335235596,0.8088171482086182,0.31690895557403564,0.3086182754486799,0.9635478258132935,0.9701073169708252,3.0,3.0,3.0,3.0,3.0,3.0,3.0,3.0,3.0,3.0,3.0,3.0,3.0,3.0,3.0,3.0,3.0,3.0,3.0,3.0,0.05,0.05,0.05,0.05,0.05,0.05,0.05,0.05,0.05,0.05,0.05,0.05,0.05,0.05,0.05,0.05,0.05,0.05,0.05,0.05,0.0,0.0,0.0,0.0,0.0,0.0,0.0,0.0,0.0,0.0,0.0,0.0,0.0,0.0,0.0,0.0,0.0,0.0,0.0,0.0,0.4269213378429413,0.4049953818321228,0.1411699503660202,-0.016828661784529686,0.9033721089363098,0.1353776603937149,0.937834620475769,0.45988917350769043,1.2027264833450317,0.040176212787628174,0.9916424751281738,0.6759552955627441,1.1956957578659058,0.0739266574382782,1.0875921249389648,0.6344111561775208,1.0517479181289673,0.019151289016008377,1.3490904569625854,0.3689531683921814,-0.47605857253074646,0.12245550751686096,-1.3821933418512344,-0.0765650998800993,-1.230628788471222,-0.12610964477062225,-0.9404182434082031,-0.5184642970561981,-1.2298524379730225,-0.14275657013058662,-1.5417903661727905,-1.0056570172309875,-1.2852758169174194,0.1011556014418602,-1.478096842765808,-1.0155320167541504,-1.5554040670394897,-0.02850499004125595,-1.4002621173858643,-0.7402397692203522,3.0,3.0,3.0,3.0,3.0,3.0,3.0,3.0,3.0,3.0,3.0,3.0,3.0,3.0,3.0,3.0,3.0,3.0,3.0,3.0,0.05,0.05,0.05,0.05,0.05,0.05,0.05,0.05,0.05,0.05,0.05,0.05,0.05,0.05,0.05,0.05,0.05,0.05,0.05,0.05,0.0,0.0,0.0,0.0,0.0,0.0,0.0,0.0,0.0,0.0,0.0,0.0,0.0,0.0,0.0,0.0,0.0,0.0,0.0,0.0
0.7052397727966309,0.4094378650188446,0.36325615644454956,0.44357720017433167,0.6542614102363586,-0.09784454852342606,0.7582346200942993,0.35219627618789673,1.032240867614746,-0.02489352598786354,1.0827419757843018,0.6137635707855225,1.083272933959961,-0.05944645404815674,1.180875301361084,0.60929936170578,1.0353468656539917,-0.021083662286400795,1.3978885412216187,0.5018303394317627,0.8026063442230225,-0.16136541962623596,0.045274198055267334,0.5571648478507996,-0.1217767596244812,0.1209162175655365,-0.21168291568756104,-0.056387484073638916,0.08282661437988281,0.09820363484323025,0.670844316482544,0.4586026072502136,0.08450448513031006,0.15365853905677795,0.8894592523574829,0.7672473788261414,0.14145374298095703,0.27678124606609344,0.7623821496963501,0.8805021643638611,3.0,3.0,3.0,3.0,3.0,3.0,3.0,3.0,3.0,3.0,3.0,3.0,3.0,3.0,3.0,3.0,3.0,3.0,3.0,3.0,0.05,0.05,0.05,0.05,0.05,0.05,0.05,0.05,0.05,0.05,0.05,0.05,0.05,0.05,0.05,0.05,0.05,0.05,0.05,0.05,0.0,0.0,0.0,0.0,0.0,0.0,0.0,0.0,0.0,0.0,0.0,0.0,0.0,0.0,0.0,0.0,0.0,0.0,0.0,0.0,0.4147028923034668,0.4061843454837799,0.11769537627696991,-0.01759066805243492,0.8712341785430908,0.1309732347726822,0.9138661623001099,0.4464595317840576,1.1711432933807373,0.03612808883190155,0.9547356367111206,0.6528982520103455,1.1672232151031494,0.07603878527879715,1.0540149211883545,0.6119657754898071,1.0137041807174683,0.018209127709269524,1.3158020973205566,0.3510185480117798,-0.6295979022979736,0.11181756854057312,-1.1459989473223686,-0.09073433466255665,-1.5584319829940796,-0.2769226208329201,-1.2171626091003418,-0.7074266672134399,-1.5460997819900513,-0.19967509433627129,-1.8626019358634949,-1.1619910597801208,-1.6199856996536255,0.07577650249004364,-1.831972599029541,-1.1816143989562988,-1.9117236137390137,-0.010167527943849564,-1.702183485031128,-0.9455136954784393,3.0,3.0,3.0,3.0,3.0,3.0,3.0,3.0,3.0,3.0,3.0,3.0,3.0,3.0,3.0,3.0,3.0,3.0,3.0,3.0,0.05,0.05,0.05,0.05,0.05,0.05,0.05,0.05,0.05,0.05,0.05,0.05,0.05,0.05,0.05,0.05,0.05,0.05,0.05,0.05,0.0,0.0,0.0,0.0,0.0,0.0,0.0,0.0,0.0,0.0,0.0,0.0,0.0,0.0,0.0,0.0,0.0,0.0,0.0,0.0
0.7200456857681274,0.40688273310661316,0.36430010199546814,0.453656941652298,0.6497034430503845,-0.09496506303548813,0.7521747946739197,0.35013580322265625,1.0326558351516724,-0.02274668775498867,1.0937838554382324,0.6217969655990601,1.0841665267944336,-0.05637112259864807,1.1966423988342285,0.623682975769043,1.03712797164917,-0.015863783657550812,1.4110219478607178,0.5180085301399231,0.655481219291687,-0.12331083416938782,0.06836950778961182,0.4755079746246338,-0.30460357666015625,0.16159098595380783,-0.3632068634033203,-0.13286247849464417,-0.005605816841125488,0.08499096147716045,0.4612445831298828,0.35379528999328613,0.03102719783782959,0.13606715947389603,0.7071942090988159,0.6744682788848877,0.07191896438598633,0.2565541071817279,0.5636215209960938,0.7361724972724915,3.0,3.0,3.0,3.0,3.0,3.0,3.0,3.0,3.0,3.0,3.0,3.0,3.0,3.0,3.0,3.0,3.0,3.0,3.0,3.0,0.05,0.05,0.05,0.05,0.05,0.05,0.05,0.05,0.05,0.05,0.05,0.05,0.05,0.05,0.05,0.05,0.05,0.05,0.05,0.05,0.0,0.0,0.0,0.0,0.0,0.0,0.0,0.0,0.0,0.0,0.0,0.0,0.0,0.0,0.0,0.0,0.0,0.0,0.0,0.0,0.40173742175102234,0.4094680845737457,0.09532999247312546,-0.020458035171031952,0.8410348296165466,0.1243007555603981,0.8891481161117554,0.43159210681915283,1.1408824920654297,0.03218920901417732,0.917138397693634,0.6294756531715393,1.1308963298797607,0.07695771753787994,1.0143132209777832,0.5871465802192688,0.9752789735794067,0.018744587898254395,1.2810031175613403,0.3311326205730438,-0.6756603717803955,0.07236376404762268,-1.0165875777602196,-0.13418220914900303,-1.6710326075553894,-0.40704309940338135,-1.360929012298584,-0.8173249661922455,-1.6955047845840454,-0.27084024623036385,-2.0147010684013367,-1.228979229927063,-1.6508638858795166,0.058444589376449585,-1.958608627319336,-1.241004467010498,-2.0619526505470276,0.024265004321932793,-1.8492788076400757,-1.0718263685703278,3.0,3.0,3.0,3.0,3.0,3.0,3.0,3.0,3.0,3.0,3.0,3.0,3.0,3.0,3.0,3.0,3.0,3.0,3.0,3.0,0.05,0.05,0.05,0.05,0.05,0.05,0.05,0.05,0.05,0.05,0.05,0.05,0.05,0.05,0.05,0.05,0.05,0.05,0.05,0.05,0.0,0.0,0.0,0.0,0.0,0.0,0.0,0.0,0.0,0.0,0.0,0.0,0.0,0.0,0.0,0.0,0.0,0.0,0.0,0.0
0.7314590215682983,0.4045054316520691,0.36599093675613403,0.462597519159317,0.6420772671699524,-0.09138090908527374,0.7437063455581665,0.34688177704811096,1.032016634941101,-0.021493887528777122,1.101191759109497,0.6279153823852539,1.0845140218734741,-0.0540037676692009,1.2091630697250366,0.6362780928611755,1.0382236242294312,-0.01082149799913168,1.4204334020614624,0.5312772393226624,0.5246534943580627,-0.09348541498184204,0.07463768124580383,0.40457919239997864,-0.4582062363624573,0.19723009318113327,-0.4879280924797058,-0.1972690224647522,-0.07793903350830078,0.04822323098778725,0.26570260524749756,0.2524271607398987,-0.02071857452392578,0.10295826941728592,0.5286902189254761,0.5756735801696777,0.01532137393951416,0.23743181955069304,0.37193000316619873,0.5921050906181335,3.0,3.0,3.0,3.0,3.0,3.0,3.0,3.0,3.0,3.0,3.0,3.0,3.0,3.0,3.0,3.0,3.0,3.0,3.0,3.0,0.05,0.05,0.05,0.05,0.05,0.05,0.05,0.05,0.05,0.05,0.05,0.05,0.05,0.05,0.05,0.05,0.05,0.05,0.05,0.05,0.0,0.0,0.0,0.0,0.0,0.0,0.0,0.0,0.0,0.0,0.0,0.0,0.0,0.0,0.0,0.0,0.0,0.0,0.0,0.0,0.387676477432251,0.4090788960456848,0.07703187316656113,-0.022957956418395042,0.8043928742408752,0.11469151079654694,0.8594290018081665,0.4137665331363678,1.1033231019973755,0.025294478982686996,0.8741475939750671,0.6037390828132629,1.1011886596679688,0.07837656885385513,0.975670576095581,0.5623255968093872,0.9312260746955872,0.019179727882146835,1.2418309450149536,0.3081454932689667,-0.7132694125175476,0.014677643775939941,-0.8294841274619102,-0.16151433810591698,-1.8116936087608337,-0.5265360698103905,-1.5172377228736877,-0.9226560592651367,-1.7643541097640991,-0.2985686995089054,-2.1206796169281006,-1.2815386056900024,-1.8505901098251343,0.01786407083272934,-2.155250310897827,-1.3267621397972107,-2.1490275859832764,0.025508040562272072,-1.9594281911849976,-1.181010901927948,3.0,3.0,3.0,3.0,3.0,3.0,3.0,3.0,3.0,3.0,3.0,3.0,3.0,3.0,3.0,3.0,3.0,3.0,3.0,3.0,0.05,0.05,0.05,0.05,0.05,0.05,0.05,0.05,0.05,0.05,0.05,0.05,0.05,0.05,0.05,0.05,0.05,0.05,0.05,0.05,0.0,0.0,0.0,0.0,0.0,0.0,0.0,0.0,0.0,0.0,0.0,0.0,0.0,0.0,0.0,0.0,0.0,0.0,0.0,0.0
0.74103182554245,0.4031433165073395,0.3672856092453003,0.4698401093482971,0.6313751935958862,-0.0870758593082428,0.7326576709747314,0.34224504232406616,1.0295382738113403,-0.02081775851547718,1.1044119596481323,0.631894052028656,1.0833377838134766,-0.052252791821956635,1.2177900075912476,0.6467099189758301,1.0377408266067505,-0.00636651087552309,1.4258991479873657,0.5416927337646484,0.44424086809158325,-0.03562048077583313,0.05828440189361572,0.3231525421142578,-0.5961686372756958,0.23274943232536316,-0.6214842200279236,-0.2698875963687897,-0.1607149839401245,0.024117855355143547,0.06305873394012451,0.15000998973846436,-0.09085237979888916,0.07036905735731125,0.34226179122924805,0.47288239002227783,-0.05708932876586914,0.20270580425858498,0.18288493156433105,0.4586264491081238,3.0,3.0,3.0,3.0,3.0,3.0,3.0,3.0,3.0,3.0,3.0,3.0,3.0,3.0,3.0,3.0,3.0,3.0,3.0,3.0,0.05,0.05,0.05,0.05,0.05,0.05,0.05,0.05,0.05,0.05,0.05,0.05,0.05,0.05,0.05,0.05,0.05,0.05,0.05,0.05,0.0,0.0,0.0,0.0,0.0,0.0,0.0,0.0,0.0,0.0,0.0,0.0,0.0,0.0,0.0,0.0,0.0,0.0,0.0,0.0,0.37320664525032043,0.4100551903247833,0.06215062737464905,-0.02691860869526863,0.7685670852661133,0.10323931276798248,0.8284586071968079,0.39468586444854736,1.0703083276748657,0.020246461033821106,0.83231121301651,0.5782141089439392,1.0568727254867554,0.07767228037118912,0.9281032085418701,0.5340760946273804,0.8893178701400757,0.019764909520745277,1.2026259899139404,0.2838921844959259,-0.7598519325256348,0.016799569129943848,-0.7132643833756447,-0.23371228016912937,-1.9112393260002136,-0.6387041881680489,-1.6793668270111084,-1.0322272777557373,-1.8444448709487915,-0.3435088088735938,-2.2425249218940735,-1.3458654284477234,-2.024129033088684,-0.03205388784408569,-2.3498371243476868,-1.4159515500068665,-2.275608479976654,0.021138321608304977,-2.094370126724243,-1.3050757348537445,3.0,3.0,3.0,3.0,3.0,3.0,3.0,3.0,3.0,3.0,3.0,3.0,3.0,3.0,3.0,3.0,3.0,3.0,3.0,3.0,0.05,0.05,0.05,0.05,0.05,0.05,0.05,0.05,0.05,0.05,0.05,0.05,0.05,0.05,0.05,0.05,0.05,0.05,0.05,0.05,0.0,0.0,0.0,0.0,0.0,0.0,0.0,0.0,0.0,0.0,0.0,0.0,0.0,0.0,0.0,0.0,0.0,0.0,0.0,0.0
0.7492286562919617,0.40308061242103577,0.36832231283187866,0.47552362084388733,0.6182305216789246,-0.08207093179225922,0.7188469767570496,0.3360862731933594,1.025588035583496,-0.02052917331457138,1.103714108467102,0.6339157819747925,1.0808799266815186,-0.05118900537490845,1.2228535413742065,0.6551933884620667,1.0359400510787964,-0.0027132658287882805,1.4277487993240356,0.5496222972869873,0.37505626678466797,0.025025755167007446,0.04764348268508911,0.24256259202957153,-0.6849363446235657,0.273689441382885,-0.7486164569854736,-0.34004971385002136,-0.2384871244430542,0.025940733030438423,-0.14429688453674316,0.04674792289733887,-0.16886591911315918,0.044229160994291306,0.13554692268371582,0.36335289478302,-0.15083551406860352,0.1571751374285668,-0.026550889015197754,0.3270670771598816,3.0,3.0,3.0,3.0,3.0,3.0,3.0,3.0,3.0,3.0,3.0,3.0,3.0,3.0,3.0,3.0,3.0,3.0,3.0,3.0,0.05,0.05,0.05,0.05,0.05,0.05,0.05,0.05,0.05,0.05,0.05,0.05,0.05,0.05,0.05,0.05,0.05,0.05,0.05,0.05,0.0,0.0,0.0,0.0,0.0,0.0,0.0,0.0,0.0,0.0,0.0,0.0,0.0,0.0,0.0,0.0,0.0,0.0,0.0,0.0,0.3572824001312256,0.40975087881088257,0.04850129783153534,-0.03230644762516022,0.7279433012008667,0.08914334326982498,0.7922543287277222,0.3724774420261383,1.0295453071594238,0.011554126627743244,0.7844465970993042,0.549904465675354,1.0202234983444214,0.0770944133400917,0.8816770911216736,0.5056875348091125,0.840201735496521,0.020025260746479034,1.1580561399459839,0.2559424638748169,-0.7844544947147369,-0.0071942806243896484,-0.6357144564390182,-0.21490054205060005,-2.060486376285553,-0.8303962647914886,-1.9367918372154236,-1.2000314891338348,-2.189326286315918,-0.452935928478837,-2.561575174331665,-1.504160463809967,-2.10544615983963,-0.1316821202635765,-2.5527119636535645,-1.526445895433426,-2.416621148586273,-0.016002729535102844,-2.2864222526550293,-1.4824062585830688,3.0,3.0,3.0,3.0,3.0,3.0,3.0,3.0,3.0,3.0,3.0,3.0,3.0,3.0,3.0,3.0,3.0,3.0,3.0,3.0,0.05,0.05,0.05,0.05,0.05,0.05,0.05,0.05,0.05,0.05,0.05,0.05,0.05,0.05,0.05,0.05,0.05,0.05,0.05,0.05,0.0,0.0,0.0,0.0,0.0,0.0,0.0,0.0,0.0,0.0,0.0,0.0,0.0,0.0,0.0,0.0,0.0,0.0,0.0,0.0
0.7560340762138367,0.4041443467140198,0.36919134855270386,0.47954261302948,0.6039777398109436,-0.0761282816529274,0.7027130126953125,0.3286430537700653,1.0199987888336182,-0.019780129194259644,1.0986400842666626,0.6337639689445496,1.0765831470489502,-0.05048362538218498,1.2232118844985962,0.6612440347671509,1.0317074060440063,-7.950537838041782e-05,1.4248371124267578,0.5547754168510437,0.29573142528533936,0.07481202483177185,0.0246293842792511,0.21278336644172668,-0.7028043270111084,0.31321607530117035,-0.8471488952636719,-0.39244741201400757,-0.32348930835723877,0.0526313204318285,-0.39667487144470215,-0.07701218128204346,-0.1991957426071167,0.012489967048168182,-0.12075603008270264,0.22758692502975464,-0.28256475925445557,0.07031751629256178,-0.3028601408004761,0.17252713441848755,3.0,3.0,3.0,3.0,3.0,3.0,3.0,3.0,3.0,3.0,3.0,3.0,3.0,3.0,3.0,3.0,3.0,3.0,3.0,3.0,0.05,0.05,0.05,0.05,0.05,0.05,0.05,0.05,0.05,0.05,0.05,0.05,0.05,0.05,0.05,0.05,0.05,0.05,0.05,0.05,0.0,0.0,0.0,0.0,0.0,0.0,0.0,0.0,0.0,0.0,0.0,0.0,0.0,0.0,0.0,0.0,0.0,0.0,0.0,0.0,0.34182846546173096,0.40976741909980774,0.03672204911708832,-0.03551463037729263,0.6861476302146912,0.07002346217632294,0.7509869337081909,0.34668460488319397,0.982735276222229,0.0021290238946676254,0.7298482060432434,0.5180476903915405,0.9726548790931702,0.07240499556064606,0.8259947299957275,0.47301825881004333,0.7926530241966248,0.019124800339341164,1.1111690998077393,0.22459593415260315,-0.6452500820159912,0.06944015622138977,-0.5324921105057001,-0.11839037761092186,-1.9272968173027039,-0.8894605562090874,-1.92316472530365,-1.20171457529068,-2.0873084664344788,-0.4753659013658762,-2.4885326623916626,-1.4545582234859467,-1.9736036658287048,-0.17998255789279938,-2.4560675024986267,-1.458287239074707,-2.1841078996658325,-0.025028595700860023,-2.1679550409317017,-1.4591321349143982,3.0,3.0,3.0,3.0,3.0,3.0,3.0,3.0,3.0,3.0,3.0,3.0,3.0,3.0,3.0,3.0,3.0,3.0,3.0,3.0,0.05,0.05,0.05,0.05,0.05,0.05,0.05,0.05,0.05,0.05,0.05,0.05,0.05,0.05,0.05,0.05,0.05,0.05,0.05,0.05,0.0,0.0,0.0,0.0,0.0,0.0,0.0,0.0,0.0,0.0,0.0,0.0,0.0,0.0,0.0,0.0,0.0,0.0,0.0,0.0
0.7610579133033752,0.40607309341430664,0.3693074882030487,0.4840349555015564,0.5901183485984802,-0.0695422887802124,0.6849610209465027,0.3203883767127991,1.0126484632492065,-0.01842392049729824,1.087847113609314,0.6308352947235107,1.0729120969772339,-0.05068940669298172,1.2180233001708984,0.6642968654632568,1.0246374607086182,9.943482291419059e-05,1.4156343936920166,0.5565233826637268,0.1809820532798767,0.0787198543548584,0.0022679567337036133,0.18102973699569702,-0.7360860705375671,0.3088684752583504,-0.9999364614486694,-0.4621431231498718,-0.33382177352905273,0.02533276565372944,-0.6989002227783203,-0.22684186697006226,-0.22002756595611572,-0.08166301995515823,-0.4762589931488037,0.04480630159378052,-0.3458470106124878,-0.10774219990707934,-0.6401807069778442,-0.0222817063331604,3.0,3.0,3.0,3.0,3.0,3.0,3.0,3.0,3.0,3.0,3.0,3.0,3.0,3.0,3.0,3.0,3.0,3.0,3.0,3.0,0.05,0.05,0.05,0.05,0.05,0.05,0.05,0.05,0.05,0.05,0.05,0.05,0.05,0.05,0.05,0.05,0.05,0.05,0.05,0.05,0.0,0.0,0.0,0.0,0.0,0.0,0.0,0.0,0.0,0.0,0.0,0.0,0.0,0.0,0.0,0.0,0.0,0.0,0.0,0.0,0.33147239685058594,0.41252848505973816,0.027201613411307335,-0.03704206272959709,0.6508514285087585,0.05356492102146149,0.7153277397155762,0.3244088590145111,0.9460529685020447,-0.007460509426891804,0.6849052906036377,0.49172213673591614,0.9412793517112732,0.06989511102437973,0.7834343910217285,0.44735604524612427,0.7528374195098877,0.019024116918444633,1.0713379383087158,0.19757717847824097,-0.36153271794319153,0.10891556739807129,-0.4299070220440626,-0.09949859231710434,-1.7328426241874695,-0.8552819490432739,-1.7704546451568604,-1.1028312146663666,-1.745656132698059,-0.4776416812092066,-2.1829158067703247,-1.2757830321788788,-1.4522507786750793,-0.14239568263292313,-2.0087331533432007,-1.2084700167179108,-1.733878254890442,-0.0030494295060634613,-1.8498420715332031,-1.2940596789121628,3.0,3.0,3.0,3.0,3.0,3.0,3.0,3.0,3.0,3.0,3.0,3.0,3.0,3.0,3.0,3.0,3.0,3.0,3.0,3.0,0.05,0.05,0.05,0.05,0.05,0.05,0.05,0.05,0.05,0.05,0.05,0.05,0.05,0.05,0.05,0.05,0.05,0.05,0.05,0.05,0.0,0.0,0.0,0.0,0.0,0.0,0.0,0.0,0.0,0.0,0.0,0.0,0.0,0.0,0.0,0.0,0.0,0.0,0.0,0.0
0.7632733583450317,0.4072931408882141,0.369282066822052,0.48678380250930786,0.5745342969894409,-0.06377354264259338,0.6627155542373657,0.31015732884407043,1.006645917892456,-0.018766818568110466,1.0706840753555298,0.6246902942657471,1.0677820444107056,-0.05375014618039131,1.204161524772644,0.6630362868309021,1.0178735256195068,-0.004389193374663591,1.399229884147644,0.5538841485977173,0.09734481573104858,0.07286667823791504,-0.014200061559677124,0.11835545301437378,-0.7433921098709106,0.266878679394722,-1.0925844311714172,-0.5003198981285095,-0.3738999366760254,-0.025729695335030556,-0.9433746337890625,-0.35228431224823,-0.29856860637664795,-0.15292270109057426,-0.8002310991287231,-0.13597309589385986,-0.4028886556625366,-0.22874705791764427,-0.928160548210144,-0.2132311463356018,3.0,3.0,3.0,3.0,3.0,3.0,3.0,3.0,3.0,3.0,3.0,3.0,3.0,3.0,3.0,3.0,3.0,3.0,3.0,3.0,0.05,0.05,0.05,0.05,0.05,0.05,0.05,0.05,0.05,0.05,0.05,0.05,0.05,0.05,0.05,0.05,0.05,0.05,0.05,0.05,0.0,0.0,0.0,0.0,0.0,0.0,0.0,0.0,0.0,0.0,0.0,0.0,0.0,0.0,0.0,0.0,0.0,0.0,0.0,0.0,0.3273671567440033,0.4141240417957306,0.019525768235325813,-0.03949457406997681,0.6168339252471924,0.03581218421459198,0.6801687479019165,0.3025713562965393,0.9129090309143066,-0.016976643353700638,0.6425315737724304,0.4670163691043854,0.914564847946167,0.06670916825532913,0.7456454038619995,0.4246794581413269,0.7232978940010071,0.019002823159098625,1.0371754169464111,0.17283354699611664,-0.10640397667884827,0.12037903070449829,-0.3259264398366213,-0.0935225747525692,-1.5658527612686157,-0.8522958029061556,-1.6748815774917603,-1.0445691645145416,-1.5446558594703674,-0.4696655785664916,-2.014288306236267,-1.1708036065101624,-1.1776149272918701,-0.14260932803153992,-1.7456009984016418,-1.049787551164627,-1.3515084981918335,-0.004210136830806732,-1.6274720430374146,-1.1964526027441025,3.0,3.0,3.0,3.0,3.0,3.0,3.0,3.0,3.0,3.0,3.0,3.0,3.0,3.0,3.0,3.0,3.0,3.0,3.0,3.0,0.05,0.05,0.05,0.05,0.05,0.05,0.05,0.05,0.05,0.05,0.05,0.05,0.05,0.05,0.05,0.05,0.05,0.05,0.05,0.05,0.0,0.0,0.0,0.0,0.0,0.0,0.0,0.0,0.0,0.0,0.0,0.0,0.0,0.0,0.0,0.0,0.0,0.0,0.0,0.0
0.7649517059326172,0.40898776054382324,0.3687394857406616,0.48876917362213135,0.5603826642036438,-0.05886714160442352,0.641257643699646,0.3003755807876587,0.9976924657821655,-0.019453108310699463,1.0501121282577515,0.6167439222335815,1.060969352722168,-0.05680631473660469,1.1860140562057495,0.6588579416275024,1.0085219144821167,-0.00905044749379158,1.3785079717636108,0.5479941368103027,0.01232922077178955,0.05073323845863342,-0.055752694606781006,0.0699169933795929,-0.7398352026939392,0.2428474836051464,-1.1422038078308105,-0.5130253732204437,-0.44654011726379395,-0.044391537085175514,-1.1573314666748047,-0.4614412784576416,-0.3047645092010498,-0.20121224224567413,-1.0423898696899414,-0.289858877658844,-0.41511356830596924,-0.31696491641923785,-1.1429131031036377,-0.38757920265197754,3.0,3.0,3.0,3.0,3.0,3.0,3.0,3.0,3.0,3.0,3.0,3.0,3.0,3.0,3.0,3.0,3.0,3.0,3.0,3.0,0.05,0.05,0.05,0.05,0.05,0.05,0.05,0.05,0.05,0.05,0.05,0.05,0.05,0.05,0.05,0.05,0.05,0.05,0.05,0.05,0.0,0.0,0.0,0.0,0.0,0.0,0.0,0.0,0.0,0.0,0.0,0.0,0.0,0.0,0.0,0.0,0.0,0.0,0.0,0.0,0.327216237783432,0.4173436462879181,0.014164555817842484,-0.04078296571969986,0.5882173180580139,0.019473088905215263,0.6483324766159058,0.28262609243392944,0.88426673412323,-0.026247132569551468,0.604333758354187,0.44488999247550964,0.8941747546195984,0.06419073790311813,0.7136103510856628,0.4053645431995392,0.6987770795822144,0.018855711445212364,1.0062390565872192,0.14971907436847687,0.06349608302116394,0.13047829270362854,-0.23341835476458073,-0.04732822999358177,-1.3857588171958923,-0.7929193088784814,-1.5414685010910034,-0.9599968791007996,-1.3177722692489624,-0.43026264756917953,-1.7999514937400818,-1.0406233370304108,-0.9614825248718262,-0.13791117817163467,-1.4997497200965881,-0.8967578411102295,-1.0349452495574951,-0.0015403609722852707,-1.416294276714325,-1.0836265981197357,3.0,3.0,3.0,3.0,3.0,3.0,3.0,3.0,3.0,3.0,3.0,3.0,3.0,3.0,3.0,3.0,3.0,3.0,3.0,3.0,0.05,0.05,0.05,0.05,0.05,0.05,0.05,0.05,0.05,0.05,0.05,0.05,0.05,0.05,0.05,0.05,0.05,0.05,0.05,0.05,0.0,0.0,0.0,0.0,0.0,0.0,0.0,0.0,0.0,0.0,0.0,0.0,0.0,0.0,0.0,0.0,0.0,0.0,0.0,0.0
0.7637665271759033,0.40932247042655945,0.36705195903778076,0.4895804822444916,0.5449408888816833,-0.05405964329838753,0.6170274019241333,0.2896363139152527,0.9887843132019043,-0.020542480051517487,1.0243908166885376,0.6062326431274414,1.0555914640426636,-0.06179863587021828,1.1624659299850464,0.6514419317245483,1.001268982887268,-0.017067790031433105,1.3535133600234985,0.5383809804916382,-0.10777264833450317,0.03603324294090271,-0.05987808108329773,0.04732310771942139,-0.6567493081092834,0.1612451858818531,-1.2640178203582764,-0.5364105105400085,-0.4079103469848633,-0.14917533844709396,-1.4490455389022827,-0.5920141935348511,-0.2361983060836792,-0.3433319739997387,-1.3942360877990723,-0.47892630100250244,-0.34353435039520264,-0.49791885539889336,-1.4639019966125488,-0.6474435329437256,3.0,3.0,3.0,3.0,3.0,3.0,3.0,3.0,3.0,3.0,3.0,3.0,3.0,3.0,3.0,3.0,3.0,3.0,3.0,3.0,0.05,0.05,0.05,0.05,0.05,0.05,0.05,0.05,0.05,0.05,0.05,0.05,0.05,0.05,0.05,0.05,0.05,0.05,0.05,0.05,0.0,0.0,0.0,0.0,0.0,0.0,0.0,0.0,0.0,0.0,0.0,0.0,0.0,0.0,0.0,0.0,0.0,0.0,0.0,0.0,0.32990700006484985,0.41934317350387573,0.010189034044742584,-0.04138770326972008,0.5614035725593567,0.0040954118594527245,0.6185100078582764,0.2641714811325073,0.8601981401443481,-0.03418714925646782,0.5705335140228271,0.42539143562316895,0.876105546951294,0.061192721128463745,0.685655415058136,0.3888091444969177,0.6819000840187073,0.018941208720207214,0.9805236458778381,0.1294884830713272,0.21828263998031616,0.1143626868724823,-0.15304875560104847,-0.029691588133573532,-1.2805834412574768,-0.7298892829567194,-1.4273926615715027,-0.8787237107753754,-1.1268332600593567,-0.38328422233462334,-1.5910863876342773,-0.9107708930969238,-0.724571943283081,-0.11164257302880287,-1.231124997138977,-0.7328949868679047,-0.6969839334487915,0.0166263896971941,-1.1715158820152283,-0.9406305849552155,3.0,3.0,3.0,3.0,3.0,3.0,3.0,3.0,3.0,3.0,3.0,3.0,3.0,3.0,3.0,3.0,3.0,3.0,3.0,3.0,0.05,0.05,0.05,0.05,0.05,0.05,0.05,0.05,0.05,0.05,0.05,0.05,0.05,0.05,0.05,0.05,0.05,0.05,0.05,0.05,0.0,0.0,0.0,0.0,0.0,0.0,0.0,0.0,0.0,0.0,0.0,0.0,0.0,0.0,0.0,0.0,0.0,0.0,0.0,0.0
0.7606407999992371,0.41042909026145935,0.3663443624973297,0.4906620979309082,0.5341126918792725,-0.0524173341691494,0.5906969308853149,0.27891916036605835,0.981376051902771,-0.02542012184858322,0.9921503067016602,0.5930633544921875,1.0515214204788208,-0.07053959369659424,1.1302446126937866,0.6397008895874023,0.9947805404663086,-0.028967201709747314,1.3199518918991089,0.5220963954925537,-0.2107962965965271,0.060064345598220825,-0.0324934720993042,0.05094856023788452,-0.5576133728027344,0.0962473452091217,-1.317797601222992,-0.5228474736213684,-0.3992930054664612,-0.20517557859420776,-1.6504287719726562,-0.6770044565200806,-0.28063952922821045,-0.4139174707233906,-1.6829103231430054,-0.6292521953582764,-0.28714537620544434,-0.5931024439632893,-1.6497105360031128,-0.8409604430198669,3.0,3.0,3.0,3.0,3.0,3.0,3.0,3.0,3.0,3.0,3.0,3.0,3.0,3.0,3.0,3.0,3.0,3.0,3.0,3.0,0.05,0.05,0.05,0.05,0.05,0.05,0.05,0.05,0.05,0.05,0.05,0.05,0.05,0.05,0.05,0.05,0.05,0.05,0.05,0.05,0.0,0.0,0.0,0.0,0.0,0.0,0.0,0.0,0.0,0.0,0.0,0.0,0.0,0.0,0.0,0.0,0.0,0.0,0.0,0.0,0.33594754338264465,0.4219181537628174,0.008042605593800545,-0.0419706292450428,0.5369939804077148,-0.009722482413053513,0.5912367701530457,0.24747714400291443,0.8391934037208557,-0.0415785014629364,0.5406903028488159,0.4084591567516327,0.8651918768882751,0.05972503498196602,0.6643653512001038,0.376048743724823,0.6708977222442627,0.019520767033100128,0.9593784213066101,0.11209385097026825,0.4609435796737671,0.19192248582839966,-0.08813979802653193,0.006696116179227829,-1.1327236890792847,-0.6459374679252505,-1.2844949960708618,-0.7844772189855576,-0.8806899189949036,-0.3132106736302376,-1.3334527611732483,-0.7483527064323425,-0.357954204082489,-0.02579260617494583,-0.8692145347595215,-0.5191139876842499,-0.25045424699783325,0.07064552046358585,-0.8608415722846985,-0.762159563601017,3.0,3.0,3.0,3.0,3.0,3.0,3.0,3.0,3.0,3.0,3.0,3.0,3.0,3.0,3.0,3.0,3.0,3.0,3.0,3.0,0.05,0.05,0.05,0.05,0.05,0.05,0.05,0.05,0.05,0.05,0.05,0.05,0.05,0.05,0.05,0.05,0.05,0.05,0.05,0.05,0.0,0.0,0.0,0.0,0.0,0.0,0.0,0.0,0.0,0.0,0.0,0.0,0.0,0.0,0.0,0.0,0.0,0.0,0.0,0.0
0.7553346753120422,0.4117250442504883,0.3657522201538086,0.49161842465400696,0.522636353969574,-0.05020974949002266,0.5643154978752136,0.26872241497039795,0.9728125929832458,-0.028749503195285797,0.9583736658096313,0.5791524648666382,1.0443658828735352,-0.0783553346991539,1.0951495170593262,0.6262718439102173,0.9897831678390503,-0.040791887789964676,1.287524938583374,0.5047425627708435,-0.2953261137008667,0.07856860756874084,-0.058154016733169556,0.051146000623703,-0.5937963724136353,0.10514045134186745,-1.282578706741333,-0.49426183104515076,-0.4862189292907715,-0.15619350597262383,-1.6711831092834473,-0.6948381662368774,-0.44692158699035645,-0.35854522138834,-1.7562657594680786,-0.6875663995742798,-0.3790825605392456,-0.5374744534492493,-1.627299189567566,-0.879339873790741,3.0,3.0,3.0,3.0,3.0,3.0,3.0,3.0,3.0,3.0,3.0,3.0,3.0,3.0,3.0,3.0,3.0,3.0,3.0,3.0,0.05,0.05,0.05,0.05,0.05,0.05,0.05,0.05,0.05,0.05,0.05,0.05,0.05,0.05,0.05,0.05,0.05,0.05,0.05,0.05,0.0,0.0,0.0,0.0,0.0,0.0,0.0,0.0,0.0,0.0,0.0,0.0,0.0,0.0,0.0,0.0,0.0,0.0,0.0,0.0,0.34834474325180054,0.4270200729370117,0.006663442123681307,-0.041119858622550964,0.5160946249961853,-0.021742086857557297,0.5671302080154419,0.23279239237308502,0.824970543384552,-0.04671557620167732,0.5171954035758972,0.39545732736587524,0.8617873787879944,0.06016101688146591,0.6508868336677551,0.36804458498954773,0.671881914138794,0.02176702953875065,0.9460899829864502,0.09900210052728653,0.6938599050045013,0.04140883684158325,0.4714670591056347,0.04354584962129593,-0.8078888058662415,-0.5539903417229652,-1.1093303561210632,-0.6847180426120758,-0.44416189193725586,-0.21532513201236725,-0.9558543562889099,-0.4938490688800812,0.02577453851699829,0.10011689737439156,-0.4666060209274292,-0.25219470262527466,0.3557473421096802,0.15228474512696266,-0.5277588963508606,-0.5862198770046234,3.0,3.0,3.0,3.0,3.0,3.0,3.0,3.0,3.0,3.0,3.0,3.0,3.0,3.0,3.0,3.0,3.0,3.0,3.0,3.0,0.05,0.05,0.05,0.05,0.05,0.05,0.05,0.05,0.05,0.05,0.05,0.05,0.05,0.05,0.05,0.05,0.05,0.05,0.05,0.05,0.0,0.0,0.0,0.0,0.0,0.0,0.0,0.0,0.0,0.0,0.0,0.0,0.0,0.0,0.0,0.0,0.0,0.0,0.0,0.0
0.7488277554512024,0.413571834564209,0.36401820182800293,0.4927079379558563,0.510360836982727,-0.0482117161154747,0.5393937826156616,0.2591486871242523,0.9619272947311401,-0.031667862087488174,0.9253029823303223,0.5652698278427124,1.0336445569992065,-0.08488140255212784,1.0599939823150635,0.6121982336044312,0.9796172380447388,-0.050466179847717285,1.2548599243164062,0.4869228005409241,-0.40074288845062256,0.11603757739067078,-0.07981359958648682,0.020070374011993408,-0.5078732967376709,0.05938177928328514,-1.2870103120803833,-0.44124871492385864,-0.4670768976211548,-0.20193969830870628,-1.7815828323364258,-0.726260244846344,-0.4297912120819092,-0.3884214907884598,-1.9023030996322632,-0.7704094052314758,-0.4093959927558899,-0.5610422231256962,-1.7339080572128296,-1.04251429438591,3.0,3.0,3.0,3.0,3.0,3.0,3.0,3.0,3.0,3.0,3.0,3.0,3.0,3.0,3.0,3.0,3.0,3.0,3.0,3.0,0.05,0.05,0.05,0.05,0.05,0.05,0.05,0.05,0.05,0.05,0.05,0.05,0.05,0.05,0.05,0.05,0.05,0.05,0.05,0.05,0.0,0.0,0.0,0.0,0.0,0.0,0.0,0.0,0.0,0.0,0.0,0.0,0.0,0.0,0.0,0.0,0.0,0.0,0.0,0.0,0.3637019395828247,0.4235745072364807,0.026901287958025932,-0.040228795260190964,0.5046784281730652,-0.03188209608197212,0.5468635559082031,0.2200884222984314,0.8214269280433655,-0.05019150674343109,0.5024561285972595,0.38870519399642944,0.8662228584289551,0.06372971087694168,0.6457011103630066,0.365960955619812,0.6851276159286499,0.025612156838178635,0.9382680654525757,0.08864505589008331,0.818943977355957,-0.12709349393844604,1.321899879258126,0.07187202572822571,-0.6121836602687836,-0.44664666056632996,-1.007041335105896,-0.6188284605741501,-0.1294642686843872,-0.12432122603058815,-0.6577767431735992,-0.2853706479072571,0.3470957279205322,0.1803947612643242,-0.13615936040878296,-0.03181919455528259,0.8188024163246155,0.21586301736533642,-0.23404061794281006,-0.41026994585990906,3.0,3.0,3.0,3.0,3.0,3.0,3.0,3.0,3.0,3.0,3.0,3.0,3.0,3.0,3.0,3.0,3.0,3.0,3.0,3.0,0.05,0.05,0.05,0.05,0.05,0.05,0.05,0.05,0.05,0.05,0.05,0.05,0.05,0.05,0.05,0.05,0.05,0.05,0.05,0.05,0.0,0.0,0.0,0.0,0.0,0.0,0.0,0.0,0.0,0.0,0.0,0.0,0.0,0.0,0.0,0.0,0.0,0.0,0.0,0.0
0.7393049597740173,0.4163665473461151,0.3625596761703491,0.4924212396144867,0.5023214221000671,-0.047834478318691254,0.5128350853919983,0.2510724663734436,0.9541295170783997,-0.03682709112763405,0.8871103525161743,0.5501020550727844,1.0271742343902588,-0.09389219433069229,1.0190573930740356,0.5954554677009583,0.9734073281288147,-0.06323357671499252,1.2181686162948608,0.4630419909954071,-0.45850425958633423,0.14719590544700623,-0.045565515756607056,0.014219433069229126,-0.4235588014125824,0.03799004480242729,-1.277044415473938,-0.3848616033792496,-0.4186853766441345,-0.21282043308019638,-1.8339097499847412,-0.7273837924003601,-0.38577020168304443,-0.3988100215792656,-1.9665896892547607,-0.8060947060585022,-0.3610938787460327,-0.5777662619948387,-1.7571449279785156,-1.1500269174575806,3.0,3.0,3.0,3.0,3.0,3.0,3.0,3.0,3.0,3.0,3.0,3.0,3.0,3.0,3.0,3.0,3.0,3.0,3.0,3.0,0.05,0.05,0.05,0.05,0.05,0.05,0.05,0.05,0.05,0.05,0.05,0.05,0.05,0.05,0.05,0.05,0.05,0.05,0.05,0.05,0.0,0.0,0.0,0.0,0.0,0.0,0.0,0.0,0.0,0.0,0.0,0.0,0.0,0.0,0.0,0.0,0.0,0.0,0.0,0.0,0.3811025023460388,0.4219363331794739,0.05953943729400635,-0.038244977593421936,0.49160727858543396,-0.039607953280210495,0.526848554611206,0.20803925395011902,0.8197919726371765,-0.05168842524290085,0.49088433384895325,0.38404250144958496,0.8756712079048157,0.06737680733203888,0.6454404592514038,0.3667718172073364,0.7046340107917786,0.030401550233364105,0.9367283582687378,0.08259130269289017,0.8080683648586273,-0.14413893222808838,1.8658046144992113,0.1166636124253273,-0.5591385066509247,-0.36583850160241127,-0.9357497096061707,-0.5609937012195587,0.03585219383239746,-0.04379134625196457,-0.43540894985198975,-0.14383569359779358,0.6185770034790039,0.21665431559085846,0.14216303825378418,0.13483166694641113,1.1358290910720825,0.2544719725847244,0.08350908756256104,-0.1869387924671173,3.0,3.0,3.0,3.0,3.0,3.0,3.0,3.0,3.0,3.0,3.0,3.0,3.0,3.0,3.0,3.0,3.0,3.0,3.0,3.0,0.05,0.05,0.05,0.05,0.05,0.05,0.05,0.05,0.05,0.05,0.05,0.05,0.05,0.05,0.05,0.05,0.05,0.05,0.05,0.05,0.0,0.0,0.0,0.0,0.0,0.0,0.0,0.0,0.0,0.0,0.0,0.0,0.0,0.0,0.0,0.0,0.0,0.0,0.0,0.0
0.730487585067749,0.41945967078208923,0.36219558119773865,0.4932767152786255,0.49341848492622375,-0.04669211432337761,0.4883120059967041,0.24375422298908234,0.9451798796653748,-0.04018067941069603,0.8519465923309326,0.536174476146698,1.0182137489318848,-0.10083380341529846,0.981330394744873,0.5799544453620911,0.9651734828948975,-0.07357683032751083,1.1845741271972656,0.44092172384262085,-0.45487135648727417,0.1703798770904541,-0.02993941307067871,0.019677728414535522,-0.4082217812538147,0.06188107654452324,-1.1699497699737549,-0.33386796712875366,-0.45165568590164185,-0.1378544606268406,-1.7129838466644287,-0.6718993186950684,-0.45382678508758545,-0.32202694565057755,-1.8148183822631836,-0.7455766201019287,-0.3852084279060364,-0.4879329353570938,-1.5903711318969727,-1.0711058974266052,3.0,3.0,3.0,3.0,3.0,3.0,3.0,3.0,3.0,3.0,3.0,3.0,3.0,3.0,3.0,3.0,3.0,3.0,3.0,3.0,0.05,0.05,0.05,0.05,0.05,0.05,0.05,0.05,0.05,0.05,0.05,0.05,0.05,0.05,0.05,0.05,0.05,0.05,0.05,0.05,0.0,0.0,0.0,0.0,0.0,0.0,0.0,0.0,0.0,0.0,0.0,0.0,0.0,0.0,0.0,0.0,0.0,0.0,0.0,0.0,0.3960246741771698,0.4178089499473572,0.10153347253799438,-0.03556225076317787,0.4823128879070282,-0.04651563614606857,0.5094335675239563,0.19764867424964905,0.8228610157966614,-0.051943160593509674,0.48503977060317993,0.3829517662525177,0.8909659385681152,0.07239588350057602,0.651387631893158,0.37135422229766846,0.7305607795715332,0.03579103574156761,0.9416084289550781,0.08116750419139862,0.5967594683170319,-0.2882950007915497,2.0928721874952316,0.15056896954774857,-0.3678470849990845,-0.2343890257179737,-0.8476883172988892,-0.5022305995225906,0.2728983759880066,0.052276160567998886,-0.11014491319656372,0.07002204656600952,0.931568443775177,0.33116545528173447,0.4716113209724426,0.34100040793418884,1.3904809951782227,0.30140345916152,0.37045180797576904,0.04508271813392639,3.0,3.0,3.0,3.0,3.0,3.0,3.0,3.0,3.0,3.0,3.0,3.0,3.0,3.0,3.0,3.0,3.0,3.0,3.0,3.0,0.05,0.05,0.05,0.05,0.05,0.05,0.05,0.05,0.05,0.05,0.05,0.05,0.05,0.05,0.05,0.05,0.05,0.05,0.05,0.05,0.0,0.0,0.0,0.0,0.0,0.0,0.0,0.0,0.0,0.0,0.0,0.0,0.0,0.0,0.0,0.0,0.0,0.0,0.0,0.0
0.7211101055145264,0.4231817424297333,0.361362099647522,0.4932083487510681,0.48599255084991455,-0.045359235256910324,0.4660370945930481,0.23771774768829346,0.936063289642334,-0.04234126955270767,0.8185909986495972,0.5232260823249817,1.0090211629867554,-0.1067732721567154,0.9464646577835083,0.5656324028968811,0.9579989910125732,-0.08275089412927628,1.154553771018982,0.4201977550983429,-0.45656412839889526,0.1545734703540802,-0.05027502775192261,-0.019904226064682007,-0.341874361038208,0.0647958368062973,-1.0421432554721832,-0.26907511055469513,-0.4268854856491089,-0.09237565100193024,-1.5799865126609802,-0.6071344017982483,-0.45458972454071045,-0.27699898928403854,-1.6368106007575989,-0.672091543674469,-0.35039782524108887,-0.4205474629998207,-1.4123618602752686,-0.988335907459259,3.0,3.0,3.0,3.0,3.0,3.0,3.0,3.0,3.0,3.0,3.0,3.0,3.0,3.0,3.0,3.0,3.0,3.0,3.0,3.0,0.05,0.05,0.05,0.05,0.05,0.05,0.05,0.05,0.05,0.05,0.05,0.05,0.05,0.05,0.05,0.05,0.05,0.05,0.05,0.05,0.0,0.0,0.0,0.0,0.0,0.0,0.0,0.0,0.0,0.0,0.0,0.0,0.0,0.0,0.0,0.0,0.0,0.0,0.0,0.0,0.4049728810787201,0.4104045331478119,0.1432543247938156,-0.03222221881151199,0.4768933951854706,-0.04898351430892944,0.4929410219192505,0.1879500299692154,0.8307079076766968,-0.04959737882018089,0.4864785373210907,0.38684338331222534,0.9129339456558228,0.08062342554330826,0.6643049120903015,0.380411833524704,0.7602532505989075,0.042457688599824905,0.9515464305877686,0.08439461141824722,0.509217381477356,-0.29918476939201355,1.9280385226011276,0.17783436924219131,-0.2818971872329712,-0.05707899108529091,-0.8128233253955841,-0.4706159234046936,0.4897192120552063,0.2338176593184471,0.24678558111190796,0.29699280858039856,1.1395439505577087,0.49156155437231064,0.7502853870391846,0.5212470889091492,1.6444742679595947,0.41113272309303284,0.6794542074203491,0.2947987988591194,3.0,3.0,3.0,3.0,3.0,3.0,3.0,3.0,3.0,3.0,3.0,3.0,3.0,3.0,3.0,3.0,3.0,3.0,3.0,3.0,0.05,0.05,0.05,0.05,0.05,0.05,0.05,0.05,0.05,0.05,0.05,0.05,0.05,0.05,0.05,0.05,0.05,0.05,0.05,0.05,0.0,0.0,0.0,0.0,0.0,0.0,0.0,0.0,0.0,0.0,0.0,0.0,0.0,0.0,0.0,0.0,0.0,0.0,0.0,0.0
0.7122250199317932,0.42564260959625244,0.36018458008766174,0.4924805462360382,0.47974351048469543,-0.04410028085112572,0.4466262757778168,0.23299121856689453,0.9281044602394104,-0.04387570545077324,0.7887471318244934,0.5118891000747681,1.0000301599502563,-0.11191376298666,0.9158579707145691,0.5530707836151123,0.9511575698852539,-0.09039872884750366,1.1280796527862549,0.4013882875442505,-0.4103079438209478,0.09827911853790144,-0.036766380071640015,-0.054303556680676546,-0.27762129902839383,0.05472032353281871,-0.890357792377458,-0.20790696144103657,-0.40689855813979825,-0.05680024623870763,-1.4101982116698968,-0.5329117178916848,-0.4658684134483254,-0.23449212312697948,-1.4307320117950162,-0.5867674946784862,-0.312300026416773,-0.3404231742024359,-1.2225955724715964,-0.8753784000873399,3.0,3.0,3.0,3.0,3.0,3.0,3.0,3.0,3.0,3.0,3.0,3.0,3.0,3.0,3.0,3.0,3.0,3.0,3.0,3.0,0.05,0.05,0.05,0.05,0.05,0.05,0.05,0.05,0.05,0.05,0.05,0.05,0.05,0.05,0.05,0.05,0.05,0.05,0.05,0.05,0.0,0.0,0.0,0.0,0.0,0.0,0.0,0.0,0.0,0.0,0.0,0.0,0.0,0.0,0.0,0.0,0.0,0.0,0.0,0.0,0.41639336943626404,0.40584155917167664,0.1786550134420395,-0.02844887599349022,0.47103700041770935,-0.04879879578948021,0.47692063450813293,0.1788240373134613,0.8424497842788696,-0.04259045422077179,0.49491119384765625,0.39483147859573364,0.9365476965904236,0.09205834567546844,0.6813990473747253,0.3922041058540344,0.796339750289917,0.052236344665288925,0.9687865972518921,0.0929594561457634,0.7022365927696228,-0.11721402406692505,1.7195474356412541,0.1926141791045585,-0.36751702427863103,0.05558477714657593,-0.7822960615157915,-0.43752007186411906,0.6009936332702526,0.3581127151846801,0.48718526959417585,0.4255838692188152,1.2487620115279874,0.5205305293202293,0.9332969784736356,0.620326399803145,1.7916783690452158,0.4460380412638097,0.9112581610679404,0.47853048890827665,3.0,3.0,3.0,3.0,3.0,3.0,3.0,3.0,3.0,3.0,3.0,3.0,3.0,3.0,3.0,3.0,3.0,3.0,3.0,3.0,0.05,0.05,0.05,0.05,0.05,0.05,0.05,0.05,0.05,0.05,0.05,0.05,0.05,0.05,0.05,0.05,0.05,0.05,0.05,0.05,0.0,0.0,0.0,0.0,0.0,0.0,0.0,0.0,0.0,0.0,0.0,0.0,0.0,0.0,0.0,0.0,0.0,0.0,0.0,0.0
0.7046977877616885,0.42711290717124933,0.35989144444465637,0.49103620648384105,0.4748876988887788,-0.043170422315597576,0.4304227828979498,0.229401469230652,0.919787347316742,-0.04461327940225598,0.7621830701828013,0.5019096136093143,0.9903864264488224,-0.11615295708179457,0.8892353773117077,0.5421617031097417,0.9455069899559023,-0.09636782109737371,1.105649948120118,0.3851826190948493,-0.3333449363708496,0.0730462372303009,-0.02650544047355652,-0.10781586170196533,-0.17677918076515198,0.04543540999293327,-0.7137566804885864,-0.13861916959285736,-0.3041103482246399,-0.03201924264431,-1.17759108543396,-0.43073445558547974,-0.36818087100982666,-0.19194316118955612,-1.1651918292045593,-0.47425776720046997,-0.21043866872787476,-0.28632115572690964,-0.9919524192810059,-0.7316052913665771,3.0,3.0,3.0,3.0,3.0,3.0,3.0,3.0,3.0,3.0,3.0,3.0,3.0,3.0,3.0,3.0,3.0,3.0,3.0,3.0,0.05,0.05,0.05,0.05,0.05,0.05,0.05,0.05,0.05,0.05,0.05,0.05,0.05,0.05,0.05,0.05,0.05,0.05,0.05,0.05,0.0,0.0,0.0,0.0,0.0,0.0,0.0,0.0,0.0,0.0,0.0,0.0,0.0,0.0,0.0,0.0,0.0,0.0,0.0,0.0,0.433062344789505,0.4057159721851349,0.21203622221946578,-0.024517651647329653,0.46219271421432534,-0.046760123223066406,0.46164917945861883,0.17044922709465063,0.8547476530075069,-0.03527287021279369,0.5059659481048577,0.40386673808097795,0.9628844261169422,0.10144464671611743,0.7016367912292469,0.4052248895168298,0.8319203853607161,0.060299210250377294,0.9879967570304862,0.10353583097457829,0.2616569399833679,0.04379972815513611,1.5650290995836258,1.3631867244839668,-0.4296809434890747,0.0907781533896923,-0.728943943977356,-0.3976542502641678,0.5163446068763733,0.38004377856850624,0.7855981588363647,0.587143748998642,1.300843060016632,0.48988349735736847,1.240713894367218,0.7980182766914368,1.772257685661316,0.4115617834031582,1.0994583368301392,0.6992094218730927,3.0,3.0,3.0,3.0,3.0,3.0,3.0,3.0,3.0,3.0,3.0,3.0,3.0,3.0,3.0,3.0,3.0,3.0,3.0,3.0,0.05,0.05,0.05,0.05,0.05,0.05,0.05,0.05,0.05,0.05,0.05,0.05,0.05,0.05,0.05,0.05,0.05,0.05,0.05,0.05,0.0,0.0,0.0,0.0,0.0,0.0,0.0,0.0,0.0,0.0,0.0,0.0,0.0,0.0,0.0,0.0,0.0,0.0,0.0,0.0
0.6988912224769592,0.4285644590854645,0.3591243624687195,0.4881679117679596,0.47267234325408936,-0.042282864451408386,0.4180760085582733,0.22744645178318024,0.9159400463104248,-0.04515647515654564,0.741643488407135,0.4946597218513489,0.9853029251098633,-0.11959148943424225,0.8692502975463867,0.5341004729270935,0.9427400231361389,-0.10185157507658005,1.0884015560150146,0.3721240758895874,-0.24543553590774814,0.055615603923798995,-0.021930038928984208,-0.17575547099113326,-0.06207376718521396,0.033520814031363574,-0.5389101803302806,-0.06627887487411846,-0.12609213590622226,-0.023216661065817226,-0.907656550407418,-0.3069117665290888,-0.18688142299652932,-0.15995334833860536,-0.8722603321075578,-0.34694224596024115,-0.08718222379685003,-0.2540845423936858,-0.7551848888397328,-0.5841866135597298,3.0,3.0,3.0,3.0,3.0,3.0,3.0,3.0,3.0,3.0,3.0,3.0,3.0,3.0,3.0,3.0,3.0,3.0,3.0,3.0,0.05,0.05,0.05,0.05,0.05,0.05,0.05,0.05,0.05,0.05,0.05,0.05,0.05,0.05,0.05,0.05,0.05,0.05,0.05,0.05,0.0,0.0,0.0,0.0,0.0,0.0,0.0,0.0,0.0,0.0,0.0,0.0,0.0,0.0,0.0,0.0,0.0,0.0,0.0,0.0,0.42685964703559875,0.4075935482978821,0.24125617742538452,0.026078592985868454,0.45384976267814636,-0.04516766965389252,0.4477628767490387,0.1629178673028946,0.8631035685539246,-0.02738870307803154,0.5263351202011108,0.4183172285556793,0.9885814189910889,0.11165368556976318,0.7310276031494141,0.4241248369216919,0.8672300577163696,0.06869881600141525,1.0127649307250977,0.1209278330206871,0.2830207347869651,0.006125122308731079,1.204565912485138,2.002794016152602,-0.4956476390361758,0.0744345597922802,-0.6467096507549327,-0.3397721797227887,0.3894612193107605,0.37498530000448355,1.095895469188679,0.7166482508182483,1.1287987232208363,0.4713326692581215,1.5053078532218849,0.9643822908401434,1.6674712300300654,0.4029355943203007,1.2563779950141851,0.9551078081130874,3.0,3.0,3.0,3.0,3.0,3.0,3.0,3.0,3.0,3.0,3.0,3.0,3.0,3.0,3.0,3.0,3.0,3.0,3.0,3.0,0.05,0.05,0.05,0.05,0.05,0.05,0.05,0.05,0.05,0.05,0.05,0.05,0.05,0.05,0.05,0.05,0.05,0.05,0.05,0.05,0.0,0.0,0.0,0.0,0.0,0.0,0.0,0.0,0.0,0.0,0.0,0.0,0.0,0.0,0.0,0.0,0.0,0.0,0.0,0.0
0.6948803663253785,0.4293375313282013,0.359014242887497,0.4840059876441957,0.47240474820137024,-0.04182958975434303,0.40886637568473855,0.22675031423568726,0.9147436618804932,-0.045541945844888666,0.7258768081665046,0.48963314294815075,0.9829111695289612,-0.12255109101533879,0.8543449640274053,0.528284013271332,0.9420197010040283,-0.10653120279312114,1.0754425525665288,0.3618151545524601,-0.1617327332496643,0.02021193504333496,-0.005111098289489746,-0.24236217141151428,0.02270340919494629,0.011571496725082397,-0.3971889615058899,-0.01035258173942566,-0.003172457218170166,-0.01943688839673996,-0.6839931011199951,-0.2006031572818756,-0.05956143140792847,-0.13304762542247772,-0.6356790661811829,-0.2405792474746704,0.0029534101486206055,-0.22110845893621445,-0.5554378032684326,-0.45307204127311707,3.0,3.0,3.0,3.0,3.0,3.0,3.0,3.0,3.0,3.0,3.0,3.0,3.0,3.0,3.0,3.0,3.0,3.0,3.0,3.0,0.05,0.05,0.05,0.05,0.05,0.05,0.05,0.05,0.05,0.05,0.05,0.05,0.05,0.05,0.05,0.05,0.05,0.05,0.05,0.05,0.0,0.0,0.0,0.0,0.0,0.0,0.0,0.0,0.0,0.0,0.0,0.0,0.0,0.0,0.0,0.0,0.0,0.0,0.0,0.0,0.4443831741809836,0.40596097707748413,0.2602188587188713,0.05559410899877444,0.4423668086528783,-0.0437827408313752,0.4357807934284215,0.15685833990573908,0.8703261017799373,-0.020273458212614347,0.5498017668724049,0.4325326681137079,1.0080363750457757,0.12029795348644229,0.7618491053581223,0.4438001811504355,0.8986192345619187,0.07641663402318932,1.0382518768310536,0.14174014329910178,1.045457273721695,-0.0037044286727905273,0.873304158449173,1.2168453074991703,-0.5970284342765808,0.09719990193843842,-0.5703546106815338,-0.28404444456100464,0.372140109539032,0.3263031132519245,1.2035712599754333,0.6645180284976959,0.9790956974029541,0.34963004291057587,1.6159966588020325,1.0039739310741425,1.5891492366790771,0.281403586268425,1.3097137212753296,1.1302130296826363,3.0,3.0,3.0,3.0,3.0,3.0,3.0,3.0,3.0,3.0,3.0,3.0,3.0,3.0,3.0,3.0,3.0,3.0,3.0,3.0,0.05,0.05,0.05,0.05,0.05,0.05,0.05,0.05,0.05,0.05,0.05,0.05,0.05,0.05,0.05,0.05,0.05,0.05,0.05,0.05,0.0,0.0,0.0,0.0,0.0,0.0,0.0,0.0,0.0,0.0,0.0,0.0,0.0,0.0,0.0,0.0,0.0,0.0,0.0,0.0
0.6924219131469727,0.4293729364871979,0.3589199185371399,0.478473424911499,0.4735804796218872,-0.04182000458240509,0.4021884500980377,0.2270323485136032,0.915813148021698,-0.04593395069241524,0.7142837643623352,0.48663559556007385,0.9829204678535461,-0.12491339445114136,0.8438231348991394,0.5244773030281067,0.9428581595420837,-0.11069591343402863,1.0661840438842773,0.3540011942386627,-0.08591711521148959,-0.0260792672634097,-0.02668797969818254,-0.2754062414169284,0.11655539274215282,-0.011295638978480599,-0.2571664750576075,0.049447640776632135,0.13668537139892023,-0.018807873129844666,-0.4496932029724232,-0.07982626557350436,0.10355263948439997,-0.1087592914700522,-0.3929704427719255,-0.12593269348145086,0.1322284340858404,-0.20267236977815767,-0.3375530242920033,-0.31456425786019065,3.0,3.0,3.0,3.0,3.0,3.0,3.0,3.0,3.0,3.0,3.0,3.0,3.0,3.0,3.0,3.0,3.0,3.0,3.0,3.0,0.05,0.05,0.05,0.05,0.05,0.05,0.05,0.05,0.05,0.05,0.05,0.05,0.05,0.05,0.05,0.05,0.05,0.05,0.05,0.05,0.0,0.0,0.0,0.0,0.0,0.0,0.0,0.0,0.0,0.0,0.0,0.0,0.0,0.0,0.0,0.0,0.0,0.0,0.0,0.0,0.46867793798446655,0.40744537115097046,0.27618834376335144,0.07475240528583527,0.42996862530708313,-0.04127967357635498,0.42494869232177734,0.1515560895204544,0.8779891729354858,-0.01433657854795456,0.5744779706001282,0.44489794969558716,1.027745246887207,0.12563888728618622,0.7956674695014954,0.4642837941646576,0.9307960271835327,0.07995495945215225,1.0651534795761108,0.16613635420799255,1.3048075139522468,0.03976747393608093,0.757079571485525,0.9087424725294182,-0.5984798073768601,0.12846123427152512,-0.5008444190025343,-0.2411719411611571,0.3814458847045926,0.29222206212580276,1.2058645486831692,0.5709446966648157,0.9449899196624756,0.25966875255107946,1.6779854893684387,1.0035820305347443,1.563839614391327,0.17215963453054567,1.3000905513763483,1.200535520911216,3.0,3.0,3.0,3.0,3.0,3.0,3.0,3.0,3.0,3.0,3.0,3.0,3.0,3.0,3.0,3.0,3.0,3.0,3.0,3.0,0.05,0.05,0.05,0.05,0.05,0.05,0.05,0.05,0.05,0.05,0.05,0.05,0.05,0.05,0.05,0.05,0.05,0.05,0.05,0.05,0.0,0.0,0.0,0.0,0.0,0.0,0.0,0.0,0.0,0.0,0.0,0.0,0.0,0.0,0.0,0.0,0.0,0.0,0.0,0.0
0.691443681716919,0.4282943606376649,0.3579467236995697,0.4729897379875186,0.47706696391105635,-0.04228141531348226,0.39857971668243425,0.22872821986675254,0.92021107673645,-0.04629426077008245,0.7078890800476076,0.48644009232521057,0.9870532751083372,-0.12690146267414087,0.8386261463165283,0.523246705532074,0.9473088383674619,-0.11463809758424745,1.0619404315948486,0.3492325842380525,0.010260939598083496,-0.09367689490318298,-0.05364269018173218,-0.28188228607177734,0.1942843198776245,-0.038440339267253876,-0.13261660933494568,0.12014582753181458,0.2681329846382141,-0.025918614119291306,-0.1898244023323059,0.08497685194015503,0.2554163336753845,-0.0850483775138855,-0.1377493143081665,0.010907649993896484,0.22030174732208252,-0.1610487699508667,-0.1125335693359375,-0.1662231981754303,3.0,3.0,3.0,3.0,3.0,3.0,3.0,3.0,3.0,3.0,3.0,3.0,3.0,3.0,3.0,3.0,3.0,3.0,3.0,3.0,0.05,0.05,0.05,0.05,0.05,0.05,0.05,0.05,0.05,0.05,0.05,0.05,0.05,0.05,0.05,0.05,0.05,0.05,0.05,0.05,0.0,0.0,0.0,0.0,0.0,0.0,0.0,0.0,0.0,0.0,0.0,0.0,0.0,0.0,0.0,0.0,0.0,0.0,0.0,0.0,0.4965754747390735,0.40755167603492737,0.2905020415782923,0.09194380789995117,0.4184276163578039,-0.038644291460514194,0.41574701666832015,0.1472114622592928,0.885583937168121,-0.008584575727582236,0.5980363488197317,0.4553704559803005,1.0458359718322747,0.13068470358848547,0.8289685249328599,0.4839434623718253,0.9611728191375718,0.08330301940441115,1.0902554988861075,0.18976156413555043,1.414400339126587,0.0020615756511688232,0.6369642913341522,0.8686140179634094,-0.6309576332569122,0.14356505125761032,-0.4951797425746918,-0.232648104429245,0.3527343273162842,0.29181092977523804,1.0958284139633179,0.46150311827659607,0.8702099323272705,0.25476403534412384,1.6371488571166992,0.961940735578537,1.4787524938583374,0.19941087812185287,1.209595799446106,1.1525694280862808,3.0,3.0,3.0,3.0,3.0,3.0,3.0,3.0,3.0,3.0,3.0,3.0,3.0,3.0,3.0,3.0,3.0,3.0,3.0,3.0,0.05,0.05,0.05,0.05,0.05,0.05,0.05,0.05,0.05,0.05,0.05,0.05,0.05,0.05,0.05,0.05,0.05,0.05,0.05,0.05,0.0,0.0,0.0,0.0,0.0,0.0,0.0,0.0,0.0,0.0,0.0,0.0,0.0,0.0,0.0,0.0,0.0,0.0,0.0,0.0
0.692832350730896,0.42562586069107056,0.3567742109298706,0.46719813346862793,0.4813518524169922,-0.043357618153095245,0.3968837857246399,0.2318381816148758,0.9265384674072266,-0.04697069525718689,0.706690788269043,0.49003466963768005,0.9931371212005615,-0.12831532955169678,0.8383131623268127,0.5249136090278625,0.951670229434967,-0.1171378642320633,1.0616827011108398,0.3473522663116455,0.11107772588729858,-0.15410929918289462,-0.051934272050857544,-0.25660023093224266,0.28978288173675953,-0.0602375715971,0.009045004844661364,0.1944441348314306,0.381425023078924,-0.022762734442949815,0.1077950000762884,0.26500821113586426,0.39680600166321356,-0.05509741604328294,0.12465417385101318,0.1490071415901184,0.35206526517868597,-0.10584406554699291,0.17299652099609375,0.00020712614059170686,3.0,3.0,3.0,3.0,3.0,3.0,3.0,3.0,3.0,3.0,3.0,3.0,3.0,3.0,3.0,3.0,3.0,3.0,3.0,3.0,0.05,0.05,0.05,0.05,0.05,0.05,0.05,0.05,0.05,0.05,0.05,0.05,0.05,0.05,0.05,0.05,0.05,0.05,0.05,0.05,0.0,0.0,0.0,0.0,0.0,0.0,0.0,0.0,0.0,0.0,0.0,0.0,0.0,0.0,0.0,0.0,0.0,0.0,0.0,0.0,0.52525395154953,0.4075278341770172,0.30166691541671753,0.10949696600437164,0.40473031997680664,-0.03553707152605057,0.4051415026187897,0.1422501653432846,0.8920985460281372,-0.002664141356945038,0.6183111071586609,0.463358074426651,1.0625536441802979,0.13582944869995117,0.8611534237861633,0.5027614235877991,0.9899461269378662,0.08793139457702637,1.113537311553955,0.2122391313314438,1.453579962253601,0.03513023257255554,0.49824044108392196,0.8870577439665985,-0.7230512797832628,0.1287059858441384,-0.5631431937217823,-0.27094446122646815,0.19041299819947122,0.2558887354098325,0.8333519101143133,0.29416009783745783,0.6993025541305709,0.2062819898128572,1.4799922704697015,0.8674427866935952,1.3171255588531854,0.20021609961986958,1.0447919368744119,1.047694683074977,3.0,3.0,3.0,3.0,3.0,3.0,3.0,3.0,3.0,3.0,3.0,3.0,3.0,3.0,3.0,3.0,3.0,3.0,3.0,3.0,0.05,0.05,0.05,0.05,0.05,0.05,0.05,0.05,0.05,0.05,0.05,0.05,0.05,0.05,0.05,0.05,0.05,0.05,0.05,0.05,0.0,0.0,0.0,0.0,0.0,0.0,0.0,0.0,0.0,0.0,0.0,0.0,0.0,0.0,0.0,0.0,0.0,0.0,0.0,0.0
0.6958867907524109,0.4221299886703491,0.3558693528175354,0.4627257287502289,0.48865827918052673,-0.04469091817736626,0.3989415168762207,0.23650598526000977,0.9354680776596069,-0.047204770147800446,0.7122008800506592,0.49704042077064514,1.0029255151748657,-0.1291053593158722,0.8436123132705688,0.5292069911956787,0.9613914489746094,-0.11887186020612717,1.0688602924346924,0.34924086928367615,0.18998682498931885,-0.20042136311531067,-0.031650811433792114,-0.19581913948059082,0.4178866744041443,-0.09904168546199799,0.1957714557647705,0.273909792304039,0.4951015114784241,-0.027037132531404495,0.4406377673149109,0.4319019615650177,0.5332410335540771,-0.025330111384391785,0.3962963819503784,0.28187185525894165,0.5381569266319275,-0.04358142614364624,0.5115777254104614,0.18560737371444702,3.0,3.0,3.0,3.0,3.0,3.0,3.0,3.0,3.0,3.0,3.0,3.0,3.0,3.0,3.0,3.0,3.0,3.0,3.0,3.0,0.05,0.05,0.05,0.05,0.05,0.05,0.05,0.05,0.05,0.05,0.05,0.05,0.05,0.05,0.05,0.05,0.05,0.05,0.05,0.05,0.0,0.0,0.0,0.0,0.0,0.0,0.0,0.0,0.0,0.0,0.0,0.0,0.0,0.0,0.0,0.0,0.0,0.0,0.0,0.0,0.5547186732292175,0.4089568853378296,0.31043165922164917,0.1274261176586151,0.3895055651664734,-0.03349605202674866,0.39322128891944885,0.13637368381023407,0.8932004570960999,0.0016509736888110638,0.6313704252243042,0.46713685989379883,1.0738080739974976,0.13893598318099976,0.888168215751648,0.5186411738395691,1.0138578414916992,0.09131166338920593,1.132047176361084,0.2316693514585495,1.4420673251152039,0.04136338829994202,0.42474642395973206,0.8956458419561386,-0.7668949663639069,0.07003452628850937,-0.6238117814064026,-0.316103920340538,-0.097714364528656,0.18931287340819836,0.48699527978897095,0.09857118129730225,0.46161115169525146,0.1468278467655182,1.2301847338676453,0.7194444537162781,1.0859549045562744,0.1592397689819336,0.809633731842041,0.8945677429437637,3.0,3.0,3.0,3.0,3.0,3.0,3.0,3.0,3.0,3.0,3.0,3.0,3.0,3.0,3.0,3.0,3.0,3.0,3.0,3.0,0.05,0.05,0.05,0.05,0.05,0.05,0.05,0.05,0.05,0.05,0.05,0.05,0.05,0.05,0.05,0.05,0.05,0.05,0.05,0.05,0.0,0.0,0.0,0.0,0.0,0.0,0.0,0.0,0.0,0.0,0.0,0.0,0.0,0.0,0.0,0.0,0.0,0.0,0.0,0.0
0.7004318237304688,0.41760900616645813,0.3555081784725189,0.4593653678894043,0.49806731939315796,-0.047319285571575165,0.4047146439552307,0.24279457330703735,0.9463425278663635,-0.04805218055844307,0.7243162989616394,0.5073107481002808,1.0144667625427246,-0.12932853400707245,0.8541650176048279,0.5361884832382202,0.9731965065002441,-0.11888112127780914,1.0821458101272583,0.3547765612602234,0.22757947444915771,-0.2510480582714081,-0.014773011207580566,-0.19635185599327087,0.49228593707084656,-0.14834022149443626,0.35719648003578186,0.3442928194999695,0.5824461579322815,-0.04645101726055145,0.7205814123153687,0.5666740238666534,0.6478309631347656,-0.004765763878822327,0.654149055480957,0.417858362197876,0.6557941436767578,0.025523081421852112,0.7991224527359009,0.37327855825424194,3.0,3.0,3.0,3.0,3.0,3.0,3.0,3.0,3.0,3.0,3.0,3.0,3.0,3.0,3.0,3.0,3.0,3.0,3.0,3.0,0.05,0.05,0.05,0.05,0.05,0.05,0.05,0.05,0.05,0.05,0.05,0.05,0.05,0.05,0.05,0.05,0.05,0.05,0.05,0.05,0.0,0.0,0.0,0.0,0.0,0.0,0.0,0.0,0.0,0.0,0.0,0.0,0.0,0.0,0.0,0.0,0.0,0.0,0.0,0.0,0.5829366445541382,0.4091823697090149,0.3186567723751068,0.1453227996826172,0.37405452132225037,-0.03273569047451019,0.38018903136253357,0.12960600852966309,0.888189971446991,0.004908373579382896,0.6377909183502197,0.4673009216785431,1.081018090248108,0.1417025625705719,0.9103608131408691,0.5315392017364502,1.0333843231201172,0.09430098533630371,1.1459226608276367,0.24802184104919434,1.3739392161369324,-0.03698468208312988,0.3773830831050873,0.8831929415464401,-0.6787098944187164,0.040723755955696106,-0.6973370909690857,-0.37667732685804367,-0.3761395812034607,0.20105690928176045,0.18247514963150024,-0.0995241105556488,0.299796462059021,0.22333525121212006,0.9997949004173279,0.5546331405639648,0.8978754281997681,0.26329532265663147,0.5154639482498169,0.7445160299539566,3.0,3.0,3.0,3.0,3.0,3.0,3.0,3.0,3.0,3.0,3.0,3.0,3.0,3.0,3.0,3.0,3.0,3.0,3.0,3.0,0.05,0.05,0.05,0.05,0.05,0.05,0.05,0.05,0.05,0.05,0.05,0.05,0.05,0.05,0.05,0.05,0.05,0.05,0.05,0.05,0.0,0.0,0.0,0.0,0.0,0.0,0.0,0.0,0.0,0.0,0.0,0.0,0.0,0.0,0.0,0.0,0.0,0.0,0.0,0.0
0.7049899697303772,0.4120880663394928,0.3552784323692322,0.45487165451049805,0.5083497166633606,-0.05062452703714371,0.413229376077652,0.25027769804000854,0.9587659239768982,-0.049062810838222504,0.7410241365432739,0.5197073817253113,1.0288387537002563,-0.12929598987102509,0.8697782754898071,0.5459213256835938,0.9876232147216797,-0.11785093694925308,1.1008251905441284,0.3641720116138458,0.2717122435569763,-0.22959411144256592,0.010147690773010254,-0.16326382756233215,0.5906343460083008,-0.18754247575998306,0.5502969026565552,0.42785927653312683,0.6214380264282227,-0.04372168332338333,1.0036945343017578,0.6993815302848816,0.6882548332214355,0.04876367747783661,0.8940652012825012,0.5554154515266418,0.6769150495529175,0.13344362378120422,1.0445833206176758,0.567607581615448,3.0,3.0,3.0,3.0,3.0,3.0,3.0,3.0,3.0,3.0,3.0,3.0,3.0,3.0,3.0,3.0,3.0,3.0,3.0,3.0,0.05,0.05,0.05,0.05,0.05,0.05,0.05,0.05,0.05,0.05,0.05,0.05,0.05,0.05,0.05,0.05,0.05,0.05,0.05,0.05,0.0,0.0,0.0,0.0,0.0,0.0,0.0,0.0,0.0,0.0,0.0,0.0,0.0,0.0,0.0,0.0,0.0,0.0,0.0,0.0,0.6096762418746948,0.4074774980545044,0.32552698254585266,0.16275383532047272,0.36235716938972473,-0.03186710178852081,0.3653278052806854,0.12130659073591232,0.8781548738479614,0.009693250060081482,0.6386694312095642,0.4631558954715729,1.0857999324798584,0.14786939322948456,0.9281600117683411,0.5408264994621277,1.04977285861969,0.10184347629547119,1.1526657342910767,0.26144999265670776,1.324857771396637,-0.07629692554473877,0.3297939896583557,0.8799664676189423,-0.662028044462204,0.04871007986366749,-0.7949717342853546,-0.43905768543481827,-0.608418881893158,0.29177330434322357,-0.1017838716506958,-0.27877315878868103,0.15495121479034424,0.3157559782266617,0.7363170385360718,0.3745168447494507,0.745895504951477,0.36911871284246445,0.21981298923492432,0.582239031791687,3.0,3.0,3.0,3.0,3.0,3.0,3.0,3.0,3.0,3.0,3.0,3.0,3.0,3.0,3.0,3.0,3.0,3.0,3.0,3.0,0.05,0.05,0.05,0.05,0.05,0.05,0.05,0.05,0.05,0.05,0.05,0.05,0.05,0.05,0.05,0.05,0.05,0.05,0.05,0.05,0.0,0.0,0.0,0.0,0.0,0.0,0.0,0.0,0.0,0.0,0.0,0.0,0.0,0.0,0.0,0.0,0.0,0.0,0.0,0.0
0.7113003134727478,0.4084252417087555,0.35591408610343933,0.452834814786911,0.52169269323349,-0.05482098460197449,0.4267265200614929,0.2599089443683624,0.9712000489234924,-0.0498010478913784,0.7644640803337097,0.535286009311676,1.041996955871582,-0.12737798690795898,0.8899276256561279,0.5584051012992859,1.0002731084823608,-0.11354337632656097,1.1239291429519653,0.3774808645248413,0.28695911169052124,-0.19721463322639465,0.008939206600189209,-0.10335221886634827,0.5786553025245667,-0.17006462439894676,0.7403843104839325,0.5089931190013885,0.5931586027145386,0.01375339925289154,1.3508513569831848,0.8643805980682373,0.6558150053024292,0.15067532658576965,1.2037649750709534,0.7476598024368286,0.6661176681518555,0.28034523129463196,1.374143362045288,0.8561089634895325,3.0,3.0,3.0,3.0,3.0,3.0,3.0,3.0,3.0,3.0,3.0,3.0,3.0,3.0,3.0,3.0,3.0,3.0,3.0,3.0,0.05,0.05,0.05,0.05,0.05,0.05,0.05,0.05,0.05,0.05,0.05,0.05,0.05,0.05,0.05,0.05,0.05,0.05,0.05,0.05,0.0,0.0,0.0,0.0,0.0,0.0,0.0,0.0,0.0,0.0,0.0,0.0,0.0,0.0,0.0,0.0,0.0,0.0,0.0,0.0,0.6359309554100037,0.40613049268722534,0.33184853196144104,0.18052145838737488,0.3475733995437622,-0.030787287279963493,0.3483901619911194,0.11204370111227036,0.8638532161712646,0.01657930575311184,0.6337195634841919,0.45614999532699585,1.0872161388397217,0.15433280169963837,0.939813494682312,0.5465198755264282,1.0632201433181763,0.10906573385000229,1.1547151803970337,0.2713114023208618,1.2524902820587158,-0.08515417575836182,0.32494962215423584,0.8846044540405273,-0.6537966430187225,0.011245626956224442,-0.8695967495441437,-0.4618436098098755,-0.8146047592163086,0.2327494788914919,-0.38691163063049316,-0.4314444959163666,0.04239380359649658,0.28940774500370026,0.5008235573768616,0.21468102931976318,0.6312578916549683,0.34303292632102966,-0.021839141845703125,0.4346773028373718,3.0,3.0,3.0,3.0,3.0,3.0,3.0,3.0,3.0,3.0,3.0,3.0,3.0,3.0,3.0,3.0,3.0,3.0,3.0,3.0,0.05,0.05,0.05,0.05,0.05,0.05,0.05,0.05,0.05,0.05,0.05,0.05,0.05,0.05,0.05,0.05,0.05,0.05,0.05,0.05,0.0,0.0,0.0,0.0,0.0,0.0,0.0,0.0,0.0,0.0,0.0,0.0,0.0,0.0,0.0,0.0,0.0,0.0,0.0,0.0
0.716468334197998,0.404199481010437,0.35563600063323975,0.4507375657558441,0.5314959287643433,-0.05742711201310158,0.4428447484970093,0.2706374228000641,0.9824922680854797,-0.04851267486810684,0.7950581908226013,0.5542826056480408,1.0550713539123535,-0.1232689768075943,0.9179288744926453,0.5758277177810669,1.014267921447754,-0.1066371276974678,1.15579092502594,0.3984163701534271,0.3174588084220886,-0.2135351300239563,-0.002905726432800293,-0.0732421875,0.5882695317268372,-0.1713484525680542,0.9375467896461487,0.5857519805431366,0.5525738000869751,0.05924282595515251,1.591026782989502,0.9692832827568054,0.6206810474395752,0.23420080542564392,1.4438241720199585,0.8969366550445557,0.6715476512908936,0.4044750705361366,1.6082912683486938,1.0889656841754913,3.0,3.0,3.0,3.0,3.0,3.0,3.0,3.0,3.0,3.0,3.0,3.0,3.0,3.0,3.0,3.0,3.0,3.0,3.0,3.0,0.05,0.05,0.05,0.05,0.05,0.05,0.05,0.05,0.05,0.05,0.05,0.05,0.05,0.05,0.05,0.05,0.05,0.05,0.05,0.05,0.0,0.0,0.0,0.0,0.0,0.0,0.0,0.0,0.0,0.0,0.0,0.0,0.0,0.0,0.0,0.0,0.0,0.0,0.0,0.0,0.6597758531570435,0.4040713310241699,0.3385249674320221,0.1981380134820938,0.33620530366897583,-0.031417276710271835,0.3305439352989197,0.1028328463435173,0.8455706834793091,0.019003229215741158,0.6231929659843445,0.4458981156349182,1.0874956846237183,0.15944570302963257,0.9481929540634155,0.5494137406349182,1.0750231742858887,0.11556479334831238,1.1517921686172485,0.27883708477020264,1.1503607034683228,-0.14752596616744995,0.3121092915534973,0.8560404181480408,-0.5184821784496307,-0.038796523585915565,-0.8881896734237671,-0.44085346162319183,-1.0007336735725403,0.09726546704769135,-0.6701365113258362,-0.5837209522724152,-0.07818937301635742,0.25857724249362946,0.2326279878616333,0.025491416454315186,0.515824556350708,0.35228561609983444,-0.2974361181259155,0.2834126353263855,3.0,3.0,3.0,3.0,3.0,3.0,3.0,3.0,3.0,3.0,3.0,3.0,3.0,3.0,3.0,3.0,3.0,3.0,3.0,3.0,0.05,0.05,0.05,0.05,0.05,0.05,0.05,0.05,0.05,0.05,0.05,0.05,0.05,0.05,0.05,0.05,0.05,0.05,0.05,0.05,0.0,0.0,0.0,0.0,0.0,0.0,0.0,0.0,0.0,0.0,0.0,0.0,0.0,0.0,0.0,0.0,0.0,0.0,0.0,0.0
0.7239986658096313,0.39988383650779724,0.3557978570461273,0.449905127286911,0.5452234745025635,-0.061674922704696655,0.46422839164733887,0.2833390235900879,0.9933030009269714,-0.0474313348531723,0.8281051516532898,0.5740573406219482,1.066824197769165,-0.11800995469093323,0.9476805925369263,0.5942825675010681,1.0271350145339966,-0.09736437350511551,1.188260793685913,0.42103949189186096,0.3709167242050171,-0.23604854941368103,0.03170296549797058,0.019773095846176147,0.7321327924728394,-0.21730763837695122,1.097998023033142,0.6384693086147308,0.6348296999931335,0.04847617819905281,1.6698896884918213,0.9827882051467896,0.6995022296905518,0.22596027702093124,1.5195637941360474,0.924527645111084,0.7208168506622314,0.42725950479507446,1.6369491815567017,1.127690076828003,3.0,3.0,3.0,3.0,3.0,3.0,3.0,3.0,3.0,3.0,3.0,3.0,3.0,3.0,3.0,3.0,3.0,3.0,3.0,3.0,0.05,0.05,0.05,0.05,0.05,0.05,0.05,0.05,0.05,0.05,0.05,0.05,0.05,0.05,0.05,0.05,0.05,0.05,0.05,0.05,0.0,0.0,0.0,0.0,0.0,0.0,0.0,0.0,0.0,0.0,0.0,0.0,0.0,0.0,0.0,0.0,0.0,0.0,0.0,0.0,0.6819453835487366,0.40022945404052734,0.34433290362358093,0.2147630751132965,0.326834112405777,-0.032339148223400116,0.3128625750541687,0.09440956264734268,0.823823869228363,0.020469924435019493,0.6069141030311584,0.43280115723609924,1.0840885639190674,0.16467589139938354,0.9491186141967773,0.5475395321846008,1.0838531255722046,0.12315715849399567,1.142817735671997,0.28264790773391724,1.0469481348991394,-0.22358745336532593,0.29300153255462646,0.7892988622188568,-0.5150467157363892,-0.0459880568087101,-0.8832797408103943,-0.4162294790148735,-1.2009352445602417,0.03582225181162357,-0.9318292140960693,-0.6957598030567169,-0.2877920866012573,0.23132897913455963,-0.09655952453613281,-0.16716718673706055,0.27756989002227783,0.3479957580566406,-0.5619555711746216,0.09978115558624268,3.0,3.0,3.0,3.0,3.0,3.0,3.0,3.0,3.0,3.0,3.0,3.0,3.0,3.0,3.0,3.0,3.0,3.0,3.0,3.0,0.05,0.05,0.05,0.05,0.05,0.05,0.05,0.05,0.05,0.05,0.05,0.05,0.05,0.05,0.05,0.05,0.05,0.05,0.05,0.05,0.0,0.0,0.0,0.0,0.0,0.0,0.0,0.0,0.0,0.0,0.0,0.0,0.0,0.0,0.0,0.0,0.0,0.0,0.0,0.0
0.7313050031661987,0.39475753903388977,0.35690411925315857,0.45152848958969116,0.5607812404632568,-0.06611941754817963,0.48676466941833496,0.2961761951446533,1.007885456085205,-0.04657362774014473,0.8618537783622742,0.5935941338539124,1.0830514430999756,-0.11423056572675705,0.9787114262580872,0.6128088235855103,1.0431005954742432,-0.08954674750566483,1.221268892288208,0.44352397322654724,0.4140526056289673,-0.29333606362342834,0.03404393792152405,0.11205300688743591,0.821685791015625,-0.2654721960425377,1.2266233563423157,0.6758309900760651,0.6626293063163757,0.04665590822696686,1.7430692911148071,1.0090038180351257,0.7174819707870483,0.23532435297966003,1.5943318605422974,0.9607836604118347,0.7747083902359009,0.4654714837670326,1.6871511936187744,1.178782433271408,3.0,3.0,3.0,3.0,3.0,3.0,3.0,3.0,3.0,3.0,3.0,3.0,3.0,3.0,3.0,3.0,3.0,3.0,3.0,3.0,0.05,0.05,0.05,0.05,0.05,0.05,0.05,0.05,0.05,0.05,0.05,0.05,0.05,0.05,0.05,0.05,0.05,0.05,0.05,0.05,0.0,0.0,0.0,0.0,0.0,0.0,0.0,0.0,0.0,0.0,0.0,0.0,0.0,0.0,0.0,0.0,0.0,0.0,0.0,0.0,0.701653778553009,0.3951278328895569,0.35024502873420715,0.22970996797084808,0.31560343503952026,-0.03325679898262024,0.2952127456665039,0.08618366718292236,0.7975332736968994,0.0204361192882061,0.5859197974205017,0.41806772351264954,1.075984001159668,0.16869886219501495,0.9443305730819702,0.5427270531654358,1.0861259698867798,0.129484623670578,1.1293139457702637,0.28282833099365234,0.9239628911018372,-0.24501606822013855,0.2849772572517395,0.7056724280118942,-0.5579285323619843,-0.0613093376159668,-0.8623316884040833,-0.39614420384168625,-1.3926878571510315,-0.09659738279879093,-1.158834993839264,-0.7788397371768951,-0.4978179931640625,0.15061721205711365,-0.35881102085113525,-0.3055855631828308,-0.002014636993408203,0.29160305857658386,-0.7641911506652832,-0.06524920463562012,3.0,3.0,3.0,3.0,3.0,3.0,3.0,3.0,3.0,3.0,3.0,3.0,3.0,3.0,3.0,3.0,3.0,3.0,3.0,3.0,0.05,0.05,0.05,0.05,0.05,0.05,0.05,0.05,0.05,0.05,0.05,0.05,0.05,0.05,0.05,0.05,0.05,0.05,0.05,0.05,0.0,0.0,0.0,0.0,0.0,0.0,0.0,0.0,0.0,0.0,0.0,0.0,0.0,0.0,0.0,0.0,0.0,0.0,0.0,0.0
0.74056077003479,0.3881503939628601,0.3571596145629883,0.45438724756240845,0.5780909061431885,-0.07229381054639816,0.5132933259010315,0.3103722631931305,1.0198081731796265,-0.04556509852409363,0.8978279232978821,0.6144174933433533,1.095523476600647,-0.10859698057174683,1.0114538669586182,0.6327139139175415,1.0581233501434326,-0.0787455141544342,1.255746841430664,0.4681907892227173,0.4534989595413208,-0.3612317144870758,0.04384666681289673,0.18061846494674683,0.8739843964576721,-0.29319245368242264,1.3317212462425232,0.7054619491100311,0.6806284189224243,0.05490873008966446,1.8157899379730225,1.0395258665084839,0.7343530654907227,0.2576429396867752,1.6702905297279358,0.9985268115997314,0.8076906204223633,0.5095776170492172,1.7366409301757812,1.2289099395275116,3.0,3.0,3.0,3.0,3.0,3.0,3.0,3.0,3.0,3.0,3.0,3.0,3.0,3.0,3.0,3.0,3.0,3.0,3.0,3.0,0.05,0.05,0.05,0.05,0.05,0.05,0.05,0.05,0.05,0.05,0.05,0.05,0.05,0.05,0.05,0.05,0.05,0.05,0.05,0.05,0.0,0.0,0.0,0.0,0.0,0.0,0.0,0.0,0.0,0.0,0.0,0.0,0.0,0.0,0.0,0.0,0.0,0.0,0.0,0.0,0.7189038991928101,0.3904288113117218,0.3557319939136505,0.24298997223377228,0.3045169711112976,-0.03479152172803879,0.27836930751800537,0.07856379449367523,0.7681163549423218,0.016606029123067856,0.5605607032775879,0.40164756774902344,1.0641758441925049,0.1707005798816681,0.9347661733627319,0.5353161096572876,1.0837725400924683,0.13482128083705902,1.1122500896453857,0.28003793954849243,0.8658155798912048,-0.2222105860710144,0.25477781891822815,0.6336916238069534,-0.4481784999370575,-0.11552823707461357,-0.8080609142780304,-0.3450928255915642,-1.4411374926567078,-0.23614708334207535,-1.4162436127662659,-0.901409238576889,-0.6067901849746704,0.08013918995857239,-0.6257146596908569,-0.4786670207977295,-0.0983208417892456,0.2787388861179352,-0.9851187467575073,-0.23147538304328918,3.0,3.0,3.0,3.0,3.0,3.0,3.0,3.0,3.0,3.0,3.0,3.0,3.0,3.0,3.0,3.0,3.0,3.0,3.0,3.0,0.05,0.05,0.05,0.05,0.05,0.05,0.05,0.05,0.05,0.05,0.05,0.05,0.05,0.05,0.05,0.05,0.05,0.05,0.05,0.05,0.0,0.0,0.0,0.0,0.0,0.0,0.0,0.0,0.0,0.0,0.0,0.0,0.0,0.0,0.0,0.0,0.0,0.0,0.0,0.0
0.7494449615478516,0.38030827045440674,0.35865798592567444,0.45875322818756104,0.5957406163215637,-0.07784711569547653,0.5400335192680359,0.32439467310905457,1.035110592842102,-0.04437727853655815,0.9344853758811951,0.6351751685142517,1.1124255657196045,-0.10392484813928604,1.0455230474472046,0.6527498960494995,1.0754082202911377,-0.06916364282369614,1.2907345294952393,0.4926803708076477,0.4914805293083191,-0.40463805198669434,0.048188865184783936,0.2354748547077179,0.9108901023864746,-0.29759667813777924,1.4210402965545654,0.7274135947227478,0.6573081016540527,0.09365538135170937,1.8846645951271057,1.0752320289611816,0.7295072078704834,0.30630994588136673,1.7590373754501343,1.0458439588546753,0.8128613233566284,0.5759065970778465,1.7874956130981445,1.2831494212150574,3.0,3.0,3.0,3.0,3.0,3.0,3.0,3.0,3.0,3.0,3.0,3.0,3.0,3.0,3.0,3.0,3.0,3.0,3.0,3.0,0.05,0.05,0.05,0.05,0.05,0.05,0.05,0.05,0.05,0.05,0.05,0.05,0.05,0.05,0.05,0.05,0.05,0.05,0.05,0.05,0.0,0.0,0.0,0.0,0.0,0.0,0.0,0.0,0.0,0.0,0.0,0.0,0.0,0.0,0.0,0.0,0.0,0.0,0.0,0.0,0.7362864017486572,0.3862394094467163,0.3604361414909363,0.2550576329231262,0.29767629504203796,-0.03787792846560478,0.2628903090953827,0.0723799541592598,0.7398877739906311,0.010990235954523087,0.5292700529098511,0.382011353969574,1.0517123937606812,0.17190442979335785,0.9193019866943359,0.5235803723335266,1.08219313621521,0.1406341791152954,1.0899091958999634,0.2735693156719208,0.8243456482887268,-0.246439129114151,0.22010207176208496,0.5666468292474747,-0.32985731959342957,-0.14173323288559914,-0.7846377789974213,-0.30353590846061707,-1.4359042048454285,-0.3213755786418915,-1.672636717557907,-1.029685139656067,-0.6685644388198853,0.03371834754943848,-0.8835017681121826,-0.6514504551887512,-0.1254558563232422,0.2733323723077774,-1.2138187885284424,-0.3863580524921417,3.0,3.0,3.0,3.0,3.0,3.0,3.0,3.0,3.0,3.0,3.0,3.0,3.0,3.0,3.0,3.0,3.0,3.0,3.0,3.0,0.05,0.05,0.05,0.05,0.05,0.05,0.05,0.05,0.05,0.05,0.05,0.05,0.05,0.05,0.05,0.05,0.05,0.05,0.05,0.05,0.0,0.0,0.0,0.0,0.0,0.0,0.0,0.0,0.0,0.0,0.0,0.0,0.0,0.0,0.0,0.0,0.0,0.0,0.0,0.0
0.7602199912071228,0.37196487188339233,0.35908716917037964,0.46380624175071716,0.6145265102386475,-0.08419767767190933,0.5701349377632141,0.3394688069820404,1.0461004972457886,-0.04181888327002525,0.9732145071029663,0.6574267745018005,1.1247037649154663,-0.09634458273649216,1.0818153619766235,0.6745476722717285,1.0906378030776978,-0.05570925027132034,1.3272466659545898,0.5195167660713196,0.5052387714385986,-0.40095821022987366,0.0494442880153656,0.279100239276886,0.9282231330871582,-0.27525462210178375,1.4766544103622437,0.7373377680778503,0.6251752376556396,0.1434534788131714,1.9082412123680115,1.0852888226509094,0.6824463605880737,0.3604073077440262,1.7869561910629272,1.0626807808876038,0.7600128650665283,0.6246712058782578,1.7838060855865479,1.3072088360786438,3.0,3.0,3.0,3.0,3.0,3.0,3.0,3.0,3.0,3.0,3.0,3.0,3.0,3.0,3.0,3.0,3.0,3.0,3.0,3.0,0.05,0.05,0.05,0.05,0.05,0.05,0.05,0.05,0.05,0.05,0.05,0.05,0.05,0.05,0.05,0.05,0.05,0.05,0.05,0.05,0.0,0.0,0.0,0.0,0.0,0.0,0.0,0.0,0.0,0.0,0.0,0.0,0.0,0.0,0.0,0.0,0.0,0.0,0.0,0.0,0.7518777251243591,0.38057124614715576,0.3645360767841339,0.26565584540367126,0.2913226783275604,-0.04046085104346275,0.24698379635810852,0.06642235815525055,0.7106801867485046,0.0037510059773921967,0.4936552345752716,0.36046016216278076,1.0374332666397095,0.17204931378364563,0.8994261026382446,0.5092580914497375,1.0787543058395386,0.14575457572937012,1.063697338104248,0.26458361744880676,0.7692888379096985,-0.26628971099853516,0.17140433192253113,0.46130791306495667,-0.2309650182723999,-0.14561526477336884,-0.7335033267736435,-0.25872550904750824,-1.4134660363197327,-0.34760739654302597,-1.7896436154842377,-1.0734744369983673,-0.6788551807403564,-0.014114007353782654,-1.0245352983474731,-0.7323570549488068,-0.22453367710113525,0.24331249296665192,-1.357191801071167,-0.4862591624259949,3.0,3.0,3.0,3.0,3.0,3.0,3.0,3.0,3.0,3.0,3.0,3.0,3.0,3.0,3.0,3.0,3.0,3.0,3.0,3.0,0.05,0.05,0.05,0.05,0.05,0.05,0.05,0.05,0.05,0.05,0.05,0.05,0.05,0.05,0.05,0.05,0.05,0.05,0.05,0.05,0.0,0.0,0.0,0.0,0.0,0.0,0.0,0.0,0.0,0.0,0.0,0.0,0.0,0.0,0.0,0.0,0.0,0.0,0.0,0.0
0.7696545124053955,0.3642699420452118,0.36063575744628906,0.4699172377586365,0.63286954164505,-0.08885730057954788,0.5990996956825256,0.3538881838321686,1.0601176023483276,-0.038639139384031296,1.0108150243759155,0.6785867214202881,1.1397234201431274,-0.089508555829525,1.1170012950897217,0.6952571272850037,1.1058087348937988,-0.044176794588565826,1.3620867729187012,0.5449687242507935,0.5230933427810669,-0.35275816917419434,0.05685165524482727,0.3123767673969269,0.8634448051452637,-0.203588604927063,1.5317350625991821,0.7659003138542175,0.525277853012085,0.2416425384581089,1.9074827432632446,1.0871529579162598,0.5802929401397705,0.4583539441227913,1.797202229499817,1.0864496231079102,0.6549954414367676,0.7036549039185047,1.772269606590271,1.3612538576126099,3.0,3.0,3.0,3.0,3.0,3.0,3.0,3.0,3.0,3.0,3.0,3.0,3.0,3.0,3.0,3.0,3.0,3.0,3.0,3.0,0.05,0.05,0.05,0.05,0.05,0.05,0.05,0.05,0.05,0.05,0.05,0.05,0.05,0.05,0.05,0.05,0.05,0.05,0.05,0.05,0.0,0.0,0.0,0.0,0.0,0.0,0.0,0.0,0.0,0.0,0.0,0.0,0.0,0.0,0.0,0.0,0.0,0.0,0.0,0.0,0.7670579552650452,0.3755878210067749,0.3672923147678375,0.2735099494457245,0.28843769431114197,-0.043702539056539536,0.23355017602443695,0.06203093379735947,0.6833491325378418,-0.0029140599071979523,0.45768430829048157,0.3390723764896393,1.024558186531067,0.17133986949920654,0.878320574760437,0.49428609013557434,1.0732117891311646,0.1503666788339615,1.0356215238571167,0.254118949174881,0.6977781653404236,-0.3130964934825897,0.1641981303691864,0.3918647766113281,-0.12989789247512817,-0.14568129554390907,-0.6179459393024445,-0.19570579752326012,-1.348172128200531,-0.3518561366945505,-1.7484843730926514,-1.0320596396923065,-0.6939142942428589,-0.05205422639846802,-1.0670065879821777,-0.7369965314865112,-0.31732916831970215,0.1963973045349121,-1.370680332183838,-0.5244053900241852,3.0,3.0,3.0,3.0,3.0,3.0,3.0,3.0,3.0,3.0,3.0,3.0,3.0,3.0,3.0,3.0,3.0,3.0,3.0,3.0,0.05,0.05,0.05,0.05,0.05,0.05,0.05,0.05,0.05,0.05,0.05,0.05,0.05,0.05,0.05,0.05,0.05,0.05,0.05,0.05,0.0,0.0,0.0,0.0,0.0,0.0,0.0,0.0,0.0,0.0,0.0,0.0,0.0,0.0,0.0,0.0,0.0,0.0,0.0,0.0
0.7811437249183655,0.35785454511642456,0.36136123538017273,0.47630131244659424,0.649064302444458,-0.09234122186899185,0.6314043402671814,0.3701048195362091,1.067111611366272,-0.0321531817317009,1.049513816833496,0.7009128928184509,1.1479154825210571,-0.0780104249715805,1.1537034511566162,0.7180056571960449,1.1168376207351685,-0.027563054114580154,1.3981374502182007,0.573966920375824,0.4926145076751709,-0.29444247484207153,0.030056387186050415,0.34234821796417236,0.7897049188613892,-0.16303416341543198,1.5580371022224426,0.7877960801124573,0.42941272258758545,0.31194682233035564,1.8942534923553467,1.0756269097328186,0.4773437976837158,0.5266454070806503,1.7785757780075073,1.091286540031433,0.5776256322860718,0.7343209814280272,1.65557861328125,1.4182016253471375,3.0,3.0,3.0,3.0,3.0,3.0,3.0,3.0,3.0,3.0,3.0,3.0,3.0,3.0,3.0,3.0,3.0,3.0,3.0,3.0,0.05,0.05,0.05,0.05,0.05,0.05,0.05,0.05,0.05,0.05,0.05,0.05,0.05,0.05,0.05,0.05,0.05,0.05,0.05,0.05,0.0,0.0,0.0,0.0,0.0,0.0,0.0,0.0,0.0,0.0,0.0,0.0,0.0,0.0,0.0,0.0,0.0,0.0,0.0,0.0,0.7797888517379761,0.3680473864078522,0.37110400199890137,0.2813304364681244,0.2861267626285553,-0.046288102865219116,0.22226595878601074,0.058594126254320145,0.6567533016204834,-0.010323239490389824,0.42371585965156555,0.3191777765750885,1.0096766948699951,0.1699671447277069,0.8567458391189575,0.4797782301902771,1.0660611391067505,0.1536104679107666,1.0088701248168945,0.24360740184783936,0.6789341568946838,-0.33965110778808594,0.17819702625274658,0.37724971771240234,-0.02143159508705139,-0.16050022095441818,-0.4820536822080612,-0.10109692811965942,-1.1873573064804077,-0.3930310718715191,-1.7557494342327118,-1.0362029075622559,-0.6602898240089417,-0.10498091578483582,-1.1756658554077148,-0.7744334638118744,-0.24255812168121338,0.13252943754196167,-1.3970300555229187,-0.5703382194042206,3.0,3.0,3.0,3.0,3.0,3.0,3.0,3.0,3.0,3.0,3.0,3.0,3.0,3.0,3.0,3.0,3.0,3.0,3.0,3.0,0.05,0.05,0.05,0.05,0.05,0.05,0.05,0.05,0.05,0.05,0.05,0.05,0.05,0.05,0.05,0.05,0.05,0.05,0.05,0.05,0.0,0.0,0.0,0.0,0.0,0.0,0.0,0.0,0.0,0.0,0.0,0.0,0.0,0.0,0.0,0.0,0.0,0.0,0.0,0.0
0.7893590927124023,0.35249224305152893,0.3618380129337311,0.48361116647720337,0.6644577383995056,-0.09537866711616516,0.6614211797714233,0.38540002703666687,1.077294111251831,-0.02616126649081707,1.0865851640701294,0.7216117978096008,1.158817172050476,-0.06844273954629898,1.188144326210022,0.738908588886261,1.1289137601852417,-0.01480395533144474,1.4283099174499512,0.601696789264679,0.383506715297699,-0.24498477578163147,0.029519200325012207,0.3696821630001068,0.7779210805892944,-0.15740133821964264,1.4806389808654785,0.7639974355697632,0.511622428894043,0.27216626331210136,1.7767906188964844,0.9814620018005371,0.5286663770675659,0.4387170076370239,1.6141504049301147,0.9818628430366516,0.6089508533477783,0.5771827418357134,1.357761025428772,1.3683900237083435,3.0,3.0,3.0,3.0,3.0,3.0,3.0,3.0,3.0,3.0,3.0,3.0,3.0,3.0,3.0,3.0,3.0,3.0,3.0,3.0,0.05,0.05,0.05,0.05,0.05,0.05,0.05,0.05,0.05,0.05,0.05,0.05,0.05,0.05,0.05,0.05,0.05,0.05,0.05,0.05,0.0,0.0,0.0,0.0,0.0,0.0,0.0,0.0,0.0,0.0,0.0,0.0,0.0,0.0,0.0,0.0,0.0,0.0,0.0,0.0,0.7942153215408325,0.36200177669525146,0.3744201958179474,0.2885999381542206,0.2875804305076599,-0.05012254789471626,0.2142680287361145,0.05798705667257309,0.6358548402786255,-0.018635302782058716,0.3874543309211731,0.29762426018714905,0.9981465935707092,0.1671406328678131,0.8312939405441284,0.46330875158309937,1.063509464263916,0.15566785633563995,0.9797403216362,0.23130542039871216,0.6714627146720886,-0.34300386905670166,0.14524757862091064,0.37093907594680786,0.1359991729259491,-0.15874598175287247,-0.33001191914081573,0.0024133361876010895,-0.995151698589325,-0.37952899001538754,-1.7060890793800354,-1.00320503115654,-0.5727842450141907,-0.1382596790790558,-1.2317642569541931,-0.778324156999588,-0.18403828144073486,0.09879134595394135,-1.4297142624855042,-0.6055764853954315,3.0,3.0,3.0,3.0,3.0,3.0,3.0,3.0,3.0,3.0,3.0,3.0,3.0,3.0,3.0,3.0,3.0,3.0,3.0,3.0,0.05,0.05,0.05,0.05,0.05,0.05,0.05,0.05,0.05,0.05,0.05,0.05,0.05,0.05,0.05,0.05,0.05,0.05,0.05,0.05,0.0,0.0,0.0,0.0,0.0,0.0,0.0,0.0,0.0,0.0,0.0,0.0,0.0,0.0,0.0,0.0,0.0,0.0,0.0,0.0
0.7964839935302734,0.3480551540851593,0.3625420033931732,0.4910885989665985,0.6801811456680298,-0.09863727539777756,0.6906298995018005,0.40066471695899963,1.0875765085220337,-0.021266531199216843,1.1205854415893555,0.7401713728904724,1.1690621376037598,-0.06046174466609955,1.2182694673538208,0.757280170917511,1.1411956548690796,-0.004475744441151619,1.4524478912353516,0.6287025213241577,0.34869760274887085,-0.2150900661945343,0.03371015191078186,0.37355124950408936,0.7692128419876099,-0.16259904950857162,1.4473721385002136,0.7748983800411224,0.4999697208404541,0.24520368315279484,1.6339212656021118,0.8810415863990784,0.5023330450057983,0.3934023901820183,1.4240533113479614,0.870339572429657,0.6246715784072876,0.49521864857524633,1.0862112045288086,1.36614590883255,3.0,3.0,3.0,3.0,3.0,3.0,3.0,3.0,3.0,3.0,3.0,3.0,3.0,3.0,3.0,3.0,3.0,3.0,3.0,3.0,0.05,0.05,0.05,0.05,0.05,0.05,0.05,0.05,0.05,0.05,0.05,0.05,0.05,0.05,0.05,0.05,0.05,0.05,0.05,0.05,0.0,0.0,0.0,0.0,0.0,0.0,0.0,0.0,0.0,0.0,0.0,0.0,0.0,0.0,0.0,0.0,0.0,0.0,0.0,0.0,0.8066473603248596,0.3543272316455841,0.3769139051437378,0.2961679995059967,0.29156672954559326,-0.052637942135334015,0.2090654820203781,0.05869065970182419,0.6169472336769104,-0.025504399091005325,0.35547229647636414,0.2790495753288269,0.9867653250694275,0.16443675756454468,0.8074752688407898,0.4486452639102936,1.058699607849121,0.15756212174892426,0.9516815543174744,0.2193843424320221,0.6218373775482178,-0.3770560026168823,0.11414960026741028,0.38608163595199585,0.2483278512954712,-0.1272156834602356,-0.18721595406532288,0.07978435605764389,-0.8899897336959839,-0.33732326701283455,-1.536327600479126,-0.8828729391098022,-0.5352213978767395,-0.15839599072933197,-1.1740773916244507,-0.6995551288127899,-0.23109912872314453,0.06861947476863861,-1.3671576976776123,-0.5808118730783463,3.0,3.0,3.0,3.0,3.0,3.0,3.0,3.0,3.0,3.0,3.0,3.0,3.0,3.0,3.0,3.0,3.0,3.0,3.0,3.0,0.05,0.05,0.05,0.05,0.05,0.05,0.05,0.05,0.05,0.05,0.05,0.05,0.05,0.05,0.05,0.05,0.05,0.05,0.05,0.05,0.0,0.0,0.0,0.0,0.0,0.0,0.0,0.0,0.0,0.0,0.0,0.0,0.0,0.0,0.0,0.0,0.0,0.0,0.0,0.0
0.8033069968223572,0.34388864040374756,0.36318641901016235,0.49855321645736694,0.69522625207901,-0.10188262909650803,0.7193160653114319,0.41639596223831177,1.0972929000854492,-0.016353119164705276,1.1519420146942139,0.756853461265564,1.178910493850708,-0.05270664393901825,1.2451064586639404,0.7737221717834473,1.1539006233215332,0.005004790611565113,1.4717583656311035,0.656342625617981,0.3279343247413635,-0.1551613211631775,0.03772452473640442,0.39115026593208313,0.6931692361831665,-0.08308831602334976,1.439853012561798,0.8124157786369324,0.4551917314529419,0.31813369132578373,1.4965623617172241,0.7633715867996216,0.46243369579315186,0.44227447360754013,1.294735074043274,0.7862478494644165,0.6178617477416992,0.5264603067189455,0.8689701557159424,1.4519304037094116,3.0,3.0,3.0,3.0,3.0,3.0,3.0,3.0,3.0,3.0,3.0,3.0,3.0,3.0,3.0,3.0,3.0,3.0,3.0,3.0,0.05,0.05,0.05,0.05,0.05,0.05,0.05,0.05,0.05,0.05,0.05,0.05,0.05,0.05,0.05,0.05,0.05,0.05,0.05,0.05,0.0,0.0,0.0,0.0,0.0,0.0,0.0,0.0,0.0,0.0,0.0,0.0,0.0,0.0,0.0,0.0,0.0,0.0,0.0,0.0,0.8190888166427612,0.34691953659057617,0.3789861798286438,0.3040432035923004,0.29751354455947876,-0.05521117523312569,0.2067793905735016,0.061178430914878845,0.6002552509307861,-0.0321282334625721,0.32600122690200806,0.26230934262275696,0.9767377376556396,0.16080479323863983,0.7843308448791504,0.43532654643058777,1.0542654991149902,0.1584126353263855,0.9250540137290955,0.2080729454755783,0.5902424454689026,-0.3671705722808838,0.08141621947288513,0.367041677236557,0.3761284053325653,-0.07101548835635185,-0.02907179296016693,0.16027726233005524,-0.7078692317008972,-0.3359401598572731,-1.321972906589508,-0.7460065186023712,-0.5237013101577759,-0.17702318727970123,-1.107478141784668,-0.6183616816997528,-0.20605921745300293,0.0346943736076355,-1.2388601899147034,-0.5239211022853851,3.0,3.0,3.0,3.0,3.0,3.0,3.0,3.0,3.0,3.0,3.0,3.0,3.0,3.0,3.0,3.0,3.0,3.0,3.0,3.0,0.05,0.05,0.05,0.05,0.05,0.05,0.05,0.05,0.05,0.05,0.05,0.05,0.05,0.05,0.05,0.05,0.05,0.05,0.05,0.05,0.0,0.0,0.0,0.0,0.0,0.0,0.0,0.0,0.0,0.0,0.0,0.0,0.0,0.0,0.0,0.0,0.0,0.0,0.0,0.0
0.809601366519928,0.3418487012386322,0.3640509843826294,0.5067346096038818,0.7079079151153564,-0.10196080803871155,0.7482240200042725,0.43316134810447693,1.1057841777801514,-0.008541183546185493,1.1804479360580444,0.7707062363624573,1.1875594854354858,-0.04277076572179794,1.2700588703155518,0.7887300848960876,1.1659101247787476,0.0165826678276062,1.4872066974639893,0.6867797374725342,0.3024250268936157,-0.06941556930541992,0.052703917026519775,0.3332167863845825,0.6307512521743774,-0.02111867070198059,1.344914734363556,0.7761940360069275,0.3684818744659424,0.34686060389503837,1.291307806968689,0.6240874528884888,0.36290884017944336,0.44840089976787567,1.1190176010131836,0.6753861904144287,0.5379557609558105,0.5251494003459811,0.6951749324798584,1.385866105556488,3.0,3.0,3.0,3.0,3.0,3.0,3.0,3.0,3.0,3.0,3.0,3.0,3.0,3.0,3.0,3.0,3.0,3.0,3.0,3.0,0.05,0.05,0.05,0.05,0.05,0.05,0.05,0.05,0.05,0.05,0.05,0.05,0.05,0.05,0.05,0.05,0.05,0.05,0.05,0.05,0.0,0.0,0.0,0.0,0.0,0.0,0.0,0.0,0.0,0.0,0.0,0.0,0.0,0.0,0.0,0.0,0.0,0.0,0.0,0.0,0.8302570581436157,0.33964040875434875,0.3801705539226532,0.310849666595459,0.3066118657588959,-0.05547856166958809,0.20790261030197144,0.0651017501950264,0.5886324644088745,-0.03894200548529625,0.3025933802127838,0.24920931458473206,0.9658172726631165,0.15735583007335663,0.7631761431694031,0.42391079664230347,1.050457239151001,0.15894989669322968,0.9021271467208862,0.1984274983406067,0.5895614624023438,-0.3897145390510559,0.07551014423370361,0.3666318953037262,0.5050241947174072,-0.004556495696306229,0.13870932161808014,0.2475641667842865,-0.451602041721344,-0.32526878640055656,-1.0793894529342651,-0.5896899849176407,-0.4320010542869568,-0.17371922731399536,-1.0043621063232422,-0.5116373300552368,-0.14055073261260986,0.013732165098190308,-1.0739296674728394,-0.4393722862005234,3.0,3.0,3.0,3.0,3.0,3.0,3.0,3.0,3.0,3.0,3.0,3.0,3.0,3.0,3.0,3.0,3.0,3.0,3.0,3.0,0.05,0.05,0.05,0.05,0.05,0.05,0.05,0.05,0.05,0.05,0.05,0.05,0.05,0.05,0.05,0.05,0.05,0.05,0.05,0.05,0.0,0.0,0.0,0.0,0.0,0.0,0.0,0.0,0.0,0.0,0.0,0.0,0.0,0.0,0.0,0.0,0.0,0.0,0.0,0.0
0.8154039978981018,0.34111201763153076,0.36529457569122314,0.5118818879127502,0.7204563021659851,-0.10272737592458725,0.7731126546859741,0.44744372367858887,1.112032175064087,-0.002478695008903742,1.2035943269729614,0.7818169593811035,1.1934268474578857,-0.03477060794830322,1.2898671627044678,0.8007376194000244,1.1754188537597656,0.026010766625404358,1.4995653629302979,0.7117772698402405,0.28222501277923584,-0.03996416926383972,0.06012171506881714,0.2078324556350708,0.6032481789588928,-0.060059502720832825,1.1690571904182434,0.672699511051178,0.283658504486084,0.2670980291441083,1.0552018880844116,0.4992485046386719,0.2503305673599243,0.3540288656949997,0.898471474647522,0.5448088049888611,0.42446255683898926,0.41962526738643646,0.5561411380767822,1.1515244841575623,3.0,3.0,3.0,3.0,3.0,3.0,3.0,3.0,3.0,3.0,3.0,3.0,3.0,3.0,3.0,3.0,3.0,3.0,3.0,3.0,0.05,0.05,0.05,0.05,0.05,0.05,0.05,0.05,0.05,0.05,0.05,0.05,0.05,0.05,0.05,0.05,0.05,0.05,0.05,0.05,0.0,0.0,0.0,0.0,0.0,0.0,0.0,0.0,0.0,0.0,0.0,0.0,0.0,0.0,0.0,0.0,0.0,0.0,0.0,0.0,0.842671275138855,0.33133095502853394,0.38200658559799194,0.31870847940444946,0.31771451234817505,-0.055393435060977936,0.2123277634382248,0.0710809975862503,0.5821911692619324,-0.04513898491859436,0.28282564878463745,0.23872174322605133,0.9594576954841614,0.15385602414608002,0.7441563606262207,0.4148610532283783,1.0486434698104858,0.1589619219303131,0.8820968270301819,0.19049805402755737,0.5741775035858154,-0.3545306622982025,0.10297968983650208,0.37844181060791016,0.6325468420982361,0.020061247050762177,0.28846077620983124,0.32133664935827255,-0.19081979990005493,-0.24392567574977875,-0.8521534502506256,-0.44584013521671295,-0.2791568636894226,-0.11556148529052734,-0.9009629487991333,-0.4186898469924927,-0.06704330444335938,0.054202601313591,-0.935634970664978,-0.37192627787590027,3.0,3.0,3.0,3.0,3.0,3.0,3.0,3.0,3.0,3.0,3.0,3.0,3.0,3.0,3.0,3.0,3.0,3.0,3.0,3.0,0.05,0.05,0.05,0.05,0.05,0.05,0.05,0.05,0.05,0.05,0.05,0.05,0.05,0.05,0.05,0.05,0.05,0.05,0.05,0.05,0.0,0.0,0.0,0.0,0.0,0.0,0.0,0.0,0.0,0.0,0.0,0.0,0.0,0.0,0.0,0.0,0.0,0.0,0.0,0.0
0.8208903670310974,0.3402501344680786,0.3664558529853821,0.5150479078292847,0.7320378422737122,-0.10436318814754486,0.7949863076210022,0.46006932854652405,1.1171305179595947,0.0021427376195788383,1.222656011581421,0.7906761765480042,1.1975727081298828,-0.028609611093997955,1.3059977293014526,0.8105224370956421,1.1828886270523071,0.03336767852306366,1.5094523429870605,0.7328407168388367,0.23997575044631958,-0.07326602935791016,0.055730342864990234,0.15816837549209595,0.5359932780265808,-0.07505379617214203,1.0511144995689392,0.6133854389190674,0.2538144588470459,0.21315362537279725,0.8656978607177734,0.37530064582824707,0.19225478172302246,0.2817218191921711,0.7507383823394775,0.44545531272888184,0.33908188343048096,0.319606252014637,0.4449129104614258,1.007409393787384,3.0,3.0,3.0,3.0,3.0,3.0,3.0,3.0,3.0,3.0,3.0,3.0,3.0,3.0,3.0,3.0,3.0,3.0,3.0,3.0,0.05,0.05,0.05,0.05,0.05,0.05,0.05,0.05,0.05,0.05,0.05,0.05,0.05,0.05,0.05,0.05,0.05,0.05,0.05,0.05,0.0,0.0,0.0,0.0,0.0,0.0,0.0,0.0,0.0,0.0,0.0,0.0,0.0,0.0,0.0,0.0,0.0,0.0,0.0,0.0,0.8532241582870483,0.32545918226242065,0.3842897415161133,0.3259873390197754,0.3319137394428253,-0.0546761117875576,0.21944104135036469,0.0779552161693573,0.5809996724128723,-0.0486990325152874,0.2685072422027588,0.23137570917606354,0.9546509981155396,0.15273337066173553,0.7271376252174377,0.40716320276260376,1.0477755069732666,0.16111800074577332,0.8647017478942871,0.18355044722557068,0.461067259311676,-0.2744160592556,0.11932924389839172,0.3531612455844879,0.8045315742492676,0.12824060395359993,0.4306316375732422,0.367903895676136,0.09910017251968384,-0.08184295147657394,-0.5886547267436981,-0.29511116445064545,-0.17670243978500366,0.07897354662418365,-0.8289933204650879,-0.37361904978752136,-0.015667080879211426,0.2667810767889023,-0.8345350623130798,-0.3490231931209564,3.0,3.0,3.0,3.0,3.0,3.0,3.0,3.0,3.0,3.0,3.0,3.0,3.0,3.0,3.0,3.0,3.0,3.0,3.0,3.0,0.05,0.05,0.05,0.05,0.05,0.05,0.05,0.05,0.05,0.05,0.05,0.05,0.05,0.05,0.05,0.05,0.05,0.05,0.05,0.05,0.0,0.0,0.0,0.0,0.0,0.0,0.0,0.0,0.0,0.0,0.0,0.0,0.0,0.0,0.0,0.0,0.0,0.0,0.0,0.0
0.8250030279159546,0.33818137645721436,0.36752378940582275,0.5182086229324341,0.7418960332870483,-0.10572952777147293,0.8151572346687317,0.47197914123535156,1.1221847534179688,0.006047450006008148,1.2382222414016724,0.7968289852142334,1.2011170387268066,-0.02350173518061638,1.3198966979980469,0.8185558319091797,1.1889821290969849,0.03879501670598984,1.5173618793487549,0.7520736455917358,0.2085089683532687,-0.080910325050354,0.05303695797920227,0.1122400164604187,0.4600912332534707,-0.08476600050926035,0.9374573826789662,0.5551777780055889,0.21803379058837336,0.1746480120345921,0.6904602050781139,0.25436282157897394,0.15034377574920654,0.2351298462599475,0.6247788667678722,0.35576522350310724,0.26905238628386896,0.24474058300256366,0.355929136276234,0.8941233158111378,3.0,3.0,3.0,3.0,3.0,3.0,3.0,3.0,3.0,3.0,3.0,3.0,3.0,3.0,3.0,3.0,3.0,3.0,3.0,3.0,0.05,0.05,0.05,0.05,0.05,0.05,0.05,0.05,0.05,0.05,0.05,0.05,0.05,0.05,0.05,0.05,0.05,0.05,0.05,0.05,0.0,0.0,0.0,0.0,0.0,0.0,0.0,0.0,0.0,0.0,0.0,0.0,0.0,0.0,0.0,0.0,0.0,0.0,0.0,0.0,0.861113965511322,0.32035431265830994,0.3867797553539276,0.332834929227829,0.34989577531814575,-0.05026381090283394,0.22955302894115448,0.08579715341329575,0.5861551761627197,-0.04841270297765732,0.2592794597148895,0.2269172966480255,0.9523895978927612,0.15701496601104736,0.7109966278076172,0.39991629123687744,1.0480167865753174,0.1696331650018692,0.8487154245376587,0.17653712630271912,0.43253898620604636,-0.3251634538173606,0.11866465210914334,0.3495387732982566,0.8816815912723347,0.14862753450870306,0.5572885274886946,0.42060874402522036,0.3215387463569558,-0.014775712043045564,-0.41469335556029857,-0.15926584601402283,-0.010146200656893645,0.092314928770066,-0.7932230830192427,-0.3280088305473272,0.10980367660521906,0.23972205817699363,-0.7407516241073497,-0.3324557095766005,3.0,3.0,3.0,3.0,3.0,3.0,3.0,3.0,3.0,3.0,3.0,3.0,3.0,3.0,3.0,3.0,3.0,3.0,3.0,3.0,0.05,0.05,0.05,0.05,0.05,0.05,0.05,0.05,0.05,0.05,0.05,0.05,0.05,0.05,0.05,0.05,0.05,0.05,0.05,0.05,0.0,0.0,0.0,0.0,0.0,0.0,0.0,0.0,0.0,0.0,0.0,0.0,0.0,0.0,0.0,0.0,0.0,0.0,0.0,0.0
0.8292307257652282,0.33701372146606445,0.36857733130455017,0.5195375084877014,0.750441491603851,-0.10775382816791527,0.8324846029281608,0.4822764396667476,1.1258518695831297,0.009128658100962523,1.2502744197845455,0.8008506894111631,1.203586459159851,-0.019204417243600055,1.3309888839721675,0.8247530460357664,1.1936507225036619,0.043157301843166206,1.52368950843811,0.7686056494712822,0.18221735954284668,-0.06327331066131592,0.03227144479751587,0.05442798137664795,0.37420541048049927,-0.08225124329328537,0.7870227098464966,0.47053173184394836,0.1636803150177002,0.13324739411473274,0.5215227603912354,0.1522347331047058,0.10860562324523926,0.18978272564709187,0.49424171447753906,0.26942193508148193,0.1834869384765625,0.17566513270139694,0.2847433090209961,0.7605686783790588,3.0,3.0,3.0,3.0,3.0,3.0,3.0,3.0,3.0,3.0,3.0,3.0,3.0,3.0,3.0,3.0,3.0,3.0,3.0,3.0,0.05,0.05,0.05,0.05,0.05,0.05,0.05,0.05,0.05,0.05,0.05,0.05,0.05,0.05,0.05,0.05,0.05,0.05,0.05,0.05,0.0,0.0,0.0,0.0,0.0,0.0,0.0,0.0,0.0,0.0,0.0,0.0,0.0,0.0,0.0,0.0,0.0,0.0,0.0,0.0,0.8705257177352902,0.31245264410972623,0.389036327600479,0.33996888995170566,0.3671810030937187,-0.04873101040720948,0.24173258244991247,0.09477956593036611,0.5938612222671505,-0.04929006099700922,0.25191950798034685,0.22500507533550262,0.9542451500892638,0.15642596781253817,0.695408701896668,0.39404284954071067,1.0521676540374754,0.17070688307285306,0.8350716829299931,0.17025221884250666,0.42156726121902466,-0.3406316041946411,0.12839138507843018,0.3697127103805542,0.9115986526012421,0.10038791224360466,0.6434638053178787,0.4545394331216812,0.4694819450378418,-0.0661330297589302,-0.25407858192920685,-0.03170967102050781,0.14162808656692505,-0.033982470631599426,-0.6734669208526611,-0.23830682039260864,0.21691620349884033,0.039638951420784,-0.6024569272994995,-0.2768024802207947,3.0,3.0,3.0,3.0,3.0,3.0,3.0,3.0,3.0,3.0,3.0,3.0,3.0,3.0,3.0,3.0,3.0,3.0,3.0,3.0,0.05,0.05,0.05,0.05,0.05,0.05,0.05,0.05,0.05,0.05,0.05,0.05,0.05,0.05,0.05,0.05,0.05,0.05,0.05,0.05,0.0,0.0,0.0,0.0,0.0,0.0,0.0,0.0,0.0,0.0,0.0,0.0,0.0,0.0,0.0,0.0,0.0,0.0,0.0,0.0
0.8322917222976685,0.3356504440307617,0.3688146471977234,0.5203857421875,0.7568642497062683,-0.10901957750320435,0.8466381430625916,0.4908004105091095,1.1287319660186768,0.011377345770597458,1.2590831518173218,0.8029183745384216,1.2054612636566162,-0.015910426154732704,1.3396663665771484,0.829332709312439,1.1963216066360474,0.045821622014045715,1.5287516117095947,0.7824963927268982,0.12919604778290072,-0.04728659987449507,0.014600902795791626,0.031034648418423738,0.2970144152641352,-0.07078237831592629,0.6581738591194236,0.39725005626678744,0.13969838619232178,0.10167418513447136,0.3620207309722956,0.04136264324189065,0.07313191890716553,0.15109924133867125,0.3752171993255671,0.18112361431122104,0.07634162902832586,0.09571434929967135,0.22779405117035467,0.6305560469627464,3.0,3.0,3.0,3.0,3.0,3.0,3.0,3.0,3.0,3.0,3.0,3.0,3.0,3.0,3.0,3.0,3.0,3.0,3.0,3.0,0.05,0.05,0.05,0.05,0.05,0.05,0.05,0.05,0.05,0.05,0.05,0.05,0.05,0.05,0.05,0.05,0.05,0.05,0.05,0.05,0.0,0.0,0.0,0.0,0.0,0.0,0.0,0.0,0.0,0.0,0.0,0.0,0.0,0.0,0.0,0.0,0.0,0.0,0.0,0.0,0.877976655960083,0.3067290484905243,0.3919154107570648,0.34762343764305115,0.38635972142219543,-0.04624829441308975,0.25529158115386963,0.103978730738163,0.6049344539642334,-0.051058024168014526,0.24911631643772125,0.2256489098072052,0.9580547213554382,0.1556556671857834,0.6840579509735107,0.3903840184211731,1.056693434715271,0.17121872305870056,0.8246171474456787,0.16546502709388733,0.358755886554718,-0.28118565678596497,0.14685094356536726,0.3911338746547671,1.0082125663757282,0.15053739771246685,0.7274333387613254,0.47899987548589534,0.6445974111556924,-0.06742319092154503,-0.031084567308431454,0.09845010936259738,0.23367404937743863,-0.0296916812658303,-0.4810869693756159,-0.13462230563164312,0.24146437644958496,0.01839883625507424,-0.4472166299820002,-0.20381659269333302,3.0,3.0,3.0,3.0,3.0,3.0,3.0,3.0,3.0,3.0,3.0,3.0,3.0,3.0,3.0,3.0,3.0,3.0,3.0,3.0,0.05,0.05,0.05,0.05,0.05,0.05,0.05,0.05,0.05,0.05,0.05,0.05,0.05,0.05,0.05,0.05,0.05,0.05,0.05,0.05,0.0,0.0,0.0,0.0,0.0,0.0,0.0,0.0,0.0,0.0,0.0,0.0,0.0,0.0,0.0,0.0,0.0,0.0,0.0,0.0
0.8343985676765442,0.33512225747108465,0.36916136741638184,0.5207788944244384,0.7623220682144164,-0.11058512330055233,0.8588115572929378,0.4981664419174191,1.1314398050308225,0.013195625506341378,1.2647552490234373,0.8025051951408387,1.2065117359161377,-0.013160447590053205,1.3459975719451902,0.8319979906082152,1.196704387664795,0.04698587581515306,1.532801270484924,0.793827891349792,0.07292777299880981,-0.025272369384765625,0.015858560800552368,0.03666281700134277,0.23782998323440552,-0.060702115297317505,0.558994710445404,0.3388933837413788,0.13018548488616943,0.08877539075911045,0.245550274848938,-0.04716366529464722,0.05660355091094971,0.13735750690102577,0.28598904609680176,0.1036524772644043,0.007590651512145996,0.06939340382814407,0.1822352409362793,0.5023017525672913,3.0,3.0,3.0,3.0,3.0,3.0,3.0,3.0,3.0,3.0,3.0,3.0,3.0,3.0,3.0,3.0,3.0,3.0,3.0,3.0,0.05,0.05,0.05,0.05,0.05,0.05,0.05,0.05,0.05,0.05,0.05,0.05,0.05,0.05,0.05,0.05,0.05,0.05,0.05,0.05,0.0,0.0,0.0,0.0,0.0,0.0,0.0,0.0,0.0,0.0,0.0,0.0,0.0,0.0,0.0,0.0,0.0,0.0,0.0,0.0,0.8848759531974789,0.30120521783828763,0.3949103653430937,0.35561424493789634,0.40750950574874784,-0.042709514498710806,0.2708299160003655,0.11393956094980193,0.6196451187133782,-0.05198698863387102,0.2506761252880096,0.22894307971000652,0.9635921120643614,0.15523830056190496,0.6761652231216434,0.38865795731544495,1.0618262290954588,0.17144283652305603,0.8171830177307131,0.16209955513477334,0.38081854581832886,-0.33768564462661743,0.14017000794410706,0.4140876233577728,1.056353747844696,0.19035059958696365,0.8290387690067291,0.5298519507050514,0.7934361696243286,-0.07224949076771736,0.15333257615566254,0.23172758519649506,0.3200605511665344,-0.06969869136810303,-0.3332272171974182,-0.03523603081703186,0.2886533737182617,-0.056855008006095886,-0.29239505529403687,-0.12272633612155914,3.0,3.0,3.0,3.0,3.0,3.0,3.0,3.0,3.0,3.0,3.0,3.0,3.0,3.0,3.0,3.0,3.0,3.0,3.0,3.0,0.05,0.05,0.05,0.05,0.05,0.05,0.05,0.05,0.05,0.05,0.05,0.05,0.05,0.05,0.05,0.05,0.05,0.05,0.05,0.05,0.0,0.0,0.0,0.0,0.0,0.0,0.0,0.0,0.0,0.0,0.0,0.0,0.0,0.0,0.0,0.0,0.0,0.0,0.0,0.0
0.8352088332176208,0.3346395492553711,0.3694489896297455,0.5218522548675537,0.7663774490356445,-0.11144766211509705,0.8689979314804077,0.5043561458587646,1.1339393854141235,0.014928361400961876,1.2689051628112793,0.8010318279266357,1.2077254056930542,-0.010416125878691673,1.3511059284210205,0.8334788084030151,1.1966252326965332,0.04859735816717148,1.536041021347046,0.8025884628295898,0.024096667766571045,0.0010222196578965614,0.012181699275969071,0.056591629981997404,0.1926332712173462,-0.02539828419685433,0.4794180393219022,0.2864927053451566,0.11271238327026922,0.0970088178291916,0.16952157020569403,-0.1039355993270874,0.04089176654815674,0.14280399773269908,0.2083748579025324,0.037395954132082854,-0.012359023094177246,0.0914964824914927,0.1457899808883667,0.37490278482437966,3.0,3.0,3.0,3.0,3.0,3.0,3.0,3.0,3.0,3.0,3.0,3.0,3.0,3.0,3.0,3.0,3.0,3.0,3.0,3.0,0.05,0.05,0.05,0.05,0.05,0.05,0.05,0.05,0.05,0.05,0.05,0.05,0.05,0.05,0.05,0.05,0.05,0.05,0.05,0.05,0.0,0.0,0.0,0.0,0.0,0.0,0.0,0.0,0.0,0.0,0.0,0.0,0.0,0.0,0.0,0.0,0.0,0.0,0.0,0.0,0.8932093977928162,0.2932216227054596,0.3975222110748291,0.36418694257736206,0.4286138713359833,-0.038634270429611206,0.2884531319141388,0.12517280876636505,0.6366719007492065,-0.05394800379872322,0.25524961948394775,0.234918013215065,0.9708571434020996,0.15286771953105927,0.670728862285614,0.3889745771884918,1.0682395696640015,0.16894452273845673,0.8129213452339172,0.16055597364902496,0.39536505937576294,-0.3466665744781494,0.11071190237999379,0.4044800996780423,1.036445796489717,0.19262051209807413,0.8726932108402238,0.5488475784659386,0.8813992142677252,-0.04886174574494501,0.2714365720748832,0.32231397926807054,0.39227753877639493,-0.09129755198955536,-0.2165213227272117,0.04411116242408475,0.30908286571502686,-0.10098181664943487,-0.17533153295517523,-0.057670101523401435,3.0,3.0,3.0,3.0,3.0,3.0,3.0,3.0,3.0,3.0,3.0,3.0,3.0,3.0,3.0,3.0,3.0,3.0,3.0,3.0,0.05,0.05,0.05,0.05,0.05,0.05,0.05,0.05,0.05,0.05,0.05,0.05,0.05,0.05,0.05,0.05,0.05,0.05,0.05,0.05,0.0,0.0,0.0,0.0,0.0,0.0,0.0,0.0,0.0,0.0,0.0,0.0,0.0,0.0,0.0,0.0,0.0,0.0,0.0,0.0
0.835362434387207,0.3351631462574005,0.3696486353874206,0.5230425596237183,0.7700273990631102,-0.1116010546684265,0.8779882788658139,0.5096261501312254,1.1359483003616333,0.01707597821950904,1.271536111831665,0.7983477711677552,1.208147406578064,-0.007448287680745241,1.3543325662612915,0.8334938287734985,1.1962100267410278,0.05064573511481277,1.5386328697204588,0.8088240027427672,-0.005085766315460205,0.04356801509857178,0.016560405492782593,0.055564939975738525,0.12942850589752197,-0.01777634024620056,0.39695799350738525,0.2337247133255005,0.07165968418121338,0.0935940071940422,0.09932518005371094,-0.16705244779586792,0.0020563602447509766,0.1334852771833539,0.1265406608581543,-0.034102797508239746,-0.06319880485534668,0.09452160447835922,0.1166313886642456,0.2425357699394226,3.0,3.0,3.0,3.0,3.0,3.0,3.0,3.0,3.0,3.0,3.0,3.0,3.0,3.0,3.0,3.0,3.0,3.0,3.0,3.0,0.05,0.05,0.05,0.05,0.05,0.05,0.05,0.05,0.05,0.05,0.05,0.05,0.05,0.05,0.05,0.05,0.05,0.05,0.05,0.05,0.0,0.0,0.0,0.0,0.0,0.0,0.0,0.0,0.0,0.0,0.0,0.0,0.0,0.0,0.0,0.0,0.0,0.0,0.0,0.0,0.9006905555725094,0.28733855485916165,0.39933884143829346,0.37179344892501803,0.4489673376083365,-0.03500469401478784,0.30573764443397444,0.13589346408843947,0.6549010872840872,-0.05394145846366882,0.2615335881710049,0.24183563888072934,0.9792832136154171,0.15158639848232275,0.6675043702125549,0.39042240381240834,1.0741895437240598,0.16740356385707864,0.8101697564125061,0.15979275107383728,0.3595307469367981,-0.2976171672344208,0.068722665309906,0.3377385437488556,0.9997494518756866,0.19062906503677368,0.8733339607715607,0.5368981510400772,0.9359642863273621,0.003277510404586792,0.350932776927948,0.3749024122953415,0.4446297883987427,-0.07386468350887299,-0.11259615421295166,0.10572224855422974,0.30951499938964844,-0.09485296905040741,-0.0909164547920227,-0.007771700620651245,3.0,3.0,3.0,3.0,3.0,3.0,3.0,3.0,3.0,3.0,3.0,3.0,3.0,3.0,3.0,3.0,3.0,3.0,3.0,3.0,0.05,0.05,0.05,0.05,0.05,0.05,0.05,0.05,0.05,0.05,0.05,0.05,0.05,0.05,0.05,0.05,0.05,0.05,0.05,0.05,0.0,0.0,0.0,0.0,0.0,0.0,0.0,0.0,0.0,0.0,0.0,0.0,0.0,0.0,0.0,0.0,0.0,0.0,0.0,0.0
0.8350054025650024,0.33638226985931396,0.3701114058494568,0.5240748524665833,0.7715545892715454,-0.11215871572494507,0.8848762512207031,0.5137051343917847,1.136805772781372,0.018672121688723564,1.2728781700134277,0.794349730014801,1.2078076601028442,-0.005076714791357517,1.3561675548553467,0.8321146965026855,1.1940972805023193,0.05237822234630585,1.5407062768936157,0.8122898936271667,-0.04767030477523804,0.07489025592803816,0.021773576736451583,0.07127076387405118,0.06327927112579623,0.002387538552282853,0.3174915909767151,0.18325895071029663,0.028264522552484683,0.07397877052426381,0.05974769592285156,-0.20241439342498502,-0.026541948318481445,0.11030681198462909,0.06269812583923895,-0.09142309427261075,-0.09834468364715021,0.08489266037940979,0.09330511093140204,0.12960433959960938,3.0,3.0,3.0,3.0,3.0,3.0,3.0,3.0,3.0,3.0,3.0,3.0,3.0,3.0,3.0,3.0,3.0,3.0,3.0,3.0,0.05,0.05,0.05,0.05,0.05,0.05,0.05,0.05,0.05,0.05,0.05,0.05,0.05,0.05,0.05,0.05,0.05,0.05,0.05,0.05,0.0,0.0,0.0,0.0,0.0,0.0,0.0,0.0,0.0,0.0,0.0,0.0,0.0,0.0,0.0,0.0,0.0,0.0,0.0,0.0,0.9075906276702881,0.28131693601608276,0.40027111768722534,0.3776964843273163,0.46860384941101074,-0.03100910782814026,0.3233864903450012,0.14664873480796814,0.674110472202301,-0.05381690338253975,0.2692869305610657,0.24991410970687866,0.9886423349380493,0.14991313219070435,0.666225016117096,0.393203467130661,1.0806201696395874,0.16515040397644043,0.8092846870422363,0.1602451056241989,0.5254253745078957,-0.42936578392982067,0.0680282711982727,0.47580301761626503,1.0552503168582874,0.055992230772978525,1.0396353900432518,0.6238754838705021,1.0860532522201483,-0.17342008650302296,0.5188226699829046,0.4982311278581564,0.6448209285736001,-0.2748850733041666,0.08480697870253961,0.20667761564254483,0.5317777395248302,-0.3339968621730714,0.09955465793609064,0.06363466382026464,3.0,3.0,3.0,3.0,3.0,3.0,3.0,3.0,3.0,3.0,3.0,3.0,3.0,3.0,3.0,3.0,3.0,3.0,3.0,3.0,0.05,0.05,0.05,0.05,0.05,0.05,0.05,0.05,0.05,0.05,0.05,0.05,0.05,0.05,0.05,0.05,0.05,0.05,0.05,0.05,0.0,0.0,0.0,0.0,0.0,0.0,0.0,0.0,0.0,0.0,0.0,0.0,0.0,0.0,0.0,0.0,0.0,0.0,0.0,0.0
0.8334556221961975,0.33815875649452204,0.37051957845687866,0.5258933901786803,0.7725585699081421,-0.11150555312633519,0.8906879425048825,0.5169565081596372,1.1370788812637327,0.020035129040479594,1.273926019668579,0.7902511954307558,1.2070857286453247,-0.003036015201360077,1.356840491294861,0.8298369050025941,1.1922762393951418,0.05404144152998916,1.5423650741577148,0.8140081763267516,-0.09177327156066895,0.12305304408073425,0.01908913254737854,0.0943407416343689,0.011298060417175293,0.04618894308805466,0.26567280292510986,0.14586150646209717,-0.02841055393218994,0.07492629811167717,0.03483593463897705,-0.21612197160720825,-0.05303323268890381,0.10089879506267607,-0.012025237083435059,-0.15394091606140137,-0.11943578720092773,0.08918121457099915,0.07464587688446045,0.031381845474243164,3.0,3.0,3.0,3.0,3.0,3.0,3.0,3.0,3.0,3.0,3.0,3.0,3.0,3.0,3.0,3.0,3.0,3.0,3.0,3.0,0.05,0.05,0.05,0.05,0.05,0.05,0.05,0.05,0.05,0.05,0.05,0.05,0.05,0.05,0.05,0.05,0.05,0.05,0.05,0.05,0.0,0.0,0.0,0.0,0.0,0.0,0.0,0.0,0.0,0.0,0.0,0.0,0.0,0.0,0.0,0.0,0.0,0.0,0.0,0.0,0.9217075705528253,0.27016392350196883,0.40205997228622437,0.39082556962966863,0.491177350282668,-0.0327650047838687,0.3473230600357045,0.16084848344325955,0.6983432173728932,-0.06087826192378974,0.2822864949703211,0.2617648839950556,1.0050760507583612,0.14059099555015608,0.6708966493606565,0.39868950843811013,1.095460653305053,0.15404368937015578,0.8141519427299497,0.16233813762664787,0.7426977157592773,-0.48043951392173767,0.045878440141677856,0.6326831877231598,1.1453777551651,-0.10753581300377846,1.2191876769065857,0.7170211523771286,1.2529954314231873,-0.2880956046283245,0.6929069757461548,0.6133027374744415,0.832560658454895,-0.4672929644584656,0.269375741481781,0.2895653247833252,0.7068395614624023,-0.5294628441333771,0.23475587368011475,0.09190551936626434,3.0,3.0,3.0,3.0,3.0,3.0,3.0,3.0,3.0,3.0,3.0,3.0,3.0,3.0,3.0,3.0,3.0,3.0,3.0,3.0,0.05,0.05,0.05,0.05,0.05,0.05,0.05,0.05,0.05,0.05,0.05,0.05,0.05,0.05,0.05,0.05,0.05,0.05,0.05,0.05,0.0,0.0,0.0,0.0,0.0,0.0,0.0,0.0,0.0,0.0,0.0,0.0,0.0,0.0,0.0,0.0,0.0,0.0,0.0,0.0
0.8313344717025757,0.34130439162254333,0.37087497115135193,0.527848482131958,0.7720065116882324,-0.11031115800142288,0.8955031633377075,0.5195395946502686,1.1356693506240845,0.02166917361319065,1.2742716073989868,0.7857048511505127,1.205686330795288,-0.0010407629888504744,1.3556865453720093,0.8259570598602295,1.1893198490142822,0.05594547092914581,1.5436921119689941,0.8135451674461365,-0.12609511613845825,0.1567251980304732,0.017956644296646118,0.08037686347961703,-0.051662325859069824,0.059262849390507785,0.22665858268738626,0.12396574020386297,-0.08642971515654962,0.0605144072324054,0.019547343254089355,-0.221931934356695,-0.09809434413909912,0.07873375434428678,-0.07881820201874334,-0.21329224109649936,-0.1758813858032282,0.08152723312378138,0.0597149133682251,-0.06302744150161466,3.0,3.0,3.0,3.0,3.0,3.0,3.0,3.0,3.0,3.0,3.0,3.0,3.0,3.0,3.0,3.0,3.0,3.0,3.0,3.0,0.05,0.05,0.05,0.05,0.05,0.05,0.05,0.05,0.05,0.05,0.05,0.05,0.05,0.05,0.05,0.05,0.05,0.05,0.05,0.05,0.0,0.0,0.0,0.0,0.0,0.0,0.0,0.0,0.0,0.0,0.0,0.0,0.0,0.0,0.0,0.0,0.0,0.0,0.0,0.0,0.9372985363006592,0.26209935545921326,0.40210625529289246,0.4030038118362427,0.5144189596176147,-0.0353105403482914,0.37215399742126465,0.17532958090305328,0.7242302894592285,-0.06534072756767273,0.29700320959091187,0.2744462192058563,1.0219447612762451,0.13122141361236572,0.6770000457763672,0.404786080121994,1.1088937520980835,0.14397189021110535,0.8186749219894409,0.1639213263988495,0.6625443696975875,-0.3967106342315785,0.0006981194019317627,0.49488842487336593,0.9948365390301014,-0.05707824602723347,1.1080056428909566,0.6531931459903877,1.1285215616226474,-0.15481747686863534,0.6082288920879503,0.5674511194229265,0.6581932306289839,-0.3927040845155827,0.21332949399948675,0.28191506862640936,0.44477581977845904,-0.40110312402249493,0.11924356222153265,0.04277266561985224,3.0,3.0,3.0,3.0,3.0,3.0,3.0,3.0,3.0,3.0,3.0,3.0,3.0,3.0,3.0,3.0,3.0,3.0,3.0,3.0,0.05,0.05,0.05,0.05,0.05,0.05,0.05,0.05,0.05,0.05,0.05,0.05,0.05,0.05,0.05,0.05,0.05,0.05,0.05,0.05,0.0,0.0,0.0,0.0,0.0,0.0,0.0,0.0,0.0,0.0,0.0,0.0,0.0,0.0,0.0,0.0,0.0,0.0,0.0,0.0
0.8284118175506592,0.34442776441574097,0.3712378442287445,0.529108464717865,0.7704920768737793,-0.10913503915071487,0.8997542858123779,0.5219151377677917,1.1336216926574707,0.02245570532977581,1.2747079133987427,0.781373918056488,1.2031619548797607,0.00011333497241139412,1.3536877632141113,0.8213052153587341,1.1852409839630127,0.057302530854940414,1.5447536706924438,0.811487078666687,-0.15136748552322388,0.1514934003353119,0.007300078868865967,0.09120702743530273,-0.07321387529373169,0.054453685879707336,0.2061903476715088,0.11580586433410645,-0.11171996593475342,0.035591283813118935,0.015187263488769531,-0.20560026168823242,-0.10215044021606445,0.047645818267483264,-0.07838904857635498,-0.2193242311477661,-0.1785874366760254,0.05434732884168625,0.047770142555236816,-0.11129677295684814,3.0,3.0,3.0,3.0,3.0,3.0,3.0,3.0,3.0,3.0,3.0,3.0,3.0,3.0,3.0,3.0,3.0,3.0,3.0,3.0,0.05,0.05,0.05,0.05,0.05,0.05,0.05,0.05,0.05,0.05,0.05,0.05,0.05,0.05,0.05,0.05,0.05,0.05,0.05,0.05,0.0,0.0,0.0,0.0,0.0,0.0,0.0,0.0,0.0,0.0,0.0,0.0,0.0,0.0,0.0,0.0,0.0,0.0,0.0,0.0,0.9482093453407288,0.2542954981327057,0.40208789706230164,0.41062110662460327,0.5309708118438721,-0.03504813462495804,0.3916432857513428,0.18697620928287506,0.7434840798377991,-0.06707096099853516,0.3066156506538391,0.28446292877197266,1.0314037799835205,0.12488283216953278,0.679429829120636,0.4099661111831665,1.1132516860961914,0.13799956440925598,0.818921685218811,0.16404904425144196,0.6659030914306641,-0.32573528587818146,0.04131495952606201,0.47163665294647217,0.887635350227356,-0.1772853545844555,1.0518349707126617,0.6176561117172241,1.036117970943451,-0.2684861421585083,0.4767976701259613,0.5278155207633972,0.5056917667388916,-0.5264388397336006,0.1815691590309143,0.35596564412117004,0.2246946096420288,-0.48034097999334335,0.10990053415298462,0.05417652428150177,3.0,3.0,3.0,3.0,3.0,3.0,3.0,3.0,3.0,3.0,3.0,3.0,3.0,3.0,3.0,3.0,3.0,3.0,3.0,3.0,0.05,0.05,0.05,0.05,0.05,0.05,0.05,0.05,0.05,0.05,0.05,0.05,0.05,0.05,0.05,0.05,0.05,0.05,0.05,0.05,0.0,0.0,0.0,0.0,0.0,0.0,0.0,0.0,0.0,0.0,0.0,0.0,0.0,0.0,0.0,0.0,0.0,0.0,0.0,0.0
0.8252797722816467,0.3473641276359558,0.37116697430610657,0.5314967632293701,0.7690779566764832,-0.10813301056623459,0.9037507772445679,0.5241718292236328,1.1312005519866943,0.02309282496571541,1.2748790979385376,0.7774808406829834,1.2016003131866455,0.0008650697418488562,1.352550983428955,0.8171840906143188,1.1821763515472412,0.05811936408281326,1.5456029176712036,0.8090932965278625,-0.1577138900756836,0.1397930085659027,-0.006972253322601318,0.1468867063522339,-0.0833556056022644,0.05445331335067749,0.18924027681350708,0.11001825332641602,-0.12036561965942383,0.028590252622961998,0.009623169898986816,-0.18119663000106812,-0.09247660636901855,0.03822747967205942,-0.059035420417785645,-0.2004861831665039,-0.14110207557678223,0.038534682244062424,0.0382155179977417,-0.1276552677154541,3.0,3.0,3.0,3.0,3.0,3.0,3.0,3.0,3.0,3.0,3.0,3.0,3.0,3.0,3.0,3.0,3.0,3.0,3.0,3.0,0.05,0.05,0.05,0.05,0.05,0.05,0.05,0.05,0.05,0.05,0.05,0.05,0.05,0.05,0.05,0.05,0.05,0.05,0.05,0.05,0.0,0.0,0.0,0.0,0.0,0.0,0.0,0.0,0.0,0.0,0.0,0.0,0.0,0.0,0.0,0.0,0.0,0.0,0.0,0.0,0.9639346599578857,0.249069944024086,0.40375885367393494,0.42186927795410156,0.549924373626709,-0.04240195453166962,0.4142273962497711,0.20003582537174225,0.7656750082969666,-0.07608017325401306,0.3160751163959503,0.2955588400363922,1.0421724319458008,0.1101638600230217,0.6842628121376038,0.4190247058868408,1.1178815364837646,0.12475825101137161,0.8230709433555603,0.16608838737010956,0.5510896444320679,-0.2539820969104767,0.05077943205833435,0.4452131688594818,0.7757261395454407,-0.1473916694521904,0.9802579879760742,0.6018746644258499,0.9557351469993591,-0.2036258578300476,0.3942906856536865,0.5548961460590363,0.4516035318374634,-0.43400414288043976,0.19111782312393188,0.4924878478050232,0.184747576713562,-0.3629831597208977,0.19845962524414062,0.13198405504226685,3.0,3.0,3.0,3.0,3.0,3.0,3.0,3.0,3.0,3.0,3.0,3.0,3.0,3.0,3.0,3.0,3.0,3.0,3.0,3.0,0.05,0.05,0.05,0.05,0.05,0.05,0.05,0.05,0.05,0.05,0.05,0.05,0.05,0.05,0.05,0.05,0.05,0.05,0.05,0.05,0.0,0.0,0.0,0.0,0.0,0.0,0.0,0.0,0.0,0.0,0.0,0.0,0.0,0.0,0.0,0.0,0.0,0.0,0.0,0.0
0.8221032619476318,0.3500194847583771,0.37095895409584045,0.5349839329719543,0.7671578526496887,-0.10695690661668777,0.9073238968849182,0.5263158679008484,1.1288070678710938,0.02359931543469429,1.2750928401947021,0.7741260528564453,1.199462890625,0.0016424341592937708,1.3513263463974,0.813285768032074,1.1795969009399414,0.05884391814470291,1.5462822914123535,0.8063808679580688,-0.13473033905029297,0.137464702129364,-0.006673485040664673,0.13396143913269043,-0.09287595748901367,0.05095489323139191,0.17178207635879517,0.1039162278175354,-0.12192428112030029,0.029385602101683617,0.012704730033874512,-0.15297532081604004,-0.10383427143096924,0.03599669871618971,-0.047022104263305664,-0.1789376139640808,-0.12665092945098877,0.03037620335817337,0.03057420253753662,-0.1393049955368042,3.0,3.0,3.0,3.0,3.0,3.0,3.0,3.0,3.0,3.0,3.0,3.0,3.0,3.0,3.0,3.0,3.0,3.0,3.0,3.0,0.05,0.05,0.05,0.05,0.05,0.05,0.05,0.05,0.05,0.05,0.05,0.05,0.05,0.05,0.05,0.05,0.05,0.05,0.05,0.05,0.0,0.0,0.0,0.0,0.0,0.0,0.0,0.0,0.0,0.0,0.0,0.0,0.0,0.0,0.0,0.0,0.0,0.0,0.0,0.0,0.9702529311180115,0.24413621425628662,0.404119074344635,0.42842963337898254,0.5619998574256897,-0.040943801403045654,0.43085360527038574,0.21105119585990906,0.7817134857177734,-0.07521599531173706,0.3223872780799866,0.3066587746143341,1.049467921257019,0.10752266645431519,0.6870745420455933,0.42966562509536743,1.1206415891647339,0.12348023802042007,0.8268600702285767,0.16932840645313263,0.19194632768630981,-0.11595077812671661,-0.04961937665939331,0.1623496413230896,0.4732683300971985,0.14875400811433792,0.6584204733371735,0.4908662289381027,0.6300374865531921,0.2085283398628235,0.23968294262886047,0.5521878600120544,0.22346079349517822,0.06896797567605972,0.13747215270996094,0.583389401435852,0.036141276359558105,0.17710570245981216,0.18679648637771606,0.2067703753709793,3.0,3.0,3.0,3.0,3.0,3.0,3.0,3.0,3.0,3.0,3.0,3.0,3.0,3.0,3.0,3.0,3.0,3.0,3.0,3.0,0.05,0.05,0.05,0.05,0.05,0.05,0.05,0.05,0.05,0.05,0.05,0.05,0.05,0.05,0.05,0.05,0.05,0.05,0.05,0.05,0.0,0.0,0.0,0.0,0.0,0.0,0.0,0.0,0.0,0.0,0.0,0.0,0.0,0.0,0.0,0.0,0.0,0.0,0.0,0.0
0.819890558719635,0.35286271572113037,0.37090003490448,0.5368552207946777,0.7653629183769226,-0.10609481483697891,0.9106220602989197,0.5283284783363342,1.1263235807418823,0.024268249049782753,1.2753872871398926,0.7713618278503418,1.1974469423294067,0.0023049376904964447,1.3506700992584229,0.8100265860557556,1.1771103143692017,0.0593344122171402,1.546825885772705,0.8035210967063904,-0.10254830121994019,0.13062655925750732,0.00540316104888916,0.06705373525619507,-0.08305162191390991,0.04209931939840317,0.16066282987594604,0.09736418724060059,-0.11001229286193848,0.03582215867936611,0.026097893714904785,-0.1214444637298584,-0.10536015033721924,0.031039974419400096,-0.020506978034973145,-0.1447141170501709,-0.11001527309417725,0.019088853150606155,0.024461746215820312,-0.14103800058364868,3.0,3.0,3.0,3.0,3.0,3.0,3.0,3.0,3.0,3.0,3.0,3.0,3.0,3.0,3.0,3.0,3.0,3.0,3.0,3.0,0.05,0.05,0.05,0.05,0.05,0.05,0.05,0.05,0.05,0.05,0.05,0.05,0.05,0.05,0.05,0.05,0.05,0.05,0.05,0.05,0.0,0.0,0.0,0.0,0.0,0.0,0.0,0.0,0.0,0.0,0.0,0.0,0.0,0.0,0.0,0.0,0.0,0.0,0.0,0.0,0.9716125130653381,0.24443191289901733,0.4017740786075592,0.42836326360702515,0.5688551068305969,-0.0364517942070961,0.44056421518325806,0.21967047452926636,0.7908765077590942,-0.06773903965950012,0.32566243410110474,0.3176463544368744,1.051110863685608,0.11292257905006409,0.6897616982460022,0.4423602819442749,1.119327187538147,0.1318424791097641,0.830542802810669,0.17435920238494873,0.07934421300888062,0.03639012575149536,-0.10219588875770569,-0.058110058307647705,0.3093212842941284,0.22841282188892365,0.4344560205936432,0.3929346799850464,0.42804181575775146,0.32373741269111633,0.15676766633987427,0.5076251924037933,0.08719563484191895,0.24560652673244476,0.13363808393478394,0.5875587463378906,-0.04912912845611572,0.37915613502264023,0.1818239688873291,0.24110525846481323,3.0,3.0,3.0,3.0,3.0,3.0,3.0,3.0,3.0,3.0,3.0,3.0,3.0,3.0,3.0,3.0,3.0,3.0,3.0,3.0,0.05,0.05,0.05,0.05,0.05,0.05,0.05,0.05,0.05,0.05,0.05,0.05,0.05,0.05,0.05,0.05,0.05,0.05,0.05,0.05,0.0,0.0,0.0,0.0,0.0,0.0,0.0,0.0,0.0,0.0,0.0,0.0,0.0,0.0,0.0,0.0,0.0,0.0,0.0,0.0
0.8180013298988342,0.35524454712867737,0.371175080537796,0.5376660823822021,0.7638357877731323,-0.10527293384075165,0.913750410079956,0.5302104353904724,1.1244065761566162,0.025032201781868935,1.2761367559432983,0.769268274307251,1.1952484846115112,0.0028840331360697746,1.350506067276001,0.8074972033500671,1.1751962900161743,0.05960747227072716,1.5472607612609863,0.8007393479347229,-0.08522123098373413,0.11168718338012695,0.017749518156051636,0.011454522609710693,-0.06768256425857544,0.03291536122560501,0.15837401151657104,0.09508132934570312,-0.09096264839172363,0.0395837239921093,0.047460198402404785,-0.09084343910217285,-0.10414719581604004,0.02611637464724481,0.009867548942565918,-0.10798871517181396,-0.08454322814941406,0.009426753968000412,0.019568204879760742,-0.13402551412582397,3.0,3.0,3.0,3.0,3.0,3.0,3.0,3.0,3.0,3.0,3.0,3.0,3.0,3.0,3.0,3.0,3.0,3.0,3.0,3.0,0.05,0.05,0.05,0.05,0.05,0.05,0.05,0.05,0.05,0.05,0.05,0.05,0.05,0.05,0.05,0.05,0.05,0.05,0.05,0.05,0.0,0.0,0.0,0.0,0.0,0.0,0.0,0.0,0.0,0.0,0.0,0.0,0.0,0.0,0.0,0.0,0.0,0.0,0.0,0.0,0.9734266996383667,0.24559181928634644,0.4000312387943268,0.42610523104667664,0.5743727087974548,-0.03180728852748871,0.44823184609413147,0.2267685830593109,0.7988351583480835,-0.06226649880409241,0.32865798473358154,0.32696378231048584,1.0529557466506958,0.11734692752361298,0.6924200654029846,0.45316797494888306,1.1186764240264893,0.13864648342132568,0.8341330289840698,0.17897261679172516,-0.00425875186920166,0.016170740127563477,-0.0260278582572937,-0.08854344487190247,0.2920389175415039,0.22478559985756874,0.3739774227142334,0.3433108329772949,0.4176422953605652,0.23304075002670288,0.16991272568702698,0.44695958495140076,0.1398622989654541,0.17307903617620468,0.12394487857818604,0.49610212445259094,0.018453598022460938,0.2605833113193512,0.17636418342590332,0.22619999945163727,3.0,3.0,3.0,3.0,3.0,3.0,3.0,3.0,3.0,3.0,3.0,3.0,3.0,3.0,3.0,3.0,3.0,3.0,3.0,3.0,0.05,0.05,0.05,0.05,0.05,0.05,0.05,0.05,0.05,0.05,0.05,0.05,0.05,0.05,0.05,0.05,0.05,0.05,0.05,0.05,0.0,0.0,0.0,0.0,0.0,0.0,0.0,0.0,0.0,0.0,0.0,0.0,0.0,0.0,0.0,0.0,0.0,0.0,0.0,0.0
0.8164817094802856,0.35733020305633545,0.37161001563072205,0.5373134016990662,0.7626556158065796,-0.10477820038795471,0.9169570207595825,0.5321317315101624,1.1226850748062134,0.025851598009467125,1.2772856950759888,0.7677280902862549,1.1932810544967651,0.003349592676386237,1.3510648012161255,0.8057070374488831,1.173728585243225,0.059711482375860214,1.5476086139678955,0.7981600761413574,-0.04857480525970459,0.11537671089172363,0.008985400199890137,-0.061862170696258545,-0.060014426708221436,0.03313198685646057,0.15774071216583252,0.09745657444000244,-0.09432435035705566,0.03848941996693611,0.06762146949768066,-0.06417036056518555,-0.10632574558258057,0.015733472537249327,0.04177093505859375,-0.07454752922058105,-0.06987452507019043,-0.011023785918951035,0.015652179718017578,-0.11662393808364868,3.0,3.0,3.0,3.0,3.0,3.0,3.0,3.0,3.0,3.0,3.0,3.0,3.0,3.0,3.0,3.0,3.0,3.0,3.0,3.0,0.05,0.05,0.05,0.05,0.05,0.05,0.05,0.05,0.05,0.05,0.05,0.05,0.05,0.05,0.05,0.05,0.05,0.05,0.05,0.05,0.0,0.0,0.0,0.0,0.0,0.0,0.0,0.0,0.0,0.0,0.0,0.0,0.0,0.0,0.0,0.0,0.0,0.0,0.0,0.0,0.9714421629905701,0.24507874250411987,0.40073296427726746,0.42482152581214905,0.5805366635322571,-0.02746037021279335,0.4555233120918274,0.23340290784835815,0.8075821995735168,-0.05841740965843201,0.3324589431285858,0.3355247378349304,1.056705355644226,0.11984574049711227,0.6947194933891296,0.46220436692237854,1.1200653314590454,0.14226581156253815,0.8375973701477051,0.18340720236301422,-0.07562041282653809,-0.035990774631500244,0.03109872341156006,-0.09464472532272339,0.2384662628173828,0.19162874668836594,0.3013141453266144,0.2896353602409363,0.37027299404144287,0.17783045768737793,0.14913156628608704,0.3784842789173126,0.16554296016693115,0.11324435472488403,0.08164644241333008,0.4011102020740509,0.07006227970123291,0.1622602343559265,0.1527935266494751,0.2069953829050064,3.0,3.0,3.0,3.0,3.0,3.0,3.0,3.0,3.0,3.0,3.0,3.0,3.0,3.0,3.0,3.0,3.0,3.0,3.0,3.0,0.05,0.05,0.05,0.05,0.05,0.05,0.05,0.05,0.05,0.05,0.05,0.05,0.05,0.05,0.05,0.05,0.05,0.05,0.05,0.05,0.0,0.0,0.0,0.0,0.0,0.0,0.0,0.0,0.0,0.0,0.0,0.0,0.0,0.0,0.0,0.0,0.0,0.0,0.0,0.0
0.816058337688446,0.3598596155643463,0.3715344965457916,0.5351915955543518,0.7614352107048035,-0.10394765436649323,0.9200600385665894,0.5341086983680725,1.120633602142334,0.02657177858054638,1.2788416147232056,0.7667014598846436,1.190995454788208,0.0035133720375597477,1.3521769046783447,0.8045153021812439,1.1724013090133667,0.059166520833969116,1.547886848449707,0.796074390411377,-0.04681199789047241,0.11420920491218567,0.0035688281059265137,-0.0813603401184082,-0.03961324691772461,0.05461983382701874,0.17168670892715454,0.10631531476974487,-0.09318888187408447,0.041608745232224464,0.08500516414642334,-0.04424750804901123,-0.09982585906982422,0.011181947775185108,0.062465667724609375,-0.05028247833251953,-0.047585368156433105,-0.022432580590248108,0.01252293586730957,-0.0912591814994812,3.0,3.0,3.0,3.0,3.0,3.0,3.0,3.0,3.0,3.0,3.0,3.0,3.0,3.0,3.0,3.0,3.0,3.0,3.0,3.0,0.05,0.05,0.05,0.05,0.05,0.05,0.05,0.05,0.05,0.05,0.05,0.05,0.05,0.05,0.05,0.05,0.05,0.05,0.05,0.05,0.0,0.0,0.0,0.0,0.0,0.0,0.0,0.0,0.0,0.0,0.0,0.0,0.0,0.0,0.0,0.0,0.0,0.0,0.0,0.0,0.9704018831253052,0.24415218830108643,0.4012751877307892,0.4223194420337677,0.5839113593101501,-0.02414213865995407,0.46028441190719604,0.23835399746894836,0.8136460781097412,-0.05515328049659729,0.334623247385025,0.34210315346717834,1.059577465057373,0.12187670171260834,0.6956859230995178,0.4692123830318451,1.1214789152145386,0.14513689279556274,0.8402447700500488,0.18725243210792542,-0.050011277198791504,-0.04682764410972595,0.027113407850265503,-0.12953951954841614,0.12052208185195923,0.14050989411771297,0.1869700849056244,0.21274983882904053,0.2507314085960388,0.1416306011378765,0.07500797510147095,0.2884082496166229,0.1303553581237793,0.08973237127065659,0.01887679100036621,0.3077477216720581,0.0690072774887085,0.12902580201625824,0.11196732521057129,0.18179453909397125,3.0,3.0,3.0,3.0,3.0,3.0,3.0,3.0,3.0,3.0,3.0,3.0,3.0,3.0,3.0,3.0,3.0,3.0,3.0,3.0,0.05,0.05,0.05,0.05,0.05,0.05,0.05,0.05,0.05,0.05,0.05,0.05,0.05,0.05,0.05,0.05,0.05,0.05,0.05,0.05,0.0,0.0,0.0,0.0,0.0,0.0,0.0,0.0,0.0,0.0,0.0,0.0,0.0,0.0,0.0,0.0,0.0,0.0,0.0,0.0
0.8146092295646667,0.3618985712528229,0.3717527687549591,0.5340589880943298,0.7610710859298706,-0.10259340703487396,0.9238244891166687,0.5363843441009521,1.11895751953125,0.027515947818756104,1.2806859016418457,0.7659581899642944,1.1892880201339722,0.0037968705873936415,1.3535634279251099,0.8036957383155823,1.1718251705169678,0.05881417915225029,1.548109531402588,0.7945097088813782,-0.07212311029434204,0.11087879538536072,0.007419288158416748,-0.04718005657196045,-0.0043392181396484375,0.050994567573070526,0.19935518503189087,0.11742711067199707,-0.06303787231445312,0.05434066988527775,0.09494125843048096,-0.03519803285598755,-0.06615221500396729,0.025092298164963722,0.06747543811798096,-0.03726929426193237,-0.010251998901367188,-0.0009408220648765564,0.010019540786743164,-0.06378889083862305,3.0,3.0,3.0,3.0,3.0,3.0,3.0,3.0,3.0,3.0,3.0,3.0,3.0,3.0,3.0,3.0,3.0,3.0,3.0,3.0,0.05,0.05,0.05,0.05,0.05,0.05,0.05,0.05,0.05,0.05,0.05,0.05,0.05,0.05,0.05,0.05,0.05,0.05,0.05,0.05,0.0,0.0,0.0,0.0,0.0,0.0,0.0,0.0,0.0,0.0,0.0,0.0,0.0,0.0,0.0,0.0,0.0,0.0,0.0,0.0,0.9694417119026184,0.24320563673973083,0.4018175005912781,0.4196399450302124,0.5853575468063354,-0.02183997444808483,0.46300211548805237,0.24191290140151978,0.8176114559173584,-0.052752185612916946,0.33545926213264465,0.34706106781959534,1.0619195699691772,0.12343503534793854,0.6954745650291443,0.47451427578926086,1.1228256225585938,0.14742684364318848,0.8420760631561279,0.19067898392677307,-0.04223734140396118,-0.03585591912269592,0.029180943965911865,-0.12580901384353638,0.05240291357040405,0.08139158599078655,0.09679198265075684,0.15125758945941925,0.17282366752624512,0.10595433413982391,0.02171248197555542,0.22050216794013977,0.13769268989562988,0.06621181964874268,-0.038848817348480225,0.22787898778915405,0.09623169898986816,0.09191371500492096,0.07580667734146118,0.1716066151857376,3.0,3.0,3.0,3.0,3.0,3.0,3.0,3.0,3.0,3.0,3.0,3.0,3.0,3.0,3.0,3.0,3.0,3.0,3.0,3.0,0.05,0.05,0.05,0.05,0.05,0.05,0.05,0.05,0.05,0.05,0.05,0.05,0.05,0.05,0.05,0.05,0.05,0.05,0.05,0.05,0.0,0.0,0.0,0.0,0.0,0.0,0.0,0.0,0.0,0.0,0.0,0.0,0.0,0.0,0.0,0.0,0.0,0.0,0.0,0.0
0.8131734132766724,0.36429476737976074,0.3718312680721283,0.5333043932914734,0.7612616419792175,-0.1019078716635704,0.928034245967865,0.5388057827949524,1.1181120872497559,0.02874540537595749,1.2826392650604248,0.765293538570404,1.1883493661880493,0.004517063964158297,1.354875922203064,0.8030245304107666,1.171991229057312,0.059128887951374054,1.5482876300811768,0.793522834777832,-0.06320178508758545,0.11535212397575378,0.008879601955413818,-0.04691481590270996,0.008900463581085205,0.035323575139045715,0.20660609006881714,0.11805444955825806,-0.03801286220550537,0.05629570223391056,0.09413063526153564,-0.03199726343154907,-0.038176774978637695,0.03510753740556538,0.06181299686431885,-0.031022727489471436,0.014647841453552246,0.02129320055246353,0.00801384449005127,-0.035825371742248535,3.0,3.0,3.0,3.0,3.0,3.0,3.0,3.0,3.0,3.0,3.0,3.0,3.0,3.0,3.0,3.0,3.0,3.0,3.0,3.0,0.05,0.05,0.05,0.05,0.05,0.05,0.05,0.05,0.05,0.05,0.05,0.05,0.05,0.05,0.05,0.05,0.05,0.05,0.05,0.05,0.0,0.0,0.0,0.0,0.0,0.0,0.0,0.0,0.0,0.0,0.0,0.0,0.0,0.0,0.0,0.0,0.0,0.0,0.0,0.0,0.9687123894691467,0.2427179515361786,0.40244242548942566,0.41728708148002625,0.5860074758529663,-0.02088647522032261,0.4641560912132263,0.24440430104732513,0.820559024810791,-0.050915107131004333,0.33549174666404724,0.35092324018478394,1.0650851726531982,0.12452517449855804,0.6941319704055786,0.47832754254341125,1.1253281831741333,0.14881344139575958,0.8432770371437073,0.19411669671535492,-0.029800832271575928,-0.02647601068019867,0.03603696823120117,-0.12854114174842834,0.0035896897315979004,0.042152125388383865,0.018965452909469604,0.09758621454238892,0.11141151189804077,0.07109120488166809,-0.022462010383605957,0.16539990901947021,0.13337135314941406,0.04779398441314697,-0.0946924090385437,0.1588858664035797,0.10763406753540039,0.05750395357608795,0.02648383378982544,0.1575898379087448,3.0,3.0,3.0,3.0,3.0,3.0,3.0,3.0,3.0,3.0,3.0,3.0,3.0,3.0,3.0,3.0,3.0,3.0,3.0,3.0,0.05,0.05,0.05,0.05,0.05,0.05,0.05,0.05,0.05,0.05,0.05,0.05,0.05,0.05,0.05,0.05,0.05,0.05,0.05,0.05,0.0,0.0,0.0,0.0,0.0,0.0,0.0,0.0,0.0,0.0,0.0,0.0,0.0,0.0,0.0,0.0,0.0,0.0,0.0,0.0
0.8120811581611633,0.366512656211853,0.37210795283317566,0.5321823954582214,0.761427104473114,-0.10118046402931213,0.9320887327194214,0.5411065220832825,1.1174370050430298,0.029767775908112526,1.2844511270523071,0.7646782994270325,1.1877609491348267,0.005201172083616257,1.3560359477996826,0.8024548292160034,1.1724110841751099,0.05966590717434883,1.54843008518219,0.7930766940116882,-0.042119622230529785,0.11145174503326416,0.010026991367340088,-0.06296038627624512,0.013838708400726318,0.024733692407608032,0.19637495279312134,0.11081993579864502,-0.028786063194274902,0.04405747167766094,0.08796155452728271,-0.027661025524139404,-0.025209784507751465,0.026278605218976736,0.05353093147277832,-0.026020407676696777,0.02580881118774414,0.02181064337491989,0.006410479545593262,-0.012254714965820312,3.0,3.0,3.0,3.0,3.0,3.0,3.0,3.0,3.0,3.0,3.0,3.0,3.0,3.0,3.0,3.0,3.0,3.0,3.0,3.0,0.05,0.05,0.05,0.05,0.05,0.05,0.05,0.05,0.05,0.05,0.05,0.05,0.05,0.05,0.05,0.05,0.05,0.05,0.05,0.05,0.0,0.0,0.0,0.0,0.0,0.0,0.0,0.0,0.0,0.0,0.0,0.0,0.0,0.0,0.0,0.0,0.0,0.0,0.0,0.0,0.9682496786117554,0.2421465963125229,0.4032589793205261,0.41449829936027527,0.5855011343955994,-0.020153889432549477,0.46376073360443115,0.24581634998321533,0.82206791639328,-0.04990853741765022,0.3345607817173004,0.35367706418037415,1.0672544240951538,0.12534679472446442,0.6916868686676025,0.48086971044540405,1.1271309852600098,0.149727001786232,0.843135416507721,0.19698257744312286,-0.026403367519378662,-0.007432699203491211,0.035912543535232544,-0.15569478273391724,-0.07172524929046631,0.014704931527376175,-0.07331892848014832,0.03699585795402527,0.024206936359405518,0.0421144999563694,-0.08384808897972107,0.1061759889125824,0.08344948291778564,0.038007646799087524,-0.14472007751464844,0.10271891951560974,0.07435977458953857,0.03802776336669922,-0.032514333724975586,0.13485737144947052,3.0,3.0,3.0,3.0,3.0,3.0,3.0,3.0,3.0,3.0,3.0,3.0,3.0,3.0,3.0,3.0,3.0,3.0,3.0,3.0,0.05,0.05,0.05,0.05,0.05,0.05,0.05,0.05,0.05,0.05,0.05,0.05,0.05,0.05,0.05,0.05,0.05,0.05,0.05,0.05,0.0,0.0,0.0,0.0,0.0,0.0,0.0,0.0,0.0,0.0,0.0,0.0,0.0,0.0,0.0,0.0,0.0,0.0,0.0,0.0
0.8114886283874512,0.3687528371810913,0.3722323477268219,0.5307859778404236,0.7618151903152466,-0.10091852396726608,0.9358892440795898,0.5432385802268982,1.1169606447219849,0.030507704243063927,1.2861577272415161,0.7641870975494385,1.1873409748077393,0.005568208172917366,1.357017159461975,0.8019837141036987,1.1730235815048218,0.06000131368637085,1.5485440492630005,0.7930326461791992,-0.008183717727661133,0.11935308575630188,-0.0081576406955719,-0.08635967969894409,0.0207364559173584,-0.0006048008799552917,0.18269270658493042,0.10295957326889038,-0.02136528491973877,0.022262707352638245,0.09105503559112549,-0.017054378986358643,-0.017216801643371582,-0.004694960080087185,0.052735209465026855,-0.016415119171142578,0.039890408515930176,-0.010635890066623688,0.005128979682922363,0.012886524200439453,3.0,3.0,3.0,3.0,3.0,3.0,3.0,3.0,3.0,3.0,3.0,3.0,3.0,3.0,3.0,3.0,3.0,3.0,3.0,3.0,0.05,0.05,0.05,0.05,0.05,0.05,0.05,0.05,0.05,0.05,0.05,0.05,0.05,0.05,0.05,0.05,0.05,0.05,0.05,0.05,0.0,0.0,0.0,0.0,0.0,0.0,0.0,0.0,0.0,0.0,0.0,0.0,0.0,0.0,0.0,0.0,0.0,0.0,0.0,0.0,0.9676562547683716,0.24242064356803894,0.40387892723083496,0.41105929017066956,0.5831384658813477,-0.020298277959227562,0.4612233340740204,0.24588413536548615,0.8215273022651672,-0.04923052713274956,0.3321378231048584,0.35517027974128723,1.0684231519699097,0.12604548037052155,0.6883431673049927,0.48243629932403564,1.1283025741577148,0.15033455193042755,0.8419764637947083,0.19951099157333374,-0.014291703701019287,0.05457773804664612,0.02227798104286194,-0.15584677457809448,-0.09564459323883057,-0.04109884612262249,-0.1339063048362732,-0.005739182233810425,-0.011385977268218994,0.007670745253562927,-0.11128261685371399,0.07015466690063477,0.09351074695587158,0.018234923481941223,-0.1419469714164734,0.07874220609664917,0.11030733585357666,0.007450953125953674,-0.04500299692153931,0.13410784304141998,3.0,3.0,3.0,3.0,3.0,3.0,3.0,3.0,3.0,3.0,3.0,3.0,3.0,3.0,3.0,3.0,3.0,3.0,3.0,3.0,0.05,0.05,0.05,0.05,0.05,0.05,0.05,0.05,0.05,0.05,0.05,0.05,0.05,0.05,0.05,0.05,0.05,0.05,0.05,0.05,0.0,0.0,0.0,0.0,0.0,0.0,0.0,0.0,0.0,0.0,0.0,0.0,0.0,0.0,0.0,0.0,0.0,0.0,0.0,0.0
0.8117538094520569,0.3712867796421051,0.3717816472053528,0.5287280082702637,0.7622565627098083,-0.10120465606451035,0.9393964409828186,0.5452249050140381,1.1165823936462402,0.030658284202218056,1.2880933284759521,0.7639961242675781,1.1870722770690918,0.005013373680412769,1.3581453561782837,0.8017982244491577,1.174006700515747,0.059240471571683884,1.5486352443695068,0.7935921549797058,-0.005279481410980225,0.10130107402801514,-0.014354288578033447,-0.08881241083145142,0.049017369747161865,-0.011087208986282349,0.19305795431137085,0.10687410831451416,0.004747509956359863,0.011052889749407768,0.10971724987030029,-0.0023365020751953125,0.002276897430419922,-0.02707968233153224,0.0633537769317627,-0.0028654932975769043,0.06058216094970703,-0.041222572326660156,0.0041037797927856445,0.038492679595947266,3.0,3.0,3.0,3.0,3.0,3.0,3.0,3.0,3.0,3.0,3.0,3.0,3.0,3.0,3.0,3.0,3.0,3.0,3.0,3.0,0.05,0.05,0.05,0.05,0.05,0.05,0.05,0.05,0.05,0.05,0.05,0.05,0.05,0.05,0.05,0.05,0.05,0.05,0.05,0.05,0.0,0.0,0.0,0.0,0.0,0.0,0.0,0.0,0.0,0.0,0.0,0.0,0.0,0.0,0.0,0.0,0.0,0.0,0.0,0.0,0.9676780104637146,0.24432970583438873,0.4041500985622406,0.4082644283771515,0.5816753506660461,-0.021797843277454376,0.4584044814109802,0.24558678269386292,0.8216124773025513,-0.049601707607507706,0.33010947704315186,0.35648325085639954,1.0709948539733887,0.12607619166374207,0.6860089898109436,0.48401939868927,1.1315432786941528,0.15002503991127014,0.8413352966308594,0.20234689116477966,-0.013273954391479492,0.066332146525383,0.0010214745998382568,-0.15750080347061157,-0.11664927005767822,-0.06528468802571297,-0.1811981201171875,-0.03979876637458801,-0.048004090785980225,-0.018984638154506683,-0.13810768723487854,0.037769973278045654,0.07309913635253906,0.0035077333450317383,-0.1412913203239441,0.06143748760223389,0.10757744312286377,-0.016289204359054565,-0.07199794054031372,0.12379959225654602,3.0,3.0,3.0,3.0,3.0,3.0,3.0,3.0,3.0,3.0,3.0,3.0,3.0,3.0,3.0,3.0,3.0,3.0,3.0,3.0,0.05,0.05,0.05,0.05,0.05,0.05,0.05,0.05,0.05,0.05,0.05,0.05,0.05,0.05,0.05,0.05,0.05,0.05,0.05,0.05,0.0,0.0,0.0,0.0,0.0,0.0,0.0,0.0,0.0,0.0,0.0,0.0,0.0,0.0,0.0,0.0,0.0,0.0,0.0,0.0
0.811277449131012,0.3728048801422119,0.37165817618370056,0.5272334814071655,0.7637758851051331,-0.10136201232671738,0.9436115622520447,0.5475135445594788,1.1171505451202393,0.030949819833040237,1.2905464172363281,0.7640936374664307,1.187432050704956,0.004485020879656076,1.3595513105392456,0.8018690943717957,1.17544686794281,0.05835241079330444,1.548708200454712,0.7945723533630371,-0.022867321968078613,0.06550177931785583,0.012234598398208618,-0.05746334791183472,0.09735971689224243,-0.004239566624164581,0.22886842489242554,0.12346506118774414,0.04191398620605469,0.026011886075139046,0.12689530849456787,0.005552172660827637,0.028654932975769043,-0.013224291615188122,0.07535219192504883,0.004334747791290283,0.07733404636383057,-0.03572897985577583,0.0032842159271240234,0.06006509065628052,3.0,3.0,3.0,3.0,3.0,3.0,3.0,3.0,3.0,3.0,3.0,3.0,3.0,3.0,3.0,3.0,3.0,3.0,3.0,3.0,0.05,0.05,0.05,0.05,0.05,0.05,0.05,0.05,0.05,0.05,0.05,0.05,0.05,0.05,0.05,0.05,0.05,0.05,0.05,0.05,0.0,0.0,0.0,0.0,0.0,0.0,0.0,0.0,0.0,0.0,0.0,0.0,0.0,0.0,0.0,0.0,0.0,0.0,0.0,0.0,0.9671252965927124,0.24507392942905426,0.4039197862148285,0.4047592580318451,0.5784724950790405,-0.02290966548025608,0.4539754092693329,0.24429218471050262,0.819607138633728,-0.049989912658929825,0.32661351561546326,0.35668107867240906,1.0713471174240112,0.12618578970432281,0.6826915144920349,0.484893798828125,1.1326056718826294,0.14968298375606537,0.8390965461730957,0.20446297526359558,-0.03632009029388428,0.05317069590091705,0.0004947185516357422,-0.16922950744628906,-0.20748823881149292,-0.045886170119047165,-0.27223676443099976,-0.09500756859779358,-0.15095174312591553,-0.017730146646499634,-0.21731853485107422,-0.020160526037216187,-0.021007657051086426,0.02765767276287079,-0.1878887414932251,0.030801445245742798,0.02861618995666504,0.006210058927536011,-0.13433247804641724,0.10220706462860107,3.0,3.0,3.0,3.0,3.0,3.0,3.0,3.0,3.0,3.0,3.0,3.0,3.0,3.0,3.0,3.0,3.0,3.0,3.0,3.0,0.05,0.05,0.05,0.05,0.05,0.05,0.05,0.05,0.05,0.05,0.05,0.05,0.05,0.05,0.05,0.05,0.05,0.05,0.05,0.05,0.0,0.0,0.0,0.0,0.0,0.0,0.0,0.0,0.0,0.0,0.0,0.0,0.0,0.0,0.0,0.0,0.0,0.0,0.0,0.0
0.8108391165733337,0.37390685081481934,0.37227103114128113,0.5264294743537903,0.766150951385498,-0.10137423872947693,0.9485511779785156,0.5501635074615479,1.1182589530944824,0.03169875964522362,1.2931691408157349,0.7642182111740112,1.1882184743881226,0.0044844020158052444,1.3611594438552856,0.8019716143608093,1.1771000623703003,0.05781131237745285,1.5487666130065918,0.795994758605957,-0.007839500904083252,0.04799291491508484,0.02480819821357727,-0.022329390048980713,0.10317414999008179,0.004486739635467529,0.24487227201461792,0.13363808393478394,0.055846571922302246,0.040443055331707,0.1275390386581421,0.0017508864402770996,0.041288137435913086,0.008568249177187681,0.07836520671844482,-0.0001728534698486328,0.08785426616668701,-0.018071848899126053,0.0026285648345947266,0.08623301982879639,3.0,3.0,3.0,3.0,3.0,3.0,3.0,3.0,3.0,3.0,3.0,3.0,3.0,3.0,3.0,3.0,3.0,3.0,3.0,3.0,0.05,0.05,0.05,0.05,0.05,0.05,0.05,0.05,0.05,0.05,0.05,0.05,0.05,0.05,0.05,0.05,0.05,0.05,0.05,0.05,0.0,0.0,0.0,0.0,0.0,0.0,0.0,0.0,0.0,0.0,0.0,0.0,0.0,0.0,0.0,0.0,0.0,0.0,0.0,0.0,0.9662252068519592,0.24645653367042542,0.40416988730430603,0.4014952480792999,0.5733758211135864,-0.023633290082216263,0.44751501083374023,0.24178647994995117,0.8155744075775146,-0.05031091347336769,0.3214167356491089,0.3556768298149109,1.0701545476913452,0.1271824985742569,0.6784934401512146,0.48525145649909973,1.1326879262924194,0.15027344226837158,0.8359619975090027,0.2064351737499237,-0.051978230476379395,0.08401311933994293,0.010114163160324097,-0.1754574477672577,-0.22075921297073364,-0.05035828799009323,-0.30958056449890137,-0.1221679151058197,-0.18060952425003052,-0.007197912782430649,-0.2430930733680725,-0.048375874757766724,-0.049751996994018555,0.051883235573768616,-0.19304007291793823,0.020120292901992798,0.013017654418945312,0.042216479778289795,-0.14926642179489136,0.10200776159763336,3.0,3.0,3.0,3.0,3.0,3.0,3.0,3.0,3.0,3.0,3.0,3.0,3.0,3.0,3.0,3.0,3.0,3.0,3.0,3.0,0.05,0.05,0.05,0.05,0.05,0.05,0.05,0.05,0.05,0.05,0.05,0.05,0.05,0.05,0.05,0.05,0.05,0.05,0.05,0.05,0.0,0.0,0.0,0.0,0.0,0.0,0.0,0.0,0.0,0.0,0.0,0.0,0.0,0.0,0.0,0.0,0.0,0.0,0.0,0.0
0.8109638690948486,0.3747245967388153,0.37265050411224365,0.5263403058052063,0.7679028511047363,-0.10118254274129868,0.9534064531326294,0.5528590679168701,1.1193844079971313,0.03256754204630852,1.2956479787826538,0.7641636729240417,1.1890835762023926,0.004827750846743584,1.3626859188079834,0.8018621802330017,1.1789610385894775,0.0576295368373394,1.5488133430480957,0.798021674156189,0.020398199558258057,0.043410807847976685,0.005260854959487915,0.012613832950592041,0.08209049701690674,-0.0005181878805160522,0.23807436227798462,0.13116151094436646,0.052285194396972656,0.0363105908036232,0.11670887470245361,-0.007222592830657959,0.04772543907165527,0.018445379100739956,0.06996691226959229,-0.01093745231628418,0.10096132755279541,0.0024769455194473267,0.0021010637283325195,0.10940581560134888,3.0,3.0,3.0,3.0,3.0,3.0,3.0,3.0,3.0,3.0,3.0,3.0,3.0,3.0,3.0,3.0,3.0,3.0,3.0,3.0,0.05,0.05,0.05,0.05,0.05,0.05,0.05,0.05,0.05,0.05,0.05,0.05,0.05,0.05,0.05,0.05,0.05,0.05,0.05,0.05,0.0,0.0,0.0,0.0,0.0,0.0,0.0,0.0,0.0,0.0,0.0,0.0,0.0,0.0,0.0,0.0,0.0,0.0,0.0,0.0,0.9650461673736572,0.24843445420265198,0.40432435274124146,0.3977409601211548,0.5696421265602112,-0.02492399699985981,0.44159218668937683,0.23940546810626984,0.8123827576637268,-0.05027782917022705,0.31688979268074036,0.3547460436820984,1.0693570375442505,0.12826111912727356,0.6749699115753174,0.4856986105442047,1.1331263780593872,0.15137164294719696,0.8331258893013,0.20854328572750092,-0.06383508443832397,0.0821918249130249,0.01194775104522705,-0.16746371984481812,-0.18981099128723145,-0.0630505383014679,-0.2986244857311249,-0.12157820165157318,-0.16521215438842773,-0.006904918700456619,-0.22575408220291138,-0.05116388201713562,-0.03997385501861572,0.057964026927948,-0.16775727272033691,0.020436197519302368,0.02433955669403076,0.060065463185310364,-0.13716071844100952,0.10569430887699127,3.0,3.0,3.0,3.0,3.0,3.0,3.0,3.0,3.0,3.0,3.0,3.0,3.0,3.0,3.0,3.0,3.0,3.0,3.0,3.0,0.05,0.05,0.05,0.05,0.05,0.05,0.05,0.05,0.05,0.05,0.05,0.05,0.05,0.05,0.05,0.05,0.05,0.05,0.05,0.05,0.0,0.0,0.0,0.0,0.0,0.0,0.0,0.0,0.0,0.0,0.0,0.0,0.0,0.0,0.0,0.0,0.0,0.0,0.0,0.0
0.8116550445556641,0.3756432831287384,0.37248146533966064,0.526934027671814,0.7694345712661743,-0.10139496624469757,0.958074152469635,0.5554099678993225,1.1203503608703613,0.033151183277368546,1.297837495803833,0.7639293074607849,1.1901274919509888,0.005222217179834843,1.3639581203460693,0.801534116268158,1.181138515472412,0.05791039019823074,1.548850655555725,0.800370991230011,0.0438198447227478,0.04612356424331665,-0.022420287132263184,0.06574392318725586,0.08067041635513306,-0.001377798616886139,0.24624913930892944,0.13250112533569336,0.06410479545593262,0.027866382151842117,0.12274682521820068,-0.007776916027069092,0.0675201416015625,0.02041395055130124,0.07361769676208496,-0.015416741371154785,0.12278258800506592,0.018400046974420547,0.0016808509826660156,0.12456625699996948,3.0,3.0,3.0,3.0,3.0,3.0,3.0,3.0,3.0,3.0,3.0,3.0,3.0,3.0,3.0,3.0,3.0,3.0,3.0,3.0,0.05,0.05,0.05,0.05,0.05,0.05,0.05,0.05,0.05,0.05,0.05,0.05,0.05,0.05,0.05,0.05,0.05,0.05,0.05,0.05,0.0,0.0,0.0,0.0,0.0,0.0,0.0,0.0,0.0,0.0,0.0,0.0,0.0,0.0,0.0,0.0,0.0,0.0,0.0,0.0,0.9636718034744263,0.2497442066669464,0.4046477973461151,0.3947966992855072,0.5657833814620972,-0.02615531161427498,0.43557003140449524,0.23692335188388824,0.8089659214019775,-0.050587110221385956,0.31238657236099243,0.35363027453422546,1.0685555934906006,0.12950105965137482,0.6717831492424011,0.4860689043998718,1.1336615085601807,0.152676060795784,0.8304755687713623,0.21066294610500336,-0.07868856191635132,0.07063150405883789,0.018506497144699097,-0.10310858488082886,-0.16732513904571533,-0.050859758630394936,-0.2875395119190216,-0.11781752109527588,-0.15914291143417358,-0.011708401143550873,-0.21283701062202454,-0.052578747272491455,-0.03495514392852783,0.07332414388656616,-0.1463189721107483,0.02018660306930542,0.04081428050994873,0.09026341140270233,-0.12138932943344116,0.10875016450881958,3.0,3.0,3.0,3.0,3.0,3.0,3.0,3.0,3.0,3.0,3.0,3.0,3.0,3.0,3.0,3.0,3.0,3.0,3.0,3.0,0.05,0.05,0.05,0.05,0.05,0.05,0.05,0.05,0.05,0.05,0.05,0.05,0.05,0.05,0.05,0.05,0.05,0.05,0.05,0.05,0.0,0.0,0.0,0.0,0.0,0.0,0.0,0.0,0.0,0.0,0.0,0.0,0.0,0.0,0.0,0.0,0.0,0.0,0.0,0.0
0.8127166628837585,0.376569539308548,0.3717536926269531,0.5289700627326965,0.7711296677589417,-0.10123765468597412,0.9632564187049866,0.5581591129302979,1.1219485998153687,0.0336821973323822,1.3005578517913818,0.763852596282959,1.191784381866455,0.005644308868795633,1.3656306266784668,0.8012455105781555,1.1838723421096802,0.05836553871631622,1.5488805770874023,0.8030043244361877,0.057467818260190096,0.016454607248306274,-0.037758052349090576,0.10344684123992642,0.08989721536636353,0.006545335054397236,0.27226358652114035,0.14389008283614835,0.07601678371429443,0.03227256238460454,0.13473033905028742,-0.007750093936920166,0.06951689720153809,0.02695154398679642,0.07315278053283136,-0.02373456954955777,0.1138299703597967,0.027838163077830227,0.0013440847396850586,0.1348763704299899,3.0,3.0,3.0,3.0,3.0,3.0,3.0,3.0,3.0,3.0,3.0,3.0,3.0,3.0,3.0,3.0,3.0,3.0,3.0,3.0,0.05,0.05,0.05,0.05,0.05,0.05,0.05,0.05,0.05,0.05,0.05,0.05,0.05,0.05,0.05,0.05,0.05,0.05,0.05,0.05,0.0,0.0,0.0,0.0,0.0,0.0,0.0,0.0,0.0,0.0,0.0,0.0,0.0,0.0,0.0,0.0,0.0,0.0,0.0,0.0,0.9618986248970032,0.2512597143650055,0.4050646126270294,0.39361661672592163,0.5629491209983826,-0.026958387345075607,0.43009060621261597,0.2346927672624588,0.8060170412063599,-0.050746165215969086,0.3083763122558594,0.35264289379119873,1.0679588317871094,0.1311940848827362,0.6691171526908875,0.48650607466697693,1.1347589492797852,0.15498217940330505,0.8282703161239624,0.2128932923078537,-0.06971955299377441,0.06708949804305891,0.010264664888381958,-0.05998238921165466,-0.15296936035155695,-0.040317606180905685,-0.28371885418891213,-0.1110002398490885,-0.15301555395126065,0.005798693746328354,-0.20055398344993175,-0.049469619989393754,-0.035440921783447266,0.08388720452785284,-0.12960135936736783,0.022312253713607788,0.05078315734862726,0.10735057294368466,-0.11673122644424438,0.11458061635493955,3.0,3.0,3.0,3.0,3.0,3.0,3.0,3.0,3.0,3.0,3.0,3.0,3.0,3.0,3.0,3.0,3.0,3.0,3.0,3.0,0.05,0.05,0.05,0.05,0.05,0.05,0.05,0.05,0.05,0.05,0.05,0.05,0.05,0.05,0.05,0.05,0.05,0.05,0.05,0.05,0.0,0.0,0.0,0.0,0.0,0.0,0.0,0.0,0.0,0.0,0.0,0.0,0.0,0.0,0.0,0.0,0.0,0.0,0.0,0.0
0.8139537572860717,0.37630146741867065,0.370971143245697,0.531071901321411,0.7730304598808289,-0.10113315284252168,0.9689646959304806,0.5611655712127684,1.123391032218933,0.03444208577275273,1.3032267093658445,0.7636193037033081,1.1929081678390503,0.0063002789393066996,1.3668842315673826,0.8005847334861756,1.185691714286804,0.05902391672134395,1.5489044189453125,0.8057660460472106,0.06466060876846313,-0.01584663987159729,-0.039490312337875366,0.13970285654067993,0.11690855026245117,0.015364773571491241,0.2910524606704712,0.15050917863845825,0.07637441158294678,0.04392117261886597,0.1228630542755127,-0.01672506332397461,0.06646811962127686,0.042845262214541435,0.05984902381896973,-0.03708302974700928,0.08659064769744873,0.04401449114084244,0.0010728836059570312,0.13824552297592163,3.0,3.0,3.0,3.0,3.0,3.0,3.0,3.0,3.0,3.0,3.0,3.0,3.0,3.0,3.0,3.0,3.0,3.0,3.0,3.0,0.05,0.05,0.05,0.05,0.05,0.05,0.05,0.05,0.05,0.05,0.05,0.05,0.05,0.05,0.05,0.05,0.05,0.05,0.05,0.05,0.0,0.0,0.0,0.0,0.0,0.0,0.0,0.0,0.0,0.0,0.0,0.0,0.0,0.0,0.0,0.0,0.0,0.0,0.0,0.0,0.9608830213546753,0.25242778658866877,0.4050583839416504,0.392397403717041,0.5596646070480349,-0.027768015861511206,0.42422127723693875,0.2324833422899247,0.8028452992439271,-0.05035516247153282,0.30436441302299516,0.3516514897346497,1.0671379566192627,0.13285654783248893,0.6665990948677064,0.48696139454841614,1.1356928348541258,0.15697008371353138,0.8258063197135925,0.21524617075920094,-0.036212801933288574,0.0758044421672821,-0.019978731870651245,-0.024174898862838745,-0.15365928411483765,-0.030140718445181847,-0.2826608717441559,-0.10258257389068604,-0.15433281660079956,0.007602199912071228,-0.19012615084648132,-0.04573538899421692,-0.03861188888549805,0.08896514773368835,-0.11599510908126831,0.02217516303062439,0.05100071430206299,0.10945349931716919,-0.11676102876663208,0.11507980525493622,3.0,3.0,3.0,3.0,3.0,3.0,3.0,3.0,3.0,3.0,3.0,3.0,3.0,3.0,3.0,3.0,3.0,3.0,3.0,3.0,0.05,0.05,0.05,0.05,0.05,0.05,0.05,0.05,0.05,0.05,0.05,0.05,0.05,0.05,0.05,0.05,0.05,0.05,0.05,0.05,0.0,0.0,0.0,0.0,0.0,0.0,0.0,0.0,0.0,0.0,0.0,0.0,0.0,0.0,0.0,0.0,0.0,0.0,0.0,0.0
0.8153030872344971,0.3759356737136841,0.3701740801334381,0.5345581769943237,0.7758060097694397,-0.10062306374311447,0.9748985171318054,0.5641794800758362,1.1250035762786865,0.03543904423713684,1.3054723739624023,0.76318359375,1.1944431066513062,0.007358119357377291,1.3680245876312256,0.7997621893882751,1.1873359680175781,0.06012611836194992,1.5489234924316406,0.8085341453552246,0.07969290018081665,-0.023365765810012817,-0.0379234552383409,0.19883960485458374,0.14024376869201105,0.029193237423897136,0.2976626157760648,0.15199333429336548,0.0827640295028631,0.053945742547512054,0.10184645652771551,-0.026978552341458406,0.07569193840026855,0.06026208866387575,0.04775822162628729,-0.04881471395492554,0.08188784122467596,0.06372006610035878,0.000858306884765625,0.14106333255767545,3.0,3.0,3.0,3.0,3.0,3.0,3.0,3.0,3.0,3.0,3.0,3.0,3.0,3.0,3.0,3.0,3.0,3.0,3.0,3.0,0.05,0.05,0.05,0.05,0.05,0.05,0.05,0.05,0.05,0.05,0.05,0.05,0.05,0.05,0.05,0.05,0.05,0.05,0.05,0.05,0.0,0.0,0.0,0.0,0.0,0.0,0.0,0.0,0.0,0.0,0.0,0.0,0.0,0.0,0.0,0.0,0.0,0.0,0.0,0.0,0.9604501128196716,0.2542918920516968,0.40426546335220337,0.3926496207714081,0.5568027496337891,-0.02816401608288288,0.41878417134284973,0.23058946430683136,0.7998437285423279,-0.05044207721948624,0.3007712662220001,0.35081347823143005,1.0664143562316895,0.13475269079208374,0.6644773483276367,0.4873930811882019,1.1367989778518677,0.15936031937599182,0.8235998749732971,0.21749648451805115,-0.024865567684173584,0.08445084095001498,-0.03530755639076233,0.03686845302581648,-0.13522803783417026,-0.02693654969334637,-0.26047900319099704,-0.08564032614231248,-0.14028698205947876,0.006214156746864319,-0.16465336084365984,-0.034943968057633834,-0.03628432750701904,0.09332448244094918,-0.09674876928329468,0.020164996385572953,0.05240738391876221,0.12277700006961961,-0.1064807176589938,0.10869167745113442,3.0,3.0,3.0,3.0,3.0,3.0,3.0,3.0,3.0,3.0,3.0,3.0,3.0,3.0,3.0,3.0,3.0,3.0,3.0,3.0,0.05,0.05,0.05,0.05,0.05,0.05,0.05,0.05,0.05,0.05,0.05,0.05,0.05,0.05,0.05,0.05,0.05,0.05,0.05,0.05,0.0,0.0,0.0,0.0,0.0,0.0,0.0,0.0,0.0,0.0,0.0,0.0,0.0,0.0,0.0,0.0,0.0,0.0,0.0,0.0
0.8171414732933043,0.37536683678627014,0.3694542050361634,0.5390254855155944,0.7786402106285093,-0.0999654233455658,0.9808712005615232,0.5672453045845031,1.1267015933990476,0.03659991547465321,1.3073005676269531,0.7625401616096498,1.195935845375061,0.00871076248586173,1.368794560432434,0.7986321449279786,1.188967227935791,0.061572719365358304,1.5489387512207031,0.8114085793495176,0.10496973991394043,-0.03863200545310974,-0.025272369384765625,0.20527541637420654,0.12157708406448364,0.01855660229921341,0.2823188900947571,0.1516580581665039,0.061950087547302246,0.044808536767959595,0.07450580596923828,-0.03922581672668457,0.05258619785308838,0.05752824945375323,0.025007128715515137,-0.0675395131111145,0.04547238349914551,0.06504151970148087,0.0006884336471557617,0.14588236808776855,3.0,3.0,3.0,3.0,3.0,3.0,3.0,3.0,3.0,3.0,3.0,3.0,3.0,3.0,3.0,3.0,3.0,3.0,3.0,3.0,0.05,0.05,0.05,0.05,0.05,0.05,0.05,0.05,0.05,0.05,0.05,0.05,0.05,0.05,0.05,0.05,0.05,0.05,0.05,0.05,0.0,0.0,0.0,0.0,0.0,0.0,0.0,0.0,0.0,0.0,0.0,0.0,0.0,0.0,0.0,0.0,0.0,0.0,0.0,0.0,0.9598883986473083,0.25580582022666937,0.4036460816860199,0.3938721418380737,0.5542554855346681,-0.02884547784924506,0.4138021171092989,0.2290577292442322,0.797233819961548,-0.05010659620165825,0.29777827858924877,0.35025373101234436,1.065686583518982,0.1365895271301269,0.6627291440963746,0.48776799440383906,1.1377891302108762,0.16188116371631617,0.8215470910072328,0.21959383785724632,-0.024665892124176025,0.03442913293838501,-0.019281357526779175,0.0479675829410553,-0.126020610332489,-0.019559450447559357,-0.23451298475265503,-0.06286688148975372,-0.13274550437927246,-0.0023827888071537018,-0.1375429332256317,-0.019731372594833374,-0.03395378589630127,0.07369071245193481,-0.07929801940917969,0.01785680651664734,0.045180320739746094,0.08976943790912628,-0.09911209344863892,0.10781735181808472,3.0,3.0,3.0,3.0,3.0,3.0,3.0,3.0,3.0,3.0,3.0,3.0,3.0,3.0,3.0,3.0,3.0,3.0,3.0,3.0,0.05,0.05,0.05,0.05,0.05,0.05,0.05,0.05,0.05,0.05,0.05,0.05,0.05,0.05,0.05,0.05,0.05,0.05,0.05,0.05,0.0,0.0,0.0,0.0,0.0,0.0,0.0,0.0,0.0,0.0,0.0,0.0,0.0,0.0,0.0,0.0,0.0,0.0,0.0,0.0
0.8195018768310547,0.3743903934955597,0.3691631853580475,0.542769193649292,0.780669093132019,-0.09988079965114594,0.9861912727355957,0.5702458024024963,1.1274815797805786,0.037231385707855225,1.3084526062011719,0.7616145610809326,1.1965465545654297,0.00965924933552742,1.3690248727798462,0.7970606088638306,1.189154863357544,0.06272777915000916,1.5489510297775269,0.8143694400787354,0.11485815048217773,-0.0448189675807939,-0.010615587234498458,0.17956793308258057,0.11888444423675815,0.009922496974467884,0.26713013648986816,0.1551523804664584,0.03763735294343151,0.027439650148153825,0.053301453590393066,-0.04756450653076172,0.026881694793701172,0.03629243001341893,0.01613795757293701,-0.08018761873245517,0.003528594970703125,0.04436587914824538,0.0005513429641723633,0.15672743320465365,3.0,3.0,3.0,3.0,3.0,3.0,3.0,3.0,3.0,3.0,3.0,3.0,3.0,3.0,3.0,3.0,3.0,3.0,3.0,3.0,0.05,0.05,0.05,0.05,0.05,0.05,0.05,0.05,0.05,0.05,0.05,0.05,0.05,0.05,0.05,0.05,0.05,0.05,0.05,0.05,0.0,0.0,0.0,0.0,0.0,0.0,0.0,0.0,0.0,0.0,0.0,0.0,0.0,0.0,0.0,0.0,0.0,0.0,0.0,0.0,0.9594634771347046,0.2556690573692322,0.4034942090511322,0.3945683240890503,0.5517619252204895,-0.028946394100785255,0.40940365195274353,0.2280747890472412,0.794533908367157,-0.050537388771772385,0.29526954889297485,0.3500242233276367,1.0650562047958374,0.13770031929016113,0.6613054275512695,0.4881073534488678,1.1386061906814575,0.16295109689235687,0.8196353912353516,0.22180917859077454,-0.007261335849761963,0.0013530254363999794,-0.010339915752409501,0.029817968606948853,-0.10890364646911621,-0.014341156929731196,-0.19983574748039107,-0.03807581961154938,-0.11494904756546298,-0.00902768224477768,-0.10428354144096513,-0.0014439225196838379,-0.015118718147277832,0.04772283136844635,-0.055453181266787444,0.01942366361618042,0.046056509017944336,0.048128515481949546,-0.08372515439987183,0.11215060949325492,3.0,3.0,3.0,3.0,3.0,3.0,3.0,3.0,3.0,3.0,3.0,3.0,3.0,3.0,3.0,3.0,3.0,3.0,3.0,3.0,0.05,0.05,0.05,0.05,0.05,0.05,0.05,0.05,0.05,0.05,0.05,0.05,0.05,0.05,0.05,0.05,0.05,0.05,0.05,0.05,0.0,0.0,0.0,0.0,0.0,0.0,0.0,0.0,0.0,0.0,0.0,0.0,0.0,0.0,0.0,0.0,0.0,0.0,0.0,0.0
0.8217357993125914,0.3735740780830384,0.36902958154678345,0.5462082028388976,0.7833955883979796,-0.09956852346658708,0.9915564060211179,0.5734513998031614,1.128207087516785,0.03769750148057936,1.3094326257705688,0.7606375813484193,1.197011113166809,0.010162459686398487,1.3694400787353516,0.7954246401786804,1.1891083717346191,0.06334735453128812,1.54896080493927,0.8176776766777037,0.1019015908241272,-0.04379972815513611,-0.009024888277053833,0.1820981502532959,0.13991296291351318,0.013795681297779083,0.26639997959136963,0.16397535800933838,0.03704428672790527,0.021598581224679947,0.04252493381500244,-0.05107671022415161,0.029417872428894043,0.022247224114835262,0.02308189868927002,-0.08309930562973022,0.0059604644775390625,0.024550780653953552,0.0004410743713378906,0.17012208700180054,3.0,3.0,3.0,3.0,3.0,3.0,3.0,3.0,3.0,3.0,3.0,3.0,3.0,3.0,3.0,3.0,3.0,3.0,3.0,3.0,0.05,0.05,0.05,0.05,0.05,0.05,0.05,0.05,0.05,0.05,0.05,0.05,0.05,0.05,0.05,0.05,0.05,0.05,0.05,0.05,0.0,0.0,0.0,0.0,0.0,0.0,0.0,0.0,0.0,0.0,0.0,0.0,0.0,0.0,0.0,0.0,0.0,0.0,0.0,0.0,0.9595979452133179,0.25585994124412537,0.4032324850559235,0.39506486058235163,0.5498993396759034,-0.02941912412643431,0.40580868721008323,0.22753469645977023,0.7926358580589294,-0.050467703491449356,0.29360693693161016,0.350195974111557,1.0650818347930908,0.13849844038486475,0.6605110168457031,0.4885449409484863,1.139631390571594,0.16380630433559415,0.8181980848312379,0.2240798622369765,0.0028699636459350586,0.0004433095455169678,-0.011189281940460205,0.023583322763442993,-0.09505748748779297,-0.020699435845017433,-0.1731567084789276,-0.020076707005500793,-0.09026825428009033,-0.004883576184511185,-0.07126331329345703,0.016136467456817627,0.004667043685913086,0.037321820855140686,-0.03280341625213623,0.021244585514068604,0.046065449714660645,0.035126134753227234,-0.06968379020690918,0.11592656373977661,3.0,3.0,3.0,3.0,3.0,3.0,3.0,3.0,3.0,3.0,3.0,3.0,3.0,3.0,3.0,3.0,3.0,3.0,3.0,3.0,0.05,0.05,0.05,0.05,0.05,0.05,0.05,0.05,0.05,0.05,0.05,0.05,0.05,0.05,0.05,0.05,0.05,0.05,0.05,0.05,0.0,0.0,0.0,0.0,0.0,0.0,0.0,0.0,0.0,0.0,0.0,0.0,0.0,0.0,0.0,0.0,0.0,0.0,0.0,0.0
0.8235779404640198,0.37263840436935425,0.36880218982696533,0.5500531196594238,0.7862656116485596,-0.09932897239923477,0.9968472719192505,0.5768048167228699,1.1289633512496948,0.03809532895684242,1.310153603553772,0.7595714926719666,1.1977232694625854,0.01054913830012083,1.369948148727417,0.7937366366386414,1.1893932819366455,0.0637098103761673,1.5489686727523804,0.8211743235588074,0.08120536804199496,-0.04611015319824219,-0.0175192952156053,0.18890053033828735,0.1527160406112671,0.007543899118900646,0.2626478672027588,0.16784369945526123,0.04036128520964466,0.017988122999667948,0.03228485584259588,-0.052680075168612395,0.037738680839538574,0.016763131134212232,0.023221969604492188,-0.08339434862136563,0.01671016216278076,0.01421403139829705,0.0003546476364080231,0.16980469226837158,3.0,3.0,3.0,3.0,3.0,3.0,3.0,3.0,3.0,3.0,3.0,3.0,3.0,3.0,3.0,3.0,3.0,3.0,3.0,3.0,0.05,0.05,0.05,0.05,0.05,0.05,0.05,0.05,0.05,0.05,0.05,0.05,0.05,0.05,0.05,0.05,0.05,0.05,0.05,0.05,0.0,0.0,0.0,0.0,0.0,0.0,0.0,0.0,0.0,0.0,0.0,0.0,0.0,0.0,0.0,0.0,0.0,0.0,0.0,0.0,0.959578275680542,0.25568678975105286,0.4030466377735138,0.395511656999588,0.5479596257209778,-0.029774371534585953,0.4024773836135864,0.22727172076702118,0.7909231781959534,-0.05073273181915283,0.2924190163612366,0.3506696820259094,1.065242886543274,0.13919319212436676,0.6599932909011841,0.48895713686943054,1.140448808670044,0.16435614228248596,0.8168480396270752,0.2264462411403656,-0.009240210056302156,0.0005394220352158974,-0.0062137842178358604,0.01809522509575029,-0.08722692728042603,-0.01568105071783109,-0.15582069754600802,-0.005728006362915733,-0.07542669773101529,-0.0037179328501226253,-0.04778429865837236,0.030355155467985673,0.00014603137969970703,0.030779838562012413,-0.027289986610409822,0.01657903194427629,0.02995431423187811,0.021025538444519043,-0.07076114416122437,0.11855028569698334,3.0,3.0,3.0,3.0,3.0,3.0,3.0,3.0,3.0,3.0,3.0,3.0,3.0,3.0,3.0,3.0,3.0,3.0,3.0,3.0,0.05,0.05,0.05,0.05,0.05,0.05,0.05,0.05,0.05,0.05,0.05,0.05,0.05,0.05,0.05,0.05,0.05,0.05,0.05,0.05,0.0,0.0,0.0,0.0,0.0,0.0,0.0,0.0,0.0,0.0,0.0,0.0,0.0,0.0,0.0,0.0,0.0,0.0,0.0,0.0
0.8249840140342712,0.3717296719551087,0.36832880973815924,0.5537642240524291,0.7895042300224303,-0.09926676750183105,1.0020623207092283,0.5801651477813718,1.1298215389251707,0.03841702640056608,1.3107240200042727,0.7585303783416748,1.1985206604003906,0.010832984931766976,1.3703689575195312,0.7920888662338258,1.1897767782211304,0.06391591578722,1.5489749908447263,0.8244698643684386,0.06322115659713745,-0.04796832799911499,-0.025466084480285645,0.17586201429367065,0.17278790473937988,-0.0016886740922927856,0.26358067989349365,0.17139166593551636,0.04463493824005127,0.015798397362232208,0.024509429931640625,-0.051952898502349854,0.04182159900665283,0.011745025403797626,0.017961859703063965,-0.0821828842163086,0.018292665481567383,0.004373118281364441,0.00028312206268310547,0.16021430492401123,3.0,3.0,3.0,3.0,3.0,3.0,3.0,3.0,3.0,3.0,3.0,3.0,3.0,3.0,3.0,3.0,3.0,3.0,3.0,3.0,0.05,0.05,0.05,0.05,0.05,0.05,0.05,0.05,0.05,0.05,0.05,0.05,0.05,0.05,0.05,0.05,0.05,0.05,0.05,0.05,0.0,0.0,0.0,0.0,0.0,0.0,0.0,0.0,0.0,0.0,0.0,0.0,0.0,0.0,0.0,0.0,0.0,0.0,0.0,0.0,0.9592283368110658,0.255881518125534,0.4029839336872101,0.39578866958618164,0.5464102625846864,-0.030046366155147552,0.3995758593082429,0.2273055762052536,0.7896187901496888,-0.05061642080545426,0.29169556498527527,0.35141018033027643,1.0650876760482788,0.13972963392734525,0.6594194173812867,0.4892081022262573,1.1408295631408691,0.1646473258733749,0.8153676390647889,0.22882187366485585,-0.028087198734283447,0.01480206847190857,-0.006299465894699097,0.005733966827392578,-0.07680952548980713,-0.007387716323137283,-0.13828948140144348,0.004156678915023804,-0.05617886781692505,0.0037948600947856903,-0.028789043426513672,0.03964155912399292,-0.01017451286315918,0.02580396831035614,-0.026807188987731934,0.010411441326141357,0.016254186630249023,0.010786950588226318,-0.07050782442092896,0.11724419891834259,3.0,3.0,3.0,3.0,3.0,3.0,3.0,3.0,3.0,3.0,3.0,3.0,3.0,3.0,3.0,3.0,3.0,3.0,3.0,3.0,0.05,0.05,0.05,0.05,0.05,0.05,0.05,0.05,0.05,0.05,0.05,0.05,0.05,0.05,0.05,0.05,0.05,0.05,0.05,0.05,0.0,0.0,0.0,0.0,0.0,0.0,0.0,0.0,0.0,0.0,0.0,0.0,0.0,0.0,0.0,0.0,0.0,0.0,0.0,0.0
0.8261067867279053,0.37071967124938965,0.3677835464477539,0.5570876002311707,0.7931771278381348,-0.09939651936292648,1.0073904991149902,0.5836604833602905,1.1307487487792969,0.03872726485133171,1.3111339807510376,0.7574933767318726,1.1993961334228516,0.011018939316272736,1.3706666231155396,0.790449321269989,1.1901249885559082,0.06388473510742188,1.5489799976348877,0.8275828957557678,0.05141347646713257,-0.05357265472412248,-0.029319524765016036,0.16055554151535312,0.191514194011691,-0.009309500455856323,0.2694785594940241,0.17895847558975775,0.04939734935761053,0.01570945605635695,0.016915798187250308,-0.051881372928619385,0.0467151403427124,0.007399730384350083,0.011518597602844238,-0.08222609758377353,0.017139315605163574,-0.007363036274909973,0.0002264976501520355,0.15127211809158603,3.0,3.0,3.0,3.0,3.0,3.0,3.0,3.0,3.0,3.0,3.0,3.0,3.0,3.0,3.0,3.0,3.0,3.0,3.0,3.0,0.05,0.05,0.05,0.05,0.05,0.05,0.05,0.05,0.05,0.05,0.05,0.05,0.05,0.05,0.05,0.05,0.05,0.05,0.05,0.05,0.0,0.0,0.0,0.0,0.0,0.0,0.0,0.0,0.0,0.0,0.0,0.0,0.0,0.0,0.0,0.0,0.0,0.0,0.0,0.0,0.9584547877311707,0.2562788724899292,0.40279465913772583,0.3957410156726837,0.5448872447013855,-0.030069880187511444,0.3969458043575287,0.22743798792362213,0.7886760234832764,-0.050580937415361404,0.291267454624176,0.35225534439086914,1.0648359060287476,0.140225350856781,0.6589210033416748,0.4893735945224762,1.141098976135254,0.16478762030601501,0.814027726650238,0.2311360090970993,-0.05064010620117465,0.027056038379670577,-0.011933594942092896,-0.00708848237991333,-0.06703138351440707,-0.0009621027857065201,-0.12061744928360263,0.010586157441139221,-0.038471817970278654,0.011217314749956304,-0.013899058103561401,0.04549026489257951,-0.01481771469116211,0.022317841649056175,-0.023001432418826018,0.0062115490436553955,0.009042024612426758,0.0022336840629584576,-0.06537288427353183,0.11348985135555545,3.0,3.0,3.0,3.0,3.0,3.0,3.0,3.0,3.0,3.0,3.0,3.0,3.0,3.0,3.0,3.0,3.0,3.0,3.0,3.0,0.05,0.05,0.05,0.05,0.05,0.05,0.05,0.05,0.05,0.05,0.05,0.05,0.05,0.05,0.05,0.05,0.05,0.05,0.05,0.05,0.0,0.0,0.0,0.0,0.0,0.0,0.0,0.0,0.0,0.0,0.0,0.0,0.0,0.0,0.0,0.0,0.0,0.0,0.0,0.0
0.8270405530929565,0.3695867657661438,0.3671560287475586,0.5601864457130432,0.797164797782898,-0.09963914752006531,1.0128414630889893,0.5873234868049622,1.131797432899475,0.03904540464282036,1.3114006519317627,0.75645512342453,1.2003892660140991,0.01112897414714098,1.370829701423645,0.7887998223304749,1.190462350845337,0.0636213943362236,1.5489840507507324,0.830520749092102,0.04207193851470947,-0.0565066933631897,-0.03363266587257385,0.13891905546188354,0.21342933177947998,-0.008433684706687927,0.2821624279022217,0.18959194421768188,0.058081746101379395,0.01762211322784424,0.01214146614074707,-0.05048811435699463,0.05869865417480469,0.0035701552405953407,0.005608797073364258,-0.0832974910736084,0.023174285888671875,-0.01885201781988144,0.0001817941665649414,0.1404285430908203,3.0,3.0,3.0,3.0,3.0,3.0,3.0,3.0,3.0,3.0,3.0,3.0,3.0,3.0,3.0,3.0,3.0,3.0,3.0,3.0,0.05,0.05,0.05,0.05,0.05,0.05,0.05,0.05,0.05,0.05,0.05,0.05,0.05,0.05,0.05,0.05,0.05,0.05,0.05,0.05,0.0,0.0,0.0,0.0,0.0,0.0,0.0,0.0,0.0,0.0,0.0,0.0,0.0,0.0,0.0,0.0,0.0,0.0,0.0,0.0,0.9572027325630188,0.2569637596607208,0.40250658988952637,0.3955051302909851,0.5437290072441101,-0.030084850266575813,0.3947511613368988,0.22772902250289917,0.7880799174308777,-0.05016772821545601,0.2911396026611328,0.3532297909259796,1.0644949674606323,0.1406223475933075,0.6584993600845337,0.48945656418800354,1.1411912441253662,0.16473667323589325,0.8127527236938477,0.23336146771907806,-0.07491409778594971,0.03726482391357422,-0.014091283082962036,-0.011146068572998047,-0.04518181085586548,0.006990367546677589,-0.09385943412780762,0.02209395170211792,-0.014841556549072266,0.019766483455896378,0.004231184720993042,0.05345568060874939,-0.012299418449401855,0.015219300985336304,-0.014875829219818115,0.004898756742477417,0.007811188697814941,-0.011426210403442383,-0.05932897329330444,0.11107958853244781,3.0,3.0,3.0,3.0,3.0,3.0,3.0,3.0,3.0,3.0,3.0,3.0,3.0,3.0,3.0,3.0,3.0,3.0,3.0,3.0,0.05,0.05,0.05,0.05,0.05,0.05,0.05,0.05,0.05,0.05,0.05,0.05,0.05,0.05,0.05,0.05,0.05,0.05,0.05,0.05,0.0,0.0,0.0,0.0,0.0,0.0,0.0,0.0,0.0,0.0,0.0,0.0,0.0,0.0,0.0,0.0,0.0,0.0,0.0,0.0
0.8277896642684937,0.36845940351486206,0.36643823981285095,0.562644362449646,0.801714301109314,-0.099733866751194,1.018676996231079,0.5912441611289978,1.133072018623352,0.03943214938044548,1.3116196393966675,0.7554738521575928,1.2017440795898438,0.01116174552589655,1.3708909749984741,0.7871174216270447,1.191051959991455,0.06313065439462662,1.5489872694015503,0.8332000374794006,0.03582686185836792,-0.06029084324836731,-0.03184303641319275,0.10923296213150024,0.22984594106674194,-0.00991765409708023,0.30220746994018555,0.21189004182815552,0.0662773847579956,0.022633560001850128,0.006839632987976074,-0.04926174879074097,0.07142722606658936,-0.0025058863684535027,-0.007781386375427246,-0.09333938360214233,0.024366378784179688,-0.0355464406311512,0.0001430511474609375,0.12869983911514282,3.0,3.0,3.0,3.0,3.0,3.0,3.0,3.0,3.0,3.0,3.0,3.0,3.0,3.0,3.0,3.0,3.0,3.0,3.0,3.0,0.05,0.05,0.05,0.05,0.05,0.05,0.05,0.05,0.05,0.05,0.05,0.05,0.05,0.05,0.05,0.05,0.05,0.05,0.05,0.05,0.0,0.0,0.0,0.0,0.0,0.0,0.0,0.0,0.0,0.0,0.0,0.0,0.0,0.0,0.0,0.0,0.0,0.0,0.0,0.0,0.9554582238197327,0.25776946544647217,0.40223100781440735,0.3952951729297638,0.5430799722671509,-0.02979026548564434,0.3931914269924164,0.22832174599170685,0.7880823612213135,-0.04979027807712555,0.29143670201301575,0.3543935716152191,1.0643439292907715,0.14083412289619446,0.6583259701728821,0.4895695447921753,1.1414114236831665,0.16433057188987732,0.8116545677185059,0.23557919263839722,-0.09683817625045776,0.03874152898788452,-0.018025189638137817,-0.01734122633934021,-0.04334598779678345,0.018684472888708115,-0.07766112685203552,0.028656795620918274,-0.007036328315734863,0.02622762694954872,0.00861138105392456,0.05337148904800415,-0.01595020294189453,0.010167807340621948,-0.010117888450622559,0.004725158214569092,0.003641843795776367,-0.025609135627746582,-0.05464702844619751,0.10805130004882812,3.0,3.0,3.0,3.0,3.0,3.0,3.0,3.0,3.0,3.0,3.0,3.0,3.0,3.0,3.0,3.0,3.0,3.0,3.0,3.0,0.05,0.05,0.05,0.05,0.05,0.05,0.05,0.05,0.05,0.05,0.05,0.05,0.05,0.05,0.05,0.05,0.05,0.05,0.05,0.05,0.0,0.0,0.0,0.0,0.0,0.0,0.0,0.0,0.0,0.0,0.0,0.0,0.0,0.0,0.0,0.0,0.0,0.0,0.0,0.0
0.8284736275672913,0.3671751320362091,0.3658823072910309,0.5645557641983032,0.8063586354255676,-0.10003585368394852,1.0249297618865967,0.5957990884780884,1.134448528289795,0.03995074704289436,1.3116742372512817,0.7544846534729004,1.2032463550567627,0.01102873869240284,1.370518445968628,0.7850662469863892,1.191437005996704,0.062199536710977554,1.5489897727966309,0.8356687426567078,0.027295947074890137,-0.04417300224304199,-0.04774555563926697,0.08830279111862183,0.21792054176330566,0.00040922313928604126,0.30452609062194824,0.22803544998168945,0.06561875343322754,0.03063678741455078,-0.005552172660827637,-0.05069524049758911,0.07801055908203125,-0.006081210449337959,-0.018805265426635742,-0.10247230529785156,0.02779066562652588,-0.0429241918027401,0.00011324882507324219,0.11083334684371948,3.0,3.0,3.0,3.0,3.0,3.0,3.0,3.0,3.0,3.0,3.0,3.0,3.0,3.0,3.0,3.0,3.0,3.0,3.0,3.0,0.05,0.05,0.05,0.05,0.05,0.05,0.05,0.05,0.05,0.05,0.05,0.05,0.05,0.05,0.05,0.05,0.05,0.05,0.05,0.05,0.0,0.0,0.0,0.0,0.0,0.0,0.0,0.0,0.0,0.0,0.0,0.0,0.0,0.0,0.0,0.0,0.0,0.0,0.0,0.0,0.9533292055130005,0.2585134208202362,0.40178558230400085,0.3948114812374115,0.5419951677322388,-0.02933747135102749,0.3916447162628174,0.2288752943277359,0.7877984642982483,-0.04911862313747406,0.2914840579032898,0.3553646504878998,1.0638569593429565,0.14102905988693237,0.6580946445465088,0.4896455705165863,1.1413369178771973,0.1637123078107834,0.8105668425559998,0.2376835197210312,-0.11689960956573486,0.06606504321098328,-0.02874806523323059,-0.028299540281295776,-0.039580464363098145,0.022975541651248932,-0.06504356861114502,0.03104768693447113,0.0003516674041748047,0.027650687843561172,0.012059509754180908,0.052022188901901245,-0.025704503059387207,0.0032469630241394043,-0.009553134441375732,0.0036291778087615967,-0.018489360809326172,-0.038933008909225464,-0.05774497985839844,0.09909607470035553,3.0,3.0,3.0,3.0,3.0,3.0,3.0,3.0,3.0,3.0,3.0,3.0,3.0,3.0,3.0,3.0,3.0,3.0,3.0,3.0,0.05,0.05,0.05,0.05,0.05,0.05,0.05,0.05,0.05,0.05,0.05,0.05,0.05,0.05,0.05,0.05,0.05,0.05,0.05,0.05,0.0,0.0,0.0,0.0,0.0,0.0,0.0,0.0,0.0,0.0,0.0,0.0,0.0,0.0,0.0,0.0,0.0,0.0,0.0,0.0
0.8288815021514893,0.3666924834251404,0.3645284175872803,0.5661764740943909,0.8104311227798462,-0.09971749782562256,1.030858039855957,0.6003655791282654,1.1356967687606812,0.04065762087702751,1.3113975524902344,0.7534460425376892,1.204864501953125,0.01091849710792303,1.3701387643814087,0.7830185294151306,1.1921635866165161,0.061413686722517014,1.5489917993545532,0.8376333713531494,0.012940168380737305,-0.0028915703296661377,-0.058738887310028076,0.03910958766937256,0.1971602439880371,0.02472084015607834,0.29470622539520264,0.23165196180343628,0.050249695777893066,0.045829638838768005,-0.030693411827087402,-0.05677938461303711,0.06356239318847656,-0.005291844718158245,-0.032144784927368164,-0.10664612054824829,0.024139881134033203,-0.0377328135073185,9.238719940185547e-05,0.07750540971755981,3.0,3.0,3.0,3.0,3.0,3.0,3.0,3.0,3.0,3.0,3.0,3.0,3.0,3.0,3.0,3.0,3.0,3.0,3.0,3.0,0.05,0.05,0.05,0.05,0.05,0.05,0.05,0.05,0.05,0.05,0.05,0.05,0.05,0.05,0.05,0.05,0.05,0.05,0.05,0.05,0.0,0.0,0.0,0.0,0.0,0.0,0.0,0.0,0.0,0.0,0.0,0.0,0.0,0.0,0.0,0.0,0.0,0.0,0.0,0.0,0.9507822394371033,0.2604120671749115,0.4010810852050781,0.39416319131851196,0.541496753692627,-0.028871243819594383,0.3905896842479706,0.2295636534690857,0.7880964279174805,-0.0486842505633831,0.291919082403183,0.35647445917129517,1.063315749168396,0.14096400141716003,0.657943844795227,0.48971471190452576,1.1406718492507935,0.1627732515335083,0.8093447685241699,0.23954303562641144,-0.14013200998306274,0.09953975677490234,-0.04049614071846008,-0.05205869674682617,-0.022436678409576416,0.02010422758758068,-0.04932284355163574,0.03144294023513794,0.01134425401687622,0.019069667905569077,0.021125376224517822,0.05384013056755066,-0.04016757011413574,-0.009057298302650452,-0.016851723194122314,-0.002492964267730713,-0.054273009300231934,-0.05402304232120514,-0.06866604089736938,0.08235462009906769,3.0,3.0,3.0,3.0,3.0,3.0,3.0,3.0,3.0,3.0,3.0,3.0,3.0,3.0,3.0,3.0,3.0,3.0,3.0,3.0,0.05,0.05,0.05,0.05,0.05,0.05,0.05,0.05,0.05,0.05,0.05,0.05,0.05,0.05,0.05,0.05,0.05,0.05,0.05,0.05,0.0,0.0,0.0,0.0,0.0,0.0,0.0,0.0,0.0,0.0,0.0,0.0,0.0,0.0,0.0,0.0,0.0,0.0,0.0,0.0
0.8289912343025208,0.36705946922302246,0.36353275179862976,0.5661201477050781,0.8142450451850891,-0.09904702007770538,1.0367180109024048,0.6050651669502258,1.1364585161209106,0.041783932596445084,1.3104465007781982,0.7522134780883789,1.2057888507843018,0.01081706490367651,1.3692326545715332,0.7808004021644592,1.1924026012420654,0.060690224170684814,1.548993468284607,0.8387689590454102,-0.016169250011444092,0.021379441022872925,-0.03564208745956421,-0.04941225051879883,0.1553565263748169,0.017779693007469177,0.25315284729003906,0.2243444323539734,0.007236003875732422,0.051406677812337875,-0.07529854774475098,-0.0677749514579773,0.003987550735473633,-0.016681826673448086,-0.0710517168045044,-0.11730939149856567,-0.0501096248626709,-0.048596132546663284,7.450580596923828e-05,0.0274658203125,3.0,3.0,3.0,3.0,3.0,3.0,3.0,3.0,3.0,3.0,3.0,3.0,3.0,3.0,3.0,3.0,3.0,3.0,3.0,3.0,0.05,0.05,0.05,0.05,0.05,0.05,0.05,0.05,0.05,0.05,0.05,0.05,0.05,0.05,0.05,0.05,0.05,0.05,0.05,0.05,0.0,0.0,0.0,0.0,0.0,0.0,0.0,0.0,0.0,0.0,0.0,0.0,0.0,0.0,0.0,0.0,0.0,0.0,0.0,0.0,0.947723925113678,0.2624950110912323,0.40016573667526245,0.39272913336753845,0.5410977005958557,-0.02853330224752426,0.38967180252075195,0.23013301193714142,0.7882522344589233,-0.0483558364212513,0.2923290729522705,0.3575182557106018,1.0622502565383911,0.14066676795482635,0.6574205756187439,0.4895458519458771,1.139165997505188,0.16155138611793518,0.807820200920105,0.2409777045249939,-0.16873478889465332,0.11343508958816528,-0.04997923970222473,-0.09880214929580688,-0.026245415210723877,0.02702907659113407,-0.051115453243255615,0.019553303718566895,-0.0029161572456359863,0.023465510457754135,0.011823326349258423,0.04533827304840088,-0.07238984107971191,-0.007295235991477966,-0.044023990631103516,-0.017996132373809814,-0.10995268821716309,-0.05619041621685028,-0.09094923734664917,0.059198588132858276,3.0,3.0,3.0,3.0,3.0,3.0,3.0,3.0,3.0,3.0,3.0,3.0,3.0,3.0,3.0,3.0,3.0,3.0,3.0,3.0,0.05,0.05,0.05,0.05,0.05,0.05,0.05,0.05,0.05,0.05,0.05,0.05,0.05,0.05,0.05,0.05,0.05,0.05,0.05,0.05,0.0,0.0,0.0,0.0,0.0,0.0,0.0,0.0,0.0,0.0,0.0,0.0,0.0,0.0,0.0,0.0,0.0,0.0,0.0,0.0
0.8282347321510315,0.3675476610660553,0.3631027340888977,0.5641999840736389,0.8166453838348389,-0.09900631010532379,1.0409841537475586,0.6093393564224243,1.1359862089157104,0.04271388798952103,1.3083856105804443,0.7507350444793701,1.205024003982544,0.010251224040985107,1.3672966957092285,0.778326153755188,1.1901592016220093,0.05946984142065048,1.548994779586792,0.8387320041656494,-0.06905943155288696,0.032773613929748535,-0.02857893705368042,-0.09633302688598633,0.1365870237350464,-0.0020969659090042114,0.20613372325897217,0.21220296621322632,-0.029549002647399902,0.03495495766401291,-0.11596083641052246,-0.07353723049163818,-0.050836801528930664,-0.04103255923837423,-0.1048743724822998,-0.12312978506088257,-0.1335054636001587,-0.07484210655093193,5.9604644775390625e-05,-0.029647350311279297,3.0,3.0,3.0,3.0,3.0,3.0,3.0,3.0,3.0,3.0,3.0,3.0,3.0,3.0,3.0,3.0,3.0,3.0,3.0,3.0,0.05,0.05,0.05,0.05,0.05,0.05,0.05,0.05,0.05,0.05,0.05,0.05,0.05,0.05,0.05,0.05,0.05,0.05,0.05,0.05,0.0,0.0,0.0,0.0,0.0,0.0,0.0,0.0,0.0,0.0,0.0,0.0,0.0,0.0,0.0,0.0,0.0,0.0,0.0,0.0,0.9440328478813171,0.2649494707584381,0.39908191561698914,0.3902111053466797,0.540446937084198,-0.02779008075594902,0.38854506611824036,0.23034578561782837,0.787979781627655,-0.04774563014507294,0.2923920154571533,0.3582879900932312,1.0604201555252075,0.14067219197750092,0.6561828851699829,0.48899486660957336,1.136273741722107,0.1605256348848343,0.805706799030304,0.24191097915172577,-0.19058138132095337,0.1667216420173645,-0.07208660244941711,-0.14532729983329773,-0.024244189262390137,0.02942671999335289,-0.0544816255569458,0.004114210605621338,-0.004155933856964111,0.04002237692475319,0.004899501800537109,0.03397166728973389,-0.09131729602813721,0.0030532479286193848,-0.0654071569442749,-0.03158152103424072,-0.1435309648513794,-0.03995448350906372,-0.09842514991760254,0.042320042848587036,3.0,3.0,3.0,3.0,3.0,3.0,3.0,3.0,3.0,3.0,3.0,3.0,3.0,3.0,3.0,3.0,3.0,3.0,3.0,3.0,0.05,0.05,0.05,0.05,0.05,0.05,0.05,0.05,0.05,0.05,0.05,0.05,0.05,0.05,0.05,0.05,0.05,0.05,0.05,0.05,0.0,0.0,0.0,0.0,0.0,0.0,0.0,0.0,0.0,0.0,0.0,0.0,0.0,0.0,0.0,0.0,0.0,0.0,0.0,0.0
0.8262288570404053,0.3683704137802124,0.36238959431648254,0.5622668266296387,0.819708526134491,-0.09913089871406555,1.0449633598327637,0.6135532855987549,1.1352765560150146,0.0431821309030056,1.3058080673217773,0.7492719888687134,1.2037553787231445,0.00917576253414154,1.3650376796722412,0.7758752107620239,1.187062382698059,0.05769653990864754,1.548995852470398,0.837583065032959,-0.10103583335876465,0.04449710249900818,-0.029949843883514404,-0.14637112617492676,0.12250542640686035,-0.02020709216594696,0.16700327396392822,0.19736438989639282,-0.044718384742736816,0.02047652378678322,-0.1466214656829834,-0.07579773664474487,-0.08161067962646484,-0.05657144356518984,-0.12955069541931152,-0.1255616545677185,-0.1726686954498291,-0.09241066873073578,4.76837158203125e-05,-0.08744746446609497,3.0,3.0,3.0,3.0,3.0,3.0,3.0,3.0,3.0,3.0,3.0,3.0,3.0,3.0,3.0,3.0,3.0,3.0,3.0,3.0,0.05,0.05,0.05,0.05,0.05,0.05,0.05,0.05,0.05,0.05,0.05,0.05,0.05,0.05,0.05,0.05,0.05,0.05,0.05,0.05,0.0,0.0,0.0,0.0,0.0,0.0,0.0,0.0,0.0,0.0,0.0,0.0,0.0,0.0,0.0,0.0,0.0,0.0,0.0,0.0,0.9401006698608398,0.2691638767719269,0.39728227257728577,0.38691604137420654,0.5401279330253601,-0.027356233447790146,0.3874925374984741,0.23029758036136627,0.7880859971046448,-0.04675494134426117,0.292525053024292,0.35887712240219116,1.0585975646972656,0.14078889787197113,0.6548042893409729,0.48828259110450745,1.1334247589111328,0.15995320677757263,0.8038831949234009,0.24267050623893738,-0.22797733545303345,0.19627660512924194,-0.07507801055908203,-0.18358230590820312,-0.016370415687561035,0.026866048574447632,-0.05057677626609802,-0.008359551429748535,0.0010520219802856445,0.03460198640823364,0.0012069940567016602,0.02039000391960144,-0.09950697422027588,0.003458186984062195,-0.07804036140441895,-0.04257857799530029,-0.16289055347442627,-0.03632940351963043,-0.0967174768447876,0.028659775853157043,3.0,3.0,3.0,3.0,3.0,3.0,3.0,3.0,3.0,3.0,3.0,3.0,3.0,3.0,3.0,3.0,3.0,3.0,3.0,3.0,0.05,0.05,0.05,0.05,0.05,0.05,0.05,0.05,0.05,0.05,0.05,0.05,0.05,0.05,0.05,0.05,0.05,0.05,0.05,0.05,0.0,0.0,0.0,0.0,0.0,0.0,0.0,0.0,0.0,0.0,0.0,0.0,0.0,0.0,0.0,0.0,0.0,0.0,0.0,0.0
0.8241932988166809,0.3693275451660156,0.36190474033355713,0.5583451390266418,0.8215456008911133,-0.09981459379196167,1.0476642847061157,0.61723393201828,1.134197473526001,0.043532948940992355,1.302520751953125,0.7477031350135803,1.2017595767974854,0.007988366298377514,1.362114667892456,0.7733036875724792,1.1832524538040161,0.05577341467142105,1.5489966869354248,0.8352341055870056,-0.1181378960609436,0.06745830178260803,-0.059141963720321655,-0.21541863679885864,0.06760954856872559,-0.0370267778635025,0.09419023990631104,0.1683652400970459,-0.08105933666229248,0.006792880594730377,-0.2019137144088745,-0.08765459060668945,-0.13464391231536865,-0.06996411830186844,-0.17979145050048828,-0.13817697763442993,-0.23178458213806152,-0.10797027498483658,-0.030097365379333496,-0.1742154359817505,3.0,3.0,3.0,3.0,3.0,3.0,3.0,3.0,3.0,3.0,3.0,3.0,3.0,3.0,3.0,3.0,3.0,3.0,3.0,3.0,0.05,0.05,0.05,0.05,0.05,0.05,0.05,0.05,0.05,0.05,0.05,0.05,0.05,0.05,0.05,0.05,0.05,0.05,0.05,0.05,0.0,0.0,0.0,0.0,0.0,0.0,0.0,0.0,0.0,0.0,0.0,0.0,0.0,0.0,0.0,0.0,0.0,0.0,0.0,0.0,0.9349137544631958,0.2728005349636078,0.39607879519462585,0.38286781311035156,0.5397921204566956,-0.026715438812971115,0.38652199506759644,0.23001140356063843,0.7880218625068665,-0.04636155068874359,0.2924402952194214,0.35910359025001526,1.0564398765563965,0.1408105194568634,0.6530612707138062,0.48729172348976135,1.1297581195831299,0.15907245874404907,0.8018380999565125,0.24305737018585205,-0.24306774139404297,0.2595633268356323,-0.1092664897441864,-0.23491457104682922,-0.0208243727684021,0.0423274002969265,-0.061634182929992676,-0.03417506814002991,-0.0075116753578186035,0.061860401183366776,-0.020422041416168213,-0.008744746446609497,-0.13354718685150146,0.031790509819984436,-0.10767579078674316,-0.06141141057014465,-0.21138489246368408,-0.0012718141078948975,-0.10807961225509644,0.010106340050697327,3.0,3.0,3.0,3.0,3.0,3.0,3.0,3.0,3.0,3.0,3.0,3.0,3.0,3.0,3.0,3.0,3.0,3.0,3.0,3.0,0.05,0.05,0.05,0.05,0.05,0.05,0.05,0.05,0.05,0.05,0.05,0.05,0.05,0.05,0.05,0.05,0.05,0.05,0.05,0.05,0.0,0.0,0.0,0.0,0.0,0.0,0.0,0.0,0.0,0.0,0.0,0.0,0.0,0.0,0.0,0.0,0.0,0.0,0.0,0.0
0.8215033411979675,0.3710687458515167,0.3600239157676697,0.5536500811576843,0.82241290807724,-0.10061196982860565,1.0487309694290161,0.6202878952026367,1.132034182548523,0.043453846126794815,1.2977315187454224,0.7457658052444458,1.1983696222305298,0.006377197802066803,1.3578460216522217,0.7703481316566467,1.1777909994125366,0.053377728909254074,1.5477919578552246,0.830614447593689,-0.1622915267944336,0.09149834513664246,-0.08701309561729431,-0.26009827852249146,0.019980967044830322,-0.04243403673171997,0.008171796798706055,0.1296207308769226,-0.12544989585876465,-0.00897953286767006,-0.27715861797332764,-0.10862499475479126,-0.19511282444000244,-0.09333610069006681,-0.250929594039917,-0.1575261354446411,-0.2994716167449951,-0.14053573831915855,-0.09799301624298096,-0.28980374336242676,3.0,3.0,3.0,3.0,3.0,3.0,3.0,3.0,3.0,3.0,3.0,3.0,3.0,3.0,3.0,3.0,3.0,3.0,3.0,3.0,0.05,0.05,0.05,0.05,0.05,0.05,0.05,0.05,0.05,0.05,0.05,0.05,0.05,0.05,0.05,0.05,0.05,0.05,0.05,0.05,0.0,0.0,0.0,0.0,0.0,0.0,0.0,0.0,0.0,0.0,0.0,0.0,0.0,0.0,0.0,0.0,0.0,0.0,0.0,0.0,0.9303779602050781,0.2795464098453522,0.3929116129875183,0.3775194585323334,0.539294958114624,-0.025663137435913086,0.3850271701812744,0.22893057763576508,0.787785530090332,-0.0442805252969265,0.29170817136764526,0.3585273325443268,1.0532556772232056,0.1420605182647705,0.6504972577095032,0.48582613468170166,1.1249693632125854,0.15990233421325684,0.799560010433197,0.24307475984096527,-0.24795979261398315,0.3324158489704132,-0.13898611068725586,-0.30769333243370056,-0.010611116886138916,0.04184688441455364,-0.06727948784828186,-0.057798996567726135,0.013521313667297363,0.10944874957203865,-0.024493783712387085,-0.029443204402923584,-0.1593947410583496,0.06615035235881805,-0.12424737215042114,-0.07216408848762512,-0.24105310440063477,0.04139356315135956,-0.10557621717453003,-0.0013571232557296753,3.0,3.0,3.0,3.0,3.0,3.0,3.0,3.0,3.0,3.0,3.0,3.0,3.0,3.0,3.0,3.0,3.0,3.0,3.0,3.0,0.05,0.05,0.05,0.05,0.05,0.05,0.05,0.05,0.05,0.05,0.05,0.05,0.05,0.05,0.05,0.05,0.05,0.05,0.05,0.05,0.0,0.0,0.0,0.0,0.0,0.0,0.0,0.0,0.0,0.0,0.0,0.0,0.0,0.0,0.0,0.0,0.0,0.0,0.0,0.0
0.8177016377449036,0.3729874789714813,0.35842421650886536,0.5479412078857422,0.8223448395729065,-0.10151195526123047,1.047991156578064,0.6224187612533569,1.1291794776916504,0.04317376762628555,1.291434407234192,0.7433581352233887,1.1939550638198853,0.004254922270774841,1.3520774841308594,0.7670026421546936,1.1712735891342163,0.05015198513865471,1.5450769662857056,0.8236419558525085,-0.21628141403198242,0.08124634623527527,-0.06914213299751282,-0.30030161142349243,0.0013217329978942871,-0.058354251086711884,-0.0731050968170166,0.07909685373306274,-0.14394521713256836,-0.020937900990247726,-0.3508418798446655,-0.1345232129096985,-0.23148655891418457,-0.11158906272612512,-0.3312915563583374,-0.17992854118347168,-0.3437548875808716,-0.17208512872457504,-0.17727315425872803,-0.40283799171447754,3.0,3.0,3.0,3.0,3.0,3.0,3.0,3.0,3.0,3.0,3.0,3.0,3.0,3.0,3.0,3.0,3.0,3.0,3.0,3.0,0.05,0.05,0.05,0.05,0.05,0.05,0.05,0.05,0.05,0.05,0.05,0.05,0.05,0.05,0.05,0.05,0.05,0.05,0.05,0.05,0.0,0.0,0.0,0.0,0.0,0.0,0.0,0.0,0.0,0.0,0.0,0.0,0.0,0.0,0.0,0.0,0.0,0.0,0.0,0.0,0.9249953627586365,0.2860971689224243,0.3905193507671356,0.37056007981300354,0.53936767578125,-0.02504156343638897,0.38383081555366516,0.22769944369792938,0.7885627150535583,-0.041983600705862045,0.2914605438709259,0.3579258620738983,1.0500640869140625,0.14345653355121613,0.6480913758277893,0.48440515995025635,1.1201159954071045,0.16072820127010345,0.7976150512695312,0.24300308525562286,-0.34419894218444824,0.25091618299484253,-0.08424147963523865,-0.31914785504341125,0.034740567207336426,0.04180301912128925,-0.021458417177200317,-0.04933252930641174,0.07358193397521973,0.07892437279224396,0.016749650239944458,-0.021338462829589844,-0.1185983419418335,0.023464113473892212,-0.10080188512802124,-0.06725490093231201,-0.21632909774780273,-0.023011118173599243,-0.0675588846206665,0.007648766040802002,3.0,3.0,3.0,3.0,3.0,3.0,3.0,3.0,3.0,3.0,3.0,3.0,3.0,3.0,3.0,3.0,3.0,3.0,3.0,3.0,0.05,0.05,0.05,0.05,0.05,0.05,0.05,0.05,0.05,0.05,0.05,0.05,0.05,0.05,0.05,0.05,0.05,0.05,0.05,0.05,0.0,0.0,0.0,0.0,0.0,0.0,0.0,0.0,0.0,0.0,0.0,0.0,0.0,0.0,0.0,0.0,0.0,0.0,0.0,0.0
0.8128520846366882,0.37431859970092773,0.35725823044776917,0.5416380167007446,0.8224657773971558,-0.10294613987207413,1.0458067655563354,0.6234517693519592,1.1262763738632202,0.042616330087184906,1.2836978435516357,0.7403848767280579,1.1891101598739624,0.0019136352930217981,1.3445943593978882,0.7631509900093079,1.1640408039093018,0.04649432376027107,1.5407010316848755,0.8145009279251099,-0.23782700300216675,0.07836222648620605,-0.06716623902320862,-0.32068192958831787,-0.03314316272735596,-0.07733460515737534,-0.1652538776397705,0.011308491230010986,-0.1696169376373291,-0.03992309793829918,-0.44780075550079346,-0.18141865730285645,-0.26505589485168457,-0.12538345763459802,-0.4399210214614868,-0.22706985473632812,-0.38711726665496826,-0.18884073942899704,-0.2603977918624878,-0.498102605342865,3.0,3.0,3.0,3.0,3.0,3.0,3.0,3.0,3.0,3.0,3.0,3.0,3.0,3.0,3.0,3.0,3.0,3.0,3.0,3.0,0.05,0.05,0.05,0.05,0.05,0.05,0.05,0.05,0.05,0.05,0.05,0.05,0.05,0.05,0.05,0.05,0.05,0.05,0.05,0.05,0.0,0.0,0.0,0.0,0.0,0.0,0.0,0.0,0.0,0.0,0.0,0.0,0.0,0.0,0.0,0.0,0.0,0.0,0.0,0.0,0.9166100025177002,0.2895830571651459,0.38954195380210876,0.3647535443305969,0.5406845808029175,-0.023991016671061516,0.3841688334941864,0.2269572764635086,0.7907288074493408,-0.04112355038523674,0.29237815737724304,0.3576737940311432,1.0485117435455322,0.1429990828037262,0.6464651823043823,0.4831359386444092,1.1163161993026733,0.15898188948631287,0.7968576550483704,0.24338071048259735,-0.38676708936691284,0.17526522278785706,-0.062488019466400146,-0.25862082839012146,0.08486062288284302,0.05755084566771984,0.03742575645446777,-0.027398765087127686,0.13776123523712158,0.050694216042757034,0.06745308637619019,-0.0021830201148986816,-0.07170736789703369,-0.022578611969947815,-0.07618218660354614,-0.061255693435668945,-0.1913219690322876,-0.08919201791286469,-0.035102665424346924,0.01659989356994629,3.0,3.0,3.0,3.0,3.0,3.0,3.0,3.0,3.0,3.0,3.0,3.0,3.0,3.0,3.0,3.0,3.0,3.0,3.0,3.0,0.05,0.05,0.05,0.05,0.05,0.05,0.05,0.05,0.05,0.05,0.05,0.05,0.05,0.05,0.05,0.05,0.05,0.05,0.05,0.05,0.0,0.0,0.0,0.0,0.0,0.0,0.0,0.0,0.0,0.0,0.0,0.0,0.0,0.0,0.0,0.0,0.0,0.0,0.0,0.0
0.8081885576248169,0.37612196803092957,0.355737566947937,0.5351139307022095,0.8210191130638123,-0.10460533946752548,1.0413810014724731,0.6228711009025574,1.1223948001861572,0.041576843708753586,1.2735223770141602,0.7361013889312744,1.1833528280258179,-0.0007604160346090794,1.3344806432724,0.7579198479652405,1.1557888984680176,0.04259835556149483,1.534661054611206,0.803717851638794,-0.3108873963356018,0.04741549491882324,-0.059463828802108765,-0.3371581435203552,0.007896125316619873,-0.18499735742807388,-0.36041736602783203,-0.1601681113243103,-0.038436055183410645,-0.1793959178030491,-0.7064551115036011,-0.32149702310562134,-0.14789104461669922,-0.27068472118116915,-0.7179945707321167,-0.4093348979949951,-0.3255873918533325,-0.3548777662217617,-0.3714710474014282,-0.7821321487426758,3.0,3.0,3.0,3.0,3.0,3.0,3.0,3.0,3.0,3.0,3.0,3.0,3.0,3.0,3.0,3.0,3.0,3.0,3.0,3.0,0.05,0.05,0.05,0.05,0.05,0.05,0.05,0.05,0.05,0.05,0.05,0.05,0.05,0.05,0.05,0.05,0.05,0.05,0.05,0.05,0.0,0.0,0.0,0.0,0.0,0.0,0.0,0.0,0.0,0.0,0.0,0.0,0.0,0.0,0.0,0.0,0.0,0.0,0.0,0.0,0.90952467918396,0.2931077778339386,0.3880198299884796,0.3602152466773987,0.5427621006965637,-0.022739529609680176,0.38532784581184387,0.22660349309444427,0.7940731644630432,-0.039955832064151764,0.2941586673259735,0.35783854126930237,1.0471957921981812,0.1425533890724182,0.6450440883636475,0.4819549322128296,1.112463116645813,0.15716052055358887,0.7962109446525574,0.24366708099842072,-0.34668445587158203,0.17089620232582092,-0.08173882961273193,-0.19955560564994812,0.12688040733337402,0.07130946032702923,0.08132308721542358,-0.006828829646110535,0.19102096557617188,0.05853017792105675,0.10772570967674255,0.017596036195755005,-0.06788671016693115,-0.02794899046421051,-0.07421821355819702,-0.06180331110954285,-0.20384490489959717,-0.09447857737541199,-0.035563111305236816,0.008615478873252869,3.0,3.0,3.0,3.0,3.0,3.0,3.0,3.0,3.0,3.0,3.0,3.0,3.0,3.0,3.0,3.0,3.0,3.0,3.0,3.0,0.05,0.05,0.05,0.05,0.05,0.05,0.05,0.05,0.05,0.05,0.05,0.05,0.05,0.05,0.05,0.05,0.05,0.05,0.05,0.05,0.0,0.0,0.0,0.0,0.0,0.0,0.0,0.0,0.0,0.0,0.0,0.0,0.0,0.0,0.0,0.0,0.0,0.0,0.0,0.0
0.8004165887832642,0.37621521949768066,0.3548796772956848,0.5281516909599304,0.8227816224098206,-0.11034603416919708,1.0313900709152222,0.6170450448989868,1.1247389316558838,0.03544049337506294,1.2554396390914917,0.727524995803833,1.1831945180892944,-0.008913753554224968,1.3158745765686035,0.7467775940895081,1.1510173082351685,0.032299213111400604,1.5258421897888184,0.7832156419754028,-0.36491453647613525,-0.012966245412826538,-0.04480406641960144,-0.3577619791030884,0.07350891828536987,-0.28911419212818146,-0.5301713943481445,-0.324799120426178,0.014483928680419922,-0.28484431095421314,-0.9371042251586914,-0.43587982654571533,-0.06816089153289795,-0.3849112312309444,-0.935739278793335,-0.5551755428314209,-0.29477179050445557,-0.47843526117503643,-0.5155503749847412,-1.0277390480041504,3.0,3.0,3.0,3.0,3.0,3.0,3.0,3.0,3.0,3.0,3.0,3.0,3.0,3.0,3.0,3.0,3.0,3.0,3.0,3.0,0.05,0.05,0.05,0.05,0.05,0.05,0.05,0.05,0.05,0.05,0.05,0.05,0.05,0.05,0.05,0.05,0.05,0.05,0.05,0.05,0.0,0.0,0.0,0.0,0.0,0.0,0.0,0.0,0.0,0.0,0.0,0.0,0.0,0.0,0.0,0.0,0.0,0.0,0.0,0.0,0.9027426242828369,0.2964189052581787,0.3862724006175995,0.356771320104599,0.5457597970962524,-0.021138638257980347,0.38742175698280334,0.22668412327766418,0.7983696460723877,-0.03878234326839447,0.29668718576431274,0.3583776354789734,1.045796275138855,0.14188112318515778,0.6434964537620544,0.48066380620002747,1.1081624031066895,0.1552027463912964,0.7954351305961609,0.24372532963752747,-0.3630921244621277,0.1558072865009308,-0.09000822901725769,-0.16849860548973083,0.1732945442199707,0.11033560149371624,0.1445569097995758,0.01627616584300995,0.232812762260437,0.06338218227028847,0.14580339193344116,0.03346279263496399,-0.05977153778076172,-0.04606954753398895,-0.09028911590576172,-0.07806643843650818,-0.2307891845703125,-0.11017099022865295,-0.03058016300201416,-0.0004149973392486572,3.0,3.0,3.0,3.0,3.0,3.0,3.0,3.0,3.0,3.0,3.0,3.0,3.0,3.0,3.0,3.0,3.0,3.0,3.0,3.0,0.05,0.05,0.05,0.05,0.05,0.05,0.05,0.05,0.05,0.05,0.05,0.05,0.05,0.05,0.05,0.05,0.05,0.05,0.05,0.05,0.0,0.0,0.0,0.0,0.0,0.0,0.0,0.0,0.0,0.0,0.0,0.0,0.0,0.0,0.0,0.0,0.0,0.0,0.0,0.0
0.7935919761657715,0.3756033182144165,0.35394540429115295,0.5208034515380859,0.823959469795227,-0.11616990715265274,1.0201741456985474,0.6098791360855103,1.122974157333374,0.03018307127058506,1.2360382080078125,0.7186661958694458,1.180626392364502,-0.016156865283846855,1.2970510721206665,0.7357128262519836,1.1439980268478394,0.02346094511449337,1.5140390396118164,0.7626082897186279,-0.33518970012664795,0.00453069806098938,-0.029342621564865112,-0.41243135929107666,0.042082369327545166,-0.2721218392252922,-0.5880266427993774,-0.3890573978424072,-0.10399520397186279,-0.2567589748650789,-0.9923219680786133,-0.45712441205978394,-0.1824110746383667,-0.35265423357486725,-0.9721070528030396,-0.5659401416778564,-0.3996610641479492,-0.4359547281637788,-0.6424099206924438,-1.024109125137329,3.0,3.0,3.0,3.0,3.0,3.0,3.0,3.0,3.0,3.0,3.0,3.0,3.0,3.0,3.0,3.0,3.0,3.0,3.0,3.0,0.05,0.05,0.05,0.05,0.05,0.05,0.05,0.05,0.05,0.05,0.05,0.05,0.05,0.05,0.05,0.05,0.05,0.05,0.05,0.05,0.0,0.0,0.0,0.0,0.0,0.0,0.0,0.0,0.0,0.0,0.0,0.0,0.0,0.0,0.0,0.0,0.0,0.0,0.0,0.0,0.8950009942054749,0.29934006929397583,0.3844195008277893,0.35347530245780945,0.5496938824653625,-0.018326105549931526,0.3911101222038269,0.22725453972816467,0.8033856749534607,-0.037420544773340225,0.29999080300331116,0.3591770529747009,1.0448049306869507,0.14071060717105865,0.641432523727417,0.47883227467536926,1.1032315492630005,0.15275368094444275,0.7949877381324768,0.24365048110485077,-0.36890655755996704,0.15612319111824036,-0.10049417614936829,-0.1520976424217224,0.20837485790252686,0.13211285695433617,0.19541457295417786,0.035160407423973083,0.28702616691589355,0.0764407217502594,0.18780529499053955,0.05180761218070984,-0.0422358512878418,-0.05057863891124725,-0.09639859199523926,-0.08677095174789429,-0.2517491579055786,-0.11754333972930908,-0.025998055934906006,-0.007799267768859863,3.0,3.0,3.0,3.0,3.0,3.0,3.0,3.0,3.0,3.0,3.0,3.0,3.0,3.0,3.0,3.0,3.0,3.0,3.0,3.0,0.05,0.05,0.05,0.05,0.05,0.05,0.05,0.05,0.05,0.05,0.05,0.05,0.05,0.05,0.05,0.05,0.05,0.05,0.05,0.05,0.0,0.0,0.0,0.0,0.0,0.0,0.0,0.0,0.0,0.0,0.0,0.0,0.0,0.0,0.0,0.0,0.0,0.0,0.0,0.0
0.7870090007781982,0.37639644742012024,0.3537059724330902,0.5116544365882874,0.8244649171829224,-0.12123090773820877,1.007869005203247,0.6014827489852905,1.1205791234970093,0.025170134380459785,1.2157467603683472,0.7092400193214417,1.1758980751037598,-0.023019922897219658,1.276990294456482,0.7241399884223938,1.1350308656692505,0.014861023984849453,1.5001457929611206,0.7422512769699097,-0.3631383180618286,0.016031414270401,-0.04001632332801819,-0.4352077841758728,-0.04706829786300659,-0.2507483586668968,-0.7017970085144043,-0.4956275224685669,-0.10767877101898193,-0.2591866534203291,-1.094844937324524,-0.5149304866790771,-0.21918118000030518,-0.37497710436582565,-1.071077585220337,-0.6212607026100159,-0.45641064643859863,-0.4697672324255109,-0.770348310470581,-1.0674744844436646,3.0,3.0,3.0,3.0,3.0,3.0,3.0,3.0,3.0,3.0,3.0,3.0,3.0,3.0,3.0,3.0,3.0,3.0,3.0,3.0,0.05,0.05,0.05,0.05,0.05,0.05,0.05,0.05,0.05,0.05,0.05,0.05,0.05,0.05,0.05,0.05,0.05,0.05,0.05,0.05,0.0,0.0,0.0,0.0,0.0,0.0,0.0,0.0,0.0,0.0,0.0,0.0,0.0,0.0,0.0,0.0,0.0,0.0,0.0,0.0,0.8879863619804382,0.3026638329029083,0.38225263357162476,0.3506874144077301,0.5540947914123535,-0.0158541239798069,0.39523833990097046,0.2280905395746231,0.8098506927490234,-0.035724714398384094,0.3041993975639343,0.3604499399662018,1.0441068410873413,0.13985797762870789,0.6396405100822449,0.4771929681301117,1.0980924367904663,0.15050101280212402,0.7943952083587646,0.24341335892677307,-0.3814384341239929,0.15195682644844055,-0.11389553546905518,-0.14106333255767822,0.24467557668685913,0.14832818415015936,0.24721994996070862,0.05515776574611664,0.33645331859588623,0.08383980020880699,0.23375675082206726,0.07552504539489746,-0.02384185791015625,-0.04692338407039642,-0.09333491325378418,-0.08628740906715393,-0.2657383680343628,-0.10949783027172089,-0.012722611427307129,-0.010097399353981018,3.0,3.0,3.0,3.0,3.0,3.0,3.0,3.0,3.0,3.0,3.0,3.0,3.0,3.0,3.0,3.0,3.0,3.0,3.0,3.0,0.05,0.05,0.05,0.05,0.05,0.05,0.05,0.05,0.05,0.05,0.05,0.05,0.05,0.05,0.05,0.05,0.05,0.05,0.05,0.05,0.0,0.0,0.0,0.0,0.0,0.0,0.0,0.0,0.0,0.0,0.0,0.0,0.0,0.0,0.0,0.0,0.0,0.0,0.0,0.0
0.7790664434432983,0.37624457478523254,0.3523447513580322,0.503395140171051,0.8220767378807068,-0.1261998414993286,0.9921022653579712,0.5900540351867676,1.1186670064926147,0.019815605133771896,1.1922444105148315,0.6980689764022827,1.1718591451644897,-0.03115594945847988,1.254207968711853,0.710862398147583,1.1257416009902954,0.004670255817472935,1.4832251071929932,0.7199093103408813,-0.4121243953704834,0.007006525993347168,-0.07548481225967407,-0.4686877131462097,-0.11612027883529663,-0.24985987693071365,-0.830841064453125,-0.6316646933555603,-0.08594095706939697,-0.2772698411718011,-1.2297391891479492,-0.5962193012237549,-0.2575129270553589,-0.41333516128361225,-1.2266099452972412,-0.7111653685569763,-0.47170817852020264,-0.5238809855654836,-0.9206593036651611,-1.1638268828392029,3.0,3.0,3.0,3.0,3.0,3.0,3.0,3.0,3.0,3.0,3.0,3.0,3.0,3.0,3.0,3.0,3.0,3.0,3.0,3.0,0.05,0.05,0.05,0.05,0.05,0.05,0.05,0.05,0.05,0.05,0.05,0.05,0.05,0.05,0.05,0.05,0.05,0.05,0.05,0.05,0.0,0.0,0.0,0.0,0.0,0.0,0.0,0.0,0.0,0.0,0.0,0.0,0.0,0.0,0.0,0.0,0.0,0.0,0.0,0.0,0.8797434568405151,0.30541834235191345,0.3798636794090271,0.3478327691555023,0.5594809055328369,-0.012392978183925152,0.40099892020225525,0.22946085035800934,0.8168438076972961,-0.034066952764987946,0.30934107303619385,0.3621980547904968,1.0438512563705444,0.1388336718082428,0.6376991271972656,0.4753807783126831,1.092602014541626,0.1483737677335739,0.7944788336753845,0.24324658513069153,-0.4105791449546814,0.1487724483013153,-0.13735517859458923,-0.1511998474597931,0.28634220361709595,0.1926932018250227,0.3183327615261078,0.07611550390720367,0.3873854875564575,0.10304581373929977,0.2893306314945221,0.10149925947189331,-0.0057220458984375,-0.04392750561237335,-0.09563714265823364,-0.08919984102249146,-0.2779632806777954,-0.10604895651340485,0.020937621593475342,-0.004706159234046936,3.0,3.0,3.0,3.0,3.0,3.0,3.0,3.0,3.0,3.0,3.0,3.0,3.0,3.0,3.0,3.0,3.0,3.0,3.0,3.0,0.05,0.05,0.05,0.05,0.05,0.05,0.05,0.05,0.05,0.05,0.05,0.05,0.05,0.05,0.05,0.05,0.05,0.05,0.05,0.05,0.0,0.0,0.0,0.0,0.0,0.0,0.0,0.0,0.0,0.0,0.0,0.0,0.0,0.0,0.0,0.0,0.0,0.0,0.0,0.0
0.7705240249633789,0.3766767084598541,0.35068657994270325,0.49290692806243896,0.8198201060295105,-0.13122530281543732,0.9746353626251221,0.5762161612510681,1.1171414852142334,0.014079340733587742,1.1665571928024292,0.6853912472724915,1.1655975580215454,-0.03955332934856415,1.2279258966445923,0.6956933736801147,1.1161625385284424,-0.00609421543776989,1.4633194208145142,0.6956982016563416,-0.4389747977256664,-0.0003129243850708008,-0.0740155577659593,-0.5488939583301419,-0.1790031790733282,-0.2532623708248083,-0.9307995438575523,-0.7453575730323597,-0.1313924789428711,-0.2776620211079653,-1.3476878404616977,-0.6719797849654985,-0.2996265888214056,-0.4284601192921303,-1.3452172279357577,-0.7815435528754994,-0.5183845758437999,-0.5421030567958824,-1.068583130836459,-1.2473091483115843,3.0,3.0,3.0,3.0,3.0,3.0,3.0,3.0,3.0,3.0,3.0,3.0,3.0,3.0,3.0,3.0,3.0,3.0,3.0,3.0,0.05,0.05,0.05,0.05,0.05,0.05,0.05,0.05,0.05,0.05,0.05,0.05,0.05,0.05,0.05,0.05,0.05,0.05,0.05,0.05,0.0,0.0,0.0,0.0,0.0,0.0,0.0,0.0,0.0,0.0,0.0,0.0,0.0,0.0,0.0,0.0,0.0,0.0,0.0,0.0,0.871563196182251,0.30861473083496094,0.3767584264278412,0.3446394205093384,0.5655484795570374,-0.008146395906805992,0.40797165036201477,0.23113515973091125,0.8253461122512817,-0.0316028818488121,0.3157726228237152,0.3645099103450775,1.0438779592514038,0.13810087740421295,0.6358150243759155,0.47362497448921204,1.0869739055633545,0.14625905454158783,0.7952327132225037,0.2432251125574112,-0.4324778914451488,0.14399737119674544,-0.15075579285621366,-0.15693083405494274,0.31285732984542014,0.21766097052022298,0.3781624138355158,0.09092614054679662,0.45974701642989,0.12755035422742053,0.3582991659641169,0.132726877927776,0.012198090553283691,-0.03527104854583671,-0.08486658334731778,-0.08192434906959534,-0.27800202369689386,-0.106862932443616,0.06425082683562955,0.007959082722663186,3.0,3.0,3.0,3.0,3.0,3.0,3.0,3.0,3.0,3.0,3.0,3.0,3.0,3.0,3.0,3.0,3.0,3.0,3.0,3.0,0.05,0.05,0.05,0.05,0.05,0.05,0.05,0.05,0.05,0.05,0.05,0.05,0.05,0.05,0.05,0.05,0.05,0.05,0.05,0.05,0.0,0.0,0.0,0.0,0.0,0.0,0.0,0.0,0.0,0.0,0.0,0.0,0.0,0.0,0.0,0.0,0.0,0.0,0.0,0.0
0.7615074515342717,0.3762320578098297,0.34938412904739385,0.48143938183784535,0.8149166107177737,-0.13633033633232094,0.9548702836036691,0.5602397322654732,1.1134113073349,0.008709124289453285,1.1383368968963636,0.6711897850036628,1.1598740816116335,-0.04829435423016509,1.2003992795944227,0.679600656032563,1.1050062179565434,-0.017013866454362363,1.4404817819595348,0.670016944408418,-0.4809260368347168,0.007372349500656128,-0.08984953165054321,-0.6011970341205597,-0.2257704734802246,-0.2562720328569412,-1.0207265615463257,-0.8530810475349426,-0.160941481590271,-0.28644962003454566,-1.4539480209350586,-0.7450193166732788,-0.34788548946380615,-0.445058848708868,-1.470157504081726,-0.8554250001907349,-0.546950101852417,-0.5673783831298351,-1.1989504098892212,-1.3340115547180176,3.0,3.0,3.0,3.0,3.0,3.0,3.0,3.0,3.0,3.0,3.0,3.0,3.0,3.0,3.0,3.0,3.0,3.0,3.0,3.0,0.05,0.05,0.05,0.05,0.05,0.05,0.05,0.05,0.05,0.05,0.05,0.05,0.05,0.05,0.05,0.05,0.05,0.05,0.05,0.05,0.0,0.0,0.0,0.0,0.0,0.0,0.0,0.0,0.0,0.0,0.0,0.0,0.0,0.0,0.0,0.0,0.0,0.0,0.0,0.0,0.8624443411827092,0.31117823719978327,0.37383344769477855,0.3415555357933046,0.5719951987266537,-0.0036865393631162324,0.4161254167556759,0.2330978959798812,0.8352336883544917,-0.028964938595891124,0.3236730396747585,0.36750712990760787,1.0443391799926758,0.13742282986640933,0.6343044638633729,0.4721038043498993,1.0814819335937502,0.14409925043582927,0.7970488667488097,0.24356494843959806,-0.4740878939628601,0.11244937777519226,-0.1420155167579651,-0.1473553478717804,0.33068209886550903,0.2327671041712165,0.43716132640838623,0.10618828237056732,0.5242124199867249,0.14007743448019028,0.4343561828136444,0.16948580741882324,0.03502368927001953,-0.03360584378242493,-0.06090998649597168,-0.06732568144798279,-0.27212798595428467,-0.11477358639240265,0.1191854476928711,0.02744048833847046,3.0,3.0,3.0,3.0,3.0,3.0,3.0,3.0,3.0,3.0,3.0,3.0,3.0,3.0,3.0,3.0,3.0,3.0,3.0,3.0,0.05,0.05,0.05,0.05,0.05,0.05,0.05,0.05,0.05,0.05,0.05,0.05,0.05,0.05,0.05,0.05,0.05,0.05,0.05,0.05,0.0,0.0,0.0,0.0,0.0,0.0,0.0,0.0,0.0,0.0,0.0,0.0,0.0,0.0,0.0,0.0,0.0,0.0,0.0,0.0
0.7512869834899902,0.37697160243988037,0.3470925986766815,0.4688590466976166,0.8107892870903015,-0.14147618412971497,0.933806300163269,0.5420929193496704,1.1107038259506226,0.0026213559322059155,1.1083992719650269,0.6555904746055603,1.1516821384429932,-0.05735568329691887,1.1691195964813232,0.6614763736724854,1.0942845344543457,-0.028789350762963295,1.4153614044189453,0.6423377394676208,-0.5011484026908875,0.045008957386018233,-0.08129999041557451,-0.6633192300796481,-0.2596452832221985,-0.25579966604709553,-1.070535182952878,-0.9167805314063998,-0.22991597652434748,-0.28312235372140976,-1.5273451805114746,-0.7989540696144076,-0.4882186651229803,-0.418527144938708,-1.5927553176879827,-0.9194746613502475,-0.634163618087763,-0.5391995422542101,-1.327055692672724,-1.3967394828796358,3.0,3.0,3.0,3.0,3.0,3.0,3.0,3.0,3.0,3.0,3.0,3.0,3.0,3.0,3.0,3.0,3.0,3.0,3.0,3.0,0.05,0.05,0.05,0.05,0.05,0.05,0.05,0.05,0.05,0.05,0.05,0.05,0.05,0.05,0.05,0.05,0.05,0.05,0.05,0.05,0.0,0.0,0.0,0.0,0.0,0.0,0.0,0.0,0.0,0.0,0.0,0.0,0.0,0.0,0.0,0.0,0.0,0.0,0.0,0.0,0.8525996804237366,0.31311270594596863,0.3710778057575226,0.33874520659446716,0.5787757635116577,0.0011642882600426674,0.4254581034183502,0.23538269102573395,0.8463146090507507,-0.025999784469604492,0.333146870136261,0.37128934264183044,1.0452789068222046,0.13675664365291595,0.6333786249160767,0.4709319472312927,1.076088786125183,0.14166811108589172,0.8000001311302185,0.24432273209095,-0.5004391074180603,0.08859559893608093,-0.13797879219055176,-0.1345001161098508,0.3458261489868164,0.25301141431555074,0.49246549606322965,0.12113936245441298,0.5792766809463445,0.16211052425205622,0.508912652730939,0.2066411077976213,0.05395710468292236,-0.0333346426486969,-0.03360509872436801,-0.05044788122176985,-0.274580717086792,-0.12972913682460716,0.16932338476180753,0.04581287503242423,3.0,3.0,3.0,3.0,3.0,3.0,3.0,3.0,3.0,3.0,3.0,3.0,3.0,3.0,3.0,3.0,3.0,3.0,3.0,3.0,0.05,0.05,0.05,0.05,0.05,0.05,0.05,0.05,0.05,0.05,0.05,0.05,0.05,0.05,0.05,0.05,0.05,0.05,0.05,0.05,0.0,0.0,0.0,0.0,0.0,0.0,0.0,0.0,0.0,0.0,0.0,0.0,0.0,0.0,0.0,0.0,0.0,0.0,0.0,0.0
0.7414615154266362,0.37803241610527044,0.3461321294307709,0.4549066126346594,0.8045307993888857,-0.14656232297420477,0.912048876285554,0.5235685110092172,1.104214668273926,-0.0026157698594031073,1.0772430896759047,0.6392316222190865,1.1403453350067143,-0.06503544002771341,1.1366890668869034,0.6428216695785531,1.079639673233033,-0.038581848144530764,1.3873995542526258,0.6141473650932325,-0.5412280559539795,0.0224187970161438,-0.057994574308395386,-0.7073268294334412,-0.29778629541397095,-0.2896308898925781,-1.1739641427993774,-1.0511040687561035,-0.25219619274139404,-0.3040756448172033,-1.6770780086517334,-0.8951574563980103,-0.5140095949172974,-0.42905816808342934,-1.7729461193084717,-1.031424105167389,-0.6709486246109009,-0.5484749097377062,-1.5031874179840088,-1.571965217590332,3.0,3.0,3.0,3.0,3.0,3.0,3.0,3.0,3.0,3.0,3.0,3.0,3.0,3.0,3.0,3.0,3.0,3.0,3.0,3.0,0.05,0.05,0.05,0.05,0.05,0.05,0.05,0.05,0.05,0.05,0.05,0.05,0.05,0.05,0.05,0.05,0.05,0.05,0.05,0.05,0.0,0.0,0.0,0.0,0.0,0.0,0.0,0.0,0.0,0.0,0.0,0.0,0.0,0.0,0.0,0.0,0.0,0.0,0.0,0.0,0.8424267768859868,0.3147220611572265,0.3683142960071565,0.3361755311489106,0.5858282446861264,0.006433917209505797,0.43582403659820507,0.23794347047805772,0.8584047555923455,-0.022480517625808875,0.3440295457839961,0.3757727742195127,1.0464974641799927,0.13608944416046145,0.6329602599143982,0.4700858891010285,1.0704987049102785,0.138910084962845,0.803821802139282,0.24539746344089503,-0.5207568407058716,0.07325112819671631,-0.13690516352653503,-0.12245774269104004,0.3560200333595276,0.26719553861767054,0.5409881472587585,0.13384632766246796,0.6233841180801392,0.1819165889173746,0.5732223391532898,0.23847147822380066,0.06492733955383301,-0.035640597343444824,-0.008511543273925781,-0.034195929765701294,-0.2854585647583008,-0.14402493834495544,0.21157115697860718,0.06144195795059204,3.0,3.0,3.0,3.0,3.0,3.0,3.0,3.0,3.0,3.0,3.0,3.0,3.0,3.0,3.0,3.0,3.0,3.0,3.0,3.0,0.05,0.05,0.05,0.05,0.05,0.05,0.05,0.05,0.05,0.05,0.05,0.05,0.05,0.05,0.05,0.05,0.05,0.05,0.05,0.05,0.0,0.0,0.0,0.0,0.0,0.0,0.0,0.0,0.0,0.0,0.0,0.0,0.0,0.0,0.0,0.0,0.0,0.0,0.0,0.0
0.729637861251831,0.3778683543205261,0.3447728157043457,0.44056597352027893,0.7988778352737427,-0.1530614197254181,0.886847734451294,0.5000487565994263,1.1006159782409668,-0.009541669860482216,1.0413161516189575,0.6197841763496399,1.1311217546463013,-0.07451801002025604,1.0982017517089844,0.6202194094657898,1.0674465894699097,-0.05072834715247154,1.355233907699585,0.5794591307640076,-0.5960151553153992,-0.002907961606980758,-0.08121132850646834,-0.7505893707275363,-0.29753297567367276,-0.2941012382507338,-1.27324759960174,-1.2001976370811407,-0.23500025272369385,-0.3222465631552047,-1.8321871757507213,-0.984643399715418,-0.44716596603393555,-0.45211203396320376,-1.9285798072814886,-1.1310100555419866,-0.63742995262146,-0.5940377712249756,-1.6371130943298284,-1.7752945423126165,3.0,3.0,3.0,3.0,3.0,3.0,3.0,3.0,3.0,3.0,3.0,3.0,3.0,3.0,3.0,3.0,3.0,3.0,3.0,3.0,0.05,0.05,0.05,0.05,0.05,0.05,0.05,0.05,0.05,0.05,0.05,0.05,0.05,0.05,0.05,0.05,0.05,0.05,0.05,0.05,0.0,0.0,0.0,0.0,0.0,0.0,0.0,0.0,0.0,0.0,0.0,0.0,0.0,0.0,0.0,0.0,0.0,0.0,0.0,0.0,0.8317694067955017,0.3160427510738373,0.3656015992164612,0.33384689688682556,0.5930165648460388,0.011852109804749489,0.44709762930870056,0.24073654413223267,0.8712499737739563,-0.018723120912909508,0.3560757637023926,0.38082820177078247,1.047876000404358,0.13533101975917816,0.6330381631851196,0.4695641100406647,1.064670443534851,0.1359071135520935,0.8084629774093628,0.2467804104089737,-0.5497395992279025,0.0672154128551497,-0.13985112309455872,-0.11965110898017883,0.3721892833709717,0.2844714559614647,0.5899518728256211,0.14707446098327637,0.6519496440887451,0.19284891895949766,0.6286665797233539,0.26539266109466414,0.08329451084136963,-0.04022866487503052,0.0233575701713562,-0.01521259546280046,-0.28992593288422186,-0.15476234257221222,0.25683343410491943,0.07833130657672813,3.0,3.0,3.0,3.0,3.0,3.0,3.0,3.0,3.0,3.0,3.0,3.0,3.0,3.0,3.0,3.0,3.0,3.0,3.0,3.0,0.05,0.05,0.05,0.05,0.05,0.05,0.05,0.05,0.05,0.05,0.05,0.05,0.05,0.05,0.05,0.05,0.05,0.05,0.05,0.05,0.0,0.0,0.0,0.0,0.0,0.0,0.0,0.0,0.0,0.0,0.0,0.0,0.0,0.0,0.0,0.0,0.0,0.0,0.0,0.0
0.7176209092140202,0.3779160976409912,0.34288367629051214,0.424883037805558,0.7926294803619388,-0.15832637250423412,0.8611189723014844,0.47556060552597157,1.0948146581649782,-0.015505632385611298,1.0039556026458758,0.5998458862304697,1.122458696365357,-0.08311992138624157,1.0595458745956439,0.5975812673568737,1.0541424751281745,-0.06234335899352979,1.3219150304794327,0.5431355834007279,-0.604894757270813,0.014678388833999634,-0.09828731417655945,-0.81210657954216,-0.35791099071502686,-0.22237040102481842,-1.3017907738685608,-1.2309879064559937,-0.30477046966552734,-0.2688311040401459,-1.864631474018097,-0.9935095906257629,-0.4788309335708618,-0.3968292847275734,-1.9456982612609863,-1.1290833353996277,-0.6941765546798706,-0.5551996640861034,-1.6772925853729248,-1.8283814191818237,3.0,3.0,3.0,3.0,3.0,3.0,3.0,3.0,3.0,3.0,3.0,3.0,3.0,3.0,3.0,3.0,3.0,3.0,3.0,3.0,0.05,0.05,0.05,0.05,0.05,0.05,0.05,0.05,0.05,0.05,0.05,0.05,0.05,0.05,0.05,0.05,0.05,0.05,0.05,0.05,0.0,0.0,0.0,0.0,0.0,0.0,0.0,0.0,0.0,0.0,0.0,0.0,0.0,0.0,0.0,0.0,0.0,0.0,0.0,0.0,0.8204371929168707,0.3174106776714325,0.36272025108337413,0.3313894867897034,0.6007158160209652,0.017812775447964387,0.4594221115112299,0.24382644891738878,0.8844827413558953,-0.014766560867428969,0.36917620897293024,0.3863884806632993,1.0498292446136475,0.13448029756546023,0.6338945627212524,0.4694773852825165,1.0589016675949097,0.1327195912599565,0.8140951395034788,0.24853071570396415,-0.5967393517494202,0.059341639280319214,-0.13310164213180542,-0.11560842394828796,0.3675878047943115,0.3197150770574808,0.6545908749103546,0.15892572700977325,0.6724581122398376,0.21186538506299257,0.6989151239395142,0.29484108090400696,0.10812580585479736,-0.04327334463596344,0.06461590528488159,0.0062115490436553955,-0.29678046703338623,-0.16705207526683807,0.328102707862854,0.10124184191226959,3.0,3.0,3.0,3.0,3.0,3.0,3.0,3.0,3.0,3.0,3.0,3.0,3.0,3.0,3.0,3.0,3.0,3.0,3.0,3.0,0.05,0.05,0.05,0.05,0.05,0.05,0.05,0.05,0.05,0.05,0.05,0.05,0.05,0.05,0.05,0.05,0.05,0.05,0.05,0.05,0.0,0.0,0.0,0.0,0.0,0.0,0.0,0.0,0.0,0.0,0.0,0.0,0.0,0.0,0.0,0.0,0.0,0.0,0.0,0.0
0.7054420709609985,0.3784554898738861,0.3408413231372833,0.40808171033859253,0.7845613956451416,-0.16195623576641083,0.8347761034965515,0.4508092403411865,1.0884251594543457,-0.02029491402208805,0.9667308926582336,0.5800437927246094,1.1119685173034668,-0.09039118140935898,1.020373821258545,0.5750560760498047,1.0396795272827148,-0.07293633371591568,1.288142204284668,0.5063238739967346,-0.6119072437286349,0.04372000694274625,-0.10218098759651045,-0.8638337254524217,-0.43717026710509976,-0.14320574700832853,-1.3267382979393005,-1.233807206153871,-0.3623783588409424,-0.20781061612069918,-1.8663853406906155,-0.9892746806144742,-0.5507171154022217,-0.32942332327366186,-1.955001056194308,-1.1134535074234035,-0.756797194480896,-0.5003834143281004,-1.6946494579315186,-1.840541511774063,3.0,3.0,3.0,3.0,3.0,3.0,3.0,3.0,3.0,3.0,3.0,3.0,3.0,3.0,3.0,3.0,3.0,3.0,3.0,3.0,0.05,0.05,0.05,0.05,0.05,0.05,0.05,0.05,0.05,0.05,0.05,0.05,0.05,0.05,0.05,0.05,0.05,0.05,0.05,0.05,0.0,0.0,0.0,0.0,0.0,0.0,0.0,0.0,0.0,0.0,0.0,0.0,0.0,0.0,0.0,0.0,0.0,0.0,0.0,0.0,0.8078998327255249,0.31841641664505005,0.36027753353118896,0.32922255992889404,0.6077200770378113,0.02464071288704872,0.47328126430511475,0.2470935732126236,0.8981482982635498,-0.010248505510389805,0.38403236865997314,0.39262184500694275,1.0522010326385498,0.13360008597373962,0.6356227993965149,0.4698125720024109,1.0527992248535156,0.12922503054141998,0.821587085723877,0.2508300840854645,-0.6237432360649109,0.06868168711662154,-0.13835281133651733,-0.11944323778152327,0.3715619444847107,0.33592833206057476,0.7048472762107821,0.16648918390273978,0.6803542375564603,0.21928475471213432,0.7472373545169816,0.31232908368110657,0.11672377586364191,-0.04208199679851532,0.09670853614806851,0.022496283054351807,-0.31229555606841486,-0.1674555242061615,0.3711864352226202,0.11064708232879708,3.0,3.0,3.0,3.0,3.0,3.0,3.0,3.0,3.0,3.0,3.0,3.0,3.0,3.0,3.0,3.0,3.0,3.0,3.0,3.0,0.05,0.05,0.05,0.05,0.05,0.05,0.05,0.05,0.05,0.05,0.05,0.05,0.05,0.05,0.05,0.05,0.05,0.05,0.05,0.05,0.0,0.0,0.0,0.0,0.0,0.0,0.0,0.0,0.0,0.0,0.0,0.0,0.0,0.0,0.0,0.0,0.0,0.0,0.0,0.0
0.6931446194648748,0.37966489791870106,0.3387964367866517,0.3903296887874611,0.7751426696777348,-0.16405460238456726,0.8080494403839124,0.42620831727981673,1.0803195238113406,-0.023818057030439266,0.9293001890182512,0.5602748990058908,1.100430011749268,-0.09629685431718804,0.9813458323478715,0.5530431270599375,1.0238705873489387,-0.0823586955666538,1.254129052162172,0.46951392292976535,-0.6250858306884766,0.07206127047538757,-0.12231916189193726,-0.8938737213611603,-0.5381405353546143,-0.04109777510166168,-1.3471156358718872,-1.2079454958438873,-0.4501074552536011,-0.13644332066178322,-1.8458053469657898,-0.9736388921737671,-0.5945086479187012,-0.2514129504561424,-1.90286785364151,-1.0643303394317627,-0.7930785417556763,-0.4464222118258476,-1.6585379838943481,-1.7821259796619415,3.0,3.0,3.0,3.0,3.0,3.0,3.0,3.0,3.0,3.0,3.0,3.0,3.0,3.0,3.0,3.0,3.0,3.0,3.0,3.0,0.05,0.05,0.05,0.05,0.05,0.05,0.05,0.05,0.05,0.05,0.05,0.05,0.05,0.05,0.05,0.05,0.05,0.05,0.05,0.05,0.0,0.0,0.0,0.0,0.0,0.0,0.0,0.0,0.0,0.0,0.0,0.0,0.0,0.0,0.0,0.0,0.0,0.0,0.0,0.0,0.7954874634742742,0.32015794515609736,0.35718613862991344,0.3266117572784425,0.6155782938003537,0.03124990873038738,0.4876160025596612,0.25048601627349837,0.9116969108581537,-0.005995170678943594,0.3990657031536095,0.39888164401054355,1.0544981956481931,0.13279701769351962,0.6377629041671752,0.47037723660469055,1.046409845352173,0.12602137029171004,0.8289425969123836,0.25295659899711603,-0.6514444947242737,0.08191093802452087,-0.14454126358032227,-0.12587755918502808,0.3817737102508545,0.34901993349194527,0.7464393973350525,0.1709919422864914,0.685495138168335,0.22397327702492476,0.7922664284706116,0.3279834985733032,0.12059211730957031,-0.042152032256126404,0.12682676315307617,0.03623068332672119,-0.32019317150115967,-0.16912724822759628,0.4084169864654541,0.11535435914993286,3.0,3.0,3.0,3.0,3.0,3.0,3.0,3.0,3.0,3.0,3.0,3.0,3.0,3.0,3.0,3.0,3.0,3.0,3.0,3.0,0.05,0.05,0.05,0.05,0.05,0.05,0.05,0.05,0.05,0.05,0.05,0.05,0.05,0.05,0.05,0.05,0.05,0.05,0.05,0.05,0.0,0.0,0.0,0.0,0.0,0.0,0.0,0.0,0.0,0.0,0.0,0.0,0.0,0.0,0.0,0.0,0.0,0.0,0.0,0.0
0.6804386377334595,0.3813379406929016,0.33594855666160583,0.3723267614841461,0.763035774230957,-0.1636001467704773,0.780891478061676,0.40249142050743103,1.0704208612442017,-0.02575264684855938,0.892898678779602,0.5410982370376587,1.0881881713867188,-0.10044769942760468,0.9442591071128845,0.5324828624725342,1.0079563856124878,-0.09079322218894958,1.221800684928894,0.43503883481025696,-0.621122121810927,0.11942759156227528,-0.12846589088440358,-0.923695415258427,-0.6107434630394065,0.04276074469089439,-1.3331875205040282,-1.1442728340626012,-0.5511552095413319,-0.06791334599256793,-1.7885014414787708,-0.942952930927296,-0.6999254226684681,-0.1693509519100241,-1.8349200487137256,-1.0054767131805642,-0.8757174015045305,-0.37283021956683177,-1.6220897436142356,-1.6737699508667367,3.0,3.0,3.0,3.0,3.0,3.0,3.0,3.0,3.0,3.0,3.0,3.0,3.0,3.0,3.0,3.0,3.0,3.0,3.0,3.0,0.05,0.05,0.05,0.05,0.05,0.05,0.05,0.05,0.05,0.05,0.05,0.05,0.05,0.05,0.05,0.05,0.05,0.05,0.05,0.05,0.0,0.0,0.0,0.0,0.0,0.0,0.0,0.0,0.0,0.0,0.0,0.0,0.0,0.0,0.0,0.0,0.0,0.0,0.0,0.0,0.781842052936554,0.3216928541660309,0.3544958829879761,0.3241874575614929,0.6229910254478455,0.03860151022672653,0.5031388401985168,0.25393325090408325,0.9255681037902832,-0.0012895744293928146,0.4157230257987976,0.4057411849498749,1.0570247173309326,0.13191400468349457,0.6406958699226379,0.47126179933547974,1.0399914979934692,0.12245994061231613,0.8379237651824951,0.2554442584514618,-0.6993174552917591,0.08655488491058488,-0.13762190937996188,-0.12242645025253573,0.3656253218650901,0.3710282500833352,0.8060544729232955,0.17132088541984974,0.6887421011924882,0.23589207557961844,0.8600063621998013,0.3492273390293177,0.12037158012390692,-0.042296200990677574,0.16262382268906195,0.04898235201835771,-0.3341138362884577,-0.1749332994222679,0.4761502146720997,0.12426599860191345,3.0,3.0,3.0,3.0,3.0,3.0,3.0,3.0,3.0,3.0,3.0,3.0,3.0,3.0,3.0,3.0,3.0,3.0,3.0,3.0,0.05,0.05,0.05,0.05,0.05,0.05,0.05,0.05,0.05,0.05,0.05,0.05,0.05,0.05,0.05,0.05,0.05,0.05,0.05,0.05,0.0,0.0,0.0,0.0,0.0,0.0,0.0,0.0,0.0,0.0,0.0,0.0,0.0,0.0,0.0,0.0,0.0,0.0,0.0,0.0
0.6682997345924377,0.38444200158119207,0.3336578011512756,0.353381872177124,0.7507129311561586,-0.16234417259693149,0.7547219395637512,0.3804374039173127,1.0582733154296873,-0.026534590870141983,0.8577601313591003,0.5225567817687989,1.0724329948425293,-0.103070892393589,0.9079490303993225,0.512824058532715,0.9888418912887574,-0.09727190434932707,1.1892454624176025,0.4025631248950959,-0.6069451570510864,0.19097849726677346,-0.11453777551651279,-0.9707935154438225,-0.6215408444404734,0.08283667266369041,-1.3084769248962402,-1.1027008295059175,-0.6635993719101094,-0.03909720107913017,-1.7569273710250854,-0.9270727634429876,-0.8755922317505069,-0.13115964829921653,-1.8155038356781006,-0.9829401969909612,-1.0357320308685523,-0.3239341080188744,-1.6334325075149883,-1.6237854957580538,3.0,3.0,3.0,3.0,3.0,3.0,3.0,3.0,3.0,3.0,3.0,3.0,3.0,3.0,3.0,3.0,3.0,3.0,3.0,3.0,0.05,0.05,0.05,0.05,0.05,0.05,0.05,0.05,0.05,0.05,0.05,0.05,0.05,0.05,0.05,0.05,0.05,0.05,0.05,0.05,0.0,0.0,0.0,0.0,0.0,0.0,0.0,0.0,0.0,0.0,0.0,0.0,0.0,0.0,0.0,0.0,0.0,0.0,0.0,0.0,0.7675147652626039,0.32362014055252075,0.35168126225471497,0.32171469926834106,0.6302033066749573,0.046091038733720786,0.519858181476593,0.25733885169029236,0.9392465949058533,0.0034405123442411427,0.43346595764160156,0.41285073757171625,1.0593130588531494,0.13110516965389252,0.6442678570747377,0.47233653068542486,1.0330452919006348,0.11902403831481932,0.8479886054992676,0.25792723894119257,-0.733411312103287,0.1061737537384056,-0.14384016394615481,-0.12484937906265527,0.3606140613555908,0.3779246006161055,0.8658796548843568,0.17028003931045532,0.6839245557785034,0.2371166017837873,0.9142868220806318,0.36172792315483865,0.11441707611083984,-0.04044175148010254,0.1945748925209087,0.05849078297615176,-0.36050677299500283,-0.17179511487484048,0.5303338170051689,0.12414902448653897,3.0,3.0,3.0,3.0,3.0,3.0,3.0,3.0,3.0,3.0,3.0,3.0,3.0,3.0,3.0,3.0,3.0,3.0,3.0,3.0,0.05,0.05,0.05,0.05,0.05,0.05,0.05,0.05,0.05,0.05,0.05,0.05,0.05,0.05,0.05,0.05,0.05,0.05,0.05,0.05,0.0,0.0,0.0,0.0,0.0,0.0,0.0,0.0,0.0,0.0,0.0,0.0,0.0,0.0,0.0,0.0,0.0,0.0,0.0,0.0
