q_00_left_hip_pitch,q_01_left_hip_roll,q_02_left_hip_yaw,q_03_left_knee,q_04_left_ankle_pitch,q_05_left_ankle_roll,q_06_right_hip_pitch,q_07_right_hip_roll,q_08_right_hip_yaw,q_09_right_knee,q_10_right_ankle_pitch,q_11_right_ankle_roll,q_12_waist_yaw,q_13_waist_roll,q_14_waist_pitch,q_15_left_shoulder_pitch,q_16_left_shoulder_roll,q_17_left_shoulder_yaw,q_18_left_elbow,q_19_left_wrist_roll,q_20_left_wrist_pitch,q_21_left_wrist_yaw,q_22_right_shoulder_pitch,q_23_right_shoulder_roll,q_24_right_shoulder_yaw,q_25_right_elbow,q_26_right_wrist_roll,q_27_right_wrist_pitch,q_28_right_wrist_yaw,dq_00_left_hip_pitch,dq_01_left_hip_roll,dq_02_left_hip_yaw,dq_03_left_knee,dq_04_left_ankle_pitch,dq_05_left_ankle_roll,dq_06_right_hip_pitch,dq_07_right_hip_roll,dq_08_right_hip_yaw,dq_09_right_knee,dq_10_right_ankle_pitch,dq_11_right_ankle_roll,dq_12_waist_yaw,dq_13_waist_roll,dq_14_waist_pitch,dq_15_left_shoulder_pitch,dq_16_left_shoulder_roll,dq_17_left_shoulder_yaw,dq_18_left_elbow,dq_19_left_wrist_roll,dq_20_left_wrist_pitch,dq_21_left_wrist_yaw,dq_22_right_shoulder_pitch,dq_23_right_shoulder_roll,dq_24_right_shoulder_yaw,dq_25_right_elbow,dq_26_right_wrist_roll,dq_27_right_wrist_pitch,dq_28_right_wrist_yaw,kp_00_left_hip_pitch,kp_01_left_hip_roll,kp_02_left_hip_yaw,kp_03_left_knee,kp_04_left_ankle_pitch,kp_05_left_ankle_roll,kp_06_right_hip_pitch,kp_07_right_hip_roll,kp_08_right_hip_yaw,kp_09_right_knee,kp_10_right_ankle_pitch,kp_11_right_ankle_roll,kp_12_waist_yaw,kp_13_waist_roll,kp_14_waist_pitch,kp_15_left_shoulder_pitch,kp_16_left_shoulder_roll,kp_17_left_shoulder_yaw,kp_18_left_elbow,kp_19_left_wrist_roll,kp_20_left_wrist_pitch,kp_21_left_wrist_yaw,kp_22_right_shoulder_pitch,kp_23_right_shoulder_roll,kp_24_right_shoulder_yaw,kp_25_right_elbow,kp_26_right_wrist_roll,kp_27_right_wrist_pitch,kp_28_right_wrist_yaw,kd_00_left_hip_pitch,kd_01_left_hip_roll,kd_02_left_hip_yaw,kd_03_left_knee,kd_04_left_ankle_pitch,kd_05_left_ankle_roll,kd_06_right_hip_pitch,kd_07_right_hip_roll,kd_08_right_hip_yaw,kd_09_right_knee,kd_10_right_ankle_pitch,kd_11_right_ankle_roll,kd_12_waist_yaw,kd_13_waist_roll,kd_14_waist_pitch,kd_15_left_shoulder_pitch,kd_16_left_shoulder_roll,kd_17_left_shoulder_yaw,kd_18_left_elbow,kd_19_left_wrist_roll,kd_20_left_wrist_pitch,kd_21_left_wrist_yaw,kd_22_right_shoulder_pitch,kd_23_right_shoulder_roll,kd_24_right_shoulder_yaw,kd_25_right_elbow,kd_26_right_wrist_roll,kd_27_right_wrist_pitch,kd_28_right_wrist_yaw,tau_00_left_hip_pitch,tau_01_left_hip_roll,tau_02_left_hip_yaw,tau_03_left_knee,tau_04_left_ankle_pitch,tau_05_left_ankle_roll,tau_06_right_hip_pitch,tau_07_right_hip_roll,tau_08_right_hip_yaw,tau_09_right_knee,tau_10_right_ankle_pitch,tau_11_right_ankle_roll,tau_12_waist_yaw,tau_13_waist_roll,tau_14_waist_pitch,tau_15_left_shoulder_pitch,tau_16_left_shoulder_roll,tau_17_left_shoulder_yaw,tau_18_left_elbow,tau_19_left_wrist_roll,tau_20_left_wrist_pitch,tau_21_left_wrist_yaw,tau_22_right_shoulder_pitch,tau_23_right_shoulder_roll,tau_24_right_shoulder_yaw,tau_25_right_elbow,tau_26_right_wrist_roll,tau_27_right_wrist_pitch,tau_28_right_wrist_yaw
-0.1,0.0,0.0,0.3,-0.2,0.0,-0.1,0.0,0.0,0.3,-0.2,0.0,0.0,0.0,0.0,0.25,0.18,0.0,0.0,0.0,0.0,0.0,0.25,-0.18,0.0,0.0,0.0,0.0,0.0,0.0,0.0,0.0,0.0,0.0,0.0,0.0,0.0,0.0,0.0,0.0,0.0,0.0,0.0,0.0,0.0,0.0,0.0,0.0,0.0,0.0,0.0,0.0,0.0,0.0,0.0,0.0,0.0,0.0,0.0,0.0,0.0,0.0,0.0,0.0,0.0,0.0,0.0,0.0,0.0,0.0,40.0,40.0,40.0,60.0,60.0,60.0,60.0,60.0,60.0,60.0,60.0,60.0,60.0,60.0,60.0,60.0,60.0,0.0,0.0,0.0,0.0,0.0,0.0,0.0,0.0,0.0,0.0,0.0,0.0,1.0,1.0,1.0,1.5,1.5,1.5,1.5,1.5,1.5,1.5,1.5,1.5,1.5,1.5,1.5,1.5,1.5,0.0,0.0,0.0,0.0,0.0,0.0,0.0,0.0,0.0,0.0,0.0,0.0,0.0,0.0,0.0,0.0,0.0,0.0,0.0,0.0,0.0,0.0,0.0,0.0,0.0,0.0,0.0,0.0,0.0
-0.1,0.0,0.0,0.3,-0.2,0.0,-0.1,0.0,0.0,0.3,-0.2,0.0,0.0,0.0,0.0,0.25,0.18,0.0,0.0,0.0,0.0,0.0,0.25,-0.18,0.0,0.0,0.0,0.0,0.0,0.0,0.0,0.0,0.0,0.0,0.0,0.0,0.0,0.0,0.0,0.0,0.0,0.0,0.0,0.0,-0.08360517368209697,-0.015943094330441582,-0.10049110470653118,-0.2114743766391637,-0.26233682256689855,0.4119186386155396,-0.12763248688383927,-0.13009498717336393,0.011387404819315772,0.13519453174812215,-0.21108483294462352,0.16989251983277834,0.47735798874131785,0.0383673227400572,0.0,0.0,0.0,0.0,0.0,0.0,0.0,0.0,0.0,0.0,0.0,0.0,40.0,40.0,40.0,60.0,60.0,60.0,60.0,60.0,60.0,60.0,60.0,60.0,60.0,60.0,60.0,60.0,60.0,0.0,0.0,0.0,0.0,0.0,0.0,0.0,0.0,0.0,0.0,0.0,0.0,1.0,1.0,1.0,1.5,1.5,1.5,1.5,1.5,1.5,1.5,1.5,1.5,1.5,1.5,1.5,1.5,1.5,0.0,0.0,0.0,0.0,0.0,0.0,0.0,0.0,0.0,0.0,0.0,0.0,0.0,0.0,0.0,0.0,0.0,0.0,0.0,0.0,0.0,0.0,0.0,0.0,0.0,0.0,0.0,0.0,0.0
-0.1,0.0,0.0,0.3,-0.2,0.0,-0.1,0.0,0.0,0.3,-0.2,0.0,0.0,0.0,0.0,0.24665579305271612,0.17936227622678233,-0.004019644188261247,-0.00845897506556655,-0.010493472902675943,0.016476745544621585,-0.0051052994753535705,0.24479620051306544,-0.17954450380722736,0.005407781269924886,-0.008443393317784941,0.006795700793311134,0.019094319549652714,0.001534692909602288,0.0,0.0,0.0,0.0,0.0,0.0,0.0,0.0,0.0,0.0,0.0,0.0,0.0,0.0,0.0,-0.2583623830992643,-0.04197689220848677,-0.27852379486238094,-0.8387507981995629,-0.8122764293418244,1.5217469384056281,-0.46101327293012717,-0.4025276503100944,0.01749120862224174,0.4216405803946125,-0.8595789345377414,0.5932144523368247,1.7905914678946502,0.14310080438848882,0.0,0.0,0.0,0.0,0.0,0.0,0.0,0.0,0.0,0.0,0.0,0.0,40.0,40.0,40.0,60.0,60.0,60.0,60.0,60.0,60.0,60.0,60.0,60.0,60.0,60.0,60.0,60.0,60.0,0.0,0.0,0.0,0.0,0.0,0.0,0.0,0.0,0.0,0.0,0.0,0.0,1.0,1.0,1.0,1.5,1.5,1.5,1.5,1.5,1.5,1.5,1.5,1.5,1.5,1.5,1.5,1.5,1.5,0.0,0.0,0.0,0.0,0.0,0.0,0.0,0.0,0.0,0.0,0.0,0.0,0.0,0.0,0.0,0.0,0.0,0.0,0.0,0.0,0.0,0.0,0.0,0.0,0.0,0.0,0.0,0.0,0.0
-0.1,0.0,0.0,0.3,-0.2,0.0,-0.1,0.0,0.0,0.3,-0.2,0.0,0.0,0.0,0.0,0.23966550467602943,0.17832092431166052,-0.011140951794495238,-0.03355003192798252,-0.032491057173672976,0.06086987753622512,-0.018440530917205086,0.23389889398759622,-0.17930035165511032,0.0168656232157845,-0.034383157381509655,0.02372857809347299,0.071623658715786,0.005724032175539553,0.0,0.0,0.0,0.0,0.0,0.0,0.0,0.0,0.0,0.0,0.0,0.0,0.0,0.0,0.0,-0.474941221152219,-0.06596141791911439,-0.3774574394096991,-1.8044777382168136,-1.1208617998842096,3.038555707794863,-1.1260925099204178,-0.7373179442820698,-0.006763082857456915,0.6963313042045022,-1.9686184274269019,1.038123970051097,3.8389283786401975,0.5907568476538695,0.0,0.0,0.0,0.0,0.0,0.0,0.0,0.0,0.0,0.0,0.0,0.0,40.0,40.0,40.0,60.0,60.0,60.0,60.0,60.0,60.0,60.0,60.0,60.0,60.0,60.0,60.0,60.0,60.0,0.0,0.0,0.0,0.0,0.0,0.0,0.0,0.0,0.0,0.0,0.0,0.0,1.0,1.0,1.0,1.5,1.5,1.5,1.5,1.5,1.5,1.5,1.5,1.5,1.5,1.5,1.5,1.5,1.5,0.0,0.0,0.0,0.0,0.0,0.0,0.0,0.0,0.0,0.0,0.0,0.0,0.0,0.0,0.0,0.0,0.0,0.0,0.0,0.0,0.0,0.0,0.0,0.0,0.0,0.0,0.0,0.0,0.0
-0.1,0.0,0.0,0.3,-0.2,0.0,-0.1,0.0,0.0,0.3,-0.2,0.0,0.0,0.0,0.0,0.22765814420662736,0.17672381951001775,-0.01911794176464921,-0.08063808459423909,-0.05532794489804433,0.1380189738564161,-0.05014899987217028,0.21530348274178265,-0.17981502712152564,0.03326103343810497,-0.08718813041486102,0.04832065959535501,0.1726514546952606,0.025164966815757066,0.0,0.0,0.0,0.0,0.0,0.0,0.0,0.0,0.0,0.0,0.0,0.0,0.0,0.0,0.0,-0.7697558829062784,-0.10763272586637937,-0.3489451852619201,-2.9587093219052343,-0.8811923517051947,4.747830808999214,-2.2647967682381482,-1.1933509253659165,-0.03614748013311547,0.8494079360602927,-3.4775189060186147,1.3071418829305477,6.60759554127959,1.6138280470627617,0.0,0.0,0.0,0.0,0.0,0.0,0.0,0.0,0.0,0.0,0.0,0.0,40.0,40.0,40.0,60.0,60.0,60.0,60.0,60.0,60.0,60.0,60.0,60.0,60.0,60.0,60.0,60.0,60.0,0.0,0.0,0.0,0.0,0.0,0.0,0.0,0.0,0.0,0.0,0.0,0.0,1.0,1.0,1.0,1.5,1.5,1.5,1.5,1.5,1.5,1.5,1.5,1.5,1.5,1.5,1.5,1.5,1.5,0.0,0.0,0.0,0.0,0.0,0.0,0.0,0.0,0.0,0.0,0.0,0.0,0.0,0.0,0.0,0.0,0.0,0.0,0.0,0.0,0.0,0.0,0.0,0.0,0.0,0.0,0.0,0.0,0.0
-0.1,0.0,0.0,0.3,-0.2,0.0,-0.1,0.0,0.0,0.3,-0.2,0.0,0.0,0.0,0.0,0.2088752693597783,0.17401561527700535,-0.02509875920497204,-0.1518984048041919,-0.06773875124188077,0.2507831098961937,-0.10903240164673102,0.18616485697295956,-0.18074625086043494,0.05084194065819621,-0.17348391362225424,0.0760142534106949,0.3359274803669696,0.07027715405805003,0.0,0.0,0.0,0.0,0.0,0.0,0.0,0.0,0.0,0.0,0.0,0.0,0.0,0.0,0.0,-1.1352429067079193,-0.23768387403478378,-0.2922254048103618,-4.086327237844517,-0.7418081964390187,6.416438453104917,-3.085615971833056,-1.7661110785545067,0.06498894062149929,0.8709519573500691,-4.784297309964332,1.2986794181564945,8.605328959628428,2.2716166175603463,0.0,0.0,0.0,0.0,0.0,0.0,0.0,0.0,0.0,0.0,0.0,0.0,40.0,40.0,40.0,60.0,60.0,60.0,60.0,60.0,60.0,60.0,60.0,60.0,60.0,60.0,60.0,60.0,60.0,0.0,0.0,0.0,0.0,0.0,0.0,0.0,0.0,0.0,0.0,0.0,0.0,1.0,1.0,1.0,1.5,1.5,1.5,1.5,1.5,1.5,1.5,1.5,1.5,1.5,1.5,1.5,1.5,1.5,0.0,0.0,0.0,0.0,0.0,0.0,0.0,0.0,0.0,0.0,0.0,0.0,0.0,0.0,0.0,0.0,0.0,0.0,0.0,0.0,0.0,0.0,0.0,0.0,0.0,0.0,0.0,0.0,0.0
-0.1,0.0,0.0,0.3,-0.2,0.0,-0.1,0.0,0.0,0.3,-0.2,0.0,0.0,0.0,0.0,0.1822484279383106,0.1672164645486264,-0.030806957957063685,-0.24409117410801975,-0.08500027275560508,0.39467651198061277,-0.17357363874549253,0.14465903959960238,-0.17721546949666567,0.06809911173210774,-0.2785600228134343,0.10026783632161479,0.5168646130803978,0.11602963151817093,0.0,0.0,0.0,0.0,0.0,0.0,0.0,0.0,0.0,0.0,0.0,0.0,0.0,0.0,0.0,-1.4971443892280902,-0.4488649590733244,-0.35116878210131225,-4.964858917353534,-0.36754990370634866,7.677912860293525,-3.6875051513167585,-2.4699390518953317,0.26703693989432453,0.9352847938658551,-5.35595223520986,1.3996371337380977,9.083137945064001,2.20092084018426,0.0,0.0,0.0,0.0,0.0,0.0,0.0,0.0,0.0,0.0,0.0,0.0,40.0,40.0,40.0,60.0,60.0,60.0,60.0,60.0,60.0,60.0,60.0,60.0,60.0,60.0,60.0,60.0,60.0,0.0,0.0,0.0,0.0,0.0,0.0,0.0,0.0,0.0,0.0,0.0,0.0,1.0,1.0,1.0,1.5,1.5,1.5,1.5,1.5,1.5,1.5,1.5,1.5,1.5,1.5,1.5,1.5,1.5,0.0,0.0,0.0,0.0,0.0,0.0,0.0,0.0,0.0,0.0,0.0,0.0,0.0,0.0,0.0,0.0,0.0,0.0,0.0,0.0,0.0,0.0,0.0,0.0,0.0,0.0,0.0,0.0,0.0
-0.1,0.0,0.0,0.3,-0.2,0.0,-0.1,0.0,0.0,0.3,-0.2,0.0,0.0,0.0,0.0,0.14898949379065468,0.15606101691407237,-0.03914551048902453,-0.35049276149833325,-0.08244074739013471,0.5578996243079347,-0.25653260769940134,0.0873672948971463,-0.17006477326466196,0.08825333241283041,-0.38772200303064863,0.1319997387602188,0.6992529981695297,0.15831398766542043,0.0,0.0,0.0,0.0,0.0,0.0,0.0,0.0,0.0,0.0,0.0,0.0,0.0,0.0,0.0,-1.4797709419587097,-1.2323616529182686,-1.6779737155824086,-5.312905123974358,0.8992948419020763,8.53121673702464,-4.677122499826083,-3.881068546795595,1.0294009617576378,1.5550694488091268,-5.234733687660251,8.021387471869202,8.964027263101029,-3.675110708098779,0.0,0.0,0.0,0.0,0.0,0.0,0.0,0.0,0.0,0.0,0.0,0.0,40.0,40.0,40.0,60.0,60.0,60.0,60.0,60.0,60.0,60.0,60.0,60.0,60.0,60.0,60.0,60.0,60.0,0.0,0.0,0.0,0.0,0.0,0.0,0.0,0.0,0.0,0.0,0.0,0.0,1.0,1.0,1.0,1.5,1.5,1.5,1.5,1.5,1.5,1.5,1.5,1.5,1.5,1.5,1.5,1.5,1.5,0.0,0.0,0.0,0.0,0.0,0.0,0.0,0.0,0.0,0.0,0.0,0.0,0.0,0.0,0.0,0.0,0.0,0.0,0.0,0.0,0.0,0.0,0.0,0.0,0.0,0.0,0.0,0.0,0.0
-0.1,0.0,0.0,0.3,-0.2,0.0,-0.1,0.0,0.0,0.3,-0.2,0.0,0.0,0.0,0.0,0.1230575902599622,0.11792199843189566,-0.09792590658036003,-0.45660737906699406,-0.04902847907952203,0.7359251814615984,-0.36065853873853587,-0.010583702272221412,-0.13603943102636015,0.13030188968447282,-0.4879493703198443,0.4211233351963829,0.8754257036044389,-0.030974796805780233,0.0,0.0,0.0,0.0,0.0,0.0,0.0,0.0,0.0,0.0,0.0,0.0,0.0,0.0,0.0,-2.382546387103427,-1.469427936060311,-1.516237810726062,-6.304827315339316,-3.473694464566527,11.130760579100176,-1.2800860812113846,-3.974607547391942,1.3061498249920058,1.8545691900145373,-4.16228128925864,6.801269636942436,8.431879175843592,-4.334316883445325,0.0,0.0,0.0,0.0,0.0,0.0,0.0,0.0,0.0,0.0,0.0,0.0,40.0,40.0,40.0,60.0,60.0,60.0,60.0,60.0,60.0,60.0,60.0,60.0,60.0,60.0,60.0,60.0,60.0,0.0,0.0,0.0,0.0,0.0,0.0,0.0,0.0,0.0,0.0,0.0,0.0,1.0,1.0,1.0,1.5,1.5,1.5,1.5,1.5,1.5,1.5,1.5,1.5,1.5,1.5,1.5,1.5,1.5,0.0,0.0,0.0,0.0,0.0,0.0,0.0,0.0,0.0,0.0,0.0,0.0,0.0,0.0,0.0,0.0,0.0,0.0,0.0,0.0,0.0,0.0,0.0,0.0,0.0,0.0,0.0,0.0,0.0
-0.1,0.0,0.0,0.3,-0.2,0.0,-0.1,0.0,0.0,0.3,-0.2,0.0,0.0,0.0,0.0,0.05368763830651759,0.09728389947165993,-0.09979502291806701,-0.6026858541119059,-0.2213885259727958,1.0031300474719418,-0.3077360509478567,-0.0716170069985314,-0.11781878026498173,0.1624361000134119,-0.5542132546009942,0.40405052423791626,1.0365281652032734,-0.015058687672392573,0.0,0.0,0.0,0.0,0.0,0.0,0.0,0.0,0.0,0.0,0.0,0.0,0.0,0.0,0.0,-3.604366446783717,-1.7264131050229425,0.17056238763146284,-6.061793685997686,-10.921388926674421,11.617433570311364,4.428506278897946,-2.9185958031427686,1.4907020661457902,1.6855886387156376,-2.751516146243771,4.004475768993687,7.243419926772207,-1.4934514529372083,0.0,0.0,0.0,0.0,0.0,0.0,0.0,0.0,0.0,0.0,0.0,0.0,40.0,40.0,40.0,60.0,60.0,60.0,60.0,60.0,60.0,60.0,60.0,60.0,60.0,60.0,60.0,60.0,60.0,0.0,0.0,0.0,0.0,0.0,0.0,0.0,0.0,0.0,0.0,0.0,0.0,1.0,1.0,1.0,1.5,1.5,1.5,1.5,1.5,1.5,1.5,1.5,1.5,1.5,1.5,1.5,1.5,1.5,0.0,0.0,0.0,0.0,0.0,0.0,0.0,0.0,0.0,0.0,0.0,0.0,0.0,0.0,0.0,0.0,0.0,0.0,0.0,0.0,0.0,0.0,0.0,0.0,0.0,0.0,0.0,0.0,0.0
-0.1,0.0,0.0,0.3,-0.2,0.0,-0.1,0.0,0.0,0.3,-0.2,0.0,0.0,0.0,0.0,-0.02111706761138647,0.048865474230977944,-0.09110341107510152,-0.6990791265069015,-0.48588403614649883,1.200622524274053,-0.18351828758261804,-0.12732753439793215,-0.07641134838052854,0.19772543523309832,-0.5980100161695951,0.5813023659561304,1.1651625006753272,-0.09071285492326857,0.0,0.0,0.0,0.0,0.0,0.0,0.0,0.0,0.0,0.0,0.0,0.0,0.0,0.0,0.0,-3.480079441401724,-1.5678336050324926,1.1953424413244045,-3.0070827140129235,-9.215943910489887,7.214571036115768,4.956652940758273,-2.7151992450174274,1.5969319042742847,-0.15678491524613383,-2.573026844532411,11.926597993258312,6.850906984806354,-6.522632895500233,0.0,0.0,0.0,0.0,0.0,0.0,0.0,0.0,0.0,0.0,0.0,0.0,40.0,40.0,40.0,60.0,60.0,60.0,60.0,60.0,60.0,60.0,60.0,60.0,60.0,60.0,60.0,60.0,60.0,0.0,0.0,0.0,0.0,0.0,0.0,0.0,0.0,0.0,0.0,0.0,0.0,1.0,1.0,1.0,1.5,1.5,1.5,1.5,1.5,1.5,1.5,1.5,1.5,1.5,1.5,1.5,1.5,1.5,0.0,0.0,0.0,0.0,0.0,0.0,0.0,0.0,0.0,0.0,0.0,0.0,0.0,0.0,0.0,0.0,0.0,0.0,0.0,0.0,0.0,0.0,0.0,0.0,0.0,0.0,0.0,0.0,0.0
-0.1,0.0,0.0,0.3,-0.2,0.0,-0.1,0.0,0.0,0.3,-0.2,0.0,0.0,0.0,0.0,-0.08551553934955136,0.034570555270360216,-0.051981325265090826,-0.7229691626724228,-0.5900262823923913,1.2917128889165725,-0.1094699333175258,-0.1802249767992285,-0.05394150409401034,0.15616470340356656,-0.6571343283822907,0.8811144439682488,1.3105644445955276,-0.27596400349240185,0.0,0.0,0.0,0.0,0.0,0.0,0.0,0.0,0.0,0.0,0.0,0.0,0.0,0.0,0.0,-2.3399233144459535,-0.7929757026304465,1.5818903603873131,-1.5717729241285032,-5.533469992902211,4.43102636979571,2.882825600036393,-2.897786199845164,0.9386632462841094,-2.537062826951673,-0.9244318974910098,13.661034553402354,4.877206229358793,-8.744656772137214,0.0,0.0,0.0,0.0,0.0,0.0,0.0,0.0,0.0,0.0,0.0,0.0,40.0,40.0,40.0,60.0,60.0,60.0,60.0,60.0,60.0,60.0,60.0,60.0,60.0,60.0,60.0,60.0,60.0,0.0,0.0,0.0,0.0,0.0,0.0,0.0,0.0,0.0,0.0,0.0,0.0,1.0,1.0,1.0,1.5,1.5,1.5,1.5,1.5,1.5,1.5,1.5,1.5,1.5,1.5,1.5,1.5,1.5,0.0,0.0,0.0,0.0,0.0,0.0,0.0,0.0,0.0,0.0,0.0,0.0,0.0,0.0,0.0,0.0,0.0,0.0,0.0,0.0,0.0,0.0,0.0,0.0,0.0,0.0,0.0,0.0,0.0
-0.1,0.0,0.0,0.3,-0.2,0.0,-0.1,0.0,0.0,0.3,-0.2,0.0,0.0,0.0,0.0,-0.1147140001892246,0.017146446125760086,-0.027827796659608998,-0.7619500434720416,-0.7072228358625873,1.3778635790658813,-0.06820526358116231,-0.24323898239173872,-0.038864818529164166,0.0962429221550314,-0.6349872920692355,1.1277437480922246,1.360250749849679,-0.4404991258087571,0.0,0.0,0.0,0.0,0.0,0.0,0.0,0.0,0.0,0.0,0.0,0.0,0.0,0.0,0.0,-1.562359955024356,-1.0024100199343158,1.1464780349256676,-0.8357666741246467,-7.648654893393012,3.1220235964788565,3.9945140641000942,-2.6528877623038403,0.93649490882809,-1.9278500717359672,1.7317683489729256,11.943907561328004,1.4237622739163291,-8.018945684965585,0.0,0.0,0.0,0.0,0.0,0.0,0.0,0.0,0.0,0.0,0.0,0.0,40.0,40.0,40.0,60.0,60.0,60.0,60.0,60.0,60.0,60.0,60.0,60.0,60.0,60.0,60.0,60.0,60.0,0.0,0.0,0.0,0.0,0.0,0.0,0.0,0.0,0.0,0.0,0.0,0.0,1.0,1.0,1.0,1.5,1.5,1.5,1.5,1.5,1.5,1.5,1.5,1.5,1.5,1.5,1.5,1.5,1.5,0.0,0.0,0.0,0.0,0.0,0.0,0.0,0.0,0.0,0.0,0.0,0.0,0.0,0.0,0.0,0.0,0.0,0.0,0.0,0.0,0.0,0.0,0.0,0.0,0.0,0.0,0.0,0.0,0.0
-0.1,0.0,0.0,0.3,-0.2,0.0,-0.1,0.0,0.0,0.3,-0.2,0.0,0.0,0.0,0.0,-0.1480099375505256,-0.005525845527012412,-0.0061222038680641185,-0.7563998296374087,-0.8959724781281118,1.4165938327757268,0.05031062924647798,-0.2863404872913821,-0.016481707740886746,0.07905070053412787,-0.5878635944233737,1.358870746421369,1.3675149355521807,-0.5967218308910253,0.0,0.0,0.0,0.0,0.0,0.0,0.0,0.0,0.0,0.0,0.0,0.0,0.0,0.0,0.0,-1.5129196340212816,-1.032378770603895,1.0772464943939786,1.004687101038118,-10.133315116767003,1.2867481616740284,6.723492796196444,-1.7717503572649513,1.0551387534674728,-0.5440403764677588,2.6003226146918497,9.853397513254587,-0.0813558844223905,-6.285135571258286,0.0,0.0,0.0,0.0,0.0,0.0,0.0,0.0,0.0,0.0,0.0,0.0,40.0,40.0,40.0,60.0,60.0,60.0,60.0,60.0,60.0,60.0,60.0,60.0,60.0,60.0,60.0,60.0,60.0,0.0,0.0,0.0,0.0,0.0,0.0,0.0,0.0,0.0,0.0,0.0,0.0,1.0,1.0,1.0,1.5,1.5,1.5,1.5,1.5,1.5,1.5,1.5,1.5,1.5,1.5,1.5,1.5,1.5,0.0,0.0,0.0,0.0,0.0,0.0,0.0,0.0,0.0,0.0,0.0,0.0,0.0,0.0,0.0,0.0,0.0,0.0,0.0,0.0,0.0,0.0,0.0,0.0,0.0,0.0,0.0,0.0,0.0
-0.1,0.0,0.0,0.3,-0.2,0.0,-0.1,0.0,0.0,0.3,-0.2,0.0,0.0,0.0,0.0,-0.17523078555007587,-0.02414870469839572,0.015262063116150146,-0.7217625594305169,-1.1125554405332674,1.4293335055328424,0.20073444826669543,-0.31410899668233677,0.0033407316095347447,0.07448130709632104,-0.5309743874815616,1.521879648622408,1.3569965144727834,-0.6919045486590886,0.0,0.0,0.0,0.0,0.0,0.0,0.0,0.0,0.0,0.0,0.0,0.0,0.0,0.0,0.0,-1.1756027759491237,-0.7030037285518081,1.0834812289074922,1.929615722571143,-10.165809836723517,0.4845055619548011,7.458808118407541,-1.1757347867516588,0.7635526651262862,-0.1420988054802289,2.4895942162265525,6.9318422419323396,-0.5895262419305269,-4.352258300490236,0.0,0.0,0.0,0.0,0.0,0.0,0.0,0.0,0.0,0.0,0.0,0.0,40.0,40.0,40.0,60.0,60.0,60.0,60.0,60.0,60.0,60.0,60.0,60.0,60.0,60.0,60.0,60.0,60.0,0.0,0.0,0.0,0.0,0.0,0.0,0.0,0.0,0.0,0.0,0.0,0.0,1.0,1.0,1.0,1.5,1.5,1.5,1.5,1.5,1.5,1.5,1.5,1.5,1.5,1.5,1.5,1.5,1.5,0.0,0.0,0.0,0.0,0.0,0.0,0.0,0.0,0.0,0.0,0.0,0.0,0.0,0.0,0.0,0.0,0.0,0.0,0.0,0.0,0.0,0.0,0.0,0.0,0.0,0.0,0.0,0.0,0.0
-0.1,0.0,0.0,0.3,-0.2,0.0,-0.1,0.0,0.0,0.3,-0.2,0.0,0.0,0.0,0.0,-0.19503404858849055,-0.03364599466908474,0.03721704528823557,-0.679215200734563,-1.3026048715970524,1.4359740552539189,0.34866295398277963,-0.33336987876144847,0.014060398864164703,0.07336674831491871,-0.48827982577431156,1.6361444360986626,1.3439338858749597,-0.7708121629106347,0.0,0.0,0.0,0.0,0.0,0.0,0.0,0.0,0.0,0.0,0.0,0.0,0.0,0.0,0.0,-0.7917203520250431,-0.3434519755983912,0.9644091577295718,2.091032624780359,-8.802582312740675,0.2342537553084001,7.492307841366808,-0.6757406803390403,0.3976307316171634,0.037153819348476405,1.7863351810384147,4.205276724606999,-0.16976145113807295,-2.9022925951684293,0.0,0.0,0.0,0.0,0.0,0.0,0.0,0.0,0.0,0.0,0.0,0.0,40.0,40.0,40.0,60.0,60.0,60.0,60.0,60.0,60.0,60.0,60.0,60.0,60.0,60.0,60.0,60.0,60.0,0.0,0.0,0.0,0.0,0.0,0.0,0.0,0.0,0.0,0.0,0.0,0.0,1.0,1.0,1.0,1.5,1.5,1.5,1.5,1.5,1.5,1.5,1.5,1.5,1.5,1.5,1.5,1.5,1.5,0.0,0.0,0.0,0.0,0.0,0.0,0.0,0.0,0.0,0.0,0.0,0.0,0.0,0.0,0.0,0.0,0.0,0.0,0.0,0.0,0.0,0.0,0.0,0.0,0.0,0.0,0.0,0.0,0.0
-0.1,0.0,0.0,0.3,-0.2,0.0,-0.1,0.0,0.0,0.3,-0.2,0.0,0.0,0.0,0.0,-0.2068995996310776,-0.03788678372233137,0.05383842942533302,-0.6381212544393026,-1.4646587330428944,1.4387036557451784,0.5004267619213677,-0.3411386238958984,0.01924596087422128,0.0759674598702601,-0.45952098024002497,1.690090717606688,1.3502060564272604,-0.8079962524658257,0.0,0.0,0.0,0.0,0.0,0.0,0.0,0.0,0.0,0.0,0.0,0.0,0.0,0.0,0.0,-0.5026831772268148,-0.038709579872410124,0.8074026590486326,1.6777530527971845,-7.994923442005581,0.5207929551710233,8.132104086640025,-0.23673477424019929,0.03689094785079131,-0.009998313396261324,1.0342214537398864,2.2672215767003454,0.8605120931029442,-2.301777189991161,0.0,0.0,0.0,0.0,0.0,0.0,0.0,0.0,0.0,0.0,0.0,0.0,40.0,40.0,40.0,60.0,60.0,60.0,60.0,60.0,60.0,60.0,60.0,60.0,60.0,60.0,60.0,60.0,60.0,0.0,0.0,0.0,0.0,0.0,0.0,0.0,0.0,0.0,0.0,0.0,0.0,1.0,1.0,1.0,1.5,1.5,1.5,1.5,1.5,1.5,1.5,1.5,1.5,1.5,1.5,1.5,1.5,1.5,0.0,0.0,0.0,0.0,0.0,0.0,0.0,0.0,0.0,0.0,0.0,0.0,0.0,0.0,0.0,0.0,0.0,0.0,0.0,0.0,0.0,0.0,0.0,0.0,0.0,0.0,0.0,0.0,0.0
-0.1,0.0,0.0,0.3,-0.2,0.0,-0.1,0.0,0.0,0.3,-0.2,0.0,0.0,0.0,0.0,-0.21514137567756314,-0.03519437786398114,0.06951315165018088,-0.6121050786226756,-1.6224018092772756,1.4568057734607598,0.6739471174483807,-0.34283926973105644,0.015536036778196356,0.07296681577906826,-0.4469109676247161,1.7268332991666764,1.3783543695990774,-0.8628832505102811,0.0,0.0,0.0,0.0,0.0,0.0,0.0,0.0,0.0,0.0,0.0,0.0,0.0,0.0,0.0,-0.35677608752373996,0.038045866846874235,0.5579410166000177,1.1998115223295913,-5.593937110930258,0.4553784840373387,6.598119535998554,-0.02838277582088433,-0.06177390663724162,-0.08398481626463034,0.4085033415772918,1.2654095733598325,0.8278863723793439,-2.137213556276174,0.0,0.0,0.0,0.0,0.0,0.0,0.0,0.0,0.0,0.0,0.0,0.0,40.0,40.0,40.0,60.0,60.0,60.0,60.0,60.0,60.0,60.0,60.0,60.0,60.0,60.0,60.0,60.0,60.0,0.0,0.0,0.0,0.0,0.0,0.0,0.0,0.0,0.0,0.0,0.0,0.0,1.0,1.0,1.0,1.5,1.5,1.5,1.5,1.5,1.5,1.5,1.5,1.5,1.5,1.5,1.5,1.5,1.5,0.0,0.0,0.0,0.0,0.0,0.0,0.0,0.0,0.0,0.0,0.0,0.0,0.0,0.0,0.0,0.0,0.0,0.0,0.0,0.0,0.0,0.0,0.0,0.0,0.0,0.0,0.0,0.0,0.0
-0.1,0.0,0.0,0.3,-0.2,0.0,-0.1,0.0,0.0,0.3,-0.2,0.0,0.0,0.0,0.0,-0.2211706431320272,-0.0363649490484564,0.07615607008933373,-0.5901287935461189,-1.6884162174801047,1.456918795106672,0.7643515433613098,-0.34227393492873376,0.016775004608731617,0.07260806721967489,-0.4431808465769333,1.7407071005410812,1.3833215113224342,-0.8934847947168727,0.0,0.0,0.0,0.0,0.0,0.0,0.0,0.0,0.0,0.0,0.0,0.0,0.0,0.0,0.0,-0.22778917094118667,-0.017549687909489478,0.1008700090106826,0.7708143139887214,-2.272310176753228,0.006576598106572407,4.019320533390997,-0.08303075690156009,0.03508808152774298,-0.025527683413361854,-0.05445283418008956,0.051117143213619265,0.1587239104483995,-1.3011520146255062,0.0,0.0,0.0,0.0,0.0,0.0,0.0,0.0,0.0,0.0,0.0,0.0,40.0,40.0,40.0,60.0,60.0,60.0,60.0,60.0,60.0,60.0,60.0,60.0,60.0,60.0,60.0,60.0,60.0,0.0,0.0,0.0,0.0,0.0,0.0,0.0,0.0,0.0,0.0,0.0,0.0,1.0,1.0,1.0,1.5,1.5,1.5,1.5,1.5,1.5,1.5,1.5,1.5,1.5,1.5,1.5,1.5,1.5,0.0,0.0,0.0,0.0,0.0,0.0,0.0,0.0,0.0,0.0,0.0,0.0,0.0,0.0,0.0,0.0,0.0,0.0,0.0,0.0,0.0,0.0,0.0,0.0,0.0,0.0,0.0,0.0,0.0
-0.1,0.0,0.0,0.3,-0.2,0.0,-0.1,0.0,0.0,0.3,-0.2,0.0,0.0,0.0,0.0,-0.2242529425152106,-0.03589636538036072,0.07354795201060818,-0.5812725060631267,-1.7132942163474048,1.4570688373850227,0.8347199387840205,-0.34616050000711884,0.016939560039306075,0.07194570844253378,-0.4490890809919197,1.7288779848952212,1.3847033260170134,-0.9149293310953014,0.0,0.0,0.0,0.0,0.0,0.0,0.0,0.0,0.0,0.0,0.0,0.0,0.0,0.0,0.0,-0.09155056361626335,0.057554347644501146,-0.2837578394783491,0.2136920005225862,-1.1543474045632551,-0.30330669092630824,3.819653351780425,-0.08738119857667342,-0.03866204721951127,0.0919339335822493,-0.4189507249826044,-0.5584410186672384,-0.2239886134353275,-1.3584310630695817,0.0,0.0,0.0,0.0,0.0,0.0,0.0,0.0,0.0,0.0,0.0,0.0,40.0,40.0,40.0,60.0,60.0,60.0,60.0,60.0,60.0,60.0,60.0,60.0,60.0,60.0,60.0,60.0,60.0,0.0,0.0,0.0,0.0,0.0,0.0,0.0,0.0,0.0,0.0,0.0,0.0,1.0,1.0,1.0,1.5,1.5,1.5,1.5,1.5,1.5,1.5,1.5,1.5,1.5,1.5,1.5,1.5,1.5,0.0,0.0,0.0,0.0,0.0,0.0,0.0,0.0,0.0,0.0,0.0,0.0,0.0,0.0,0.0,0.0,0.0,0.0,0.0,0.0,0.0,0.0,0.0,0.0,0.0,0.0,0.0,0.0,0.0
-0.1,0.0,0.0,0.3,-0.2,0.0,-0.1,0.0,0.0,0.3,-0.2,0.0,0.0,0.0,0.0,-0.22483266567667773,-0.03406277514267635,0.06480575651019976,-0.5815811135252155,-1.734590113662635,1.4447865274696197,0.9171376774325268,-0.3457691828718007,0.015228522719951166,0.07628542456296486,-0.45993887557623747,1.7183694597943917,1.374361966785021,-0.947822037239656,0.0,0.0,0.0,0.0,0.0,0.0,0.0,0.0,0.0,0.0,0.0,0.0,0.0,0.0,0.0,-0.15029763903325125,0.1285045865200807,-0.4087177293690366,-0.3924840028926291,-0.09583442279751941,-0.668910076580842,3.1051069238893003,-0.06293649558417463,-0.11950728351246692,0.21974408217506278,-0.7261160714214828,-0.9614167925210249,-0.6274251230676708,-1.3492436385534767,0.0,0.0,0.0,0.0,0.0,0.0,0.0,0.0,0.0,0.0,0.0,0.0,40.0,40.0,40.0,60.0,60.0,60.0,60.0,60.0,60.0,60.0,60.0,60.0,60.0,60.0,60.0,60.0,60.0,0.0,0.0,0.0,0.0,0.0,0.0,0.0,0.0,0.0,0.0,0.0,0.0,1.0,1.0,1.0,1.5,1.5,1.5,1.5,1.5,1.5,1.5,1.5,1.5,1.5,1.5,1.5,1.5,1.5,0.0,0.0,0.0,0.0,0.0,0.0,0.0,0.0,0.0,0.0,0.0,0.0,0.0,0.0,0.0,0.0,0.0,0.0,0.0,0.0,0.0,0.0,0.0,0.0,0.0,0.0,0.0,0.0,0.0
-0.1,0.0,0.0,0.3,-0.2,0.0,-0.1,0.0,0.0,0.3,-0.2,0.0,0.0,0.0,0.0,-0.23026484807654066,-0.030756181919557493,0.057199242835846716,-0.5969718661788319,-1.7171275932593055,1.430312434321789,0.9589242157395925,-0.34867795983048583,0.012159268698807398,0.0807354717295363,-0.478133723848779,1.6904213131943802,1.3596063210943066,-0.9688990766374405,0.0,0.0,0.0,0.0,0.0,0.0,0.0,0.0,0.0,0.0,0.0,0.0,0.0,0.0,0.0,-0.1767525945226979,0.14029745380861958,-0.4477898766682628,-0.903542015356118,0.5787941256500062,-0.6170328570485217,2.415480919352214,-0.17577629825020896,-0.2278114167883205,0.3305359787683759,-0.9364762837131307,-2.524949320988501,-0.8624121293229481,-0.0028094224549940483,0.0,0.0,0.0,0.0,0.0,0.0,0.0,0.0,0.0,0.0,0.0,0.0,40.0,40.0,40.0,60.0,60.0,60.0,60.0,60.0,60.0,60.0,60.0,60.0,60.0,60.0,60.0,60.0,60.0,0.0,0.0,0.0,0.0,0.0,0.0,0.0,0.0,0.0,0.0,0.0,0.0,1.0,1.0,1.0,1.5,1.5,1.5,1.5,1.5,1.5,1.5,1.5,1.5,1.5,1.5,1.5,1.5,1.5,0.0,0.0,0.0,0.0,0.0,0.0,0.0,0.0,0.0,0.0,0.0,0.0,0.0,0.0,0.0,0.0,0.0,0.0,0.0,0.0,0.0,0.0,0.0,0.0,0.0,0.0,0.0,0.0,0.0
-0.1,0.0,0.0,0.3,-0.2,0.0,-0.1,0.0,0.0,0.3,-0.2,0.0,0.0,0.0,0.0,-0.23190276945758564,-0.02845087699033157,0.04689416144346925,-0.6177227941394602,-1.7114383486366347,1.4201052131876788,1.0137569142066154,-0.35280023480180905,0.006116066048418346,0.0895068637136999,-0.4973979269247627,1.6173714869548517,1.3398654816121032,-0.9479344141378557,0.0,0.0,0.0,0.0,0.0,0.0,0.0,0.0,0.0,0.0,0.0,0.0,0.0,0.0,0.0,-0.09151875351917568,0.14455549922774885,-0.4937714164030868,-0.904442082688886,0.7669733126385025,-0.6708537706174411,1.9077249454956091,-0.0536978045958203,-0.2765378598064173,0.6179852077445029,-1.0561393227657436,-3.399968365698436,-0.8829642613895516,0.8264347845880676,0.0,0.0,0.0,0.0,0.0,0.0,0.0,0.0,0.0,0.0,0.0,0.0,40.0,40.0,40.0,60.0,60.0,60.0,60.0,60.0,60.0,60.0,60.0,60.0,60.0,60.0,60.0,60.0,60.0,0.0,0.0,0.0,0.0,0.0,0.0,0.0,0.0,0.0,0.0,0.0,0.0,1.0,1.0,1.0,1.5,1.5,1.5,1.5,1.5,1.5,1.5,1.5,1.5,1.5,1.5,1.5,1.5,1.5,0.0,0.0,0.0,0.0,0.0,0.0,0.0,0.0,0.0,0.0,0.0,0.0,0.0,0.0,0.0,0.0,0.0,0.0,0.0,0.0,0.0,0.0,0.0,0.0,0.0,0.0,0.0,0.0,0.0
-0.1,0.0,0.0,0.3,-0.2,0.0,-0.1,0.0,0.0,0.3,-0.2,0.0,0.0,0.0,0.0,-0.23392559821730768,-0.02497396195044754,0.03744838617972324,-0.6331495494863874,-1.6864486607537654,1.4034782834970914,1.0352332135594169,-0.35082587201431864,0.0010977543065507046,0.10545488003931641,-0.5203792967594087,1.5544225785664427,1.3242877506387245,-0.9358416852539178,0.0,0.0,0.0,0.0,0.0,0.0,0.0,0.0,0.0,0.0,0.0,0.0,0.0,0.0,0.0,0.021642246984884816,0.11298244381381271,-0.5329150236628267,-0.6331106795959079,1.2593913348954322,-1.1272334527857975,0.3848499873846445,0.11832693723509285,-0.18577033194585613,0.8922958163112421,-1.0262763031005984,-2.872380466392066,-0.6756859381434721,0.40044642462312985,0.0,0.0,0.0,0.0,0.0,0.0,0.0,0.0,0.0,0.0,0.0,0.0,40.0,40.0,40.0,60.0,60.0,60.0,60.0,60.0,60.0,60.0,60.0,60.0,60.0,60.0,60.0,60.0,60.0,0.0,0.0,0.0,0.0,0.0,0.0,0.0,0.0,0.0,0.0,0.0,0.0,1.0,1.0,1.0,1.5,1.5,1.5,1.5,1.5,1.5,1.5,1.5,1.5,1.5,1.5,1.5,1.5,1.5,0.0,0.0,0.0,0.0,0.0,0.0,0.0,0.0,0.0,0.0,0.0,0.0,0.0,0.0,0.0,0.0,0.0,0.0,0.0,0.0,0.0,0.0,0.0,0.0,0.0,0.0,0.0,0.0,0.0
-0.1,0.0,0.0,0.3,-0.2,0.0,-0.1,0.0,0.0,0.3,-0.2,0.0,0.0,0.0,0.0,-0.23103707957819025,-0.023931579237779062,0.02557756049695618,-0.6430472213232965,-1.6610626952408174,1.375015875076247,1.0291509137020012,-0.34806715731240534,-0.0013147472294159001,0.12519869636614958,-0.5384489790487866,1.502476268299169,1.3128380440863643,-0.9319165571529305,0.0,0.0,0.0,0.0,0.0,0.0,0.0,0.0,0.0,0.0,0.0,0.0,0.0,0.0,0.0,0.15128110483147786,0.1038575363334327,-0.47630391360269086,-0.44754001105794805,1.334115703124522,-1.2870298446448047,-0.4144358460987818,0.10261133161895836,-0.16371223094009899,0.845828839979975,-0.8677485070244184,-2.6740533930372177,-0.29889469849810335,0.3967639271417689,0.0,0.0,0.0,0.0,0.0,0.0,0.0,0.0,0.0,0.0,0.0,0.0,40.0,40.0,40.0,60.0,60.0,60.0,60.0,60.0,60.0,60.0,60.0,60.0,60.0,60.0,60.0,60.0,60.0,0.0,0.0,0.0,0.0,0.0,0.0,0.0,0.0,0.0,0.0,0.0,0.0,1.0,1.0,1.0,1.5,1.5,1.5,1.5,1.5,1.5,1.5,1.5,1.5,1.5,1.5,1.5,1.5,1.5,0.0,0.0,0.0,0.0,0.0,0.0,0.0,0.0,0.0,0.0,0.0,0.0,0.0,0.0,0.0,0.0,0.0,0.0,0.0,0.0,0.0,0.0,0.0,0.0,0.0,0.0,0.0,0.0,0.0
-0.1,0.0,0.0,0.3,-0.2,0.0,-0.1,0.0,0.0,0.3,-0.2,0.0,0.0,0.0,0.0,-0.22787435402404857,-0.02081966049711023,0.01839622963561561,-0.6510511499287053,-1.6330840326287845,1.3519970897112992,1.0186557797154656,-0.3467214187495603,-0.005450734931053255,0.1392880336385154,-0.5550892370403855,1.447460442844954,1.3123319626988004,-0.919971128168247,0.0,0.0,0.0,0.0,0.0,0.0,0.0,0.0,0.0,0.0,0.0,0.0,0.0,0.0,0.0,0.20559405364311625,0.18340735852629234,-0.37220601996724906,-0.6929515222926258,2.8491749345452844,-1.606611025369331,-1.6338541357864278,0.1903610675402012,-0.19497860240274523,0.6724604143419632,-0.5780596048684111,-1.6880613732947747,-0.6287271113599224,0.038812973833191045,0.0,0.0,0.0,0.0,0.0,0.0,0.0,0.0,0.0,0.0,0.0,0.0,40.0,40.0,40.0,60.0,60.0,60.0,60.0,60.0,60.0,60.0,60.0,60.0,60.0,60.0,60.0,60.0,60.0,0.0,0.0,0.0,0.0,0.0,0.0,0.0,0.0,0.0,0.0,0.0,0.0,1.0,1.0,1.0,1.5,1.5,1.5,1.5,1.5,1.5,1.5,1.5,1.5,1.5,1.5,1.5,1.5,1.5,0.0,0.0,0.0,0.0,0.0,0.0,0.0,0.0,0.0,0.0,0.0,0.0,0.0,0.0,0.0,0.0,0.0,0.0,0.0,0.0,0.0,0.0,0.0,0.0,0.0,0.0,0.0,0.0,0.0
-0.1,0.0,0.0,0.3,-0.2,0.0,-0.1,0.0,0.0,0.3,-0.2,0.0,0.0,0.0,0.0,-0.2228133174324656,-0.016595284896727368,0.010689319698266217,-0.6707652822150015,-1.547095697859006,1.3107514340614737,0.9637967482705441,-0.3404527146107973,-0.00911389132552571,0.1520971129398281,-0.5615713632435231,1.434953813367378,1.2876889596319674,-0.9303640381996029,0.0,0.0,0.0,0.0,0.0,0.0,0.0,0.0,0.0,0.0,0.0,0.0,0.0,0.0,0.0,0.3574233815356695,0.3045938493613507,-0.7526577861156113,-0.975303030424346,5.777250420808605,-2.2956453791193487,-3.7120177399410177,0.24936591652162804,-0.1277048671346629,0.6250604005536065,-0.19396034071012813,1.1676972587980117,-1.8581102719309295,-2.4217186215509057,0.0,0.0,0.0,0.0,0.0,0.0,0.0,0.0,0.0,0.0,0.0,0.0,40.0,40.0,40.0,60.0,60.0,60.0,60.0,60.0,60.0,60.0,60.0,60.0,60.0,60.0,60.0,60.0,60.0,0.0,0.0,0.0,0.0,0.0,0.0,0.0,0.0,0.0,0.0,0.0,0.0,1.0,1.0,1.0,1.5,1.5,1.5,1.5,1.5,1.5,1.5,1.5,1.5,1.5,1.5,1.5,1.5,1.5,0.0,0.0,0.0,0.0,0.0,0.0,0.0,0.0,0.0,0.0,0.0,0.0,0.0,0.0,0.0,0.0,0.0,0.0,0.0,0.0,0.0,0.0,0.0,0.0,0.0,0.0,0.0,0.0,0.0
-0.1,0.0,0.0,0.3,-0.2,0.0,-0.1,0.0,0.0,0.3,-0.2,0.0,0.0,0.0,0.0,-0.2135774187626218,-0.008635906522656204,-0.011710081809008843,-0.6900632711456791,-1.4019940157964403,1.2601712745465252,0.8701750701178249,-0.3367467820886952,-0.01055892961643977,0.16429044966065967,-0.5628476506687906,1.4941683331968745,1.2380075518215632,-1.0168398730302832,0.0,0.0,0.0,0.0,0.0,0.0,0.0,0.0,0.0,0.0,0.0,0.0,0.0,0.0,0.0,0.5223382801066059,0.36412826385638974,-1.380964786382611,-0.9824594402751685,6.013303504744133,-2.7373448349061635,-3.6929972336869064,0.08342079426582188,-0.12609452047011707,0.5114346430107934,-0.05427306885917027,0.56328639520416,-1.8927325256249183,-1.4567076668602907,0.0,0.0,0.0,0.0,0.0,0.0,0.0,0.0,0.0,0.0,0.0,0.0,40.0,40.0,40.0,60.0,60.0,60.0,60.0,60.0,60.0,60.0,60.0,60.0,60.0,60.0,60.0,60.0,60.0,0.0,0.0,0.0,0.0,0.0,0.0,0.0,0.0,0.0,0.0,0.0,0.0,1.0,1.0,1.0,1.5,1.5,1.5,1.5,1.5,1.5,1.5,1.5,1.5,1.5,1.5,1.5,1.5,1.5,0.0,0.0,0.0,0.0,0.0,0.0,0.0,0.0,0.0,0.0,0.0,0.0,0.0,0.0,0.0,0.0,0.0,0.0,0.0,0.0,0.0,0.0,0.0,0.0,0.0,0.0,0.0,0.0,0.0
-0.1,0.0,0.0,0.3,-0.2,0.0,-0.1,0.0,0.0,0.3,-0.2,0.0,0.0,0.0,0.0,-0.20191978622820136,-0.0020301543424717772,-0.044549271757038225,-0.7100636598260083,-1.3065635576692407,1.2012576406652271,0.8160768589230678,-0.3371158828401644,-0.014157672144330393,0.17255449866025985,-0.5637422859978899,1.4574852691755444,1.2119796586069707,-0.9886323448740145,0.0,0.0,0.0,0.0,0.0,0.0,0.0,0.0,0.0,0.0,0.0,0.0,0.0,0.0,0.0,0.47971362076401347,0.3033961838963121,-1.548105555721,-0.7261391736834794,4.15110832704425,-2.9301164519036305,-3.0032209124215363,0.016146967460775596,-0.2142213525845893,0.3922737164422027,-0.4355266248298073,-3.466883684669908,-1.0549812049308271,3.2964342790714696,0.0,0.0,0.0,0.0,0.0,0.0,0.0,0.0,0.0,0.0,0.0,0.0,40.0,40.0,40.0,60.0,60.0,60.0,60.0,60.0,60.0,60.0,60.0,60.0,60.0,60.0,60.0,60.0,60.0,0.0,0.0,0.0,0.0,0.0,0.0,0.0,0.0,0.0,0.0,0.0,0.0,1.0,1.0,1.0,1.5,1.5,1.5,1.5,1.5,1.5,1.5,1.5,1.5,1.5,1.5,1.5,1.5,1.5,0.0,0.0,0.0,0.0,0.0,0.0,0.0,0.0,0.0,0.0,0.0,0.0,0.0,0.0,0.0,0.0,0.0,0.0,0.0,0.0,0.0,0.0,0.0,0.0,0.0,0.0,0.0,0.0,0.0
-0.1,0.0,0.0,0.3,-0.2,0.0,-0.1,0.0,0.0,0.3,-0.2,0.0,0.0,0.0,0.0,-0.19438887393206125,0.003499940833196281,-0.07363430403784885,-0.7191088380930183,-1.2359496827146703,1.14296661647038,0.7500462336209635,-0.33610090339026416,-0.019127783719823342,0.17998139831834778,-0.5802687156619829,1.3554929858100782,1.19580830362433,-0.8849825018674244,0.0,0.0,0.0,0.0,0.0,0.0,0.0,0.0,0.0,0.0,0.0,0.0,0.0,0.0,0.0,0.3232907187096505,0.26372244181884763,-1.236114741124308,-0.274803343108343,3.1494348398784844,-2.8630171215484332,-3.188624515805791,0.11348860544720257,-0.25265065888911625,0.45757010933359377,-0.8434434467275626,-5.13623445765356,-0.9464566091955562,5.161964455542709,0.0,0.0,0.0,0.0,0.0,0.0,0.0,0.0,0.0,0.0,0.0,0.0,40.0,40.0,40.0,60.0,60.0,60.0,60.0,60.0,60.0,60.0,60.0,60.0,60.0,60.0,60.0,60.0,60.0,0.0,0.0,0.0,0.0,0.0,0.0,0.0,0.0,0.0,0.0,0.0,0.0,1.0,1.0,1.0,1.5,1.5,1.5,1.5,1.5,1.5,1.5,1.5,1.5,1.5,1.5,1.5,1.5,1.5,0.0,0.0,0.0,0.0,0.0,0.0,0.0,0.0,0.0,0.0,0.0,0.0,0.0,0.0,0.0,0.0,0.0,0.0,0.0,0.0,0.0,0.0,0.0,0.0,0.0,0.0,0.0,0.0,0.0
-0.1,0.0,0.0,0.3,-0.2,0.0,-0.1,0.0,0.0,0.3,-0.2,0.0,0.0,0.0,0.0,-0.18898815747981534,0.008518743330282127,-0.09399386140201055,-0.721055793550342,-1.1805861640741013,1.0867369558032898,0.6885318782908362,-0.3325763386222763,-0.024263698499895042,0.1908573030336036,-0.5974800238669924,1.252035890869402,1.1741213942391484,-0.7821537666523062,0.0,0.0,0.0,0.0,0.0,0.0,0.0,0.0,0.0,0.0,0.0,0.0,0.0,0.0,0.0,0.31036021299916045,0.22527927083703203,-0.8809441346259702,0.19677646272598937,1.3364293030086016,-3.0056442547330695,-2.604224556006612,0.25653938100548696,-0.26269585168521936,0.6364688211760589,-0.8679100811822271,-5.546230226638288,-1.3582152013396798,6.036829903883384,0.0,0.0,0.0,0.0,0.0,0.0,0.0,0.0,0.0,0.0,0.0,0.0,40.0,40.0,40.0,60.0,60.0,60.0,60.0,60.0,60.0,60.0,60.0,60.0,60.0,60.0,60.0,60.0,60.0,0.0,0.0,0.0,0.0,0.0,0.0,0.0,0.0,0.0,0.0,0.0,0.0,1.0,1.0,1.0,1.5,1.5,1.5,1.5,1.5,1.5,1.5,1.5,1.5,1.5,1.5,1.5,1.5,1.5,0.0,0.0,0.0,0.0,0.0,0.0,0.0,0.0,0.0,0.0,0.0,0.0,0.0,0.0,0.0,0.0,0.0,0.0,0.0,0.0,0.0,0.0,0.0,0.0,0.0,0.0,0.0,0.0,0.0
-0.1,0.0,0.0,0.3,-0.2,0.0,-0.1,0.0,0.0,0.3,-0.2,0.0,0.0,0.0,0.0,-0.18197446541209483,0.012511111666677562,-0.10887206942288766,-0.7112377795839787,-1.1824925105943263,1.0227408462810572,0.645877251380699,-0.3258393281500447,-0.029635617787232116,0.20544015116539013,-0.614985118909272,1.1336437767445466,1.141479695570743,-0.6435093057120891,0.0,0.0,0.0,0.0,0.0,0.0,0.0,0.0,0.0,0.0,0.0,0.0,0.0,0.0,0.0,0.29285460352451165,0.19025002690778117,-0.5090287544323141,0.7944655682034701,-1.0425572543383277,-3.6609467065792765,-2.0316710592472864,0.4456672709791387,-0.2736002858573613,0.7137186246117221,-0.5867255999391058,-5.443695744567539,-2.190248582726617,6.978671376500256,0.0,0.0,0.0,0.0,0.0,0.0,0.0,0.0,0.0,0.0,0.0,0.0,40.0,40.0,40.0,60.0,60.0,60.0,60.0,60.0,60.0,60.0,60.0,60.0,60.0,60.0,60.0,60.0,60.0,0.0,0.0,0.0,0.0,0.0,0.0,0.0,0.0,0.0,0.0,0.0,0.0,1.0,1.0,1.0,1.5,1.5,1.5,1.5,1.5,1.5,1.5,1.5,1.5,1.5,1.5,1.5,1.5,1.5,0.0,0.0,0.0,0.0,0.0,0.0,0.0,0.0,0.0,0.0,0.0,0.0,0.0,0.0,0.0,0.0,0.0,0.0,0.0,0.0,0.0,0.0,0.0,0.0,0.0,0.0,0.0,0.0,0.0
-0.1,0.0,0.0,0.3,-0.2,0.0,-0.1,0.0,0.0,0.3,-0.2,0.0,0.0,0.0,0.0,-0.17727397333883488,0.016128744406593374,-0.11435501157930311,-0.6892771708222032,-1.2222884542476344,0.9402990875401187,0.6072650359209447,-0.31474964778311076,-0.03520770993418949,0.21940604801807248,-0.6209490478645566,1.0342880610867005,1.0865114509300837,-0.5030069115922959,0.0,0.0,0.0,0.0,0.0,0.0,0.0,0.0,0.0,0.0,0.0,0.0,0.0,0.0,0.0,0.1872360795789653,0.1909087014162247,-0.21980635796979842,1.159302107147142,-1.772099089946122,-3.654894138515613,-1.9568110323200383,0.459865018386027,-0.2893070582571341,0.7467637744956013,-0.13383781520394933,-4.87727116678495,-3.077027429991802,6.471676891609425,0.0,0.0,0.0,0.0,0.0,0.0,0.0,0.0,0.0,0.0,0.0,0.0,40.0,40.0,40.0,60.0,60.0,60.0,60.0,60.0,60.0,60.0,60.0,60.0,60.0,60.0,60.0,60.0,60.0,0.0,0.0,0.0,0.0,0.0,0.0,0.0,0.0,0.0,0.0,0.0,0.0,1.0,1.0,1.0,1.5,1.5,1.5,1.5,1.5,1.5,1.5,1.5,1.5,1.5,1.5,1.5,1.5,1.5,0.0,0.0,0.0,0.0,0.0,0.0,0.0,0.0,0.0,0.0,0.0,0.0,0.0,0.0,0.0,0.0,0.0,0.0,0.0,0.0,0.0,0.0,0.0,0.0,0.0,0.0,0.0,0.0,0.0
-0.1,0.0,0.0,0.3,-0.2,0.0,-0.1,0.0,0.0,0.3,-0.2,0.0,0.0,0.0,0.0,-0.17448502222893622,0.02014745972332655,-0.1176643237416796,-0.664865695298093,-1.2533764741921711,0.8765450807404327,0.5676048100878974,-0.3074447274146036,-0.04120790011751748,0.23531070214521418,-0.62033863151743,0.9385529300731487,1.0183985983710708,-0.3846422300477121,0.0,0.0,0.0,0.0,0.0,0.0,0.0,0.0,0.0,0.0,0.0,0.0,0.0,0.0,0.0,0.05486773827063432,0.2020536893251312,0.009284577943560052,0.9545837240658717,-1.4965513091829752,-2.276769532889697,-1.5486809889335318,0.337143328979414,-0.36095890874913333,0.8864954571093951,0.027483965355573625,-6.023328915047505,-3.2763883204916966,6.437039329885017,0.0,0.0,0.0,0.0,0.0,0.0,0.0,0.0,0.0,0.0,0.0,0.0,40.0,40.0,40.0,60.0,60.0,60.0,60.0,60.0,60.0,60.0,60.0,60.0,60.0,60.0,60.0,60.0,60.0,0.0,0.0,0.0,0.0,0.0,0.0,0.0,0.0,0.0,0.0,0.0,0.0,1.0,1.0,1.0,1.5,1.5,1.5,1.5,1.5,1.5,1.5,1.5,1.5,1.5,1.5,1.5,1.5,1.5,0.0,0.0,0.0,0.0,0.0,0.0,0.0,0.0,0.0,0.0,0.0,0.0,0.0,0.0,0.0,0.0,0.0,0.0,0.0,0.0,0.0,0.0,0.0,0.0,0.0,0.0,0.0,0.0,0.0
-0.1,0.0,0.0,0.3,-0.2,0.0,-0.1,0.0,0.0,0.3,-0.2,0.0,0.0,0.0,0.0,-0.1750792638080095,0.024210891979598623,-0.11398362846156071,-0.6510938218595683,-1.2821505066149534,0.8492283062245308,0.5453177963636034,-0.3012639146239342,-0.04964606628415483,0.2548658663024483,-0.6198496892503337,0.7933549044848003,0.9554559181104159,-0.2455253383968953,0.0,0.0,0.0,0.0,0.0,0.0,0.0,0.0,0.0,0.0,0.0,0.0,0.0,0.0,0.0,0.01709630451703914,0.13260287353722422,0.15520095667990383,0.7761447830753804,-2.2585457790554373,-2.012451019663125,-0.6232435495639677,0.36320920290720676,-0.3697025718695719,1.1881911408834218,0.280237010335635,-5.149257198758542,-4.352290096565239,4.7396189608244415,0.0,0.0,0.0,0.0,0.0,0.0,0.0,0.0,0.0,0.0,0.0,0.0,40.0,40.0,40.0,60.0,60.0,60.0,60.0,60.0,60.0,60.0,60.0,60.0,60.0,60.0,60.0,60.0,60.0,0.0,0.0,0.0,0.0,0.0,0.0,0.0,0.0,0.0,0.0,0.0,0.0,1.0,1.0,1.0,1.5,1.5,1.5,1.5,1.5,1.5,1.5,1.5,1.5,1.5,1.5,1.5,1.5,1.5,0.0,0.0,0.0,0.0,0.0,0.0,0.0,0.0,0.0,0.0,0.0,0.0,0.0,0.0,0.0,0.0,0.0,0.0,0.0,0.0,0.0,0.0,0.0,0.0,0.0,0.0,0.0,0.0,0.0
-0.1,0.0,0.0,0.3,-0.2,0.0,-0.1,0.0,0.0,0.3,-0.2,0.0,0.0,0.0,0.0,-0.17380117004825466,0.02545157466481552,-0.11145628547448344,-0.6338199039750778,-1.3437183053543886,0.7960470399539077,0.5426750681053387,-0.29291635929831533,-0.055996002992300356,0.28283834778055106,-0.6091291511040046,0.732582642122807,0.8443069945084613,-0.1950574716147344,0.0,0.0,0.0,0.0,0.0,0.0,0.0,0.0,0.0,0.0,0.0,0.0,0.0,0.0,0.0,-0.023231743377875175,0.11555232949136562,0.10111429081536526,0.7799598551112008,-1.5860614126450512,-1.778500916130679,-1.2760567466185757,0.3880446890263414,-0.37295370438830794,1.3786499514621409,0.9556308781018347,-1.8741486012454371,-5.957676500505602,1.952793570608835,0.0,0.0,0.0,0.0,0.0,0.0,0.0,0.0,0.0,0.0,0.0,0.0,40.0,40.0,40.0,60.0,60.0,60.0,60.0,60.0,60.0,60.0,60.0,60.0,60.0,60.0,60.0,60.0,60.0,0.0,0.0,0.0,0.0,0.0,0.0,0.0,0.0,0.0,0.0,0.0,0.0,1.0,1.0,1.0,1.5,1.5,1.5,1.5,1.5,1.5,1.5,1.5,1.5,1.5,1.5,1.5,1.5,1.5,0.0,0.0,0.0,0.0,0.0,0.0,0.0,0.0,0.0,0.0,0.0,0.0,0.0,0.0,0.0,0.0,0.0,0.0,0.0,0.0,0.0,0.0,0.0,0.0,0.0,0.0,0.0,0.0,0.0
-0.1,0.0,0.0,0.3,-0.2,0.0,-0.1,0.0,0.0,0.3,-0.2,0.0,0.0,0.0,0.0,-0.1760085335431245,0.028832985159253248,-0.1099390568289461,-0.6198954276551203,-1.3455929631207555,0.7780882695793037,0.4942755264988604,-0.28574212706288055,-0.06456421445968714,0.3100118643609339,-0.5816244541262603,0.7183889604349828,0.7171488580901918,-0.1674135955725419,0.0,0.0,0.0,0.0,0.0,0.0,0.0,0.0,0.0,0.0,0.0,0.0,0.0,0.0,0.0,-0.06788027068841476,0.10622392000430615,0.04565600496767366,0.6302777646571139,-0.05272044508762841,-0.7954066079114919,-2.407863090541204,0.2566939315174793,-0.3685264045868813,1.3213421553062974,1.5995958421209626,-0.3434944610836821,-6.499243688787493,1.5568187339914363,0.0,0.0,0.0,0.0,0.0,0.0,0.0,0.0,0.0,0.0,0.0,0.0,40.0,40.0,40.0,60.0,60.0,60.0,60.0,60.0,60.0,60.0,60.0,60.0,60.0,60.0,60.0,60.0,60.0,0.0,0.0,0.0,0.0,0.0,0.0,0.0,0.0,0.0,0.0,0.0,0.0,1.0,1.0,1.0,1.5,1.5,1.5,1.5,1.5,1.5,1.5,1.5,1.5,1.5,1.5,1.5,1.5,1.5,0.0,0.0,0.0,0.0,0.0,0.0,0.0,0.0,0.0,0.0,0.0,0.0,0.0,0.0,0.0,0.0,0.0,0.0,0.0,0.0,0.0,0.0,0.0,0.0,0.0,0.0,0.0,0.0,0.0
-0.1,0.0,0.0,0.3,-0.2,0.0,-0.1,0.0,0.0,0.3,-0.2,0.0,0.0,0.0,0.0,-0.17651638087579125,0.029700531464987766,-0.1096300452757765,-0.6086087933887933,-1.3458271231578938,0.764230775637448,0.44636054448369056,-0.28264860203761616,-0.07073705917577561,0.33569203399280295,-0.545145317419166,0.7188428636794597,0.5843372469569615,-0.13278472225507695,0.0,0.0,0.0,0.0,0.0,0.0,0.0,0.0,0.0,0.0,0.0,0.0,0.0,0.0,0.0,-0.04698174089938223,0.07832381597813655,0.12170613057555478,0.5219898072242463,-0.1396109954931002,-0.4761692463216921,-2.1442843663434035,0.21730003518503627,-0.33885904650509874,1.233227422472069,1.9275825434816707,0.41623276878337,-6.766290115188589,1.7204527291280551,0.0,0.0,0.0,0.0,0.0,0.0,0.0,0.0,0.0,0.0,0.0,0.0,40.0,40.0,40.0,60.0,60.0,60.0,60.0,60.0,60.0,60.0,60.0,60.0,60.0,60.0,60.0,60.0,60.0,0.0,0.0,0.0,0.0,0.0,0.0,0.0,0.0,0.0,0.0,0.0,0.0,1.0,1.0,1.0,1.5,1.5,1.5,1.5,1.5,1.5,1.5,1.5,1.5,1.5,1.5,1.5,1.5,1.5,0.0,0.0,0.0,0.0,0.0,0.0,0.0,0.0,0.0,0.0,0.0,0.0,0.0,0.0,0.0,0.0,0.0,0.0,0.0,0.0,0.0,0.0,0.0,0.0,0.0,0.0,0.0,0.0,0.0
-0.1,0.0,0.0,0.3,-0.2,0.0,-0.1,0.0,0.0,0.3,-0.2,0.0,0.0,0.0,0.0,-0.1778878031790998,0.03196593779837871,-0.10507081160592391,-0.5990158353661504,-1.3511774029404795,0.759041499726436,0.4085041518451243,-0.2770501256554791,-0.0781185763198911,0.3593409612598167,-0.5045211523869935,0.7350382711863176,0.44649725348264824,-0.09859548640741969,0.0,0.0,0.0,0.0,0.0,0.0,0.0,0.0,0.0,0.0,0.0,0.0,0.0,0.0,0.0,-0.06020053586250074,0.1649693805890905,0.3030452379022323,0.5520805963612818,-0.9887866082440966,-0.61720985302533,-1.1081194705476929,0.41453954195774106,-0.41379392275411564,1.1541375721969254,2.052191643180913,1.5457527964415074,-6.945495673154969,1.8971691505135313,0.0,0.0,0.0,0.0,0.0,0.0,0.0,0.0,0.0,0.0,0.0,0.0,40.0,40.0,40.0,60.0,60.0,60.0,60.0,60.0,60.0,60.0,60.0,60.0,60.0,60.0,60.0,60.0,60.0,0.0,0.0,0.0,0.0,0.0,0.0,0.0,0.0,0.0,0.0,0.0,0.0,1.0,1.0,1.0,1.5,1.5,1.5,1.5,1.5,1.5,1.5,1.5,1.5,1.5,1.5,1.5,1.5,1.5,0.0,0.0,0.0,0.0,0.0,0.0,0.0,0.0,0.0,0.0,0.0,0.0,0.0,0.0,0.0,0.0,0.0,0.0,0.0,0.0,0.0,0.0,0.0,0.0,0.0,0.0,0.0,0.0,0.0
-0.1,0.0,0.0,0.3,-0.2,0.0,-0.1,0.0,0.0,0.3,-0.2,0.0,0.0,0.0,0.0,-0.17892440231029128,0.036299306688551386,-0.0975082357596872,-0.586525569534342,-1.3853785874876576,0.7395423815164348,0.40203576566178284,-0.2660670203593065,-0.08728881608594023,0.38185753688067997,-0.46305765169192953,0.78067297553712,0.30651742003076277,-0.0568979562345357,0.0,0.0,0.0,0.0,0.0,0.0,0.0,0.0,0.0,0.0,0.0,0.0,0.0,0.0,0.0,-0.0037016993486835292,0.1579492985469914,0.23489671313776972,0.5784961467722199,-1.4905321719501208,-0.6515400294542062,-0.44098985081664627,0.3854260418886146,-0.3652371041605585,1.2424723981307173,2.2088640184279225,2.4230734976297104,-7.122132574116615,2.2776032710288043,0.0,0.0,0.0,0.0,0.0,0.0,0.0,0.0,0.0,0.0,0.0,0.0,40.0,40.0,40.0,60.0,60.0,60.0,60.0,60.0,60.0,60.0,60.0,60.0,60.0,60.0,60.0,60.0,60.0,0.0,0.0,0.0,0.0,0.0,0.0,0.0,0.0,0.0,0.0,0.0,0.0,1.0,1.0,1.0,1.5,1.5,1.5,1.5,1.5,1.5,1.5,1.5,1.5,1.5,1.5,1.5,1.5,1.5,0.0,0.0,0.0,0.0,0.0,0.0,0.0,0.0,0.0,0.0,0.0,0.0,0.0,0.0,0.0,0.0,0.0,0.0,0.0,0.0,0.0,0.0,0.0,0.0,0.0,0.0,0.0,0.0,0.0
-0.1,0.0,0.0,0.3,-0.2,0.0,-0.1,0.0,0.0,0.3,-0.2,0.0,0.0,0.0,0.0,-0.17803587115304714,0.038283909740258366,-0.09567494308041312,-0.5758759894952616,-1.4107986898184843,0.7329798985482677,0.39086455781245844,-0.2616330839799345,-0.09272806048631344,0.4090398571850454,-0.41616659164987657,0.831961211091506,0.16161195051798363,-0.007491355566267525,0.0,0.0,0.0,0.0,0.0,0.0,0.0,0.0,0.0,0.0,0.0,0.0,0.0,0.0,0.0,0.021609612705712766,0.0862707804296989,0.15896385419708647,0.5016982010319027,-1.32900573143378,-0.5265053598566383,0.01070046629605692,0.14748365791493329,-0.2637590699478165,1.502645658872527,2.3235336910442133,0.7026915032211978,-7.221380061949283,3.030914997430506,0.0,0.0,0.0,0.0,0.0,0.0,0.0,0.0,0.0,0.0,0.0,0.0,40.0,40.0,40.0,60.0,60.0,60.0,60.0,60.0,60.0,60.0,60.0,60.0,60.0,60.0,60.0,60.0,60.0,0.0,0.0,0.0,0.0,0.0,0.0,0.0,0.0,0.0,0.0,0.0,0.0,1.0,1.0,1.0,1.5,1.5,1.5,1.5,1.5,1.5,1.5,1.5,1.5,1.5,1.5,1.5,1.5,1.5,0.0,0.0,0.0,0.0,0.0,0.0,0.0,0.0,0.0,0.0,0.0,0.0,0.0,0.0,0.0,0.0,0.0,0.0,0.0,0.0,0.0,0.0,0.0,0.0,0.0,0.0,0.0,0.0,0.0
-0.1,0.0,0.0,0.3,-0.2,0.0,-0.1,0.0,0.0,0.3,-0.2,0.0,0.0,0.0,0.0,-0.17806001780206276,0.03975013790573934,-0.09114968159180374,-0.5664576414930659,-1.4385388167450088,0.7184821671221693,0.4024637843136251,-0.2601676740427092,-0.09783917888385289,0.44196336323558105,-0.370116304050161,0.8087806356659679,0.01766221755279148,0.06433864366268455,0.0,0.0,0.0,0.0,0.0,0.0,0.0,0.0,0.0,0.0,0.0,0.0,0.0,0.0,0.0,0.10803254984029578,0.05735006946100858,0.11972568119409249,0.3577425197381856,-1.8900578333079954,-0.9183733823513118,0.7949475886123616,-0.08112016775576464,-0.22957086673725605,1.539393585518288,2.4467615606133557,-1.836938336131802,-7.170111563005141,3.352488801842107,0.0,0.0,0.0,0.0,0.0,0.0,0.0,0.0,0.0,0.0,0.0,0.0,40.0,40.0,40.0,60.0,60.0,60.0,60.0,60.0,60.0,60.0,60.0,60.0,60.0,60.0,60.0,60.0,60.0,0.0,0.0,0.0,0.0,0.0,0.0,0.0,0.0,0.0,0.0,0.0,0.0,1.0,1.0,1.0,1.5,1.5,1.5,1.5,1.5,1.5,1.5,1.5,1.5,1.5,1.5,1.5,1.5,1.5,0.0,0.0,0.0,0.0,0.0,0.0,0.0,0.0,0.0,0.0,0.0,0.0,0.0,0.0,0.0,0.0,0.0,0.0,0.0,0.0,0.0,0.0,0.0,0.0,0.0,0.0,0.0,0.0,0.0
-0.1,0.0,0.0,0.3,-0.2,0.0,-0.1,0.0,0.0,0.3,-0.2,0.0,0.0,0.0,0.0,-0.1737145691594353,0.04057791251869871,-0.09088591583264942,-0.5615662887057342,-1.4864010031508041,0.6962449632542153,0.4226624613569529,-0.2648778906901651,-0.10191089515580368,0.4706156006057769,-0.31829612922534234,0.7584836776462339,-0.12519251200222198,0.12660819650741675,0.0,0.0,0.0,0.0,0.0,0.0,0.0,0.0,0.0,0.0,0.0,0.0,0.0,0.0,0.0,0.12589612172266007,0.06987495669606922,-0.014785926921940043,0.32197084258675235,-1.8682080851181115,-1.0662594233728728,0.7839544992147451,-0.2586973698388728,-0.17695729278651984,1.385487428303657,2.4906967347069195,-1.4184329577453358,-6.635536963231372,3.095487905926688,0.0,0.0,0.0,0.0,0.0,0.0,0.0,0.0,0.0,0.0,0.0,0.0,40.0,40.0,40.0,60.0,60.0,60.0,60.0,60.0,60.0,60.0,60.0,60.0,60.0,60.0,60.0,60.0,60.0,0.0,0.0,0.0,0.0,0.0,0.0,0.0,0.0,0.0,0.0,0.0,0.0,1.0,1.0,1.0,1.5,1.5,1.5,1.5,1.5,1.5,1.5,1.5,1.5,1.5,1.5,1.5,1.5,1.5,0.0,0.0,0.0,0.0,0.0,0.0,0.0,0.0,0.0,0.0,0.0,0.0,0.0,0.0,0.0,0.0,0.0,0.0,0.0,0.0,0.0,0.0,0.0,0.0,0.0,0.0,0.0,0.0,0.0
-0.1,0.0,0.0,0.3,-0.2,0.0,-0.1,0.0,0.0,0.3,-0.2,0.0,0.0,0.0,0.0,-0.17302417293315636,0.04254513617358211,-0.09174111866868134,-0.5535788077895958,-1.5132671401497333,0.6758317901872544,0.4338219642822149,-0.2705155688362641,-0.10491747059531369,0.49738286036772733,-0.2704884346618842,0.7520433173561545,-0.24775926097646345,0.18815815989975207,0.0,0.0,0.0,0.0,0.0,0.0,0.0,0.0,0.0,0.0,0.0,0.0,0.0,0.0,0.0,0.013740363100588765,0.11249278633974971,-0.06897807897744204,0.38746205395170374,-1.4395955465523247,-0.9730002694549683,0.3256549241779136,-0.3457342510712641,-0.14215322512216333,1.1504091866608002,2.169898642479853,0.7055020361242226,-4.761118838135653,3.1282380112873853,0.0,0.0,0.0,0.0,0.0,0.0,0.0,0.0,0.0,0.0,0.0,0.0,40.0,40.0,40.0,60.0,60.0,60.0,60.0,60.0,60.0,60.0,60.0,60.0,60.0,60.0,60.0,60.0,60.0,0.0,0.0,0.0,0.0,0.0,0.0,0.0,0.0,0.0,0.0,0.0,0.0,1.0,1.0,1.0,1.5,1.5,1.5,1.5,1.5,1.5,1.5,1.5,1.5,1.5,1.5,1.5,1.5,1.5,0.0,0.0,0.0,0.0,0.0,0.0,0.0,0.0,0.0,0.0,0.0,0.0,0.0,0.0,0.0,0.0,0.0,0.0,0.0,0.0,0.0,0.0,0.0,0.0,0.0,0.0,0.0,0.0,0.0
-0.1,0.0,0.0,0.3,-0.2,0.0,-0.1,0.0,0.0,0.3,-0.2,0.0,0.0,0.0,0.0,-0.17316495463541176,0.0450776239722887,-0.0936450389917471,-0.5460678065476661,-1.5439848250128971,0.6573249524760165,0.43568865832406944,-0.27870726073301566,-0.10759702416069021,0.5166319680722089,-0.2315001835261482,0.7867037590912028,-0.3156372655276481,0.25173771695891217,0.0,0.0,0.0,0.0,0.0,0.0,0.0,0.0,0.0,0.0,0.0,0.0,0.0,0.0,0.0,-0.023736949105095106,0.11098938458090728,-0.07021175803602342,0.40525145771547755,-1.5581770934939565,-0.8892783019924827,0.023480272566803184,-0.3692035134079938,-0.09181006321648533,0.7298868735367433,1.5785709003884407,1.792767862196623,-2.7693074917907774,3.141538017832165,0.0,0.0,0.0,0.0,0.0,0.0,0.0,0.0,0.0,0.0,0.0,0.0,40.0,40.0,40.0,60.0,60.0,60.0,60.0,60.0,60.0,60.0,60.0,60.0,60.0,60.0,60.0,60.0,60.0,0.0,0.0,0.0,0.0,0.0,0.0,0.0,0.0,0.0,0.0,0.0,0.0,1.0,1.0,1.0,1.5,1.5,1.5,1.5,1.5,1.5,1.5,1.5,1.5,1.5,1.5,1.5,1.5,1.5,0.0,0.0,0.0,0.0,0.0,0.0,0.0,0.0,0.0,0.0,0.0,0.0,0.0,0.0,0.0,0.0,0.0,0.0,0.0,0.0,0.0,0.0,0.0,0.0,0.0,0.0,0.0,0.0,0.0
-0.1,0.0,0.0,0.3,-0.2,0.0,-0.1,0.0,0.0,0.3,-0.2,0.0,0.0,0.0,0.0,-0.17397365089736017,0.0469847115568184,-0.09454958899012228,-0.5373687494809767,-1.5755942238894916,0.6402606581075551,0.43476117518488705,-0.28528370937258385,-0.1085898731239731,0.5265783353091971,-0.20734559864634658,0.8237540318440194,-0.35853156064809455,0.31381968061303867,0.0,0.0,0.0,0.0,0.0,0.0,0.0,0.0,0.0,0.0,0.0,0.0,0.0,0.0,0.0,0.062346247947452776,0.10002496276403199,-0.04261552114764103,0.43571778449121856,-1.500618534401904,-1.0249646208527696,-0.46471287685770635,-0.24163128531904665,-0.020128597599478742,0.35869591019525027,0.8684938368916089,5.625552528953934,-1.0906896452738637,4.445759350073596,0.0,0.0,0.0,0.0,0.0,0.0,0.0,0.0,0.0,0.0,0.0,0.0,40.0,40.0,40.0,60.0,60.0,60.0,60.0,60.0,60.0,60.0,60.0,60.0,60.0,60.0,60.0,60.0,60.0,0.0,0.0,0.0,0.0,0.0,0.0,0.0,0.0,0.0,0.0,0.0,0.0,1.0,1.0,1.0,1.5,1.5,1.5,1.5,1.5,1.5,1.5,1.5,1.5,1.5,1.5,1.5,1.5,1.5,0.0,0.0,0.0,0.0,0.0,0.0,0.0,0.0,0.0,0.0,0.0,0.0,0.0,0.0,0.0,0.0,0.0,0.0,0.0,0.0,0.0,0.0,0.0,0.0,0.0,0.0,0.0,0.0,0.0
-0.1,0.0,0.0,0.3,-0.2,0.0,-0.1,0.0,0.0,0.3,-0.2,0.0,0.0,0.0,0.0,-0.17067110471751365,0.04907862248284998,-0.09534965983765274,-0.5286390951680173,-1.6040095663889733,0.6163263676419057,0.4171001432497612,-0.2883725121457775,-0.10840216806466936,0.5309798044800189,-0.19676043005048385,1.0117258602493602,-0.35926485133860264,0.429568090961856,0.0,0.0,0.0,0.0,0.0,0.0,0.0,0.0,0.0,0.0,0.0,0.0,0.0,0.0,0.0,0.23747963079946907,0.1182986720083946,-0.05696531316859953,0.4404105573990985,-1.4811713293885365,-1.12155304906493,-1.1246153526636105,-0.17926066781021183,-0.012715162090308485,0.23514625197438022,0.2931544402356732,10.110591301731095,0.5349226623079933,5.616054635185888,0.0,0.0,0.0,0.0,0.0,0.0,0.0,0.0,0.0,0.0,0.0,0.0,40.0,40.0,40.0,60.0,60.0,60.0,60.0,60.0,60.0,60.0,60.0,60.0,60.0,60.0,60.0,60.0,60.0,0.0,0.0,0.0,0.0,0.0,0.0,0.0,0.0,0.0,0.0,0.0,0.0,1.0,1.0,1.0,1.5,1.5,1.5,1.5,1.5,1.5,1.5,1.5,1.5,1.5,1.5,1.5,1.5,1.5,0.0,0.0,0.0,0.0,0.0,0.0,0.0,0.0,0.0,0.0,0.0,0.0,0.0,0.0,0.0,0.0,0.0,0.0,0.0,0.0,0.0,0.0,0.0,0.0,0.0,0.0,0.0,0.0,0.0
-0.1,0.0,0.0,0.3,-0.2,0.0,-0.1,0.0,0.0,0.3,-0.2,0.0,0.0,0.0,0.0,-0.1644744656653814,0.05171665843715419,-0.09682820151686626,-0.5197523271850127,-1.634841077065033,0.5953985361449579,0.38977656107834263,-0.2924541360849923,-0.10909847960758544,0.5359841853881723,-0.19561942103691965,1.2281776839132632,-0.3371346541557748,0.5384618660204742,0.0,0.0,0.0,0.0,0.0,0.0,0.0,0.0,0.0,0.0,0.0,0.0,0.0,0.0,0.0,0.2339907935169,0.10906105346794072,-0.115022564023258,0.5054694727861214,-1.5399544779961194,-1.318933656994467,-1.2050851031209064,-0.17000922158361964,-0.06477144337078689,0.15591602697402895,-0.10022125223582493,11.118439308283028,2.3923804663198265,4.954092726067441,0.0,0.0,0.0,0.0,0.0,0.0,0.0,0.0,0.0,0.0,0.0,0.0,40.0,40.0,40.0,60.0,60.0,60.0,60.0,60.0,60.0,60.0,60.0,60.0,60.0,60.0,60.0,60.0,60.0,0.0,0.0,0.0,0.0,0.0,0.0,0.0,0.0,0.0,0.0,0.0,0.0,1.0,1.0,1.0,1.5,1.5,1.5,1.5,1.5,1.5,1.5,1.5,1.5,1.5,1.5,1.5,1.5,1.5,0.0,0.0,0.0,0.0,0.0,0.0,0.0,0.0,0.0,0.0,0.0,0.0,0.0,0.0,0.0,0.0,0.0,0.0,0.0,0.0,0.0,0.0,0.0,0.0,0.0,0.0,0.0,0.0,0.0
-0.1,0.0,0.0,0.3,-0.2,0.0,-0.1,0.0,0.0,0.3,-0.2,0.0,0.0,0.0,0.0,-0.16131147297683765,0.053441064621567606,-0.09995056239858306,-0.5084203162565725,-1.665607745508818,0.563569021362127,0.36889673912492493,-0.2951728810091223,-0.11099302579950084,0.5372164455589801,-0.20076928013991685,1.4564634325806813,-0.2635696326858096,0.6277318000045536,0.0,0.0,0.0,0.0,0.0,0.0,0.0,0.0,0.0,0.0,0.0,0.0,0.0,0.0,0.0,0.07429963884523147,0.10746114471717037,-0.30468049805866537,0.518442659757988,-1.5941057680023185,-2.371351286087589,-0.5562370113569526,-0.03411680753259566,-0.08237937848778465,-0.2469560218407274,-0.2583886889350337,11.865432249815077,4.586845680952111,3.2644517096512087,0.0,0.0,0.0,0.0,0.0,0.0,0.0,0.0,0.0,0.0,0.0,0.0,40.0,40.0,40.0,60.0,60.0,60.0,60.0,60.0,60.0,60.0,60.0,60.0,60.0,60.0,60.0,60.0,60.0,0.0,0.0,0.0,0.0,0.0,0.0,0.0,0.0,0.0,0.0,0.0,0.0,1.0,1.0,1.0,1.5,1.5,1.5,1.5,1.5,1.5,1.5,1.5,1.5,1.5,1.5,1.5,1.5,1.5,0.0,0.0,0.0,0.0,0.0,0.0,0.0,0.0,0.0,0.0,0.0,0.0,0.0,0.0,0.0,0.0,0.0,0.0,0.0,0.0,0.0,0.0,0.0,0.0,0.0,0.0,0.0,0.0,0.0
-0.1,0.0,0.0,0.3,-0.2,0.0,-0.1,0.0,0.0,0.3,-0.2,0.0,0.0,0.0,0.0,-0.16150248011157214,0.056015104225841,-0.10901542143921288,-0.4990146207946932,-1.6986053077851258,0.5005444847014543,0.36752708062406453,-0.29381880838629615,-0.11239365474709682,0.5261059445145432,-0.205954968594321,1.7027949739058663,-0.15366082691769037,0.6690399344065225,0.0,0.0,0.0,0.0,0.0,0.0,0.0,0.0,0.0,0.0,0.0,0.0,0.0,0.0,0.0,0.02714388980691873,0.1489071356878263,-0.7556574632127135,0.31340991749781166,-1.4641636150780235,-3.343242317004183,-0.02302091174120613,0.16679892258789353,0.0665984244334037,-0.8408965001769519,-0.23304769779733114,11.624521918611396,6.042975616577284,0.9233240673148041,0.0,0.0,0.0,0.0,0.0,0.0,0.0,0.0,0.0,0.0,0.0,0.0,40.0,40.0,40.0,60.0,60.0,60.0,60.0,60.0,60.0,60.0,60.0,60.0,60.0,60.0,60.0,60.0,60.0,0.0,0.0,0.0,0.0,0.0,0.0,0.0,0.0,0.0,0.0,0.0,0.0,1.0,1.0,1.0,1.5,1.5,1.5,1.5,1.5,1.5,1.5,1.5,1.5,1.5,1.5,1.5,1.5,1.5,0.0,0.0,0.0,0.0,0.0,0.0,0.0,0.0,0.0,0.0,0.0,0.0,0.0,0.0,0.0,0.0,0.0,0.0,0.0,0.0,0.0,0.0,0.0,0.0,0.0,0.0,0.0,0.0,0.0
-0.1,0.0,0.0,0.3,-0.2,0.0,-0.1,0.0,0.0,0.3,-0.2,0.0,0.0,0.0,0.0,-0.1602257173845609,0.05939735004908066,-0.1301768609270916,-0.49588391955666,-1.724174290111939,0.42983932868195973,0.3679759026552767,-0.28850092410560657,-0.10832908882216469,0.503580585551902,-0.2100911880518101,1.9214443093251372,-0.021850608022718196,0.6646647626971458,0.0,0.0,0.0,0.0,0.0,0.0,0.0,0.0,0.0,0.0,0.0,0.0,0.0,0.0,0.0,0.11904540668683239,0.2223379898646004,-1.0638313235393273,0.2012022354536458,-1.919623156057404,-3.3148320954818455,-0.6726834469694548,0.434047746381179,0.591640977550524,-1.1313101178183098,-0.08658099880291467,6.7306256523533445,4.419628732925858,-0.5189550305475382,0.0,0.0,0.0,0.0,0.0,0.0,0.0,0.0,0.0,0.0,0.0,0.0,40.0,40.0,40.0,60.0,60.0,60.0,60.0,60.0,60.0,60.0,60.0,60.0,60.0,60.0,60.0,60.0,60.0,0.0,0.0,0.0,0.0,0.0,0.0,0.0,0.0,0.0,0.0,0.0,0.0,1.0,1.0,1.0,1.5,1.5,1.5,1.5,1.5,1.5,1.5,1.5,1.5,1.5,1.5,1.5,1.5,1.5,0.0,0.0,0.0,0.0,0.0,0.0,0.0,0.0,0.0,0.0,0.0,0.0,0.0,0.0,0.0,0.0,0.0,0.0,0.0,0.0,0.0,0.0,0.0,0.0,0.0,0.0,0.0,0.0,0.0
-0.1,0.0,0.0,0.3,-0.2,0.0,-0.1,0.0,0.0,0.3,-0.2,0.0,0.0,0.0,0.0,-0.15674066384409885,0.06490862382042502,-0.15156867438078597,-0.4909665313765474,-1.775390234027422,0.3679512008821805,0.34061974274528634,-0.276456898531049,-0.08872801564507586,0.4808535398018108,-0.20941820854643758,1.97202,0.02312432239934396,0.648281733184621,0.0,0.0,0.0,0.0,0.0,0.0,0.0,0.0,0.0,0.0,0.0,0.0,0.0,0.0,0.0,0.22607353571603706,0.2863622843380473,-0.7642900373537722,0.35225334242239836,-2.169073074018313,-1.8593251255567322,-1.3749859732971714,0.5092539023060061,1.1857542692550676,-1.0899987558506685,0.05361903858658451,1.2643922668715724,1.7894833051288084,-1.1505269431381886,0.0,0.0,0.0,0.0,0.0,0.0,0.0,0.0,0.0,0.0,0.0,0.0,40.0,40.0,40.0,60.0,60.0,60.0,60.0,60.0,60.0,60.0,60.0,60.0,60.0,60.0,60.0,60.0,60.0,0.0,0.0,0.0,0.0,0.0,0.0,0.0,0.0,0.0,0.0,0.0,0.0,1.0,1.0,1.0,1.5,1.5,1.5,1.5,1.5,1.5,1.5,1.5,1.5,1.5,1.5,1.5,1.5,1.5,0.0,0.0,0.0,0.0,0.0,0.0,0.0,0.0,0.0,0.0,0.0,0.0,0.0,0.0,0.0,0.0,0.0,0.0,0.0,0.0,0.0,0.0,0.0,0.0,0.0,0.0,0.0,0.0,0.0
-0.1,0.0,0.0,0.3,-0.2,0.0,-0.1,0.0,0.0,0.3,-0.2,0.0,0.0,0.0,0.0,-0.15118277595591942,0.07085184142260255,-0.1607484624212425,-0.48179378585976407,-1.8109372130726715,0.35546632365969044,0.31297646372338983,-0.2681307680133663,-0.06089891805196199,0.45998063531787525,-0.20794642650834672,1.97202,0.049728724182434146,0.6186436849716183,0.0,0.0,0.0,0.0,0.0,0.0,0.0,0.0,0.0,0.0,0.0,0.0,0.0,0.0,0.0,0.21722094695430447,0.17709599170863155,-0.3395270531767823,0.5820393925655004,-3.2124252567097553,-1.4047258130598816,-1.555339112365546,0.4504065097989368,1.1830314613571953,-0.9237383678439278,0.09521234506380538,0.0,1.022464182847669,-1.054509905870582,0.0,0.0,0.0,0.0,0.0,0.0,0.0,0.0,0.0,0.0,0.0,0.0,40.0,40.0,40.0,60.0,60.0,60.0,60.0,60.0,60.0,60.0,60.0,60.0,60.0,60.0,60.0,60.0,60.0,0.0,0.0,0.0,0.0,0.0,0.0,0.0,0.0,0.0,0.0,0.0,0.0,1.0,1.0,1.0,1.5,1.5,1.5,1.5,1.5,1.5,1.5,1.5,1.5,1.5,1.5,1.5,1.5,1.5,0.0,0.0,0.0,0.0,0.0,0.0,0.0,0.0,0.0,0.0,0.0,0.0,0.0,0.0,0.0,0.0,0.0,0.0,0.0,0.0,0.0,0.0,0.0,0.0,0.0,0.0,0.0,0.0,0.0
-0.1,0.0,0.0,0.3,-0.2,0.0,-0.1,0.0,0.0,0.3,-0.2,0.0,0.0,0.0,0.0,-0.14805182596592667,0.07199246348877028,-0.16514975650785726,-0.46768495567392737,-1.9038872442958121,0.3117621683597852,0.2784061782506645,-0.2584406381390915,-0.04140675719078805,0.44390400508805367,-0.20560971474388537,1.97202,0.06402288971325072,0.6061013369497977,0.0,0.0,0.0,0.0,0.0,0.0,0.0,0.0,0.0,0.0,0.0,0.0,0.0,0.0,0.0,-0.37666382072312277,-0.8272827040266538,-1.9417315027407254,0.9359255811964076,-3.755028336037125,-3.3196672114776358,-0.4704410596946082,0.14317514470225112,1.2033567834911088,0.645679851783136,0.28960296229372445,0.0,0.6015680572673291,-0.9529889710706646,0.0,0.0,0.0,0.0,0.0,0.0,0.0,0.0,0.0,0.0,0.0,0.0,40.0,40.0,40.0,60.0,60.0,60.0,60.0,60.0,60.0,60.0,60.0,60.0,60.0,60.0,60.0,60.0,60.0,0.0,0.0,0.0,0.0,0.0,0.0,0.0,0.0,0.0,0.0,0.0,0.0,1.0,1.0,1.0,1.5,1.5,1.5,1.5,1.5,1.5,1.5,1.5,1.5,1.5,1.5,1.5,1.5,1.5,0.0,0.0,0.0,0.0,0.0,0.0,0.0,0.0,0.0,0.0,0.0,0.0,0.0,0.0,0.0,0.0,0.0,0.0,0.0,0.0,0.0,0.0,0.0,0.0,0.0,0.0,0.0,0.0,0.0
-0.1,0.0,0.0,0.3,-0.2,0.0,-0.1,0.0,0.0,0.3,-0.2,0.0,0.0,0.0,0.0,-0.16624932878484433,0.037760533261536396,-0.2384177225308715,-0.44435676261190776,-1.9611383465141565,0.222679635200585,0.2941588213356055,-0.2624037622252763,-0.012764646712317631,0.4858078293892007,-0.19636230801659774,1.97202,0.07379144647312731,0.5805241261287917,0.0,0.0,0.0,0.0,0.0,0.0,0.0,0.0,0.0,0.0,0.0,0.0,0.0,0.0,0.0,-0.3803537365998075,-1.0669072684049135,-2.99243227517317,0.5205233697389011,-1.7033188926046994,-4.648987510879748,0.17855621533630628,-0.10033454418396648,1.2015191932151195,1.149764197132487,0.2834433403162799,0.0,0.5771006167486683,-0.9843540115322652,0.0,0.0,0.0,0.0,0.0,0.0,0.0,0.0,0.0,0.0,0.0,0.0,40.0,40.0,40.0,60.0,60.0,60.0,60.0,60.0,60.0,60.0,60.0,60.0,60.0,60.0,60.0,60.0,60.0,0.0,0.0,0.0,0.0,0.0,0.0,0.0,0.0,0.0,0.0,0.0,0.0,1.0,1.0,1.0,1.5,1.5,1.5,1.5,1.5,1.5,1.5,1.5,1.5,1.5,1.5,1.5,1.5,1.5,0.0,0.0,0.0,0.0,0.0,0.0,0.0,0.0,0.0,0.0,0.0,0.0,0.0,0.0,0.0,0.0,0.0,0.0,0.0,0.0,0.0,0.0,0.0,0.0,0.0,0.0,0.0,0.0,0.0
-0.1,0.0,0.0,0.3,-0.2,0.0,-0.1,0.0,0.0,0.3,-0.2,0.0,0.0,0.0,0.0,-0.16326597542991897,0.029316172752573737,-0.28484704751478407,-0.4468640208843713,-1.97202,0.12580266792459527,0.28554842686411674,-0.2624540199064502,0.006654010537816732,0.48989457297335315,-0.19427198113123417,1.97202,0.08710691438319745,0.5667271764885071,0.0,0.0,0.0,0.0,0.0,0.0,0.0,0.0,0.0,0.0,0.0,0.0,0.0,0.0,0.0,0.8315634074376312,0.31328379402780165,-1.4705640720368742,-0.29614823060390566,-0.27204133714608947,-3.952247780249622,-1.5092317103375115,-0.359099089036094,0.36880013011283447,-1.0543276341220624,-0.3803231579464251,0.0,0.7191909613841523,-0.6653306589602087,0.0,0.0,0.0,0.0,0.0,0.0,0.0,0.0,0.0,0.0,0.0,0.0,40.0,40.0,40.0,60.0,60.0,60.0,60.0,60.0,60.0,60.0,60.0,60.0,60.0,60.0,60.0,60.0,60.0,0.0,0.0,0.0,0.0,0.0,0.0,0.0,0.0,0.0,0.0,0.0,0.0,1.0,1.0,1.0,1.5,1.5,1.5,1.5,1.5,1.5,1.5,1.5,1.5,1.5,1.5,1.5,1.5,1.5,0.0,0.0,0.0,0.0,0.0,0.0,0.0,0.0,0.0,0.0,0.0,0.0,0.0,0.0,0.0,0.0,0.0,0.0,0.0,0.0,0.0,0.0,0.0,0.0,0.0,0.0,0.0,0.0,0.0
-0.1,0.0,0.0,0.3,-0.2,0.0,-0.1,0.0,0.0,0.3,-0.2,0.0,0.0,0.0,0.0,-0.13298679248733908,0.05029188502264846,-0.2972402854123465,-0.456202691836064,-1.97202,0.0645897239906001,0.23378955292210504,-0.27676772578672004,0.0019873584921957475,0.4436347240243182,-0.21157523433445474,1.97202,0.1025590849284934,0.5539108997703833,0.0,0.0,0.0,0.0,0.0,0.0,0.0,0.0,0.0,0.0,0.0,0.0,0.0,0.0,0.0,-0.6001493001336129,0.030749289918424478,-1.1896820135717288,0.02903448672945813,0.0,-4.271929225335755,-1.6762860360592768,0.7549568155162535,0.153178601574312,-0.16843324433257617,0.17279641447707633,0.0,3.2846387389892624,1.391787540879108,0.0,0.0,0.0,0.0,0.0,0.0,0.0,0.0,0.0,0.0,0.0,0.0,40.0,40.0,40.0,60.0,60.0,60.0,60.0,60.0,60.0,60.0,60.0,60.0,60.0,60.0,60.0,60.0,60.0,0.0,0.0,0.0,0.0,0.0,0.0,0.0,0.0,0.0,0.0,0.0,0.0,1.0,1.0,1.0,1.5,1.5,1.5,1.5,1.5,1.5,1.5,1.5,1.5,1.5,1.5,1.5,1.5,1.5,0.0,0.0,0.0,0.0,0.0,0.0,0.0,0.0,0.0,0.0,0.0,0.0,0.0,0.0,0.0,0.0,0.0,0.0,0.0,0.0,0.0,0.0,0.0,0.0,0.0,0.0,0.0,0.0,0.0
-0.1,0.0,0.0,0.3,-0.2,0.0,-0.1,0.0,0.0,0.3,-0.2,0.0,0.0,0.0,0.0,-0.18727194743526349,0.030546144349310717,-0.3324343280576532,-0.445702641415193,-1.97202,-0.045074501088834935,0.21849698542174567,-0.23225574728580003,0.012781154600789213,0.4831572432000501,-0.18736012455215112,1.97202,0.21849246394276794,0.6223986781236714,0.0,0.0,0.0,0.0,0.0,0.0,0.0,0.0,0.0,0.0,0.0,0.0,0.0,0.0,0.0,-1.6298076188303041,-0.14035246141639296,-1.415502409422803,-0.5437918055054308,0.0,-5.2879151990484345,-2.9880689617484535,1.6350870096508339,-0.0463948890371406,-0.31515450545687856,1.8299533440129376,0.0,5.255391292507215,3.6085596206148844,0.0,0.0,0.0,0.0,0.0,0.0,0.0,0.0,0.0,0.0,0.0,0.0,40.0,40.0,40.0,60.0,60.0,60.0,60.0,60.0,60.0,60.0,60.0,60.0,60.0,60.0,60.0,60.0,60.0,0.0,0.0,0.0,0.0,0.0,0.0,0.0,0.0,0.0,0.0,0.0,0.0,1.0,1.0,1.0,1.5,1.5,1.5,1.5,1.5,1.5,1.5,1.5,1.5,1.5,1.5,1.5,1.5,1.5,0.0,0.0,0.0,0.0,0.0,0.0,0.0,0.0,0.0,0.0,0.0,0.0,0.0,0.0,0.0,0.0,0.0,0.0,0.0,0.0,0.0,0.0,0.0,0.0,0.0,0.0,0.0,0.0,0.0
-0.1,0.0,0.0,0.3,-0.2,0.0,-0.1,0.0,0.0,0.3,-0.2,0.0,0.0,0.0,0.0,-0.19817909724055124,0.04467778656599274,-0.3538603817892586,-0.4779543640562812,-1.97202,-0.14692688397133727,0.11426679445216689,-0.21136424540068668,0.00013156293071012344,0.43102854380604305,-0.13837710057393723,1.97202,0.312774736628782,0.6982532845949787,0.0,0.0,0.0,0.0,0.0,0.0,0.0,0.0,0.0,0.0,0.0,0.0,0.0,0.0,0.0,-0.11978319134605744,0.9527059922304001,-0.8886916893445895,-1.2557142319776047,0.0,-3.479397774844898,-5.150208079318917,0.6792405770442982,-0.601798270124167,-2.8142092295847796,2.261808048560101,0.0,3.640010500524432,2.96146943436755,0.0,0.0,0.0,0.0,0.0,0.0,0.0,0.0,0.0,0.0,0.0,0.0,40.0,40.0,40.0,60.0,60.0,60.0,60.0,60.0,60.0,60.0,60.0,60.0,60.0,60.0,60.0,60.0,60.0,0.0,0.0,0.0,0.0,0.0,0.0,0.0,0.0,0.0,0.0,0.0,0.0,1.0,1.0,1.0,1.5,1.5,1.5,1.5,1.5,1.5,1.5,1.5,1.5,1.5,1.5,1.5,1.5,1.5,0.0,0.0,0.0,0.0,0.0,0.0,0.0,0.0,0.0,0.0,0.0,0.0,0.0,0.0,0.0,0.0,0.0,0.0,0.0,0.0,0.0,0.0,0.0,0.0,0.0,0.0,0.0,0.0,0.0
-0.1,0.0,0.0,0.3,-0.2,0.0,-0.1,0.0,0.0,0.3,-0.2,0.0,0.0,0.0,0.0,-0.19206327508910578,0.06865438403852672,-0.3679819956314368,-0.4959312106942972,-1.97202,-0.18425041208263085,0.012488662248988973,-0.2050861242040281,-0.011290776204177465,0.3705888740166589,-0.09688780260974708,1.97202,0.36409288396374523,0.7408574554983735,0.0,0.0,0.0,0.0,0.0,0.0,0.0,0.0,0.0,0.0,0.0,0.0,0.0,0.0,0.0,0.5326424047978222,0.55009114784701,-0.8646850450765783,0.11390218967721466,0.0,0.8408407424856975,-1.944089121825946,-0.10973682369552554,0.2896802303018931,-1.7191573714453414,1.6240572460869196,0.0,2.1957397901537683,-0.13801320644795112,0.0,0.0,0.0,0.0,0.0,0.0,0.0,0.0,0.0,0.0,0.0,0.0,40.0,40.0,40.0,60.0,60.0,60.0,60.0,60.0,60.0,60.0,60.0,60.0,60.0,60.0,60.0,60.0,60.0,0.0,0.0,0.0,0.0,0.0,0.0,0.0,0.0,0.0,0.0,0.0,0.0,1.0,1.0,1.0,1.5,1.5,1.5,1.5,1.5,1.5,1.5,1.5,1.5,1.5,1.5,1.5,1.5,1.5,0.0,0.0,0.0,0.0,0.0,0.0,0.0,0.0,0.0,0.0,0.0,0.0,0.0,0.0,0.0,0.0,0.0,0.0,0.0,0.0,0.0,0.0,0.0,0.0,0.0,0.0,0.0,0.0,0.0
-0.1,0.0,0.0,0.3,-0.2,0.0,-0.1,0.0,0.0,0.3,-0.2,0.0,0.0,0.0,0.0,-0.17687340104863836,0.06668143247987314,-0.38844778359232174,-0.47339827646919264,-1.97202,-0.11329325427190937,0.03650322957912905,-0.2157537183485077,0.011718772142785848,0.3622622489482294,-0.07341481073046045,1.97202,0.40060432823493275,0.6927327563370607,0.0,0.0,0.0,0.0,0.0,0.0,0.0,0.0,0.0,0.0,0.0,0.0,0.0,0.0,0.0,0.20032170711320324,-0.2443685155567846,-0.13126871294509707,1.130824907452929,0.0,2.575944258249346,0.38955397043459244,-0.09797995866641304,0.7614980249263387,-0.34060933606566424,0.5310165720259323,0.0,1.7732591993660478,-1.2821954615921975,0.0,0.0,0.0,0.0,0.0,0.0,0.0,0.0,0.0,0.0,0.0,0.0,40.0,40.0,40.0,60.0,60.0,60.0,60.0,60.0,60.0,60.0,60.0,60.0,60.0,60.0,60.0,60.0,60.0,0.0,0.0,0.0,0.0,0.0,0.0,0.0,0.0,0.0,0.0,0.0,0.0,1.0,1.0,1.0,1.5,1.5,1.5,1.5,1.5,1.5,1.5,1.5,1.5,1.5,1.5,1.5,1.5,1.5,0.0,0.0,0.0,0.0,0.0,0.0,0.0,0.0,0.0,0.0,0.0,0.0,0.0,0.0,0.0,0.0,0.0,0.0,0.0,0.0,0.0,0.0,0.0,0.0,0.0,0.0,0.0,0.0,0.0
-0.1,0.0,0.0,0.3,-0.2,0.0,-0.1,0.0,0.0,0.3,-0.2,0.0,0.0,0.0,0.0,-0.18405040680457765,0.05887964341625534,-0.3732327441492407,-0.45069821439618,-1.97202,-0.08121264175265701,0.02807082106637267,-0.20900532255068463,0.01916914479287608,0.35696450057403234,-0.07564713972870979,1.97202,0.43502325193838715,0.6895696370346855,0.0,0.0,0.0,0.0,0.0,0.0,0.0,0.0,0.0,0.0,0.0,0.0,0.0,0.0,0.0,-0.36519328534697426,0.08398879150853383,1.1626638235929159,0.6305059365609585,0.0,0.9824121220108214,-1.568992653169402,0.6586591064158521,-0.11377731390714863,-0.8739034430593914,0.46623188769200574,0.0,2.681512761815491,1.773314683724675,0.0,0.0,0.0,0.0,0.0,0.0,0.0,0.0,0.0,0.0,0.0,0.0,40.0,40.0,40.0,60.0,60.0,60.0,60.0,60.0,60.0,60.0,60.0,60.0,60.0,60.0,60.0,60.0,60.0,0.0,0.0,0.0,0.0,0.0,0.0,0.0,0.0,0.0,0.0,0.0,0.0,1.0,1.0,1.0,1.5,1.5,1.5,1.5,1.5,1.5,1.5,1.5,1.5,1.5,1.5,1.5,1.5,1.5,0.0,0.0,0.0,0.0,0.0,0.0,0.0,0.0,0.0,0.0,0.0,0.0,0.0,0.0,0.0,0.0,0.0,0.0,0.0,0.0,0.0,0.0,0.0,0.0,0.0,0.0,0.0,0.0,0.0
-0.1,0.0,0.0,0.3,-0.2,0.0,-0.1,0.0,0.0,0.3,-0.2,0.0,0.0,0.0,0.0,-0.19148113246251733,0.0700409841402145,-0.3419412306486051,-0.4481780390067543,-1.97202,-0.07399676939147651,-0.026256476547647033,-0.18940735409187362,0.007167679586499903,0.32730611122585374,-0.05476553522278022,1.97202,0.5078648387075524,0.7636653436860477,0.0,0.0,0.0,0.0,0.0,0.0,0.0,0.0,0.0,0.0,0.0,0.0,0.0,0.0,0.0,-0.22326462087357626,0.1398191473039623,0.687145352158855,0.3828282247331685,0.0,1.192644565459312,-0.672658417121434,0.3379497396281461,-0.1814380898675598,-1.1448775835026361,1.546438152477372,0.0,3.522058294068868,2.2634410138922143,0.0,0.0,0.0,0.0,0.0,0.0,0.0,0.0,0.0,0.0,0.0,0.0,40.0,40.0,40.0,60.0,60.0,60.0,60.0,60.0,60.0,60.0,60.0,60.0,60.0,60.0,60.0,60.0,60.0,0.0,0.0,0.0,0.0,0.0,0.0,0.0,0.0,0.0,0.0,0.0,0.0,1.0,1.0,1.0,1.5,1.5,1.5,1.5,1.5,1.5,1.5,1.5,1.5,1.5,1.5,1.5,1.5,1.5,0.0,0.0,0.0,0.0,0.0,0.0,0.0,0.0,0.0,0.0,0.0,0.0,0.0,0.0,0.0,0.0,0.0,0.0,0.0,0.0,0.0,0.0,0.0,0.0,0.0,0.0,0.0,0.0,0.0
-0.1,0.0,0.0,0.3,-0.2,0.0,-0.1,0.0,0.0,0.3,-0.2,0.0,0.0,0.0,0.0,-0.1929809916395207,0.06447240930841383,-0.3457469300628865,-0.4353850854068533,-1.97202,-0.03350685913428453,0.0011644843815153093,-0.19548733296555879,0.011911621198173688,0.3111693972339269,-0.013789613629614911,1.97202,0.5759055837011419,0.7801072775903741,0.0,0.0,0.0,0.0,0.0,0.0,0.0,0.0,0.0,0.0,0.0,0.0,0.0,0.0,0.0,0.1571335975771214,-0.09838549758014702,0.47041445520853015,0.17491433729153738,0.0,0.9137962980981693,0.26712824036999794,-0.33032133032553784,0.03725419589383089,-1.1321315772918061,1.460764612618577,0.0,2.666474759820789,0.5953071283749028,0.0,0.0,0.0,0.0,0.0,0.0,0.0,0.0,0.0,0.0,0.0,0.0,40.0,40.0,40.0,60.0,60.0,60.0,60.0,60.0,60.0,60.0,60.0,60.0,60.0,60.0,60.0,60.0,60.0,0.0,0.0,0.0,0.0,0.0,0.0,0.0,0.0,0.0,0.0,0.0,0.0,1.0,1.0,1.0,1.5,1.5,1.5,1.5,1.5,1.5,1.5,1.5,1.5,1.5,1.5,1.5,1.5,1.5,0.0,0.0,0.0,0.0,0.0,0.0,0.0,0.0,0.0,0.0,0.0,0.0,0.0,0.0,0.0,0.0,0.0,0.0,0.0,0.0,0.0,0.0,0.0,0.0,0.0,0.0,0.0,0.0,0.0
-0.1,0.0,0.0,0.3,-0.2,0.0,-0.1,0.0,0.0,0.3,-0.2,0.0,0.0,0.0,0.0,-0.18519578855943247,0.06610556423700861,-0.3231246524402639,-0.4411814655150928,-1.97202,-0.037444917467549736,-0.015571346932847115,-0.20262020730489513,0.008657847422253138,0.2820208481341815,0.0036650492819628494,1.97202,0.614523829100384,0.7874776288210438,0.0,0.0,0.0,0.0,0.0,0.0,0.0,0.0,0.0,0.0,0.0,0.0,0.0,0.0,0.0,0.17812409247256744,0.24688296100552168,0.7853642320635928,0.07309824505006696,0.0,-0.37954682053736694,-1.4158045530324237,-0.050247641968580864,-0.1306277625884815,-1.176824277664633,0.7109618055080693,0.0,1.764739913410529,1.181621225692836,0.0,0.0,0.0,0.0,0.0,0.0,0.0,0.0,0.0,0.0,0.0,0.0,40.0,40.0,40.0,60.0,60.0,60.0,60.0,60.0,60.0,60.0,60.0,60.0,60.0,60.0,60.0,60.0,60.0,0.0,0.0,0.0,0.0,0.0,0.0,0.0,0.0,0.0,0.0,0.0,0.0,1.0,1.0,1.0,1.5,1.5,1.5,1.5,1.5,1.5,1.5,1.5,1.5,1.5,1.5,1.5,1.5,1.5,0.0,0.0,0.0,0.0,0.0,0.0,0.0,0.0,0.0,0.0,0.0,0.0,0.0,0.0,0.0,0.0,0.0,0.0,0.0,0.0,0.0,0.0,0.0,0.0,0.0,0.0,0.0,0.0,0.0
-0.1,0.0,0.0,0.3,-0.2,0.0,-0.1,0.0,0.0,0.3,-0.2,0.0,0.0,0.0,0.0,-0.185856027940618,0.0743477277486347,-0.31433236078034277,-0.4324611556048506,-1.97202,-0.048688731955779205,-0.055467697739781635,-0.19749723864430202,0.006686510694634429,0.2640964261273416,0.014648858590707864,1.97202,0.646495180237563,0.8273721266180876,0.0,0.0,0.0,0.0,0.0,0.0,0.0,0.0,0.0,0.0,0.0,0.0,0.0,0.0,0.0,-0.21560540423158775,0.20642331209748468,0.15777999321737735,0.46748121228768064,0.0,-0.17355895254861348,-1.3250481361028823,0.040120164793398805,-0.16439417354510283,-0.4557577675560545,0.1809093777899754,0.0,0.4610924701236363,0.8762987161673785,0.0,0.0,0.0,0.0,0.0,0.0,0.0,0.0,0.0,0.0,0.0,0.0,40.0,40.0,40.0,60.0,60.0,60.0,60.0,60.0,60.0,60.0,60.0,60.0,60.0,60.0,60.0,60.0,60.0,0.0,0.0,0.0,0.0,0.0,0.0,0.0,0.0,0.0,0.0,0.0,0.0,1.0,1.0,1.0,1.5,1.5,1.5,1.5,1.5,1.5,1.5,1.5,1.5,1.5,1.5,1.5,1.5,1.5,0.0,0.0,0.0,0.0,0.0,0.0,0.0,0.0,0.0,0.0,0.0,0.0,0.0,0.0,0.0,0.0,0.0,0.0,0.0,0.0,0.0,0.0,0.0,0.0,0.0,0.0,0.0,0.0,0.0
-0.1,0.0,0.0,0.3,-0.2,0.0,-0.1,0.0,0.0,0.3,-0.2,0.0,0.0,0.0,0.0,-0.19382000472869598,0.074362496720908,-0.3168134527115688,-0.42248221702358557,-1.97202,-0.044387275569494275,-0.06857327237696241,-0.20101540071315918,0.0020820804804490252,0.2637905374319393,0.010901424393561865,1.97202,0.6329675279053294,0.8225295774677389,0.0,0.0,0.0,0.0,0.0,0.0,0.0,0.0,0.0,0.0,0.0,0.0,0.0,0.0,0.0,-0.2614527263986775,0.17476131149196278,0.23286544593814906,0.47402588124548367,0.0,0.46199335445035383,-0.4335155540217156,-0.1003516511017391,-0.4244503303685657,-0.15518219783721837,-0.5805065047216075,0.0,-0.884286926036526,0.3286518634420671,0.0,0.0,0.0,0.0,0.0,0.0,0.0,0.0,0.0,0.0,0.0,0.0,40.0,40.0,40.0,60.0,60.0,60.0,60.0,60.0,60.0,60.0,60.0,60.0,60.0,60.0,60.0,60.0,60.0,0.0,0.0,0.0,0.0,0.0,0.0,0.0,0.0,0.0,0.0,0.0,0.0,1.0,1.0,1.0,1.5,1.5,1.5,1.5,1.5,1.5,1.5,1.5,1.5,1.5,1.5,1.5,1.5,1.5,0.0,0.0,0.0,0.0,0.0,0.0,0.0,0.0,0.0,0.0,0.0,0.0,0.0,0.0,0.0,0.0,0.0,0.0,0.0,0.0,0.0,0.0,0.0,0.0,0.0,0.0,0.0,0.0,0.0
-0.1,0.0,0.0,0.3,-0.2,0.0,-0.1,0.0,0.0,0.3,-0.2,0.0,0.0,0.0,0.0,-0.1963141369965651,0.08133818020831321,-0.3050177429428168,-0.41350012035503125,-1.97202,-0.03020899777776505,-0.07280831990065026,-0.20151130468837158,-0.0102915025201082,0.25788913821385284,-0.008571401598156433,1.97202,0.611123703196102,0.8405182011557703,0.0,0.0,0.0,0.0,0.0,0.0,0.0,0.0,0.0,0.0,0.0,0.0,0.0,0.0,0.0,0.6048938297457208,0.6464406011490086,1.1922953961449698,-0.6301879819944567,0.0,2.3208329303764486,-1.9009012395384464,-0.5387713096988566,-1.1627904322932634,-0.9863471745594834,-0.5195125789318631,0.0,-3.7475145575638718,-0.40396373251433415,0.0,0.0,0.0,0.0,0.0,0.0,0.0,0.0,0.0,0.0,0.0,0.0,40.0,40.0,40.0,60.0,60.0,60.0,60.0,60.0,60.0,60.0,60.0,60.0,60.0,60.0,60.0,60.0,60.0,0.0,0.0,0.0,0.0,0.0,0.0,0.0,0.0,0.0,0.0,0.0,0.0,1.0,1.0,1.0,1.5,1.5,1.5,1.5,1.5,1.5,1.5,1.5,1.5,1.5,1.5,1.5,1.5,1.5,0.0,0.0,0.0,0.0,0.0,0.0,0.0,0.0,0.0,0.0,0.0,0.0,0.0,0.0,0.0,0.0,0.0,0.0,0.0,0.0,0.0,0.0,0.0,0.0,0.0,0.0,0.0,0.0,0.0
-0.1,0.0,0.0,0.3,-0.2,0.0,-0.1,0.0,0.0,0.3,-0.2,0.0,0.0,0.0,0.0,-0.16962425153886715,0.10022012076686834,-0.26912163686577,-0.44768973630336384,-1.97202,0.04844604164556367,-0.14460932195850026,-0.22256625310111344,-0.04442953681128151,0.22433665044955997,-0.009879078763712657,1.97202,0.4830669456027745,0.8063710281671655,0.0,0.0,0.0,0.0,0.0,0.0,0.0,0.0,0.0,0.0,0.0,0.0,0.0,0.0,0.0,1.129989962499242,0.3327661268145751,1.5876263256148833,0.11533526516935566,0.0,5.241911264712378,0.1558990646225708,-1.3251063708975095,-1.3229098776369277,0.2829250184577317,-2.1792766320206245,0.0,-9.354040845647289,-3.0352103741240506,0.0,0.0,0.0,0.0,0.0,0.0,0.0,0.0,0.0,0.0,0.0,0.0,40.0,40.0,40.0,60.0,60.0,60.0,60.0,60.0,60.0,60.0,60.0,60.0,60.0,60.0,60.0,60.0,60.0,0.0,0.0,0.0,0.0,0.0,0.0,0.0,0.0,0.0,0.0,0.0,0.0,1.0,1.0,1.0,1.5,1.5,1.5,1.5,1.5,1.5,1.5,1.5,1.5,1.5,1.5,1.5,1.5,1.5,0.0,0.0,0.0,0.0,0.0,0.0,0.0,0.0,0.0,0.0,0.0,0.0,0.0,0.0,0.0,0.0,0.0,0.0,0.0,0.0,0.0,0.0,0.0,0.0,0.0,0.0,0.0,0.0,0.0
-0.1,0.0,0.0,0.3,-0.2,0.0,-0.1,0.0,0.0,0.3,-0.2,0.0,0.0,0.0,0.0,-0.15111453849659542,0.09464882528089621,-0.24151268991822147,-0.408886709748257,-1.97202,0.17946745281073007,-0.06657235731574743,-0.25451555952427196,-0.0632078976255853,0.2692061389521621,-0.09574246687898141,1.97202,0.23696206937021044,0.7191097861908082,0.0,0.0,0.0,0.0,0.0,0.0,0.0,0.0,0.0,0.0,0.0,0.0,0.0,0.0,0.0,0.2025703240817564,-0.46856512167674397,1.4505570086732644,1.1816386529878555,0.0,3.6233120259998017,3.4375927446129944,-1.2505342601315985,-1.3529041609478483,2.854328467903522,-4.08517936714383,0.0,-8.838806110298554,-1.8243589187234899,0.0,0.0,0.0,0.0,0.0,0.0,0.0,0.0,0.0,0.0,0.0,0.0,40.0,40.0,40.0,60.0,60.0,60.0,60.0,60.0,60.0,60.0,60.0,60.0,60.0,60.0,60.0,60.0,60.0,0.0,0.0,0.0,0.0,0.0,0.0,0.0,0.0,0.0,0.0,0.0,0.0,1.0,1.0,1.0,1.5,1.5,1.5,1.5,1.5,1.5,1.5,1.5,1.5,1.5,1.5,1.5,1.5,1.5,0.0,0.0,0.0,0.0,0.0,0.0,0.0,0.0,0.0,0.0,0.0,0.0,0.0,0.0,0.0,0.0,0.0,0.0,0.0,0.0,0.0,0.0,0.0,0.0,0.0,0.0,0.0,0.0,0.0
-0.1,0.0,0.0,0.3,-0.2,0.0,-0.1,0.0,0.0,0.3,-0.2,0.0,0.0,0.0,0.0,-0.1615214385755969,0.08147751589979858,-0.21109935651883943,-0.4004241901838496,-1.97202,0.19337852268555575,-0.0071056121739804905,-0.2725876235063774,-0.09854570324919544,0.33850978916570085,-0.17328625344946585,1.97202,0.12951470119083236,0.733396671418226,0.0,0.0,0.0,0.0,0.0,0.0,0.0,0.0,0.0,0.0,0.0,0.0,0.0,0.0,0.0,0.3360706951730699,0.2505319389127427,1.8698848628541174,1.0962360880676314,0.0,-0.29557558726948235,3.3063396639919724,-0.870009834127447,-1.535881797644846,2.1690820400951676,-3.9989282139473015,0.0,-7.975340277529834,2.6249183624655643,0.0,0.0,0.0,0.0,0.0,0.0,0.0,0.0,0.0,0.0,0.0,0.0,40.0,40.0,40.0,60.0,60.0,60.0,60.0,60.0,60.0,60.0,60.0,60.0,60.0,60.0,60.0,60.0,60.0,0.0,0.0,0.0,0.0,0.0,0.0,0.0,0.0,0.0,0.0,0.0,0.0,1.0,1.0,1.0,1.5,1.5,1.5,1.5,1.5,1.5,1.5,1.5,1.5,1.5,1.5,1.5,1.5,1.5,0.0,0.0,0.0,0.0,0.0,0.0,0.0,0.0,0.0,0.0,0.0,0.0,0.0,0.0,0.0,0.0,0.0,0.0,0.0,0.0,0.0,0.0,0.0,0.0,0.0,0.0,0.0,0.0,0.0
-0.1,0.0,0.0,0.3,-0.2,0.0,-0.1,0.0,0.0,0.3,-0.2,0.0,0.0,0.0,0.0,-0.13767171068967263,0.10467010283740592,-0.16671729540405678,-0.36503726622555177,-1.97202,0.16764442931995077,0.06568122924393147,-0.28931595288936984,-0.12464316953137915,0.3559694205559688,-0.2556995954368735,1.97202,-0.08205154173098293,0.8241065206894308,0.0,0.0,0.0,0.0,0.0,0.0,0.0,0.0,0.0,0.0,0.0,0.0,0.0,0.0,0.0,0.048660850167280695,0.5230801096866026,0.8932236940386439,0.06564348903187328,0.0,-2.737857664866865,1.2934902012055107,-0.44713878503213067,-1.640542940740085,2.5639230217345292,-2.3498684707366477,0.0,-9.31912262440787,4.721785775467463,0.0,0.0,0.0,0.0,0.0,0.0,0.0,0.0,0.0,0.0,0.0,0.0,40.0,40.0,40.0,60.0,60.0,60.0,60.0,60.0,60.0,60.0,60.0,60.0,60.0,60.0,60.0,60.0,60.0,0.0,0.0,0.0,0.0,0.0,0.0,0.0,0.0,0.0,0.0,0.0,0.0,1.0,1.0,1.0,1.5,1.5,1.5,1.5,1.5,1.5,1.5,1.5,1.5,1.5,1.5,1.5,1.5,1.5,0.0,0.0,0.0,0.0,0.0,0.0,0.0,0.0,0.0,0.0,0.0,0.0,0.0,0.0,0.0,0.0,0.0,0.0,0.0,0.0,0.0,0.0,0.0,0.0,0.0,0.0,0.0,0.0,0.0
-0.1,0.0,0.0,0.3,-0.2,0.0,-0.1,0.0,0.0,0.3,-0.2,0.0,0.0,0.0,0.0,-0.15957500456890567,0.10240072028726269,-0.17537040875729368,-0.3977984506225747,-1.97202,0.08386421609088114,0.04463399587423994,-0.2904731749076626,-0.16416742087879885,0.441066710035082,-0.26728099227893176,1.97202,-0.2432502037854824,0.9222681024369245,0.0,0.0,0.0,0.0,0.0,0.0,0.0,0.0,0.0,0.0,0.0,0.0,0.0,0.0,0.0,-0.5892381036525958,-0.023050124348464318,-1.128940951214815,-1.0030620345987242,0.0,-3.119904987025979,0.33618623531809394,-0.7492061515212824,-1.6594672248509352,3.829969176303269,-0.21776633522070654,0.0,-7.8011288020533325,3.8710986064176054,0.0,0.0,0.0,0.0,0.0,0.0,0.0,0.0,0.0,0.0,0.0,0.0,40.0,40.0,40.0,60.0,60.0,60.0,60.0,60.0,60.0,60.0,60.0,60.0,60.0,60.0,60.0,60.0,60.0,0.0,0.0,0.0,0.0,0.0,0.0,0.0,0.0,0.0,0.0,0.0,0.0,1.0,1.0,1.0,1.5,1.5,1.5,1.5,1.5,1.5,1.5,1.5,1.5,1.5,1.5,1.5,1.5,1.5,0.0,0.0,0.0,0.0,0.0,0.0,0.0,0.0,0.0,0.0,0.0,0.0,0.0,0.0,0.0,0.0,0.0,0.0,0.0,0.0,0.0,0.0,0.0,0.0,0.0,0.0,0.0,0.0,0.0
-0.1,0.0,0.0,0.3,-0.2,0.0,-0.1,0.0,0.0,0.3,-0.2,0.0,0.0,0.0,0.0,-0.16124123483577646,0.10374809786346735,-0.21187493345264938,-0.40515974760950074,-1.97202,0.0428482298389116,0.07912867865665522,-0.31928419895022114,-0.19102185852541656,0.5091681876080996,-0.26441024884570175,1.97202,-0.39409669381311624,0.978950464946135,0.0,0.0,0.0,0.0,0.0,0.0,0.0,0.0,0.0,0.0,0.0,0.0,0.0,0.0,0.0,-0.3399113448506956,0.009276034232275077,-1.3926620084364654,-0.38690027778874314,0.0,-2.146426192432636,1.6199203590548037,-1.090576034039309,-0.9955050562255152,3.326189333946916,-0.0040108885513950865,0.0,-6.753389590302232,3.1005530866128144,0.0,0.0,0.0,0.0,0.0,0.0,0.0,0.0,0.0,0.0,0.0,0.0,40.0,40.0,40.0,60.0,60.0,60.0,60.0,60.0,60.0,60.0,60.0,60.0,60.0,60.0,60.0,60.0,60.0,0.0,0.0,0.0,0.0,0.0,0.0,0.0,0.0,0.0,0.0,0.0,0.0,1.0,1.0,1.0,1.5,1.5,1.5,1.5,1.5,1.5,1.5,1.5,1.5,1.5,1.5,1.5,1.5,1.5,0.0,0.0,0.0,0.0,0.0,0.0,0.0,0.0,0.0,0.0,0.0,0.0,0.0,0.0,0.0,0.0,0.0,0.0,0.0,0.0,0.0,0.0,0.0,0.0,0.0,0.0,0.0,0.0,0.0
-0.1,0.0,0.0,0.3,-0.2,0.0,-0.1,0.0,0.0,0.3,-0.2,0.0,0.0,0.0,0.0,-0.1731714583629335,0.10277176165655369,-0.2310768890947523,-0.4132744617341244,-1.97202,-0.001992831606424304,0.10943081023643209,-0.33409621626923497,-0.20398762312781946,0.5741142833929587,-0.26744142782098757,1.97202,-0.5133857873975717,1.046290225901437,0.0,0.0,0.0,0.0,0.0,0.0,0.0,0.0,0.0,0.0,0.0,0.0,0.0,0.0,0.0,-0.3888366719039679,0.0164489027903527,-0.9388886055027919,-0.2777978343017462,0.0,-1.5725760468924896,0.6594878317051547,-0.8792442889520177,-0.5486433033542681,2.9274304785588483,-0.02116211295320053,0.0,-5.874565379037107,2.8336321213047384,0.0,0.0,0.0,0.0,0.0,0.0,0.0,0.0,0.0,0.0,0.0,0.0,40.0,40.0,40.0,60.0,60.0,60.0,60.0,60.0,60.0,60.0,60.0,60.0,60.0,60.0,60.0,60.0,60.0,0.0,0.0,0.0,0.0,0.0,0.0,0.0,0.0,0.0,0.0,0.0,0.0,1.0,1.0,1.0,1.5,1.5,1.5,1.5,1.5,1.5,1.5,1.5,1.5,1.5,1.5,1.5,1.5,1.5,0.0,0.0,0.0,0.0,0.0,0.0,0.0,0.0,0.0,0.0,0.0,0.0,0.0,0.0,0.0,0.0,0.0,0.0,0.0,0.0,0.0,0.0,0.0,0.0,0.0,0.0,0.0,0.0,0.0
-0.1,0.0,0.0,0.3,-0.2,0.0,-0.1,0.0,0.0,0.3,-0.2,0.0,0.0,0.0,0.0,-0.17679470171193518,0.10440605397508146,-0.24943047767276105,-0.4162716609815706,-1.97202,-0.020054812036787984,0.10550819192486141,-0.35445397050830185,-0.21296759065958729,0.6262654067504535,-0.26525673336382977,1.97202,-0.6290793089746005,1.0922957497983246,0.0,0.0,0.0,0.0,0.0,0.0,0.0,0.0,0.0,0.0,0.0,0.0,0.0,0.0,0.0,-0.3413748905018089,0.05390735977690124,-0.6592271154447209,-0.16980081289822146,0.0,-1.605002220956794,-0.2080840388894358,-0.715316570955253,-0.6262664714737749,2.7455212987790496,0.5771617763066499,0.0,-6.086431054612304,2.7164979634396844,0.0,0.0,0.0,0.0,0.0,0.0,0.0,0.0,0.0,0.0,0.0,0.0,40.0,40.0,40.0,60.0,60.0,60.0,60.0,60.0,60.0,60.0,60.0,60.0,60.0,60.0,60.0,60.0,60.0,0.0,0.0,0.0,0.0,0.0,0.0,0.0,0.0,0.0,0.0,0.0,0.0,1.0,1.0,1.0,1.5,1.5,1.5,1.5,1.5,1.5,1.5,1.5,1.5,1.5,1.5,1.5,1.5,1.5,0.0,0.0,0.0,0.0,0.0,0.0,0.0,0.0,0.0,0.0,0.0,0.0,0.0,0.0,0.0,0.0,0.0,0.0,0.0,0.0,0.0,0.0,0.0,0.0,0.0,0.0,0.0,0.0,0.0
-0.1,0.0,0.0,0.3,-0.2,0.0,-0.1,0.0,0.0,0.3,-0.2,0.0,0.0,0.0,0.0,-0.18682645398300585,0.10492805604762974,-0.25744597371254113,-0.42006649425005327,-1.97202,-0.06619292044469606,0.10110744868085465,-0.3627088791074451,-0.22903828198677045,0.6839351353441206,-0.24435495676872157,1.97202,-0.7568430295820638,1.1549501444390244,0.0,0.0,0.0,0.0,0.0,0.0,0.0,0.0,0.0,0.0,0.0,0.0,0.0,0.0,0.0,-0.12752064545737754,0.13092014291163565,-0.7738328227714669,-0.3112996723998035,0.0,-2.0503737019944572,0.13836313162938102,-0.9178306090681806,-0.46145099973420867,2.8836890786459235,0.9883720235162395,0.0,-6.484008809579455,2.1691647872006503,0.0,0.0,0.0,0.0,0.0,0.0,0.0,0.0,0.0,0.0,0.0,0.0,40.0,40.0,40.0,60.0,60.0,60.0,60.0,60.0,60.0,60.0,60.0,60.0,60.0,60.0,60.0,60.0,60.0,0.0,0.0,0.0,0.0,0.0,0.0,0.0,0.0,0.0,0.0,0.0,0.0,1.0,1.0,1.0,1.5,1.5,1.5,1.5,1.5,1.5,1.5,1.5,1.5,1.5,1.5,1.5,1.5,1.5,0.0,0.0,0.0,0.0,0.0,0.0,0.0,0.0,0.0,0.0,0.0,0.0,0.0,0.0,0.0,0.0,0.0,0.0,0.0,0.0,0.0,0.0,0.0,0.0,0.0,0.0,0.0,0.0,0.0
-0.1,0.0,0.0,0.3,-0.2,0.0,-0.1,0.0,0.0,0.3,-0.2,0.0,0.0,0.0,0.0,-0.18189552753023028,0.10964285969154688,-0.28038379058361973,-0.42872364787756273,-1.97202,-0.10206976011656628,0.11104271719003665,-0.3911671948710291,-0.23142563064895563,0.7416129698962904,-0.22572185242318019,1.97202,-0.8884396613577787,1.1790623412863506,0.0,0.0,0.0,0.0,0.0,0.0,0.0,0.0,0.0,0.0,0.0,0.0,0.0,0.0,0.0,-0.021101048965521674,0.26665360426223955,-0.6543689775813044,-0.46711130362336734,0.0,-2.100581781359109,-0.1143894645237245,-0.7952405199564652,-0.4653976313842213,2.614757034647097,1.0354808034755483,0.0,-6.537438274533258,1.3799110486557298,0.0,0.0,0.0,0.0,0.0,0.0,0.0,0.0,0.0,0.0,0.0,0.0,40.0,40.0,40.0,60.0,60.0,60.0,60.0,60.0,60.0,60.0,60.0,60.0,60.0,60.0,60.0,60.0,60.0,0.0,0.0,0.0,0.0,0.0,0.0,0.0,0.0,0.0,0.0,0.0,0.0,1.0,1.0,1.0,1.5,1.5,1.5,1.5,1.5,1.5,1.5,1.5,1.5,1.5,1.5,1.5,1.5,1.5,0.0,0.0,0.0,0.0,0.0,0.0,0.0,0.0,0.0,0.0,0.0,0.0,0.0,0.0,0.0,0.0,0.0,0.0,0.0,0.0,0.0,0.0,0.0,0.0,0.0,0.0,0.0,0.0,0.0
-0.1,0.0,0.0,0.3,-0.2,0.0,-0.1,0.0,0.0,0.3,-0.2,0.0,0.0,0.0,0.0,-0.1876704959416267,0.11559420021811932,-0.2836207328157933,-0.43875094639498796,-1.97202,-0.15021619169906042,0.09653187009990567,-0.3945184999057037,-0.2476541872421393,0.7885254167300045,-0.20293572462969964,1.97202,-1.0183405605633942,1.2101465863852536,0.0,0.0,0.0,0.0,0.0,0.0,0.0,0.0,0.0,0.0,0.0,0.0,0.0,0.0,0.0,-0.000192709742301983,0.42760689848867495,-0.3625837153736919,-0.5520230665187836,0.0,-1.8149604040427247,-0.7697975621999797,-0.37942712729698846,-0.5206339849800519,1.9071272461923998,0.9797369826075132,0.0,-4.938097719759887,0.11481589316703622,0.0,0.0,0.0,0.0,0.0,0.0,0.0,0.0,0.0,0.0,0.0,0.0,40.0,40.0,40.0,60.0,60.0,60.0,60.0,60.0,60.0,60.0,60.0,60.0,60.0,60.0,60.0,60.0,60.0,0.0,0.0,0.0,0.0,0.0,0.0,0.0,0.0,0.0,0.0,0.0,0.0,1.0,1.0,1.0,1.5,1.5,1.5,1.5,1.5,1.5,1.5,1.5,1.5,1.5,1.5,1.5,1.5,1.5,0.0,0.0,0.0,0.0,0.0,0.0,0.0,0.0,0.0,0.0,0.0,0.0,0.0,0.0,0.0,0.0,0.0,0.0,0.0,0.0,0.0,0.0,0.0,0.0,0.0,0.0,0.0,0.0,0.0
-0.1,0.0,0.0,0.3,-0.2,0.0,-0.1,0.0,0.0,0.3,-0.2,0.0,0.0,0.0,0.0,-0.18190323591992236,0.12674713563109388,-0.2948871391985674,-0.4508045705383141,-1.97202,-0.17466817627827527,0.08025081470203746,-0.4063442799629086,-0.2522509900481577,0.8178980597439864,-0.18653237311887966,1.97202,-1.0859635701481742,1.183654977013032,0.0,0.0,0.0,0.0,0.0,0.0,0.0,0.0,0.0,0.0,0.0,0.0,0.0,0.0,0.0,0.2707249769710755,0.5015799810254736,-0.34284893520071386,-0.44861595480391175,0.0,-0.816801187729782,-0.7718612204301863,-0.4001755422782083,-0.4282146594130183,1.1164783659774162,0.4708804821248455,0.0,-2.245613112617811,-1.8226821740740806,0.0,0.0,0.0,0.0,0.0,0.0,0.0,0.0,0.0,0.0,0.0,0.0,40.0,40.0,40.0,60.0,60.0,60.0,60.0,60.0,60.0,60.0,60.0,60.0,60.0,60.0,60.0,60.0,60.0,0.0,0.0,0.0,0.0,0.0,0.0,0.0,0.0,0.0,0.0,0.0,0.0,1.0,1.0,1.0,1.5,1.5,1.5,1.5,1.5,1.5,1.5,1.5,1.5,1.5,1.5,1.5,1.5,1.5,0.0,0.0,0.0,0.0,0.0,0.0,0.0,0.0,0.0,0.0,0.0,0.0,0.0,0.0,0.0,0.0,0.0,0.0,0.0,0.0,0.0,0.0,0.0,0.0,0.0,0.0,0.0,0.0,0.0
-0.1,0.0,0.0,0.3,-0.2,0.0,-0.1,0.0,0.0,0.3,-0.2,0.0,0.0,0.0,0.0,-0.1768414968627837,0.13565739945913827,-0.29733469022382186,-0.45669558458714443,-1.97202,-0.1828882392082517,0.06565742128269822,-0.41052552159683203,-0.26478277361866004,0.8331845513691012,-0.18410050534470582,1.97202,-1.1081650850681066,1.1372392994222904,0.0,0.0,0.0,0.0,0.0,0.0,0.0,0.0,0.0,0.0,0.0,0.0,0.0,0.0,0.0,-0.20834108413922345,-0.32946008281271033,-1.0801506641781435,0.30943933497596526,0.0,0.11182189448665156,1.040307412361318,0.013391968581616398,0.6535423262121989,1.1426152924952526,-0.002402635614020404,0.0,2.5949621270016903,-2.291318000954484,0.0,0.0,0.0,0.0,0.0,0.0,0.0,0.0,0.0,0.0,0.0,0.0,40.0,40.0,40.0,60.0,60.0,60.0,60.0,60.0,60.0,60.0,60.0,60.0,60.0,60.0,60.0,60.0,60.0,0.0,0.0,0.0,0.0,0.0,0.0,0.0,0.0,0.0,0.0,0.0,0.0,1.0,1.0,1.0,1.5,1.5,1.5,1.5,1.5,1.5,1.5,1.5,1.5,1.5,1.5,1.5,1.5,1.5,0.0,0.0,0.0,0.0,0.0,0.0,0.0,0.0,0.0,0.0,0.0,0.0,0.0,0.0,0.0,0.0,0.0,0.0,0.0,0.0,0.0,0.0,0.0,0.0,0.0,0.0,0.0,0.0,0.0
-0.1,0.0,0.0,0.3,-0.2,0.0,-0.1,0.0,0.0,0.3,-0.2,0.0,0.0,0.0,0.0,-0.1902368792854913,0.11356873231858547,-0.33809316576569315,-0.43842699713927547,-1.97202,-0.1701953004988092,0.12186311119649018,-0.40580860121964396,-0.22610929699966975,0.8636026714437965,-0.18662847854344047,1.97202,-0.9821650850681066,1.0920022569748526,0.0,0.0,0.0,0.0,0.0,0.0,0.0,0.0,0.0,0.0,0.0,0.0,0.0,0.0,0.0,0.07673182631367376,0.030311717965320062,0.02174765408251428,0.1409244681802535,0.0,0.2800581686695877,1.86067530542091,0.5264262962811933,0.12464958268051524,-1.9990447844661834,-1.5146844325717501,0.0,7.812300542296335,-5.258174914825464,0.0,0.0,0.0,0.0,0.0,0.0,0.0,0.0,0.0,0.0,0.0,0.0,40.0,40.0,40.0,60.0,60.0,60.0,60.0,60.0,60.0,60.0,60.0,60.0,60.0,60.0,60.0,60.0,60.0,0.0,0.0,0.0,0.0,0.0,0.0,0.0,0.0,0.0,0.0,0.0,0.0,1.0,1.0,1.0,1.5,1.5,1.5,1.5,1.5,1.5,1.5,1.5,1.5,1.5,1.5,1.5,1.5,1.5,0.0,0.0,0.0,0.0,0.0,0.0,0.0,0.0,0.0,0.0,0.0,0.0,0.0,0.0,0.0,0.0,0.0,0.0,0.0,0.0,0.0,0.0,0.0,0.0,0.0,0.0,0.0,0.0,0.0
-0.1,0.0,0.0,0.3,-0.2,0.0,-0.1,0.0,0.0,0.3,-0.2,0.0,0.0,0.0,0.0,-0.17377222381023674,0.13686986817775107,-0.2964647840605213,-0.4510586058599343,-1.97202,-0.1716859124614682,0.14008443349953462,-0.3894684697455843,-0.25979679031143943,0.7532227599904538,-0.24468788264757582,1.97202,-0.7956730633762532,0.9269123028292718,0.0,0.0,0.0,0.0,0.0,0.0,0.0,0.0,0.0,0.0,0.0,0.0,0.0,0.0,0.0,-0.6258545446091106,0.23231663395866206,0.6868525803043798,-0.883253776448234,0.0,-1.340157768869154,0.8326555730833012,2.1412043194343604,-0.12551082471608035,-2.8787968521639726,-1.6314547949504383,0.0,7.812300542296346,-5.186896574717586,0.0,0.0,0.0,0.0,0.0,0.0,0.0,0.0,0.0,0.0,0.0,0.0,40.0,40.0,40.0,60.0,60.0,60.0,60.0,60.0,60.0,60.0,60.0,60.0,60.0,60.0,60.0,60.0,60.0,0.0,0.0,0.0,0.0,0.0,0.0,0.0,0.0,0.0,0.0,0.0,0.0,1.0,1.0,1.0,1.5,1.5,1.5,1.5,1.5,1.5,1.5,1.5,1.5,1.5,1.5,1.5,1.5,1.5,0.0,0.0,0.0,0.0,0.0,0.0,0.0,0.0,0.0,0.0,0.0,0.0,0.0,0.0,0.0,0.0,0.0,0.0,0.0,0.0,0.0,0.0,0.0,0.0,0.0,0.0,0.0,0.0,0.0
-0.1,0.0,0.0,0.3,-0.2,0.0,-0.1,0.0,0.0,0.3,-0.2,0.0,0.0,0.0,0.0,-0.21527106106985572,0.12286139767693195,-0.31061906255351796,-0.4737571481972048,-1.97202,-0.22380161125357537,0.15516933411982223,-0.32016042844226955,-0.23112972998831297,0.7484507973572376,-0.251886670341458,1.97202,-0.6696730633762528,0.8845263939861492,0.0,0.0,0.0,0.0,0.0,0.0,0.0,0.0,0.0,0.0,0.0,0.0,0.0,0.0,0.0,-0.11477759629258052,0.11570007346865738,-0.443970889082132,-0.25321694601597444,0.0,-0.5772311447867495,0.6923410052401137,1.317962318801562,0.7209290952058016,-2.775311532905131,-1.587157062873367,0.0,5.750640237007351,-4.745048935756949,0.0,0.0,0.0,0.0,0.0,0.0,0.0,0.0,0.0,0.0,0.0,0.0,40.0,40.0,40.0,60.0,60.0,60.0,60.0,60.0,60.0,60.0,60.0,60.0,60.0,60.0,60.0,60.0,60.0,0.0,0.0,0.0,0.0,0.0,0.0,0.0,0.0,0.0,0.0,0.0,0.0,1.0,1.0,1.0,1.5,1.5,1.5,1.5,1.5,1.5,1.5,1.5,1.5,1.5,1.5,1.5,1.5,1.5,0.0,0.0,0.0,0.0,0.0,0.0,0.0,0.0,0.0,0.0,0.0,0.0,0.0,0.0,0.0,0.0,0.0,0.0,0.0,0.0,0.0,0.0,0.0,0.0,0.0,0.0,0.0,0.0,0.0
-0.1,0.0,0.0,0.3,-0.2,0.0,-0.1,0.0,0.0,0.3,-0.2,0.0,0.0,0.0,0.0,-0.17836332766193996,0.14149787111649736,-0.31422361962380657,-0.46118728370057327,-1.97202,-0.19477515825293817,0.16777807370913916,-0.3367499769935218,-0.23095962650320737,0.6422102986742486,-0.3081741651625105,1.97202,-0.5656474538959592,0.7371103453989939,0.0,0.0,0.0,0.0,0.0,0.0,0.0,0.0,0.0,0.0,0.0,0.0,0.0,0.0,0.0,1.7949391594504205,0.4813258534127552,-0.10428665310177054,0.18409695516025532,0.0,2.4541893732733593,0.6131318666147307,-0.9694344946677785,0.2251510098490693,-3.7288429429325864,-1.8345063701486501,0.0,2.462350248814654,-6.554643379066749,0.0,0.0,0.0,0.0,0.0,0.0,0.0,0.0,0.0,0.0,0.0,0.0,40.0,40.0,40.0,60.0,60.0,60.0,60.0,60.0,60.0,60.0,60.0,60.0,60.0,60.0,60.0,60.0,60.0,0.0,0.0,0.0,0.0,0.0,0.0,0.0,0.0,0.0,0.0,0.0,0.0,1.0,1.0,1.0,1.5,1.5,1.5,1.5,1.5,1.5,1.5,1.5,1.5,1.5,1.5,1.5,1.5,1.5,0.0,0.0,0.0,0.0,0.0,0.0,0.0,0.0,0.0,0.0,0.0,0.0,0.0,0.0,0.0,0.0,0.0,0.0,0.0,0.0,0.0,0.0,0.0,0.0,0.0,0.0,0.0,0.0,0.0
-0.1,0.0,0.0,0.3,-0.2,0.0,-0.1,0.0,0.0,0.3,-0.2,0.0,0.0,0.0,0.0,-0.1434734946918389,0.14211443181344216,-0.3147905286775888,-0.4663932699907946,-1.97202,-0.125634036322641,0.17969460878441146,-0.3589378082289807,-0.2221236895943502,0.5992970796399342,-0.325266925147404,1.97202,-0.5711790534236666,0.6223406588234792,0.0,0.0,0.0,0.0,0.0,0.0,0.0,0.0,0.0,0.0,0.0,0.0,0.0,0.0,0.0,1.158877622441015,0.1150206446880131,0.7639453349025146,-0.23173500440153982,0.0,2.575468762106112,0.056514011435780664,-0.474896311985655,-0.1543193684104216,-1.6203808843060301,-0.7629222463016283,0.0,-0.5922401465963373,-4.096166412067931,0.0,0.0,0.0,0.0,0.0,0.0,0.0,0.0,0.0,0.0,0.0,0.0,40.0,40.0,40.0,60.0,60.0,60.0,60.0,60.0,60.0,60.0,60.0,60.0,60.0,60.0,60.0,60.0,60.0,0.0,0.0,0.0,0.0,0.0,0.0,0.0,0.0,0.0,0.0,0.0,0.0,1.0,1.0,1.0,1.5,1.5,1.5,1.5,1.5,1.5,1.5,1.5,1.5,1.5,1.5,1.5,1.5,1.5,0.0,0.0,0.0,0.0,0.0,0.0,0.0,0.0,0.0,0.0,0.0,0.0,0.0,0.0,0.0,0.0,0.0,0.0,0.0,0.0,0.0,0.0,0.0,0.0,0.0,0.0,0.0,0.0,0.0
-0.1,0.0,0.0,0.3,-0.2,0.0,-0.1,0.0,0.0,0.3,-0.2,0.0,0.0,0.0,0.0,-0.13200822276429935,0.1460986969040179,-0.283665806227706,-0.47045668387663486,-1.97202,-0.09175640776869369,0.1700386341665704,-0.355745829472948,-0.23713240123962423,0.5773950633020074,-0.33869105501457564,1.97202,-0.5893370597598127,0.5732636889162767,0.0,0.0,0.0,0.0,0.0,0.0,0.0,0.0,0.0,0.0,0.0,0.0,0.0,0.0,0.0,-0.15510737867094476,-0.0930675346534647,0.6326112663599864,0.2106830704944357,0.27189696469354097,-0.014728113752123656,0.6257593589897054,0.3374914899617179,-0.03915744362418053,0.024246472348021797,-0.8059269474638531,0.0,-0.15954268457454568,-1.269565327993885,0.0,0.0,0.0,0.0,0.0,0.0,0.0,0.0,0.0,0.0,0.0,0.0,40.0,40.0,40.0,60.0,60.0,60.0,60.0,60.0,60.0,60.0,60.0,60.0,60.0,60.0,60.0,60.0,60.0,0.0,0.0,0.0,0.0,0.0,0.0,0.0,0.0,0.0,0.0,0.0,0.0,1.0,1.0,1.0,1.5,1.5,1.5,1.5,1.5,1.5,1.5,1.5,1.5,1.5,1.5,1.5,1.5,1.5,0.0,0.0,0.0,0.0,0.0,0.0,0.0,0.0,0.0,0.0,0.0,0.0,0.0,0.0,0.0,0.0,0.0,0.0,0.0,0.0,0.0,0.0,0.0,0.0,0.0,0.0,0.0,0.0,0.0
-0.1,0.0,0.0,0.3,-0.2,0.0,-0.1,0.0,0.0,0.3,-0.2,0.0,0.0,0.0,0.0,-0.1496777898386767,0.13839173042730357,-0.2894860780231893,-0.4579659471710172,-1.9611441214122585,-0.12622316087272595,0.20472498314399967,-0.345438148630512,-0.22368998733931741,0.600266938533855,-0.35750400304595814,1.97202,-0.5775607608066484,0.5715580457037238,0.0,0.0,0.0,0.0,0.0,0.0,0.0,0.0,0.0,0.0,0.0,0.0,0.0,0.0,0.0,-0.613633728612449,-0.09034861303532926,-0.44313782057972956,0.15759056784022119,1.291303787965209,-1.7717537987100085,1.3850384181911457,0.4037641013022522,0.3703440942808403,0.6316948159718838,-0.582088136275874,0.0,0.45660439563241784,0.09613297441844748,0.0,0.0,0.0,0.0,0.0,0.0,0.0,0.0,0.0,0.0,0.0,0.0,40.0,40.0,40.0,60.0,60.0,60.0,60.0,60.0,60.0,60.0,60.0,60.0,60.0,60.0,60.0,60.0,60.0,0.0,0.0,0.0,0.0,0.0,0.0,0.0,0.0,0.0,0.0,0.0,0.0,1.0,1.0,1.0,1.5,1.5,1.5,1.5,1.5,1.5,1.5,1.5,1.5,1.5,1.5,1.5,1.5,1.5,0.0,0.0,0.0,0.0,0.0,0.0,0.0,0.0,0.0,0.0,0.0,0.0,0.0,0.0,0.0,0.0,0.0,0.0,0.0,0.0,0.0,0.0,0.0,0.0,0.0,0.0,0.0,0.0,0.0
-0.1,0.0,0.0,0.3,-0.2,0.0,-0.1,0.0,0.0,0.3,-0.2,0.0,0.0,0.0,0.0,-0.15655357190879732,0.14248475238260472,-0.30139131905089517,-0.464153061163026,-1.9203678484813917,-0.16262655971709403,0.22544017089421622,-0.33959526542085794,-0.22231863746839062,0.6026628559408828,-0.3619745804656106,1.97202,-0.5710728839345159,0.5771090078930146,0.0,0.0,0.0,0.0,0.0,0.0,0.0,0.0,0.0,0.0,0.0,0.0,0.0,0.0,0.0,-0.6889456213079126,-0.27134797580918923,-1.54507004223762,-1.5765652133911054,1.019406823271668,-0.910084971109202,0.5178796937554138,0.5157187306941452,1.5334054975430043,1.2622083090486402,0.9984015793389297,0.0,0.16219692180331202,0.13877405473226856,0.0,0.0,0.0,0.0,0.0,0.0,0.0,0.0,0.0,0.0,0.0,0.0,40.0,40.0,40.0,60.0,60.0,60.0,60.0,60.0,60.0,60.0,60.0,60.0,60.0,60.0,60.0,60.0,60.0,0.0,0.0,0.0,0.0,0.0,0.0,0.0,0.0,0.0,0.0,0.0,0.0,1.0,1.0,1.0,1.5,1.5,1.5,1.5,1.5,1.5,1.5,1.5,1.5,1.5,1.5,1.5,1.5,1.5,0.0,0.0,0.0,0.0,0.0,0.0,0.0,0.0,0.0,0.0,0.0,0.0,0.0,0.0,0.0,0.0,0.0,0.0,0.0,0.0,0.0,0.0,0.0,0.0,0.0,0.0,0.0,0.0,0.0
-0.1,0.0,0.0,0.3,-0.2,0.0,-0.1,0.0,0.0,0.3,-0.2,0.0,0.0,0.0,0.0,-0.1772356146909932,0.127537811394936,-0.3512888797126941,-0.5210285557066614,-1.9203678484813917,-0.16262655971709403,0.22544017089421622,-0.32480939940274617,-0.16235376743759725,0.6507552708958007,-0.31756793987240095,1.97202,-0.5710728839345159,0.5771090078930146,0.0,0.0,0.0,0.0,0.0,0.0,0.0,0.0,0.0,0.0,0.0,0.0,0.0,0.0,0.0,-0.5559521827512799,-0.09820013516407267,-0.8199110531280474,-0.5045550741720153,-0.9093137917776384,-0.020421440474878427,0.12974159018074097,0.08967016445777382,-0.4689929197087869,0.7856762358864983,0.8527121092606573,0.0,1.3057842445099526,1.1567670159687016,0.0,0.0,0.0,0.0,0.0,0.0,0.0,0.0,0.0,0.0,0.0,0.0,40.0,40.0,40.0,60.0,60.0,60.0,60.0,60.0,60.0,60.0,60.0,60.0,60.0,60.0,60.0,60.0,60.0,0.0,0.0,0.0,0.0,0.0,0.0,0.0,0.0,0.0,0.0,0.0,0.0,1.0,1.0,1.0,1.5,1.5,1.5,1.5,1.5,1.5,1.5,1.5,1.5,1.5,1.5,1.5,1.5,1.5,0.0,0.0,0.0,0.0,0.0,0.0,0.0,0.0,0.0,0.0,0.0,0.0,0.0,0.0,0.0,0.0,0.0,0.0,0.0,0.0,0.0,0.0,0.0,0.0,0.0,0.0,0.0,0.0,0.0
-0.1,0.0,0.0,0.3,-0.2,0.0,-0.1,0.0,0.0,0.3,-0.2,0.0,0.0,0.0,0.0,-0.17879165921884851,0.1385567469760418,-0.33418776117601706,-0.48433526412990663,-1.9567404001524973,-0.16344341733608916,0.23062983450144586,-0.336008458842547,-0.2410783542567421,0.6340899053763427,-0.3278660960951843,1.97202,-0.5188415141541178,0.6233796885317626,0.0,0.0,0.0,0.0,0.0,0.0,0.0,0.0,0.0,0.0,0.0,0.0,0.0,0.0,0.0,0.026354867996606496,0.4470377146628651,0.5673069156329271,0.7363412232849128,-1.291303787965209,0.9048996476851208,-0.39695147414360515,-0.2614589430821587,-2.2249353347684124,-0.6769168414103605,0.3215956274446388,0.0,2.6744994536905513,1.5599022786790955,0.0,0.0,0.0,0.0,0.0,0.0,0.0,0.0,0.0,0.0,0.0,0.0,40.0,40.0,40.0,60.0,60.0,60.0,60.0,60.0,60.0,60.0,60.0,60.0,60.0,60.0,60.0,60.0,60.0,0.0,0.0,0.0,0.0,0.0,0.0,0.0,0.0,0.0,0.0,0.0,0.0,1.0,1.0,1.0,1.5,1.5,1.5,1.5,1.5,1.5,1.5,1.5,1.5,1.5,1.5,1.5,1.5,1.5,0.0,0.0,0.0,0.0,0.0,0.0,0.0,0.0,0.0,0.0,0.0,0.0,0.0,0.0,0.0,0.0,0.0,0.0,0.0,0.0,0.0,0.0,0.0,0.0,0.0,0.0,0.0,0.0,0.0
-0.1,0.0,0.0,0.3,-0.2,0.0,-0.1,0.0,0.0,0.3,-0.2,0.0,0.0,0.0,0.0,-0.17618141997112893,0.1454193199814506,-0.32859660308737704,-0.4915749067752649,-1.97202,-0.1264305738096892,0.20956211192847202,-0.3352677571260325,-0.25135118082833374,0.6236785972393862,-0.3047041147746154,1.97202,-0.4640929057868939,0.6395050990401784,0.0,0.0,0.0,0.0,0.0,0.0,0.0,0.0,0.0,0.0,0.0,0.0,0.0,0.0,0.0,1.2002831324318182,-0.17229756722296763,-0.47427320813562546,-0.1982829700106381,1.4809938291785896,5.735899849355327,-2.720503340174279,-1.3854201632170506,-0.3697612929818662,-1.161839405041365,1.501595404186805,0.0,2.957131550900989,-3.6927501709210566,0.0,0.0,0.0,0.0,0.0,0.0,0.0,0.0,0.0,0.0,0.0,0.0,40.0,40.0,40.0,60.0,60.0,60.0,60.0,60.0,60.0,60.0,60.0,60.0,60.0,60.0,60.0,60.0,60.0,0.0,0.0,0.0,0.0,0.0,0.0,0.0,0.0,0.0,0.0,0.0,0.0,1.0,1.0,1.0,1.5,1.5,1.5,1.5,1.5,1.5,1.5,1.5,1.5,1.5,1.5,1.5,1.5,1.5,0.0,0.0,0.0,0.0,0.0,0.0,0.0,0.0,0.0,0.0,0.0,0.0,0.0,0.0,0.0,0.0,0.0,0.0,0.0,0.0,0.0,0.0,0.0,0.0,0.0,0.0,0.0,0.0,0.0
-0.1,0.0,0.0,0.3,-0.2,0.0,-0.1,0.0,0.0,0.3,-0.2,0.0,0.0,0.0,0.0,-0.1307803339215758,0.1316648442871231,-0.3531586895014421,-0.49226658293033215,-1.8975006469853537,0.06599257663812394,0.12180970089447471,-0.391425265371229,-0.25586880597601674,0.5876163291746881,-0.2678022799277121,1.97202,-0.40055625211807827,0.47566968169492035,0.0,0.0,0.0,0.0,0.0,0.0,0.0,0.0,0.0,0.0,0.0,0.0,0.0,0.0,0.0,-0.14847235477348786,-0.5769672416511974,0.9308899454753785,0.9296400664314516,0.6944429358839654,6.498068549733326,-1.5158701149573948,-0.037920059665971784,-0.3456851949620948,-1.0212346047004883,0.2628214346613589,0.0,5.352937829850737,-4.459507488027577,0.0,0.0,0.0,0.0,0.0,0.0,0.0,0.0,0.0,0.0,0.0,0.0,40.0,40.0,40.0,60.0,60.0,60.0,60.0,60.0,60.0,60.0,60.0,60.0,60.0,60.0,60.0,60.0,60.0,0.0,0.0,0.0,0.0,0.0,0.0,0.0,0.0,0.0,0.0,0.0,0.0,1.0,1.0,1.0,1.5,1.5,1.5,1.5,1.5,1.5,1.5,1.5,1.5,1.5,1.5,1.5,1.5,1.5,0.0,0.0,0.0,0.0,0.0,0.0,0.0,0.0,0.0,0.0,0.0,0.0,0.0,0.0,0.0,0.0,0.0,0.0,0.0,0.0,0.0,0.0,0.0,0.0,0.0,0.0,0.0,0.0,0.0
-0.1,0.0,0.0,0.3,-0.2,0.0,-0.1,0.0,0.0,0.3,-0.2,0.0,0.0,0.0,0.0,-0.18212031416206845,0.12234063031540271,-0.2913610052683619,-0.4543893041180068,-1.9442422825646415,0.13349216817964385,0.14892730733017623,-0.3367845595126714,-0.26517858862681754,0.5828292130513667,-0.29419125738816104,1.97202,-0.2499753925928644,0.4611247995190753,0.0,0.0,0.0,0.0,0.0,0.0,0.0,0.0,0.0,0.0,0.0,0.0,0.0,0.0,0.0,-1.0058122446130184,-0.15044892514663386,2.2233136836220107,0.887408426852694,-0.42463873235876193,3.64834726423804,-0.1784315311358895,1.1163355994781978,-0.6428413514675435,-2.033283908822789,-0.28017435324423773,0.0,7.224542492961781,-4.865219526363528,0.0,0.0,0.0,0.0,0.0,0.0,0.0,0.0,0.0,0.0,0.0,0.0,40.0,40.0,40.0,60.0,60.0,60.0,60.0,60.0,60.0,60.0,60.0,60.0,60.0,60.0,60.0,60.0,60.0,0.0,0.0,0.0,0.0,0.0,0.0,0.0,0.0,0.0,0.0,0.0,0.0,1.0,1.0,1.0,1.5,1.5,1.5,1.5,1.5,1.5,1.5,1.5,1.5,1.5,1.5,1.5,1.5,1.5,0.0,0.0,0.0,0.0,0.0,0.0,0.0,0.0,0.0,0.0,0.0,0.0,0.0,0.0,0.0,0.0,0.0,0.0,0.0,0.0,0.0,0.0,0.0,0.0,0.0,0.0,0.0,0.0,0.0
-0.1,0.0,0.0,0.3,-0.2,0.0,-0.1,0.0,0.0,0.3,-0.2,0.0,0.0,0.0,0.0,-0.17101282370609652,0.12564688728125775,-0.26422614215656165,-0.4567702458562244,-1.9144861962797042,0.21192646720764555,0.11467243964903913,-0.3467718413921011,-0.2815824600347185,0.5062849728217765,-0.2790092540574816,1.97202,-0.11157455239960701,0.28106090064037925,0.0,0.0,0.0,0.0,0.0,0.0,0.0,0.0,0.0,0.0,0.0,0.0,0.0,0.0,0.0,0.43092424826844666,0.6162260425067456,1.943083131480139,0.34720765139203275,-0.5555421099608715,3.051638390481757,-2.1662134211748136,0.25385816098269787,-0.8266641403848918,-4.644062163597846,-0.3644391625457197,0.0,7.283035606445458,-8.917547339749284,0.0,0.0,0.0,0.0,0.0,0.0,0.0,0.0,0.0,0.0,0.0,0.0,40.0,40.0,40.0,60.0,60.0,60.0,60.0,60.0,60.0,60.0,60.0,60.0,60.0,60.0,60.0,60.0,60.0,0.0,0.0,0.0,0.0,0.0,0.0,0.0,0.0,0.0,0.0,0.0,0.0,1.0,1.0,1.0,1.5,1.5,1.5,1.5,1.5,1.5,1.5,1.5,1.5,1.5,1.5,1.5,1.5,1.5,0.0,0.0,0.0,0.0,0.0,0.0,0.0,0.0,0.0,0.0,0.0,0.0,0.0,0.0,0.0,0.0,0.0,0.0,0.0,0.0,0.0,0.0,0.0,0.0,0.0,0.0,0.0,0.0,0.0
-0.1,0.0,0.0,0.3,-0.2,0.0,-0.1,0.0,0.0,0.3,-0.2,0.0,0.0,0.0,0.0,-0.16488334423133058,0.14698967201567253,-0.21363768000915634,-0.4405009980623255,-1.9664639669630763,0.2555577037989141,0.062278770483183685,-0.3266302330733635,-0.2982451542422132,0.39706672650745284,-0.30876882388998983,1.97202,0.041346031664953924,0.10442290592910396,0.0,0.0,0.0,0.0,0.0,0.0,0.0,0.0,0.0,0.0,0.0,0.0,0.0,0.0,0.0,0.09037505175843036,0.5688402794043201,1.5278662521921171,0.7259290441210361,0.038831995294419386,1.915011854230849,-1.9025726725384355,0.5283010974507076,-0.19174865980598338,-4.9647214924596215,-1.4007811919921855,0.0,7.366188661572292,-9.093525455517602,0.0,0.0,0.0,0.0,0.0,0.0,0.0,0.0,0.0,0.0,0.0,0.0,40.0,40.0,40.0,60.0,60.0,60.0,60.0,60.0,60.0,60.0,60.0,60.0,60.0,60.0,60.0,60.0,60.0,0.0,0.0,0.0,0.0,0.0,0.0,0.0,0.0,0.0,0.0,0.0,0.0,1.0,1.0,1.0,1.5,1.5,1.5,1.5,1.5,1.5,1.5,1.5,1.5,1.5,1.5,1.5,1.5,1.5,0.0,0.0,0.0,0.0,0.0,0.0,0.0,0.0,0.0,0.0,0.0,0.0,0.0,0.0,0.0,0.0,0.0,0.0,0.0,0.0,0.0,0.0,0.0,0.0,0.0,0.0,0.0,0.0,0.0
-0.1,0.0,0.0,0.3,-0.2,0.0,-0.1,0.0,0.0,0.3,-0.2,0.0,0.0,0.0,0.0,-0.1673978216357593,0.14840049845743056,-0.20311149206887696,-0.42773308409138294,-1.9129329164679274,0.2885269413768795,0.03856953274750171,-0.3256397974940728,-0.2892524064269578,0.3076961131233917,-0.33504050173716904,1.97202,0.18307299406328473,-0.08268011758032484,0.0,0.0,0.0,0.0,0.0,0.0,0.0,0.0,0.0,0.0,0.0,0.0,0.0,0.0,0.0,-0.051237201841246305,0.16149041670992376,0.5295172230724745,0.32188401279443224,2.8399589149152193,0.8340658286757674,-0.8466139664714344,0.11768445068255085,0.5106600194105693,-4.222781723487027,-1.3058748464551988,0.0,6.1120485665767985,-7.730675291521013,0.0,0.0,0.0,0.0,0.0,0.0,0.0,0.0,0.0,0.0,0.0,0.0,40.0,40.0,40.0,60.0,60.0,60.0,60.0,60.0,60.0,60.0,60.0,60.0,60.0,60.0,60.0,60.0,60.0,0.0,0.0,0.0,0.0,0.0,0.0,0.0,0.0,0.0,0.0,0.0,0.0,1.0,1.0,1.0,1.5,1.5,1.5,1.5,1.5,1.5,1.5,1.5,1.5,1.5,1.5,1.5,1.5,1.5,0.0,0.0,0.0,0.0,0.0,0.0,0.0,0.0,0.0,0.0,0.0,0.0,0.0,0.0,0.0,0.0,0.0,0.0,0.0,0.0,0.0,0.0,0.0,0.0,0.0,0.0,0.0,0.0,0.0
-0.1,0.0,0.0,0.3,-0.2,0.0,-0.1,0.0,0.0,0.3,-0.2,0.0,0.0,0.0,0.0,-0.16693283230498043,0.15344928868406948,-0.19245699108625736,-0.4276256375505482,-1.8528656103664676,0.2889203369459448,0.028414211824326314,-0.32192285504606144,-0.27781875346579044,0.22815545756797176,-0.3610038177481978,1.97202,0.28582797432802587,-0.2048041057317366,0.0,0.0,0.0,0.0,0.0,0.0,0.0,0.0,0.0,0.0,0.0,0.0,0.0,0.0,0.0,0.058911054423071985,0.22784158328864046,0.19422376694200744,-0.2035377810877939,3.07263816996986,-0.23702027010176624,-0.41325810191220536,-0.03955253911268192,0.4760757697779214,-3.3457893553467155,-1.0914081068370578,0.0,4.354001350124132,-5.827355403464298,0.0,0.0,0.0,0.0,0.0,0.0,0.0,0.0,0.0,0.0,0.0,0.0,40.0,40.0,40.0,60.0,60.0,60.0,60.0,60.0,60.0,60.0,60.0,60.0,60.0,60.0,60.0,60.0,60.0,0.0,0.0,0.0,0.0,0.0,0.0,0.0,0.0,0.0,0.0,0.0,0.0,1.0,1.0,1.0,1.5,1.5,1.5,1.5,1.5,1.5,1.5,1.5,1.5,1.5,1.5,1.5,1.5,1.5,0.0,0.0,0.0,0.0,0.0,0.0,0.0,0.0,0.0,0.0,0.0,0.0,0.0,0.0,0.0,0.0,0.0,0.0,0.0,0.0,0.0,0.0,0.0,0.0,0.0,0.0,0.0,0.0,0.0
-0.1,0.0,0.0,0.3,-0.2,0.0,-0.1,0.0,0.0,0.3,-0.2,0.0,0.0,0.0,0.0,-0.16504137945883643,0.15751416178897618,-0.19534254139119667,-0.4358745953348947,-1.790027389669133,0.27904613057280886,0.022039208671013496,-0.32722189905858007,-0.27020937563584096,0.17386453890952305,-0.37869682601065136,1.97202,0.35723304806825,-0.3157743337188968,0.0,0.0,0.0,0.0,0.0,0.0,0.0,0.0,0.0,0.0,0.0,0.0,0.0,0.0,0.0,0.029355686480566495,0.16384291705233353,-0.3160476810717433,-0.42351492948116964,2.2845817516182865,-1.365899864350334,0.21741643929846433,-0.14113294700844742,0.09898201032638027,-2.1973376284065336,-0.8436115240010963,0.0,1.0918677458090067,-3.540530890959382,0.0,0.0,0.0,0.0,0.0,0.0,0.0,0.0,0.0,0.0,0.0,0.0,40.0,40.0,40.0,60.0,60.0,60.0,60.0,60.0,60.0,60.0,60.0,60.0,60.0,60.0,60.0,60.0,60.0,0.0,0.0,0.0,0.0,0.0,0.0,0.0,0.0,0.0,0.0,0.0,0.0,1.0,1.0,1.0,1.5,1.5,1.5,1.5,1.5,1.5,1.5,1.5,1.5,1.5,1.5,1.5,1.5,1.5,0.0,0.0,0.0,0.0,0.0,0.0,0.0,0.0,0.0,0.0,0.0,0.0,0.0,0.0,0.0,0.0,0.0,0.0,0.0,0.0,0.0,0.0,0.0,0.0,0.0,0.0,0.0,0.0,0.0
-0.1,0.0,0.0,0.3,-0.2,0.0,-0.1,0.0,0.0,0.3,-0.2,0.0,0.0,0.0,0.0,-0.16575860484575777,0.16000300536616283,-0.2050988983291271,-0.444566234729795,-1.7614823403017361,0.23428434237193146,0.03711086939626489,-0.32756817292639934,-0.2738594730527352,0.1402619524317104,-0.39474827870824164,1.97202,0.32950268416038614,-0.3464253413701119,0.0,0.0,0.0,0.0,0.0,0.0,0.0,0.0,0.0,0.0,0.0,0.0,0.0,0.0,0.0,-0.19432688209930007,0.06498803268485745,-0.8974104166135644,-0.5674407186698704,1.3682476861899773,-2.6402220995469587,0.7457585863075696,-0.00023446560750428613,-0.3534099737083962,-0.6894112924743095,-0.47167622633593337,0.0,-1.7903849723935188,-0.8150592699957784,0.0,0.0,0.0,0.0,0.0,0.0,0.0,0.0,0.0,0.0,0.0,0.0,40.0,40.0,40.0,60.0,60.0,60.0,60.0,60.0,60.0,60.0,60.0,60.0,60.0,60.0,60.0,60.0,60.0,0.0,0.0,0.0,0.0,0.0,0.0,0.0,0.0,0.0,0.0,0.0,0.0,1.0,1.0,1.0,1.5,1.5,1.5,1.5,1.5,1.5,1.5,1.5,1.5,1.5,1.5,1.5,1.5,1.5,0.0,0.0,0.0,0.0,0.0,0.0,0.0,0.0,0.0,0.0,0.0,0.0,0.0,0.0,0.0,0.0,0.0,0.0,0.0,0.0,0.0,0.0,0.0,0.0,0.0,0.0,0.0,0.0,0.0
-0.1,0.0,0.0,0.3,-0.2,0.0,-0.1,0.0,0.0,0.3,-0.2,0.0,0.0,0.0,0.0,-0.17281445474280843,0.16011368309637047,-0.23123895805573924,-0.4585722240816895,-1.735297482221534,0.17343724659093052,0.05186955212331628,-0.32723127768288024,-0.2843457745841768,0.14628808721055067,-0.3975638750640887,1.97202,0.28561764917250926,-0.34837670451872793,0.0,0.0,0.0,0.0,0.0,0.0,0.0,0.0,0.0,0.0,0.0,0.0,0.0,0.0,0.0,-0.1754234891516826,0.19247605059524164,-1.2259109928908565,-0.5525341594872835,1.3556821456411516,-2.8403252236106358,0.795374941955693,0.03992733945561017,-0.6034524409127814,0.6755842135593811,-0.04875888619580576,0.0,-3.2195151979172256,0.6194724340415847,0.0,0.0,0.0,0.0,0.0,0.0,0.0,0.0,0.0,0.0,0.0,0.0,40.0,40.0,40.0,60.0,60.0,60.0,60.0,60.0,60.0,60.0,60.0,60.0,60.0,60.0,60.0,60.0,60.0,0.0,0.0,0.0,0.0,0.0,0.0,0.0,0.0,0.0,0.0,0.0,0.0,1.0,1.0,1.0,1.5,1.5,1.5,1.5,1.5,1.5,1.5,1.5,1.5,1.5,1.5,1.5,1.5,1.5,0.0,0.0,0.0,0.0,0.0,0.0,0.0,0.0,0.0,0.0,0.0,0.0,0.0,0.0,0.0,0.0,0.0,0.0,0.0,0.0,0.0,0.0,0.0,0.0,0.0,0.0,0.0,0.0,0.0
-0.1,0.0,0.0,0.3,-0.2,0.0,-0.1,0.0,0.0,0.3,-0.2,0.0,0.0,0.0,0.0,-0.17277554441182508,0.1677020473899725,-0.25413533804476135,-0.46666760110928635,-1.70725505447609,0.12067133342750602,0.06892586707449261,-0.32597107934817493,-0.2979975706892465,0.16728532097408566,-0.39669863415607387,1.97202,0.20072207624369712,-0.3216464440084485,0.0,0.0,0.0,0.0,0.0,0.0,0.0,0.0,0.0,0.0,0.0,0.0,0.0,0.0,0.0,0.1312002712826256,-0.21523189105169954,-1.7089304319044485,-0.1176105838089872,3.6966299051571783,-0.7179708064384442,1.8149458600850696,-0.7906394060992028,-0.08048293910526,1.881222789508461,-0.20726288962101963,0.0,-4.310224066550156,0.6420193041425062,0.0,0.0,0.0,0.0,0.0,0.0,0.0,0.0,0.0,0.0,0.0,0.0,40.0,40.0,40.0,60.0,60.0,60.0,60.0,60.0,60.0,60.0,60.0,60.0,60.0,60.0,60.0,60.0,60.0,0.0,0.0,0.0,0.0,0.0,0.0,0.0,0.0,0.0,0.0,0.0,0.0,1.0,1.0,1.0,1.5,1.5,1.5,1.5,1.5,1.5,1.5,1.5,1.5,1.5,1.5,1.5,1.5,1.5,0.0,0.0,0.0,0.0,0.0,0.0,0.0,0.0,0.0,0.0,0.0,0.0,0.0,0.0,0.0,0.0,0.0,0.0,0.0,0.0,0.0,0.0,0.0,0.0,0.0,0.0,0.0,0.0,0.0
-0.1,0.0,0.0,0.3,-0.2,0.0,-0.1,0.0,0.0,0.3,-0.2,0.0,0.0,0.0,0.0,-0.1675664438915034,0.1515044074543025,-0.2995961753319172,-0.463276647434049,-1.5874322860152468,0.14471841433339275,0.12446738652671907,-0.35885685392684835,-0.2875650921483872,0.22153699879088912,-0.4058543906489295,1.97202,0.113208686510503,-0.3226959323530277,0.0,0.0,0.0,0.0,0.0,0.0,0.0,0.0,0.0,0.0,0.0,0.0,0.0,0.0,0.0,0.03215591799923603,-0.5807254098387303,-1.396761998534496,-0.49613861968306333,2.855111340219568,0.29742575835480856,2.3341108768407683,-0.8903664469152069,0.0038401554570605123,2.684077535483695,-0.01989053069411245,0.0,-4.707305122024475,0.6027396262167736,0.0,0.0,0.0,0.0,0.0,0.0,0.0,0.0,0.0,0.0,0.0,0.0,40.0,40.0,40.0,60.0,60.0,60.0,60.0,60.0,60.0,60.0,60.0,60.0,60.0,60.0,60.0,60.0,60.0,0.0,0.0,0.0,0.0,0.0,0.0,0.0,0.0,0.0,0.0,0.0,0.0,1.0,1.0,1.0,1.5,1.5,1.5,1.5,1.5,1.5,1.5,1.5,1.5,1.5,1.5,1.5,1.5,1.5,0.0,0.0,0.0,0.0,0.0,0.0,0.0,0.0,0.0,0.0,0.0,0.0,0.0,0.0,0.0,0.0,0.0,0.0,0.0,0.0,0.0,0.0,0.0,0.0,0.0,0.0,0.0,0.0,0.0
-0.1,0.0,0.0,0.3,-0.2,0.0,-0.1,0.0,0.0,0.3,-0.2,0.0,0.0,0.0,0.0,-0.17148930769185564,0.14447303099642328,-0.3100058179861412,-0.4865131458966089,-1.5930506008673073,0.13256836376169837,0.16229030214812334,-0.3615857372247832,-0.29784396447096406,0.27464842239343346,-0.39749425538383837,1.97202,0.012429871362718108,-0.29753685895977755,0.0,0.0,0.0,0.0,0.0,0.0,0.0,0.0,0.0,0.0,0.0,0.0,0.0,0.0,0.0,-0.2960955329249948,0.6014042979301151,0.513355930018991,-0.3359464805447854,-1.2778125587484146,-1.5251904458927945,1.6331924547085075,0.7437862152866653,-0.37728879936614335,1.783584341014581,-0.22210627655815662,0.0,-3.2965044851435144,2.671878298912805,0.0,0.0,0.0,0.0,0.0,0.0,0.0,0.0,0.0,0.0,0.0,0.0,40.0,40.0,40.0,60.0,60.0,60.0,60.0,60.0,60.0,60.0,60.0,60.0,60.0,60.0,60.0,60.0,60.0,0.0,0.0,0.0,0.0,0.0,0.0,0.0,0.0,0.0,0.0,0.0,0.0,1.0,1.0,1.0,1.5,1.5,1.5,1.5,1.5,1.5,1.5,1.5,1.5,1.5,1.5,1.5,1.5,1.5,0.0,0.0,0.0,0.0,0.0,0.0,0.0,0.0,0.0,0.0,0.0,0.0,0.0,0.0,0.0,0.0,0.0,0.0,0.0,0.0,0.0,0.0,0.0,0.0,0.0,0.0,0.0,0.0,0.0
-0.1,0.0,0.0,0.3,-0.2,0.0,-0.1,0.0,0.0,0.3,-0.2,0.0,0.0,0.0,0.0,-0.1794102652085032,0.1755605793715071,-0.27906193813115754,-0.4767145066558404,-1.6385447883651834,0.08371079649768097,0.18979508471505938,-0.32910540531538174,-0.30265664412303295,0.29288037243147236,-0.41473864171125574,1.97202,-0.018651492895237577,-0.21582080039651547,0.0,0.0,0.0,0.0,0.0,0.0,0.0,0.0,0.0,0.0,0.0,0.0,0.0,0.0,0.0,-0.36228176272161056,0.5793781653802246,0.07040668766019192,0.2659945452593279,-0.867336577069705,-0.997823970795015,1.2827248941175338,0.5030677685875242,-0.2789287336572521,1.3017926014609298,-0.22070068467885534,0.0,-1.6840277822778886,2.304617370919931,0.0,0.0,0.0,0.0,0.0,0.0,0.0,0.0,0.0,0.0,0.0,0.0,40.0,40.0,40.0,60.0,60.0,60.0,60.0,60.0,60.0,60.0,60.0,60.0,60.0,60.0,60.0,60.0,60.0,0.0,0.0,0.0,0.0,0.0,0.0,0.0,0.0,0.0,0.0,0.0,0.0,1.0,1.0,1.0,1.5,1.5,1.5,1.5,1.5,1.5,1.5,1.5,1.5,1.5,1.5,1.5,1.5,1.5,0.0,0.0,0.0,0.0,0.0,0.0,0.0,0.0,0.0,0.0,0.0,0.0,0.0,0.0,0.0,0.0,0.0,0.0,0.0,0.0,0.0,0.0,0.0,0.0,0.0,0.0,0.0,0.0,0.0
-0.1,0.0,0.0,0.3,-0.2,0.0,-0.1,0.0,0.0,0.3,-0.2,0.0,0.0,0.0,0.0,-0.18598057820072006,0.16764815761163226,-0.3071895504797335,-0.47587336408623576,-1.6277440639500955,0.09265540492989777,0.2135992979128247,-0.34146302648128224,-0.30900111381725415,0.32672012645187065,-0.4063222827709926,1.97202,-0.05493123992839745,-0.2053521641229803,0.0,0.0,0.0,0.0,0.0,0.0,0.0,0.0,0.0,0.0,0.0,0.0,0.0,0.0,0.0,0.8333303629617678,-0.2498317366573556,-0.9290153960911637,-0.3381535547003739,0.438246367496109,1.717757313164259,0.27932520837817554,-1.221922064108305,0.4181179108760355,1.4165374455123474,0.633714687657902,0.0,-2.676932664511913,1.196728965524585,0.0,0.0,0.0,0.0,0.0,0.0,0.0,0.0,0.0,0.0,0.0,0.0,40.0,40.0,40.0,60.0,60.0,60.0,60.0,60.0,60.0,60.0,60.0,60.0,60.0,60.0,60.0,60.0,60.0,0.0,0.0,0.0,0.0,0.0,0.0,0.0,0.0,0.0,0.0,0.0,0.0,1.0,1.0,1.0,1.5,1.5,1.5,1.5,1.5,1.5,1.5,1.5,1.5,1.5,1.5,1.5,1.5,1.5,0.0,0.0,0.0,0.0,0.0,0.0,0.0,0.0,0.0,0.0,0.0,0.0,0.0,0.0,0.0,0.0,0.0,0.0,0.0,0.0,0.0,0.0,0.0,0.0,0.0,0.0,0.0,0.0,0.0
-0.1,0.0,0.0,0.3,-0.2,0.0,-0.1,0.0,0.0,0.3,-0.2,0.0,0.0,0.0,0.0,-0.1460770506900325,0.16556730990521287,-0.3162225539748041,-0.4902406488438554,-1.621014933665339,0.15242108902425133,0.2009680930501864,-0.37798228787971394,-0.2859319276879915,0.34954187025196626,-0.38939005420493966,1.97202,-0.12572879947571408,-0.16795164177553207,0.0,0.0,0.0,0.0,0.0,0.0,0.0,0.0,0.0,0.0,0.0,0.0,0.0,0.0,0.0,0.43774791384369877,0.004698561765750786,0.5657901147111233,-0.06707456586845378,-0.6669665362022958,1.5269944120802008,0.12098103764253479,-0.4123445546909285,0.08256343261777294,1.399767995337127,0.18332516188191705,0.0,-2.506550257684639,2.024418765075098,0.0,0.0,0.0,0.0,0.0,0.0,0.0,0.0,0.0,0.0,0.0,0.0,40.0,40.0,40.0,60.0,60.0,60.0,60.0,60.0,60.0,60.0,60.0,60.0,60.0,60.0,60.0,60.0,60.0,0.0,0.0,0.0,0.0,0.0,0.0,0.0,0.0,0.0,0.0,0.0,0.0,1.0,1.0,1.0,1.5,1.5,1.5,1.5,1.5,1.5,1.5,1.5,1.5,1.5,1.5,1.5,1.5,1.5,0.0,0.0,0.0,0.0,0.0,0.0,0.0,0.0,0.0,0.0,0.0,0.0,0.0,0.0,0.0,0.0,0.0,0.0,0.0,0.0,0.0,0.0,0.0,0.0,0.0,0.0,0.0,0.0,0.0
-0.1,0.0,0.0,0.3,-0.2,0.0,-0.1,0.0,0.0,0.3,-0.2,0.0,0.0,0.0,0.0,-0.1684706616469721,0.1678361000822623,-0.2845579458912886,-0.4785563467209739,-1.6544227253981874,0.1537351814131058,0.2184385394185261,-0.3579568086689194,-0.30569857651254323,0.38271084626535573,-0.3989892762957159,1.97202,-0.155193250235783,-0.12437541351997637,0.0,0.0,0.0,0.0,0.0,0.0,0.0,0.0,0.0,0.0,0.0,0.0,0.0,0.0,0.0,-0.3995397471769017,-0.06751455032265388,0.6899983995871702,-0.5515697586310389,-1.9928685316641437,0.38852051014196254,-0.3707220632562867,0.4243979513416596,-0.22725700790248854,1.3354774967880887,0.89619794101502,0.0,-1.3087761096058865,2.1202904475858144,0.0,0.0,0.0,0.0,0.0,0.0,0.0,0.0,0.0,0.0,0.0,0.0,40.0,40.0,40.0,60.0,60.0,60.0,60.0,60.0,60.0,60.0,60.0,60.0,60.0,60.0,60.0,60.0,60.0,0.0,0.0,0.0,0.0,0.0,0.0,0.0,0.0,0.0,0.0,0.0,0.0,1.0,1.0,1.0,1.5,1.5,1.5,1.5,1.5,1.5,1.5,1.5,1.5,1.5,1.5,1.5,1.5,1.5,0.0,0.0,0.0,0.0,0.0,0.0,0.0,0.0,0.0,0.0,0.0,0.0,0.0,0.0,0.0,0.0,0.0,0.0,0.0,0.0,0.0,0.0,0.0,0.0,0.0,0.0,0.0,0.0,0.0
-0.1,0.0,0.0,0.3,-0.2,0.0,-0.1,0.0,0.0,0.3,-0.2,0.0,0.0,0.0,0.0,-0.16205864057710856,0.16286672789230672,-0.2886226179913173,-0.5123034391890969,-1.7007296749319047,0.16796190942992983,0.18613921051993493,-0.36100636982604756,-0.29502220800409107,0.4029609701234898,-0.35354213656433886,1.97202,-0.17807984385994954,-0.0831400238720995,0.0,0.0,0.0,0.0,0.0,0.0,0.0,0.0,0.0,0.0,0.0,0.0,0.0,0.0,0.0,0.8701259535097428,0.5419966224346006,0.931890332776858,-0.2819496042230807,-1.0497604721360465,0.8897093951510248,-1.2433547571306527,-0.28947545695512944,-0.15190535072235334,0.20285242245554336,0.4001067732276639,0.0,-2.248436310316395,2.7141675932399667,0.0,0.0,0.0,0.0,0.0,0.0,0.0,0.0,0.0,0.0,0.0,0.0,40.0,40.0,40.0,60.0,60.0,60.0,60.0,60.0,60.0,60.0,60.0,60.0,60.0,60.0,60.0,60.0,60.0,0.0,0.0,0.0,0.0,0.0,0.0,0.0,0.0,0.0,0.0,0.0,0.0,1.0,1.0,1.0,1.5,1.5,1.5,1.5,1.5,1.5,1.5,1.5,1.5,1.5,1.5,1.5,1.5,1.5,0.0,0.0,0.0,0.0,0.0,0.0,0.0,0.0,0.0,0.0,0.0,0.0,0.0,0.0,0.0,0.0,0.0,0.0,0.0,0.0,0.0,0.0,0.0,0.0,0.0,0.0,0.0,0.0,0.0
-0.1,0.0,0.0,0.3,-0.2,0.0,-0.1,0.0,0.0,0.3,-0.2,0.0,0.0,0.0,0.0,-0.1336656235065824,0.18951596497964632,-0.24728233258021426,-0.48983433088989714,-1.6964131442836292,0.1893235572191468,0.16870434913329999,-0.36953582694712456,-0.31177479054143736,0.39082494316357747,-0.38298500536660934,1.97202,-0.2451307026484388,-0.01580870979037769,0.0,0.0,0.0,0.0,0.0,0.0,0.0,0.0,0.0,0.0,0.0,0.0,0.0,0.0,0.0,0.7099847878390165,0.6922481573103517,1.3719235873123279,0.40009781048985227,-0.22251511497897725,1.1872015795768507,-1.2938858724370228,-0.1431487805901535,-0.5837124276209179,0.48292385388668535,-0.20332248787803958,0.0,-2.5517218861120674,3.717175950796321,0.0,0.0,0.0,0.0,0.0,0.0,0.0,0.0,0.0,0.0,0.0,0.0,40.0,40.0,40.0,60.0,60.0,60.0,60.0,60.0,60.0,60.0,60.0,60.0,60.0,60.0,60.0,60.0,60.0,0.0,0.0,0.0,0.0,0.0,0.0,0.0,0.0,0.0,0.0,0.0,0.0,1.0,1.0,1.0,1.5,1.5,1.5,1.5,1.5,1.5,1.5,1.5,1.5,1.5,1.5,1.5,1.5,1.5,0.0,0.0,0.0,0.0,0.0,0.0,0.0,0.0,0.0,0.0,0.0,0.0,0.0,0.0,0.0,0.0,0.0,0.0,0.0,0.0,0.0,0.0,0.0,0.0,0.0,0.0,0.0,0.0,0.0
-0.1,0.0,0.0,0.3,-0.2,0.0,-0.1,0.0,0.0,0.3,-0.2,0.0,0.0,0.0,0.0,-0.1336592490635479,0.1905566541847208,-0.23374567449882416,-0.49629952676950284,-1.7096302795310638,0.21544997261300386,0.13438377562245402,-0.3667323210496537,-0.3183707051089278,0.4222779242789572,-0.36167503607946044,1.97202,-0.28014871930443225,0.06554701415975335,0.0,0.0,0.0,0.0,0.0,0.0,0.0,0.0,0.0,0.0,0.0,0.0,0.0,0.0,0.0,0.04366904374355496,0.3674597642100083,1.2384644069256594,-0.1342567931006164,-1.2655069061798363,1.240917275935071,-2.534443202319286,0.2929612655353353,-0.7985969907029558,0.9992638918644422,1.04065735769924,0.0,-1.545025852584398,3.0918042768596843,0.0,0.0,0.0,0.0,0.0,0.0,0.0,0.0,0.0,0.0,0.0,0.0,40.0,40.0,40.0,60.0,60.0,60.0,60.0,60.0,60.0,60.0,60.0,60.0,60.0,60.0,60.0,60.0,60.0,0.0,0.0,0.0,0.0,0.0,0.0,0.0,0.0,0.0,0.0,0.0,0.0,1.0,1.0,1.0,1.5,1.5,1.5,1.5,1.5,1.5,1.5,1.5,1.5,1.5,1.5,1.5,1.5,1.5,0.0,0.0,0.0,0.0,0.0,0.0,0.0,0.0,0.0,0.0,0.0,0.0,0.0,0.0,0.0,0.0,0.0,0.0,0.0,0.0,0.0,0.0,0.0,0.0,0.0,0.0,0.0,0.0,0.0
-0.1,0.0,0.0,0.3,-0.2,0.0,-0.1,0.0,0.0,0.3,-0.2,0.0,0.0,0.0,0.0,-0.1319188617568402,0.20421435554804665,-0.19774375630318788,-0.4952046026139218,-1.7470334205308227,0.23896024825654963,0.06732662104052853,-0.35781737632571115,-0.3437186701695556,0.43079549883815516,-0.34135871105863974,1.97202,-0.30693173675181473,0.10786346128400968,0.0,0.0,0.0,0.0,0.0,0.0,0.0,0.0,0.0,0.0,0.0,0.0,0.0,0.0,0.0,0.15336705233139555,0.37091429778404944,0.8894329988588474,1.6839308900831393,4.154769537347347,1.5016595126725638,0.42561720805468495,-0.36414275712202404,-0.09543064405984764,0.1870600076309542,-1.642165232854005,0.0,-1.1666800799459407,1.5572666519013514,0.0,0.0,0.0,0.0,0.0,0.0,0.0,0.0,0.0,0.0,0.0,0.0,40.0,40.0,40.0,60.0,60.0,60.0,60.0,60.0,60.0,60.0,60.0,60.0,60.0,60.0,60.0,60.0,60.0,0.0,0.0,0.0,0.0,0.0,0.0,0.0,0.0,0.0,0.0,0.0,0.0,1.0,1.0,1.0,1.5,1.5,1.5,1.5,1.5,1.5,1.5,1.5,1.5,1.5,1.5,1.5,1.5,1.5,0.0,0.0,0.0,0.0,0.0,0.0,0.0,0.0,0.0,0.0,0.0,0.0,0.0,0.0,0.0,0.0,0.0,0.0,0.0,0.0,0.0,0.0,0.0,0.0,0.0,0.0,0.0,0.0,0.0
-0.1,0.0,0.0,0.3,-0.2,0.0,-0.1,0.0,0.0,0.3,-0.2,0.0,0.0,0.0,0.0,-0.12752456697029207,0.20539322609608276,-0.19816835454447027,-0.42894229116617727,-1.54343949803717,0.2755163531199064,0.1514084639446414,-0.38129803133453466,-0.3221879308713217,0.4297603245841954,-0.42736164539362065,1.97202,-0.3268159225022699,0.1278376802358074,0.0,0.0,0.0,0.0,0.0,0.0,0.0,0.0,0.0,0.0,0.0,0.0,0.0,0.0,0.0,0.18417668092508763,0.012943849382515,0.6907518225209013,-0.6548002768695923,0.8193178018034653,1.9636767466776983,-0.34022556201651344,-0.2570161121500533,-0.43440854297197573,0.7558481376256156,0.5114752440879763,0.0,-1.334229749508152,1.4783850464394388,0.0,0.0,0.0,0.0,0.0,0.0,0.0,0.0,0.0,0.0,0.0,0.0,40.0,40.0,40.0,60.0,60.0,60.0,60.0,60.0,60.0,60.0,60.0,60.0,60.0,60.0,60.0,60.0,60.0,0.0,0.0,0.0,0.0,0.0,0.0,0.0,0.0,0.0,0.0,0.0,0.0,1.0,1.0,1.0,1.5,1.5,1.5,1.5,1.5,1.5,1.5,1.5,1.5,1.5,1.5,1.5,1.5,1.5,0.0,0.0,0.0,0.0,0.0,0.0,0.0,0.0,0.0,0.0,0.0,0.0,0.0,0.0,0.0,0.0,0.0,0.0,0.0,0.0,0.0,0.0,0.0,0.0,0.0,0.0,0.0,0.0,0.0
-0.1,0.0,0.0,0.3,-0.2,0.0,-0.1,0.0,0.0,0.3,-0.2,0.0,0.0,0.0,0.0,-0.1245517945198367,0.20473210952334725,-0.17011368340235183,-0.5213966136887055,-1.714260708458684,0.31750731812365757,0.05371759855986799,-0.3680980208117133,-0.3610950118884346,0.4610294243431798,-0.3208997012951207,1.97202,-0.3603009267321408,0.16699886314158724,0.0,0.0,0.0,0.0,0.0,0.0,0.0,0.0,0.0,0.0,0.0,0.0,0.0,0.0,0.0,0.08714227441330644,0.28627917672805825,1.360900735653106,0.04115296903601379,2.4160455836468975,1.5168580287501203,-0.23017509688214588,0.24841909048129995,-0.47170197600497343,-0.10565222591863294,-0.17321891706009174,0.0,0.1784513598475576,-0.32844909922234916,0.0,0.0,0.0,0.0,0.0,0.0,0.0,0.0,0.0,0.0,0.0,0.0,40.0,40.0,40.0,60.0,60.0,60.0,60.0,60.0,60.0,60.0,60.0,60.0,60.0,60.0,60.0,60.0,60.0,0.0,0.0,0.0,0.0,0.0,0.0,0.0,0.0,0.0,0.0,0.0,0.0,1.0,1.0,1.0,1.5,1.5,1.5,1.5,1.5,1.5,1.5,1.5,1.5,1.5,1.5,1.5,1.5,1.5,0.0,0.0,0.0,0.0,0.0,0.0,0.0,0.0,0.0,0.0,0.0,0.0,0.0,0.0,0.0,0.0,0.0,0.0,0.0,0.0,0.0,0.0,0.0,0.0,0.0,0.0,0.0,0.0,0.0
-0.1,0.0,0.0,0.3,-0.2,0.0,-0.1,0.0,0.0,0.3,-0.2,0.0,0.0,0.0,0.0,-0.12403887599375982,0.2168443931652051,-0.14373232511834602,-0.4272961724047367,-1.446797674691294,0.3361906742699112,0.14220146006935558,-0.37136126771528266,-0.34105600991152063,0.42553423554745007,-0.4342904020760243,1.97202,-0.31967786810836757,0.11469971626691344,0.0,0.0,0.0,0.0,0.0,0.0,0.0,0.0,0.0,0.0,0.0,0.0,0.0,0.0,0.0,0.1036137494047476,0.9749258379489756,1.672302502748298,1.025795222609789,5.731354137428718,0.024772714365585424,4.127994568811793,0.7924319136626778,-0.40657270721154853,-2.243120056592812,-2.413832162084659,0.0,2.456091061537148,-1.8542425311842639,0.0,0.0,0.0,0.0,0.0,0.0,0.0,0.0,0.0,0.0,0.0,0.0,40.0,40.0,40.0,60.0,60.0,60.0,60.0,60.0,60.0,60.0,60.0,60.0,60.0,60.0,60.0,60.0,60.0,0.0,0.0,0.0,0.0,0.0,0.0,0.0,0.0,0.0,0.0,0.0,0.0,1.0,1.0,1.0,1.5,1.5,1.5,1.5,1.5,1.5,1.5,1.5,1.5,1.5,1.5,1.5,1.5,1.5,0.0,0.0,0.0,0.0,0.0,0.0,0.0,0.0,0.0,0.0,0.0,0.0,0.0,0.0,0.0,0.0,0.0,0.0,0.0,0.0,0.0,0.0,0.0,0.0,0.0,0.0,0.0,0.0,0.0
-0.1,0.0,0.0,0.3,-0.2,0.0,-0.1,0.0,0.0,0.3,-0.2,0.0,0.0,0.0,0.0,-0.12040724454364679,0.24372914304130627,-0.10322158329241991,-0.4803648047843139,-1.4850065429615353,0.318498226698281,0.21883738131233973,-0.33640074426520616,-0.37735792017689657,0.3713046220794673,-0.41745298777850703,1.97202,-0.2620572842706549,0.09282916189421668,0.0,0.0,0.0,0.0,0.0,0.0,0.0,0.0,0.0,0.0,0.0,0.0,0.0,0.0,0.0,0.6116655480862938,0.22057849447395944,0.31013596425837686,-1.6302747653935912,3.01221582625939,1.675512555336628,1.1148276076653565,-0.04031578016740339,-0.22362712313292038,-1.7232532903800433,0.23817226100876776,0.0,2.9946431317186266,-2.9239948377995546,0.0,0.0,0.0,0.0,0.0,0.0,0.0,0.0,0.0,0.0,0.0,0.0,40.0,40.0,40.0,60.0,60.0,60.0,60.0,60.0,60.0,60.0,60.0,60.0,60.0,60.0,60.0,60.0,60.0,0.0,0.0,0.0,0.0,0.0,0.0,0.0,0.0,0.0,0.0,0.0,0.0,1.0,1.0,1.0,1.5,1.5,1.5,1.5,1.5,1.5,1.5,1.5,1.5,1.5,1.5,1.5,1.5,1.5,0.0,0.0,0.0,0.0,0.0,0.0,0.0,0.0,0.0,0.0,0.0,0.0,0.0,0.0,0.0,0.0,0.0,0.0,0.0,0.0,0.0,0.0,0.0,0.0,0.0,0.0,0.0,0.0,0.0
-0.1,0.0,0.0,0.3,-0.2,0.0,-0.1,0.0,0.0,0.3,-0.2,0.0,0.0,0.0,0.0,-0.09957225407030806,0.22566753294416347,-0.13132688654801095,-0.49250716302048037,-1.3263090416409185,0.40321117648337634,0.18679456437596983,-0.3729738989219788,-0.35000109483683745,0.35660410393224834,-0.4247635116356736,1.97202,-0.1998921428396225,-0.002260077245068744,0.0,0.0,0.0,0.0,0.0,0.0,0.0,0.0,0.0,0.0,0.0,0.0,0.0,0.0,0.0,-0.6626502391091506,0.23694852068647243,0.7424083182559018,-0.7301902716791305,-0.30338705663179866,0.005050182726401564,1.6936699233584047,1.0981453802400107,-0.05358600859621532,-2.1653711244166707,-0.3058560151601816,0.0,6.181458081359742,-2.958392667706493,0.0,0.0,0.0,0.0,0.0,0.0,0.0,0.0,0.0,0.0,0.0,0.0,40.0,40.0,40.0,60.0,60.0,60.0,60.0,60.0,60.0,60.0,60.0,60.0,60.0,60.0,60.0,60.0,60.0,0.0,0.0,0.0,0.0,0.0,0.0,0.0,0.0,0.0,0.0,0.0,0.0,1.0,1.0,1.0,1.5,1.5,1.5,1.5,1.5,1.5,1.5,1.5,1.5,1.5,1.5,1.5,1.5,1.5,0.0,0.0,0.0,0.0,0.0,0.0,0.0,0.0,0.0,0.0,0.0,0.0,0.0,0.0,0.0,0.0,0.0,0.0,0.0,0.0,0.0,0.0,0.0,0.0,0.0,0.0,0.0,0.0,0.0
-0.1,0.0,0.0,0.3,-0.2,0.0,-0.1,0.0,0.0,0.3,-0.2,0.0,0.0,0.0,0.0,-0.14691325410801281,0.25320708386876517,-0.07352525056218384,-0.5095724156514791,-1.4971420252268073,0.31870023400733705,0.2865841782466759,-0.29247492905560574,-0.3795013605207452,0.28468977710280047,-0.4296872283849143,1.97202,-0.01479896101626519,-0.025506544814043047,0.0,0.0,0.0,0.0,0.0,0.0,0.0,0.0,0.0,0.0,0.0,0.0,0.0,0.0,0.0,-0.5543577570723938,0.5146677051687323,0.8108085281626504,-0.34603679277495913,-1.0832491539665257,-0.5349039766487151,1.6189819244725185,1.2659435223863689,0.06019423620494124,-3.2604007694940518,-0.11990343573781703,0.0,7.587526624122964,-2.0378998214199693,0.0,0.0,0.0,0.0,0.0,0.0,0.0,0.0,0.0,0.0,0.0,0.0,40.0,40.0,40.0,60.0,60.0,60.0,60.0,60.0,60.0,60.0,60.0,60.0,60.0,60.0,60.0,60.0,60.0,0.0,0.0,0.0,0.0,0.0,0.0,0.0,0.0,0.0,0.0,0.0,0.0,1.0,1.0,1.0,1.5,1.5,1.5,1.5,1.5,1.5,1.5,1.5,1.5,1.5,1.5,1.5,1.5,1.5,0.0,0.0,0.0,0.0,0.0,0.0,0.0,0.0,0.0,0.0,0.0,0.0,0.0,0.0,0.0,0.0,0.0,0.0,0.0,0.0,0.0,0.0,0.0,0.0,0.0,0.0,0.0,0.0,0.0
-0.1,0.0,0.0,0.3,-0.2,0.0,-0.1,0.0,0.0,0.3,-0.2,0.0,0.0,0.0,0.0,-0.12174656435320381,0.24625424115091277,-0.09889454542150493,-0.5063486347314787,-1.3696390077995795,0.38181501741742774,0.2515538413548706,-0.32233615802652404,-0.3475933253886398,0.22618807315248626,-0.4295596490651863,1.97202,0.1036089221252961,-0.08377607010186752,0.0,0.0,0.0,0.0,0.0,0.0,0.0,0.0,0.0,0.0,0.0,0.0,0.0,0.0,0.0,1.195031817535331,-0.5168049089386756,-0.627425322715637,-0.12757474369897714,4.768770122085197,4.137344959334466,-2.75905128328783,-1.41390764167187,1.2976341186115639,-2.5101977691481028,0.01872402674706619,0.0,4.686620044349492,-2.870881276450843,0.0,0.0,0.0,0.0,0.0,0.0,0.0,0.0,0.0,0.0,0.0,0.0,40.0,40.0,40.0,60.0,60.0,60.0,60.0,60.0,60.0,60.0,60.0,60.0,60.0,60.0,60.0,60.0,60.0,0.0,0.0,0.0,0.0,0.0,0.0,0.0,0.0,0.0,0.0,0.0,0.0,1.0,1.0,1.0,1.5,1.5,1.5,1.5,1.5,1.5,1.5,1.5,1.5,1.5,1.5,1.5,1.5,1.5,0.0,0.0,0.0,0.0,0.0,0.0,0.0,0.0,0.0,0.0,0.0,0.0,0.0,0.0,0.0,0.0,0.0,0.0,0.0,0.0,0.0,0.0,0.0,0.0,0.0,0.0,0.0,0.0,0.0
-0.1,0.0,0.0,0.3,-0.2,0.0,-0.1,0.0,0.0,0.3,-0.2,0.0,0.0,0.0,0.0,-0.09911198140659958,0.23253488751121815,-0.09862226347080932,-0.5146754053994382,-1.3063912203433994,0.4841940323807157,0.17622212691516273,-0.34903123472248054,-0.3275959957762826,0.18428186633687635,-0.42893826731503165,1.97202,0.1726658407577145,-0.14034179587207676,0.0,0.0,0.0,0.0,0.0,0.0,0.0,0.0,0.0,0.0,0.0,0.0,0.0,0.0,0.0,-0.3084014317335956,0.04274521645094356,1.5391854080074963,-0.35774455719445597,-2.5098345066804026,2.2982466075072248,-0.8763387196721588,0.7557777648408855,0.18809357407123667,-2.315395857930358,0.13163193520345923,0.0,4.94045466788999,-2.4303518001754365,0.0,0.0,0.0,0.0,0.0,0.0,0.0,0.0,0.0,0.0,0.0,0.0,40.0,40.0,40.0,60.0,60.0,60.0,60.0,60.0,60.0,60.0,60.0,60.0,60.0,60.0,60.0,60.0,60.0,0.0,0.0,0.0,0.0,0.0,0.0,0.0,0.0,0.0,0.0,0.0,0.0,1.0,1.0,1.0,1.5,1.5,1.5,1.5,1.5,1.5,1.5,1.5,1.5,1.5,1.5,1.5,1.5,1.5,0.0,0.0,0.0,0.0,0.0,0.0,0.0,0.0,0.0,0.0,0.0,0.0,0.0,0.0,0.0,0.0,0.0,0.0,0.0,0.0,0.0,0.0,0.0,0.0,0.0,0.0,0.0,0.0,0.0
-0.1,0.0,0.0,0.3,-0.2,0.0,-0.1,0.0,0.0,0.3,-0.2,0.0,0.0,0.0,0.0,-0.13408262162254764,0.2479640498089505,-0.03732712910120508,-0.520658417019257,-1.4700323880667956,0.4737448817177167,0.21650029256798423,-0.2921050474328886,-0.34006958242579033,0.13357223883527194,-0.4242943716570479,1.97202,0.3012271088408957,-0.18099014210888498,0.0,0.0,0.0,0.0,0.0,0.0,0.0,0.0,0.0,0.0,0.0,0.0,0.0,0.0,0.0,0.20736544321899064,-0.03767740749058904,1.3724183767816025,-0.007459190642503111,0.24711692803398577,3.0088096480134414,-2.3571917587858864,-0.027206428332032795,0.20572373843793373,-2.2077726215040787,0.06286036770853931,0.0,4.374628463770296,-2.389566241520627,0.0,0.0,0.0,0.0,0.0,0.0,0.0,0.0,0.0,0.0,0.0,0.0,40.0,40.0,40.0,60.0,60.0,60.0,60.0,60.0,60.0,60.0,60.0,60.0,60.0,60.0,60.0,60.0,60.0,0.0,0.0,0.0,0.0,0.0,0.0,0.0,0.0,0.0,0.0,0.0,0.0,1.0,1.0,1.0,1.5,1.5,1.5,1.5,1.5,1.5,1.5,1.5,1.5,1.5,1.5,1.5,1.5,1.5,0.0,0.0,0.0,0.0,0.0,0.0,0.0,0.0,0.0,0.0,0.0,0.0,0.0,0.0,0.0,0.0,0.0,0.0,0.0,0.0,0.0,0.0,0.0,0.0,0.0,0.0,0.0,0.0,0.0
-0.1,0.0,0.0,0.3,-0.2,0.0,-0.1,0.0,0.0,0.3,-0.2,0.0,0.0,0.0,0.0,-0.09081736367783995,0.23102779121159459,-0.04372552839954522,-0.5149737730251384,-1.29650654322204,0.6045464183012533,0.08193445656372728,-0.35011949185576186,-0.3193670462387653,0.09597096147671319,-0.4264238526066901,1.97202,0.34765097930852634,-0.23592444553290184,0.0,0.0,0.0,0.0,0.0,0.0,0.0,0.0,0.0,0.0,0.0,0.0,0.0,0.0,0.0,0.8360711153847639,-0.1558678033763923,1.3140993872867812,0.24983828307692524,4.550914963695929,3.6666111179452856,-4.18498441702868,-0.8040302251828002,0.5608906533099713,-2.289965443144606,-0.49612093855603834,0.0,4.628001606446184,-2.8089255313376373,0.0,0.0,0.0,0.0,0.0,0.0,0.0,0.0,0.0,0.0,0.0,0.0,40.0,40.0,40.0,60.0,60.0,60.0,60.0,60.0,60.0,60.0,60.0,60.0,60.0,60.0,60.0,60.0,60.0,0.0,0.0,0.0,0.0,0.0,0.0,0.0,0.0,0.0,0.0,0.0,0.0,1.0,1.0,1.0,1.5,1.5,1.5,1.5,1.5,1.5,1.5,1.5,1.5,1.5,1.5,1.5,1.5,1.5,0.0,0.0,0.0,0.0,0.0,0.0,0.0,0.0,0.0,0.0,0.0,0.0,0.0,0.0,0.0,0.0,0.0,0.0,0.0,0.0,0.0,0.0,0.0,0.0,0.0,0.0,0.0,0.0,0.0
-0.1,0.0,0.0,0.3,-0.2,0.0,-0.1,0.0,0.0,0.3,-0.2,0.0,0.0,0.0,0.0,-0.10063977700715708,0.24172933767389482,0.01523684639026617,-0.51066488569618,-1.2879957895189584,0.6204093264355282,0.049100915886837015,-0.32426625644020063,-0.3176339562933915,0.041973621109487706,-0.44413920919928945,1.97202,0.4863471730987431,-0.2933471633623905,0.0,0.0,0.0,0.0,0.0,0.0,0.0,0.0,0.0,0.0,0.0,0.0,0.0,0.0,0.0,-0.8611988009665321,-0.07856650711302246,1.1358018151631843,-0.18944437076857112,-1.3622311574229662,-0.06149754134977814,-0.5530687155433534,1.2474860690425595,0.7325194347098481,-1.465291720762198,0.3072504925668018,0.0,5.431536969934863,-1.9548164940789667,0.0,0.0,0.0,0.0,0.0,0.0,0.0,0.0,0.0,0.0,0.0,0.0,40.0,40.0,40.0,60.0,60.0,60.0,60.0,60.0,60.0,60.0,60.0,60.0,60.0,60.0,60.0,60.0,60.0,0.0,0.0,0.0,0.0,0.0,0.0,0.0,0.0,0.0,0.0,0.0,0.0,1.0,1.0,1.0,1.5,1.5,1.5,1.5,1.5,1.5,1.5,1.5,1.5,1.5,1.5,1.5,1.5,1.5,0.0,0.0,0.0,0.0,0.0,0.0,0.0,0.0,0.0,0.0,0.0,0.0,0.0,0.0,0.0,0.0,0.0,0.0,0.0,0.0,0.0,0.0,0.0,0.0,0.0,0.0,0.0,0.0,0.0
-0.1,0.0,0.0,0.3,-0.2,0.0,-0.1,0.0,0.0,0.3,-0.2,0.0,0.0,0.0,0.0,-0.12526531571650124,0.2278851309270737,0.0017065442069821492,-0.5225515478558812,-1.3509957895189586,0.6020865166472622,0.05981170794199314,-0.30022004909405947,-0.29006626885037134,0.03735929264622527,-0.414133832904018,1.97202,0.5649124581059208,-0.3141171052960605,0.0,0.0,0.0,0.0,0.0,0.0,0.0,0.0,0.0,0.0,0.0,0.0,0.0,0.0,0.0,-0.7190738965559006,-0.15258210952584714,-0.053059320891209225,-1.0330844007222533,-4.553754385964326,-0.24544121421744558,-1.1735843523137297,0.5348302439547716,0.8324428568483158,-0.7776849714992426,1.3996515708233084,0.0,5.073279691596305,-3.2689297105218422,0.0,0.0,0.0,0.0,0.0,0.0,0.0,0.0,0.0,0.0,0.0,0.0,40.0,40.0,40.0,60.0,60.0,60.0,60.0,60.0,60.0,60.0,60.0,60.0,60.0,60.0,60.0,60.0,60.0,0.0,0.0,0.0,0.0,0.0,0.0,0.0,0.0,0.0,0.0,0.0,0.0,1.0,1.0,1.0,1.5,1.5,1.5,1.5,1.5,1.5,1.5,1.5,1.5,1.5,1.5,1.5,1.5,1.5,0.0,0.0,0.0,0.0,0.0,0.0,0.0,0.0,0.0,0.0,0.0,0.0,0.0,0.0,0.0,0.0,0.0,0.0,0.0,0.0,0.0,0.0,0.0,0.0,0.0,0.0,0.0,0.0,0.0
-0.1,0.0,0.0,0.3,-0.2,0.0,-0.1,0.0,0.0,0.3,-0.2,0.0,0.0,0.0,0.0,-0.1294027328693931,0.23562605329286093,0.013114473554617801,-0.5519882617250701,-1.4701459649575315,0.6105916778668303,0.0021575417942878254,-0.30287304668200976,-0.28433624201945884,0.010866222249518002,-0.3881531463663571,1.97202,0.6892783607625953,-0.42410435178326417,0.0,0.0,0.0,0.0,0.0,0.0,0.0,0.0,0.0,0.0,0.0,0.0,0.0,0.0,0.0,-0.23653243008960947,-0.4949264125988735,-0.5252956772104614,-0.4175061913237965,-2.3332633180952187,1.3441949177406043,-2.8944373685381217,-0.38110540290079015,1.367951736723204,-0.15316670845238328,1.147669684327969,0.0,4.006423254073288,-3.9623031090579977,0.0,0.0,0.0,0.0,0.0,0.0,0.0,0.0,0.0,0.0,0.0,0.0,40.0,40.0,40.0,60.0,60.0,60.0,60.0,60.0,60.0,60.0,60.0,60.0,60.0,60.0,60.0,60.0,60.0,0.0,0.0,0.0,0.0,0.0,0.0,0.0,0.0,0.0,0.0,0.0,0.0,1.0,1.0,1.0,1.5,1.5,1.5,1.5,1.5,1.5,1.5,1.5,1.5,1.5,1.5,1.5,1.5,1.5,0.0,0.0,0.0,0.0,0.0,0.0,0.0,0.0,0.0,0.0,0.0,0.0,0.0,0.0,0.0,0.0,0.0,0.0,0.0,0.0,0.0,0.0,0.0,0.0,0.0,0.0,0.0,0.0,0.0
-0.1,0.0,0.0,0.3,-0.2,0.0,-0.1,0.0,0.0,0.3,-0.2,0.0,0.0,0.0,0.0,-0.13472661292008561,0.20808807442311875,-0.019305282881436306,-0.5392517955088331,-1.4443263222427674,0.6558543133568864,-0.05596578679953174,-0.3154642652100911,-0.2353481993814432,0.03123262430812994,-0.36822704553089924,1.97202,0.7251693882688524,-0.4726092296583804,0.0,0.0,0.0,0.0,0.0,0.0,0.0,0.0,0.0,0.0,0.0,0.0,0.0,0.0,0.0,0.381574897290923,-0.2877436971047684,0.25967092483385235,0.9296217426887271,2.3877128677600723,1.7855141450763528,-3.2079483726990037,-0.03446536225479441,1.346194904478929,-0.08604375098696043,0.24299028766475855,0.0,1.3156907113274385,-0.3766013430147111,0.0,0.0,0.0,0.0,0.0,0.0,0.0,0.0,0.0,0.0,0.0,0.0,40.0,40.0,40.0,60.0,60.0,60.0,60.0,60.0,60.0,60.0,60.0,60.0,60.0,60.0,60.0,60.0,60.0,0.0,0.0,0.0,0.0,0.0,0.0,0.0,0.0,0.0,0.0,0.0,0.0,1.0,1.0,1.0,1.5,1.5,1.5,1.5,1.5,1.5,1.5,1.5,1.5,1.5,1.5,1.5,1.5,1.5,0.0,0.0,0.0,0.0,0.0,0.0,0.0,0.0,0.0,0.0,0.0,0.0,0.0,0.0,0.0,0.0,0.0,0.0,0.0,0.0,0.0,0.0,0.0,0.0,0.0,0.0,0.0,0.0,0.0
-0.1,0.0,0.0,0.3,-0.2,0.0,-0.1,0.0,0.0,0.3,-0.2,0.0,0.0,0.0,0.0,-0.11413973697775619,0.2241163054086702,0.023501310547971895,-0.514803392017521,-1.3746374502471286,0.6820122436698844,-0.12616039311367233,-0.30425166117220154,-0.23048844584030168,0.007424472210039584,-0.3784335348597668,1.97202,0.7419059892156928,-0.4391684055038526,0.0,0.0,0.0,0.0,0.0,0.0,0.0,0.0,0.0,0.0,0.0,0.0,0.0,0.0,0.0,0.4296133841301713,-0.5853827798416145,-0.491857147533002,0.32398565959460557,6.467221799890965,-0.08332902655890928,-6.36807442877763,-0.22843903478263483,0.9505239785269944,0.9958068732839418,-0.20431590738342886,0.0,-1.4983153432652108,1.9668028637359323,0.0,0.0,0.0,0.0,0.0,0.0,0.0,0.0,0.0,0.0,0.0,0.0,40.0,40.0,40.0,60.0,60.0,60.0,60.0,60.0,60.0,60.0,60.0,60.0,60.0,60.0,60.0,60.0,60.0,0.0,0.0,0.0,0.0,0.0,0.0,0.0,0.0,0.0,0.0,0.0,0.0,1.0,1.0,1.0,1.5,1.5,1.5,1.5,1.5,1.5,1.5,1.5,1.5,1.5,1.5,1.5,1.5,1.5,0.0,0.0,0.0,0.0,0.0,0.0,0.0,0.0,0.0,0.0,0.0,0.0,0.0,0.0,0.0,0.0,0.0,0.0,0.0,0.0,0.0,0.0,0.0,0.0,0.0,0.0,0.0,0.0,0.0
-0.1,0.0,0.0,0.3,-0.2,0.0,-0.1,0.0,0.0,0.3,-0.2,0.0,0.0,0.0,0.0,-0.11754207755487876,0.18467276322945417,-0.03897956878275639,-0.5262923691250488,-1.1856374502471287,0.65252115229453,-0.31068876395063694,-0.32460182660139647,-0.1973272402403634,0.07106489923948761,-0.3763996818262364,1.97202,0.6652367745382439,-0.39393711510894314,0.0,0.0,0.0,0.0,0.0,0.0,0.0,0.0,0.0,0.0,0.0,0.0,0.0,0.0,0.0,-0.6261925133501729,0.58068337886839,0.7292079018762976,-0.6822014215149469,6.75490025037016,-3.2148892217910006,-7.550697393835389,1.3083263673497116,-0.8674710728984992,-0.5992930567703846,0.5607537976477367,0.0,1.1232991093696103,2.003562848512784,0.0,0.0,0.0,0.0,0.0,0.0,0.0,0.0,0.0,0.0,0.0,0.0,40.0,40.0,40.0,60.0,60.0,60.0,60.0,60.0,60.0,60.0,60.0,60.0,60.0,60.0,60.0,60.0,60.0,0.0,0.0,0.0,0.0,0.0,0.0,0.0,0.0,0.0,0.0,0.0,0.0,1.0,1.0,1.0,1.5,1.5,1.5,1.5,1.5,1.5,1.5,1.5,1.5,1.5,1.5,1.5,1.5,1.5,0.0,0.0,0.0,0.0,0.0,0.0,0.0,0.0,0.0,0.0,0.0,0.0,0.0,0.0,0.0,0.0,0.0,0.0,0.0,0.0,0.0,0.0,0.0,0.0,0.0,0.0,0.0,0.0,0.0
-0.1,0.0,0.0,0.3,-0.2,0.0,-0.1,0.0,0.0,0.3,-0.2,0.0,0.0,0.0,0.0,-0.1391874375117631,0.2473436405634058,0.052669626623023796,-0.5420914488781189,-1.1044414402323222,0.5534166747982444,-0.4281882888670879,-0.25191860647821307,-0.26518728875624165,-0.0165472500607758,-0.3560033829538573,1.97202,0.7868379535904773,-0.35902589156334125,0.0,0.0,0.0,0.0,0.0,0.0,0.0,0.0,0.0,0.0,0.0,0.0,0.0,0.0,0.0,-0.4082879424487634,0.9615057057145916,0.7803937657548838,-0.046848112009409415,0.454900250370166,-2.598537384035579,-2.960347468435974,1.1705180099351467,-0.7172203992326848,-2.202358914056018,0.7591674217200264,0.0,2.4923088393357355,0.7702652097460696,0.0,0.0,0.0,0.0,0.0,0.0,0.0,0.0,0.0,0.0,0.0,0.0,40.0,40.0,40.0,60.0,60.0,60.0,60.0,60.0,60.0,60.0,60.0,60.0,60.0,60.0,60.0,60.0,60.0,0.0,0.0,0.0,0.0,0.0,0.0,0.0,0.0,0.0,0.0,0.0,0.0,1.0,1.0,1.0,1.5,1.5,1.5,1.5,1.5,1.5,1.5,1.5,1.5,1.5,1.5,1.5,1.5,1.5,0.0,0.0,0.0,0.0,0.0,0.0,0.0,0.0,0.0,0.0,0.0,0.0,0.0,0.0,0.0,0.0,0.0,0.0,0.0,0.0,0.0,0.0,0.0,0.0,0.0,0.0,0.0,0.0,0.0
-0.1,0.0,0.0,0.3,-0.2,0.0,-0.1,0.0,0.0,0.3,-0.2,0.0,0.0,0.0,0.0,-0.1338735952528293,0.22313299145803783,-0.007763818152561034,-0.5281662936054252,-1.167441440232322,0.5485796569331068,-0.4291026626880759,-0.2777811062039906,-0.2260160562096708,-0.017029457322753107,-0.34603298495743534,1.97202,0.7649291281116734,-0.36312650671910035,0.0,0.0,0.0,0.0,0.0,0.0,0.0,0.0,0.0,0.0,0.0,0.0,0.0,0.0,0.0,1.7665892997944477,-0.47916130071037133,-0.5562652746704219,1.1502748464199255,-1.9401064065251272,1.6099857962640878,-5.36849085165692,-1.5508488045492097,0.051194703365600724,0.2136648266216321,0.35268371318647046,0.0,-6.3437911364146835,4.43002668663378,0.0,0.0,0.0,0.0,0.0,0.0,0.0,0.0,0.0,0.0,0.0,0.0,40.0,40.0,40.0,60.0,60.0,60.0,60.0,60.0,60.0,60.0,60.0,60.0,60.0,60.0,60.0,60.0,60.0,0.0,0.0,0.0,0.0,0.0,0.0,0.0,0.0,0.0,0.0,0.0,0.0,1.0,1.0,1.0,1.5,1.5,1.5,1.5,1.5,1.5,1.5,1.5,1.5,1.5,1.5,1.5,1.5,1.5,0.0,0.0,0.0,0.0,0.0,0.0,0.0,0.0,0.0,0.0,0.0,0.0,0.0,0.0,0.0,0.0,0.0,0.0,0.0,0.0,0.0,0.0,0.0,0.0,0.0,0.0,0.0,0.0,0.0
-0.1,0.0,0.0,0.3,-0.2,0.0,-0.1,0.0,0.0,0.3,-0.2,0.0,0.0,0.0,0.0,-0.0685238655199852,0.22817718853499094,0.03041901563620692,-0.49608045502132186,-1.1820456964933272,0.6178161066488079,-0.6429279229333646,-0.31395255866018146,-0.2631395006216176,-0.008000656995910516,-0.3418960344263985,1.97202,0.5330863081338899,-0.18182482409799006,0.0,0.0,0.0,0.0,0.0,0.0,0.0,0.0,0.0,0.0,0.0,0.0,0.0,0.0,0.0,1.2769997235560677,0.1664580794557606,2.2021693231479205,1.9731516448660156,-3.957971500263202,2.7614884304053344,-5.977115439061318,-0.37708240467371756,-1.5512489873491213,1.919225812468427,0.3461536462778664,0.0,-9.136316310602878,7.5340928884616645,0.0,0.0,0.0,0.0,0.0,0.0,0.0,0.0,0.0,0.0,0.0,0.0,40.0,40.0,40.0,60.0,60.0,60.0,60.0,60.0,60.0,60.0,60.0,60.0,60.0,60.0,60.0,60.0,60.0,0.0,0.0,0.0,0.0,0.0,0.0,0.0,0.0,0.0,0.0,0.0,0.0,1.0,1.0,1.0,1.5,1.5,1.5,1.5,1.5,1.5,1.5,1.5,1.5,1.5,1.5,1.5,1.5,1.5,0.0,0.0,0.0,0.0,0.0,0.0,0.0,0.0,0.0,0.0,0.0,0.0,0.0,0.0,0.0,0.0,0.0,0.0,0.0,0.0,0.0,0.0,0.0,0.0,0.0,0.0,0.0,0.0,0.0
-0.1,0.0,0.0,0.3,-0.2,0.0,-0.1,0.0,0.0,0.3,-0.2,0.0,0.0,0.0,0.0,-0.08279360631058659,0.22979131463626826,0.08032295477335578,-0.4492402278107846,-1.3257603002428502,0.6590391941493202,-0.6681872802505286,-0.2928644023909393,-0.28806601570363566,0.059739575175983974,-0.3321868391063207,1.97202,0.39947647568755823,-0.06176279118063376,0.0,0.0,0.0,0.0,0.0,0.0,0.0,0.0,0.0,0.0,0.0,0.0,0.0,0.0,0.0,-0.4126790815957671,0.512587785310354,2.3376292968657153,2.771392209705442,-10.087727328031887,2.007042514525284,0.508346541015775,1.1894330921941476,-0.9246375887689436,2.6395601841447136,0.6477954493618682,0.0,-6.004995920139271,6.686103036104897,0.0,0.0,0.0,0.0,0.0,0.0,0.0,0.0,0.0,0.0,0.0,0.0,40.0,40.0,40.0,60.0,60.0,60.0,60.0,60.0,60.0,60.0,60.0,60.0,60.0,60.0,60.0,60.0,60.0,0.0,0.0,0.0,0.0,0.0,0.0,0.0,0.0,0.0,0.0,0.0,0.0,1.0,1.0,1.0,1.5,1.5,1.5,1.5,1.5,1.5,1.5,1.5,1.5,1.5,1.5,1.5,1.5,1.5,0.0,0.0,0.0,0.0,0.0,0.0,0.0,0.0,0.0,0.0,0.0,0.0,0.0,0.0,0.0,0.0,0.0,0.0,0.0,0.0,0.0,0.0,0.0,0.0,0.0,0.0,0.0,0.0,0.0
-0.1,0.0,0.0,0.3,-0.2,0.0,-0.1,0.0,0.0,0.3,-0.2,0.0,0.0,0.0,0.0,-0.08503102878381588,0.2486806999474051,0.12392418751083555,-0.3852247666331042,-1.5855547896146027,0.6980978072298193,-0.6225940612927336,-0.26637523497241555,-0.30012500417237536,0.09758175036987803,-0.31598421645192376,1.97202,0.2928864713283191,0.08561929734620584,0.0,0.0,0.0,0.0,0.0,0.0,0.0,0.0,0.0,0.0,0.0,0.0,0.0,0.0,0.0,0.03008916929519989,0.5551880566678595,0.6977171105659308,3.1773019299994236,-9.683441651145413,0.20017287773335946,1.7676813331083479,0.8188118038194538,0.041155562192028705,2.3550003863804743,0.33429693345692485,0.0,-6.019537850978516,6.9088098692578095,0.0,0.0,0.0,0.0,0.0,0.0,0.0,0.0,0.0,0.0,0.0,0.0,40.0,40.0,40.0,60.0,60.0,60.0,60.0,60.0,60.0,60.0,60.0,60.0,60.0,60.0,60.0,60.0,60.0,0.0,0.0,0.0,0.0,0.0,0.0,0.0,0.0,0.0,0.0,0.0,0.0,1.0,1.0,1.0,1.5,1.5,1.5,1.5,1.5,1.5,1.5,1.5,1.5,1.5,1.5,1.5,1.5,1.5,0.0,0.0,0.0,0.0,0.0,0.0,0.0,0.0,0.0,0.0,0.0,0.0,0.0,0.0,0.0,0.0,0.0,0.0,0.0,0.0,0.0,0.0,0.0,0.0,0.0,0.0,0.0,0.0,0.0
-0.1,0.0,0.0,0.3,-0.2,0.0,-0.1,0.0,0.0,0.3,-0.2,0.0,0.0,0.0,0.0,-0.0815900395387786,0.25199883690298264,0.10823163919599302,-0.32214815061080765,-1.7130979662886667,0.6670461092586546,-0.5974800269261947,-0.26011193023816115,-0.2864197932159545,0.15393959063120294,-0.3188149617680437,1.97202,0.1586949616484176,0.2145896035896786,0.0,0.0,0.0,0.0,0.0,0.0,0.0,0.0,0.0,0.0,0.0,0.0,0.0,0.0,0.0,-0.25224801508840833,0.3009135921590231,-1.049396634491608,2.044906043344645,-6.566202756409151,-1.9170748021290485,2.5414424367025594,0.7115286140423012,0.26479305404984027,2.461441550428742,0.605035441654246,0.0,-3.049766201974374,5.990914561897292,0.0,0.0,0.0,0.0,0.0,0.0,0.0,0.0,0.0,0.0,0.0,0.0,40.0,40.0,40.0,60.0,60.0,60.0,60.0,60.0,60.0,60.0,60.0,60.0,60.0,60.0,60.0,60.0,60.0,0.0,0.0,0.0,0.0,0.0,0.0,0.0,0.0,0.0,0.0,0.0,0.0,1.0,1.0,1.0,1.5,1.5,1.5,1.5,1.5,1.5,1.5,1.5,1.5,1.5,1.5,1.5,1.5,1.5,0.0,0.0,0.0,0.0,0.0,0.0,0.0,0.0,0.0,0.0,0.0,0.0,0.0,0.0,0.0,0.0,0.0,0.0,0.0,0.0,0.0,0.0,0.0,0.0,0.0,0.0,0.0,0.0,0.0
-0.1,0.0,0.0,0.3,-0.2,0.0,-0.1,0.0,0.0,0.3,-0.2,0.0,0.0,0.0,0.0,-0.09512094938735222,0.260717243633766,0.08194832213117123,-0.3034285248993184,-1.8482028998709688,0.6214148151446574,-0.5209363638246313,-0.2379140904107235,-0.28953328201038175,0.1960394123870277,-0.2917827987857539,1.97202,0.1708958232493441,0.3252558798220975,0.0,0.0,0.0,0.0,0.0,0.0,0.0,0.0,0.0,0.0,0.0,0.0,0.0,0.0,0.0,-0.9333148352333457,0.7085511072259811,-1.391216543949484,1.1005919754805624,-5.612241844014748,-4.838401033605738,5.6950746933323995,1.7357233667035092,0.6074320245093412,0.7765422201171595,1.0111667662594734,0.0,3.352207656380437,7.5721981990427425,0.0,0.0,0.0,0.0,0.0,0.0,0.0,0.0,0.0,0.0,0.0,0.0,40.0,40.0,40.0,60.0,60.0,60.0,60.0,60.0,60.0,60.0,60.0,60.0,60.0,60.0,60.0,60.0,60.0,0.0,0.0,0.0,0.0,0.0,0.0,0.0,0.0,0.0,0.0,0.0,0.0,1.0,1.0,1.0,1.5,1.5,1.5,1.5,1.5,1.5,1.5,1.5,1.5,1.5,1.5,1.5,1.5,1.5,0.0,0.0,0.0,0.0,0.0,0.0,0.0,0.0,0.0,0.0,0.0,0.0,0.0,0.0,0.0,0.0,0.0,0.0,0.0,0.0,0.0,0.0,0.0,0.0,0.0,0.0,0.0,0.0,0.0
-0.1,0.0,0.0,0.3,-0.2,0.0,-0.1,0.0,0.0,0.3,-0.2,0.0,0.0,0.0,0.0,-0.11892263294811242,0.2803408811920219,0.052582977438013656,-0.27812447159158515,-1.9375876400492567,0.47351006791442507,-0.36967703919289874,-0.19068299557002077,-0.26212251223558086,0.18500127943588932,-0.27836829111766476,1.97202,0.29278326790363507,0.5174775315513883,0.0,0.0,0.0,0.0,0.0,0.0,0.0,0.0,0.0,0.0,0.0,0.0,0.0,0.0,0.0,-0.9791036089206818,0.36557617010166965,-2.2462872409377903,-0.7384403751331161,-3.0954275032257836,-6.76432848309154,6.231205456947805,1.5339062262669443,1.2911824008206625,-0.8010511838905311,3.0824894302252916,0.0,7.847731888452872,9.192711807595154,0.0,0.0,0.0,0.0,0.0,0.0,0.0,0.0,0.0,0.0,0.0,0.0,40.0,40.0,40.0,60.0,60.0,60.0,60.0,60.0,60.0,60.0,60.0,60.0,60.0,60.0,60.0,60.0,60.0,0.0,0.0,0.0,0.0,0.0,0.0,0.0,0.0,0.0,0.0,0.0,0.0,1.0,1.0,1.0,1.5,1.5,1.5,1.5,1.5,1.5,1.5,1.5,1.5,1.5,1.5,1.5,1.5,1.5,0.0,0.0,0.0,0.0,0.0,0.0,0.0,0.0,0.0,0.0,0.0,0.0,0.0,0.0,0.0,0.0,0.0,0.0,0.0,0.0,0.0,0.0,0.0,0.0,0.0,0.0,0.0,0.0,0.0
-0.1,0.0,0.0,0.3,-0.2,0.0,-0.1,0.0,0.0,0.3,-0.2,0.0,0.0,0.0,0.0,-0.1342850937441795,0.2753402904378328,-0.007903167506340389,-0.332966139904643,-1.97202,0.35084167582099574,-0.27168814554671905,-0.17655784136004574,-0.23788598597755525,0.16399736503140647,-0.16848322157674225,1.97202,0.484805098787459,0.6929643521259037,0.0,0.0,0.0,0.0,0.0,0.0,0.0,0.0,0.0,0.0,0.0,0.0,0.0,0.0,0.0,-0.11107861483503692,-0.08689385837602759,-2.418831662415148,-2.094372669512154,-0.8608089987685863,-4.231449875047745,3.009268172030246,-0.020398085527222748,1.189440252767912,-1.5945545205656029,4.808026440400472,0.0,7.9041272626189345,6.516065049117844,0.0,0.0,0.0,0.0,0.0,0.0,0.0,0.0,0.0,0.0,0.0,0.0,40.0,40.0,40.0,60.0,60.0,60.0,60.0,60.0,60.0,60.0,60.0,60.0,60.0,60.0,60.0,60.0,60.0,0.0,0.0,0.0,0.0,0.0,0.0,0.0,0.0,0.0,0.0,0.0,0.0,1.0,1.0,1.0,1.5,1.5,1.5,1.5,1.5,1.5,1.5,1.5,1.5,1.5,1.5,1.5,1.5,1.5,0.0,0.0,0.0,0.0,0.0,0.0,0.0,0.0,0.0,0.0,0.0,0.0,0.0,0.0,0.0,0.0,0.0,0.0,0.0,0.0,0.0,0.0,0.0,0.0,0.0,0.0,0.0,0.0,0.0
-0.1,0.0,0.0,0.3,-0.2,0.0,-0.1,0.0,0.0,0.3,-0.2,0.0,0.0,0.0,0.0,-0.1233657775415139,0.2768651268569808,-0.04417028905859227,-0.3618993783720713,-1.97202,0.30425207291251527,-0.2493063123116889,-0.19149891899110968,-0.21454490212486438,0.1212190986132652,-0.0860472335016459,1.97202,0.6089483584083925,0.7781201335161021,0.0,0.0,0.0,0.0,0.0,0.0,0.0,0.0,0.0,0.0,0.0,0.0,0.0,0.0,0.0,0.41185615124138125,0.05308439795485148,-1.174968896418125,-1.0478371284292547,0.0,-1.5805571195875432,0.9242386154510056,-0.5853579647740955,0.9113279826114692,-1.7719892304218041,3.5993919804521823,0.0,5.293055900621423,3.9357955966520475,0.0,0.0,0.0,0.0,0.0,0.0,0.0,0.0,0.0,0.0,0.0,0.0,40.0,40.0,40.0,60.0,60.0,60.0,60.0,60.0,60.0,60.0,60.0,60.0,60.0,60.0,60.0,60.0,60.0,0.0,0.0,0.0,0.0,0.0,0.0,0.0,0.0,0.0,0.0,0.0,0.0,1.0,1.0,1.0,1.5,1.5,1.5,1.5,1.5,1.5,1.5,1.5,1.5,1.5,1.5,1.5,1.5,1.5,0.0,0.0,0.0,0.0,0.0,0.0,0.0,0.0,0.0,0.0,0.0,0.0,0.0,0.0,0.0,0.0,0.0,0.0,0.0,0.0,0.0,0.0,0.0,0.0,0.0,0.0,0.0,0.0,0.0
-0.1,0.0,0.0,0.3,-0.2,0.0,-0.1,0.0,0.0,0.3,-0.2,0.0,0.0,0.0,0.0,-0.11781084769452424,0.2774636663560269,-0.054901923363065396,-0.3748796250418132,-1.97202,0.287619391037494,-0.23471860092867883,-0.19997215995100956,-0.20143286667309648,0.0931177958145343,-0.024507542358654946,1.97202,0.6965273348123159,0.8503961759919856,0.0,0.0,0.0,0.0,0.0,0.0,0.0,0.0,0.0,0.0,0.0,0.0,0.0,0.0,0.0,0.22407250732751244,0.034089900626879666,-0.4151448747333936,-0.020307466641250604,0.0,-0.3878582355579224,-0.5219338716338707,-0.26108218569010216,0.7023171014287927,-1.1888844528265659,2.6636613543972496,0.0,4.15682223506739,2.0176986467908358,0.0,0.0,0.0,0.0,0.0,0.0,0.0,0.0,0.0,0.0,0.0,0.0,40.0,40.0,40.0,60.0,60.0,60.0,60.0,60.0,60.0,60.0,60.0,60.0,60.0,60.0,60.0,60.0,60.0,0.0,0.0,0.0,0.0,0.0,0.0,0.0,0.0,0.0,0.0,0.0,0.0,1.0,1.0,1.0,1.5,1.5,1.5,1.5,1.5,1.5,1.5,1.5,1.5,1.5,1.5,1.5,1.5,1.5,0.0,0.0,0.0,0.0,0.0,0.0,0.0,0.0,0.0,0.0,0.0,0.0,0.0,0.0,0.0,0.0,0.0,0.0,0.0,0.0,0.0,0.0,0.0,0.0,0.0,0.0,0.0,0.0,0.0
-0.1,0.0,0.0,0.3,-0.2,0.0,-0.1,0.0,0.0,0.3,-0.2,0.0,0.0,0.0,0.0,-0.1144028772484134,0.27822872288205597,-0.06077608404792802,-0.36271167703772134,-1.97202,0.2887377434901984,-0.27018366717704373,-0.20194220641871377,-0.18645221806771267,0.07366372050020256,0.02049922067424408,1.97202,0.775221247811088,0.8588280793877355,0.0,0.0,0.0,0.0,0.0,0.0,0.0,0.0,0.0,0.0,0.0,0.0,0.0,0.0,0.0,0.43310165649754484,0.14726438583719942,0.01165700830467551,0.41636528592338545,0.0,0.788536595806763,-2.7226915479519143,-0.3278835491950946,0.6176331302881394,-1.0646996338286026,1.4281842480436817,0.0,0.5539118064549764,-1.927793317885254,0.0,0.0,0.0,0.0,0.0,0.0,0.0,0.0,0.0,0.0,0.0,0.0,40.0,40.0,40.0,60.0,60.0,60.0,60.0,60.0,60.0,60.0,60.0,60.0,60.0,60.0,60.0,60.0,60.0,0.0,0.0,0.0,0.0,0.0,0.0,0.0,0.0,0.0,0.0,0.0,0.0,1.0,1.0,1.0,1.5,1.5,1.5,1.5,1.5,1.5,1.5,1.5,1.5,1.5,1.5,1.5,1.5,1.5,0.0,0.0,0.0,0.0,0.0,0.0,0.0,0.0,0.0,0.0,0.0,0.0,0.0,0.0,0.0,0.0,0.0,0.0,0.0,0.0,0.0,0.0,0.0,0.0,0.0,0.0,0.0,0.0,0.0
-0.1,0.0,0.0,0.3,-0.2,0.0,-0.1,0.0,0.0,0.3,-0.2,0.0,0.0,0.0,0.0,-0.10048678143462245,0.28335424178951485,-0.054435643030878375,-0.3582250136048778,-1.97202,0.31916085486976453,-0.3436262628467554,-0.21308750191881334,-0.1767275414615709,0.0505298104613902,0.03261982756309233,1.97202,0.7186838070705149,0.7732844432765754,0.0,0.0,0.0,0.0,0.0,0.0,0.0,0.0,0.0,0.0,0.0,0.0,0.0,0.0,0.0,0.5922833292268184,0.11129014147349264,0.3295772300293837,-0.09400775492730135,0.0,1.50115175171511,-4.570249896190018,-0.6599691587230019,0.3450148399865661,-0.0922997557984577,-1.5310610056696112,0.0,-7.07093118630437,-8.436825031690576,0.0,0.0,0.0,0.0,0.0,0.0,0.0,0.0,0.0,0.0,0.0,0.0,40.0,40.0,40.0,60.0,60.0,60.0,60.0,60.0,60.0,60.0,60.0,60.0,60.0,60.0,60.0,60.0,60.0,0.0,0.0,0.0,0.0,0.0,0.0,0.0,0.0,0.0,0.0,0.0,0.0,1.0,1.0,1.0,1.5,1.5,1.5,1.5,1.5,1.5,1.5,1.5,1.5,1.5,1.5,1.5,1.5,1.5,0.0,0.0,0.0,0.0,0.0,0.0,0.0,0.0,0.0,0.0,0.0,0.0,0.0,0.0,0.0,0.0,0.0,0.0,0.0,0.0,0.0,0.0,0.0,0.0,0.0,0.0,0.0,0.0,0.0
-0.1,0.0,0.0,0.3,-0.2,0.0,-0.1,0.0,0.0,0.3,-0.2,0.0,0.0,0.0,0.0,-0.09071154407934066,0.2826803285409957,-0.04759299484675267,-0.3664719872348134,-1.97202,0.3487838135588028,-0.45299366302464444,-0.22834097276763385,-0.17265162446825003,0.06997173026826425,-0.040743219552540365,1.97202,0.4923840003589132,0.5213550781201125,0.0,0.0,0.0,0.0,0.0,0.0,0.0,0.0,0.0,0.0,0.0,0.0,0.0,0.0,0.0,1.031567324469392,-1.3396043796239243,-1.1525680454875522,0.10326653668225882,0.0,5.946513893478991,-5.378839616232582,-1.9275996553283998,1.2893941480284838,3.917538861000257,-5.154696879330315,0.0,-13.577900343457863,-15.405496515663161,0.0,0.0,0.0,0.0,0.0,0.0,0.0,0.0,0.0,0.0,0.0,0.0,40.0,40.0,40.0,60.0,60.0,60.0,60.0,60.0,60.0,60.0,60.0,60.0,60.0,60.0,60.0,60.0,60.0,0.0,0.0,0.0,0.0,0.0,0.0,0.0,0.0,0.0,0.0,0.0,0.0,1.0,1.0,1.0,1.5,1.5,1.5,1.5,1.5,1.5,1.5,1.5,1.5,1.5,1.5,1.5,1.5,1.5,0.0,0.0,0.0,0.0,0.0,0.0,0.0,0.0,0.0,0.0,0.0,0.0,0.0,0.0,0.0,0.0,0.0,0.0,0.0,0.0,0.0,0.0,0.0,0.0,0.0,0.0,0.0,0.0,0.0
-0.1,0.0,0.0,0.3,-0.2,0.0,-0.1,0.0,0.0,0.3,-0.2,0.0,0.0,0.0,0.0,-0.05922408845584677,0.22977006660455787,-0.10053836485038047,-0.35409435213758744,-1.97202,0.5570214106089242,-0.5587798474960587,-0.29019148813194934,-0.12515177554043155,0.20723136490140046,-0.17356804761012024,1.97202,0.17556779333220043,0.15706458265004894,0.0,0.0,0.0,0.0,0.0,0.0,0.0,0.0,0.0,0.0,0.0,0.0,0.0,0.0,0.0,0.29029337551949413,-1.4598606106145051,0.27451039522751725,1.3055894141977178,0.4275758393616935,6.683212952270244,-4.325955528608776,-0.792553914722769,0.8160971322976197,5.546673680378951,-6.486524900591127,0.0,-11.762499305708058,-12.99632598703259,0.0,0.0,0.0,0.0,0.0,0.0,0.0,0.0,0.0,0.0,0.0,0.0,40.0,40.0,40.0,60.0,60.0,60.0,60.0,60.0,60.0,60.0,60.0,60.0,60.0,60.0,60.0,60.0,60.0,0.0,0.0,0.0,0.0,0.0,0.0,0.0,0.0,0.0,0.0,0.0,0.0,1.0,1.0,1.0,1.5,1.5,1.5,1.5,1.5,1.5,1.5,1.5,1.5,1.5,1.5,1.5,1.5,1.5,0.0,0.0,0.0,0.0,0.0,0.0,0.0,0.0,0.0,0.0,0.0,0.0,0.0,0.0,0.0,0.0,0.0,0.0,0.0,0.0,0.0,0.0,0.0,0.0,0.0,0.0,0.0,0.0,0.0
-0.1,0.0,0.0,0.3,-0.2,0.0,-0.1,0.0,0.0,0.3,-0.2,0.0,0.0,0.0,0.0,-0.0790998090585609,0.22428590411641547,-0.03661257903765198,-0.3142484106669047,-1.9549169664255324,0.6161123316496125,-0.6260318841689955,-0.2600431293565446,-0.14000773917634524,0.2918386774834223,-0.30020421557618543,1.97202,0.02188402813059088,0.0015020386388089058,0.0,0.0,0.0,0.0,0.0,0.0,0.0,0.0,0.0,0.0,0.0,0.0,0.0,0.0,0.0,-1.1071782940973094,-0.015588594279906942,2.0417377712942506,0.7813107129699806,1.495340374239612,0.0006133195079666143,-3.910703562119619,1.2749811445454187,-1.0323640047421243,3.007429468541963,-4.335039284154865,0.0,-5.41154706789921,-6.304078883359233,0.0,0.0,0.0,0.0,0.0,0.0,0.0,0.0,0.0,0.0,0.0,0.0,40.0,40.0,40.0,60.0,60.0,60.0,60.0,60.0,60.0,60.0,60.0,60.0,60.0,60.0,60.0,60.0,60.0,0.0,0.0,0.0,0.0,0.0,0.0,0.0,0.0,0.0,0.0,0.0,0.0,1.0,1.0,1.0,1.5,1.5,1.5,1.5,1.5,1.5,1.5,1.5,1.5,1.5,1.5,1.5,1.5,1.5,0.0,0.0,0.0,0.0,0.0,0.0,0.0,0.0,0.0,0.0,0.0,0.0,0.0,0.0,0.0,0.0,0.0,0.0,0.0,0.0,0.0,0.0,0.0,0.0,0.0,0.0,0.0,0.0,0.0
-0.1,0.0,0.0,0.3,-0.2,0.0,-0.1,0.0,0.0,0.3,-0.2,0.0,0.0,0.0,0.0,-0.10351122021973914,0.2291465228333616,-0.01886885399861044,-0.3228419236187882,-1.9122063850304156,0.5570459433892428,-0.7152079899808435,-0.2391922423501326,-0.16644633573011652,0.327528543643079,-0.34696961897631484,1.97202,-0.040894089383767984,-0.09509857268432041,0.0,0.0,0.0,0.0,0.0,0.0,0.0,0.0,0.0,0.0,0.0,0.0,0.0,0.0,0.0,-1.171341147497379,0.40956919986964363,0.020055060876173793,-0.3864835907062908,2.332758914135685,-4.266645922235644,-4.372036273396418,0.8970951575511656,-1.0236278401140262,1.2110556364407346,-2.012932730447499,0.0,-2.1553671721566405,-4.3759026731582455,0.0,0.0,0.0,0.0,0.0,0.0,0.0,0.0,0.0,0.0,0.0,0.0,40.0,40.0,40.0,60.0,60.0,60.0,60.0,60.0,60.0,60.0,60.0,60.0,60.0,60.0,60.0,60.0,60.0,0.0,0.0,0.0,0.0,0.0,0.0,0.0,0.0,0.0,0.0,0.0,0.0,1.0,1.0,1.0,1.5,1.5,1.5,1.5,1.5,1.5,1.5,1.5,1.5,1.5,1.5,1.5,1.5,1.5,0.0,0.0,0.0,0.0,0.0,0.0,0.0,0.0,0.0,0.0,0.0,0.0,0.0,0.0,0.0,0.0,0.0,0.0,0.0,0.0,0.0,0.0,0.0,0.0,0.0,0.0,0.0,0.0,0.0
-0.1,0.0,0.0,0.3,-0.2,0.0,-0.1,0.0,0.0,0.3,-0.2,0.0,0.0,0.0,0.0,-0.12595345495845606,0.24066867211120122,-0.035810376602605026,-0.3297077542951563,-1.861606609860105,0.4454464947601868,-0.8009133351048522,-0.22415932305449798,-0.18095285278090628,0.3402809029410517,-0.3807215247940854,1.97202,-0.06433065875567474,-0.17353406828752094,0.0,0.0,0.0,0.0,0.0,0.0,0.0,0.0,0.0,0.0,0.0,0.0,0.0,0.0,0.0,-0.7902730474685686,0.5499392019186499,-1.1715091665280186,-0.2713189884112205,1.9036755169555664,-5.011001547674387,-3.3214645764934936,0.5962067042512071,-0.5562170355541428,0.33164860765697024,-1.2954596415806845,0.0,-0.46247501124119256,-2.749131736290006,0.0,0.0,0.0,0.0,0.0,0.0,0.0,0.0,0.0,0.0,0.0,0.0,40.0,40.0,40.0,60.0,60.0,60.0,60.0,60.0,60.0,60.0,60.0,60.0,60.0,60.0,60.0,60.0,60.0,0.0,0.0,0.0,0.0,0.0,0.0,0.0,0.0,0.0,0.0,0.0,0.0,1.0,1.0,1.0,1.5,1.5,1.5,1.5,1.5,1.5,1.5,1.5,1.5,1.5,1.5,1.5,1.5,1.5,0.0,0.0,0.0,0.0,0.0,0.0,0.0,0.0,0.0,0.0,0.0,0.0,0.0,0.0,0.0,0.0,0.0,0.0,0.0,0.0,0.0,0.0,0.0,0.0,0.0,0.0,0.0,0.0,0.0
-0.1,0.0,0.0,0.3,-0.2,0.0,-0.1,0.0,0.0,0.3,-0.2,0.0,0.0,0.0,0.0,-0.1351221421184819,0.2511440909101076,-0.06572922065973118,-0.33369468315523704,-1.836059364352193,0.35660588148226735,-0.8480665730405832,-0.2153439741800843,-0.18869501715228224,0.3407944879493578,-0.3987880046395422,1.97202,-0.05939308983341569,-0.20506384213592066,0.0,0.0,0.0,0.0,0.0,0.0,0.0,0.0,0.0,0.0,0.0,0.0,0.0,0.0,0.0,-0.25644915243040883,0.48523767423318054,-1.1937629092812054,-0.1324703778417896,-0.1798307578331937,-2.746905975678089,-1.2206159945829824,0.4880996819990102,-0.3181390181966712,-0.2814755783092593,-0.3043991533529536,0.0,1.341120718778855,0.14116539376474377,0.0,0.0,0.0,0.0,0.0,0.0,0.0,0.0,0.0,0.0,0.0,0.0,40.0,40.0,40.0,60.0,60.0,60.0,60.0,60.0,60.0,60.0,60.0,60.0,60.0,60.0,60.0,60.0,60.0,0.0,0.0,0.0,0.0,0.0,0.0,0.0,0.0,0.0,0.0,0.0,0.0,1.0,1.0,1.0,1.5,1.5,1.5,1.5,1.5,1.5,1.5,1.5,1.5,1.5,1.5,1.5,1.5,1.5,0.0,0.0,0.0,0.0,0.0,0.0,0.0,0.0,0.0,0.0,0.0,0.0,0.0,0.0,0.0,0.0,0.0,0.0,0.0,0.0,0.0,0.0,0.0,0.0,0.0,0.0,0.0,0.0,0.0
-0.1,0.0,0.0,0.3,-0.2,0.0,-0.1,0.0,0.0,0.3,-0.2,0.0,0.0,0.0,0.0,-0.1362114210556724,0.26007817908052844,-0.08356089297385325,-0.3350065694088279,-1.8687998401734327,0.3355702557330632,-0.8497379748881715,-0.20463533577453757,-0.19367841350877313,0.3290218798086813,-0.39289749092820353,1.97202,-0.010685830004520547,-0.1678874525369312,0.0,0.0,0.0,0.0,0.0,0.0,0.0,0.0,0.0,0.0,0.0,0.0,0.0,0.0,0.0,-0.08529757130726762,0.28404295486793296,-0.6834826494198992,-0.05616235684952897,-1.732839788464019,-0.440932182800359,0.035222271717877396,0.5016235246502055,-0.14804168469154458,-0.8177508069385497,0.8673308082343608,0.0,3.216935974160556,2.2960897986388042,0.0,0.0,0.0,0.0,0.0,0.0,0.0,0.0,0.0,0.0,0.0,0.0,40.0,40.0,40.0,60.0,60.0,60.0,60.0,60.0,60.0,60.0,60.0,60.0,60.0,60.0,60.0,60.0,60.0,0.0,0.0,0.0,0.0,0.0,0.0,0.0,0.0,0.0,0.0,0.0,0.0,1.0,1.0,1.0,1.5,1.5,1.5,1.5,1.5,1.5,1.5,1.5,1.5,1.5,1.5,1.5,1.5,1.5,0.0,0.0,0.0,0.0,0.0,0.0,0.0,0.0,0.0,0.0,0.0,0.0,0.0,0.0,0.0,0.0,0.0,0.0,0.0,0.0,0.0,0.0,0.0,0.0,0.0,0.0,0.0,0.0,0.0
-0.1,0.0,0.0,0.3,-0.2,0.0,-0.1,0.0,0.0,0.3,-0.2,0.0,0.0,0.0,0.0,-0.1385340449707726,0.2625058091048249,-0.09306852663652715,-0.3359411774292182,-1.9053729558907537,0.338968594170253,-0.8466576821718681,-0.19527903319407608,-0.19461668453994402,0.3080844556718158,-0.3640947723101678,1.97202,0.06928434913300656,-0.11322025019036848,0.0,0.0,0.0,0.0,0.0,0.0,0.0,0.0,0.0,0.0,0.0,0.0,0.0,0.0,0.0,0.1596711348383871,-0.07742301298512139,-0.44495717839115634,-0.06262604739992184,-2.580503995664185,1.5448089525919277,1.4240791309970495,0.06050735656784531,0.015317992944009762,-1.26770093864004,1.5695607886939065,0.0,2.7113204958781485,2.6977716739808235,0.0,0.0,0.0,0.0,0.0,0.0,0.0,0.0,0.0,0.0,0.0,0.0,40.0,40.0,40.0,60.0,60.0,60.0,60.0,60.0,60.0,60.0,60.0,60.0,60.0,60.0,60.0,60.0,60.0,0.0,0.0,0.0,0.0,0.0,0.0,0.0,0.0,0.0,0.0,0.0,0.0,1.0,1.0,1.0,1.5,1.5,1.5,1.5,1.5,1.5,1.5,1.5,1.5,1.5,1.5,1.5,1.5,1.5,0.0,0.0,0.0,0.0,0.0,0.0,0.0,0.0,0.0,0.0,0.0,0.0,0.0,0.0,0.0,0.0,0.0,0.0,0.0,0.0,0.0,0.0,0.0,0.0,0.0,0.0,0.0,0.0,0.0
-0.1,0.0,0.0,0.3,-0.2,0.0,-0.1,0.0,0.0,0.3,-0.2,0.0,0.0,0.0,0.0,-0.12982457566213693,0.2569812585611236,-0.1013591801094995,-0.33751161130482477,-1.97202,0.3973626138367403,-0.7927748096482895,-0.20221504151182376,-0.19306569379101274,0.2783138422630797,-0.3301150593804473,1.97202,0.0977669898306054,-0.05997658557769824,0.0,0.0,0.0,0.0,0.0,0.0,0.0,0.0,0.0,0.0,0.0,0.0,0.0,0.0,0.0,0.8891659765568372,-0.4027528061565158,-0.09366222005003158,0.6957958459867366,-1.6661761027311595,4.969706490718472,2.2785324219154135,-0.8774877603165788,0.4847154987702516,-0.7022279117005189,1.1153131525675097,0.0,-0.6644761455974514,2.1647699529527666,0.0,0.0,0.0,0.0,0.0,0.0,0.0,0.0,0.0,0.0,0.0,0.0,40.0,40.0,40.0,60.0,60.0,60.0,60.0,60.0,60.0,60.0,60.0,60.0,60.0,60.0,60.0,60.0,60.0,0.0,0.0,0.0,0.0,0.0,0.0,0.0,0.0,0.0,0.0,0.0,0.0,1.0,1.0,1.0,1.5,1.5,1.5,1.5,1.5,1.5,1.5,1.5,1.5,1.5,1.5,1.5,1.5,1.5,0.0,0.0,0.0,0.0,0.0,0.0,0.0,0.0,0.0,0.0,0.0,0.0,0.0,0.0,0.0,0.0,0.0,0.0,0.0,0.0,0.0,0.0,0.0,0.0,0.0,0.0,0.0,0.0,0.0
-0.1,0.0,0.0,0.3,-0.2,0.0,-0.1,0.0,0.0,0.3,-0.2,0.0,0.0,0.0,0.0,-0.10296740590849911,0.24639569685856427,-0.09681501543852841,-0.30810934358974873,-1.97202,0.5377568537989919,-0.7555163852952516,-0.23037854360673923,-0.17522806458913395,0.27999533920379505,-0.3194822462074674,1.97202,0.0427053033091085,-0.026629452072257812,0.0,0.0,0.0,0.0,0.0,0.0,0.0,0.0,0.0,0.0,0.0,0.0,0.0,0.0,0.0,1.8867010122086691,-1.2707024716901896,0.7098550523178634,2.3143161899477676,0.0,9.441311734091823,3.8761131031837035,-2.370407952703946,1.0646573694188997,1.1619057460190694,-0.24340031220116132,0.0,-4.605874989314709,1.4759722440539613,0.0,0.0,0.0,0.0,0.0,0.0,0.0,0.0,0.0,0.0,0.0,0.0,40.0,40.0,40.0,60.0,60.0,60.0,60.0,60.0,60.0,60.0,60.0,60.0,60.0,60.0,60.0,60.0,60.0,0.0,0.0,0.0,0.0,0.0,0.0,0.0,0.0,0.0,0.0,0.0,0.0,1.0,1.0,1.0,1.5,1.5,1.5,1.5,1.5,1.5,1.5,1.5,1.5,1.5,1.5,1.5,1.5,1.5,0.0,0.0,0.0,0.0,0.0,0.0,0.0,0.0,0.0,0.0,0.0,0.0,0.0,0.0,0.0,0.0,0.0,0.0,0.0,0.0,0.0,0.0,0.0,0.0,0.0,0.0,0.0,0.0,0.0
-0.1,0.0,0.0,0.3,-0.2,0.0,-0.1,0.0,0.0,0.3,-0.2,0.0,0.0,0.0,0.0,-0.05435653517379015,0.206153159693516,-0.07296497801678496,-0.24493896370691406,-1.97202,0.7750150832004132,-0.6377302855209414,-0.2970313596199816,-0.15047939901425675,0.3247900721038425,-0.3398510718684937,1.97202,-0.08646800974198296,-0.0009376958155397803,0.0,0.0,0.0,0.0,0.0,0.0,0.0,0.0,0.0,0.0,0.0,0.0,0.0,0.0,0.0,1.6726461751241644,-0.7150129376792602,3.7956443059460447,3.767073442944793,0.0,8.60072462029528,5.145950488487425,-2.042990970185537,-0.06327228316028513,1.2088985080381545,-2.282960115800475,0.0,-6.182102397322215,2.2787826848301935,0.0,0.0,0.0,0.0,0.0,0.0,0.0,0.0,0.0,0.0,0.0,0.0,40.0,40.0,40.0,60.0,60.0,60.0,60.0,60.0,60.0,60.0,60.0,60.0,60.0,60.0,60.0,60.0,60.0,0.0,0.0,0.0,0.0,0.0,0.0,0.0,0.0,0.0,0.0,0.0,0.0,1.0,1.0,1.0,1.5,1.5,1.5,1.5,1.5,1.5,1.5,1.5,1.5,1.5,1.5,1.5,1.5,1.5,0.0,0.0,0.0,0.0,0.0,0.0,0.0,0.0,0.0,0.0,0.0,0.0,0.0,0.0,0.0,0.0,0.0,0.0,0.0,0.0,0.0,0.0,0.0,0.0,0.0,0.0,0.0,0.0,0.0
-0.1,0.0,0.0,0.3,-0.2,0.0,-0.1,0.0,0.0,0.3,-0.2,0.0,0.0,0.0,0.0,-0.03606155890353254,0.21779517935139386,0.055010756799313394,-0.157426405871957,-1.97202,0.8817858386108031,-0.5496783657557546,-0.3120981824141607,-0.17775895591554536,0.3283512795253212,-0.4108006508394864,1.97202,-0.20457879258378006,0.06452185532094994,0.0,0.0,0.0,0.0,0.0,0.0,0.0,0.0,0.0,0.0,0.0,0.0,0.0,0.0,0.0,-0.0941476461059177,-0.0023329939573803193,4.153392767860491,2.3555485125102837,0.0,4.070555985597108,4.6089575203271975,-0.031932140420866395,-1.6962823577672808,0.6489502586984927,-0.9519502639984259,0.0,-3.500773087908915,2.4730784108358197,0.0,0.0,0.0,0.0,0.0,0.0,0.0,0.0,0.0,0.0,0.0,0.0,40.0,40.0,40.0,60.0,60.0,60.0,60.0,60.0,60.0,60.0,60.0,60.0,60.0,60.0,60.0,60.0,60.0,0.0,0.0,0.0,0.0,0.0,0.0,0.0,0.0,0.0,0.0,0.0,0.0,1.0,1.0,1.0,1.5,1.5,1.5,1.5,1.5,1.5,1.5,1.5,1.5,1.5,1.5,1.5,1.5,1.5,0.0,0.0,0.0,0.0,0.0,0.0,0.0,0.0,0.0,0.0,0.0,0.0,0.0,0.0,0.0,0.0,0.0,0.0,0.0,0.0,0.0,0.0,0.0,0.0,0.0,0.0,0.0,0.0,0.0
-0.1,0.0,0.0,0.3,-0.2,0.0,-0.1,0.0,0.0,0.3,-0.2,0.0,0.0,0.0,0.0,-0.05812244101802686,0.20605983993522078,0.09317073269763468,-0.1507170232065027,-1.97202,0.9378373226242975,-0.45337198470785345,-0.29830864523681627,-0.21833069332494798,0.3507480824517822,-0.37792908242843076,1.97202,-0.22649893325833956,0.09798544061789301,0.0,0.0,0.0,0.0,0.0,0.0,0.0,0.0,0.0,0.0,0.0,0.0,0.0,0.0,0.0,-0.9014207943100748,-0.58572372608202,1.67873417880312,-0.6305140447364743,0.0,3.3739938978194215,5.557659526197528,0.10118920829476491,-1.7277132393520231,0.7326809999493158,1.203486614021923,0.0,-0.958378216301526,0.3918851585854491,0.0,0.0,0.0,0.0,0.0,0.0,0.0,0.0,0.0,0.0,0.0,0.0,40.0,40.0,40.0,60.0,60.0,60.0,60.0,60.0,60.0,60.0,60.0,60.0,60.0,60.0,60.0,60.0,60.0,0.0,0.0,0.0,0.0,0.0,0.0,0.0,0.0,0.0,0.0,0.0,0.0,1.0,1.0,1.0,1.5,1.5,1.5,1.5,1.5,1.5,1.5,1.5,1.5,1.5,1.5,1.5,1.5,1.5,0.0,0.0,0.0,0.0,0.0,0.0,0.0,0.0,0.0,0.0,0.0,0.0,0.0,0.0,0.0,0.0,0.0,0.0,0.0,0.0,0.0,0.0,0.0,0.0,0.0,0.0,0.0,0.0,0.0
-0.1,0.0,0.0,0.3,-0.2,0.0,-0.1,0.0,0.0,0.3,-0.2,0.0,0.0,0.0,0.0,-0.07211839067593553,0.19436623030811306,0.1221601239514382,-0.18264696766141597,-1.97202,1.01674559452358,-0.32737198470785345,-0.3080506140823701,-0.24686748548962628,0.35765851952329386,-0.3626611862786095,1.97202,-0.2429139212358411,0.0801972616643679,0.0,0.0,0.0,0.0,0.0,0.0,0.0,0.0,0.0,0.0,0.0,0.0,0.0,0.0,0.0,-0.486417250742102,-0.4555092990987372,1.3596094607945064,-0.5611636337181841,0.0,2.490305525412123,5.243966218945493,-0.03625864720436245,-1.2720454926407596,0.24896703945328363,0.6867547918999656,0.0,0.03941226521906524,-1.7440305329814165,0.0,0.0,0.0,0.0,0.0,0.0,0.0,0.0,0.0,0.0,0.0,0.0,40.0,40.0,40.0,60.0,60.0,60.0,60.0,60.0,60.0,60.0,60.0,60.0,60.0,60.0,60.0,60.0,60.0,0.0,0.0,0.0,0.0,0.0,0.0,0.0,0.0,0.0,0.0,0.0,0.0,1.0,1.0,1.0,1.5,1.5,1.5,1.5,1.5,1.5,1.5,1.5,1.5,1.5,1.5,1.5,1.5,1.5,0.0,0.0,0.0,0.0,0.0,0.0,0.0,0.0,0.0,0.0,0.0,0.0,0.0,0.0,0.0,0.0,0.0,0.0,0.0,0.0,0.0,0.0,0.0,0.0,0.0,0.0,0.0,0.0,0.0
-0.1,0.0,0.0,0.3,-0.2,0.0,-0.1,0.0,0.0,0.3,-0.2,0.0,0.0,0.0,0.0,-0.07757913104771094,0.1878394679712713,0.14755511112941494,-0.17316356855523007,-1.97202,1.0374495436407825,-0.24361333595003373,-0.29975899112499077,-0.26921251303057836,0.36070676402991353,-0.35045889075243214,1.97202,-0.22492244264957695,0.028224219298636343,0.0,0.0,0.0,0.0,0.0,0.0,0.0,0.0,0.0,0.0,0.0,0.0,0.0,0.0,0.0,-0.24140190766872535,-0.406934987658876,0.8400315138394332,-0.2029465739452868,0.0,1.683543971859347,4.070942917309854,0.009538585208951345,-0.9610162956954923,-0.10501996538456043,0.41556968054937415,0.0,1.0452515241700364,-2.606912343713373,0.0,0.0,0.0,0.0,0.0,0.0,0.0,0.0,0.0,0.0,0.0,0.0,40.0,40.0,40.0,60.0,60.0,60.0,60.0,60.0,60.0,60.0,60.0,60.0,60.0,60.0,60.0,60.0,60.0,0.0,0.0,0.0,0.0,0.0,0.0,0.0,0.0,0.0,0.0,0.0,0.0,1.0,1.0,1.0,1.5,1.5,1.5,1.5,1.5,1.5,1.5,1.5,1.5,1.5,1.5,1.5,1.5,1.5,0.0,0.0,0.0,0.0,0.0,0.0,0.0,0.0,0.0,0.0,0.0,0.0,0.0,0.0,0.0,0.0,0.0,0.0,0.0,0.0,0.0,0.0,0.0,0.0,0.0,0.0,0.0,0.0,0.0
-0.1,0.0,0.0,0.3,-0.2,0.0,-0.1,0.0,0.0,0.3,-0.2,0.0,0.0,0.0,0.0,-0.08177446698268455,0.17808883080175802,0.15576138450501553,-0.19076483061922744,-1.97202,1.0840873533979538,-0.16453426801545926,-0.30766907067401206,-0.285308137317446,0.35345772090791144,-0.3460383990566345,1.97202,-0.20110386026903965,-0.02407923208416703,0.0,0.0,0.0,0.0,0.0,0.0,0.0,0.0,0.0,0.0,0.0,0.0,0.0,0.0,0.0,-0.18861144351637985,-0.3304708215629316,0.794029513964719,-0.5736769109113742,0.0,2.1665798632353184,2.790332684941852,-0.2844080097193072,-0.9081259388384291,-0.7321561303076914,0.015487349139373108,0.0,2.1379786745358995,-2.3028093288710045,0.0,0.0,0.0,0.0,0.0,0.0,0.0,0.0,0.0,0.0,0.0,0.0,40.0,40.0,40.0,60.0,60.0,60.0,60.0,60.0,60.0,60.0,60.0,60.0,60.0,60.0,60.0,60.0,60.0,0.0,0.0,0.0,0.0,0.0,0.0,0.0,0.0,0.0,0.0,0.0,0.0,1.0,1.0,1.0,1.5,1.5,1.5,1.5,1.5,1.5,1.5,1.5,1.5,1.5,1.5,1.5,1.5,1.5,0.0,0.0,0.0,0.0,0.0,0.0,0.0,0.0,0.0,0.0,0.0,0.0,0.0,0.0,0.0,0.0,0.0,0.0,0.0,0.0,0.0,0.0,0.0,0.0,0.0,0.0,0.0,0.0,0.0
-0.1,0.0,0.0,0.3,-0.2,0.0,-0.1,0.0,0.0,0.3,-0.2,0.0,0.0,0.0,0.0,-0.08512358878836614,0.17462063510875403,0.1793162916880037,-0.19611064499168504,-1.97202,1.1241127381701952,-0.13200002855235965,-0.31113531151376306,-0.3055375505841155,0.33142051881760587,-0.3498393967868572,1.97202,-0.13940329566814097,-0.06388815385620383,0.0,0.0,0.0,0.0,0.0,0.0,0.0,0.0,0.0,0.0,0.0,0.0,0.0,0.0,0.0,-0.2630628583288469,-0.3618486234234261,0.775053369239085,-0.37649008788387395,0.0,2.0507132839501394,1.7433833858882832,-0.3042484630833356,-0.8526473181360822,-1.198089717175238,0.14073931723080774,0.0,3.5727201994681073,-1.719129908034517,0.0,0.0,0.0,0.0,0.0,0.0,0.0,0.0,0.0,0.0,0.0,0.0,40.0,40.0,40.0,60.0,60.0,60.0,60.0,60.0,60.0,60.0,60.0,60.0,60.0,60.0,60.0,60.0,60.0,0.0,0.0,0.0,0.0,0.0,0.0,0.0,0.0,0.0,0.0,0.0,0.0,1.0,1.0,1.0,1.5,1.5,1.5,1.5,1.5,1.5,1.5,1.5,1.5,1.5,1.5,1.5,1.5,1.5,0.0,0.0,0.0,0.0,0.0,0.0,0.0,0.0,0.0,0.0,0.0,0.0,0.0,0.0,0.0,0.0,0.0,0.0,0.0,0.0,0.0,0.0,0.0,0.0,0.0,0.0,0.0,0.0,0.0
-0.1,0.0,0.0,0.3,-0.2,0.0,-0.1,0.0,0.0,0.3,-0.2,0.0,0.0,0.0,0.0,-0.09229698131583843,0.16361488586482098,0.18676351927457893,-0.2058244341345824,-1.97202,1.1661158847559594,-0.09479893257992793,-0.3198390091973455,-0.31941403004288926,0.3055341322209019,-0.3404088263674022,1.97202,-0.058195052290315345,-0.09284442840554771,0.0,0.0,0.0,0.0,0.0,0.0,0.0,0.0,0.0,0.0,0.0,0.0,0.0,0.0,0.0,-0.3512435083746105,0.1228035095939349,0.8158643067821116,0.37568109840547326,0.0,0.37900143611838133,1.6364759737877166,0.23704564679346146,-0.8062373395998135,-1.9504686798756068,-0.13293003361935646,0.0,3.48021937682491,-1.3862495455210877,0.0,0.0,0.0,0.0,0.0,0.0,0.0,0.0,0.0,0.0,0.0,0.0,40.0,40.0,40.0,60.0,60.0,60.0,60.0,60.0,60.0,60.0,60.0,60.0,60.0,60.0,60.0,60.0,60.0,0.0,0.0,0.0,0.0,0.0,0.0,0.0,0.0,0.0,0.0,0.0,0.0,1.0,1.0,1.0,1.5,1.5,1.5,1.5,1.5,1.5,1.5,1.5,1.5,1.5,1.5,1.5,1.5,1.5,0.0,0.0,0.0,0.0,0.0,0.0,0.0,0.0,0.0,0.0,0.0,0.0,0.0,0.0,0.0,0.0,0.0,0.0,0.0,0.0,0.0,0.0,0.0,0.0,0.0,0.0,0.0,0.0,0.0
-0.1,0.0,0.0,0.3,-0.2,0.0,-0.1,0.0,0.0,0.3,-0.2,0.0,0.0,0.0,0.0,-0.09917332912335056,0.17953277549251143,0.21195086395928817,-0.1810834010554661,-1.97202,1.1392727956149304,-0.06654098960085099,-0.3016534856420246,-0.33778704416810806,0.2534017716225816,-0.3551565981316315,1.97202,-0.0001945205951445865,-0.11933813567704735,0.0,0.0,0.0,0.0,0.0,0.0,0.0,0.0,0.0,0.0,0.0,0.0,0.0,0.0,0.0,0.09765491314227132,0.2979577516931342,0.6449078236467947,0.3149016354239302,0.0,-0.5954265114757662,2.3705300836781924,0.12223798921443957,-0.6048232525242753,-2.005520804169314,-0.28746153364022226,0.0,2.1351465138302363,-0.5676608624797898,0.0,0.0,0.0,0.0,0.0,0.0,0.0,0.0,0.0,0.0,0.0,0.0,40.0,40.0,40.0,60.0,60.0,60.0,60.0,60.0,60.0,60.0,60.0,60.0,60.0,60.0,60.0,60.0,60.0,0.0,0.0,0.0,0.0,0.0,0.0,0.0,0.0,0.0,0.0,0.0,0.0,1.0,1.0,1.0,1.5,1.5,1.5,1.5,1.5,1.5,1.5,1.5,1.5,1.5,1.5,1.5,1.5,1.5,0.0,0.0,0.0,0.0,0.0,0.0,0.0,0.0,0.0,0.0,0.0,0.0,0.0,0.0,0.0,0.0,0.0,0.0,0.0,0.0,0.0,0.0,0.0,0.0,0.0,0.0,0.0,0.0,0.0
-0.1,0.0,0.0,0.3,-0.2,0.0,-0.1,0.0,0.0,0.3,-0.2,0.0,0.0,0.0,0.0,-0.08839078479014757,0.17553319593254635,0.21255983222045072,-0.1932283687176252,-1.97202,1.1422988242969287,2.2270767199768574e-05,-0.3149494896287679,-0.3436069601438603,0.22531330005412936,-0.3519072877130111,1.97202,0.0272108082628941,-0.1155508629047393,0.0,0.0,0.0,0.0,0.0,0.0,0.0,0.0,0.0,0.0,0.0,0.0,0.0,0.0,0.0,0.061231176186098135,-0.03209299352795528,0.02897314548689009,-0.6213100447111874,0.0,-1.1957344846867501,2.864638575240291,0.02313680507644439,-0.5719953388586149,-0.9634740142987354,0.21160754532113107,0.0,0.8817940422176127,1.0074808318301889,0.0,0.0,0.0,0.0,0.0,0.0,0.0,0.0,0.0,0.0,0.0,0.0,40.0,40.0,40.0,60.0,60.0,60.0,60.0,60.0,60.0,60.0,60.0,60.0,60.0,60.0,60.0,60.0,60.0,0.0,0.0,0.0,0.0,0.0,0.0,0.0,0.0,0.0,0.0,0.0,0.0,1.0,1.0,1.0,1.5,1.5,1.5,1.5,1.5,1.5,1.5,1.5,1.5,1.5,1.5,1.5,1.5,1.5,0.0,0.0,0.0,0.0,0.0,0.0,0.0,0.0,0.0,0.0,0.0,0.0,0.0,0.0,0.0,0.0,0.0,0.0,0.0,0.0,0.0,0.0,0.0,0.0,0.0,0.0,0.0,0.0,0.0
-0.1,0.0,0.0,0.3,-0.2,0.0,-0.1,0.0,0.0,0.3,-0.2,0.0,0.0,0.0,0.0,-0.09672408207590663,0.17824905575139322,0.21310978977876377,-0.2059358028439136,-1.97202,1.0914434162274604,0.048044553408760675,-0.3007280134389668,-0.36066685772245266,0.21486281105063218,-0.34669229631878623,1.97202,0.03507724109355992,-0.07903890240383979,0.0,0.0,0.0,0.0,0.0,0.0,0.0,0.0,0.0,0.0,0.0,0.0,0.0,0.0,0.0,0.3705488387857409,0.23739599440697756,0.013651449299963841,-0.1333875117705205,0.0,0.36136743365395296,0.17430043891666838,0.07171817002099984,-0.4921648109631832,-0.4496947644483086,-0.19059549692682504,0.0,-1.6591376671139868,3.284627165363643,0.0,0.0,0.0,0.0,0.0,0.0,0.0,0.0,0.0,0.0,0.0,0.0,40.0,40.0,40.0,60.0,60.0,60.0,60.0,60.0,60.0,60.0,60.0,60.0,60.0,60.0,60.0,60.0,60.0,0.0,0.0,0.0,0.0,0.0,0.0,0.0,0.0,0.0,0.0,0.0,0.0,1.0,1.0,1.0,1.5,1.5,1.5,1.5,1.5,1.5,1.5,1.5,1.5,1.5,1.5,1.5,1.5,1.5,0.0,0.0,0.0,0.0,0.0,0.0,0.0,0.0,0.0,0.0,0.0,0.0,0.0,0.0,0.0,0.0,0.0,0.0,0.0,0.0,0.0,0.0,0.0,0.0,0.0,0.0,0.0,0.0,0.0
-0.1,0.0,0.0,0.3,-0.2,0.0,-0.1,0.0,0.0,0.3,-0.2,0.0,0.0,0.0,0.0,-0.07356883123871794,0.18502903570882545,0.21310589019244927,-0.198563869188446,-1.97202,1.1567535216430869,0.006994288323866504,-0.3120807628279279,-0.3632935525823876,0.20732550947619702,-0.3595311075900841,1.97202,-0.03915469842166537,0.01583422370980643,0.0,0.0,0.0,0.0,0.0,0.0,0.0,0.0,0.0,0.0,0.0,0.0,0.0,0.0,0.0,0.32896765597421607,-0.04384232825896811,0.0005505690175225397,0.8893403746367108,0.0,3.3224343416432043,-2.1994404514800046,-0.28729133851436994,-0.24996677008774365,1.0639849077060344,-0.10483184158643216,0.0,-4.378453527970512,5.494201518242735,0.0,0.0,0.0,0.0,0.0,0.0,0.0,0.0,0.0,0.0,0.0,0.0,40.0,40.0,40.0,60.0,60.0,60.0,60.0,60.0,60.0,60.0,60.0,60.0,60.0,60.0,60.0,60.0,60.0,0.0,0.0,0.0,0.0,0.0,0.0,0.0,0.0,0.0,0.0,0.0,0.0,1.0,1.0,1.0,1.5,1.5,1.5,1.5,1.5,1.5,1.5,1.5,1.5,1.5,1.5,1.5,1.5,1.5,0.0,0.0,0.0,0.0,0.0,0.0,0.0,0.0,0.0,0.0,0.0,0.0,0.0,0.0,0.0,0.0,0.0,0.0,0.0,0.0,0.0,0.0,0.0,0.0,0.0,0.0,0.0,0.0,0.0
-0.1,0.0,0.0,0.3,-0.2,0.0,-0.1,0.0,0.0,0.3,-0.2,0.0,0.0,0.0,0.0,-0.08356537583693799,0.1764953626210345,0.21313181253946467,-0.17036218785844517,-1.97202,1.2243407898931886,-0.039933064650439505,-0.3122196669795416,-0.3706655285259624,0.25742220735887356,-0.3508855699822435,1.97202,-0.14006090002526056,0.14072915832586963,0.0,0.0,0.0,0.0,0.0,0.0,0.0,0.0,0.0,0.0,0.0,0.0,0.0,0.0,0.0,-0.5723342895583173,-0.42867592201385474,0.06233700649006246,1.1612999056693467,0.0,2.3741953082842824,-2.163359959435513,-0.11381033820183906,-0.378925526030989,2.939816586600604,0.6908630875493288,0.0,-5.4308479417176105,5.73942622811281,0.0,0.0,0.0,0.0,0.0,0.0,0.0,0.0,0.0,0.0,0.0,0.0,40.0,40.0,40.0,60.0,60.0,60.0,60.0,60.0,60.0,60.0,60.0,60.0,60.0,60.0,60.0,60.0,60.0,0.0,0.0,0.0,0.0,0.0,0.0,0.0,0.0,0.0,0.0,0.0,0.0,1.0,1.0,1.0,1.5,1.5,1.5,1.5,1.5,1.5,1.5,1.5,1.5,1.5,1.5,1.5,1.5,1.5,0.0,0.0,0.0,0.0,0.0,0.0,0.0,0.0,0.0,0.0,0.0,0.0,0.0,0.0,0.0,0.0,0.0,0.0,0.0,0.0,0.0,0.0,0.0,0.0,0.0,0.0,0.0,0.0,0.0
-0.1,0.0,0.0,0.3,-0.2,0.0,-0.1,0.0,0.0,0.3,-0.2,0.0,0.0,0.0,0.0,-0.09646220282105063,0.16788199882827126,0.21559937045205177,-0.15211187296167214,-1.97202,1.2517213339744582,-0.07954011005355402,-0.31663317635600147,-0.37845057362362716,0.3249181729402212,-0.33189658408811096,1.97202,-0.2563886160903698,0.24541127283431888,0.0,0.0,0.0,0.0,0.0,0.0,0.0,0.0,0.0,0.0,0.0,0.0,0.0,0.0,0.0,-0.4594116207677121,-0.3077957270912271,0.11015723467703784,0.6130538739987708,0.0,0.8359230700335285,-1.328996066330657,-0.4055403752299125,-0.336756353773314,3.318724431104805,0.794567866507799,0.0,-6.084606200421268,4.86076761815056,0.0,0.0,0.0,0.0,0.0,0.0,0.0,0.0,0.0,0.0,0.0,0.0,40.0,40.0,40.0,60.0,60.0,60.0,60.0,60.0,60.0,60.0,60.0,60.0,60.0,60.0,60.0,60.0,60.0,0.0,0.0,0.0,0.0,0.0,0.0,0.0,0.0,0.0,0.0,0.0,0.0,1.0,1.0,1.0,1.5,1.5,1.5,1.5,1.5,1.5,1.5,1.5,1.5,1.5,1.5,1.5,1.5,1.5,0.0,0.0,0.0,0.0,0.0,0.0,0.0,0.0,0.0,0.0,0.0,0.0,0.0,0.0,0.0,0.0,0.0,0.0,0.0,0.0,0.0,0.0,0.0,0.0,0.0,0.0,0.0,0.0,0.0
-0.1,0.0,0.0,0.3,-0.2,0.0,-0.1,0.0,0.0,0.3,-0.2,0.0,0.0,0.0,0.0,-0.10194184066764647,0.1641835335373854,0.21753810192654618,-0.14584003289849434,-1.97202,1.2577777126945298,-0.09309290730366579,-0.3284412819887381,-0.38413578267689497,0.39017118460306577,-0.31910285532193156,1.97202,-0.3834451480421113,0.33515986305189205,0.0,0.0,0.0,0.0,0.0,0.0,0.0,0.0,0.0,0.0,0.0,0.0,0.0,0.0,0.0,-0.4380863057684071,-0.23293542992181698,-0.17664447045425552,-0.17452585490966635,0.0,-0.4369550060385974,-0.3671795130474484,-0.49944182202935616,0.2985591743926111,2.886683694509813,0.0894486878008166,0.0,-5.5706156525067385,2.558545260671944,0.0,0.0,0.0,0.0,0.0,0.0,0.0,0.0,0.0,0.0,0.0,0.0,40.0,40.0,40.0,60.0,60.0,60.0,60.0,60.0,60.0,60.0,60.0,60.0,60.0,60.0,60.0,60.0,60.0,0.0,0.0,0.0,0.0,0.0,0.0,0.0,0.0,0.0,0.0,0.0,0.0,1.0,1.0,1.0,1.5,1.5,1.5,1.5,1.5,1.5,1.5,1.5,1.5,1.5,1.5,1.5,1.5,1.5,0.0,0.0,0.0,0.0,0.0,0.0,0.0,0.0,0.0,0.0,0.0,0.0,0.0,0.0,0.0,0.0,0.0,0.0,0.0,0.0,0.0,0.0,0.0,0.0,0.0,0.0,0.0,0.0,0.0
-0.1,0.0,0.0,0.3,-0.2,0.0,-0.1,0.0,0.0,0.3,-0.2,0.0,0.0,0.0,0.0,-0.11398565505178691,0.15856458163139858,0.20853359163388155,-0.1590929071580588,-1.97202,1.2342431337329143,-0.09422729057545196,-0.3366108492371757,-0.3665082066479227,0.4403855207206137,-0.3283186365760783,1.97202,-0.4792132421906393,0.34775308326119664,0.0,0.0,0.0,0.0,0.0,0.0,0.0,0.0,0.0,0.0,0.0,0.0,0.0,0.0,0.0,-0.24805399159843164,-0.1838699799346255,-0.5655907606362816,-0.5106808844572638,0.0,-1.2203022906213445,0.45589108555714186,-0.3993060593071557,0.3624855435602606,2.2553340253861576,-0.20856806678566653,0.0,-4.238888847554733,-0.1763347187362138,0.0,0.0,0.0,0.0,0.0,0.0,0.0,0.0,0.0,0.0,0.0,0.0,40.0,40.0,40.0,60.0,60.0,60.0,60.0,60.0,60.0,60.0,60.0,60.0,60.0,60.0,60.0,60.0,60.0,0.0,0.0,0.0,0.0,0.0,0.0,0.0,0.0,0.0,0.0,0.0,0.0,1.0,1.0,1.0,1.5,1.5,1.5,1.5,1.5,1.5,1.5,1.5,1.5,1.5,1.5,1.5,1.5,1.5,0.0,0.0,0.0,0.0,0.0,0.0,0.0,0.0,0.0,0.0,0.0,0.0,0.0,0.0,0.0,0.0,0.0,0.0,0.0,0.0,0.0,0.0,0.0,0.0,0.0,0.0,0.0,0.0,0.0
-0.1,0.0,0.0,0.3,-0.2,0.0,-0.1,0.0,0.0,0.3,-0.2,0.0,0.0,0.0,0.0,-0.11186400033158374,0.1568287343400004,0.19491447150109492,-0.1662672682767849,-1.97202,1.208965621069676,-0.07485726388138012,-0.34441352436102435,-0.36963636093448454,0.48038454561851207,-0.3274455779933582,1.97202,-0.5530007019443006,0.3281064743024435,0.0,0.0,0.0,0.0,0.0,0.0,0.0,0.0,0.0,0.0,0.0,0.0,0.0,0.0,0.0,-0.07114423699875957,-0.2025967776253912,-0.8214420730920088,-0.7024362467925871,0.0,-1.716218547951448,1.435464356467476,-0.2921389765794258,-0.003624288560021005,1.8076644158679003,0.02798361560731738,0.0,-3.2776542516905094,-1.2710456692705012,0.0,0.0,0.0,0.0,0.0,0.0,0.0,0.0,0.0,0.0,0.0,0.0,40.0,40.0,40.0,60.0,60.0,60.0,60.0,60.0,60.0,60.0,60.0,60.0,60.0,60.0,60.0,60.0,60.0,0.0,0.0,0.0,0.0,0.0,0.0,0.0,0.0,0.0,0.0,0.0,0.0,1.0,1.0,1.0,1.5,1.5,1.5,1.5,1.5,1.5,1.5,1.5,1.5,1.5,1.5,1.5,1.5,1.5,0.0,0.0,0.0,0.0,0.0,0.0,0.0,0.0,0.0,0.0,0.0,0.0,0.0,0.0,0.0,0.0,0.0,0.0,0.0,0.0,0.0,0.0,0.0,0.0,0.0,0.0,0.0,0.0,0.0
-0.1,0.0,0.0,0.3,-0.2,0.0,-0.1,0.0,0.0,0.3,-0.2,0.0,0.0,0.0,0.0,-0.1168314245317373,0.15046071052638293,0.1756759087102012,-0.18719035702976228,-1.97202,1.1655943918148564,-0.036808716316752914,-0.34829640830035274,-0.36665317819032356,0.5126920973553297,-0.3271992919517856,1.97202,-0.6103194122582597,0.2969112564903766,0.0,0.0,0.0,0.0,0.0,0.0,0.0,0.0,0.0,0.0,0.0,0.0,0.0,0.0,0.0,-0.12298537268831712,-0.24525025327914174,-0.8754642063527787,-1.2343077014067019,0.0,-2.4882214167477987,1.7964420102497534,-0.1945749370784955,0.24432386600745232,1.2517741006033145,-0.21876946314856038,0.0,-2.0844521222888295,-1.5479525446142144,0.0,0.0,0.0,0.0,0.0,0.0,0.0,0.0,0.0,0.0,0.0,0.0,40.0,40.0,40.0,60.0,60.0,60.0,60.0,60.0,60.0,60.0,60.0,60.0,60.0,60.0,60.0,60.0,60.0,0.0,0.0,0.0,0.0,0.0,0.0,0.0,0.0,0.0,0.0,0.0,0.0,1.0,1.0,1.0,1.5,1.5,1.5,1.5,1.5,1.5,1.5,1.5,1.5,1.5,1.5,1.5,1.5,1.5,0.0,0.0,0.0,0.0,0.0,0.0,0.0,0.0,0.0,0.0,0.0,0.0,0.0,0.0,0.0,0.0,0.0,0.0,0.0,0.0,0.0,0.0,0.0,0.0,0.0,0.0,0.0,0.0,0.0
-0.1,0.0,0.0,0.3,-0.2,0.0,-0.1,0.0,0.0,0.3,-0.2,0.0,0.0,0.0,0.0,-0.11678341523911642,0.14701872420883472,0.15989590324698377,-0.21563957633305297,-1.97202,1.109436764399764,-0.0029995834713899827,-0.35219652184416417,-0.35986340629418645,0.5304555096426447,-0.33619635651930063,1.97202,-0.6363787868358538,0.2661883725178749,0.0,0.0,0.0,0.0,0.0,0.0,0.0,0.0,0.0,0.0,0.0,0.0,0.0,0.0,0.0,0.09592315322064678,-0.08684356034690394,-0.8552578774789522,-1.3537292518469273,0.0,-2.9571120723819178,1.5903292776937927,-0.20375565561305958,0.22012876239162898,0.6531570185551477,-0.40409831278591796,0.0,-0.9311472956188366,-1.4220616247594673,0.0,0.0,0.0,0.0,0.0,0.0,0.0,0.0,0.0,0.0,0.0,0.0,40.0,40.0,40.0,60.0,60.0,60.0,60.0,60.0,60.0,60.0,60.0,60.0,60.0,60.0,60.0,60.0,60.0,0.0,0.0,0.0,0.0,0.0,0.0,0.0,0.0,0.0,0.0,0.0,0.0,1.0,1.0,1.0,1.5,1.5,1.5,1.5,1.5,1.5,1.5,1.5,1.5,1.5,1.5,1.5,1.5,1.5,0.0,0.0,0.0,0.0,0.0,0.0,0.0,0.0,0.0,0.0,0.0,0.0,0.0,0.0,0.0,0.0,0.0,0.0,0.0,0.0,0.0,0.0,0.0,0.0,0.0,0.0,0.0,0.0,0.0
-0.1,0.0,0.0,0.3,-0.2,0.0,-0.1,0.0,0.0,0.3,-0.2,0.0,0.0,0.0,0.0,-0.11299449840291143,0.14698696811250678,0.1414655936110431,-0.24133952710363937,-1.97202,1.0473099089195796,0.026804454790998796,-0.35644663452487513,-0.3578480276946584,0.5388183780975356,-0.3433632244632223,1.97202,-0.6475653040830132,0.2400287914999979,0.0,0.0,0.0,0.0,0.0,0.0,0.0,0.0,0.0,0.0,0.0,0.0,0.0,0.0,0.0,0.20070759999286195,0.02622872923093017,-0.998438402584978,-1.2334448782292742,0.0,-2.898801672539733,1.0640793170915466,-0.160981186775562,0.13322638154557725,0.29318550023610945,-0.3622394504042281,0.0,-0.36006195205572633,-0.7701343265132394,0.0,0.0,0.0,0.0,0.0,0.0,0.0,0.0,0.0,0.0,0.0,0.0,40.0,40.0,40.0,60.0,60.0,60.0,60.0,60.0,60.0,60.0,60.0,60.0,60.0,60.0,60.0,60.0,60.0,0.0,0.0,0.0,0.0,0.0,0.0,0.0,0.0,0.0,0.0,0.0,0.0,1.0,1.0,1.0,1.5,1.5,1.5,1.5,1.5,1.5,1.5,1.5,1.5,1.5,1.5,1.5,1.5,1.5,0.0,0.0,0.0,0.0,0.0,0.0,0.0,0.0,0.0,0.0,0.0,0.0,0.0,0.0,0.0,0.0,0.0,0.0,0.0,0.0,0.0,0.0,0.0,0.0,0.0,0.0,0.0,0.0,0.0
-0.1,0.0,0.0,0.3,-0.2,0.0,-0.1,0.0,0.0,0.3,-0.2,0.0,0.0,0.0,0.0,-0.10875511123940194,0.14806787337807192,0.11995836714358465,-0.26497737146222394,-1.97202,0.9934846974981747,0.03956358921227188,-0.35863576931518665,-0.35453435103236336,0.542182929652089,-0.35068593453546976,1.97202,-0.6507812649180829,0.23538299945734534,0.0,0.0,0.0,0.0,0.0,0.0,0.0,0.0,0.0,0.0,0.0,0.0,0.0,0.0,0.0,0.35299124716262203,0.42864941669177936,-0.6166204160887284,-0.4524758134153789,0.0,-2.286634556380623,0.03569697975948594,0.09151665622707944,-0.677558085472911,0.2797132314968753,-0.41476596487609596,0.0,-0.817207531359393,2.2393813105371114,0.0,0.0,0.0,0.0,0.0,0.0,0.0,0.0,0.0,0.0,0.0,0.0,40.0,40.0,40.0,60.0,60.0,60.0,60.0,60.0,60.0,60.0,60.0,60.0,60.0,60.0,60.0,60.0,60.0,0.0,0.0,0.0,0.0,0.0,0.0,0.0,0.0,0.0,0.0,0.0,0.0,1.0,1.0,1.0,1.5,1.5,1.5,1.5,1.5,1.5,1.5,1.5,1.5,1.5,1.5,1.5,1.5,1.5,0.0,0.0,0.0,0.0,0.0,0.0,0.0,0.0,0.0,0.0,0.0,0.0,0.0,0.0,0.0,0.0,0.0,0.0,0.0,0.0,0.0,0.0,0.0,0.0,0.0,0.0,0.0,0.0,0.0
-0.1,0.0,0.0,0.3,-0.2,0.0,-0.1,0.0,0.0,0.3,-0.2,0.0,0.0,0.0,0.0,-0.09887484851640654,0.16413294478017795,0.11680077696749397,-0.25943855964025453,-1.97202,0.9558445266643547,0.028232333981378234,-0.35278596827579195,-0.38495035111357484,0.5500069073574106,-0.35995386305826615,1.97202,-0.6802536053373889,0.32960404392148235,0.0,0.0,0.0,0.0,0.0,0.0,0.0,0.0,0.0,0.0,0.0,0.0,0.0,0.0,0.0,0.24082658432866866,0.38724078064386047,-0.5830880764261345,0.0261134366712934,0.0,-1.0795519023126199,-1.1178727718239685,-0.019907662183044073,-0.5700440616047616,0.9551296220639521,0.02460377396589497,0.0,-1.618008074791058,4.35297297665568,0.0,0.0,0.0,0.0,0.0,0.0,0.0,0.0,0.0,0.0,0.0,0.0,40.0,40.0,40.0,60.0,60.0,60.0,60.0,60.0,60.0,60.0,60.0,60.0,60.0,60.0,60.0,60.0,60.0,0.0,0.0,0.0,0.0,0.0,0.0,0.0,0.0,0.0,0.0,0.0,0.0,1.0,1.0,1.0,1.5,1.5,1.5,1.5,1.5,1.5,1.5,1.5,1.5,1.5,1.5,1.5,1.5,1.5,0.0,0.0,0.0,0.0,0.0,0.0,0.0,0.0,0.0,0.0,0.0,0.0,0.0,0.0,0.0,0.0,0.0,0.0,0.0,0.0,0.0,0.0,0.0,0.0,0.0,0.0,0.0,0.0,0.0
-0.1,0.0,0.0,0.3,-0.2,0.0,-0.1,0.0,0.0,0.3,-0.2,0.0,0.0,0.0,0.0,-0.0991220478662552,0.16355750460382634,0.09663484408653927,-0.2639328339953722,-1.97202,0.9503026214056699,-0.005151321660686867,-0.3594320758025084,-0.3773361134965538,0.5803881145346471,-0.34970178357683396,1.97202,-0.7155015879097252,0.40950191852357254,0.0,0.0,0.0,0.0,0.0,0.0,0.0,0.0,0.0,0.0,0.0,0.0,0.0,0.0,0.0,-0.1673678977648911,-0.0858604010719008,-0.7790027447957593,0.017694732592925255,0.0,-0.12025464553375997,-1.3082077859074517,-0.4724542135862611,0.34420780661179734,1.4695733532034099,0.5296162461773585,0.0,-1.6756842044534592,3.298400778234434,0.0,0.0,0.0,0.0,0.0,0.0,0.0,0.0,0.0,0.0,0.0,0.0,40.0,40.0,40.0,60.0,60.0,60.0,60.0,60.0,60.0,60.0,60.0,60.0,60.0,60.0,60.0,60.0,60.0,0.0,0.0,0.0,0.0,0.0,0.0,0.0,0.0,0.0,0.0,0.0,0.0,1.0,1.0,1.0,1.5,1.5,1.5,1.5,1.5,1.5,1.5,1.5,1.5,1.5,1.5,1.5,1.5,1.5,0.0,0.0,0.0,0.0,0.0,0.0,0.0,0.0,0.0,0.0,0.0,0.0,0.0,0.0,0.0,0.0,0.0,0.0,0.0,0.0,0.0,0.0,0.0,0.0,0.0,0.0,0.0,0.0,0.0
-0.1,0.0,0.0,0.3,-0.2,0.0,-0.1,0.0,0.0,0.3,-0.2,0.0,0.0,0.0,0.0,-0.10556956442700219,0.16069852873730192,0.0856406671756636,-0.2587307703365375,-1.97202,0.9510343408430043,-0.024095977454919836,-0.3716841368192424,-0.37118203884910295,0.608789841485547,-0.3387692132111718,1.97202,-0.7472809735155272,0.4615400750508597,0.0,0.0,0.0,0.0,0.0,0.0,0.0,0.0,0.0,0.0,0.0,0.0,0.0,0.0,0.0,-0.3111789381869102,-0.058529842863064285,-0.31406007213318454,0.3234524308520337,0.0,-0.0904163370551464,-0.7247664560538196,-0.5464100656867643,0.17625384534487865,1.1886131855818298,0.3682834761312287,0.0,-1.5069387339881584,2.451148058635691,0.0,0.0,0.0,0.0,0.0,0.0,0.0,0.0,0.0,0.0,0.0,0.0,40.0,40.0,40.0,60.0,60.0,60.0,60.0,60.0,60.0,60.0,60.0,60.0,60.0,60.0,60.0,60.0,60.0,0.0,0.0,0.0,0.0,0.0,0.0,0.0,0.0,0.0,0.0,0.0,0.0,1.0,1.0,1.0,1.5,1.5,1.5,1.5,1.5,1.5,1.5,1.5,1.5,1.5,1.5,1.5,1.5,1.5,0.0,0.0,0.0,0.0,0.0,0.0,0.0,0.0,0.0,0.0,0.0,0.0,0.0,0.0,0.0,0.0,0.0,0.0,0.0,0.0,0.0,0.0,0.0,0.0,0.0,0.0,0.0,0.0,0.0
-0.1,0.0,0.0,0.3,-0.2,0.0,-0.1,0.0,0.0,0.3,-0.2,0.0,0.0,0.0,0.0,-0.11156920539373161,0.16121631088930377,0.08407244120121189,-0.25099473676129086,-1.97202,0.946685967923464,-0.03414197990283965,-0.381288478429979,-0.3702859596827587,0.6279326419579203,-0.3349704445315848,1.97202,-0.7757791372692515,0.5075478408690002,0.0,0.0,0.0,0.0,0.0,0.0,0.0,0.0,0.0,0.0,0.0,0.0,0.0,0.0,0.0,-0.4809467429388335,0.32508010648912566,0.10619222014471227,0.8215892707979254,0.0,0.36359716254387164,-0.10326643212863872,0.18880927602946268,-0.11000400462952697,0.3772740485320891,0.3243115680390263,0.0,0.696275794536727,2.212844626072935,0.0,0.0,0.0,0.0,0.0,0.0,0.0,0.0,0.0,0.0,0.0,0.0,40.0,40.0,40.0,60.0,60.0,60.0,60.0,60.0,60.0,60.0,60.0,60.0,60.0,60.0,60.0,60.0,60.0,0.0,0.0,0.0,0.0,0.0,0.0,0.0,0.0,0.0,0.0,0.0,0.0,1.0,1.0,1.0,1.5,1.5,1.5,1.5,1.5,1.5,1.5,1.5,1.5,1.5,1.5,1.5,1.5,1.5,0.0,0.0,0.0,0.0,0.0,0.0,0.0,0.0,0.0,0.0,0.0,0.0,0.0,0.0,0.0,0.0,0.0,0.0,0.0,0.0,0.0,0.0,0.0,0.0,0.0,0.0,0.0,0.0,0.0
-0.1,0.0,0.0,0.3,-0.2,0.0,-0.1,0.0,0.0,0.3,-0.2,0.0,0.0,0.0,0.0,-0.12480743414455553,0.17370173299686695,0.08988835598145209,-0.2258671995046205,-1.97202,0.9655782273447592,-0.028226634740065384,-0.3641317657780639,-0.375582199034284,0.6238808034268306,-0.32579675048961076,1.97202,-0.7194299417340582,0.5500538600937771,0.0,0.0,0.0,0.0,0.0,0.0,0.0,0.0,0.0,0.0,0.0,0.0,0.0,0.0,0.0,-1.2167520185867537,0.1323796251443056,-0.2952338330230311,0.3745783501561156,0.0,-1.3588215375428758,1.4651207122107288,0.8012734969651533,0.07225053849131136,0.40534847772462634,0.5278224382717855,0.0,1.0594692603340532,2.1580431069369133,0.0,0.0,0.0,0.0,0.0,0.0,0.0,0.0,0.0,0.0,0.0,0.0,40.0,40.0,40.0,60.0,60.0,60.0,60.0,60.0,60.0,60.0,60.0,60.0,60.0,60.0,60.0,60.0,60.0,0.0,0.0,0.0,0.0,0.0,0.0,0.0,0.0,0.0,0.0,0.0,0.0,1.0,1.0,1.0,1.5,1.5,1.5,1.5,1.5,1.5,1.5,1.5,1.5,1.5,1.5,1.5,1.5,1.5,0.0,0.0,0.0,0.0,0.0,0.0,0.0,0.0,0.0,0.0,0.0,0.0,0.0,0.0,0.0,0.0,0.0,0.0,0.0,0.0,0.0,0.0,0.0,0.0,0.0,0.0,0.0,0.0,0.0
-0.1,0.0,0.0,0.3,-0.2,0.0,-0.1,0.0,0.0,0.3,-0.2,0.0,0.0,0.0,0.0,-0.16023928613720176,0.166511495895076,0.07226308788029065,-0.23601160275504623,-1.97202,0.892333106421749,0.024462848585589503,-0.34923753855137285,-0.3673959381431062,0.6441465810669054,-0.3138575470007134,1.97202,-0.7334003668558894,0.5938695651464767,0.0,0.0,0.0,0.0,0.0,0.0,0.0,0.0,0.0,0.0,0.0,0.0,0.0,0.0,0.0,-0.9928875491590174,-0.1250341116981933,-1.0415871652511568,-0.8253988775666361,0.0,-2.6498494071590244,1.710497533627194,0.20763885181455805,0.16610688554243996,1.0732184514147451,0.6996022302513074,0.0,-1.2983062971757413,1.7165308669755435,0.0,0.0,0.0,0.0,0.0,0.0,0.0,0.0,0.0,0.0,0.0,0.0,40.0,40.0,40.0,60.0,60.0,60.0,60.0,60.0,60.0,60.0,60.0,60.0,60.0,60.0,60.0,60.0,60.0,0.0,0.0,0.0,0.0,0.0,0.0,0.0,0.0,0.0,0.0,0.0,0.0,1.0,1.0,1.0,1.5,1.5,1.5,1.5,1.5,1.5,1.5,1.5,1.5,1.5,1.5,1.5,1.5,1.5,0.0,0.0,0.0,0.0,0.0,0.0,0.0,0.0,0.0,0.0,0.0,0.0,0.0,0.0,0.0,0.0,0.0,0.0,0.0,0.0,0.0,0.0,0.0,0.0,0.0,0.0,0.0,0.0,0.0
-0.1,0.0,0.0,0.3,-0.2,0.0,-0.1,0.0,0.0,0.3,-0.2,0.0,0.0,0.0,0.0,-0.16452293611091623,0.16870036852893922,0.04822486937140581,-0.25888315460728595,-1.97202,0.8595842510583982,0.04019326660502237,-0.35582621170548157,-0.3689379236125864,0.6668095414834204,-0.29781266127955847,1.97202,-0.7713621936210878,0.6187150947727988,0.0,0.0,0.0,0.0,0.0,0.0,0.0,0.0,0.0,0.0,0.0,0.0,0.0,0.0,0.0,-0.22869920170065575,-0.008322040270816039,-1.0569859260367815,-0.8122899846306999,0.0,-2.441029296741648,1.1434338330070521,-0.3407630473151804,0.03224834668258819,1.0678763592664176,0.4851701449733445,0.0,-1.2846445444304604,0.17156930187436914,0.0,0.0,0.0,0.0,0.0,0.0,0.0,0.0,0.0,0.0,0.0,0.0,40.0,40.0,40.0,60.0,60.0,60.0,60.0,60.0,60.0,60.0,60.0,60.0,60.0,60.0,60.0,60.0,60.0,0.0,0.0,0.0,0.0,0.0,0.0,0.0,0.0,0.0,0.0,0.0,0.0,1.0,1.0,1.0,1.5,1.5,1.5,1.5,1.5,1.5,1.5,1.5,1.5,1.5,1.5,1.5,1.5,1.5,0.0,0.0,0.0,0.0,0.0,0.0,0.0,0.0,0.0,0.0,0.0,0.0,0.0,0.0,0.0,0.0,0.0,0.0,0.0,0.0,0.0,0.0,0.0,0.0,0.0,0.0,0.0,0.0,0.0
-0.1,0.0,0.0,0.3,-0.2,0.0,-0.1,0.0,0.0,0.3,-0.2,0.0,0.0,0.0,0.0,-0.169387254205228,0.16617861428424335,0.02998365083881939,-0.26850320214027423,-1.97202,0.7946919345520831,0.07020020190587159,-0.36286806044398007,-0.3661060042758027,0.6868616354375621,-0.2944507412017796,1.97202,-0.7847861486331078,0.6007323372214515,0.0,0.0,0.0,0.0,0.0,0.0,0.0,0.0,0.0,0.0,0.0,0.0,0.0,0.0,0.0,0.25226742347383907,0.13767487713310447,-0.647875735040025,-0.31223506464354983,0.0,-2.535700496117277,1.2988148468262124,-0.4085570122184648,-0.13247299038915555,-0.11051129508129476,-0.2753408677914154,0.0,0.42924327359177006,-2.355156031168415,0.0,0.0,0.0,0.0,0.0,0.0,0.0,0.0,0.0,0.0,0.0,0.0,40.0,40.0,40.0,60.0,60.0,60.0,60.0,60.0,60.0,60.0,60.0,60.0,60.0,60.0,60.0,60.0,60.0,0.0,0.0,0.0,0.0,0.0,0.0,0.0,0.0,0.0,0.0,0.0,0.0,1.0,1.0,1.0,1.5,1.5,1.5,1.5,1.5,1.5,1.5,1.5,1.5,1.5,1.5,1.5,1.5,1.5,0.0,0.0,0.0,0.0,0.0,0.0,0.0,0.0,0.0,0.0,0.0,0.0,0.0,0.0,0.0,0.0,0.0,0.0,0.0,0.0,0.0,0.0,0.0,0.0,0.0,0.0,0.0,0.0,0.0
-0.1,0.0,0.0,0.3,-0.2,0.0,-0.1,0.0,0.0,0.3,-0.2,0.0,0.0,0.0,0.0,-0.15443223917196267,0.1742073636142634,0.02230983996980481,-0.27137255719302794,-1.97202,0.7581562312137071,0.09214586047807087,-0.37216849219422016,-0.37423684322815265,0.6623890896801686,-0.3088262959912151,1.97202,-0.754192462677417,0.5245088535260622,0.0,0.0,0.0,0.0,0.0,0.0,0.0,0.0,0.0,0.0,0.0,0.0,0.0,0.0,0.0,0.7051489614670454,-0.06560778038357598,-0.6797247565134397,-0.6151485219965364,0.0,-2.1773406970504365,0.744955379892356,-0.6939532324257494,0.23521190780687873,-1.0977377157521118,-0.7509475306889487,0.0,1.032754973059219,-3.574272392520676,0.0,0.0,0.0,0.0,0.0,0.0,0.0,0.0,0.0,0.0,0.0,0.0,40.0,40.0,40.0,60.0,60.0,60.0,60.0,60.0,60.0,60.0,60.0,60.0,60.0,60.0,60.0,60.0,60.0,0.0,0.0,0.0,0.0,0.0,0.0,0.0,0.0,0.0,0.0,0.0,0.0,1.0,1.0,1.0,1.5,1.5,1.5,1.5,1.5,1.5,1.5,1.5,1.5,1.5,1.5,1.5,1.5,1.5,0.0,0.0,0.0,0.0,0.0,0.0,0.0,0.0,0.0,0.0,0.0,0.0,0.0,0.0,0.0,0.0,0.0,0.0,0.0,0.0,0.0,0.0,0.0,0.0,0.0,0.0,0.0,0.0,0.0
-0.1,0.0,0.0,0.3,-0.2,0.0,-0.1,0.0,0.0,0.3,-0.2,0.0,0.0,0.0,0.0,-0.14118129574654617,0.16355430306890031,0.0027946605782818014,-0.2931091430201357,-1.97202,0.7075983066700656,0.09999841710156583,-0.39062618974101004,-0.35669752796352755,0.6429521268074776,-0.32448864242933756,1.97202,-0.743475949710739,0.4577614415206244,0.0,0.0,0.0,0.0,0.0,0.0,0.0,0.0,0.0,0.0,0.0,0.0,0.0,0.0,0.0,0.5498334033735299,-0.7259350364324096,-1.349547755133863,-1.279318909562338,0.0,-2.741321804614347,0.03258274133102722,-0.9153172115814845,1.0001075933630226,-0.4326277941239187,-0.34656540810208414,0.0,0.40447016135276015,-2.3019513313624507,0.0,0.0,0.0,0.0,0.0,0.0,0.0,0.0,0.0,0.0,0.0,0.0,40.0,40.0,40.0,60.0,60.0,60.0,60.0,60.0,60.0,60.0,60.0,60.0,60.0,60.0,60.0,60.0,60.0,0.0,0.0,0.0,0.0,0.0,0.0,0.0,0.0,0.0,0.0,0.0,0.0,1.0,1.0,1.0,1.5,1.5,1.5,1.5,1.5,1.5,1.5,1.5,1.5,1.5,1.5,1.5,1.5,1.5,0.0,0.0,0.0,0.0,0.0,0.0,0.0,0.0,0.0,0.0,0.0,0.0,0.0,0.0,0.0,0.0,0.0,0.0,0.0,0.0,0.0,0.0,0.0,0.0,0.0,0.0,0.0,0.0,0.0
-0.1,0.0,0.0,0.3,-0.2,0.0,-0.1,0.0,0.0,0.3,-0.2,0.0,0.0,0.0,0.0,-0.13243890303702147,0.145169962156967,-0.031672070235549715,-0.32254531357552146,-1.97202,0.6485033590291333,0.09344917013131196,-0.40878118065747954,-0.33423253949363174,0.6450839779152119,-0.32268891231529845,1.97202,-0.7380136562233066,0.4324308002715642,0.0,0.0,0.0,0.0,0.0,0.0,0.0,0.0,0.0,0.0,0.0,0.0,0.0,0.0,0.0,1.1474454956152056,-0.4451928371842252,-1.0338320741715572,-1.1507856758025874,0.0,-2.087596910608452,-1.4115098694263324,-1.2188687806415048,0.9451349049044085,-0.7554493707527477,-0.08526747206255153,0.0,-0.3481571966575919,-1.5478926411110676,0.0,0.0,0.0,0.0,0.0,0.0,0.0,0.0,0.0,0.0,0.0,0.0,40.0,40.0,40.0,60.0,60.0,60.0,60.0,60.0,60.0,60.0,60.0,60.0,60.0,60.0,60.0,60.0,60.0,0.0,0.0,0.0,0.0,0.0,0.0,0.0,0.0,0.0,0.0,0.0,0.0,1.0,1.0,1.0,1.5,1.5,1.5,1.5,1.5,1.5,1.5,1.5,1.5,1.5,1.5,1.5,1.5,1.5,0.0,0.0,0.0,0.0,0.0,0.0,0.0,0.0,0.0,0.0,0.0,0.0,0.0,0.0,0.0,0.0,0.0,0.0,0.0,0.0,0.0,0.0,0.0,0.0,0.0,0.0,0.0,0.0,0.0
-0.1,0.0,0.0,0.3,-0.2,0.0,-0.1,0.0,0.0,0.3,-0.2,0.0,0.0,0.0,0.0,-0.09528347592193795,0.1457465895815313,-0.03855862238858049,-0.3391405700522392,-1.97202,0.6240944302457275,0.04353802232451254,-0.43938094096667024,-0.3188921317673512,0.6127341519773677,-0.3278993413118396,1.97202,-0.7574022375770427,0.3958457358761817,0.0,0.0,0.0,0.0,0.0,0.0,0.0,0.0,0.0,0.0,0.0,0.0,0.0,0.0,0.0,0.47783255295034965,-0.6763785710830649,-1.6625657783588927,-0.5100415830994839,0.0,-2.634087819261688,0.7678512925432146,-1.0851772215530617,1.1286041422865767,0.3488037331979721,-0.29050783291913324,0.0,-2.1094457674231957,0.9282575799396647,0.0,0.0,0.0,0.0,0.0,0.0,0.0,0.0,0.0,0.0,0.0,0.0,40.0,40.0,40.0,60.0,60.0,60.0,60.0,60.0,60.0,60.0,60.0,60.0,60.0,60.0,60.0,60.0,60.0,0.0,0.0,0.0,0.0,0.0,0.0,0.0,0.0,0.0,0.0,0.0,0.0,1.0,1.0,1.0,1.5,1.5,1.5,1.5,1.5,1.5,1.5,1.5,1.5,1.5,1.5,1.5,1.5,1.5,0.0,0.0,0.0,0.0,0.0,0.0,0.0,0.0,0.0,0.0,0.0,0.0,0.0,0.0,0.0,0.0,0.0,0.0,0.0,0.0,0.0,0.0,0.0,0.0,0.0,0.0,0.0,0.0,0.0
-0.1,0.0,0.0,0.3,-0.2,0.0,-0.1,0.0,0.0,0.3,-0.2,0.0,0.0,0.0,0.0,-0.11332560091900748,0.11811481931364441,-0.09817470136990543,-0.3429469768995008,-1.97202,0.5431398462586657,0.12416322183304054,-0.452188269519602,-0.2890883738021687,0.6590361272431308,-0.3343092256320638,1.97202,-0.8223914869202344,0.4695611034691508,0.0,0.0,0.0,0.0,0.0,0.0,0.0,0.0,0.0,0.0,0.0,0.0,0.0,0.0,0.0,-0.8562463736402453,0.5426680465543309,-1.0364755682425861,-0.7367696687319721,0.0,-12.015906561775958,1.6000857590060338,0.4543604087880404,-0.06291361580938876,1.5967064286297128,-1.4839186025044748,0.0,-7.666565533186251,7.84487390938252,0.0,0.0,0.0,0.0,0.0,0.0,0.0,0.0,0.0,0.0,0.0,0.0,40.0,40.0,40.0,60.0,60.0,60.0,60.0,60.0,60.0,60.0,60.0,60.0,60.0,60.0,60.0,60.0,60.0,0.0,0.0,0.0,0.0,0.0,0.0,0.0,0.0,0.0,0.0,0.0,0.0,1.0,1.0,1.0,1.5,1.5,1.5,1.5,1.5,1.5,1.5,1.5,1.5,1.5,1.5,1.5,1.5,1.5,0.0,0.0,0.0,0.0,0.0,0.0,0.0,0.0,0.0,0.0,0.0,0.0,0.0,0.0,0.0,0.0,0.0,0.0,0.0,0.0,0.0,0.0,0.0,0.0,0.0,0.0,0.0,0.0,0.0
-0.1,0.0,0.0,0.3,-0.2,0.0,-0.1,0.0,0.0,0.3,-0.2,0.0,0.0,0.0,0.0,-0.12953333086754776,0.16745331144370454,-0.08001764511828394,-0.3686113568015181,-1.97202,0.14345816777468917,0.10754145268475389,-0.4212065246151486,-0.32140867639972676,0.6766024091225562,-0.3872560854120186,1.97202,-1.0640648589044928,0.7096406922514825,0.0,0.0,0.0,0.0,0.0,0.0,0.0,0.0,0.0,0.0,0.0,0.0,0.0,0.0,0.0,-0.39525302929962897,1.8504539264737103,-3.0199288721788933,-2.733308171248656,0.0,-17.407024911654144,-1.9768000019650462,-0.10702507174634862,-0.5994691187847179,2.4884307840872726,-0.27599412174746374,0.0,-12.370728199357167,8.731701489874997,0.0,0.0,0.0,0.0,0.0,0.0,0.0,0.0,0.0,0.0,0.0,0.0,40.0,40.0,40.0,60.0,60.0,60.0,60.0,60.0,60.0,60.0,60.0,60.0,60.0,60.0,60.0,60.0,60.0,0.0,0.0,0.0,0.0,0.0,0.0,0.0,0.0,0.0,0.0,0.0,0.0,1.0,1.0,1.0,1.5,1.5,1.5,1.5,1.5,1.5,1.5,1.5,1.5,1.5,1.5,1.5,1.5,1.5,0.0,0.0,0.0,0.0,0.0,0.0,0.0,0.0,0.0,0.0,0.0,0.0,0.0,0.0,0.0,0.0,0.0,0.0,0.0,0.0,0.0,0.0,0.0,0.0,0.0,0.0,0.0,0.0,0.0
-0.1,0.0,0.0,0.3,-0.2,0.0,-0.1,0.0,0.0,0.3,-0.2,0.0,0.0,0.0,0.0,-0.12913572209099264,0.19213297637259283,-0.21897185625706117,-0.4522793037494471,-1.97202,-0.15314115020750013,0.04509122175443869,-0.45646927238945595,-0.3130671385535574,0.7585733586066217,-0.3453489905019623,1.97202,-1.3172206148945211,0.8188291630641507,0.0,0.0,0.0,0.0,0.0,0.0,0.0,0.0,0.0,0.0,0.0,0.0,0.0,0.0,0.0,-0.16825648731621998,0.9581359394713231,-6.454890509975603,-2.8658339950346,0.0,-12.410274265869212,0.5110165362767362,-1.7600284231860206,0.9780721820001392,3.1850989737716437,0.6853086254391779,0.0,-8.750674642850703,3.438416017519827,0.0,0.0,0.0,0.0,0.0,0.0,0.0,0.0,0.0,0.0,0.0,0.0,40.0,40.0,40.0,60.0,60.0,60.0,60.0,60.0,60.0,60.0,60.0,60.0,60.0,60.0,60.0,60.0,60.0,0.0,0.0,0.0,0.0,0.0,0.0,0.0,0.0,0.0,0.0,0.0,0.0,1.0,1.0,1.0,1.5,1.5,1.5,1.5,1.5,1.5,1.5,1.5,1.5,1.5,1.5,1.5,1.5,1.5,0.0,0.0,0.0,0.0,0.0,0.0,0.0,0.0,0.0,0.0,0.0,0.0,0.0,0.0,0.0,0.0,0.0,0.0,0.0,0.0,0.0,0.0,0.0,0.0,0.0,0.0,0.0,0.0,0.0
-0.1,0.0,0.0,0.3,-0.2,0.0,-0.1,0.0,0.0,0.3,-0.2,0.0,0.0,0.0,0.0,-0.13626359036019656,0.20577874902255747,-0.33821326551730807,-0.4832447166029021,-1.97202,-0.3529528028600793,0.12798211413582333,-0.49160766154258945,-0.2822857891197212,0.804006368073422,-0.3598437403944515,1.97202,-1.4140918446185209,0.8471773329522756,0.0,0.0,0.0,0.0,0.0,0.0,0.0,0.0,0.0,0.0,0.0,0.0,0.0,0.0,0.0,-0.8102517215285321,0.3416987131421099,-4.8076601628932565,-2.041723099149166,0.0,-9.09719099433327,4.65140009587683,-0.8905329731851125,1.5414193086715946,1.7549407739161027,-0.7948087333590245,0.0,-3.824559044728648,1.4480152503157262,0.0,0.0,0.0,0.0,0.0,0.0,0.0,0.0,0.0,0.0,0.0,0.0,40.0,40.0,40.0,60.0,60.0,60.0,60.0,60.0,60.0,60.0,60.0,60.0,60.0,60.0,60.0,60.0,60.0,0.0,0.0,0.0,0.0,0.0,0.0,0.0,0.0,0.0,0.0,0.0,0.0,1.0,1.0,1.0,1.5,1.5,1.5,1.5,1.5,1.5,1.5,1.5,1.5,1.5,1.5,1.5,1.5,1.5,0.0,0.0,0.0,0.0,0.0,0.0,0.0,0.0,0.0,0.0,0.0,0.0,0.0,0.0,0.0,0.0,0.0,0.0,0.0,0.0,0.0,0.0,0.0,0.0,0.0,0.0,0.0,0.0,0.0
-0.1,0.0,0.0,0.3,-0.2,0.0,-0.1,0.0,0.0,0.3,-0.2,0.0,0.0,0.0,0.0,-0.16154579095213392,0.20580092489827723,-0.41127826277279145,-0.5339482277154137,-1.97202,-0.5170287899808309,0.2311472255895119,-0.49209059131686045,-0.2514103662066936,0.8287709895632658,-0.3771413398363233,1.97202,-1.470202976683667,0.8767497730767797,0.0,0.0,0.0,0.0,0.0,0.0,0.0,0.0,0.0,0.0,0.0,0.0,0.0,0.0,0.0,-0.6431918084352852,0.09822396649873527,-3.027070228315133,-2.413868626499656,0.0,-7.203115376149387,6.097878795995619,-0.48274680337292847,0.9120624972051669,0.30972518209913535,-0.07860215996533387,0.0,-2.6500468021775636,-0.10018537870407906,0.0,0.0,0.0,0.0,0.0,0.0,0.0,0.0,0.0,0.0,0.0,0.0,40.0,40.0,40.0,60.0,60.0,60.0,60.0,60.0,60.0,60.0,60.0,60.0,60.0,60.0,60.0,60.0,60.0,0.0,0.0,0.0,0.0,0.0,0.0,0.0,0.0,0.0,0.0,0.0,0.0,1.0,1.0,1.0,1.5,1.5,1.5,1.5,1.5,1.5,1.5,1.5,1.5,1.5,1.5,1.5,1.5,1.5,0.0,0.0,0.0,0.0,0.0,0.0,0.0,0.0,0.0,0.0,0.0,0.0,0.0,0.0,0.0,0.0,0.0,0.0,0.0,0.0,0.0,0.0,0.0,0.0,0.0,0.0,0.0,0.0,0.0
-0.1,0.0,0.0,0.3,-0.2,0.0,-0.1,0.0,0.0,0.3,-0.2,0.0,0.0,0.0,0.0,-0.16199126269760797,0.20970770768250688,-0.4592960746499134,-0.5797994616628883,-1.97202,-0.6410774179060548,0.3718972659756481,-0.5109175336775066,-0.2458032892315145,0.8163953753573874,-0.36298782679306485,1.97202,-1.5200937167056234,0.8431699178041124,0.0,0.0,0.0,0.0,0.0,0.0,0.0,0.0,0.0,0.0,0.0,0.0,0.0,0.0,0.0,-0.5941584000810657,0.030621232258375153,-1.990501126570715,-1.5540445808222751,0.37443432482437977,-4.883702483668798,7.170773495205533,-0.2769518127698947,0.6819238242018507,0.6147052426227179,-0.0600614327283866,0.0,-2.6159974996477486,-0.3742200833014825,0.0,0.0,0.0,0.0,0.0,0.0,0.0,0.0,0.0,0.0,0.0,0.0,40.0,40.0,40.0,60.0,60.0,60.0,60.0,60.0,60.0,60.0,60.0,60.0,60.0,60.0,60.0,60.0,60.0,0.0,0.0,0.0,0.0,0.0,0.0,0.0,0.0,0.0,0.0,0.0,0.0,1.0,1.0,1.0,1.5,1.5,1.5,1.5,1.5,1.5,1.5,1.5,1.5,1.5,1.5,1.5,1.5,1.5,0.0,0.0,0.0,0.0,0.0,0.0,0.0,0.0,0.0,0.0,0.0,0.0,0.0,0.0,0.0,0.0,0.0,0.0,0.0,0.0,0.0,0.0,0.0,0.0,0.0,0.0,0.0,0.0,0.0
-0.1,0.0,0.0,0.3,-0.2,0.0,-0.1,0.0,0.0,0.3,-0.2,0.0,0.0,0.0,0.0,-0.18531212695537655,0.20702577418861223,-0.49089830783562005,-0.5961100109483047,-1.957042627007025,-0.7123768893275828,0.5179781653977332,-0.5031686638276562,-0.22413341323861957,0.8533591992681745,-0.37954379714545877,1.97202,-1.574842876669577,0.8617809697447204,0.0,0.0,0.0,0.0,0.0,0.0,0.0,0.0,0.0,0.0,0.0,0.0,0.0,0.0,0.0,-0.8442797819340215,0.01637856820499023,-0.9273414485355236,-0.6917817389779618,3.0498523776875284,-1.8062478999051361,7.3945983842846115,0.18051110010667282,0.616011193010204,1.2667303137741086,-0.015858662411423474,0.0,-2.3481867362228015,-0.7304994199475334,0.0,0.0,0.0,0.0,0.0,0.0,0.0,0.0,0.0,0.0,0.0,0.0,40.0,40.0,40.0,60.0,60.0,60.0,60.0,60.0,60.0,60.0,60.0,60.0,60.0,60.0,60.0,60.0,60.0,0.0,0.0,0.0,0.0,0.0,0.0,0.0,0.0,0.0,0.0,0.0,0.0,1.0,1.0,1.0,1.5,1.5,1.5,1.5,1.5,1.5,1.5,1.5,1.5,1.5,1.5,1.5,1.5,1.5,0.0,0.0,0.0,0.0,0.0,0.0,0.0,0.0,0.0,0.0,0.0,0.0,0.0,0.0,0.0,0.0,0.0,0.0,0.0,0.0,0.0,0.0,0.0,0.0,0.0,0.0,0.0,0.0,0.0
-0.1,0.0,0.0,0.3,-0.2,0.0,-0.1,0.0,0.0,0.3,-0.2,0.0,0.0,0.0,0.0,-0.19576245397496883,0.2103628504107065,-0.49638973259133434,-0.6074707312220068,-1.850025904892499,-0.7133273339022602,0.6676812013470326,-0.5036970896732397,-0.22116284151110635,0.8670645879083517,-0.3636221732895218,1.97202,-1.6140211861545355,0.8139499410062111,0.0,0.0,0.0,0.0,0.0,0.0,0.0,0.0,0.0,0.0,0.0,0.0,0.0,0.0,0.0,-0.8014150408801941,-0.14174151235721855,-0.39523118112679,-0.17769362926258747,2.959446079335842,-0.2730122733817619,6.532405225587285,0.05372538101556246,0.4552245171649628,1.1306795790292423,-0.27787782323977495,0.0,-0.9318962361552496,-3.0620918634156946,0.0,0.0,0.0,0.0,0.0,0.0,0.0,0.0,0.0,0.0,0.0,0.0,40.0,40.0,40.0,60.0,60.0,60.0,60.0,60.0,60.0,60.0,60.0,60.0,60.0,60.0,60.0,60.0,60.0,0.0,0.0,0.0,0.0,0.0,0.0,0.0,0.0,0.0,0.0,0.0,0.0,1.0,1.0,1.0,1.5,1.5,1.5,1.5,1.5,1.5,1.5,1.5,1.5,1.5,1.5,1.5,1.5,1.5,0.0,0.0,0.0,0.0,0.0,0.0,0.0,0.0,0.0,0.0,0.0,0.0,0.0,0.0,0.0,0.0,0.0,0.0,0.0,0.0,0.0,0.0,0.0,0.0,0.0,0.0,0.0,0.0,0.0
-0.1,0.0,0.0,0.3,-0.2,0.0,-0.1,0.0,0.0,0.3,-0.2,0.0,0.0,0.0,0.0,-0.21736872859058431,0.2013561136943235,-0.5067075550806917,-0.6032177561188082,-1.8386647838335912,-0.7232973802628533,0.7792743744212246,-0.5010196485870337,-0.20592443255202106,0.8985863824293442,-0.39065891007504977,1.97202,-1.612118726115787,0.7392972952080926,0.0,0.0,0.0,0.0,0.0,0.0,0.0,0.0,0.0,0.0,0.0,0.0,0.0,0.0,0.0,-0.8665419858516779,-0.2548368089321344,0.10270446487194579,0.055065049562361135,0.3874510182893809,0.43069815954297486,6.226418414810025,0.3768067955810875,0.33140726319795877,0.9461756259362547,-1.5288807172663732,0.0,0.46309403916702796,-4.9198659575117905,0.0,0.0,0.0,0.0,0.0,0.0,0.0,0.0,0.0,0.0,0.0,0.0,40.0,40.0,40.0,60.0,60.0,60.0,60.0,60.0,60.0,60.0,60.0,60.0,60.0,60.0,60.0,60.0,60.0,0.0,0.0,0.0,0.0,0.0,0.0,0.0,0.0,0.0,0.0,0.0,0.0,1.0,1.0,1.0,1.5,1.5,1.5,1.5,1.5,1.5,1.5,1.5,1.5,1.5,1.5,1.5,1.5,1.5,0.0,0.0,0.0,0.0,0.0,0.0,0.0,0.0,0.0,0.0,0.0,0.0,0.0,0.0,0.0,0.0,0.0,0.0,0.0,0.0,0.0,0.0,0.0,0.0,0.0,0.0,0.0,0.0,0.0
-0.1,0.0,0.0,0.3,-0.2,0.0,-0.1,0.0,0.0,0.3,-0.2,0.0,0.0,0.0,0.0,-0.23042413340903595,0.2001693780534211,-0.4922815539964565,-0.6052681292395123,-1.8345278641609237,-0.6960994075205412,0.9167379379394336,-0.4886248178499962,-0.207906550983188,0.9049116129458019,-0.4247774019801767,1.97202,-1.5954974245878544,0.6171553027057395,0.0,0.0,0.0,0.0,0.0,0.0,0.0,0.0,0.0,0.0,0.0,0.0,0.0,0.0,0.0,-0.31720895996591236,-0.2974823637809938,0.5901870220258454,0.09692635969973384,0.14006301617766614,1.447617987859187,5.306023663481282,0.4211087149591272,0.23171261810909644,0.9902916698552866,-2.5507905324635787,0.0,3.063956368987808,-8.124174247714913,0.0,0.0,0.0,0.0,0.0,0.0,0.0,0.0,0.0,0.0,0.0,0.0,40.0,40.0,40.0,60.0,60.0,60.0,60.0,60.0,60.0,60.0,60.0,60.0,60.0,60.0,60.0,60.0,60.0,0.0,0.0,0.0,0.0,0.0,0.0,0.0,0.0,0.0,0.0,0.0,0.0,1.0,1.0,1.0,1.5,1.5,1.5,1.5,1.5,1.5,1.5,1.5,1.5,1.5,1.5,1.5,1.5,1.5,0.0,0.0,0.0,0.0,0.0,0.0,0.0,0.0,0.0,0.0,0.0,0.0,0.0,0.0,0.0,0.0,0.0,0.0,0.0,0.0,0.0,0.0,0.0,0.0,0.0,0.0,0.0,0.0,0.0
-0.1,0.0,0.0,0.3,-0.2,0.0,-0.1,0.0,0.0,0.3,-0.2,0.0,0.0,0.0,0.0,-0.2300570869892208,0.18945681914308374,-0.48310007419965784,-0.5993407017308189,-1.8330622631864846,-0.6653926607484858,0.9915153209604759,-0.48417529998866865,-0.1966559278276572,0.9381980492235557,-0.4926905313735929,1.97202,-1.4895604713562747,0.4143303252994961,0.0,0.0,0.0,0.0,0.0,0.0,0.0,0.0,0.0,0.0,0.0,0.0,0.0,0.0,0.0,-0.02294064230457457,-0.4335484937331553,0.396846090791117,-1.612026457250887,0.1169718157100097,-1.6394694946932602,4.929316967299391,0.8005338333559028,-0.24283399075111234,-0.07630124610268074,-2.526628630319626,0.0,7.160994184261344,-10.258988950040699,0.0,0.0,0.0,0.0,0.0,0.0,0.0,0.0,0.0,0.0,0.0,0.0,40.0,40.0,40.0,60.0,60.0,60.0,60.0,60.0,60.0,60.0,60.0,60.0,60.0,60.0,60.0,60.0,60.0,0.0,0.0,0.0,0.0,0.0,0.0,0.0,0.0,0.0,0.0,0.0,0.0,1.0,1.0,1.0,1.5,1.5,1.5,1.5,1.5,1.5,1.5,1.5,1.5,1.5,1.5,1.5,1.5,1.5,0.0,0.0,0.0,0.0,0.0,0.0,0.0,0.0,0.0,0.0,0.0,0.0,0.0,0.0,0.0,0.0,0.0,0.0,0.0,0.0,0.0,0.0,0.0,0.0,0.0,0.0,0.0,0.0,0.0
-0.1,0.0,0.0,0.3,-0.2,0.0,-0.1,0.0,0.0,0.3,-0.2,0.0,0.0,0.0,0.0,-0.23134175910121893,0.1828274383040949,-0.47640771036481183,-0.6697491875295478,-1.8298489915325233,-0.7616781873082716,1.1139106166314092,-0.45660346451576006,-0.2176199106132325,0.9018595631016947,-0.5258425471929618,1.97202,-1.3090576572174006,0.2067957447041115,0.0,0.0,0.0,0.0,0.0,0.0,0.0,0.0,0.0,0.0,0.0,0.0,0.0,0.0,0.0,0.29122824434333267,-0.8772360659386247,-0.793884025706057,-1.2496807079567407,1.1734758720733263,-0.04421553069300088,5.567384034727085,0.949074322119435,0.9689682922857275,-2.5350805417708897,-2.0776058912834,0.0,11.581582757845032,-11.742095079932533,0.0,0.0,0.0,0.0,0.0,0.0,0.0,0.0,0.0,0.0,0.0,0.0,40.0,40.0,40.0,60.0,60.0,60.0,60.0,60.0,60.0,60.0,60.0,60.0,60.0,60.0,60.0,60.0,60.0,0.0,0.0,0.0,0.0,0.0,0.0,0.0,0.0,0.0,0.0,0.0,0.0,1.0,1.0,1.0,1.5,1.5,1.5,1.5,1.5,1.5,1.5,1.5,1.5,1.5,1.5,1.5,1.5,1.5,0.0,0.0,0.0,0.0,0.0,0.0,0.0,0.0,0.0,0.0,0.0,0.0,0.0,0.0,0.0,0.0,0.0,0.0,0.0,0.0,0.0,0.0,0.0,0.0,0.0,0.0,0.0,0.0,0.0
-0.1,0.0,0.0,0.3,-0.2,0.0,-0.1,0.0,0.0,0.3,-0.2,0.0,0.0,0.0,0.0,-0.2184079572154875,0.15436737650553875,-0.5148554352279001,-0.6493279300490885,-1.7861232283035515,-0.6671612819762058,1.2142106823495593,-0.44621232710389125,-0.1578971961362281,0.83679482755272,-0.5757947670249289,1.97202,-1.0262971610424734,-0.055353477897805196,0.0,0.0,0.0,0.0,0.0,0.0,0.0,0.0,0.0,0.0,0.0,0.0,0.0,0.0,0.0,-0.3252467667514844,-0.9034762368528841,-0.29227195317212823,0.8087095065555661,-0.8163776988316551,1.2454648343987795,0.8101478108447968,1.8780758834449767,1.9441245554276072,-2.914873151327804,-2.3981846889943452,0.0,13.273844317613301,-10.795304652163354,0.0,0.0,0.0,0.0,0.0,0.0,0.0,0.0,0.0,0.0,0.0,0.0,40.0,40.0,40.0,60.0,60.0,60.0,60.0,60.0,60.0,60.0,60.0,60.0,60.0,60.0,60.0,60.0,60.0,0.0,0.0,0.0,0.0,0.0,0.0,0.0,0.0,0.0,0.0,0.0,0.0,1.0,1.0,1.0,1.5,1.5,1.5,1.5,1.5,1.5,1.5,1.5,1.5,1.5,1.5,1.5,1.5,1.5,0.0,0.0,0.0,0.0,0.0,0.0,0.0,0.0,0.0,0.0,0.0,0.0,0.0,0.0,0.0,0.0,0.0,0.0,0.0,0.0,0.0,0.0,0.0,0.0,0.0,0.0,0.0,0.0,0.0
-0.1,0.0,0.0,0.3,-0.2,0.0,-0.1,0.0,0.0,0.3,-0.2,0.0,0.0,0.0,0.0,-0.2443516297712783,0.14668838882997953,-0.48809858849169696,-0.6374008072673252,-1.8625040994857895,-0.7118595939323205,1.146316529065201,-0.381480429177961,-0.1398549283961282,0.7852646370485825,-0.6217699347527356,1.97202,-0.7781038845128686,-0.22501644138242272,0.0,0.0,0.0,0.0,0.0,0.0,0.0,0.0,0.0,0.0,0.0,0.0,0.0,0.0,0.0,-1.132717775000429,-0.35064394832093476,1.0753976171229251,-0.5095587108272986,-3.2264188003231498,-1.2730523154922762,-2.6616491787283536,3.2813886581124647,0.7798744779452166,-2.586920244894844,-0.3580207184583378,0.0,13.52100180046068,-6.649260698657709,0.0,0.0,0.0,0.0,0.0,0.0,0.0,0.0,0.0,0.0,0.0,0.0,40.0,40.0,40.0,60.0,60.0,60.0,60.0,60.0,60.0,60.0,60.0,60.0,60.0,60.0,60.0,60.0,60.0,0.0,0.0,0.0,0.0,0.0,0.0,0.0,0.0,0.0,0.0,0.0,0.0,1.0,1.0,1.0,1.5,1.5,1.5,1.5,1.5,1.5,1.5,1.5,1.5,1.5,1.5,1.5,1.5,1.5,0.0,0.0,0.0,0.0,0.0,0.0,0.0,0.0,0.0,0.0,0.0,0.0,0.0,0.0,0.0,0.0,0.0,0.0,0.0,0.0,0.0,0.0,0.0,0.0,0.0,0.0,0.0,0.0,0.0
-0.1,0.0,0.0,0.3,-0.2,0.0,-0.1,0.0,0.0,0.3,-0.2,0.0,0.0,0.0,0.0,-0.26371666821550466,0.14034161857270136,-0.4718395305429831,-0.6697102784821805,-1.9151799803164775,-0.7180833745958969,1.1077447152004252,-0.31495678077939265,-0.12670221701841944,0.7333180177569263,-0.5901155957632624,1.97202,-0.4854570890240461,-0.3213239058441136,0.0,0.0,0.0,0.0,0.0,0.0,0.0,0.0,0.0,0.0,0.0,0.0,0.0,0.0,0.0,-0.8401673107356643,-0.47714910512030095,0.5665268272557505,-0.3077783703005377,-1.752268605495222,1.2145451264870348,-1.550791206433938,2.8966362551987617,0.7197856604715481,-3.035662491506361,2.6836177360748366,0.0,14.974447459825734,-0.7089600486121839,0.0,0.0,0.0,0.0,0.0,0.0,0.0,0.0,0.0,0.0,0.0,0.0,40.0,40.0,40.0,60.0,60.0,60.0,60.0,60.0,60.0,60.0,60.0,60.0,60.0,60.0,60.0,60.0,60.0,0.0,0.0,0.0,0.0,0.0,0.0,0.0,0.0,0.0,0.0,0.0,0.0,1.0,1.0,1.0,1.5,1.5,1.5,1.5,1.5,1.5,1.5,1.5,1.5,1.5,1.5,1.5,1.5,1.5,0.0,0.0,0.0,0.0,0.0,0.0,0.0,0.0,0.0,0.0,0.0,0.0,0.0,0.0,0.0,0.0,0.0,0.0,0.0,0.0,0.0,0.0,0.0,0.0,0.0,0.0,0.0,0.0,0.0
-0.1,0.0,0.0,0.3,-0.2,0.0,-0.1,0.0,0.0,0.3,-0.2,0.0,0.0,0.0,0.0,-0.2779583222007049,0.1276024246251675,-0.46543751540146694,-0.6497119420793467,-1.9325948437055984,-0.6632777888728391,1.0842848808078436,-0.2656149789700105,-0.11106350197726628,0.6638381373883281,-0.5144252253097421,1.97202,-0.17912598611983926,-0.25337484332691007,0.0,0.0,0.0,0.0,0.0,0.0,0.0,0.0,0.0,0.0,0.0,0.0,0.0,0.0,0.0,-0.2830235909010159,-0.4527760896022314,0.42671057281921665,0.8043082971319587,-0.8835963722077123,2.6625508441790653,-1.1750821071553674,1.8500545222632663,0.3247109271878931,-4.413373198545267,4.4042623605710665,0.0,14.680647558197663,5.866457581449668,0.0,0.0,0.0,0.0,0.0,0.0,0.0,0.0,0.0,0.0,0.0,0.0,40.0,40.0,40.0,60.0,60.0,60.0,60.0,60.0,60.0,60.0,60.0,60.0,60.0,60.0,60.0,60.0,60.0,0.0,0.0,0.0,0.0,0.0,0.0,0.0,0.0,0.0,0.0,0.0,0.0,1.0,1.0,1.0,1.5,1.5,1.5,1.5,1.5,1.5,1.5,1.5,1.5,1.5,1.5,1.5,1.5,1.5,0.0,0.0,0.0,0.0,0.0,0.0,0.0,0.0,0.0,0.0,0.0,0.0,0.0,0.0,0.0,0.0,0.0,0.0,0.0,0.0,0.0,0.0,0.0,0.0,0.0,0.0,0.0,0.0,0.0
-0.1,0.0,0.0,0.3,-0.2,0.0,-0.1,0.0,0.0,0.3,-0.2,0.0,0.0,0.0,0.0,-0.2750376118515453,0.1222305749886121,-0.45477110763021444,-0.6375379465969021,-1.950523835204786,-0.6115813408287343,1.0607414309142105,-0.240954599888862,-0.11371377993090372,0.5567830898151156,-0.4139451013404198,1.97202,0.10176881330386037,-0.08666560258612689,0.0,0.0,0.0,0.0,0.0,0.0,0.0,0.0,0.0,0.0,0.0,0.0,0.0,0.0,0.0,0.7778290569219242,0.21810869440833033,0.8214906502567454,-0.13733948519807637,-0.9856289073600366,1.4549133592745234,-1.1274428810761572,0.37274128846778026,-0.33821952169967723,-5.948370406213353,4.470260634010853,0.0,11.291975805012322,7.986555870610159,0.0,0.0,0.0,0.0,0.0,0.0,0.0,0.0,0.0,0.0,0.0,0.0,40.0,40.0,40.0,60.0,60.0,60.0,60.0,60.0,60.0,60.0,60.0,60.0,60.0,60.0,60.0,60.0,60.0,0.0,0.0,0.0,0.0,0.0,0.0,0.0,0.0,0.0,0.0,0.0,0.0,1.0,1.0,1.0,1.5,1.5,1.5,1.5,1.5,1.5,1.5,1.5,1.5,1.5,1.5,1.5,1.5,1.5,0.0,0.0,0.0,0.0,0.0,0.0,0.0,0.0,0.0,0.0,0.0,0.0,0.0,0.0,0.0,0.0,0.0,0.0,0.0,0.0,0.0,0.0,0.0,0.0,0.0,0.0,0.0,0.0,0.0
-0.1,0.0,0.0,0.3,-0.2,0.0,-0.1,0.0,0.0,0.3,-0.2,0.0,0.0,0.0,0.0,-0.2468451599238279,0.1363267724015007,-0.4325778893911971,-0.6552055214872697,-1.9720199999999999,-0.6050812545018581,1.0391871655647973,-0.2507053274312993,-0.12459228284525337,0.42590332113979396,-0.335614799949308,1.97202,0.2725530460806536,0.06608739149749635,0.0,0.0,0.0,0.0,0.0,0.0,0.0,0.0,0.0,0.0,0.0,0.0,0.0,0.0,0.0,0.6729547438423654,0.18561601738709999,0.45227494566536935,-0.06274626152510954,-0.5374041198803525,0.06369136807694298,-1.3916545700642435,-0.09813941936447287,0.2974238779234795,-4.28509860400982,3.3924526495296146,0.0,7.419605819419994,6.968824852090734,0.0,0.0,0.0,0.0,0.0,0.0,0.0,0.0,0.0,0.0,0.0,0.0,40.0,40.0,40.0,60.0,60.0,60.0,60.0,60.0,60.0,60.0,60.0,60.0,60.0,60.0,60.0,60.0,60.0,0.0,0.0,0.0,0.0,0.0,0.0,0.0,0.0,0.0,0.0,0.0,0.0,1.0,1.0,1.0,1.5,1.5,1.5,1.5,1.5,1.5,1.5,1.5,1.5,1.5,1.5,1.5,1.5,1.5,0.0,0.0,0.0,0.0,0.0,0.0,0.0,0.0,0.0,0.0,0.0,0.0,0.0,0.0,0.0,0.0,0.0,0.0,0.0,0.0,0.0,0.0,0.0,0.0,0.0,0.0,0.0,0.0,0.0
-0.1,0.0,0.0,0.3,-0.2,0.0,-0.1,0.0,0.0,0.3,-0.2,0.0,0.0,0.0,0.0,-0.24811942209785068,0.1296552156840961,-0.43668010980359967,-0.6400477970579065,-1.97202,-0.6090336861056566,1.0050752481116407,-0.24488017666344092,-0.10181682481396453,0.3853791456547228,-0.2782469953592352,1.97202,0.3985530460806601,0.19208739149750248,0.0,0.0,0.0,0.0,0.0,0.0,0.0,0.0,0.0,0.0,0.0,0.0,0.0,0.0,0.0,0.31758330943730884,-0.2169468529135743,-0.35417792005754956,0.28860767801391074,-5.551115123125783e-15,-0.04408791192563877,-1.9983869034691626,0.1292138380377346,1.0052878811817865,-1.9639367503986662,3.377605468189434,0.0,6.677444216664551,6.861928302767031,0.0,0.0,0.0,0.0,0.0,0.0,0.0,0.0,0.0,0.0,0.0,0.0,40.0,40.0,40.0,60.0,60.0,60.0,60.0,60.0,60.0,60.0,60.0,60.0,60.0,60.0,60.0,60.0,60.0,0.0,0.0,0.0,0.0,0.0,0.0,0.0,0.0,0.0,0.0,0.0,0.0,1.0,1.0,1.0,1.5,1.5,1.5,1.5,1.5,1.5,1.5,1.5,1.5,1.5,1.5,1.5,1.5,1.5,0.0,0.0,0.0,0.0,0.0,0.0,0.0,0.0,0.0,0.0,0.0,0.0,0.0,0.0,0.0,0.0,0.0,0.0,0.0,0.0,0.0,0.0,0.0,0.0,0.0,0.0,0.0,0.0,0.0
-0.1,0.0,0.0,0.3,-0.2,0.0,-0.1,0.0,0.0,0.3,-0.2,0.0,0.0,0.0,0.0,-0.23414182754633556,0.12764889828495773,-0.4467450061934991,-0.6436612143667133,-1.97202,-0.6068447709788837,0.9592516894260308,-0.24553677390978992,-0.08438076759798191,0.3473458511238473,-0.20051058122173063,1.97202,0.5396508147472356,0.34056452360817757,0.0,0.0,0.0,0.0,0.0,0.0,0.0,0.0,0.0,0.0,0.0,0.0,0.0,0.0,0.0,0.3425553218979485,-0.22291023769404025,-0.564987153349214,-0.21689550566158233,0.0,0.3263506180683773,-1.6560956476724036,0.14025798172913745,0.9622669159022281,-2.00216487765234,4.7747398937901515,0.0,8.563225855287444,7.7367930752705325,0.0,0.0,0.0,0.0,0.0,0.0,0.0,0.0,0.0,0.0,0.0,0.0,40.0,40.0,40.0,60.0,60.0,60.0,60.0,60.0,60.0,60.0,60.0,60.0,60.0,60.0,60.0,60.0,60.0,0.0,0.0,0.0,0.0,0.0,0.0,0.0,0.0,0.0,0.0,0.0,0.0,1.0,1.0,1.0,1.5,1.5,1.5,1.5,1.5,1.5,1.5,1.5,1.5,1.5,1.5,1.5,1.5,1.5,0.0,0.0,0.0,0.0,0.0,0.0,0.0,0.0,0.0,0.0,0.0,0.0,0.0,0.0,0.0,0.0,0.0,0.0,0.0,0.0,0.0,0.0,0.0,0.0,0.0,0.0,0.0,0.0,0.0
-0.1,0.0,0.0,0.3,-0.2,0.0,-0.1,0.0,0.0,0.3,-0.2,0.0,0.0,0.0,0.0,-0.23441720922193274,0.12073880617633449,-0.45927959593756823,-0.6487236172843698,-1.97202,-0.5959796613829215,0.9388314222047446,-0.23926985739427542,-0.06332614817787541,0.3052925505486292,-0.08725739960762911,1.97202,0.7410820802921578,0.5015591145083238,0.0,0.0,0.0,0.0,0.0,0.0,0.0,0.0,0.0,0.0,0.0,0.0,0.0,0.0,0.0,0.36804307743510606,-0.0649980366239214,-0.38906174881081224,0.3417924316965637,0.0,1.5574991705841783,-1.0777733391069326,-0.3953289446399381,1.1328001605988898,-2.3144627035557823,4.874454425124406,0.0,8.6498059561142,6.9945009345161235,0.0,0.0,0.0,0.0,0.0,0.0,0.0,0.0,0.0,0.0,0.0,0.0,40.0,40.0,40.0,60.0,60.0,60.0,60.0,60.0,60.0,60.0,60.0,60.0,60.0,60.0,60.0,60.0,60.0,0.0,0.0,0.0,0.0,0.0,0.0,0.0,0.0,0.0,0.0,0.0,0.0,1.0,1.0,1.0,1.5,1.5,1.5,1.5,1.5,1.5,1.5,1.5,1.5,1.5,1.5,1.5,1.5,1.5,0.0,0.0,0.0,0.0,0.0,0.0,0.0,0.0,0.0,0.0,0.0,0.0,0.0,0.0,0.0,0.0,0.0,0.0,0.0,0.0,0.0,0.0,0.0,0.0,0.0,0.0,0.0,0.0,0.0
-0.1,0.0,0.0,0.3,-0.2,0.0,-0.1,0.0,0.0,0.3,-0.2,0.0,0.0,0.0,0.0,-0.2194201044489313,0.12504897682000088,-0.4623074761459316,-0.6299895170988508,-1.97202,-0.5445448041555165,0.9161407558617535,-0.26134993169538745,-0.039068761174026315,0.254767342981616,-0.005532404216754384,1.97202,0.8856430529918037,0.6203445609888225,0.0,0.0,0.0,0.0,0.0,0.0,0.0,0.0,0.0,0.0,0.0,0.0,0.0,0.0,0.0,0.8695938937795189,0.10226206603392851,-0.17479683394993756,1.4298808517020367,0.0,2.4377034298021987,-2.1815181485207087,-0.9138544480317436,1.1051138622352317,-1.6646008263829726,4.767624586508632,0.0,8.620705201966638,7.580580553985644,0.0,0.0,0.0,0.0,0.0,0.0,0.0,0.0,0.0,0.0,0.0,0.0,40.0,40.0,40.0,60.0,60.0,60.0,60.0,60.0,60.0,60.0,60.0,60.0,60.0,60.0,60.0,60.0,60.0,0.0,0.0,0.0,0.0,0.0,0.0,0.0,0.0,0.0,0.0,0.0,0.0,1.0,1.0,1.0,1.5,1.5,1.5,1.5,1.5,1.5,1.5,1.5,1.5,1.5,1.5,1.5,1.5,1.5,0.0,0.0,0.0,0.0,0.0,0.0,0.0,0.0,0.0,0.0,0.0,0.0,0.0,0.0,0.0,0.0,0.0,0.0,0.0,0.0,0.0,0.0,0.0,0.0,0.0,0.0,0.0,0.0,0.0
-0.1,0.0,0.0,0.3,-0.2,0.0,-0.1,0.0,0.0,0.3,-0.2,0.0,0.0,0.0,0.0,-0.19963345347075198,0.12482928881769163,-0.46627146929556573,-0.5915283832162883,-1.97202,-0.4984715241908335,0.8515706962639162,-0.27582403531554517,-0.019121593688466134,0.2387085174933103,0.1034475838527162,1.97202,1.0859102883708234,0.8047823366677496,0.0,0.0,0.0,0.0,0.0,0.0,0.0,0.0,0.0,0.0,0.0,0.0,0.0,0.0,0.0,0.49192293075159266,0.007511518493156372,-0.054715059580184855,1.6173308319476691,0.0,1.006985301141089,-2.0032094806987506,-1.0622174942250873,0.5098310519743695,-1.0813534262859317,3.906316090811817,0.0,6.571471847790402,5.424154526470348,0.0,0.0,0.0,0.0,0.0,0.0,0.0,0.0,0.0,0.0,0.0,0.0,40.0,40.0,40.0,60.0,60.0,60.0,60.0,60.0,60.0,60.0,60.0,60.0,60.0,60.0,60.0,60.0,60.0,0.0,0.0,0.0,0.0,0.0,0.0,0.0,0.0,0.0,0.0,0.0,0.0,1.0,1.0,1.0,1.5,1.5,1.5,1.5,1.5,1.5,1.5,1.5,1.5,1.5,1.5,1.5,1.5,1.5,0.0,0.0,0.0,0.0,0.0,0.0,0.0,0.0,0.0,0.0,0.0,0.0,0.0,0.0,0.0,0.0,0.0,0.0,0.0,0.0,0.0,0.0,0.0,0.0,0.0,0.0,0.0,0.0,0.0
-0.1,0.0,0.0,0.3,-0.2,0.0,-0.1,0.0,0.0,0.3,-0.2,0.0,0.0,0.0,0.0,-0.1997431872188676,0.12534943755972713,-0.464496078529139,-0.565296283820944,-1.97202,-0.504265392109873,0.8360123766338035,-0.30383863146439094,-0.018675519095051534,0.21151320593017875,0.1507202394157183,1.97202,1.1485019269034198,0.8373107420476364,0.0,0.0,0.0,0.0,0.0,0.0,0.0,0.0,0.0,0.0,0.0,0.0,0.0,0.0,0.0,0.2378115420321257,0.1445828726242198,0.160377831752756,0.8497364065004037,0.0,0.049458814070513224,-0.342472529181409,-0.7686462555715506,0.1350375212340962,-1.0511649065505544,1.4616355497580131,0.0,1.4006656865192313,1.187439842728241,0.0,0.0,0.0,0.0,0.0,0.0,0.0,0.0,0.0,0.0,0.0,0.0,40.0,40.0,40.0,60.0,60.0,60.0,60.0,60.0,60.0,60.0,60.0,60.0,60.0,60.0,60.0,60.0,60.0,0.0,0.0,0.0,0.0,0.0,0.0,0.0,0.0,0.0,0.0,0.0,0.0,1.0,1.0,1.0,1.5,1.5,1.5,1.5,1.5,1.5,1.5,1.5,1.5,1.5,1.5,1.5,1.5,1.5,0.0,0.0,0.0,0.0,0.0,0.0,0.0,0.0,0.0,0.0,0.0,0.0,0.0,0.0,0.0,0.0,0.0,0.0,0.0,0.0,0.0,0.0,0.0,0.0,0.0,0.0,0.0,0.0,0.0
-0.1,0.0,0.0,0.3,-0.2,0.0,-0.1,0.0,0.0,0.3,-0.2,0.0,0.0,0.0,0.0,-0.19012099178946695,0.13061260372266043,-0.4598563560254555,-0.5575389269562722,-1.97202,-0.496493171628013,0.8378717950966599,-0.3065698855384072,-0.013720092839102286,0.19666192123128812,0.16191300584303672,1.97202,1.1419369158315926,0.8522799303768792,0.0,0.0,0.0,0.0,0.0,0.0,0.0,0.0,0.0,0.0,0.0,0.0,0.0,0.0,0.0,0.25295113552300724,0.3757397946435065,0.6166293472975481,0.2897476693766693,0.0,-0.5110021798159836,0.5641570268245744,0.18882632276051858,0.02666630287778979,-0.9786884041413847,-0.8403798342695313,0.0,-3.308042211001233,-0.6742648148463815,0.0,0.0,0.0,0.0,0.0,0.0,0.0,0.0,0.0,0.0,0.0,0.0,40.0,40.0,40.0,60.0,60.0,60.0,60.0,60.0,60.0,60.0,60.0,60.0,60.0,60.0,60.0,60.0,60.0,0.0,0.0,0.0,0.0,0.0,0.0,0.0,0.0,0.0,0.0,0.0,0.0,1.0,1.0,1.0,1.5,1.5,1.5,1.5,1.5,1.5,1.5,1.5,1.5,1.5,1.5,1.5,1.5,1.5,0.0,0.0,0.0,0.0,0.0,0.0,0.0,0.0,0.0,0.0,0.0,0.0,0.0,0.0,0.0,0.0,0.0,0.0,0.0,0.0,0.0,0.0,0.0,0.0,0.0,0.0,0.0,0.0,0.0
-0.1,0.0,0.0,0.3,-0.2,0.0,-0.1,0.0,0.0,0.3,-0.2,0.0,0.0,0.0,0.0,-0.18962514179794732,0.1403790293454674,-0.43983090463723706,-0.5537063770458772,-1.97202,-0.5247054793025123,0.8585786577067864,-0.2962855785539702,-0.017608866979939942,0.17236566976452336,0.11710504604493704,1.97202,1.0161802384633705,0.8103401494537812,0.0,0.0,0.0,0.0,0.0,0.0,0.0,0.0,0.0,0.0,0.0,0.0,0.0,0.0,0.0,0.16539508535422034,0.9604532412167278,1.7269022569273915,-2.1107055615284946,0.0,-3.1828712011244207,1.5329198282681589,0.7523339927358221,-1.6651984929488322,-1.7367054622960787,-2.980114060360354,0.0,-10.519267043386678,-3.153269634346631,0.0,0.0,0.0,0.0,0.0,0.0,0.0,0.0,0.0,0.0,0.0,0.0,40.0,40.0,40.0,60.0,60.0,60.0,60.0,60.0,60.0,60.0,60.0,60.0,60.0,60.0,60.0,60.0,60.0,0.0,0.0,0.0,0.0,0.0,0.0,0.0,0.0,0.0,0.0,0.0,0.0,1.0,1.0,1.0,1.5,1.5,1.5,1.5,1.5,1.5,1.5,1.5,1.5,1.5,1.5,1.5,1.5,1.5,0.0,0.0,0.0,0.0,0.0,0.0,0.0,0.0,0.0,0.0,0.0,0.0,0.0,0.0,0.0,0.0,0.0,0.0,0.0,0.0,0.0,0.0,0.0,0.0,0.0,0.0,0.0,0.0,0.0
-0.1,0.0,0.0,0.3,-0.2,0.0,-0.1,0.0,0.0,0.3,-0.2,0.0,0.0,0.0,0.0,-0.18350518837529814,0.16903073337132954,-0.39078026574835983,-0.641967149417412,-1.97202,-0.6238080196729898,0.8991885882273862,-0.2764765258289743,-0.08032803255705558,0.12719370273944497,0.04270844342862255,1.97202,0.7211662340961255,0.726149145003014,0.0,0.0,0.0,0.0,0.0,0.0,0.0,0.0,0.0,0.0,0.0,0.0,0.0,0.0,0.0,-0.3597027894836985,0.6205170151176789,0.45171373846324275,-1.867137701061347,0.0,-5.085592012072307,1.1626712421982126,1.1340165151352914,-1.6422019713451266,1.1752270127402118,-5.7307650642916155,0.0,-15.74277624461382,-5.323095916144541,0.0,0.0,0.0,0.0,0.0,0.0,0.0,0.0,0.0,0.0,0.0,0.0,40.0,40.0,40.0,60.0,60.0,60.0,60.0,60.0,60.0,60.0,60.0,60.0,60.0,60.0,60.0,60.0,60.0,0.0,0.0,0.0,0.0,0.0,0.0,0.0,0.0,0.0,0.0,0.0,0.0,1.0,1.0,1.0,1.5,1.5,1.5,1.5,1.5,1.5,1.5,1.5,1.5,1.5,1.5,1.5,1.5,1.5,0.0,0.0,0.0,0.0,0.0,0.0,0.0,0.0,0.0,0.0,0.0,0.0,0.0,0.0,0.0,0.0,0.0,0.0,0.0,0.0,0.0,0.0,0.0,0.0,0.0,0.0,0.0,0.0,0.0
-0.1,0.0,0.0,0.3,-0.2,0.0,-0.1,0.0,0.0,0.3,-0.2,0.0,0.0,0.0,0.0,-0.20401325337729526,0.16519970995017455,-0.42176235509870735,-0.6283918850883311,-1.97202,-0.7281291597854046,0.9050855073947149,-0.25092491794855853,-0.083296945833745,0.21937475027413184,-0.11212555652672758,1.97202,0.38646918867881763,0.5974163128079996,0.0,0.0,0.0,0.0,0.0,0.0,0.0,0.0,0.0,0.0,0.0,0.0,0.0,0.0,0.0,-0.5322308181578521,0.09632494571657144,-0.9870647187749909,-0.1290529286655906,0.0,-4.747890452545228,-0.12284922485481797,1.0767615076624735,-0.1116165299044982,4.768886256768931,-6.9212257371714765,0.0,-17.363342305386286,-4.023953870495303,0.0,0.0,0.0,0.0,0.0,0.0,0.0,0.0,0.0,0.0,0.0,0.0,40.0,40.0,40.0,60.0,60.0,60.0,60.0,60.0,60.0,60.0,60.0,60.0,60.0,60.0,60.0,60.0,60.0,0.0,0.0,0.0,0.0,0.0,0.0,0.0,0.0,0.0,0.0,0.0,0.0,1.0,1.0,1.0,1.5,1.5,1.5,1.5,1.5,1.5,1.5,1.5,1.5,1.5,1.5,1.5,1.5,1.5,0.0,0.0,0.0,0.0,0.0,0.0,0.0,0.0,0.0,0.0,0.0,0.0,0.0,0.0,0.0,0.0,0.0,0.0,0.0,0.0,0.0,0.0,0.0,0.0,0.0,0.0,0.0,0.0,0.0
-0.1,0.0,0.0,0.3,-0.2,0.0,-0.1,0.0,0.0,0.3,-0.2,0.0,0.0,0.0,0.0,-0.20479442110161222,0.1728837311999924,-0.43026285449935947,-0.6471292665640356,-1.97202,-0.813723637774799,0.8942746192331935,-0.23340606552247536,-0.0847926937532355,0.3179491530102022,-0.23414058605823654,1.97202,0.026632541880673957,0.5651909901832018,0.0,0.0,0.0,0.0,0.0,0.0,0.0,0.0,0.0,0.0,0.0,0.0,0.0,0.0,0.0,0.20037334195124323,0.3267935145765267,-0.575454221519528,-0.9255580520271006,0.0,-3.562397067518369,-0.17035609195686918,-0.01821981027740477,-0.008677841430215077,5.219266234079117,-5.873456056901048,0.0,-18.250326406950144,-2.309511903186978,0.0,0.0,0.0,0.0,0.0,0.0,0.0,0.0,0.0,0.0,0.0,0.0,40.0,40.0,40.0,60.0,60.0,60.0,60.0,60.0,60.0,60.0,60.0,60.0,60.0,60.0,60.0,60.0,60.0,0.0,0.0,0.0,0.0,0.0,0.0,0.0,0.0,0.0,0.0,0.0,0.0,1.0,1.0,1.0,1.5,1.5,1.5,1.5,1.5,1.5,1.5,1.5,1.5,1.5,1.5,1.5,1.5,1.5,0.0,0.0,0.0,0.0,0.0,0.0,0.0,0.0,0.0,0.0,0.0,0.0,0.0,0.0,0.0,0.0,0.0,0.0,0.0,0.0,0.0,0.0,0.0,0.0,0.0,0.0,0.0,0.0,0.0
-0.1,0.0,0.0,0.3,-0.2,0.0,-0.1,0.0,0.0,0.3,-0.2,0.0,0.0,0.0,0.0,-0.19599831969924553,0.17827145053323562,-0.44478052395948847,-0.6654142071694151,-1.97202,-0.8706250424861394,0.8982712637164402,-0.2516537103596547,-0.0836440594909536,0.42814539963729653,-0.3470637988027695,1.97202,-0.34354386759918815,0.5050358366805204,0.0,0.0,0.0,0.0,0.0,0.0,0.0,0.0,0.0,0.0,0.0,0.0,0.0,0.0,0.0,0.5088562033133563,0.2845920335953829,-0.7246052704623224,-0.8709920327069826,0.0,-2.298047560540353,0.7953435210951793,-1.6103632018745837,-0.4496677041379897,5.278349034473139,-5.502323931255829,0.0,-17.36902434785339,-4.792279077910294,0.0,0.0,0.0,0.0,0.0,0.0,0.0,0.0,0.0,0.0,0.0,0.0,40.0,40.0,40.0,60.0,60.0,60.0,60.0,60.0,60.0,60.0,60.0,60.0,60.0,60.0,60.0,60.0,60.0,0.0,0.0,0.0,0.0,0.0,0.0,0.0,0.0,0.0,0.0,0.0,0.0,1.0,1.0,1.0,1.5,1.5,1.5,1.5,1.5,1.5,1.5,1.5,1.5,1.5,1.5,1.5,1.5,1.5,0.0,0.0,0.0,0.0,0.0,0.0,0.0,0.0,0.0,0.0,0.0,0.0,0.0,0.0,0.0,0.0,0.0,0.0,0.0,0.0,0.0,0.0,0.0,0.0,0.0,0.0,0.0,0.0,0.0
-0.1,0.0,0.0,0.3,-0.2,0.0,-0.1,0.0,0.0,0.3,-0.2,0.0,0.0,0.0,0.0,-0.18444017296907797,0.1842674125438077,-0.45924706531785237,-0.6819689478723149,-1.97202,-0.9056455401964131,0.9260883600770007,-0.2978205935974587,-0.10277940191875509,0.5290831143891278,-0.4542335433084697,1.97202,-0.6681284320334616,0.3734998270667901,0.0,0.0,0.0,0.0,0.0,0.0,0.0,0.0,0.0,0.0,0.0,0.0,0.0,0.0,0.0,0.34301330754342646,0.22133826157426303,-0.2790935574920758,-0.6787424469578057,0.0,-1.6438851083944384,0.5193216578541382,-2.019980883096105,-0.4320555878112045,4.683737165879649,-5.801040247896527,0.0,-15.055301918940849,-6.922072760147926,0.0,0.0,0.0,0.0,0.0,0.0,0.0,0.0,0.0,0.0,0.0,0.0,40.0,40.0,40.0,60.0,60.0,60.0,60.0,60.0,60.0,60.0,60.0,60.0,60.0,60.0,60.0,60.0,60.0,0.0,0.0,0.0,0.0,0.0,0.0,0.0,0.0,0.0,0.0,0.0,0.0,1.0,1.0,1.0,1.5,1.5,1.5,1.5,1.5,1.5,1.5,1.5,1.5,1.5,1.5,1.5,1.5,1.5,0.0,0.0,0.0,0.0,0.0,0.0,0.0,0.0,0.0,0.0,0.0,0.0,0.0,0.0,0.0,0.0,0.0,0.0,0.0,0.0,0.0,0.0,0.0,0.0,0.0,0.0,0.0,0.0,0.0
-0.1,0.0,0.0,0.3,-0.2,0.0,-0.1,0.0,0.0,0.3,-0.2,0.0,0.0,0.0,0.0,-0.18227778739750847,0.18712498099620614,-0.4559442662591715,-0.6925639050477274,-1.97202,-0.9363804468219169,0.9190441300306057,-0.3324529456834989,-0.10092628300340178,0.6154948862724825,-0.5791054087186306,1.97202,-0.9457559443568221,0.22815292627460335,0.0,0.0,0.0,0.0,0.0,0.0,0.0,0.0,0.0,0.0,0.0,0.0,0.0,0.0,0.0,0.31659377831328367,0.22631146315536602,-0.09193925967982963,-0.463056556077332,0.0,-0.6564962948186037,0.030086683803542957,-1.5570840841232003,-0.28201131385060807,3.4799642411815324,-4.692016525741254,0.0,-11.131096639020274,-5.632972185156379,0.0,0.0,0.0,0.0,0.0,0.0,0.0,0.0,0.0,0.0,0.0,0.0,40.0,40.0,40.0,60.0,60.0,60.0,60.0,60.0,60.0,60.0,60.0,60.0,60.0,60.0,60.0,60.0,60.0,0.0,0.0,0.0,0.0,0.0,0.0,0.0,0.0,0.0,0.0,0.0,0.0,1.0,1.0,1.0,1.5,1.5,1.5,1.5,1.5,1.5,1.5,1.5,1.5,1.5,1.5,1.5,1.5,1.5,0.0,0.0,0.0,0.0,0.0,0.0,0.0,0.0,0.0,0.0,0.0,0.0,0.0,0.0,0.0,0.0,0.0,0.0,0.0,0.0,0.0,0.0,0.0,0.0,0.0,0.0,0.0,0.0,0.0
-0.1,0.0,0.0,0.3,-0.2,0.0,-0.1,0.0,0.0,0.3,-0.2,0.0,0.0,0.0,0.0,-0.17177642183654662,0.19331987107002235,-0.46292463570504555,-0.7004912101154082,-1.97202,-0.9319053919891572,0.9272918274291424,-0.36010395696238673,-0.11405985447277942,0.6682816840363891,-0.6419142043381199,1.97202,-1.1133722975942726,0.14818093966053492,0.0,0.0,0.0,0.0,0.0,0.0,0.0,0.0,0.0,0.0,0.0,0.0,0.0,0.0,0.0,0.0345526566293268,0.20429646481090538,0.138186134022307,-0.26273263324180507,0.0,-0.6748803671068698,-0.42290424166356866,-0.61647612666276,-0.8140897133551046,2.4398515235905665,-2.9756883996565784,0.0,-4.716850322014252,-0.4462457304568297,0.0,0.0,0.0,0.0,0.0,0.0,0.0,0.0,0.0,0.0,0.0,0.0,40.0,40.0,40.0,60.0,60.0,60.0,60.0,60.0,60.0,60.0,60.0,60.0,60.0,60.0,60.0,60.0,60.0,0.0,0.0,0.0,0.0,0.0,0.0,0.0,0.0,0.0,0.0,0.0,0.0,1.0,1.0,1.0,1.5,1.5,1.5,1.5,1.5,1.5,1.5,1.5,1.5,1.5,1.5,1.5,1.5,1.5,0.0,0.0,0.0,0.0,0.0,0.0,0.0,0.0,0.0,0.0,0.0,0.0,0.0,0.0,0.0,0.0,0.0,0.0,0.0,0.0,0.0,0.0,0.0,0.0,0.0,0.0,0.0,0.0,0.0
-0.1,0.0,0.0,0.3,-0.2,0.0,-0.1,0.0,0.0,0.3,-0.2,0.0,0.0,0.0,0.0,-0.1808956811323354,0.19529683958864236,-0.4504168208982792,-0.7030732103773996,-1.97202,-0.9633756615061917,0.902127960364063,-0.3571119907500093,-0.13348987153760597,0.7130889472161052,-0.6981329447048937,1.97202,-1.1344299572373922,0.21030309705633016,0.0,0.0,0.0,0.0,0.0,0.0,0.0,0.0,0.0,0.0,0.0,0.0,0.0,0.0,0.0,-0.19257289560137697,0.2493540633110712,0.4207006917647402,-0.18929770916807087,0.0,-0.39558782981113927,-0.6297515408590804,0.27410423567828385,-0.9155566721876763,0.9371555902547485,-1.082672799297596,0.0,1.0259517299255838,2.983543433243024,0.0,0.0,0.0,0.0,0.0,0.0,0.0,0.0,0.0,0.0,0.0,0.0,40.0,40.0,40.0,60.0,60.0,60.0,60.0,60.0,60.0,60.0,60.0,60.0,60.0,60.0,60.0,60.0,60.0,0.0,0.0,0.0,0.0,0.0,0.0,0.0,0.0,0.0,0.0,0.0,0.0,1.0,1.0,1.0,1.5,1.5,1.5,1.5,1.5,1.5,1.5,1.5,1.5,1.5,1.5,1.5,1.5,1.5,0.0,0.0,0.0,0.0,0.0,0.0,0.0,0.0,0.0,0.0,0.0,0.0,0.0,0.0,0.0,0.0,0.0,0.0,0.0,0.0,0.0,0.0,0.0,0.0,0.0,0.0,0.0,0.0,0.0
-0.1,0.0,0.0,0.3,-0.2,0.0,-0.1,0.0,0.0,0.3,-0.2,0.0,0.0,0.0,0.0,-0.1794793376606017,0.2032940336024652,-0.44609660803445594,-0.708063118482131,-1.97202,-0.9477289051816028,0.9021017657947792,-0.3491397875352554,-0.15068212136028647,0.705767907646579,-0.6852211163100237,1.97202,-1.0723342283972492,0.2675226769902559,0.0,0.0,0.0,0.0,0.0,0.0,0.0,0.0,0.0,0.0,0.0,0.0,0.0,0.0,0.0,-0.13271866836488816,0.13564185587683422,0.2624393049581994,0.1287705810342682,0.0,0.2189300517635856,-0.10183705241012253,0.5701980721944389,-0.3943788291987743,-0.34624909190507647,1.0957483216075619,0.0,3.4846683928823423,2.454269224141686,0.0,0.0,0.0,0.0,0.0,0.0,0.0,0.0,0.0,0.0,0.0,0.0,40.0,40.0,40.0,60.0,60.0,60.0,60.0,60.0,60.0,60.0,60.0,60.0,60.0,60.0,60.0,60.0,60.0,0.0,0.0,0.0,0.0,0.0,0.0,0.0,0.0,0.0,0.0,0.0,0.0,1.0,1.0,1.0,1.5,1.5,1.5,1.5,1.5,1.5,1.5,1.5,1.5,1.5,1.5,1.5,1.5,1.5,0.0,0.0,0.0,0.0,0.0,0.0,0.0,0.0,0.0,0.0,0.0,0.0,0.0,0.0,0.0,0.0,0.0,0.0,0.0,0.0,0.0,0.0,0.0,0.0,0.0,0.0,0.0,0.0,0.0
-0.1,0.0,0.0,0.3,-0.2,0.0,-0.1,0.0,0.0,0.3,-0.2,0.0,0.0,0.0,0.0,-0.18620442786693092,0.20072251382371573,-0.43991924869995125,-0.6979223871360288,-1.97202,-0.9546184594356483,0.898054478267658,-0.33430406786223177,-0.14926502470555694,0.6992389835399021,-0.6543030118405913,1.97202,-0.9950432215220985,0.3084738660219976,0.0,0.0,0.0,0.0,0.0,0.0,0.0,0.0,0.0,0.0,0.0,0.0,0.0,0.0,0.0,-0.2360958860302395,-0.12803817403700332,0.14556142895552904,0.4500315539138128,0.0,0.04895164926787543,0.16612736819030527,0.6387851282628726,-0.05710238155587771,-0.591718899298832,1.5947713865260726,0.0,3.9587973939778283,1.0485927476036938,0.0,0.0,0.0,0.0,0.0,0.0,0.0,0.0,0.0,0.0,0.0,0.0,40.0,40.0,40.0,60.0,60.0,60.0,60.0,60.0,60.0,60.0,60.0,60.0,60.0,60.0,60.0,60.0,60.0,0.0,0.0,0.0,0.0,0.0,0.0,0.0,0.0,0.0,0.0,0.0,0.0,1.0,1.0,1.0,1.5,1.5,1.5,1.5,1.5,1.5,1.5,1.5,1.5,1.5,1.5,1.5,1.5,1.5,0.0,0.0,0.0,0.0,0.0,0.0,0.0,0.0,0.0,0.0,0.0,0.0,0.0,0.0,0.0,0.0,0.0,0.0,0.0,0.0,0.0,0.0,0.0,0.0,0.0,0.0,0.0,0.0,0.0
-0.1,0.0,0.0,0.3,-0.2,0.0,-0.1,0.0,0.0,0.3,-0.2,0.0,0.0,0.0,0.0,-0.18892317310181128,0.19817250664098507,-0.4402741508762348,-0.6900618563255785,-1.97202,-0.9457708392108878,0.9087468605223914,-0.32358838240474047,-0.15296621662252158,0.6820991516746258,-0.6214302608489808,1.97202,-0.9139823326381361,0.30946638689440364,0.0,0.0,0.0,0.0,0.0,0.0,0.0,0.0,0.0,0.0,0.0,0.0,0.0,0.0,0.0,0.14204633079455686,-0.02730253628154336,0.28475148361534475,0.16816238115756055,0.0,0.934067853309184,0.9665416179056779,0.20146505011496285,-0.5408819920920772,-1.1758588607495761,1.2719340398374412,0.0,3.3193348140032386,0.5792327150188,0.0,0.0,0.0,0.0,0.0,0.0,0.0,0.0,0.0,0.0,0.0,0.0,40.0,40.0,40.0,60.0,60.0,60.0,60.0,60.0,60.0,60.0,60.0,60.0,60.0,60.0,60.0,60.0,60.0,0.0,0.0,0.0,0.0,0.0,0.0,0.0,0.0,0.0,0.0,0.0,0.0,1.0,1.0,1.0,1.5,1.5,1.5,1.5,1.5,1.5,1.5,1.5,1.5,1.5,1.5,1.5,1.5,1.5,0.0,0.0,0.0,0.0,0.0,0.0,0.0,0.0,0.0,0.0,0.0,0.0,0.0,0.0,0.0,0.0,0.0,0.0,0.0,0.0,0.0,0.0,0.0,0.0,0.0,0.0,0.0,0.0,0.0
-0.1,0.0,0.0,0.3,-0.2,0.0,-0.1,0.0,0.0,0.3,-0.2,0.0,0.0,0.0,0.0,-0.18052257463514865,0.199630412372454,-0.42852918935533746,-0.6911958918897264,-1.97202,-0.9172557453032809,0.9367161429838852,-0.32624546585763325,-0.17090030438924003,0.652204629109919,-0.6034256502470936,1.97202,-0.8622698289619689,0.3316431746227496,0.0,0.0,0.0,0.0,0.0,0.0,0.0,0.0,0.0,0.0,0.0,0.0,0.0,0.0,0.0,0.25812939732882745,-0.013003440339579009,0.6474429554091179,0.33807561970209676,0.0,2.164295609692085,0.5786434846827393,-0.20361862185441226,-2.1839952635825823,-1.1571957745968309,1.9720281817542151,0.0,1.153439003431597,4.808402489702631,0.0,0.0,0.0,0.0,0.0,0.0,0.0,0.0,0.0,0.0,0.0,0.0,40.0,40.0,40.0,60.0,60.0,60.0,60.0,60.0,60.0,60.0,60.0,60.0,60.0,60.0,60.0,60.0,60.0,0.0,0.0,0.0,0.0,0.0,0.0,0.0,0.0,0.0,0.0,0.0,0.0,1.0,1.0,1.0,1.5,1.5,1.5,1.5,1.5,1.5,1.5,1.5,1.5,1.5,1.5,1.5,1.5,1.5,0.0,0.0,0.0,0.0,0.0,0.0,0.0,0.0,0.0,0.0,0.0,0.0,0.0,0.0,0.0,0.0,0.0,0.0,0.0,0.0,0.0,0.0,0.0,0.0,0.0,0.0,0.0,0.0,0.0
-0.1,0.0,0.0,0.3,-0.2,0.0,-0.1,0.0,0.0,0.3,-0.2,0.0,0.0,0.0,0.0,-0.17859799720865818,0.1976523690274019,-0.41437643265987006,-0.6765388315374946,-1.97202,-0.8591990148232044,0.931892599909701,-0.33173312727891696,-0.24032602716582488,0.6358113206907525,-0.5425491335788122,1.97202,-0.8678447725008722,0.5018024864825089,0.0,0.0,0.0,0.0,0.0,0.0,0.0,0.0,0.0,0.0,0.0,0.0,0.0,0.0,0.0,0.24324201689355437,0.023427755897451746,0.8044666604981418,0.4063324798615514,0.0,2.590179462986539,-0.3192374692072758,-0.734305688054987,-3.7321976153419394,-0.03964241666262469,4.061548574239146,0.0,-2.581670146174203,9.712795172307379,0.0,0.0,0.0,0.0,0.0,0.0,0.0,0.0,0.0,0.0,0.0,0.0,40.0,40.0,40.0,60.0,60.0,60.0,60.0,60.0,60.0,60.0,60.0,60.0,60.0,60.0,60.0,60.0,60.0,0.0,0.0,0.0,0.0,0.0,0.0,0.0,0.0,0.0,0.0,0.0,0.0,1.0,1.0,1.0,1.5,1.5,1.5,1.5,1.5,1.5,1.5,1.5,1.5,1.5,1.5,1.5,1.5,1.5,0.0,0.0,0.0,0.0,0.0,0.0,0.0,0.0,0.0,0.0,0.0,0.0,0.0,0.0,0.0,0.0,0.0,0.0,0.0,0.0,0.0,0.0,0.0,0.0,0.0,0.0,0.0,0.0,0.0
-0.1,0.0,0.0,0.3,-0.2,0.0,-0.1,0.0,0.0,0.3,-0.2,0.0,0.0,0.0,0.0,-0.17079289395940647,0.20056752260835206,-0.3963505229354118,-0.6749425926952644,-1.97202,-0.8136485667838194,0.9239466442155941,-0.35561769337983273,-0.3201882090029176,0.6506189324434141,-0.44096370727752776,1.97202,-0.965536634808937,0.7201549815150448,0.0,0.0,0.0,0.0,0.0,0.0,0.0,0.0,0.0,0.0,0.0,0.0,0.0,0.0,0.0,0.32777350503057145,0.16823904959010205,0.897794950245992,0.20642020892618906,0.0,2.502479627200252,-0.43515093796989146,-1.0334505333891353,-1.203872168727573,1.701330157859482,2.6488704082969994,0.0,-3.614462174368893,2.590781726020713,0.0,0.0,0.0,0.0,0.0,0.0,0.0,0.0,0.0,0.0,0.0,0.0,40.0,40.0,40.0,60.0,60.0,60.0,60.0,60.0,60.0,60.0,60.0,60.0,60.0,60.0,60.0,60.0,60.0,0.0,0.0,0.0,0.0,0.0,0.0,0.0,0.0,0.0,0.0,0.0,0.0,1.0,1.0,1.0,1.5,1.5,1.5,1.5,1.5,1.5,1.5,1.5,1.5,1.5,1.5,1.5,1.5,1.5,0.0,0.0,0.0,0.0,0.0,0.0,0.0,0.0,0.0,0.0,0.0,0.0,0.0,0.0,0.0,0.0,0.0,0.0,0.0,0.0,0.0,0.0,0.0,0.0,0.0,0.0,0.0,0.0,0.0
-0.1,0.0,0.0,0.3,-0.2,0.0,-0.1,0.0,0.0,0.3,-0.2,0.0,0.0,0.0,0.0,-0.16548705700743532,0.204381931011006,-0.3784646346500304,-0.668282023180447,-1.97202,-0.7590998297351943,0.9144865623909053,-0.3730711486144824,-0.2884809139149278,0.7038645270051318,-0.4365943172469322,1.97202,-1.012423259475628,0.6054337555233374,0.0,0.0,0.0,0.0,0.0,0.0,0.0,0.0,0.0,0.0,0.0,0.0,0.0,0.0,0.0,0.6004942434035127,0.15559620125083704,0.8743216135733867,0.10046534360854953,0.0,3.9455461086432693,0.6916874925242483,-0.564824983169479,3.177243764236747,1.2793991267190274,-3.0850971506370004,0.0,-0.1448032188646281,-15.242750921610762,0.0,0.0,0.0,0.0,0.0,0.0,0.0,0.0,0.0,0.0,0.0,0.0,40.0,40.0,40.0,60.0,60.0,60.0,60.0,60.0,60.0,60.0,60.0,60.0,60.0,60.0,60.0,60.0,60.0,0.0,0.0,0.0,0.0,0.0,0.0,0.0,0.0,0.0,0.0,0.0,0.0,1.0,1.0,1.0,1.5,1.5,1.5,1.5,1.5,1.5,1.5,1.5,1.5,1.5,1.5,1.5,1.5,1.5,0.0,0.0,0.0,0.0,0.0,0.0,0.0,0.0,0.0,0.0,0.0,0.0,0.0,0.0,0.0,0.0,0.0,0.0,0.0,0.0,0.0,0.0,0.0,0.0,0.0,0.0,0.0,0.0,0.0
-0.1,0.0,0.0,0.3,-0.2,0.0,-0.1,0.0,0.0,0.3,-0.2,0.0,0.0,0.0,0.0,-0.14677312422326597,0.20679137065838554,-0.3613776583924763,-0.6709239789509224,-1.97202,-0.6558267224380886,0.9516141439165641,-0.3782106927066119,-0.19309845843344772,0.7017948975121752,-0.5643675933030078,1.97202,-0.9713287635635222,0.11044494465061429,0.0,0.0,0.0,0.0,0.0,0.0,0.0,0.0,0.0,0.0,0.0,0.0,0.0,0.0,0.0,0.5288242442162465,0.3391756397062684,1.7276996338975934,-0.2973585446596122,0.0,3.5533812390500628,0.48120968532721353,0.1650951549137178,3.8165080866728,-0.778259579639401,-7.819880590898309,0.0,-0.8104493658392886,-24.74788626657718,0.0,0.0,0.0,0.0,0.0,0.0,0.0,0.0,0.0,0.0,0.0,0.0,40.0,40.0,40.0,60.0,60.0,60.0,60.0,60.0,60.0,60.0,60.0,60.0,60.0,60.0,60.0,60.0,60.0,0.0,0.0,0.0,0.0,0.0,0.0,0.0,0.0,0.0,0.0,0.0,0.0,1.0,1.0,1.0,1.5,1.5,1.5,1.5,1.5,1.5,1.5,1.5,1.5,1.5,1.5,1.5,1.5,1.5,0.0,0.0,0.0,0.0,0.0,0.0,0.0,0.0,0.0,0.0,0.0,0.0,0.0,0.0,0.0,0.0,0.0,0.0,0.0,0.0,0.0,0.0,0.0,0.0,0.0,0.0,0.0,0.0,0.0
-0.1,0.0,0.0,0.3,-0.2,0.0,-0.1,0.0,0.0,0.3,-0.2,0.0,0.0,0.0,0.0,-0.14433408723878546,0.21794895659925673,-0.30935664929412665,-0.6801763649668315,-1.97202,-0.6169645801731918,0.9337349498039939,-0.36646734241793366,-0.1358205904480158,0.6727341438195558,-0.7493895408828646,1.97202,-1.0448412341091995,-0.3844816951397497,0.0,0.0,0.0,0.0,0.0,0.0,0.0,0.0,0.0,0.0,0.0,0.0,0.0,0.0,0.0,-0.31876379502298946,0.4419306742768442,2.1143381451117023,-0.5235171038848657,0.0,1.3445404630568314,-2.5079216399525484,0.3457702747407726,0.8288350136409341,-1.8817728674394767,-7.047299927450667,0.0,-5.617168940316397,-22.36133882762349,0.0,0.0,0.0,0.0,0.0,0.0,0.0,0.0,0.0,0.0,0.0,0.0,40.0,40.0,40.0,60.0,60.0,60.0,60.0,60.0,60.0,60.0,60.0,60.0,60.0,60.0,60.0,60.0,60.0,0.0,0.0,0.0,0.0,0.0,0.0,0.0,0.0,0.0,0.0,0.0,0.0,1.0,1.0,1.0,1.5,1.5,1.5,1.5,1.5,1.5,1.5,1.5,1.5,1.5,1.5,1.5,1.5,1.5,0.0,0.0,0.0,0.0,0.0,0.0,0.0,0.0,0.0,0.0,0.0,0.0,0.0,0.0,0.0,0.0,0.0,0.0,0.0,0.0,0.0,0.0,0.0,0.0,0.0,0.0,0.0,0.0,0.0
-0.1,0.0,0.0,0.3,-0.2,0.0,-0.1,0.0,0.0,0.3,-0.2,0.0,0.0,0.0,0.0,-0.15952367602418555,0.2244685976294593,-0.27680413258800823,-0.691864663106317,-1.97202,-0.6020451039158153,0.8512972783184621,-0.364379881716981,-0.15994505788781035,0.6265239828145961,-0.8462595904010345,1.97202,-1.196015521176178,-0.7840086084543254,0.0,0.0,0.0,0.0,0.0,0.0,0.0,0.0,0.0,0.0,0.0,0.0,0.0,0.0,0.0,-0.33304396201775943,0.12863990548411391,0.5824212964889719,-0.5415581411344156,0.0,1.2107841935133368,-1.5870277189644704,-0.3193411644574484,-1.2222794491490816,-2.8460992699340713,-2.2834509560084952,0.0,-4.976647400726497,-17.07567283286411,0.0,0.0,0.0,0.0,0.0,0.0,0.0,0.0,0.0,0.0,0.0,0.0,40.0,40.0,40.0,60.0,60.0,60.0,60.0,60.0,60.0,60.0,60.0,60.0,60.0,60.0,60.0,60.0,60.0,0.0,0.0,0.0,0.0,0.0,0.0,0.0,0.0,0.0,0.0,0.0,0.0,1.0,1.0,1.0,1.5,1.5,1.5,1.5,1.5,1.5,1.5,1.5,1.5,1.5,1.5,1.5,1.5,1.5,0.0,0.0,0.0,0.0,0.0,0.0,0.0,0.0,0.0,0.0,0.0,0.0,0.0,0.0,0.0,0.0,0.0,0.0,0.0,0.0,0.0,0.0,0.0,0.0,0.0,0.0,0.0,0.0,0.0
-0.1,0.0,0.0,0.3,-0.2,0.0,-0.1,0.0,0.0,0.3,-0.2,0.0,0.0,0.0,0.0,-0.15765584571949584,0.22309455281862128,-0.2860597974345678,-0.7018386906122082,-1.97202,-0.5685332124326583,0.870253841045415,-0.3792409889962316,-0.18471176841397907,0.5588901730221929,-0.8407275791232044,1.97202,-1.2439071301382594,-1.0675086084543142,0.0,0.0,0.0,0.0,0.0,0.0,0.0,0.0,0.0,0.0,0.0,0.0,0.0,0.0,0.0,0.23717377833013115,-0.001876399677604862,0.16198310523494602,0.07543099277380061,0.0,2.82959854795584,0.8063297661280222,-0.6891604887749133,-0.5657982618333626,-3.3332595545627814,0.31028904952143943,0.0,-0.9438078091080215,-13.135690974591574,0.0,0.0,0.0,0.0,0.0,0.0,0.0,0.0,0.0,0.0,0.0,0.0,40.0,40.0,40.0,60.0,60.0,60.0,60.0,60.0,60.0,60.0,60.0,60.0,60.0,60.0,60.0,60.0,60.0,0.0,0.0,0.0,0.0,0.0,0.0,0.0,0.0,0.0,0.0,0.0,0.0,1.0,1.0,1.0,1.5,1.5,1.5,1.5,1.5,1.5,1.5,1.5,1.5,1.5,1.5,1.5,1.5,1.5,0.0,0.0,0.0,0.0,0.0,0.0,0.0,0.0,0.0,0.0,0.0,0.0,0.0,0.0,0.0,0.0,0.0,0.0,0.0,0.0,0.0,0.0,0.0,0.0,0.0,0.0,0.0,0.0,0.0
-0.1,0.0,0.0,0.3,-0.2,0.0,-0.1,0.0,0.0,0.3,-0.2,0.0,0.0,0.0,0.0,-0.1500367248909803,0.22439354164235512,-0.2703248083786104,-0.688847423395365,-1.97202,-0.48886116199758173,0.883550468963583,-0.3919463012679775,-0.18257698836114486,0.49319360063208484,-0.8338480284201769,1.97202,-1.233767833540499,-1.3094362474379884,0.0,0.0,0.0,0.0,0.0,0.0,0.0,0.0,0.0,0.0,0.0,0.0,0.0,0.0,0.0,-0.08961602629762519,0.05464337137425987,1.0672044911029022,1.029492638965565,0.0,2.999508532192241,-0.5649572887104132,-0.22899804772951587,0.6038229061138045,-2.7328186493602122,-0.2650315607404724,0.0,1.3035151381859178,-9.937695574053679,0.0,0.0,0.0,0.0,0.0,0.0,0.0,0.0,0.0,0.0,0.0,0.0,40.0,40.0,40.0,60.0,60.0,60.0,60.0,60.0,60.0,60.0,60.0,60.0,60.0,60.0,60.0,60.0,60.0,0.0,0.0,0.0,0.0,0.0,0.0,0.0,0.0,0.0,0.0,0.0,0.0,1.0,1.0,1.0,1.5,1.5,1.5,1.5,1.5,1.5,1.5,1.5,1.5,1.5,1.5,1.5,1.5,1.5,0.0,0.0,0.0,0.0,0.0,0.0,0.0,0.0,0.0,0.0,0.0,0.0,0.0,0.0,0.0,0.0,0.0,0.0,0.0,0.0,0.0,0.0,0.0,0.0,0.0,0.0,0.0,0.0,0.0
-0.1,0.0,0.0,0.3,-0.2,0.0,-0.1,0.0,0.0,0.3,-0.2,0.0,0.0,0.0,0.0,-0.16124048677140085,0.22528028767359168,-0.2433716177904517,-0.6606589850535856,-1.97202,-0.44855287114496867,0.8476555494969985,-0.38840091090541223,-0.1605588521694269,0.4495774270477844,-0.8513288415528233,1.97202,-1.1917665246108227,-1.4650164314164613,0.0,0.0,0.0,0.0,0.0,0.0,0.0,0.0,0.0,0.0,0.0,0.0,0.0,0.0,0.0,-0.3662961814417054,-0.8752401964904754,-0.42108507316126614,-0.9270638225502614,0.0,1.5191931538735826,0.8614357707480785,-0.08735074807369875,1.646938350074049,-0.7143714999275352,1.3965943737629438,0.0,1.9208657750133196,-3.695052272675597,0.0,0.0,0.0,0.0,0.0,0.0,0.0,0.0,0.0,0.0,0.0,0.0,40.0,40.0,40.0,60.0,60.0,60.0,60.0,60.0,60.0,60.0,60.0,60.0,60.0,60.0,60.0,60.0,60.0,0.0,0.0,0.0,0.0,0.0,0.0,0.0,0.0,0.0,0.0,0.0,0.0,1.0,1.0,1.0,1.5,1.5,1.5,1.5,1.5,1.5,1.5,1.5,1.5,1.5,1.5,1.5,1.5,1.5,0.0,0.0,0.0,0.0,0.0,0.0,0.0,0.0,0.0,0.0,0.0,0.0,0.0,0.0,0.0,0.0,0.0,0.0,0.0,0.0,0.0,0.0,0.0,0.0,0.0,0.0,0.0,0.0,0.0
-0.1,0.0,0.0,0.3,-0.2,0.0,-0.1,0.0,0.0,0.3,-0.2,0.0,0.0,0.0,0.0,-0.16468857214864852,0.1893839337827361,-0.28716821130506104,-0.7259299762973754,-1.97202,-0.4280934358426384,0.9180078997935062,-0.3954403311909255,-0.1166994543581829,0.46461874063498343,-0.7779842534696592,1.97202,-1.1569332025399661,-1.4572383383450123,0.0,0.0,0.0,0.0,0.0,0.0,0.0,0.0,0.0,0.0,0.0,0.0,0.0,0.0,0.0,0.22960002443465147,-0.29649889938302143,-0.21280750428573358,0.763171631883755,0.0,1.0516270024863883,1.2722274234429813,-0.6533498459948966,0.6411149411583175,-0.40804404436323854,-0.054761093795752114,0.0,1.828948929361307,1.8424758751421744,0.0,0.0,0.0,0.0,0.0,0.0,0.0,0.0,0.0,0.0,0.0,0.0,40.0,40.0,40.0,60.0,60.0,60.0,60.0,60.0,60.0,60.0,60.0,60.0,60.0,60.0,60.0,60.0,60.0,0.0,0.0,0.0,0.0,0.0,0.0,0.0,0.0,0.0,0.0,0.0,0.0,1.0,1.0,1.0,1.5,1.5,1.5,1.5,1.5,1.5,1.5,1.5,1.5,1.5,1.5,1.5,1.5,1.5,0.0,0.0,0.0,0.0,0.0,0.0,0.0,0.0,0.0,0.0,0.0,0.0,0.0,0.0,0.0,0.0,0.0,0.0,0.0,0.0,0.0,0.0,0.0,0.0,0.0,0.0,0.0,0.0,0.0
-0.1,0.0,0.0,0.3,-0.2,0.0,-0.1,0.0,0.0,0.3,-0.2,0.0,0.0,0.0,0.0,-0.1520564857940148,0.21342033169827082,-0.25188391796188103,-0.6301321197782354,-1.97202,-0.40648779104551314,0.8985446464347178,-0.4145349047452081,-0.1349142545230942,0.4332556652732549,-0.8535192853046534,1.97202,-1.1186085674363704,-1.3913173964107743,0.0,0.0,0.0,0.0,0.0,0.0,0.0,0.0,0.0,0.0,0.0,0.0,0.0,0.0,0.0,0.06634497269010498,1.026712723386386,2.009153589901595,0.6987864555833223,0.0,0.4519766977656589,-0.4687724917340541,0.4594374960705916,-1.871738426756962,-1.5691982687378951,-0.3353008568896504,0.0,2.034214455141514,4.199288112357635,0.0,0.0,0.0,0.0,0.0,0.0,0.0,0.0,0.0,0.0,0.0,0.0,40.0,40.0,40.0,60.0,60.0,60.0,60.0,60.0,60.0,60.0,60.0,60.0,60.0,60.0,60.0,60.0,60.0,0.0,0.0,0.0,0.0,0.0,0.0,0.0,0.0,0.0,0.0,0.0,0.0,1.0,1.0,1.0,1.5,1.5,1.5,1.5,1.5,1.5,1.5,1.5,1.5,1.5,1.5,1.5,1.5,1.5,0.0,0.0,0.0,0.0,0.0,0.0,0.0,0.0,0.0,0.0,0.0,0.0,0.0,0.0,0.0,0.0,0.0,0.0,0.0,0.0,0.0,0.0,0.0,0.0,0.0,0.0,0.0,0.0,0.0
-0.1,0.0,0.0,0.3,-0.2,0.0,-0.1,0.0,0.0,0.3,-0.2,0.0,0.0,0.0,0.0,-0.16203477324104432,0.23045244271819154,-0.20680206770899723,-0.6979785180740425,-1.97202,-0.41001436793201207,0.899257000124144,-0.3770628313481018,-0.19156899142846137,0.4018508098854676,-0.7913962877452452,1.97202,-1.0755646243343056,-1.2892668138507068,0.0,0.0,0.0,0.0,0.0,0.0,0.0,0.0,0.0,0.0,0.0,0.0,0.0,0.0,0.0,-0.25946226246172305,0.641386911532997,1.114764082190895,-1.1724761399036498,0.0,-0.7454490311689612,-0.5365816929594314,1.0835855961573464,-1.5722140439183026,-0.5816488742201503,0.556437456830558,0.0,3.019853380083287,5.99418669470419,0.0,0.0,0.0,0.0,0.0,0.0,0.0,0.0,0.0,0.0,0.0,0.0,40.0,40.0,40.0,60.0,60.0,60.0,60.0,60.0,60.0,60.0,60.0,60.0,60.0,60.0,60.0,60.0,60.0,0.0,0.0,0.0,0.0,0.0,0.0,0.0,0.0,0.0,0.0,0.0,0.0,1.0,1.0,1.0,1.5,1.5,1.5,1.5,1.5,1.5,1.5,1.5,1.5,1.5,1.5,1.5,1.5,1.5,0.0,0.0,0.0,0.0,0.0,0.0,0.0,0.0,0.0,0.0,0.0,0.0,0.0,0.0,0.0,0.0,0.0,0.0,0.0,0.0,0.0,0.0,0.0,0.0,0.0,0.0,0.0,0.0,0.0
-0.1,0.0,0.0,0.3,-0.2,0.0,-0.1,0.0,0.0,0.3,-0.2,0.0,0.0,0.0,0.0,-0.1624349762924837,0.2390758081595907,-0.20729335467424523,-0.6770311653743813,-1.97202,-0.4363057522922716,0.8770813787163405,-0.37119148089891424,-0.1978028162798263,0.40998971030444886,-0.831261787031431,1.97202,-0.9978144322330389,-1.1515499286226067,0.0,0.0,0.0,0.0,0.0,0.0,0.0,0.0,0.0,0.0,0.0,0.0,0.0,0.0,0.0,0.1864319225613975,-0.07181429992719757,-0.7850191574013023,1.1192839085899686,0.0,-0.6573310228795232,0.0790828374253899,0.48069311454912583,0.4828650641179259,1.6961353535257322,-0.7816593048726617,0.0,7.6022791217081025,15.694747736384043,0.0,0.0,0.0,0.0,0.0,0.0,0.0,0.0,0.0,0.0,0.0,0.0,40.0,40.0,40.0,60.0,60.0,60.0,60.0,60.0,60.0,60.0,60.0,60.0,60.0,60.0,60.0,60.0,60.0,0.0,0.0,0.0,0.0,0.0,0.0,0.0,0.0,0.0,0.0,0.0,0.0,1.0,1.0,1.0,1.5,1.5,1.5,1.5,1.5,1.5,1.5,1.5,1.5,1.5,1.5,1.5,1.5,1.5,0.0,0.0,0.0,0.0,0.0,0.0,0.0,0.0,0.0,0.0,0.0,0.0,0.0,0.0,0.0,0.0,0.0,0.0,0.0,0.0,0.0,0.0,0.0,0.0,0.0,0.0,0.0,0.0,0.0
-0.1,0.0,0.0,0.3,-0.2,0.0,-0.1,0.0,0.0,0.3,-0.2,0.0,0.0,0.0,0.0,-0.15457749633858842,0.22757987072110364,-0.23820283400504932,-0.6532071617304438,-1.97202,-0.436307608847193,0.9024203136211596,-0.3578351067661368,-0.17225438886374433,0.4696962240264969,-0.8226626599401516,1.97202,-0.7714734594659814,-0.6614769043953451,0.0,0.0,0.0,0.0,0.0,0.0,0.0,0.0,0.0,0.0,0.0,0.0,0.0,0.0,0.0,-0.16050110641176174,-0.5411437804468247,-1.008084609161737,0.9492244824976293,0.0,0.4087389618364731,1.411003208556269,1.7683143585715697,0.3971559202321395,2.299905703374794,3.319082770503681,0.0,13.151532619938289,25.34889763345902,0.0,0.0,0.0,0.0,0.0,0.0,0.0,0.0,0.0,0.0,0.0,0.0,40.0,40.0,40.0,60.0,60.0,60.0,60.0,60.0,60.0,60.0,60.0,60.0,60.0,60.0,60.0,60.0,60.0,0.0,0.0,0.0,0.0,0.0,0.0,0.0,0.0,0.0,0.0,0.0,0.0,1.0,1.0,1.0,1.5,1.5,1.5,1.5,1.5,1.5,1.5,1.5,1.5,1.5,1.5,1.5,1.5,1.5,0.0,0.0,0.0,0.0,0.0,0.0,0.0,0.0,0.0,0.0,0.0,0.0,0.0,0.0,0.0,0.0,0.0,0.0,0.0,0.0,0.0,0.0,0.0,0.0,0.0,0.0,0.0,0.0,0.0
-0.1,0.0,0.0,0.3,-0.2,0.0,-0.1,0.0,0.0,0.3,-0.2,0.0,0.0,0.0,0.0,-0.16885502054895418,0.21743005694171771,-0.2476167390407147,-0.6390621860744762,-1.97202,-0.41995619381881266,0.9335215070585913,-0.30045890655605145,-0.1819165794705407,0.5019859384394406,-0.6984984762112838,1.97202,-0.4717531274355074,-0.13759402328424591,0.0,0.0,0.0,0.0,0.0,0.0,0.0,0.0,0.0,0.0,0.0,0.0,0.0,0.0,0.0,-0.027531066951791416,-0.2794624294753807,0.11286579796253374,0.16436202229506425,0.0,1.6601220898757623,0.33877352998292476,1.4136585478271,-1.0945732827301866,-1.146136034446711,6.816516549039481,0.0,9.31615175166394,21.166064190985768,0.0,0.0,0.0,0.0,0.0,0.0,0.0,0.0,0.0,0.0,0.0,0.0,40.0,40.0,40.0,60.0,60.0,60.0,60.0,60.0,60.0,60.0,60.0,60.0,60.0,60.0,60.0,60.0,60.0,0.0,0.0,0.0,0.0,0.0,0.0,0.0,0.0,0.0,0.0,0.0,0.0,1.0,1.0,1.0,1.5,1.5,1.5,1.5,1.5,1.5,1.5,1.5,1.5,1.5,1.5,1.5,1.5,1.5,0.0,0.0,0.0,0.0,0.0,0.0,0.0,0.0,0.0,0.0,0.0,0.0,0.0,0.0,0.0,0.0,0.0,0.0,0.0,0.0,0.0,0.0,0.0,0.0,0.0,0.0,0.0,0.0,0.0
-0.1,0.0,0.0,0.3,-0.2,0.0,-0.1,0.0,0.0,0.3,-0.2,0.0,0.0,0.0,0.0,-0.15567873901666007,0.2164013735420884,-0.23368820208654797,-0.6466326808386412,-1.97202,-0.3699027252521625,0.9159712548204766,-0.3012887648530528,-0.2160373201729518,0.42385078264862847,-0.5500019979785724,1.97202,-0.39882738939942386,0.1851656632440856,0.0,0.0,0.0,0.0,0.0,0.0,0.0,0.0,0.0,0.0,0.0,0.0,0.0,0.0,0.0,0.33343527247051835,0.038950837386734355,0.6608232595474092,-0.035006755363417574,0.0,1.5869160345029623,-0.7134462781681256,-0.35316317599467656,-2.28901626730704,-2.8043589934358195,5.897933812758259,0.0,1.1329894648490517,15.193321159163819,0.0,0.0,0.0,0.0,0.0,0.0,0.0,0.0,0.0,0.0,0.0,0.0,40.0,40.0,40.0,60.0,60.0,60.0,60.0,60.0,60.0,60.0,60.0,60.0,60.0,60.0,60.0,60.0,60.0,0.0,0.0,0.0,0.0,0.0,0.0,0.0,0.0,0.0,0.0,0.0,0.0,1.0,1.0,1.0,1.5,1.5,1.5,1.5,1.5,1.5,1.5,1.5,1.5,1.5,1.5,1.5,1.5,1.5,0.0,0.0,0.0,0.0,0.0,0.0,0.0,0.0,0.0,0.0,0.0,0.0,0.0,0.0,0.0,0.0,0.0,0.0,0.0,0.0,0.0,0.0,0.0,0.0,0.0,0.0,0.0,0.0,0.0
-0.1,0.0,0.0,0.3,-0.2,0.0,-0.1,0.0,0.0,0.3,-0.2,0.0,0.0,0.0,0.0,-0.15551760965013345,0.2189880904371871,-0.22118380865881834,-0.6404624562890129,-1.97202,-0.35647955243869417,0.9049836559318662,-0.3145854335958385,-0.2734772301628223,0.38981157870200783,-0.46258112370095344,1.97202,-0.42643354884154533,0.4701388230823069,0.0,0.0,0.0,0.0,0.0,0.0,0.0,0.0,0.0,0.0,0.0,0.0,0.0,0.0,0.0,0.044156605628351,0.15900803598186825,0.43410283726906806,0.4237961158495812,0.0,1.3254306671077714,-0.18986434180573997,-0.7392336210444536,-1.7338436610578793,-0.45725775458860807,3.3579342354416437,0.0,-1.2566499577753978,11.174327828941067,0.0,0.0,0.0,0.0,0.0,0.0,0.0,0.0,0.0,0.0,0.0,0.0,40.0,40.0,40.0,60.0,60.0,60.0,60.0,60.0,60.0,60.0,60.0,60.0,60.0,60.0,60.0,60.0,60.0,0.0,0.0,0.0,0.0,0.0,0.0,0.0,0.0,0.0,0.0,0.0,0.0,1.0,1.0,1.0,1.5,1.5,1.5,1.5,1.5,1.5,1.5,1.5,1.5,1.5,1.5,1.5,1.5,1.5,0.0,0.0,0.0,0.0,0.0,0.0,0.0,0.0,0.0,0.0,0.0,0.0,0.0,0.0,0.0,0.0,0.0,0.0,0.0,0.0,0.0,0.0,0.0,0.0,0.0,0.0,0.0,0.0,0.0
-0.1,0.0,0.0,0.3,-0.2,0.0,-0.1,0.0,0.0,0.3,-0.2,0.0,0.0,0.0,0.0,-0.15391247479152603,0.22276169498136314,-0.21632408859578525,-0.629680836204658,-1.97202,-0.31688549856785164,0.908376681148247,-0.3308581096948309,-0.285391066615267,0.40556047246508414,-0.41568462856090665,1.97202,-0.4490933877104398,0.6321387764017282,0.0,0.0,0.0,0.0,0.0,0.0,0.0,0.0,0.0,0.0,0.0,0.0,0.0,0.0,0.0,-0.09443153593299974,0.2717028965615521,0.6059151388917022,0.810370645638156,0.0,2.510880449247088,0.298786093603573,-0.18016111009838132,0.467852263833074,0.5462264825876778,1.3940881569709074,0.0,1.6059016801050554,4.543841384011935,0.0,0.0,0.0,0.0,0.0,0.0,0.0,0.0,0.0,0.0,0.0,0.0,40.0,40.0,40.0,60.0,60.0,60.0,60.0,60.0,60.0,60.0,60.0,60.0,60.0,60.0,60.0,60.0,60.0,0.0,0.0,0.0,0.0,0.0,0.0,0.0,0.0,0.0,0.0,0.0,0.0,1.0,1.0,1.0,1.5,1.5,1.5,1.5,1.5,1.5,1.5,1.5,1.5,1.5,1.5,1.5,1.5,1.5,0.0,0.0,0.0,0.0,0.0,0.0,0.0,0.0,0.0,0.0,0.0,0.0,0.0,0.0,0.0,0.0,0.0,0.0,0.0,0.0,0.0,0.0,0.0,0.0,0.0,0.0,0.0,0.0,0.0
-0.1,0.0,0.0,0.3,-0.2,0.0,-0.1,0.0,0.0,0.3,-0.2,0.0,0.0,0.0,0.0,-0.15929487108745344,0.22985620629964917,-0.19694720310315025,-0.6080476304634866,-1.97202,-0.25604433446881064,0.9169350996760092,-0.32179187799977377,-0.25476313960949937,0.41166063800551495,-0.40681759742211715,1.97202,-0.3621974816373431,0.6518924784427843,0.0,0.0,0.0,0.0,0.0,0.0,0.0,0.0,0.0,0.0,0.0,0.0,0.0,0.0,0.0,-0.18707023612546808,0.3913577494537468,1.2052368790949322,0.4563422770122061,0.0,2.4376568931494065,0.593391020393294,0.7477279241166298,1.3080543299144736,-0.8097454693687097,0.7494561670012223,0.0,4.852212041170128,1.287897477029304,0.0,0.0,0.0,0.0,0.0,0.0,0.0,0.0,0.0,0.0,0.0,0.0,40.0,40.0,40.0,60.0,60.0,60.0,60.0,60.0,60.0,60.0,60.0,60.0,60.0,60.0,60.0,60.0,60.0,0.0,0.0,0.0,0.0,0.0,0.0,0.0,0.0,0.0,0.0,0.0,0.0,1.0,1.0,1.0,1.5,1.5,1.5,1.5,1.5,1.5,1.5,1.5,1.5,1.5,1.5,1.5,1.5,1.5,0.0,0.0,0.0,0.0,0.0,0.0,0.0,0.0,0.0,0.0,0.0,0.0,0.0,0.0,0.0,0.0,0.0,0.0,0.0,0.0,0.0,0.0,0.0,0.0,0.0,0.0,0.0,0.0,0.0
-0.1,0.0,0.0,0.3,-0.2,0.0,-0.1,0.0,0.0,0.3,-0.2,0.0,0.0,0.0,0.0,-0.16139528423654476,0.238416004959513,-0.16811461343198797,-0.6114271451241697,-1.97202,-0.2193792228418754,0.9321123219639788,-0.30094899273016573,-0.23306889341868803,0.37317065369033575,-0.38570638188085776,1.97202,-0.25500490606363463,0.6836546754829004,0.0,0.0,0.0,0.0,0.0,0.0,0.0,0.0,0.0,0.0,0.0,0.0,0.0,0.0,0.0,0.13787792600907234,0.20955903630312453,1.0831679001008545,0.9410161284721774,0.0,5.486523372069777,-0.17505684172804126,0.4246124896458939,0.9810998220589395,-1.3206700189087872,0.6828631984621081,0.0,4.208172758488474,0.23410231766558265,0.0,0.0,0.0,0.0,0.0,0.0,0.0,0.0,0.0,0.0,0.0,0.0,40.0,40.0,40.0,60.0,60.0,60.0,60.0,60.0,60.0,60.0,60.0,60.0,60.0,60.0,60.0,60.0,60.0,0.0,0.0,0.0,0.0,0.0,0.0,0.0,0.0,0.0,0.0,0.0,0.0,1.0,1.0,1.0,1.5,1.5,1.5,1.5,1.5,1.5,1.5,1.5,1.5,1.5,1.5,1.5,1.5,1.5,0.0,0.0,0.0,0.0,0.0,0.0,0.0,0.0,0.0,0.0,0.0,0.0,0.0,0.0,0.0,0.0,0.0,0.0,0.0,0.0,0.0,0.0,0.0,0.0,0.0,0.0,0.0,0.0,0.0
-0.1,0.0,0.0,0.3,-0.2,0.0,-0.1,0.0,0.0,0.3,-0.2,0.0,0.0,0.0,0.0,-0.15377975404709054,0.23823856775177416,-0.15362048709911608,-0.5704069853245995,-1.97202,-0.03658339958601956,0.9099328260068875,-0.304807378413938,-0.21551914672714179,0.35883383724916346,-0.3795030694836328,1.97202,-0.19387057129780416,0.6612565711494076,0.0,0.0,0.0,0.0,0.0,0.0,0.0,0.0,0.0,0.0,0.0,0.0,0.0,0.0,0.0,0.6976439469771486,-0.33725758788937726,1.383764410547807,1.7976863549638205,0.0,13.11601359817322,-1.26137555626237,-0.8602478868945204,0.3008118049014713,-0.5889811369630334,0.18560171485146326,0.0,1.6486057311995732,-3.297681215683823,0.0,0.0,0.0,0.0,0.0,0.0,0.0,0.0,0.0,0.0,0.0,0.0,40.0,40.0,40.0,60.0,60.0,60.0,60.0,60.0,60.0,60.0,60.0,60.0,60.0,60.0,60.0,60.0,60.0,0.0,0.0,0.0,0.0,0.0,0.0,0.0,0.0,0.0,0.0,0.0,0.0,1.0,1.0,1.0,1.5,1.5,1.5,1.5,1.5,1.5,1.5,1.5,1.5,1.5,1.5,1.5,1.5,1.5,0.0,0.0,0.0,0.0,0.0,0.0,0.0,0.0,0.0,0.0,0.0,0.0,0.0,0.0,0.0,0.0,0.0,0.0,0.0,0.0,0.0,0.0,0.0,0.0,0.0,0.0,0.0,0.0,0.0
-0.1,0.0,0.0,0.3,-0.2,0.0,-0.1,0.0,0.0,0.3,-0.2,0.0,0.0,0.0,0.0,-0.1334895263574588,0.22492570144393792,-0.11276403701007569,-0.5395196909256169,-1.97202,0.3052613210850534,0.8816572997134839,-0.33535890820594655,-0.22103642122262918,0.3496114082118144,-0.37828231328679923,1.97202,-0.1890606768156517,0.5517474268555475,0.0,0.0,0.0,0.0,0.0,0.0,0.0,0.0,0.0,0.0,0.0,0.0,0.0,0.0,0.0,0.7633142283808777,-0.6752768974178119,3.759651076556747,1.1342621774907968,3.300861647729841,16.83265493469652,-3.7297839344608645,-1.0970354171927112,-0.9119917395910212,-0.4845226600582134,-0.10441042787264765,0.0,-0.8509210389156252,-4.825088566355275,0.0,0.0,0.0,0.0,0.0,0.0,0.0,0.0,0.0,0.0,0.0,0.0,40.0,40.0,40.0,60.0,60.0,60.0,60.0,60.0,60.0,60.0,60.0,60.0,60.0,60.0,60.0,60.0,60.0,0.0,0.0,0.0,0.0,0.0,0.0,0.0,0.0,0.0,0.0,0.0,0.0,1.0,1.0,1.0,1.5,1.5,1.5,1.5,1.5,1.5,1.5,1.5,1.5,1.5,1.5,1.5,1.5,1.5,0.0,0.0,0.0,0.0,0.0,0.0,0.0,0.0,0.0,0.0,0.0,0.0,0.0,0.0,0.0,0.0,0.0,0.0,0.0,0.0,0.0,0.0,0.0,0.0,0.0,0.0,0.0,0.0,0.0
-0.1,0.0,0.0,0.3,-0.2,0.0,-0.1,0.0,0.0,0.3,-0.2,0.0,0.0,0.0,0.0,-0.12324718491185543,0.21122749185506168,-0.003234444036846194,-0.5250364982249677,-1.8399855340908065,0.6367227978018414,0.7607414686284529,-0.34868879510164646,-0.25199881631078264,0.3394529308468349,-0.38367948659853873,1.97202,-0.22790741285442917,0.4682530284951966,0.0,0.0,0.0,0.0,0.0,0.0,0.0,0.0,0.0,0.0,0.0,0.0,0.0,0.0,0.0,0.14670622292241448,-0.4190781771000268,5.212603561241199,0.11713718776564241,7.893068482392207,12.501515814581321,-6.9523835217790015,-0.30610692147613056,-1.8965757497583045,-0.28428659377571913,-0.4568340388437092,0.0,-2.606247009116648,-2.5004313323830893,0.0,0.0,0.0,0.0,0.0,0.0,0.0,0.0,0.0,0.0,0.0,0.0,40.0,40.0,40.0,60.0,60.0,60.0,60.0,60.0,60.0,60.0,60.0,60.0,60.0,60.0,60.0,60.0,60.0,0.0,0.0,0.0,0.0,0.0,0.0,0.0,0.0,0.0,0.0,0.0,0.0,1.0,1.0,1.0,1.5,1.5,1.5,1.5,1.5,1.5,1.5,1.5,1.5,1.5,1.5,1.5,1.5,1.5,0.0,0.0,0.0,0.0,0.0,0.0,0.0,0.0,0.0,0.0,0.0,0.0,0.0,0.0,0.0,0.0,0.0,0.0,0.0,0.0,0.0,0.0,0.0,0.0,0.0,0.0,0.0,0.0,0.0
-0.1,0.0,0.0,0.3,-0.2,0.0,-0.1,0.0,0.0,0.3,-0.2,0.0,0.0,0.0,0.0,-0.12762127744056223,0.20816257435993685,0.09574010543957227,-0.5348342034149912,-1.6562972607043118,0.8053219536683063,0.6035619588423239,-0.34760318506499177,-0.29689945121296135,0.33823994446078565,-0.3965556748405476,1.97202,-0.2933105571803176,0.4517301735602239,0.0,0.0,0.0,0.0,0.0,0.0,0.0,0.0,0.0,0.0,0.0,0.0,0.0,0.0,0.0,-0.16201963806527497,-0.2771692554549128,3.245754786076183,-1.344017414691423,12.35022338602017,6.689733705058479,-9.28491021456196,-0.16735919384929243,-2.1407177442226866,0.5571387036934508,-0.29667797783604066,0.0,-3.4803291419424744,-0.20172440509263756,0.0,0.0,0.0,0.0,0.0,0.0,0.0,0.0,0.0,0.0,0.0,0.0,40.0,40.0,40.0,60.0,60.0,60.0,60.0,60.0,60.0,60.0,60.0,60.0,60.0,60.0,60.0,60.0,60.0,0.0,0.0,0.0,0.0,0.0,0.0,0.0,0.0,0.0,0.0,0.0,0.0,1.0,1.0,1.0,1.5,1.5,1.5,1.5,1.5,1.5,1.5,1.5,1.5,1.5,1.5,1.5,1.5,1.5,0.0,0.0,0.0,0.0,0.0,0.0,0.0,0.0,0.0,0.0,0.0,0.0,0.0,0.0,0.0,0.0,0.0,0.0,0.0,0.0,0.0,0.0,0.0,0.0,0.0,0.0,0.0,0.0,0.0
-0.1,0.0,0.0,0.3,-0.2,0.0,-0.1,0.0,0.0,0.3,-0.2,0.0,0.0,0.0,0.0,-0.12972797043446643,0.20014072163686517,0.12659574740620114,-0.5787971948126246,-1.3459765986499996,0.9043121460041805,0.3893450600459746,-0.35538316285561816,-0.3376275260796901,0.36173847899457295,-0.39554660571198036,1.97202,-0.36712057853212815,0.4601840522914911,0.0,0.0,0.0,0.0,0.0,0.0,0.0,0.0,0.0,0.0,0.0,0.0,0.0,0.0,0.0,0.13207209771310296,0.10971555077015915,1.1217994777280045,-1.8689645211162953,10.811911670949664,-0.7847998393784777,-5.880056404040378,0.31540232146696906,-2.3836606953267045,1.0650942782848172,0.03657403912582513,0.0,-5.060343380553555,2.2881445776672296,0.0,0.0,0.0,0.0,0.0,0.0,0.0,0.0,0.0,0.0,0.0,0.0,40.0,40.0,40.0,60.0,60.0,60.0,60.0,60.0,60.0,60.0,60.0,60.0,60.0,60.0,60.0,60.0,60.0,0.0,0.0,0.0,0.0,0.0,0.0,0.0,0.0,0.0,0.0,0.0,0.0,1.0,1.0,1.0,1.5,1.5,1.5,1.5,1.5,1.5,1.5,1.5,1.5,1.5,1.5,1.5,1.5,1.5,0.0,0.0,0.0,0.0,0.0,0.0,0.0,0.0,0.0,0.0,0.0,0.0,0.0,0.0,0.0,0.0,0.0,0.0,0.0,0.0,0.0,0.0,0.0,0.0,0.0,0.0,0.0,0.0,0.0
-0.1,0.0,0.0,0.3,-0.2,0.0,-0.1,0.0,0.0,0.3,-0.2,0.0,0.0,0.0,0.0,-0.12233839353203811,0.2125511963907432,0.14061208454869245,-0.609592784259643,-1.2238207938663253,0.7739299600931672,0.3683597026807088,-0.334987092206313,-0.39224587902602953,0.38084371559217833,-0.3950927132755146,1.97202,-0.49572429240245985,0.5432559566669131,0.0,0.0,0.0,0.0,0.0,0.0,0.0,0.0,0.0,0.0,0.0,0.0,0.0,0.0,0.0,0.13296764582296816,1.0844658880643974,-0.4994366990726029,-0.9995328082887472,1.4473423789548023,-11.230124575408015,0.300851033885928,1.456381926626317,-3.1916345678796976,3.41417916048139,2.458480043859515,0.0,-10.263530177574099,7.253400528620212,0.0,0.0,0.0,0.0,0.0,0.0,0.0,0.0,0.0,0.0,0.0,0.0,40.0,40.0,40.0,60.0,60.0,60.0,60.0,60.0,60.0,60.0,60.0,60.0,60.0,60.0,60.0,60.0,60.0,0.0,0.0,0.0,0.0,0.0,0.0,0.0,0.0,0.0,0.0,0.0,0.0,1.0,1.0,1.0,1.5,1.5,1.5,1.5,1.5,1.5,1.5,1.5,1.5,1.5,1.5,1.5,1.5,1.5,0.0,0.0,0.0,0.0,0.0,0.0,0.0,0.0,0.0,0.0,0.0,0.0,0.0,0.0,0.0,0.0,0.0,0.0,0.0,0.0,0.0,0.0,0.0,0.0,0.0,0.0,0.0,0.0,0.0
-0.1,0.0,0.0,0.3,-0.2,0.0,-0.1,0.0,0.0,0.3,-0.2,0.0,0.0,0.0,0.0,-0.1244092646015477,0.24351935715944106,0.10661827944329702,-0.6187785071441745,-1.2880829034918075,0.45510716298785997,0.4013791014014117,-0.2971278857905655,-0.465292908794878,0.49830564541382855,-0.29720740395759976,1.97202,-0.7776617856350921,0.7503200734362996,0.0,0.0,0.0,0.0,0.0,0.0,0.0,0.0,0.0,0.0,0.0,0.0,0.0,0.0,0.0,0.02968899067201554,1.1036952296727311,-3.5938965075496974,0.4208608338069936,3.1267287973837488,-14.133734408453455,1.1405434380036854,0.3655294047182303,-2.0792515890920904,6.821634926087905,4.132923919913939,0.0,-14.404409882975843,7.875497108857052,0.0,0.0,0.0,0.0,0.0,0.0,0.0,0.0,0.0,0.0,0.0,0.0,40.0,40.0,40.0,60.0,60.0,60.0,60.0,60.0,60.0,60.0,60.0,60.0,60.0,60.0,60.0,60.0,60.0,0.0,0.0,0.0,0.0,0.0,0.0,0.0,0.0,0.0,0.0,0.0,0.0,1.0,1.0,1.0,1.5,1.5,1.5,1.5,1.5,1.5,1.5,1.5,1.5,1.5,1.5,1.5,1.5,1.5,0.0,0.0,0.0,0.0,0.0,0.0,0.0,0.0,0.0,0.0,0.0,0.0,0.0,0.0,0.0,0.0,0.0,0.0,0.0,0.0,0.0,0.0,0.0,0.0,0.0,0.0,0.0,0.0,0.0
-0.1,0.0,0.0,0.3,-0.2,0.0,-0.1,0.0,0.0,0.3,-0.2,0.0,0.0,0.0,0.0,-0.12115083390515749,0.25669900557765246,-0.0031437757532954505,-0.5927583509073633,-1.0987516419709753,0.20858058375502897,0.4139814402008562,-0.3203659160175838,-0.47541594258971315,0.6537091126356945,-0.22977575647895704,1.97202,-1.0719006877214936,0.8582758410211951,0.0,0.0,0.0,0.0,0.0,0.0,0.0,0.0,0.0,0.0,0.0,0.0,0.0,0.0,0.0,0.41574360657769327,0.7723363628841351,-5.069523103653295,1.236533243258292,9.1499912809952,-11.21432950831854,2.5636462264945967,-1.2983745436641518,-0.0045445418782708025,5.9785565439862784,1.9261404209408006,0.0,-11.74912997742271,1.2576525288831601,0.0,0.0,0.0,0.0,0.0,0.0,0.0,0.0,0.0,0.0,0.0,0.0,40.0,40.0,40.0,60.0,60.0,60.0,60.0,60.0,60.0,60.0,60.0,60.0,60.0,60.0,60.0,60.0,60.0,0.0,0.0,0.0,0.0,0.0,0.0,0.0,0.0,0.0,0.0,0.0,0.0,1.0,1.0,1.0,1.5,1.5,1.5,1.5,1.5,1.5,1.5,1.5,1.5,1.5,1.5,1.5,1.5,1.5,0.0,0.0,0.0,0.0,0.0,0.0,0.0,0.0,0.0,0.0,0.0,0.0,0.0,0.0,0.0,0.0,0.0,0.0,0.0,0.0,0.0,0.0,0.0,0.0,0.0,0.0,0.0,0.0,0.0
-0.1,0.0,0.0,0.3,-0.2,0.0,-0.1,0.0,0.0,0.3,-0.2,0.0,0.0,0.0,0.0,-0.10777952033843997,0.27441281167480647,-0.09616264470283478,-0.5693171774138428,-0.9220832522519995,0.00653398265511835,0.5039249504611956,-0.34906286753713156,-0.46547469047000883,0.7374479071732797,-0.22016178711996773,1.97202,-1.2476269847320005,0.800626174591626,0.0,0.0,0.0,0.0,0.0,0.0,0.0,0.0,0.0,0.0,0.0,0.0,0.0,0.0,0.0,0.5147945015521346,0.7242693815554382,-4.344430388245253,1.350276745581519,9.891170855943301,-8.732726946581517,5.39466222977832,-1.2042898255750472,0.30726795367516796,3.345215898498688,-0.11325703647173946,0.0,-7.68434759479829,-3.6214996694531516,0.0,0.0,0.0,0.0,0.0,0.0,0.0,0.0,0.0,0.0,0.0,0.0,40.0,40.0,40.0,60.0,60.0,60.0,60.0,60.0,60.0,60.0,60.0,60.0,60.0,60.0,60.0,60.0,60.0,0.0,0.0,0.0,0.0,0.0,0.0,0.0,0.0,0.0,0.0,0.0,0.0,1.0,1.0,1.0,1.5,1.5,1.5,1.5,1.5,1.5,1.5,1.5,1.5,1.5,1.5,1.5,1.5,1.5,0.0,0.0,0.0,0.0,0.0,0.0,0.0,0.0,0.0,0.0,0.0,0.0,0.0,0.0,0.0,0.0,0.0,0.0,0.0,0.0,0.0,0.0,0.0,0.0,0.0,0.0,0.0,0.0,0.0
-0.1,0.0,0.0,0.3,-0.2,0.0,-0.1,0.0,0.0,0.3,-0.2,0.0,0.0,0.0,0.0,-0.10055905384307211,0.28566978083987,-0.17692099128310557,-0.5387472810841025,-0.7031048077332432,-0.1407284941082317,0.629767929391989,-0.3685375090405857,-0.46312522444270643,0.787517748575642,-0.23430603793782662,1.97202,-1.3792745915134252,0.7134158542430691,0.0,0.0,0.0,0.0,0.0,0.0,0.0,0.0,0.0,0.0,0.0,0.0,0.0,0.0,0.0,-0.13516319775923566,0.7612984673677977,-3.048609085774195,1.648083852323015,7.700094335514534,-4.760115519515952,6.312752060713139,-0.641904997169665,-0.2597814556969197,1.5091555904563791,-0.9514537791843337,0.0,-5.226430030939821,-3.3406052688797123,0.0,0.0,0.0,0.0,0.0,0.0,0.0,0.0,0.0,0.0,0.0,0.0,40.0,40.0,40.0,60.0,60.0,60.0,60.0,60.0,60.0,60.0,60.0,60.0,60.0,60.0,60.0,60.0,60.0,0.0,0.0,0.0,0.0,0.0,0.0,0.0,0.0,0.0,0.0,0.0,0.0,1.0,1.0,1.0,1.5,1.5,1.5,1.5,1.5,1.5,1.5,1.5,1.5,1.5,1.5,1.5,1.5,1.5,0.0,0.0,0.0,0.0,0.0,0.0,0.0,0.0,0.0,0.0,0.0,0.0,0.0,0.0,0.0,0.0,0.0,0.0,0.0,0.0,0.0,0.0,0.0,0.0,0.0,0.0,0.0,0.0,0.0
-0.1,0.0,0.0,0.3,-0.2,0.0,-0.1,0.0,0.0,0.3,-0.2,0.0,0.0,0.0,0.0,-0.1131860482488094,0.3048647503695184,-0.2181070081338026,-0.5033938233209222,-0.6140794788314181,-0.18387063812551974,0.7564350328897211,-0.37473906742391816,-0.4758659486978856,0.7978141307915348,-0.2582199382873411,1.97202,-1.4566841859695934,0.6670019638364375,0.0,0.0,0.0,0.0,0.0,0.0,0.0,0.0,0.0,0.0,0.0,0.0,0.0,0.0,0.0,-0.7246988157610972,0.6351633540976981,-1.4371466748079549,1.192226955332784,4.688358262244233,0.19392897484849028,7.0479016610260095,-0.3743907958099993,-0.1824369266364867,0.31548645995834457,-1.4383461163488307,0.0,-3.9008453249941786,-2.0997205898266564,0.0,0.0,0.0,0.0,0.0,0.0,0.0,0.0,0.0,0.0,0.0,0.0,40.0,40.0,40.0,60.0,60.0,60.0,60.0,60.0,60.0,60.0,60.0,60.0,60.0,60.0,60.0,60.0,60.0,0.0,0.0,0.0,0.0,0.0,0.0,0.0,0.0,0.0,0.0,0.0,0.0,1.0,1.0,1.0,1.5,1.5,1.5,1.5,1.5,1.5,1.5,1.5,1.5,1.5,1.5,1.5,1.5,1.5,0.0,0.0,0.0,0.0,0.0,0.0,0.0,0.0,0.0,0.0,0.0,0.0,0.0,0.0,0.0,0.0,0.0,0.0,0.0,0.0,0.0,0.0,0.0,0.0,0.0,0.0,0.0,0.0,0.0
-0.1,0.0,0.0,0.3,-0.2,0.0,-0.1,0.0,0.0,0.3,-0.2,0.0,0.0,0.0,0.0,-0.129547006473516,0.3110763150037779,-0.23440685827542376,-0.49105820287079116,-0.5155704772434739,-0.1329713351142921,0.9116839958330294,-0.38351314087298566,-0.4704227015081659,0.8001372069739758,-0.29183988259177984,1.97202,-1.5353084045131924,0.6294270306500028,0.0,0.0,0.0,0.0,0.0,0.0,0.0,0.0,0.0,0.0,0.0,0.0,0.0,0.0,0.0,-0.7725590747254873,0.27555798967050377,-0.6834963326685657,0.010293634965005682,3.226146062653849,1.9943008204846329,6.873683028704669,-0.2162521004915527,0.2286309491336208,0.46503656742869215,-0.9794809992373268,0.0,-3.6522067479612175,-1.398738550578668,0.0,0.0,0.0,0.0,0.0,0.0,0.0,0.0,0.0,0.0,0.0,0.0,40.0,40.0,40.0,60.0,60.0,60.0,60.0,60.0,60.0,60.0,60.0,60.0,60.0,60.0,60.0,60.0,60.0,0.0,0.0,0.0,0.0,0.0,0.0,0.0,0.0,0.0,0.0,0.0,0.0,1.0,1.0,1.0,1.5,1.5,1.5,1.5,1.5,1.5,1.5,1.5,1.5,1.5,1.5,1.5,1.5,1.5,0.0,0.0,0.0,0.0,0.0,0.0,0.0,0.0,0.0,0.0,0.0,0.0,0.0,0.0,0.0,0.0,0.0,0.0,0.0,0.0,0.0,0.0,0.0,0.0,0.0,0.0,0.0,0.0,0.0
-0.1,0.0,0.0,0.3,-0.2,0.0,-0.1,0.0,0.0,0.3,-0.2,0.0,0.0,0.0,0.0,-0.1440884112378289,0.31588706995633853,-0.24544686144054523,-0.502982077922322,-0.48503363632526414,-0.10409860530613442,1.031382354037908,-0.38338915144358027,-0.4667207107325408,0.8164155934886825,-0.29739917825683415,1.97202,-1.602772455888042,0.6110524218132908,0.0,0.0,0.0,0.0,0.0,0.0,0.0,0.0,0.0,0.0,0.0,0.0,0.0,0.0,0.0,-0.4839758566930849,0.19231726981736308,-0.6454693127668908,-0.552103549104635,0.509640833469073,0.4008752553896308,5.093186899289193,-0.06330972566385984,0.24544449423276188,0.6514739965399724,-0.41384189547107597,0.0,-1.973039887170186,-1.6007348025460637,0.0,0.0,0.0,0.0,0.0,0.0,0.0,0.0,0.0,0.0,0.0,0.0,40.0,40.0,40.0,60.0,60.0,60.0,60.0,60.0,60.0,60.0,60.0,60.0,60.0,60.0,60.0,60.0,60.0,0.0,0.0,0.0,0.0,0.0,0.0,0.0,0.0,0.0,0.0,0.0,0.0,1.0,1.0,1.0,1.5,1.5,1.5,1.5,1.5,1.5,1.5,1.5,1.5,1.5,1.5,1.5,1.5,1.5,0.0,0.0,0.0,0.0,0.0,0.0,0.0,0.0,0.0,0.0,0.0,0.0,0.0,0.0,0.0,0.0,0.0,0.0,0.0,0.0,0.0,0.0,0.0,0.0,0.0,0.0,0.0,0.0,0.0
-0.1,0.0,0.0,0.3,-0.2,0.0,-0.1,0.0,0.0,0.3,-0.2,0.0,0.0,0.0,0.0,-0.1489060407412394,0.31876900579647244,-0.2602256307860994,-0.5131423448349766,-0.495184843904711,-0.11693632489870687,1.115411471804597,-0.38604552989954005,-0.4606049217388554,0.8261961668355747,-0.3083935584106229,1.97202,-1.6142299999999998,0.5653976385481603,0.0,0.0,0.0,0.0,0.0,0.0,0.0,0.0,0.0,0.0,0.0,0.0,0.0,0.0,0.0,-0.21668478871433305,0.1162527210641251,-0.7065181379889026,-0.4256725095356434,-0.4011675582700977,-0.7257117804791633,4.010438187447451,0.07682183385560731,0.33248688625957395,0.10153901137436028,-0.5883553048924419,0.0,-0.2864386027989496,-2.034786059141652,0.0,0.0,0.0,0.0,0.0,0.0,0.0,0.0,0.0,0.0,0.0,0.0,40.0,40.0,40.0,60.0,60.0,60.0,60.0,60.0,60.0,60.0,60.0,60.0,60.0,60.0,60.0,60.0,60.0,0.0,0.0,0.0,0.0,0.0,0.0,0.0,0.0,0.0,0.0,0.0,0.0,1.0,1.0,1.0,1.5,1.5,1.5,1.5,1.5,1.5,1.5,1.5,1.5,1.5,1.5,1.5,1.5,1.5,0.0,0.0,0.0,0.0,0.0,0.0,0.0,0.0,0.0,0.0,0.0,0.0,0.0,0.0,0.0,0.0,0.0,0.0,0.0,0.0,0.0,0.0,0.0,0.0,0.0,0.0,0.0,0.0,0.0
-0.1,0.0,0.0,0.3,-0.2,0.0,-0.1,0.0,0.0,0.3,-0.2,0.0,0.0,0.0,0.0,-0.15275580278640222,0.32053717879890353,-0.27370758696010133,-0.5200089783037477,-0.501080338656068,-0.13312707652530095,1.191799881535806,-0.380316278089356,-0.45342123528215783,0.820477153943657,-0.32093339045253183,1.97202,-1.61423,0.5296609794476247,0.0,0.0,0.0,0.0,0.0,0.0,0.0,0.0,0.0,0.0,0.0,0.0,0.0,0.0,0.0,-0.13585555928336684,0.07507168938396536,-0.9506067197893888,-0.2741204060194874,-1.8633982197045638,-2.3710787441825363,0.8163878819748005,0.30603189009432014,0.27033333651709235,-0.07264335330972871,-0.2105337173659419,0.0,-5.551115123125783e-15,-2.9737461821446707,0.0,0.0,0.0,0.0,0.0,0.0,0.0,0.0,0.0,0.0,0.0,0.0,40.0,40.0,40.0,60.0,60.0,60.0,60.0,60.0,60.0,60.0,60.0,60.0,60.0,60.0,60.0,60.0,60.0,0.0,0.0,0.0,0.0,0.0,0.0,0.0,0.0,0.0,0.0,0.0,0.0,1.0,1.0,1.0,1.5,1.5,1.5,1.5,1.5,1.5,1.5,1.5,1.5,1.5,1.5,1.5,1.5,1.5,0.0,0.0,0.0,0.0,0.0,0.0,0.0,0.0,0.0,0.0,0.0,0.0,0.0,0.0,0.0,0.0,0.0,0.0,0.0,0.0,0.0,0.0,0.0,0.0,0.0,0.0,0.0,0.0,0.0
-0.1,0.0,0.0,0.3,-0.2,0.0,-0.1,0.0,0.0,0.3,-0.2,0.0,0.0,0.0,0.0,-0.15434026311257407,0.32177187337183105,-0.29824989957767495,-0.5241071610757561,-0.5697207726928936,-0.21177947466600833,1.1480669870835891,-0.37380425429576725,-0.44979158827817173,0.8232904327031856,-0.31681490710526056,1.97202,-1.61423,0.44644779126237344,0.0,0.0,0.0,0.0,0.0,0.0,0.0,0.0,0.0,0.0,0.0,0.0,0.0,0.0,0.0,0.03850586247606674,-0.08903450884646807,-1.1257588900561042,-0.12385143952630406,-3.6419253793128936,-3.695976085467325,-3.1815081554475486,0.3325616874539583,0.24604215627141435,0.1517001807282925,-0.13997607227383135,0.0,0.0,-4.331677691556638,0.0,0.0,0.0,0.0,0.0,0.0,0.0,0.0,0.0,0.0,0.0,0.0,40.0,40.0,40.0,60.0,60.0,60.0,60.0,60.0,60.0,60.0,60.0,60.0,60.0,60.0,60.0,60.0,60.0,0.0,0.0,0.0,0.0,0.0,0.0,0.0,0.0,0.0,0.0,0.0,0.0,1.0,1.0,1.0,1.5,1.5,1.5,1.5,1.5,1.5,1.5,1.5,1.5,1.5,1.5,1.5,1.5,1.5,0.0,0.0,0.0,0.0,0.0,0.0,0.0,0.0,0.0,0.0,0.0,0.0,0.0,0.0,0.0,0.0,0.0,0.0,0.0,0.0,0.0,0.0,0.0,0.0,0.0,0.0,0.0,0.0,0.0
-0.1,0.0,0.0,0.3,-0.2,0.0,-0.1,0.0,0.0,0.3,-0.2,0.0,0.0,0.0,0.0,-0.15121556828735955,0.3169757984450448,-0.3187379425623455,-0.5249630358847999,-0.6467573538285838,-0.28096611994399395,1.064539555317904,-0.36701381059119764,-0.44357954903130126,0.8265451611727886,-0.3265324333434851,1.97202,-1.61423,0.3563938717853592,0.0,0.0,0.0,0.0,0.0,0.0,0.0,0.0,0.0,0.0,0.0,0.0,0.0,0.0,0.0,0.2467926073943416,-0.3032311668947463,-0.8619262616101699,-0.10443159117492495,-2.8510068482323403,-1.3560025311151123,-4.522676466725206,0.259687363995266,0.20369297816709986,0.1660143851996032,-0.5993589720683701,0.0,0.4337622704599253,-4.2390383314981115,0.0,0.0,0.0,0.0,0.0,0.0,0.0,0.0,0.0,0.0,0.0,0.0,40.0,40.0,40.0,60.0,60.0,60.0,60.0,60.0,60.0,60.0,60.0,60.0,60.0,60.0,60.0,60.0,60.0,0.0,0.0,0.0,0.0,0.0,0.0,0.0,0.0,0.0,0.0,0.0,0.0,1.0,1.0,1.0,1.5,1.5,1.5,1.5,1.5,1.5,1.5,1.5,1.5,1.5,1.5,1.5,1.5,1.5,0.0,0.0,0.0,0.0,0.0,0.0,0.0,0.0,0.0,0.0,0.0,0.0,0.0,0.0,0.0,0.0,0.0,0.0,0.0,0.0,0.0,0.0,0.0,0.0,0.0,0.0,0.0,0.0,0.0
-0.1,0.0,0.0,0.3,-0.2,0.0,-0.1,0.0,0.0,0.3,-0.2,0.0,0.0,0.0,0.0,-0.1444685588168004,0.3096426266960412,-0.33272695004208175,-0.528284424722753,-0.6837610466221872,-0.2660195759106128,0.9671599284145809,-0.3634167597359566,-0.44164386915148773,0.8299310081111697,-0.34078926598799536,1.97202,-1.596879509181603,0.276886258002449,0.0,0.0,0.0,0.0,0.0,0.0,0.0,0.0,0.0,0.0,0.0,0.0,0.0,0.0,0.0,0.40271385143573407,-0.4142714018698576,-0.2155396214380323,-0.22215401279212788,0.37414761551150255,3.9526282108724637,-4.5964806489190355,0.11379918585720933,-0.14066033632094826,0.1339191846402299,-0.7614851439281395,0.0,2.1099343962427852,-3.1281247727763866,0.0,0.0,0.0,0.0,0.0,0.0,0.0,0.0,0.0,0.0,0.0,0.0,40.0,40.0,40.0,60.0,60.0,60.0,60.0,60.0,60.0,60.0,60.0,60.0,60.0,60.0,60.0,60.0,60.0,0.0,0.0,0.0,0.0,0.0,0.0,0.0,0.0,0.0,0.0,0.0,0.0,1.0,1.0,1.0,1.5,1.5,1.5,1.5,1.5,1.5,1.5,1.5,1.5,1.5,1.5,1.5,1.5,1.5,0.0,0.0,0.0,0.0,0.0,0.0,0.0,0.0,0.0,0.0,0.0,0.0,0.0,0.0,0.0,0.0,0.0,0.0,0.0,0.0,0.0,0.0,0.0,0.0,0.0,0.0,0.0,0.0,0.0
-0.1,0.0,0.0,0.3,-0.2,0.0,-0.1,0.0,0.0,0.3,-0.2,0.0,0.0,0.0,0.0,-0.13510701422993018,0.3004049423702505,-0.3273595274198668,-0.533849196396485,-0.6317914492081237,-0.12286099150909541,0.8806803293611426,-0.36246184315690927,-0.4492059624841392,0.8319019285583978,-0.35699183910061066,1.97202,-1.5298326241502886,0.23126888087430372,0.0,0.0,0.0,0.0,0.0,0.0,0.0,0.0,0.0,0.0,0.0,0.0,0.0,0.0,0.0,0.26513752639151716,-0.5824652266473842,0.6360090566251211,-0.523140236901376,3.298605781155914,7.93897547605376,-4.21551726509139,0.15047665705661267,-0.3289176450922332,-0.12106457601958331,-0.5174232633982034,0.0,3.769099722331204,-2.3569762516173687,0.0,0.0,0.0,0.0,0.0,0.0,0.0,0.0,0.0,0.0,0.0,0.0,40.0,40.0,40.0,60.0,60.0,60.0,60.0,60.0,60.0,60.0,60.0,60.0,60.0,60.0,60.0,60.0,60.0,0.0,0.0,0.0,0.0,0.0,0.0,0.0,0.0,0.0,0.0,0.0,0.0,1.0,1.0,1.0,1.5,1.5,1.5,1.5,1.5,1.5,1.5,1.5,1.5,1.5,1.5,1.5,1.5,1.5,0.0,0.0,0.0,0.0,0.0,0.0,0.0,0.0,0.0,0.0,0.0,0.0,0.0,0.0,0.0,0.0,0.0,0.0,0.0,0.0,0.0,0.0,0.0,0.0,0.0,0.0,0.0,0.0,0.0
-0.1,0.0,0.0,0.3,-0.2,0.0,-0.1,0.0,0.0,0.3,-0.2,0.0,0.0,0.0,0.0,-0.13386305776113971,0.28634401763014583,-0.3072865877770769,-0.5492100341988081,-0.5518168153759506,0.0515394431315376,0.7985392378109253,-0.3573976934536921,-0.45480057495517706,0.8250884250703864,-0.3614861965239235,1.97202,-1.4461155202883549,0.18260720793775423,0.0,0.0,0.0,0.0,0.0,0.0,0.0,0.0,0.0,0.0,0.0,0.0,0.0,0.0,0.0,0.1669274859438366,-0.6590237778955412,1.030642395074488,-0.8429637907149845,1.530230364405949,4.651195891015739,-3.100945437788938,0.10692005767288931,-0.09783388351056882,-0.7167023777618742,-0.2659053027300795,0.0,4.020548258536582,-1.459255307434639,0.0,0.0,0.0,0.0,0.0,0.0,0.0,0.0,0.0,0.0,0.0,0.0,40.0,40.0,40.0,60.0,60.0,60.0,60.0,60.0,60.0,60.0,60.0,60.0,60.0,60.0,60.0,60.0,60.0,0.0,0.0,0.0,0.0,0.0,0.0,0.0,0.0,0.0,0.0,0.0,0.0,1.0,1.0,1.0,1.5,1.5,1.5,1.5,1.5,1.5,1.5,1.5,1.5,1.5,1.5,1.5,1.5,1.5,0.0,0.0,0.0,0.0,0.0,0.0,0.0,0.0,0.0,0.0,0.0,0.0,0.0,0.0,0.0,0.0,0.0,0.0,0.0,0.0,0.0,0.0,0.0,0.0,0.0,0.0,0.0,0.0,0.0
-0.1,0.0,0.0,0.3,-0.2,0.0,-0.1,0.0,0.0,0.3,-0.2,0.0,0.0,0.0,0.0,-0.12842991479217672,0.27404399125442885,-0.28613383161688727,-0.5675677480250844,-0.5705822346318857,0.06318684413153412,0.7566425118495851,-0.3581850408499937,-0.45311931782456194,0.8032338334479229,-0.36762805120981384,1.97202,-1.3690106938088253,0.17289866857691816,0.0,0.0,0.0,0.0,0.0,0.0,0.0,0.0,0.0,0.0,0.0,0.0,0.0,0.0,0.0,0.13998385375631958,-0.513882930251755,0.4981972851947916,-0.4815457987201316,-0.9748451573170003,-0.6305235647372245,-1.4774808894063878,-0.050460347600395083,0.10872625985152706,-1.1143621619522592,-0.03274053665216908,0.0,4.017859446093413,-0.27114733096288146,0.0,0.0,0.0,0.0,0.0,0.0,0.0,0.0,0.0,0.0,0.0,0.0,40.0,40.0,40.0,60.0,60.0,60.0,60.0,60.0,60.0,60.0,60.0,60.0,60.0,60.0,60.0,60.0,60.0,0.0,0.0,0.0,0.0,0.0,0.0,0.0,0.0,0.0,0.0,0.0,0.0,1.0,1.0,1.0,1.5,1.5,1.5,1.5,1.5,1.5,1.5,1.5,1.5,1.5,1.5,1.5,1.5,1.5,0.0,0.0,0.0,0.0,0.0,0.0,0.0,0.0,0.0,0.0,0.0,0.0,0.0,0.0,0.0,0.0,0.0,0.0,0.0,0.0,0.0,0.0,0.0,0.0,0.0,0.0,0.0,0.0,0.0
-0.1,0.0,0.0,0.3,-0.2,0.0,-0.1,0.0,0.0,0.3,-0.2,0.0,0.0,0.0,0.0,-0.12826370361088693,0.26578870042007563,-0.28735869636928524,-0.5684718661476134,-0.5908106216686306,0.02631850054204862,0.7394400022346698,-0.3594161073577079,-0.450451524561116,0.780513938592296,-0.36279581799001026,1.97202,-1.2854011424446183,0.17176131469923897,0.0,0.0,0.0,0.0,0.0,0.0,0.0,0.0,0.0,0.0,0.0,0.0,0.0,0.0,0.0,-0.07470743179872619,-0.3901469202792593,-0.3474277682692345,0.2534879469211798,-0.44172405953486205,-1.7512909445811995,0.0862759070777569,-0.052172574471781585,0.21496248161501502,-1.130430446576941,0.26516684898790777,0.0,3.45141427239547,0.40474531143791515,0.0,0.0,0.0,0.0,0.0,0.0,0.0,0.0,0.0,0.0,0.0,0.0,40.0,40.0,40.0,60.0,60.0,60.0,60.0,60.0,60.0,60.0,60.0,60.0,60.0,60.0,60.0,60.0,60.0,0.0,0.0,0.0,0.0,0.0,0.0,0.0,0.0,0.0,0.0,0.0,0.0,1.0,1.0,1.0,1.5,1.5,1.5,1.5,1.5,1.5,1.5,1.5,1.5,1.5,1.5,1.5,1.5,1.5,0.0,0.0,0.0,0.0,0.0,0.0,0.0,0.0,0.0,0.0,0.0,0.0,0.0,0.0,0.0,0.0,0.0,0.0,0.0,0.0,0.0,0.0,0.0,0.0,0.0,0.0,0.0,0.0,0.0
-0.1,0.0,0.0,0.3,-0.2,0.0,-0.1,0.0,0.0,0.3,-0.2,0.0,0.0,0.0,0.0,-0.13141821206412577,0.2584381144432585,-0.30003094234765665,-0.5574282301482372,-0.5882511970132802,-0.006864793651713855,0.7600935481326954,-0.36027194382886496,-0.44452081855996134,0.7580166155848452,-0.35702137725029753,1.97202,-1.2309541229130065,0.18908848103443476,0.0,0.0,0.0,0.0,0.0,0.0,0.0,0.0,0.0,0.0,0.0,0.0,0.0,0.0,0.0,-0.2804755175157998,-0.3851767670788875,-0.7833968679599803,0.6109460695315594,0.7211510433615648,-1.0521342244429095,2.409776020719159,-0.11264234707322185,0.40040190444644436,-0.6336552061442458,0.3343035296141661,0.0,1.0892557875330944,1.6938847861121993,0.0,0.0,0.0,0.0,0.0,0.0,0.0,0.0,0.0,0.0,0.0,0.0,40.0,40.0,40.0,60.0,60.0,60.0,60.0,60.0,60.0,60.0,60.0,60.0,60.0,60.0,60.0,60.0,60.0,0.0,0.0,0.0,0.0,0.0,0.0,0.0,0.0,0.0,0.0,0.0,0.0,1.0,1.0,1.0,1.5,1.5,1.5,1.5,1.5,1.5,1.5,1.5,1.5,1.5,1.5,1.5,1.5,1.5,0.0,0.0,0.0,0.0,0.0,0.0,0.0,0.0,0.0,0.0,0.0,0.0,0.0,0.0,0.0,0.0,0.0,0.0,0.0,0.0,0.0,0.0,0.0,0.0,0.0,0.0,0.0,0.0,0.0
-0.1,0.0,0.0,0.3,-0.2,0.0,-0.1,0.0,0.0,0.3,-0.2,0.0,0.0,0.0,0.0,-0.13948272431151892,0.25038162973692013,-0.31869457108768445,-0.544034023366351,-0.561964579934168,-0.015766868435667755,0.8358310430634361,-0.3639218012406368,-0.4344354483832582,0.7551677303465262,-0.3494236768054436,1.97202,-1.2418309109432946,0.23951670614372694,0.0,0.0,0.0,0.0,0.0,0.0,0.0,0.0,0.0,0.0,0.0,0.0,0.0,0.0,0.0,-0.4684914838935461,-0.3764298884607331,-1.022158003141277,0.5123447650189628,1.26738832427285,-0.4118909368511188,4.021357293905145,-0.3321643997272361,0.4828376561285083,0.5210641717034531,0.48934220272583984,0.0,-1.2696899603511336,2.7400178084952764,0.0,0.0,0.0,0.0,0.0,0.0,0.0,0.0,0.0,0.0,0.0,0.0,40.0,40.0,40.0,60.0,60.0,60.0,60.0,60.0,60.0,60.0,60.0,60.0,60.0,60.0,60.0,60.0,60.0,0.0,0.0,0.0,0.0,0.0,0.0,0.0,0.0,0.0,0.0,0.0,0.0,1.0,1.0,1.0,1.5,1.5,1.5,1.5,1.5,1.5,1.5,1.5,1.5,1.5,1.5,1.5,1.5,1.5,0.0,0.0,0.0,0.0,0.0,0.0,0.0,0.0,0.0,0.0,0.0,0.0,0.0,0.0,0.0,0.0,0.0,0.0,0.0,0.0,0.0,0.0,0.0,0.0,0.0,0.0,0.0,0.0,0.0
-0.1,0.0,0.0,0.3,-0.2,0.0,-0.1,0.0,0.0,0.3,-0.2,0.0,0.0,0.0,0.0,-0.1501578714198676,0.24338091890482916,-0.3409172624733077,-0.5369344395474787,-0.5375556640423662,-0.023340431125758607,0.9209478398889012,-0.3735585198179544,-0.425207312314821,0.7788591824529834,-0.33744768914126394,1.97202,-1.2817417213270519,0.2986891933742458,0.0,0.0,0.0,0.0,0.0,0.0,0.0,0.0,0.0,0.0,0.0,0.0,0.0,0.0,0.0,-0.5255551093010277,-0.29984635472230375,-1.070573631085167,0.26377762614367417,2.059594469072369,-0.3501943838468838,3.8638412339521144,-0.524510196462602,0.5012010966758198,1.3838095224198654,0.5864022353347444,0.0,-2.4666251166032382,2.740880935385512,0.0,0.0,0.0,0.0,0.0,0.0,0.0,0.0,0.0,0.0,0.0,0.0,40.0,40.0,40.0,60.0,60.0,60.0,60.0,60.0,60.0,60.0,60.0,60.0,60.0,60.0,60.0,60.0,60.0,0.0,0.0,0.0,0.0,0.0,0.0,0.0,0.0,0.0,0.0,0.0,0.0,1.0,1.0,1.0,1.5,1.5,1.5,1.5,1.5,1.5,1.5,1.5,1.5,1.5,1.5,1.5,1.5,1.5,0.0,0.0,0.0,0.0,0.0,0.0,0.0,0.0,0.0,0.0,0.0,0.0,0.0,0.0,0.0,0.0,0.0,0.0,0.0,0.0,0.0,0.0,0.0,0.0,0.0,0.0,0.0,0.0,0.0
-0.1,0.0,0.0,0.3,-0.2,0.0,-0.1,0.0,0.0,0.3,-0.2,0.0,0.0,0.0,0.0,-0.16050492868356003,0.23838777554802798,-0.36151751633109114,-0.533482918320604,-0.4795808011712733,-0.029774643789543108,0.9903846924215207,-0.38490220909914086,-0.4143874045162254,0.8105201112433208,-0.32596758739205384,1.97202,-1.340495915607424,0.3491519435591474,0.0,0.0,0.0,0.0,0.0,0.0,0.0,0.0,0.0,0.0,0.0,0.0,0.0,0.0,0.0,-0.22923935430772882,-0.20375087852375628,-1.032584605462937,0.2531437659049729,2.6863349607247122,-0.6961881290034885,2.478487882639577,-0.7680959644750281,0.5399432917200853,1.154784052819488,0.5046900522030925,0.0,-2.431995328334735,1.9423887854973052,0.0,0.0,0.0,0.0,0.0,0.0,0.0,0.0,0.0,0.0,0.0,0.0,40.0,40.0,40.0,60.0,60.0,60.0,60.0,60.0,60.0,60.0,60.0,60.0,60.0,60.0,60.0,60.0,60.0,0.0,0.0,0.0,0.0,0.0,0.0,0.0,0.0,0.0,0.0,0.0,0.0,1.0,1.0,1.0,1.5,1.5,1.5,1.5,1.5,1.5,1.5,1.5,1.5,1.5,1.5,1.5,1.5,1.5,0.0,0.0,0.0,0.0,0.0,0.0,0.0,0.0,0.0,0.0,0.0,0.0,0.0,0.0,0.0,0.0,0.0,0.0,0.0,0.0,0.0,0.0,0.0,0.0,0.0,0.0,0.0,0.0,0.0
-0.1,0.0,0.0,0.3,-0.2,0.0,-0.1,0.0,0.0,0.3,-0.2,0.0,0.0,0.0,0.0,-0.15932744559217676,0.2352308837638789,-0.3822206466918252,-0.5268086889112797,-0.4301022656133777,-0.051187956285898145,1.0200873551944842,-0.40428235839695553,-0.4036095806460176,0.8250505445657629,-0.31726008705314024,1.97202,-1.3790215344604413,0.376384744794138,0.0,0.0,0.0,0.0,0.0,0.0,0.0,0.0,0.0,0.0,0.0,0.0,0.0,0.0,0.0,-0.19985943976792153,-0.20082525946708354,-0.8572799712098705,0.5726438641025844,2.6370959538806553,-0.8569831114800786,1.9230784051466776,-0.6905902271487282,0.5142925119543396,0.8018040488485118,0.23983953177111883,0.0,-1.987525901709325,1.2355758126980656,0.0,0.0,0.0,0.0,0.0,0.0,0.0,0.0,0.0,0.0,0.0,0.0,40.0,40.0,40.0,60.0,60.0,60.0,60.0,60.0,60.0,60.0,60.0,60.0,60.0,60.0,60.0,60.0,60.0,0.0,0.0,0.0,0.0,0.0,0.0,0.0,0.0,0.0,0.0,0.0,0.0,1.0,1.0,1.0,1.5,1.5,1.5,1.5,1.5,1.5,1.5,1.5,1.5,1.5,1.5,1.5,1.5,1.5,0.0,0.0,0.0,0.0,0.0,0.0,0.0,0.0,0.0,0.0,0.0,0.0,0.0,0.0,0.0,0.0,0.0,0.0,0.0,0.0,0.0,0.0,0.0,0.0,0.0,0.0,0.0,0.0,0.0
-0.1,0.0,0.0,0.3,-0.2,0.0,-0.1,0.0,0.0,0.3,-0.2,0.0,0.0,0.0,0.0,-0.1684993062742769,0.23035476516934464,-0.39580871517948596,-0.5105771637565006,-0.37409696301604706,-0.06405396824874625,1.0673078286273878,-0.41252581818509,-0.39381570403805183,0.8425922731972613,-0.3163740061212091,1.97202,-1.419996951675797,0.39857497606707004,0.0,0.0,0.0,0.0,0.0,0.0,0.0,0.0,0.0,0.0,0.0,0.0,0.0,0.0,0.0,-0.41734429197761086,-0.19498696543434751,-0.6821409845289214,0.7221032297796026,2.4854492271820128,-0.7305712780624046,2.0931410648859616,-0.36715460384292575,0.4337966540036986,0.7775613356124061,0.15055758652433027,0.0,-1.894886515761568,0.780888615300887,0.0,0.0,0.0,0.0,0.0,0.0,0.0,0.0,0.0,0.0,0.0,0.0,40.0,40.0,40.0,60.0,60.0,60.0,60.0,60.0,60.0,60.0,60.0,60.0,60.0,60.0,60.0,60.0,60.0,0.0,0.0,0.0,0.0,0.0,0.0,0.0,0.0,0.0,0.0,0.0,0.0,1.0,1.0,1.0,1.5,1.5,1.5,1.5,1.5,1.5,1.5,1.5,1.5,1.5,1.5,1.5,1.5,1.5,0.0,0.0,0.0,0.0,0.0,0.0,0.0,0.0,0.0,0.0,0.0,0.0,0.0,0.0,0.0,0.0,0.0,0.0,0.0,0.0,0.0,0.0,0.0,0.0,0.0,0.0,0.0,0.0,0.0
-0.1,0.0,0.0,0.3,-0.2,0.0,-0.1,0.0,0.0,0.3,-0.2,0.0,0.0,0.0,0.0,-0.1760212172712812,0.227431405146505,-0.40950628607298206,-0.49792455972009564,-0.3306842965260972,-0.08041080740839433,1.1038129977899227,-0.41896854255067256,-0.38625771448586965,0.8561529979902591,-0.311237783592167,1.97202,-1.454816995090904,0.4076202894061735,0.0,0.0,0.0,0.0,0.0,0.0,0.0,0.0,0.0,0.0,0.0,0.0,0.0,0.0,0.0,-0.38941793605591285,-0.1533041276715677,-0.5957909394684074,0.5833615524962379,2.1299382476649584,-0.7681521255123579,1.7574065510748527,-0.25078336031531534,0.33128922890769963,0.6581767006106409,0.3085792902803877,0.0,-1.7051362441837692,0.5275714576279052,0.0,0.0,0.0,0.0,0.0,0.0,0.0,0.0,0.0,0.0,0.0,0.0,40.0,40.0,40.0,60.0,60.0,60.0,60.0,60.0,60.0,60.0,60.0,60.0,60.0,60.0,60.0,60.0,60.0,0.0,0.0,0.0,0.0,0.0,0.0,0.0,0.0,0.0,0.0,0.0,0.0,1.0,1.0,1.0,1.5,1.5,1.5,1.5,1.5,1.5,1.5,1.5,1.5,1.5,1.5,1.5,1.5,1.5,0.0,0.0,0.0,0.0,0.0,0.0,0.0,0.0,0.0,0.0,0.0,0.0,0.0,0.0,0.0,0.0,0.0,0.0,0.0,0.0,0.0,0.0,0.0,0.0,0.0,0.0,0.0,0.0,0.0
-0.1,0.0,0.0,0.3,-0.2,0.0,-0.1,0.0,0.0,0.3,-0.2,0.0,0.0,0.0,0.0,-0.1840760237165134,0.22422260006248193,-0.41964035275822226,-0.4872427016566511,-0.2888994331094487,-0.09478005326924056,1.137604090670382,-0.4225571525977026,-0.38056413488174384,0.8689193412216869,-0.3040308345099936,1.97202,-1.4882024014431479,0.41967783437218625,0.0,0.0,0.0,0.0,0.0,0.0,0.0,0.0,0.0,0.0,0.0,0.0,0.0,0.0,0.0,-0.423388640464388,-0.15014115277332957,-0.5026065150048483,0.6144529488593231,0.7568280086770574,-1.2839032030268611,1.499923878878895,-0.263349749953834,0.4592110905772148,0.4523808652932615,0.09727779066557585,0.0,-1.8310374791084993,0.4032731800778844,0.0,0.0,0.0,0.0,0.0,0.0,0.0,0.0,0.0,0.0,0.0,0.0,40.0,40.0,40.0,60.0,60.0,60.0,60.0,60.0,60.0,60.0,60.0,60.0,60.0,60.0,60.0,60.0,60.0,0.0,0.0,0.0,0.0,0.0,0.0,0.0,0.0,0.0,0.0,0.0,0.0,1.0,1.0,1.0,1.5,1.5,1.5,1.5,1.5,1.5,1.5,1.5,1.5,1.5,1.5,1.5,1.5,1.5,0.0,0.0,0.0,0.0,0.0,0.0,0.0,0.0,0.0,0.0,0.0,0.0,0.0,0.0,0.0,0.0,0.0,0.0,0.0,0.0,0.0,0.0,0.0,0.0,0.0,0.0,0.0,0.0,0.0
-0.1,0.0,0.0,0.3,-0.2,0.0,-0.1,0.0,0.0,0.3,-0.2,0.0,0.0,0.0,0.0,-0.19295676288985672,0.22142575903557182,-0.429610546673176,-0.4733464417657227,-0.3004111761790149,-0.13176693552946878,1.1638099529450785,-0.4295025325488259,-0.36788927086278106,0.8742482326019896,-0.307346671965544,1.97202,-1.528058494255244,0.4237512166092889,0.0,0.0,0.0,0.0,0.0,0.0,0.0,0.0,0.0,0.0,0.0,0.0,0.0,0.0,0.0,-0.39423702531292126,-0.12801194365430688,-0.41340828795646406,0.5660922205411325,-0.8444903129749728,-1.646067036307178,1.1234304220541724,-0.4162107925784378,0.6335661294693068,0.17417522208150737,-0.4215410710341469,0.0,-1.8751599406769404,0.038582256361976985,0.0,0.0,0.0,0.0,0.0,0.0,0.0,0.0,0.0,0.0,0.0,0.0,40.0,40.0,40.0,60.0,60.0,60.0,60.0,60.0,60.0,60.0,60.0,60.0,60.0,60.0,60.0,60.0,60.0,0.0,0.0,0.0,0.0,0.0,0.0,0.0,0.0,0.0,0.0,0.0,0.0,1.0,1.0,1.0,1.5,1.5,1.5,1.5,1.5,1.5,1.5,1.5,1.5,1.5,1.5,1.5,1.5,1.5,0.0,0.0,0.0,0.0,0.0,0.0,0.0,0.0,0.0,0.0,0.0,0.0,0.0,0.0,0.0,0.0,0.0,0.0,0.0,0.0,0.0,0.0,0.0,0.0,0.0,0.0,0.0,0.0,0.0
-0.1,0.0,0.0,0.3,-0.2,0.0,-0.1,0.0,0.0,0.3,-0.2,0.0,0.0,0.0,0.0,-0.19984550472903026,0.21910212231630966,-0.4361766842764808,-0.4645990128350058,-0.3226790456284476,-0.1606227347215277,1.1825413075525488,-0.4392055843008401,-0.35522148970297157,0.8758863501049472,-0.32089247735135945,1.97202,-1.5632087990702255,0.42122112462666533,0.0,0.0,0.0,0.0,0.0,0.0,0.0,0.0,0.0,0.0,0.0,0.0,0.0,0.0,0.0,-0.2895147959637204,-0.103898048630989,-0.3513395238488426,0.2624583051562726,-1.5773868949934238,-1.3371189950593554,1.0645409435094233,-0.4177445692251841,0.5525366721707988,0.10892047404903182,-0.49493538064840636,0.0,-1.491710283958153,-0.8386800401779928,0.0,0.0,0.0,0.0,0.0,0.0,0.0,0.0,0.0,0.0,0.0,0.0,40.0,40.0,40.0,60.0,60.0,60.0,60.0,60.0,60.0,60.0,60.0,60.0,60.0,60.0,60.0,60.0,60.0,0.0,0.0,0.0,0.0,0.0,0.0,0.0,0.0,0.0,0.0,0.0,0.0,1.0,1.0,1.0,1.5,1.5,1.5,1.5,1.5,1.5,1.5,1.5,1.5,1.5,1.5,1.5,1.5,1.5,0.0,0.0,0.0,0.0,0.0,0.0,0.0,0.0,0.0,0.0,0.0,0.0,0.0,0.0,0.0,0.0,0.0,0.0,0.0,0.0,0.0,0.0,0.0,0.0,0.0,0.0,0.0,0.0,0.0
-0.1,0.0,0.0,0.3,-0.2,0.0,-0.1,0.0,0.0,0.3,-0.2,0.0,0.0,0.0,0.0,-0.20453735472840553,0.21726983709033226,-0.4436641276271297,-0.4628481095594718,-0.36350665197875187,-0.185251695331843,1.2063915906854554,-0.4462123153178333,-0.3457878039759491,0.8786050515639509,-0.32714408719148025,1.97202,-1.58772690561357,0.39020401500216917,0.0,0.0,0.0,0.0,0.0,0.0,0.0,0.0,0.0,0.0,0.0,0.0,0.0,0.0,0.0,-0.1820408229425148,-0.05360227692529848,-0.3738644470318353,-0.14952443622354844,-3.1250649121841456,-1.1560043243178477,0.8956520935859857,-0.20586853499079683,0.23065897157896476,0.06974896719584567,-0.2685310696123447,0.0,-0.3184622392859826,-3.070875262926502,0.0,0.0,0.0,0.0,0.0,0.0,0.0,0.0,0.0,0.0,0.0,0.0,40.0,40.0,40.0,60.0,60.0,60.0,60.0,60.0,60.0,60.0,60.0,60.0,60.0,60.0,60.0,60.0,60.0,0.0,0.0,0.0,0.0,0.0,0.0,0.0,0.0,0.0,0.0,0.0,0.0,1.0,1.0,1.0,1.5,1.5,1.5,1.5,1.5,1.5,1.5,1.5,1.5,1.5,1.5,1.5,1.5,1.5,0.0,0.0,0.0,0.0,0.0,0.0,0.0,0.0,0.0,0.0,0.0,0.0,0.0,0.0,0.0,0.0,0.0,0.0,0.0,0.0,0.0,0.0,0.0,0.0,0.0,0.0,0.0,0.0,0.0
-0.1,0.0,0.0,0.3,-0.2,0.0,-0.1,0.0,0.0,0.3,-0.2,0.0,0.0,0.0,0.0,-0.20712713764673085,0.21695803123929772,-0.45113126215775423,-0.47057999028394776,-0.44768164211581346,-0.2068629076942416,1.2183673912959883,-0.447440325700472,-0.345995130839813,0.878676308792781,-0.33163372013585324,1.97202,-1.5759472886416648,0.29838611410960525,0.0,0.0,0.0,0.0,0.0,0.0,0.0,0.0,0.0,0.0,0.0,0.0,0.0,0.0,0.0,-0.10057238727624804,-0.054804336778131735,-0.2604156647389583,-0.6032204004804448,-4.278172813714787,-0.6837754778679053,0.5284784614300486,0.09327048796713144,-0.02788649563764678,-0.37480157515795975,-0.6443555485711239,0.0,0.9783588258717058,-4.802538678124758,0.0,0.0,0.0,0.0,0.0,0.0,0.0,0.0,0.0,0.0,0.0,0.0,40.0,40.0,40.0,60.0,60.0,60.0,60.0,60.0,60.0,60.0,60.0,60.0,60.0,60.0,60.0,60.0,60.0,0.0,0.0,0.0,0.0,0.0,0.0,0.0,0.0,0.0,0.0,0.0,0.0,1.0,1.0,1.0,1.5,1.5,1.5,1.5,1.5,1.5,1.5,1.5,1.5,1.5,1.5,1.5,1.5,1.5,0.0,0.0,0.0,0.0,0.0,0.0,0.0,0.0,0.0,0.0,0.0,0.0,0.0,0.0,0.0,0.0,0.0,0.0,0.0,0.0,0.0,0.0,0.0,0.0,0.0,0.0,0.0,0.0,0.0
-0.1,0.0,0.0,0.3,-0.2,0.0,-0.1,0.0,0.0,0.3,-0.2,0.0,0.0,0.0,0.0,-0.20856025021945546,0.215077663619207,-0.45408075421668803,-0.4869769255786896,-0.5346335645273433,-0.2126027144465592,1.2275307291426574,-0.44248149579914803,-0.346903263801455,0.8636129885576325,-0.3529183091343252,1.97202,-1.5485925525787019,0.19810246787717883,0.0,0.0,0.0,0.0,0.0,0.0,0.0,0.0,0.0,0.0,0.0,0.0,0.0,0.0,0.0,-0.18194806439487676,-0.03288301028201504,0.004992630110978169,-0.7490515046915099,-3.298856198182569,-1.0656826982799719,-0.7654944622629167,0.3911772052427043,0.08150743949307121,-0.6961896002957324,-1.4852222695524302,0.0,1.465710751030469,-4.762060933963495,0.0,0.0,0.0,0.0,0.0,0.0,0.0,0.0,0.0,0.0,0.0,0.0,40.0,40.0,40.0,60.0,60.0,60.0,60.0,60.0,60.0,60.0,60.0,60.0,60.0,60.0,60.0,60.0,60.0,0.0,0.0,0.0,0.0,0.0,0.0,0.0,0.0,0.0,0.0,0.0,0.0,1.0,1.0,1.0,1.5,1.5,1.5,1.5,1.5,1.5,1.5,1.5,1.5,1.5,1.5,1.5,1.5,1.5,0.0,0.0,0.0,0.0,0.0,0.0,0.0,0.0,0.0,0.0,0.0,0.0,0.0,0.0,0.0,0.0,0.0,0.0,0.0,0.0,0.0,0.0,0.0,0.0,0.0,0.0,0.0,0.0,0.0
-0.1,0.0,0.0,0.3,-0.2,0.0,-0.1,0.0,0.0,0.3,-0.2,0.0,0.0,0.0,0.0,-0.21440506022252592,0.21564271082801711,-0.4509315569533151,-0.5005420504716082,-0.5796358900431162,-0.24949021562544046,1.1877476128054716,-0.4317932374907638,-0.34273483326009013,0.8508287247809517,-0.39104261091795045,1.97202,-1.517318858600446,0.10790367675106546,0.0,0.0,0.0,0.0,0.0,0.0,0.0,0.0,0.0,0.0,0.0,0.0,0.0,0.0,0.0,-0.29367480837161547,0.005933697021443668,0.01412141409568024,-0.35120188164086824,-2.52510571562852,-2.978030206187632,-3.2794522503049373,0.5477026765886808,0.2509240529045442,-0.6820600405471444,-1.5740243297084857,0.0,1.8052866549578606,-4.735998873366427,0.0,0.0,0.0,0.0,0.0,0.0,0.0,0.0,0.0,0.0,0.0,0.0,40.0,40.0,40.0,60.0,60.0,60.0,60.0,60.0,60.0,60.0,60.0,60.0,60.0,60.0,60.0,60.0,60.0,0.0,0.0,0.0,0.0,0.0,0.0,0.0,0.0,0.0,0.0,0.0,0.0,1.0,1.0,1.0,1.5,1.5,1.5,1.5,1.5,1.5,1.5,1.5,1.5,1.5,1.5,1.5,1.5,1.5,0.0,0.0,0.0,0.0,0.0,0.0,0.0,0.0,0.0,0.0,0.0,0.0,0.0,0.0,0.0,0.0,0.0,0.0,0.0,0.0,0.0,0.0,0.0,0.0,0.0,0.0,0.0,0.0,0.0
-0.1,0.0,0.0,0.3,-0.2,0.0,-0.1,0.0,0.0,0.3,-0.2,0.0,0.0,0.0,0.0,-0.22030724255432008,0.21531501150006474,-0.4535158976528608,-0.5010250008443243,-0.6356377931524841,-0.3317239226940645,1.0963526391304599,-0.4205733887356008,-0.3368663016852732,0.8363305869357467,-0.41587928232266463,1.97202,-1.4763810863803875,0.008662512942521773,0.0,0.0,0.0,0.0,0.0,0.0,0.0,0.0,0.0,0.0,0.0,0.0,0.0,0.0,0.0,-0.13979609565553663,-0.0265293298733614,-0.23202894020905862,0.2327810851192269,-2.4875884044138816,-3.464286645722466,-4.745971015539966,0.37427438168875643,0.3557282289838884,-1.010770481758766,-1.3715860476668216,0.0,2.134647099900744,-3.872749520001346,0.0,0.0,0.0,0.0,0.0,0.0,0.0,0.0,0.0,0.0,0.0,0.0,40.0,40.0,40.0,60.0,60.0,60.0,60.0,60.0,60.0,60.0,60.0,60.0,60.0,60.0,60.0,60.0,60.0,0.0,0.0,0.0,0.0,0.0,0.0,0.0,0.0,0.0,0.0,0.0,0.0,1.0,1.0,1.0,1.5,1.5,1.5,1.5,1.5,1.5,1.5,1.5,1.5,1.5,1.5,1.5,1.5,1.5,0.0,0.0,0.0,0.0,0.0,0.0,0.0,0.0,0.0,0.0,0.0,0.0,0.0,0.0,0.0,0.0,0.0,0.0,0.0,0.0,0.0,0.0,0.0,0.0,0.0,0.0,0.0,0.0,0.0
-0.1,0.0,0.0,0.3,-0.2,0.0,-0.1,0.0,0.0,0.3,-0.2,0.0,0.0,0.0,0.0,-0.2199969040487474,0.21458153763308266,-0.46021271456167745,-0.4912308070668391,-0.6791394262196715,-0.3880616814543391,0.997908772183873,-0.41682226222321356,-0.3285057041007346,0.8103979055106011,-0.4459060528246233,1.97202,-1.4319329746044163,-0.04700630404898841,0.0,0.0,0.0,0.0,0.0,0.0,0.0,0.0,0.0,0.0,0.0,0.0,0.0,0.0,0.0,-0.0689336202928291,-0.0798238321044531,-0.2596702625996511,0.4513524138680919,-1.5387567075698771,-2.034395446133619,-4.773977377598512,0.05322022201409149,0.3773653962120663,-1.026534257954942,-1.235406127490106,0.0,2.001376326759957,-0.4574812838696914,0.0,0.0,0.0,0.0,0.0,0.0,0.0,0.0,0.0,0.0,0.0,0.0,40.0,40.0,40.0,60.0,60.0,60.0,60.0,60.0,60.0,60.0,60.0,60.0,60.0,60.0,60.0,60.0,60.0,0.0,0.0,0.0,0.0,0.0,0.0,0.0,0.0,0.0,0.0,0.0,0.0,1.0,1.0,1.0,1.5,1.5,1.5,1.5,1.5,1.5,1.5,1.5,1.5,1.5,1.5,1.5,1.5,1.5,0.0,0.0,0.0,0.0,0.0,0.0,0.0,0.0,0.0,0.0,0.0,0.0,0.0,0.0,0.0,0.0,0.0,0.0,0.0,0.0,0.0,0.0,0.0,0.0,0.0,0.0,0.0,0.0,0.0
-0.1,0.0,0.0,0.3,-0.2,0.0,-0.1,0.0,0.0,0.3,-0.2,0.0,0.0,0.0,0.0,-0.22306458736603324,0.21212205821588662,-0.46390270815684687,-0.48297090428960066,-0.6971880614552792,-0.41309974053940923,0.9053935440265194,-0.41844457985503714,-0.32177168583679056,0.795269216617549,-0.4652955274222689,1.97202,-1.3963260333099892,-0.009636738412265883,0.0,0.0,0.0,0.0,0.0,0.0,0.0,0.0,0.0,0.0,0.0,0.0,0.0,0.0,0.0,-0.14020664780562409,-0.14147623861951036,-0.1241243529651867,0.47890552506066053,-0.9224856127079822,-1.0790543359999543,-4.750519518984836,-0.23977568009213301,0.43721206896674,-0.365357645174727,-0.5329993428577886,0.0,1.576449495913873,2.3626786949886833,0.0,0.0,0.0,0.0,0.0,0.0,0.0,0.0,0.0,0.0,0.0,0.0,40.0,40.0,40.0,60.0,60.0,60.0,60.0,60.0,60.0,60.0,60.0,60.0,60.0,60.0,60.0,60.0,60.0,0.0,0.0,0.0,0.0,0.0,0.0,0.0,0.0,0.0,0.0,0.0,0.0,1.0,1.0,1.0,1.5,1.5,1.5,1.5,1.5,1.5,1.5,1.5,1.5,1.5,1.5,1.5,1.5,1.5,0.0,0.0,0.0,0.0,0.0,0.0,0.0,0.0,0.0,0.0,0.0,0.0,0.0,0.0,0.0,0.0,0.0,0.0,0.0,0.0,0.0,0.0,0.0,0.0,0.0,0.0,0.0,0.0,0.0
-0.1,0.0,0.0,0.3,-0.2,0.0,-0.1,0.0,0.0,0.3,-0.2,0.0,0.0,0.0,0.0,-0.22560516996097235,0.20892248808830224,-0.4651776886802849,-0.47207458606441266,-0.7160388507279908,-0.4312238548943373,0.8078879914244795,-0.4264132894268989,-0.311017221342065,0.795783599703612,-0.46722602653893486,1.97202,-1.3688749947678613,0.04750084375055893,0.0,0.0,0.0,0.0,0.0,0.0,0.0,0.0,0.0,0.0,0.0,0.0,0.0,0.0,0.0,0.019644270898280802,-0.16979621675563966,-0.17499432414140315,0.4822634293307024,-3.8906911529799024,0.3772482259928253,-4.108270481745002,-0.15813440047142413,0.09208465804074334,0.24897238699691515,0.19959335327823374,0.0,3.045401634018413,2.7659289262206372,0.0,0.0,0.0,0.0,0.0,0.0,0.0,0.0,0.0,0.0,0.0,0.0,40.0,40.0,40.0,60.0,60.0,60.0,60.0,60.0,60.0,60.0,60.0,60.0,60.0,60.0,60.0,60.0,60.0,0.0,0.0,0.0,0.0,0.0,0.0,0.0,0.0,0.0,0.0,0.0,0.0,1.0,1.0,1.0,1.5,1.5,1.5,1.5,1.5,1.5,1.5,1.5,1.5,1.5,1.5,1.5,1.5,1.5,0.0,0.0,0.0,0.0,0.0,0.0,0.0,0.0,0.0,0.0,0.0,0.0,0.0,0.0,0.0,0.0,0.0,0.0,0.0,0.0,0.0,0.0,0.0,0.0,0.0,0.0,0.0,0.0,0.0
-0.1,0.0,0.0,0.3,-0.2,0.0,-0.1,0.0,0.0,0.3,-0.2,0.0,0.0,0.0,0.0,-0.222278816530102,0.20533020954566103,-0.470902481122503,-0.46368036711637256,-0.8528157075744753,-0.3980098114996962,0.7410627247567193,-0.4247699558738941,-0.3180882995151608,0.8052281120974256,-0.4573117932911395,1.97202,-1.2745099679492526,0.10100041863655962,0.0,0.0,0.0,0.0,0.0,0.0,0.0,0.0,0.0,0.0,0.0,0.0,0.0,0.0,0.0,0.9630208203719577,-1.0330219652107084,-0.6727906004882003,1.0581556209658824,-3.542008860956744,7.839413973239936,-1.595446018107577,-1.1087649538117625,1.160840702924225,-0.41024969119845267,-0.6086709214552551,0.0,7.251026833857649,2.1246524815209957,0.0,0.0,0.0,0.0,0.0,0.0,0.0,0.0,0.0,0.0,0.0,0.0,40.0,40.0,40.0,60.0,60.0,60.0,60.0,60.0,60.0,60.0,60.0,60.0,60.0,60.0,60.0,60.0,60.0,0.0,0.0,0.0,0.0,0.0,0.0,0.0,0.0,0.0,0.0,0.0,0.0,1.0,1.0,1.0,1.5,1.5,1.5,1.5,1.5,1.5,1.5,1.5,1.5,1.5,1.5,1.5,1.5,1.5,0.0,0.0,0.0,0.0,0.0,0.0,0.0,0.0,0.0,0.0,0.0,0.0,0.0,0.0,0.0,0.0,0.0,0.0,0.0,0.0,0.0,0.0,0.0,0.0,0.0,0.0,0.0,0.0,0.0
-0.1,0.0,0.0,0.3,-0.2,0.0,-0.1,0.0,0.0,0.3,-0.2,0.0,0.0,0.0,0.0,-0.18708433714609404,0.1676016094798739,-0.49208931269981293,-0.42974836122577736,-0.8577192051662605,-0.11764729596473983,0.7440701507001765,-0.4707638875793694,-0.264583593225096,0.7793736120556739,-0.49157286339714507,1.97202,-1.0788339214135554,0.13248694301139877,0.0,0.0,0.0,0.0,0.0,0.0,0.0,0.0,0.0,0.0,0.0,0.0,0.0,0.0,0.0,1.119807183682662,-1.506384811574179,0.5458830670621279,-0.7895898730089542,-3.8893473016286095,10.647975668757766,-1.0323009560468026,-0.8299476064080435,1.2400799065444945,-1.750804358300112,0.8011383865490745,0.0,9.316110058285053,2.1310504100996224,0.0,0.0,0.0,0.0,0.0,0.0,0.0,0.0,0.0,0.0,0.0,0.0,40.0,40.0,40.0,60.0,60.0,60.0,60.0,60.0,60.0,60.0,60.0,60.0,60.0,60.0,60.0,60.0,60.0,0.0,0.0,0.0,0.0,0.0,0.0,0.0,0.0,0.0,0.0,0.0,0.0,1.0,1.0,1.0,1.5,1.5,1.5,1.5,1.5,1.5,1.5,1.5,1.5,1.5,1.5,1.5,1.5,1.5,0.0,0.0,0.0,0.0,0.0,0.0,0.0,0.0,0.0,0.0,0.0,0.0,0.0,0.0,0.0,0.0,0.0,0.0,0.0,0.0,0.0,0.0,0.0,0.0,0.0,0.0,0.0,0.0,0.0
-0.1,0.0,0.0,0.3,-0.2,0.0,-0.1,0.0,0.0,0.3,-0.2,0.0,0.0,0.0,0.0,-0.17748652918279553,0.14507481708269387,-0.4490671584400179,-0.49526396203673073,-1.0083895996396197,0.0279092152506144,0.6997706865148472,-0.45796786013021584,-0.26848510325338104,0.7351959377654211,-0.42526625782917654,1.97202,-0.9018655656178505,0.18624243504054452,0.0,0.0,0.0,0.0,0.0,0.0,0.0,0.0,0.0,0.0,0.0,0.0,0.0,0.0,0.0,0.18934829860786095,-0.7945479254812495,2.613412527926462,-2.3643582765692908,-6.579090366559531,5.629448365722299,-2.1069986780950094,0.756283601556651,-0.24106284945101114,-1.809085519832873,2.307644302829262,0.0,6.392673409090446,4.76726773069788,0.0,0.0,0.0,0.0,0.0,0.0,0.0,0.0,0.0,0.0,0.0,0.0,40.0,40.0,40.0,60.0,60.0,60.0,60.0,60.0,60.0,60.0,60.0,60.0,60.0,60.0,60.0,60.0,60.0,0.0,0.0,0.0,0.0,0.0,0.0,0.0,0.0,0.0,0.0,0.0,0.0,1.0,1.0,1.0,1.5,1.5,1.5,1.5,1.5,1.5,1.5,1.5,1.5,1.5,1.5,1.5,1.5,1.5,0.0,0.0,0.0,0.0,0.0,0.0,0.0,0.0,0.0,0.0,0.0,0.0,0.0,0.0,0.0,0.0,0.0,0.0,0.0,0.0,0.0,0.0,0.0,0.0,0.0,0.0,0.0,0.0,0.0
-0.1,0.0,0.0,0.3,-0.2,0.0,-0.1,0.0,0.0,0.3,-0.2,0.0,0.0,0.0,0.0,-0.1795104052017796,0.13581969246062392,-0.38755281158275445,-0.524322692288549,-1.1208828198286418,0.10753063866415212,0.6597902035763761,-0.44051254351710334,-0.27422610720313645,0.707010191262359,-0.3992670912839746,1.97202,-0.8231269850499375,0.323177652239314,0.0,0.0,0.0,0.0,0.0,0.0,0.0,0.0,0.0,0.0,0.0,0.0,0.0,0.0,0.0,-0.04624218378488573,-0.41725959948873126,2.5255175466440236,-1.279044714654845,-5.065977191271842,4.113768792584932,-1.195157150753412,0.3209301527608885,-0.5147809525423264,-0.6713619822956429,1.959616380230611,0.0,2.9972887479426307,7.93228448813095,0.0,0.0,0.0,0.0,0.0,0.0,0.0,0.0,0.0,0.0,0.0,0.0,40.0,40.0,40.0,60.0,60.0,60.0,60.0,60.0,60.0,60.0,60.0,60.0,60.0,60.0,60.0,60.0,60.0,0.0,0.0,0.0,0.0,0.0,0.0,0.0,0.0,0.0,0.0,0.0,0.0,1.0,1.0,1.0,1.5,1.5,1.5,1.5,1.5,1.5,1.5,1.5,1.5,1.5,1.5,1.5,1.5,1.5,0.0,0.0,0.0,0.0,0.0,0.0,0.0,0.0,0.0,0.0,0.0,0.0,0.0,0.0,0.0,0.0,0.0,0.0,0.0,0.0,0.0,0.0,0.0,0.0,0.0,0.0,0.0,0.0,0.0
-0.1,0.0,0.0,0.3,-0.2,0.0,-0.1,0.0,0.0,0.3,-0.2,0.0,0.0,0.0,0.0,-0.17933621653419096,0.12838443310314462,-0.3480464565742569,-0.5464257506229245,-1.2110286872904934,0.1924599669540117,0.6519644004847107,-0.4451306540197803,-0.2890763413550741,0.7083414584735954,-0.3468816026199521,1.97202,-0.7819740157001452,0.5035338145657825,0.0,0.0,0.0,0.0,0.0,0.0,0.0,0.0,0.0,0.0,0.0,0.0,0.0,0.0,0.0,-0.047213859375018485,-0.4707235039269498,1.8991885324976392,-0.8644273672121311,-3.402943624017851,4.09942042691891,-0.840782826033229,-0.45386171834800454,-0.43448903686730406,0.7457460004708261,2.5297778235094786,0.0,1.1445490862377365,8.431328514343507,0.0,0.0,0.0,0.0,0.0,0.0,0.0,0.0,0.0,0.0,0.0,0.0,40.0,40.0,40.0,60.0,60.0,60.0,60.0,60.0,60.0,60.0,60.0,60.0,60.0,60.0,60.0,60.0,60.0,0.0,0.0,0.0,0.0,0.0,0.0,0.0,0.0,0.0,0.0,0.0,0.0,1.0,1.0,1.0,1.5,1.5,1.5,1.5,1.5,1.5,1.5,1.5,1.5,1.5,1.5,1.5,1.5,1.5,0.0,0.0,0.0,0.0,0.0,0.0,0.0,0.0,0.0,0.0,0.0,0.0,0.0,0.0,0.0,0.0,0.0,0.0,0.0,0.0,0.0,0.0,0.0,0.0,0.0,0.0,0.0,0.0,0.0
-0.1,0.0,0.0,0.3,-0.2,0.0,-0.1,0.0,0.0,0.3,-0.2,0.0,0.0,0.0,0.0,-0.18139895957678034,0.11699075230354593,-0.3115852702828489,-0.5588997869770342,-1.2570005647893558,0.27150745574090857,0.6261588905350469,-0.4586670122510235,-0.2916056686778286,0.736840031281192,-0.29807597834359545,1.97202,-0.7773450216004281,0.6604307928130543,0.0,0.0,0.0,0.0,0.0,0.0,0.0,0.0,0.0,0.0,0.0,0.0,0.0,0.0,0.0,-0.10750416416632422,-0.6465771612420463,1.4871607887437825,-0.4391791764243119,-1.9063499158342545,3.6330150350246484,-1.755989100705685,-0.5865479155847508,0.49712327399600575,1.2060122985912662,1.896855500462634,0.0,1.0660382117868987,6.398783215872319,0.0,0.0,0.0,0.0,0.0,0.0,0.0,0.0,0.0,0.0,0.0,0.0,40.0,40.0,40.0,60.0,60.0,60.0,60.0,60.0,60.0,60.0,60.0,60.0,60.0,60.0,60.0,60.0,60.0,0.0,0.0,0.0,0.0,0.0,0.0,0.0,0.0,0.0,0.0,0.0,0.0,1.0,1.0,1.0,1.5,1.5,1.5,1.5,1.5,1.5,1.5,1.5,1.5,1.5,1.5,1.5,1.5,1.5,0.0,0.0,0.0,0.0,0.0,0.0,0.0,0.0,0.0,0.0,0.0,0.0,0.0,0.0,0.0,0.0,0.0,0.0,0.0,0.0,0.0,0.0,0.0,0.0,0.0,0.0,0.0,0.0,0.0
-0.1,0.0,0.0,0.3,-0.2,0.0,-0.1,0.0,0.0,0.3,-0.2,0.0,0.0,0.0,0.0,-0.18363638310084393,0.10252134665346277,-0.2885600250245056,-0.563992917679897,-1.2872826839238636,0.33778056835499765,0.5817248364564833,-0.46859257064317034,-0.26919141039523387,0.7565819504172461,-0.27100738260144674,1.97202,-0.7393324872286693,0.7594851432006753,0.0,0.0,0.0,0.0,0.0,0.0,0.0,0.0,0.0,0.0,0.0,0.0,0.0,0.0,0.0,-0.28182527749283093,-0.6376402925709547,1.2057780529187434,-0.11827860737557427,-1.8173826696476436,2.839634160283201,-1.9948176117871723,-0.42364317517825933,0.48353541186841736,1.0044433663002617,1.4819687415537173,0.0,1.533583185750037,4.950334833451661,0.0,0.0,0.0,0.0,0.0,0.0,0.0,0.0,0.0,0.0,0.0,0.0,40.0,40.0,40.0,60.0,60.0,60.0,60.0,60.0,60.0,60.0,60.0,60.0,60.0,60.0,60.0,60.0,60.0,0.0,0.0,0.0,0.0,0.0,0.0,0.0,0.0,0.0,0.0,0.0,0.0,1.0,1.0,1.0,1.5,1.5,1.5,1.5,1.5,1.5,1.5,1.5,1.5,1.5,1.5,1.5,1.5,1.5,0.0,0.0,0.0,0.0,0.0,0.0,0.0,0.0,0.0,0.0,0.0,0.0,0.0,0.0,0.0,0.0,0.0,0.0,0.0,0.0,0.0,0.0,0.0,0.0,0.0,0.0,0.0,0.0,0.0
-0.1,0.0,0.0,0.3,-0.2,0.0,-0.1,0.0,0.0,0.3,-0.2,0.0,0.0,0.0,0.0,-0.19267197067649358,0.09148514060070774,-0.26335414816609914,-0.5636309312720572,-1.3296958715752616,0.3850928221522366,0.54636618606356,-0.4756127392581539,-0.2722642522030919,0.7770177659332025,-0.23879722868144676,1.97202,-0.7160016941704266,0.8584441861511207,0.0,0.0,0.0,0.0,0.0,0.0,0.0,0.0,0.0,0.0,0.0,0.0,0.0,0.0,0.0,-0.469899268045431,-0.5819309277654335,1.0154645620153078,0.127118482056357,-1.6547259322245655,2.2691764664886036,-1.199882601588839,-0.27761694140413795,0.1938610275433586,0.904895499936037,1.4327794725276288,0.0,1.8388117666029768,3.7012908647931497,0.0,0.0,0.0,0.0,0.0,0.0,0.0,0.0,0.0,0.0,0.0,0.0,40.0,40.0,40.0,60.0,60.0,60.0,60.0,60.0,60.0,60.0,60.0,60.0,60.0,60.0,60.0,60.0,60.0,0.0,0.0,0.0,0.0,0.0,0.0,0.0,0.0,0.0,0.0,0.0,0.0,1.0,1.0,1.0,1.5,1.5,1.5,1.5,1.5,1.5,1.5,1.5,1.5,1.5,1.5,1.5,1.5,1.5,0.0,0.0,0.0,0.0,0.0,0.0,0.0,0.0,0.0,0.0,0.0,0.0,0.0,0.0,0.0,0.0,0.0,0.0,0.0,0.0,0.0,0.0,0.0,0.0,0.0,0.0,0.0,0.0,0.0
-0.1,0.0,0.0,0.3,-0.2,0.0,-0.1,0.0,0.0,0.3,-0.2,0.0,0.0,0.0,0.0,-0.20243235382266117,0.07924410954284543,-0.2479414425438933,-0.5589081783976427,-1.3534717212128462,0.4285476270145418,0.5337295323929298,-0.47969724829933585,-0.2614369692934995,0.7927777704146876,-0.2136962037003416,1.97202,-0.6657800165645502,0.9075367777924013,0.0,0.0,0.0,0.0,0.0,0.0,0.0,0.0,0.0,0.0,0.0,0.0,0.0,0.0,0.0,-0.5006589961413989,-0.4379338480453809,0.819254676138062,0.4107964514024065,-0.6079310057612919,1.9980581088245783,-0.8628535037146418,-0.34263110380895606,-0.03324560772278162,0.8628500304738163,0.9109987523895129,0.0,1.9031445372759719,2.5025891264115585,0.0,0.0,0.0,0.0,0.0,0.0,0.0,0.0,0.0,0.0,0.0,0.0,40.0,40.0,40.0,60.0,60.0,60.0,60.0,60.0,60.0,60.0,60.0,60.0,60.0,60.0,60.0,60.0,60.0,0.0,0.0,0.0,0.0,0.0,0.0,0.0,0.0,0.0,0.0,0.0,0.0,1.0,1.0,1.0,1.5,1.5,1.5,1.5,1.5,1.5,1.5,1.5,1.5,1.5,1.5,1.5,1.5,1.5,0.0,0.0,0.0,0.0,0.0,0.0,0.0,0.0,0.0,0.0,0.0,0.0,0.0,0.0,0.0,0.0,0.0,0.0,0.0,0.0,0.0,0.0,0.0,0.0,0.0,0.0,0.0,0.0,0.0
-0.1,0.0,0.0,0.3,-0.2,0.0,-0.1,0.0,0.0,0.3,-0.2,0.0,0.0,0.0,0.0,-0.21269833052214954,0.0739677866788925,-0.23058396112057666,-0.547199073215961,-1.3540131118057133,0.46501514650521975,0.5118520459149744,-0.48931798341051214,-0.2735940765120032,0.8115317671521551,-0.20235727858586625,1.97202,-0.6398759126793877,0.9585477512075831,0.0,0.0,0.0,0.0,0.0,0.0,0.0,0.0,0.0,0.0,0.0,0.0,0.0,0.0,0.0,-0.36100294949626827,-0.267756860589613,0.6954940568935488,0.4278429241412224,0.016496642206381695,1.773800704532258,-1.8708743774774426,-0.1697214714344364,-0.06070220174665547,0.5375419386208002,0.49443969857975306,0.0,1.5946494897899648,2.062838725157906,0.0,0.0,0.0,0.0,0.0,0.0,0.0,0.0,0.0,0.0,0.0,0.0,40.0,40.0,40.0,60.0,60.0,60.0,60.0,60.0,60.0,60.0,60.0,60.0,60.0,60.0,60.0,60.0,60.0,0.0,0.0,0.0,0.0,0.0,0.0,0.0,0.0,0.0,0.0,0.0,0.0,1.0,1.0,1.0,1.5,1.5,1.5,1.5,1.5,1.5,1.5,1.5,1.5,1.5,1.5,1.5,1.5,1.5,0.0,0.0,0.0,0.0,0.0,0.0,0.0,0.0,0.0,0.0,0.0,0.0,0.0,0.0,0.0,0.0,0.0,0.0,0.0,0.0,0.0,0.0,0.0,0.0,0.0,0.0,0.0,0.0,0.0
-0.1,0.0,0.0,0.3,-0.2,0.0,-0.1,0.0,0.0,0.3,-0.2,0.0,0.0,0.0,0.0,-0.2168724718025119,0.06853383511926091,-0.22012168026815135,-0.5417944614319938,-1.352811855524591,0.4994996551958321,0.45889455729383205,-0.4864861071567133,-0.26386505736336574,0.8142794479595196,-0.19391861575715147,1.97202,-0.6019940369729516,0.9900503267987175,0.0,0.0,0.0,0.0,0.0,0.0,0.0,0.0,0.0,0.0,0.0,0.0,0.0,0.0,0.0,0.44858835854378676,0.2809937707255773,1.7079524866319937,-0.6452995503050285,-2.5625096049546268,2.5316970898992777,-2.6081243087822963,0.3416808571694213,-0.19942892898504594,-1.2804752042099714,0.6918706377601163,0.0,1.71494303486919,2.003947595773042,0.0,0.0,0.0,0.0,0.0,0.0,0.0,0.0,0.0,0.0,0.0,0.0,40.0,40.0,40.0,60.0,60.0,60.0,60.0,60.0,60.0,60.0,60.0,60.0,60.0,60.0,60.0,60.0,60.0,0.0,0.0,0.0,0.0,0.0,0.0,0.0,0.0,0.0,0.0,0.0,0.0,1.0,1.0,1.0,1.5,1.5,1.5,1.5,1.5,1.5,1.5,1.5,1.5,1.5,1.5,1.5,1.5,1.5,0.0,0.0,0.0,0.0,0.0,0.0,0.0,0.0,0.0,0.0,0.0,0.0,0.0,0.0,0.0,0.0,0.0,0.0,0.0,0.0,0.0,0.0,0.0,0.0,0.0,0.0,0.0,0.0,0.0
-0.1,0.0,0.0,0.3,-0.2,0.0,-0.1,0.0,0.0,0.3,-0.2,0.0,0.0,0.0,0.0,-0.19475479618039807,0.0852075375079156,-0.1622658616552969,-0.5730110552281621,-1.4565134960038983,0.5662830301011909,0.4075270735636825,-0.4756507491237353,-0.281571233671405,0.7603127589837563,-0.1746824530754616,1.97202,-0.5712781912846201,1.0387056550385048,0.0,0.0,0.0,0.0,0.0,0.0,0.0,0.0,0.0,0.0,0.0,0.0,0.0,0.0,0.0,0.5272894064531526,0.14250118927925415,2.355391454702469,-0.4534990524713456,-2.3710168202383697,3.2113950689396695,-3.8309519375406453,0.26184832181880974,-0.13355833027833136,-1.3618873393710123,0.7347120424958331,0.0,1.1754733985105514,2.0940590693199868,0.0,0.0,0.0,0.0,0.0,0.0,0.0,0.0,0.0,0.0,0.0,0.0,40.0,40.0,40.0,60.0,60.0,60.0,60.0,60.0,60.0,60.0,60.0,60.0,60.0,60.0,60.0,60.0,60.0,0.0,0.0,0.0,0.0,0.0,0.0,0.0,0.0,0.0,0.0,0.0,0.0,1.0,1.0,1.0,1.5,1.5,1.5,1.5,1.5,1.5,1.5,1.5,1.5,1.5,1.5,1.5,1.5,1.5,0.0,0.0,0.0,0.0,0.0,0.0,0.0,0.0,0.0,0.0,0.0,0.0,0.0,0.0,0.0,0.0,0.0,0.0,0.0,0.0,0.0,0.0,0.0,0.0,0.0,0.0,0.0,0.0,0.0
-0.1,0.0,0.0,0.3,-0.2,0.0,-0.1,0.0,0.0,0.3,-0.2,0.0,0.0,0.0,0.0,-0.1957808955443858,0.07423388269043107,-0.12590602208005258,-0.5599344235308477,-1.4476525283341257,0.6279554579534189,0.3056564797922062,-0.4760121742839609,-0.269207390574499,0.7598039543846791,-0.16453013405731814,1.97202,-0.5549751010325296,1.073812689571517,0.0,0.0,0.0,0.0,0.0,0.0,0.0,0.0,0.0,0.0,0.0,0.0,0.0,0.0,0.0,0.12155611596416926,-0.48674833007632845,1.3776704534175441,0.4621538900775046,1.556128618676167,1.2199589074240207,-5.585565564637654,-0.0023547342498958512,0.6360247396392806,0.33544192028160114,0.575950035202994,0.0,-1.4444054750724855,2.741578992535892,0.0,0.0,0.0,0.0,0.0,0.0,0.0,0.0,0.0,0.0,0.0,0.0,40.0,40.0,40.0,60.0,60.0,60.0,60.0,60.0,60.0,60.0,60.0,60.0,60.0,60.0,60.0,60.0,60.0,0.0,0.0,0.0,0.0,0.0,0.0,0.0,0.0,0.0,0.0,0.0,0.0,1.0,1.0,1.0,1.5,1.5,1.5,1.5,1.5,1.5,1.5,1.5,1.5,1.5,1.5,1.5,1.5,1.5,0.0,0.0,0.0,0.0,0.0,0.0,0.0,0.0,0.0,0.0,0.0,0.0,0.0,0.0,0.0,0.0,0.0,0.0,0.0,0.0,0.0,0.0,0.0,0.0,0.0,0.0,0.0,0.0,0.0
-0.1,0.0,0.0,0.3,-0.2,0.0,-0.1,0.0,0.0,0.3,-0.2,0.0,0.0,0.0,0.0,-0.1898925515418313,0.06573760430486246,-0.10715904351859515,-0.5545248996250619,-1.3942683512568517,0.6150813863981517,0.18410445097817635,-0.4757449384937311,-0.2561302440858338,0.7737304357950203,-0.15164445166734183,1.97202,-0.6290544102875195,1.1483688147399405,0.0,0.0,0.0,0.0,0.0,0.0,0.0,0.0,0.0,0.0,0.0,0.0,0.0,0.0,0.0,0.37539414106609464,-0.3088495249729109,0.2331112002130993,0.45374518849765344,2.665335489305354,-1.4596692443892694,-6.264543138631949,-0.1515902399166269,0.7666855105329703,1.1345486054947174,0.7286000297564627,0.0,-4.5042197612233155,3.8082826175262374,0.0,0.0,0.0,0.0,0.0,0.0,0.0,0.0,0.0,0.0,0.0,0.0,40.0,40.0,40.0,60.0,60.0,60.0,60.0,60.0,60.0,60.0,60.0,60.0,60.0,60.0,60.0,60.0,60.0,0.0,0.0,0.0,0.0,0.0,0.0,0.0,0.0,0.0,0.0,0.0,0.0,1.0,1.0,1.0,1.5,1.5,1.5,1.5,1.5,1.5,1.5,1.5,1.5,1.5,1.5,1.5,1.5,1.5,0.0,0.0,0.0,0.0,0.0,0.0,0.0,0.0,0.0,0.0,0.0,0.0,0.0,0.0,0.0,0.0,0.0,0.0,0.0,0.0,0.0,0.0,0.0,0.0,0.0,0.0,0.0,0.0,0.0
-0.1,0.0,0.0,0.3,-0.2,0.0,-0.1,0.0,0.0,0.3,-0.2,0.0,0.0,0.0,0.0,-0.180765129901742,0.06187990169151464,-0.11658157407152861,-0.5417846159909415,-1.3410391087619116,0.5695686881778481,0.055074754246928245,-0.482075783880626,-0.23853997015318018,0.8051858986044678,-0.13538613286705964,1.97202,-0.7351438914814622,1.2261439942725665,0.0,0.0,0.0,0.0,0.0,0.0,0.0,0.0,0.0,0.0,0.0,0.0,0.0,0.0,0.0,0.49544138861074144,-0.16203026229968143,-0.7922647469542105,0.6918870978023878,2.6556061390463013,-4.378963862924909,-4.976098250869569,-0.18632083136404382,0.85297837816675,1.0631167143279634,0.529671063052125,0.0,-2.8451027818226504,2.364196635228233,0.0,0.0,0.0,0.0,0.0,0.0,0.0,0.0,0.0,0.0,0.0,0.0,40.0,40.0,40.0,60.0,60.0,60.0,60.0,60.0,60.0,60.0,60.0,60.0,60.0,60.0,60.0,60.0,60.0,0.0,0.0,0.0,0.0,0.0,0.0,0.0,0.0,0.0,0.0,0.0,0.0,1.0,1.0,1.0,1.5,1.5,1.5,1.5,1.5,1.5,1.5,1.5,1.5,1.5,1.5,1.5,1.5,1.5,0.0,0.0,0.0,0.0,0.0,0.0,0.0,0.0,0.0,0.0,0.0,0.0,0.0,0.0,0.0,0.0,0.0,0.0,0.0,0.0,0.0,0.0,0.0,0.0,0.0,0.0,0.0,0.0,0.0
-0.1,0.0,0.0,0.3,-0.2,0.0,-0.1,0.0,0.0,0.3,-0.2,0.0,0.0,0.0,0.0,-0.17007489599740164,0.0592563938128752,-0.13884963339676357,-0.5268494157129664,-1.2880441056949996,0.43992283188115533,-0.01493947905660642,-0.48319777174829287,-0.2220111089591638,0.8162551043681389,-0.13045760914525684,1.97202,-0.7428585215604255,1.2429366801490698,0.0,0.0,0.0,0.0,0.0,0.0,0.0,0.0,0.0,0.0,0.0,0.0,0.0,0.0,0.0,0.5574775264618019,-0.0799205533303338,-1.987494234744861,0.756690383573308,2.9412409597222022,-7.673519201627359,-2.680153923722359,0.1165376379539812,0.7551283798791198,-0.059618050090073926,-0.0024808596059223975,0.0,1.1530028722035346,0.007606544756433298,0.0,0.0,0.0,0.0,0.0,0.0,0.0,0.0,0.0,0.0,0.0,0.0,40.0,40.0,40.0,60.0,60.0,60.0,60.0,60.0,60.0,60.0,60.0,60.0,60.0,60.0,60.0,60.0,60.0,0.0,0.0,0.0,0.0,0.0,0.0,0.0,0.0,0.0,0.0,0.0,0.0,1.0,1.0,1.0,1.5,1.5,1.5,1.5,1.5,1.5,1.5,1.5,1.5,1.5,1.5,1.5,1.5,1.5,0.0,0.0,0.0,0.0,0.0,0.0,0.0,0.0,0.0,0.0,0.0,0.0,0.0,0.0,0.0,0.0,0.0,0.0,0.0,0.0,0.0,0.0,0.0,0.0,0.0,0.0,0.0,0.0,0.0
-0.1,0.0,0.0,0.3,-0.2,0.0,-0.1,0.0,0.0,0.3,-0.2,0.0,0.0,0.0,0.0,-0.15846602884326993,0.058683079558301286,-0.19608134346132305,-0.5115170006480092,-1.2233894703730235,0.26262792011275377,-0.0521314027019661,-0.47741427836246675,-0.20833483495801539,0.8028011766008648,-0.13548536725129653,1.97202,-0.6890237765933208,1.2264482560628238,0.0,0.0,0.0,0.0,0.0,0.0,0.0,0.0,0.0,0.0,0.0,0.0,0.0,0.0,0.0,0.3782807753599397,0.05906368349365126,-3.3323588760097937,0.994486614864766,2.776058264429931,-9.738781348569631,-1.3058389853011578,0.5252621385354428,0.4367351962042215,-0.8411000938928964,-0.2472541343819884,0.0,3.9588919201210633,-1.7040764889752036,0.0,0.0,0.0,0.0,0.0,0.0,0.0,0.0,0.0,0.0,0.0,0.0,40.0,40.0,40.0,60.0,60.0,60.0,60.0,60.0,60.0,60.0,60.0,60.0,60.0,60.0,60.0,60.0,60.0,0.0,0.0,0.0,0.0,0.0,0.0,0.0,0.0,0.0,0.0,0.0,0.0,1.0,1.0,1.0,1.5,1.5,1.5,1.5,1.5,1.5,1.5,1.5,1.5,1.5,1.5,1.5,1.5,1.5,0.0,0.0,0.0,0.0,0.0,0.0,0.0,0.0,0.0,0.0,0.0,0.0,0.0,0.0,0.0,0.0,0.0,0.0,0.0,0.0,0.0,0.0,0.0,0.0,0.0,0.0,0.0,0.0,0.0
-0.1,0.0,0.0,0.3,-0.2,0.0,-0.1,0.0,0.0,0.3,-0.2,0.0,0.0,0.0,0.0,-0.15494366498300405,0.06161894115262125,-0.2721439884371553,-0.48706995111837575,-1.1770017751178024,0.05037157793837004,-0.06717303846865273,-0.46218728620687516,-0.20454170111099493,0.782611100612423,-0.14034777452053637,1.97202,-0.584502844755583,1.1747736205900616,0.0,0.0,0.0,0.0,0.0,0.0,0.0,0.0,0.0,0.0,0.0,0.0,0.0,0.0,0.0,-0.028297649607495617,0.20820527033715755,-3.949139375040979,1.3418829450483436,1.6021037022560636,-10.260147271571247,-0.8199939996012774,0.9581105453778188,-0.26084688569001646,-1.472855949558477,-0.16845662593377303,0.0,7.987777961928168,-6.472456579744709,0.0,0.0,0.0,0.0,0.0,0.0,0.0,0.0,0.0,0.0,0.0,0.0,40.0,40.0,40.0,60.0,60.0,60.0,60.0,60.0,60.0,60.0,60.0,60.0,60.0,60.0,60.0,60.0,60.0,0.0,0.0,0.0,0.0,0.0,0.0,0.0,0.0,0.0,0.0,0.0,0.0,1.0,1.0,1.0,1.5,1.5,1.5,1.5,1.5,1.5,1.5,1.5,1.5,1.5,1.5,1.5,1.5,1.5,0.0,0.0,0.0,0.0,0.0,0.0,0.0,0.0,0.0,0.0,0.0,0.0,0.0,0.0,0.0,0.0,0.0,0.0,0.0,0.0,0.0,0.0,0.0,0.0,0.0,0.0,0.0,0.0,0.0
-0.1,0.0,0.0,0.3,-0.2,0.0,-0.1,0.0,0.0,0.3,-0.2,0.0,0.0,0.0,0.0,-0.15959793482756976,0.06701129037178759,-0.3540469184629622,-0.45784168284607546,-1.159305322282781,-0.14777797075009613,-0.08493116268601719,-0.439089856547354,-0.21876871038561604,0.7438869386185257,-0.14222363228864746,1.97202,-0.3695126581161941,0.9675499928730354,0.0,0.0,0.0,0.0,0.0,0.0,0.0,0.0,0.0,0.0,0.0,0.0,0.0,0.0,0.0,-0.39625462020987307,0.059540852993499906,-3.899960481389779,1.690799385290556,1.2770516925203257,-9.137889448230506,-0.4734493795404332,1.600864921858841,0.012120510126009676,-2.9958909725543768,-1.127158874996345,0.0,11.17557505427932,-11.901780781508853,0.0,0.0,0.0,0.0,0.0,0.0,0.0,0.0,0.0,0.0,0.0,0.0,40.0,40.0,40.0,60.0,60.0,60.0,60.0,60.0,60.0,60.0,60.0,60.0,60.0,60.0,60.0,60.0,60.0,0.0,0.0,0.0,0.0,0.0,0.0,0.0,0.0,0.0,0.0,0.0,0.0,1.0,1.0,1.0,1.5,1.5,1.5,1.5,1.5,1.5,1.5,1.5,1.5,1.5,1.5,1.5,1.5,1.5,0.0,0.0,0.0,0.0,0.0,0.0,0.0,0.0,0.0,0.0,0.0,0.0,0.0,0.0,0.0,0.0,0.0,0.0,0.0,0.0,0.0,0.0,0.0,0.0,0.0,0.0,0.0,0.0,0.0
-0.1,0.0,0.0,0.3,-0.2,0.0,-0.1,0.0,0.0,0.3,-0.2,0.0,0.0,0.0,0.0,-0.17079384979139897,0.06400057527236125,-0.4281424076927465,-0.4194379757067535,-1.1259197074169893,-0.3151439999908502,-0.08611101365027006,-0.3981526893325215,-0.20405688070595454,0.6627754617102479,-0.18543412952039018,1.97202,-0.13747984258441015,0.6987023893297075,0.0,0.0,0.0,0.0,0.0,0.0,0.0,0.0,0.0,0.0,0.0,0.0,0.0,0.0,0.0,-0.5151807232287281,0.035296771184395795,-3.186858536977377,1.5997978806142676,1.6861985780156852,-6.931306743843368,-2.085608557612774,1.9742226482426781,0.5379841373244293,-5.101526044784521,-2.1544415761227618,0.0,12.709956171258524,-13.339402371602748,0.0,0.0,0.0,0.0,0.0,0.0,0.0,0.0,0.0,0.0,0.0,0.0,40.0,40.0,40.0,60.0,60.0,60.0,60.0,60.0,60.0,60.0,60.0,60.0,60.0,60.0,60.0,60.0,60.0,0.0,0.0,0.0,0.0,0.0,0.0,0.0,0.0,0.0,0.0,0.0,0.0,1.0,1.0,1.0,1.5,1.5,1.5,1.5,1.5,1.5,1.5,1.5,1.5,1.5,1.5,1.5,1.5,1.5,0.0,0.0,0.0,0.0,0.0,0.0,0.0,0.0,0.0,0.0,0.0,0.0,0.0,0.0,0.0,0.0,0.0,0.0,0.0,0.0,0.0,0.0,0.0,0.0,0.0,0.0,0.0,0.0,0.0
-0.1,0.0,0.0,0.3,-0.2,0.0,-0.1,0.0,0.0,0.3,-0.2,0.0,0.0,0.0,0.0,-0.18020516375671888,0.06842316121916342,-0.4815212599420573,-0.39384976762150475,-1.0918573791621535,-0.42503024050383087,-0.16835550499052815,-0.3601209506176469,-0.19724934489263887,0.5398258968271449,-0.22840129533355794,1.97202,0.13888558873414691,0.43397389800892544,0.0,0.0,0.0,0.0,0.0,0.0,0.0,0.0,0.0,0.0,0.0,0.0,0.0,0.0,0.0,-0.29950538267550786,0.2505459462661782,-1.7517550984301231,1.5514174707849382,2.658306544552985,-4.335734910124716,-4.850949150517864,1.6434740825908956,0.8200968939793676,-6.641591667493507,-1.715691587738366,0.0,14.11393486953635,-11.942301738568323,0.0,0.0,0.0,0.0,0.0,0.0,0.0,0.0,0.0,0.0,0.0,0.0,40.0,40.0,40.0,60.0,60.0,60.0,60.0,60.0,60.0,60.0,60.0,60.0,60.0,60.0,60.0,60.0,60.0,0.0,0.0,0.0,0.0,0.0,0.0,0.0,0.0,0.0,0.0,0.0,0.0,1.0,1.0,1.0,1.5,1.5,1.5,1.5,1.5,1.5,1.5,1.5,1.5,1.5,1.5,1.5,1.5,1.5,0.0,0.0,0.0,0.0,0.0,0.0,0.0,0.0,0.0,0.0,0.0,0.0,0.0,0.0,0.0,0.0,0.0,0.0,0.0,0.0,0.0,0.0,0.0,0.0,0.0,0.0,0.0,0.0,0.0
-0.1,0.0,0.0,0.3,-0.2,0.0,-0.1,0.0,0.0,0.3,-0.2,0.0,0.0,0.0,0.0,-0.18277406509841929,0.07402241312300838,-0.4982126116299514,-0.357381276875356,-1.01958744563487,-0.4885733963958388,-0.2801489796709846,-0.3324137260288857,-0.17125300494677984,0.39711179501050764,-0.2540617930299248,1.97202,0.42707755219704385,0.22101031978697455,0.0,0.0,0.0,0.0,0.0,0.0,0.0,0.0,0.0,0.0,0.0,0.0,0.0,0.0,0.0,-0.07258371745741468,0.0015544149624621,-0.5769605852741527,1.807725088236231,2.3931011605035857,-2.3805288319480504,-6.095462647362627,0.8201548779894263,1.6812588605948509,-6.80807118153675,-0.8193634084912853,0.0,14.03439609110813,-11.036096243924362,0.0,0.0,0.0,0.0,0.0,0.0,0.0,0.0,0.0,0.0,0.0,0.0,40.0,40.0,40.0,60.0,60.0,60.0,60.0,60.0,60.0,60.0,60.0,60.0,60.0,60.0,60.0,60.0,60.0,0.0,0.0,0.0,0.0,0.0,0.0,0.0,0.0,0.0,0.0,0.0,0.0,1.0,1.0,1.0,1.5,1.5,1.5,1.5,1.5,1.5,1.5,1.5,1.5,1.5,1.5,1.5,1.5,1.5,0.0,0.0,0.0,0.0,0.0,0.0,0.0,0.0,0.0,0.0,0.0,0.0,0.0,0.0,0.0,0.0,0.0,0.0,0.0,0.0,0.0,0.0,0.0,0.0,0.0,0.0,0.0,0.0,0.0
-0.1,0.0,0.0,0.3,-0.2,0.0,-0.1,0.0,0.0,0.3,-0.2,0.0,0.0,0.0,0.0,-0.18310851245501547,0.0684853378176619,-0.5045996833530234,-0.3215407640920555,-0.9961333327420101,-0.5202513937817529,-0.41217401088503325,-0.3273147554980698,-0.12999899046884483,0.2675030495656749,-0.26117583167320935,1.97202,0.7002614323784722,-0.007469951748049045,0.0,0.0,0.0,0.0,0.0,0.0,0.0,0.0,0.0,0.0,0.0,0.0,0.0,0.0,0.0,0.15174261396263405,-0.23720645695755152,0.027981219224446074,1.5292186702016666,0.7955129247347925,0.43790459622312927,-5.350197588777922,0.13795110340753258,2.1259965739694286,-5.84345530088806,-0.018946399750834064,0.0,12.963879005847806,-9.881008322829699,0.0,0.0,0.0,0.0,0.0,0.0,0.0,0.0,0.0,0.0,0.0,0.0,40.0,40.0,40.0,60.0,60.0,60.0,60.0,60.0,60.0,60.0,60.0,60.0,60.0,60.0,60.0,60.0,60.0,0.0,0.0,0.0,0.0,0.0,0.0,0.0,0.0,0.0,0.0,0.0,0.0,1.0,1.0,1.0,1.5,1.5,1.5,1.5,1.5,1.5,1.5,1.5,1.5,1.5,1.5,1.5,1.5,1.5,0.0,0.0,0.0,0.0,0.0,0.0,0.0,0.0,0.0,0.0,0.0,0.0,0.0,0.0,0.0,0.0,0.0,0.0,0.0,0.0,0.0,0.0,0.0,0.0,0.0,0.0,0.0,0.0,0.0
-0.1,0.0,0.0,0.3,-0.2,0.0,-0.1,0.0,0.0,0.3,-0.2,0.0,0.0,0.0,0.0,-0.17670436053991392,0.06453415484470632,-0.49709336286097355,-0.2962125300672893,-0.9877669286454782,-0.47105721254691363,-0.4941568832221015,-0.3268956818925844,-0.08621314198800269,0.16337358297498525,-0.2548196490199582,1.97202,0.945632712430956,-0.1742300131262134,0.0,0.0,0.0,0.0,0.0,0.0,0.0,0.0,0.0,0.0,0.0,0.0,0.0,0.0,0.0,0.5610705922686122,-0.21469083101930894,0.7831120882181949,0.5622398305713163,0.48307442141939105,3.9126740202875183,-3.9079785291935427,-0.216421312812147,2.0600527144930996,-4.309604139151291,0.7422272537469597,0.0,11.166453784612633,-7.090088006859956,0.0,0.0,0.0,0.0,0.0,0.0,0.0,0.0,0.0,0.0,0.0,0.0,40.0,40.0,40.0,60.0,60.0,60.0,60.0,60.0,60.0,60.0,60.0,60.0,60.0,60.0,60.0,60.0,60.0,0.0,0.0,0.0,0.0,0.0,0.0,0.0,0.0,0.0,0.0,0.0,0.0,1.0,1.0,1.0,1.5,1.5,1.5,1.5,1.5,1.5,1.5,1.5,1.5,1.5,1.5,1.5,1.5,1.5,0.0,0.0,0.0,0.0,0.0,0.0,0.0,0.0,0.0,0.0,0.0,0.0,0.0,0.0,0.0,0.0,0.0,0.0,0.0,0.0,0.0,0.0,0.0,0.0,0.0,0.0,0.0,0.0,0.0
-0.1,0.0,0.0,0.3,-0.2,0.0,-0.1,0.0,0.0,0.3,-0.2,0.0,0.0,0.0,0.0,-0.16066568876427098,0.059897704576889546,-0.4732751998242956,-0.29905117086920285,-0.9768103558852345,-0.36374443297025216,-0.568493152052775,-0.3359716080105557,-0.04759688188912084,0.09511888399962325,-0.23148674152333096,1.97202,1.1469195837629775,-0.29107347202244727,0.0,0.0,0.0,0.0,0.0,0.0,0.0,0.0,0.0,0.0,0.0,0.0,0.0,0.0,0.0,0.6420180938353927,-0.2839093856095293,1.6102794139546364,-0.5358513982641935,0.32414587083149926,6.278363137128564,-2.5018671267599824,-0.5791685394892262,1.316802140571945,-3.85727984813351,-0.25475104552545313,0.0,4.921664277742383,-8.123775242045955,0.0,0.0,0.0,0.0,0.0,0.0,0.0,0.0,0.0,0.0,0.0,0.0,40.0,40.0,40.0,60.0,60.0,60.0,60.0,60.0,60.0,60.0,60.0,60.0,60.0,60.0,60.0,60.0,60.0,0.0,0.0,0.0,0.0,0.0,0.0,0.0,0.0,0.0,0.0,0.0,0.0,1.0,1.0,1.0,1.5,1.5,1.5,1.5,1.5,1.5,1.5,1.5,1.5,1.5,1.5,1.5,1.5,1.5,0.0,0.0,0.0,0.0,0.0,0.0,0.0,0.0,0.0,0.0,0.0,0.0,0.0,0.0,0.0,0.0,0.0,0.0,0.0,0.0,0.0,0.0,0.0,0.0,0.0,0.0,0.0,0.0,0.0
-0.1,0.0,0.0,0.3,-0.2,0.0,-0.1,0.0,0.0,0.3,-0.2,0.0,0.0,0.0,0.0,-0.15102363678649822,0.053177779420325144,-0.4326821863027881,-0.31764658599785706,-0.9748010938122182,-0.219922687061771,-0.5942315682925008,-0.35006242347215344,-0.03354105636512489,0.009082389049644854,-0.2650096908409763,1.97202,1.1424992835406513,-0.4991810228080516,0.0,0.0,0.0,0.0,0.0,0.0,0.0,0.0,0.0,0.0,0.0,0.0,0.0,0.0,0.0,0.06467901762347225,-0.393469770456962,2.178462243912574,-1.108933573666633,0.9573468291186132,6.873837298578043,0.2504555827348043,-0.19468172442232146,0.19200672713179134,-3.306919779820843,-3.2754055750753346,0.0,-2.327080455295499,-10.603934962946818,0.0,0.0,0.0,0.0,0.0,0.0,0.0,0.0,0.0,0.0,0.0,0.0,40.0,40.0,40.0,60.0,60.0,60.0,60.0,60.0,60.0,60.0,60.0,60.0,60.0,60.0,60.0,60.0,60.0,0.0,0.0,0.0,0.0,0.0,0.0,0.0,0.0,0.0,0.0,0.0,0.0,1.0,1.0,1.0,1.5,1.5,1.5,1.5,1.5,1.5,1.5,1.5,1.5,1.5,1.5,1.5,1.5,1.5,0.0,0.0,0.0,0.0,0.0,0.0,0.0,0.0,0.0,0.0,0.0,0.0,0.0,0.0,0.0,0.0,0.0,0.0,0.0,0.0,0.0,0.0,0.0,0.0,0.0,0.0,0.0,0.0,0.0
-0.1,0.0,0.0,0.3,-0.2,0.0,-0.1,0.0,0.0,0.3,-0.2,0.0,0.0,0.0,0.0,-0.1580785280593321,0.044158913758611064,-0.38613671006779265,-0.3434085138158682,-0.9385164827204899,-0.08879094102713041,-0.5584749287433828,-0.34375887698744856,-0.039916612803849186,-0.03715790719321048,-0.36250296452634434,1.97202,1.0538363655511576,-0.71523087054032,0.0,0.0,0.0,0.0,0.0,0.0,0.0,0.0,0.0,0.0,0.0,0.0,0.0,0.0,0.0,-0.08403058835051158,-0.48711891446056116,2.0128447611163045,-1.761812261305834,0.4838650835789604,7.566440295879259,1.4196241967702306,-0.136670284415967,-0.795901250976648,-1.9226162487687535,-5.002285108384856,0.0,-5.107576936423993,-10.797488051503008,0.0,0.0,0.0,0.0,0.0,0.0,0.0,0.0,0.0,0.0,0.0,0.0,40.0,40.0,40.0,60.0,60.0,60.0,60.0,60.0,60.0,60.0,60.0,60.0,60.0,60.0,60.0,60.0,60.0,0.0,0.0,0.0,0.0,0.0,0.0,0.0,0.0,0.0,0.0,0.0,0.0,1.0,1.0,1.0,1.5,1.5,1.5,1.5,1.5,1.5,1.5,1.5,1.5,1.5,1.5,1.5,1.5,1.5,0.0,0.0,0.0,0.0,0.0,0.0,0.0,0.0,0.0,0.0,0.0,0.0,0.0,0.0,0.0,0.0,0.0,0.0,0.0,0.0,0.0,0.0,0.0,0.0,0.0,0.0,0.0,0.0,0.0
-0.1,0.0,0.0,0.3,-0.2,0.0,-0.1,0.0,0.0,0.3,-0.2,0.0,0.0,0.0,0.0,-0.15438486032051868,0.033693022841902696,-0.3521683958581359,-0.3881190764500904,-0.9554464904690598,0.08273492477339935,-0.5374466004216916,-0.3555292348487921,-0.06537710640419081,-0.06782226090110528,-0.46510109517637055,1.97202,0.9381962060836916,-0.9310805448681719,0.0,0.0,0.0,0.0,0.0,0.0,0.0,0.0,0.0,0.0,0.0,0.0,0.0,0.0,0.0,0.07374869751882937,-0.44328410463365137,2.045380681195566,-2.149538686039523,-0.40560675869807106,7.50910278372952,1.9721294714789297,0.018012809371972804,-1.8718893490279356,-1.6478330874889673,-4.7709778630473485,0.0,-8.596269483256405,-6.280779501052572,0.0,0.0,0.0,0.0,0.0,0.0,0.0,0.0,0.0,0.0,0.0,0.0,40.0,40.0,40.0,60.0,60.0,60.0,60.0,60.0,60.0,60.0,60.0,60.0,60.0,60.0,60.0,60.0,60.0,0.0,0.0,0.0,0.0,0.0,0.0,0.0,0.0,0.0,0.0,0.0,0.0,1.0,1.0,1.0,1.5,1.5,1.5,1.5,1.5,1.5,1.5,1.5,1.5,1.5,1.5,1.5,1.5,1.5,0.0,0.0,0.0,0.0,0.0,0.0,0.0,0.0,0.0,0.0,0.0,0.0,0.0,0.0,0.0,0.0,0.0,0.0,0.0,0.0,0.0,0.0,0.0,0.0,0.0,0.0,0.0,0.0,0.0
-0.1,0.0,0.0,0.3,-0.2,0.0,-0.1,0.0,0.0,0.3,-0.2,0.0,0.0,0.0,0.0,-0.15512858015857892,0.02642754957326501,-0.30432148281997,-0.4293900612574491,-0.9547407530684128,0.21157317032205036,-0.4795897498842256,-0.34303836461256965,-0.11479218676496661,-0.10307123069276918,-0.5533420790482383,1.97202,0.7099855862209014,-0.9664620505824228,0.0,0.0,0.0,0.0,0.0,0.0,0.0,0.0,0.0,0.0,0.0,0.0,0.0,0.0,0.0,-0.16679874339720624,-0.7072314376590372,1.446004120866981,-1.5175515858684054,0.4248440992264513,5.959982331121309,3.088404830742543,0.6561837276326893,-2.492696501486238,-0.9477100050721959,-3.1946477111333444,0.0,-11.392110484065661,0.6973650917769442,0.0,0.0,0.0,0.0,0.0,0.0,0.0,0.0,0.0,0.0,0.0,0.0,40.0,40.0,40.0,60.0,60.0,60.0,60.0,60.0,60.0,60.0,60.0,60.0,60.0,60.0,60.0,60.0,60.0,0.0,0.0,0.0,0.0,0.0,0.0,0.0,0.0,0.0,0.0,0.0,0.0,1.0,1.0,1.0,1.5,1.5,1.5,1.5,1.5,1.5,1.5,1.5,1.5,1.5,1.5,1.5,1.5,1.5,0.0,0.0,0.0,0.0,0.0,0.0,0.0,0.0,0.0,0.0,0.0,0.0,0.0,0.0,0.0,0.0,0.0,0.0,0.0,0.0,0.0,0.0,0.0,0.0,0.0,0.0,0.0,0.0,0.0
-0.1,0.0,0.0,0.3,-0.2,0.0,-0.1,0.0,0.0,0.3,-0.2,0.0,0.0,0.0,0.0,-0.16105681005640693,0.005403765335541211,-0.2943282310234567,-0.44882113988482664,-0.9384527265000018,0.3211342180182517,-0.41391040719198985,-0.32928188574348455,-0.16508496646364032,-0.10573066110399312,-0.5928870036217043,1.97202,0.48251178672106515,-0.9031859411970942,0.0,0.0,0.0,0.0,0.0,0.0,0.0,0.0,0.0,0.0,0.0,0.0,0.0,0.0,0.0,-0.043627257254312546,-0.6465231528744046,1.0486631144758118,-1.0361399564359595,-1.8088682331230148,4.830071018179718,3.8267624886055227,1.6162273742364064,-1.7775539134965184,9.349161201919724,4.274968815005351,0.0,-24.04430687440618,19.129565235592047,0.0,0.0,0.0,0.0,0.0,0.0,0.0,0.0,0.0,0.0,0.0,0.0,40.0,40.0,40.0,60.0,60.0,60.0,60.0,60.0,60.0,60.0,60.0,60.0,60.0,60.0,60.0,60.0,60.0,0.0,0.0,0.0,0.0,0.0,0.0,0.0,0.0,0.0,0.0,0.0,0.0,1.0,1.0,1.0,1.5,1.5,1.5,1.5,1.5,1.5,1.5,1.5,1.5,1.5,1.5,1.5,1.5,1.5,0.0,0.0,0.0,0.0,0.0,0.0,0.0,0.0,0.0,0.0,0.0,0.0,0.0,0.0,0.0,0.0,0.0,0.0,0.0,0.0,0.0,0.0,0.0,0.0,0.0,0.0,0.0,0.0,0.0
-0.1,0.0,0.0,0.3,-0.2,0.0,-0.1,0.0,0.0,0.3,-0.2,0.0,0.0,0.0,0.0,-0.15687367044875142,0.0005666234582888219,-0.26237495824093754,-0.4708356595148875,-1.0270954823933334,0.4047760110492391,-0.3265192503400047,-0.2783892696431134,-0.18589434330482735,0.2708952173840198,-0.38234332644802427,1.97202,-0.25178668875534577,-0.201279441158741,0.0,0.0,0.0,0.0,0.0,0.0,0.0,0.0,0.0,0.0,0.0,0.0,0.0,0.0,0.0,0.25664965564140413,0.2108312164714646,2.0696082507884226,-0.8624513238062445,-3.9177198828098447,2.8135140625323714,4.392540632241478,0.6837818942339119,-0.3118663825114998,18.096088059812107,7.065663482281027,0.0,-30.862695518510378,25.837105912025713,0.0,0.0,0.0,0.0,0.0,0.0,0.0,0.0,0.0,0.0,0.0,0.0,40.0,40.0,40.0,60.0,60.0,60.0,60.0,60.0,60.0,60.0,60.0,60.0,60.0,60.0,60.0,60.0,60.0,0.0,0.0,0.0,0.0,0.0,0.0,0.0,0.0,0.0,0.0,0.0,0.0,1.0,1.0,1.0,1.5,1.5,1.5,1.5,1.5,1.5,1.5,1.5,1.5,1.5,1.5,1.5,1.5,1.5,0.0,0.0,0.0,0.0,0.0,0.0,0.0,0.0,0.0,0.0,0.0,0.0,0.0,0.0,0.0,0.0,0.0,0.0,0.0,0.0,0.0,0.0,0.0,0.0,0.0,0.0,0.0,0.0,0.0
-0.1,0.0,0.0,0.3,-0.2,0.0,-0.1,0.0,0.0,0.3,-0.2,0.0,0.0,0.0,0.0,-0.15079082383075076,0.013837013994399796,-0.21154390099191978,-0.4833191928370764,-1.0951615218123956,0.43367478051954655,-0.23820878190233072,-0.3019306099741281,-0.1775596217641003,0.6181128612884912,-0.3102604643304632,1.97202,-0.7519960340193501,0.13029829528393455,0.0,0.0,0.0,0.0,0.0,0.0,0.0,0.0,0.0,0.0,0.0,0.0,0.0,0.0,0.0,0.4394967378773755,0.48496753041573665,1.5961448203808009,-0.6346378231395985,-3.309476163835412,0.9241762881267102,4.58205775776207,-1.5982556525896445,0.739711426981944,12.898072225015138,1.4586287281924306,0.0,-18.96841372993322,10.049329673523403,0.0,0.0,0.0,0.0,0.0,0.0,0.0,0.0,0.0,0.0,0.0,0.0,40.0,40.0,40.0,60.0,60.0,60.0,60.0,60.0,60.0,60.0,60.0,60.0,60.0,60.0,60.0,60.0,60.0,0.0,0.0,0.0,0.0,0.0,0.0,0.0,0.0,0.0,0.0,0.0,0.0,1.0,1.0,1.0,1.5,1.5,1.5,1.5,1.5,1.5,1.5,1.5,1.5,1.5,1.5,1.5,1.5,1.5,0.0,0.0,0.0,0.0,0.0,0.0,0.0,0.0,0.0,0.0,0.0,0.0,0.0,0.0,0.0,0.0,0.0,0.0,0.0,0.0,0.0,0.0,0.0,0.0,0.0,0.0,0.0,0.0,0.0
-0.1,0.0,0.0,0.3,-0.2,0.0,-0.1,0.0,0.0,0.3,-0.2,0.0,0.0,0.0,0.0,-0.1392938009336564,0.019965324674918287,-0.1985291654257055,-0.4962211724404714,-1.1594745289467498,0.4417430625743075,-0.14323694002952186,-0.3423194957466992,-0.15630588622554958,0.7868181063846253,-0.32399817732032704,1.97202,-1.0105232379526745,0.20069374578219507,0.0,0.0,0.0,0.0,0.0,0.0,0.0,0.0,0.0,0.0,0.0,0.0,0.0,0.0,0.0,0.4315437562256816,0.21767408005267078,0.3318021833289185,-0.3919308233196972,-5.508029953357924,-0.46565837774487917,4.793087790274552,-1.6153758031313705,0.6965196383898163,5.9912197111519045,-0.8968274900453516,0.0,-9.501702929705685,2.0859029155484,0.0,0.0,0.0,0.0,0.0,0.0,0.0,0.0,0.0,0.0,0.0,0.0,40.0,40.0,40.0,60.0,60.0,60.0,60.0,60.0,60.0,60.0,60.0,60.0,60.0,60.0,60.0,60.0,60.0,0.0,0.0,0.0,0.0,0.0,0.0,0.0,0.0,0.0,0.0,0.0,0.0,1.0,1.0,1.0,1.5,1.5,1.5,1.5,1.5,1.5,1.5,1.5,1.5,1.5,1.5,1.5,1.5,1.5,0.0,0.0,0.0,0.0,0.0,0.0,0.0,0.0,0.0,0.0,0.0,0.0,0.0,0.0,0.0,0.0,0.0,0.0,0.0,0.0,0.0,0.0,0.0,0.0,0.0,0.0,0.0,0.0,0.0
-0.1,0.0,0.0,0.3,-0.2,0.0,-0.1,0.0,0.0,0.3,-0.2,0.0,0.0,0.0,0.0,-0.1335290735817235,0.022543977196506627,-0.19827181365876304,-0.4989964257698643,-1.3154827199467125,0.4150484454097514,-0.04648527029134863,-0.3665456420993829,-0.14969883622850766,0.8577616497345674,-0.3461335639322773,1.97202,-1.1320641512075775,0.21373441190587056,0.0,0.0,0.0,0.0,0.0,0.0,0.0,0.0,0.0,0.0,0.0,0.0,0.0,0.0,0.0,-0.4878562482273044,-0.6213059993791651,-1.3487706912694137,0.11628012917911795,-6.474741880502998,-2.248648988740813,5.11516622172862,-0.7524448531632629,0.970138311719236,3.5018008448796127,-0.20140312589484455,0.0,-4.277118357221443,1.1923713562824858,0.0,0.0,0.0,0.0,0.0,0.0,0.0,0.0,0.0,0.0,0.0,0.0,40.0,40.0,40.0,60.0,60.0,60.0,60.0,60.0,60.0,60.0,60.0,60.0,60.0,60.0,60.0,60.0,60.0,0.0,0.0,0.0,0.0,0.0,0.0,0.0,0.0,0.0,0.0,0.0,0.0,1.0,1.0,1.0,1.5,1.5,1.5,1.5,1.5,1.5,1.5,1.5,1.5,1.5,1.5,1.5,1.5,1.5,0.0,0.0,0.0,0.0,0.0,0.0,0.0,0.0,0.0,0.0,0.0,0.0,0.0,0.0,0.0,0.0,0.0,0.0,0.0,0.0,0.0,0.0,0.0,0.0,0.0,0.0,0.0,0.0,0.0
-0.1,0.0,0.0,0.3,-0.2,0.0,-0.1,0.0,0.0,0.3,-0.2,0.0,0.0,0.0,0.0,-0.15880805086274857,-0.004886915300248315,-0.25247999307648206,-0.4915699672733067,-1.4184642041668698,0.351797103024675,0.061369708839622915,-0.3724172898732297,-0.11750035375678014,0.9268901401798099,-0.3320543023561208,1.97202,-1.1816079722415322,0.2483886000334945,0.0,0.0,0.0,0.0,0.0,0.0,0.0,0.0,0.0,0.0,0.0,0.0,0.0,0.0,0.0,-0.25421467699741,-0.6193742184048574,-2.0832308580953023,0.21302898761793587,-3.308955744432074,-2.887779584274834,3.808999371526201,-0.7249931229544717,0.9120469054446773,1.7339979882987437,0.08366316165358822,0.0,-0.7079397238631879,1.667096105717293,0.0,0.0,0.0,0.0,0.0,0.0,0.0,0.0,0.0,0.0,0.0,0.0,40.0,40.0,40.0,60.0,60.0,60.0,60.0,60.0,60.0,60.0,60.0,60.0,60.0,60.0,60.0,60.0,60.0,0.0,0.0,0.0,0.0,0.0,0.0,0.0,0.0,0.0,0.0,0.0,0.0,1.0,1.0,1.0,1.5,1.5,1.5,1.5,1.5,1.5,1.5,1.5,1.5,1.5,1.5,1.5,1.5,1.5,0.0,0.0,0.0,0.0,0.0,0.0,0.0,0.0,0.0,0.0,0.0,0.0,0.0,0.0,0.0,0.0,0.0,0.0,0.0,0.0,0.0,0.0,0.0,0.0,0.0,0.0,0.0,0.0,0.0
-0.1,0.0,0.0,0.3,-0.2,0.0,-0.1,0.0,0.0,0.3,-0.2,0.0,0.0,0.0,0.0,-0.1436976606616199,-0.0022309915396876686,-0.2816010479825751,-0.49047526626514687,-1.4478409497239955,0.299537262038758,0.10587470456969941,-0.39554536701756177,-0.11321696001072057,0.9271215692665171,-0.34278703746613376,1.97202,-1.160381740162105,0.2804182561345623,0.0,0.0,0.0,0.0,0.0,0.0,0.0,0.0,0.0,0.0,0.0,0.0,0.0,0.0,0.0,1.3729152875177053,0.6238643383844799,-0.6939662335209901,0.47786631781459726,-0.1877829040513812,-2.1471080013214903,0.1618954718275738,-1.421870330775954,-0.1910832933021002,-1.2814074245354412,-1.2446550479346035,0.0,2.0844495038013333,1.149969561878643,0.0,0.0,0.0,0.0,0.0,0.0,0.0,0.0,0.0,0.0,0.0,0.0,40.0,40.0,40.0,60.0,60.0,60.0,60.0,60.0,60.0,60.0,60.0,60.0,60.0,60.0,60.0,60.0,60.0,0.0,0.0,0.0,0.0,0.0,0.0,0.0,0.0,0.0,0.0,0.0,0.0,1.0,1.0,1.0,1.5,1.5,1.5,1.5,1.5,1.5,1.5,1.5,1.5,1.5,1.5,1.5,1.5,1.5,0.0,0.0,0.0,0.0,0.0,0.0,0.0,0.0,0.0,0.0,0.0,0.0,0.0,0.0,0.0,0.0,0.0,0.0,0.0,0.0,0.0,0.0,0.0,0.0,0.0,0.0,0.0,0.0,0.0
-0.1,0.0,0.0,0.3,-0.2,0.0,-0.1,0.0,0.0,0.3,-0.2,0.0,0.0,0.0,0.0,-0.10389143936204036,0.020067658235130882,-0.28023864241732166,-0.4724553145607228,-1.425975520328925,0.26591278297181536,0.06784552771272587,-0.42929210310426785,-0.12514368548886415,0.8756338431983922,-0.38184050427350497,1.97202,-1.098229992089479,0.2943873825086402,0.0,0.0,0.0,0.0,0.0,0.0,0.0,0.0,0.0,0.0,0.0,0.0,0.0,0.0,0.0,0.5585566099990384,0.4811182034004725,-0.4370241502477182,0.14872270917046654,-0.8306366327606174,-3.238683929677767,-0.7789721924451484,-0.33892009187637545,-0.490147280285437,-1.4574123563088737,-0.329085315688811,0.0,3.2431465635874344,2.80662877464735,0.0,0.0,0.0,0.0,0.0,0.0,0.0,0.0,0.0,0.0,0.0,0.0,40.0,40.0,40.0,60.0,60.0,60.0,60.0,60.0,60.0,60.0,60.0,60.0,60.0,60.0,60.0,60.0,60.0,0.0,0.0,0.0,0.0,0.0,0.0,0.0,0.0,0.0,0.0,0.0,0.0,1.0,1.0,1.0,1.5,1.5,1.5,1.5,1.5,1.5,1.5,1.5,1.5,1.5,1.5,1.5,1.5,1.5,0.0,0.0,0.0,0.0,0.0,0.0,0.0,0.0,0.0,0.0,0.0,0.0,0.0,0.0,0.0,0.0,0.0,0.0,0.0,0.0,0.0,0.0,0.0,0.0,0.0,0.0,0.0,0.0,0.0
-0.1,0.0,0.0,0.3,-0.2,0.0,-0.1,0.0,0.0,0.3,-0.2,0.0,0.0,0.0,0.0,-0.12135539626165837,0.017013736596331232,-0.29908201399248385,-0.4845263578983282,-1.4810664150344202,0.16998990485164733,0.07471581687189348,-0.4091021706926168,-0.13282285122213805,0.8688250750141622,-0.3559504500936862,1.97202,-1.0306558776186077,0.3926834071204563,0.0,0.0,0.0,0.0,0.0,0.0,0.0,0.0,0.0,0.0,0.0,0.0,0.0,0.0,0.0,-0.9240927603684393,-0.03691583780732832,-1.2921234169493243,0.11117440689581287,0.6747714224761614,-4.279939517794088,-1.207753699703841,0.9501332674590579,0.05463204734073579,-0.04727656206182651,0.7729874729633281,0.0,4.738417871398373,4.345871218829239,0.0,0.0,0.0,0.0,0.0,0.0,0.0,0.0,0.0,0.0,0.0,0.0,40.0,40.0,40.0,60.0,60.0,60.0,60.0,60.0,60.0,60.0,60.0,60.0,60.0,60.0,60.0,60.0,60.0,0.0,0.0,0.0,0.0,0.0,0.0,0.0,0.0,0.0,0.0,0.0,0.0,1.0,1.0,1.0,1.5,1.5,1.5,1.5,1.5,1.5,1.5,1.5,1.5,1.5,1.5,1.5,1.5,1.5,0.0,0.0,0.0,0.0,0.0,0.0,0.0,0.0,0.0,0.0,0.0,0.0,0.0,0.0,0.0,0.0,0.0,0.0,0.0,0.0,0.0,0.0,0.0,0.0,0.0,0.0,0.0,0.0,0.0
-0.1,0.0,0.0,0.3,-0.2,0.0,-0.1,0.0,0.0,0.3,-0.2,0.0,0.0,0.0,0.0,-0.14085514977677793,0.01859102472283775,-0.33192357909529463,-0.4680083382848903,-1.3989846634298786,0.09471520226005184,0.019535379724572224,-0.39128677240590554,-0.12295840359523472,0.8737427807159192,-0.35092100535497184,1.97202,-0.908693277233544,0.4682222312618098,0.0,0.0,0.0,0.0,0.0,0.0,0.0,0.0,0.0,0.0,0.0,0.0,0.0,0.0,0.0,-0.2548979850260917,0.6245994146052353,-0.867701104117069,0.20420292820763492,2.0999131658343937,-3.919285271309679,-4.777349506528099,0.947221700969518,-0.24787232209406568,-1.465452056161648,0.6432060575873366,0.0,5.742954431458749,3.1663177787721444,0.0,0.0,0.0,0.0,0.0,0.0,0.0,0.0,0.0,0.0,0.0,0.0,40.0,40.0,40.0,60.0,60.0,60.0,60.0,60.0,60.0,60.0,60.0,60.0,60.0,60.0,60.0,60.0,60.0,0.0,0.0,0.0,0.0,0.0,0.0,0.0,0.0,0.0,0.0,0.0,0.0,1.0,1.0,1.0,1.5,1.5,1.5,1.5,1.5,1.5,1.5,1.5,1.5,1.5,1.5,1.5,1.5,1.5,0.0,0.0,0.0,0.0,0.0,0.0,0.0,0.0,0.0,0.0,0.0,0.0,0.0,0.0,0.0,0.0,0.0,0.0,0.0,0.0,0.0,0.0,0.0,0.0,0.0,0.0,0.0,0.0,0.0
-0.1,0.0,0.0,0.3,-0.2,0.0,-0.1,0.0,0.0,0.3,-0.2,0.0,0.0,0.0,0.0,-0.13155131566270203,0.041997713180540644,-0.3337900581571666,-0.4763582407700228,-1.3970698884010444,0.013218493999260159,-0.11637816338923046,-0.37121330265383606,-0.14273774410590068,0.8102069927676963,-0.33022220779019273,1.97202,-0.8009377003602577,0.5193361182713421,0.0,0.0,0.0,0.0,0.0,0.0,0.0,0.0,0.0,0.0,0.0,0.0,0.0,0.0,0.0,0.06693493202284961,0.5712391360831763,-0.8009648011701925,0.5852546834802227,-0.6050774041785723,-4.714996076343534,-4.677138129998972,0.6283632848232009,-0.3661124448771799,-2.3484569443316783,0.986140616106837,0.0,4.059628538389625,1.8490836303260607,0.0,0.0,0.0,0.0,0.0,0.0,0.0,0.0,0.0,0.0,0.0,0.0,40.0,40.0,40.0,60.0,60.0,60.0,60.0,60.0,60.0,60.0,60.0,60.0,60.0,60.0,60.0,60.0,60.0,0.0,0.0,0.0,0.0,0.0,0.0,0.0,0.0,0.0,0.0,0.0,0.0,1.0,1.0,1.0,1.5,1.5,1.5,1.5,1.5,1.5,1.5,1.5,1.5,1.5,1.5,1.5,1.5,1.5,0.0,0.0,0.0,0.0,0.0,0.0,0.0,0.0,0.0,0.0,0.0,0.0,0.0,0.0,0.0,0.0,0.0,0.0,0.0,0.0,0.0,0.0,0.0,0.0,0.0,0.0,0.0,0.0,0.0
-0.1,0.0,0.0,0.3,-0.2,0.0,-0.1,0.0,0.0,0.3,-0.2,0.0,0.0,0.0,0.0,-0.13817775249586395,0.041440590166164804,-0.36396217114210233,-0.4445981509456814,-1.4231877595970215,-0.09388464079368956,-0.16755014547538666,-0.3661522410129775,-0.1376029013903219,0.779804502942652,-0.31147538071069836,1.97202,-0.746308135697959,0.5421855764748522,0.0,0.0,0.0,0.0,0.0,0.0,0.0,0.0,0.0,0.0,0.0,0.0,0.0,0.0,0.0,-0.255579005900796,-0.8271796635935097,-3.073817927194164,1.9760417499160714,0.47126569461152235,-5.276402641034298,-0.06169677542724114,-0.6646067594972229,1.1931015958654274,-0.4364097374444681,0.8787561222632814,0.0,2.0911853908269884,-0.04809365294282664,0.0,0.0,0.0,0.0,0.0,0.0,0.0,0.0,0.0,0.0,0.0,0.0,40.0,40.0,40.0,60.0,60.0,60.0,60.0,60.0,60.0,60.0,60.0,60.0,60.0,60.0,60.0,60.0,60.0,0.0,0.0,0.0,0.0,0.0,0.0,0.0,0.0,0.0,0.0,0.0,0.0,1.0,1.0,1.0,1.5,1.5,1.5,1.5,1.5,1.5,1.5,1.5,1.5,1.5,1.5,1.5,1.5,1.5,0.0,0.0,0.0,0.0,0.0,0.0,0.0,0.0,0.0,0.0,0.0,0.0,0.0,0.0,0.0,0.0,0.0,0.0,0.0,0.0,0.0,0.0,0.0,0.0,0.0,0.0,0.0,0.0,0.0
-0.1,0.0,0.0,0.3,-0.2,0.0,-0.1,0.0,0.0,0.3,-0.2,0.0,0.0,0.0,0.0,-0.14177447589873388,0.008910526636800257,-0.4567427752449332,-0.39731657077337995,-1.3782192606165835,-0.19783761164211175,-0.1188460344063201,-0.397797573033725,-0.09501368027128358,0.7927506032699175,-0.2950719628996615,1.97202,-0.7172902847271782,0.517412372153629,0.0,0.0,0.0,0.0,0.0,0.0,0.0,0.0,0.0,0.0,0.0,0.0,0.0,0.0,0.0,-1.2950520677688815,-1.3218340928224332,-3.3377642116723325,0.8654073275369975,0.6411010084460878,-5.231657836673567,2.879509978822511,0.048136192518694054,1.2628614324534202,1.04133673630106,0.9661444429224327,0.0,0.7296191706455957,-0.2970295419373187,0.0,0.0,0.0,0.0,0.0,0.0,0.0,0.0,0.0,0.0,0.0,0.0,40.0,40.0,40.0,60.0,60.0,60.0,60.0,60.0,60.0,60.0,60.0,60.0,60.0,60.0,60.0,60.0,60.0,0.0,0.0,0.0,0.0,0.0,0.0,0.0,0.0,0.0,0.0,0.0,0.0,1.0,1.0,1.0,1.5,1.5,1.5,1.5,1.5,1.5,1.5,1.5,1.5,1.5,1.5,1.5,1.5,1.5,0.0,0.0,0.0,0.0,0.0,0.0,0.0,0.0,0.0,0.0,0.0,0.0,0.0,0.0,0.0,0.0,0.0,0.0,0.0,0.0,0.0,0.0,0.0,0.0,0.0,0.0,0.0,0.0,0.0
-0.1,0.0,0.0,0.3,-0.2,0.0,-0.1,0.0,0.0,0.3,-0.2,0.0,0.0,0.0,0.0,-0.1899798352066192,-0.011432773546732531,-0.49747273960899563,-0.4099818578442015,-1.397543719259178,-0.30315095426063227,-0.05236974632248621,-0.36422679331222974,-0.08708844409218511,0.8214579723946944,-0.27282960299380105,1.97202,-0.7171233688721351,0.5303043947973595,0.0,0.0,0.0,0.0,0.0,0.0,0.0,0.0,0.0,0.0,0.0,0.0,0.0,0.0,0.0,-1.2459271284964573,0.713748668730819,-0.7476728514470495,-0.5496592389773166,0.9443995980804198,-8.214101127776027,3.349239893137388,1.1352651007651913,-0.31819246916053173,0.23348677920696226,-0.5334760368399666,0.0,-4.028131736490595,4.211015204709245,0.0,0.0,0.0,0.0,0.0,0.0,0.0,0.0,0.0,0.0,0.0,0.0,40.0,40.0,40.0,60.0,60.0,60.0,60.0,60.0,60.0,60.0,60.0,60.0,60.0,60.0,60.0,60.0,60.0,0.0,0.0,0.0,0.0,0.0,0.0,0.0,0.0,0.0,0.0,0.0,0.0,1.0,1.0,1.0,1.5,1.5,1.5,1.5,1.5,1.5,1.5,1.5,1.5,1.5,1.5,1.5,1.5,1.5,0.0,0.0,0.0,0.0,0.0,0.0,0.0,0.0,0.0,0.0,0.0,0.0,0.0,0.0,0.0,0.0,0.0,0.0,0.0,0.0,0.0,0.0,0.0,0.0,0.0,0.0,0.0,0.0,0.0
-0.1,0.0,0.0,0.3,-0.2,0.0,-0.1,0.0,0.0,0.3,-0.2,0.0,0.0,0.0,0.0,-0.19161156103859217,0.03746047338603302,-0.48664968930281516,-0.4193029403324726,-1.3404432766933667,-0.5264016567531529,0.01512356131917542,-0.35238696900311733,-0.10774137903770485,0.802090074438196,-0.31641100437326014,1.97202,-0.878415554186802,0.6858529803419988,0.0,0.0,0.0,0.0,0.0,0.0,0.0,0.0,0.0,0.0,0.0,0.0,0.0,0.0,0.0,-0.32302374076062995,1.8383567714225886,-1.041916188950756,0.2931903968226665,4.147737112801658,-10.472743790531792,4.287771698535058,-0.2071997527051922,-0.13919600982371036,0.3831148001272988,-1.69338353830234,0.0,-8.41142928696347,6.224442267203147,0.0,0.0,0.0,0.0,0.0,0.0,0.0,0.0,0.0,0.0,0.0,0.0,40.0,40.0,40.0,60.0,60.0,60.0,60.0,60.0,60.0,60.0,60.0,60.0,60.0,60.0,60.0,60.0,60.0,0.0,0.0,0.0,0.0,0.0,0.0,0.0,0.0,0.0,0.0,0.0,0.0,1.0,1.0,1.0,1.5,1.5,1.5,1.5,1.5,1.5,1.5,1.5,1.5,1.5,1.5,1.5,1.5,1.5,0.0,0.0,0.0,0.0,0.0,0.0,0.0,0.0,0.0,0.0,0.0,0.0,0.0,0.0,0.0,0.0,0.0,0.0,0.0,0.0,0.0,0.0,0.0,0.0,0.0,0.0,0.0,0.0,0.0
-0.1,0.0,0.0,0.3,-0.2,0.0,-0.1,0.0,0.0,0.3,-0.2,0.0,0.0,0.0,0.0,-0.2029007848370444,0.06210149731017101,-0.5391493871670259,-0.39825424197129483,-1.2316342347471116,-0.722060705881904,0.1191411216189161,-0.3725147834204374,-0.09265628448513352,0.8367825643997864,-0.34056494452589464,1.97202,-1.053580540350674,0.7792820854854854,0.0,0.0,0.0,0.0,0.0,0.0,0.0,0.0,0.0,0.0,0.0,0.0,0.0,0.0,0.0,-0.7688850565271216,0.7860551906095511,-2.7097315898909597,1.4141435175074866,7.37478955000368,-8.67056199065451,6.912194578620954,-1.1340811988458834,0.6249218052863749,2.160082849246689,-0.5496078045801378,0.0,-9.623579839357033,4.110001628022852,0.0,0.0,0.0,0.0,0.0,0.0,0.0,0.0,0.0,0.0,0.0,0.0,40.0,40.0,40.0,60.0,60.0,60.0,60.0,60.0,60.0,60.0,60.0,60.0,60.0,60.0,60.0,60.0,60.0,0.0,0.0,0.0,0.0,0.0,0.0,0.0,0.0,0.0,0.0,0.0,0.0,1.0,1.0,1.0,1.5,1.5,1.5,1.5,1.5,1.5,1.5,1.5,1.5,1.5,1.5,1.5,1.5,1.5,0.0,0.0,0.0,0.0,0.0,0.0,0.0,0.0,0.0,0.0,0.0,0.0,0.0,0.0,0.0,0.0,0.0,0.0,0.0,0.0,0.0,0.0,0.0,0.0,0.0,0.0,0.0,0.0,0.0
-0.1,0.0,0.0,0.3,-0.2,0.0,-0.1,0.0,0.0,0.3,-0.2,0.0,0.0,0.0,0.0,-0.22236696329967703,0.06890268101041506,-0.5950389528984535,-0.36273719963217316,-1.0454516946932195,-0.8732241363793333,0.2916113444640136,-0.3977502169569527,-0.08274450682624986,0.8884933884080636,-0.33839531655646565,1.97202,-1.2633587477610833,0.8502530454629129,0.0,0.0,0.0,0.0,0.0,0.0,0.0,0.0,0.0,0.0,0.0,0.0,0.0,0.0,0.0,-0.7233306412609337,0.3530096254392609,-2.433375607591384,1.8688663784840658,7.8368164361060035,-6.8406170452112,8.180815959401375,-1.5232405626508225,0.4056820311222051,1.9430613772383032,0.11789945661585949,0.0,-10.064101490667282,2.81794253391458,0.0,0.0,0.0,0.0,0.0,0.0,0.0,0.0,0.0,0.0,0.0,0.0,40.0,40.0,40.0,60.0,60.0,60.0,60.0,60.0,60.0,60.0,60.0,60.0,60.0,60.0,60.0,60.0,60.0,0.0,0.0,0.0,0.0,0.0,0.0,0.0,0.0,0.0,0.0,0.0,0.0,1.0,1.0,1.0,1.5,1.5,1.5,1.5,1.5,1.5,1.5,1.5,1.5,1.5,1.5,1.5,1.5,1.5,0.0,0.0,0.0,0.0,0.0,0.0,0.0,0.0,0.0,0.0,0.0,0.0,0.0,0.0,0.0,0.0,0.0,0.0,0.0,0.0,0.0,0.0,0.0,0.0,0.0,0.0,0.0,0.0,0.0
-0.1,0.0,0.0,0.3,-0.2,0.0,-0.1,0.0,0.0,0.3,-0.2,0.0,0.0,0.0,0.0,-0.23183401048748176,0.07622188232774145,-0.6364844114706812,-0.3234995868319322,-0.9181615773028715,-0.995685387690352,0.44637375999497114,-0.4334444059264703,-0.07642900324024532,0.9145050194893185,-0.33584896626126026,1.97202,-1.4561445999773652,0.8919997868420686,0.0,0.0,0.0,0.0,0.0,0.0,0.0,0.0,0.0,0.0,0.0,0.0,0.0,0.0,0.0,-0.4820542065414615,0.2481456140307467,-1.7672910279597025,1.750446067917659,5.796056695155441,-5.34270514907578,7.226553701150928,-1.614017215258394,0.3112035223461113,0.9562737913528963,0.3598594872186972,0.0,-8.444902068941678,1.662241848126908,0.0,0.0,0.0,0.0,0.0,0.0,0.0,0.0,0.0,0.0,0.0,0.0,40.0,40.0,40.0,60.0,60.0,60.0,60.0,60.0,60.0,60.0,60.0,60.0,60.0,60.0,60.0,60.0,60.0,0.0,0.0,0.0,0.0,0.0,0.0,0.0,0.0,0.0,0.0,0.0,0.0,1.0,1.0,1.0,1.5,1.5,1.5,1.5,1.5,1.5,1.5,1.5,1.5,1.5,1.5,1.5,1.5,1.5,0.0,0.0,0.0,0.0,0.0,0.0,0.0,0.0,0.0,0.0,0.0,0.0,0.0,0.0,0.0,0.0,0.0,0.0,0.0,0.0,0.0,0.0,0.0,0.0,0.0,0.0,0.0,0.0,0.0
-0.1,0.0,0.0,0.3,-0.2,0.0,-0.1,0.0,0.0,0.3,-0.2,0.0,0.0,0.0,0.0,-0.2416491315613355,0.07882850557164493,-0.6657305940168416,-0.2927193569154668,-0.8136094268870019,-1.0869323423423645,0.5806734925100507,-0.46231090556728843,-0.0702963659324054,0.9267443400621794,-0.32400093706771776,1.97202,-1.6011548305187504,0.9167427193879892,0.0,0.0,0.0,0.0,0.0,0.0,0.0,0.0,0.0,0.0,0.0,0.0,0.0,0.0,0.0,-0.5437178032330333,0.03384962397471568,-1.4314916275963985,1.3731379922689662,2.418948448898492,-4.3765892202035745,4.095493967309589,-1.1423252447105057,0.22606682634045347,0.8725859028307387,0.684503576987408,0.0,-3.952135000565876,0.24912069015191607,0.0,0.0,0.0,0.0,0.0,0.0,0.0,0.0,0.0,0.0,0.0,0.0,40.0,40.0,40.0,60.0,60.0,60.0,60.0,60.0,60.0,60.0,60.0,60.0,60.0,60.0,60.0,60.0,60.0,0.0,0.0,0.0,0.0,0.0,0.0,0.0,0.0,0.0,0.0,0.0,0.0,1.0,1.0,1.0,1.5,1.5,1.5,1.5,1.5,1.5,1.5,1.5,1.5,1.5,1.5,1.5,1.5,1.5,0.0,0.0,0.0,0.0,0.0,0.0,0.0,0.0,0.0,0.0,0.0,0.0,0.0,0.0,0.0,0.0,0.0,0.0,0.0,0.0,0.0,0.0,0.0,0.0,0.0,0.0,0.0,0.0,0.0
-0.1,0.0,0.0,0.3,-0.2,0.0,-0.1,0.0,0.0,0.3,-0.2,0.0,0.0,0.0,0.0,-0.2535827226168031,0.07757586728673008,-0.6937440765745372,-0.26857406714117354,-0.8214036393469318,-1.170748956498495,0.6101935186873547,-0.47913741571489055,-0.06738633018662718,0.949408455602548,-0.30846882318176394,1.97202,-1.6142300000000003,0.9019646144481452,0.0,0.0,0.0,0.0,0.0,0.0,0.0,0.0,0.0,0.0,0.0,0.0,0.0,0.0,0.0,-0.4597947648339207,-0.0836864399449605,-1.512668520697588,0.6724716338995657,-1.6200283931903203,-4.131134437815708,-0.14105733157858125,-0.5082323330388716,0.03730088256335799,0.6870331603135299,0.5524379685093478,0.0,-0.3268792370312412,-0.9423362011534958,0.0,0.0,0.0,0.0,0.0,0.0,0.0,0.0,0.0,0.0,0.0,0.0,40.0,40.0,40.0,60.0,60.0,60.0,60.0,60.0,60.0,60.0,60.0,60.0,60.0,60.0,60.0,60.0,60.0,0.0,0.0,0.0,0.0,0.0,0.0,0.0,0.0,0.0,0.0,0.0,0.0,1.0,1.0,1.0,1.5,1.5,1.5,1.5,1.5,1.5,1.5,1.5,1.5,1.5,1.5,1.5,1.5,1.5,0.0,0.0,0.0,0.0,0.0,0.0,0.0,0.0,0.0,0.0,0.0,0.0,0.0,0.0,0.0,0.0,0.0,0.0,0.0,0.0,0.0,0.0,0.0,0.0,0.0,0.0,0.0,0.0,0.0
-0.1,0.0,0.0,0.3,-0.2,0.0,-0.1,0.0,0.0,0.3,-0.2,0.0,0.0,0.0,0.0,-0.2600409221546923,0.07548104797384651,-0.7262373348447452,-0.2658204915594842,-0.8784105626146147,-1.2521777198549928,0.5750311992469075,-0.4826401988888433,-0.06880433062987108,0.9542256664747206,-0.30190341832734385,1.97202,-1.61423,0.8790492713418494,0.0,0.0,0.0,0.0,0.0,0.0,0.0,0.0,0.0,0.0,0.0,0.0,0.0,0.0,0.0,-0.19053287107924366,0.004401172893238672,-1.4554155897419263,0.09059962201103805,-2.522775291317436,-3.3553156856859445,-1.8302117578458732,-0.015608336150059465,-0.07320455007220998,0.26676080062719987,0.05681058527819555,0.0,5.551115123125783e-15,-0.797186117837409,0.0,0.0,0.0,0.0,0.0,0.0,0.0,0.0,0.0,0.0,0.0,0.0,40.0,40.0,40.0,60.0,60.0,60.0,60.0,60.0,60.0,60.0,60.0,60.0,60.0,60.0,60.0,60.0,60.0,0.0,0.0,0.0,0.0,0.0,0.0,0.0,0.0,0.0,0.0,0.0,0.0,1.0,1.0,1.0,1.5,1.5,1.5,1.5,1.5,1.5,1.5,1.5,1.5,1.5,1.5,1.5,1.5,1.5,0.0,0.0,0.0,0.0,0.0,0.0,0.0,0.0,0.0,0.0,0.0,0.0,0.0,0.0,0.0,0.0,0.0,0.0,0.0,0.0,0.0,0.0,0.0,0.0,0.0,0.0,0.0,0.0,0.0
-0.1,0.0,0.0,0.3,-0.2,0.0,-0.1,0.0,0.0,0.3,-0.2,0.0,0.0,0.0,0.0,-0.26120403745997284,0.07775191420245962,-0.7519607001642142,-0.264950082260732,-0.9223146509996293,-1.3049615839259328,0.5369850483735198,-0.4797617491608929,-0.07031451218951558,0.960078887627636,-0.3061963997706361,1.97202,-1.61423,0.8700771697346489,0.0,0.0,0.0,0.0,0.0,0.0,0.0,0.0,0.0,0.0,0.0,0.0,0.0,0.0,0.0,0.026672180850871585,0.1251379828161453,-1.1799555671499762,-0.08535156780193898,-1.9698698780975576,-2.38731995870049,-2.1515206626199506,0.17783371049235608,-0.1905332397093,0.19452307576231787,0.001591214970517174,0.0,0.0,-0.5812078041374513,0.0,0.0,0.0,0.0,0.0,0.0,0.0,0.0,0.0,0.0,0.0,0.0,40.0,40.0,40.0,60.0,60.0,60.0,60.0,60.0,60.0,60.0,60.0,60.0,60.0,60.0,60.0,60.0,60.0,0.0,0.0,0.0,0.0,0.0,0.0,0.0,0.0,0.0,0.0,0.0,0.0,1.0,1.0,1.0,1.5,1.5,1.5,1.5,1.5,1.5,1.5,1.5,1.5,1.5,1.5,1.5,1.5,1.5,0.0,0.0,0.0,0.0,0.0,0.0,0.0,0.0,0.0,0.0,0.0,0.0,0.0,0.0,0.0,0.0,0.0,0.0,0.0,0.0,0.0,0.0,0.0,0.0,0.0,0.0,0.0,0.0,0.0
-0.1,0.0,0.0,0.3,-0.2,0.0,-0.1,0.0,0.0,0.3,-0.2,0.0,0.0,0.0,0.0,-0.25897403492065746,0.08048656728649232,-0.7734355575307442,-0.26923455427156173,-0.957205357738517,-1.3476705182030124,0.48897037274210947,-0.47552685046914905,-0.07642566021824308,0.9620065895052133,-0.30183976972852317,1.97202,-1.61423,0.8558009591763514,0.0,0.0,0.0,0.0,0.0,0.0,0.0,0.0,0.0,0.0,0.0,0.0,0.0,0.0,0.0,0.09241884551887125,0.1019753921462016,-0.9560674467726321,-0.16244092209363736,-1.9819515410980841,-1.8376125071469684,-2.761523650148359,0.20927817717161235,-0.30430419657812985,0.13588332244780232,0.1090802323916576,0.0,0.0,-0.49159980424391125,0.0,0.0,0.0,0.0,0.0,0.0,0.0,0.0,0.0,0.0,0.0,0.0,40.0,40.0,40.0,60.0,60.0,60.0,60.0,60.0,60.0,60.0,60.0,60.0,60.0,60.0,60.0,60.0,60.0,0.0,0.0,0.0,0.0,0.0,0.0,0.0,0.0,0.0,0.0,0.0,0.0,1.0,1.0,1.0,1.5,1.5,1.5,1.5,1.5,1.5,1.5,1.5,1.5,1.5,1.5,1.5,1.5,1.5,0.0,0.0,0.0,0.0,0.0,0.0,0.0,0.0,0.0,0.0,0.0,0.0,0.0,0.0,0.0,0.0,0.0,0.0,0.0,0.0,0.0,0.0,0.0,0.0,0.0,0.0,0.0,0.0,0.0
-0.1,0.0,0.0,0.3,-0.2,0.0,-0.1,0.0,0.0,0.3,-0.2,0.0,0.0,0.0,0.0,-0.257507283639218,0.08183092988830769,-0.7902033980351195,-0.2714477191444775,-1.0015927126435527,-1.3784660842118115,0.4265241023675854,-0.47139062207402843,-0.08248668005264077,0.9655142205255481,-0.3018331904749698,1.97202,-1.61423,0.8504131775648924,0.0,0.0,0.0,0.0,0.0,0.0,0.0,0.0,0.0,0.0,0.0,0.0,0.0,0.0,0.0,-0.10146731579913498,0.16352530965257142,-0.8927366097070066,-0.611854937245504,-5.012827182712868,-1.077322620730048,-6.6404199533484976,0.12173869326276149,-0.44177836401778603,0.23734849685500825,-0.1694896761018791,0.0,0.0,1.1762432048770892,0.0,0.0,0.0,0.0,0.0,0.0,0.0,0.0,0.0,0.0,0.0,0.0,40.0,40.0,40.0,60.0,60.0,60.0,60.0,60.0,60.0,60.0,60.0,60.0,60.0,60.0,60.0,60.0,60.0,0.0,0.0,0.0,0.0,0.0,0.0,0.0,0.0,0.0,0.0,0.0,0.0,1.0,1.0,1.0,1.5,1.5,1.5,1.5,1.5,1.5,1.5,1.5,1.5,1.5,1.5,1.5,1.5,1.5,0.0,0.0,0.0,0.0,0.0,0.0,0.0,0.0,0.0,0.0,0.0,0.0,0.0,0.0,0.0,0.0,0.0,0.0,0.0,0.0,0.0,0.0,0.0,0.0,0.0,0.0,0.0,0.0,0.0
-0.1,0.0,0.0,0.3,-0.2,0.0,-0.1,0.0,0.0,0.3,-0.2,0.0,0.0,0.0,0.0,-0.26303272755262286,0.08702757967259518,-0.8091450219190245,-0.2937087517613819,-1.1577184450470317,-1.3907634230322143,0.22335357460816954,-0.4706573027386386,-0.09409679477895452,0.9715005293794137,-0.30861935677259833,1.97202,-1.61423,0.9028506873714349,0.0,0.0,0.0,0.0,0.0,0.0,0.0,0.0,0.0,0.0,0.0,0.0,0.0,0.0,0.0,-0.15675639458265778,0.29228362389602836,-0.961976246909782,-1.5419569467810479,-7.7331252386308,-0.35723537024340835,-10.313223198956369,-0.09202890138255149,-0.5621391680785053,0.008892639731447605,0.3625624037163974,0.0,0.0,2.468370311407575,0.0,0.0,0.0,0.0,0.0,0.0,0.0,0.0,0.0,0.0,0.0,0.0,40.0,40.0,40.0,60.0,60.0,60.0,60.0,60.0,60.0,60.0,60.0,60.0,60.0,60.0,60.0,60.0,60.0,0.0,0.0,0.0,0.0,0.0,0.0,0.0,0.0,0.0,0.0,0.0,0.0,1.0,1.0,1.0,1.5,1.5,1.5,1.5,1.5,1.5,1.5,1.5,1.5,1.5,1.5,1.5,1.5,1.5,0.0,0.0,0.0,0.0,0.0,0.0,0.0,0.0,0.0,0.0,0.0,0.0,0.0,0.0,0.0,0.0,0.0,0.0,0.0,0.0,0.0,0.0,0.0,0.0,0.0,0.0,0.0,0.0,0.0
-0.1,0.0,0.0,0.3,-0.2,0.0,-0.1,0.0,0.0,0.3,-0.2,0.0,0.0,0.0,0.0,-0.2637775394225243,0.09352227484414882,-0.8286824479115108,-0.33312599701571943,-1.3109177221887847,-1.3927554990215478,0.013995174409330683,-0.4750717781293305,-0.10497224677578099,0.965869926114806,-0.2873306943263139,1.97202,-1.61423,0.9491479900211954,0.0,0.0,0.0,0.0,0.0,0.0,0.0,0.0,0.0,0.0,0.0,0.0,0.0,0.0,0.0,0.0995551473486761,0.31285549055333484,-0.9219044049052993,-1.9939082915015962,-7.480343438679959,0.9121713170433754,-9.992277414661423,-0.14914438485122278,-0.6291871464745431,-0.19952954651317467,1.184045802694214,0.0,0.0,1.6570040773511263,0.0,0.0,0.0,0.0,0.0,0.0,0.0,0.0,0.0,0.0,0.0,0.0,40.0,40.0,40.0,60.0,60.0,60.0,60.0,60.0,60.0,60.0,60.0,60.0,60.0,60.0,60.0,60.0,60.0,0.0,0.0,0.0,0.0,0.0,0.0,0.0,0.0,0.0,0.0,0.0,0.0,1.0,1.0,1.0,1.5,1.5,1.5,1.5,1.5,1.5,1.5,1.5,1.5,1.5,1.5,1.5,1.5,1.5,0.0,0.0,0.0,0.0,0.0,0.0,0.0,0.0,0.0,0.0,0.0,0.0,0.0,0.0,0.0,0.0,0.0,0.0,0.0,0.0,0.0,0.0,0.0,0.0,0.0,0.0,0.0,0.0,0.0
-0.1,0.0,0.0,0.3,-0.2,0.0,-0.1,0.0,0.0,0.3,-0.2,0.0,0.0,0.0,0.0,-0.2590505216586758,0.09954179929472858,-0.8460211981152365,-0.37346508342144574,-1.45693218259423,-1.3542765703504793,-0.17633752197828742,-0.4766230781326875,-0.11926428063793625,0.9635193475188867,-0.26125752466482977,1.97202,-1.61423,0.96913085046548,0.0,0.0,0.0,0.0,0.0,0.0,0.0,0.0,0.0,0.0,0.0,0.0,0.0,0.0,0.0,0.43765819780782755,0.24304721526538925,-0.18375577774390195,-1.869075198151035,-7.207744425152734,3.472914054662218,-8.853590725146395,0.07145981430525944,-0.705040454099145,0.14186579046897296,1.1056247953043503,0.0,0.571191598630405,0.7983617212862032,0.0,0.0,0.0,0.0,0.0,0.0,0.0,0.0,0.0,0.0,0.0,0.0,40.0,40.0,40.0,60.0,60.0,60.0,60.0,60.0,60.0,60.0,60.0,60.0,60.0,60.0,60.0,60.0,60.0,0.0,0.0,0.0,0.0,0.0,0.0,0.0,0.0,0.0,0.0,0.0,0.0,1.0,1.0,1.0,1.5,1.5,1.5,1.5,1.5,1.5,1.5,1.5,1.5,1.5,1.5,1.5,1.5,1.5,0.0,0.0,0.0,0.0,0.0,0.0,0.0,0.0,0.0,0.0,0.0,0.0,0.0,0.0,0.0,0.0,0.0,0.0,0.0,0.0,0.0,0.0,0.0,0.0,0.0,0.0,0.0,0.0,0.0
-0.1,0.0,0.0,0.3,-0.2,0.0,-0.1,0.0,0.0,0.3,-0.2,0.0,0.0,0.0,0.0,-0.2462712115102112,0.10324416345476439,-0.8360326790212669,-0.40788900494176084,-1.599227499194894,-1.253838936835059,-0.3401484545965251,-0.4722133855571201,-0.13317386493974678,0.971544557733565,-0.2431057025141399,1.97202,-1.5913823360547839,0.9810824588726436,0.0,0.0,0.0,0.0,0.0,0.0,0.0,0.0,0.0,0.0,0.0,0.0,0.0,0.0,0.0,1.0147795232194619,0.21058296423542322,1.065397920225336,-1.3381100493125089,-6.227864954453321,6.160001036737084,-7.196876362088641,0.05798495364635892,-0.6604173726940453,0.1944846791207877,0.6863767643277021,0.0,2.245825184957256,0.37504774589818546,0.0,0.0,0.0,0.0,0.0,0.0,0.0,0.0,0.0,0.0,0.0,0.0,40.0,40.0,40.0,60.0,60.0,60.0,60.0,60.0,60.0,60.0,60.0,60.0,60.0,60.0,60.0,60.0,60.0,0.0,0.0,0.0,0.0,0.0,0.0,0.0,0.0,0.0,0.0,0.0,0.0,1.0,1.0,1.0,1.5,1.5,1.5,1.5,1.5,1.5,1.5,1.5,1.5,1.5,1.5,1.5,1.5,1.5,0.0,0.0,0.0,0.0,0.0,0.0,0.0,0.0,0.0,0.0,0.0,0.0,0.0,0.0,0.0,0.0,0.0,0.0,0.0,0.0,0.0,0.0,0.0,0.0,0.0,0.0,0.0,0.0,0.0
-0.1,0.0,0.0,0.3,-0.2,0.0,-0.1,0.0,0.0,0.3,-0.2,0.0,0.0,0.0,0.0,-0.21845934072989734,0.1079651178641455,-0.803405281306223,-0.4269894853939461,-1.706046780772363,-1.107876528880996,-0.4642125764618331,-0.47430367998683315,-0.14568097554569806,0.9712987346837182,-0.23380245409172168,1.97202,-1.5243969926017098,0.9841327603014074,0.0,0.0,0.0,0.0,0.0,0.0,0.0,0.0,0.0,0.0,0.0,0.0,0.0,0.0,0.0,0.9347225092419877,0.1053375389869448,2.1660164309363794,-0.4609895607277287,-2.4532381188286045,7.152514825808814,-1.9218230847292086,0.3465542640433486,-0.45521348513883547,0.10723824096777745,0.16346037046681972,0.0,3.948408709129614,0.2206994955625624,0.0,0.0,0.0,0.0,0.0,0.0,0.0,0.0,0.0,0.0,0.0,0.0,40.0,40.0,40.0,60.0,60.0,60.0,60.0,60.0,60.0,60.0,60.0,60.0,60.0,60.0,60.0,60.0,60.0,0.0,0.0,0.0,0.0,0.0,0.0,0.0,0.0,0.0,0.0,0.0,0.0,1.0,1.0,1.0,1.5,1.5,1.5,1.5,1.5,1.5,1.5,1.5,1.5,1.5,1.5,1.5,1.5,1.5,0.0,0.0,0.0,0.0,0.0,0.0,0.0,0.0,0.0,0.0,0.0,0.0,0.0,0.0,0.0,0.0,0.0,0.0,0.0,0.0,0.0,0.0,0.0,0.0,0.0,0.0,0.0,0.0,0.0
-0.1,0.0,0.0,0.3,-0.2,0.0,-0.1,0.0,0.0,0.3,-0.2,0.0,0.0,0.0,0.0,-0.20888231114053168,0.10745766501424218,-0.7493920217838117,-0.42632858737087,-1.6973570239480382,-0.9677383438027065,-0.41702137798569344,-0.45835121499538617,-0.1513824043453002,0.9758340873722761,-0.23656728769546712,1.97202,-1.4334459876895993,0.989910438695146,0.0,0.0,0.0,0.0,0.0,0.0,0.0,0.0,0.0,0.0,0.0,0.0,0.0,0.0,0.0,0.01527429186401752,-0.3575598665771805,2.9558501755835658,1.0562224063556434,1.337384528026997,7.613077081921307,4.574544361745524,1.076209934652407,0.4983352216178481,0.6433197515516909,-0.4234204279269363,0.0,6.965916142922462,1.978042719601647,0.0,0.0,0.0,0.0,0.0,0.0,0.0,0.0,0.0,0.0,0.0,0.0,40.0,40.0,40.0,60.0,60.0,60.0,60.0,60.0,60.0,60.0,60.0,60.0,60.0,60.0,60.0,60.0,60.0,0.0,0.0,0.0,0.0,0.0,0.0,0.0,0.0,0.0,0.0,0.0,0.0,1.0,1.0,1.0,1.5,1.5,1.5,1.5,1.5,1.5,1.5,1.5,1.5,1.5,1.5,1.5,1.5,1.5,0.0,0.0,0.0,0.0,0.0,0.0,0.0,0.0,0.0,0.0,0.0,0.0,0.0,0.0,0.0,0.0,0.0,0.0,0.0,0.0,0.0,0.0,0.0,0.0,0.0,0.0,0.0,0.0,0.0
-0.1,0.0,0.0,0.3,-0.2,0.0,-0.1,0.0,0.0,0.3,-0.2,0.0,0.0,0.0,0.0,-0.21784836905533664,0.09366272320105828,-0.6851712742828804,-0.38474058913972037,-1.652551399651283,-0.8033534456041437,-0.28123080199201217,-0.43125528260073687,-0.12574756668098414,0.9970315247457858,-0.25073927120879913,1.97202,-1.2457603468848113,1.0632544690854733,0.0,0.0,0.0,0.0,0.0,0.0,0.0,0.0,0.0,0.0,0.0,0.0,0.0,0.0,0.0,0.277198878685872,-0.4432442884510512,2.9493463034747784,1.1678310848904985,0.461261471750507,8.064318957557525,4.04683734041311,1.002546306537401,0.9231036161673756,-0.9120493775946592,-0.08544055942051529,0.0,10.390118882880317,1.7009183722963728,0.0,0.0,0.0,0.0,0.0,0.0,0.0,0.0,0.0,0.0,0.0,0.0,40.0,40.0,40.0,60.0,60.0,60.0,60.0,60.0,60.0,60.0,60.0,60.0,60.0,60.0,60.0,60.0,60.0,0.0,0.0,0.0,0.0,0.0,0.0,0.0,0.0,0.0,0.0,0.0,0.0,1.0,1.0,1.0,1.5,1.5,1.5,1.5,1.5,1.5,1.5,1.5,1.5,1.5,1.5,1.5,1.5,1.5,0.0,0.0,0.0,0.0,0.0,0.0,0.0,0.0,0.0,0.0,0.0,0.0,0.0,0.0,0.0,0.0,0.0,0.0,0.0,0.0,0.0,0.0,0.0,0.0,0.0,0.0,0.0,0.0,0.0
-0.1,0.0,0.0,0.3,-0.2,0.0,-0.1,0.0,0.0,0.3,-0.2,0.0,0.0,0.0,0.0,-0.1977943559930968,0.08972789347620014,-0.6314181696448206,-0.37961534397525004,-1.678906565078018,-0.6451655855004055,-0.255147884369169,-0.41824936273389013,-0.11445825969860518,0.9393521122684897,-0.23998491007228773,1.97202,-1.0178412323743866,1.057947173587001,0.0,0.0,0.0,0.0,0.0,0.0,0.0,0.0,0.0,0.0,0.0,0.0,0.0,0.0,0.0,1.1302872683293177,-0.32315547349461676,2.320333214387324,0.31768543859456294,-1.3283712594422348,7.661234651971969,0.09987533172387125,0.562491051166189,0.4722179424908719,-3.305427463480748,0.1140173323621943,0.0,11.577810525179242,-2.1747213588830054,0.0,0.0,0.0,0.0,0.0,0.0,0.0,0.0,0.0,0.0,0.0,0.0,40.0,40.0,40.0,60.0,60.0,60.0,60.0,60.0,60.0,60.0,60.0,60.0,60.0,60.0,60.0,60.0,60.0,0.0,0.0,0.0,0.0,0.0,0.0,0.0,0.0,0.0,0.0,0.0,0.0,1.0,1.0,1.0,1.5,1.5,1.5,1.5,1.5,1.5,1.5,1.5,1.5,1.5,1.5,1.5,1.5,1.5,0.0,0.0,0.0,0.0,0.0,0.0,0.0,0.0,0.0,0.0,0.0,0.0,0.0,0.0,0.0,0.0,0.0,0.0,0.0,0.0,0.0,0.0,0.0,0.0,0.0,0.0,0.0,0.0,0.0
-0.1,0.0,0.0,0.3,-0.2,0.0,-0.1,0.0,0.0,0.3,-0.2,0.0,0.0,0.0,0.0,-0.17263687832216393,0.08073650426127361,-0.5923579457073874,-0.37203317159593785,-1.7056862500289725,-0.4969040595252649,-0.2772357887230573,-0.4087556405540893,-0.10685884898134926,0.8648144262065559,-0.24617857791431136,1.97202,-0.7826479258776416,0.976265614730153,0.0,0.0,0.0,0.0,0.0,0.0,0.0,0.0,0.0,0.0,0.0,0.0,0.0,0.0,0.0,1.6983447825542917,-0.26014966938156525,1.7354416809162332,-0.3435645770967097,-2.5894619785009785,7.784131092208418,-4.094856303272583,0.3629542066704808,-0.13353535758077323,-4.622104626581025,0.0031896105006916364,0.0,9.730068465316899,-6.5695362588747335,0.0,0.0,0.0,0.0,0.0,0.0,0.0,0.0,0.0,0.0,0.0,0.0,40.0,40.0,40.0,60.0,60.0,60.0,60.0,60.0,60.0,60.0,60.0,60.0,60.0,60.0,60.0,60.0,60.0,0.0,0.0,0.0,0.0,0.0,0.0,0.0,0.0,0.0,0.0,0.0,0.0,1.0,1.0,1.0,1.5,1.5,1.5,1.5,1.5,1.5,1.5,1.5,1.5,1.5,1.5,1.5,1.5,1.5,0.0,0.0,0.0,0.0,0.0,0.0,0.0,0.0,0.0,0.0,0.0,0.0,0.0,0.0,0.0,0.0,0.0,0.0,0.0,0.0,0.0,0.0,0.0,0.0,0.0,0.0,0.0,0.0,0.0
-0.1,0.0,0.0,0.3,-0.2,0.0,-0.1,0.0,0.0,0.3,-0.2,0.0,0.0,0.0,0.0,-0.12986056469092513,0.07932190670093753,-0.5620005024081712,-0.39335792705911843,-1.782485044218057,-0.33380034181206875,-0.41894213650007234,-0.4037311944670709,-0.11979967400183611,0.7544679272052487,-0.23985732565226006,1.97202,-0.6286384937617107,0.7951657232320116,0.0,0.0,0.0,0.0,0.0,0.0,0.0,0.0,0.0,0.0,0.0,0.0,0.0,0.0,0.0,1.4831887761205833,-0.3919830984494801,1.5718265592396863,1.0271818184638375,-0.186124475135363,5.0502639756895675,-3.309770471194985,-0.03091686829867768,-0.14835173707983296,-3.47805389429085,-0.6739503882555842,0.0,4.734687196921275,-6.114833392538127,0.0,0.0,0.0,0.0,0.0,0.0,0.0,0.0,0.0,0.0,0.0,0.0,40.0,40.0,40.0,60.0,60.0,60.0,60.0,60.0,60.0,60.0,60.0,60.0,60.0,60.0,60.0,60.0,60.0,0.0,0.0,0.0,0.0,0.0,0.0,0.0,0.0,0.0,0.0,0.0,0.0,1.0,1.0,1.0,1.5,1.5,1.5,1.5,1.5,1.5,1.5,1.5,1.5,1.5,1.5,1.5,1.5,1.5,0.0,0.0,0.0,0.0,0.0,0.0,0.0,0.0,0.0,0.0,0.0,0.0,0.0,0.0,0.0,0.0,0.0,0.0,0.0,0.0,0.0,0.0,0.0,0.0,0.0,0.0,0.0,0.0,0.0
-0.1,0.0,0.0,0.3,-0.2,0.0,-0.1,0.0,0.0,0.3,-0.2,0.0,0.0,0.0,0.0,-0.1133093272773406,0.06505718032329441,-0.5294848833378,-0.33094589885738435,-1.713131229034387,-0.2948935004976822,-0.4096266075708567,-0.4099923152860364,-0.11279291846454258,0.7256922704349219,-0.2731365934445347,1.97202,-0.5932604380007906,0.731672279028628,0.0,0.0,0.0,0.0,0.0,0.0,0.0,0.0,0.0,0.0,0.0,0.0,0.0,0.0,0.0,0.4448089995580367,-0.8584700085595184,0.7139679311772368,1.9305685151092267,4.047264783481136,1.0610786432968338,0.9110804347933821,-0.30003447126979305,0.10614784390446247,-0.562731618241083,-0.5297683753828476,0.0,0.6675726905181534,-3.0570476032263953,0.0,0.0,0.0,0.0,0.0,0.0,0.0,0.0,0.0,0.0,0.0,0.0,40.0,40.0,40.0,60.0,60.0,60.0,60.0,60.0,60.0,60.0,60.0,60.0,60.0,60.0,60.0,60.0,60.0,0.0,0.0,0.0,0.0,0.0,0.0,0.0,0.0,0.0,0.0,0.0,0.0,1.0,1.0,1.0,1.5,1.5,1.5,1.5,1.5,1.5,1.5,1.5,1.5,1.5,1.5,1.5,1.5,1.5,0.0,0.0,0.0,0.0,0.0,0.0,0.0,0.0,0.0,0.0,0.0,0.0,0.0,0.0,0.0,0.0,0.0,0.0,0.0,0.0,0.0,0.0,0.0,0.0,0.0,0.0,0.0,0.0,0.0
-0.1,0.0,0.0,0.3,-0.2,0.0,-0.1,0.0,0.0,0.3,-0.2,0.0,0.0,0.0,0.0,-0.11206820470860367,0.04498310635855679,-0.5334417851610818,-0.31613518645474936,-1.6205944528788117,-0.2913571960801954,-0.38249891910833705,-0.4157325733178626,-0.11555376024565761,0.7319586624756054,-0.26104806066757397,1.97202,-0.6019355861409845,0.6728838191029558,0.0,0.0,0.0,0.0,0.0,0.0,0.0,0.0,0.0,0.0,0.0,0.0,0.0,0.0,0.0,-0.4582912722842624,-0.35239678039748445,0.6439481550659792,-0.22617760900666,1.2812661274457682,-0.2957148940369095,1.0550811215725624,0.8200283403691346,-0.6494972777005549,0.2823382455487411,0.4037165773738416,0.0,-0.797600006365301,-0.8687519699319135,0.0,0.0,0.0,0.0,0.0,0.0,0.0,0.0,0.0,0.0,0.0,0.0,40.0,40.0,40.0,60.0,60.0,60.0,60.0,60.0,60.0,60.0,60.0,60.0,60.0,60.0,60.0,60.0,60.0,0.0,0.0,0.0,0.0,0.0,0.0,0.0,0.0,0.0,0.0,0.0,0.0,1.0,1.0,1.0,1.5,1.5,1.5,1.5,1.5,1.5,1.5,1.5,1.5,1.5,1.5,1.5,1.5,1.5,0.0,0.0,0.0,0.0,0.0,0.0,0.0,0.0,0.0,0.0,0.0,0.0,0.0,0.0,0.0,0.0,0.0,0.0,0.0,0.0,0.0,0.0,0.0,0.0,0.0,0.0,0.0,0.0,0.0
-0.1,0.0,0.0,0.3,-0.2,0.0,-0.1,0.0,0.0,0.3,-0.2,0.0,0.0,0.0,0.0,-0.1316409781687111,0.050961309107395034,-0.5037269571351608,-0.33999300321765075,-1.6618805839365562,-0.3067220962591586,-0.3674233627079542,-0.377191181671271,-0.13877280957256477,0.7369858002568715,-0.25698793034958106,1.97202,-0.6251644382554027,0.6969222002313514,0.0,0.0,0.0,0.0,0.0,0.0,0.0,0.0,0.0,0.0,0.0,0.0,0.0,0.0,0.0,-0.5105879054751236,0.24510900557300797,0.596736831859207,-0.471436205156954,-1.0321532764436148,-0.3841225044740798,0.3768889100095707,1.5503303011195568,0.7968939174912127,0.3957115105825054,-0.5333722181462288,0.0,-0.5807213028604541,0.6009595282098906,0.0,0.0,0.0,0.0,0.0,0.0,0.0,0.0,0.0,0.0,0.0,0.0,40.0,40.0,40.0,60.0,60.0,60.0,60.0,60.0,60.0,60.0,60.0,60.0,60.0,60.0,60.0,60.0,60.0,0.0,0.0,0.0,0.0,0.0,0.0,0.0,0.0,0.0,0.0,0.0,0.0,1.0,1.0,1.0,1.5,1.5,1.5,1.5,1.5,1.5,1.5,1.5,1.5,1.5,1.5,1.5,1.5,1.5,0.0,0.0,0.0,0.0,0.0,0.0,0.0,0.0,0.0,0.0,0.0,0.0,0.0,0.0,0.0,0.0,0.0,0.0,0.0,0.0,0.0,0.0,0.0,0.0,0.0,0.0,0.0,0.0,0.0
-0.1,0.0,0.0,0.3,-0.2,0.0,-0.1,0.0,0.0,0.3,-0.2,0.0,0.0,0.0,0.0,-0.1324917209276086,0.05478746658147711,-0.5095723118867135,-0.3349926346610275,-1.6618805839365562,-0.3067220962591586,-0.3674233627079542,-0.35371936127308035,-0.0836780035460091,0.7477871228989056,-0.2823829493934231,1.97202,-0.6251644382554027,0.6969222002313514,0.0,0.0,0.0,0.0,0.0,0.0,0.0,0.0,0.0,0.0,0.0,0.0,0.0,0.0,0.0,-0.3461506319832497,0.1651332414457255,0.15977991795319557,0.13093827679112602,-0.5655951978828178,-0.061572091979278376,1.575,0.7890040291732819,0.6422286657795799,0.43795513041072487,-0.33692622779540743,0.0,0.19944850410839043,0.6937081320907312,0.0,0.0,0.0,0.0,0.0,0.0,0.0,0.0,0.0,0.0,0.0,0.0,40.0,40.0,40.0,60.0,60.0,60.0,60.0,60.0,60.0,60.0,60.0,60.0,60.0,60.0,60.0,60.0,60.0,0.0,0.0,0.0,0.0,0.0,0.0,0.0,0.0,0.0,0.0,0.0,0.0,1.0,1.0,1.0,1.5,1.5,1.5,1.5,1.5,1.5,1.5,1.5,1.5,1.5,1.5,1.5,1.5,1.5,0.0,0.0,0.0,0.0,0.0,0.0,0.0,0.0,0.0,0.0,0.0,0.0,0.0,0.0,0.0,0.0,0.0,0.0,0.0,0.0,0.0,0.0,0.0,0.0,0.0,0.0,0.0,0.0,0.0
-0.1,0.0,0.0,0.3,-0.2,0.0,-0.1,0.0,0.0,0.3,-0.2,0.0,0.0,0.0,0.0,-0.14548700344804108,0.057566638765224054,-0.497335760417033,-0.3347554721460057,-1.684504391851869,-0.3091849799383297,-0.3044233627079542,-0.34563102050433975,-0.11308366294138157,0.7545040054733005,-0.27046497946139736,1.97202,-0.6171864980910671,0.7246705255149807,0.0,0.0,0.0,0.0,0.0,0.0,0.0,0.0,0.0,0.0,0.0,0.0,0.0,0.0,0.0,-1.4543360819102569e-05,-0.0076617715461245114,-0.0758617897665903,-0.6950849483309026,-0.8828377611760418,0.2665980233949927,1.94782586356404,0.00767450048634738,-1.1839632970242624,-0.08751748694184047,1.3519370193131763,0.0,-0.3816652154102207,-1.0170845469516687,0.0,0.0,0.0,0.0,0.0,0.0,0.0,0.0,0.0,0.0,0.0,0.0,40.0,40.0,40.0,60.0,60.0,60.0,60.0,60.0,60.0,60.0,60.0,60.0,60.0,60.0,60.0,60.0,60.0,0.0,0.0,0.0,0.0,0.0,0.0,0.0,0.0,0.0,0.0,0.0,0.0,1.0,1.0,1.0,1.5,1.5,1.5,1.5,1.5,1.5,1.5,1.5,1.5,1.5,1.5,1.5,1.5,1.5,0.0,0.0,0.0,0.0,0.0,0.0,0.0,0.0,0.0,0.0,0.0,0.0,0.0,0.0,0.0,0.0,0.0,0.0,0.0,0.0,0.0,0.0,0.0,0.0,0.0,0.0,0.0,0.0,0.0
-0.1,0.0,0.0,0.3,-0.2,0.0,-0.1,0.0,0.0,0.3,-0.2,0.0,0.0,0.0,0.0,-0.13249230266204137,0.05448099571963213,-0.5126067834773771,-0.36279603259426363,-1.697194094383598,-0.2960581753233589,-0.2895103281653926,-0.35341238125362645,-0.1310365354269796,0.744286423421232,-0.22830546862089607,1.97202,-0.6404310468718115,0.6562388183532847,0.0,0.0,0.0,0.0,0.0,0.0,0.0,0.0,0.0,0.0,0.0,0.0,0.0,0.0,0.0,0.7795055761854353,0.22817818121680378,-0.21972356764032308,-0.04761286696757655,-0.3172425632932241,0.3281701153742711,0.37282586356403996,-0.11982911354084941,0.393374961886582,-0.49793386068465173,0.11687979471501908,0.0,-0.5811137195186111,-1.7107926790424,0.0,0.0,0.0,0.0,0.0,0.0,0.0,0.0,0.0,0.0,0.0,0.0,40.0,40.0,40.0,60.0,60.0,60.0,60.0,60.0,60.0,60.0,60.0,60.0,60.0,60.0,60.0,60.0,60.0,0.0,0.0,0.0,0.0,0.0,0.0,0.0,0.0,0.0,0.0,0.0,0.0,1.0,1.0,1.0,1.5,1.5,1.5,1.5,1.5,1.5,1.5,1.5,1.5,1.5,1.5,1.5,1.5,1.5,0.0,0.0,0.0,0.0,0.0,0.0,0.0,0.0,0.0,0.0,0.0,0.0,0.0,0.0,0.0,0.0,0.0,0.0,0.0,0.0,0.0,0.0,0.0,0.0,0.0,0.0,0.0,0.0,0.0
-0.1,0.0,0.0,0.3,-0.2,0.0,-0.1,0.0,0.0,0.3,-0.2,0.0,0.0,0.0,0.0,-0.11430678040062367,0.0666937660138962,-0.5061247031226459,-0.33665998682470877,-1.697194094383598,-0.2960581753233589,-0.2895103281653926,-0.3504241850459737,-0.09734866446591829,0.7345866510459145,-0.2657897876727966,1.97202,-0.6404310468718115,0.6562388183532847,0.0,0.0,0.0,0.0,0.0,0.0,0.0,0.0,0.0,0.0,0.0,0.0,0.0,0.0,0.0,0.5937792465463089,0.41933216670413886,0.1381604159838845,0.919543749161085,0.0,0.0,0.0,0.08967690015990876,0.7247981182277454,-0.3395333522356381,-0.7151579114300977,0.0,0.0,0.0,0.0,0.0,0.0,0.0,0.0,0.0,0.0,0.0,0.0,0.0,0.0,0.0,40.0,40.0,40.0,60.0,60.0,60.0,60.0,60.0,60.0,60.0,60.0,60.0,60.0,60.0,60.0,60.0,60.0,0.0,0.0,0.0,0.0,0.0,0.0,0.0,0.0,0.0,0.0,0.0,0.0,1.0,1.0,1.0,1.5,1.5,1.5,1.5,1.5,1.5,1.5,1.5,1.5,1.5,1.5,1.5,1.5,1.5,0.0,0.0,0.0,0.0,0.0,0.0,0.0,0.0,0.0,0.0,0.0,0.0,0.0,0.0,0.0,0.0,0.0,0.0,0.0,0.0,0.0,0.0,0.0,0.0,0.0,0.0,0.0,0.0,0.0
-0.1,0.0,0.0,0.3,-0.2,0.0,-0.1,0.0,0.0,0.3,-0.2,0.0,0.0,0.0,0.0,-0.10874113280018902,0.07125428238779768,-0.5070803668380217,-0.32601428262782023,-1.697194094383598,-0.2960581753233589,-0.2895103281653926,-0.3498253052472301,-0.10204461069786978,0.7307050893318064,-0.2569117850781,1.97202,-0.6404310468718115,0.6562388183532847,0.0,0.0,0.0,0.0,0.0,0.0,0.0,0.0,0.0,0.0,0.0,0.0,0.0,0.0,0.0,0.5746433606341323,-0.23170888607737422,-0.6779371832225933,0.2667518997402099,0.6364121794008304,1.093204543827439,1.6004788029056762,-0.7659821457631277,-0.7187313313660373,-0.17486429045156793,0.36951012668389877,0.0,-0.11820265135927543,-4.111377848251359,0.0,0.0,0.0,0.0,0.0,0.0,0.0,0.0,0.0,0.0,0.0,0.0,40.0,40.0,40.0,60.0,60.0,60.0,60.0,60.0,60.0,60.0,60.0,60.0,60.0,60.0,60.0,60.0,60.0,0.0,0.0,0.0,0.0,0.0,0.0,0.0,0.0,0.0,0.0,0.0,0.0,1.0,1.0,1.0,1.5,1.5,1.5,1.5,1.5,1.5,1.5,1.5,1.5,1.5,1.5,1.5,1.5,1.5,0.0,0.0,0.0,0.0,0.0,0.0,0.0,0.0,0.0,0.0,0.0,0.0,0.0,0.0,0.0,0.0,0.0,0.0,0.0,0.0,0.0,0.0,0.0,0.0,0.0,0.0,0.0,0.0,0.0
-0.1,0.0,0.0,0.3,-0.2,0.0,-0.1,0.0,0.0,0.3,-0.2,0.0,0.0,0.0,0.0,-0.09132104597525838,0.057425410570801236,-0.5332421904515496,-0.32598991083510037,-1.6717376072075647,-0.2523299935702613,-0.22549117604916558,-0.38106347087649883,-0.12609791772055978,0.7275920794278518,-0.25100938260544065,1.97202,-0.6451591529261825,0.49178370442323033,0.0,0.0,0.0,0.0,0.0,0.0,0.0,0.0,0.0,0.0,0.0,0.0,0.0,0.0,0.0,0.2537245052111232,0.19664596661688494,0.6083550314590985,0.2358734423967182,0.031561334816965214,1.027771670490256,3.1103518947865694,0.1387464493025542,-0.5321526597801058,-0.25371808778414384,-1.5936710791230295,0.0,0.18167382487872252,-4.284624425474159,0.0,0.0,0.0,0.0,0.0,0.0,0.0,0.0,0.0,0.0,0.0,0.0,40.0,40.0,40.0,60.0,60.0,60.0,60.0,60.0,60.0,60.0,60.0,60.0,60.0,60.0,60.0,60.0,60.0,0.0,0.0,0.0,0.0,0.0,0.0,0.0,0.0,0.0,0.0,0.0,0.0,1.0,1.0,1.0,1.5,1.5,1.5,1.5,1.5,1.5,1.5,1.5,1.5,1.5,1.5,1.5,1.5,1.5,0.0,0.0,0.0,0.0,0.0,0.0,0.0,0.0,0.0,0.0,0.0,0.0,0.0,0.0,0.0,0.0,0.0,0.0,0.0,0.0,0.0,0.0,0.0,0.0,0.0,0.0,0.0,0.0,0.0
-0.1,0.0,0.0,0.3,-0.2,0.0,-0.1,0.0,0.0,0.3,-0.2,0.0,0.0,0.0,0.0,-0.09859215259174409,0.07912012105247308,-0.48274616557965777,-0.3165793449319515,-1.6959316409909193,-0.25494730850374864,-0.16509625237392986,-0.34427544727512793,-0.12333071708907402,0.7205563658204407,-0.32065862824302116,1.97202,-0.6331640938766626,0.4848538413343183,0.0,0.0,0.0,0.0,0.0,0.0,0.0,0.0,0.0,0.0,0.0,0.0,0.0,0.0,0.0,0.8760696688115074,0.48981971398727314,0.5325206867282578,-0.18871936422023422,-0.438014266117559,1.5486646555687404,0.12796268147616807,0.07393348631880153,-0.40122560624183606,-1.0186151700473072,-0.857788248312627,0.0,0.3318515500635971,-2.7211034054433645,0.0,0.0,0.0,0.0,0.0,0.0,0.0,0.0,0.0,0.0,0.0,0.0,40.0,40.0,40.0,60.0,60.0,60.0,60.0,60.0,60.0,60.0,60.0,60.0,60.0,60.0,60.0,60.0,60.0,0.0,0.0,0.0,0.0,0.0,0.0,0.0,0.0,0.0,0.0,0.0,0.0,1.0,1.0,1.0,1.5,1.5,1.5,1.5,1.5,1.5,1.5,1.5,1.5,1.5,1.5,1.5,1.5,1.5,0.0,0.0,0.0,0.0,0.0,0.0,0.0,0.0,0.0,0.0,0.0,0.0,0.0,0.0,0.0,0.0,0.0,0.0,0.0,0.0,0.0,0.0,0.0,0.0,0.0,0.0,0.0,0.0,0.0
-0.1,0.0,0.0,0.3,-0.2,0.0,-0.1,0.0,0.0,0.3,-0.2,0.0,0.0,0.0,0.0,-0.05627825922279808,0.07701819913029216,-0.5119413629824193,-0.33353868540390974,-1.689258177852267,-0.1903834073475117,-0.22037266879011885,-0.37810613142374677,-0.14214694197023323,0.6868474726259595,-0.2853209125379457,1.97202,-0.6318850909236386,0.38293956820549574,0.0,0.0,0.0,0.0,0.0,0.0,0.0,0.0,0.0,0.0,0.0,0.0,0.0,0.0,0.0,1.5258314688341048,0.5348014175295162,0.38401454776402777,0.5601656386210796,-0.8068357224259193,2.409721634596483,-1.9934510773908836,-0.7990319012679242,-0.9138886231001081,-1.522654429071496,-0.3011126518820906,0.0,-0.35017193902289745,-2.4125211686972055,0.0,0.0,0.0,0.0,0.0,0.0,0.0,0.0,0.0,0.0,0.0,0.0,40.0,40.0,40.0,60.0,60.0,60.0,60.0,60.0,60.0,60.0,60.0,60.0,60.0,60.0,60.0,60.0,60.0,0.0,0.0,0.0,0.0,0.0,0.0,0.0,0.0,0.0,0.0,0.0,0.0,1.0,1.0,1.0,1.5,1.5,1.5,1.5,1.5,1.5,1.5,1.5,1.5,1.5,1.5,1.5,1.5,1.5,0.0,0.0,0.0,0.0,0.0,0.0,0.0,0.0,0.0,0.0,0.0,0.0,0.0,0.0,0.0,0.0,0.0,0.0,0.0,0.0,0.0,0.0,0.0,0.0,0.0,0.0,0.0,0.0,0.0
-0.1,0.0,0.0,0.3,-0.2,0.0,-0.1,0.0,0.0,0.3,-0.2,0.0,0.0,0.0,0.0,-0.037558893838379896,0.10051217775365373,-0.46738558366909666,-0.2941727193871083,-1.728205069887956,-0.15855844311988931,-0.2448342954695652,-0.3762367233258449,-0.15988626201307835,0.6596501886575808,-0.3327031343183048,1.97202,-0.6471709714375785,0.3883529945864301,0.0,0.0,0.0,0.0,0.0,0.0,0.0,0.0,0.0,0.0,0.0,0.0,0.0,0.0,0.0,0.15651395600390153,0.4531227267158211,1.3646003790543841,1.156293403281812,-0.5893043622796301,1.4288840913685394,0.050915004403974395,0.44859022121463005,-0.3493570677790464,-0.1517134815801513,-1.1722767459252923,0.0,-0.3042872243356892,0.27709592945715095,0.0,0.0,0.0,0.0,0.0,0.0,0.0,0.0,0.0,0.0,0.0,0.0,40.0,40.0,40.0,60.0,60.0,60.0,60.0,60.0,60.0,60.0,60.0,60.0,60.0,60.0,60.0,60.0,60.0,0.0,0.0,0.0,0.0,0.0,0.0,0.0,0.0,0.0,0.0,0.0,0.0,1.0,1.0,1.0,1.5,1.5,1.5,1.5,1.5,1.5,1.5,1.5,1.5,1.5,1.5,1.5,1.5,1.5,0.0,0.0,0.0,0.0,0.0,0.0,0.0,0.0,0.0,0.0,0.0,0.0,0.0,0.0,0.0,0.0,0.0,0.0,0.0,0.0,0.0,0.0,0.0,0.0,0.0,0.0,0.0,0.0,0.0
-0.1,0.0,0.0,0.3,-0.2,0.0,-0.1,0.0,0.0,0.3,-0.2,0.0,0.0,0.0,0.0,-0.05001770098264202,0.095143108198925,-0.45735734782024395,-0.28728694927263726,-1.7128303523434523,-0.1332280436927701,-0.21833606861395988,-0.36016252257516157,-0.15612122468139508,0.6807789333627534,-0.3322119823749574,1.97202,-0.6440565798970662,0.3940234053837818,0.0,0.0,0.0,0.0,0.0,0.0,0.0,0.0,0.0,0.0,0.0,0.0,0.0,0.0,0.0,0.4134511314401467,0.24825803853181436,0.6724950726490222,0.4964738600697044,-0.0010006721663180507,1.7497201036644483,-0.6391622113911255,0.16874075835336677,-0.21240290264998088,-0.06808862999488352,0.004088491603809752,0.0,-0.27508845838028206,-0.23046274692009455,0.0,0.0,0.0,0.0,0.0,0.0,0.0,0.0,0.0,0.0,0.0,0.0,40.0,40.0,40.0,60.0,60.0,60.0,60.0,60.0,60.0,60.0,60.0,60.0,60.0,60.0,60.0,60.0,60.0,0.0,0.0,0.0,0.0,0.0,0.0,0.0,0.0,0.0,0.0,0.0,0.0,1.0,1.0,1.0,1.5,1.5,1.5,1.5,1.5,1.5,1.5,1.5,1.5,1.5,1.5,1.5,1.5,1.5,0.0,0.0,0.0,0.0,0.0,0.0,0.0,0.0,0.0,0.0,0.0,0.0,0.0,0.0,0.0,0.0,0.0,0.0,0.0,0.0,0.0,0.0,0.0,0.0,0.0,0.0,0.0,0.0,0.0
-0.1,0.0,0.0,0.3,-0.2,0.0,-0.1,0.0,0.0,0.3,-0.2,0.0,0.0,0.0,0.0,-0.021020848580774028,0.1104424992949263,-0.44048578076313577,-0.27431376498432014,-1.7282450967746088,-0.08856963897331138,-0.2704007839252102,-0.36948709299171023,-0.16838237811907758,0.6569266434577855,-0.3325395946541524,1.97202,-0.6581745097727898,0.3791344847096263,0.0,0.0,0.0,0.0,0.0,0.0,0.0,0.0,0.0,0.0,0.0,0.0,0.0,0.0,0.0,0.8592343602829083,0.4299161810606588,0.8585273955305561,0.6576910429017437,-0.7725360907146095,2.3252852992388604,-1.684550274474407,-0.07364364089226944,-0.4900314962190004,-0.6236295217010857,0.10233551244007572,0.0,-0.2412352275088292,-0.424331251852364,0.0,0.0,0.0,0.0,0.0,0.0,0.0,0.0,0.0,0.0,0.0,0.0,40.0,40.0,40.0,60.0,60.0,60.0,60.0,60.0,60.0,60.0,60.0,60.0,60.0,60.0,60.0,60.0,60.0,0.0,0.0,0.0,0.0,0.0,0.0,0.0,0.0,0.0,0.0,0.0,0.0,1.0,1.0,1.0,1.5,1.5,1.5,1.5,1.5,1.5,1.5,1.5,1.5,1.5,1.5,1.5,1.5,1.5,0.0,0.0,0.0,0.0,0.0,0.0,0.0,0.0,0.0,0.0,0.0,0.0,0.0,0.0,0.0,0.0,0.0,0.0,0.0,0.0,0.0,0.0,0.0,0.0,0.0,0.0,0.0,0.0,0.0
-0.1,0.0,0.0,0.3,-0.2,0.0,-0.1,0.0,0.0,0.3,-0.2,0.0,0.0,0.0,0.0,-0.015648326571325685,0.11233975544135136,-0.4230162519990217,-0.2609793075565675,-1.7437317959720366,-0.04021663172321568,-0.28571807959293616,-0.36310826821085235,-0.1757224845301551,0.65583375249471,-0.3281185618773544,1.97202,-0.6537059889974194,0.3770501553096872,0.0,0.0,0.0,0.0,0.0,0.0,0.0,0.0,0.0,0.0,0.0,0.0,0.0,0.0,0.0,0.26862610047241714,0.09486280732125263,0.8884254808808829,0.6757546998735436,-0.7761338290281747,2.5100154257707987,-0.7658647833862969,0.7115261189780744,-0.3670053205538759,-0.05464454815377606,0.3397677652397321,0.0,0.6702781163055759,-0.10421646999695389,0.0,0.0,0.0,0.0,0.0,0.0,0.0,0.0,0.0,0.0,0.0,0.0,40.0,40.0,40.0,60.0,60.0,60.0,60.0,60.0,60.0,60.0,60.0,60.0,60.0,60.0,60.0,60.0,60.0,0.0,0.0,0.0,0.0,0.0,0.0,0.0,0.0,0.0,0.0,0.0,0.0,1.0,1.0,1.0,1.5,1.5,1.5,1.5,1.5,1.5,1.5,1.5,1.5,1.5,1.5,1.5,1.5,1.5,0.0,0.0,0.0,0.0,0.0,0.0,0.0,0.0,0.0,0.0,0.0,0.0,0.0,0.0,0.0,0.0,0.0,0.0,0.0,0.0,0.0,0.0,0.0,0.0,0.0,0.0,0.0,0.0,0.0
