Lq_00,Lq_01,Lq_02,Lq_03,Lq_04,Lq_05,Lq_06,Lq_07,Lq_08,Lq_09,Lq_10,Lq_11,Lq_12,Lq_13,Lq_14,Lq_15,Lq_16,Lq_17,Lq_18,Lq_19,Ldq_00,Ldq_01,Ldq_02,Ldq_03,Ldq_04,Ldq_05,Ldq_06,Ldq_07,Ldq_08,Ldq_09,Ldq_10,Ldq_11,Ldq_12,Ldq_13,Ldq_14,Ldq_15,Ldq_16,Ldq_17,Ldq_18,Ldq_19,Lkp_00,Lkp_01,Lkp_02,Lkp_03,Lkp_04,Lkp_05,Lkp_06,Lkp_07,Lkp_08,Lkp_09,Lkp_10,Lkp_11,Lkp_12,Lkp_13,Lkp_14,Lkp_15,Lkp_16,Lkp_17,Lkp_18,Lkp_19,Lkd_00,Lkd_01,Lkd_02,Lkd_03,Lkd_04,Lkd_05,Lkd_06,Lkd_07,Lkd_08,Lkd_09,Lkd_10,Lkd_11,Lkd_12,Lkd_13,Lkd_14,Lkd_15,Lkd_16,Lkd_17,Lkd_18,Lkd_19,Ltau_00,Ltau_01,Ltau_02,Ltau_03,Ltau_04,Ltau_05,Ltau_06,Ltau_07,Ltau_08,Ltau_09,Ltau_10,Ltau_11,Ltau_12,Ltau_13,Ltau_14,Ltau_15,Ltau_16,Ltau_17,Ltau_18,Ltau_19,Rq_00,Rq_01,Rq_02,Rq_03,Rq_04,Rq_05,Rq_06,Rq_07,Rq_08,Rq_09,Rq_10,Rq_11,Rq_12,Rq_13,Rq_14,Rq_15,Rq_16,Rq_17,Rq_18,Rq_19,Rdq_00,Rdq_01,Rdq_02,Rdq_03,Rdq_04,Rdq_05,Rdq_06,Rdq_07,Rdq_08,Rdq_09,Rdq_10,Rdq_11,Rdq_12,Rdq_13,Rdq_14,Rdq_15,Rdq_16,Rdq_17,Rdq_18,Rdq_19,Rkp_00,Rkp_01,Rkp_02,Rkp_03,Rkp_04,Rkp_05,Rkp_06,Rkp_07,Rkp_08,Rkp_09,Rkp_10,Rkp_11,Rkp_12,Rkp_13,Rkp_14,Rkp_15,Rkp_16,Rkp_17,Rkp_18,Rkp_19,Rkd_00,Rkd_01,Rkd_02,Rkd_03,Rkd_04,Rkd_05,Rkd_06,Rkd_07,Rkd_08,Rkd_09,Rkd_10,Rkd_11,Rkd_12,Rkd_13,Rkd_14,Rkd_15,Rkd_16,Rkd_17,Rkd_18,Rkd_19,Rtau_00,Rtau_01,Rtau_02,Rtau_03,Rtau_04,Rtau_05,Rtau_06,Rtau_07,Rtau_08,Rtau_09,Rtau_10,Rtau_11,Rtau_12,Rtau_13,Rtau_14,Rtau_15,Rtau_16,Rtau_17,Rtau_18,Rtau_19
0.0,0.0,0.0,0.0,0.0,0.0,0.0,0.0,0.0,0.0,0.0,0.0,0.0,0.0,0.0,0.0,0.0,0.0,0.0,0.0,0.030389208613076965,0.045907602573671484,0.033064660928956525,0.012617456736446115,0.04691187559701143,0.0023954954778452747,0.025315816192981955,0.023045886370973632,0.06323662485394439,0.005530480038849902,0.019063868568318394,0.019804593130167664,0.06194037973711129,-0.003616253401061477,0.023189540044601723,0.019154627401075184,0.05533482744040529,-0.003086310650273337,0.04790194927693367,0.01918022945751661,3.0,3.0,3.0,3.0,3.0,3.0,3.0,3.0,3.0,3.0,3.0,3.0,3.0,3.0,3.0,3.0,3.0,3.0,3.0,3.0,0.05,0.05,0.05,0.05,0.05,0.05,0.05,0.05,0.05,0.05,0.05,0.05,0.05,0.05,0.05,0.05,0.05,0.05,0.05,0.05,0.0,0.0,0.0,0.0,0.0,0.0,0.0,0.0,0.0,0.0,0.0,0.0,0.0,0.0,0.0,0.0,0.0,0.0,0.0,0.0,0.0,0.0,0.0,0.0,0.0,0.0,0.0,0.0,0.0,0.0,0.0,0.0,0.0,0.0,0.0,0.0,0.0,0.0,0.0,0.0,0.05262855398480195,0.03500030888248216,0.03070300772773242,0.016981024727444616,0.06541999217462954,0.008601974992203179,0.05922080773578899,0.031647345829724595,0.09838683201687098,0.002407042664961442,0.07037587622784237,0.04853940361891165,0.10331071973582379,0.011083996246542372,0.08141562044097242,0.048723975681545344,0.09366590926371797,0.0071158250903597155,0.09800202232670083,0.04220882744188708,3.0,3.0,3.0,3.0,3.0,3.0,3.0,3.0,3.0,3.0,3.0,3.0,3.0,3.0,3.0,3.0,3.0,3.0,3.0,3.0,0.05,0.05,0.05,0.05,0.05,0.05,0.05,0.05,0.05,0.05,0.05,0.05,0.05,0.05,0.05,0.05,0.05,0.05,0.05,0.05,0.0,0.0,0.0,0.0,0.0,0.0,0.0,0.0,0.0,0.0,0.0,0.0,0.0,0.0,0.0,0.0,0.0,0.0,0.0,0.0
0.0006077841722615393,0.0009181520514734297,0.0006612932185791305,0.0002523491347289223,0.0009382375119402287,4.79099095569055e-05,0.0005063163238596391,0.00046091772741947267,0.0012647324970788878,0.00011060960077699805,0.00038127737136636785,0.0003960918626033533,0.001238807594742226,-7.232506802122954e-05,0.00046379080089203444,0.0003830925480215037,0.0011066965488081058,-6.172621300546674e-05,0.0009580389855386734,0.0003836045891503322,0.1079284367944833,0.16732969967796782,0.12067917234701953,0.04981469977627637,0.17006587757907363,0.010156226141459503,0.08869861467463337,0.07984245791339625,0.22795437502565835,0.020886552569025173,0.06652085776800407,0.0696281728386057,0.22270999368121572,-0.012852274508129058,0.08160387596937388,0.0679093019412803,0.19897465351710447,-0.01126899240351524,0.17210317601362715,0.06417624290193302,3.0,3.0,3.0,3.0,3.0,3.0,3.0,3.0,3.0,3.0,3.0,3.0,3.0,3.0,3.0,3.0,3.0,3.0,3.0,3.0,0.05,0.05,0.05,0.05,0.05,0.05,0.05,0.05,0.05,0.05,0.05,0.05,0.05,0.05,0.05,0.05,0.05,0.05,0.05,0.05,0.0,0.0,0.0,0.0,0.0,0.0,0.0,0.0,0.0,0.0,0.0,0.0,0.0,0.0,0.0,0.0,0.0,0.0,0.0,0.0,0.001052571079696039,0.0007000061776496431,0.0006140601545546484,0.0003396204945488923,0.001308399843492591,0.0001720394998440636,0.0011844161547157799,0.0006329469165944919,0.0019677366403374197,4.814085329922884e-05,0.0014075175245568475,0.0009707880723782331,0.002066214394716476,0.00022167992493084745,0.0016283124088194484,0.0009744795136309069,0.0018733181852743593,0.00014231650180719432,0.0019600404465340165,0.0008441765488377416,0.19147696819166798,0.12844324163824924,0.11200826123194473,0.06039750319047018,0.23868713799962277,0.03116844786425942,0.21949550336751952,0.11473674915798103,0.3587493260870309,0.00854263574599599,0.26163745482947415,0.17958929610096702,0.3756182653095605,0.03991819131562736,0.3017527850138615,0.17978911435080433,0.3393212600429485,0.026114065418285842,0.36409500922904264,0.15343294591162973,3.0,3.0,3.0,3.0,3.0,3.0,3.0,3.0,3.0,3.0,3.0,3.0,3.0,3.0,3.0,3.0,3.0,3.0,3.0,3.0,0.05,0.05,0.05,0.05,0.05,0.05,0.05,0.05,0.05,0.05,0.05,0.05,0.05,0.05,0.05,0.05,0.05,0.05,0.05,0.05,0.0,0.0,0.0,0.0,0.0,0.0,0.0,0.0,0.0,0.0,0.0,0.0,0.0,0.0,0.0,0.0,0.0,0.0,0.0,0.0
0.004317137471779332,0.006693187987118713,0.004827166893880781,0.0019925879910510547,0.006802635103162945,0.0004062490456583801,0.003547944586985335,0.00319369831653585,0.009118175001026334,0.000835462102761007,0.0026608343107201626,0.002785126913544228,0.008908399747248628,-0.0005140909803251623,0.0032641550387749554,0.0027163720776512117,0.007958986140684179,-0.00045075969614060963,0.006884127040545087,0.002567049716077321,0.3043212242716869,0.48833549147846433,0.3535853167515993,0.16291325152128452,0.4916832940148762,0.03569867718523683,0.24548268773654097,0.21871683200194872,0.6564161108523399,0.06488587868392531,0.18286503874759483,0.19416532710276227,0.63828428840334,-0.03665032348535357,0.22600132283359994,0.1909755495653625,0.5704948617694142,-0.03284769576410254,0.49275899995254696,0.1671790342974297,3.0,3.0,3.0,3.0,3.0,3.0,3.0,3.0,3.0,3.0,3.0,3.0,3.0,3.0,3.0,3.0,3.0,3.0,3.0,3.0,0.05,0.05,0.05,0.05,0.05,0.05,0.05,0.05,0.05,0.05,0.05,0.05,0.05,0.05,0.05,0.05,0.05,0.05,0.05,0.05,0.0,0.0,0.0,0.0,0.0,0.0,0.0,0.0,0.0,0.0,0.0,0.0,0.0,0.0,0.0,0.0,0.0,0.0,0.0,0.0,0.007659078727666719,0.00513772966552997,0.004480330449277789,0.0024159001276188074,0.00954748551998491,0.0012467379145703768,0.00877982013470078,0.004589469966319241,0.014349973043481238,0.0003417054298398396,0.010465498193178966,0.007183571844038681,0.015024730612382419,0.0015967276526250946,0.012070111400554459,0.0071915645740321735,0.01357285040171794,0.0010445626167314337,0.014563800369161706,0.006137317836465189,0.5584540041764413,0.3774071905987489,0.3267277719598287,0.17433977612872592,0.6999102568443828,0.09298018439510808,0.6590393008351525,0.3365047157407455,1.053325199445271,0.026309059204508885,0.7855835269484314,0.5341321804379837,1.100584539513774,0.116754762920374,0.899980738570711,0.531511899691968,0.9936340507202764,0.07813622513379592,1.088474109864612,0.44612665398462675,3.0,3.0,3.0,3.0,3.0,3.0,3.0,3.0,3.0,3.0,3.0,3.0,3.0,3.0,3.0,3.0,3.0,3.0,3.0,3.0,0.05,0.05,0.05,0.05,0.05,0.05,0.05,0.05,0.05,0.05,0.05,0.05,0.05,0.05,0.05,0.05,0.05,0.05,0.05,0.05,0.0,0.0,0.0,0.0,0.0,0.0,0.0,0.0,0.0,0.0,0.0,0.0,0.0,0.0,0.0,0.0,0.0,0.0,0.0,0.0
0.012780633143129015,0.020451571710612,0.014804705888643105,0.006768879195580304,0.020605569272535276,0.0014758569969663788,0.010325623833321277,0.009209591007497422,0.027521376931172487,0.002706044748134011,0.007695878921270161,0.008162704946713844,0.026770179130875822,-0.0015383380074353724,0.009503843714236031,0.008022114530636004,0.02392649101958468,-0.0013756340435695685,0.020668398983640552,0.00707076596104752,0.5484849465569234,0.9286531769195145,0.6770613109289673,0.3530649154130737,0.9185717078271625,0.08351051447250302,0.4297575232880133,0.3784792171122117,1.218247033688739,0.13117467529581242,0.31663217737304594,0.34460874809692144,1.1796518120998927,-0.06275503607013355,0.3943742284527559,0.342474856954851,1.0564072482888192,-0.06287990648215736,0.9064398334804326,0.2654312040570771,3.0,3.0,3.0,3.0,3.0,3.0,3.0,3.0,3.0,3.0,3.0,3.0,3.0,3.0,3.0,3.0,3.0,3.0,3.0,3.0,0.05,0.05,0.05,0.05,0.05,0.05,0.05,0.05,0.05,0.05,0.05,0.05,0.05,0.05,0.05,0.05,0.05,0.05,0.05,0.05,0.0,0.0,0.0,0.0,0.0,0.0,0.0,0.0,0.0,0.0,0.0,0.0,0.0,0.0,0.0,0.0,0.0,0.0,0.0,0.0,0.023390731246753692,0.0157962938015996,0.013683171032947798,0.007313211539697929,0.0293048101172679,0.0038912468756483864,0.02754598818812188,0.014093135546224312,0.04410074461814826,0.0011005032214795843,0.0328308586024941,0.022336075289897582,0.04608959597526744,0.004891870441745808,0.03762754195164789,0.022234955501309626,0.041618680214085414,0.003267765507159031,0.0454990048411185,0.018689242708222812,1.0573205155527887,0.722694438431442,0.6182364238190429,0.33004199478720664,1.3346751595165556,0.18166648134652338,1.2975179457351373,0.6478453080089741,2.0126331369836614,0.05436809966724871,1.5497694550104653,1.0382866575437475,2.0964109952782755,0.22335195014255788,1.7567094451950895,1.0247941401033374,1.8911552111230985,0.1553796947310581,2.1239194536934476,0.8448185370144671,3.0,3.0,3.0,3.0,3.0,3.0,3.0,3.0,3.0,3.0,3.0,3.0,3.0,3.0,3.0,3.0,3.0,3.0,3.0,3.0,0.05,0.05,0.05,0.05,0.05,0.05,0.05,0.05,0.05,0.05,0.05,0.05,0.05,0.05,0.05,0.05,0.05,0.05,0.05,0.05,0.0,0.0,0.0,0.0,0.0,0.0,0.0,0.0,0.0,0.0,0.0,0.0,0.0,0.0,0.0,0.0,0.0,0.0,0.0,0.0
0.026256535334056266,0.04383931506389929,0.031909619331039474,0.016115184607574003,0.043545503416249444,0.003746669624558501,0.02073824551850587,0.01833286700102432,0.05784805634857589,0.006082449114593504,0.015326121405642,0.016569476837421087,0.056094472231244336,-0.003024292423130504,0.01903912417688519,0.016415366355845253,0.05021527607223695,-0.002965955955426904,0.04314172037976239,0.013184297878360405,0.7717696027266429,1.4152970374693148,1.0416398400744096,0.6211371493060128,1.3630581278327807,0.15476098472653185,0.584034097545896,0.5095630901770366,1.7916178667900642,0.21680720474162848,0.4207778151317833,0.47801008283279156,1.7302707676537548,-0.08363110970285957,0.5291462489316976,0.4810238437151021,1.5501803925555249,-0.09329679234013777,1.31403500282345,0.30787793152210186,3.0,3.0,3.0,3.0,3.0,3.0,3.0,3.0,3.0,3.0,3.0,3.0,3.0,3.0,3.0,3.0,3.0,3.0,3.0,3.0,0.05,0.05,0.05,0.05,0.05,0.05,0.05,0.05,0.05,0.05,0.05,0.05,0.05,0.05,0.05,0.05,0.05,0.05,0.05,0.05,0.0,0.0,0.0,0.0,0.0,0.0,0.0,0.0,0.0,0.0,0.0,0.0,0.0,0.0,0.0,0.0,0.0,0.0,0.0,0.0,0.04995189934977827,0.03404550720278765,0.029209787402039503,0.015617579919107073,0.06293449190064714,0.008513397168431313,0.060680537964106274,0.03050328228667821,0.09485529852282769,0.002516429416529788,0.07245627639359757,0.04871503814578858,0.09888117042351345,0.01053080565832741,0.08233848920835804,0.04818333017816567,0.08921905884664187,0.007259750405973758,0.0995205785168996,0.039930059317043874,1.5807149957449618,1.0953871858390127,0.9398136947346807,0.505770020766368,2.052786573785766,0.2898698971114782,2.048541229249616,0.9979322903544207,3.091875990291331,0.09064844559681777,2.4366462560522364,1.604597872610855,3.2047001366479426,0.33259986241450346,2.7349069592375868,1.5763742794795386,2.891929684528722,0.22572866080110346,3.30570050649468,1.2793384652873792,3.0,3.0,3.0,3.0,3.0,3.0,3.0,3.0,3.0,3.0,3.0,3.0,3.0,3.0,3.0,3.0,3.0,3.0,3.0,3.0,0.05,0.05,0.05,0.05,0.05,0.05,0.05,0.05,0.05,0.05,0.05,0.05,0.05,0.05,0.05,0.05,0.05,0.05,0.05,0.05,0.0,0.0,0.0,0.0,0.0,0.0,0.0,0.0,0.0,0.0,0.0,0.0,0.0,0.0,0.0,0.0,0.0,0.0,0.0,0.0
0.04365141725219473,0.0770634532093846,0.05647029949161949,0.03161436516782082,0.07512789438584651,0.007666296386027653,0.03368698773515712,0.029592114614578887,0.09918609160277506,0.01137833293779915,0.024526991526541492,0.027283108260025505,0.09598100983702602,-0.004883582395549755,0.030669693671503937,0.027263068279240087,0.08593370672180567,-0.00510750573717508,0.07322979909657855,0.019385883221931594,0.9262618061815546,1.8927107475524354,1.401961946287236,0.9426913494083169,1.7608668405487657,0.24360334395466302,0.6743016632075609,0.5838385160976649,2.2881208700623383,0.31044317677110167,0.4703575104057602,0.5694011683948517,2.2059706354710107,-0.09755618089395579,0.5936754553944678,0.5783589205402964,1.9735219734165588,-0.11911197992447393,1.6414368397366297,0.2697253312838136,3.0,3.0,3.0,3.0,3.0,3.0,3.0,3.0,3.0,3.0,3.0,3.0,3.0,3.0,3.0,3.0,3.0,3.0,3.0,3.0,0.05,0.05,0.05,0.05,0.05,0.05,0.05,0.05,0.05,0.05,0.05,0.05,0.05,0.05,0.05,0.05,0.05,0.05,0.05,0.05,0.0,0.0,0.0,0.0,0.0,0.0,0.0,0.0,0.0,0.0,0.0,0.0,0.0,0.0,0.0,0.0,0.0,0.0,0.0,0.0,0.08661933107655218,0.05961178123516011,0.051275718822335024,0.02754401237035265,0.11141627306869853,0.015486042760107515,0.10948763735810653,0.05401042716040114,0.1677757842298015,0.004726441045352295,0.13029670884458355,0.08651999019433179,0.17427760144118515,0.018195864938325947,0.14702382032115136,0.08528992668049117,0.15729586759523428,0.012296911939203169,0.17772702510090568,0.06986278131971797,2.064243116283387,1.4459738948202479,1.2476918011678568,0.6717910737934719,2.7770320843138245,0.4015961852808305,2.817254533623339,1.3407774721818913,4.165524990957023,0.12972326218713176,3.333953676253866,2.161364373917509,4.292411220626089,0.4300819122006706,3.7058664156748033,2.116466062840689,3.8805567154315477,0.2816005715235366,4.479618861358459,1.6980555455192468,3.0,3.0,3.0,3.0,3.0,3.0,3.0,3.0,3.0,3.0,3.0,3.0,3.0,3.0,3.0,3.0,3.0,3.0,3.0,3.0,0.05,0.05,0.05,0.05,0.05,0.05,0.05,0.05,0.05,0.05,0.05,0.05,0.05,0.05,0.05,0.05,0.05,0.05,0.05,0.05,0.0,0.0,0.0,0.0,0.0,0.0,0.0,0.0,0.0,0.0,0.0,0.0,0.0,0.0,0.0,0.0,0.0,0.0,0.0,0.0
0.06330700758131845,0.11954774496599671,0.08798809718252891,0.05382283858390668,0.11398017703820007,0.013490803382745022,0.047710312046808305,0.041686407644930916,0.14937289115106944,0.01850017618543757,0.03414042182187241,0.039345523573215156,0.14433329765008476,-0.006926539658888736,0.0427861423926639,0.039549723177457106,0.1291561550088993,-0.007730435152405862,0.10879919396922758,0.02397331112971295,0.9842677811368035,2.3160489804454523,1.7209125949176707,1.2697308617031406,2.068763216832673,0.34087431814399094,0.6900419500403239,0.5935463068267379,2.650972124411296,0.3989342082709334,0.45944936831022354,0.6098392579416962,2.5528291400090786,-0.10034016843598124,0.5746864930225669,0.6200303129834277,2.266873984374871,-0.13159274309035698,1.838978484993962,0.19520116410540936,3.0,3.0,3.0,3.0,3.0,3.0,3.0,3.0,3.0,3.0,3.0,3.0,3.0,3.0,3.0,3.0,3.0,3.0,3.0,3.0,0.05,0.05,0.05,0.05,0.05,0.05,0.05,0.05,0.05,0.05,0.05,0.05,0.05,0.05,0.05,0.05,0.05,0.05,0.05,0.05,0.0,0.0,0.0,0.0,0.0,0.0,0.0,0.0,0.0,0.0,0.0,0.0,0.0,0.0,0.0,0.0,0.0,0.0,0.0,0.0,0.13252162400111375,0.09188446299559756,0.07911745944875377,0.04248922287084595,0.1740157752732001,0.024577244579664533,0.17337071930903983,0.08413438117395386,0.2614762981611086,0.007705359904015058,0.20581442344375223,0.13516961310248893,0.27057761924855706,0.027734082146354234,0.23057314583535019,0.13284197269179324,0.2444413274639038,0.018523773266915223,0.27870533297123795,0.10785228113781374,2.469165807095263,1.73905502532598,1.5072141195331392,0.8020306537394517,3.440336129290394,0.515221911617401,3.5334652518804477,1.6481564449367818,5.113405940200304,0.17227568199137722,4.168566639492114,2.665111515529269,5.244182416146191,0.5089103724725372,4.580386185799752,2.5991473700432945,4.75782680189216,0.3237751127173819,5.5304883277944406,2.0688560245563345,3.0,3.0,3.0,3.0,3.0,3.0,3.0,3.0,3.0,3.0,3.0,3.0,3.0,3.0,3.0,3.0,3.0,3.0,3.0,3.0,0.05,0.05,0.05,0.05,0.05,0.05,0.05,0.05,0.05,0.05,0.05,0.05,0.05,0.05,0.05,0.05,0.05,0.05,0.05,0.05,0.0,0.0,0.0,0.0,0.0,0.0,0.0,0.0,0.0,0.0,0.0,0.0,0.0,0.0,0.0,0.0,0.0,0.0,0.0,0.0
0.08302212849766687,0.1697054124272027,0.12530680328832633,0.08240359963594644,0.15787842305915342,0.021301269111787292,0.061288665736770075,0.0533339668876484,0.2052249765792269,0.027335701268636485,0.04290496625895043,0.051676678577693355,0.19809417543738916,-0.008897189132989005,0.05365715339240661,0.052064280798577195,0.1766086660968005,-0.01037121546078936,0.14678893849633703,0.02719392978614797,0.9656659614896281,2.645632574823982,1.9667374000616136,1.5580484228417393,2.261992891653185,0.44147015509225046,0.6352563467374601,0.5420941370957144,2.851265440455289,0.4787269098062847,0.3973559534596889,0.6015692389834,2.748732187585517,-0.08707441100003029,0.4813105803633444,0.6064315457463098,2.4268799936540497,-0.12308575380384783,1.8884670273161832,0.12210528473213296,3.0,3.0,3.0,3.0,3.0,3.0,3.0,3.0,3.0,3.0,3.0,3.0,3.0,3.0,3.0,3.0,3.0,3.0,3.0,3.0,0.05,0.05,0.05,0.05,0.05,0.05,0.05,0.05,0.05,0.05,0.05,0.05,0.05,0.05,0.05,0.05,0.05,0.05,0.05,0.05,0.0,0.0,0.0,0.0,0.0,0.0,0.0,0.0,0.0,0.0,0.0,0.0,0.0,0.0,0.0,0.0,0.0,0.0,0.0,0.0,0.1853859633603627,0.12917398224819931,0.1115642836036606,0.05962523851993072,0.24902971824031428,0.03609491922480356,0.25082624743332443,0.11993668495787241,0.37231202183781364,0.011617468325007384,0.2970393744242681,0.19312445081550256,0.3840448980870328,0.038552279837227435,0.33023926775314144,0.18925582148222295,0.3476089396709207,0.025247916447898446,0.3989465582126833,0.15261702230197136,2.743507243308696,1.9406910369244408,1.6987581031810615,0.8715929437666156,3.9948204040597193,0.6391504981959772,4.146338792278665,1.9001081668279025,5.855917050867408,0.22094918743198552,4.869406263582163,3.0696756737791127,5.98182787167412,0.5582244295894231,5.28500675199221,2.982372131394082,5.44543352837614,0.334604542766426,6.361357205893674,2.3609065815543397,3.0,3.0,3.0,3.0,3.0,3.0,3.0,3.0,3.0,3.0,3.0,3.0,3.0,3.0,3.0,3.0,3.0,3.0,3.0,3.0,0.05,0.05,0.05,0.05,0.05,0.05,0.05,0.05,0.05,0.05,0.05,0.05,0.05,0.05,0.05,0.05,0.05,0.05,0.05,0.05,0.0,0.0,0.0,0.0,0.0,0.0,0.0,0.0,0.0,0.0,0.0,0.0,0.0,0.0,0.0,0.0,0.0,0.0,0.0,0.0
0.10193364604090357,0.225373047958956,0.16665759318499346,0.11614477549757625,0.20445989270432746,0.03114960958643504,0.07312056591630671,0.06337017312875949,0.263423508769281,0.03764925257768896,0.050034659960259964,0.06340829313255116,0.25428258515350544,-0.010409516098889947,0.06203856560719768,0.0638069850073095,0.2262313547550613,-0.012653865304559775,0.1843378750618749,0.028857522518998268,0.926030499595357,2.8362147657761243,2.1047292464157414,1.7553618810800173,2.3462963276530155,0.5161283920530055,0.554171312322122,0.4661873883545631,2.9123367415974557,0.5323692872291561,0.3243211332733675,0.5676578370752458,2.8126909674060965,-0.0678917634804664,0.3709793413647912,0.5659983808793487,2.483375829232643,-0.10612534813593247,1.842603558204521,0.034785050939098276,3.0,3.0,3.0,3.0,3.0,3.0,3.0,3.0,3.0,3.0,3.0,3.0,3.0,3.0,3.0,3.0,3.0,3.0,3.0,3.0,0.05,0.05,0.05,0.05,0.05,0.05,0.05,0.05,0.05,0.05,0.05,0.05,0.05,0.05,0.05,0.05,0.05,0.05,0.05,0.05,0.0,0.0,0.0,0.0,0.0,0.0,0.0,0.0,0.0,0.0,0.0,0.0,0.0,0.0,0.0,0.0,0.0,0.0,0.0,0.0,0.2422619137334616,0.1695121044725752,0.14706778357599623,0.07735294062151057,0.3338085914355889,0.05014326450750362,0.33922427100018643,0.16013870784706996,0.49571298019580495,0.01654332740129448,0.40059067398703874,0.25795664005365343,0.5098507341155218,0.05006305932993116,0.4419734159150386,0.2521368579475565,0.4622586685989494,0.03190795497757226,0.5331596212069849,0.20228854439998734,2.883758451755889,2.0386218753429746,1.807953668706461,0.8637720424233778,4.382921077855651,0.7518764125613092,4.592403340341565,2.0758051405207563,6.316569893052412,0.2628891084492119,5.3557714295451975,3.333128787033199,6.44459889478498,0.5755029970671165,5.757247067456896,3.2312265439919723,5.8919968025337175,0.32660767994992795,6.903489903098256,2.553282590303383,3.0,3.0,3.0,3.0,3.0,3.0,3.0,3.0,3.0,3.0,3.0,3.0,3.0,3.0,3.0,3.0,3.0,3.0,3.0,3.0,0.05,0.05,0.05,0.05,0.05,0.05,0.05,0.05,0.05,0.05,0.05,0.05,0.05,0.05,0.05,0.05,0.05,0.05,0.05,0.05,0.0,0.0,0.0,0.0,0.0,0.0,0.0,0.0,0.0,0.0,0.0,0.0,0.0,0.0,0.0,0.0,0.0,0.0,0.0,0.0
0.12006334848148115,0.28315400305824767,0.209495973144956,0.15261807487914714,0.25173027616527405,0.041946404793907516,0.08345551822965495,0.07198146242183093,0.3217184462431251,0.04863047275780273,0.05587781158988513,0.07438299206070319,0.310601814133633,-0.01161285967220766,0.06849632704699826,0.07470421603375114,0.27594369926610623,-0.014616229386226658,0.22049308082451788,0.0285853318237119,0.8947425174987103,2.8780921088866767,2.1030505490917935,1.8548690535335084,2.328511446368009,0.5579039377942321,0.42472367885955514,0.33994946976416174,2.811137022660817,0.5653369816690077,0.22393455873828683,0.4933152894728187,2.7370735051806885,-0.03427803238778629,0.21030523918080402,0.4817893001013682,2.4400738676931573,-0.05967316672704941,1.614259050753198,-0.04468503856313831,3.0,3.0,3.0,3.0,3.0,3.0,3.0,3.0,3.0,3.0,3.0,3.0,3.0,3.0,3.0,3.0,3.0,3.0,3.0,3.0,0.05,0.05,0.05,0.05,0.05,0.05,0.05,0.05,0.05,0.05,0.05,0.05,0.05,0.05,0.05,0.05,0.05,0.05,0.05,0.05,0.0,0.0,0.0,0.0,0.0,0.0,0.0,0.0,0.0,0.0,0.0,0.0,0.0,0.0,0.0,0.0,0.0,0.0,0.0,0.0,0.30073630143059826,0.2107188572619183,0.18388243035191904,0.09417612021686583,0.42434656135454035,0.06616997572725593,0.43452238104698704,0.20296889057870265,0.6249748175599101,0.02213303266297586,0.511270231606076,0.3264496022968305,0.641828853878432,0.061572399719912095,0.5605291504514173,0.31850488324190185,0.5832888117722694,0.038312223645895566,0.6750861543366136,0.2547483259141067,2.8863329945143614,2.036634642569177,1.8162818204599314,0.7674539748202789,4.579074758159467,0.8379807503508642,4.837742923501979,2.1647565023329074,6.449445595702781,0.29138285190309626,5.594096278955749,3.440295393970094,6.560551304306888,0.5529900196832613,5.9535236535600555,3.3255208536764043,6.026910588273177,0.2912112299724399,7.103357037012548,2.6306016125023866,3.0,3.0,3.0,3.0,3.0,3.0,3.0,3.0,3.0,3.0,3.0,3.0,3.0,3.0,3.0,3.0,3.0,3.0,3.0,3.0,0.05,0.05,0.05,0.05,0.05,0.05,0.05,0.05,0.05,0.05,0.05,0.05,0.05,0.05,0.05,0.05,0.05,0.05,0.05,0.05,0.0,0.0,0.0,0.0,0.0,0.0,0.0,0.0,0.0,0.0,0.0,0.0,0.0,0.0,0.0,0.0,0.0,0.0,0.0,0.0
0.137723346740852,0.34049673231442307,0.2507796151486652,0.1903395376389166,0.2976003505590478,0.053465767098204324,0.09010951307068892,0.07696815191932596,0.3758689896757137,0.06026273184444927,0.05899204230979144,0.0831409047114639,0.363765525360733,-0.011780637394401399,0.07045077517442984,0.08307855701136423,0.3238343094627876,-0.015040791973641752,0.24890823709200283,0.027070120976472736,0.8228633385286912,2.7610319279271685,1.9940041995379048,1.8592527970305728,2.2456411216557184,0.5850905960819704,0.18107192401473104,0.08891258158191459,2.5835562642770165,0.5794697638228048,0.08424112128446494,0.3575312207618173,2.61018551756738,0.007728912786533803,-0.06433632919739772,0.339022560162262,2.46001806722992,0.0030380210824735264,0.9306795016881565,-0.09034368143041004,3.0,3.0,3.0,3.0,3.0,3.0,3.0,3.0,3.0,3.0,3.0,3.0,3.0,3.0,3.0,3.0,3.0,3.0,3.0,3.0,0.05,0.05,0.05,0.05,0.05,0.05,0.05,0.05,0.05,0.05,0.05,0.05,0.05,0.05,0.05,0.05,0.05,0.05,0.05,0.05,0.0,0.0,0.0,0.0,0.0,0.0,0.0,0.0,0.0,0.0,0.0,0.0,0.0,0.0,0.0,0.0,0.0,0.0,0.0,0.0,0.35771523351403606,0.25097749017534227,0.21971905639439349,0.10805109961432173,0.5169715817619676,0.08366249452153819,0.5327339879402656,0.24672896794038626,0.7536908040239162,0.02819864147741833,0.6243545251452687,0.3955684558124572,0.7722727862877974,0.07218266011726161,0.6801143620574408,0.3851576920946127,0.7033350921298764,0.04355640417646986,0.8172939026874868,0.3075126089000828,2.729769089225796,1.9353389860927426,1.7219275696128744,0.6115473734706087,4.556426037705978,0.8787962179993863,4.864368555015197,2.162906147619412,6.237154933567326,0.29838002520212525,5.568233290673763,3.3838541623032277,6.314584325174621,0.48696925564034166,5.860822185827982,3.257163695382721,5.822673021210553,0.2223192311816953,6.942398500648017,2.586809285229567,3.0,3.0,3.0,3.0,3.0,3.0,3.0,3.0,3.0,3.0,3.0,3.0,3.0,3.0,3.0,3.0,3.0,3.0,3.0,3.0,0.05,0.05,0.05,0.05,0.05,0.05,0.05,0.05,0.05,0.05,0.05,0.05,0.05,0.05,0.05,0.05,0.05,0.05,0.05,0.05,0.0,0.0,0.0,0.0,0.0,0.0,0.0,0.0,0.0,0.0,0.0,0.0,0.0,0.0,0.0,0.0,0.0,0.0,0.0,0.0
0.1529778820226288,0.3935952801753344,0.2892561411264722,0.22698818676037005,0.3415559210315028,0.06535002863718634,0.0906983951902442,0.07553796568510751,0.4250606968142058,0.07180926331071492,0.05924745644126373,0.08868424089117588,0.41500923483632823,-0.011303703160746309,0.06592287387910235,0.08826511844024162,0.37434442195530304,-0.014494708542927717,0.25772026089204414,0.024971584566495498,0.706345371006533,2.4918796237751297,1.8059758708661902,1.7518820353785824,2.059300365807622,0.5410708071076407,-0.008447152725321594,-0.10744343430827419,2.257699596246861,0.5313785609545827,-0.02380287285712948,0.2307575076819574,2.33664895274186,0.03398048307275752,-0.28522337174913415,0.2085162534628957,2.351436299258658,0.05543342204244279,0.28862106520052,-0.11038136656058391,3.0,3.0,3.0,3.0,3.0,3.0,3.0,3.0,3.0,3.0,3.0,3.0,3.0,3.0,3.0,3.0,3.0,3.0,3.0,3.0,0.05,0.05,0.05,0.05,0.05,0.05,0.05,0.05,0.05,0.05,0.05,0.05,0.05,0.05,0.05,0.05,0.05,0.05,0.05,0.05,0.0,0.0,0.0,0.0,0.0,0.0,0.0,0.0,0.0,0.0,0.0,0.0,0.0,0.0,0.0,0.0,0.0,0.0,0.0,0.0,0.4099270649996301,0.288132416705628,0.252759533136434,0.11863801515569018,0.6066036028627795,0.10132182444723138,0.6290971232475949,0.2894851364834791,0.8744610149026032,0.03406823367106087,0.7339995632330265,0.4618037687889596,0.8944122268854169,0.08105116994552576,0.7949620378845366,0.4487914310572107,0.8161957326206916,0.04720499289316338,0.9527820943625342,0.35822069732328937,2.4237416353394865,1.7381626005870856,1.5420815607723695,0.43574842691856513,4.29336486747122,0.8642622676705212,4.652835549530209,2.064679574918305,5.682308084030588,0.2795056338492453,5.263426789586193,3.1597165780166705,5.7409980324648835,0.38616225587413466,5.486577479984303,3.028044368854879,5.316595959364006,0.1354416576092572,6.439981885355084,2.4262185183913294,3.0,3.0,3.0,3.0,3.0,3.0,3.0,3.0,3.0,3.0,3.0,3.0,3.0,3.0,3.0,3.0,3.0,3.0,3.0,3.0,0.05,0.05,0.05,0.05,0.05,0.05,0.05,0.05,0.05,0.05,0.05,0.05,0.05,0.05,0.05,0.05,0.05,0.05,0.05,0.05,0.0,0.0,0.0,0.0,0.0,0.0,0.0,0.0,0.0,0.0,0.0,0.0,0.0,0.0,0.0,0.0,0.0,0.0,0.0,0.0
0.1659771615811133,0.44017191726542826,0.3230186499833128,0.2604148190540599,0.3799723651913527,0.07510859938250995,0.08977162696167605,0.072670414546995,0.4661769735255881,0.08151787428263257,0.05803992739550626,0.0923712050187422,0.4572314834704074,-0.010421418071491098,0.05904184030446447,0.09141920714988006,0.4178917614331339,-0.01282345509194404,0.2604530797000236,0.02265486631404938,0.5898844975679489,2.099052228581397,1.5197065335308457,1.5325954152468728,1.7185244546538871,0.4391892528255375,-0.08455255855441199,-0.17146555602541164,1.8103150219743056,0.44040010220652814,-0.08934138110280147,0.1393921733483138,1.8864490909217033,0.04633515226612063,-0.3600518918829966,0.11796824712597687,1.9524307238439924,0.0971289050094852,0.008652770942169097,-0.14007896945761808,3.0,3.0,3.0,3.0,3.0,3.0,3.0,3.0,3.0,3.0,3.0,3.0,3.0,3.0,3.0,3.0,3.0,3.0,3.0,3.0,0.05,0.05,0.05,0.05,0.05,0.05,0.05,0.05,0.05,0.05,0.05,0.05,0.05,0.05,0.05,0.05,0.05,0.05,0.05,0.05,0.0,0.0,0.0,0.0,0.0,0.0,0.0,0.0,0.0,0.0,0.0,0.0,0.0,0.0,0.0,0.0,0.0,0.0,0.0,0.0,0.4546648989276155,0.3205039941988257,0.28140231882528827,0.12548103669106433,0.6887061764608163,0.11823298522835904,0.718847409921474,0.32931615093711847,0.9809831273851397,0.039378866831388144,0.8348915967287164,0.521957118933124,1.0019127075863927,0.087629150352227,0.8995774612568129,0.5062794668488079,0.9159989305044367,0.04897407048084015,1.0748931781016902,0.404561349635736,2.0021974378831144,1.465415968926316,1.28554400639109,0.2611446456695973,3.8161480612891205,0.8026101490295198,4.217141904086508,1.8765906880271868,4.840981727223212,0.2422879962872186,4.699472741957159,2.781257465897856,4.879484907362813,0.26539353665255666,4.850522742447322,2.65104343137348,4.53826923558924,0.04205142761033193,5.622803885644189,2.1524420540420324,3.0,3.0,3.0,3.0,3.0,3.0,3.0,3.0,3.0,3.0,3.0,3.0,3.0,3.0,3.0,3.0,3.0,3.0,3.0,3.0,0.05,0.05,0.05,0.05,0.05,0.05,0.05,0.05,0.05,0.05,0.05,0.05,0.05,0.05,0.05,0.05,0.05,0.05,0.05,0.05,0.0,0.0,0.0,0.0,0.0,0.0,0.0,0.0,0.0,0.0,0.0,0.0,0.0,0.0,0.0,0.0,0.0,0.0,0.0,0.0
0.17657326192534675,0.4775573693185903,0.350044402467706,0.28829200337024496,0.4102968992176583,0.08291759875020784,0.08731629284806772,0.06867934344409105,0.497473297693178,0.08942526739897605,0.05567380119715167,0.09425992782510843,0.49046719847319636,-0.009450297070101484,0.05152079820378249,0.0929838483252807,0.45244165090906274,-0.010609552342548309,0.2580663717297309,0.019368425788190775,0.6104666744222914,1.5995197728523063,1.1179150664665072,1.17604637621673,1.331919792763217,0.3175018952806453,-0.11785954135247155,-0.198148998272326,1.3425227283471661,0.3305565273766464,-0.11350995476343047,0.06959734533481775,1.4506661152605806,0.04607360600451735,-0.35690030878197193,0.06074024739701443,1.5407211303963595,0.13348151307035822,-0.23569661177439,-0.14525500057265395,3.0,3.0,3.0,3.0,3.0,3.0,3.0,3.0,3.0,3.0,3.0,3.0,3.0,3.0,3.0,3.0,3.0,3.0,3.0,3.0,0.05,0.05,0.05,0.05,0.05,0.05,0.05,0.05,0.05,0.05,0.05,0.05,0.05,0.05,0.05,0.05,0.05,0.05,0.05,0.05,0.0,0.0,0.0,0.0,0.0,0.0,0.0,0.0,0.0,0.0,0.0,0.0,0.0,0.0,0.0,0.0,0.0,0.0,0.0,0.0,0.4900149625149547,0.34674905546268064,0.3041812933920776,0.12908380098247407,0.7592495253143443,0.13342623040841217,0.7977827994110552,0.3645487640045666,1.0681002839915317,0.04375975352254961,0.9219784729113129,0.5730540674248739,1.0895916231799294,0.09166691141162803,0.9889829475824294,0.5548331683121499,0.9977265020442612,0.048887049997576655,1.1776942497883018,0.44431837948497066,1.5096814482312897,1.1356563368938504,0.9669519335991791,0.12896208047570093,3.1624711583796565,0.6902938308197271,3.6032134711394215,1.6180313907074986,3.797747788286526,0.18635591476237298,3.9128245207461108,2.272441493254934,3.8070481683473765,0.1389014851363335,3.9950319210419445,2.1532242088248164,3.5542965517304403,-0.0442624347084487,4.549786308941534,1.7787133065747875,3.0,3.0,3.0,3.0,3.0,3.0,3.0,3.0,3.0,3.0,3.0,3.0,3.0,3.0,3.0,3.0,3.0,3.0,3.0,3.0,0.05,0.05,0.05,0.05,0.05,0.05,0.05,0.05,0.05,0.05,0.05,0.05,0.05,0.05,0.05,0.05,0.05,0.05,0.05,0.05,0.0,0.0,0.0,0.0,0.0,0.0,0.0,0.0,0.0,0.0,0.0,0.0,0.0,0.0,0.0,0.0,0.0,0.0,0.0,0.0
0.19039582855800496,0.5041527081795205,0.3677352526419731,0.3074566741027291,0.43324915690188137,0.08780867519373577,0.08505724530757719,0.06474445461610195,0.5198778826594748,0.09474013537769843,0.05349952920496904,0.09515509883213491,0.5152581280808306,-0.008578473831310404,0.044765827953185594,0.09384881704576063,0.47952060664898827,-0.007484194569129712,0.251025215229048,0.016844666291143222,0.7010374472725136,1.0649717180087974,0.6898508587413088,0.76930897696878,0.9574904133251572,0.174875417184521,-0.09929606896401273,-0.18551819383112264,0.9115771689778076,0.20488357781085867,-0.0948482883865934,0.027816037049710474,1.0251762278076018,0.03859179651687097,-0.30770739154392274,0.03225307153791948,1.1896450607839393,0.15708875765912025,-0.4169765320657208,-0.12188010287694007,3.0,3.0,3.0,3.0,3.0,3.0,3.0,3.0,3.0,3.0,3.0,3.0,3.0,3.0,3.0,3.0,3.0,3.0,3.0,3.0,0.05,0.05,0.05,0.05,0.05,0.05,0.05,0.05,0.05,0.05,0.05,0.05,0.05,0.05,0.05,0.05,0.05,0.05,0.05,0.05,0.0,0.0,0.0,0.0,0.0,0.0,0.0,0.0,0.0,0.0,0.0,0.0,0.0,0.0,0.0,0.0,0.0,0.0,0.0,0.0,0.5150521568568671,0.3659302476745797,0.32008039616925543,0.13063951991009237,0.8152050227960026,0.14584473846114812,0.8629759487670509,0.3940374065654184,1.1328930389166008,0.046833103421883064,0.9914045775585608,0.6128547786633214,1.1541946343202878,0.09318520975768034,1.0593787380984907,0.5924084352018005,1.0581707925736543,0.0472035730925022,1.2568846304593515,0.4757098818987275,0.9973128365610456,0.781975041298455,0.6301101399950076,0.03085849759241338,2.417171327425846,0.5447263293515705,2.88326206418901,1.3174456512496477,2.6755365427191866,0.12103680537978462,3.002915491419414,1.6945009690755686,2.6504216292752845,0.01975337653499186,3.019572409225618,1.5927029653218432,2.4876674443029434,-0.11674119816654244,3.3476211221876717,1.34827755879528,3.0,3.0,3.0,3.0,3.0,3.0,3.0,3.0,3.0,3.0,3.0,3.0,3.0,3.0,3.0,3.0,3.0,3.0,3.0,3.0,0.05,0.05,0.05,0.05,0.05,0.05,0.05,0.05,0.05,0.05,0.05,0.05,0.05,0.05,0.05,0.05,0.05,0.05,0.05,0.05,0.0,0.0,0.0,0.0,0.0,0.0,0.0,0.0,0.0,0.0,0.0,0.0,0.0,0.0,0.0,0.0,0.0,0.0,0.0,0.0
0.2046147598162473,0.5201562380389422,0.37763843681735837,0.31906436244899616,0.44859651575066456,0.08991261543758867,0.08334445008950721,0.06125861569084614,0.5339363844522903,0.0976206105114104,0.051879869661687936,0.09537256930709685,0.5314742475855004,-0.007906625209426645,0.03921250254202558,0.09427397118679748,0.5000274533404203,-0.004326002036183499,0.24138731044710207,0.014493221673113172,0.7360594943864658,0.5843419436012215,0.3286602198951827,0.37133334427570525,0.6321979392984192,0.03392980760347046,-0.043225098056834735,-0.1437568131715557,0.5409660873278738,0.0868040637930289,-0.05136550895530369,0.01056739119874063,0.6660979437273201,0.021939192073643,-0.21658596043225928,0.02954570093325684,0.8925661149139937,0.1479791301396393,-0.49191343900758033,-0.13475900028215196,3.0,3.0,3.0,3.0,3.0,3.0,3.0,3.0,3.0,3.0,3.0,3.0,3.0,3.0,3.0,3.0,3.0,3.0,3.0,3.0,0.05,0.05,0.05,0.05,0.05,0.05,0.05,0.05,0.05,0.05,0.05,0.05,0.05,0.05,0.05,0.05,0.05,0.05,0.05,0.05,0.0,0.0,0.0,0.0,0.0,0.0,0.0,0.0,0.0,0.0,0.0,0.0,0.0,0.0,0.0,0.0,0.0,0.0,0.0,0.0,0.5299074759773965,0.37802805711461884,0.3293856989918779,0.1303181408861706,0.8559363784113782,0.155215283582475,0.9131132819786156,0.4172465900545525,1.1751217457002991,0.048601225737741,1.0420950925680894,0.6408341061878966,1.1956084883509408,0.0924570464730277,1.1097658439514542,0.6185412869250236,1.097233199816379,0.04421740207091496,1.3115990946758087,0.49824948183678186,0.5226154076765854,0.44742822904847296,0.3037036636253834,-0.045204234869272025,1.6901084877264272,0.3845619012002227,2.1761270166735844,1.0271502703360567,1.6206214788629214,0.05485698749887035,2.103026849207959,1.1284383608816118,1.567982199518364,-0.08023038733521726,2.0692338546571762,1.051267445077475,1.4873010174560997,-0.1697200783184357,2.192186742191543,0.9272844417559503,3.0,3.0,3.0,3.0,3.0,3.0,3.0,3.0,3.0,3.0,3.0,3.0,3.0,3.0,3.0,3.0,3.0,3.0,3.0,3.0,0.05,0.05,0.05,0.05,0.05,0.05,0.05,0.05,0.05,0.05,0.05,0.05,0.05,0.05,0.05,0.05,0.05,0.05,0.05,0.05,0.0,0.0,0.0,0.0,0.0,0.0,0.0,0.0,0.0,0.0,0.0,0.0,0.0,0.0,0.0,0.0,0.0,0.0,0.0,0.0
0.2198382083334636,0.5275263859235694,0.3808816614377804,0.3223100078737573,0.45853707447381814,0.08916586749787458,0.0833282413853038,0.058994182089239726,0.5415165261525897,0.09821229792941959,0.05144490884675689,0.09557779448008454,0.5419020458299234,-0.007700906148364684,0.03610238953589522,0.0950306450830909,0.515223251245548,-0.0015650293635441398,0.2313486776687448,0.011454306279857144,0.7832377817849796,0.2261779318351309,0.0408565634680183,0.06395619107917305,0.4251984632070341,-0.09378473508560616,0.06273226208555437,-0.06682951346980766,0.31442634431255445,-0.01690397948295279,0.022536844959876803,0.030709883957901266,0.4683461037584852,-0.0075530918768107035,-0.0812170096458677,0.06684489134151095,0.6920105358628137,0.12699247028118427,-0.47099932585669757,-0.05697487562254231,3.0,3.0,3.0,3.0,3.0,3.0,3.0,3.0,3.0,3.0,3.0,3.0,3.0,3.0,3.0,3.0,3.0,3.0,3.0,3.0,0.05,0.05,0.05,0.05,0.05,0.05,0.05,0.05,0.05,0.05,0.05,0.05,0.05,0.05,0.05,0.05,0.05,0.05,0.05,0.05,0.0,0.0,0.0,0.0,0.0,0.0,0.0,0.0,0.0,0.0,0.0,0.0,0.0,0.0,0.0,0.0,0.0,0.0,0.0,0.0,0.5359567731639305,0.38382737683651863,0.33222854271427077,0.1288313505153215,0.8828093623050597,0.16122721450915703,0.9500210294339942,0.4351234173788607,1.1977178980711176,0.04902738292183788,1.0755256515268792,0.6579923130985859,1.2169139223010224,0.08997599426427165,1.1421480922847778,0.6344591330048995,1.1176628332718983,0.04041476995976477,1.3445721001470132,0.5128012595689655,0.1874965660458916,0.18859674293950635,0.07786002859813262,-0.057309639998846806,1.1312015311935124,0.24673143153721572,1.6151834067342552,0.7992473742236508,0.8704940171376019,0.004886072774469737,1.3963871291952867,0.6860044305305513,0.785410612080667,-0.13690809071067558,1.326675305670738,0.6328183775259594,0.7286721532187623,-0.18710191250232988,1.2855837989144137,0.5910855849627167,3.0,3.0,3.0,3.0,3.0,3.0,3.0,3.0,3.0,3.0,3.0,3.0,3.0,3.0,3.0,3.0,3.0,3.0,3.0,3.0,0.05,0.05,0.05,0.05,0.05,0.05,0.05,0.05,0.05,0.05,0.05,0.05,0.05,0.05,0.05,0.05,0.05,0.05,0.05,0.05,0.0,0.0,0.0,0.0,0.0,0.0,0.0,0.0,0.0,0.0,0.0,0.0,0.0,0.0,0.0,0.0,0.0,0.0,0.0,0.0
0.23594427108764648,0.5292033553123474,0.3792726993560791,0.3216226100921631,0.4656044542789459,0.08616122603416443,0.08585374057292938,0.05858543515205383,0.5465134382247925,0.09694445133209229,0.05278134346008301,0.0966009646654129,0.5502080917358398,-0.008208748884499073,0.03596382215619087,0.09694776684045792,0.5277078747749329,0.0007536967750638723,0.22254733741283417,0.01221422664821148,0.8502876665241736,0.05850326666372585,-0.10557681974844996,-0.05927997985441524,0.3538987898002069,-0.18122068619612075,0.19510123190077977,0.02982922173365033,0.27148764307551587,-0.0839474591884392,0.10503990900166144,0.08214238614442058,0.43816466073613725,-0.037369993184741816,0.055568907618740344,0.13521122309810804,0.6635132813918171,0.10809963530454421,-0.3575086393399658,0.021009083893418688,3.0,3.0,3.0,3.0,3.0,3.0,3.0,3.0,3.0,3.0,3.0,3.0,3.0,3.0,3.0,3.0,3.0,3.0,3.0,3.0,0.05,0.05,0.05,0.05,0.05,0.05,0.05,0.05,0.05,0.05,0.05,0.05,0.05,0.05,0.05,0.05,0.05,0.05,0.05,0.05,0.0,0.0,0.0,0.0,0.0,0.0,0.0,0.0,0.0,0.0,0.0,0.0,0.0,0.0,0.0,0.0,0.0,0.0,0.0,0.0,0.5374073386192322,0.3855719268321991,0.3325001001358032,0.12802575528621674,0.9011844396591187,0.16508454084396362,0.9777206182479858,0.44921648502349854,1.2099415063858032,0.04879666864871979,1.0979505777359009,0.6682742834091187,1.2270249128341675,0.08698072284460068,1.1628328561782837,0.643854022026062,1.1263800859451294,0.03673332557082176,1.3630224466323853,0.5218929052352905,0.04054076964517539,0.0677990795676861,-0.02954009545228925,-0.01786670858749742,0.8601794269468721,0.16801982686152836,1.35360655880499,0.7083914279590555,0.49506741314362945,-0.026161306641079782,1.029127584089068,0.45841758967249957,0.4263166668244167,-0.16025910613901398,0.9631942983721942,0.42980325580249945,0.3769416079303256,-0.19070517302346954,0.8427581910191884,0.426887725501357,3.0,3.0,3.0,3.0,3.0,3.0,3.0,3.0,3.0,3.0,3.0,3.0,3.0,3.0,3.0,3.0,3.0,3.0,3.0,3.0,0.05,0.05,0.05,0.05,0.05,0.05,0.05,0.05,0.05,0.05,0.05,0.05,0.05,0.05,0.05,0.05,0.05,0.05,0.05,0.05,0.0,0.0,0.0,0.0,0.0,0.0,0.0,0.0,0.0,0.0,0.0,0.0,0.0,0.0,0.0,0.0,0.0,0.0,0.0,0.0
0.25384971499443054,0.5298665165901184,0.3766585886478424,0.3199388086795807,0.4726930260658264,0.08191704005002975,0.09113229066133499,0.06018735095858574,0.5523760318756104,0.09485439956188202,0.05564650520682335,0.09886348992586136,0.5594286322593689,-0.009195705875754356,0.038325145840644836,0.10043909400701523,0.5417637825012207,0.0027589560486376286,0.21704833209514618,0.012294669635593891,0.9378381073474884,-0.018139183521270752,-0.13435930013656616,-0.036390870809555054,0.3497026860713959,-0.2453196793794632,0.3498997539281845,0.13766400516033173,0.3184989094734192,-0.11130776256322861,0.15736045315861702,0.14260169118642807,0.4546821117401123,-0.044700782746076584,0.14160992577672005,0.21122153848409653,0.7258325815200806,0.09327454608865082,-0.20863637328147888,-0.030451174825429916,3.0,3.0,3.0,3.0,3.0,3.0,3.0,3.0,3.0,3.0,3.0,3.0,3.0,3.0,3.0,3.0,3.0,3.0,3.0,3.0,0.05,0.05,0.05,0.05,0.05,0.05,0.05,0.05,0.05,0.05,0.05,0.05,0.05,0.05,0.05,0.05,0.05,0.05,0.05,0.05,0.0,0.0,0.0,0.0,0.0,0.0,0.0,0.0,0.0,0.0,0.0,0.0,0.0,0.0,0.0,0.0,0.0,0.0,0.0,0.0,0.5375784039497375,0.3865393400192261,0.3310469388961792,0.1281166821718216,0.9172165393829346,0.16794800758361816,1.0041652917861938,0.4634590744972229,1.2175205945968628,0.04798093065619469,1.116690754890442,0.6763290166854858,1.233966588973999,0.08356563001871109,1.1806758642196655,0.6516512632369995,1.1327404975891113,0.03278656303882599,1.3782824277877808,0.5298767685890198,0.022263824939727783,0.05231797695159912,-0.0580325722694397,0.037275999784469604,0.8172154426574707,0.1303344964981079,1.31855309009552,0.7164180278778076,0.42217373847961426,-0.04089437425136566,0.936087965965271,0.3975406289100647,0.3520548343658447,-0.16099289059638977,0.8710116147994995,0.38055628538131714,0.29720067977905273,-0.18563074991106987,0.7271438837051392,0.38520097732543945,3.0,3.0,3.0,3.0,3.0,3.0,3.0,3.0,3.0,3.0,3.0,3.0,3.0,3.0,3.0,3.0,3.0,3.0,3.0,3.0,0.05,0.05,0.05,0.05,0.05,0.05,0.05,0.05,0.05,0.05,0.05,0.05,0.05,0.05,0.05,0.05,0.05,0.05,0.05,0.05,0.0,0.0,0.0,0.0,0.0,0.0,0.0,0.0,0.0,0.0,0.0,0.0,0.0,0.0,0.0,0.0,0.0,0.0,0.0,0.0
0.273457795381546,0.5284777879714966,0.37389832735061646,0.3201669752597809,0.47959256172180176,0.0763484388589859,0.09984973073005676,0.0640919953584671,0.5592533946037292,0.09249214082956314,0.05907576158642769,0.10230503231287003,0.5683953762054443,-0.009996780194342136,0.041628219187259674,0.10539662837982178,0.5567411780357361,0.004484678618609905,0.214201882481575,0.010996179655194283,0.9593121707439423,-0.02661198377609253,-0.14336556196212769,0.012587755918502808,0.36016330122947693,-0.28264913707971573,0.47342758625745773,0.2202133648097515,0.37827640771865845,-0.1402711495757103,0.20868266001343727,0.1994360238313675,0.5082845687866211,-0.07215230725705624,0.22342456504702568,0.2790398895740509,0.7855221629142761,0.06603533402085304,-0.05796253681182861,-0.045545329339802265,3.0,3.0,3.0,3.0,3.0,3.0,3.0,3.0,3.0,3.0,3.0,3.0,3.0,3.0,3.0,3.0,3.0,3.0,3.0,3.0,0.05,0.05,0.05,0.05,0.05,0.05,0.05,0.05,0.05,0.05,0.05,0.05,0.05,0.05,0.05,0.05,0.05,0.05,0.05,0.05,0.0,0.0,0.0,0.0,0.0,0.0,0.0,0.0,0.0,0.0,0.0,0.0,0.0,0.0,0.0,0.0,0.0,0.0,0.0,0.0,0.5382978916168213,0.38766464591026306,0.33017879724502563,0.12951679527759552,0.9338730573654175,0.17029792070388794,1.0304627418518066,0.47787320613861084,1.2268284559249878,0.04716089367866516,1.1353940963745117,0.6841759085655212,1.2411071062088013,0.08054100722074509,1.1976733207702637,0.6590762734413147,1.1382681131362915,0.029308095574378967,1.3921082019805908,0.5373009443283081,0.04251450300216675,0.053206831216812134,-0.04061385989189148,0.10246522724628448,0.8392602205276489,0.10520704090595245,1.327696442604065,0.736120343208313,0.47107934951782227,-0.044572632759809494,0.9260207414627075,0.3843769431114197,0.34960806369781494,-0.149647518992424,0.8344769477844238,0.3654405474662781,0.27754902839660645,-0.1693105325102806,0.675085186958313,0.36565810441970825,3.0,3.0,3.0,3.0,3.0,3.0,3.0,3.0,3.0,3.0,3.0,3.0,3.0,3.0,3.0,3.0,3.0,3.0,3.0,3.0,0.05,0.05,0.05,0.05,0.05,0.05,0.05,0.05,0.05,0.05,0.05,0.05,0.05,0.05,0.05,0.05,0.05,0.05,0.05,0.05,0.0,0.0,0.0,0.0,0.0,0.0,0.0,0.0,0.0,0.0,0.0,0.0,0.0,0.0,0.0,0.0,0.0,0.0,0.0,0.0
0.29222220182418823,0.5288020372390747,0.3709239661693573,0.3204423189163208,0.4870995581150055,0.07061107456684113,0.1100693941116333,0.0689958855509758,0.5675070881843567,0.08924355357885361,0.06399381160736084,0.10684093087911606,0.5797600150108337,-0.012081798166036606,0.047262128442525864,0.11160068958997726,0.5731846690177917,0.00540036940947175,0.21472983062267303,0.0104728564620018,1.015164703130722,-0.0670209527015686,-0.1615464687347412,0.059369951486587524,0.37299543619155884,-0.3603174351155758,0.6481915712356567,0.329042412340641,0.504562258720398,-0.22213980555534363,0.3382093273103237,0.3157861530780792,0.6714135408401489,-0.163585995323956,0.4097159020602703,0.4166599363088608,0.9099528193473816,-0.03287525032646954,0.2024974673986435,0.02991429064422846,3.0,3.0,3.0,3.0,3.0,3.0,3.0,3.0,3.0,3.0,3.0,3.0,3.0,3.0,3.0,3.0,3.0,3.0,3.0,3.0,0.05,0.05,0.05,0.05,0.05,0.05,0.05,0.05,0.05,0.05,0.05,0.05,0.05,0.05,0.05,0.05,0.05,0.05,0.05,0.05,0.0,0.0,0.0,0.0,0.0,0.0,0.0,0.0,0.0,0.0,0.0,0.0,0.0,0.0,0.0,0.0,0.0,0.0,0.0,0.0,0.5392789840698242,0.38866761326789856,0.32942238450050354,0.13221529126167297,0.9507869482040405,0.17215628921985626,1.0572731494903564,0.4929038882255554,1.2363637685775757,0.04619802534580231,1.1537315845489502,0.6917040944099426,1.2479509115219116,0.07757972925901413,1.2140549421310425,0.6662688851356506,1.1438424587249756,0.026014141738414764,1.4052858352661133,0.5445030927658081,0.044564902782440186,0.04634484648704529,-0.05299672484397888,0.12738443911075592,0.8155182003974915,0.06146766245365143,1.272052526473999,0.7127255201339722,0.3915458917617798,-0.059734098613262177,0.8244633674621582,0.33345967531204224,0.2717316150665283,-0.16304496675729752,0.7386356592178345,0.3247663378715515,0.2108752727508545,-0.18186531960964203,0.5767405033111572,0.32024383544921875,3.0,3.0,3.0,3.0,3.0,3.0,3.0,3.0,3.0,3.0,3.0,3.0,3.0,3.0,3.0,3.0,3.0,3.0,3.0,3.0,0.05,0.05,0.05,0.05,0.05,0.05,0.05,0.05,0.05,0.05,0.05,0.05,0.05,0.05,0.05,0.05,0.05,0.05,0.05,0.05,0.0,0.0,0.0,0.0,0.0,0.0,0.0,0.0,0.0,0.0,0.0,0.0,0.0,0.0,0.0,0.0,0.0,0.0,0.0,0.0
0.3140643835067749,0.5257969498634338,0.3674364686012268,0.3225417733192444,0.4945123791694641,0.06193574145436287,0.12577739357948303,0.07725369185209274,0.5794358849525452,0.0836065486073494,0.07260413467884064,0.1149364784359932,0.5952519178390503,-0.016540220007300377,0.058016855269670486,0.12206302583217621,0.5931392908096313,0.0031696686055511236,0.22230178117752075,0.012192751280963421,1.0904431343078613,-0.19096434116363525,-0.168503075838089,0.12887045741081238,0.4026971757411957,-0.46769650653004646,0.860237330198288,0.45997127890586853,0.6835684180259705,-0.2878984436392784,0.5241036415100098,0.47278348356485367,0.8586019277572632,-0.2280083019286394,0.6422768346965313,0.5903543904423714,1.0333448648452759,-0.12138282181695104,0.5087774246931076,0.15384256839752197,3.0,3.0,3.0,3.0,3.0,3.0,3.0,3.0,3.0,3.0,3.0,3.0,3.0,3.0,3.0,3.0,3.0,3.0,3.0,3.0,0.05,0.05,0.05,0.05,0.05,0.05,0.05,0.05,0.05,0.05,0.05,0.05,0.05,0.05,0.05,0.05,0.05,0.05,0.05,0.05,0.0,0.0,0.0,0.0,0.0,0.0,0.0,0.0,0.0,0.0,0.0,0.0,0.0,0.0,0.0,0.0,0.0,0.0,0.0,0.0,0.5400804877281189,0.3895184397697449,0.3280589282512665,0.13461217284202576,0.9664937853813171,0.172756627202034,1.0813448429107666,0.5063822269439697,1.242490291595459,0.044771529734134674,1.168372631072998,0.6975142955780029,1.2519763708114624,0.07401920855045319,1.227218747138977,0.6720669269561768,1.1467031240463257,0.022033482789993286,1.415177822113037,0.5501106977462769,0.03891885280609131,0.025244057178497314,-0.07696524262428284,0.16106218099594116,0.7266774773597717,0.01564808189868927,1.1297911405563354,0.6351932883262634,0.2585858106613159,-0.07006628438830376,0.6590306758880615,0.2545014023780823,0.17181634902954102,-0.17656460404396057,0.6079941987991333,0.26820898056030273,0.07453262805938721,-0.20267716608941555,0.41918158531188965,0.24463385343551636,3.0,3.0,3.0,3.0,3.0,3.0,3.0,3.0,3.0,3.0,3.0,3.0,3.0,3.0,3.0,3.0,3.0,3.0,3.0,3.0,0.05,0.05,0.05,0.05,0.05,0.05,0.05,0.05,0.05,0.05,0.05,0.05,0.05,0.05,0.05,0.05,0.05,0.05,0.05,0.05,0.0,0.0,0.0,0.0,0.0,0.0,0.0,0.0,0.0,0.0,0.0,0.0,0.0,0.0,0.0,0.0,0.0,0.0,0.0,0.0
0.3358399271965027,0.5211634635925293,0.36418384313583374,0.3255971372127533,0.5032074451446533,0.05190321430563927,0.14447888731956482,0.08739473670721054,0.5948498249053955,0.07772761583328247,0.08495795726776123,0.1257522702217102,0.6141040921211243,-0.021202130243182182,0.07295320183038712,0.13521486520767212,0.6145184636116028,0.0005450565367937088,0.23508092761039734,0.01662655919790268,1.117166131734848,-0.26478320360183716,-0.1616358757019043,0.1857474446296692,0.4633396863937378,-0.5251309834420681,1.010395586490631,0.5561303347349167,0.8432894945144653,-0.30426811426877975,0.7022207602858543,0.605756975710392,1.0165274143218994,-0.23323637433350086,0.8537095971405506,0.7282387465238571,1.1119335889816284,-0.14085015282034874,0.7827147841453552,0.30412597116082907,3.0,3.0,3.0,3.0,3.0,3.0,3.0,3.0,3.0,3.0,3.0,3.0,3.0,3.0,3.0,3.0,3.0,3.0,3.0,3.0,0.05,0.05,0.05,0.05,0.05,0.05,0.05,0.05,0.05,0.05,0.05,0.05,0.05,0.05,0.05,0.05,0.05,0.05,0.05,0.05,0.0,0.0,0.0,0.0,0.0,0.0,0.0,0.0,0.0,0.0,0.0,0.0,0.0,0.0,0.0,0.0,0.0,0.0,0.0,0.0,0.5408357381820679,0.38967737555503845,0.3263437747955322,0.13865777850151062,0.9798540472984314,0.17278221249580383,1.1024647951126099,0.518311619758606,1.2467072010040283,0.04339537397027016,1.1800928115844727,0.7018841505050659,1.2548235654830933,0.0705171450972557,1.2383747100830078,0.6769972443580627,1.146823763847351,0.017907055094838142,1.4220530986785889,0.5542884469032288,0.03701895475387573,-0.012565404176712036,-0.08290037512779236,0.21431036293506622,0.6250128149986267,0.0044286251068115234,1.0016471147537231,0.5685418844223022,0.17576515674591064,-0.05414113402366638,0.5276203155517578,0.18780827522277832,0.09123086929321289,-0.16499049961566925,0.5050539970397949,0.22571831941604614,-0.04475712776184082,-0.1984335482120514,0.2860754728317261,0.1803472638130188,3.0,3.0,3.0,3.0,3.0,3.0,3.0,3.0,3.0,3.0,3.0,3.0,3.0,3.0,3.0,3.0,3.0,3.0,3.0,3.0,0.05,0.05,0.05,0.05,0.05,0.05,0.05,0.05,0.05,0.05,0.05,0.05,0.05,0.05,0.05,0.05,0.05,0.05,0.05,0.05,0.0,0.0,0.0,0.0,0.0,0.0,0.0,0.0,0.0,0.0,0.0,0.0,0.0,0.0,0.0,0.0,0.0,0.0,0.0,0.0
0.3587510287761688,0.5152056217193604,0.36097103357315063,0.32997167110443115,0.5130459666252136,0.040930502116680145,0.16619321703910828,0.09949890524148941,0.6131674647331238,0.0714358240365982,0.10069296509027481,0.13916675746440887,0.6359130144119263,-0.02586967498064041,0.09216523915529251,0.1511925756931305,0.6376166343688965,-0.002464337507262826,0.25361037254333496,0.024357790127396584,1.158246397972107,-0.26548802852630615,-0.1613616943359375,0.24676993489265442,0.5099177360534668,-0.5505158565938473,1.1133253574371338,0.6265228614211082,0.9941324591636658,-0.3296308219432831,0.8577613160014153,0.7130395621061325,1.1492624878883362,-0.25211567990481853,1.0387800633907318,0.8410874754190445,1.2288257479667664,-0.19482781644910574,1.045529544353485,0.45725442469120026,3.0,3.0,3.0,3.0,3.0,3.0,3.0,3.0,3.0,3.0,3.0,3.0,3.0,3.0,3.0,3.0,3.0,3.0,3.0,3.0,0.05,0.05,0.05,0.05,0.05,0.05,0.05,0.05,0.05,0.05,0.05,0.05,0.05,0.05,0.05,0.05,0.05,0.05,0.05,0.05,0.0,0.0,0.0,0.0,0.0,0.0,0.0,0.0,0.0,0.0,0.0,0.0,0.0,0.0,0.0,0.0,0.0,0.0,0.0,0.0,0.5415612459182739,0.3890158236026764,0.3247429132461548,0.1431845873594284,0.9914942979812622,0.17293377220630646,1.1214107275009155,0.5291239023208618,1.2495208978652954,0.04260588437318802,1.1894774436950684,0.7050266265869141,1.255625605583191,0.06741958856582642,1.2474209070205688,0.6810956597328186,1.144912838935852,0.01409614086151123,1.4266208410263062,0.5573245882987976,0.03748685121536255,-0.04146546125411987,-0.0792376697063446,0.24724304676055908,0.5490168929100037,0.00301264226436615,0.8948177099227905,0.5119934678077698,0.11458694934844971,-0.036001577973365784,0.42169690132141113,0.1326039433479309,0.02263188362121582,-0.15121027827262878,0.4166245460510254,0.19015520811080933,-0.13709962368011475,-0.18837619572877884,0.1829594373703003,0.12866705656051636,3.0,3.0,3.0,3.0,3.0,3.0,3.0,3.0,3.0,3.0,3.0,3.0,3.0,3.0,3.0,3.0,3.0,3.0,3.0,3.0,0.05,0.05,0.05,0.05,0.05,0.05,0.05,0.05,0.05,0.05,0.05,0.05,0.05,0.05,0.05,0.05,0.05,0.05,0.05,0.05,0.0,0.0,0.0,0.0,0.0,0.0,0.0,0.0,0.0,0.0,0.0,0.0,0.0,0.0,0.0,0.0,0.0,0.0,0.0,0.0
0.38216978311538696,0.510543942451477,0.35772937536239624,0.3354679346084595,0.523604154586792,0.029882580041885376,0.18901190161705017,0.11245565116405487,0.6346151232719421,0.06454238295555115,0.11926840990781784,0.1542738527059555,0.6600745916366577,-0.031286757439374924,0.11450440436601639,0.1688583642244339,0.6636714935302734,-0.007248056121170521,0.27690210938453674,0.03491673618555069,1.2529164552688599,-0.3910161554813385,-0.190647691488266,0.3212176263332367,0.4893839359283447,-0.6070255301892757,1.2372661381959915,0.7158918306231499,1.0738745331764221,-0.40422379970550537,0.9863940998911858,0.8359774947166443,1.236259937286377,-0.23303590714931488,1.2399444356560707,0.9900178760290146,1.207830011844635,-0.2588003349956125,1.3271301984786987,0.6306267809122801,3.0,3.0,3.0,3.0,3.0,3.0,3.0,3.0,3.0,3.0,3.0,3.0,3.0,3.0,3.0,3.0,3.0,3.0,3.0,3.0,0.05,0.05,0.05,0.05,0.05,0.05,0.05,0.05,0.05,0.05,0.05,0.05,0.05,0.05,0.05,0.05,0.05,0.05,0.05,0.05,0.0,0.0,0.0,0.0,0.0,0.0,0.0,0.0,0.0,0.0,0.0,0.0,0.0,0.0,0.0,0.0,0.0,0.0,0.0,0.0,0.5423352122306824,0.38801875710487366,0.32317426800727844,0.14854750037193298,1.0018147230148315,0.17290271818637848,1.1382575035095215,0.5387913584709167,1.2512906789779663,0.041955310851335526,1.196960687637329,0.7071883082389832,1.255728840827942,0.06446873396635056,1.2550396919250488,0.6846034526824951,1.1413397789001465,0.010372007265686989,1.4293714761734009,0.5594351291656494,0.041462481021881104,-0.061493366956710815,-0.08444711565971375,0.27766935527324677,0.4853099584579468,0.006821751594543457,0.7994145154953003,0.4603192210197449,0.0647425651550293,-0.016454141587018967,0.3289908170700073,0.08451789617538452,-0.02823173999786377,-0.13468842953443527,0.3385603427886963,0.15890151262283325,-0.20869076251983643,-0.17596720717847347,0.09033679962158203,0.08017569780349731,3.0,3.0,3.0,3.0,3.0,3.0,3.0,3.0,3.0,3.0,3.0,3.0,3.0,3.0,3.0,3.0,3.0,3.0,3.0,3.0,0.05,0.05,0.05,0.05,0.05,0.05,0.05,0.05,0.05,0.05,0.05,0.05,0.05,0.05,0.05,0.05,0.05,0.05,0.05,0.05,0.0,0.0,0.0,0.0,0.0,0.0,0.0,0.0,0.0,0.0,0.0,0.0,0.0,0.0,0.0,0.0,0.0,0.0,0.0,0.0
0.4088676869869232,0.4995649755001068,0.35334512591362,0.3428203761577606,0.5326213240623474,0.016649480909109116,0.21568386256694794,0.1281345784664154,0.6561224460601807,0.05526687204837799,0.14014872908592224,0.17260585725307465,0.6853634119033813,-0.03519111126661301,0.14176301658153534,0.19079329073429108,0.6859298348426819,-0.012816350907087326,0.3066955804824829,0.04958286136388779,1.2914285063743591,-0.4656985402107239,-0.18883123993873596,0.3873579204082489,0.4969969391822815,-0.635232962667942,1.3240590691566467,0.7775813341140747,1.1371001601219177,-0.4362857900559902,1.090453751385212,0.934591144323349,1.2869209051132202,-0.24183038622140884,1.3922324404120445,1.1034663766622543,1.1842384934425354,-0.28515609446913004,1.5638276934623718,0.7760981097817421,3.0,3.0,3.0,3.0,3.0,3.0,3.0,3.0,3.0,3.0,3.0,3.0,3.0,3.0,3.0,3.0,3.0,3.0,3.0,3.0,0.05,0.05,0.05,0.05,0.05,0.05,0.05,0.05,0.05,0.05,0.05,0.05,0.05,0.05,0.05,0.05,0.05,0.05,0.05,0.05,0.0,0.0,0.0,0.0,0.0,0.0,0.0,0.0,0.0,0.0,0.0,0.0,0.0,0.0,0.0,0.0,0.0,0.0,0.0,0.0,0.5432197451591492,0.38655608892440796,0.32136502861976624,0.15429136157035828,1.01090669631958,0.1732066422700882,1.1533873081207275,0.5475366711616516,1.2521106004714966,0.04194771870970726,1.2026370763778687,0.7084073424339294,1.2544963359832764,0.062032051384449005,1.2609633207321167,0.6874517202377319,1.1365652084350586,0.0070574525743722916,1.4302343130111694,0.5605316162109375,0.03906339406967163,-0.08797422051429749,-0.09575262665748596,0.30328594148159027,0.4013180732727051,0.019634142518043518,0.696408748626709,0.4057392477989197,-0.0005662441253662109,0.007278844714164734,0.22456645965576172,0.029420852661132812,-0.1128077507019043,-0.10777059942483902,0.22821426391601562,0.1129254698753357,-0.3015786409378052,-0.15509317163378,-0.02459883689880371,0.01910477876663208,3.0,3.0,3.0,3.0,3.0,3.0,3.0,3.0,3.0,3.0,3.0,3.0,3.0,3.0,3.0,3.0,3.0,3.0,3.0,3.0,0.05,0.05,0.05,0.05,0.05,0.05,0.05,0.05,0.05,0.05,0.05,0.05,0.05,0.05,0.05,0.05,0.05,0.05,0.05,0.05,0.0,0.0,0.0,0.0,0.0,0.0,0.0,0.0,0.0,0.0,0.0,0.0,0.0,0.0,0.0,0.0,0.0,0.0,0.0,0.0
0.43382692337036133,0.4919160008430481,0.3501761257648468,0.35096225142478943,0.5434840321540833,0.004473261535167694,0.24197426438331604,0.14355890452861786,0.6800991296768188,0.04709095135331154,0.16288655996322632,0.19165749847888947,0.7115514278411865,-0.04095997288823128,0.17019370198249817,0.21299701929092407,0.7110410332679749,-0.018654299899935722,0.3394552171230316,0.06596066057682037,1.2963734567165375,-0.5108661949634552,-0.16421228647232056,0.4658617079257965,0.5452290177345276,-0.6670704344287515,1.3751674443483353,0.81675685942173,1.177796721458435,-0.44684652239084244,1.1858783662319183,1.027870550751686,1.3262301683425903,-0.29340051114559174,1.5260986983776093,1.1998903006315231,1.1604711413383484,-0.30244532972574234,1.7925083637237549,0.9118761867284775,3.0,3.0,3.0,3.0,3.0,3.0,3.0,3.0,3.0,3.0,3.0,3.0,3.0,3.0,3.0,3.0,3.0,3.0,3.0,3.0,0.05,0.05,0.05,0.05,0.05,0.05,0.05,0.05,0.05,0.05,0.05,0.05,0.05,0.05,0.05,0.05,0.05,0.05,0.05,0.05,0.0,0.0,0.0,0.0,0.0,0.0,0.0,0.0,0.0,0.0,0.0,0.0,0.0,0.0,0.0,0.0,0.0,0.0,0.0,0.0,0.5438977479934692,0.38449978828430176,0.319344162940979,0.1606789380311966,1.0178674459457397,0.17368808388710022,1.1661138534545898,0.5550209283828735,1.2512680292129517,0.042246464639902115,1.2059433460235596,0.7083651423454285,1.2512165307998657,0.060157909989356995,1.2641682624816895,0.6891204714775085,1.1292766332626343,0.004168280400335789,1.4283875226974487,0.5601993203163147,0.04155486822128296,-0.10161846876144409,-0.08716508746147156,0.3341890871524811,0.29840171337127686,0.029123201966285706,0.5730777978897095,0.34106820821762085,-0.07072091102600098,0.02187797799706459,0.10922551155090332,-0.034843385219573975,-0.20056962966918945,-0.08080834522843361,0.09056627750396729,0.05339980125427246,-0.40383338928222656,-0.13037666212767363,-0.14828145503997803,-0.05020648241043091,3.0,3.0,3.0,3.0,3.0,3.0,3.0,3.0,3.0,3.0,3.0,3.0,3.0,3.0,3.0,3.0,3.0,3.0,3.0,3.0,0.05,0.05,0.05,0.05,0.05,0.05,0.05,0.05,0.05,0.05,0.05,0.05,0.05,0.05,0.05,0.05,0.05,0.05,0.05,0.05,0.0,0.0,0.0,0.0,0.0,0.0,0.0,0.0,0.0,0.0,0.0,0.0,0.0,0.0,0.0,0.0,0.0,0.0,0.0,0.0
0.4607226252555847,0.4791303277015686,0.3467766344547272,0.3614548444747925,0.5544304847717285,-0.010033336468040943,0.27069056034088135,0.1608048528432846,0.7032343149185181,0.03739301115274429,0.18758386373519897,0.2137206792831421,0.738412618637085,-0.046927131712436676,0.2028069645166397,0.238788902759552,0.7323486804962158,-0.02491416409611702,0.3783959150314331,0.08605790883302689,1.3454578816890717,-0.6663843989372253,-0.17215535044670105,0.5539841949939728,0.5500465631484985,-0.7270327769219875,1.4412060379981995,0.8756138384342194,1.201467216014862,-0.4931896924972534,1.3034675270318985,1.1747229844331741,1.3396620750427246,-0.31471000984311104,1.7096992582082748,1.3590417802333832,1.0236144065856934,-0.31787860207259655,2.1102644503116608,1.0864518582820892,3.0,3.0,3.0,3.0,3.0,3.0,3.0,3.0,3.0,3.0,3.0,3.0,3.0,3.0,3.0,3.0,3.0,3.0,3.0,3.0,0.05,0.05,0.05,0.05,0.05,0.05,0.05,0.05,0.05,0.05,0.05,0.05,0.05,0.05,0.05,0.05,0.05,0.05,0.05,0.05,0.0,0.0,0.0,0.0,0.0,0.0,0.0,0.0,0.0,0.0,0.0,0.0,0.0,0.0,0.0,0.0,0.0,0.0,0.0,0.0,0.5448819398880005,0.3824913501739502,0.3178784251213074,0.16765892505645752,1.0228427648544312,0.17437157034873962,1.176310420036316,0.5611793994903564,1.2492817640304565,0.042822837829589844,1.2070060968399048,0.7070136070251465,1.2464735507965088,0.05879971757531166,1.2645859718322754,0.6895877122879028,1.1204118728637695,0.0018423860892653465,1.4243030548095703,0.5585233569145203,0.05169212818145752,-0.09285435080528259,-0.06383806467056274,0.3740549087524414,0.1893371343612671,0.035237520933151245,0.43387115001678467,0.26625245809555054,-0.13581514358520508,0.030726753175258636,-0.021821260452270508,-0.1115158200263977,-0.2756178379058838,-0.05445675924420357,-0.07810592651367188,-0.022149085998535156,-0.4903435707092285,-0.10438545723445714,-0.2804487943649292,-0.1324877142906189,3.0,3.0,3.0,3.0,3.0,3.0,3.0,3.0,3.0,3.0,3.0,3.0,3.0,3.0,3.0,3.0,3.0,3.0,3.0,3.0,0.05,0.05,0.05,0.05,0.05,0.05,0.05,0.05,0.05,0.05,0.05,0.05,0.05,0.05,0.05,0.05,0.05,0.05,0.05,0.05,0.0,0.0,0.0,0.0,0.0,0.0,0.0,0.0,0.0,0.0,0.0,0.0,0.0,0.0,0.0,0.0,0.0,0.0,0.0,0.0
0.4876452386379242,0.4652606248855591,0.34328991174697876,0.37312161922454834,0.5654858946800232,-0.024608049541711807,0.299622505903244,0.17858345806598663,0.7281578183174133,0.027363363653421402,0.21502526104450226,0.23864641785621643,0.7651379108428955,-0.05354837328195572,0.23858167231082916,0.2673586905002594,0.7519856095314026,-0.031369443982839584,0.42386579513549805,0.10941873490810394,1.3084664940834045,-0.6963200867176056,-0.1399211585521698,0.5829997360706329,0.6004393100738525,-0.7209606235846877,1.4154061675071716,0.8784495294094086,1.2650713324546814,-0.4962290171533823,1.4068789780139923,1.2691386044025421,1.363515853881836,-0.35942280665040016,1.8325846642255783,1.452675461769104,1.0376200079917908,-0.3402598202228546,2.37748920917511,1.215500570833683,3.0,3.0,3.0,3.0,3.0,3.0,3.0,3.0,3.0,3.0,3.0,3.0,3.0,3.0,3.0,3.0,3.0,3.0,3.0,3.0,0.05,0.05,0.05,0.05,0.05,0.05,0.05,0.05,0.05,0.05,0.05,0.05,0.05,0.05,0.05,0.05,0.05,0.05,0.05,0.05,0.0,0.0,0.0,0.0,0.0,0.0,0.0,0.0,0.0,0.0,0.0,0.0,0.0,0.0,0.0,0.0,0.0,0.0,0.0,0.0,0.5459654331207275,0.38078561425209045,0.3167906403541565,0.17564113438129425,1.0254409313201904,0.17509758472442627,1.1834686994552612,0.5656710267066956,1.2458354234695435,0.04347553476691246,1.2050704956054688,0.7039045095443726,1.2401918172836304,0.05797963961958885,1.2610440254211426,0.6882345080375671,1.1096628904342651,-7.137889042496681e-06,1.4171695709228516,0.5548998117446899,0.026462972164154053,-0.07870644330978394,-0.09568333625793457,0.43061859905719757,0.05835592746734619,0.030147284269332886,0.24614334106445312,0.15769004821777344,-0.2356410026550293,0.03132391721010208,-0.2144545316696167,-0.22174865007400513,-0.38698017597198486,-0.02134358510375023,-0.3443598747253418,-0.14691203832626343,-0.6196916103363037,-0.07380254683084786,-0.4714846611022949,-0.2554893493652344,3.0,3.0,3.0,3.0,3.0,3.0,3.0,3.0,3.0,3.0,3.0,3.0,3.0,3.0,3.0,3.0,3.0,3.0,3.0,3.0,0.05,0.05,0.05,0.05,0.05,0.05,0.05,0.05,0.05,0.05,0.05,0.05,0.05,0.05,0.05,0.05,0.05,0.05,0.05,0.05,0.0,0.0,0.0,0.0,0.0,0.0,0.0,0.0,0.0,0.0,0.0,0.0,0.0,0.0,0.0,0.0,0.0,0.0,0.0,0.0
0.5130612850189209,0.4512775242328644,0.3411797881126404,0.3847748339176178,0.5784480571746826,-0.03887176141142845,0.3273068070411682,0.19594283401966095,0.7538371682167053,0.017543850466609,0.24385902285575867,0.2644862234592438,0.7929532527923584,-0.06130404397845268,0.27611035108566284,0.29689592123031616,0.7738534808158875,-0.038524556905031204,0.4734954833984375,0.1346779316663742,1.264970749616623,-0.6925038993358612,-0.11671110987663269,0.5604170262813568,0.6347298622131348,-0.7254802621901035,1.3321414589881897,0.8689597249031067,1.314060389995575,-0.5217057885602117,1.4870356768369675,1.3460353016853333,1.3778746128082275,-0.3736525774002075,1.935063675045967,1.5379168093204498,1.0531634092330933,-0.3749030642211437,2.6068001985549927,1.3256024569272995,3.0,3.0,3.0,3.0,3.0,3.0,3.0,3.0,3.0,3.0,3.0,3.0,3.0,3.0,3.0,3.0,3.0,3.0,3.0,3.0,0.05,0.05,0.05,0.05,0.05,0.05,0.05,0.05,0.05,0.05,0.05,0.05,0.05,0.05,0.05,0.05,0.05,0.05,0.05,0.05,0.0,0.0,0.0,0.0,0.0,0.0,0.0,0.0,0.0,0.0,0.0,0.0,0.0,0.0,0.0,0.0,0.0,0.0,0.0,0.0,0.5459404587745667,0.37934309244155884,0.31405109167099,0.18488366901874542,1.025177001953125,0.17557746171951294,1.186156153678894,0.5674870014190674,1.2398561239242554,0.04407579451799393,1.1984279155731201,0.6981436610221863,1.2309943437576294,0.05794597417116165,1.2508115768432617,0.6837112307548523,1.0956242084503174,-0.0011097157839685678,1.4054436683654785,0.5483037829399109,-0.025704503059387207,-0.10411441326141357,-0.17444118857383728,0.4847537726163864,-0.04278421401977539,0.03940612077713013,0.014990568161010742,0.015218555927276611,-0.34235119819641113,0.043628644198179245,-0.4555732011795044,-0.35339295864105225,-0.526157021522522,0.03435313701629639,-0.684434175491333,-0.30118227005004883,-0.7755458354949951,-0.0185191907803528,-0.7104575634002686,-0.41179656982421875,3.0,3.0,3.0,3.0,3.0,3.0,3.0,3.0,3.0,3.0,3.0,3.0,3.0,3.0,3.0,3.0,3.0,3.0,3.0,3.0,0.05,0.05,0.05,0.05,0.05,0.05,0.05,0.05,0.05,0.05,0.05,0.05,0.05,0.05,0.05,0.05,0.05,0.05,0.05,0.05,0.0,0.0,0.0,0.0,0.0,0.0,0.0,0.0,0.0,0.0,0.0,0.0,0.0,0.0,0.0,0.0,0.0,0.0,0.0,0.0
0.5382440686225891,0.43756046891212463,0.33862146735191345,0.3955383002758026,0.5908750891685486,-0.05362726002931595,0.3529081642627716,0.2133418470621109,0.7807202339172363,0.006495132111012936,0.27450668811798096,0.29248782992362976,0.8202528953552246,-0.06849447637796402,0.31598421931266785,0.3288753628730774,0.7941121459007263,-0.04636556655168533,0.5281378030776978,0.16244283318519592,1.2546494603157043,-0.6824560463428497,-0.09842738509178162,0.5542740225791931,0.654900074005127,-0.7115242071449757,1.2409225106239319,0.8790336549282074,1.3449400663375854,-0.5186049500480294,1.566123217344284,1.443026214838028,1.378774642944336,-0.36408165469765663,2.0524777472019196,1.650257408618927,0.9940028190612793,-0.34460462629795074,2.8083473443984985,1.4220666140317917,3.0,3.0,3.0,3.0,3.0,3.0,3.0,3.0,3.0,3.0,3.0,3.0,3.0,3.0,3.0,3.0,3.0,3.0,3.0,3.0,0.05,0.05,0.05,0.05,0.05,0.05,0.05,0.05,0.05,0.05,0.05,0.05,0.05,0.05,0.05,0.05,0.05,0.05,0.05,0.05,0.0,0.0,0.0,0.0,0.0,0.0,0.0,0.0,0.0,0.0,0.0,0.0,0.0,0.0,0.0,0.0,0.0,0.0,0.0,0.0,0.544937252998352,0.3766210377216339,0.309812992811203,0.1950312852859497,1.0237295627593994,0.17667382955551147,1.1840683221817017,0.5662797689437866,1.232141375541687,0.04522068053483963,1.1868475675582886,0.6897687911987305,1.2191455364227295,0.05935376510024071,1.2336666584014893,0.6761872172355652,1.0786410570144653,-0.0007479055202566087,1.3887512683868408,0.5384279489517212,-0.051189959049224854,-0.24144500494003296,-0.1730114221572876,0.5451340228319168,0.018233060836791992,0.19434243440628052,-0.3827303647994995,-0.24317950010299683,-0.2460181713104248,0.16237106174230576,-0.8738219738006592,-0.5608633160591125,-0.4747927188873291,0.1839861273765564,-1.2360543012619019,-0.4956945776939392,-0.7447242736816406,0.13458082103170455,-1.0899215936660767,-0.7279425859451294,3.0,3.0,3.0,3.0,3.0,3.0,3.0,3.0,3.0,3.0,3.0,3.0,3.0,3.0,3.0,3.0,3.0,3.0,3.0,3.0,0.05,0.05,0.05,0.05,0.05,0.05,0.05,0.05,0.05,0.05,0.05,0.05,0.05,0.05,0.05,0.05,0.05,0.05,0.05,0.05,0.0,0.0,0.0,0.0,0.0,0.0,0.0,0.0,0.0,0.0,0.0,0.0,0.0,0.0,0.0,0.0,0.0,0.0,0.0,0.0
0.5632472634315491,0.4239792823791504,0.3372426927089691,0.4069457948207855,0.6046440601348877,-0.06733272969722748,0.3769437074661255,0.23110418021678925,0.8076347708702087,-0.0032003475353121758,0.30650395154953003,0.3222072720527649,0.8481042385101318,-0.07586731016635895,0.3582094609737396,0.36290621757507324,0.8136135935783386,-0.052308741956949234,0.5858293771743774,0.19156059622764587,1.2248411774635315,-0.6737545132637024,-0.07401853799819946,0.5964934825897217,0.6999924778938293,-0.6667718291282654,1.1478893458843231,0.8905388414859772,1.3454273343086243,-0.511025101877749,1.6249753534793854,1.5165045857429504,1.412343978881836,-0.3363516181707382,2.155272662639618,1.7380237579345703,0.9864285588264465,-0.3044680692255497,2.9184773564338684,1.477552205324173,3.0,3.0,3.0,3.0,3.0,3.0,3.0,3.0,3.0,3.0,3.0,3.0,3.0,3.0,3.0,3.0,3.0,3.0,3.0,3.0,0.05,0.05,0.05,0.05,0.05,0.05,0.05,0.05,0.05,0.05,0.05,0.05,0.05,0.05,0.05,0.05,0.05,0.05,0.05,0.05,0.0,0.0,0.0,0.0,0.0,0.0,0.0,0.0,0.0,0.0,0.0,0.0,0.0,0.0,0.0,0.0,0.0,0.0,0.0,0.0,0.5438928604125977,0.3696852922439575,0.3071306347846985,0.2066890299320221,1.0259063243865967,0.18335115909576416,1.170846939086914,0.5577598214149475,1.2300153970718384,0.05057063698768616,1.1634750366210938,0.6757091283798218,1.2120026350021362,0.06530541926622391,1.2013694047927856,0.6638834476470947,1.0658352375030518,0.004273517057299614,1.3618468046188354,0.5191860795021057,-0.07526427507400513,-0.3315947949886322,-0.14639794826507568,0.6241872906684875,0.029736757278442383,0.294991210103035,-0.678098201751709,-0.4260405898094177,-0.20574629306793213,0.23509040474891663,-1.1936366558074951,-0.6874099373817444,-0.4538297653198242,0.2769620157778263,-1.6253471374511719,-0.6157875061035156,-0.7614254951477051,0.22227145818760619,-1.3587415218353271,-0.9501561522483826,3.0,3.0,3.0,3.0,3.0,3.0,3.0,3.0,3.0,3.0,3.0,3.0,3.0,3.0,3.0,3.0,3.0,3.0,3.0,3.0,0.05,0.05,0.05,0.05,0.05,0.05,0.05,0.05,0.05,0.05,0.05,0.05,0.05,0.05,0.05,0.05,0.05,0.05,0.05,0.05,0.0,0.0,0.0,0.0,0.0,0.0,0.0,0.0,0.0,0.0,0.0,0.0,0.0,0.0,0.0,0.0,0.0,0.0,0.0,0.0
0.5872377157211304,0.41061028838157654,0.3356607258319855,0.4193980395793915,0.6188747882843018,-0.08029813319444656,0.39882373809814453,0.24896340072155,0.8345373272895813,-0.013945871964097023,0.33950570225715637,0.3531480133533478,0.876746654510498,-0.08194854110479355,0.40219512581825256,0.3983963131904602,0.8335692882537842,-0.05854428932070732,0.6448768973350525,0.22154492139816284,1.168227195739746,-0.6570868194103241,-0.07916465401649475,0.632891058921814,0.723324716091156,-0.6562743335962296,1.0468341410160065,0.8988004177808762,1.3355284929275513,-0.49935721326619387,1.6648299992084503,1.5698447823524475,1.4075621962547302,-0.3569595515727997,2.206357568502426,1.7930753529071808,1.0190591216087341,-0.30233385041356087,2.9545858502388,1.5128016471862793,3.0,3.0,3.0,3.0,3.0,3.0,3.0,3.0,3.0,3.0,3.0,3.0,3.0,3.0,3.0,3.0,3.0,3.0,3.0,3.0,0.05,0.05,0.05,0.05,0.05,0.05,0.05,0.05,0.05,0.05,0.05,0.05,0.05,0.05,0.05,0.05,0.05,0.05,0.05,0.05,0.0,0.0,0.0,0.0,0.0,0.0,0.0,0.0,0.0,0.0,0.0,0.0,0.0,0.0,0.0,0.0,0.0,0.0,0.0,0.0,0.5419266819953918,0.3633572459220886,0.3039570748806,0.2199987769126892,1.024919033050537,0.18847347795963287,1.1569443941116333,0.5492381453514099,1.2239115238189697,0.054624296724796295,1.1391021013259888,0.6622723937034607,1.2009923458099365,0.07043224573135376,1.1686527729034424,0.6515557169914246,1.0481840372085571,0.008142952807247639,1.3344016075134277,0.5004217028617859,-0.11514127254486084,-0.2782009541988373,-0.16134828329086304,0.6839428097009659,-0.13486742973327637,0.23856349289417267,-0.7328331470489502,-0.44280290603637695,-0.3821253776550293,0.186097901314497,-1.250004768371582,-0.6745502352714539,-0.6306588649749756,0.23956596851348877,-1.6566425561904907,-0.6310164928436279,-0.9598672389984131,0.18378235399723053,-1.3776212930679321,-0.9303465485572815,3.0,3.0,3.0,3.0,3.0,3.0,3.0,3.0,3.0,3.0,3.0,3.0,3.0,3.0,3.0,3.0,3.0,3.0,3.0,3.0,0.05,0.05,0.05,0.05,0.05,0.05,0.05,0.05,0.05,0.05,0.05,0.05,0.05,0.05,0.05,0.05,0.05,0.05,0.05,0.05,0.0,0.0,0.0,0.0,0.0,0.0,0.0,0.0,0.0,0.0,0.0,0.0,0.0,0.0,0.0,0.0,0.0,0.0,0.0,0.0
0.6099763512611389,0.3976958096027374,0.3340761065483093,0.4322614371776581,0.6335770487785339,-0.09358370304107666,0.41881707310676575,0.2670561969280243,0.8610559105873108,-0.02317463606595993,0.37309715151786804,0.3850010633468628,0.904406726360321,-0.09014569222927094,0.44646376371383667,0.4346292316913605,0.854375958442688,-0.06440209597349167,0.7040128111839294,0.25207266211509705,1.0892808437347412,-0.583861768245697,-0.05627572536468506,0.611499696969986,0.7207304239273071,-0.5989665165543556,0.9430058300495148,0.8600693196058273,1.30683034658432,-0.45675276778638363,1.638166606426239,1.5317566692829132,1.3948529958724976,-0.3860877826809883,2.155753970146179,1.7428115010261536,1.1180862784385681,-0.2901648171246052,2.8652817010879517,1.4854617416858673,3.0,3.0,3.0,3.0,3.0,3.0,3.0,3.0,3.0,3.0,3.0,3.0,3.0,3.0,3.0,3.0,3.0,3.0,3.0,3.0,0.05,0.05,0.05,0.05,0.05,0.05,0.05,0.05,0.05,0.05,0.05,0.05,0.05,0.05,0.05,0.05,0.05,0.05,0.05,0.05,0.0,0.0,0.0,0.0,0.0,0.0,0.0,0.0,0.0,0.0,0.0,0.0,0.0,0.0,0.0,0.0,0.0,0.0,0.0,0.0,0.5392872095108032,0.35855725407600403,0.30067670345306396,0.23404674232006073,1.0205116271972656,0.19289369881153107,1.141533613204956,0.5400477051734924,1.2147303819656372,0.05801455304026604,1.1134748458862305,0.6487271189689636,1.1867762804031372,0.07488805800676346,1.135103702545166,0.6386427879333496,1.0274405479431152,0.011624811217188835,1.3067419528961182,0.48197221755981445,-0.20076632499694824,-0.2838447690010071,-0.15762299299240112,0.7203567773103714,-0.27749836444854736,0.24702511727809906,-0.9534716606140137,-0.5969390273094177,-0.45695602893829346,0.1890299841761589,-1.524147391319275,-0.772249698638916,-0.7345646619796753,0.2552870661020279,-1.954016089439392,-0.7624253630638123,-1.0870963335037231,0.2261883346363902,-1.5483051538467407,-1.0962598025798798,3.0,3.0,3.0,3.0,3.0,3.0,3.0,3.0,3.0,3.0,3.0,3.0,3.0,3.0,3.0,3.0,3.0,3.0,3.0,3.0,0.05,0.05,0.05,0.05,0.05,0.05,0.05,0.05,0.05,0.05,0.05,0.05,0.05,0.05,0.05,0.05,0.05,0.05,0.05,0.05,0.0,0.0,0.0,0.0,0.0,0.0,0.0,0.0,0.0,0.0,0.0,0.0,0.0,0.0,0.0,0.0,0.0,0.0,0.0,0.0
0.63080894947052,0.38725581765174866,0.33340969681739807,0.4438580274581909,0.647704005241394,-0.10425679385662079,0.4365439713001251,0.2833661735057831,0.8868105411529541,-0.03221598267555237,0.40503236651420593,0.4144182801246643,0.932540774345398,-0.09739205241203308,0.48842528462409973,0.46810877323150635,0.8782927393913269,-0.07015088200569153,0.7594881653785706,0.28096339106559753,1.0163515806198091,-0.5370296537876115,-0.02823472023010254,0.5740486085414872,0.6995826959609985,-0.5248863250017152,0.8549042046070084,0.7928371429443345,1.2866258621215791,-0.4671791568398462,1.6025312244892078,1.4527931809425312,1.418620347976679,-0.35605970770120515,2.0805165171623172,1.643329113721842,1.2330844998359651,-0.27117561548948216,2.703158557415,1.4256551861762958,3.0,3.0,3.0,3.0,3.0,3.0,3.0,3.0,3.0,3.0,3.0,3.0,3.0,3.0,3.0,3.0,3.0,3.0,3.0,3.0,0.05,0.05,0.05,0.05,0.05,0.05,0.05,0.05,0.05,0.05,0.05,0.05,0.05,0.05,0.05,0.05,0.05,0.05,0.05,0.05,0.0,0.0,0.0,0.0,0.0,0.0,0.0,0.0,0.0,0.0,0.0,0.0,0.0,0.0,0.0,0.0,0.0,0.0,0.0,0.0,0.5338960289955139,0.35200345516204834,0.29765215516090393,0.24881304800510406,1.0138190984725952,0.19835448265075684,1.1188055276870728,0.5253605842590332,1.205633282661438,0.06218549609184265,1.0781362056732178,0.631382405757904,1.1716097593307495,0.08064372837543488,1.0904921293258667,0.6210587024688721,1.0047001838684082,0.017190486192703247,1.272469401359558,0.4565713107585907,-0.30475854873657227,-0.23607835173606734,-0.1410454511642456,0.7607284933328614,-0.42521357536315363,0.22630318999290397,-1.164600253105158,-0.7485389709472628,-0.5656510591506958,0.17094770446419716,-1.7944306135177612,-0.8781120181083651,-0.8673161268234253,0.2725163474678986,-2.223098278045643,-0.888665020465848,-1.2374460697174043,0.245945388451218,-1.7261713743209783,-1.2614384293556171,3.0,3.0,3.0,3.0,3.0,3.0,3.0,3.0,3.0,3.0,3.0,3.0,3.0,3.0,3.0,3.0,3.0,3.0,3.0,3.0,0.05,0.05,0.05,0.05,0.05,0.05,0.05,0.05,0.05,0.05,0.05,0.05,0.05,0.05,0.05,0.05,0.05,0.05,0.05,0.05,0.0,0.0,0.0,0.0,0.0,0.0,0.0,0.0,0.0,0.0,0.0,0.0,0.0,0.0,0.0,0.0,0.0,0.0,0.0,0.0
0.6506304144859313,0.37621462345123297,0.3329467177391052,0.45522338151931757,0.6615603566169739,-0.11457915604114527,0.4530132412910461,0.2987696826457977,0.912520945072174,-0.04186180233955378,0.43719840049743636,0.44311279058456404,0.9611515402793882,-0.10438808053731914,0.5296844244003294,0.5003623962402342,0.9036993384361266,-0.07524912059307096,0.8121391534805295,0.3090988695621489,0.9622082114219666,-0.5875661969184875,-0.02601519227027893,0.5653813481330872,0.6693631410598755,-0.5035022273659706,0.7884711027145386,0.7498025894165039,1.2532740831375122,-0.4804108291864395,1.61382257938385,1.4295034110546112,1.401333510875702,-0.34269262105226517,2.048373967409134,1.5964999794960022,1.262049376964569,-0.23466311395168304,2.5625571608543396,1.3951949775218964,3.0,3.0,3.0,3.0,3.0,3.0,3.0,3.0,3.0,3.0,3.0,3.0,3.0,3.0,3.0,3.0,3.0,3.0,3.0,3.0,0.05,0.05,0.05,0.05,0.05,0.05,0.05,0.05,0.05,0.05,0.05,0.05,0.05,0.05,0.05,0.05,0.05,0.05,0.05,0.05,0.0,0.0,0.0,0.0,0.0,0.0,0.0,0.0,0.0,0.0,0.0,0.0,0.0,0.0,0.0,0.0,0.0,0.0,0.0,0.0,0.5270968675613403,0.34911412000656133,0.29503488540649414,0.2644758820533752,1.0035030841827395,0.20194582641124723,1.0949496030807497,0.5101061463356019,1.1921043395996094,0.06485246121883392,1.04169762134552,0.613602638244629,1.1520836353302002,0.0857887119054794,1.0461797714233403,0.6030961871147157,0.9779427051544191,0.021462626755237555,1.237695097923279,0.43151468038558977,-0.4085853695869446,-0.08511170744895935,-0.1193508505821228,0.7986370474100113,-0.6416365504264832,0.1289576292037964,-1.2608051300048828,-0.8094705641269684,-0.7822871208190918,0.09661447256803513,-1.9030332565307617,-0.935046374797821,-1.1013239622116089,0.24726297706365585,-2.278093993663788,-0.9469300508499146,-1.4800623059272766,0.19136089831590652,-1.7946124076843262,-1.2843653559684753,3.0,3.0,3.0,3.0,3.0,3.0,3.0,3.0,3.0,3.0,3.0,3.0,3.0,3.0,3.0,3.0,3.0,3.0,3.0,3.0,0.05,0.05,0.05,0.05,0.05,0.05,0.05,0.05,0.05,0.05,0.05,0.05,0.05,0.05,0.05,0.05,0.05,0.05,0.05,0.05,0.0,0.0,0.0,0.0,0.0,0.0,0.0,0.0,0.0,0.0,0.0,0.0,0.0,0.0,0.0,0.0,0.0,0.0,0.0,0.0
0.6692972779273987,0.36375316977500916,0.3323690891265869,0.4664732813835144,0.6744785308837891,-0.12439688295125961,0.46808281540870667,0.31335827708244324,0.9369415044784546,-0.05143241584300995,0.46958526968955994,0.47159841656684875,0.988594114780426,-0.11109975725412369,0.5703602433204651,0.5319687724113464,0.9287747144699097,-0.07953740656375885,0.8619904518127441,0.3367711901664734,0.9189009666442899,-0.6558358669281019,-0.021716207265853882,0.5461834371089949,0.5551546812057495,-0.4472695291042342,0.6918177008628859,0.7342688739299787,1.1252418160438564,-0.4470928572118296,1.6621157526969952,1.50263756513596,1.2611672282218989,-0.2910522744059573,2.0891100168228203,1.6598731279373224,1.0638579726219204,-0.15854649245739053,2.4356544017791832,1.4334902167320294,3.0,3.0,3.0,3.0,3.0,3.0,3.0,3.0,3.0,3.0,3.0,3.0,3.0,3.0,3.0,3.0,3.0,3.0,3.0,3.0,0.05,0.05,0.05,0.05,0.05,0.05,0.05,0.05,0.05,0.05,0.05,0.05,0.05,0.05,0.05,0.05,0.05,0.05,0.05,0.05,0.0,0.0,0.0,0.0,0.0,0.0,0.0,0.0,0.0,0.0,0.0,0.0,0.0,0.0,0.0,0.0,0.0,0.0,0.0,0.0,0.5175526142120361,0.34859898686408997,0.292878121137619,0.2807585299015045,0.9881536364555359,0.2035127878189087,1.0683733224868774,0.49298176169395447,1.1743417978286743,0.06605007499456406,1.0020148754119873,0.5939805507659912,1.1275568008422852,0.09053424745798111,0.9993683695793152,0.5831815004348755,0.9454976916313171,0.024844922125339508,1.200684905052185,0.4051966965198517,-0.553576648235321,-0.00046491622924943465,-0.044955313205718994,0.8421346545219435,-0.8655488491058405,0.03191977739334176,-1.3852953910827692,-0.9127855300903348,-0.9961307048797607,0.027721747756004333,-2.0927846431732178,-1.0382100939750698,-1.3160347938537598,0.22757817059755395,-2.4292230606079213,-1.0581538081169155,-1.7525479197502163,0.1478782854974276,-1.931226253509527,-1.3831719756126446,3.0,3.0,3.0,3.0,3.0,3.0,3.0,3.0,3.0,3.0,3.0,3.0,3.0,3.0,3.0,3.0,3.0,3.0,3.0,3.0,0.05,0.05,0.05,0.05,0.05,0.05,0.05,0.05,0.05,0.05,0.05,0.05,0.05,0.05,0.05,0.05,0.05,0.05,0.05,0.05,0.0,0.0,0.0,0.0,0.0,0.0,0.0,0.0,0.0,0.0,0.0,0.0,0.0,0.0,0.0,0.0,0.0,0.0,0.0,0.0
0.6873864531517029,0.3499811887741089,0.33207806944847107,0.47707071900367737,0.6837665438652039,-0.13246993720531464,0.4806859493255615,0.3281404376029968,0.9575306177139282,-0.05974551662802696,0.5036830306053162,0.5032182931900024,1.0115982294082642,-0.11603017151355743,0.6132488250732422,0.566757321357727,0.9462536573410034,-0.08159098029136658,0.9095653295516968,0.36643847823143005,0.894889235496521,-0.6723105907440186,-0.040212273597717285,0.5328968167304993,0.4867643117904663,-0.373736210167408,0.659402459859848,0.7925473153591156,0.933779776096344,-0.38309190422296524,1.7575420439243317,1.6803853213787079,0.9903952479362488,-0.1901840791106224,2.18161940574646,1.829405128955841,0.8732616901397705,-0.048794224858284,2.436666190624237,1.6031958162784576,3.0,3.0,3.0,3.0,3.0,3.0,3.0,3.0,3.0,3.0,3.0,3.0,3.0,3.0,3.0,3.0,3.0,3.0,3.0,3.0,0.05,0.05,0.05,0.05,0.05,0.05,0.05,0.05,0.05,0.05,0.05,0.05,0.05,0.05,0.05,0.05,0.05,0.05,0.05,0.05,0.0,0.0,0.0,0.0,0.0,0.0,0.0,0.0,0.0,0.0,0.0,0.0,0.0,0.0,0.0,0.0,0.0,0.0,0.0,0.0,0.5049538016319275,0.34909552335739136,0.2932366728782654,0.29816126823425293,0.9688811302185059,0.2032226175069809,1.039537787437439,0.4735947251319885,1.152259111404419,0.0659613311290741,0.9579862356185913,0.5720742344856262,1.0994422435760498,0.09489183872938156,0.9490108489990234,0.5607700347900391,0.9078407883644104,0.02737775817513466,1.160446047782898,0.376187801361084,-0.7187500596046448,0.037285685539245605,0.03113076090812683,0.8669145405292511,-1.0474339127540588,-0.055441632866859436,-1.4786720275878906,-1.0285213589668274,-1.1718064546585083,-0.04786606878042221,-2.2873759269714355,-1.1317804455757141,-1.4760315418243408,0.18511302769184113,-2.6047274470329285,-1.1690661311149597,-1.9565373659133911,0.08996357209980488,-2.079293131828308,-1.5304535627365112,3.0,3.0,3.0,3.0,3.0,3.0,3.0,3.0,3.0,3.0,3.0,3.0,3.0,3.0,3.0,3.0,3.0,3.0,3.0,3.0,0.05,0.05,0.05,0.05,0.05,0.05,0.05,0.05,0.05,0.05,0.05,0.05,0.05,0.05,0.05,0.05,0.05,0.05,0.05,0.05,0.0,0.0,0.0,0.0,0.0,0.0,0.0,0.0,0.0,0.0,0.0,0.0,0.0,0.0,0.0,0.0,0.0,0.0,0.0,0.0
0.7050928473472595,0.3368607461452484,0.3307605981826782,0.4877891540527344,0.6939491033554077,-0.13934633135795593,0.4944589138031006,0.34506016969680786,0.9742926955223083,-0.06675609201192856,0.5398869514465332,0.5388138294219971,1.028209924697876,-0.11870712041854858,0.6576250195503235,0.6051449775695801,0.9637051820755005,-0.08148917555809021,0.9594570994377136,0.4008990228176117,0.8436456322669983,-0.5706757307052612,-0.05782619118690491,0.5588404834270477,0.4477277398109436,-0.2820689231157303,0.6334632635116577,0.7885754108428955,0.8552521467208862,-0.3266644664108753,1.736268401145935,1.6862675547599792,0.921940803527832,-0.1486917957663536,2.166934311389923,1.8382444977760315,0.9080678224563599,-0.00719074159860611,2.397826313972473,1.6609780490398407,3.0,3.0,3.0,3.0,3.0,3.0,3.0,3.0,3.0,3.0,3.0,3.0,3.0,3.0,3.0,3.0,3.0,3.0,3.0,3.0,0.05,0.05,0.05,0.05,0.05,0.05,0.05,0.05,0.05,0.05,0.05,0.05,0.05,0.05,0.05,0.05,0.05,0.05,0.05,0.05,0.0,0.0,0.0,0.0,0.0,0.0,0.0,0.0,0.0,0.0,0.0,0.0,0.0,0.0,0.0,0.0,0.0,0.0,0.0,0.0,0.48880261182785034,0.3500904142856598,0.2941233515739441,0.31543511152267456,0.9462562799453735,0.20129512250423431,1.0092264413833618,0.45184090733528137,1.127469539642334,0.06413543224334717,0.9105198383331299,0.5487093329429626,1.0685155391693115,0.09793876856565475,0.895179271697998,0.5364188551902771,0.8672361969947815,0.028443465009331703,1.1175131797790527,0.34397855401039124,-0.8752264082431793,0.10382160544395447,0.07851719856262207,0.8750766515731812,-1.2090623378753662,-0.1612793654203415,-1.5314429998397827,-1.1113353073596954,-1.3207733631134033,-0.10968735441565514,-2.4028614163398743,-1.1810168623924255,-1.635897159576416,0.11784713715314865,-2.696278691291809,-1.2222856283187866,-2.131393551826477,0.012859981507062912,-2.1641045808792114,-1.6296498477458954,3.0,3.0,3.0,3.0,3.0,3.0,3.0,3.0,3.0,3.0,3.0,3.0,3.0,3.0,3.0,3.0,3.0,3.0,3.0,3.0,0.05,0.05,0.05,0.05,0.05,0.05,0.05,0.05,0.05,0.05,0.05,0.05,0.05,0.05,0.05,0.05,0.05,0.05,0.05,0.05,0.0,0.0,0.0,0.0,0.0,0.0,0.0,0.0,0.0,0.0,0.0,0.0,0.0,0.0,0.0,0.0,0.0,0.0,0.0,0.0
0.7211322784423828,0.32715415954589844,0.3297650218009949,0.4994243383407593,0.7016756534576416,-0.14375269412994385,0.5060244798660278,0.35968345403671265,0.9917407035827637,-0.07281209528446198,0.5731337666511536,0.5706689953804016,1.0484758615493774,-0.12197784334421158,0.6999261975288391,0.6402871012687683,0.9825763702392578,-0.08187860995531082,1.0054783821105957,0.4328776001930237,0.764136016368866,-0.5401648581027985,-0.060568004846572876,0.6220117211341858,0.3749832510948181,-0.23697763681411743,0.5830511450767517,0.7283225655555725,0.8418455719947815,-0.29013361781835556,1.6817018389701843,1.5980705618858337,0.985446572303772,-0.13924650847911835,2.1136075258255005,1.7530351877212524,0.966423749923706,0.015913881361484528,2.2614285349845886,1.605118066072464,3.0,3.0,3.0,3.0,3.0,3.0,3.0,3.0,3.0,3.0,3.0,3.0,3.0,3.0,3.0,3.0,3.0,3.0,3.0,3.0,0.05,0.05,0.05,0.05,0.05,0.05,0.05,0.05,0.05,0.05,0.05,0.05,0.05,0.05,0.05,0.05,0.05,0.05,0.05,0.05,0.0,0.0,0.0,0.0,0.0,0.0,0.0,0.0,0.0,0.0,0.0,0.0,0.0,0.0,0.0,0.0,0.0,0.0,0.0,0.0,0.4699447453022003,0.35324838757514954,0.29637736082077026,0.3331643342971802,0.9205186367034912,0.19677144289016724,0.9782800674438477,0.4291413128376007,1.0994281768798828,0.06157383695244789,0.8618717789649963,0.5248335599899292,1.0340063571929932,0.09960572421550751,0.8411597013473511,0.5118786096572876,0.8225850462913513,0.027892157435417175,1.0738818645477295,0.31100180745124817,-1.0190501809120178,0.22733435034751892,0.1221969723701477,0.8645646274089813,-1.3694211840629578,-0.25569722056388855,-1.5578553080558777,-1.137763261795044,-1.4702409505844116,-0.15310468152165413,-2.4312257766723633,-1.1990174651145935,-1.8060564994812012,0.07005855441093445,-2.6895135641098022,-1.2297682464122772,-2.3069649934768677,-0.047753145918250084,-2.191910147666931,-1.6415826976299286,3.0,3.0,3.0,3.0,3.0,3.0,3.0,3.0,3.0,3.0,3.0,3.0,3.0,3.0,3.0,3.0,3.0,3.0,3.0,3.0,0.05,0.05,0.05,0.05,0.05,0.05,0.05,0.05,0.05,0.05,0.05,0.05,0.05,0.05,0.05,0.05,0.05,0.05,0.05,0.05,0.0,0.0,0.0,0.0,0.0,0.0,0.0,0.0,0.0,0.0,0.0,0.0,0.0,0.0,0.0,0.0,0.0,0.0,0.0,0.0
0.7356582880020142,0.3152541518211365,0.3283378779888153,0.5126696228981018,0.7089484333992004,-0.14882543683052063,0.5177809596061707,0.37419307231903076,1.0079665184020996,-0.07836143672466278,0.6071550250053406,0.6027366518974304,1.0676277875900269,-0.12427698075771332,0.7421693205833435,0.6752663850784302,1.0023621320724487,-0.08085262030363083,1.0499142408370972,0.46510374546051025,0.7191032171249362,-0.5029574036598206,-0.061696022748947144,0.5994126200675937,0.25585740804671964,-0.1681596040725708,0.5558356642723056,0.7549084722995744,0.6840884685516357,-0.19117277115583384,1.7241343855857794,1.6879349946975652,0.7931083440780584,-0.025338120758533825,2.123370766639701,1.8402904272079412,0.832992792129511,0.1536579802632325,2.1756619215011597,1.7578870058059637,3.0,3.0,3.0,3.0,3.0,3.0,3.0,3.0,3.0,3.0,3.0,3.0,3.0,3.0,3.0,3.0,3.0,3.0,3.0,3.0,0.05,0.05,0.05,0.05,0.05,0.05,0.05,0.05,0.05,0.05,0.05,0.05,0.05,0.05,0.05,0.05,0.05,0.05,0.05,0.05,0.0,0.0,0.0,0.0,0.0,0.0,0.0,0.0,0.0,0.0,0.0,0.0,0.0,0.0,0.0,0.0,0.0,0.0,0.0,0.0,0.44804060459136963,0.35918378829956055,0.29901123046875,0.3500176966190338,0.8914794325828552,0.19106723368167877,0.9469122290611267,0.4063303768634796,1.0686599016189575,0.058011244982481,0.8132708072662354,0.5007486343383789,0.9962732791900635,0.10074111074209213,0.787598729133606,0.487228125333786,0.7749575972557068,0.0265333391726017,1.0298367738723755,0.2783152461051941,-1.1901140213012653,0.38334354758262495,0.20609423518180708,0.8574023842811557,-1.5112966299056951,-0.3608588129281984,-1.5570417046546907,-1.1575669050216633,-1.5808731317520086,-0.20834999158978376,-2.450260519981376,-1.218591630458829,-1.9095823168754522,0.008142739534378052,-2.674999833106986,-1.243203133344646,-2.4054825305938663,-0.07952647283673252,-2.205090224742881,-1.6607917845249134,3.0,3.0,3.0,3.0,3.0,3.0,3.0,3.0,3.0,3.0,3.0,3.0,3.0,3.0,3.0,3.0,3.0,3.0,3.0,3.0,0.05,0.05,0.05,0.05,0.05,0.05,0.05,0.05,0.05,0.05,0.05,0.05,0.05,0.05,0.05,0.05,0.05,0.05,0.05,0.05,0.0,0.0,0.0,0.0,0.0,0.0,0.0,0.0,0.0,0.0,0.0,0.0,0.0,0.0,0.0,0.0,0.0,0.0,0.0,0.0
0.7498964071273803,0.3070358633995056,0.327297180891037,0.523400843143463,0.7119099497795104,-0.15047907829284668,0.52825790643692,0.3898797929286956,1.019104242324829,-0.08045900613069533,0.6420991420745847,0.6381863951683042,1.0802001953124998,-0.12299136817455293,0.7848610281944272,0.713898718357086,1.0158960819244383,-0.07573229074478152,1.092504858970642,0.5031930804252622,0.6498336791992188,-0.38750097155570984,-0.06068125367164612,0.4959121346473694,0.10472089052200317,-0.07565915584564209,0.4629060626029968,0.7115498185157776,0.5355656147003174,-0.09698811918497086,1.6149654984474182,1.6260325908660889,0.6187230348587036,0.05502067506313324,1.9595474004745483,1.7673283815383911,0.6193608045578003,0.24208836257457733,1.932692527770996,1.7486155033111572,3.0,3.0,3.0,3.0,3.0,3.0,3.0,3.0,3.0,3.0,3.0,3.0,3.0,3.0,3.0,3.0,3.0,3.0,3.0,3.0,0.05,0.05,0.05,0.05,0.05,0.05,0.05,0.05,0.05,0.05,0.05,0.05,0.05,0.05,0.05,0.05,0.05,0.05,0.05,0.05,0.0,0.0,0.0,0.0,0.0,0.0,0.0,0.0,0.0,0.0,0.0,0.0,0.0,0.0,0.0,0.0,0.0,0.0,0.0,0.0,0.4223401844501497,0.36858212947845453,0.30462113022804255,0.3674604296684264,0.8600667715072634,0.1823370903730393,0.91599839925766,0.3828386366367342,1.0361932516098025,0.05323983728885654,0.7638613581657413,0.47608989477157604,0.9576230645179751,0.09993143379688263,0.7341597080230716,0.46215048432350175,0.7263657450675967,0.024711098521947875,0.9856782555580142,0.24457013607025163,-1.343999058008194,0.5297742784023285,0.32650232315063477,0.8234985172748566,-1.6161605715751648,-0.4661682993173599,-1.546594500541687,-1.1841483414173126,-1.676669716835022,-0.28287163004279137,-2.4818941950798035,-1.248595118522644,-1.9947171211242676,-0.0578882172703743,-2.648770809173584,-1.2538239359855652,-2.4486392736434937,-0.1209113746881485,-2.194991707801819,-1.6829922795295715,3.0,3.0,3.0,3.0,3.0,3.0,3.0,3.0,3.0,3.0,3.0,3.0,3.0,3.0,3.0,3.0,3.0,3.0,3.0,3.0,0.05,0.05,0.05,0.05,0.05,0.05,0.05,0.05,0.05,0.05,0.05,0.05,0.05,0.05,0.05,0.05,0.05,0.05,0.05,0.05,0.0,0.0,0.0,0.0,0.0,0.0,0.0,0.0,0.0,0.0,0.0,0.0,0.0,0.0,0.0,0.0,0.0,0.0,0.0,0.0
0.7616516351699829,0.2997541129589081,0.32591062784194946,0.5325061082839966,0.7131372690200806,-0.1518518030643463,0.5362972021102905,0.40265506505966187,1.0293891429901123,-0.08224096149206161,0.6717536449432373,0.667777955532074,1.092376708984375,-0.12207615375518799,0.8205512166023254,0.7459595203399658,1.0271365642547607,-0.07116908580064774,1.127221941947937,0.5350483655929565,0.5372256040573148,-0.3606364130973816,-0.08061602711677551,0.4265606403350858,0.024998188018801604,-0.08089281618595123,0.34552514553070346,0.5751587450504316,0.49926936626434326,-0.07789731025695835,1.3962715864181574,1.37129426002503,0.5665689706802424,0.03429930657148396,1.6326025128364645,1.470263302326208,0.5616635084152277,0.2185080200433738,1.604577898979187,1.4812633395195063,3.0,3.0,3.0,3.0,3.0,3.0,3.0,3.0,3.0,3.0,3.0,3.0,3.0,3.0,3.0,3.0,3.0,3.0,3.0,3.0,0.05,0.05,0.05,0.05,0.05,0.05,0.05,0.05,0.05,0.05,0.05,0.05,0.05,0.05,0.05,0.05,0.05,0.05,0.05,0.05,0.0,0.0,0.0,0.0,0.0,0.0,0.0,0.0,0.0,0.0,0.0,0.0,0.0,0.0,0.0,0.0,0.0,0.0,0.0,0.0,0.39428064227104187,0.3803747594356537,0.3120713233947754,0.3829576373100281,0.8268330097198486,0.17242050170898438,0.8850484490394592,0.3589644432067871,1.0015931129455566,0.04669637978076935,0.7139950394630432,0.45080482959747314,0.9164845943450928,0.09842558205127716,0.6816478967666626,0.4370751678943634,0.677012026309967,0.02169688418507576,0.9420371055603027,0.21099555492401123,-1.4743551611900372,0.6591640412807478,0.4282221198081984,0.7654435932636289,-1.6944110393524225,-0.5720760673284544,-1.5414938330650356,-1.2272693216800732,-1.7569094896316584,-0.3548350185155877,-2.5219559669494713,-1.2872964143753078,-2.0739227533340507,-0.12018438428640366,-2.6198416948318566,-1.266889274120335,-2.4641200900077873,-0.1641989685595039,-2.202980220317849,-1.7211988568306011,3.0,3.0,3.0,3.0,3.0,3.0,3.0,3.0,3.0,3.0,3.0,3.0,3.0,3.0,3.0,3.0,3.0,3.0,3.0,3.0,0.05,0.05,0.05,0.05,0.05,0.05,0.05,0.05,0.05,0.05,0.05,0.05,0.05,0.05,0.05,0.05,0.05,0.05,0.05,0.05,0.0,0.0,0.0,0.0,0.0,0.0,0.0,0.0,0.0,0.0,0.0,0.0,0.0,0.0,0.0,0.0,0.0,0.0,0.0,0.0
0.7713854312896729,0.29261040687561035,0.32407253980636597,0.5404632687568665,0.7129098773002625,-0.15371479094028473,0.5420789122581482,0.4128861427307129,1.0390750169754028,-0.08357489854097366,0.697950005531311,0.6930381655693054,1.1028629541397095,-0.12161939591169357,0.8501651287078857,0.7727092504501343,1.0383626222610474,-0.06699196994304657,1.1566879749298096,0.5624436140060425,0.45883357524871826,-0.3363020718097687,-0.0773601233959198,0.3290250897407532,-0.03741234540939331,-0.08838362991809845,0.23601949214935303,0.45198947191238403,0.457608699798584,-0.067920982837677,1.2341976165771484,1.1708900332450867,0.49379467964172363,0.012972578406333923,1.3570904731750488,1.227305829524994,0.5209863185882568,0.19583888351917267,1.3427138328552246,1.2709438800811768,3.0,3.0,3.0,3.0,3.0,3.0,3.0,3.0,3.0,3.0,3.0,3.0,3.0,3.0,3.0,3.0,3.0,3.0,3.0,3.0,0.05,0.05,0.05,0.05,0.05,0.05,0.05,0.05,0.05,0.05,0.05,0.05,0.05,0.05,0.05,0.05,0.05,0.05,0.05,0.05,0.0,0.0,0.0,0.0,0.0,0.0,0.0,0.0,0.0,0.0,0.0,0.0,0.0,0.0,0.0,0.0,0.0,0.0,0.0,0.0,0.3633659780025482,0.39494869112968445,0.3217500150203705,0.39807817339897156,0.7922903299331665,0.15945404767990112,0.8543386459350586,0.33374786376953125,0.9659168720245361,0.03904643654823303,0.6629831194877625,0.4245980381965637,0.874666154384613,0.09512405842542648,0.6293660402297974,0.41147491335868835,0.6278009414672852,0.01814313977956772,0.8975590467453003,0.1757221817970276,-1.5144020318984985,0.7774241268634796,0.49915164709091187,0.7393874228000641,-1.7533808946609497,-0.6688263267278671,-1.555095613002777,-1.2902945280075073,-1.804402470588684,-0.4066312685608864,-2.5426045060157776,-1.3147838413715363,-2.109009027481079,-0.16198139637708664,-2.577410638332367,-1.27459317445755,-2.450437843799591,-0.18173055723309517,-2.2144272923469543,-1.7698153853416443,3.0,3.0,3.0,3.0,3.0,3.0,3.0,3.0,3.0,3.0,3.0,3.0,3.0,3.0,3.0,3.0,3.0,3.0,3.0,3.0,0.05,0.05,0.05,0.05,0.05,0.05,0.05,0.05,0.05,0.05,0.05,0.05,0.05,0.05,0.05,0.05,0.05,0.05,0.05,0.05,0.0,0.0,0.0,0.0,0.0,0.0,0.0,0.0,0.0,0.0,0.0,0.0,0.0,0.0,0.0,0.0,0.0,0.0,0.0,0.0
0.7800049781799316,0.28630203008651733,0.32281622290611267,0.5456671118736267,0.7116407752037048,-0.15538714826107025,0.5457379817962646,0.4207346439361572,1.0476934909820557,-0.0849578008055687,0.7211215496063232,0.7146135568618774,1.112128496170044,-0.12155725061893463,0.8748348355293274,0.7950517535209656,1.047976016998291,-0.06333553045988083,1.180930495262146,0.5858861207962036,0.382763147354126,-0.3153175115585327,-0.04908740520477295,0.25296658277511597,-0.06791502237319946,-0.07545389235019684,0.1501917839050293,0.3470189869403839,0.41951537132263184,-0.05056057125329971,1.1076927185058594,1.0050475597381592,0.43741464614868164,6.370246410369873e-05,1.133158802986145,1.0277241468429565,0.47621428966522217,0.1810927875339985,1.119127869606018,1.1003419756889343,3.0,3.0,3.0,3.0,3.0,3.0,3.0,3.0,3.0,3.0,3.0,3.0,3.0,3.0,3.0,3.0,3.0,3.0,3.0,3.0,0.05,0.05,0.05,0.05,0.05,0.05,0.05,0.05,0.05,0.05,0.05,0.05,0.05,0.05,0.05,0.05,0.05,0.05,0.05,0.05,0.0,0.0,0.0,0.0,0.0,0.0,0.0,0.0,0.0,0.0,0.0,0.0,0.0,0.0,0.0,0.0,0.0,0.0,0.0,0.0,0.33370456099510193,0.41147172451019287,0.33203738927841187,0.41253313422203064,0.7566977739334106,0.1456674486398697,0.8228446245193481,0.3073526620864868,0.9294170141220093,0.030431129038333893,0.6122908592224121,0.3982134759426117,0.8321242332458496,0.0919463261961937,0.5785514712333679,0.3860914409160614,0.5789945125579834,0.014427661895751953,0.8534600138664246,0.14020293951034546,-1.483229547739029,0.7734335958957672,0.5115345120429993,0.7024139165878296,-1.7733678221702576,-0.7202524691820145,-1.5825748443603516,-1.3322584331035614,-1.8688693642616272,-0.4256168380379677,-2.5360897183418274,-1.3289734721183777,-2.1739572286605835,-0.217532180249691,-2.520883083343506,-1.2719005346298218,-2.5070667266845703,-0.23557147942483425,-2.2640928626060486,-1.5922879800200462,3.0,3.0,3.0,3.0,3.0,3.0,3.0,3.0,3.0,3.0,3.0,3.0,3.0,3.0,3.0,3.0,3.0,3.0,3.0,3.0,0.05,0.05,0.05,0.05,0.05,0.05,0.05,0.05,0.05,0.05,0.05,0.05,0.05,0.05,0.05,0.05,0.05,0.05,0.05,0.05,0.0,0.0,0.0,0.0,0.0,0.0,0.0,0.0,0.0,0.0,0.0,0.0,0.0,0.0,0.0,0.0,0.0,0.0,0.0,0.0
0.7866959571838379,0.27999770641326904,0.32210904359817505,0.5505819320678711,0.7101932764053345,-0.1567329466342926,0.5480865836143494,0.42676690220832825,1.055855631828308,-0.08559732139110565,0.7422577142715454,0.7332400679588318,1.1203595399856567,-0.12161684781312943,0.8954914808273315,0.8138182163238525,1.0574111938476562,-0.05974825844168663,1.2014530897140503,0.6064572930335999,0.3056347370147705,-0.3004632890224457,-0.015997886657714844,0.22075623273849487,-0.08106231689453125,-0.06765536963939667,0.08693188428878784,0.26131942868232727,0.3654301166534424,-0.020833685994148254,0.9828329086303711,0.8520141243934631,0.3749758005142212,0.005785562098026276,0.9339064359664917,0.854046642780304,0.42533576488494873,0.18467605113983154,0.9138435125350952,0.9498775005340576,3.0,3.0,3.0,3.0,3.0,3.0,3.0,3.0,3.0,3.0,3.0,3.0,3.0,3.0,3.0,3.0,3.0,3.0,3.0,3.0,0.05,0.05,0.05,0.05,0.05,0.05,0.05,0.05,0.05,0.05,0.05,0.05,0.05,0.05,0.05,0.05,0.05,0.05,0.05,0.05,0.0,0.0,0.0,0.0,0.0,0.0,0.0,0.0,0.0,0.0,0.0,0.0,0.0,0.0,0.0,0.0,0.0,0.0,0.0,0.0,0.30403679609298706,0.42588603496551514,0.34221139550209045,0.42617473006248474,0.7213556170463562,0.13064394891262054,0.7910356521606445,0.2804575264453888,0.891162097454071,0.022021763026714325,0.5615395307540894,0.3714390993118286,0.7877078652381897,0.08642277121543884,0.5285307168960571,0.3605988919734955,0.5275182723999023,0.008720280602574348,0.8069953322410583,0.11203066259622574,-1.4822565019130707,0.6426379084587097,0.49780309200286865,0.7151663303375244,-1.783376932144165,-0.7559526711702347,-1.6082122921943665,-1.3444751501083374,-1.9154369831085205,-0.42228575330227613,-2.5076568126678467,-1.3342604041099548,-2.2782042622566223,-0.30223000794649124,-2.4822622537612915,-1.2735523283481598,-2.639462798833847,-0.3295884933322668,-2.3744553327560425,-1.2588370591402054,3.0,3.0,3.0,3.0,3.0,3.0,3.0,3.0,3.0,3.0,3.0,3.0,3.0,3.0,3.0,3.0,3.0,3.0,3.0,3.0,0.05,0.05,0.05,0.05,0.05,0.05,0.05,0.05,0.05,0.05,0.05,0.05,0.05,0.05,0.05,0.05,0.05,0.05,0.05,0.05,0.0,0.0,0.0,0.0,0.0,0.0,0.0,0.0,0.0,0.0,0.0,0.0,0.0,0.0,0.0,0.0,0.0,0.0,0.0,0.0
0.7922303676605225,0.2742834985256195,0.3221763074398041,0.5544973611831665,0.7083982825279236,-0.15809336304664612,0.5492152571678162,0.4311874210834503,1.0623106956481934,-0.08579114824533463,0.7604348659515381,0.748694121837616,1.1271275281906128,-0.12132582813501358,0.9121910929679871,0.8292136192321777,1.064989447593689,-0.05594848841428757,1.2174842357635498,0.6238812208175659,0.24724751710891724,-0.2665288746356964,-0.002765655517578125,0.17570704221725464,-0.10168999433517456,-0.060994178056716225,0.025013089179992676,0.18353164196014404,0.2816498279571533,0.004954077303409576,0.8412301540374756,0.7009401917457581,0.2934753894805908,0.014134682714939117,0.7415831089019775,0.6967812776565552,0.3433108329772949,0.1902910880744452,0.7045656442642156,0.8070871233940125,3.0,3.0,3.0,3.0,3.0,3.0,3.0,3.0,3.0,3.0,3.0,3.0,3.0,3.0,3.0,3.0,3.0,3.0,3.0,3.0,0.05,0.05,0.05,0.05,0.05,0.05,0.05,0.05,0.05,0.05,0.05,0.05,0.05,0.05,0.05,0.05,0.05,0.05,0.05,0.05,0.0,0.0,0.0,0.0,0.0,0.0,0.0,0.0,0.0,0.0,0.0,0.0,0.0,0.0,0.0,0.0,0.0,0.0,0.0,0.0,0.2744143009185791,0.43717724084854126,0.3519495129585266,0.4411397874355316,0.685362696647644,0.1154293417930603,0.7585161328315735,0.2535736560821533,0.8527995347976685,0.013539698906242847,0.5119845867156982,0.3448430597782135,0.7409960627555847,0.07985712587833405,0.47926098108291626,0.335149347782135,0.4734160006046295,0.0012441221624612808,0.7584818005561829,0.08984945714473724,-1.4177538454532588,0.6262555718421922,0.4717513918876648,0.7462434470653506,-1.7477706074714605,-0.7598668336868265,-1.6079589724540655,-1.327959075570103,-1.9204765558242742,-0.43895656708627817,-2.434355020523064,-1.3133473694324465,-2.2670030593871986,-0.3159880638122548,-2.3754276335239353,-1.23849809169769,-2.6453308761119785,-0.36957539850845833,-2.420350909233085,-0.9576968848705271,3.0,3.0,3.0,3.0,3.0,3.0,3.0,3.0,3.0,3.0,3.0,3.0,3.0,3.0,3.0,3.0,3.0,3.0,3.0,3.0,0.05,0.05,0.05,0.05,0.05,0.05,0.05,0.05,0.05,0.05,0.05,0.05,0.05,0.05,0.05,0.05,0.05,0.05,0.05,0.05,0.0,0.0,0.0,0.0,0.0,0.0,0.0,0.0,0.0,0.0,0.0,0.0,0.0,0.0,0.0,0.0,0.0,0.0,0.0,0.0
0.7965858578681946,0.2693365514278412,0.3219984173774719,0.5576102137565613,0.7061256766319275,-0.15917271375656125,0.5490871071815491,0.434108167886734,1.0671216249465942,-0.08539915829896927,0.7759069204330444,0.7612776756286621,1.1320985555648804,-0.12105146050453186,0.9251548051834106,0.8416894674301147,1.071143627166748,-0.05213661491870882,1.229635715484619,0.6387407779693604,0.19540637731552124,-0.22619441151618958,-0.0016026198863983154,0.13181418180465698,-0.12863129377365112,-0.04867911338806152,-0.03032982349395752,0.11757314205169678,0.21266937255859375,0.02338644117116928,0.7027849555015564,0.5624353885650635,0.19802749156951904,0.012155622243881226,0.5609214305877686,0.5557388067245483,0.26123523712158203,0.17838012427091599,0.5201488733291626,0.6744474172592163,3.0,3.0,3.0,3.0,3.0,3.0,3.0,3.0,3.0,3.0,3.0,3.0,3.0,3.0,3.0,3.0,3.0,3.0,3.0,3.0,0.05,0.05,0.05,0.05,0.05,0.05,0.05,0.05,0.05,0.05,0.05,0.05,0.05,0.05,0.05,0.05,0.05,0.05,0.05,0.05,0.0,0.0,0.0,0.0,0.0,0.0,0.0,0.0,0.0,0.0,0.0,0.0,0.0,0.0,0.0,0.0,0.0,0.0,0.0,0.0,0.2473266422748567,0.4509362578392028,0.36108145117759705,0.45602446794509877,0.6514447927474978,0.10024927556514748,0.7267172932624819,0.22733916342258467,0.8143430352211001,0.0044635003432632,0.4641653299331668,0.31890520453453075,0.6970277428627017,0.07378324866294865,0.4335136115550997,0.3110589683055879,0.4217050373554232,-0.006062735337763985,0.710181295871735,0.07372278720140465,-1.2852117419242859,0.7008999586105347,0.3850214183330536,0.6779856979846954,-1.6002446413040161,-0.8549055084586143,-1.5855133533477783,-1.3490121811628342,-1.806245744228363,-0.4521748283877969,-2.3222945630550385,-1.2752950191497803,-2.136300504207611,-0.35861823707818985,-2.2426769137382507,-1.2007415294647217,-2.3891106247901917,-0.36349270958453417,-2.5231868028640747,-0.7530746981501579,3.0,3.0,3.0,3.0,3.0,3.0,3.0,3.0,3.0,3.0,3.0,3.0,3.0,3.0,3.0,3.0,3.0,3.0,3.0,3.0,0.05,0.05,0.05,0.05,0.05,0.05,0.05,0.05,0.05,0.05,0.05,0.05,0.05,0.05,0.05,0.05,0.05,0.05,0.05,0.05,0.0,0.0,0.0,0.0,0.0,0.0,0.0,0.0,0.0,0.0,0.0,0.0,0.0,0.0,0.0,0.0,0.0,0.0,0.0,0.0
0.8000466227531433,0.2652357220649719,0.32211220264434814,0.5597699284553528,0.7032530307769775,-0.16004052758216858,0.5480020642280579,0.4358903467655182,1.070817470550537,-0.08485569059848785,0.7885462641716003,0.7711915373802185,1.1350486278533936,-0.12083960324525833,0.9346279501914978,0.8514431715011597,1.0754388570785522,-0.04881328344345093,1.2382901906967163,0.6508591175079346,0.1423850655555725,-0.11424720287322998,0.010394304990768433,0.0687137246131897,-0.1666739583015442,-0.017953664064408043,-0.10196119546890259,0.044374167919158936,0.09011328220367432,0.03517661243677139,0.48709362745285034,0.3710553050041199,0.033596158027648926,0.007370486855506897,0.2920091152191162,0.3699183464050293,0.06276965141296387,0.14113048091530853,0.23379027843475897,0.5093827843666077,3.0,3.0,3.0,3.0,3.0,3.0,3.0,3.0,3.0,3.0,3.0,3.0,3.0,3.0,3.0,3.0,3.0,3.0,3.0,3.0,0.05,0.05,0.05,0.05,0.05,0.05,0.05,0.05,0.05,0.05,0.05,0.05,0.05,0.05,0.05,0.05,0.05,0.05,0.05,0.05,0.0,0.0,0.0,0.0,0.0,0.0,0.0,0.0,0.0,0.0,0.0,0.0,0.0,0.0,0.0,0.0,0.0,0.0,0.0,0.0,0.22300583124160767,0.46521323919296265,0.36735036969184875,0.46825921535491943,0.6213529109954834,0.08123312145471573,0.6950955986976624,0.19961316883563995,0.7805497050285339,-0.004547294229269028,0.4190928041934967,0.2938312590122223,0.6555440425872803,0.06551239639520645,0.38955390453338623,0.28711968660354614,0.37785157561302185,-0.013295586220920086,0.6575543284416199,0.059726469218730927,-1.0635789483785665,0.6912268698215498,0.30382275581359863,0.5511701107025174,-1.381793618202215,-0.8657505735754988,-1.5007317066192682,-1.3588920235633883,-1.594479382038122,-0.46685293782502535,-2.1504200994968485,-1.2029595673084286,-1.8679663538932882,-0.37166830152273284,-2.057009190320974,-1.1365108191967037,-1.9270427525043543,-0.34027070505544643,-2.6404827833175744,-0.6332891061902067,3.0,3.0,3.0,3.0,3.0,3.0,3.0,3.0,3.0,3.0,3.0,3.0,3.0,3.0,3.0,3.0,3.0,3.0,3.0,3.0,0.05,0.05,0.05,0.05,0.05,0.05,0.05,0.05,0.05,0.05,0.05,0.05,0.05,0.05,0.05,0.05,0.05,0.05,0.05,0.05,0.0,0.0,0.0,0.0,0.0,0.0,0.0,0.0,0.0,0.0,0.0,0.0,0.0,0.0,0.0,0.0,0.0,0.0,0.0,0.0
0.8022812604904175,0.264766663312912,0.32241418957710266,0.5603587627410889,0.6994587182998657,-0.15989086031913757,0.545008659362793,0.43588313460350037,1.0707261562347412,-0.08399209380149841,0.7953906655311584,0.7761198878288269,1.1334424018859863,-0.12075664103031158,0.9368351697921753,0.8564862012863159,1.0736544132232666,-0.04649139568209648,1.2389873266220093,0.6591160893440247,0.05278289318084717,0.02446994185447693,0.017283856868743896,0.013615190982818604,-0.20743906497955322,0.011785700917243958,-0.1886799931526184,-0.042163580656051636,-0.05761384963989258,0.049095600843429565,0.1790955662727356,0.06725192070007324,-0.10614395141601562,-0.03748200833797455,-0.10160356760025024,0.09645074605941772,-0.0879824161529541,0.046009570360183716,-0.15901625156402588,0.3247112035751343,3.0,3.0,3.0,3.0,3.0,3.0,3.0,3.0,3.0,3.0,3.0,3.0,3.0,3.0,3.0,3.0,3.0,3.0,3.0,3.0,0.05,0.05,0.05,0.05,0.05,0.05,0.05,0.05,0.05,0.05,0.05,0.05,0.05,0.05,0.05,0.05,0.05,0.05,0.05,0.05,0.0,0.0,0.0,0.0,0.0,0.0,0.0,0.0,0.0,0.0,0.0,0.0,0.0,0.0,0.0,0.0,0.0,0.0,0.0,0.0,0.20478348433971405,0.4785853326320648,0.373234361410141,0.47807127237319946,0.5961730480194092,0.06561925262212753,0.6666880249977112,0.17298348248004913,0.7505638599395752,-0.014210617169737816,0.37814852595329285,0.2707868218421936,0.6223090887069702,0.05891651660203934,0.35123324394226074,0.2655985355377197,0.344623327255249,-0.019673563539981842,0.604561984539032,0.04839122295379639,-0.8280713111162186,0.6374239921569824,0.2433568239212036,0.4207730293273926,-1.2009233236312866,-0.7496277801692486,-1.3672634959220886,-1.305115595459938,-1.390664279460907,-0.4532456398010254,-1.9516974687576294,-1.1122006922960281,-1.575694978237152,-0.3216092474758625,-1.8424533307552338,-1.040780171751976,-1.4782227575778961,-0.3091903170570731,-2.66885906457901,-0.5234365351498127,3.0,3.0,3.0,3.0,3.0,3.0,3.0,3.0,3.0,3.0,3.0,3.0,3.0,3.0,3.0,3.0,3.0,3.0,3.0,3.0,0.05,0.05,0.05,0.05,0.05,0.05,0.05,0.05,0.05,0.05,0.05,0.05,0.05,0.05,0.05,0.05,0.05,0.05,0.05,0.05,0.0,0.0,0.0,0.0,0.0,0.0,0.0,0.0,0.0,0.0,0.0,0.0,0.0,0.0,0.0,0.0,0.0,0.0,0.0,0.0
0.8021579384803772,0.266214519739151,0.3228035569190979,0.5603145360946655,0.6949554681777954,-0.15956909954547882,0.5404548645019531,0.4342038035392761,1.0685129165649414,-0.08289186656475067,0.7957100868225098,0.7738816142082214,1.130802869796753,-0.12233888357877731,0.9305638074874878,0.8553012013435364,1.071919560432434,-0.04697290062904358,1.2319295406341553,0.6638475656509399,-0.02820342779159546,0.08956417441368103,0.01593753695487976,-0.004075467586517334,-0.24306625127792358,0.009886547923088074,-0.2495020627975464,-0.10621994733810425,-0.14908313751220703,0.04671495407819748,-0.07542222738265991,-0.1911252737045288,-0.22773146629333496,-0.07803104817867279,-0.43274909257888794,-0.14446675777435303,-0.18792152404785156,-0.03109937533736229,-0.48765838146209717,0.14117509126663208,3.0,3.0,3.0,3.0,3.0,3.0,3.0,3.0,3.0,3.0,3.0,3.0,3.0,3.0,3.0,3.0,3.0,3.0,3.0,3.0,0.05,0.05,0.05,0.05,0.05,0.05,0.05,0.05,0.05,0.05,0.05,0.05,0.05,0.05,0.05,0.05,0.05,0.05,0.05,0.05,0.0,0.0,0.0,0.0,0.0,0.0,0.0,0.0,0.0,0.0,0.0,0.0,0.0,0.0,0.0,0.0,0.0,0.0,0.0,0.0,0.18988297879695892,0.49071019887924194,0.3770846426486969,0.48509013652801514,0.5733159780502319,0.051248010247945786,0.6404050588607788,0.14740854501724243,0.7249231338500977,-0.022677119821310043,0.34102490544319153,0.24934323132038116,0.5925162434577942,0.05264802649617195,0.3158557713031769,0.2454884797334671,0.318722665309906,-0.02566319890320301,0.5507999658584595,0.03878900781273842,-0.6668619811534882,0.5189001560211182,0.20390450954437256,0.40271803736686707,-1.0691598057746887,-0.641830638051033,-1.2190639972686768,-1.186264306306839,-1.2209594249725342,-0.38300645537674427,-1.7378129065036774,-1.0055925697088242,-1.3865426182746887,-0.290076807141304,-1.6495078802108765,-0.9390462189912796,-1.2491710484027863,-0.31736698001623154,-2.556873857975006,-0.42162369936704636,3.0,3.0,3.0,3.0,3.0,3.0,3.0,3.0,3.0,3.0,3.0,3.0,3.0,3.0,3.0,3.0,3.0,3.0,3.0,3.0,0.05,0.05,0.05,0.05,0.05,0.05,0.05,0.05,0.05,0.05,0.05,0.05,0.05,0.05,0.05,0.05,0.05,0.05,0.05,0.05,0.0,0.0,0.0,0.0,0.0,0.0,0.0,0.0,0.0,0.0,0.0,0.0,0.0,0.0,0.0,0.0,0.0,0.0,0.0,0.0
0.8011531233787537,0.26834923028945923,0.32305169105529785,0.5601957440376282,0.6897360682487488,-0.15949539840221405,0.5350285768508911,0.4316343367099762,1.064762830734253,-0.08212349563837051,0.792373776435852,0.7684748768806458,1.124333143234253,-0.1238778829574585,0.9195252060890198,0.8507075309753418,1.0661375522613525,-0.04773537069559097,1.2194809913635254,0.6647630929946899,-0.11561214923858643,0.13417303562164307,0.014812499284744263,-0.010249018669128418,-0.2714306116104126,-0.002520158886909485,-0.30658096075057983,-0.16762763261795044,-0.2032846212387085,0.026233680546283722,-0.30180662870407104,-0.42863786220550537,-0.2971827983856201,-0.12500006705522537,-0.7140085101127625,-0.37644803524017334,-0.2565711736679077,-0.10733604431152344,-0.7788717746734619,-0.06923377513885498,3.0,3.0,3.0,3.0,3.0,3.0,3.0,3.0,3.0,3.0,3.0,3.0,3.0,3.0,3.0,3.0,3.0,3.0,3.0,3.0,0.05,0.05,0.05,0.05,0.05,0.05,0.05,0.05,0.05,0.05,0.05,0.05,0.05,0.05,0.05,0.05,0.05,0.05,0.05,0.05,0.0,0.0,0.0,0.0,0.0,0.0,0.0,0.0,0.0,0.0,0.0,0.0,0.0,0.0,0.0,0.0,0.0,0.0,0.0,0.0,0.17810900509357452,0.49934133887290955,0.3813905417919159,0.49417999386787415,0.5534066557884216,0.03994602710008621,0.6179254651069641,0.12553291022777557,0.7017254829406738,-0.029530875384807587,0.30863600969314575,0.23056311905384064,0.5668473839759827,0.047313444316387177,0.2852529287338257,0.22803668677806854,0.2946564853191376,-0.032368242740631104,0.5022870302200317,0.03152627497911453,-0.5439363420009613,0.41473954916000366,0.16842558979988098,0.38354694843292236,-0.9743764996528625,-0.5412014201283455,-1.0857194662094116,-1.047956570982933,-1.1112570762634277,-0.3254091367125511,-1.5500865876674652,-0.9077835828065872,-1.2417271733283997,-0.2594568766653538,-1.4676257967948914,-0.8374292403459549,-1.1331886053085327,-0.32063829712569714,-2.351827174425125,-0.32668779604136944,3.0,3.0,3.0,3.0,3.0,3.0,3.0,3.0,3.0,3.0,3.0,3.0,3.0,3.0,3.0,3.0,3.0,3.0,3.0,3.0,0.05,0.05,0.05,0.05,0.05,0.05,0.05,0.05,0.05,0.05,0.05,0.05,0.05,0.05,0.05,0.05,0.05,0.05,0.05,0.05,0.0,0.0,0.0,0.0,0.0,0.0,0.0,0.0,0.0,0.0,0.0,0.0,0.0,0.0,0.0,0.0,0.0,0.0,0.0,0.0
0.7975334525108337,0.2715814411640167,0.32339605689048767,0.5599045753479004,0.6840982437133789,-0.1596699059009552,0.5281916260719299,0.4274986982345581,1.060381531715393,-0.08184251934289932,0.7836378216743469,0.7567360997200012,1.1189155578613281,-0.12733888626098633,0.9020034670829773,0.8402432799339294,1.0616567134857178,-0.05126634240150452,1.2007746696472168,0.6610782146453857,-0.1900985836982727,0.16285553574562073,0.016055256128311157,-0.01840740442276001,-0.29032230377197266,-0.015477463603019714,-0.35208165645599365,-0.2176910638809204,-0.250399112701416,0.011645257472991943,-0.48116743564605713,-0.6150677800178528,-0.3587305545806885,-0.15663541853427887,-0.9319648146629333,-0.5643114447593689,-0.3142058849334717,-0.1648208126425743,-1.0040432214736938,-0.25179386138916016,3.0,3.0,3.0,3.0,3.0,3.0,3.0,3.0,3.0,3.0,3.0,3.0,3.0,3.0,3.0,3.0,3.0,3.0,3.0,3.0,0.05,0.05,0.05,0.05,0.05,0.05,0.05,0.05,0.05,0.05,0.05,0.05,0.05,0.05,0.05,0.05,0.05,0.05,0.05,0.05,0.0,0.0,0.0,0.0,0.0,0.0,0.0,0.0,0.0,0.0,0.0,0.0,0.0,0.0,0.0,0.0,0.0,0.0,0.0,0.0,0.16812552511692047,0.5072997808456421,0.38382166624069214,0.500432014465332,0.5343409180641174,0.029599953442811966,0.5969762802124023,0.10549028217792511,0.6804728507995605,-0.03569348528981209,0.2790214419364929,0.21303188800811768,0.5428471565246582,0.0422697514295578,0.2571507394313812,0.2119913101196289,0.2733951210975647,-0.038488730788230896,0.45672687888145447,0.02572149597108364,-0.4296500235795975,0.41929855942726135,0.12589767575263977,0.33916011452674866,-0.8378311991691589,-0.5349692888557911,-0.9921357035636902,-1.0300353169441223,-0.9443551301956177,-0.3064589574933052,-1.4150336384773254,-0.8737970143556595,-1.0232925415039062,-0.25257058441638947,-1.3587966561317444,-0.793394073843956,-0.7181569933891296,-0.2976587042212486,-2.5750182569026947,-0.2604154869914055,3.0,3.0,3.0,3.0,3.0,3.0,3.0,3.0,3.0,3.0,3.0,3.0,3.0,3.0,3.0,3.0,3.0,3.0,3.0,3.0,0.05,0.05,0.05,0.05,0.05,0.05,0.05,0.05,0.05,0.05,0.05,0.05,0.05,0.05,0.05,0.05,0.05,0.05,0.05,0.05,0.0,0.0,0.0,0.0,0.0,0.0,0.0,0.0,0.0,0.0,0.0,0.0,0.0,0.0,0.0,0.0,0.0,0.0,0.0,0.0
0.7935491800308228,0.27486345171928406,0.3236939013004303,0.5594594478607178,0.6781231760978699,-0.16011449694633484,0.5209453105926514,0.4229266941547394,1.0547468662261963,-0.08165768533945084,0.7731270790100098,0.7438721656799316,1.1099839210510254,-0.13014329969882965,0.8822466135025024,0.828135073184967,1.0535693168640137,-0.054328203201293945,1.1793192625045776,0.6546913385391235,-0.2274736762046814,0.19208937883377075,0.009151548147201538,-0.03240406513214111,-0.30616968870162964,-0.007923692464828491,-0.3766268491744995,-0.24366974830627441,-0.36315619945526123,0.02690739929676056,-0.6341114640235901,-0.7090747356414795,-0.5256146192550659,-0.128990039229393,-1.0597169399261475,-0.6648033857345581,-0.5182802677154541,-0.1690806820988655,-1.166960597038269,-0.4060983657836914,3.0,3.0,3.0,3.0,3.0,3.0,3.0,3.0,3.0,3.0,3.0,3.0,3.0,3.0,3.0,3.0,3.0,3.0,3.0,3.0,0.05,0.05,0.05,0.05,0.05,0.05,0.05,0.05,0.05,0.05,0.05,0.05,0.05,0.05,0.05,0.05,0.05,0.05,0.05,0.05,0.0,0.0,0.0,0.0,0.0,0.0,0.0,0.0,0.0,0.0,0.0,0.0,0.0,0.0,0.0,0.0,0.0,0.0,0.0,0.0,0.16092300415039062,0.51611328125,0.3864264488220215,0.5077463984489441,0.5198934078216553,0.01854725554585457,0.5782400369644165,0.08433149755001068,0.6639512777328491,-0.041789233684539795,0.25203466415405273,0.19561123847961426,0.5259156823158264,0.0372106209397316,0.2309010624885559,0.1963009238243103,0.2659302055835724,-0.04427459090948105,0.39928629994392395,0.021109655499458313,-0.3114186227321625,0.38079172372817993,0.10403916239738464,0.2994343638420105,-0.6478562951087952,-0.4798104288056493,-0.8392006158828735,-0.9495532140135765,-0.7374584674835205,-0.27510086074471474,-1.2116502970457077,-0.7833234965801239,-0.7595449686050415,-0.22442974150180817,-1.1830683797597885,-0.7062405347824097,-0.32597482204437256,-0.2607084810733795,-2.6161685585975647,-0.23046848364174366,3.0,3.0,3.0,3.0,3.0,3.0,3.0,3.0,3.0,3.0,3.0,3.0,3.0,3.0,3.0,3.0,3.0,3.0,3.0,3.0,0.05,0.05,0.05,0.05,0.05,0.05,0.05,0.05,0.05,0.05,0.05,0.05,0.05,0.05,0.05,0.05,0.05,0.05,0.05,0.05,0.0,0.0,0.0,0.0,0.0,0.0,0.0,0.0,0.0,0.0,0.0,0.0,0.0,0.0,0.0,0.0,0.0,0.0,0.0,0.0
0.7884345054626465,0.27926501631736755,0.32376211881637573,0.5586084127426147,0.6718514561653137,-0.15998685359954834,0.51312655210495,0.41775190830230713,1.0458552837371826,-0.0807662233710289,0.7582733631134033,0.728373110294342,1.0978909730911255,-0.13249848783016205,0.8596147894859314,0.8136511445045471,1.0409255027770996,-0.05802956968545914,1.154096245765686,0.6448342800140381,-0.29190927743911743,0.2594664692878723,-0.0015661120414733887,-0.03331303596496582,-0.3186732530593872,0.01598857343196869,-0.4048153758049011,-0.274638831615448,-0.4890143871307373,0.05124974995851517,-0.8416324853897095,-0.8441567420959473,-0.6561011075973511,-0.11661313474178314,-1.2024998664855957,-0.79154372215271,-0.6974399089813232,-0.21004825830459595,-1.3433128595352173,-0.5831614136695862,3.0,3.0,3.0,3.0,3.0,3.0,3.0,3.0,3.0,3.0,3.0,3.0,3.0,3.0,3.0,3.0,3.0,3.0,3.0,3.0,0.05,0.05,0.05,0.05,0.05,0.05,0.05,0.05,0.05,0.05,0.05,0.05,0.05,0.05,0.05,0.05,0.05,0.05,0.05,0.05,0.0,0.0,0.0,0.0,0.0,0.0,0.0,0.0,0.0,0.0,0.0,0.0,0.0,0.0,0.0,0.0,0.0,0.0,0.0,0.0,0.15566878020763397,0.5225314497947693,0.3879832327365875,0.5124093890190125,0.5084266662597656,0.010407536290585995,0.5634082555770874,0.06750815361738205,0.6509745121002197,-0.04669751971960068,0.2305554300546646,0.18169894814491272,0.5124653577804565,0.033292561769485474,0.20982800424098969,0.18374168872833252,0.2603561282157898,-0.04891707003116608,0.3520801365375519,0.016502756625413895,-0.1980014145374298,0.2597108483314514,0.04148334264755249,0.22459179162979126,-0.48767924308776855,-0.31394140096381307,-0.6202965974807739,-0.7576434873044491,-0.5216196179389954,-0.18995916470885277,-0.9338848292827606,-0.615721195936203,-0.5669593811035156,-0.14843568205833435,-0.9292848408222198,-0.5487091839313507,-0.11900141835212708,-0.19910940900444984,-2.2769607603549957,-0.2029151190072298,3.0,3.0,3.0,3.0,3.0,3.0,3.0,3.0,3.0,3.0,3.0,3.0,3.0,3.0,3.0,3.0,3.0,3.0,3.0,3.0,0.05,0.05,0.05,0.05,0.05,0.05,0.05,0.05,0.05,0.05,0.05,0.05,0.05,0.05,0.05,0.05,0.05,0.05,0.05,0.05,0.0,0.0,0.0,0.0,0.0,0.0,0.0,0.0,0.0,0.0,0.0,0.0,0.0,0.0,0.0,0.0,0.0,0.0,0.0,0.0
0.7818728089332581,0.28524211049079895,0.32363125681877136,0.5581269264221191,0.6653762459754944,-0.1594749540090561,0.5047526955604553,0.41194114089012146,1.0351862907409668,-0.07960769534111023,0.7394617795944214,0.7101058959960938,1.0837398767471313,-0.13480782508850098,0.8341466188430786,0.7964733242988586,1.0256717205047607,-0.06273013353347778,1.125586748123169,0.6313648819923401,-0.36865174770355225,0.31322091817855835,-0.009638071060180664,-0.0276222825050354,-0.32481253147125244,0.030869990587234497,-0.42977556586265564,-0.3048025071620941,-0.5911022424697876,0.06959382444620132,-1.035591959953308,-0.9752541780471802,-0.7668048143386841,-0.10802522301673889,-1.3378813862800598,-0.9207531809806824,-0.8443385362625122,-0.2507433295249939,-1.5066713094711304,-0.7623717188835144,3.0,3.0,3.0,3.0,3.0,3.0,3.0,3.0,3.0,3.0,3.0,3.0,3.0,3.0,3.0,3.0,3.0,3.0,3.0,3.0,0.05,0.05,0.05,0.05,0.05,0.05,0.05,0.05,0.05,0.05,0.05,0.05,0.05,0.05,0.05,0.05,0.05,0.05,0.05,0.05,0.0,0.0,0.0,0.0,0.0,0.0,0.0,0.0,0.0,0.0,0.0,0.0,0.0,0.0,0.0,0.0,0.0,0.0,0.0,0.0,0.15300294756889343,0.5265017151832581,0.3880857825279236,0.5167300701141357,0.5003862380981445,0.005989599507302046,0.5534281730651855,0.05402575805783272,0.6430864930152893,-0.049387600272893906,0.2146792709827423,0.17098239064216614,0.5032373070716858,0.031273193657398224,0.19372966885566711,0.17435255646705627,0.2611701488494873,-0.05223896726965904,0.3082078695297241,0.01299305073916912,-0.08364133536815643,0.19563287496566772,0.01715943217277527,0.19155889749526978,-0.32004863023757935,-0.1877234608400613,-0.3953978419303894,-0.5896301008760929,-0.27440786361694336,-0.1036548987030983,-0.6547462195158005,-0.45196525752544403,-0.3300487995147705,-0.06921044550836086,-0.668591633439064,-0.3904540091753006,0.13103485107421875,-0.13364451006054878,-2.019539475440979,-0.15429831109941006,3.0,3.0,3.0,3.0,3.0,3.0,3.0,3.0,3.0,3.0,3.0,3.0,3.0,3.0,3.0,3.0,3.0,3.0,3.0,3.0,0.05,0.05,0.05,0.05,0.05,0.05,0.05,0.05,0.05,0.05,0.05,0.05,0.05,0.05,0.05,0.05,0.05,0.05,0.05,0.05,0.0,0.0,0.0,0.0,0.0,0.0,0.0,0.0,0.0,0.0,0.0,0.0,0.0,0.0,0.0,0.0,0.0,0.0,0.0,0.0
0.7736884355545044,0.2917938530445099,0.3233765959739685,0.5575035214424133,0.6588589549064636,-0.15875205397605896,0.4959355294704437,0.40555980801582336,1.0222111940383911,-0.07798247039318085,0.716849684715271,0.6893629431724548,1.0672187805175781,-0.1368194967508316,0.806099534034729,0.7768210172653198,1.0071519613265991,-0.06805930286645889,1.0938293933868408,0.6143394112586975,-0.454927980899808,0.35107806324958524,-0.01718848943710327,-0.023286044597625732,-0.3271639347076416,0.044241547584533,-0.45244917273521146,-0.3339052200317369,-0.7027834653854315,0.09418372064828803,-1.2242317199706976,-1.0981291532516424,-0.8867591619491522,-0.09021572768688202,-1.4618232846259986,-1.0415360331535284,-1.0079026222228948,-0.2805821597576124,-1.6656666994094738,-0.9396389126777593,3.0,3.0,3.0,3.0,3.0,3.0,3.0,3.0,3.0,3.0,3.0,3.0,3.0,3.0,3.0,3.0,3.0,3.0,3.0,3.0,0.05,0.05,0.05,0.05,0.05,0.05,0.05,0.05,0.05,0.05,0.05,0.05,0.05,0.05,0.05,0.05,0.05,0.05,0.05,0.05,0.0,0.0,0.0,0.0,0.0,0.0,0.0,0.0,0.0,0.0,0.0,0.0,0.0,0.0,0.0,0.0,0.0,0.0,0.0,0.0,0.15232312679290771,0.530356764793396,0.38866961002349854,0.5200717449188232,0.49562472105026245,0.0028985978569835424,0.5475923418998718,0.04392294958233833,0.639998197555542,-0.05084371566772461,0.2043655812740326,0.16362033784389496,0.4992634057998657,0.03052414394915104,0.18308433890342712,0.1681235283613205,0.26559752225875854,-0.05426285043358803,0.2712985575199127,0.010330824181437492,0.017613545060157082,0.16583949327468872,0.020077824592590332,0.15146881341934204,-0.16689226031303267,-0.1110489247366786,-0.2011641860008212,-0.4277603700757011,-0.05457252264022827,-0.043150596320628946,-0.39295554161071705,-0.2917964011430733,-0.07202327251434326,-0.01670536585152158,-0.400897487998008,-0.23668818175792625,0.30531212687492093,-0.07357876747846603,-1.6545291990041664,-0.11017068754881577,3.0,3.0,3.0,3.0,3.0,3.0,3.0,3.0,3.0,3.0,3.0,3.0,3.0,3.0,3.0,3.0,3.0,3.0,3.0,3.0,0.05,0.05,0.05,0.05,0.05,0.05,0.05,0.05,0.05,0.05,0.05,0.05,0.05,0.05,0.05,0.05,0.05,0.05,0.05,0.05,0.0,0.0,0.0,0.0,0.0,0.0,0.0,0.0,0.0,0.0,0.0,0.0,0.0,0.0,0.0,0.0,0.0,0.0,0.0,0.0
0.7636756896972657,0.29928523302078236,0.32294371724128723,0.5571954846382141,0.6522896885871887,-0.15770529210567477,0.48665472865104686,0.398584932088852,1.0070749521255495,-0.07584034651517871,0.6904925107955935,0.666180729866028,1.0482695102691653,-0.13841645419597626,0.7756736874580387,0.7548118829727175,0.985355615615845,-0.07395341992378228,1.05896008014679,0.5937793254852297,-0.5580350756645203,0.3543742001056671,-0.038929283618927,-0.013461709022521973,-0.33161044120788574,0.06037019193172455,-0.46477317810058594,-0.3521643579006195,-0.8076801896095276,0.12979358434677124,-1.3713374733924866,-1.1820897459983826,-1.0283797979354858,-0.059643760323524475,-1.5591427683830261,-1.1281222105026245,-1.1885419487953186,-0.28546620160341263,-1.8000870943069458,-1.0850310325622559,3.0,3.0,3.0,3.0,3.0,3.0,3.0,3.0,3.0,3.0,3.0,3.0,3.0,3.0,3.0,3.0,3.0,3.0,3.0,3.0,0.05,0.05,0.05,0.05,0.05,0.05,0.05,0.05,0.05,0.05,0.05,0.05,0.05,0.05,0.05,0.05,0.05,0.05,0.05,0.05,0.0,0.0,0.0,0.0,0.0,0.0,0.0,0.0,0.0,0.0,0.0,0.0,0.0,0.0,0.0,0.0,0.0,0.0,0.0,0.0,0.15370748937129972,0.5331352949142456,0.3888888955116272,0.5227888226509094,0.4937105476856232,0.0015476425178349018,0.5453816056251527,0.036915343254804674,0.6409035921096802,-0.051113624125719063,0.19896104931831363,0.1593105345964432,0.5003563761711121,0.03060497902333736,0.1776937693357468,0.16488502919673922,0.27338263392448414,-0.055182117968797684,0.24202670156955747,0.00858622323721649,0.11295415461063385,0.11607706546783447,0.004040449857711792,0.1266390085220337,-0.025126338005065918,-0.022168742725625634,-0.021278858184814453,-0.278440210968256,0.15470385551452637,0.015344470739364624,-0.15066713094711304,-0.14292225241661072,0.1596212387084961,0.030343281105160713,-0.15425272285938263,-0.09517818689346313,0.4579685628414154,-0.021412596106529236,-1.2980114668607712,-0.07556566270068288,3.0,3.0,3.0,3.0,3.0,3.0,3.0,3.0,3.0,3.0,3.0,3.0,3.0,3.0,3.0,3.0,3.0,3.0,3.0,3.0,0.05,0.05,0.05,0.05,0.05,0.05,0.05,0.05,0.05,0.05,0.05,0.05,0.05,0.05,0.05,0.05,0.05,0.05,0.05,0.05,0.0,0.0,0.0,0.0,0.0,0.0,0.0,0.0,0.0,0.0,0.0,0.0,0.0,0.0,0.0,0.0,0.0,0.0,0.0,0.0
0.7513670325279236,0.3059688210487366,0.3218194246292114,0.5569650530815125,0.6455945372581482,-0.15633724629878998,0.4773446023464203,0.3914732336997986,0.98990398645401,-0.07279072701931,0.6619961857795715,0.6420793533325195,1.0260835886001587,-0.13920524716377258,0.743733823299408,0.7316961288452148,0.9596102833747864,-0.0794779509305954,1.021825909614563,0.5709381699562073,-0.6564795970916776,0.38179531693458835,-0.043076276779174805,0.003758072853088379,-0.33869147300720215,0.07544308900833199,-0.47442242503166476,-0.3661789000034346,-0.9125366806984003,0.1621657982468612,-1.492175459861761,-1.242841780185705,-1.1408567428588923,-0.02747662365436554,-1.6211658716201864,-1.1853545904159601,-1.353068649768835,-0.2791089937090891,-1.8963754177093617,-1.1957079172134455,3.0,3.0,3.0,3.0,3.0,3.0,3.0,3.0,3.0,3.0,3.0,3.0,3.0,3.0,3.0,3.0,3.0,3.0,3.0,3.0,0.05,0.05,0.05,0.05,0.05,0.05,0.05,0.05,0.05,0.05,0.05,0.05,0.05,0.05,0.05,0.05,0.05,0.05,0.05,0.05,0.0,0.0,0.0,0.0,0.0,0.0,0.0,0.0,0.0,0.0,0.0,0.0,0.0,0.0,0.0,0.0,0.0,0.0,0.0,0.0,0.15684129297733307,0.5349998474121094,0.388831228017807,0.5251373052597046,0.4946196675300598,0.002011848147958517,0.5467411875724792,0.03278534114360809,0.646186351776123,-0.050229936838150024,0.19833889603614807,0.15790344774723053,0.5056482553482056,0.03173787519335747,0.17691422998905182,0.16431640088558197,0.28391626477241516,-0.0551193542778492,0.21937809884548187,0.007308197673410177,0.18812119960784981,0.06050467491149902,-0.012543052434921265,0.11501163244247437,0.09986907243728499,0.06934310076758265,0.14374256134032926,-0.14653853140771544,0.3439709544181824,0.07401965558528882,0.06315819919109275,-0.011992081999779441,0.32965540885925293,0.07835091091692456,0.049962848424910805,0.025729462504386208,0.5869843065738706,0.02138465642929077,-0.9894661605358193,-0.054869765881449414,3.0,3.0,3.0,3.0,3.0,3.0,3.0,3.0,3.0,3.0,3.0,3.0,3.0,3.0,3.0,3.0,3.0,3.0,3.0,3.0,0.05,0.05,0.05,0.05,0.05,0.05,0.05,0.05,0.05,0.05,0.05,0.05,0.05,0.05,0.05,0.05,0.05,0.05,0.05,0.05,0.0,0.0,0.0,0.0,0.0,0.0,0.0,0.0,0.0,0.0,0.0,0.0,0.0,0.0,0.0,0.0,0.0,0.0,0.0,0.0
0.7374165058135986,0.3145570456981659,0.32122066617012024,0.5573458075523376,0.6387420296669006,-0.1546875685453415,0.4676778316497803,0.3839377760887146,0.9705734848976135,-0.06935371458530426,0.630805492401123,0.6164670586585999,1.0026352405548096,-0.13951551914215088,0.7108270525932312,0.7073976993560791,0.9312328696250916,-0.08511777967214584,0.9831050634384155,0.5459510087966919,-0.7783040404319763,0.5310863256454468,-0.03904476761817932,0.01484900712966919,-0.3026112914085388,0.08805505931377411,-0.4751257598400116,-0.39380118250846863,-0.9517848491668701,0.16961060464382172,-1.6420423984527588,-1.3705775141716003,-1.1858761310577393,-0.03349184989929199,-1.7113178968429565,-1.3103768229484558,-1.3375312089920044,-0.30067265033721924,-1.973673701286316,-1.3677015900611877,3.0,3.0,3.0,3.0,3.0,3.0,3.0,3.0,3.0,3.0,3.0,3.0,3.0,3.0,3.0,3.0,3.0,3.0,3.0,3.0,0.05,0.05,0.05,0.05,0.05,0.05,0.05,0.05,0.05,0.05,0.05,0.05,0.05,0.05,0.05,0.05,0.05,0.05,0.05,0.05,0.0,0.0,0.0,0.0,0.0,0.0,0.0,0.0,0.0,0.0,0.0,0.0,0.0,0.0,0.0,0.0,0.0,0.0,0.0,0.0,0.1612323373556137,0.5355554819107056,0.38838717341423035,0.5273892879486084,0.4977053105831146,0.004321366548538208,0.5511313080787659,0.031053801998496056,0.6546624302864075,-0.04815283790230751,0.20148737728595734,0.15883085131645203,0.5135425925254822,0.03373901546001434,0.17969228327274323,0.16591420769691467,0.29686200618743896,-0.05432673171162605,0.2024480551481247,0.006391432601958513,0.2414364367723465,-0.004728138446807861,-0.03465414047241211,0.1135513186454773,0.19883513450622559,0.1602024887688458,0.29051899909973145,-0.03401637077331543,0.4874095320701599,0.12969551607966423,0.23688487708568573,0.09611621499061584,0.43972134590148926,0.1207561232149601,0.21317675709724426,0.12725070118904114,0.6918281316757202,0.05613518878817558,-0.7280316203832626,-0.05504562286660075,3.0,3.0,3.0,3.0,3.0,3.0,3.0,3.0,3.0,3.0,3.0,3.0,3.0,3.0,3.0,3.0,3.0,3.0,3.0,3.0,0.05,0.05,0.05,0.05,0.05,0.05,0.05,0.05,0.05,0.05,0.05,0.05,0.05,0.05,0.05,0.05,0.05,0.05,0.05,0.05,0.0,0.0,0.0,0.0,0.0,0.0,0.0,0.0,0.0,0.0,0.0,0.0,0.0,0.0,0.0,0.0,0.0,0.0,0.0,0.0
0.7202348709106445,0.32721227407455444,0.32025763392448425,0.5575590133666992,0.6334900856018066,-0.152815043926239,0.4583395719528198,0.37572118639945984,0.9518325924873352,-0.06600630283355713,0.5963144898414612,0.5872562527656555,0.9786485433578491,-0.14054492115974426,0.6752811074256897,0.6792810559272766,0.9061090350151062,-0.09150485694408417,0.9428789615631104,0.5162301063537598,-0.8670538663864136,0.5874134600162506,-0.022270530462265015,0.05481243133544922,-0.3204062581062317,0.09147897362709045,-0.48990026116371155,-0.41821300983428955,-0.9904325008392334,0.16885139048099518,-1.7219692468643188,-1.4377772808074951,-1.223793625831604,-0.015233829617500305,-1.7641931772232056,-1.3905122876167297,-1.3575568795204163,-0.28456728905439377,-2.020910382270813,-1.4899469912052155,3.0,3.0,3.0,3.0,3.0,3.0,3.0,3.0,3.0,3.0,3.0,3.0,3.0,3.0,3.0,3.0,3.0,3.0,3.0,3.0,0.05,0.05,0.05,0.05,0.05,0.05,0.05,0.05,0.05,0.05,0.05,0.05,0.05,0.05,0.05,0.05,0.05,0.05,0.05,0.05,0.0,0.0,0.0,0.0,0.0,0.0,0.0,0.0,0.0,0.0,0.0,0.0,0.0,0.0,0.0,0.0,0.0,0.0,0.0,0.0,0.16649875044822693,0.5348107218742371,0.3874450623989105,0.5296793580055237,0.5025730729103088,0.008419947698712349,0.5583619475364685,0.031424686312675476,0.6656827330589294,-0.045042116194963455,0.2078142911195755,0.16174809634685516,0.5232371091842651,0.03656812012195587,0.1854413002729416,0.16940642893314362,0.31158939003944397,-0.052873946726322174,0.19025683403015137,0.005106372758746147,0.31656064093112946,-0.09946823120117188,-0.06098449230194092,0.10203421115875244,0.31179264187812805,0.27404078282415867,0.46964436769485474,0.08562472648918629,0.6500124931335449,0.19092215225100517,0.4317827522754669,0.21758116781711578,0.6029233336448669,0.1642695628106594,0.413726270198822,0.2522490918636322,0.8260130882263184,0.09669661521911621,-0.4504390060901642,-0.05495523801073432,3.0,3.0,3.0,3.0,3.0,3.0,3.0,3.0,3.0,3.0,3.0,3.0,3.0,3.0,3.0,3.0,3.0,3.0,3.0,3.0,0.05,0.05,0.05,0.05,0.05,0.05,0.05,0.05,0.05,0.05,0.05,0.05,0.05,0.05,0.05,0.05,0.05,0.05,0.05,0.05,0.0,0.0,0.0,0.0,0.0,0.0,0.0,0.0,0.0,0.0,0.0,0.0,0.0,0.0,0.0,0.0,0.0,0.0,0.0,0.0
0.7027343511581421,0.3380535840988159,0.32032984495162964,0.5595383048057556,0.6259257793426514,-0.15102840960025787,0.4480818212032318,0.367209255695343,0.9309561848640442,-0.06259965896606445,0.5619267225265503,0.5589559674263,0.9536834955215454,-0.1401248723268509,0.640259325504303,0.6517772078514099,0.8769305944442749,-0.0965004712343216,0.902268648147583,0.4863531291484833,-0.9586110711097717,0.6893277168273926,0.015235692262649536,0.09970366954803467,-0.4161626100540161,0.15037022531032562,-0.5480013787746429,-0.46016573905944824,-1.0448843240737915,0.17464980483055115,-1.7740443348884583,-1.476474106311798,-1.2640878558158875,0.009186938405036926,-1.8228456377983093,-1.4584526419639587,-1.4135807752609253,-0.25115497410297394,-2.046002447605133,-1.589379459619522,3.0,3.0,3.0,3.0,3.0,3.0,3.0,3.0,3.0,3.0,3.0,3.0,3.0,3.0,3.0,3.0,3.0,3.0,3.0,3.0,0.05,0.05,0.05,0.05,0.05,0.05,0.05,0.05,0.05,0.05,0.05,0.05,0.05,0.05,0.05,0.05,0.05,0.05,0.05,0.05,0.0,0.0,0.0,0.0,0.0,0.0,0.0,0.0,0.0,0.0,0.0,0.0,0.0,0.0,0.0,0.0,0.0,0.0,0.0,0.0,0.1738947629928589,0.5315767526626587,0.3859477937221527,0.5314706563949585,0.5101770162582397,0.015282997861504555,0.5699170827865601,0.03447879105806351,0.6806629300117493,-0.0405159518122673,0.218758687376976,0.16753409802913666,0.5376595258712769,0.04030979797244072,0.1962413340806961,0.17600417137145996,0.3299025297164917,-0.050458867102861404,0.18443049490451813,0.0041932230815291405,0.4445645958185196,-0.22071301937103271,-0.0933036208152771,0.05392581224441528,0.48369020223617554,0.4193431232124567,0.7032975554466248,0.22510234266519547,0.8647412061691284,0.2683943137526512,0.6770182400941849,0.36963969469070435,0.8631572127342224,0.2094845287501812,0.677354633808136,0.41637346148490906,1.018337905406952,0.14960141852498055,-0.08330494165420532,0.007140357047319412,3.0,3.0,3.0,3.0,3.0,3.0,3.0,3.0,3.0,3.0,3.0,3.0,3.0,3.0,3.0,3.0,3.0,3.0,3.0,3.0,0.05,0.05,0.05,0.05,0.05,0.05,0.05,0.05,0.05,0.05,0.05,0.05,0.05,0.05,0.05,0.05,0.05,0.05,0.05,0.05,0.0,0.0,0.0,0.0,0.0,0.0,0.0,0.0,0.0,0.0,0.0,0.0,0.0,0.0,0.0,0.0,0.0,0.0,0.0,0.0
0.6818904280662537,0.35478538274765015,0.32086706161499023,0.5615471601486206,0.616843581199646,-0.146800234913826,0.4364195168018341,0.3573145568370819,0.9100372195243835,-0.05902031064033508,0.5253527164459229,0.5281972885131836,0.9280850291252136,-0.14017744362354279,0.6023672819137573,0.6209429502487183,0.8495658040046692,-0.10155105590820312,0.861038863658905,0.4526549279689789,-1.0322391986846924,0.7785864174365997,0.01438036561012268,0.12404471635818481,-0.5053326487541199,0.2012982964515686,-0.5970552563667297,-0.4928693175315857,-1.0880231857299805,0.18233675509691238,-1.7986208200454712,-1.4911934733390808,-1.305869221687317,0.03635324537754059,-1.8677890300750732,-1.5016987919807434,-1.4436990022659302,-0.2106809988617897,-2.038143575191498,-1.6528137028217316,3.0,3.0,3.0,3.0,3.0,3.0,3.0,3.0,3.0,3.0,3.0,3.0,3.0,3.0,3.0,3.0,3.0,3.0,3.0,3.0,0.05,0.05,0.05,0.05,0.05,0.05,0.05,0.05,0.05,0.05,0.05,0.05,0.05,0.05,0.05,0.05,0.05,0.05,0.05,0.05,0.0,0.0,0.0,0.0,0.0,0.0,0.0,0.0,0.0,0.0,0.0,0.0,0.0,0.0,0.0,0.0,0.0,0.0,0.0,0.0,0.1842813342809677,0.5259822010993958,0.38371291756629944,0.5318363904953003,0.5219206809997559,0.025193672627210617,0.5864938497543335,0.040428780019283295,0.7002723813056946,-0.03430634364485741,0.2348950207233429,0.17653368413448334,0.557763397693634,0.04494750127196312,0.21253548562526703,0.18606136739253998,0.35232290625572205,-0.04688988998532295,0.18692463636398315,0.005391987040638924,0.6056208163499832,-0.3124505281448364,-0.13152062892913818,-0.007335841655731201,0.6755277514457703,0.6044457200914621,0.9585678577423096,0.3627604804933071,1.0681703686714172,0.3647278994321823,0.9238060563802719,0.5249049514532089,1.1007651686668396,0.2677466720342636,0.9323194622993469,0.5950711667537689,1.1669501662254333,0.20922943949699402,0.3859374672174454,0.13520978391170502,3.0,3.0,3.0,3.0,3.0,3.0,3.0,3.0,3.0,3.0,3.0,3.0,3.0,3.0,3.0,3.0,3.0,3.0,3.0,3.0,0.05,0.05,0.05,0.05,0.05,0.05,0.05,0.05,0.05,0.05,0.05,0.05,0.05,0.05,0.05,0.05,0.05,0.05,0.05,0.05,0.0,0.0,0.0,0.0,0.0,0.0,0.0,0.0,0.0,0.0,0.0,0.0,0.0,0.0,0.0,0.0,0.0,0.0,0.0,0.0
0.6614447832107544,0.3691970407962799,0.32090505957603455,0.564500093460083,0.6057124733924866,-0.14297647774219513,0.4241996109485626,0.3474944829940796,0.887435257434845,-0.05530618876218796,0.48998188972473145,0.4993082284927368,0.9014487266540527,-0.13867074251174927,0.5655477643013,0.5917092561721802,0.8191826343536377,-0.10492771118879318,0.8207429051399231,0.420240581035614,-1.0726377367973328,0.838315486907959,0.014773756265640259,0.15560835599899292,-0.6056711077690125,0.24482309818267822,-0.6429232656955719,-0.5090899765491486,-1.147441565990448,0.19572898745536804,-1.7764806747436523,-1.445365697145462,-1.3770341873168945,0.08453503251075745,-1.8703028559684753,-1.4712586998939514,-1.521851122379303,-0.16105901449918747,-1.996748149394989,-1.6325250267982483,3.0,3.0,3.0,3.0,3.0,3.0,3.0,3.0,3.0,3.0,3.0,3.0,3.0,3.0,3.0,3.0,3.0,3.0,3.0,3.0,0.05,0.05,0.05,0.05,0.05,0.05,0.05,0.05,0.05,0.05,0.05,0.05,0.05,0.05,0.05,0.05,0.05,0.05,0.05,0.05,0.0,0.0,0.0,0.0,0.0,0.0,0.0,0.0,0.0,0.0,0.0,0.0,0.0,0.0,0.0,0.0,0.0,0.0,0.0,0.0,0.19811959564685822,0.5190787315368652,0.3806869685649872,0.5311772227287292,0.5371981263160706,0.03946082666516304,0.6082597970962524,0.04898921027779579,0.723389744758606,-0.02592683583498001,0.2557109296321869,0.18853029608726501,0.5816901326179504,0.051019664853811264,0.23353411257266998,0.19980701804161072,0.37658053636550903,-0.042089689522981644,0.19986799359321594,0.009601614437997341,0.7638823240995407,-0.4004746675491333,-0.17324835062026978,-0.06847530603408813,0.8457690477371216,0.7660089991986752,1.172967255115509,0.46994248405098915,1.234191656112671,0.45599276199936867,1.1471018195152283,0.6640378385782242,1.295149326324463,0.3233772702515125,1.1557262390851974,0.7656451314687729,1.2223370373249054,0.2645879052579403,0.9046077728271484,0.2928358968347311,3.0,3.0,3.0,3.0,3.0,3.0,3.0,3.0,3.0,3.0,3.0,3.0,3.0,3.0,3.0,3.0,3.0,3.0,3.0,3.0,0.05,0.05,0.05,0.05,0.05,0.05,0.05,0.05,0.05,0.05,0.05,0.05,0.05,0.05,0.05,0.05,0.05,0.05,0.05,0.05,0.0,0.0,0.0,0.0,0.0,0.0,0.0,0.0,0.0,0.0,0.0,0.0,0.0,0.0,0.0,0.0,0.0,0.0,0.0,0.0
0.6389849185943604,0.3883180022239685,0.32145801186561584,0.5677714943885803,0.5926167368888855,-0.13700731098651886,0.41070258617401123,0.33695095777511597,0.8641395568847656,-0.05119115114212036,0.45429348945617676,0.4703826606273651,0.8730036616325378,-0.1367960423231125,0.5275551676750183,0.5620926022529602,0.7886917591094971,-0.10799341648817062,0.7811689376831055,0.38735392689704895,-1.1401280760765076,0.906650722026825,0.04479363560676575,0.1730993390083313,-0.6756335496902466,0.29644668102264404,-0.6744973361492157,-0.519416481256485,-1.2036517262458801,0.21208468824625015,-1.7631970345973969,-1.4102503657341003,-1.446746289730072,0.12031197547912598,-1.8825642764568329,-1.4468863606452942,-1.5903562307357788,-0.11162068694829941,-1.9672513008117676,-1.6184605658054352,3.0,3.0,3.0,3.0,3.0,3.0,3.0,3.0,3.0,3.0,3.0,3.0,3.0,3.0,3.0,3.0,3.0,3.0,3.0,3.0,0.05,0.05,0.05,0.05,0.05,0.05,0.05,0.05,0.05,0.05,0.05,0.05,0.05,0.05,0.05,0.05,0.05,0.05,0.05,0.05,0.0,0.0,0.0,0.0,0.0,0.0,0.0,0.0,0.0,0.0,0.0,0.0,0.0,0.0,0.0,0.0,0.0,0.0,0.0,0.0,0.21483662724494934,0.5099632143974304,0.37678298354148865,0.5290973782539368,0.5557514429092407,0.05583403259515762,0.6334125399589539,0.05922647938132286,0.7496400475502014,-0.01606663316488266,0.280779093503952,0.2030951976776123,0.6095693707466125,0.05788259208202362,0.2587645351886749,0.2166871726512909,0.40121638774871826,-0.03630637377500534,0.2231089472770691,0.017105422914028168,0.8857857435941696,-0.5149804055690765,-0.23030787706375122,-0.11038333177566528,1.0011568665504456,0.8710130117833614,1.315908133983612,0.5432839505374432,1.3723388314247131,0.5260341800749302,1.3455145061016083,0.7821783423423767,1.4723360538482666,0.34979404881596565,1.3500329107046127,0.9143777191638947,1.1861719191074371,0.307288346812129,1.4168351888656616,0.4517811583355069,3.0,3.0,3.0,3.0,3.0,3.0,3.0,3.0,3.0,3.0,3.0,3.0,3.0,3.0,3.0,3.0,3.0,3.0,3.0,3.0,0.05,0.05,0.05,0.05,0.05,0.05,0.05,0.05,0.05,0.05,0.05,0.05,0.05,0.05,0.05,0.05,0.05,0.05,0.05,0.05,0.0,0.0,0.0,0.0,0.0,0.0,0.0,0.0,0.0,0.0,0.0,0.0,0.0,0.0,0.0,0.0,0.0,0.0,0.0,0.0
0.6158396601676941,0.4054630696773529,0.3226968050003052,0.5714240670204163,0.5786871314048767,-0.13111861050128937,0.397219717502594,0.3267178237438202,0.8392891883850098,-0.04682280123233795,0.41945400834083557,0.4428982138633728,0.8435788750648499,-0.13385826349258423,0.49024519324302673,0.5338338017463684,0.7555683851242065,-0.10939253866672516,0.7420528531074524,0.3555021584033966,-1.2406066060066223,1.0064095258712769,0.09392574429512024,0.16961097717285156,-0.7083356380462646,0.3511674702167511,-0.6709598004817963,-0.5150981247425079,-1.2432947754859924,0.23554787039756775,-1.7399169504642487,-1.384715735912323,-1.4619097113609314,0.14134570956230164,-1.8923774361610413,-1.4322981238365173,-1.5911281108856201,-0.0501072034239769,-1.9565582275390625,-1.646178960800171,3.0,3.0,3.0,3.0,3.0,3.0,3.0,3.0,3.0,3.0,3.0,3.0,3.0,3.0,3.0,3.0,3.0,3.0,3.0,3.0,0.05,0.05,0.05,0.05,0.05,0.05,0.05,0.05,0.05,0.05,0.05,0.05,0.05,0.05,0.05,0.05,0.05,0.05,0.05,0.05,0.0,0.0,0.0,0.0,0.0,0.0,0.0,0.0,0.0,0.0,0.0,0.0,0.0,0.0,0.0,0.0,0.0,0.0,0.0,0.0,0.233551025390625,0.4984795153141022,0.37147465348243713,0.5267618894577026,0.5772444009780884,0.0743013471364975,0.6608961224555969,0.07072056829929352,0.7782832980155945,-0.004885468631982803,0.3095315098762512,0.21981742978096008,0.6405835747718811,0.06501142680644989,0.2875354290008545,0.2363821268081665,0.4240274131298065,-0.029798155650496483,0.2565414011478424,0.027672860771417618,0.9754061698913574,-0.609106570482254,-0.28152987360954285,-0.12035518884658813,1.1412754654884338,0.9472358971834183,1.4017701148986816,0.595466885715723,1.4836102724075317,0.5828139372169971,1.5083827078342438,0.8723720908164978,1.6049876809120178,0.3746284171938896,1.5043191611766815,1.0313287377357483,1.116415113210678,0.3443291410803795,1.8821701407432556,0.5833077244460583,3.0,3.0,3.0,3.0,3.0,3.0,3.0,3.0,3.0,3.0,3.0,3.0,3.0,3.0,3.0,3.0,3.0,3.0,3.0,3.0,0.05,0.05,0.05,0.05,0.05,0.05,0.05,0.05,0.05,0.05,0.05,0.05,0.05,0.05,0.05,0.05,0.05,0.05,0.05,0.05,0.0,0.0,0.0,0.0,0.0,0.0,0.0,0.0,0.0,0.0,0.0,0.0,0.0,0.0,0.0,0.0,0.0,0.0,0.0,0.0
0.5893606543540955,0.4285743832588196,0.32521504163742065,0.5745559334754944,0.5642833113670349,-0.12296061217784882,0.3838641941547394,0.31634703278541565,0.8144077658653259,-0.04176923632621765,0.3846968114376068,0.4149940311908722,0.8145272731781006,-0.13114221394062042,0.45186007022857666,0.5048006772994995,0.7250466346740723,-0.1099977046251297,0.702906608581543,0.3215067684650421,-1.3218507170677185,1.1624030768871307,0.12552142143249512,0.15980899333953857,-0.7787168025970459,0.4270527511835098,-0.6871283054351807,-0.5253814160823822,-1.2566298246383667,0.24671070277690887,-1.7140664160251617,-1.3734608888626099,-1.4607787132263184,0.16065388917922974,-1.9077934324741364,-1.4287561178207397,-1.5073880553245544,-0.014446303248405457,-1.9370600581169128,-1.6921333968639374,3.0,3.0,3.0,3.0,3.0,3.0,3.0,3.0,3.0,3.0,3.0,3.0,3.0,3.0,3.0,3.0,3.0,3.0,3.0,3.0,0.05,0.05,0.05,0.05,0.05,0.05,0.05,0.05,0.05,0.05,0.05,0.05,0.05,0.05,0.05,0.05,0.05,0.05,0.05,0.05,0.0,0.0,0.0,0.0,0.0,0.0,0.0,0.0,0.0,0.0,0.0,0.0,0.0,0.0,0.0,0.0,0.0,0.0,0.0,0.0,0.25385287404060364,0.48559895157814026,0.36552178859710693,0.5242831707000732,0.6014024615287781,0.09372346848249435,0.6894833445549011,0.08304515480995178,0.8089844584465027,0.007245924323797226,0.3411144018173218,0.23799008131027222,0.6737688779830933,0.0728677287697792,0.3189373016357422,0.2579403221607208,0.4458729922771454,-0.02253320813179016,0.2983957529067993,0.0404377318918705,1.0598920285701752,-0.6858587265014648,-0.32367631793022156,-0.12419074773788452,1.267920434474945,1.0066352784633636,1.4418452978134155,0.6356801837682724,1.579764485359192,0.6247377023100853,1.6495242714881897,0.9417325258255005,1.6843602061271667,0.3994671627879143,1.6334742307662964,1.1231660842895508,1.0462597012519836,0.3776517929509282,2.3000501096248627,0.675449799746275,3.0,3.0,3.0,3.0,3.0,3.0,3.0,3.0,3.0,3.0,3.0,3.0,3.0,3.0,3.0,3.0,3.0,3.0,3.0,3.0,0.05,0.05,0.05,0.05,0.05,0.05,0.05,0.05,0.05,0.05,0.05,0.05,0.05,0.05,0.05,0.05,0.05,0.05,0.05,0.05,0.0,0.0,0.0,0.0,0.0,0.0,0.0,0.0,0.0,0.0,0.0,0.0,0.0,0.0,0.0,0.0,0.0,0.0,0.0,0.0
0.5629656314849854,0.45195919275283813,0.327717661857605,0.5778164267539978,0.5475384593009949,-0.11403650045394897,0.36973458528518677,0.3057025671005249,0.7890239953994751,-0.0369543731212616,0.3508913516998291,0.3879597783088684,0.7851477265357971,-0.12743210792541504,0.4139334559440613,0.4766835570335388,0.6952728629112244,-0.10997039079666138,0.6645704507827759,0.2878168225288391,-1.3069257140159607,1.0753773152828217,0.13780519366264343,0.17181634902954102,-0.8053570985794067,0.41694846004247665,-0.6756268441677094,-0.509093701839447,-1.2662991881370544,0.24410104379057884,-1.6339436173439026,-1.2955345213413239,-1.4624238014221191,0.2071196213364601,-1.844208687543869,-1.3499528169631958,-1.5158146619796753,0.04222765564918518,-1.882287859916687,-1.6286879777908325,3.0,3.0,3.0,3.0,3.0,3.0,3.0,3.0,3.0,3.0,3.0,3.0,3.0,3.0,3.0,3.0,3.0,3.0,3.0,3.0,0.05,0.05,0.05,0.05,0.05,0.05,0.05,0.05,0.05,0.05,0.05,0.05,0.05,0.05,0.05,0.05,0.05,0.05,0.05,0.05,0.0,0.0,0.0,0.0,0.0,0.0,0.0,0.0,0.0,0.0,0.0,0.0,0.0,0.0,0.0,0.0,0.0,0.0,0.0,0.0,0.275946706533432,0.4710451662540436,0.35852760076522827,0.5217942595481873,0.6279612183570862,0.11456675827503204,0.7185699343681335,0.09614777565002441,0.8414738774299622,0.02010403946042061,0.3755124807357788,0.2574867308139801,0.7079579830169678,0.08099011331796646,0.35287439823150635,0.28130877017974854,0.46587780117988586,-0.014692083932459354,0.3485434055328369,0.054690852761268616,1.0928072035312653,-0.7391400635242462,-0.34405067563056946,-0.12357831001281738,1.3643532991409302,0.9835829958319664,1.4514893293380737,0.6701266393065453,1.6542956233024597,0.5970758385956287,1.7461948096752167,0.984460860490799,1.7662212252616882,0.3875039517879486,1.7279468476772308,1.1717423796653748,1.0301761329174042,0.38834987208247185,2.5274470448493958,0.7169879041612148,3.0,3.0,3.0,3.0,3.0,3.0,3.0,3.0,3.0,3.0,3.0,3.0,3.0,3.0,3.0,3.0,3.0,3.0,3.0,3.0,0.05,0.05,0.05,0.05,0.05,0.05,0.05,0.05,0.05,0.05,0.05,0.05,0.05,0.05,0.05,0.05,0.05,0.05,0.05,0.05,0.0,0.0,0.0,0.0,0.0,0.0,0.0,0.0,0.0,0.0,0.0,0.0,0.0,0.0,0.0,0.0,0.0,0.0,0.0,0.0
0.537083625793457,0.47158947587013245,0.3307272493839264,0.581428587436676,0.5320690274238586,-0.10628267377614975,0.356839120388031,0.29598328471183777,0.7637557983398438,-0.0320051945745945,0.3193390667438507,0.36317265033721924,0.7560303211212158,-0.12285742908716202,0.3780917227268219,0.4508025646209717,0.6644140481948853,-0.10830859839916229,0.6276150941848755,0.2563592493534088,-1.2539416551589881,1.0288625955581623,0.1730307936668382,0.15381425619125366,-0.7610723376274081,0.4173874855041483,-0.622410327196117,-0.47484934329986295,-1.2055292725562965,0.250916555523871,-1.5030629932880333,-1.1904180049896185,-1.3610452413558904,0.22798608988523378,-1.707585901021949,-1.2367248535156194,-1.3892009854316656,0.10735969990491763,-1.7429172992706243,-1.5098426491022026,3.0,3.0,3.0,3.0,3.0,3.0,3.0,3.0,3.0,3.0,3.0,3.0,3.0,3.0,3.0,3.0,3.0,3.0,3.0,3.0,0.05,0.05,0.05,0.05,0.05,0.05,0.05,0.05,0.05,0.05,0.05,0.05,0.05,0.05,0.05,0.05,0.05,0.05,0.05,0.05,0.0,0.0,0.0,0.0,0.0,0.0,0.0,0.0,0.0,0.0,0.0,0.0,0.0,0.0,0.0,0.0,0.0,0.0,0.0,0.0,0.29756516218185425,0.4560333490371704,0.35175976157188416,0.5193400382995605,0.6559765934944153,0.133066788315773,0.7475429177284241,0.10985022038221359,0.8751562833786011,0.031128957867622375,0.41096219420433044,0.2773685157299042,0.7444177269935608,0.08836788684129715,0.3880551755428314,0.3048100173473358,0.48708003759384155,-0.006999213248491287,0.39949363470077515,0.06911724805831909,1.125314086675637,-0.7908724248409216,-0.372201204299924,-0.12810230255126953,1.4354139566421424,0.967375934123988,1.449547708034507,0.7248781621456104,1.6737028956413158,0.6077879108488526,1.8357649445533655,1.013902574777599,1.7822682857513317,0.4278333857655501,1.8509462475776561,1.2360252439975654,0.9397886693477575,0.44795155990868535,2.8797730803489503,0.7206687703728641,3.0,3.0,3.0,3.0,3.0,3.0,3.0,3.0,3.0,3.0,3.0,3.0,3.0,3.0,3.0,3.0,3.0,3.0,3.0,3.0,0.05,0.05,0.05,0.05,0.05,0.05,0.05,0.05,0.05,0.05,0.05,0.05,0.05,0.05,0.05,0.05,0.05,0.05,0.05,0.05,0.0,0.0,0.0,0.0,0.0,0.0,0.0,0.0,0.0,0.0,0.0,0.0,0.0,0.0,0.0,0.0,0.0,0.0,0.0,0.0
0.5128079652786258,0.49311369657516463,0.3346388936042785,0.583968997001648,0.5170955657958985,-0.09734100103378304,0.3448381721973421,0.2867085933685304,0.7408028244972232,-0.026917710900306757,0.2907688319683078,0.34034305810928367,0.7307059168815615,-0.11831266433000569,0.3456300199031833,0.42721456289291404,0.6397048234939577,-0.10567600280046467,0.5948537588119509,0.227423116564751,-1.1550530791282598,0.9984008967876379,0.19879415631294112,0.11441558599472046,-0.707112252712247,0.4364743828773474,-0.5535669624805423,-0.4390619695186587,-1.0905429720878546,0.24806391447782394,-1.3413310050964287,-1.0797448456287342,-1.1902987957000677,0.21773669868707551,-1.5355557203292778,-1.1178255081176702,-1.1329948902130071,0.1691797748208032,-1.5494406223297035,-1.3784702867269454,3.0,3.0,3.0,3.0,3.0,3.0,3.0,3.0,3.0,3.0,3.0,3.0,3.0,3.0,3.0,3.0,3.0,3.0,3.0,3.0,0.05,0.05,0.05,0.05,0.05,0.05,0.05,0.05,0.05,0.05,0.05,0.05,0.05,0.05,0.05,0.05,0.05,0.05,0.05,0.05,0.0,0.0,0.0,0.0,0.0,0.0,0.0,0.0,0.0,0.0,0.0,0.0,0.0,0.0,0.0,0.0,0.0,0.0,0.0,0.0,0.3209592700004575,0.4394102692604067,0.3436395525932313,0.5166701674461365,0.6853777766227719,0.15326179563999157,0.7765518426895138,0.12514290213584883,0.9084219932556148,0.044415555894374716,0.44894307851791343,0.29804283380508406,0.779248714447021,0.09810344874858846,0.4269122481346126,0.33074977993965116,0.5034693479537962,0.003225978463888061,0.46373432874679493,0.08351760357618318,1.1721312999725273,-0.823739171028133,-0.4280433058738681,-0.16737431287765225,1.502636075019828,0.9646274149417828,1.4746353030204689,0.8007762953638982,1.673662662506095,0.6166742183268039,1.9117169082164653,1.0313697159290258,1.7447233200073158,0.4263257607817629,1.9583277404308208,1.2768864631652763,0.8568048477172796,0.48452957998960966,3.178416192531569,0.6686355918645828,3.0,3.0,3.0,3.0,3.0,3.0,3.0,3.0,3.0,3.0,3.0,3.0,3.0,3.0,3.0,3.0,3.0,3.0,3.0,3.0,0.05,0.05,0.05,0.05,0.05,0.05,0.05,0.05,0.05,0.05,0.05,0.05,0.05,0.05,0.05,0.05,0.05,0.05,0.05,0.05,0.0,0.0,0.0,0.0,0.0,0.0,0.0,0.0,0.0,0.0,0.0,0.0,0.0,0.0,0.0,0.0,0.0,0.0,0.0,0.0
0.49088150262832664,0.511525511741638,0.33867901563644404,0.5860052108764648,0.5037845373153688,-0.08882369846105585,0.3346964418888093,0.2784208059310914,0.7201340794563296,-0.02208263799548154,0.26568582653999356,0.31998285651206987,0.7084183692932131,-0.114147961139679,0.3166694939136508,0.40608954429626487,0.619094252586365,-0.10154140740633016,0.5656374692916873,0.201220437884331,-1.0405905544757925,0.8910119533538859,0.2049937844276442,0.09831488132476807,-0.6308816373348264,0.4189897328615209,-0.47098994255066334,-0.39836540818214694,-0.9873643517494285,0.23518009111285348,-1.185629516839988,-0.969205796718603,-1.052273809909826,0.1983270049095164,-1.3742975890636526,-1.0050214827060755,-0.9386256337165888,0.21741837263107403,-1.382413506507879,-1.2458574026823126,3.0,3.0,3.0,3.0,3.0,3.0,3.0,3.0,3.0,3.0,3.0,3.0,3.0,3.0,3.0,3.0,3.0,3.0,3.0,3.0,0.05,0.05,0.05,0.05,0.05,0.05,0.05,0.05,0.05,0.05,0.05,0.05,0.05,0.05,0.05,0.05,0.05,0.05,0.05,0.05,0.0,0.0,0.0,0.0,0.0,0.0,0.0,0.0,0.0,0.0,0.0,0.0,0.0,0.0,0.0,0.0,0.0,0.0,0.0,0.0,0.34445041418075534,0.4230837821960451,0.33463802933692943,0.5126450657844545,0.7160820364952084,0.17165188491344432,0.8065283298492428,0.14188127219676952,0.9421027898788449,0.05579592660069453,0.48743087053298906,0.3186233043670652,0.8142066597938534,0.10542091727256767,0.46638828516006425,0.35588547587394687,0.5213522315025327,0.012381969951093098,0.5266302824020379,0.0958626717329024,1.1936359107494423,-0.8155100047588404,-0.4115834832191495,-0.1965656876564026,1.5498965978622519,0.8961357176303912,1.5065461397171103,0.8701462298631709,1.6811609268188588,0.5493782460689578,1.9440695643425085,1.0316193103790325,1.7372936010360829,0.34088008105755097,2.001999318599712,1.2491181492805563,0.9256184101104792,0.44788401573896675,3.11256945133211,0.5895638838410412,3.0,3.0,3.0,3.0,3.0,3.0,3.0,3.0,3.0,3.0,3.0,3.0,3.0,3.0,3.0,3.0,3.0,3.0,3.0,3.0,0.05,0.05,0.05,0.05,0.05,0.05,0.05,0.05,0.05,0.05,0.05,0.05,0.05,0.05,0.05,0.05,0.05,0.05,0.05,0.05,0.0,0.0,0.0,0.0,0.0,0.0,0.0,0.0,0.0,0.0,0.0,0.0,0.0,0.0,0.0,0.0,0.0,0.0,0.0,0.0
0.4711843430995941,0.5287541747093201,0.3428386449813843,0.5879015922546387,0.4918603003025055,-0.0805814117193222,0.32599857449531555,0.2707739770412445,0.7013082504272461,-0.017510507255792618,0.24334365129470825,0.30157482624053955,0.6886149644851685,-0.11037958413362503,0.2906581163406372,0.387013703584671,0.6021597981452942,-0.09697926789522171,0.5395572185516357,0.1775888204574585,-0.9474515914917048,0.8251860737800654,0.2159111201763167,0.09046345949172974,-0.5711801350116757,0.4068663343787218,-0.4075437784194974,-0.372745096683505,-0.9033039212226923,0.22553871385753277,-1.0618820786476204,-0.88080540299416,-0.9401693940162714,0.18725804984569652,-1.241035759449012,-0.9135439991951044,-0.782316923141485,0.2439996227622046,-1.2437626719474875,-1.1259064078331056,3.0,3.0,3.0,3.0,3.0,3.0,3.0,3.0,3.0,3.0,3.0,3.0,3.0,3.0,3.0,3.0,3.0,3.0,3.0,3.0,0.05,0.05,0.05,0.05,0.05,0.05,0.05,0.05,0.05,0.05,0.05,0.05,0.05,0.05,0.05,0.05,0.05,0.05,0.05,0.05,0.0,0.0,0.0,0.0,0.0,0.0,0.0,0.0,0.0,0.0,0.0,0.0,0.0,0.0,0.0,0.0,0.0,0.0,0.0,0.0,0.3687047064304352,0.4067898690700531,0.32717621326446533,0.5088075399398804,0.747373640537262,0.18910722434520721,0.8368136882781982,0.15994875133037567,0.9756684303283691,0.06639068573713303,0.5267058610916138,0.33930760622024536,0.8487404584884644,0.1117386519908905,0.5069922208786011,0.3807145059108734,0.5404940843582153,0.02114133909344673,0.5882371068000793,0.10710015892982483,1.194719225168235,-0.829581916332249,-0.3968931734561948,-0.21832734346390048,1.5784099698066794,0.8384279906749774,1.521362364292153,0.9382549673318912,1.675042510032662,0.5268505774438412,1.9915252923965565,1.041387021541601,1.7150387167930685,0.3029784187674543,2.0664870738983265,1.238657534122474,0.9885936975479181,0.44192026834935194,3.0453249812126324,0.5522636696696313,3.0,3.0,3.0,3.0,3.0,3.0,3.0,3.0,3.0,3.0,3.0,3.0,3.0,3.0,3.0,3.0,3.0,3.0,3.0,3.0,0.05,0.05,0.05,0.05,0.05,0.05,0.05,0.05,0.05,0.05,0.05,0.05,0.05,0.05,0.05,0.05,0.05,0.05,0.05,0.05,0.0,0.0,0.0,0.0,0.0,0.0,0.0,0.0,0.0,0.0,0.0,0.0,0.0,0.0,0.0,0.0,0.0,0.0,0.0,0.0
0.45298343896865845,0.5445329546928406,0.3473154604434967,0.589623749256134,0.48093733191490173,-0.07254904508590698,0.3183946907520294,0.2635110020637512,0.6840019226074219,-0.01306108944118023,0.22321054339408875,0.28475064039230347,0.6708115935325623,-0.10665763914585114,0.2670280635356903,0.3695477843284607,0.5878015756607056,-0.09178142249584198,0.5158869624137878,0.15618418157100677,-0.8718222379684448,0.79612135887146,0.22928714752197266,0.08909553289413452,-0.5251869559288025,0.40740445256233215,-0.35071447491645813,-0.3633260726928711,-0.8287355303764343,0.22952517028898,-0.9548429399728775,-0.8135370910167694,-0.8278623223304749,0.2001926302909851,-1.1304184794425964,-0.8491918444633484,-0.636330246925354,0.26030540466308594,-1.1472396552562714,-1.0370183736085892,3.0,3.0,3.0,3.0,3.0,3.0,3.0,3.0,3.0,3.0,3.0,3.0,3.0,3.0,3.0,3.0,3.0,3.0,3.0,3.0,0.05,0.05,0.05,0.05,0.05,0.05,0.05,0.05,0.05,0.05,0.05,0.05,0.05,0.05,0.05,0.05,0.05,0.05,0.05,0.05,0.0,0.0,0.0,0.0,0.0,0.0,0.0,0.0,0.0,0.0,0.0,0.0,0.0,0.0,0.0,0.0,0.0,0.0,0.0,0.0,0.39223918318748474,0.3899005055427551,0.31876230239868164,0.5039119720458984,0.7792184352874756,0.20518900454044342,0.867382824420929,0.17941147089004517,1.0091044902801514,0.07686994969844818,0.5670918822288513,0.36027878522872925,0.8828082084655762,0.11754005402326584,0.5490477681159973,0.4054317772388458,0.5608959794044495,0.030058780685067177,0.6484432816505432,0.11795321851968765,1.1692464351654053,-0.8172452449798584,-0.3828860819339752,-0.25489628314971924,1.5896454453468323,0.7472828030586243,1.5419572591781616,1.0158367455005646,1.6458719968795776,0.4746653139591217,2.0376816391944885,1.053396612405777,1.684938371181488,0.24238787591457367,2.126084268093109,1.231691986322403,1.0436832904815674,0.4122491925954819,2.9405221343040466,0.5399733781814575,3.0,3.0,3.0,3.0,3.0,3.0,3.0,3.0,3.0,3.0,3.0,3.0,3.0,3.0,3.0,3.0,3.0,3.0,3.0,3.0,0.05,0.05,0.05,0.05,0.05,0.05,0.05,0.05,0.05,0.05,0.05,0.05,0.05,0.05,0.05,0.05,0.05,0.05,0.05,0.05,0.0,0.0,0.0,0.0,0.0,0.0,0.0,0.0,0.0,0.0,0.0,0.0,0.0,0.0,0.0,0.0,0.0,0.0,0.0,0.0
0.4363114535808563,0.5605990290641785,0.3520101308822632,0.591465413570404,0.4708528220653534,-0.06428523361682892,0.3119699954986572,0.25624093413352966,0.6681588292121887,-0.008329500444233418,0.20514993369579315,0.2690333425998688,0.6555004715919495,-0.10237187892198563,0.24544137716293335,0.3530460298061371,0.57670658826828,-0.08656705170869827,0.4936676323413849,0.13610808551311493,-0.7351711392402649,0.7209792733192444,0.22970587015151978,0.055095553398132324,-0.4236273467540741,0.3747668117284775,-0.2606302499771118,-0.324355810880661,-0.6794065237045288,0.20863551180809736,-0.7878798991441727,-0.702204555273056,-0.6574288010597229,0.1801270991563797,-0.9556140750646591,-0.7412530481815338,-0.4338577389717102,0.2673845738172531,-0.9857252240180969,-0.9043417870998383,3.0,3.0,3.0,3.0,3.0,3.0,3.0,3.0,3.0,3.0,3.0,3.0,3.0,3.0,3.0,3.0,3.0,3.0,3.0,3.0,0.05,0.05,0.05,0.05,0.05,0.05,0.05,0.05,0.05,0.05,0.05,0.05,0.05,0.05,0.05,0.05,0.05,0.05,0.05,0.05,0.0,0.0,0.0,0.0,0.0,0.0,0.0,0.0,0.0,0.0,0.0,0.0,0.0,0.0,0.0,0.0,0.0,0.0,0.0,0.0,0.4154745638370514,0.37410005927085876,0.3118607699871063,0.4986116886138916,0.8109594583511353,0.21899853646755219,0.8984919786453247,0.20058222115039825,1.0415033102035522,0.0853772982954979,0.6082131266593933,0.38144347071647644,0.9161379933357239,0.12143416702747345,0.5920355916023254,0.42998218536376953,0.582241415977478,0.037631306797266006,0.7058579921722412,0.12869909405708313,1.099608838558197,-0.7726825773715973,-0.3379032015800476,-0.2749808132648468,1.5331476926803589,0.6391163915395737,1.5183523297309875,1.0663539171218872,1.5362471342086792,0.40228404104709625,2.0042911171913147,1.0219976305961609,1.5901073813438416,0.17419233918190002,2.1435394883155823,1.2069500982761383,1.0411158204078674,0.35514659248292446,2.776436507701874,0.5312604829668999,3.0,3.0,3.0,3.0,3.0,3.0,3.0,3.0,3.0,3.0,3.0,3.0,3.0,3.0,3.0,3.0,3.0,3.0,3.0,3.0,0.05,0.05,0.05,0.05,0.05,0.05,0.05,0.05,0.05,0.05,0.05,0.05,0.05,0.05,0.05,0.05,0.05,0.05,0.05,0.05,0.0,0.0,0.0,0.0,0.0,0.0,0.0,0.0,0.0,0.0,0.0,0.0,0.0,0.0,0.0,0.0,0.0,0.0,0.0,0.0
0.42357659339904785,0.5733721256256104,0.3565036952495575,0.5918275713920593,0.46399223804473877,-0.05755837261676788,0.30796948075294495,0.2505367696285248,0.6568256616592407,-0.004715668968856335,0.19169534742832184,0.2566624581813812,0.6445144414901733,-0.09945255517959595,0.22880350053310394,0.33989766240119934,0.5704472661018372,-0.08108603954315186,0.47645795345306396,0.12001051008701324,-0.5480661988258362,0.5643650889396667,0.20240247249603271,-0.022992491722106934,-0.2884984016418457,0.29119057580828667,-0.15788376331329346,-0.2558525651693344,-0.49115121364593506,0.16777875716798007,-0.5905229598283768,-0.5542993545532227,-0.4552111029624939,0.15092715620994568,-0.7276389747858047,-0.5873158574104309,-0.2318859100341797,0.2572983503341675,-0.7637582719326019,-0.7235156372189522,3.0,3.0,3.0,3.0,3.0,3.0,3.0,3.0,3.0,3.0,3.0,3.0,3.0,3.0,3.0,3.0,3.0,3.0,3.0,3.0,0.05,0.05,0.05,0.05,0.05,0.05,0.05,0.05,0.05,0.05,0.05,0.05,0.05,0.05,0.05,0.05,0.05,0.05,0.05,0.05,0.0,0.0,0.0,0.0,0.0,0.0,0.0,0.0,0.0,0.0,0.0,0.0,0.0,0.0,0.0,0.0,0.0,0.0,0.0,0.0,0.4362235367298126,0.35899320244789124,0.30524617433547974,0.49291273951530457,0.8405443429946899,0.23075366020202637,0.9281169176101685,0.22206562757492065,1.0705543756484985,0.09296131134033203,0.6472635269165039,0.4011586904525757,0.9464125037193298,0.12450774759054184,0.6347893476486206,0.45370978116989136,0.6025406122207642,0.044264644384384155,0.7595007419586182,0.13920363783836365,0.982162356376648,-0.7280066609382629,-0.293993204832077,-0.27404874563217163,1.4402344822883606,0.5472969263792038,1.4451101422309875,1.0523434728384018,1.3873696327209473,0.3521036356687546,1.8784120678901672,0.9446084499359131,1.4725372195243835,0.12838616967201233,2.0821496844291687,1.1431194841861725,1.0190874338150024,0.3056790679693222,2.5406062602996826,0.5170240998268127,3.0,3.0,3.0,3.0,3.0,3.0,3.0,3.0,3.0,3.0,3.0,3.0,3.0,3.0,3.0,3.0,3.0,3.0,3.0,3.0,0.05,0.05,0.05,0.05,0.05,0.05,0.05,0.05,0.05,0.05,0.05,0.05,0.05,0.05,0.05,0.05,0.05,0.05,0.05,0.05,0.0,0.0,0.0,0.0,0.0,0.0,0.0,0.0,0.0,0.0,0.0,0.0,0.0,0.0,0.0,0.0,0.0,0.0,0.0,0.0
0.4143888056278229,0.5831736326217651,0.3601062297821045,0.5905457139015198,0.45931288599967957,-0.05263761058449745,0.3056546449661255,0.2460068315267563,0.6485127806663513,-0.0016183501575142145,0.18152901530265808,0.24686136841773987,0.6372920274734497,-0.0963347926735878,0.21633581817150116,0.32955339550971985,0.5674311518669128,-0.07627511769533157,0.4631173014640808,0.10716746002435684,-0.37075430154800415,0.42650848627090454,0.15807822346687317,-0.06648153066635132,-0.15806928277015686,0.2141927368938923,-0.0601060688495636,-0.19303038716316223,-0.3299251198768616,0.13543004752136767,-0.42063072323799133,-0.4246853291988373,-0.2459391951560974,0.13746358454227448,-0.507538765668869,-0.44343844056129456,-0.05731433629989624,0.23173149675130844,-0.5672797560691833,-0.5629910156130791,3.0,3.0,3.0,3.0,3.0,3.0,3.0,3.0,3.0,3.0,3.0,3.0,3.0,3.0,3.0,3.0,3.0,3.0,3.0,3.0,0.05,0.05,0.05,0.05,0.05,0.05,0.05,0.05,0.05,0.05,0.05,0.05,0.05,0.05,0.05,0.05,0.05,0.05,0.05,0.05,0.0,0.0,0.0,0.0,0.0,0.0,0.0,0.0,0.0,0.0,0.0,0.0,0.0,0.0,0.0,0.0,0.0,0.0,0.0,0.0,0.4547610580921173,0.34497979283332825,0.30010104179382324,0.48764973878860474,0.8685688376426697,0.24089041352272034,0.9562963843345642,0.24267596006393433,1.0969980955123901,0.09946144372224808,0.683349609375,0.41922780871391296,0.9750394821166992,0.12656961381435394,0.6753215789794922,0.47570696473121643,0.6230049133300781,0.049858469516038895,0.8074822425842285,0.14938005805015564,0.8644022047519684,-0.6425783038139343,-0.25354623794555664,-0.25903433561325073,1.3389304280281067,0.46790391206741333,1.367393136024475,1.0390356183052063,1.2330889701843262,0.2945270389318466,1.7585471272468567,0.8658751845359802,1.3645097613334656,0.07726084440946579,2.024129033088684,1.0793447494506836,0.9931996464729309,0.24822009727358818,2.3140639066696167,0.5109120160341263,3.0,3.0,3.0,3.0,3.0,3.0,3.0,3.0,3.0,3.0,3.0,3.0,3.0,3.0,3.0,3.0,3.0,3.0,3.0,3.0,0.05,0.05,0.05,0.05,0.05,0.05,0.05,0.05,0.05,0.05,0.05,0.05,0.05,0.05,0.05,0.05,0.05,0.05,0.05,0.05,0.0,0.0,0.0,0.0,0.0,0.0,0.0,0.0,0.0,0.0,0.0,0.0,0.0,0.0,0.0,0.0,0.0,0.0,0.0,0.0
0.4087464213371277,0.5904324650764465,0.3628268241882324,0.5891683101654053,0.4576694667339325,-0.04899066314101219,0.3055652379989624,0.2428155541419983,0.6436286568641663,0.0007015329319983721,0.17487011849880219,0.23967504501342773,0.6346768736839294,-0.09395401179790497,0.20850194990634918,0.32216012477874756,0.5681546926498413,-0.07181677967309952,0.45376676321029663,0.09749086946249008,-0.1687467098236084,0.24724900722503662,0.09326040744781494,-0.10133534669876099,0.02777203917503357,0.12851674109697342,0.0773496925830841,-0.11665076017379761,-0.13393908739089966,0.09262299281544983,-0.2268720418214798,-0.2833571285009384,0.006534159183502197,0.10597705841064453,-0.25214217603206635,-0.2823472023010254,0.14907419681549072,0.21562203764915466,-0.3526546061038971,-0.3967251628637314,3.0,3.0,3.0,3.0,3.0,3.0,3.0,3.0,3.0,3.0,3.0,3.0,3.0,3.0,3.0,3.0,3.0,3.0,3.0,3.0,0.05,0.05,0.05,0.05,0.05,0.05,0.05,0.05,0.05,0.05,0.05,0.05,0.05,0.05,0.05,0.05,0.05,0.05,0.05,0.05,0.0,0.0,0.0,0.0,0.0,0.0,0.0,0.0,0.0,0.0,0.0,0.0,0.0,0.0,0.0,0.0,0.0,0.0,0.0,0.0,0.47079962491989136,0.33329007029533386,0.29510432481765747,0.48255136609077454,0.8941015601158142,0.2494698166847229,0.9828126430511475,0.2636270523071289,1.1198779344558716,0.1047423928976059,0.7176054120063782,0.4357936978340149,1.0009928941726685,0.12759818136692047,0.715754508972168,0.4968835711479187,0.6422685980796814,0.05419344827532768,0.8520632982254028,0.1596401184797287,0.7351770997047424,-0.5564376711845398,-0.21651610732078552,-0.24196654558181763,1.2181684374809265,0.3968849778175354,1.2687429785728455,1.0101012885570526,1.0510891675949097,0.24075061082839966,1.6024231910705566,0.7657639682292938,1.2272566556930542,0.033411383628845215,1.9461482763290405,1.007062941789627,0.9307265281677246,0.18911538645625114,2.0952224731445312,0.49641579389572144,3.0,3.0,3.0,3.0,3.0,3.0,3.0,3.0,3.0,3.0,3.0,3.0,3.0,3.0,3.0,3.0,3.0,3.0,3.0,3.0,0.05,0.05,0.05,0.05,0.05,0.05,0.05,0.05,0.05,0.05,0.05,0.05,0.05,0.05,0.05,0.05,0.05,0.05,0.05,0.05,0.0,0.0,0.0,0.0,0.0,0.0,0.0,0.0,0.0,0.0,0.0,0.0,0.0,0.0,0.0,0.0,0.0,0.0,0.0,0.0
0.40763893723487854,0.5930635929107666,0.3638366460800171,0.5864923000335693,0.4604237675666809,-0.047496940940618515,0.30874863266944885,0.24134080111980438,0.6431552171707153,0.002086569555103779,0.1724541336297989,0.23552708327770233,0.6375533938407898,-0.09209571033716202,0.2062501311302185,0.31825950741767883,0.5733941197395325,-0.06765023618936539,0.4490111172199249,0.09129845350980759,0.08175745606422424,0.03115236759185791,0.03486275672912598,-0.13701170682907104,0.16475319862365723,0.019738171249628067,0.18938258290290833,-0.05823113024234772,0.08026659488677979,0.04476917092688382,-0.03706105053424835,-0.14381185173988342,0.22161751985549927,0.0999942421913147,-0.010001659393310547,-0.12528300285339355,0.3350168466567993,0.1842554658651352,-0.14349743723869324,-0.2299455925822258,3.0,3.0,3.0,3.0,3.0,3.0,3.0,3.0,3.0,3.0,3.0,3.0,3.0,3.0,3.0,3.0,3.0,3.0,3.0,3.0,0.05,0.05,0.05,0.05,0.05,0.05,0.05,0.05,0.05,0.05,0.05,0.05,0.05,0.05,0.05,0.05,0.05,0.05,0.05,0.05,0.0,0.0,0.0,0.0,0.0,0.0,0.0,0.0,0.0,0.0,0.0,0.0,0.0,0.0,0.0,0.0,0.0,0.0,0.0,0.0,0.484168142080307,0.32272228598594666,0.2914403975009918,0.47797107696533203,0.9172955751419067,0.25676581263542175,1.007046103477478,0.28308001160621643,1.1390416622161865,0.10909146815538406,0.7474465370178223,0.4498583674430847,1.0241297483444214,0.12790606915950775,0.7531675100326538,0.5159894824028015,0.6602339744567871,0.05742308497428894,0.8912911415100098,0.1692366898059845,0.6103724241256714,-0.4828549921512604,-0.1773729920387268,-0.20914226770401,1.1123999953269958,0.3323592245578766,1.161375641822815,0.9368896484375,0.8989810943603516,0.19249804317951202,1.4124557375907898,0.6582677364349365,1.1274486780166626,-0.003986060619354248,1.8191531300544739,0.918339192867279,0.8951202034950256,0.12953942641615868,1.8508374691009521,0.46976059675216675,3.0,3.0,3.0,3.0,3.0,3.0,3.0,3.0,3.0,3.0,3.0,3.0,3.0,3.0,3.0,3.0,3.0,3.0,3.0,3.0,0.05,0.05,0.05,0.05,0.05,0.05,0.05,0.05,0.05,0.05,0.05,0.05,0.05,0.05,0.05,0.05,0.05,0.05,0.05,0.05,0.0,0.0,0.0,0.0,0.0,0.0,0.0,0.0,0.0,0.0,0.0,0.0,0.0,0.0,0.0,0.0,0.0,0.0,0.0,0.0
0.41201671957969666,0.5916785597801208,0.36422133445739746,0.5836878418922424,0.4642595946788788,-0.04820113629102707,0.31314054131507874,0.24048630893230438,0.6468393206596375,0.0024922997690737247,0.17338767647743225,0.2339225709438324,0.6435415744781494,-0.08995424211025238,0.20810188353061676,0.3171488046646118,0.5815553665161133,-0.06444656103849411,0.4480268657207489,0.08829304575920105,0.2939850091934204,-0.1258447766304016,0.024910271167755127,-0.16258805990219116,0.2664797008037567,-0.07085204124450684,0.25742724537849426,-0.023249909281730652,0.2593711018562317,-0.010612577898427844,0.11184290051460266,-0.02411380410194397,0.38112252950668335,0.0696573406457901,0.18792487680912018,0.008483976125717163,0.4663541913032532,0.14241551980376244,0.04670917987823486,-0.07347408682107925,3.0,3.0,3.0,3.0,3.0,3.0,3.0,3.0,3.0,3.0,3.0,3.0,3.0,3.0,3.0,3.0,3.0,3.0,3.0,3.0,0.05,0.05,0.05,0.05,0.05,0.05,0.05,0.05,0.05,0.05,0.05,0.05,0.05,0.05,0.05,0.05,0.05,0.05,0.05,0.05,0.0,0.0,0.0,0.0,0.0,0.0,0.0,0.0,0.0,0.0,0.0,0.0,0.0,0.0,0.0,0.0,0.0,0.0,0.0,0.0,0.4952145218849182,0.31397587060928345,0.2880094051361084,0.47418567538261414,0.938597559928894,0.26276418566703796,1.02926766872406,0.3011026382446289,1.1558371782302856,0.11244231462478638,0.7741036415100098,0.46212440729141235,1.046090841293335,0.1274387389421463,0.7885206341743469,0.5336171388626099,0.6780734062194824,0.05937502533197403,0.9260967969894409,0.17843054234981537,0.5014605820178986,-0.43892934918403625,-0.14149844646453857,-0.1941487193107605,1.02662593126297,0.29150545597076416,1.0784655809402466,0.8825153112411499,0.7789403200149536,0.165642611682415,1.2618213891983032,0.5646564066410065,1.0333001613616943,-0.025269389152526855,1.7394989728927612,0.8554816246032715,0.8622676134109497,0.08952450007200241,1.6721904277801514,0.4669357091188431,3.0,3.0,3.0,3.0,3.0,3.0,3.0,3.0,3.0,3.0,3.0,3.0,3.0,3.0,3.0,3.0,3.0,3.0,3.0,3.0,0.05,0.05,0.05,0.05,0.05,0.05,0.05,0.05,0.05,0.05,0.05,0.05,0.05,0.05,0.05,0.05,0.05,0.05,0.05,0.05,0.0,0.0,0.0,0.0,0.0,0.0,0.0,0.0,0.0,0.0,0.0,0.0,0.0,0.0,0.0,0.0,0.0,0.0,0.0,0.0
0.41939833760261536,0.5880298018455505,0.3648330569267273,0.5799887776374817,0.4710829555988312,-0.05033102259039879,0.3190457224845886,0.24041080474853516,0.6535300612449646,0.001662066439166665,0.176927849650383,0.23456253111362457,0.6527982950210571,-0.08930941671133041,0.2137671262025833,0.3185988664627075,0.5920482873916626,-0.06195361539721489,0.4508794844150543,0.08835949003696442,0.3993518650531769,-0.23242086172103882,0.0015839934349060059,-0.2116560935974121,0.3913789987564087,-0.12135757133364677,0.3203853964805603,0.01799464225769043,0.3905296325683594,-0.0467767589725554,0.23099668323993683,0.07974207401275635,0.5126953125,0.03564469516277313,0.3455795347690582,0.11621564626693726,0.5625694990158081,0.12459494173526764,0.2125769853591919,0.05844775587320328,3.0,3.0,3.0,3.0,3.0,3.0,3.0,3.0,3.0,3.0,3.0,3.0,3.0,3.0,3.0,3.0,3.0,3.0,3.0,3.0,0.05,0.05,0.05,0.05,0.05,0.05,0.05,0.05,0.05,0.05,0.05,0.05,0.05,0.05,0.05,0.05,0.05,0.05,0.05,0.05,0.0,0.0,0.0,0.0,0.0,0.0,0.0,0.0,0.0,0.0,0.0,0.0,0.0,0.0,0.0,0.0,0.0,0.0,0.0,0.0,0.504226565361023,0.3051651120185852,0.2857804596424103,0.4702051281929016,0.9583606123924255,0.2684260308742523,1.050184726715088,0.3183806240558624,1.1701992750167847,0.11571717262268066,0.7979193925857544,0.472444623708725,1.0654617547988892,0.12689529359340668,0.8227474689483643,0.5502087473869324,0.6947246789932251,0.06100406497716904,0.9581787586212158,0.18791411817073822,0.40592849254608154,-0.40692761540412903,-0.10890215635299683,-0.1810513436794281,0.9526669979095459,0.26058778166770935,1.0159939527511597,0.8427217602729797,0.6829738616943359,0.15113838016986847,1.1395350098609924,0.4803575575351715,0.9503990411758423,-0.04036165773868561,1.6892358660697937,0.8069008588790894,0.8342891931533813,0.05555450916290283,1.537729799747467,0.475262850522995,3.0,3.0,3.0,3.0,3.0,3.0,3.0,3.0,3.0,3.0,3.0,3.0,3.0,3.0,3.0,3.0,3.0,3.0,3.0,3.0,0.05,0.05,0.05,0.05,0.05,0.05,0.05,0.05,0.05,0.05,0.05,0.05,0.05,0.05,0.05,0.05,0.05,0.05,0.05,0.05,0.0,0.0,0.0,0.0,0.0,0.0,0.0,0.0,0.0,0.0,0.0,0.0,0.0,0.0,0.0,0.0,0.0,0.0,0.0,0.0
0.42799079418182373,0.5823817253112793,0.3642846941947937,0.575221598148346,0.47991475462913513,-0.05305543914437294,0.32595595717430115,0.241206094622612,0.6624605059623718,0.0006212294101715088,0.18262754380702972,0.23711225390434265,0.6640493869781494,-0.08852845430374146,0.2219250649213791,0.3217974305152893,0.6040581464767456,-0.059462763369083405,0.4565299451351166,0.09063095599412918,0.499802827835083,-0.33758729696273804,-0.023993849754333496,-0.25446414947509766,0.49193426966667175,-0.20475536584854126,0.34888312220573425,0.04352927207946777,0.5291357636451721,-0.11517175007611513,0.3438495099544525,0.174834206700325,0.6438776850700378,-0.005958229303359985,0.48003755509853363,0.20037665963172913,0.6509497761726379,0.04449225962162018,0.39419010281562805,0.18071942031383514,3.0,3.0,3.0,3.0,3.0,3.0,3.0,3.0,3.0,3.0,3.0,3.0,3.0,3.0,3.0,3.0,3.0,3.0,3.0,3.0,0.05,0.05,0.05,0.05,0.05,0.05,0.05,0.05,0.05,0.05,0.05,0.05,0.05,0.05,0.05,0.05,0.05,0.05,0.05,0.05,0.0,0.0,0.0,0.0,0.0,0.0,0.0,0.0,0.0,0.0,0.0,0.0,0.0,0.0,0.0,0.0,0.0,0.0,0.0,0.0,0.5114516615867615,0.2976987659931183,0.2836533188819885,0.466943621635437,0.9767042398452759,0.27318769693374634,1.0699074268341064,0.3348115086555481,1.183156132698059,0.11848784983158112,0.8196850419044495,0.4813387095928192,1.0841068029403687,0.12582427263259888,0.8560900688171387,0.5658931732177734,0.7114449739456177,0.06159720569849014,0.9876059889793396,0.19744105637073517,0.3012239933013916,-0.3366902470588684,-0.08673369884490967,-0.15234947204589844,0.827459990978241,0.21712779998779297,0.8997499942779541,0.7658116519451141,0.5782783031463623,0.1509305089712143,1.0020360350608826,0.3971680998802185,0.8581161499023438,-0.06681922823190689,1.5486910939216614,0.7158994674682617,0.822138786315918,0.040226615965366364,1.3910293579101562,0.4590082913637161,3.0,3.0,3.0,3.0,3.0,3.0,3.0,3.0,3.0,3.0,3.0,3.0,3.0,3.0,3.0,3.0,3.0,3.0,3.0,3.0,0.05,0.05,0.05,0.05,0.05,0.05,0.05,0.05,0.05,0.05,0.05,0.05,0.05,0.05,0.05,0.05,0.05,0.05,0.05,0.05,0.0,0.0,0.0,0.0,0.0,0.0,0.0,0.0,0.0,0.0,0.0,0.0,0.0,0.0,0.0,0.0,0.0,0.0,0.0,0.0
0.4393904507160187,0.574526309967041,0.36387330293655396,0.5698102116584778,0.49076032638549805,-0.05852123722434044,0.333001047372818,0.24215197563171387,0.6746954917907715,-0.00294480356387794,0.1906818300485611,0.24155589938163757,0.6785534024238586,-0.08954774588346481,0.23296862840652466,0.3266139328479767,0.6180862784385681,-0.06017392501235008,0.46664708852767944,0.09558826684951782,0.6478011608123752,-0.4738956689834567,-0.0014573335647583008,-0.31462162733077725,0.6322093307971927,-0.3301954828202707,0.3745555877685533,0.06302334368228843,0.7293239235877963,-0.24177066516131046,0.49522444605826915,0.2878006547689417,0.8319929242134039,-0.13678614050149882,0.6495214998722034,0.29559433460235457,0.7774844765663091,-0.09336117655038834,0.669655948877329,0.3308502957224818,3.0,3.0,3.0,3.0,3.0,3.0,3.0,3.0,3.0,3.0,3.0,3.0,3.0,3.0,3.0,3.0,3.0,3.0,3.0,3.0,0.05,0.05,0.05,0.05,0.05,0.05,0.05,0.05,0.05,0.05,0.05,0.05,0.05,0.05,0.05,0.05,0.05,0.05,0.05,0.05,0.0,0.0,0.0,0.0,0.0,0.0,0.0,0.0,0.0,0.0,0.0,0.0,0.0,0.0,0.0,0.0,0.0,0.0,0.0,0.0,0.5162755250930786,0.29169750213623047,0.2823111116886139,0.4641111493110657,0.9914590120315552,0.27711114287376404,1.086174726486206,0.349013090133667,1.1933304071426392,0.12175439298152924,0.8380008339881897,0.4883313477039337,1.099786400794983,0.1242225244641304,0.8846951127052307,0.5788447260856628,0.7276102304458618,0.06261312961578369,1.013819932937622,0.20627444982528687,0.15449076890945712,-0.2785019576549516,-0.037804245948791504,-0.12106671929359297,0.6151080131530817,0.20101666450500488,0.6926000118255615,0.6406836211681338,0.3970384597778376,0.14447867870330774,0.7954776287078857,0.27884244918823103,0.6319344043731634,-0.03765951842069626,1.2154802680015508,0.522090494632721,0.6557032465934726,0.05033854395151173,1.1685892939567566,0.38546137511730055,3.0,3.0,3.0,3.0,3.0,3.0,3.0,3.0,3.0,3.0,3.0,3.0,3.0,3.0,3.0,3.0,3.0,3.0,3.0,3.0,0.05,0.05,0.05,0.05,0.05,0.05,0.05,0.05,0.05,0.05,0.05,0.05,0.05,0.05,0.05,0.05,0.05,0.05,0.05,0.05,0.0,0.0,0.0,0.0,0.0,0.0,0.0,0.0,0.0,0.0,0.0,0.0,0.0,0.0,0.0,0.0,0.0,0.0,0.0,0.0
0.45390284061431874,0.563425898551941,0.36422640085220337,0.5626367330551149,0.5052031278610228,-0.06626325845718377,0.3409381806850433,0.24372702836990354,0.6916334629058837,-0.00904959719628091,0.2024365216493605,0.24862428009510032,0.6973291039466856,-0.09399989992380141,0.24790592491626723,0.3336212038993835,0.635157525539398,-0.06319721043109894,0.48331618309020974,0.10386496782302845,0.7768988609313909,-0.5991190671920749,-0.053700804710388184,-0.39712637662887296,0.7664859294891302,-0.32486049458384375,0.44546574354171475,0.131980329751967,0.8891999721527044,-0.22984662209637377,0.6603751331567722,0.4214204847812611,0.9680092334747287,-0.13840105384588242,0.8143223822116796,0.40661692619323314,0.891022384166712,-0.03724917769432085,0.9116902947425787,0.4687359556555717,3.0,3.0,3.0,3.0,3.0,3.0,3.0,3.0,3.0,3.0,3.0,3.0,3.0,3.0,3.0,3.0,3.0,3.0,3.0,3.0,0.05,0.05,0.05,0.05,0.05,0.05,0.05,0.05,0.05,0.05,0.05,0.05,0.05,0.05,0.05,0.05,0.05,0.05,0.05,0.05,0.0,0.0,0.0,0.0,0.0,0.0,0.0,0.0,0.0,0.0,0.0,0.0,0.0,0.0,0.0,0.0,0.0,0.0,0.0,0.0,0.5176312923431398,0.2865586876869202,0.28214114904403687,0.4621009528636933,1.0013085603713991,0.28122836351394653,1.097611427307129,0.36043885350227345,1.1990376710891726,0.12426699697971343,0.8515041470527649,0.49249240756034846,1.1093841791152952,0.12431789189577103,0.9047092795372007,0.5867767930030823,0.7376731038093566,0.06361074745655061,1.0343495607376099,0.2128595113754272,0.05430877208709717,-0.18448606133460999,-0.0377766788005815,-0.08572787046432495,0.3841102123260498,0.16606152057647566,0.47695934772491455,0.5182266235351548,0.1696079969406128,0.09271055459976196,0.5666136741638156,0.1461118459701538,0.38694441318511963,-0.03693401813507011,0.8516550064086914,0.299702584743497,0.4170835018157959,-0.012939143925904707,0.8991748094558716,0.275765731930732,3.0,3.0,3.0,3.0,3.0,3.0,3.0,3.0,3.0,3.0,3.0,3.0,3.0,3.0,3.0,3.0,3.0,3.0,3.0,3.0,0.05,0.05,0.05,0.05,0.05,0.05,0.05,0.05,0.05,0.05,0.05,0.05,0.05,0.05,0.05,0.05,0.05,0.05,0.05,0.05,0.0,0.0,0.0,0.0,0.0,0.0,0.0,0.0,0.0,0.0,0.0,0.0,0.0,0.0,0.0,0.0,0.0,0.0,0.0,0.0
0.4704664051532743,0.550561547279358,0.3617252707481384,0.5539251565933229,0.5214197635650633,-0.07151565700769419,0.3508196771144866,0.24743118882179255,0.7102634906768797,-0.01213866844773289,0.217096835374832,0.258412718772888,0.7172737717628478,-0.09508378803730011,0.26554152369499184,0.342878609895706,0.6537271738052366,-0.061663892120122916,0.5031147003173826,0.11433770507574069,0.942593067884448,-0.6579577922821073,-0.11022165417671204,-0.47603547573089877,0.7986053824424771,-0.2782849594950693,0.4996351897716536,0.22437646985054086,0.9789958596229581,-0.15597778838127968,0.8172363042831462,0.575065240263941,1.0534480214119013,-0.021085515618324627,0.9816650301218074,0.5422212183475508,0.9601876139640864,0.041082873940467834,1.1128216981887873,0.6067674607038526,3.0,3.0,3.0,3.0,3.0,3.0,3.0,3.0,3.0,3.0,3.0,3.0,3.0,3.0,3.0,3.0,3.0,3.0,3.0,3.0,0.05,0.05,0.05,0.05,0.05,0.05,0.05,0.05,0.05,0.05,0.05,0.05,0.05,0.05,0.05,0.05,0.05,0.05,0.05,0.05,0.0,0.0,0.0,0.0,0.0,0.0,0.0,0.0,0.0,0.0,0.0,0.0,0.0,0.0,0.0,0.0,0.0,0.0,0.0,0.0,0.5184478759765625,0.28431805968284607,0.28080004453659063,0.4606820344924927,1.0068234205245972,0.28375360369682306,1.1052531003952026,0.3697421550750732,1.2001147270202637,0.12546281516551971,0.8606653809547423,0.49417582154273987,1.1152641773223877,0.1227451637387276,0.9187613129615784,0.5908328294754027,0.7442935705184937,0.0620955638587475,1.049786925315857,0.21730507910251615,-0.005461275577547942,-0.07815957069397111,-0.04963129758834839,-0.036408007144929366,0.20595490932464044,0.08754059672355652,0.3132343292236328,0.4244439303874997,0.006949901580804996,0.03611706197261845,0.39434731006622314,0.04069358110427995,0.21899044513702948,-0.08167922496795654,0.5683183670044001,0.11262297630310059,0.2729043364524869,-0.0774593092501167,0.685545802116394,0.18610544502735277,3.0,3.0,3.0,3.0,3.0,3.0,3.0,3.0,3.0,3.0,3.0,3.0,3.0,3.0,3.0,3.0,3.0,3.0,3.0,3.0,0.05,0.05,0.05,0.05,0.05,0.05,0.05,0.05,0.05,0.05,0.05,0.05,0.05,0.05,0.05,0.05,0.05,0.05,0.05,0.05,0.0,0.0,0.0,0.0,0.0,0.0,0.0,0.0,0.0,0.0,0.0,0.0,0.0,0.0,0.0,0.0,0.0,0.0,0.0,0.0
0.49160656332969666,0.5371075868606567,0.3598175346851349,0.5435953140258789,0.5371473431587219,-0.07739465683698654,0.3609235882759094,0.25270208716392517,0.730793297290802,-0.015288708731532097,0.23512597382068634,0.27162688970565796,0.7394670248031616,-0.0948433205485344,0.2871725261211395,0.3553100526332855,0.6735650300979614,-0.061553895473480225,0.5278290510177612,0.12813566625118256,1.0699413716793116,-0.6805911660194425,-0.09127333760261536,-0.5634233355522184,0.8410304784774836,-0.28038490563631197,0.5343191325664548,0.306150317192079,1.0710462927818354,-0.16299756243825045,0.9698040783405345,0.7308252155780833,1.123462617397311,-0.037403032183647156,1.1387109756469782,0.6731621921062511,1.0116294026374872,0.02985559403896349,1.3313665986061152,0.7498783990740807,3.0,3.0,3.0,3.0,3.0,3.0,3.0,3.0,3.0,3.0,3.0,3.0,3.0,3.0,3.0,3.0,3.0,3.0,3.0,3.0,0.05,0.05,0.05,0.05,0.05,0.05,0.05,0.05,0.05,0.05,0.05,0.05,0.05,0.05,0.05,0.05,0.05,0.05,0.05,0.05,0.0,0.0,0.0,0.0,0.0,0.0,0.0,0.0,0.0,0.0,0.0,0.0,0.0,0.0,0.0,0.0,0.0,0.0,0.0,0.0,0.5174128413200378,0.2834323048591614,0.28015589714050293,0.4606446325778961,1.0095467567443848,0.2847299873828888,1.1101408004760742,0.37741661071777344,1.1993156671524048,0.12571167945861816,0.8672780394554138,0.49412015080451965,1.1181437969207764,0.12105072289705276,0.9274420142173767,0.5912817120552063,0.748589277267456,0.060512375086545944,1.0617713928222656,0.2203037291765213,-0.08262395858764648,-0.016045570373535156,-0.04183053970337053,0.008861720561981201,0.06549358367919922,0.03355443477630754,0.16689002513885498,0.3360934555530562,-0.11691749095916748,0.0023271888494491577,0.2448216080665616,-0.05005747079849243,0.07737576961517334,-0.08161347359418938,0.3101155161857605,-0.056707859039303865,0.15386492013931274,-0.09380327537655882,0.5060434341430664,0.10610036551952431,3.0,3.0,3.0,3.0,3.0,3.0,3.0,3.0,3.0,3.0,3.0,3.0,3.0,3.0,3.0,3.0,3.0,3.0,3.0,3.0,0.05,0.05,0.05,0.05,0.05,0.05,0.05,0.05,0.05,0.05,0.05,0.05,0.05,0.05,0.05,0.05,0.05,0.05,0.05,0.05,0.0,0.0,0.0,0.0,0.0,0.0,0.0,0.0,0.0,0.0,0.0,0.0,0.0,0.0,0.0,0.0,0.0,0.0,0.0,0.0
0.5132640600204468,0.5233379006385803,0.3580743372440338,0.5313882231712341,0.5550609827041626,-0.08273105323314667,0.3721924424171448,0.2596772015094757,0.7531053423881531,-0.01865857094526291,0.25588899850845337,0.28764572739601135,0.7622122764587402,-0.096579909324646,0.31108996272087097,0.36980509757995605,0.6941923499107361,-0.06046966835856438,0.5563693642616272,0.14433284103870392,1.0575465857982635,-0.688248872756958,-0.10337233543395996,-0.6182119250297546,0.8898675441741943,-0.28189346194267273,0.557640939950943,0.3713347017765045,1.1334747076034546,-0.17288150265812874,1.07576884329319,0.8462034165859222,1.174171268939972,-0.0485982745885849,1.2450404465198517,0.761636346578598,1.0438859462738037,0.04206215962767601,1.48715078830719,0.8455637842416763,3.0,3.0,3.0,3.0,3.0,3.0,3.0,3.0,3.0,3.0,3.0,3.0,3.0,3.0,3.0,3.0,3.0,3.0,3.0,3.0,0.05,0.05,0.05,0.05,0.05,0.05,0.05,0.05,0.05,0.05,0.05,0.05,0.05,0.05,0.05,0.05,0.05,0.05,0.05,0.05,0.0,0.0,0.0,0.0,0.0,0.0,0.0,0.0,0.0,0.0,0.0,0.0,0.0,0.0,0.0,0.0,0.0,0.0,0.0,0.0,0.5151429176330566,0.28367623686790466,0.2791268229484558,0.4610365033149719,1.0094431638717651,0.28509578108787537,1.1119287014007568,0.38318589329719543,1.195438027381897,0.12555590271949768,0.8704582452774048,0.49217352271080017,1.1183592081069946,0.11948062479496002,0.9311659336090088,0.5885645151138306,0.7504481673240662,0.05834343284368515,1.0700286626815796,0.22154909372329712,-0.1293376088142395,0.02909824252128601,-0.04150494933128357,0.03707185387611389,-0.08690059185028076,0.003653019666671753,0.01030266284942627,0.23678764700889587,-0.24653971195220947,-0.025514885783195496,0.08464306592941284,-0.1306764781475067,-0.07631182670593262,-0.07654372602701187,0.06877332925796509,-0.19539743661880493,0.04226565361022949,-0.1287270337343216,0.32497942447662354,0.02202726900577545,3.0,3.0,3.0,3.0,3.0,3.0,3.0,3.0,3.0,3.0,3.0,3.0,3.0,3.0,3.0,3.0,3.0,3.0,3.0,3.0,0.05,0.05,0.05,0.05,0.05,0.05,0.05,0.05,0.05,0.05,0.05,0.05,0.05,0.05,0.05,0.05,0.05,0.05,0.05,0.05,0.0,0.0,0.0,0.0,0.0,0.0,0.0,0.0,0.0,0.0,0.0,0.0,0.0,0.0,0.0,0.0,0.0,0.0,0.0,0.0
0.5339084267616272,0.5095776319503784,0.3556826412677765,0.5188668370246887,0.5727420449256897,-0.08867039531469345,0.38322922587394714,0.26755547523498535,0.7761322855949402,-0.022203968837857246,0.27815672755241394,0.30547502636909485,0.7864338755607605,-0.09678725153207779,0.3369741439819336,0.38577550649642944,0.7153204679489136,-0.059871409088373184,0.5873150825500488,0.1619582176208496,1.0134562849998474,-0.680706650018692,-0.10125264525413513,-0.6392046809196472,0.918656587600708,-0.3002386540174484,0.5694903433322906,0.424029678106308,1.1682972311973572,-0.18627685494720936,1.1558972299098969,0.9350970387458801,1.2199893593788147,-0.057223252952098846,1.3349689543247223,0.8348748087882996,1.0714173316955566,0.02823425456881523,1.600685715675354,0.9111098945140839,3.0,3.0,3.0,3.0,3.0,3.0,3.0,3.0,3.0,3.0,3.0,3.0,3.0,3.0,3.0,3.0,3.0,3.0,3.0,3.0,0.05,0.05,0.05,0.05,0.05,0.05,0.05,0.05,0.05,0.05,0.05,0.05,0.05,0.05,0.05,0.05,0.05,0.05,0.05,0.05,0.0,0.0,0.0,0.0,0.0,0.0,0.0,0.0,0.0,0.0,0.0,0.0,0.0,0.0,0.0,0.0,0.0,0.0,0.0,0.0,0.5122393369674683,0.2845962345600128,0.2784956991672516,0.4621275067329407,1.0060707330703735,0.28487610816955566,1.1105529069900513,0.3868881165981293,1.1894540786743164,0.12469108402729034,0.8706637620925903,0.4888930916786194,1.115091323852539,0.11798897385597229,0.9301929473876953,0.5834658145904541,0.7502799034118652,0.05536329373717308,1.0747705698013306,0.22118481993675232,-0.169488787651062,0.09435117244720459,-0.027886033058166504,0.06436705589294434,-0.21065473556518555,-0.027079880237579346,-0.1339435577392578,0.142592191696167,-0.34100115299224854,-0.05205981433391571,-0.0703662633895874,-0.20559653639793396,-0.20733177661895752,-0.06793700158596039,-0.16373991966247559,-0.3280714154243469,-0.04313439130783081,-0.13885237276554108,0.15607178211212158,-0.061362236738204956,3.0,3.0,3.0,3.0,3.0,3.0,3.0,3.0,3.0,3.0,3.0,3.0,3.0,3.0,3.0,3.0,3.0,3.0,3.0,3.0,0.05,0.05,0.05,0.05,0.05,0.05,0.05,0.05,0.05,0.05,0.05,0.05,0.05,0.05,0.05,0.05,0.05,0.05,0.05,0.05,0.0,0.0,0.0,0.0,0.0,0.0,0.0,0.0,0.0,0.0,0.0,0.0,0.0,0.0,0.0,0.0,0.0,0.0,0.0,0.0
0.5538023114204407,0.49610963463783264,0.3540242314338684,0.5058200359344482,0.5918072462081909,-0.0947405993938446,0.3949720561504364,0.276638388633728,0.7998372316360474,-0.026109645143151283,0.30212488770484924,0.32504960894584656,0.8110118508338928,-0.09886883944272995,0.36448872089385986,0.40320008993148804,0.7370490431785583,-0.05934029817581177,0.6203967928886414,0.18077723681926727,0.9359836578369141,-0.605909526348114,-0.08485689759254456,-0.6574556231498718,0.9495556354522705,-0.2885991707444191,0.5891993641853333,0.45738667249679565,1.2104600667953491,-0.19014347344636917,1.214374601840973,0.9778030216693878,1.2589409947395325,-0.10171718895435333,1.3874277472496033,0.8762352168560028,1.1514604091644287,0.004469137638807297,1.6650870442390442,0.9428113698959351,3.0,3.0,3.0,3.0,3.0,3.0,3.0,3.0,3.0,3.0,3.0,3.0,3.0,3.0,3.0,3.0,3.0,3.0,3.0,3.0,0.05,0.05,0.05,0.05,0.05,0.05,0.05,0.05,0.05,0.05,0.05,0.05,0.05,0.05,0.05,0.05,0.05,0.05,0.05,0.05,0.0,0.0,0.0,0.0,0.0,0.0,0.0,0.0,0.0,0.0,0.0,0.0,0.0,0.0,0.0,0.0,0.0,0.0,0.0,0.0,0.5083633661270142,0.28745028376579285,0.27801138162612915,0.4636111855506897,1.0010169744491577,0.2840125858783722,1.1065709590911865,0.3888895809650421,1.181797981262207,0.12347351014614105,0.8676435947418213,0.4839496612548828,1.1100659370422363,0.1167631447315216,0.9246163368225098,0.5754416584968567,0.7487227916717529,0.05278933793306351,1.0762715339660645,0.21909460425376892,-0.22246241569519043,0.15584751963615417,-0.01682490110397339,0.07778480648994446,-0.30690282583236694,-0.049582868814468384,-0.26444196701049805,0.055290013551712036,-0.42622387409210205,-0.06601456552743912,-0.22463053464889526,-0.27849748730659485,-0.3009676933288574,-0.0514492392539978,-0.378592312335968,-0.45606791973114014,-0.12263208627700806,-0.123570766299963,0.00030994415283203125,-0.14247708022594452,3.0,3.0,3.0,3.0,3.0,3.0,3.0,3.0,3.0,3.0,3.0,3.0,3.0,3.0,3.0,3.0,3.0,3.0,3.0,3.0,0.05,0.05,0.05,0.05,0.05,0.05,0.05,0.05,0.05,0.05,0.05,0.05,0.05,0.05,0.05,0.05,0.05,0.05,0.05,0.05,0.0,0.0,0.0,0.0,0.0,0.0,0.0,0.0,0.0,0.0,0.0,0.0,0.0,0.0,0.0,0.0,0.0,0.0,0.0,0.0
0.5713477730751038,0.48534125089645386,0.3522883653640747,0.49256861209869385,0.6107242703437805,-0.10021436214447021,0.4067972004413605,0.2858509421348572,0.8245506882667542,-0.029809707775712013,0.32673171162605286,0.34458714723587036,0.8367915153503418,-0.10085593909025192,0.3924712538719177,0.42082491517066956,0.7613788843154907,-0.05969264358282089,0.6539185643196106,0.199670672416687,0.8388146758079529,-0.5498096346855164,-0.08798465132713318,-0.6410151720046997,0.9489342570304871,-0.2813955768942833,0.6060443818569183,0.4734404385089874,1.2403249740600586,-0.18530800007283688,1.2578770518302917,0.9905338287353516,1.2946471571922302,-0.11179633438587189,1.4158755540847778,0.8931577205657959,1.2349650263786316,-0.04425402730703354,1.6828685998916626,0.9472649544477463,3.0,3.0,3.0,3.0,3.0,3.0,3.0,3.0,3.0,3.0,3.0,3.0,3.0,3.0,3.0,3.0,3.0,3.0,3.0,3.0,0.05,0.05,0.05,0.05,0.05,0.05,0.05,0.05,0.05,0.05,0.05,0.05,0.05,0.05,0.05,0.05,0.05,0.05,0.05,0.05,0.0,0.0,0.0,0.0,0.0,0.0,0.0,0.0,0.0,0.0,0.0,0.0,0.0,0.0,0.0,0.0,0.0,0.0,0.0,0.0,0.5033408403396606,0.290830135345459,0.27782270312309265,0.46523889899253845,0.9937946200370789,0.28289279341697693,1.0999752283096313,0.38909971714019775,1.1724051237106323,0.12205050140619278,0.8616785407066345,0.4777531921863556,1.1030526161193848,0.11593100428581238,0.9150492548942566,0.5652230978012085,0.7453746199607849,0.05042046308517456,1.0747829675674438,0.21548573672771454,-0.2966687083244324,0.20923390984535217,0.009187310934066772,0.09526833891868591,-0.4949703812599182,-0.07429346442222595,-0.4585742950439453,-0.07504671812057495,-0.5841046571731567,-0.08553564548492432,-0.44413357973098755,-0.3765679895877838,-0.498044490814209,-0.021976418793201447,-0.6435617804527283,-0.593237578868866,-0.31421929597854614,-0.10754819959402084,-0.20819902420043945,-0.2513352781534195,3.0,3.0,3.0,3.0,3.0,3.0,3.0,3.0,3.0,3.0,3.0,3.0,3.0,3.0,3.0,3.0,3.0,3.0,3.0,3.0,0.05,0.05,0.05,0.05,0.05,0.05,0.05,0.05,0.05,0.05,0.05,0.05,0.05,0.05,0.05,0.05,0.05,0.05,0.05,0.05,0.0,0.0,0.0,0.0,0.0,0.0,0.0,0.0,0.0,0.0,0.0,0.0,0.0,0.0,0.0,0.0,0.0,0.0,0.0,0.0
0.5873548984527588,0.474117249250412,0.3505048453807831,0.48017942905426025,0.6297646164894104,-0.10599642246961594,0.41921383142471313,0.2955760061740875,0.8494502305984497,-0.03352196514606476,0.3524399697780609,0.3646709620952606,0.862797737121582,-0.10334069281816483,0.421123743057251,0.4389263987541199,0.7864476442337036,-0.06111045926809311,0.6877115368843079,0.21866783499717712,0.772838294506073,-0.5657851696014404,-0.08938536047935486,-0.5938343703746796,0.9453147649765015,-0.29436107724905014,0.6287857890129089,0.49463436007499695,1.2400448322296143,-0.1859536860138178,1.3087809085845947,1.0157138109207153,1.2951582670211792,-0.13946890830993652,1.4481619000434875,0.9155936539173126,1.2565702199935913,-0.10128356516361237,1.6937583684921265,0.9505890309810638,3.0,3.0,3.0,3.0,3.0,3.0,3.0,3.0,3.0,3.0,3.0,3.0,3.0,3.0,3.0,3.0,3.0,3.0,3.0,3.0,0.05,0.05,0.05,0.05,0.05,0.05,0.05,0.05,0.05,0.05,0.05,0.05,0.05,0.05,0.05,0.05,0.05,0.05,0.05,0.05,0.0,0.0,0.0,0.0,0.0,0.0,0.0,0.0,0.0,0.0,0.0,0.0,0.0,0.0,0.0,0.0,0.0,0.0,0.0,0.0,0.49649661779403687,0.29581964015960693,0.2783788740634918,0.46742191910743713,0.981218159198761,0.28104084730148315,1.0882279872894287,0.3858877122402191,1.1584337949752808,0.12005208432674408,0.8498782515525818,0.46888694167137146,1.090144157409668,0.11588408797979355,0.8988738656044006,0.551712155342102,0.7361540198326111,0.04848740994930267,1.0679435729980469,0.20904119312763214,-0.39471685886383057,0.298849493265152,0.04936233162879944,0.11782273650169373,-0.749756395816803,-0.11974126100540161,-0.6996333599090576,-0.2452157437801361,-0.7970035076141357,-0.11960286647081375,-0.7304593920707703,-0.5048125982284546,-0.770348310470581,0.013366155326366425,-0.964847207069397,-0.7525905966758728,-0.5929723381996155,-0.08358126506209373,-0.46921372413635254,-0.39391107857227325,3.0,3.0,3.0,3.0,3.0,3.0,3.0,3.0,3.0,3.0,3.0,3.0,3.0,3.0,3.0,3.0,3.0,3.0,3.0,3.0,0.05,0.05,0.05,0.05,0.05,0.05,0.05,0.05,0.05,0.05,0.05,0.05,0.05,0.05,0.05,0.05,0.05,0.05,0.05,0.05,0.0,0.0,0.0,0.0,0.0,0.0,0.0,0.0,0.0,0.0,0.0,0.0,0.0,0.0,0.0,0.0,0.0,0.0,0.0,0.0
0.6022613048553467,0.46270984411239624,0.3487129509449005,0.46881523728370667,0.6485368609428406,-0.11198880523443222,0.43194863200187683,0.30563631653785706,0.8741524815559387,-0.037247855216264725,0.37908294796943665,0.385215699672699,0.888597846031189,-0.10643469542264938,0.4503977298736572,0.45744866132736206,0.8116416931152344,-0.06374398618936539,0.7216688990592957,0.23769423365592957,0.7155552506446838,-0.5626015365123749,-0.09092539548873901,-0.5452737212181091,0.9281933307647705,-0.29970835894346237,0.6418757140636444,0.5085073411464691,1.228111982345581,-0.18347697332501411,1.3518735766410828,1.0349847376346588,1.2854918837547302,-0.16564372926950455,1.479283720254898,0.934445858001709,1.2582987546920776,-0.15406534075737,1.6986861824989319,0.9494811296463013,3.0,3.0,3.0,3.0,3.0,3.0,3.0,3.0,3.0,3.0,3.0,3.0,3.0,3.0,3.0,3.0,3.0,3.0,3.0,3.0,0.05,0.05,0.05,0.05,0.05,0.05,0.05,0.05,0.05,0.05,0.05,0.05,0.05,0.05,0.05,0.05,0.05,0.05,0.05,0.05,0.0,0.0,0.0,0.0,0.0,0.0,0.0,0.0,0.0,0.0,0.0,0.0,0.0,0.0,0.0,0.0,0.0,0.0,0.0,0.0,0.4875521659851074,0.30278411507606506,0.27979719638824463,0.4699518084526062,0.9638043642044067,0.27810314297676086,1.071989893913269,0.3792910873889923,1.140524983406067,0.11726638674736023,0.8324601650238037,0.4575606882572174,1.0722386837005615,0.11646565049886703,0.8764553666114807,0.5351194739341736,0.7216557264328003,0.04707721248269081,1.0560144186019897,0.1997292935848236,-0.4940353333950043,0.4245460033416748,0.08096620440483093,0.13834089040756226,-0.9529903531074524,-0.17660260200500488,-0.8914738893508911,-0.40676966309547424,-0.9639143943786621,-0.16011185944080353,-0.9952053427696228,-0.614582747220993,-0.9655117988586426,0.04895459860563278,-1.2490257620811462,-0.8941009640693665,-0.8037060499191284,-0.049352552741765976,-0.7020920515060425,-0.5336135625839233,3.0,3.0,3.0,3.0,3.0,3.0,3.0,3.0,3.0,3.0,3.0,3.0,3.0,3.0,3.0,3.0,3.0,3.0,3.0,3.0,0.05,0.05,0.05,0.05,0.05,0.05,0.05,0.05,0.05,0.05,0.05,0.05,0.05,0.05,0.05,0.05,0.05,0.05,0.05,0.05,0.0,0.0,0.0,0.0,0.0,0.0,0.0,0.0,0.0,0.0,0.0,0.0,0.0,0.0,0.0,0.0,0.0,0.0,0.0,0.0
0.6159771084785461,0.451613187789917,0.3468678295612335,0.4583684802055359,0.6668923497200012,-0.11798475682735443,0.4448888599872589,0.3159162998199463,0.898574709892273,-0.04086104407906532,0.4065149128437042,0.406070351600647,0.9142174124717712,-0.10996644198894501,0.4802950918674469,0.47630423307418823,0.8367795944213867,-0.06727307289838791,0.7556589841842651,0.2566470801830292,0.6558284163475037,-0.5490995943546295,-0.09415298700332642,-0.5018025636672974,0.9088695049285889,-0.29963254928588867,0.6534658372402191,0.5198068916797638,1.2125283479690552,-0.17916876822710037,1.3935066759586334,1.0511882603168488,1.2748107314109802,-0.18388833850622177,1.5135571360588074,0.9520992636680603,1.2552276253700256,-0.18921736627817154,1.7047584056854248,0.9480617940425873,3.0,3.0,3.0,3.0,3.0,3.0,3.0,3.0,3.0,3.0,3.0,3.0,3.0,3.0,3.0,3.0,3.0,3.0,3.0,3.0,0.05,0.05,0.05,0.05,0.05,0.05,0.05,0.05,0.05,0.05,0.05,0.05,0.05,0.05,0.05,0.05,0.05,0.05,0.05,0.05,0.0,0.0,0.0,0.0,0.0,0.0,0.0,0.0,0.0,0.0,0.0,0.0,0.0,0.0,0.0,0.0,0.0,0.0,0.0,0.0,0.4767352044582367,0.3128014802932739,0.28161752223968506,0.4729555547237396,0.9430985450744629,0.27397674322128296,1.052569031715393,0.36961692571640015,1.1198772192001343,0.11364760994911194,0.8100700378417969,0.44430363178253174,1.0515236854553223,0.11784227192401886,0.8489128351211548,0.5159481167793274,0.704005777835846,0.046513307839632034,1.0398598909378052,0.1876966506242752,-0.5804933607578278,0.4723384976387024,0.12955740094184875,0.149574875831604,-1.129266619682312,-0.24226084351539612,-1.0361552238464355,-0.5684114992618561,-1.0838985443115234,-0.19091013818979263,-1.237022876739502,-0.6957612931728363,-1.1270403861999512,0.06331764161586761,-1.516483724117279,-1.025630533695221,-0.9585604071617126,-0.03022449091076851,-0.929531455039978,-0.6905652582645416,3.0,3.0,3.0,3.0,3.0,3.0,3.0,3.0,3.0,3.0,3.0,3.0,3.0,3.0,3.0,3.0,3.0,3.0,3.0,3.0,0.05,0.05,0.05,0.05,0.05,0.05,0.05,0.05,0.05,0.05,0.05,0.05,0.05,0.05,0.05,0.05,0.05,0.05,0.05,0.05,0.0,0.0,0.0,0.0,0.0,0.0,0.0,0.0,0.0,0.0,0.0,0.0,0.0,0.0,0.0,0.0,0.0,0.0,0.0,0.0
0.6284944415092468,0.44074586033821106,0.34494683146476746,0.44874313473701477,0.6848916411399841,-0.12397410720586777,0.4580872654914856,0.3264285922050476,0.9226536154747009,-0.04441460594534874,0.434823215007782,0.4272632300853729,0.9395902752876282,-0.11379022896289825,0.5109400153160095,0.4955326318740845,0.8618507981300354,-0.07131268084049225,0.7898592352867126,0.27561670541763306,0.6132304668426514,-0.5814716219902039,-0.09385719895362854,-0.43235868215560913,0.8521154522895813,-0.31561776995658875,0.6616152822971344,0.5535930395126343,1.1520519852638245,-0.1691306009888649,1.4786966145038605,1.1167243123054504,1.2149661779403687,-0.1959383487701416,1.6040094196796417,1.0135933756828308,1.1452525854110718,-0.188383087515831,1.7385855317115784,0.9694471955299377,3.0,3.0,3.0,3.0,3.0,3.0,3.0,3.0,3.0,3.0,3.0,3.0,3.0,3.0,3.0,3.0,3.0,3.0,3.0,3.0,0.05,0.05,0.05,0.05,0.05,0.05,0.05,0.05,0.05,0.05,0.05,0.05,0.05,0.05,0.05,0.05,0.05,0.05,0.05,0.05,0.0,0.0,0.0,0.0,0.0,0.0,0.0,0.0,0.0,0.0,0.0,0.0,0.0,0.0,0.0,0.0,0.0,0.0,0.0,0.0,0.4643324315547943,0.32167765498161316,0.2849794924259186,0.47593480348587036,0.9186336994171143,0.268412709236145,1.0305436849594116,0.35655462741851807,1.097169041633606,0.10962998121976852,0.7829792499542236,0.42973023653030396,1.0271570682525635,0.11899835616350174,0.8157960176467896,0.49409425258636475,0.6833133101463318,0.04586823284626007,1.0188331604003906,0.17210668325424194,-0.6523065268993378,0.5296289920806885,0.16270503401756287,0.14718472957611084,-1.2680396437644958,-0.312911719083786,-1.1410564184188843,-0.7010467350482941,-1.1850446462631226,-0.23004859685897827,-1.409776508808136,-0.737115740776062,-1.2639164924621582,0.057853199541568756,-1.7008572816848755,-1.0982327163219452,-1.0862037539482117,-0.041509419679641724,-1.1044323444366455,-0.8076649159193039,3.0,3.0,3.0,3.0,3.0,3.0,3.0,3.0,3.0,3.0,3.0,3.0,3.0,3.0,3.0,3.0,3.0,3.0,3.0,3.0,0.05,0.05,0.05,0.05,0.05,0.05,0.05,0.05,0.05,0.05,0.05,0.05,0.05,0.05,0.05,0.05,0.05,0.05,0.05,0.05,0.0,0.0,0.0,0.0,0.0,0.0,0.0,0.0,0.0,0.0,0.0,0.0,0.0,0.0,0.0,0.0,0.0,0.0,0.0,0.0
0.6405063271522522,0.42835432291030884,0.3431135416030884,0.4410741329193115,0.7009769678115845,-0.13060946762561798,0.4713534712791443,0.33806002140045166,0.9446567893028259,-0.04762626811861992,0.46566277742385864,0.450739324092865,0.962816059589386,-0.11780397593975067,0.5444554686546326,0.5168479681015015,0.8825896978378296,-0.07480839639902115,0.8252024054527283,0.2954249680042267,0.559163093566889,-0.5328752100467654,-0.09513497352600098,-0.39400681853294095,0.7951155304908697,-0.2874972298741327,0.6556525826454135,0.566964596509932,1.0846838355064363,-0.1496514305472367,1.5001878142356788,1.1285759508609716,1.1406213045120184,-0.18778257071971824,1.6308188438415416,1.0279148817062322,1.063206791877741,-0.18926169723272218,1.7375588417053112,0.9648278355598394,3.0,3.0,3.0,3.0,3.0,3.0,3.0,3.0,3.0,3.0,3.0,3.0,3.0,3.0,3.0,3.0,3.0,3.0,3.0,3.0,0.05,0.05,0.05,0.05,0.05,0.05,0.05,0.05,0.05,0.05,0.05,0.05,0.05,0.05,0.05,0.05,0.05,0.05,0.05,0.05,0.0,0.0,0.0,0.0,0.0,0.0,0.0,0.0,0.0,0.0,0.0,0.0,0.0,0.0,0.0,0.0,0.0,0.0,0.0,0.0,0.4506429433822632,0.33398663997650146,0.2881257236003876,0.47884294390678406,0.8923769593238831,0.2614602744579315,1.0069267749786377,0.3415750563144684,1.0724754333496094,0.10444566607475281,0.7536789774894714,0.41481900215148926,1.000967025756836,0.12015639990568161,0.7808785438537598,0.4720188081264496,0.6605576276779175,0.044852931052446365,0.9956825971603394,0.15539005398750305,-0.7003478705882984,0.6027773022651645,0.20122826099395613,0.1502104103565216,-1.3929873704910194,-0.3812655806541415,-1.221583783626548,-0.7890902459621374,-1.3069450855255071,-0.2715580165386183,-1.52518004179,-0.764605402946468,-1.407094299793235,0.03500357270240784,-1.7972752451896556,-1.1129692196845953,-1.2255504727363502,-0.05928119644522632,-1.2145623564720098,-0.8677043020725195,3.0,3.0,3.0,3.0,3.0,3.0,3.0,3.0,3.0,3.0,3.0,3.0,3.0,3.0,3.0,3.0,3.0,3.0,3.0,3.0,0.05,0.05,0.05,0.05,0.05,0.05,0.05,0.05,0.05,0.05,0.05,0.05,0.05,0.05,0.05,0.05,0.05,0.05,0.05,0.05,0.0,0.0,0.0,0.0,0.0,0.0,0.0,0.0,0.0,0.0,0.0,0.0,0.0,0.0,0.0,0.0,0.0,0.0,0.0,0.0
0.6508609652519224,0.41943085193634044,0.3411414325237274,0.43298286199569713,0.7166962623596189,-0.13547399640083307,0.48431336879730214,0.3491071760654449,0.9660409688949584,-0.05040066316723821,0.49483072757720914,0.4724062681198118,0.9852151274681089,-0.12130153179168698,0.5761727690696712,0.5366492271423338,0.904379069805145,-0.07888314872980114,0.8593615889549251,0.31420981884002663,0.4788666963577243,-0.43852031230926236,-0.09694099426269531,-0.3981277346611009,0.763647258281705,-0.23773312568664412,0.6450295448303195,0.5462862551212283,1.0364890098571748,-0.13182098045945098,1.4342904090881263,1.054747402667995,1.088054478168482,-0.16123130917549064,1.5537738800048773,0.961445271968836,1.0638177394866888,-0.18798001110553672,1.6617968678474342,0.9091891348361913,3.0,3.0,3.0,3.0,3.0,3.0,3.0,3.0,3.0,3.0,3.0,3.0,3.0,3.0,3.0,3.0,3.0,3.0,3.0,3.0,0.05,0.05,0.05,0.05,0.05,0.05,0.05,0.05,0.05,0.05,0.05,0.05,0.05,0.05,0.05,0.05,0.05,0.05,0.05,0.05,0.0,0.0,0.0,0.0,0.0,0.0,0.0,0.0,0.0,0.0,0.0,0.0,0.0,0.0,0.0,0.0,0.0,0.0,0.0,0.0,0.4363185167312624,0.34578874707221974,0.2930286228656768,0.4819432199001312,0.8629142045974735,0.25316208600997936,0.9816803336143497,0.32499101758003257,1.0448912382125857,0.0987676605582238,0.7219720482826236,0.39914602041244523,0.9708732962608341,0.12039849907159805,0.7439050078392033,0.44957548379898093,0.6342912912368778,0.04349698498845102,0.9702506661415102,0.13739851117134116,-0.7556512951850849,0.646003335714336,0.2722896635532365,0.14859363436698914,-1.5299141407012855,-0.47446861863136014,-1.2937366962432777,-0.8699961006641332,-1.4349311590194647,-0.3139149397611597,-1.6482248902320777,-0.805476307868952,-1.5648275613784706,-0.010820291936397206,-1.891300082206715,-1.1323153972625664,-1.3686180114746038,-0.07114680483937229,-1.3216540217399513,-0.934631004929537,3.0,3.0,3.0,3.0,3.0,3.0,3.0,3.0,3.0,3.0,3.0,3.0,3.0,3.0,3.0,3.0,3.0,3.0,3.0,3.0,0.05,0.05,0.05,0.05,0.05,0.05,0.05,0.05,0.05,0.05,0.05,0.05,0.05,0.05,0.05,0.05,0.05,0.05,0.05,0.05,0.0,0.0,0.0,0.0,0.0,0.0,0.0,0.0,0.0,0.0,0.0,0.0,0.0,0.0,0.0,0.0,0.0,0.0,0.0,0.0
0.6596609950065612,0.41081351041793834,0.33923590183258057,0.4251490235328675,0.7315228581428527,-0.14011879265308375,0.49715465307235707,0.3599114716053008,0.9861163496971129,-0.05289910733699796,0.5230343937873837,0.4929292201995848,1.0063382387161253,-0.1242532283067703,0.6066064238548277,0.5553057789802549,0.9251424074172971,-0.08232759684324262,0.8916742801666256,0.33179253339767434,0.409634411334997,-0.44572427868843356,-0.07456690073013306,-0.3892324864864377,0.6901070475578364,-0.23024789988994737,0.6314858794212369,0.5404360592365278,0.9333997964859037,-0.11439807713031838,1.3927564024925314,1.0088488459587153,0.9775534272193964,-0.125005096197129,1.4989465475082508,0.9110704064369257,0.9778216481208857,-0.13900622725486858,1.5810087323188893,0.8569419384002741,3.0,3.0,3.0,3.0,3.0,3.0,3.0,3.0,3.0,3.0,3.0,3.0,3.0,3.0,3.0,3.0,3.0,3.0,3.0,3.0,0.05,0.05,0.05,0.05,0.05,0.05,0.05,0.05,0.05,0.05,0.05,0.05,0.05,0.05,0.05,0.05,0.05,0.05,0.05,0.05,0.0,0.0,0.0,0.0,0.0,0.0,0.0,0.0,0.0,0.0,0.0,0.0,0.0,0.0,0.0,0.0,0.0,0.0,0.0,0.0,0.4204168915748598,0.3598267734050749,0.29901731014251703,0.4847866892814636,0.8311803936958316,0.2424815297126771,0.9551773071289066,0.30677521228790305,1.0150781869888308,0.09188906848430642,0.6877499818801883,0.3825999498367312,0.9383739233016971,0.11972358822822572,0.7052265405654912,0.42672619223594693,0.6058129072189333,0.042007058858871474,0.9428164362907413,0.11800481379032157,-0.8273199200630229,0.7441774010658292,0.3376670181751265,0.1377597451210022,-1.6263619065284811,-0.5948517471551923,-1.340933144092568,-0.9416103363037165,-1.533742249011999,-0.37954002618789845,-1.7598673701286398,-0.8424915373325389,-1.6646623611450277,-0.07206052541732788,-1.9625678658485524,-1.1464104056358393,-1.4601975679397665,-0.09138463065028225,-1.414936780929571,-1.0026764124631937,3.0,3.0,3.0,3.0,3.0,3.0,3.0,3.0,3.0,3.0,3.0,3.0,3.0,3.0,3.0,3.0,3.0,3.0,3.0,3.0,0.05,0.05,0.05,0.05,0.05,0.05,0.05,0.05,0.05,0.05,0.05,0.05,0.05,0.05,0.05,0.05,0.05,0.05,0.05,0.05,0.0,0.0,0.0,0.0,0.0,0.0,0.0,0.0,0.0,0.0,0.0,0.0,0.0,0.0,0.0,0.0,0.0,0.0,0.0,0.0
0.6672463417053223,0.4016018807888031,0.3381587564945221,0.4174135625362396,0.7443005442619324,-0.14468391239643097,0.5095728039741516,0.370724618434906,1.0033769607543945,-0.05497658625245094,0.5505409836769104,0.5127602219581604,1.0243172645568848,-0.12630173563957214,0.6361306309700012,0.5730920433998108,0.9434919357299805,-0.08444339781999588,0.9226019382476807,0.3484874963760376,0.34952759742737094,-0.4118405282497434,-0.08635744452476501,-0.38561299443245073,0.6094217300415067,-0.19902586936950822,0.6093248724937467,0.5288623273372678,0.814603269100192,-0.0886050984263427,1.3245314359665,0.9437233209610026,0.8556544780731257,-0.0838048756122596,1.4275714755058344,0.8428245782852228,0.8656233549118098,-0.09059086441993783,1.481573283672341,0.7935330271720942,3.0,3.0,3.0,3.0,3.0,3.0,3.0,3.0,3.0,3.0,3.0,3.0,3.0,3.0,3.0,3.0,3.0,3.0,3.0,3.0,0.05,0.05,0.05,0.05,0.05,0.05,0.05,0.05,0.05,0.05,0.05,0.05,0.05,0.05,0.05,0.05,0.05,0.05,0.05,0.05,0.0,0.0,0.0,0.0,0.0,0.0,0.0,0.0,0.0,0.0,0.0,0.0,0.0,0.0,0.0,0.0,0.0,0.0,0.0,0.0,0.40322571992874146,0.3755558431148529,0.3065353035926819,0.4874536097049713,0.7978597283363342,0.22936801612377167,0.928043007850647,0.2873266041278839,0.9835415482521057,0.08358605951070786,0.651577353477478,0.3654463589191437,0.904286801815033,0.11751607805490494,0.6654022932052612,0.40371906757354736,0.5758833885192871,0.03984159976243973,0.9136531949043274,0.09729145467281342,-0.9103938937187236,0.8276790380477946,0.4102647304534926,0.13298839330673218,-1.709018647670754,-0.7626589387655286,-1.3700902462005697,-1.0223850607872065,-1.6266167163848932,-0.46885684132576194,-1.8814414739608847,-0.8816540241241511,-1.7389923334121786,-0.162896886467934,-2.0328849554062,-1.1663898825645516,-1.4947906136512812,-0.1149554736912254,-1.5168130397796713,-0.9859412908554133,3.0,3.0,3.0,3.0,3.0,3.0,3.0,3.0,3.0,3.0,3.0,3.0,3.0,3.0,3.0,3.0,3.0,3.0,3.0,3.0,0.05,0.05,0.05,0.05,0.05,0.05,0.05,0.05,0.05,0.05,0.05,0.05,0.05,0.05,0.05,0.05,0.05,0.05,0.05,0.05,0.0,0.0,0.0,0.0,0.0,0.0,0.0,0.0,0.0,0.0,0.0,0.0,0.0,0.0,0.0,0.0,0.0,0.0,0.0,0.0
0.673642098903656,0.3943398892879486,0.33578160405158997,0.40972450375556946,0.7558997273445129,-0.14807982742786407,0.5215276479721069,0.3810659646987915,1.0187004804611206,-0.056443311274051666,0.5760156512260437,0.5306781530380249,1.0405644178390503,-0.12760542333126068,0.663709282875061,0.5890187621116638,0.9597673416137695,-0.08595123142004013,0.9509372115135193,0.3635338544845581,0.2990111708641052,-0.33322423696517944,-0.0666886568069458,-0.402890145778656,0.5354315042495728,-0.16607455909252167,0.5612194538116455,0.4849150776863098,0.7285863161087036,-0.07117064669728279,1.200033724308014,0.8336856961250305,0.7664710283279419,-0.05298294126987457,1.295064389705658,0.7362335920333862,0.7280915975570679,-0.06073359400033951,1.3020619750022888,0.6907269358634949,3.0,3.0,3.0,3.0,3.0,3.0,3.0,3.0,3.0,3.0,3.0,3.0,3.0,3.0,3.0,3.0,3.0,3.0,3.0,3.0,0.05,0.05,0.05,0.05,0.05,0.05,0.05,0.05,0.05,0.05,0.05,0.05,0.05,0.05,0.05,0.05,0.05,0.05,0.05,0.05,0.0,0.0,0.0,0.0,0.0,0.0,0.0,0.0,0.0,0.0,0.0,0.0,0.0,0.0,0.0,0.0,0.0,0.0,0.0,0.0,0.38400113582611084,0.3929339349269867,0.31542789936065674,0.4901062250137329,0.7628196477890015,0.21197517216205597,0.9003736972808838,0.2658798098564148,0.9500135183334351,0.07313479483127594,0.6124923229217529,0.34733378887176514,0.86881422996521,0.11320771276950836,0.6239111423492432,0.38007059693336487,0.5460212826728821,0.03740883991122246,0.8821439146995544,0.07856716215610504,-0.9361393749713898,0.9435340762138367,0.49484074115753174,0.09847357869148254,-1.7620429396629333,-0.8654274046421051,-1.3971328735351562,-1.092858612537384,-1.6674503684043884,-0.5270307883620262,-1.962713897228241,-0.9115010499954224,-1.7746224999427795,-0.21322444081306458,-2.067139744758606,-1.1723771691322327,-1.5431642532348633,-0.11799437925219536,-1.6387313604354858,-0.8557833731174469,3.0,3.0,3.0,3.0,3.0,3.0,3.0,3.0,3.0,3.0,3.0,3.0,3.0,3.0,3.0,3.0,3.0,3.0,3.0,3.0,0.05,0.05,0.05,0.05,0.05,0.05,0.05,0.05,0.05,0.05,0.05,0.05,0.05,0.05,0.05,0.05,0.05,0.05,0.05,0.05,0.0,0.0,0.0,0.0,0.0,0.0,0.0,0.0,0.0,0.0,0.0,0.0,0.0,0.0,0.0,0.0,0.0,0.0,0.0,0.0
0.6792067885398865,0.3882729113101959,0.33549121022224426,0.4012979567050934,0.7657178044319153,-0.15132689476013184,0.5320215821266174,0.3901212215423584,1.0325204133987427,-0.057823412120342255,0.598542332649231,0.5461076498031616,1.0549761056900024,-0.12842105329036713,0.6879332065582275,0.6025413870811462,0.9726155996322632,-0.08687274158000946,0.9746844172477722,0.3761165738105774,0.2610236406326294,-0.2971231937408447,-0.048074871301651,-0.43022409081459045,0.46904683113098145,-0.14519281685352325,0.5194291472434998,0.44134557247161865,0.6551504135131836,-0.06339745596051216,1.0845392942428589,0.7284477353096008,0.6978482007980347,-0.03334507346153259,1.1696293950080872,0.6329953670501709,0.645466148853302,-0.03731828182935715,1.148061454296112,0.6001472473144531,3.0,3.0,3.0,3.0,3.0,3.0,3.0,3.0,3.0,3.0,3.0,3.0,3.0,3.0,3.0,3.0,3.0,3.0,3.0,3.0,0.05,0.05,0.05,0.05,0.05,0.05,0.05,0.05,0.05,0.05,0.05,0.05,0.05,0.05,0.05,0.05,0.05,0.05,0.05,0.05,0.0,0.0,0.0,0.0,0.0,0.0,0.0,0.0,0.0,0.0,0.0,0.0,0.0,0.0,0.0,0.0,0.0,0.0,0.0,0.0,0.36578014492988586,0.41329720616340637,0.32632893323898315,0.4913925528526306,0.7273780107498169,0.19475091993808746,0.8721576929092407,0.24361225962638855,0.9168435335159302,0.0625048279762268,0.5730687975883484,0.3289863169193268,0.8333019018173218,0.10898710042238235,0.582716703414917,0.35682398080825806,0.5141568183898926,0.03512182459235191,0.848103940486908,0.06306011974811554,-0.9527325630187988,0.8533254265785217,0.5539357662200928,0.14323145151138306,-1.8148526549339294,-0.9014520794153214,-1.436007022857666,-1.115269958972931,-1.7322748899459839,-0.5470617674291134,-1.9940197467803955,-0.9352035820484161,-1.8634513020515442,-0.24625323712825775,-2.074214816093445,-1.161947101354599,-1.6567908227443695,-0.12560049071907997,-1.729428768157959,-0.6715350784361362,3.0,3.0,3.0,3.0,3.0,3.0,3.0,3.0,3.0,3.0,3.0,3.0,3.0,3.0,3.0,3.0,3.0,3.0,3.0,3.0,0.05,0.05,0.05,0.05,0.05,0.05,0.05,0.05,0.05,0.05,0.05,0.05,0.05,0.05,0.05,0.05,0.05,0.05,0.05,0.05,0.0,0.0,0.0,0.0,0.0,0.0,0.0,0.0,0.0,0.0,0.0,0.0,0.0,0.0,0.0,0.0,0.0,0.0,0.0,0.0
0.6840830445289612,0.3824549615383148,0.3338586091995239,0.39251554012298584,0.7746616005897522,-0.153887540102005,0.5423048138618469,0.39871978759765625,1.044906497001648,-0.05897920951247215,0.6193972229957581,0.5598160624504089,1.0684783458709717,-0.12893922626972198,0.7104944586753845,0.6143385767936707,0.9855859875679016,-0.08744396269321442,0.9968596696853638,0.38753974437713623,0.22791773080825806,-0.28384774923324585,-0.07640048861503601,-0.44395774602890015,0.43295174837112427,-0.1230284571647644,0.5096837878227234,0.4181206226348877,0.5962073802947998,-0.055542588233947754,1.0108962655067444,0.6470069289207458,0.6517946720123291,-0.013747811317443848,1.088927686214447,0.5467131733894348,0.6180644035339355,-0.017606839537620544,1.0537102818489075,0.5369484424591064,3.0,3.0,3.0,3.0,3.0,3.0,3.0,3.0,3.0,3.0,3.0,3.0,3.0,3.0,3.0,3.0,3.0,3.0,3.0,3.0,0.05,0.05,0.05,0.05,0.05,0.05,0.05,0.05,0.05,0.05,0.05,0.05,0.05,0.05,0.05,0.05,0.05,0.05,0.05,0.05,0.0,0.0,0.0,0.0,0.0,0.0,0.0,0.0,0.0,0.0,0.0,0.0,0.0,0.0,0.0,0.0,0.0,0.0,0.0,0.0,0.3458918333053589,0.42706695199012756,0.33758533000946045,0.49583548307418823,0.6902255415916443,0.17591708898544312,0.8429334163665771,0.22126901149749756,0.8807225227355957,0.051252324134111404,0.5327315330505371,0.3099256455898285,0.7942761778831482,0.10335758328437805,0.5409425497055054,0.3335927128791809,0.4797496497631073,0.03238482028245926,0.8129667639732361,0.05170575901865959,-1.0050110518932343,0.7997892796993256,0.5770519375801086,0.21341517567634583,-1.903502643108368,-0.9969208389520645,-1.5313327312469482,-1.1604756116867065,-1.8862366676330566,-0.5748947151005268,-2.0862124860286713,-0.9984277188777924,-2.038377523422241,-0.3091614693403244,-2.143365889787674,-1.1926062405109406,-1.8334724009037018,-0.14535808004438877,-1.8668383359909058,-0.4478420130908489,3.0,3.0,3.0,3.0,3.0,3.0,3.0,3.0,3.0,3.0,3.0,3.0,3.0,3.0,3.0,3.0,3.0,3.0,3.0,3.0,0.05,0.05,0.05,0.05,0.05,0.05,0.05,0.05,0.05,0.05,0.05,0.05,0.05,0.05,0.05,0.05,0.05,0.05,0.05,0.05,0.0,0.0,0.0,0.0,0.0,0.0,0.0,0.0,0.0,0.0,0.0,0.0,0.0,0.0,0.0,0.0,0.0,0.0,0.0,0.0
0.6883234977722168,0.3769190013408661,0.3324351906776428,0.3835396468639374,0.7830358743667603,-0.1562480330467224,0.5524089336395264,0.4068460464477539,1.0563687086105347,-0.060045115649700165,0.6389781832695007,0.5719879269599915,1.0810478925704956,-0.12897096574306488,0.7314903140068054,0.6244099140167236,0.9973381757736206,-0.08757701516151428,1.0168328285217285,0.39759451150894165,0.2063557505607605,-0.27610063552856445,-0.07281675934791565,-0.45501962304115295,0.3899797797203064,-0.11040568351745605,0.5000635981559753,0.3969632089138031,0.5294173955917358,-0.042773596942424774,0.9435385465621948,0.5671396851539612,0.5869418382644653,0.01116916537284851,1.007719337940216,0.4543423652648926,0.5579277873039246,-0.00225752592086792,0.9547203779220581,0.4700377583503723,3.0,3.0,3.0,3.0,3.0,3.0,3.0,3.0,3.0,3.0,3.0,3.0,3.0,3.0,3.0,3.0,3.0,3.0,3.0,3.0,0.05,0.05,0.05,0.05,0.05,0.05,0.05,0.05,0.05,0.05,0.05,0.05,0.05,0.05,0.05,0.05,0.05,0.05,0.05,0.05,0.0,0.0,0.0,0.0,0.0,0.0,0.0,0.0,0.0,0.0,0.0,0.0,0.0,0.0,0.0,0.0,0.0,0.0,0.0,0.0,0.3255797028541565,0.4452887773513794,0.3494110107421875,0.49992915987968445,0.6512379050254822,0.15487408638000488,0.8109043836593628,0.1971932351589203,0.8413940668106079,0.039509039372205734,0.48962029814720154,0.2890492081642151,0.7517668008804321,0.09662064164876938,0.49698206782341003,0.30911973118782043,0.4408179223537445,0.029307501390576363,0.7734304070472717,0.04514643922448158,-0.973404198884964,1.0088592767715454,0.5965657532215118,0.17544180154800415,-1.8175646662712097,-1.1158280074596405,-1.5855386853218079,-1.2463562190532684,-1.9015833735466003,-0.6137462798506021,-2.1430499851703644,-1.0255396366119385,-1.9852429628372192,-0.36181919276714325,-2.1678954362869263,-1.2240447103977203,-1.7096050083637238,-0.1425513532012701,-2.106885612010956,-0.3734566271305084,3.0,3.0,3.0,3.0,3.0,3.0,3.0,3.0,3.0,3.0,3.0,3.0,3.0,3.0,3.0,3.0,3.0,3.0,3.0,3.0,0.05,0.05,0.05,0.05,0.05,0.05,0.05,0.05,0.05,0.05,0.05,0.05,0.05,0.05,0.05,0.05,0.05,0.05,0.05,0.05,0.0,0.0,0.0,0.0,0.0,0.0,0.0,0.0,0.0,0.0,0.0,0.0,0.0,0.0,0.0,0.0,0.0,0.0,0.0,0.0
0.6923372745513916,0.37141093611717224,0.3309459388256073,0.3743147552013397,0.7902607917785645,-0.15830376744270325,0.5623073577880859,0.4145983159542084,1.0660831928253174,-0.060690153390169144,0.6571387648582458,0.5825016498565674,1.0919560194015503,-0.12849245965480804,0.7508032321929932,0.6325122714042664,1.0079030990600586,-0.08753426373004913,1.035048484802246,0.4063412547111511,0.2213507890701294,-0.2468995749950409,-0.09673163294792175,-0.47773048281669617,0.2915531396865845,-0.06497539579868317,0.4747346043586731,0.3730691969394684,0.3756195306777954,-0.013252440840005875,0.8217781782150269,0.452953577041626,0.4244208335876465,0.042124465107917786,0.8554011583328247,0.31246691942214966,0.41934847831726074,0.0029828399419784546,0.8151262998580933,0.36530569195747375,3.0,3.0,3.0,3.0,3.0,3.0,3.0,3.0,3.0,3.0,3.0,3.0,3.0,3.0,3.0,3.0,3.0,3.0,3.0,3.0,0.05,0.05,0.05,0.05,0.05,0.05,0.05,0.05,0.05,0.05,0.05,0.05,0.05,0.05,0.05,0.05,0.05,0.05,0.05,0.05,0.0,0.0,0.0,0.0,0.0,0.0,0.0,0.0,0.0,0.0,0.0,0.0,0.0,0.0,0.0,0.0,0.0,0.0,0.0,0.0,0.3069556653499603,0.4674213230609894,0.3614479601383209,0.5028531551361084,0.6175229549407959,0.1312839686870575,0.7795118689537048,0.17141476273536682,0.8046591877937317,0.02670247294008732,0.44700953364372253,0.26890406012535095,0.7148664593696594,0.08888481557369232,0.4542267322540283,0.2846309244632721,0.41136544942855835,0.026682766154408455,0.7286913394927979,0.036767493933439255,-0.8228249847888947,0.9623922407627106,0.5702808499336243,0.18323585391044617,-1.665976643562317,-1.101216860115528,-1.53035968542099,-1.2418296188116074,-1.7999589443206787,-0.588801596313715,-2.063295990228653,-0.9818121790885925,-1.8114149570465088,-0.34998785704374313,-2.069781720638275,-1.1838100850582123,-1.4375023543834686,-0.11881254613399506,-2.188389003276825,-0.35317549481987953,3.0,3.0,3.0,3.0,3.0,3.0,3.0,3.0,3.0,3.0,3.0,3.0,3.0,3.0,3.0,3.0,3.0,3.0,3.0,3.0,0.05,0.05,0.05,0.05,0.05,0.05,0.05,0.05,0.05,0.05,0.05,0.05,0.05,0.05,0.05,0.05,0.05,0.05,0.05,0.05,0.0,0.0,0.0,0.0,0.0,0.0,0.0,0.0,0.0,0.0,0.0,0.0,0.0,0.0,0.0,0.0,0.0,0.0,0.0,0.0
0.697177529335022,0.36704301834106445,0.32856592535972595,0.36443042755126953,0.7946979999542236,-0.15884704887866974,0.5713983178138733,0.42176881432533264,1.0713934898376465,-0.0605752132833004,0.6718493103981018,0.5901060700416565,1.0980247259140015,-0.12728598713874817,0.7657063603401184,0.6369085907936096,1.014112114906311,-0.08745770156383514,1.0494378805160522,0.4122067391872406,0.15323907136917114,-0.1520007848739624,-0.1005709171295166,-0.5052812397480011,0.14965534210205078,-0.008913874626159668,0.366094708442688,0.2938605844974518,0.16714930534362793,0.017652194947004318,0.59795081615448,0.27471184730529785,0.19045472145080566,0.0728365033864975,0.5895256996154785,0.09905993938446045,0.16865134239196777,0.030023790895938873,0.5757838487625122,0.19729137420654297,3.0,3.0,3.0,3.0,3.0,3.0,3.0,3.0,3.0,3.0,3.0,3.0,3.0,3.0,3.0,3.0,3.0,3.0,3.0,3.0,0.05,0.05,0.05,0.05,0.05,0.05,0.05,0.05,0.05,0.05,0.05,0.05,0.05,0.05,0.05,0.05,0.05,0.05,0.05,0.05,0.0,0.0,0.0,0.0,0.0,0.0,0.0,0.0,0.0,0.0,0.0,0.0,0.0,0.0,0.0,0.0,0.0,0.0,0.0,0.0,0.2926667034626007,0.4837844669818878,0.37222224473953247,0.5072585940361023,0.5845988392829895,0.11082541197538376,0.7496899962425232,0.147520050406456,0.7693957090377808,0.015956975519657135,0.4070884585380554,0.2497767210006714,0.6793102025985718,0.08262112736701965,0.41419079899787903,0.26176732778549194,0.38331782817840576,0.02455499954521656,0.6858948469161987,0.0310194194316864,-0.6198592483997345,0.86989626288414,0.4774712026119232,0.17517656087875366,-1.5497982501983643,-1.0630995035171509,-1.4809876680374146,-1.2103471904993057,-1.648271083831787,-0.5613717716187239,-1.956583559513092,-0.9550627321004868,-1.7013445496559143,-0.3436123952269554,-1.994863897562027,-1.1567767709493637,-1.2517459690570831,-0.1415865495800972,-2.2717654705047607,-0.29395781457424164,3.0,3.0,3.0,3.0,3.0,3.0,3.0,3.0,3.0,3.0,3.0,3.0,3.0,3.0,3.0,3.0,3.0,3.0,3.0,3.0,0.05,0.05,0.05,0.05,0.05,0.05,0.05,0.05,0.05,0.05,0.05,0.05,0.05,0.05,0.05,0.05,0.05,0.05,0.05,0.05,0.0,0.0,0.0,0.0,0.0,0.0,0.0,0.0,0.0,0.0,0.0,0.0,0.0,0.0,0.0,0.0,0.0,0.0,0.0,0.0
0.6984668374061584,0.36533090472221375,0.32692310214042664,0.3541035056114197,0.7962470054626465,-0.15866032242774963,0.5769511461257935,0.42635273933410645,1.0727691650390625,-0.05998406559228897,0.681056797504425,0.5934901237487793,1.0995742082595825,-0.12557899951934814,0.7743842601776123,0.6364746689796448,1.0146491527557373,-0.08633331209421158,1.0580798387527466,0.41423290967941284,0.0339016318321228,-0.06484612822532654,-0.11453777551651001,-0.5032084882259369,0.01780986785888672,0.030564889311790466,0.2114713191986084,0.17990246415138245,-0.001519918441772461,0.03551626577973366,0.35542696714401245,0.08937865495681763,-0.003618001937866211,0.08396878838539124,0.31492114067077637,-0.10910481214523315,-0.07235705852508545,0.05431361496448517,0.32105743885040283,0.024386495351791382,3.0,3.0,3.0,3.0,3.0,3.0,3.0,3.0,3.0,3.0,3.0,3.0,3.0,3.0,3.0,3.0,3.0,3.0,3.0,3.0,0.05,0.05,0.05,0.05,0.05,0.05,0.05,0.05,0.05,0.05,0.05,0.05,0.05,0.05,0.05,0.05,0.05,0.05,0.05,0.05,0.0,0.0,0.0,0.0,0.0,0.0,0.0,0.0,0.0,0.0,0.0,0.0,0.0,0.0,0.0,0.0,0.0,0.0,0.0,0.0,0.28216129541397095,0.502217173576355,0.38054680824279785,0.5098602175712585,0.5555310249328613,0.08875998854637146,0.7202723622322083,0.12300087511539459,0.7387283444404602,0.004247602075338364,0.36874619126319885,0.23070155084133148,0.6468126773834229,0.0751403197646141,0.37443217635154724,0.23835985362529755,0.361295610666275,0.021019304171204567,0.6378207206726074,0.02500918135046959,-0.454537570476532,0.7633320987224579,0.39107203483581543,0.1466691493988037,-1.429574191570282,-0.9932352229952812,-1.4208167791366577,-1.1652672663331032,-1.5052273869514465,-0.5462271394208074,-1.8347494304180145,-0.9169649332761765,-1.545819640159607,-0.3740856423974037,-1.8762990832328796,-1.1039983481168747,-0.977761298418045,-0.19760350696742535,-2.264907956123352,-0.2572363242506981,3.0,3.0,3.0,3.0,3.0,3.0,3.0,3.0,3.0,3.0,3.0,3.0,3.0,3.0,3.0,3.0,3.0,3.0,3.0,3.0,0.05,0.05,0.05,0.05,0.05,0.05,0.05,0.05,0.05,0.05,0.05,0.05,0.05,0.05,0.05,0.05,0.05,0.05,0.05,0.05,0.0,0.0,0.0,0.0,0.0,0.0,0.0,0.0,0.0,0.0,0.0,0.0,0.0,0.0,0.0,0.0,0.0,0.0,0.0,0.0
0.6985335946083069,0.3644491732120514,0.32398441433906555,0.34430208802223206,0.7954103946685791,-0.15762445330619812,0.5798571705818176,0.42896491289138794,1.0713326930999756,-0.05915456265211105,0.6860663890838623,0.5936812162399292,1.0978800058364868,-0.12392723560333252,0.7783032059669495,0.6325443983078003,1.0112178325653076,-0.08528515696525574,1.0622801780700684,0.41318219900131226,-0.018799304962158203,-0.02316012978553772,-0.1152530312538147,-0.5048267543315887,-0.059100985527038574,0.058702751994132996,0.10421425104141235,0.0932157039642334,-0.12654662132263184,0.04563545808196068,0.1542985439300537,-0.06533712148666382,-0.13988912105560303,0.09021405130624771,0.092373788356781,-0.2739250659942627,-0.2079010009765625,0.04960428923368454,0.13320446014404297,-0.11799782514572144,3.0,3.0,3.0,3.0,3.0,3.0,3.0,3.0,3.0,3.0,3.0,3.0,3.0,3.0,3.0,3.0,3.0,3.0,3.0,3.0,0.05,0.05,0.05,0.05,0.05,0.05,0.05,0.05,0.05,0.05,0.05,0.05,0.05,0.05,0.05,0.05,0.05,0.05,0.05,0.05,0.0,0.0,0.0,0.0,0.0,0.0,0.0,0.0,0.0,0.0,0.0,0.0,0.0,0.0,0.0,0.0,0.0,0.0,0.0,0.0,0.27448520064353943,0.5143177509307861,0.3878651261329651,0.5131253600120544,0.5274158716201782,0.07109600305557251,0.6928573250770569,0.10090935975313187,0.7091866135597229,-0.0058921100571751595,0.33369848132133484,0.21309812366962433,0.6174774169921875,0.0676577016711235,0.33913883566856384,0.21760739386081696,0.34420737624168396,0.016650859266519547,0.5952985286712646,0.020729966461658478,-0.32172203063964844,0.5986884236335754,0.3188580274581909,0.15442520380020142,-1.3341262936592102,-0.8564906194806099,-1.3188958168029785,-1.0558009147644043,-1.4201268553733826,-0.47276157420128584,-1.6842260956764221,-0.8573383092880249,-1.410137116909027,-0.3414895385503769,-1.7018713057041168,-1.004316285252571,-0.8283518254756927,-0.20444090478122234,-2.0850688219070435,-0.19776555709540844,3.0,3.0,3.0,3.0,3.0,3.0,3.0,3.0,3.0,3.0,3.0,3.0,3.0,3.0,3.0,3.0,3.0,3.0,3.0,3.0,0.05,0.05,0.05,0.05,0.05,0.05,0.05,0.05,0.05,0.05,0.05,0.05,0.05,0.05,0.05,0.05,0.05,0.05,0.05,0.05,0.0,0.0,0.0,0.0,0.0,0.0,0.0,0.0,0.0,0.0,0.0,0.0,0.0,0.0,0.0,0.0,0.0,0.0,0.0,0.0
0.6977148652076721,0.36440449953079224,0.32231298089027405,0.33391043543815613,0.7938829660415649,-0.15631221234798431,0.58111971616745,0.4300813674926758,1.0677073001861572,-0.058158647269010544,0.6872287392616272,0.5908766388893127,1.0939786434173584,-0.12197043746709824,0.7780792117118835,0.6255176663398743,1.0063331127166748,-0.0843491405248642,1.0634080171585083,0.409512996673584,-0.10256916284561157,0.03022700548171997,-0.0804513692855835,-0.5180731415748596,-0.0607222318649292,0.060716643929481506,0.009834766387939453,-0.00010877847671508789,-0.19391179084777832,0.03798389807343483,-0.054168701171875,-0.24064630270004272,-0.21231472492218018,0.09340159595012665,-0.13288110494613647,-0.45538395643234253,-0.24100542068481445,0.04284009337425232,-0.03020763397216797,-0.27066171169281006,3.0,3.0,3.0,3.0,3.0,3.0,3.0,3.0,3.0,3.0,3.0,3.0,3.0,3.0,3.0,3.0,3.0,3.0,3.0,3.0,0.05,0.05,0.05,0.05,0.05,0.05,0.05,0.05,0.05,0.05,0.05,0.05,0.05,0.05,0.05,0.05,0.05,0.05,0.05,0.05,0.0,0.0,0.0,0.0,0.0,0.0,0.0,0.0,0.0,0.0,0.0,0.0,0.0,0.0,0.0,0.0,0.0,0.0,0.0,0.0,0.269292414188385,0.526164710521698,0.3933011293411255,0.5160372257232666,0.5021659731864929,0.054500363767147064,0.6675165295600891,0.08076883852481842,0.6819232702255249,-0.01466286089271307,0.30137714743614197,0.19640801846981049,0.5904071927070618,0.06148073822259903,0.30635732412338257,0.1981872022151947,0.3281615376472473,0.012841667979955673,0.5544179677963257,0.01709855906665325,-0.21685659885406494,0.5404442548751831,0.2538628876209259,0.1373574137687683,-1.2494944036006927,-0.8040276356041431,-1.254473626613617,-0.8642349392175674,-1.335124671459198,-0.4369044443592429,-1.5696130692958832,-0.8214864879846573,-1.3068243861198425,-0.3261989913880825,-1.5862539410591125,-0.9428754448890686,-0.717625766992569,-0.20235488191246986,-1.9887268543243408,-0.19125244580209255,3.0,3.0,3.0,3.0,3.0,3.0,3.0,3.0,3.0,3.0,3.0,3.0,3.0,3.0,3.0,3.0,3.0,3.0,3.0,3.0,0.05,0.05,0.05,0.05,0.05,0.05,0.05,0.05,0.05,0.05,0.05,0.05,0.05,0.05,0.05,0.05,0.05,0.05,0.05,0.05,0.0,0.0,0.0,0.0,0.0,0.0,0.0,0.0,0.0,0.0,0.0,0.0,0.0,0.0,0.0,0.0,0.0,0.0,0.0,0.0
0.6944308280944824,0.3656582534313202,0.3207663595676422,0.32357916235923767,0.7929815053939819,-0.15519578754901886,0.5802505612373352,0.42896056175231934,1.0635762214660645,-0.05763520672917366,0.6838996410369873,0.5840553641319275,1.0893874168395996,-0.12019117176532745,0.772987961769104,0.6143290400505066,1.001577615737915,-0.08357155323028564,1.0610718727111816,0.40235573053359985,-0.18312186002731323,0.04913210868835449,-0.08073970675468445,-0.5146689713001251,-0.07876008749008179,0.06582513451576233,-0.10068416595458984,-0.09980574250221252,-0.23893415927886963,0.03510434180498123,-0.25452524423599243,-0.4100382328033447,-0.2597033977508545,0.0831039622426033,-0.34489333629608154,-0.6231442093849182,-0.27809441089630127,0.029192306101322174,-0.20871460437774658,-0.4345044493675232,3.0,3.0,3.0,3.0,3.0,3.0,3.0,3.0,3.0,3.0,3.0,3.0,3.0,3.0,3.0,3.0,3.0,3.0,3.0,3.0,0.05,0.05,0.05,0.05,0.05,0.05,0.05,0.05,0.05,0.05,0.05,0.05,0.05,0.05,0.05,0.05,0.05,0.05,0.05,0.05,0.0,0.0,0.0,0.0,0.0,0.0,0.0,0.0,0.0,0.0,0.0,0.0,0.0,0.0,0.0,0.0,0.0,0.0,0.0,0.0,0.26581093668937683,0.5359355211257935,0.3980196416378021,0.5186196565628052,0.4774360954761505,0.038934897631406784,0.6426783800125122,0.06633996218442917,0.655781626701355,-0.023368287831544876,0.2709139585494995,0.18023866415023804,0.5652044415473938,0.054609742015600204,0.27568867802619934,0.1798923760652542,0.3155023455619812,0.008556663990020752,0.515749454498291,0.013079868629574776,-0.11640787124633789,0.5525633692741394,0.18898025155067444,0.10968148708343506,-1.1809833347797394,-0.8065897040069103,-1.2529820203781128,-0.6583907641470432,-1.2613102793693542,-0.41685227770358324,-1.4849592000246048,-0.8037008345127106,-1.2004569172859192,-0.3109869547188282,-1.517881453037262,-0.9150967001914978,-0.58307945728302,-0.19513380248099566,-2.0020335912704468,-0.13798754662275314,3.0,3.0,3.0,3.0,3.0,3.0,3.0,3.0,3.0,3.0,3.0,3.0,3.0,3.0,3.0,3.0,3.0,3.0,3.0,3.0,0.05,0.05,0.05,0.05,0.05,0.05,0.05,0.05,0.05,0.05,0.05,0.05,0.05,0.05,0.05,0.05,0.05,0.05,0.05,0.05,0.0,0.0,0.0,0.0,0.0,0.0,0.0,0.0,0.0,0.0,0.0,0.0,0.0,0.0,0.0,0.0,0.0,0.0,0.0,0.0
0.6903899908065796,0.3663697838783264,0.31908339262008667,0.3133236765861511,0.7907325625419617,-0.15367920696735382,0.5770923495292664,0.4260891377925873,1.0581499338150024,-0.056754473596811295,0.6770477294921875,0.574475109577179,1.0835905075073242,-0.1186462789773941,0.7642834782600403,0.6005918979644775,0.9952093362808228,-0.08318144828081131,1.0550594329833984,0.39213281869888306,-0.22699981927871704,0.04465654492378235,-0.115174800157547,-0.500033050775528,-0.14682114124298096,0.08558854460716248,-0.19775032997131348,-0.16710758209228516,-0.29438138008117676,0.05318839102983475,-0.39767324924468994,-0.5079388618469238,-0.3317713737487793,0.08587874472141266,-0.4998922348022461,-0.7076963782310486,-0.39388686418533325,0.030479393899440765,-0.3836899995803833,-0.5529038608074188,3.0,3.0,3.0,3.0,3.0,3.0,3.0,3.0,3.0,3.0,3.0,3.0,3.0,3.0,3.0,3.0,3.0,3.0,3.0,3.0,0.05,0.05,0.05,0.05,0.05,0.05,0.05,0.05,0.05,0.05,0.05,0.05,0.05,0.05,0.05,0.05,0.05,0.05,0.05,0.05,0.0,0.0,0.0,0.0,0.0,0.0,0.0,0.0,0.0,0.0,0.0,0.0,0.0,0.0,0.0,0.0,0.0,0.0,0.0,0.0,0.2646360993385315,0.5482672452926636,0.40086033940315247,0.520424485206604,0.45492663979530334,0.02223677560687065,0.6173972487449646,0.05443320795893669,0.6314708590507507,-0.0313369520008564,0.24197877943515778,0.16425998508930206,0.542388916015625,0.0490412600338459,0.2456420660018921,0.1615833342075348,0.3048383593559265,0.005036315880715847,0.4743366241455078,0.011579057201743126,-0.05614086985588074,0.5303844809532166,0.15410780906677246,0.10478198528289795,-1.0446391999721527,-0.7679778384044766,-1.1898711323738098,-0.5763556808233261,-1.1350661516189575,-0.38423091173171997,-1.340656727552414,-0.7427960634231567,-1.0556906461715698,-0.2840290777385235,-1.3974271714687347,-0.851176306605339,-0.4173755645751953,-0.17414773465134203,-1.9308499991893768,-0.1053959596902132,3.0,3.0,3.0,3.0,3.0,3.0,3.0,3.0,3.0,3.0,3.0,3.0,3.0,3.0,3.0,3.0,3.0,3.0,3.0,3.0,0.05,0.05,0.05,0.05,0.05,0.05,0.05,0.05,0.05,0.05,0.05,0.05,0.05,0.05,0.05,0.05,0.05,0.05,0.05,0.05,0.0,0.0,0.0,0.0,0.0,0.0,0.0,0.0,0.0,0.0,0.0,0.0,0.0,0.0,0.0,0.0,0.0,0.0,0.0,0.0
0.6853508353233337,0.3674445152282715,0.31615936756134033,0.30357784032821655,0.7871086597442627,-0.15177224576473236,0.5723405480384827,0.42227625846862793,1.0518009662628174,-0.05550767108798027,0.6679927110671997,0.5637378096580505,1.0761165618896484,-0.11675602197647095,0.7529922723770142,0.5860211849212646,0.9858221411705017,-0.08235237747430801,1.0457242727279663,0.3802395761013031,-0.27700215578079224,0.10203197598457336,-0.11073797941207886,-0.5257897078990936,-0.21407157182693481,0.1302771270275116,-0.28551965951919556,-0.2208217978477478,-0.38569867610931396,0.08414611220359802,-0.5584195256233215,-0.5955487489700317,-0.43884217739105225,0.10543093085289001,-0.6539687514305115,-0.7657870650291443,-0.5423963069915771,0.02798996865749359,-0.5623877048492432,-0.6524436175823212,3.0,3.0,3.0,3.0,3.0,3.0,3.0,3.0,3.0,3.0,3.0,3.0,3.0,3.0,3.0,3.0,3.0,3.0,3.0,3.0,0.05,0.05,0.05,0.05,0.05,0.05,0.05,0.05,0.05,0.05,0.05,0.05,0.05,0.05,0.05,0.05,0.05,0.05,0.05,0.05,0.0,0.0,0.0,0.0,0.0,0.0,0.0,0.0,0.0,0.0,0.0,0.0,0.0,0.0,0.0,0.0,0.0,0.0,0.0,0.0,0.2635653018951416,0.5571509003639221,0.404183954000473,0.5228109359741211,0.4356505274772644,0.008215784095227718,0.5950835347175598,0.043285734951496124,0.6103789806365967,-0.038737524300813675,0.21728768944740295,0.15052682161331177,0.522976815700531,0.043248578906059265,0.21979159116744995,0.14584532380104065,0.2988073229789734,0.0015907546039670706,0.43851545453071594,0.008864030241966248,0.027645379304885864,0.48367977142333984,0.17024576663970947,0.15592128038406372,-0.7087521255016327,-0.7047363091260195,-1.257912814617157,-0.48215407878160477,-0.9289175271987915,-0.42203618213534355,-1.1846508830785751,-0.6875738501548767,-0.7429271936416626,-0.3384101204574108,-1.4227911829948425,-0.8919533342123032,0.19855424761772156,-0.19471492269076407,-2.5050178170204163,-0.08748713880777359,3.0,3.0,3.0,3.0,3.0,3.0,3.0,3.0,3.0,3.0,3.0,3.0,3.0,3.0,3.0,3.0,3.0,3.0,3.0,3.0,0.05,0.05,0.05,0.05,0.05,0.05,0.05,0.05,0.05,0.05,0.05,0.05,0.05,0.05,0.05,0.05,0.05,0.05,0.05,0.05,0.0,0.0,0.0,0.0,0.0,0.0,0.0,0.0,0.0,0.0,0.0,0.0,0.0,0.0,0.0,0.0,0.0,0.0,0.0,0.0
0.6793099045753479,0.37045106291770935,0.3146538734436035,0.2922920882701874,0.7821696996688843,-0.14846812188625336,0.5656715631484985,0.41725626587867737,1.0427219867706299,-0.053388629108667374,0.6547109484672546,0.5506531596183777,1.0660368204116821,-0.1144290417432785,0.7381247282028198,0.5699604153633118,0.9735134840011597,-0.08206184953451157,1.0325639247894287,0.3660350739955902,-0.35105347633361816,0.1746445894241333,-0.0897631049156189,-0.574299693107605,-0.29478371143341064,0.2171877771615982,-0.40060728788375854,-0.293230265378952,-0.5070716142654419,0.13975827023386955,-0.7896929979324341,-0.736081600189209,-0.5744755268096924,0.12012943625450134,-0.8583411574363708,-0.8639082312583923,-0.6403028964996338,-0.006129592657089233,-0.7537245750427246,-0.7978096604347229,3.0,3.0,3.0,3.0,3.0,3.0,3.0,3.0,3.0,3.0,3.0,3.0,3.0,3.0,3.0,3.0,3.0,3.0,3.0,3.0,0.05,0.05,0.05,0.05,0.05,0.05,0.05,0.05,0.05,0.05,0.05,0.05,0.05,0.05,0.05,0.05,0.05,0.05,0.05,0.05,0.0,0.0,0.0,0.0,0.0,0.0,0.0,0.0,0.0,0.0,0.0,0.0,0.0,0.0,0.0,0.0,0.0,0.0,0.0,0.0,0.26574191451072693,0.5676144361495972,0.40767017006874084,0.5266613364219666,0.42657655477523804,-0.005952676758170128,0.5670807361602783,0.0351470448076725,0.5943141579627991,-0.04821839928627014,0.19459274411201477,0.136757031083107,0.5126718282699585,0.03550485521554947,0.1887304186820984,0.12590520083904266,0.3127805292606354,-0.0027522810269147158,0.37413591146469116,0.008079571649432182,0.11469721794128418,0.4357770085334778,0.1561276614665985,0.16136318445205688,-0.433475524187088,-0.6504226243123412,-1.265902817249298,-0.37713441997766495,-0.7041186094284058,-0.38420725613832474,-1.0039620101451874,-0.6056137382984161,-0.3961622714996338,-0.29730135574936867,-1.3480909168720245,-0.8636366575956345,0.7807448506355286,-0.1726700400467962,-2.887364476919174,-0.05575899267569184,3.0,3.0,3.0,3.0,3.0,3.0,3.0,3.0,3.0,3.0,3.0,3.0,3.0,3.0,3.0,3.0,3.0,3.0,3.0,3.0,0.05,0.05,0.05,0.05,0.05,0.05,0.05,0.05,0.05,0.05,0.05,0.05,0.05,0.05,0.05,0.05,0.05,0.05,0.05,0.05,0.0,0.0,0.0,0.0,0.0,0.0,0.0,0.0,0.0,0.0,0.0,0.0,0.0,0.0,0.0,0.0,0.0,0.0,0.0,0.0
0.671308696269989,0.3744302988052368,0.3125688433647156,0.28060585260391235,0.7753173112869263,-0.14308473467826843,0.5563162565231323,0.41054704785346985,1.0315181016921997,-0.04991734027862549,0.6364049911499023,0.5342945456504822,1.0531375408172607,-0.1119508445262909,0.7186586260795593,0.551464855670929,0.9602100253105164,-0.08259756118059158,1.0155752897262573,0.3483271896839142,-0.4276394844055176,0.21530166268348694,-0.103006511926651,-0.5968481302261353,-0.394497811794281,0.3050360828638077,-0.5305841565132141,-0.3704637289047241,-0.59833824634552,0.18905047327280045,-1.0039269924163818,-0.8702889084815979,-0.6830960512161255,0.13373494148254395,-1.049324870109558,-0.9577348828315735,-0.7620826363563538,-0.03551449626684189,-0.9637698531150818,-0.9691700339317322,3.0,3.0,3.0,3.0,3.0,3.0,3.0,3.0,3.0,3.0,3.0,3.0,3.0,3.0,3.0,3.0,3.0,3.0,3.0,3.0,0.05,0.05,0.05,0.05,0.05,0.05,0.05,0.05,0.05,0.05,0.05,0.05,0.05,0.05,0.05,0.05,0.05,0.05,0.05,0.05,0.0,0.0,0.0,0.0,0.0,0.0,0.0,0.0,0.0,0.0,0.0,0.0,0.0,0.0,0.0,0.0,0.0,0.0,0.0,0.0,0.26815319061279297,0.5745819807052612,0.41042906045913696,0.5292654633522034,0.4183115065097809,-0.01780112087726593,0.5444474220275879,0.028200358152389526,0.5822142362594604,-0.054105814546346664,0.17712920904159546,0.12630227208137512,0.5071303248405457,0.03135652467608452,0.16586795449256897,0.11129985749721527,0.33003711700439453,-0.0053160469979047775,0.323020875453949,0.006633670534938574,0.14145821332931519,0.32511502504348755,0.14233291149139404,0.13138353824615479,-0.3727532923221588,-0.5184089299291372,-1.013094186782837,-0.31332862563431263,-0.5036100745201111,-0.25477334856987,-0.7615812122821808,-0.4574146121740341,-0.250360369682312,-0.17983177676796913,-1.0284408926963806,-0.6528781726956367,0.8243821561336517,-0.09252721793018281,-2.3094356060028076,-0.05483570275828242,3.0,3.0,3.0,3.0,3.0,3.0,3.0,3.0,3.0,3.0,3.0,3.0,3.0,3.0,3.0,3.0,3.0,3.0,3.0,3.0,0.05,0.05,0.05,0.05,0.05,0.05,0.05,0.05,0.05,0.05,0.05,0.05,0.05,0.05,0.05,0.05,0.05,0.05,0.05,0.05,0.0,0.0,0.0,0.0,0.0,0.0,0.0,0.0,0.0,0.0,0.0,0.0,0.0,0.0,0.0,0.0,0.0,0.0,0.0,0.0
0.6622043251991272,0.37906312942504883,0.3105336129665375,0.26841816306114197,0.766389787197113,-0.13626667857170105,0.54444819688797,0.4024377167224884,1.018788456916809,-0.045826610177755356,0.6145538687705994,0.5158416032791138,1.038712978363037,-0.10907964408397675,0.6961517333984375,0.5316510200500488,0.9430301785469055,-0.08348242938518524,0.9940131306648254,0.3272682726383209,-0.4868611693382263,0.2553291618824005,-0.10543763637542725,-0.6089344620704651,-0.46459734439849854,0.36746226251125336,-0.6382465362548828,-0.43089985847473145,-0.6923377513885498,0.23096371442079544,-1.1744067072868347,-0.9661994874477386,-0.7765769958496094,0.15492159873247147,-1.1972501873970032,-1.0148167610168457,-0.8976593613624573,-0.0431399792432785,-1.14508718252182,-1.1139295995235443,3.0,3.0,3.0,3.0,3.0,3.0,3.0,3.0,3.0,3.0,3.0,3.0,3.0,3.0,3.0,3.0,3.0,3.0,3.0,3.0,0.05,0.05,0.05,0.05,0.05,0.05,0.05,0.05,0.05,0.05,0.05,0.05,0.05,0.05,0.05,0.05,0.05,0.05,0.05,0.05,0.0,0.0,0.0,0.0,0.0,0.0,0.0,0.0,0.0,0.0,0.0,0.0,0.0,0.0,0.0,0.0,0.0,0.0,0.0,0.0,0.27140024304389954,0.5806190371513367,0.4133634865283966,0.5319166779518127,0.4116664230823517,-0.026689033955335617,0.5265569686889648,0.022613899782299995,0.5741697549819946,-0.05840933322906494,0.16412949562072754,0.11846044659614563,0.502657413482666,0.028311584144830704,0.14759278297424316,0.0997900739312172,0.34575581550598145,-0.006453369744122028,0.28175848722457886,0.005886143539100885,0.17710626125335693,0.27981698513031006,0.12419149279594421,0.13607889413833618,-0.28077587485313416,-0.40054162964224815,-0.7839888334274292,-0.24914122186601162,-0.33647119998931885,-0.17538517713546753,-0.5603928118944168,-0.33500008285045624,-0.14918893575668335,-0.10295971296727657,-0.8012853562831879,-0.5026191473007202,0.8264787495136261,-0.009332865010946989,-1.8719889223575592,-0.051641196478158236,3.0,3.0,3.0,3.0,3.0,3.0,3.0,3.0,3.0,3.0,3.0,3.0,3.0,3.0,3.0,3.0,3.0,3.0,3.0,3.0,0.05,0.05,0.05,0.05,0.05,0.05,0.05,0.05,0.05,0.05,0.05,0.05,0.05,0.05,0.05,0.05,0.05,0.05,0.05,0.05,0.0,0.0,0.0,0.0,0.0,0.0,0.0,0.0,0.0,0.0,0.0,0.0,0.0,0.0,0.0,0.0,0.0,0.0,0.0,0.0
0.65183424949646,0.38464346528053284,0.3083513379096985,0.25624847412109375,0.7567334175109863,-0.1283862441778183,0.530786395072937,0.3933110535144806,1.0038245916366577,-0.04067879170179367,0.589428722858429,0.49564656615257263,1.0220744609832764,-0.10575398057699203,0.6707686185836792,0.5108721852302551,0.9243036508560181,-0.08432316035032272,0.9697718024253845,0.3037700057029724,-0.5381092429161016,0.3225721418857533,-0.10877177119255066,-0.6051473319530425,-0.5188152194023077,0.4224492236971803,-0.7311508059501565,-0.47990083694457314,-0.7857263088226235,0.268374755978581,-1.313540339469893,-1.036424934864033,-0.8794158697128185,0.17838962376117498,-1.3195738196372846,-1.0475628077983745,-1.00637525320052,-0.041117146611213684,-1.278357207775102,-1.2189559638500074,3.0,3.0,3.0,3.0,3.0,3.0,3.0,3.0,3.0,3.0,3.0,3.0,3.0,3.0,3.0,3.0,3.0,3.0,3.0,3.0,0.05,0.05,0.05,0.05,0.05,0.05,0.05,0.05,0.05,0.05,0.05,0.05,0.05,0.05,0.05,0.05,0.05,0.05,0.05,0.05,0.0,0.0,0.0,0.0,0.0,0.0,0.0,0.0,0.0,0.0,0.0,0.0,0.0,0.0,0.0,0.0,0.0,0.0,0.0,0.0,0.27523744106292725,0.5857746601104736,0.41539672017097473,0.5347086191177368,0.4070804715156555,-0.033822786062955856,0.5130878686904907,0.01823470927774906,0.5687553882598877,-0.061121221631765366,0.1547134965658188,0.11290226876735687,0.5011627674102783,0.027238136157393456,0.13381654024124146,0.09119509160518646,0.3630962669849396,-0.005689361598342657,0.2481413185596466,0.004568022675812244,0.2019271254539476,0.2410709857940646,0.11106058955192427,0.14868229627609253,-0.2072371542453752,-0.31694015488028265,-0.6010264158248846,-0.19682275597005922,-0.24153441190719882,-0.1167602837085717,-0.418239086866376,-0.24522189050912718,-0.05412101745605469,-0.044709863141179085,-0.6176369264721822,-0.3842577338218654,0.8265800774097359,0.04539081128314051,-1.517396047711359,-0.062101392541080484,3.0,3.0,3.0,3.0,3.0,3.0,3.0,3.0,3.0,3.0,3.0,3.0,3.0,3.0,3.0,3.0,3.0,3.0,3.0,3.0,0.05,0.05,0.05,0.05,0.05,0.05,0.05,0.05,0.05,0.05,0.05,0.05,0.05,0.05,0.05,0.05,0.05,0.05,0.05,0.05,0.0,0.0,0.0,0.0,0.0,0.0,0.0,0.0,0.0,0.0,0.0,0.0,0.0,0.0,0.0,0.0,0.0,0.0,0.0,0.0
0.6406799554824831,0.39196601510047896,0.30618274211883545,0.24421226978302027,0.7456371784210207,-0.11936870962381384,0.5152021646499637,0.3832416832447055,0.9873594045639041,-0.035091619938612116,0.5620122551918036,0.47438460588455245,1.0035363435745244,-0.10194405913352975,0.6433687806129461,0.48974850773811385,0.9027751684188847,-0.08512711524963379,0.9428788423538214,0.2785100340843206,-0.5944401025772011,0.37183314561843595,-0.10048970580101013,-0.5743838846683447,-0.5813077092170632,0.4724696278572027,-0.814367085695257,-0.5214467644691412,-0.8583396673202404,0.29221074655651696,-1.4144957065582109,-1.0819353163242216,-0.9665772318839916,0.20674746483564133,-1.4144673943519426,-1.063396036624896,-1.1259734630584577,-0.031210482120513916,-1.390887796878798,-1.2966156005859222,3.0,3.0,3.0,3.0,3.0,3.0,3.0,3.0,3.0,3.0,3.0,3.0,3.0,3.0,3.0,3.0,3.0,3.0,3.0,3.0,0.05,0.05,0.05,0.05,0.05,0.05,0.05,0.05,0.05,0.05,0.05,0.05,0.05,0.05,0.05,0.05,0.05,0.05,0.05,0.05,0.0,0.0,0.0,0.0,0.0,0.0,0.0,0.0,0.0,0.0,0.0,0.0,0.0,0.0,0.0,0.0,0.0,0.0,0.0,0.0,0.27947732806205744,0.5902618765830993,0.4178059101104736,0.5378639698028564,0.4033769369125367,-0.039366640150546924,0.5025159120559695,0.014740989543497627,0.5645083785057067,-0.06307974457740781,0.1473999321460725,0.10865157097578054,0.5004925727844238,0.02652318961918354,0.12288730591535588,0.08441976457834258,0.3788190186023709,-0.004637737292796408,0.2210626453161245,0.003402087837457666,0.19678846001624783,0.2208158373832675,0.12300610542297225,0.15597641468047818,-0.12961775064468523,-0.24078143760561788,-0.444738566875455,-0.150516373105346,-0.1369878649711609,-0.06772661581635475,-0.28727687895297793,-0.16686506569385423,0.051474571228027344,0.0032868701964610704,-0.46419743448495515,-0.2922764047980284,0.8312888443469904,0.09959641611203378,-1.2150190770625964,-0.035515596391632924,3.0,3.0,3.0,3.0,3.0,3.0,3.0,3.0,3.0,3.0,3.0,3.0,3.0,3.0,3.0,3.0,3.0,3.0,3.0,3.0,0.05,0.05,0.05,0.05,0.05,0.05,0.05,0.05,0.05,0.05,0.05,0.05,0.05,0.05,0.05,0.05,0.05,0.05,0.05,0.05,0.0,0.0,0.0,0.0,0.0,0.0,0.0,0.0,0.0,0.0,0.0,0.0,0.0,0.0,0.0,0.0,0.0,0.0,0.0,0.0
0.6280566453933719,0.3995167911052703,0.3043317496776581,0.23327311873435996,0.7334811091423038,-0.10948745906353019,0.49821171164512673,0.37245318293571494,0.9694910049438481,-0.02899036183953299,0.5328488945961005,0.45236915349960377,0.9834113717079167,-0.09748408198356638,0.6141899228096015,0.4683363437652593,0.8792647123336798,-0.08557157963514328,0.9141362905502326,0.2519053816795355,-0.664779543876648,0.35303235054016113,-0.08072033524513245,-0.5035020411014578,-0.6355151534080505,0.5090029910206785,-0.8702039718627915,-0.5497433245182051,-0.9259045124053927,0.3183497115969652,-1.479540765285492,-1.103878021240233,-1.0431379079818697,0.23114606738090446,-1.4857828617095892,-1.067671924829483,-1.191791892051694,-0.015071406960487366,-1.44825279712677,-1.3356078416109072,3.0,3.0,3.0,3.0,3.0,3.0,3.0,3.0,3.0,3.0,3.0,3.0,3.0,3.0,3.0,3.0,3.0,3.0,3.0,3.0,0.05,0.05,0.05,0.05,0.05,0.05,0.05,0.05,0.05,0.05,0.05,0.05,0.05,0.05,0.05,0.05,0.05,0.05,0.05,0.05,0.0,0.0,0.0,0.0,0.0,0.0,0.0,0.0,0.0,0.0,0.0,0.0,0.0,0.0,0.0,0.0,0.0,0.0,0.0,0.0,0.28310897946357716,0.5946072936058043,0.4203169643878936,0.5409476757049559,0.4018957614898681,-0.04345404356718057,0.4952983260154725,0.012214054353535222,0.5632758736610413,-0.06383028626441956,0.14322242140769967,0.1062276661396027,0.5032217502593994,0.0273696109652519,0.11524864286184325,0.07950403541326533,0.3963478207588192,-0.0017055049538613064,0.19954055547714275,0.0031473988201469274,0.18759369850158691,0.19646435976028442,0.1221381127834334,0.14925003051757812,-0.04644915461540361,-0.15973336994648119,-0.3011986613273662,-0.10962034575641237,-0.012184679508209229,-0.01857094466686318,-0.15297234058380405,-0.08834563195705518,0.18498003482818326,0.05494533106684606,-0.3258721902966524,-0.21388716995716303,0.9087666869163485,0.15812090714462007,-0.9527128189802225,-0.02980834105983399,3.0,3.0,3.0,3.0,3.0,3.0,3.0,3.0,3.0,3.0,3.0,3.0,3.0,3.0,3.0,3.0,3.0,3.0,3.0,3.0,0.05,0.05,0.05,0.05,0.05,0.05,0.05,0.05,0.05,0.05,0.05,0.05,0.05,0.05,0.05,0.05,0.05,0.05,0.05,0.05,0.0,0.0,0.0,0.0,0.0,0.0,0.0,0.0,0.0,0.0,0.0,0.0,0.0,0.0,0.0,0.0,0.0,0.0,0.0,0.0
0.6140887737274172,0.4060873091220854,0.30295392870903015,0.22407218813896196,0.7202165722846987,-0.0990085899829867,0.48039400577545205,0.3612519502639773,0.9503232240676884,-0.02235763147473351,0.502830624580384,0.4302294850349431,0.9618108272552496,-0.09269821643829357,0.5839374661445625,0.4470416307449345,0.855103492736817,-0.08572997152805328,0.8849487304687506,0.22508572041988434,-0.7458180189132774,0.34234672784805575,-0.056465715169906616,-0.40621459484100897,-0.6897389888763511,0.5457805469632204,-0.9194508194923497,-0.57807937264443,-0.9926736354827992,0.3446070477366482,-1.5339583158493209,-1.1206611990928774,-1.1145561933517567,0.24573635309934858,-1.5489652752876448,-1.0714396834373598,-1.2237608432769913,-0.0046350061893463135,-1.4798745512962508,-1.3570681214332734,3.0,3.0,3.0,3.0,3.0,3.0,3.0,3.0,3.0,3.0,3.0,3.0,3.0,3.0,3.0,3.0,3.0,3.0,3.0,3.0,0.05,0.05,0.05,0.05,0.05,0.05,0.05,0.05,0.05,0.05,0.05,0.05,0.05,0.05,0.05,0.05,0.05,0.05,0.05,0.05,0.0,0.0,0.0,0.0,0.0,0.0,0.0,0.0,0.0,0.0,0.0,0.0,0.0,0.0,0.0,0.0,0.0,0.0,0.0,0.0,0.2869810760021209,0.5981204509735106,0.4226914346218109,0.5438339710235596,0.40151897072792053,-0.04575597494840617,0.4904679656028748,0.010356175713241132,0.5640209913253783,-0.06382258236408234,0.14128103852272034,0.10511774569749834,0.5078917741775512,0.028721002861857383,0.10985241830348978,0.07586427778005606,0.4151696860790248,0.0016870989929883944,0.1829541325569156,0.0022097541950643063,0.26515498757362643,0.15076100826263705,0.061061978340150314,0.1271843910217313,-0.007557123899458451,-0.10282536968588984,-0.18815696239471713,-0.07393402047455427,0.07951557636260986,0.002267584204673767,-0.04223585128784388,-0.020940601825715152,0.27115941047668457,0.07009278051555218,-0.2271715551614796,-0.15627853572368863,0.9607613086700536,0.16472971765324645,-0.7394351065158948,-0.02347838599234842,3.0,3.0,3.0,3.0,3.0,3.0,3.0,3.0,3.0,3.0,3.0,3.0,3.0,3.0,3.0,3.0,3.0,3.0,3.0,3.0,0.05,0.05,0.05,0.05,0.05,0.05,0.05,0.05,0.05,0.05,0.05,0.05,0.05,0.05,0.05,0.05,0.05,0.05,0.05,0.05,0.0,0.0,0.0,0.0,0.0,0.0,0.0,0.0,0.0,0.0,0.0,0.0,0.0,0.0,0.0,0.0,0.0,0.0,0.0,0.0
0.5982239246368408,0.4132106602191925,0.3020731210708618,0.2170245349407196,0.7058915495872498,-0.08765623718500137,0.46143367886543274,0.34933000802993774,0.9297840595245361,-0.015206079930067062,0.4714905619621277,0.40754270553588867,0.9388291239738464,-0.08765462785959244,0.5522313117980957,0.4254787564277649,0.8303142786026001,-0.08575697988271713,0.8549413084983826,0.1976226568222046,-0.8537471294403132,0.3662057220935863,-0.02222582697868347,-0.2803474664688152,-0.7375106215477045,0.5885403603315416,-0.9734176099300481,-0.6140485405921992,-1.0620027780532948,0.37333855871111543,-1.5964210033416915,-1.1435709893703585,-1.1876568198204178,0.2602100372314481,-1.6276940703392222,-1.090468466281902,-1.242314279079451,0.009990856051445007,-1.51176750659944,-1.3814333826303635,3.0,3.0,3.0,3.0,3.0,3.0,3.0,3.0,3.0,3.0,3.0,3.0,3.0,3.0,3.0,3.0,3.0,3.0,3.0,3.0,0.05,0.05,0.05,0.05,0.05,0.05,0.05,0.05,0.05,0.05,0.05,0.05,0.05,0.05,0.05,0.05,0.05,0.05,0.05,0.05,0.0,0.0,0.0,0.0,0.0,0.0,0.0,0.0,0.0,0.0,0.0,0.0,0.0,0.0,0.0,0.0,0.0,0.0,0.0,0.0,0.2937151789665222,0.6006377339363098,0.42275944352149963,0.5460350513458252,0.40159347653388977,-0.047567058354616165,0.48777204751968384,0.009256693534553051,0.5664564967155457,-0.0637395828962326,0.1415329873561859,0.1053900420665741,0.5140681266784668,0.030173322185873985,0.10616178065538406,0.07325289398431778,0.43477827310562134,0.004883683752268553,0.16996315121650696,0.0022082633804529905,0.36861896514892717,0.10460615158081332,-0.015744566917419434,0.08319765329360962,0.052022188901901245,-0.059997849166394494,-0.06886497139930864,-0.029802462086082285,0.18464028835296908,0.01947060227394104,0.0795070081949234,0.05612522363662685,0.3874227404594449,0.09261625818908292,-0.11929273605346923,-0.09163171052932878,1.0383032262325398,0.18879564595408918,-0.5375206470489579,-0.016728683840483427,3.0,3.0,3.0,3.0,3.0,3.0,3.0,3.0,3.0,3.0,3.0,3.0,3.0,3.0,3.0,3.0,3.0,3.0,3.0,3.0,0.05,0.05,0.05,0.05,0.05,0.05,0.05,0.05,0.05,0.05,0.05,0.05,0.05,0.05,0.05,0.05,0.05,0.05,0.05,0.05,0.0,0.0,0.0,0.0,0.0,0.0,0.0,0.0,0.0,0.0,0.0,0.0,0.0,0.0,0.0,0.0,0.0,0.0,0.0,0.0
0.5799388885498047,0.42073553800582886,0.3020648956298828,0.21285828948020935,0.6907161474227905,-0.07546697556972504,0.4414573013782501,0.3366900086402893,0.9078431129455566,-0.007424089126288891,0.4389737844467163,0.3844866454601288,0.9143045544624329,-0.08228981494903564,0.5188297033309937,0.40342289209365845,0.8054109215736389,-0.08533033728599548,0.824478030204773,0.1698283851146698,-0.9948879480361938,0.3798358142375946,0.0250890851020813,-0.08608661592006683,-0.7783874869346619,0.6242264062166214,-1.0196492075920105,-0.6469957530498505,-1.1222243309020996,0.39587500505149364,-1.6460515558719635,-1.155564934015274,-1.2488126754760742,0.2687983214855194,-1.7037183046340942,-1.1120766401290894,-1.2444987893104553,0.025998614728450775,-1.5327677130699158,-1.393062248826027,3.0,3.0,3.0,3.0,3.0,3.0,3.0,3.0,3.0,3.0,3.0,3.0,3.0,3.0,3.0,3.0,3.0,3.0,3.0,3.0,0.05,0.05,0.05,0.05,0.05,0.05,0.05,0.05,0.05,0.05,0.05,0.05,0.05,0.05,0.05,0.05,0.05,0.05,0.05,0.05,0.0,0.0,0.0,0.0,0.0,0.0,0.0,0.0,0.0,0.0,0.0,0.0,0.0,0.0,0.0,0.0,0.0,0.0,0.0,0.0,0.301725834608078,0.6023046970367432,0.42206165194511414,0.547161877155304,0.4035998582839966,-0.04815588891506195,0.48771336674690247,0.00916407722979784,0.5714066028594971,-0.0630437582731247,0.14446131885051727,0.10736275464296341,0.523388683795929,0.0324256531894207,0.10508070886135101,0.0721990093588829,0.4567018151283264,0.009238924831151962,0.16145330667495728,0.0015406068414449692,0.40138065814971924,0.04654973745346069,-0.038632750511169434,0.04809647798538208,0.13481155037879944,0.007229670882225037,0.04473477602005005,0.01320673618465662,0.3049388527870178,0.046653300523757935,0.19685998558998108,0.13032089918851852,0.510077178478241,0.11464408598840237,-0.008033029735088348,-0.021341443061828613,1.1050492525100708,0.206179975066334,-0.3351282328367233,0.002389709698036313,3.0,3.0,3.0,3.0,3.0,3.0,3.0,3.0,3.0,3.0,3.0,3.0,3.0,3.0,3.0,3.0,3.0,3.0,3.0,3.0,0.05,0.05,0.05,0.05,0.05,0.05,0.05,0.05,0.05,0.05,0.05,0.05,0.05,0.05,0.05,0.05,0.05,0.05,0.05,0.05,0.0,0.0,0.0,0.0,0.0,0.0,0.0,0.0,0.0,0.0,0.0,0.0,0.0,0.0,0.0,0.0,0.0,0.0,0.0,0.0
0.5584284067153931,0.4284040927886963,0.30307668447494507,0.21358107030391693,0.6747560501098633,-0.06268718093633652,0.4206477105617523,0.3234501779079437,0.8848950862884521,0.0006289202719926834,0.40564849972724915,0.3613201081752777,0.8888766169548035,-0.07690269500017166,0.48408257961273193,0.3809956908226013,0.7805343270301819,-0.0847170352935791,0.7936305999755859,0.1419001668691635,-1.187966763973236,0.4099935293197632,0.09498670697212219,0.18222518265247345,-0.8119866251945496,0.6537726148962975,-1.0601826012134552,-0.6765052676200867,-1.1643916368484497,0.40123460348695517,-1.6800932586193085,-1.1586040258407593,-1.2812554836273193,0.2698991447687149,-1.7641842365264893,-1.129235327243805,-1.2365132570266724,0.03488622605800629,-1.5558689832687378,-1.402907818555832,3.0,3.0,3.0,3.0,3.0,3.0,3.0,3.0,3.0,3.0,3.0,3.0,3.0,3.0,3.0,3.0,3.0,3.0,3.0,3.0,0.05,0.05,0.05,0.05,0.05,0.05,0.05,0.05,0.05,0.05,0.05,0.05,0.05,0.05,0.05,0.05,0.05,0.05,0.05,0.05,0.0,0.0,0.0,0.0,0.0,0.0,0.0,0.0,0.0,0.0,0.0,0.0,0.0,0.0,0.0,0.0,0.0,0.0,0.0,0.0,0.309770405292511,0.6024997234344482,0.42121413350105286,0.5479589104652405,0.40698593854904175,-0.047277871519327164,0.48956143856048584,0.009784962981939316,0.5786540508270264,-0.06187345087528229,0.14940738677978516,0.11060287803411484,0.5344712138175964,0.03475908562541008,0.10584045946598053,0.07239923626184464,0.47898024320602417,0.013130882754921913,0.15655802190303802,0.002303851768374443,0.4173971712589264,-0.008077919483184814,-0.03957971930503845,0.02008378505706787,0.20450428128242493,0.06523234769701958,0.13250857591629028,0.04667902830988169,0.4081830382347107,0.06148219108581543,0.2866644412279129,0.1882879063487053,0.6047889590263367,0.11746715754270554,0.08877106010913849,0.0448005273938179,1.1440783739089966,0.19184937700629234,-0.1430518925189972,0.013079529162496328,3.0,3.0,3.0,3.0,3.0,3.0,3.0,3.0,3.0,3.0,3.0,3.0,3.0,3.0,3.0,3.0,3.0,3.0,3.0,3.0,0.05,0.05,0.05,0.05,0.05,0.05,0.05,0.05,0.05,0.05,0.05,0.05,0.05,0.05,0.05,0.05,0.05,0.05,0.05,0.05,0.0,0.0,0.0,0.0,0.0,0.0,0.0,0.0,0.0,0.0,0.0,0.0,0.0,0.0,0.0,0.0,0.0,0.0,0.0,0.0
0.5324202179908752,0.4371352791786194,0.3058643639087677,0.2201472967863083,0.6582366824150085,-0.04931607097387314,0.3990499973297119,0.30962979793548584,0.8612674474716187,0.008625295013189316,0.37177005410194397,0.3381424844264984,0.8630543351173401,-0.07149384915828705,0.4482623338699341,0.35825347900390625,0.755950391292572,-0.08393488824367523,0.7622432708740234,0.11371207237243652,-1.4900721609592438,0.41044875979423523,0.1505918800830841,0.6061036139726639,-0.8842334151268005,0.6619112566113472,-1.1043883860111237,-0.7015690207481384,-1.2507587671279907,0.4041829612106085,-1.7256155610084534,-1.1646971106529236,-1.3961687684059143,0.27559008449316025,-1.8491461873054504,-1.1568523943424225,-1.310257613658905,0.07942486554384232,-1.615680754184723,-1.2819737195968628,3.0,3.0,3.0,3.0,3.0,3.0,3.0,3.0,3.0,3.0,3.0,3.0,3.0,3.0,3.0,3.0,3.0,3.0,3.0,3.0,0.05,0.05,0.05,0.05,0.05,0.05,0.05,0.05,0.05,0.05,0.05,0.05,0.05,0.05,0.05,0.05,0.05,0.05,0.05,0.05,0.0,0.0,0.0,0.0,0.0,0.0,0.0,0.0,0.0,0.0,0.0,0.0,0.0,0.0,0.0,0.0,0.0,0.0,0.0,0.0,0.31842172145843506,0.6019815802574158,0.4204784631729126,0.5479652285575867,0.4117800295352936,-0.04554659500718117,0.4930137097835541,0.011031238362193108,0.5877339243888855,-0.06058447062969208,0.1559278964996338,0.11489427089691162,0.5475802421569824,0.03712433949112892,0.10863155126571655,0.07399103045463562,0.5024649500846863,0.016912899911403656,0.1557312309741974,0.0020637880079448223,0.45181363821029663,-0.04757046699523926,-0.04391670227050781,-0.01182258129119873,0.2685919404029846,0.11076442897319794,0.20362883806228638,0.07464135996997356,0.4940420389175415,0.07629320025444031,0.35866424441337585,0.23774169385433197,0.6934881210327148,0.126576516777277,0.1782657578587532,0.10923352092504501,1.1839091777801514,0.18871487118303776,0.04790686070919037,-0.020077635417692363,3.0,3.0,3.0,3.0,3.0,3.0,3.0,3.0,3.0,3.0,3.0,3.0,3.0,3.0,3.0,3.0,3.0,3.0,3.0,3.0,0.05,0.05,0.05,0.05,0.05,0.05,0.05,0.05,0.05,0.05,0.05,0.05,0.05,0.05,0.05,0.05,0.05,0.05,0.05,0.05,0.0,0.0,0.0,0.0,0.0,0.0,0.0,0.0,0.0,0.0,0.0,0.0,0.0,0.0,0.0,0.0,0.0,0.0,0.0,0.0
0.4988255202770233,0.4448220431804657,0.30910035967826843,0.2378252148628235,0.6393867135047913,-0.03621073067188263,0.3764721751213074,0.2953874170780182,0.8348647356033325,0.016796238720417023,0.336623877286911,0.31473222374916077,0.8330298662185669,-0.06587909162044525,0.4101167321205139,0.3347215950489044,0.7281240224838257,-0.08154004067182541,0.729003369808197,0.090621218085289,-1.861058920621872,0.5522169172763824,0.33143460750579834,0.7948052138090134,-0.9086742997169495,0.692162849009037,-1.1126168072223663,-0.7076747715473175,-1.2688353657722473,0.40212357416749,-1.7168648540973663,-1.1437036097049713,-1.4000356197357178,0.289755966514349,-1.8809787929058075,-1.1619314551353455,-1.280185580253601,0.10536573827266693,-1.7142727971076965,-0.9809689596295357,3.0,3.0,3.0,3.0,3.0,3.0,3.0,3.0,3.0,3.0,3.0,3.0,3.0,3.0,3.0,3.0,3.0,3.0,3.0,3.0,0.05,0.05,0.05,0.05,0.05,0.05,0.05,0.05,0.05,0.05,0.05,0.05,0.05,0.05,0.05,0.05,0.05,0.05,0.05,0.05,0.0,0.0,0.0,0.0,0.0,0.0,0.0,0.0,0.0,0.0,0.0,0.0,0.0,0.0,0.0,0.0,0.0,0.0,0.0,0.0,0.32784295082092285,0.6005969047546387,0.41945746541023254,0.5474860072135925,0.41772961616516113,-0.042847294360399246,0.4977065920829773,0.012770617380738258,0.598415732383728,-0.058821722865104675,0.1637539565563202,0.12011254578828812,0.562210738658905,0.03982214629650116,0.11297108978033066,0.07676857709884644,0.5263366103172302,0.020679477602243423,0.15847429633140564,0.0015007463516667485,0.47276169061660767,-0.10181516408920288,-0.05795508623123169,-0.021921098232269287,0.32099857926368713,0.16812393441796303,0.25823190808296204,0.0960368663072586,0.5669623613357544,0.1124424859881401,0.41680745780467987,0.28125494718551636,0.7531523704528809,0.15448732301592827,0.24186037480831146,0.16356315463781357,1.1731401085853577,0.20163701847195625,0.20892247557640076,0.028584233950823545,3.0,3.0,3.0,3.0,3.0,3.0,3.0,3.0,3.0,3.0,3.0,3.0,3.0,3.0,3.0,3.0,3.0,3.0,3.0,3.0,0.05,0.05,0.05,0.05,0.05,0.05,0.05,0.05,0.05,0.05,0.05,0.05,0.05,0.05,0.05,0.05,0.05,0.05,0.05,0.05,0.0,0.0,0.0,0.0,0.0,0.0,0.0,0.0,0.0,0.0,0.0,0.0,0.0,0.0,0.0,0.0,0.0,0.0,0.0,0.0
0.45797786116600037,0.4592239558696747,0.31912174820899963,0.2519395053386688,0.6218897104263306,-0.021629557013511658,0.35454532504081726,0.28132280707359314,0.8105140328407288,0.024710237979888916,0.3030954599380493,0.29239434003829956,0.8070529103279114,-0.05990361049771309,0.3730231821537018,0.31177622079849243,0.704742968082428,-0.07972025871276855,0.6936723589897156,0.0744733139872551,-2.108476310968399,0.7480747997760773,0.5264163017272949,0.7463738322257996,-0.8537411689758301,0.7195296231657267,-1.0557450354099274,-0.684606283903122,-1.179206371307373,0.4001053050160408,-1.5950433909893036,-1.0570012032985687,-1.209700107574463,0.28701238334178925,-1.8005095422267914,-1.1072315275669098,-1.0661795735359192,0.10367557406425476,-1.7925694584846497,-0.7530937902629375,3.0,3.0,3.0,3.0,3.0,3.0,3.0,3.0,3.0,3.0,3.0,3.0,3.0,3.0,3.0,3.0,3.0,3.0,3.0,3.0,0.05,0.05,0.05,0.05,0.05,0.05,0.05,0.05,0.05,0.05,0.05,0.05,0.05,0.05,0.05,0.05,0.05,0.05,0.05,0.05,0.0,0.0,0.0,0.0,0.0,0.0,0.0,0.0,0.0,0.0,0.0,0.0,0.0,0.0,0.0,0.0,0.0,0.0,0.0,0.0,0.33733218908309937,0.5979089736938477,0.41816025972366333,0.5470883846282959,0.42461997270584106,-0.038821637630462646,0.5033429861068726,0.014872713014483452,0.6104124188423157,-0.05608677119016647,0.17260019481182098,0.12614446878433228,0.5777063369750977,0.04330383241176605,0.11830596625804901,0.08053355664014816,0.5493905544281006,0.024978380650281906,0.16408812999725342,0.003207157365977764,0.4235893487930298,-0.18113255500793457,-0.04102885723114014,0.0009134411811828613,0.37991106510162354,0.2648398280143738,0.31385570764541626,0.11447584256529808,0.6565362215042114,0.18464196473360062,0.46962201595306396,0.3274286165833473,0.7934495806694031,0.22514713928103447,0.2876630052924156,0.2234470099210739,1.1319860816001892,0.2649696543812752,0.3753095865249634,0.07139483641367406,3.0,3.0,3.0,3.0,3.0,3.0,3.0,3.0,3.0,3.0,3.0,3.0,3.0,3.0,3.0,3.0,3.0,3.0,3.0,3.0,0.05,0.05,0.05,0.05,0.05,0.05,0.05,0.05,0.05,0.05,0.05,0.05,0.05,0.05,0.05,0.05,0.05,0.05,0.05,0.05,0.0,0.0,0.0,0.0,0.0,0.0,0.0,0.0,0.0,0.0,0.0,0.0,0.0,0.0,0.0,0.0,0.0,0.0,0.0,0.0
0.41448646783828735,0.4747450351715088,0.33015701174736023,0.26768016815185547,0.6052370667457581,-0.007429545745253563,0.3342423737049103,0.2680031657218933,0.7876964807510376,0.032800450921058655,0.27282214164733887,0.272452175617218,0.7846418619155884,-0.05439859628677368,0.33809635043144226,0.290432333946228,0.6854768395423889,-0.07739301770925522,0.657300591468811,0.0604974664747715,-2.211054414510727,0.7718689739704132,0.5836442112922668,0.814540684223175,-0.8537799119949341,0.6493974709883332,-0.9903021156787872,-0.6479121744632721,-1.1510908603668213,0.36633657291531563,-1.4629118144512177,-0.9518526494503021,-1.1368602514266968,0.2527201548218727,-1.703578233718872,-1.028260588645935,-0.9306207299232483,0.15209056437015533,-1.766820251941681,-0.6408507935702801,3.0,3.0,3.0,3.0,3.0,3.0,3.0,3.0,3.0,3.0,3.0,3.0,3.0,3.0,3.0,3.0,3.0,3.0,3.0,3.0,0.05,0.05,0.05,0.05,0.05,0.05,0.05,0.05,0.05,0.05,0.05,0.05,0.05,0.05,0.05,0.05,0.05,0.05,0.05,0.05,0.0,0.0,0.0,0.0,0.0,0.0,0.0,0.0,0.0,0.0,0.0,0.0,0.0,0.0,0.0,0.0,0.0,0.0,0.0,0.0,0.34478652477264404,0.5933516025543213,0.41781631112098694,0.5475225448608398,0.4329260587692261,-0.032253701239824295,0.510260820388794,0.01734965108335018,0.6246771812438965,-0.05143604427576065,0.18253883719444275,0.133209690451622,0.5939487218856812,0.04882803186774254,0.12447760999202728,0.08570645749568939,0.5716160535812378,0.03127826377749443,0.17348667979240417,0.004356539808213711,0.42114555835723877,-0.2140641212463379,-0.045568495988845825,-0.04732012748718262,0.40254220366477966,0.31092800199985504,0.33520758152008057,0.11834222823381424,0.6748825311660767,0.21482836455106735,0.46815313398838043,0.3423023968935013,0.8134618401527405,0.24225208908319473,0.32209567725658417,0.274433009326458,1.0707378387451172,0.2945663407444954,0.5123104900121689,0.06366604939103127,3.0,3.0,3.0,3.0,3.0,3.0,3.0,3.0,3.0,3.0,3.0,3.0,3.0,3.0,3.0,3.0,3.0,3.0,3.0,3.0,0.05,0.05,0.05,0.05,0.05,0.05,0.05,0.05,0.05,0.05,0.05,0.05,0.05,0.05,0.05,0.05,0.05,0.05,0.05,0.05,0.0,0.0,0.0,0.0,0.0,0.0,0.0,0.0,0.0,0.0,0.0,0.0,0.0,0.0,0.0,0.0,0.0,0.0,0.0,0.0
0.3695356845855713,0.4900987148284912,0.3424675166606903,0.2845211327075958,0.5877385139465332,0.004346341826021671,0.31493324041366577,0.25540632009506226,0.7644703984260559,0.03936370089650154,0.2445789873600006,0.2543202340602875,0.7615785002708435,-0.04979480430483818,0.3048800528049469,0.27064579725265503,0.667518138885498,-0.07363663613796234,0.6229995489120483,0.04883928224444389,-2.1053530275821686,0.7862746715545654,0.6208315491676331,0.7891781628131866,-0.8129507303237915,0.5923979450017214,-0.8946500718593597,-0.5890253931283951,-1.091359555721283,0.29690247029066086,-1.299901306629181,-0.8269082754850388,-1.0616868734359741,0.15743626281619072,-1.5508808195590973,-0.9146846830844879,-0.8131533861160278,0.059457309544086456,-1.6156896948814392,-0.5197702907025814,3.0,3.0,3.0,3.0,3.0,3.0,3.0,3.0,3.0,3.0,3.0,3.0,3.0,3.0,3.0,3.0,3.0,3.0,3.0,3.0,0.05,0.05,0.05,0.05,0.05,0.05,0.05,0.05,0.05,0.05,0.05,0.05,0.05,0.05,0.05,0.05,0.05,0.05,0.05,0.05,0.0,0.0,0.0,0.0,0.0,0.0,0.0,0.0,0.0,0.0,0.0,0.0,0.0,0.0,0.0,0.0,0.0,0.0,0.0,0.0,0.3541780114173889,0.5893464088439941,0.4163375198841095,0.5451955795288086,0.44072166085243225,-0.026384517550468445,0.5167512893676758,0.01960640214383602,0.6374077200889587,-0.04749363660812378,0.1913263201713562,0.13983656466007233,0.6102448105812073,0.05299391597509384,0.13118979334831238,0.09151087701320648,0.5922200679779053,0.03676103428006172,0.18458054959774017,0.005753799341619015,0.48759132623672485,-0.2147197723388672,-0.07160380482673645,-0.14020055532455444,0.41562318801879883,0.2850794233381748,0.3292292356491089,0.11359541676938534,0.647127628326416,0.20688045769929886,0.43837912380695343,0.34171268343925476,0.7883116602897644,0.2341357059776783,0.3391984850168228,0.31779780983924866,0.949542224407196,0.3380044363439083,0.6020177155733109,0.08570195641368628,3.0,3.0,3.0,3.0,3.0,3.0,3.0,3.0,3.0,3.0,3.0,3.0,3.0,3.0,3.0,3.0,3.0,3.0,3.0,3.0,0.05,0.05,0.05,0.05,0.05,0.05,0.05,0.05,0.05,0.05,0.05,0.05,0.05,0.05,0.05,0.05,0.05,0.05,0.05,0.05,0.0,0.0,0.0,0.0,0.0,0.0,0.0,0.0,0.0,0.0,0.0,0.0,0.0,0.0,0.0,0.0,0.0,0.0,0.0,0.0
0.3302723467350006,0.5061960220336914,0.35499027371406555,0.29924729466438293,0.5727190375328064,0.016266372054815292,0.2984563708305359,0.2444421499967575,0.7440420985221863,0.04467654973268509,0.22082608938217163,0.23937584459781647,0.7421743869781494,-0.04810114577412605,0.27606111764907837,0.2538449466228485,0.6529507040977478,-0.07501472532749176,0.5926730036735535,0.03970665484666824,-1.8024951219558716,0.7320389151573181,0.5777589976787567,0.6648555397987366,-0.7332861423492432,0.5443918285891414,-0.7869243621826172,-0.524275004863739,-0.9926185011863708,0.23730741813778877,-1.1138718575239182,-0.6900683045387268,-0.9329810738563538,0.07236925885081291,-1.3645090162754059,-0.7814381271600723,-0.6666034460067749,-0.03522820770740509,-1.426580548286438,-0.417096633464098,3.0,3.0,3.0,3.0,3.0,3.0,3.0,3.0,3.0,3.0,3.0,3.0,3.0,3.0,3.0,3.0,3.0,3.0,3.0,3.0,0.05,0.05,0.05,0.05,0.05,0.05,0.05,0.05,0.05,0.05,0.05,0.05,0.05,0.05,0.05,0.05,0.05,0.05,0.05,0.05,0.0,0.0,0.0,0.0,0.0,0.0,0.0,0.0,0.0,0.0,0.0,0.0,0.0,0.0,0.0,0.0,0.0,0.0,0.0,0.0,0.36429017782211304,0.5847628116607666,0.4149521589279175,0.5419145226478577,0.449550986289978,-0.020850524306297302,0.5234299898147583,0.021893467754125595,0.6505622863769531,-0.043160825967788696,0.2000740021467209,0.1468781977891922,0.6254811882972717,0.05819346010684967,0.1380455493927002,0.09841836988925934,0.6095977425575256,0.04479844123125076,0.1975673884153366,0.007784618064761162,0.4913903772830963,-0.2948835492134094,-0.07687881588935852,-0.1745671033859253,0.44860392808914185,0.3307462902739644,0.3235146403312683,0.10901684872806072,0.645872950553894,0.23842556402087212,0.4085823893547058,0.3898393362760544,0.7335662841796875,0.2661874517798424,0.3496527671813965,0.44307857751846313,0.7405847311019897,0.4024994559586048,0.8241716772317886,0.15145770739763975,3.0,3.0,3.0,3.0,3.0,3.0,3.0,3.0,3.0,3.0,3.0,3.0,3.0,3.0,3.0,3.0,3.0,3.0,3.0,3.0,0.05,0.05,0.05,0.05,0.05,0.05,0.05,0.05,0.05,0.05,0.05,0.05,0.05,0.05,0.05,0.05,0.05,0.05,0.05,0.05,0.0,0.0,0.0,0.0,0.0,0.0,0.0,0.0,0.0,0.0,0.0,0.0,0.0,0.0,0.0,0.0,0.0,0.0,0.0,0.0
0.2974358797073364,0.5193802714347839,0.3655778765678406,0.3111153542995453,0.5584070682525635,0.026122014969587326,0.2834562659263611,0.2344353199005127,0.7247656583786011,0.04885599762201309,0.20002411305904388,0.2267175018787384,0.7242592573165894,-0.046900033950805664,0.25029969215393066,0.23938827216625214,0.640854001045227,-0.07504576444625854,0.5659363269805908,0.032155416905879974,-1.523737609386444,0.6237909197807312,0.43959543108940125,0.5094423890113831,-0.6602942943572998,0.5219236016273499,-0.7324159145355225,-0.5116965621709824,-0.9143590927124023,0.2656625583767891,-0.972256064414978,-0.5800388753414154,-0.8033990859985352,0.13062823563814163,-1.2621626257896423,-0.6749309599399567,-0.4932314157485962,0.08432380855083466,-1.396678388118744,-0.3454845864325762,3.0,3.0,3.0,3.0,3.0,3.0,3.0,3.0,3.0,3.0,3.0,3.0,3.0,3.0,3.0,3.0,3.0,3.0,3.0,3.0,0.05,0.05,0.05,0.05,0.05,0.05,0.05,0.05,0.05,0.05,0.05,0.05,0.05,0.05,0.05,0.05,0.05,0.05,0.05,0.05,0.0,0.0,0.0,0.0,0.0,0.0,0.0,0.0,0.0,0.0,0.0,0.0,0.0,0.0,0.0,0.0,0.0,0.0,0.0,0.0,0.37383362650871277,0.5775510668754578,0.41326236724853516,0.5382128953933716,0.4586658179759979,-0.013154665939509869,0.5296918749809265,0.02396707609295845,0.6632426381111145,-0.037956614047288895,0.20766961574554443,0.1554301381111145,0.6395874619483948,0.06364141404628754,0.14517590403556824,0.10923402011394501,0.6218434572219849,0.052861012518405914,0.21754741668701172,0.011812107637524605,0.5101151764392853,-0.28975605964660645,-0.12977421283721924,-0.19440650939941406,0.4310779273509979,0.318187871016562,0.2974867820739746,0.10719383135437965,0.6353110074996948,0.21320395171642303,0.3825191408395767,0.4242837429046631,0.7016018033027649,0.21675769239664078,0.3673873841762543,0.5388908088207245,0.6258249282836914,0.31927283853292465,1.0082416236400604,0.21518627181649208,3.0,3.0,3.0,3.0,3.0,3.0,3.0,3.0,3.0,3.0,3.0,3.0,3.0,3.0,3.0,3.0,3.0,3.0,3.0,3.0,0.05,0.05,0.05,0.05,0.05,0.05,0.05,0.05,0.05,0.05,0.05,0.05,0.05,0.05,0.05,0.05,0.05,0.05,0.05,0.05,0.0,0.0,0.0,0.0,0.0,0.0,0.0,0.0,0.0,0.0,0.0,0.0,0.0,0.0,0.0,0.0,0.0,0.0,0.0,0.0
0.26932284235954285,0.5311476588249207,0.3725740909576416,0.31962499022483826,0.5463072657585144,0.037143316119909286,0.269159734249115,0.2239742875099182,0.7074677348136902,0.05530305206775665,0.1819358468055725,0.21617428958415985,0.710038423538208,-0.04287601634860039,0.22557461261749268,0.22684770822525024,0.633221447467804,-0.07164177298545837,0.5368058681488037,0.025887271389365196,-1.2710556387901306,0.562363862991333,0.31300634145736694,0.4146888852119446,-0.5898132920265198,0.5116071552038193,-0.7033362984657288,-0.5172666162252426,-0.8890524506568909,0.2950218506157398,-0.8970770984888077,-0.5163747817277908,-0.7150068879127502,0.15828348696231842,-1.2051105499267578,-0.5859449505805969,-0.38654953241348267,0.12676510959863663,-1.4419838786125183,-0.25534210726618767,3.0,3.0,3.0,3.0,3.0,3.0,3.0,3.0,3.0,3.0,3.0,3.0,3.0,3.0,3.0,3.0,3.0,3.0,3.0,3.0,0.05,0.05,0.05,0.05,0.05,0.05,0.05,0.05,0.05,0.05,0.05,0.05,0.05,0.05,0.05,0.05,0.05,0.05,0.05,0.05,0.0,0.0,0.0,0.0,0.0,0.0,0.0,0.0,0.0,0.0,0.0,0.0,0.0,0.0,0.0,0.0,0.0,0.0,0.0,0.0,0.38469478487968445,0.5731725692749023,0.4097611904144287,0.5341382622718811,0.46679410338401794,-0.008123009465634823,0.5353294610977173,0.02618122100830078,0.6759747266769409,-0.034632667899131775,0.21537476778030396,0.16384954750537872,0.6535452604293823,0.0668637678027153,0.15274104475975037,0.11997400224208832,0.6346307396888733,0.05756935477256775,0.23789705336093903,0.016392068937420845,0.6268680095672607,-0.10323077440261841,-0.23362115025520325,-0.26691555976867676,0.37832334637641907,0.16899504698812962,0.24736374616622925,0.10482082143425941,0.545695424079895,0.17940858379006386,0.3426656126976013,0.4034273326396942,0.6197705864906311,0.24176277220249176,0.3433600068092346,0.519205629825592,0.5234986543655396,0.44192299246788025,0.9749561548233032,0.2260168083012104,3.0,3.0,3.0,3.0,3.0,3.0,3.0,3.0,3.0,3.0,3.0,3.0,3.0,3.0,3.0,3.0,3.0,3.0,3.0,3.0,0.05,0.05,0.05,0.05,0.05,0.05,0.05,0.05,0.05,0.05,0.05,0.05,0.05,0.05,0.05,0.05,0.05,0.05,0.05,0.05,0.0,0.0,0.0,0.0,0.0,0.0,0.0,0.0,0.0,0.0,0.0,0.0,0.0,0.0,0.0,0.0,0.0,0.0,0.0,0.0
0.2465936541557312,0.5418748259544373,0.37809813022613525,0.32770290970802307,0.5348145365715027,0.0465863011777401,0.25532281398773193,0.213744655251503,0.6892035603523254,0.060656871646642685,0.16414102911949158,0.20606251060962677,0.6956589818000793,-0.04056869447231293,0.20209527015686035,0.21595047414302826,0.6253920197486877,-0.06997516006231308,0.5082569718360901,0.021941732615232468,-0.9850043803453445,0.46017616987228394,0.28229281306266785,0.38159415125846863,-0.5439683794975281,0.4236246459186077,-0.6438422948122025,-0.47403909265995026,-0.8307576179504395,0.2354716882109642,-0.8107800036668777,-0.46197399497032166,-0.6596639752388,0.10439334437251091,-1.0744858533143997,-0.49182213842868805,-0.3370016813278198,0.1162918284535408,-1.3057947158813477,-0.198336411267519,3.0,3.0,3.0,3.0,3.0,3.0,3.0,3.0,3.0,3.0,3.0,3.0,3.0,3.0,3.0,3.0,3.0,3.0,3.0,3.0,0.05,0.05,0.05,0.05,0.05,0.05,0.05,0.05,0.05,0.05,0.05,0.05,0.05,0.05,0.05,0.05,0.05,0.05,0.05,0.05,0.0,0.0,0.0,0.0,0.0,0.0,0.0,0.0,0.0,0.0,0.0,0.0,0.0,0.0,0.0,0.0,0.0,0.0,0.0,0.0,0.3989083468914032,0.573421835899353,0.403917521238327,0.5275362730026245,0.4737987518310547,-0.006394864059984684,0.5395864248275757,0.028159908950328827,0.6850704550743103,-0.03078027069568634,0.2213762402534485,0.17156723141670227,0.66437828540802,0.07331192493438721,0.15891030430793762,0.1300022453069687,0.6427834033966064,0.07053793221712112,0.25654566287994385,0.02085277996957302,0.6095908582210541,-0.08340179920196533,-0.22347792983055115,-0.27312636375427246,0.37247762084007263,0.1465513720177114,0.23453384637832642,0.1368020661175251,0.49860626459121704,0.17335005104541779,0.3355048596858978,0.42653679847717285,0.5711153149604797,0.24489909410476685,0.3544367849826813,0.5582645535469055,0.3773987293243408,0.5148237571120262,1.0315131396055222,0.2891246695071459,3.0,3.0,3.0,3.0,3.0,3.0,3.0,3.0,3.0,3.0,3.0,3.0,3.0,3.0,3.0,3.0,3.0,3.0,3.0,3.0,0.05,0.05,0.05,0.05,0.05,0.05,0.05,0.05,0.05,0.05,0.05,0.05,0.05,0.05,0.05,0.05,0.05,0.05,0.05,0.05,0.0,0.0,0.0,0.0,0.0,0.0,0.0,0.0,0.0,0.0,0.0,0.0,0.0,0.0,0.0,0.0,0.0,0.0,0.0,0.0
0.22992266714572906,0.549554705619812,0.3838658034801483,0.334888756275177,0.5245485305786133,0.054088301956653595,0.2434060424566269,0.2050127238035202,0.6742374300956726,0.06472191959619522,0.1495046466588974,0.19769532978534698,0.683651864528656,-0.03870028257369995,0.1825951784849167,0.20717482268810272,0.6197413802146912,-0.06699009984731674,0.4845740795135498,0.017953814938664436,-0.613001361489296,0.2723872661590576,0.20854100584983826,0.2958759665489197,-0.42435377836227417,0.31027477234601974,-0.5309689790010452,-0.3978777676820755,-0.6394937634468079,0.16964608803391457,-0.636594370007515,-0.365370512008667,-0.4955962300300598,0.08748052641749382,-0.868050754070282,-0.36836452782154083,-0.17385780811309814,0.16738418489694595,-1.079423725605011,-0.1847273437306285,3.0,3.0,3.0,3.0,3.0,3.0,3.0,3.0,3.0,3.0,3.0,3.0,3.0,3.0,3.0,3.0,3.0,3.0,3.0,3.0,0.05,0.05,0.05,0.05,0.05,0.05,0.05,0.05,0.05,0.05,0.05,0.05,0.05,0.05,0.05,0.05,0.05,0.05,0.05,0.05,0.0,0.0,0.0,0.0,0.0,0.0,0.0,0.0,0.0,0.0,0.0,0.0,0.0,0.0,0.0,0.0,0.0,0.0,0.0,0.0,0.4090784192085266,0.5698364973068237,0.40082207322120667,0.5232132077217102,0.48169320821762085,-0.002260954584926367,0.5447108149528503,0.031653303653001785,0.6959189772605896,-0.027698665857315063,0.22879496216773987,0.18091101944446564,0.6763898730278015,0.07665973156690598,0.16691851615905762,0.14230458438396454,0.6497266888618469,0.0781623050570488,0.2791575789451599,0.02795705571770668,0.34511610865592957,-0.19656121730804443,-0.0969134271144867,-0.16925930976867676,0.38295313715934753,0.21285320399329066,0.2462252974510193,0.1726473681628704,0.5590736865997314,0.13609016314148903,0.3551732748746872,0.44290050864219666,0.6045535206794739,0.1256575807929039,0.3979142755270004,0.5968540906906128,0.3960058093070984,0.2755936235189438,1.129816472530365,0.3655006643384695,3.0,3.0,3.0,3.0,3.0,3.0,3.0,3.0,3.0,3.0,3.0,3.0,3.0,3.0,3.0,3.0,3.0,3.0,3.0,3.0,0.05,0.05,0.05,0.05,0.05,0.05,0.05,0.05,0.05,0.05,0.05,0.05,0.05,0.05,0.05,0.05,0.05,0.05,0.05,0.05,0.0,0.0,0.0,0.0,0.0,0.0,0.0,0.0,0.0,0.0,0.0,0.0,0.0,0.0,0.0,0.0,0.0,0.0,0.0,0.0
0.22207359969615936,0.5527703166007996,0.3864397704601288,0.33953794836997986,0.5178403854370117,0.05899729207158089,0.23408405482769012,0.19782954454421997,0.6636238098144531,0.06744271516799927,0.13867725431919098,0.1914476901292801,0.675835132598877,-0.037069473415613174,0.16737323999404907,0.20121589303016663,0.6184377074241638,-0.06327979266643524,0.46508002281188965,0.014552638866007328,-0.14353543519973755,0.07798373699188232,0.07189139723777771,0.18036440014839172,-0.22801905870437622,0.1653670333325863,-0.39902031421661377,-0.3176022320985794,-0.40667057037353516,0.10265186429023743,-0.4423968493938446,-0.24788714945316315,-0.2502650022506714,0.06591007113456726,-0.643453374505043,-0.2017822116613388,0.04462003707885742,0.170255359262228,-0.8858554065227509,-0.15376894734799862,3.0,3.0,3.0,3.0,3.0,3.0,3.0,3.0,3.0,3.0,3.0,3.0,3.0,3.0,3.0,3.0,3.0,3.0,3.0,3.0,0.05,0.05,0.05,0.05,0.05,0.05,0.05,0.05,0.05,0.05,0.05,0.05,0.05,0.05,0.05,0.05,0.05,0.05,0.05,0.05,0.0,0.0,0.0,0.0,0.0,0.0,0.0,0.0,0.0,0.0,0.0,0.0,0.0,0.0,0.0,0.0,0.0,0.0,0.0,0.0,0.4127129912376404,0.5655593872070312,0.40004098415374756,0.5207659006118774,0.4891168773174286,0.0021192640997469425,0.5494354367256165,0.03506580367684364,0.7074334025382996,-0.02533666417002678,0.23558317124843597,0.18928325176239014,0.688560426235199,0.07833822816610336,0.17482687532901764,0.1538764089345932,0.6586236357688904,0.08156167715787888,0.30173832178115845,0.0354728065431118,0.10392442345619202,-0.15126466751098633,-0.02864450216293335,-0.10691732168197632,0.33034011721611023,0.19889186369255185,0.19983798265457153,0.15242062509059906,0.5321413278579712,0.1193605363368988,0.2824634313583374,0.37365294992923737,0.5453228950500488,0.08667707443237305,0.3402046859264374,0.5334418267011642,0.3603234887123108,0.18185731023550034,1.0458007454872131,0.34286342561244965,3.0,3.0,3.0,3.0,3.0,3.0,3.0,3.0,3.0,3.0,3.0,3.0,3.0,3.0,3.0,3.0,3.0,3.0,3.0,3.0,0.05,0.05,0.05,0.05,0.05,0.05,0.05,0.05,0.05,0.05,0.05,0.05,0.05,0.05,0.05,0.05,0.05,0.05,0.05,0.05,0.0,0.0,0.0,0.0,0.0,0.0,0.0,0.0,0.0,0.0,0.0,0.0,0.0,0.0,0.0,0.0,0.0,0.0,0.0,0.0
0.22418124973773956,0.5526740550994873,0.3867414593696594,0.34210333228111267,0.5154277682304382,0.060702983289957047,0.22744522988796234,0.19230863451957703,0.6579706072807312,0.06882799416780472,0.13180877268314362,0.18777984380722046,0.6736412644386292,-0.03606387972831726,0.15685704350471497,0.19910353422164917,0.6215261816978455,-0.06017988547682762,0.44913986325263977,0.011803057044744492,0.3346160054206848,-0.08236020803451538,-0.06380677223205566,-0.00020191073417663574,-0.014632940292358398,0.028284825384616852,-0.2501733601093292,-0.22145770490169525,-0.14268159866333008,0.06660036742687225,-0.2314481884241104,-0.11123046278953552,0.02030283212661743,0.06963154301047325,-0.40199868381023407,-0.023452192544937134,0.2683475613594055,0.2041781321167946,-0.6752088665962219,-0.09977489244192839,3.0,3.0,3.0,3.0,3.0,3.0,3.0,3.0,3.0,3.0,3.0,3.0,3.0,3.0,3.0,3.0,3.0,3.0,3.0,3.0,0.05,0.05,0.05,0.05,0.05,0.05,0.05,0.05,0.05,0.05,0.05,0.05,0.05,0.05,0.05,0.05,0.05,0.05,0.05,0.05,0.0,0.0,0.0,0.0,0.0,0.0,0.0,0.0,0.0,0.0,0.0,0.0,0.0,0.0,0.0,0.0,0.0,0.0,0.0,0.0,0.4132353961467743,0.5637859106063843,0.39967629313468933,0.5189365148544312,0.49490681290626526,0.005694719962775707,0.5527043342590332,0.03775012865662575,0.7172046303749084,-0.02292424440383911,0.24009349942207336,0.19585713744163513,0.6982027888298035,0.0801268145442009,0.1805267035961151,0.1636422574520111,0.6641396284103394,0.08543659746646881,0.32098960876464844,0.041671592742204666,0.0032216310501098633,-0.12228190898895264,0.007259845733642578,-0.12791156768798828,0.24292021989822388,0.14787284890189767,0.13941079378128052,0.1286291517317295,0.44136345386505127,0.07234765216708183,0.19783228635787964,0.3066152334213257,0.4133149981498718,0.021502003073692322,0.24814680218696594,0.46027563512325287,0.2187684178352356,0.07564034312963486,0.9008236229419708,0.2894285134971142,3.0,3.0,3.0,3.0,3.0,3.0,3.0,3.0,3.0,3.0,3.0,3.0,3.0,3.0,3.0,3.0,3.0,3.0,3.0,3.0,0.05,0.05,0.05,0.05,0.05,0.05,0.05,0.05,0.05,0.05,0.05,0.05,0.05,0.05,0.05,0.05,0.05,0.05,0.05,0.05,0.0,0.0,0.0,0.0,0.0,0.0,0.0,0.0,0.0,0.0,0.0,0.0,0.0,0.0,0.0,0.0,0.0,0.0,0.0,0.0
0.23545823991298676,0.549475908279419,0.38388749957084656,0.3395298719406128,0.5172550678253174,0.06012868508696556,0.22407712042331696,0.18897123634815216,0.6579165458679199,0.07010672986507416,0.12941932678222656,0.18699847161769867,0.6766472458839417,-0.034284211695194244,0.1512932926416397,0.20027780532836914,0.62917160987854,-0.05511266738176346,0.43807166814804077,0.010561643168330193,0.6954457610845566,-0.21279007196426392,-0.1667425036430359,-0.17356351017951965,0.1446843147277832,-0.07524676620960236,-0.12085326015949249,-0.1268189400434494,0.06020069122314453,0.030057691037654877,-0.06804093718528748,0.005767494440078735,0.20893216133117676,0.07008574903011322,-0.2031143754720688,0.12722648680210114,0.43253302574157715,0.2289281226694584,-0.46357885003089905,-0.022749300114810467,3.0,3.0,3.0,3.0,3.0,3.0,3.0,3.0,3.0,3.0,3.0,3.0,3.0,3.0,3.0,3.0,3.0,3.0,3.0,3.0,0.05,0.05,0.05,0.05,0.05,0.05,0.05,0.05,0.05,0.05,0.05,0.05,0.05,0.05,0.05,0.05,0.05,0.05,0.05,0.05,0.0,0.0,0.0,0.0,0.0,0.0,0.0,0.0,0.0,0.0,0.0,0.0,0.0,0.0,0.0,0.0,0.0,0.0,0.0,0.0,0.4128418564796448,0.5606681108474731,0.40033137798309326,0.5156494379043579,0.49883368611335754,0.00803417805582285,0.5550118684768677,0.040210969746112823,0.7250879406929016,-0.022442758083343506,0.24349646270275116,0.20154786109924316,0.7050930261611938,0.07919830828905106,0.18475274741649628,0.17228743433952332,0.6673743724822998,0.08458729088306427,0.3377712666988373,0.04704994708299637,-0.05790591239929199,-0.08597671985626221,0.014156848192214966,-0.1413092017173767,0.18530264496803284,0.06634234450757504,0.10342150926589966,0.11926712468266487,0.36058276891708374,0.008763093501329422,0.15018172562122345,0.2655860036611557,0.3216490149497986,-0.0458255410194397,0.196085125207901,0.4113342612981796,0.12021362781524658,-0.016807951033115387,0.7843032479286194,0.25138650089502335,3.0,3.0,3.0,3.0,3.0,3.0,3.0,3.0,3.0,3.0,3.0,3.0,3.0,3.0,3.0,3.0,3.0,3.0,3.0,3.0,0.05,0.05,0.05,0.05,0.05,0.05,0.05,0.05,0.05,0.05,0.05,0.05,0.05,0.05,0.05,0.05,0.05,0.05,0.05,0.05,0.0,0.0,0.0,0.0,0.0,0.0,0.0,0.0,0.0,0.0,0.0,0.0,0.0,0.0,0.0,0.0,0.0,0.0,0.0,0.0
0.2519990801811218,0.5441624522209167,0.380071759223938,0.3351607918739319,0.5212151408195496,0.05769311264157295,0.22261109948158264,0.18723587691783905,0.660378634929657,0.07003030180931091,0.12908713519573212,0.1880105435848236,0.6819985508918762,-0.03326044976711273,0.14873246848583221,0.20419259369373322,0.6388275027275085,-0.051022760570049286,0.4305967092514038,0.010893085040152073,0.8957851678133011,-0.26863664388656616,-0.2138681709766388,-0.2860836684703827,0.2353370189666748,-0.15666121616959572,-0.026922300457954407,-0.04892311990261078,0.18759965896606445,-0.016049668192863464,0.04189535975456238,0.09107552468776703,0.33151060342788696,0.04806779325008392,-0.04972033202648163,0.24346783757209778,0.5154743790626526,0.20808512344956398,-0.28578639030456543,0.05560293793678284,3.0,3.0,3.0,3.0,3.0,3.0,3.0,3.0,3.0,3.0,3.0,3.0,3.0,3.0,3.0,3.0,3.0,3.0,3.0,3.0,0.05,0.05,0.05,0.05,0.05,0.05,0.05,0.05,0.05,0.05,0.05,0.05,0.05,0.05,0.05,0.05,0.05,0.05,0.05,0.05,0.0,0.0,0.0,0.0,0.0,0.0,0.0,0.0,0.0,0.0,0.0,0.0,0.0,0.0,0.0,0.0,0.0,0.0,0.0,0.0,0.4109191596508026,0.5603468418121338,0.40024256706237793,0.5132841467857361,0.5023189187049866,0.008348413743078709,0.5568411946296692,0.04252081364393234,0.7316279411315918,-0.022573720663785934,0.2461007684469223,0.20648057758808136,0.7110687494277954,0.07829379290342331,0.18837010860443115,0.1800956279039383,0.6689481735229492,0.0847642794251442,0.3523617386817932,0.0517270527780056,-0.14478042721748352,-0.005647540092468262,0.035644322633743286,-0.14705806970596313,0.11925622820854187,0.007185013964772224,0.05592256784439087,0.1051194965839386,0.26706457138061523,-0.019819149747490883,0.0932052731513977,0.22513940930366516,0.23886263370513916,-0.06398241966962814,0.1467432826757431,0.3705613315105438,0.037066638469696045,-0.02475101500749588,0.6919398903846741,0.2198280766606331,3.0,3.0,3.0,3.0,3.0,3.0,3.0,3.0,3.0,3.0,3.0,3.0,3.0,3.0,3.0,3.0,3.0,3.0,3.0,3.0,0.05,0.05,0.05,0.05,0.05,0.05,0.05,0.05,0.05,0.05,0.05,0.05,0.05,0.05,0.05,0.05,0.05,0.05,0.05,0.05,0.0,0.0,0.0,0.0,0.0,0.0,0.0,0.0,0.0,0.0,0.0,0.0,0.0,0.0,0.0,0.0,0.0,0.0,0.0,0.0
0.2712896466255188,0.5387304425239563,0.375332772731781,0.3280865252017975,0.5266685485839844,0.05386223644018173,0.22300022840499878,0.18701431155204773,0.6654205322265625,0.06946474313735962,0.13109514117240906,0.19064149260520935,0.6899076700210571,-0.03236149996519089,0.14930447936058044,0.21001651883125305,0.6497905850410461,-0.0467892624437809,0.42664021253585815,0.012785760685801506,1.018071174621582,-0.28075873851776123,-0.24439692497253418,-0.3951907157897949,0.30292123556137085,-0.22253608331084251,0.06866008043289185,0.028908997774124146,0.31345486640930176,-0.04632193595170975,0.1630883663892746,0.175485759973526,0.4481002688407898,0.03754300996661186,0.10477975010871887,0.3374256193637848,0.5823791027069092,0.20506596192717552,-0.10560080409049988,0.14070530887693167,3.0,3.0,3.0,3.0,3.0,3.0,3.0,3.0,3.0,3.0,3.0,3.0,3.0,3.0,3.0,3.0,3.0,3.0,3.0,3.0,0.05,0.05,0.05,0.05,0.05,0.05,0.05,0.05,0.05,0.05,0.05,0.05,0.05,0.05,0.05,0.05,0.05,0.05,0.05,0.05,0.0,0.0,0.0,0.0,0.0,0.0,0.0,0.0,0.0,0.0,0.0,0.0,0.0,0.0,0.0,0.0,0.0,0.0,0.0,0.0,0.40705063939094543,0.5604422092437744,0.401757150888443,0.5097671151161194,0.5036039352416992,0.008321578614413738,0.5572487711906433,0.04441574960947037,0.7357705235481262,-0.02323552407324314,0.24722467362880707,0.21055343747138977,0.7146475315093994,0.07663901150226593,0.190622478723526,0.18710988759994507,0.6688570380210876,0.08359725028276443,0.36544886231422424,0.05584307014942169,-0.20828992128372192,0.03640502691268921,0.061240047216415405,-0.13625025749206543,0.059726834297180176,-0.013959954958409071,0.015316903591156006,0.0893409363925457,0.1791536808013916,-0.032889749854803085,0.0420641154050827,0.1847580075263977,0.1545920968055725,-0.0744825229048729,0.09507313370704651,0.32263919711112976,-0.038948655128479004,-0.04616919904947281,0.5912631750106812,0.1827533356845379,3.0,3.0,3.0,3.0,3.0,3.0,3.0,3.0,3.0,3.0,3.0,3.0,3.0,3.0,3.0,3.0,3.0,3.0,3.0,3.0,0.05,0.05,0.05,0.05,0.05,0.05,0.05,0.05,0.05,0.05,0.05,0.05,0.05,0.05,0.05,0.05,0.05,0.05,0.05,0.05,0.0,0.0,0.0,0.0,0.0,0.0,0.0,0.0,0.0,0.0,0.0,0.0,0.0,0.0,0.0,0.0,0.0,0.0,0.0,0.0
0.2927219271659851,0.5329321026802063,0.3702958822250366,0.3193531632423401,0.5333319902420044,0.04879166930913925,0.22535750269889832,0.18839223682880402,0.672916829586029,0.06817742437124252,0.1356106698513031,0.19502997398376465,0.6999225616455078,-0.03175872936844826,0.15292365849018097,0.2176896184682846,0.6621226668357849,-0.042820122092962265,0.4263726770877838,0.01652129739522934,1.1015824973583221,-0.2974271774291992,-0.24996697902679443,-0.4542246460914612,0.3571927547454834,-0.28200577944517136,0.1686982810497284,0.1102101057767868,0.4311174154281616,-0.08690766990184784,0.29172711074352264,0.2673983573913574,0.5460754036903381,0.013528391718864441,0.257304310798645,0.4308469593524933,0.6447508931159973,0.18016016110777855,0.08254945278167725,0.23924438282847404,3.0,3.0,3.0,3.0,3.0,3.0,3.0,3.0,3.0,3.0,3.0,3.0,3.0,3.0,3.0,3.0,3.0,3.0,3.0,3.0,0.05,0.05,0.05,0.05,0.05,0.05,0.05,0.05,0.05,0.05,0.05,0.05,0.05,0.05,0.05,0.05,0.05,0.05,0.05,0.05,0.0,0.0,0.0,0.0,0.0,0.0,0.0,0.0,0.0,0.0,0.0,0.0,0.0,0.0,0.0,0.0,0.0,0.0,0.0,0.0,0.40258756279945374,0.5618030428886414,0.40269216895103455,0.5078341364860535,0.5047079920768738,0.007790015544742346,0.5574538707733154,0.04609445109963417,0.7387940883636475,-0.023889310657978058,0.2477833330631256,0.21387089788913727,0.7172524333000183,0.0753144919872284,0.192173033952713,0.19300119578838348,0.6673902273178101,0.08291751146316528,0.37601226568222046,0.059037186205387115,-0.27528926730155945,0.13129115104675293,0.09080246090888977,-0.11758655309677124,0.010663270950317383,-0.05174546968191862,-0.025415420532226562,0.07647424936294556,0.09143650531768799,-0.04305662587285042,-0.01566074788570404,0.1445092260837555,0.07718950510025024,-0.0705646350979805,0.03888420760631561,0.2786625176668167,-0.14186054468154907,-0.033653341233730316,0.4914499819278717,0.13668816536664963,3.0,3.0,3.0,3.0,3.0,3.0,3.0,3.0,3.0,3.0,3.0,3.0,3.0,3.0,3.0,3.0,3.0,3.0,3.0,3.0,0.05,0.05,0.05,0.05,0.05,0.05,0.05,0.05,0.05,0.05,0.05,0.05,0.05,0.05,0.05,0.05,0.05,0.05,0.05,0.05,0.0,0.0,0.0,0.0,0.0,0.0,0.0,0.0,0.0,0.0,0.0,0.0,0.0,0.0,0.0,0.0,0.0,0.0,0.0,0.0
0.3153529465198517,0.5268333554267883,0.36533409357070923,0.30991753935813904,0.5409562587738037,0.04258200526237488,0.22974815964698792,0.1914227157831192,0.682665228843689,0.0659884363412857,0.14276422560214996,0.20133742690086365,0.7117506861686707,-0.03182036429643631,0.15959665179252625,0.22725039720535278,0.675580620765686,-0.03958285599946976,0.42994219064712524,0.022355535998940468,1.1229045689105988,-0.28202831745147705,-0.24667754769325256,-0.48651695251464844,0.4079669713973999,-0.3260534256696701,0.26517175137996674,0.18493123352527618,0.536637008190155,-0.12075304985046387,0.4162132740020752,0.35377107560634613,0.6240829825401306,-0.012587755918502808,0.39652884006500244,0.5089785903692245,0.7096260786056519,0.15912717208266258,0.2668842673301697,0.33527822233736515,3.0,3.0,3.0,3.0,3.0,3.0,3.0,3.0,3.0,3.0,3.0,3.0,3.0,3.0,3.0,3.0,3.0,3.0,3.0,3.0,0.05,0.05,0.05,0.05,0.05,0.05,0.05,0.05,0.05,0.05,0.05,0.05,0.05,0.05,0.05,0.05,0.05,0.05,0.05,0.05,0.0,0.0,0.0,0.0,0.0,0.0,0.0,0.0,0.0,0.0,0.0,0.0,0.0,0.0,0.0,0.0,0.0,0.0,0.0,0.0,0.39603906869888306,0.5656938552856445,0.4053892493247986,0.5050636529922485,0.5040304660797119,0.006251759827136993,0.5562321543693542,0.04747471958398819,0.7394279837608337,-0.024957789108157158,0.2465982437133789,0.21633380651474,0.7177351117134094,0.07381642609834671,0.19217784702777863,0.19825638830661774,0.6631826162338257,0.08225111663341522,0.3851068615913391,0.06131059676408768,-0.3588244318962097,0.17131417989730835,0.12594684958457947,-0.10919421911239624,-0.06253272294998169,-0.08759977063164115,-0.07859468460083008,0.05980907008051872,-0.010405480861663818,-0.06694253534078598,-0.08267387747764587,0.1029130071401596,-0.012707710266113281,-0.08156225085258484,-0.023734942078590393,0.237264484167099,-0.21753758192062378,-0.039031729102134705,0.41688233613967896,0.09609349071979523,3.0,3.0,3.0,3.0,3.0,3.0,3.0,3.0,3.0,3.0,3.0,3.0,3.0,3.0,3.0,3.0,3.0,3.0,3.0,3.0,0.05,0.05,0.05,0.05,0.05,0.05,0.05,0.05,0.05,0.05,0.05,0.05,0.05,0.05,0.05,0.05,0.05,0.05,0.05,0.05,0.0,0.0,0.0,0.0,0.0,0.0,0.0,0.0,0.0,0.0,0.0,0.0,0.0,0.0,0.0,0.0,0.0,0.0,0.0,0.0
0.33763810992240906,0.5216509699821472,0.3604287803173065,0.29989248514175415,0.5496506690979004,0.03574953228235245,0.23596437275409698,0.19578948616981506,0.6943823099136353,0.06334730237722397,0.1522592008113861,0.2091808170080185,0.724885880947113,-0.03226223960518837,0.16878481209278107,0.2380487620830536,0.690507709980011,-0.03645503520965576,0.4370480477809906,0.029932426288723946,1.1185526847839355,-0.25113821029663086,-0.231257826089859,-0.5066454410552979,0.46538710594177246,-0.3629769664257765,0.3663390874862671,0.25836341083049774,0.6554096937179565,-0.1568892039358616,0.5581755191087723,0.446898490190506,0.7069766521453857,-0.048580020666122437,0.5415309220552444,0.5831286311149597,0.7939204573631287,0.13144537806510925,0.4597790539264679,0.4346057306975126,3.0,3.0,3.0,3.0,3.0,3.0,3.0,3.0,3.0,3.0,3.0,3.0,3.0,3.0,3.0,3.0,3.0,3.0,3.0,3.0,0.05,0.05,0.05,0.05,0.05,0.05,0.05,0.05,0.05,0.05,0.05,0.05,0.05,0.05,0.05,0.05,0.05,0.05,0.05,0.05,0.0,0.0,0.0,0.0,0.0,0.0,0.0,0.0,0.0,0.0,0.0,0.0,0.0,0.0,0.0,0.0,0.0,0.0,0.0,0.0,0.38823458552360535,0.5686556100845337,0.4077300429344177,0.5034663677215576,0.5022066831588745,0.0042860247194767,0.5543100833892822,0.04848681390285492,0.7383778691291809,-0.026567012071609497,0.24447637796401978,0.21798741817474365,0.7167441248893738,0.072052001953125,0.1912236362695694,0.20249177515506744,0.6586887240409851,0.0813562422990799,0.3926875591278076,0.06288092583417892,-0.4077509045600891,0.19162148237228394,0.12031644582748413,-0.09707063436508179,-0.11801272630691528,-0.12142464402131736,-0.12703686952590942,0.037477631121873856,-0.0958666205406189,-0.08711209520697594,-0.14055483043193817,0.0591963529586792,-0.10502934455871582,-0.08917339146137238,-0.0911276787519455,0.18291696906089783,-0.269259512424469,-0.042785704135894775,0.33234208822250366,0.044978782534599304,3.0,3.0,3.0,3.0,3.0,3.0,3.0,3.0,3.0,3.0,3.0,3.0,3.0,3.0,3.0,3.0,3.0,3.0,3.0,3.0,0.05,0.05,0.05,0.05,0.05,0.05,0.05,0.05,0.05,0.05,0.05,0.05,0.05,0.05,0.05,0.05,0.05,0.05,0.05,0.05,0.0,0.0,0.0,0.0,0.0,0.0,0.0,0.0,0.0,0.0,0.0,0.0,0.0,0.0,0.0,0.0,0.0,0.0,0.0,0.0
0.3600950539112091,0.5167878270149231,0.35608378052711487,0.2896517217159271,0.5595717430114746,0.02806292660534382,0.2444017231464386,0.2017572522163391,0.7088816165924072,0.05971286818385124,0.16509124636650085,0.2192133665084839,0.7400297522544861,-0.03376356512308121,0.18125788867473602,0.25057554244995117,0.7073374390602112,-0.03432504087686539,0.44833335280418396,0.03973976522684097,1.1190183460712309,-0.2539902925491305,-0.2075195312499986,-0.48391669988631786,0.5157604813575689,-0.40878998115658266,0.47483034431933663,0.3381427377462338,0.7792577147483715,-0.20689852535724362,0.7198080420493982,0.5566362291574408,0.7954269647598156,-0.09681815281510196,0.7026627659797579,0.6709225475788047,0.8674785494804299,0.0906268134713166,0.6624631583690546,0.5466947797685788,3.0,3.0,3.0,3.0,3.0,3.0,3.0,3.0,3.0,3.0,3.0,3.0,3.0,3.0,3.0,3.0,3.0,3.0,3.0,3.0,0.05,0.05,0.05,0.05,0.05,0.05,0.05,0.05,0.05,0.05,0.05,0.05,0.05,0.05,0.05,0.05,0.05,0.05,0.05,0.05,0.0,0.0,0.0,0.0,0.0,0.0,0.0,0.0,0.0,0.0,0.0,0.0,0.0,0.0,0.0,0.0,0.0,0.0,0.0,0.0,0.3797290325164795,0.5733587145805359,0.41020190715789795,0.5011808276176453,0.4993099570274353,0.001394774066284299,0.5511506795883179,0.048973824828863144,0.735593318939209,-0.028442272916436195,0.24097605049610138,0.21870166063308716,0.7135339379310608,0.07024949043989182,0.1885327398777008,0.20557306706905365,0.6524122357368469,0.08053968846797943,0.39840054512023926,0.06310974806547165,-0.43555870652198236,0.24612098932265958,0.12126490473747115,-0.12866854667663435,-0.166978687047957,-0.15722541138529586,-0.1854062080383273,0.00954698771238327,-0.1623511314392062,-0.10295594111084816,-0.19651949405669888,0.016009435057640076,-0.2134114503860418,-0.09305197745561496,-0.1747507601976367,0.12256912887096336,-0.3382474184036227,-0.04490911960601737,0.24042949080467085,-0.020897574722766182,3.0,3.0,3.0,3.0,3.0,3.0,3.0,3.0,3.0,3.0,3.0,3.0,3.0,3.0,3.0,3.0,3.0,3.0,3.0,3.0,0.05,0.05,0.05,0.05,0.05,0.05,0.05,0.05,0.05,0.05,0.05,0.05,0.05,0.05,0.05,0.05,0.05,0.05,0.05,0.05,0.0,0.0,0.0,0.0,0.0,0.0,0.0,0.0,0.0,0.0,0.0,0.0,0.0,0.0,0.0,0.0,0.0,0.0,0.0,0.0
0.3823988437652583,0.511491358280182,0.3521279990673066,0.28053581714630144,0.5702810883522031,0.01939793303608914,0.25495758652687045,0.20931519567966442,0.7255526185035701,0.055071361362934224,0.18105152249336204,0.23144626617431613,0.7567029595375057,-0.03613496571779245,0.19689132273197138,0.2648856639862058,0.7252068519592282,-0.0328299626708031,0.4635465741157528,0.0518002174794671,1.1023633182048687,-0.27707219123840054,-0.18736496567725858,-0.4161283373832675,0.5471259355544961,-0.4501222399994678,0.5730144679546286,0.41266977787017267,0.8709385991096386,-0.2505778335034816,0.8648928254842647,0.6613794714212334,0.8557990193366893,-0.1339072361588459,0.8503083139657863,0.7555499672889612,0.9006142616271862,0.06424803286790795,0.8477255702018627,0.6549632176756776,3.0,3.0,3.0,3.0,3.0,3.0,3.0,3.0,3.0,3.0,3.0,3.0,3.0,3.0,3.0,3.0,3.0,3.0,3.0,3.0,0.05,0.05,0.05,0.05,0.05,0.05,0.05,0.05,0.05,0.05,0.05,0.05,0.05,0.05,0.05,0.05,0.05,0.05,0.05,0.05,0.0,0.0,0.0,0.0,0.0,0.0,0.0,0.0,0.0,0.0,0.0,0.0,0.0,0.0,0.0,0.0,0.0,0.0,0.0,0.0,0.37081223726272605,0.5785004496574401,0.41258063912391657,0.49831962585449224,0.49552753567695623,-0.0020029917359351353,0.5468938350677491,0.04886869341135025,0.7318838238716127,-0.030685249716043424,0.23661559820175182,0.21862779557704926,0.7082076668739321,0.0683299228549004,0.18423360586166393,0.20739454030990598,0.6451588273048402,0.0795598775148392,0.40230473875999445,0.06204502284526828,-0.4619523882865864,0.2383336424827548,0.1290269196033464,-0.09762570261955122,-0.19744038581847728,-0.17129581538028804,-0.224561989307398,-0.01704022288322414,-0.2284526824951144,-0.11418494395911537,-0.2451952546834911,-0.0270012766122818,-0.2876102924346896,-0.09617116302251712,-0.23532994091510495,0.06418675184249878,-0.3952339291572543,-0.061586312949656746,0.13978257775306702,-0.08026165887713294,3.0,3.0,3.0,3.0,3.0,3.0,3.0,3.0,3.0,3.0,3.0,3.0,3.0,3.0,3.0,3.0,3.0,3.0,3.0,3.0,0.05,0.05,0.05,0.05,0.05,0.05,0.05,0.05,0.05,0.05,0.05,0.05,0.05,0.05,0.05,0.05,0.05,0.05,0.05,0.05,0.0,0.0,0.0,0.0,0.0,0.0,0.0,0.0,0.0,0.0,0.0,0.0,0.0,0.0,0.0,0.0,0.0,0.0,0.0,0.0
0.40418958663940385,0.5057049393653871,0.3485891819000245,0.2730065882205964,0.5814567804336545,0.010058037005365107,0.26732230186462375,0.21826404333114602,0.7437191605567928,0.04968975484371198,0.19968695938587144,0.24566854536533322,0.7742617130279537,-0.03911985456943504,0.21527022123336748,0.2807975411415096,0.7433620095252986,-0.03175511956214907,0.48224237561225847,0.06593829393386808,1.0703139007091522,-0.2999812364578233,-0.16329362988471985,-0.33139139413833757,0.5645021796226501,-0.4791819257661694,0.6546758115291581,0.4760764539241777,0.9339451789855957,-0.2847608178853978,0.9900558739900561,0.7561609148979159,0.8889034390449552,-0.16140379011630995,0.978399068117139,0.8307918906211825,0.9044066071510343,0.04645721055567299,1.011480391025539,0.7534527219831919,3.0,3.0,3.0,3.0,3.0,3.0,3.0,3.0,3.0,3.0,3.0,3.0,3.0,3.0,3.0,3.0,3.0,3.0,3.0,3.0,0.05,0.05,0.05,0.05,0.05,0.05,0.05,0.05,0.05,0.05,0.05,0.05,0.05,0.05,0.05,0.05,0.05,0.05,0.05,0.05,0.0,0.0,0.0,0.0,0.0,0.0,0.0,0.0,0.0,0.0,0.0,0.0,0.0,0.0,0.0,0.0,0.0,0.0,0.0,0.0,0.36125093698501604,0.5828920602798461,0.4153629839420318,0.4972757995128632,0.4914123415946962,-0.005457058548927223,0.542168200016022,0.04829221591353418,0.7264552116394044,-0.03300967067480081,0.23116824030876174,0.2176216095685959,0.7020295262336732,0.06640264391899113,0.1791195422410966,0.2081405371427536,0.6366028785705568,0.07807623594999316,0.40399184823036194,0.05989928171038633,-0.49525201320648193,0.2556562423706027,0.14808624982833862,-0.06017908453941484,-0.2186417579650879,-0.19119449425488672,-0.2632319927215576,-0.04524327814578923,-0.29547959566116333,-0.12806653976440394,-0.2965215593576424,-0.07323510944843223,-0.33815056085586825,-0.09807851165533066,-0.28432421386241774,0.01040771603584359,-0.43403953313827237,-0.07483549416065216,0.04578679800033708,-0.13709580525755727,3.0,3.0,3.0,3.0,3.0,3.0,3.0,3.0,3.0,3.0,3.0,3.0,3.0,3.0,3.0,3.0,3.0,3.0,3.0,3.0,0.05,0.05,0.05,0.05,0.05,0.05,0.05,0.05,0.05,0.05,0.05,0.05,0.05,0.05,0.05,0.05,0.05,0.05,0.05,0.05,0.0,0.0,0.0,0.0,0.0,0.0,0.0,0.0,0.0,0.0,0.0,0.0,0.0,0.0,0.0,0.0,0.0,0.0,0.0,0.0
0.4252113997936244,0.49949210882186906,0.3455962538719178,0.26728016138076793,0.5928611755371092,0.00023065600544236564,0.2811446189880368,0.22835825383663153,0.7629104256629939,0.04368092864751831,0.22065375745296428,0.26169270277023277,0.7922590970993039,-0.042591117322444846,0.23602728545665694,0.2981173396110531,0.7613831162452696,-0.030971674248576178,0.5040057897567743,0.08193832635879478,1.0704003274440876,-0.3689587116241483,-0.12248754501343051,-0.2550654113292722,0.5176916718483054,-0.5008022300899082,0.7413402199745247,0.5610529333353098,0.930154323577892,-0.34336578100920034,1.119941845536243,0.8896473795175636,0.8534088730812184,-0.17172209918499184,1.1345624923706166,0.9547717869281865,0.7669389247894398,0.03323350101709418,1.2017212808132283,0.8963411673903549,3.0,3.0,3.0,3.0,3.0,3.0,3.0,3.0,3.0,3.0,3.0,3.0,3.0,3.0,3.0,3.0,3.0,3.0,3.0,3.0,0.05,0.05,0.05,0.05,0.05,0.05,0.05,0.05,0.05,0.05,0.05,0.05,0.05,0.05,0.05,0.05,0.05,0.05,0.05,0.05,0.0,0.0,0.0,0.0,0.0,0.0,0.0,0.0,0.0,0.0,0.0,0.0,0.0,0.0,0.0,0.0,0.0,0.0,0.0,0.0,0.3510021567344668,0.5887266993522642,0.4185040891170501,0.49591246247291565,0.4867818653583527,-0.009650771506130603,0.5363645553588868,0.04705896228551868,0.7200646400451661,-0.03580791130661958,0.22475473582744612,0.21569839119911197,0.6946816444396974,0.06440678238868718,0.17286063730716722,0.20781084895133972,0.6277972459793093,0.07656645774841311,0.40413621068000793,0.05656119063496599,-0.518043339252476,0.26996731758117953,0.15965178608894487,-0.04551857709884782,-0.24137124419212758,-0.2076707314699909,-0.29992461204529364,-0.07176622748374974,-0.3395766019821195,-0.1404187642037884,-0.33427253365517007,-0.11235997080802917,-0.3809019923210172,-0.10401671752333745,-0.32523125410080234,-0.03602541983127594,-0.44976621866226474,-0.08529797196388314,-0.029913336038589478,-0.18290113657713075,3.0,3.0,3.0,3.0,3.0,3.0,3.0,3.0,3.0,3.0,3.0,3.0,3.0,3.0,3.0,3.0,3.0,3.0,3.0,3.0,0.05,0.05,0.05,0.05,0.05,0.05,0.05,0.05,0.05,0.05,0.05,0.05,0.05,0.05,0.05,0.05,0.05,0.05,0.05,0.05,0.0,0.0,0.0,0.0,0.0,0.0,0.0,0.0,0.0,0.0,0.0,0.0,0.0,0.0,0.0,0.0,0.0,0.0,0.0,0.0
0.44700559973716736,0.49094659090042114,0.3436896800994873,0.26280397176742554,0.6021644473075867,-0.00997405219823122,0.29697591066360474,0.2407061606645584,0.7809253334999084,0.035955123603343964,0.24448463320732117,0.28125444054603577,0.8083980679512024,-0.04598873853683472,0.26065272092819214,0.3189884126186371,0.7740395665168762,-0.0304257795214653,0.5303112268447876,0.10179194062948227,1.0155737400055056,-0.3542073071003002,-0.08885636925697465,-0.15007629990577975,0.4932343959808405,-0.48959578853101093,0.796267390251168,0.6121996790170732,0.9242326021194569,-0.34404350444674875,1.1990670114755755,0.9715579450130559,0.82336515188218,-0.188057869672777,1.2398216873407482,1.0294474661350348,0.7016107439994868,-0.006849318742751728,1.3595253229141373,0.9996071457862951,3.0,3.0,3.0,3.0,3.0,3.0,3.0,3.0,3.0,3.0,3.0,3.0,3.0,3.0,3.0,3.0,3.0,3.0,3.0,3.0,0.05,0.05,0.05,0.05,0.05,0.05,0.05,0.05,0.05,0.05,0.05,0.05,0.05,0.05,0.05,0.05,0.05,0.05,0.05,0.05,0.0,0.0,0.0,0.0,0.0,0.0,0.0,0.0,0.0,0.0,0.0,0.0,0.0,0.0,0.0,0.0,0.0,0.0,0.0,0.0,0.340529203414917,0.5936907529830933,0.4217490553855896,0.4954550564289093,0.4817574918270111,-0.01376388780772686,0.5301712155342102,0.04542156681418419,0.7128721475601196,-0.03862642124295235,0.21779733896255493,0.21312721073627472,0.6867934465408325,0.06224197521805763,0.16611029207706451,0.20669952034950256,0.6186122298240662,0.07466431707143784,0.40279531478881836,0.0525832362473011,-0.5146384239196833,0.2698212862014826,0.1542307436466231,-0.0429786741733551,-0.2523444592952742,-0.22330384235829345,-0.3232210874557523,-0.09179450571537104,-0.38685053586960116,-0.14560231938958323,-0.36816187202930795,-0.14965534210205148,-0.41674226522445956,-0.11450489982962712,-0.36099702119827687,-0.07971115410327911,-0.45612901449204046,-0.09305868297815392,-0.1013532280921936,-0.22321818396449314,3.0,3.0,3.0,3.0,3.0,3.0,3.0,3.0,3.0,3.0,3.0,3.0,3.0,3.0,3.0,3.0,3.0,3.0,3.0,3.0,0.05,0.05,0.05,0.05,0.05,0.05,0.05,0.05,0.05,0.05,0.05,0.05,0.05,0.05,0.05,0.05,0.05,0.05,0.05,0.05,0.0,0.0,0.0,0.0,0.0,0.0,0.0,0.0,0.0,0.0,0.0,0.0,0.0,0.0,0.0,0.0,0.0,0.0,0.0,0.0
0.4658343493938446,0.48532381653785706,0.3420419991016388,0.26127710938453674,0.6125905513763428,-0.019353175535798073,0.3129953145980835,0.25284624099731445,0.7998797297477722,0.02991918846964836,0.2686164379119873,0.300555020570755,0.8251937031745911,-0.050113432109355927,0.28562015295028687,0.33929523825645447,0.789447546005249,-0.031245646998286247,0.5583868026733398,0.12192261219024658,0.9181506931781769,-0.3756694495677948,-0.07888451218605042,-0.011692941188812256,0.5187660455703735,-0.508345547132194,0.8525043725967407,0.6456386297941208,0.9163498878479004,-0.3110550343990326,1.2536540627479553,1.015821099281311,0.826987624168396,-0.21789483726024628,1.3209231197834015,1.060357689857483,0.7385730743408203,-0.04327325150370598,1.4970436692237854,1.0616088286042213,3.0,3.0,3.0,3.0,3.0,3.0,3.0,3.0,3.0,3.0,3.0,3.0,3.0,3.0,3.0,3.0,3.0,3.0,3.0,3.0,0.05,0.05,0.05,0.05,0.05,0.05,0.05,0.05,0.05,0.05,0.05,0.05,0.05,0.05,0.05,0.05,0.05,0.05,0.05,0.05,0.0,0.0,0.0,0.0,0.0,0.0,0.0,0.0,0.0,0.0,0.0,0.0,0.0,0.0,0.0,0.0,0.0,0.0,0.0,0.0,0.33041661977767944,0.5995195508003235,0.42467331886291504,0.49419331550598145,0.47668808698654175,-0.01858292520046234,0.5234357118606567,0.04338718205690384,0.7045906186103821,-0.04163200408220291,0.2100282609462738,0.2097121775150299,0.678011953830719,0.05982658639550209,0.15842075645923615,0.20462240278720856,0.6095520853996277,0.07284411042928696,0.4000820815563202,0.04763246327638626,-0.49962103366851807,0.26499778032302856,0.14877021312713623,-0.0187702476978302,-0.2675361931324005,-0.23326980881392956,-0.3410905599594116,-0.10748328641057014,-0.4146963357925415,-0.14733877032995224,-0.3883723169565201,-0.17938092350959778,-0.4561871290206909,-0.11960510164499283,-0.3974519670009613,-0.12127310037612915,-0.4731521010398865,-0.10505206882953644,-0.1731492578983307,-0.26149433106184006,3.0,3.0,3.0,3.0,3.0,3.0,3.0,3.0,3.0,3.0,3.0,3.0,3.0,3.0,3.0,3.0,3.0,3.0,3.0,3.0,0.05,0.05,0.05,0.05,0.05,0.05,0.05,0.05,0.05,0.05,0.05,0.05,0.05,0.05,0.05,0.05,0.05,0.05,0.05,0.05,0.0,0.0,0.0,0.0,0.0,0.0,0.0,0.0,0.0,0.0,0.0,0.0,0.0,0.0,0.0,0.0,0.0,0.0,0.0,0.0
0.48373162746429443,0.47591981291770935,0.3405342996120453,0.26233625411987305,0.6229150891304016,-0.030307874083518982,0.33107608556747437,0.26653170585632324,0.8175793290138245,0.02351292222738266,0.2946307957172394,0.3218872845172882,0.8414775729179382,-0.05470453202724457,0.3134896457195282,0.3614027202129364,0.803582489490509,-0.03215670958161354,0.590192973613739,0.14425629377365112,0.8609332144260406,-0.43202564120292664,-0.08945390582084656,0.08579716086387634,0.5016222596168518,-0.5358685273677111,0.9411551058292389,0.711832195520401,0.8816257119178772,-0.2972311805933714,1.3500824570655823,1.1162251234054565,0.7682383060455322,-0.25841323658823967,1.4584898948669434,1.1443085968494415,0.6059408187866211,-0.05738711915910244,1.661825180053711,1.1570926755666733,3.0,3.0,3.0,3.0,3.0,3.0,3.0,3.0,3.0,3.0,3.0,3.0,3.0,3.0,3.0,3.0,3.0,3.0,3.0,3.0,0.05,0.05,0.05,0.05,0.05,0.05,0.05,0.05,0.05,0.05,0.05,0.05,0.05,0.05,0.05,0.05,0.05,0.05,0.05,0.05,0.0,0.0,0.0,0.0,0.0,0.0,0.0,0.0,0.0,0.0,0.0,0.0,0.0,0.0,0.0,0.0,0.0,0.0,0.0,0.0,0.32054436206817627,0.6042906641960144,0.42769986391067505,0.4947042465209961,0.4710560441017151,-0.023094680160284042,0.5165275931358337,0.04112223535776138,0.696284294128418,-0.044519972056150436,0.20226244628429413,0.2059519737958908,0.6685459613800049,0.05745777115225792,0.15021221339702606,0.2018485963344574,0.5996861457824707,0.07046223431825638,0.39586934447288513,0.0421234630048275,-0.48482418060302734,0.2434849739074707,0.15136078000068665,0.03052353858947754,-0.2979949116706848,-0.23295190185308456,-0.35706907510757446,-0.12226374819874763,-0.44036656618118286,-0.1473751850426197,-0.40410682559013367,-0.205119326710701,-0.4899322986602783,-0.12032464146614075,-0.4280742257833481,-0.1587938517332077,-0.5075395107269287,-0.12167636305093765,-0.24854615330696106,-0.2942455932497978,3.0,3.0,3.0,3.0,3.0,3.0,3.0,3.0,3.0,3.0,3.0,3.0,3.0,3.0,3.0,3.0,3.0,3.0,3.0,3.0,0.05,0.05,0.05,0.05,0.05,0.05,0.05,0.05,0.05,0.05,0.05,0.05,0.05,0.05,0.05,0.05,0.05,0.05,0.05,0.05,0.0,0.0,0.0,0.0,0.0,0.0,0.0,0.0,0.0,0.0,0.0,0.0,0.0,0.0,0.0,0.0,0.0,0.0,0.0,0.0
0.5002716779708862,0.46804279088974,0.33846384286880493,0.2647089958190918,0.6326554417610168,-0.040787916630506516,0.35064151883125305,0.2813195288181305,0.8351447582244873,0.018029941245913506,0.3226197361946106,0.34520402550697327,0.8559232354164124,-0.06044996157288551,0.3439597487449646,0.38506758213043213,0.8136851787567139,-0.033541131764650345,0.6248598098754883,0.1682063192129135,0.7860571146011353,-0.390857458114624,-0.06430447101593018,0.16208812594413757,0.49714744091033936,-0.5054724402725697,0.9921751916408539,0.7399335503578186,0.8574411273002625,-0.2744058147072792,1.402851939201355,1.1652745306491852,0.7314175367355347,-0.2730363979935646,1.5506476163864136,1.179618388414383,0.5431845784187317,-0.08538318797945976,1.773574948310852,1.198587566614151,3.0,3.0,3.0,3.0,3.0,3.0,3.0,3.0,3.0,3.0,3.0,3.0,3.0,3.0,3.0,3.0,3.0,3.0,3.0,3.0,0.05,0.05,0.05,0.05,0.05,0.05,0.05,0.05,0.05,0.05,0.05,0.05,0.05,0.05,0.05,0.05,0.05,0.05,0.05,0.05,0.0,0.0,0.0,0.0,0.0,0.0,0.0,0.0,0.0,0.0,0.0,0.0,0.0,0.0,0.0,0.0,0.0,0.0,0.0,0.0,0.31102365255355835,0.6092589497566223,0.4307277500629425,0.49541425704956055,0.46476829051971436,-0.027901001274585724,0.5091529488563538,0.038496632128953934,0.6869759559631348,-0.0475270114839077,0.19386398792266846,0.20150740444660187,0.6584146618843079,0.05501360073685646,0.14129778742790222,0.19827064871788025,0.5892505049705505,0.06797705590724945,0.39014023542404175,0.03586263954639435,-0.46215131878852844,0.24615079164505005,0.14904066920280457,0.04123374819755554,-0.3217525780200958,-0.24518826976418495,-0.37308335304260254,-0.1357065513730049,-0.4686027765274048,-0.1521144062280655,-0.41946619749069214,-0.23040398955345154,-0.5214184522628784,-0.12419819831848145,-0.4596862941980362,-0.19595958292484283,-0.5217403173446655,-0.127422995865345,-0.3154836595058441,-0.3280023578554392,3.0,3.0,3.0,3.0,3.0,3.0,3.0,3.0,3.0,3.0,3.0,3.0,3.0,3.0,3.0,3.0,3.0,3.0,3.0,3.0,0.05,0.05,0.05,0.05,0.05,0.05,0.05,0.05,0.05,0.05,0.05,0.05,0.05,0.05,0.05,0.05,0.05,0.05,0.05,0.05,0.0,0.0,0.0,0.0,0.0,0.0,0.0,0.0,0.0,0.0,0.0,0.0,0.0,0.0,0.0,0.0,0.0,0.0,0.0,0.0
0.5151739120483398,0.4602855145931244,0.3379621207714081,0.26881977915763855,0.6428009867668152,-0.05052677169442177,0.3707630932331085,0.296129047870636,0.851876974105835,0.012536689639091492,0.3507448732852936,0.3684982657432556,0.8707342743873596,-0.06562598794698715,0.37551555037498474,0.4085874557495117,0.8253098726272583,-0.03557203710079193,0.6611359715461731,0.19219979643821716,0.7129013538360596,-0.36298856139183044,-0.033608824014663696,0.2442672848701477,0.4969939589500427,-0.4636765457689762,0.9962193667888641,0.7266558706760406,0.8485227823257446,-0.2578036393970251,1.4127805829048157,1.1557750403881073,0.746937096118927,-0.2631933428347111,1.5847593545913696,1.1599525809288025,0.6101161241531372,-0.12024110183119774,1.8167540431022644,1.1830281466245651,3.0,3.0,3.0,3.0,3.0,3.0,3.0,3.0,3.0,3.0,3.0,3.0,3.0,3.0,3.0,3.0,3.0,3.0,3.0,3.0,0.05,0.05,0.05,0.05,0.05,0.05,0.05,0.05,0.05,0.05,0.05,0.05,0.05,0.05,0.05,0.05,0.05,0.05,0.05,0.05,0.0,0.0,0.0,0.0,0.0,0.0,0.0,0.0,0.0,0.0,0.0,0.0,0.0,0.0,0.0,0.0,0.0,0.0,0.0,0.0,0.30205830931663513,0.6141366958618164,0.43366149067878723,0.4963535964488983,0.45818594098091125,-0.03290221095085144,0.5016042590141296,0.035693973302841187,0.6775401830673218,-0.050604548305273056,0.18548379838466644,0.19673581421375275,0.6476892232894897,0.05248984321951866,0.13182476162910461,0.19401021301746368,0.5788165330886841,0.06536531448364258,0.38324999809265137,0.029003368690609932,-0.43545737862586975,0.2335280179977417,0.1415833830833435,0.07461309432983398,-0.31634196639060974,-0.23944908753037453,-0.36397576332092285,-0.13701841235160828,-0.4761159420013428,-0.14686230570077896,-0.4152197390794754,-0.24015642702579498,-0.5411520600318909,-0.12047719210386276,-0.4743991419672966,-0.21998360753059387,-0.5143672227859497,-0.13440847396850586,-0.35649314522743225,-0.291565852239728,3.0,3.0,3.0,3.0,3.0,3.0,3.0,3.0,3.0,3.0,3.0,3.0,3.0,3.0,3.0,3.0,3.0,3.0,3.0,3.0,0.05,0.05,0.05,0.05,0.05,0.05,0.05,0.05,0.05,0.05,0.05,0.05,0.05,0.05,0.05,0.05,0.05,0.05,0.05,0.05,0.0,0.0,0.0,0.0,0.0,0.0,0.0,0.0,0.0,0.0,0.0,0.0,0.0,0.0,0.0,0.0,0.0,0.0,0.0,0.0
0.5287877321243286,0.4535232484340668,0.3371194899082184,0.2744796872138977,0.6525352001190186,-0.059334978461265564,0.3904902935028076,0.3103857636451721,0.8690856695175171,0.007717795670032501,0.3791309595108032,0.39143502712249756,0.8858007192611694,-0.07097769528627396,0.4073501229286194,0.43146568536758423,0.8380898237228394,-0.038350775837898254,0.6975299715995789,0.21552744507789612,0.6952181458473206,-0.3119662404060364,-0.020238012075424194,0.29509738087654114,0.481945276260376,-0.4585527814924717,0.999876856803894,0.718320906162262,0.8253812789916992,-0.25902173947542906,1.445145159959793,1.1668801307678223,0.7005214691162109,-0.27596615254879,1.630014181137085,1.164359599351883,0.5714729428291321,-0.16534319147467613,1.8319383263587952,1.1664487421512604,3.0,3.0,3.0,3.0,3.0,3.0,3.0,3.0,3.0,3.0,3.0,3.0,3.0,3.0,3.0,3.0,3.0,3.0,3.0,3.0,0.05,0.05,0.05,0.05,0.05,0.05,0.05,0.05,0.05,0.05,0.05,0.05,0.05,0.05,0.05,0.05,0.05,0.05,0.05,0.05,0.0,0.0,0.0,0.0,0.0,0.0,0.0,0.0,0.0,0.0,0.0,0.0,0.0,0.0,0.0,0.0,0.0,0.0,0.0,0.0,0.29360535740852356,0.618600070476532,0.43639108538627625,0.4983987808227539,0.45211461186408997,-0.037478964775800705,0.49459391832351685,0.0330158956348896,0.667931318283081,-0.05340150371193886,0.17725519835948944,0.19190114736557007,0.6367685794830322,0.05019451305270195,0.12232182174921036,0.1894713044166565,0.5686758160591125,0.06260071694850922,0.37588050961494446,0.02420000545680523,-0.40518268942832947,0.22388845682144165,0.1362435519695282,0.07619261741638184,-0.3207683563232422,-0.24506524205207825,-0.3628343343734741,-0.14186701737344265,-0.49097537994384766,-0.15064077451825142,-0.4187338054180145,-0.25279000401496887,-0.5646228790283203,-0.1266692765057087,-0.4942897707223892,-0.2464044839143753,-0.5423516035079956,-0.14043468981981277,-0.42030438780784607,-0.23739510215818882,3.0,3.0,3.0,3.0,3.0,3.0,3.0,3.0,3.0,3.0,3.0,3.0,3.0,3.0,3.0,3.0,3.0,3.0,3.0,3.0,0.05,0.05,0.05,0.05,0.05,0.05,0.05,0.05,0.05,0.05,0.05,0.05,0.05,0.05,0.05,0.05,0.05,0.05,0.05,0.05,0.0,0.0,0.0,0.0,0.0,0.0,0.0,0.0,0.0,0.0,0.0,0.0,0.0,0.0,0.0,0.0,0.0,0.0,0.0,0.0
0.5429826378822327,0.44780686497688293,0.3371526002883911,0.2806236743927002,0.6620787978172302,-0.06886888295412064,0.4107581675052643,0.32486188411712646,0.8848922252655029,0.0021758200600743294,0.4085506796836853,0.4151734709739685,0.8987551331520081,-0.07666463404893875,0.44071611762046814,0.45516183972358704,0.8481687903404236,-0.042185764759778976,0.7344135046005249,0.23885774612426758,0.6570711731910706,-0.25371983647346497,-0.0052481889724731445,0.34664422273635864,0.4776671528816223,-0.4440421238541603,0.9916737675666809,0.7034845650196075,0.8135005831718445,-0.2414363087154925,1.4591217041015625,1.1567145586013794,0.6766572594642639,-0.28685498982667923,1.6524575650691986,1.157437264919281,0.5521863698959351,-0.18105022609233856,1.8153488636016846,1.1341676115989685,3.0,3.0,3.0,3.0,3.0,3.0,3.0,3.0,3.0,3.0,3.0,3.0,3.0,3.0,3.0,3.0,3.0,3.0,3.0,3.0,0.05,0.05,0.05,0.05,0.05,0.05,0.05,0.05,0.05,0.05,0.05,0.05,0.05,0.05,0.05,0.05,0.05,0.05,0.05,0.05,0.0,0.0,0.0,0.0,0.0,0.0,0.0,0.0,0.0,0.0,0.0,0.0,0.0,0.0,0.0,0.0,0.0,0.0,0.0,0.0,0.28585100173950195,0.6230922341346741,0.43911123275756836,0.4994013011455536,0.44535520672798157,-0.04270482063293457,0.4870908856391907,0.03001929260790348,0.6579011678695679,-0.05663017928600311,0.16873444616794586,0.186624214053154,0.6251043081283569,0.047423072159290314,0.11205317080020905,0.18415403366088867,0.5571224689483643,0.05974792689085007,0.3664378225803375,0.01950756460428238,-0.37855878472328186,0.22598356008529663,0.12855082750320435,0.08369237184524536,-0.31582415103912354,-0.2509484067559242,-0.3565467894077301,-0.14297557063400745,-0.5086168646812439,-0.15248442068696022,-0.4198063164949417,-0.2602711319923401,-0.5630984902381897,-0.1287209801375866,-0.4967799410223961,-0.26212483644485474,-0.5450442433357239,-0.14010360464453697,-0.46637728810310364,-0.1951530110090971,3.0,3.0,3.0,3.0,3.0,3.0,3.0,3.0,3.0,3.0,3.0,3.0,3.0,3.0,3.0,3.0,3.0,3.0,3.0,3.0,0.05,0.05,0.05,0.05,0.05,0.05,0.05,0.05,0.05,0.05,0.05,0.05,0.05,0.05,0.05,0.05,0.05,0.05,0.05,0.05,0.0,0.0,0.0,0.0,0.0,0.0,0.0,0.0,0.0,0.0,0.0,0.0,0.0,0.0,0.0,0.0,0.0,0.0,0.0,0.0
0.5550705790519714,0.4433744549751282,0.33690956234931946,0.28834545612335205,0.6716418862342834,-0.07709666341543198,0.43015724420547485,0.3385251462459564,0.9016256928443909,-0.0019396566785871983,0.4374958276748657,0.43770360946655273,0.91286700963974,-0.08245189487934113,0.47344842553138733,0.47776317596435547,0.8601772785186768,-0.0455927848815918,0.7701439261436462,0.26089414954185486,0.5764603614807129,-0.22594407200813293,-0.0001996755599975586,0.40333569049835205,0.4742920398712158,-0.3816980868577957,0.9461060166358948,0.6599940359592438,0.8313700556755066,-0.19130583386868238,1.410243660211563,1.0810323059558868,0.701729953289032,-0.2596767619252205,1.591133326292038,1.0891713201999664,0.6294846534729004,-0.15954747796058655,1.7279714345932007,1.0577455163002014,3.0,3.0,3.0,3.0,3.0,3.0,3.0,3.0,3.0,3.0,3.0,3.0,3.0,3.0,3.0,3.0,3.0,3.0,3.0,3.0,0.05,0.05,0.05,0.05,0.05,0.05,0.05,0.05,0.05,0.05,0.05,0.05,0.05,0.05,0.05,0.05,0.05,0.05,0.05,0.05,0.0,0.0,0.0,0.0,0.0,0.0,0.0,0.0,0.0,0.0,0.0,0.0,0.0,0.0,0.0,0.0,0.0,0.0,0.0,0.0,0.2784630060195923,0.6276394128799438,0.4415331184864044,0.5017464756965637,0.439481645822525,-0.047516901046037674,0.48033204674720764,0.027296872809529305,0.6475866436958313,-0.05950088053941727,0.16046294569969177,0.18149030208587646,0.6142446398735046,0.045045673847198486,0.10245062410831451,0.1789863109588623,0.5468740463256836,0.05699657276272774,0.3572254180908203,0.016393885016441345,-0.336252897977829,0.2110689878463745,0.11443868279457092,0.09251311421394348,-0.28767064213752747,-0.22909697145223618,-0.3235466778278351,-0.13042027130723,-0.4698529839515686,-0.13372870162129402,-0.38153044879436493,-0.24092085659503937,-0.5233004689216614,-0.11092396453022957,-0.4615107551217079,-0.251258909702301,-0.49800723791122437,-0.12551145628094673,-0.45490562915802,-0.16968944109976292,3.0,3.0,3.0,3.0,3.0,3.0,3.0,3.0,3.0,3.0,3.0,3.0,3.0,3.0,3.0,3.0,3.0,3.0,3.0,3.0,0.05,0.05,0.05,0.05,0.05,0.05,0.05,0.05,0.05,0.05,0.05,0.05,0.05,0.05,0.05,0.05,0.05,0.05,0.05,0.05,0.0,0.0,0.0,0.0,0.0,0.0,0.0,0.0,0.0,0.0,0.0,0.0,0.0,0.0,0.0,0.0,0.0,0.0,0.0,0.0
0.5660410523414612,0.4387691020965576,0.3371446132659912,0.2967571020126343,0.6810504794120789,-0.08413680642843246,0.4486024081707001,0.3512616455554962,0.9181470274925232,-0.005476413294672966,0.4649604260921478,0.458414763212204,0.9268243312835693,-0.08705170452594757,0.5043614506721497,0.4987286925315857,0.8733481764793396,-0.04856766387820244,0.8035323619842529,0.28116756677627563,0.541466474533081,-0.22401288151741028,0.02209693193435669,0.40861666202545166,0.4597008228302002,-0.32948926091194153,0.8949130773544312,0.610736757516861,0.7918640971183777,-0.16542869852855802,1.3223767280578613,0.9836576879024506,0.6785571575164795,-0.21778736263513565,1.4993466436862946,1.0083302855491638,0.6631627678871155,-0.15346063300967216,1.6056135296821594,0.968693196773529,3.0,3.0,3.0,3.0,3.0,3.0,3.0,3.0,3.0,3.0,3.0,3.0,3.0,3.0,3.0,3.0,3.0,3.0,3.0,3.0,0.05,0.05,0.05,0.05,0.05,0.05,0.05,0.05,0.05,0.05,0.05,0.05,0.05,0.05,0.05,0.05,0.05,0.05,0.05,0.05,0.0,0.0,0.0,0.0,0.0,0.0,0.0,0.0,0.0,0.0,0.0,0.0,0.0,0.0,0.0,0.0,0.0,0.0,0.0,0.0,0.2724008858203888,0.631534993648529,0.4436887800693512,0.5031018257141113,0.43384838104248047,-0.05186869949102402,0.47414901852607727,0.02480248175561428,0.6391070485115051,-0.061979327350854874,0.15347322821617126,0.17698737978935242,0.6041722893714905,0.04298611357808113,0.09359274059534073,0.17410367727279663,0.5372021794319153,0.0547274686396122,0.3482415974140167,0.012719986960291862,-0.27337446808815,0.22316724061965942,0.10155513882637024,0.06546676158905029,-0.2856910228729248,-0.24328362196683884,-0.3167182207107544,-0.12260479852557182,-0.4558160901069641,-0.1371202990412712,-0.36018751561641693,-0.24228394031524658,-0.5243703722953796,-0.1101822592318058,-0.4713892936706543,-0.27356259524822235,-0.4759654402732849,-0.10591205209493637,-0.5252398550510406,-0.1164155313745141,3.0,3.0,3.0,3.0,3.0,3.0,3.0,3.0,3.0,3.0,3.0,3.0,3.0,3.0,3.0,3.0,3.0,3.0,3.0,3.0,0.05,0.05,0.05,0.05,0.05,0.05,0.05,0.05,0.05,0.05,0.05,0.05,0.05,0.05,0.05,0.05,0.05,0.05,0.05,0.05,0.0,0.0,0.0,0.0,0.0,0.0,0.0,0.0,0.0,0.0,0.0,0.0,0.0,0.0,0.0,0.0,0.0,0.0,0.0,0.0
0.5767292380332947,0.43441393971443176,0.3377934396266937,0.3046901226043701,0.6900299191474915,-0.09027623385190964,0.4659537672996521,0.36295461654663086,0.933300256729126,-0.008556804619729519,0.4903908967971802,0.47704991698265076,0.9400092959403992,-0.09116338938474655,0.5334222912788391,0.518096387386322,0.8867037892341614,-0.051731210201978683,0.8343684673309326,0.299641877412796,0.4898861050605774,-0.24641156196594238,0.012708455324172974,0.3919333219528198,0.382058322429657,-0.3099590539932251,0.8339323103427887,0.5634568631649017,0.706242024898529,-0.16259613912552595,1.2555770576000214,0.8995912969112396,0.6247282028198242,-0.19505545496940613,1.4482706785202026,0.9487763047218323,0.6005018949508667,-0.14621438458561897,1.4804467558860779,0.8804455399513245,3.0,3.0,3.0,3.0,3.0,3.0,3.0,3.0,3.0,3.0,3.0,3.0,3.0,3.0,3.0,3.0,3.0,3.0,3.0,3.0,0.05,0.05,0.05,0.05,0.05,0.05,0.05,0.05,0.05,0.05,0.05,0.05,0.05,0.05,0.05,0.05,0.05,0.05,0.05,0.05,0.0,0.0,0.0,0.0,0.0,0.0,0.0,0.0,0.0,0.0,0.0,0.0,0.0,0.0,0.0,0.0,0.0,0.0,0.0,0.0,0.2675280272960663,0.6365661025047302,0.44559532403945923,0.5043651461601257,0.42805400490760803,-0.05724824592471123,0.46766331791877747,0.02239268086850643,0.6293540000915527,-0.06498569250106812,0.1460554450750351,0.1717989444732666,0.5932698249816895,0.040638383477926254,0.08359505236148834,0.1680438071489334,0.5278354287147522,0.05276009067893028,0.3362158238887787,0.011737263761460781,-0.2296045422554016,0.2290487289428711,0.09296461939811707,0.08918493986129761,-0.26145875453948975,-0.24336548522114754,-0.29374733567237854,-0.1063009724020958,-0.44249147176742554,-0.13343589380383492,-0.3343909978866577,-0.23814328014850616,-0.49997270107269287,-0.09996946901082993,-0.4627879709005356,-0.2837345004081726,-0.4328683018684387,-0.0974852591753006,-0.5720570683479309,-0.07256132084876299,3.0,3.0,3.0,3.0,3.0,3.0,3.0,3.0,3.0,3.0,3.0,3.0,3.0,3.0,3.0,3.0,3.0,3.0,3.0,3.0,0.05,0.05,0.05,0.05,0.05,0.05,0.05,0.05,0.05,0.05,0.05,0.05,0.05,0.05,0.05,0.05,0.05,0.05,0.05,0.05,0.0,0.0,0.0,0.0,0.0,0.0,0.0,0.0,0.0,0.0,0.0,0.0,0.0,0.0,0.0,0.0,0.0,0.0,0.0,0.0
0.5856364965438843,0.4289126396179199,0.33765295147895813,0.31243443489074707,0.6963328123092651,-0.09653516858816147,0.4819597005844116,0.3737999200820923,0.9463967084884644,-0.011980258859694004,0.5151835083961487,0.49439841508865356,0.9518134593963623,-0.09485392272472382,0.5622922778129578,0.536679744720459,0.8973682522773743,-0.0544162392616272,0.862750232219696,0.3163853883743286,0.4469722509384155,-0.23620277643203735,0.01814216375350952,0.3825262188911438,0.31795352697372437,-0.27403905987739563,0.7978916168212891,0.5290500819683075,0.6612524390220642,-0.1435218844562769,1.219901442527771,0.8288167417049408,0.6204351782798767,-0.1604374498128891,1.4244407415390015,0.8918613195419312,0.5812346935272217,-0.12755049392580986,1.4071300625801086,0.8102796971797943,3.0,3.0,3.0,3.0,3.0,3.0,3.0,3.0,3.0,3.0,3.0,3.0,3.0,3.0,3.0,3.0,3.0,3.0,3.0,3.0,0.05,0.05,0.05,0.05,0.05,0.05,0.05,0.05,0.05,0.05,0.05,0.05,0.05,0.05,0.05,0.05,0.05,0.05,0.05,0.05,0.0,0.0,0.0,0.0,0.0,0.0,0.0,0.0,0.0,0.0,0.0,0.0,0.0,0.0,0.0,0.0,0.0,0.0,0.0,0.0,0.26321670413017273,0.6406969428062439,0.4474073648452759,0.5066692233085632,0.4233900308609009,-0.06160331889986992,0.46239912509918213,0.02055044285953045,0.6214073896408081,-0.06731676310300827,0.14009758830070496,0.16746164858341217,0.5841733813285828,0.038987334817647934,0.0750812217593193,0.16275429725646973,0.5198874473571777,0.050828058272600174,0.3253593146800995,0.009817534126341343,-0.12539774179458618,0.22586584091186523,0.06353631615638733,0.079345703125,-0.20185336470603943,-0.22957464680075645,-0.24172812700271606,-0.08165384642779827,-0.37560611963272095,-0.12371465563774109,-0.2863779664039612,-0.21745525300502777,-0.4235371947288513,-0.08448520675301552,-0.4217755049467087,-0.2718936651945114,-0.3835722804069519,-0.10523879900574684,-0.5556933581829071,-0.07225107401609421,3.0,3.0,3.0,3.0,3.0,3.0,3.0,3.0,3.0,3.0,3.0,3.0,3.0,3.0,3.0,3.0,3.0,3.0,3.0,3.0,0.05,0.05,0.05,0.05,0.05,0.05,0.05,0.05,0.05,0.05,0.05,0.05,0.05,0.05,0.05,0.05,0.05,0.05,0.05,0.05,0.0,0.0,0.0,0.0,0.0,0.0,0.0,0.0,0.0,0.0,0.0,0.0,0.0,0.0,0.0,0.0,0.0,0.0,0.0,0.0
0.5946081280708313,0.42496582865715027,0.3385191261768341,0.31999117136001587,0.7027480602264404,-0.10123779624700546,0.49786943197250366,0.38411661982536316,0.9597503542900085,-0.014297679997980595,0.539186954498291,0.5102025866508484,0.9648267030715942,-0.09758088737726212,0.5903999209403992,0.5537708401679993,0.9099531769752502,-0.05683322995901108,0.890653669834137,0.3320530652999878,0.4487365484237671,-0.2140447497367859,0.03913268446922302,0.39196833968162537,0.3101244568824768,-0.23864395916461945,0.794374942779541,0.5043581128120422,0.6421089172363281,-0.11504280846565962,1.1903777718544006,0.7616907358169556,0.6213709712028503,-0.12720543891191483,1.390133798122406,0.8248433470726013,0.6173193454742432,-0.1209980808198452,1.3711124658584595,0.757172703742981,3.0,3.0,3.0,3.0,3.0,3.0,3.0,3.0,3.0,3.0,3.0,3.0,3.0,3.0,3.0,3.0,3.0,3.0,3.0,3.0,0.05,0.05,0.05,0.05,0.05,0.05,0.05,0.05,0.05,0.05,0.05,0.05,0.05,0.05,0.05,0.05,0.05,0.05,0.05,0.05,0.0,0.0,0.0,0.0,0.0,0.0,0.0,0.0,0.0,0.0,0.0,0.0,0.0,0.0,0.0,0.0,0.0,0.0,0.0,0.0,0.26251211762428284,0.6456007361412048,0.4481367766857147,0.5075389742851257,0.41997987031936646,-0.06643123179674149,0.4579941928386688,0.0191265270113945,0.6143297553062439,-0.06993427872657776,0.13460032641887665,0.1631007343530655,0.5763283371925354,0.037258975207805634,0.06672403216362,0.15716806054115295,0.5124925374984741,0.04855053871870041,0.3139880895614624,0.008847220800817013,-0.03514736890792847,0.20891577005386353,0.043154507875442505,0.07265359163284302,-0.16417354345321655,-0.22431956604123116,-0.2057209610939026,-0.0658595934510231,-0.32052695751190186,-0.12382902204990387,-0.25097616016864777,-0.20234063267707825,-0.38161277770996094,-0.08003320544958115,-0.39901668205857277,-0.266110897064209,-0.34013688564300537,-0.10276082903146744,-0.5347207188606262,-0.06717643700540066,3.0,3.0,3.0,3.0,3.0,3.0,3.0,3.0,3.0,3.0,3.0,3.0,3.0,3.0,3.0,3.0,3.0,3.0,3.0,3.0,0.05,0.05,0.05,0.05,0.05,0.05,0.05,0.05,0.05,0.05,0.05,0.05,0.05,0.05,0.05,0.05,0.05,0.05,0.05,0.05,0.0,0.0,0.0,0.0,0.0,0.0,0.0,0.0,0.0,0.0,0.0,0.0,0.0,0.0,0.0,0.0,0.0,0.0,0.0,0.0
0.603585958480835,0.4203508496284485,0.33921825885772705,0.3281131684780121,0.7087377905845642,-0.10608092695474625,0.5137346982955933,0.393974244594574,0.9720810651779175,-0.01658197119832039,0.5627986192703247,0.5248660445213318,0.9766682982444763,-0.09994214028120041,0.617897629737854,0.569673478603363,0.922061026096344,-0.059256162494421005,0.9175947308540344,0.34667229652404785,0.41997283697128296,-0.25099217891693115,-0.0075913965702056885,0.36141499876976013,0.2765640616416931,-0.2420106902718544,0.7765918970108032,0.4712983965873718,0.571027398109436,-0.12230451684445143,1.1707469820976257,0.7054731249809265,0.5363494157791138,-0.11420529335737228,1.3653606176376343,0.7686063647270203,0.5511313676834106,-0.1298130489885807,1.314873993396759,0.7070787250995636,3.0,3.0,3.0,3.0,3.0,3.0,3.0,3.0,3.0,3.0,3.0,3.0,3.0,3.0,3.0,3.0,3.0,3.0,3.0,3.0,0.05,0.05,0.05,0.05,0.05,0.05,0.05,0.05,0.05,0.05,0.05,0.05,0.05,0.05,0.05,0.05,0.05,0.05,0.05,0.05,0.0,0.0,0.0,0.0,0.0,0.0,0.0,0.0,0.0,0.0,0.0,0.0,0.0,0.0,0.0,0.0,0.0,0.0,0.0,0.0,0.2618108093738556,0.6490535736083984,0.4491335451602936,0.509575366973877,0.4168230891227722,-0.07057610154151917,0.454170286655426,0.017916059121489525,0.608586311340332,-0.07226992398500443,0.13005854189395905,0.15936802327632904,0.5689088702201843,0.03578600659966469,0.059120554476976395,0.15210986137390137,0.5062819719314575,0.046717625111341476,0.30397048592567444,0.007130476646125317,-0.023877620697021484,0.11753290891647339,0.03874152898788452,0.11718571186065674,-0.17250925302505493,-0.19136499613523483,-0.19107237458229065,-0.0572835560888052,-0.3078356385231018,-0.1025145873427391,-0.23080818355083466,-0.1912139356136322,-0.38574784994125366,-0.057483743876218796,-0.3936939872801304,-0.2658400684595108,-0.323987752199173,-0.06647352129220963,-0.5374431610107422,-0.07534433389082551,3.0,3.0,3.0,3.0,3.0,3.0,3.0,3.0,3.0,3.0,3.0,3.0,3.0,3.0,3.0,3.0,3.0,3.0,3.0,3.0,0.05,0.05,0.05,0.05,0.05,0.05,0.05,0.05,0.05,0.05,0.05,0.05,0.05,0.05,0.05,0.05,0.05,0.05,0.05,0.05,0.0,0.0,0.0,0.0,0.0,0.0,0.0,0.0,0.0,0.0,0.0,0.0,0.0,0.0,0.0,0.0,0.0,0.0,0.0,0.0
0.6114070415496826,0.414926141500473,0.3382154703140259,0.3344477713108063,0.7138106226921082,-0.11091822385787964,0.5289331078529358,0.40296855568885803,0.982591450214386,-0.01918986067175865,0.586016833782196,0.5384215116500854,0.9862806797027588,-0.102149099111557,0.6450143456459045,0.5845150947570801,0.9319984316825867,-0.062025751918554306,0.9432486295700073,0.36033621430397034,0.35980790853500366,-0.24194195866584778,-0.041750818490982056,0.3268927335739136,0.19126087427139282,-0.20195618271827698,0.6862908601760864,0.40475204586982727,0.5039036273956299,-0.11350703425705433,1.0886415839195251,0.6237566471099854,0.4654422402381897,-0.09957961738109589,1.2754276394844055,0.6853282451629639,0.43955445289611816,-0.11881189420819283,1.184767484664917,0.627850741147995,3.0,3.0,3.0,3.0,3.0,3.0,3.0,3.0,3.0,3.0,3.0,3.0,3.0,3.0,3.0,3.0,3.0,3.0,3.0,3.0,0.05,0.05,0.05,0.05,0.05,0.05,0.05,0.05,0.05,0.05,0.05,0.05,0.05,0.05,0.05,0.05,0.05,0.05,0.05,0.05,0.0,0.0,0.0,0.0,0.0,0.0,0.0,0.0,0.0,0.0,0.0,0.0,0.0,0.0,0.0,0.0,0.0,0.0,0.0,0.0,0.261557012796402,0.6503020524978638,0.4496864378452301,0.512226402759552,0.41307950019836426,-0.07408583164215088,0.4503512978553772,0.016835184767842293,0.6020163297653198,-0.07403486222028732,0.12536799907684326,0.1554521769285202,0.5608984231948853,0.03495962545275688,0.05097627267241478,0.14653445780277252,0.4995330274105072,0.045891597867012024,0.2924903631210327,0.005833447445183992,0.022760778665542603,0.0746414065361023,0.024934113025665283,0.11439323425292969,-0.15651285648345947,-0.1560460776090622,-0.1651287078857422,-0.04294975660741329,-0.293944776058197,-0.07090792059898376,-0.2062832936644554,-0.1781892031431198,-0.3761902451515198,-0.028669461607933044,-0.38228556513786316,-0.26414021849632263,-0.298057496547699,-0.03435863181948662,-0.5436599254608154,-0.055754336062818766,3.0,3.0,3.0,3.0,3.0,3.0,3.0,3.0,3.0,3.0,3.0,3.0,3.0,3.0,3.0,3.0,3.0,3.0,3.0,3.0,0.05,0.05,0.05,0.05,0.05,0.05,0.05,0.05,0.05,0.05,0.05,0.05,0.05,0.05,0.05,0.05,0.05,0.05,0.05,0.05,0.0,0.0,0.0,0.0,0.0,0.0,0.0,0.0,0.0,0.0,0.0,0.0,0.0,0.0,0.0,0.0,0.0,0.0,0.0,0.0
0.6179782748222351,0.4106731712818146,0.33754822611808777,0.34118887782096863,0.7163882255554199,-0.11415917426347733,0.5411863327026367,0.41016432642936707,0.9922372102737427,-0.021122252568602562,0.6063442826271057,0.5498163104057312,0.9952859878540039,-0.10392532497644424,0.6689147353172302,0.5970866084098816,0.9396432042121887,-0.06400863826274872,0.9649854302406311,0.37178632616996765,0.32182782888412476,-0.22780746221542358,-0.015778839588165283,0.3276631236076355,0.10979026556015015,-0.1735970377922058,0.6028249859809875,0.3428339958190918,0.4381135106086731,-0.09820526465773582,1.008458435535431,0.5457580089569092,0.415310263633728,-0.08774437010288239,1.1931389570236206,0.6056874990463257,0.3582969307899475,-0.09196465834975243,1.0739818215370178,0.5588546395301819,3.0,3.0,3.0,3.0,3.0,3.0,3.0,3.0,3.0,3.0,3.0,3.0,3.0,3.0,3.0,3.0,3.0,3.0,3.0,3.0,0.05,0.05,0.05,0.05,0.05,0.05,0.05,0.05,0.05,0.05,0.05,0.05,0.05,0.05,0.05,0.05,0.05,0.05,0.05,0.05,0.0,0.0,0.0,0.0,0.0,0.0,0.0,0.0,0.0,0.0,0.0,0.0,0.0,0.0,0.0,0.0,0.0,0.0,0.0,0.0,0.2627212405204773,0.6520392298698425,0.4501309096813202,0.5141510963439941,0.41056257486343384,-0.07681794464588165,0.44756513833999634,0.016198068857192993,0.5968285202980042,-0.07510624080896378,0.12180721014738083,0.15224045515060425,0.5538612604141235,0.034639228135347366,0.04382913187146187,0.14154425263404846,0.49435967206954956,0.04534327983856201,0.2822240889072418,0.004900303203612566,0.07528811693191528,0.06411373615264893,0.019294768571853638,0.11958330869674683,-0.11213421821594238,-0.12272186577320099,-0.1216009259223938,-0.023035425692796707,-0.24304836988449097,-0.05154535174369812,-0.1596471294760704,-0.14976635575294495,-0.32579749822616577,-0.010497402399778366,-0.3390689380466938,-0.2422243356704712,-0.2502135932445526,-0.023780949413776398,-0.5150936543941498,-0.0391639769077301,3.0,3.0,3.0,3.0,3.0,3.0,3.0,3.0,3.0,3.0,3.0,3.0,3.0,3.0,3.0,3.0,3.0,3.0,3.0,3.0,0.05,0.05,0.05,0.05,0.05,0.05,0.05,0.05,0.05,0.05,0.05,0.05,0.05,0.05,0.05,0.05,0.05,0.05,0.05,0.05,0.0,0.0,0.0,0.0,0.0,0.0,0.0,0.0,0.0,0.0,0.0,0.0,0.0,0.0,0.0,0.0,0.0,0.0,0.0,0.0
0.6242801547050476,0.4058138430118561,0.33758431673049927,0.3475542962551117,0.7182022333145142,-0.11786210536956787,0.5530461072921753,0.4166819155216217,1.000115990638733,-0.023118071258068085,0.6263551712036133,0.5602518320083618,1.002893090248108,-0.1056588739156723,0.6927399039268494,0.6087425947189331,0.9463303089141846,-0.0657043382525444,0.986207902431488,0.3826903998851776,0.278298556804657,-0.21518468856811523,-0.0004932284355163574,0.2890072762966156,0.05233734846115112,-0.1619383692741394,0.5327269434928894,0.2870917320251465,0.315210223197937,-0.08784984238445759,0.905822217464447,0.4628866910934448,0.28184354305267334,-0.06861928850412369,1.0763674974441528,0.5174040794372559,0.2910718321800232,-0.06425976753234863,0.9752050042152405,0.49506351351737976,3.0,3.0,3.0,3.0,3.0,3.0,3.0,3.0,3.0,3.0,3.0,3.0,3.0,3.0,3.0,3.0,3.0,3.0,3.0,3.0,0.05,0.05,0.05,0.05,0.05,0.05,0.05,0.05,0.05,0.05,0.05,0.05,0.05,0.05,0.05,0.05,0.05,0.05,0.05,0.05,0.0,0.0,0.0,0.0,0.0,0.0,0.0,0.0,0.0,0.0,0.0,0.0,0.0,0.0,0.0,0.0,0.0,0.0,0.0,0.0,0.2645685374736786,0.6528666019439697,0.45045822858810425,0.5170097351074219,0.40859413146972656,-0.07899470627307892,0.44548726081848145,0.015913767740130424,0.5922943949699402,-0.07609667629003525,0.11898211389780045,0.1494615226984024,0.5478665232658386,0.03453972935676575,0.03741351515054703,0.13684548437595367,0.4895244836807251,0.04494035989046097,0.2718866169452667,0.004266888368874788,0.14154314994812012,0.03208965063095093,-0.010350346565246582,0.13349652290344238,-0.059688836336135864,-0.08530821651220322,-0.06495267152786255,0.008820462971925735,-0.1967400312423706,-0.04061851650476456,-0.10277405381202698,-0.12116730213165283,-0.24277269840240479,0.0014857389032840729,-0.28735650703310966,-0.22583790123462677,-0.17859935760498047,-0.007618870586156845,-0.5304202437400818,-0.04255431704223156,3.0,3.0,3.0,3.0,3.0,3.0,3.0,3.0,3.0,3.0,3.0,3.0,3.0,3.0,3.0,3.0,3.0,3.0,3.0,3.0,0.05,0.05,0.05,0.05,0.05,0.05,0.05,0.05,0.05,0.05,0.05,0.05,0.05,0.05,0.05,0.05,0.05,0.05,0.05,0.05,0.0,0.0,0.0,0.0,0.0,0.0,0.0,0.0,0.0,0.0,0.0,0.0,0.0,0.0,0.0,0.0,0.0,0.0,0.0,0.0
0.6291102170944214,0.40206578373908997,0.3375284969806671,0.35274916887283325,0.718481719493866,-0.1206367090344429,0.5624954104423523,0.4216479957103729,1.0048456192016602,-0.024636246263980865,0.6425771713256836,0.568331778049469,1.0065597295761108,-0.10667009651660919,0.7119694352149963,0.6177827715873718,0.9512860774993896,-0.06657902896404266,1.0039936304092407,0.39158886671066284,0.21379590034484863,-0.16052275896072388,0.002551823854446411,0.24771839380264282,-0.025369226932525635,-0.11515654623508453,0.41805505752563477,0.2148658037185669,0.21829307079315186,-0.0626416876912117,0.7538661360740662,0.36445707082748413,0.1663684844970703,-0.04645790904760361,0.895334780216217,0.4100486636161804,0.19906461238861084,-0.02796463668346405,0.8096501231193542,0.40090158581733704,3.0,3.0,3.0,3.0,3.0,3.0,3.0,3.0,3.0,3.0,3.0,3.0,3.0,3.0,3.0,3.0,3.0,3.0,3.0,3.0,0.05,0.05,0.05,0.05,0.05,0.05,0.05,0.05,0.05,0.05,0.05,0.05,0.05,0.05,0.05,0.05,0.05,0.05,0.05,0.05,0.0,0.0,0.0,0.0,0.0,0.0,0.0,0.0,0.0,0.0,0.0,0.0,0.0,0.0,0.0,0.0,0.0,0.0,0.0,0.0,0.2683829665184021,0.6533228158950806,0.4497168958187103,0.5194909572601318,0.4081750214099884,-0.08023027330636978,0.44496703147888184,0.016550887376070023,0.5889589190483093,-0.07673098146915436,0.11769624799489975,0.14739376306533813,0.5441503524780273,0.03469865769147873,0.03233487159013748,0.1325107365846634,0.48721569776535034,0.04503852501511574,0.26100727915763855,0.0031981305219233036,0.1903735101222992,0.010529160499572754,-0.030124932527542114,0.13330578804016113,-0.006097555160522461,-0.0490603968501091,-0.005886703729629517,0.04211985506117344,-0.12083500623703003,-0.021481141448020935,-0.0326693058013916,-0.08653327822685242,-0.1628577709197998,0.01816442236304283,-0.2312134951353073,-0.20343810319900513,-0.08451566100120544,0.003404822200536728,-0.533883273601532,-0.042973796371370554,3.0,3.0,3.0,3.0,3.0,3.0,3.0,3.0,3.0,3.0,3.0,3.0,3.0,3.0,3.0,3.0,3.0,3.0,3.0,3.0,0.05,0.05,0.05,0.05,0.05,0.05,0.05,0.05,0.05,0.05,0.05,0.05,0.05,0.05,0.05,0.05,0.05,0.05,0.05,0.05,0.0,0.0,0.0,0.0,0.0,0.0,0.0,0.0,0.0,0.0,0.0,0.0,0.0,0.0,0.0,0.0,0.0,0.0,0.0,0.0
0.6328319907188416,0.3993929326534271,0.3376863896846771,0.3574630320072174,0.7171874642372131,-0.12246836721897125,0.5697683095932007,0.4252765476703644,1.008847713470459,-0.025623738765716553,0.6565098166465759,0.5748301148414612,1.0095478296279907,-0.10751719027757645,0.728553295135498,0.6251445412635803,0.954292893409729,-0.06682292371988297,1.0185939073562622,0.3987264633178711,0.16179829835891724,-0.11554062366485596,0.020553171634674072,0.22074654698371887,-0.07768720388412476,-0.07771756500005722,0.3300324082374573,0.1566082239151001,0.15385448932647705,-0.03739506937563419,0.6366491317749023,0.2861127257347107,0.1005709171295166,-0.026845373213291168,0.7600829005241394,0.32801181077957153,0.14283210039138794,0.008991174399852753,0.6830483675003052,0.3268234431743622,3.0,3.0,3.0,3.0,3.0,3.0,3.0,3.0,3.0,3.0,3.0,3.0,3.0,3.0,3.0,3.0,3.0,3.0,3.0,3.0,0.05,0.05,0.05,0.05,0.05,0.05,0.05,0.05,0.05,0.05,0.05,0.05,0.05,0.05,0.05,0.05,0.05,0.05,0.05,0.05,0.0,0.0,0.0,0.0,0.0,0.0,0.0,0.0,0.0,0.0,0.0,0.0,0.0,0.0,0.0,0.0,0.0,0.0,0.0,0.0,0.27218347787857056,0.6532877683639526,0.44925323128700256,0.5223419666290283,0.40835022926330566,-0.08095712214708328,0.44525179266929626,0.017598561942577362,0.587460994720459,-0.07695592194795609,0.11767534166574478,0.1460001915693283,0.5413522124290466,0.03526630625128746,0.028164975345134735,0.12870796024799347,0.4861438572406769,0.04507655277848244,0.25053128600120544,0.002547936514019966,0.20768940448760986,0.013040006160736084,-0.03217533230781555,0.11121183633804321,0.03674253821372986,-0.01687854528427124,0.036612898111343384,0.060343602672219276,-0.05431175231933594,-0.013579055666923523,0.013216771185398102,-0.05887523293495178,-0.09768903255462646,0.028694048523902893,-0.17676898278295994,-0.17077475786209106,-0.021047145128250122,0.0049357302486896515,-0.4932362586259842,-0.02692330745048821,3.0,3.0,3.0,3.0,3.0,3.0,3.0,3.0,3.0,3.0,3.0,3.0,3.0,3.0,3.0,3.0,3.0,3.0,3.0,3.0,0.05,0.05,0.05,0.05,0.05,0.05,0.05,0.05,0.05,0.05,0.05,0.05,0.05,0.05,0.05,0.05,0.05,0.05,0.05,0.05,0.0,0.0,0.0,0.0,0.0,0.0,0.0,0.0,0.0,0.0,0.0,0.0,0.0,0.0,0.0,0.0,0.0,0.0,0.0,0.0
0.6355821490287781,0.3974441587924957,0.3383506238460541,0.361579030752182,0.715374231338501,-0.12374541163444519,0.5756967067718506,0.42791232466697693,1.0109997987747192,-0.026132049039006233,0.6680431365966797,0.5797762870788574,1.0105825662612915,-0.10774391144514084,0.7423727512359619,0.6309032440185547,0.9569993615150452,-0.06621938198804855,1.031315565109253,0.40466180443763733,0.11875033378601074,-0.07826089859008789,0.032370537519454956,0.17806291580200195,-0.11197030544281006,-0.04877857863903046,0.2644389867782593,0.10785385966300964,0.09419620037078857,-0.013757729902863503,0.54217129945755,0.2188950777053833,0.04481375217437744,-0.005469657480716705,0.6560593843460083,0.26297569274902344,0.10059773921966553,0.05254782736301422,0.5858033895492554,0.2677321434020996,3.0,3.0,3.0,3.0,3.0,3.0,3.0,3.0,3.0,3.0,3.0,3.0,3.0,3.0,3.0,3.0,3.0,3.0,3.0,3.0,0.05,0.05,0.05,0.05,0.05,0.05,0.05,0.05,0.05,0.05,0.05,0.05,0.05,0.05,0.05,0.05,0.05,0.05,0.05,0.05,0.0,0.0,0.0,0.0,0.0,0.0,0.0,0.0,0.0,0.0,0.0,0.0,0.0,0.0,0.0,0.0,0.0,0.0,0.0,0.0,0.2766905426979065,0.65384441614151,0.4484298825263977,0.5239394307136536,0.4096447229385376,-0.08090541511774063,0.44643154740333557,0.018964631482958794,0.5867864489555359,-0.0772741436958313,0.11822491884231567,0.14503875374794006,0.5402427911758423,0.035846419632434845,0.025264112278819084,0.12567974627017975,0.48637381196022034,0.045235954225063324,0.24127782881259918,0.002121198223903775,0.2231195569038391,0.033473968505859375,-0.03651455044746399,0.10464191436767578,0.07049441337585449,0.0005502253770828247,0.06765946745872498,0.06892899982631207,0.009047985076904297,-0.007075443863868713,0.04851445555686951,-0.035729631781578064,-0.037319958209991455,0.032180361449718475,-0.12747528962790966,-0.1375606283545494,0.029208511114120483,0.00014891847968101501,-0.43290257453918457,-0.008763623191043735,3.0,3.0,3.0,3.0,3.0,3.0,3.0,3.0,3.0,3.0,3.0,3.0,3.0,3.0,3.0,3.0,3.0,3.0,3.0,3.0,0.05,0.05,0.05,0.05,0.05,0.05,0.05,0.05,0.05,0.05,0.05,0.05,0.05,0.05,0.05,0.05,0.05,0.05,0.05,0.05,0.0,0.0,0.0,0.0,0.0,0.0,0.0,0.0,0.0,0.0,0.0,0.0,0.0,0.0,0.0,0.0,0.0,0.0,0.0,0.0
0.637582004070282,0.3962624967098236,0.3389812111854553,0.3645855486392975,0.7127086520195007,-0.12441951036453247,0.580345869064331,0.42959070205688477,1.0126155614852905,-0.026174047961831093,0.6781966686248779,0.5835859179496765,1.0113403797149658,-0.10773597657680511,0.7547956705093384,0.6356635689735413,0.9583168029785156,-0.0647210106253624,1.0420260429382324,0.4094357490539551,0.09025782346725464,-0.05077198147773743,0.03463327884674072,0.12268722057342529,-0.1513361930847168,-0.03234446048736572,0.20482242107391357,0.06325766444206238,0.048550963401794434,-0.0018515624105930328,0.4669785499572754,0.16199499368667603,0.005447864532470703,0.005867332220077515,0.5764812231063843,0.21219104528427124,0.0657886266708374,0.08507054299116135,0.5029946565628052,0.2172522246837616,3.0,3.0,3.0,3.0,3.0,3.0,3.0,3.0,3.0,3.0,3.0,3.0,3.0,3.0,3.0,3.0,3.0,3.0,3.0,3.0,0.05,0.05,0.05,0.05,0.05,0.05,0.05,0.05,0.05,0.05,0.05,0.05,0.05,0.05,0.05,0.05,0.05,0.05,0.05,0.05,0.0,0.0,0.0,0.0,0.0,0.0,0.0,0.0,0.0,0.0,0.0,0.0,0.0,0.0,0.0,0.0,0.0,0.0,0.0,0.0,0.2811082601547241,0.654626727104187,0.447792649269104,0.5265276432037354,0.41117000579833984,-0.08093511313199997,0.44795817136764526,0.020355721935629845,0.5878229141235352,-0.07723893970251083,0.11961591988801956,0.14457100629806519,0.539859414100647,0.0365535207092762,0.02306596376001835,0.12320553511381149,0.4873121976852417,0.04508250951766968,0.23321518301963806,0.0021973915863782167,0.21200105547904968,0.02025812864303589,-0.034440308809280396,0.1214146614074707,0.08960440754890442,0.013540126383304596,0.08616596460342407,0.07103537209331989,0.04124194383621216,0.0014813616871833801,0.06520934402942657,-0.020798295736312866,-0.013580918312072754,0.034806039184331894,-0.09751752950251102,-0.11168085038661957,0.05261451005935669,-0.004226900637149811,-0.376640260219574,-0.014439341612160206,3.0,3.0,3.0,3.0,3.0,3.0,3.0,3.0,3.0,3.0,3.0,3.0,3.0,3.0,3.0,3.0,3.0,3.0,3.0,3.0,0.05,0.05,0.05,0.05,0.05,0.05,0.05,0.05,0.05,0.05,0.05,0.05,0.05,0.05,0.05,0.05,0.05,0.05,0.05,0.05,0.0,0.0,0.0,0.0,0.0,0.0,0.0,0.0,0.0,0.0,0.0,0.0,0.0,0.0,0.0,0.0,0.0,0.0,0.0,0.0
0.6391924619674683,0.39541327953338623,0.3397359549999237,0.366486519575119,0.7093207836151123,-0.12503919005393982,0.5838896036148071,0.4304426312446594,1.012941837310791,-0.026206111535429955,0.6867222785949707,0.5862560868263245,1.0108004808425903,-0.10750921815633774,0.7654320001602173,0.6393908858299255,0.9596309065818787,-0.0628165602684021,1.0514353513717651,0.4133518934249878,0.050662457942962646,-0.046165287494659424,0.04691034555435181,0.07909461855888367,-0.17328858375549316,-0.012255832552909851,0.17108917236328125,0.029584020376205444,-0.02237856388092041,0.018843822181224823,0.38009732961654663,0.09890347719192505,-0.06958842277526855,0.026184692978858948,0.48486292362213135,0.15333741903305054,-0.0037103891372680664,0.10396810248494148,0.4140198230743408,0.16608312726020813,3.0,3.0,3.0,3.0,3.0,3.0,3.0,3.0,3.0,3.0,3.0,3.0,3.0,3.0,3.0,3.0,3.0,3.0,3.0,3.0,0.05,0.05,0.05,0.05,0.05,0.05,0.05,0.05,0.05,0.05,0.05,0.05,0.05,0.05,0.05,0.05,0.05,0.05,0.05,0.05,0.0,0.0,0.0,0.0,0.0,0.0,0.0,0.0,0.0,0.0,0.0,0.0,0.0,0.0,0.0,0.0,0.0,0.0,0.0,0.0,0.2851705849170685,0.6546547412872314,0.4470522701740265,0.5287960171699524,0.4132288992404938,-0.08036381006240845,0.44987818598747253,0.02180604636669159,0.5884361267089844,-0.07721488922834396,0.12083329260349274,0.14420682191848755,0.5396995544433594,0.03723866119980812,0.021363411098718643,0.12121251225471497,0.4884783923625946,0.04506687819957733,0.22621221840381622,0.001543624559417367,0.25770217180252075,-0.037516653537750244,-0.003933161497116089,0.08539706468582153,0.17340406775474548,0.020150095224380493,0.14118477702140808,0.08432208560407162,0.08086562156677246,0.004133954644203186,0.08971486240625381,-0.004717335104942322,0.016136467456817627,0.05180295556783676,-0.06385860033333302,-0.08219778537750244,0.02708733081817627,0.050685182213783264,-0.3748290240764618,-0.03127676609437913,3.0,3.0,3.0,3.0,3.0,3.0,3.0,3.0,3.0,3.0,3.0,3.0,3.0,3.0,3.0,3.0,3.0,3.0,3.0,3.0,0.05,0.05,0.05,0.05,0.05,0.05,0.05,0.05,0.05,0.05,0.05,0.05,0.05,0.05,0.05,0.05,0.05,0.05,0.05,0.05,0.0,0.0,0.0,0.0,0.0,0.0,0.0,0.0,0.0,0.0,0.0,0.0,0.0,0.0,0.0,0.0,0.0,0.0,0.0,0.0
0.6396085023880005,0.39441588521003723,0.3408576250076294,0.36774933338165283,0.705777108669281,-0.12490974366664886,0.5871894359588623,0.430774062871933,1.0117204189300537,-0.0254202950745821,0.6934005618095398,0.5875420570373535,1.008556842803955,-0.10668858885765076,0.7741901874542236,0.6417970657348633,0.9581683874130249,-0.06056228652596474,1.058586835861206,0.4160790741443634,0.030851364135744963,-0.035023689270018143,0.046703219413757324,0.047994405031204224,-0.19738674163818082,-0.0017371028661720966,0.14235079288482666,0.0035300850868225098,-0.09299814701080322,0.038116471841930996,0.2831757068634033,0.038337707519534026,-0.12900233268737793,0.04720594733953441,0.3909036517143222,0.09410530328750888,-0.0805616378784152,0.11138655245303986,0.3252297639846802,0.12061074376106123,3.0,3.0,3.0,3.0,3.0,3.0,3.0,3.0,3.0,3.0,3.0,3.0,3.0,3.0,3.0,3.0,3.0,3.0,3.0,3.0,0.05,0.05,0.05,0.05,0.05,0.05,0.05,0.05,0.05,0.05,0.05,0.05,0.05,0.05,0.05,0.05,0.05,0.05,0.05,0.05,0.0,0.0,0.0,0.0,0.0,0.0,0.0,0.0,0.0,0.0,0.0,0.0,0.0,0.0,0.0,0.0,0.0,0.0,0.0,0.0,0.29141634702682495,0.653126060962677,0.44763532280921936,0.5299435257911682,0.41810616850852966,-0.08012910932302475,0.4536055624485016,0.02372860535979271,0.591057538986206,-0.0770735815167427,0.12320451438426971,0.1443823128938675,0.5405048727989197,0.03862563893198967,0.020511619746685028,0.1199176236987114,0.48839569091796875,0.04710991680622101,0.2182220220565796,0.0009463209426030517,0.32648667693137706,-0.09173750877380094,-0.011664628982542558,0.062240660190582275,0.231289863586423,0.04680640995502333,0.18978342413902144,0.08944626897573375,0.14535039663314264,0.032440386712550076,0.1347377896308878,0.017878413200377724,0.09270310401916504,0.06617037579417141,-0.0008842907845979173,-0.038212910294532776,0.07499083876609525,0.06020097061991674,-0.36806277930736125,0.03854671376757324,3.0,3.0,3.0,3.0,3.0,3.0,3.0,3.0,3.0,3.0,3.0,3.0,3.0,3.0,3.0,3.0,3.0,3.0,3.0,3.0,0.05,0.05,0.05,0.05,0.05,0.05,0.05,0.05,0.05,0.05,0.05,0.05,0.05,0.05,0.05,0.05,0.05,0.05,0.05,0.05,0.0,0.0,0.0,0.0,0.0,0.0,0.0,0.0,0.0,0.0,0.0,0.0,0.0,0.0,0.0,0.0,0.0,0.0,0.0,0.0
0.6404265165328981,0.3940123319625855,0.341604083776474,0.3684062957763672,0.7014253139495851,-0.1251086741685867,0.5895836353302002,0.4305838346481323,1.0092219114303589,-0.024681452661752715,0.6980493068695068,0.5877895951271058,1.0056403875350952,-0.10562098026275636,0.7810681462287902,0.6431550979614259,0.956408441066742,-0.058361098170280505,1.0644445419311523,0.41817632317543024,0.05743205547332764,-0.015428662300111251,0.025387853384017944,0.013680756092071533,-0.2584144473075839,-0.011612102389335632,0.09578913450241089,-0.026558339595794678,-0.18705427646636408,0.03368961624801115,0.1692637801170349,-0.02359002828597745,-0.19807815551757257,0.051914155483245156,0.2837091684341403,0.028203427791598235,-0.14796853065490168,0.10720631107687881,0.22945404052734375,0.0745534896850586,3.0,3.0,3.0,3.0,3.0,3.0,3.0,3.0,3.0,3.0,3.0,3.0,3.0,3.0,3.0,3.0,3.0,3.0,3.0,3.0,0.05,0.05,0.05,0.05,0.05,0.05,0.05,0.05,0.05,0.05,0.05,0.05,0.05,0.05,0.05,0.05,0.05,0.05,0.05,0.05,0.0,0.0,0.0,0.0,0.0,0.0,0.0,0.0,0.0,0.0,0.0,0.0,0.0,0.0,0.0,0.0,0.0,0.0,0.0,0.0,0.29823005199432356,0.6509852409362794,0.4465856850147248,0.5312856435775757,0.4224804937839507,-0.07849155366420751,0.4574695229530334,0.02538389712572094,0.5942501425743101,-0.07591727375984196,0.12622280418872825,0.14492195844650266,0.543407678604126,0.03988547623157498,0.021328039467334726,0.11968399584293365,0.4914780259132384,0.047474917024374,0.21148970723152177,0.0030854931101202965,0.3688760101795155,-0.10177940130233765,-0.10996237397193631,0.09333491325378418,0.19355788826942166,0.12452006340026682,0.1995496451854678,0.08347318507730857,0.17405450344085416,0.07502995431423083,0.17649978399276525,0.04023984074592521,0.16095936298370084,0.07727807387709495,0.05677579902112397,-0.004017911851406444,0.23914277553557933,0.013221614062785929,-0.31105205416678966,0.050935769104398884,3.0,3.0,3.0,3.0,3.0,3.0,3.0,3.0,3.0,3.0,3.0,3.0,3.0,3.0,3.0,3.0,3.0,3.0,3.0,3.0,0.05,0.05,0.05,0.05,0.05,0.05,0.05,0.05,0.05,0.05,0.05,0.05,0.05,0.05,0.05,0.05,0.05,0.05,0.05,0.05,0.0,0.0,0.0,0.0,0.0,0.0,0.0,0.0,0.0,0.0,0.0,0.0,0.0,0.0,0.0,0.0,0.0,0.0,0.0,0.0
0.6419057846069336,0.3937987387180328,0.3418731391429901,0.3682965636253357,0.6954405307769777,-0.1253742277622223,0.5910210013389587,0.4297117292881012,1.0042382478713991,-0.024072710424661654,0.7001711130142212,0.5865984559059144,1.0006337165832522,-0.10461202263832095,0.7855385541915892,0.6429252028465272,0.9522496461868288,-0.056274034082889585,1.0677649974822998,0.41906121373176575,0.06483197212218961,-0.0013761222362532188,-0.0009275972843170166,-0.01052170991897583,-0.2916231751441928,0.008572079241274747,0.07514506578445435,-0.04588887095451216,-0.27483254671096524,0.03482610918581477,0.06442815065383911,-0.08179694414138794,-0.2689376473426791,0.05243029445409775,0.18542408943176547,-0.0385850667953519,-0.24101883172988892,0.08111754432320646,0.12690424919128418,0.026421248912812667,3.0,3.0,3.0,3.0,3.0,3.0,3.0,3.0,3.0,3.0,3.0,3.0,3.0,3.0,3.0,3.0,3.0,3.0,3.0,3.0,0.05,0.05,0.05,0.05,0.05,0.05,0.05,0.05,0.05,0.05,0.05,0.05,0.05,0.05,0.05,0.05,0.05,0.05,0.05,0.05,0.0,0.0,0.0,0.0,0.0,0.0,0.0,0.0,0.0,0.0,0.0,0.0,0.0,0.0,0.0,0.0,0.0,0.0,0.0,0.0,0.30617138743400557,0.6490548849105835,0.4432368278503419,0.5336769223213196,0.42584848403930653,-0.07514830678701408,0.4615875482559203,0.027067532762885052,0.5980197191238402,-0.07407238334417347,0.13026450574398032,0.1459919065237045,0.5469432473182677,0.04171676188707347,0.022782651707529987,0.11975690722465514,0.4979614019393919,0.047638781368732445,0.205779939889908,0.002983751706779007,0.47159940004348616,-0.13794004917145053,-0.20568817853927612,0.11844635009765625,0.17455816268920898,0.1610301434993737,0.23583918809890608,0.09203995577990982,0.20785331726074496,0.09714383631944656,0.23186355829238753,0.06702058017253876,0.19836872816085538,0.11301022022962535,0.08469610475003642,0.007210485637187611,0.3608807921409579,0.05344683304429089,-0.3072034567594535,-0.0231453450396657,3.0,3.0,3.0,3.0,3.0,3.0,3.0,3.0,3.0,3.0,3.0,3.0,3.0,3.0,3.0,3.0,3.0,3.0,3.0,3.0,0.05,0.05,0.05,0.05,0.05,0.05,0.05,0.05,0.05,0.05,0.05,0.05,0.05,0.05,0.05,0.05,0.05,0.05,0.05,0.05,0.0,0.0,0.0,0.0,0.0,0.0,0.0,0.0,0.0,0.0,0.0,0.0,0.0,0.0,0.0,0.0,0.0,0.0,0.0,0.0
0.6430197954177856,0.3939572870731354,0.3415669798851013,0.36798542737960815,0.6897603869438174,-0.12476579099893571,0.5925894379615784,0.42874827980995184,0.9982286095619203,-0.023288408294320124,0.7006264328956604,0.5845177173614503,0.994882881641388,-0.10352376848459245,0.7884851098060608,0.6416116952896118,0.9467676877975465,-0.055116396397352246,1.0695207118988037,0.41923317313194275,0.045737624168395996,0.02389997243881503,-0.031369179487228394,-0.02490207552909851,-0.2996981143951388,0.03842525184154476,0.08388310670852661,-0.05690604448318343,-0.30366480350494385,0.04317071288824064,-0.019584596157073975,-0.13773441314697266,-0.30623823404312134,0.059886835515499115,0.10343044996261874,-0.1117318868637085,-0.2969324588775635,0.0628336332738403,0.04131495952606201,-0.01982301473617415,3.0,3.0,3.0,3.0,3.0,3.0,3.0,3.0,3.0,3.0,3.0,3.0,3.0,3.0,3.0,3.0,3.0,3.0,3.0,3.0,0.05,0.05,0.05,0.05,0.05,0.05,0.05,0.05,0.05,0.05,0.05,0.05,0.05,0.05,0.05,0.05,0.05,0.05,0.05,0.05,0.0,0.0,0.0,0.0,0.0,0.0,0.0,0.0,0.0,0.0,0.0,0.0,0.0,0.0,0.0,0.0,0.0,0.0,0.0,0.0,0.317094027996063,0.6454676389694214,0.43835815787315374,0.5360234975814819,0.42946282029151905,-0.07205034792423257,0.46690309047698964,0.029065495356917333,0.6025642752647399,-0.0720315203070641,0.13549734652042375,0.1476027816534042,0.5513424277305602,0.04440588504075999,0.024715883657336183,0.11997241526842116,0.5059132575988767,0.04961279034614564,0.19920156896114363,0.0021596793085336685,0.5057781934738159,-0.2252444624900818,-0.20656660199165622,0.1444816589355441,0.2338416874408722,0.20051784813403978,0.3110654652118655,0.1168208662420506,0.26424676179885864,0.10952576994895866,0.2920284867286675,0.09800754487514426,0.2704322338104248,0.11583473533391953,0.1310725230723609,0.028630718588828694,0.41453540325164656,0.04037246108055132,-0.32366588711738653,-0.007657962851226427,3.0,3.0,3.0,3.0,3.0,3.0,3.0,3.0,3.0,3.0,3.0,3.0,3.0,3.0,3.0,3.0,3.0,3.0,3.0,3.0,0.05,0.05,0.05,0.05,0.05,0.05,0.05,0.05,0.05,0.05,0.05,0.05,0.05,0.05,0.05,0.05,0.05,0.05,0.05,0.05,0.0,0.0,0.0,0.0,0.0,0.0,0.0,0.0,0.0,0.0,0.0,0.0,0.0,0.0,0.0,0.0,0.0,0.0,0.0,0.0
0.6437352895736694,0.3947547376155854,0.340618371963501,0.36730048060417175,0.6834526062011721,-0.1238372176885605,0.5943763256072998,0.42743548750877386,0.9920916557312014,-0.022345881909132028,0.6993877291679382,0.5810890793800355,0.9883841872215273,-0.10221654921770099,0.789675772190094,0.6384559273719789,0.9403723478317263,-0.05376068875193597,1.0694175958633423,0.4182682931423188,0.018522143363952637,0.0057950615882873535,-0.03368481993675232,-0.0290699303150177,-0.3334209322929438,0.05197338759899174,0.0826910138130188,-0.06814897060394426,-0.34313052892685214,0.053543923422694636,-0.10390877723693848,-0.19028484821319858,-0.3452286124229459,0.06689615547657048,0.032019615173339844,-0.17586946487426758,-0.3390863537788419,0.04497226327657769,-0.02403855323791504,-0.05728974938392639,3.0,3.0,3.0,3.0,3.0,3.0,3.0,3.0,3.0,3.0,3.0,3.0,3.0,3.0,3.0,3.0,3.0,3.0,3.0,3.0,0.05,0.05,0.05,0.05,0.05,0.05,0.05,0.05,0.05,0.05,0.05,0.05,0.05,0.05,0.05,0.05,0.05,0.05,0.05,0.05,0.0,0.0,0.0,0.0,0.0,0.0,0.0,0.0,0.0,0.0,0.0,0.0,0.0,0.0,0.0,0.0,0.0,0.0,0.0,0.0,0.3264025151729582,0.6400451064109802,0.43497416377067566,0.5394561886787413,0.4352021515369414,-0.06712759286165249,0.4740301668643949,0.031740367412567076,0.6085895895957946,-0.06969135254621513,0.14194564521312703,0.14991220831871027,0.5577605366706847,0.04635015130043025,0.028025552630424423,0.12090213596820829,0.5145428180694578,0.0492536798119545,0.19283330440521254,0.00267743319272995,0.4596561193466242,-0.26192814111709595,-0.12426301836967607,0.18670856952667236,0.3136821091175107,0.2362089231610319,0.36894083023071567,0.13312860392034176,0.30646175146103183,0.124734640121461,0.3179091960191761,0.11455267667770455,0.32748728990555087,0.1140025444328797,0.17110039480030667,0.05114544183015858,0.42272806167603094,0.02295225858688337,-0.3023505210876499,-0.012902106391265988,3.0,3.0,3.0,3.0,3.0,3.0,3.0,3.0,3.0,3.0,3.0,3.0,3.0,3.0,3.0,3.0,3.0,3.0,3.0,3.0,0.05,0.05,0.05,0.05,0.05,0.05,0.05,0.05,0.05,0.05,0.05,0.05,0.05,0.05,0.05,0.05,0.05,0.05,0.05,0.05,0.0,0.0,0.0,0.0,0.0,0.0,0.0,0.0,0.0,0.0,0.0,0.0,0.0,0.0,0.0,0.0,0.0,0.0,0.0,0.0
0.6437606811523438,0.39418908953666687,0.3402195870876312,0.36682263016700745,0.6764235496520996,-0.12268685549497604,0.5958970785140991,0.42602232098579407,0.9845033884048462,-0.021146651357412338,0.6964700818061829,0.5769063234329224,0.9810737371444702,-0.10084792226552963,0.7897658944129944,0.6345769166946411,0.9332042336463928,-0.05331750586628914,1.068559169769287,0.4169415831565857,0.006724894046783447,-0.0025585293769850304,-0.030104070901870728,-0.018368661403656006,-0.36363899707794745,0.04433654248714482,0.0727728009223938,-0.07567405700683733,-0.3923609852790888,0.046465313062072404,-0.18518269062042236,-0.23458451032638827,-0.38857907056809027,0.06599854677915643,-0.030499696731567383,-0.22363960742950717,-0.39951652288437445,0.027326215058565487,-0.08609592914581299,-0.09206533432006975,3.0,3.0,3.0,3.0,3.0,3.0,3.0,3.0,3.0,3.0,3.0,3.0,3.0,3.0,3.0,3.0,3.0,3.0,3.0,3.0,0.05,0.05,0.05,0.05,0.05,0.05,0.05,0.05,0.05,0.05,0.05,0.05,0.05,0.05,0.05,0.05,0.05,0.05,0.05,0.05,0.0,0.0,0.0,0.0,0.0,0.0,0.0,0.0,0.0,0.0,0.0,0.0,0.0,0.0,0.0,0.0,0.0,0.0,0.0,0.0,0.335480272769928,0.6349905133247375,0.4333876371383667,0.5434918403625488,0.4420101046562195,-0.06260199099779129,0.48166072368621826,0.034390639513731,0.6148227453231812,-0.06704213470220566,0.1482137143611908,0.1521848887205124,0.5644419193267822,0.04896598681807518,0.03155989944934845,0.1220182329416275,0.522822380065918,0.05053088068962097,0.18710754811763763,0.001643595052883029,0.46780109405517994,-0.2687916159629822,-0.1011379063129425,0.2117812633514432,0.3269955515861539,0.2567791379988221,0.3837071359157618,0.12393277138471759,0.34489035606384555,0.14291033148765736,0.329397991299632,0.12007132172584672,0.34464746713638583,0.12688282877206924,0.18654596060514642,0.06057936698198388,0.4418864846229609,0.040367525070905685,-0.2659887075424229,-0.008589174831286073,3.0,3.0,3.0,3.0,3.0,3.0,3.0,3.0,3.0,3.0,3.0,3.0,3.0,3.0,3.0,3.0,3.0,3.0,3.0,3.0,0.05,0.05,0.05,0.05,0.05,0.05,0.05,0.05,0.05,0.05,0.05,0.05,0.05,0.05,0.05,0.05,0.05,0.05,0.05,0.05,0.0,0.0,0.0,0.0,0.0,0.0,0.0,0.0,0.0,0.0,0.0,0.0,0.0,0.0,0.0,0.0,0.0,0.0,0.0,0.0
0.6440042853355408,0.394652396440506,0.33941420912742615,0.3665657341480255,0.6689070463180542,-0.12206375598907471,0.5972872376441956,0.42440852522850037,0.9763972163200378,-0.020487269386649132,0.6919804215431213,0.57170569896698,0.9728410243988037,-0.09957660734653473,0.7884557843208313,0.6295103430747986,0.9243916869163513,-0.05266764014959335,1.0659737586975098,0.414585679769516,-0.016769766807556152,0.007415562868118286,-0.030243396759033203,0.00012293457984924316,-0.3912702202796936,0.038880668580532074,0.0608593225479126,-0.08872896432876587,-0.41617006063461304,0.04156534560024738,-0.25940388441085815,-0.28302818536758423,-0.41731297969818115,0.06780996918678284,-0.10090917348861694,-0.28293728828430176,-0.43174028396606445,0.03921240568161011,-0.15389621257781982,-0.13887807726860046,3.0,3.0,3.0,3.0,3.0,3.0,3.0,3.0,3.0,3.0,3.0,3.0,3.0,3.0,3.0,3.0,3.0,3.0,3.0,3.0,0.05,0.05,0.05,0.05,0.05,0.05,0.05,0.05,0.05,0.05,0.05,0.05,0.05,0.05,0.05,0.05,0.05,0.05,0.05,0.05,0.0,0.0,0.0,0.0,0.0,0.0,0.0,0.0,0.0,0.0,0.0,0.0,0.0,0.0,0.0,0.0,0.0,0.0,0.0,0.0,0.3451145589351654,0.6292934417724609,0.43092864751815796,0.5479274392127991,0.4482819736003876,-0.0568564273416996,0.4893784523010254,0.03669767826795578,0.6223852038383484,-0.06397493928670883,0.1551215648651123,0.15471506118774414,0.5715464353561401,0.05142546445131302,0.03548739105463028,0.12332531064748764,0.5322182774543762,0.050868380814790726,0.18219375610351562,0.002333866199478507,0.4856526851654053,-0.29942095279693604,-0.1446351408958435,0.2395719289779663,0.31432658433914185,0.29733628034591675,0.39698928594589233,0.11134324595332146,0.39034634828567505,0.15770532190799713,0.3529716283082962,0.12835748493671417,0.37967413663864136,0.12028822675347328,0.21106339991092682,0.06863754242658615,0.5096659064292908,0.0010845251381397247,-0.21938756108283997,0.005552024231292307,3.0,3.0,3.0,3.0,3.0,3.0,3.0,3.0,3.0,3.0,3.0,3.0,3.0,3.0,3.0,3.0,3.0,3.0,3.0,3.0,0.05,0.05,0.05,0.05,0.05,0.05,0.05,0.05,0.05,0.05,0.05,0.05,0.05,0.05,0.05,0.05,0.05,0.05,0.05,0.05,0.0,0.0,0.0,0.0,0.0,0.0,0.0,0.0,0.0,0.0,0.0,0.0,0.0,0.0,0.0,0.0,0.0,0.0,0.0,0.0
0.6430898904800415,0.3944857120513916,0.3390098512172699,0.3668275475502014,0.6607727408409119,-0.12113162875175476,0.5983314514160156,0.42247316241264343,0.9678565859794617,-0.019484037533402443,0.6860939264297485,0.565585196018219,0.964381217956543,-0.09813552349805832,0.7857295274734497,0.623259425163269,0.9159346222877502,-0.051749009639024734,1.0624033212661743,0.4113864600658417,-0.07736086845397949,-0.013788789510726929,-0.013128668069839478,0.018611550331115723,-0.38969218730926514,0.03648940473794937,0.059132277965545654,-0.09647756814956665,-0.4402577877044678,0.0365537591278553,-0.31456947326660156,-0.31685978174209595,-0.45492053031921387,0.06148386746644974,-0.172463059425354,-0.3370150923728943,-0.48620402812957764,0.04307245835661888,-0.21954476833343506,-0.1856386661529541,3.0,3.0,3.0,3.0,3.0,3.0,3.0,3.0,3.0,3.0,3.0,3.0,3.0,3.0,3.0,3.0,3.0,3.0,3.0,3.0,0.05,0.05,0.05,0.05,0.05,0.05,0.05,0.05,0.05,0.05,0.05,0.05,0.05,0.05,0.05,0.05,0.05,0.05,0.05,0.05,0.0,0.0,0.0,0.0,0.0,0.0,0.0,0.0,0.0,0.0,0.0,0.0,0.0,0.0,0.0,0.0,0.0,0.0,0.0,0.0,0.3549063801765442,0.6230136752128601,0.42760223150253296,0.5530747175216675,0.45458316802978516,-0.05070853978395462,0.49754029512405396,0.03884436935186386,0.6304365992546082,-0.06073392182588577,0.16233257949352264,0.15731918811798096,0.5796288847923279,0.05377751588821411,0.04000243544578552,0.12476373463869095,0.5432090163230896,0.05057426169514656,0.17833204567432404,0.0018656760221347213,0.45687928795814514,-0.2848520874977112,-0.12587010860443115,0.2584725618362427,0.294455885887146,0.29419418424367905,0.38131028413772583,0.09833397343754768,0.38432776927948,0.1456749625504017,0.33856481313705444,0.12151114642620087,0.39039552211761475,0.11403318494558334,0.21651675924658775,0.06856415420770645,0.49649178981781006,2.4493783712387085e-05,-0.18109306693077087,-0.01529111759737134,3.0,3.0,3.0,3.0,3.0,3.0,3.0,3.0,3.0,3.0,3.0,3.0,3.0,3.0,3.0,3.0,3.0,3.0,3.0,3.0,0.05,0.05,0.05,0.05,0.05,0.05,0.05,0.05,0.05,0.05,0.05,0.05,0.05,0.05,0.05,0.05,0.05,0.05,0.05,0.05,0.0,0.0,0.0,0.0,0.0,0.0,0.0,0.0,0.0,0.0,0.0,0.0,0.0,0.0,0.0,0.0,0.0,0.0,0.0,0.0
0.6409098505973816,0.3941008448600769,0.33888906240463257,0.36731019616127014,0.6533193588256836,-0.12060417979955673,0.5996525287628174,0.4205494225025177,0.9587869048118591,-0.01902511902153492,0.6793976426124573,0.5590313076972961,0.9546442031860352,-0.09711725264787674,0.7815572619438171,0.6160297393798828,0.9049435257911682,-0.0509447418153286,1.0571919679641724,0.4071601331233978,-0.12277662754058838,0.025934725999832153,-0.031398236751556396,0.05746185779571533,-0.39650797843933105,0.02227630466222763,0.05669444799423218,-0.11757835745811462,-0.4631131887435913,0.020246533676981926,-0.37172287702560425,-0.36338865756988525,-0.4640653729438782,0.05322359502315521,-0.24548619985580444,-0.4156053066253662,-0.5264639854431152,0.06564250215888023,-0.3115832805633545,-0.26731863617897034,3.0,3.0,3.0,3.0,3.0,3.0,3.0,3.0,3.0,3.0,3.0,3.0,3.0,3.0,3.0,3.0,3.0,3.0,3.0,3.0,0.05,0.05,0.05,0.05,0.05,0.05,0.05,0.05,0.05,0.05,0.05,0.05,0.05,0.05,0.05,0.05,0.05,0.05,0.05,0.05,0.0,0.0,0.0,0.0,0.0,0.0,0.0,0.0,0.0,0.0,0.0,0.0,0.0,0.0,0.0,0.0,0.0,0.0,0.0,0.0,0.3633897304534912,0.6178993582725525,0.4258938431739807,0.5582663416862488,0.4600602090358734,-0.04508865997195244,0.5046308636665344,0.04063103720545769,0.6377583146095276,-0.058147940784692764,0.16866415739059448,0.15957550704479218,0.5871622562408447,0.05598679184913635,0.04414806142449379,0.1260678768157959,0.5520779490470886,0.05086936056613922,0.1749500334262848,0.0017222214955836535,0.4512973129749298,-0.2829939126968384,-0.11262819170951843,0.25613903999328613,0.295499712228775,0.3025445155799389,0.38491636514663696,0.09252866730093956,0.40474236011505127,0.1408652402460575,0.3388296812772751,0.1177079975605011,0.40998756885528564,0.11377446353435516,0.23330682888627052,0.07435735315084457,0.4852116107940674,0.009949412196874619,-0.13648532330989838,-0.006928839138709009,3.0,3.0,3.0,3.0,3.0,3.0,3.0,3.0,3.0,3.0,3.0,3.0,3.0,3.0,3.0,3.0,3.0,3.0,3.0,3.0,0.05,0.05,0.05,0.05,0.05,0.05,0.05,0.05,0.05,0.05,0.05,0.05,0.05,0.05,0.05,0.05,0.05,0.05,0.05,0.05,0.0,0.0,0.0,0.0,0.0,0.0,0.0,0.0,0.0,0.0,0.0,0.0,0.0,0.0,0.0,0.0,0.0,0.0,0.0,0.0
0.638178825378418,0.3955231010913849,0.33775392174720764,0.36912602186203003,0.6449124217033386,-0.12024057656526566,0.6005992293357849,0.41777002811431885,0.949332058429718,-0.018674176186323166,0.6712250113487244,0.5510496497154236,0.9458186030387878,-0.09600657969713211,0.7759100794792175,0.6066352128982544,0.8948760628700256,-0.049123309552669525,1.0499399900436401,0.40069371461868286,-0.149478018283844,0.048516690731048584,-0.08435174822807312,0.10086297988891602,-0.4421323537826538,0.010408647358417511,0.028793513774871826,-0.1545332372188568,-0.4887089133262634,0.018256669864058495,-0.4336237907409668,-0.41613876819610596,-0.46199262142181396,0.06498675793409348,-0.3264620900154114,-0.5016610026359558,-0.5062714219093323,0.1118064858019352,-0.41371583938598633,-0.36532580852508545,3.0,3.0,3.0,3.0,3.0,3.0,3.0,3.0,3.0,3.0,3.0,3.0,3.0,3.0,3.0,3.0,3.0,3.0,3.0,3.0,0.05,0.05,0.05,0.05,0.05,0.05,0.05,0.05,0.05,0.05,0.05,0.05,0.05,0.05,0.05,0.05,0.05,0.05,0.05,0.05,0.0,0.0,0.0,0.0,0.0,0.0,0.0,0.0,0.0,0.0,0.0,0.0,0.0,0.0,0.0,0.0,0.0,0.0,0.0,0.0,0.3729582726955414,0.6116939187049866,0.4230971038341522,0.5633202791213989,0.46640315651893616,-0.038606759160757065,0.5129369497299194,0.042545516043901443,0.6466262936592102,-0.05509931221604347,0.17588576674461365,0.162027508020401,0.5960283875465393,0.05832849442958832,0.04933470860123634,0.12773802876472473,0.5626174807548523,0.050972238183021545,0.1728726327419281,0.001588522456586361,0.4751443862915039,-0.28938204050064087,-0.17133206129074097,0.24598240852355957,0.31460151076316833,0.32308539375662804,0.4126608371734619,0.09282641112804413,0.4499703645706177,0.14510024338960648,0.36038942635059357,0.12173764407634735,0.45823603868484497,0.11616535484790802,0.26968810707330704,0.08840672671794891,0.5079314112663269,0.018858257681131363,-0.0896938145160675,-0.009676287299953401,3.0,3.0,3.0,3.0,3.0,3.0,3.0,3.0,3.0,3.0,3.0,3.0,3.0,3.0,3.0,3.0,3.0,3.0,3.0,3.0,0.05,0.05,0.05,0.05,0.05,0.05,0.05,0.05,0.05,0.05,0.05,0.05,0.05,0.05,0.05,0.05,0.05,0.05,0.05,0.05,0.0,0.0,0.0,0.0,0.0,0.0,0.0,0.0,0.0,0.0,0.0,0.0,0.0,0.0,0.0,0.0,0.0,0.0,0.0,0.0
0.6349307298660278,0.39604151248931885,0.33551499247550964,0.3713447153568268,0.6356340646743774,-0.12018783390522003,0.6008042693138123,0.4143680930137634,0.9392385482788086,-0.01829485222697258,0.6620526909828186,0.5423857569694519,0.9361644983291626,-0.094517782330513,0.7684987783432007,0.5959632992744446,0.8846926689147949,-0.04647248238325119,1.040643334388733,0.3925471007823944,-0.1850709319114685,-0.015535950660705566,-0.11111870408058167,0.14270171523094177,-0.4882439970970154,0.006194785237312317,-0.015334784984588623,-0.17921924591064453,-0.5274266004562378,0.02783350646495819,-0.4781648516654968,-0.43739527463912964,-0.5096137523651123,0.08006878197193146,-0.40163248777389526,-0.5405470728874207,-0.5005002021789551,0.13991119340062141,-0.4804641008377075,-0.41910186409950256,3.0,3.0,3.0,3.0,3.0,3.0,3.0,3.0,3.0,3.0,3.0,3.0,3.0,3.0,3.0,3.0,3.0,3.0,3.0,3.0,0.05,0.05,0.05,0.05,0.05,0.05,0.05,0.05,0.05,0.05,0.05,0.05,0.05,0.05,0.05,0.05,0.05,0.05,0.05,0.05,0.0,0.0,0.0,0.0,0.0,0.0,0.0,0.0,0.0,0.0,0.0,0.0,0.0,0.0,0.0,0.0,0.0,0.0,0.0,0.0,0.38239550590515137,0.6063240766525269,0.4190405607223511,0.5681056380271912,0.47264426946640015,-0.03216524422168732,0.5211372971534729,0.04434409365057945,0.6557571291923523,-0.052343931049108505,0.18307973444461823,0.16444501280784607,0.6054916977882385,0.06063340604305267,0.05493558570742607,0.12960414588451385,0.5723952054977417,0.051623690873384476,0.1713622808456421,0.0013351700035855174,0.4926353693008423,-0.3170222043991089,-0.18812045454978943,0.23587942123413086,0.3248065710067749,0.322576891630888,0.4286825656890869,0.0903901644051075,0.4650294780731201,0.14776112511754036,0.3653593361377716,0.12159682810306549,0.47343969345092773,0.12202206999063492,0.28933724388480186,0.09965486824512482,0.513903796672821,0.03425907343626022,-0.04443563520908356,-0.011075692600570619,3.0,3.0,3.0,3.0,3.0,3.0,3.0,3.0,3.0,3.0,3.0,3.0,3.0,3.0,3.0,3.0,3.0,3.0,3.0,3.0,0.05,0.05,0.05,0.05,0.05,0.05,0.05,0.05,0.05,0.05,0.05,0.05,0.05,0.05,0.05,0.05,0.05,0.05,0.05,0.05,0.0,0.0,0.0,0.0,0.0,0.0,0.0,0.0,0.0,0.0,0.0,0.0,0.0,0.0,0.0,0.0,0.0,0.0,0.0,0.0
0.6307759881019592,0.39490166306495667,0.3333091735839844,0.3748340904712677,0.625382661819458,-0.11999278515577316,0.5999858379364014,0.41060125827789307,0.9282349944114685,-0.017560835927724838,0.6520984172821045,0.5335538387298584,0.9254340529441833,-0.09280382841825485,0.7598447799682617,0.5850133299827576,0.8748560547828674,-0.04352686181664467,1.0307214260101318,0.38392964005470276,-0.15883445739746094,0.0064820051193237305,-0.0860854983329773,0.15974268317222595,-0.5122289061546326,0.011471658945083618,-0.05058944225311279,-0.19953548908233643,-0.5577176809310913,0.01979726366698742,-0.509306788444519,-0.4474833607673645,-0.5281776189804077,0.056600943207740784,-0.449158251285553,-0.5629077553749084,-0.5087301135063171,0.10835761204361916,-0.519821047782898,-0.4579991102218628,3.0,3.0,3.0,3.0,3.0,3.0,3.0,3.0,3.0,3.0,3.0,3.0,3.0,3.0,3.0,3.0,3.0,3.0,3.0,3.0,0.05,0.05,0.05,0.05,0.05,0.05,0.05,0.05,0.05,0.05,0.05,0.05,0.05,0.05,0.05,0.05,0.05,0.05,0.05,0.05,0.0,0.0,0.0,0.0,0.0,0.0,0.0,0.0,0.0,0.0,0.0,0.0,0.0,0.0,0.0,0.0,0.0,0.0,0.0,0.0,0.3926636874675751,0.5990130305290222,0.41557228565216064,0.5727554559707642,0.47939541935920715,-0.025703683495521545,0.5300842523574829,0.04616112262010574,0.665227472782135,-0.04918886721134186,0.1905001401901245,0.16689138114452362,0.6149659752845764,0.06320937722921371,0.06090819835662842,0.13172422349452972,0.5831736326217651,0.052342601120471954,0.17109520733356476,0.0011454947525635362,0.5329228937625885,-0.31916648149490356,-0.1899823546409607,0.16605257987976074,0.3070719540119171,0.30982606112957,0.4139319062232971,0.07948018610477448,0.44600069522857666,0.1551472581923008,0.34545548260211945,0.11237896978855133,0.4504159092903137,0.12486334890127182,0.2825000323355198,0.1004442572593689,0.49156248569488525,0.06096586585044861,-0.014084577560424805,0.016788908396847546,3.0,3.0,3.0,3.0,3.0,3.0,3.0,3.0,3.0,3.0,3.0,3.0,3.0,3.0,3.0,3.0,3.0,3.0,3.0,3.0,0.05,0.05,0.05,0.05,0.05,0.05,0.05,0.05,0.05,0.05,0.05,0.05,0.05,0.05,0.05,0.05,0.05,0.05,0.05,0.05,0.0,0.0,0.0,0.0,0.0,0.0,0.0,0.0,0.0,0.0,0.0,0.0,0.0,0.0,0.0,0.0,0.0,0.0,0.0,0.0
0.6285773515701294,0.3963007926940918,0.33207157254219055,0.3777344226837158,0.6151449084281921,-0.11972896754741669,0.5987806916236877,0.40638667345046997,0.9169298410415649,-0.017502961680293083,0.6416804194450378,0.5244864225387573,0.9150373935699463,-0.09225374460220337,0.7505324482917786,0.5734469890594482,0.8643434643745422,-0.042138177901506424,1.019850492477417,0.3742271363735199,-0.053498148918151855,0.0872202217578888,-0.12922883033752441,0.10645389556884766,-0.5258038640022278,0.02562161535024643,-0.07990598678588867,-0.21829232573509216,-0.5889460444450378,-0.020253844559192657,-0.5148649215698242,-0.4371717572212219,-0.5510225892066956,-0.012932345271110535,-0.4852592945098877,-0.584353506565094,-0.5663424730300903,0.01354282721877098,-0.5489110946655273,-0.5016446113586426,3.0,3.0,3.0,3.0,3.0,3.0,3.0,3.0,3.0,3.0,3.0,3.0,3.0,3.0,3.0,3.0,3.0,3.0,3.0,3.0,0.05,0.05,0.05,0.05,0.05,0.05,0.05,0.05,0.05,0.05,0.05,0.05,0.05,0.05,0.05,0.05,0.05,0.05,0.05,0.05,0.0,0.0,0.0,0.0,0.0,0.0,0.0,0.0,0.0,0.0,0.0,0.0,0.0,0.0,0.0,0.0,0.0,0.0,0.0,0.0,0.4037124216556549,0.5935574173927307,0.41144126653671265,0.5747477412223816,0.48492714762687683,-0.019772201776504517,0.5376945734024048,0.04752330109477043,0.6735971570014954,-0.04613804072141647,0.196897953748703,0.16894017159938812,0.6235083341598511,0.06562793999910355,0.06623558700084686,0.1336219161748886,0.5920577049255371,0.05406232550740242,0.1707988977432251,0.0020067263394594193,0.6349422037601471,-0.24258047342300415,-0.2603679895401001,0.07624030113220215,0.2547144889831543,0.27459547854959965,0.35708993673324585,0.059573445469141006,0.38957297801971436,0.16714027151465416,0.2974312752485275,0.09472332894802094,0.4080444574356079,0.14842357486486435,0.2563135698437691,0.09355396032333374,0.42635202407836914,0.13044467195868492,-0.01161433756351471,0.004541911766864359,3.0,3.0,3.0,3.0,3.0,3.0,3.0,3.0,3.0,3.0,3.0,3.0,3.0,3.0,3.0,3.0,3.0,3.0,3.0,3.0,0.05,0.05,0.05,0.05,0.05,0.05,0.05,0.05,0.05,0.05,0.05,0.05,0.05,0.05,0.05,0.05,0.05,0.05,0.05,0.05,0.0,0.0,0.0,0.0,0.0,0.0,0.0,0.0,0.0,0.0,0.0,0.0,0.0,0.0,0.0,0.0,0.0,0.0,0.0,0.0
0.6286360621452332,0.3983904719352722,0.3281400203704834,0.3790922462940216,0.6043505072593689,-0.1189679205417633,0.5967895984649658,0.4018695652484894,0.904677152633667,-0.018370989710092545,0.6315038204193115,0.5160669684410095,0.9033931493759155,-0.09332112222909927,0.7404344081878662,0.5616391897201538,0.8522023558616638,-0.04298514872789383,1.0087649822235107,0.36386385560035706,-0.07833242416381836,0.08111447095870972,-0.1450769603252411,0.14497041702270508,-0.5024299025535583,0.0021940097212791443,-0.06349831819534302,-0.21070986986160278,-0.5594447255134583,-0.028145359829068184,-0.48394203186035156,-0.4079759120941162,-0.5366116762161255,0.003580749034881592,-0.4961743950843811,-0.6013408303260803,-0.5593374371528625,0.04016943275928497,-0.546303391456604,-0.5412250757217407,3.0,3.0,3.0,3.0,3.0,3.0,3.0,3.0,3.0,3.0,3.0,3.0,3.0,3.0,3.0,3.0,3.0,3.0,3.0,3.0,0.05,0.05,0.05,0.05,0.05,0.05,0.05,0.05,0.05,0.05,0.05,0.05,0.05,0.05,0.05,0.05,0.05,0.05,0.05,0.05,0.0,0.0,0.0,0.0,0.0,0.0,0.0,0.0,0.0,0.0,0.0,0.0,0.0,0.0,0.0,0.0,0.0,0.0,0.0,0.0,0.41806137561798096,0.589309811592102,0.40515756607055664,0.5758050680160522,0.4895839989185333,-0.01471986435353756,0.5443678498268127,0.048544060438871384,0.6808103919029236,-0.04250325635075569,0.2023973912000656,0.17068031430244446,0.6312877535820007,0.06914632022380829,0.07116074115037918,0.13546638190746307,0.6002277135848999,0.05756038799881935,0.17063063383102417,0.0013271712232381105,0.7051065564155579,-0.34451931715011597,-0.2654761075973511,0.13973861932754517,0.2902291715145111,0.3061476512812078,0.3818780183792114,0.07371017709374428,0.41027218103408813,0.1704997383058071,0.3125768154859543,0.1110423356294632,0.43256282806396484,0.13793334364891052,0.29268208891153336,0.12724250555038452,0.4375755786895752,0.09494945406913757,0.016386061906814575,0.007614493370056152,3.0,3.0,3.0,3.0,3.0,3.0,3.0,3.0,3.0,3.0,3.0,3.0,3.0,3.0,3.0,3.0,3.0,3.0,3.0,3.0,0.05,0.05,0.05,0.05,0.05,0.05,0.05,0.05,0.05,0.05,0.05,0.05,0.05,0.05,0.05,0.05,0.05,0.05,0.05,0.05,0.0,0.0,0.0,0.0,0.0,0.0,0.0,0.0,0.0,0.0,0.0,0.0,0.0,0.0,0.0,0.0,0.0,0.0,0.0,0.0
0.6254440546035767,0.3995453715324402,0.3262684941291809,0.383533239364624,0.5950477123260498,-0.11964120715856552,0.596240758895874,0.39795827865600586,0.8945520520210266,-0.01862877607345581,0.6223227381706238,0.5081673860549927,0.8935729265213013,-0.0921105146408081,0.7306854724884033,0.549393355846405,0.8419699668884277,-0.040531400591135025,0.9979983568191528,0.35257813334465027,-0.03042668104171753,0.03631189465522766,-0.14080852270126343,0.23868754506111145,-0.4448235034942627,0.02191830426454544,0.04403740167617798,-0.15458613634109497,-0.46362578868865967,0.022432487457990646,-0.3978818655014038,-0.36737769842147827,-0.43378323316574097,0.1040114089846611,-0.43746381998062134,-0.6065487861633301,-0.43777376413345337,0.18697353079915047,-0.46216994524002075,-0.5669407546520233,3.0,3.0,3.0,3.0,3.0,3.0,3.0,3.0,3.0,3.0,3.0,3.0,3.0,3.0,3.0,3.0,3.0,3.0,3.0,3.0,0.05,0.05,0.05,0.05,0.05,0.05,0.05,0.05,0.05,0.05,0.05,0.05,0.05,0.05,0.05,0.05,0.05,0.05,0.05,0.05,0.0,0.0,0.0,0.0,0.0,0.0,0.0,0.0,0.0,0.0,0.0,0.0,0.0,0.0,0.0,0.0,0.0,0.0,0.0,0.0,0.4319166839122772,0.5797766447067261,0.4008222222328186,0.5803372859954834,0.4965363144874573,-0.007526295725256205,0.5529696941375732,0.0504717081785202,0.6900080442428589,-0.03931805118918419,0.20940102636814117,0.17338186502456665,0.6408108472824097,0.07114527374505997,0.0779428705573082,0.138711616396904,0.6095607280731201,0.05786030367016792,0.17145434021949768,0.0023113060742616653,0.7992029190063477,-0.36781877279281616,-0.2937987446784973,0.23407042026519775,0.35596564412117004,0.25699016405269504,0.43828338384628296,0.11185510084033012,0.4676997661590576,0.13938229531049728,0.3696795552968979,0.15508122742176056,0.4890024662017822,0.12382157146930695,0.34354329109191895,0.16557611525058746,0.4985913634300232,0.08292319253087044,0.07802620530128479,0.009441905422136188,3.0,3.0,3.0,3.0,3.0,3.0,3.0,3.0,3.0,3.0,3.0,3.0,3.0,3.0,3.0,3.0,3.0,3.0,3.0,3.0,0.05,0.05,0.05,0.05,0.05,0.05,0.05,0.05,0.05,0.05,0.05,0.05,0.05,0.05,0.05,0.05,0.05,0.05,0.05,0.05,0.0,0.0,0.0,0.0,0.0,0.0,0.0,0.0,0.0,0.0,0.0,0.0,0.0,0.0,0.0,0.0,0.0,0.0,0.0,0.0
0.6274189949035645,0.3998429477214813,0.32250767946243286,0.38863974809646606,0.5865575671195984,-0.11809118837118149,0.5985510945320129,0.3956861197948456,0.8861321210861206,-0.01747369021177292,0.6155885457992554,0.5013718605041504,0.8860418200492859,-0.08916066586971283,0.7229358553886414,0.5373772382736206,0.8346914052963257,-0.03550620749592781,0.9902781844139099,0.3411862254142761,0.11095106601715088,0.018136203289031982,-0.17444714903831482,0.29664114117622375,-0.4187062382698059,0.08016079664230347,0.1370742917060852,-0.10511502623558044,-0.41785091161727905,0.06397105753421783,-0.3195047378540039,-0.3380723297595978,-0.38267821073532104,0.15331711620092392,-0.3733396530151367,-0.6078436970710754,-0.3881201148033142,0.23852325975894928,-0.3650069236755371,-0.5919642746448517,3.0,3.0,3.0,3.0,3.0,3.0,3.0,3.0,3.0,3.0,3.0,3.0,3.0,3.0,3.0,3.0,3.0,3.0,3.0,3.0,0.05,0.05,0.05,0.05,0.05,0.05,0.05,0.05,0.05,0.05,0.05,0.05,0.05,0.05,0.05,0.05,0.05,0.05,0.05,0.05,0.0,0.0,0.0,0.0,0.0,0.0,0.0,0.0,0.0,0.0,0.0,0.0,0.0,0.0,0.0,0.0,0.0,0.0,0.0,0.0,0.45002949237823486,0.5745970606803894,0.39340561628341675,0.5851678848266602,0.5038226246833801,-0.004440257791429758,0.5618991851806641,0.05301826447248459,0.6995183825492859,-0.0369279645383358,0.21718457341194153,0.17688356339931488,0.650847852230072,0.07409918308258057,0.08490247279405594,0.14208942651748657,0.6201713681221008,0.06087731570005417,0.17375168204307556,0.001704847440123558,0.9982652962207794,-0.35822242498397827,-0.39442554116249084,0.28689950704574585,0.379393994808197,0.16509266570210457,0.4790067672729492,0.16589080914855003,0.47038793563842773,0.11317608878016472,0.41270293295383453,0.2092745155096054,0.5137056112289429,0.13279952108860016,0.3602171316742897,0.17836131155490875,0.5117461085319519,0.13316581025719643,0.12177042663097382,-0.025908404495567083,3.0,3.0,3.0,3.0,3.0,3.0,3.0,3.0,3.0,3.0,3.0,3.0,3.0,3.0,3.0,3.0,3.0,3.0,3.0,3.0,0.05,0.05,0.05,0.05,0.05,0.05,0.05,0.05,0.05,0.05,0.05,0.05,0.05,0.05,0.05,0.05,0.05,0.05,0.05,0.05,0.0,0.0,0.0,0.0,0.0,0.0,0.0,0.0,0.0,0.0,0.0,0.0,0.0,0.0,0.0,0.0,0.0,0.0,0.0,0.0
0.6298820972442627,0.40027081966400146,0.3192906081676483,0.395398885011673,0.5782994627952576,-0.11643477529287338,0.6017237305641174,0.39375367760658264,0.8778380155563354,-0.016069933772087097,0.6095425486564636,0.49464449286460876,0.8782657980918884,-0.08597782999277115,0.7157518863677979,0.525079607963562,0.8264451622962952,-0.030990470200777054,0.9833980798721313,0.3288995623588562,-0.007420778274536133,-0.09803324937820435,-0.07830783724784851,0.3214523196220398,-0.4571110010147095,0.029028207063674927,0.11249035596847534,-0.14258697628974915,-0.465625524520874,-0.014498690143227577,-0.38114041090011597,-0.39099082350730896,-0.46877413988113403,0.10522324591875076,-0.45094192028045654,-0.6796985864639282,-0.4820510745048523,0.1445107627660036,-0.4246726632118225,-0.6867252290248871,3.0,3.0,3.0,3.0,3.0,3.0,3.0,3.0,3.0,3.0,3.0,3.0,3.0,3.0,3.0,3.0,3.0,3.0,3.0,3.0,0.05,0.05,0.05,0.05,0.05,0.05,0.05,0.05,0.05,0.05,0.05,0.05,0.05,0.05,0.05,0.05,0.05,0.05,0.05,0.05,0.0,0.0,0.0,0.0,0.0,0.0,0.0,0.0,0.0,0.0,0.0,0.0,0.0,0.0,0.0,0.0,0.0,0.0,0.0,0.0,0.4718472957611084,0.5654477477073669,0.38504520058631897,0.5918132662773132,0.5117120742797852,-0.0009225890971720219,0.5721299648284912,0.057107340544462204,0.708823561668396,-0.0347910076379776,0.22590914368629456,0.18175284564495087,0.6613590717315674,0.07645725458860397,0.09235155582427979,0.14584606885910034,0.6300305724143982,0.06318693608045578,0.17632515728473663,0.001274969894438982,0.898326188325882,-0.5767270922660828,-0.27927085757255554,0.34176409244537354,0.3842264413833618,0.24868607288226485,0.48462003469467163,0.20155664533376694,0.44419318437576294,0.0952170230448246,0.39993226528167725,0.23025013506412506,0.4767701029777527,0.05840882658958435,0.35103484988212585,0.1850023865699768,0.41467398405075073,0.008340738713741302,0.09947642683982849,-0.006490579107776284,3.0,3.0,3.0,3.0,3.0,3.0,3.0,3.0,3.0,3.0,3.0,3.0,3.0,3.0,3.0,3.0,3.0,3.0,3.0,3.0,0.05,0.05,0.05,0.05,0.05,0.05,0.05,0.05,0.05,0.05,0.05,0.05,0.05,0.05,0.05,0.05,0.05,0.05,0.05,0.05,0.0,0.0,0.0,0.0,0.0,0.0,0.0,0.0,0.0,0.0,0.0,0.0,0.0,0.0,0.0,0.0,0.0,0.0,0.0,0.0
0.627122163772583,0.39592161774635315,0.3193753659725189,0.40149784088134766,0.56827312707901,-0.11693006008863449,0.603050708770752,0.3899826407432556,0.8675071001052856,-0.018053637817502022,0.6003429293632507,0.48573222756385803,0.8672908544540405,-0.0849517360329628,0.7048981785774231,0.5101892948150635,0.8154093623161316,-0.029725776985287666,0.973291277885437,0.31371721625328064,-0.06990432739257812,-0.1600034534931183,-0.0710316002368927,0.3120154142379761,-0.47923922538757324,-0.07436126470565796,0.04308819770812988,-0.2072162926197052,-0.5208700895309448,-0.1530243083834648,-0.47041475772857666,-0.4458695650100708,-0.5221828818321228,-0.03164410591125488,-0.5399420857429504,-0.7317326962947845,-0.5637645721435547,-0.03304174169898033,-0.5022287368774414,-0.764523446559906,3.0,3.0,3.0,3.0,3.0,3.0,3.0,3.0,3.0,3.0,3.0,3.0,3.0,3.0,3.0,3.0,3.0,3.0,3.0,3.0,0.05,0.05,0.05,0.05,0.05,0.05,0.05,0.05,0.05,0.05,0.05,0.05,0.05,0.05,0.05,0.05,0.05,0.05,0.05,0.05,0.0,0.0,0.0,0.0,0.0,0.0,0.0,0.0,0.0,0.0,0.0,0.0,0.0,0.0,0.0,0.0,0.0,0.0,0.0,0.0,0.48596253991127014,0.5515279769897461,0.3822347819805145,0.5988384485244751,0.5191916823387146,0.005507185123860836,0.5812839865684509,0.061080530285835266,0.7172861099243164,-0.033119283616542816,0.23318186402320862,0.18609356880187988,0.6699186563491821,0.07643553614616394,0.09894386678934097,0.14948952198028564,0.6367583274841309,0.06121094524860382,0.1777307391166687,0.0014452242758125067,0.7354363799095154,-0.6353676319122314,-0.14931783080101013,0.32650381326675415,0.40927231311798096,0.31304812291637063,0.45735985040664673,0.2076367847621441,0.4627734422683716,0.07978947833180428,0.3645002841949463,0.22826716303825378,0.46632587909698486,0.005667842924594879,0.36014318466186523,0.20688138902187347,0.37655532360076904,-0.08202800527215004,0.10651461780071259,0.021198613103479147,3.0,3.0,3.0,3.0,3.0,3.0,3.0,3.0,3.0,3.0,3.0,3.0,3.0,3.0,3.0,3.0,3.0,3.0,3.0,3.0,0.05,0.05,0.05,0.05,0.05,0.05,0.05,0.05,0.05,0.05,0.05,0.05,0.05,0.05,0.05,0.05,0.05,0.05,0.05,0.05,0.0,0.0,0.0,0.0,0.0,0.0,0.0,0.0,0.0,0.0,0.0,0.0,0.0,0.0,0.0,0.0,0.0,0.0,0.0,0.0
0.6270859241485596,0.39387068152427673,0.3164493441581726,0.407879501581192,0.5591298937797546,-0.1194092258810997,0.6034472584724426,0.38546502590179443,0.8570032119750977,-0.02219090610742569,0.5907259583473206,0.47680971026420593,0.8573784828186035,-0.08724359422922134,0.6941542029380798,0.49581030011177063,0.803894579410553,-0.03231213986873627,0.9633089303970337,0.29831862449645996,-0.08454322814941406,-0.17652809619903564,-0.11477246880531311,0.3982655704021454,-0.42607635259628296,-0.12812092900276184,0.030809640884399414,-0.20519495010375977,-0.49223750829696655,-0.14089816249907017,-0.4441455006599426,-0.40917471051216125,-0.4940226674079895,-0.0665927305817604,-0.5135491490364075,-0.6699360907077789,-0.5501925945281982,-0.0622426625341177,-0.48416852951049805,-0.7332608103752136,3.0,3.0,3.0,3.0,3.0,3.0,3.0,3.0,3.0,3.0,3.0,3.0,3.0,3.0,3.0,3.0,3.0,3.0,3.0,3.0,0.05,0.05,0.05,0.05,0.05,0.05,0.05,0.05,0.05,0.05,0.05,0.05,0.05,0.05,0.05,0.05,0.05,0.05,0.05,0.05,0.0,0.0,0.0,0.0,0.0,0.0,0.0,0.0,0.0,0.0,0.0,0.0,0.0,0.0,0.0,0.0,0.0,0.0,0.0,0.0,0.501264750957489,0.5400330424308777,0.37907248735427856,0.6048734188079834,0.5280829668045044,0.011599335819482803,0.5904243588447571,0.06541281193494797,0.7273344993591309,-0.03159942850470543,0.2404891550540924,0.19088353216648102,0.6800121068954468,0.07668396830558777,0.1067572832107544,0.15412132441997528,0.645092785358429,0.05990581586956978,0.18058574199676514,0.002122914418578148,0.7545478641986847,-0.6289303302764893,-0.1641973853111267,0.28042346239089966,0.4317551851272583,0.3472224110737443,0.4318326711654663,0.22240374237298965,0.48772841691970825,0.10244431905448437,0.34309253096580505,0.25014765560626984,0.4805907607078552,0.04200693219900131,0.3879845142364502,0.24622157216072083,0.39133578538894653,-0.018104352056980133,0.14086216688156128,0.02199566806666553,3.0,3.0,3.0,3.0,3.0,3.0,3.0,3.0,3.0,3.0,3.0,3.0,3.0,3.0,3.0,3.0,3.0,3.0,3.0,3.0,0.05,0.05,0.05,0.05,0.05,0.05,0.05,0.05,0.05,0.05,0.05,0.05,0.05,0.05,0.05,0.05,0.05,0.05,0.05,0.05,0.0,0.0,0.0,0.0,0.0,0.0,0.0,0.0,0.0,0.0,0.0,0.0,0.0,0.0,0.0,0.0,0.0,0.0,0.0,0.0
0.6237404346466064,0.3888604938983917,0.3147844672203064,0.41742846369743347,0.5512300729751587,-0.12205489724874496,0.6042830944061279,0.3817748427391052,0.847817599773407,-0.02368956431746483,0.582577109336853,0.4693652391433716,0.847529947757721,-0.08761544525623322,0.6843562126159668,0.4833918511867523,0.7934016585350037,-0.032215483486652374,0.9539245367050171,0.2843867838382721,-0.14088451862335205,-0.23582875728607178,-0.050427019596099854,0.4797741770744324,-0.3723755478858948,-0.13709105551242828,0.05229860544204712,-0.16493573784828186,-0.4259034991264343,-0.07629278115928173,-0.37326812744140625,-0.3375686705112457,-0.466291606426239,0.015695206820964813,-0.4518762230873108,-0.5670659244060516,-0.49419403076171875,0.0561403576284647,-0.4439830780029297,-0.6524614989757538,3.0,3.0,3.0,3.0,3.0,3.0,3.0,3.0,3.0,3.0,3.0,3.0,3.0,3.0,3.0,3.0,3.0,3.0,3.0,3.0,0.05,0.05,0.05,0.05,0.05,0.05,0.05,0.05,0.05,0.05,0.05,0.05,0.05,0.05,0.05,0.05,0.05,0.05,0.05,0.05,0.0,0.0,0.0,0.0,0.0,0.0,0.0,0.0,0.0,0.0,0.0,0.0,0.0,0.0,0.0,0.0,0.0,0.0,0.0,0.0,0.5161444544792175,0.5263707637786865,0.37566688656806946,0.6100553870201111,0.5364618897438049,0.019396081566810608,0.5985572934150696,0.06997667998075485,0.7367952466011047,-0.02902151085436344,0.24690556526184082,0.19609947502613068,0.6891422867774963,0.07811581343412399,0.11446324735879898,0.15933838486671448,0.6524117588996887,0.060486771166324615,0.18336522579193115,0.002325050998479128,0.6816312670707703,-0.6289854645729065,-0.15438422560691833,0.21363049745559692,0.3769993782043457,0.3616845700889826,0.3632694482803345,0.21063275635242462,0.4387363791465759,0.12691104784607887,0.2939097583293915,0.24687424302101135,0.43046772480010986,0.07643010467290878,0.3633050248026848,0.2488125115633011,0.3412410616874695,0.03628125414252281,0.13443045318126678,-0.008302787318825722,3.0,3.0,3.0,3.0,3.0,3.0,3.0,3.0,3.0,3.0,3.0,3.0,3.0,3.0,3.0,3.0,3.0,3.0,3.0,3.0,0.05,0.05,0.05,0.05,0.05,0.05,0.05,0.05,0.05,0.05,0.05,0.05,0.05,0.05,0.05,0.05,0.05,0.05,0.05,0.05,0.0,0.0,0.0,0.0,0.0,0.0,0.0,0.0,0.0,0.0,0.0,0.0,0.0,0.0,0.0,0.0,0.0,0.0,0.0,0.0
0.6214505434036255,0.38443753123283386,0.3144322633743286,0.4270704686641693,0.5442348718643188,-0.12489286810159683,0.6055392026901245,0.37886759638786316,0.8399670720100403,-0.02524261735379696,0.5757952332496643,0.4633069634437561,0.838726818561554,-0.08661578595638275,0.6760791540145874,0.47312766313552856,0.7841268181800842,-0.03006652556359768,0.9455496072769165,0.2722201645374298,-0.09636878967285156,-0.22487565875053406,-0.020760297775268555,0.4663236439228058,-0.3377869725227356,-0.1340297982096672,0.07006824016571045,-0.13136565685272217,-0.38434118032455444,-0.05772090516984463,-0.32459646463394165,-0.28138235211372375,-0.4309028387069702,0.04794429987668991,-0.39280205965042114,-0.4727490246295929,-0.444793701171875,0.11995555832982063,-0.39689838886260986,-0.5710944533348083,3.0,3.0,3.0,3.0,3.0,3.0,3.0,3.0,3.0,3.0,3.0,3.0,3.0,3.0,3.0,3.0,3.0,3.0,3.0,3.0,0.05,0.05,0.05,0.05,0.05,0.05,0.05,0.05,0.05,0.05,0.05,0.05,0.05,0.05,0.05,0.05,0.05,0.05,0.05,0.05,0.0,0.0,0.0,0.0,0.0,0.0,0.0,0.0,0.0,0.0,0.0,0.0,0.0,0.0,0.0,0.0,0.0,0.0,0.0,0.0,0.5285300016403198,0.5148736238479614,0.37289711833000183,0.6134186387062073,0.5431629419326782,0.026066718623042107,0.6049551367759705,0.07383812218904495,0.7448839545249939,-0.026522986590862274,0.25224554538726807,0.20075850188732147,0.6972308158874512,0.07974117249250412,0.12128948420286179,0.16407382488250732,0.6587424278259277,0.06135706603527069,0.1859629601240158,0.001790802925825119,0.5843847990036011,-0.5615368485450745,-0.1355007290840149,0.1593664288520813,0.3372207283973694,0.33296383917331696,0.3011375665664673,0.19995663315057755,0.4015132784843445,0.13401559554040432,0.2583608031272888,0.24918541312217712,0.4014357924461365,0.09353030472993851,0.3461001440882683,0.2498667687177658,0.32442212104797363,0.057386234402656555,0.15422403812408447,-0.02081317943520844,3.0,3.0,3.0,3.0,3.0,3.0,3.0,3.0,3.0,3.0,3.0,3.0,3.0,3.0,3.0,3.0,3.0,3.0,3.0,3.0,0.05,0.05,0.05,0.05,0.05,0.05,0.05,0.05,0.05,0.05,0.05,0.05,0.05,0.05,0.05,0.05,0.05,0.05,0.05,0.05,0.0,0.0,0.0,0.0,0.0,0.0,0.0,0.0,0.0,0.0,0.0,0.0,0.0,0.0,0.0,0.0,0.0,0.0,0.0,0.0
0.6198856830596924,0.37986546754837036,0.31395405530929565,0.4360814094543457,0.5377185940742493,-0.12741608917713165,0.6070858240127563,0.37652021646499634,0.8324439525604248,-0.025998400524258614,0.5695932507514954,0.45810994505882263,0.8302938342094421,-0.08569767326116562,0.66864413022995,0.4644818902015686,0.7756099104881287,-0.02741726115345955,0.9380486011505127,0.26154300570487976,-0.08260160684585571,-0.230291485786438,-0.012145936489105225,0.4519365727901459,-0.30429214239120483,-0.11902991682291031,0.0874057412147522,-0.10374486446380615,-0.36083757877349854,-0.03756494261324406,-0.29487907886505127,-0.24123787879943848,-0.4008099436759949,0.05600210279226303,-0.34928470849990845,-0.3960832953453064,-0.41185468435287476,0.13218000531196594,-0.35684704780578613,-0.4993513226509094,3.0,3.0,3.0,3.0,3.0,3.0,3.0,3.0,3.0,3.0,3.0,3.0,3.0,3.0,3.0,3.0,3.0,3.0,3.0,3.0,0.05,0.05,0.05,0.05,0.05,0.05,0.05,0.05,0.05,0.05,0.05,0.05,0.05,0.05,0.05,0.05,0.05,0.05,0.05,0.05,0.0,0.0,0.0,0.0,0.0,0.0,0.0,0.0,0.0,0.0,0.0,0.0,0.0,0.0,0.0,0.0,0.0,0.0,0.0,0.0,0.5395198464393616,0.5039092898368835,0.37024685740470886,0.6164300441741943,0.5499507188796997,0.032714635133743286,0.6106027960777283,0.07797494530677795,0.7528557777404785,-0.02366088703274727,0.2572399973869324,0.20606689155101776,0.7051997184753418,0.08185702562332153,0.1283072531223297,0.1693330556154251,0.6653886437416077,0.06278222054243088,0.18953418731689453,0.0014925238210707903,0.5046918988227844,-0.5062863230705261,-0.11698007583618164,0.10588616132736206,0.2985954284667969,0.30190865509212017,0.2492770552635193,0.18793977797031403,0.37110596895217896,0.12948294170200825,0.23019909858703613,0.24664811789989471,0.3718271851539612,0.09390674531459808,0.325232557952404,0.24368539452552795,0.3021150827407837,0.07058903574943542,0.16683265566825867,-0.009614159353077412,3.0,3.0,3.0,3.0,3.0,3.0,3.0,3.0,3.0,3.0,3.0,3.0,3.0,3.0,3.0,3.0,3.0,3.0,3.0,3.0,0.05,0.05,0.05,0.05,0.05,0.05,0.05,0.05,0.05,0.05,0.05,0.05,0.05,0.05,0.05,0.05,0.05,0.05,0.05,0.05,0.0,0.0,0.0,0.0,0.0,0.0,0.0,0.0,0.0,0.0,0.0,0.0,0.0,0.0,0.0,0.0,0.0,0.0,0.0,0.0
0.6181464791297913,0.37522587180137634,0.3139464259147644,0.44514793157577515,0.5320631861686707,-0.12965406477451324,0.6090354323387146,0.3747178018093109,0.8255335688591003,-0.02674521505832672,0.5640000700950623,0.45365744829177856,0.8226944208145142,-0.08437570184469223,0.6621077656745911,0.4572843313217163,0.7676526308059692,-0.02477932535111904,0.9312757253646851,0.25224611163139343,-0.07086396217346191,-0.22039860486984253,0.005189329385757446,0.4348777234554291,-0.2657264471054077,-0.11441484093666077,0.10380744934082031,-0.08033737540245056,-0.3359571099281311,-0.03739409148693085,-0.2702683210372925,-0.20984560251235962,-0.3617137670516968,0.05400311201810837,-0.3097996115684509,-0.33074989914894104,-0.3801673650741577,0.12285429984331131,-0.3157690167427063,-0.43305642902851105,3.0,3.0,3.0,3.0,3.0,3.0,3.0,3.0,3.0,3.0,3.0,3.0,3.0,3.0,3.0,3.0,3.0,3.0,3.0,3.0,0.05,0.05,0.05,0.05,0.05,0.05,0.05,0.05,0.05,0.05,0.05,0.05,0.05,0.05,0.05,0.05,0.05,0.05,0.05,0.05,0.0,0.0,0.0,0.0,0.0,0.0,0.0,0.0,0.0,0.0,0.0,0.0,0.0,0.0,0.0,0.0,0.0,0.0,0.0,0.0,0.5487176775932312,0.4946221709251404,0.36821791529655457,0.6176540851593018,0.5551067590713501,0.03814306482672691,0.6149262189865112,0.08135571330785751,0.759728193283081,-0.021343668922781944,0.2614535093307495,0.21062442660331726,0.7121039032936096,0.08349744230508804,0.13429878652095795,0.17382124066352844,0.6708270311355591,0.06418062746524811,0.19263626635074615,0.0014062365517020226,0.4296213388442993,-0.4437103867530823,-0.09444504976272583,0.05545467138290405,0.2574637532234192,0.25643426924943924,0.20458847284317017,0.17259828746318817,0.3445848822593689,0.11574607342481613,0.20878762006759644,0.23691058158874512,0.35021305084228516,0.08332952857017517,0.30673667788505554,0.23060478270053864,0.29253512620925903,0.07789004594087601,0.18953979015350342,-0.0006552611012011766,3.0,3.0,3.0,3.0,3.0,3.0,3.0,3.0,3.0,3.0,3.0,3.0,3.0,3.0,3.0,3.0,3.0,3.0,3.0,3.0,0.05,0.05,0.05,0.05,0.05,0.05,0.05,0.05,0.05,0.05,0.05,0.05,0.05,0.05,0.05,0.05,0.05,0.05,0.05,0.05,0.0,0.0,0.0,0.0,0.0,0.0,0.0,0.0,0.0,0.0,0.0,0.0,0.0,0.0,0.0,0.0,0.0,0.0,0.0,0.0
0.6170511245727539,0.37104952335357666,0.31416162848472595,0.45347651839256287,0.527089536190033,-0.13199268281459808,0.6112381219863892,0.3733067214488983,0.8190056681632996,-0.027494164183735847,0.5587825179100037,0.44971612095832825,0.8158252835273743,-0.08353754878044128,0.6562521457672119,0.45125189423561096,0.7604032158851624,-0.022503089159727097,0.9254178404808044,0.24422074854373932,-0.04969686269760132,-0.20756572484970093,0.00538751482963562,0.40772780776023865,-0.2422139048576355,-0.11206157505512238,0.11094808578491211,-0.06516426801681519,-0.3175884485244751,-0.042091403156518936,-0.25385916233062744,-0.18853992223739624,-0.3294751048088074,0.03937762230634689,-0.28311312198638916,-0.28093084692955017,-0.3522515296936035,0.10529723949730396,-0.2780303359031677,-0.3785036504268646,3.0,3.0,3.0,3.0,3.0,3.0,3.0,3.0,3.0,3.0,3.0,3.0,3.0,3.0,3.0,3.0,3.0,3.0,3.0,3.0,0.05,0.05,0.05,0.05,0.05,0.05,0.05,0.05,0.05,0.05,0.05,0.05,0.05,0.05,0.05,0.05,0.05,0.05,0.05,0.05,0.0,0.0,0.0,0.0,0.0,0.0,0.0,0.0,0.0,0.0,0.0,0.0,0.0,0.0,0.0,0.0,0.0,0.0,0.0,0.0,0.5567046999931335,0.48616087436676025,0.36646905541419983,0.6186482310295105,0.5602492690086365,0.042972005903720856,0.6187863349914551,0.08487887680530548,0.7666391730308533,-0.019031044095754623,0.26559150218963623,0.21554331481456757,0.7192082405090332,0.08519020676612854,0.14057672023773193,0.17855724692344666,0.677090048789978,0.06589782238006592,0.19711577892303467,0.0014663133770227432,0.3632053732872009,-0.39215758442878723,-0.07986724376678467,0.02750605344772339,0.22424757480621338,0.21733464673161507,0.1691862940788269,0.1596381887793541,0.3200843930244446,0.10505602695047855,0.1893743872642517,0.2263493835926056,0.3289267420768738,0.07479283958673477,0.288647785782814,0.2171047031879425,0.2757653594017029,0.07623732089996338,0.2040967345237732,-0.007005207589827478,3.0,3.0,3.0,3.0,3.0,3.0,3.0,3.0,3.0,3.0,3.0,3.0,3.0,3.0,3.0,3.0,3.0,3.0,3.0,3.0,0.05,0.05,0.05,0.05,0.05,0.05,0.05,0.05,0.05,0.05,0.05,0.05,0.05,0.05,0.05,0.05,0.05,0.05,0.05,0.05,0.0,0.0,0.0,0.0,0.0,0.0,0.0,0.0,0.0,0.0,0.0,0.0,0.0,0.0,0.0,0.0,0.0,0.0,0.0,0.0
0.6161586046218872,0.3669232428073883,0.31416192650794983,0.4614570438861847,0.5223746299743652,-0.13413652777671814,0.6134733557701111,0.3721112310886383,0.8128300309181213,-0.02842887118458748,0.5538457036018372,0.4461158514022827,0.8095154166221619,-0.08280059695243835,0.6507832407951355,0.4460470974445343,0.7535625696182251,-0.020567435771226883,0.9201545119285583,0.23710596561431885,-0.044496357440948486,-0.19346624612808228,-0.0006005167961120605,0.38549676537513733,-0.22430866956710815,-0.107564777135849,0.11160820722579956,-0.05805268883705139,-0.3017336130142212,-0.049162935465574265,-0.24469345808029175,-0.1778334379196167,-0.30111223459243774,0.02411920577287674,-0.2686738967895508,-0.24757683277130127,-0.3311663866043091,0.08326424285769463,-0.2501443028450012,-0.33992454409599304,3.0,3.0,3.0,3.0,3.0,3.0,3.0,3.0,3.0,3.0,3.0,3.0,3.0,3.0,3.0,3.0,3.0,3.0,3.0,3.0,0.05,0.05,0.05,0.05,0.05,0.05,0.05,0.05,0.05,0.05,0.05,0.05,0.05,0.05,0.05,0.05,0.05,0.05,0.05,0.05,0.0,0.0,0.0,0.0,0.0,0.0,0.0,0.0,0.0,0.0,0.0,0.0,0.0,0.0,0.0,0.0,0.0,0.0,0.0,0.0,0.5632458925247192,0.4789358675479889,0.3650232255458832,0.6187543272972107,0.5640766620635986,0.046836450695991516,0.6216936707496643,0.08774124085903168,0.7725315690040588,-0.017141427844762802,0.2690284848213196,0.21967840194702148,0.7252609729766846,0.08648915588855743,0.1458446979522705,0.18250542879104614,0.6818576455116272,0.06723012030124664,0.20080013573169708,0.0011260282481089234,0.28514713048934937,-0.35424306988716125,-0.058047473430633545,-0.0036209821701049805,0.1933082938194275,0.18038293346762657,0.13884007930755615,0.14352146536111832,0.3000974655151367,0.09709694422781467,0.17075762152671814,0.20959414541721344,0.31347423791885376,0.06724782288074493,0.2714917063713074,0.19886866211891174,0.2441003918647766,0.07467754185199738,0.21392107009887695,-0.02298594481544569,3.0,3.0,3.0,3.0,3.0,3.0,3.0,3.0,3.0,3.0,3.0,3.0,3.0,3.0,3.0,3.0,3.0,3.0,3.0,3.0,0.05,0.05,0.05,0.05,0.05,0.05,0.05,0.05,0.05,0.05,0.05,0.05,0.05,0.05,0.05,0.05,0.05,0.05,0.05,0.05,0.0,0.0,0.0,0.0,0.0,0.0,0.0,0.0,0.0,0.0,0.0,0.0,0.0,0.0,0.0,0.0,0.0,0.0,0.0,0.0
0.615271270275116,0.36331087350845337,0.31413760781288147,0.46889638900756836,0.5181171894073486,-0.13629527390003204,0.6157024502754211,0.37098461389541626,0.8069363236427307,-0.029460681602358818,0.548994779586792,0.4426027834415436,0.8037807941436768,-0.08257278054952621,0.6455051898956299,0.4413488209247589,0.74715656042099,-0.01917251944541931,0.9154120683670044,0.2306237667798996,-0.05002617835998535,-0.18066987395286283,0.0006213784217820595,0.35879462957381786,-0.20897388458251953,-0.10368265211582045,0.10823756456374845,-0.05801618099212508,-0.2911433577537509,-0.05649407394230305,-0.24310946464538297,-0.17743110656738142,-0.2774506807327243,0.006727129220962524,-0.2643719315528842,-0.22865682840347012,-0.3150105476379367,0.059214234352111206,-0.22965967655181607,-0.3157235682010623,3.0,3.0,3.0,3.0,3.0,3.0,3.0,3.0,3.0,3.0,3.0,3.0,3.0,3.0,3.0,3.0,3.0,3.0,3.0,3.0,0.05,0.05,0.05,0.05,0.05,0.05,0.05,0.05,0.05,0.05,0.05,0.05,0.05,0.05,0.05,0.05,0.05,0.05,0.05,0.05,0.0,0.0,0.0,0.0,0.0,0.0,0.0,0.0,0.0,0.0,0.0,0.0,0.0,0.0,0.0,0.0,0.0,0.0,0.0,0.0,0.5681105852127075,0.4719911515712738,0.3641471564769745,0.6185033917427063,0.5679816007614136,0.05018732324242592,0.6243399381637573,0.09061973541975021,0.7786430716514587,-0.015147166326642036,0.27242180705070496,0.2239270806312561,0.7317472100257874,0.08788011968135834,0.15143638849258423,0.18651199340820312,0.6868540644645691,0.06888492405414581,0.20567262172698975,0.0005468755844049156,0.2240821719169589,-0.32327100634574474,-0.029919296503067017,-0.019992887973788176,0.1667618751525879,0.15800967812537992,0.1124352216720581,0.1300066709518422,0.28860270977019986,0.09363058488815945,0.15655830502509793,0.19776150584220678,0.3051221370696994,0.06256680935621192,0.2621039748191806,0.18560737371444563,0.22055059671401978,0.07406231015920604,0.23196674883365354,0.0018738588551059365,3.0,3.0,3.0,3.0,3.0,3.0,3.0,3.0,3.0,3.0,3.0,3.0,3.0,3.0,3.0,3.0,3.0,3.0,3.0,3.0,0.05,0.05,0.05,0.05,0.05,0.05,0.05,0.05,0.05,0.05,0.05,0.05,0.05,0.05,0.05,0.05,0.05,0.05,0.05,0.05,0.0,0.0,0.0,0.0,0.0,0.0,0.0,0.0,0.0,0.0,0.0,0.0,0.0,0.0,0.0,0.0,0.0,0.0,0.0,0.0
0.6141575574874878,0.3596964478492738,0.3141867816448211,0.4758088290691374,0.5140156745910645,-0.13828383386135096,0.617802858352661,0.3697905838489533,0.8011842966079713,-0.0306886341422796,0.5441213250160218,0.43901860713958746,0.7984173893928529,-0.08253151178359985,0.6402083635330201,0.4369008243083955,0.7409621477127076,-0.018198866397142435,0.9109681248664857,0.22447702288627636,-0.05409419536590576,-0.1779705286025987,0.004195421934127808,0.33450722694396556,-0.19415915012359342,-0.09528212249278953,0.10604709386825562,-0.05904287099838257,-0.27942061424255094,-0.05520717240869964,-0.23684352636337003,-0.17717704176902632,-0.25498718023299893,0.0028621405363082886,-0.2596244215965243,-0.21428242325782498,-0.3013134002685519,0.04991120658814881,-0.2151697874069186,-0.29925666749477037,3.0,3.0,3.0,3.0,3.0,3.0,3.0,3.0,3.0,3.0,3.0,3.0,3.0,3.0,3.0,3.0,3.0,3.0,3.0,3.0,0.05,0.05,0.05,0.05,0.05,0.05,0.05,0.05,0.05,0.05,0.05,0.05,0.05,0.05,0.05,0.05,0.05,0.05,0.05,0.05,0.0,0.0,0.0,0.0,0.0,0.0,0.0,0.0,0.0,0.0,0.0,0.0,0.0,0.0,0.0,0.0,0.0,0.0,0.0,0.0,0.5722091794013976,0.4660050272941591,0.3638264536857605,0.6179546117782592,0.5707471370697021,0.05315683782100671,0.6261910796165466,0.09294150769710537,0.7840756773948668,-0.013396204449236424,0.2752908170223235,0.22758886218070976,0.7374658584594725,0.08899182826280591,0.15632885694503773,0.18992972373962397,0.690679669380188,0.07019261270761488,0.21007880568504322,0.001200982602313161,0.19915401935577393,-0.28178691864013394,-0.028256326913833618,-0.032463669776916504,0.11420845985412598,0.1309184357523906,0.07705539464950839,0.10798256844282011,0.25670826435088834,0.07467274554073745,0.13397932052612305,0.17699263989925176,0.2817124128341647,0.03896262496709789,0.24588257074355732,0.16610585153102667,0.20519942045211514,0.04559028893709148,0.24869516491889607,0.007345677295234057,3.0,3.0,3.0,3.0,3.0,3.0,3.0,3.0,3.0,3.0,3.0,3.0,3.0,3.0,3.0,3.0,3.0,3.0,3.0,3.0,0.05,0.05,0.05,0.05,0.05,0.05,0.05,0.05,0.05,0.05,0.05,0.05,0.05,0.05,0.05,0.05,0.05,0.05,0.05,0.05,0.0,0.0,0.0,0.0,0.0,0.0,0.0,0.0,0.0,0.0,0.0,0.0,0.0,0.0,0.0,0.0,0.0,0.0,0.0,0.0
0.6131075024604797,0.3561920523643494,0.3143054246902466,0.482276678085327,0.5103508234024049,-0.14010655879974362,0.6199443340301514,0.36862289905548096,0.7957594990730287,-0.031668968498706804,0.5395210385322572,0.4355157017707825,0.7935813069343568,-0.08245829492807388,0.6351202130317689,0.4327775239944459,0.7351040244102479,-0.01717607118189336,0.9068052768707277,0.21865350008010878,-0.050629675388333406,-0.15284717082977434,0.013309717178346114,0.28300508856773654,-0.16118884086608887,-0.0796828418970115,0.10869055986404697,-0.05990117788314819,-0.2317845821380643,-0.04199645482003697,-0.20726919174194336,-0.16764476895332336,-0.2011507749557495,-0.0023385509848591196,-0.2314433455467224,-0.19177943468093872,-0.27265846729278564,0.03371881321072639,-0.19144415855407715,-0.28084106743335724,3.0,3.0,3.0,3.0,3.0,3.0,3.0,3.0,3.0,3.0,3.0,3.0,3.0,3.0,3.0,3.0,3.0,3.0,3.0,3.0,0.05,0.05,0.05,0.05,0.05,0.05,0.05,0.05,0.05,0.05,0.05,0.05,0.05,0.05,0.05,0.05,0.05,0.05,0.05,0.05,0.0,0.0,0.0,0.0,0.0,0.0,0.0,0.0,0.0,0.0,0.0,0.0,0.0,0.0,0.0,0.0,0.0,0.0,0.0,0.0,0.5760767459869385,0.46071967482566845,0.36301690340042114,0.6172048449516296,0.5725499391555786,0.05542406067252154,0.6274221539497377,0.09493903815746302,0.7889114022254943,-0.012160256505012538,0.2777809798717499,0.23100678622722617,0.7430157065391539,0.08943862468004225,0.16127169132232652,0.1931562274694442,0.6950620412826537,0.07070853561162947,0.2156204283237456,0.0008407026762142779,0.18666684627533237,-0.25251731276512285,-0.03318861126899719,-0.06523728370666226,0.09346902370452881,0.09588077664375375,0.059381127357480135,0.09654611349105835,0.2524062991142273,0.057623372413218236,0.13416409492492815,0.17326436936855316,0.2888873219490051,0.023524090647697796,0.2579040825366974,0.16126446425914764,0.219690799713132,0.03400091081857681,0.2988196909427629,-0.005741715722251681,3.0,3.0,3.0,3.0,3.0,3.0,3.0,3.0,3.0,3.0,3.0,3.0,3.0,3.0,3.0,3.0,3.0,3.0,3.0,3.0,0.05,0.05,0.05,0.05,0.05,0.05,0.05,0.05,0.05,0.05,0.05,0.05,0.05,0.05,0.05,0.05,0.05,0.05,0.05,0.05,0.0,0.0,0.0,0.0,0.0,0.0,0.0,0.0,0.0,0.0,0.0,0.0,0.0,0.0,0.0,0.0,0.0,0.0,0.0,0.0
0.6121323704719545,0.3535825610160828,0.31471917033195496,0.48712903261184687,0.5075681209564209,-0.14147114753723142,0.6221504807472229,0.3673945367336274,0.7919129133224487,-0.03236849233508108,0.5358305573463441,0.4323128163814545,0.7903713583946229,-0.08262505382299422,0.6309506297111512,0.42922964692115795,0.7300558090209962,-0.01685011386871338,0.9033103585243226,0.21324338018894207,-0.05248934030532837,-0.12958943843841553,0.02589598298072676,0.22196620702743808,-0.12362152338027954,-0.06192699074745178,0.10655671358108243,-0.06836578249931197,-0.1769036054611206,-0.030348356813192368,-0.17672628164291382,-0.16151070594787598,-0.14341324567795077,-0.014063715934753418,-0.1996651291847229,-0.17137303948402544,-0.2313658595085144,0.003444124013185848,-0.1599624752998352,-0.26678256690502233,3.0,3.0,3.0,3.0,3.0,3.0,3.0,3.0,3.0,3.0,3.0,3.0,3.0,3.0,3.0,3.0,3.0,3.0,3.0,3.0,0.05,0.05,0.05,0.05,0.05,0.05,0.05,0.05,0.05,0.05,0.05,0.05,0.05,0.05,0.05,0.05,0.05,0.05,0.05,0.05,0.0,0.0,0.0,0.0,0.0,0.0,0.0,0.0,0.0,0.0,0.0,0.0,0.0,0.0,0.0,0.0,0.0,0.0,0.0,0.0,0.5796758532524109,0.4559043347835542,0.3624989092350006,0.6153451204299927,0.5744858980178833,0.05699206888675686,0.6285663247108458,0.0968033522367477,0.7941719293594359,-0.011091269552707695,0.2806573808193206,0.23451943695545188,0.7490213513374328,0.08993279188871382,0.16664502024650563,0.19638030230998987,0.6994673013687133,0.07155264914035796,0.22203159332275374,0.0009713139734230937,0.17867088317870816,-0.2411752939224257,-0.03798380494117737,-0.12240558862686157,0.07575154304504395,0.0726063735783107,0.04159212112426203,0.08383821696043084,0.25839805603027344,0.04699903074651982,0.1462712883949252,0.1749139279127121,0.306491553783414,0.015516579151153911,0.2786040306091315,0.1615423709154129,0.24139881134033203,0.031632743775844574,0.3536071628332124,-0.004533852916210892,3.0,3.0,3.0,3.0,3.0,3.0,3.0,3.0,3.0,3.0,3.0,3.0,3.0,3.0,3.0,3.0,3.0,3.0,3.0,3.0,0.05,0.05,0.05,0.05,0.05,0.05,0.05,0.05,0.05,0.05,0.05,0.05,0.05,0.05,0.05,0.05,0.05,0.05,0.05,0.05,0.0,0.0,0.0,0.0,0.0,0.0,0.0,0.0,0.0,0.0,0.0,0.0,0.0,0.0,0.0,0.0,0.0,0.0,0.0,0.0
0.6110079288482666,0.3510084748268128,0.31534126400947565,0.4911553263664245,0.5054059624671937,-0.1425836384296417,0.6242066025733947,0.3658882677555085,0.7886833548545839,-0.0328829027712345,0.5324519872665406,0.4290552735328675,0.7878447771072388,-0.08302084356546402,0.62713360786438,0.4259226024150849,0.7258493900299073,-0.017038306221365925,0.9004067778587342,0.2079821974039079,-0.04922598600387851,-0.11196434497833391,0.029777735471725464,0.17528459429741045,-0.08587241172790527,-0.05483739078044961,0.10055452585220337,-0.08007958531379838,-0.1277714967727661,-0.0266510993242269,-0.14934986829757968,-0.15714913606643816,-0.09845942258835116,-0.02542864531278645,-0.1741930842399625,-0.15622973442077914,-0.19365549087524692,-0.02040853723883629,-0.13174414634704867,-0.25887340307235995,3.0,3.0,3.0,3.0,3.0,3.0,3.0,3.0,3.0,3.0,3.0,3.0,3.0,3.0,3.0,3.0,3.0,3.0,3.0,3.0,0.05,0.05,0.05,0.05,0.05,0.05,0.05,0.05,0.05,0.05,0.05,0.05,0.05,0.05,0.05,0.05,0.05,0.05,0.05,0.05,0.0,0.0,0.0,0.0,0.0,0.0,0.0,0.0,0.0,0.0,0.0,0.0,0.0,0.0,0.0,0.0,0.0,0.0,0.0,0.0,0.5832235813140868,0.4510726630687714,0.36149755120277405,0.6123086214065552,0.5755800008773804,0.05832831561565397,0.6290858387947081,0.09829256683588025,0.7992473244667052,-0.010280295275151745,0.2836318314075469,0.23800334334373466,0.7552753686904905,0.09005928784608841,0.17241585254669178,0.1996179223060607,0.704717993736267,0.07197384536266326,0.22976471483707409,0.0006593485595658422,0.17324388027191162,-0.23547783493995944,-0.05828365683555603,-0.1725122332572937,0.06357729434967041,0.056001357734204206,0.026535987854006682,0.07237177342176541,0.2530381083488492,0.03771344199776706,0.15397071838379045,0.17491839826107233,0.33134222030639926,0.005765073001385082,0.30298829078674594,0.16452148556709428,0.2555310726165799,0.01755375415086781,0.4047390073537868,-0.001714480458758774,3.0,3.0,3.0,3.0,3.0,3.0,3.0,3.0,3.0,3.0,3.0,3.0,3.0,3.0,3.0,3.0,3.0,3.0,3.0,3.0,0.05,0.05,0.05,0.05,0.05,0.05,0.05,0.05,0.05,0.05,0.05,0.05,0.05,0.05,0.05,0.05,0.05,0.05,0.05,0.05,0.0,0.0,0.0,0.0,0.0,0.0,0.0,0.0,0.0,0.0,0.0,0.0,0.0,0.0,0.0,0.0,0.0,0.0,0.0,0.0
0.6101633310317993,0.34910398721694946,0.315910279750824,0.4941404163837433,0.5041332244873047,-0.1436646431684494,0.626172661781311,0.36419135332107544,0.7868020534515381,-0.033434536308050156,0.5298565626144409,0.426026850938797,0.7864329814910889,-0.08364219963550568,0.6239829063415527,0.4229804575443268,0.7223095893859863,-0.01766645535826683,0.8980405926704407,0.20288844406604767,-0.0394672155380249,-0.09973347187042375,0.03378987312317033,0.1246124505996718,-0.050587952136996184,-0.04958249628543923,0.09097605943680087,-0.0875018537044539,-0.08368045091629306,-0.022596307098865856,-0.12107342481613437,-0.14639794826507707,-0.05872100591659546,-0.034766457974910736,-0.14750063419342319,-0.13974606990814348,-0.15782117843628207,-0.03641038201749333,-0.10404735803604404,-0.24528317153454104,3.0,3.0,3.0,3.0,3.0,3.0,3.0,3.0,3.0,3.0,3.0,3.0,3.0,3.0,3.0,3.0,3.0,3.0,3.0,3.0,0.05,0.05,0.05,0.05,0.05,0.05,0.05,0.05,0.05,0.05,0.05,0.05,0.05,0.05,0.05,0.05,0.05,0.05,0.05,0.05,0.0,0.0,0.0,0.0,0.0,0.0,0.0,0.0,0.0,0.0,0.0,0.0,0.0,0.0,0.0,0.0,0.0,0.0,0.0,0.0,0.5866056084632874,0.4464852213859558,0.36016756296157837,0.6084446310997009,0.5770289897918701,0.05923212319612503,0.6296277642250061,0.09969822317361832,0.8042934536933899,-0.009582731872797012,0.28681620955467224,0.24151617288589478,0.7622750401496887,0.09016339480876923,0.17876455187797546,0.20296116173267365,0.7096885442733765,0.07225479930639267,0.2382211536169052,0.0009027347550727427,0.17070770263672153,-0.2322249114513411,-0.06471201777458191,-0.2054855227470398,0.06854385137557983,0.04537515342235617,0.020389258861544524,0.06656311452388833,0.2473369240760831,0.03163961227983275,0.16267523169517795,0.17712078988552302,0.3581479191780146,-3.296881914138794e-05,0.3321513533592252,0.17285794019699305,0.26979893445968905,0.011005438864231457,0.46227201819420344,0.007385917706415057,3.0,3.0,3.0,3.0,3.0,3.0,3.0,3.0,3.0,3.0,3.0,3.0,3.0,3.0,3.0,3.0,3.0,3.0,3.0,3.0,0.05,0.05,0.05,0.05,0.05,0.05,0.05,0.05,0.05,0.05,0.05,0.05,0.05,0.05,0.05,0.05,0.05,0.05,0.05,0.05,0.0,0.0,0.0,0.0,0.0,0.0,0.0,0.0,0.0,0.0,0.0,0.0,0.0,0.0,0.0,0.0,0.0,0.0,0.0,0.0
0.6094292402267456,0.34701913595199585,0.31669285893440247,0.4961398243904114,0.5033824443817139,-0.14456693828105927,0.6278456449508667,0.3623881936073303,0.7853361368179321,-0.03378675505518913,0.5276090502738953,0.4231993556022644,0.785495936870575,-0.08441150188446045,0.6212335824966431,0.42033275961875916,0.719536542892456,-0.01849472150206566,0.8962448835372925,0.19817087054252625,-0.03158301115036011,-0.0960133969783783,0.038914382457733154,0.08062794804573059,-0.01948624849319458,-0.04540830850601196,0.07818788290023804,-0.09248629212379456,-0.05381256341934204,-0.017809215933084488,-0.09996891021728516,-0.13476312160491943,-0.030465424060821533,-0.041050463914871216,-0.12647807598114014,-0.1256197690963745,-0.13400614261627197,-0.048104627057909966,-0.08336454629898071,-0.23083314299583435,3.0,3.0,3.0,3.0,3.0,3.0,3.0,3.0,3.0,3.0,3.0,3.0,3.0,3.0,3.0,3.0,3.0,3.0,3.0,3.0,0.05,0.05,0.05,0.05,0.05,0.05,0.05,0.05,0.05,0.05,0.05,0.05,0.05,0.05,0.05,0.05,0.05,0.05,0.05,0.05,0.0,0.0,0.0,0.0,0.0,0.0,0.0,0.0,0.0,0.0,0.0,0.0,0.0,0.0,0.0,0.0,0.0,0.0,0.0,0.0,0.5900518894195557,0.4417836666107178,0.35890907049179077,0.6040892004966736,0.5783217549324036,0.06014332175254822,0.6299014091491699,0.10095509141683578,0.8091408014297485,-0.009014710783958435,0.290138840675354,0.24508817493915558,0.7696012854576111,0.09005796909332275,0.1857019066810608,0.20653223991394043,0.7155099511146545,0.07241406291723251,0.24825559556484222,0.0009547852678224444,0.17241984605789185,-0.23205801844596863,-0.0643707811832428,-0.23060590028762817,0.07457584142684937,0.04108147695660591,0.01452714204788208,0.06276536732912064,0.24499297142028809,0.03101704642176628,0.17204508185386658,0.18025115132331848,0.3769785165786743,-0.0012753531336784363,0.3589969128370285,0.18310733139514923,0.2762898802757263,0.005412101745605469,0.5195636302232742,-0.003430909418966621,3.0,3.0,3.0,3.0,3.0,3.0,3.0,3.0,3.0,3.0,3.0,3.0,3.0,3.0,3.0,3.0,3.0,3.0,3.0,3.0,0.05,0.05,0.05,0.05,0.05,0.05,0.05,0.05,0.05,0.05,0.05,0.05,0.05,0.05,0.05,0.05,0.05,0.05,0.05,0.05,0.0,0.0,0.0,0.0,0.0,0.0,0.0,0.0,0.0,0.0,0.0,0.0,0.0,0.0,0.0,0.0,0.0,0.0,0.0,0.0
0.6089000105857849,0.34526345133781433,0.3174668550491333,0.4973655343055725,0.5033537745475769,-0.14548097550868988,0.6293001770973206,0.36049190163612366,0.7846495509147644,-0.034146904945373535,0.5258578062057495,0.4206363260746002,0.785214364528656,-0.08528421819210052,0.6189237833023071,0.4179556667804718,0.7169493436813354,-0.01959064044058323,0.8947060108184814,0.1936551183462143,-0.02568662166595459,-0.08438825607299805,0.039917975664138794,0.03646165132522583,0.013171136379241943,-0.041642412543296814,0.06527155637741089,-0.09689033031463623,-0.021748244762420654,-0.012834370136260986,-0.07810741662979126,-0.12118220329284668,0.00171661376953125,-0.04455689340829849,-0.10351836681365967,-0.11140257120132446,-0.11207312345504761,-0.06255763582885265,-0.06419122219085693,-0.21622292697429657,3.0,3.0,3.0,3.0,3.0,3.0,3.0,3.0,3.0,3.0,3.0,3.0,3.0,3.0,3.0,3.0,3.0,3.0,3.0,3.0,0.05,0.05,0.05,0.05,0.05,0.05,0.05,0.05,0.05,0.05,0.05,0.05,0.05,0.05,0.05,0.05,0.05,0.05,0.05,0.05,0.0,0.0,0.0,0.0,0.0,0.0,0.0,0.0,0.0,0.0,0.0,0.0,0.0,0.0,0.0,0.0,0.0,0.0,0.0,0.0,0.593502402305603,0.43720290064811707,0.35759273171424866,0.5992203950881958,0.5800120234489441,0.06087538227438927,0.6302088499069214,0.10220883786678314,0.8140931725502014,-0.008342050015926361,0.2936980128288269,0.24872621893882751,0.7773541808128357,0.09011238068342209,0.1931244283914566,0.21028545498847961,0.7207401394844055,0.07247128337621689,0.2590036988258362,0.0007654983783140779,0.16850382089614868,-0.23121237754821777,-0.055839866399765015,-0.2566099166870117,0.08819848299026489,0.0384993851184845,0.014935433864593506,0.06454717367887497,0.2706363797187805,0.03493247786536813,0.19811391830444336,0.1911025494337082,0.4032135009765625,0.0014260411262512207,0.3945212811231613,0.20029544830322266,0.30246078968048096,0.01097898930311203,0.5996648222208023,0.005144689930602908,3.0,3.0,3.0,3.0,3.0,3.0,3.0,3.0,3.0,3.0,3.0,3.0,3.0,3.0,3.0,3.0,3.0,3.0,3.0,3.0,0.05,0.05,0.05,0.05,0.05,0.05,0.05,0.05,0.05,0.05,0.05,0.05,0.05,0.05,0.05,0.05,0.05,0.05,0.05,0.05,0.0,0.0,0.0,0.0,0.0,0.0,0.0,0.0,0.0,0.0,0.0,0.0,0.0,0.0,0.0,0.0,0.0,0.0,0.0,0.0
0.6084017753601074,0.3436436057090759,0.318289577960968,0.4975982904434204,0.5039092898368835,-0.14623263478279114,0.6304565072059631,0.3585125803947449,0.7844662070274353,-0.03430012986063957,0.5244847536087036,0.41835206747055054,0.7855646014213562,-0.08619377762079239,0.6170928478240967,0.4158766567707062,0.7150536179542542,-0.020997026935219765,0.8936772346496582,0.18952195346355438,-0.024111568927764893,-0.07592067122459412,0.039299577474594116,-0.006845593452453613,0.04426687955856323,-0.03573782742023468,0.05110800266265869,-0.10141432285308838,0.005358457565307617,-0.006848294287919998,-0.05900263786315918,-0.10737776756286621,0.03194957971572876,-0.04767291247844696,-0.08167922496795654,-0.09841844439506531,-0.08739084005355835,-0.07646232843399048,-0.04525482654571533,-0.20126327872276306,3.0,3.0,3.0,3.0,3.0,3.0,3.0,3.0,3.0,3.0,3.0,3.0,3.0,3.0,3.0,3.0,3.0,3.0,3.0,3.0,0.05,0.05,0.05,0.05,0.05,0.05,0.05,0.05,0.05,0.05,0.05,0.05,0.05,0.05,0.05,0.05,0.05,0.05,0.05,0.05,0.0,0.0,0.0,0.0,0.0,0.0,0.0,0.0,0.0,0.0,0.0,0.0,0.0,0.0,0.0,0.0,0.0,0.0,0.0,0.0,0.5967920422554016,0.43253517150878906,0.35667547583580017,0.5938248038291931,0.5818496942520142,0.0616832971572876,0.6304988265037537,0.10353697836399078,0.8199662566184998,-0.00761741166934371,0.29806339740753174,0.2527322769165039,0.7857298254966736,0.0901150107383728,0.20148275792598724,0.21454405784606934,0.7276083827018738,0.072853222489357,0.2722421884536743,0.0011605728650465608,0.16455203294754028,-0.23956447839736938,-0.054223090410232544,-0.3006860613822937,0.09673535823822021,0.04277704283595085,0.015492737293243408,0.0671757385134697,0.2895966172218323,0.04202986601740122,0.21883994340896606,0.1971602439880371,0.4259824752807617,0.001767091453075409,0.42378678917884827,0.21489150822162628,0.3142744302749634,0.007259845733642578,0.6690777838230133,0.02152194792870432,3.0,3.0,3.0,3.0,3.0,3.0,3.0,3.0,3.0,3.0,3.0,3.0,3.0,3.0,3.0,3.0,3.0,3.0,3.0,3.0,0.05,0.05,0.05,0.05,0.05,0.05,0.05,0.05,0.05,0.05,0.05,0.05,0.05,0.05,0.05,0.05,0.05,0.05,0.05,0.05,0.0,0.0,0.0,0.0,0.0,0.0,0.0,0.0,0.0,0.0,0.0,0.0,0.0,0.0,0.0,0.0,0.0,0.0,0.0,0.0
0.6079355478286743,0.34222662448883057,0.31903883814811707,0.49709171056747437,0.5051244497299194,-0.14691048860549927,0.6313444972038269,0.3564353287220001,0.7848638892173767,-0.034420836716890335,0.5234977006912231,0.41634121537208557,0.7864923477172852,-0.0871911346912384,0.6156566143035889,0.4140189290046692,0.7134537100791931,-0.022649133577942848,0.8928958177566528,0.18560458719730377,-0.012956559658050537,-0.05615130066871643,0.039965659379959106,-0.0638321042060852,0.07911920547485352,-0.03134533762931824,0.03716796636581421,-0.10638460516929626,0.03642141819000244,-0.0019731931388378143,-0.03962069749832153,-0.09294897317886353,0.062443315982818604,-0.05371496081352234,-0.058673322200775146,-0.08456110954284668,-0.0676870346069336,-0.09770598262548447,-0.026325881481170654,-0.18545836210250854,3.0,3.0,3.0,3.0,3.0,3.0,3.0,3.0,3.0,3.0,3.0,3.0,3.0,3.0,3.0,3.0,3.0,3.0,3.0,3.0,0.05,0.05,0.05,0.05,0.05,0.05,0.05,0.05,0.05,0.05,0.05,0.05,0.05,0.05,0.05,0.05,0.05,0.05,0.05,0.05,0.0,0.0,0.0,0.0,0.0,0.0,0.0,0.0,0.0,0.0,0.0,0.0,0.0,0.0,0.0,0.0,0.0,0.0,0.0,0.0,0.6000844836235046,0.4276203215122223,0.35542380809783936,0.587192952632904,0.5838814377784729,0.0625864639878273,0.6308285593986511,0.10489586740732193,0.8256770372390747,-0.006660855375230312,0.30245161056518555,0.256612628698349,0.7943934798240662,0.0901830643415451,0.21007589995861053,0.21888111531734467,0.733311116695404,0.07276167720556259,0.2857668101787567,0.0016263762954622507,0.1756414771080017,-0.2750217914581299,-0.0936850905418396,-0.3058135509490967,0.13935863971710205,0.06158258765935898,-0.002302229404449463,0.08511953055858612,0.3009915351867676,0.05623416509479284,0.24436861276626587,0.22313594818115234,0.4339069128036499,0.014891475439071655,0.5049910396337509,0.2599157392978668,0.21980702877044678,0.011358223855495453,0.9706489741802216,0.03353355859871954,3.0,3.0,3.0,3.0,3.0,3.0,3.0,3.0,3.0,3.0,3.0,3.0,3.0,3.0,3.0,3.0,3.0,3.0,3.0,3.0,0.05,0.05,0.05,0.05,0.05,0.05,0.05,0.05,0.05,0.05,0.05,0.05,0.05,0.05,0.05,0.05,0.05,0.05,0.05,0.05,0.0,0.0,0.0,0.0,0.0,0.0,0.0,0.0,0.0,0.0,0.0,0.0,0.0,0.0,0.0,0.0,0.0,0.0,0.0,0.0
0.6078835129737854,0.34139755368232727,0.3198882043361664,0.495045006275177,0.5070740580558777,-0.14748644828796387,0.6319432258605957,0.354257196187973,0.7859230637550354,-0.034379057586193085,0.5228999257087708,0.414634108543396,0.788062334060669,-0.08834237605333328,0.6147459149360657,0.4124942123889923,0.7123461365699768,-0.024905266240239143,0.8926241993904114,0.18210361897945404,0.005826354026794434,-0.02720281481742859,0.03794953227043152,-0.14661625027656555,0.11516362428665161,-0.02181828022003174,0.02098381519317627,-0.11304318904876709,0.07137209177017212,0.008132588118314743,-0.020538270473480225,-0.07809624075889587,0.09906738996505737,-0.05930960178375244,-0.029583275318145752,-0.06648078560829163,-0.04147142171859741,-0.12647202238440514,-0.0005081295967102051,-0.16428418457508087,3.0,3.0,3.0,3.0,3.0,3.0,3.0,3.0,3.0,3.0,3.0,3.0,3.0,3.0,3.0,3.0,3.0,3.0,3.0,3.0,0.05,0.05,0.05,0.05,0.05,0.05,0.05,0.05,0.05,0.05,0.05,0.05,0.05,0.05,0.05,0.05,0.05,0.05,0.05,0.05,0.0,0.0,0.0,0.0,0.0,0.0,0.0,0.0,0.0,0.0,0.0,0.0,0.0,0.0,0.0,0.0,0.0,0.0,0.0,0.0,0.6038177013397217,0.42153429985046387,0.3529280722141266,0.5815922617912292,0.5874240398406982,0.06414660066366196,0.6304067373275757,0.10694175958633423,0.8320059180259705,-0.005368045065551996,0.3078381419181824,0.26165771484375,0.8030861020088196,0.09071066975593567,0.22168239951133728,0.224940687417984,0.7364006638526917,0.07330755144357681,0.3110681474208832,0.0025019152089953423,0.1880556344985962,-0.28330832719802856,-0.09018182754516602,-0.31453967094421387,0.19966214895248413,0.07513295859098434,0.00045746564865112305,0.11265110224485397,0.3399103879928589,0.06580462213605642,0.29371902346611023,0.26154518127441406,0.47585219144821167,0.025675073266029358,0.59710294008255,0.31057409942150116,0.16585290431976318,0.024996325373649597,1.2567616999149323,0.053791311802342534,3.0,3.0,3.0,3.0,3.0,3.0,3.0,3.0,3.0,3.0,3.0,3.0,3.0,3.0,3.0,3.0,3.0,3.0,3.0,3.0,0.05,0.05,0.05,0.05,0.05,0.05,0.05,0.05,0.05,0.05,0.05,0.05,0.05,0.05,0.05,0.05,0.05,0.05,0.05,0.05,0.0,0.0,0.0,0.0,0.0,0.0,0.0,0.0,0.0,0.0,0.0,0.0,0.0,0.0,0.0,0.0,0.0,0.0,0.0,0.0
0.6081686019897461,0.3411385118961334,0.3205568194389343,0.49122706055641174,0.5097309947013855,-0.14778321981430054,0.632183849811554,0.35191360116004944,0.7877187728881836,-0.034095533192157745,0.5226761698722839,0.41321736574172974,0.7904550433158875,-0.0895635187625885,0.614473283290863,0.4113596975803375,0.7117948532104492,-0.027708014473319054,0.8928754925727844,0.17903321981430054,0.01632869243621826,-0.005640089511871338,0.019199401140213013,-0.21772906184196472,0.14668256044387817,-0.008448958396911621,0.0019565224647521973,-0.12266933917999268,0.10381340980529785,0.02171369269490242,-0.005686283111572266,-0.06622597575187683,0.13685822486877441,-0.05762781947851181,-0.0016793608665466309,-0.049877166748046875,-0.009313225746154785,-0.14258851297199726,0.0214993953704834,-0.14607161283493042,3.0,3.0,3.0,3.0,3.0,3.0,3.0,3.0,3.0,3.0,3.0,3.0,3.0,3.0,3.0,3.0,3.0,3.0,3.0,3.0,0.05,0.05,0.05,0.05,0.05,0.05,0.05,0.05,0.05,0.05,0.05,0.05,0.05,0.05,0.05,0.05,0.05,0.05,0.05,0.05,0.0,0.0,0.0,0.0,0.0,0.0,0.0,0.0,0.0,0.0,0.0,0.0,0.0,0.0,0.0,0.0,0.0,0.0,0.0,0.0,0.6076067090034485,0.41628798842430115,0.3518165349960327,0.5746113657951355,0.5918679237365723,0.06559178233146667,0.6308468580245972,0.10940191149711609,0.8392734527587891,-0.004028670489788055,0.31420037150382996,0.26707443594932556,0.8134275674819946,0.09121006727218628,0.23396001756191254,0.2313040792942047,0.7399452328681946,0.07376153022050858,0.336037278175354,0.003778028767555952,0.21283775568008423,-0.33612772822380066,-0.04663094878196716,-0.35325586795806885,0.22148340940475464,0.09618587791919708,0.015126168727874756,0.14278218150138855,0.38722455501556396,0.07152383914217353,0.356205552816391,0.30057579278945923,0.4896774888038635,0.012349709868431091,0.6394106894731522,0.3388799726963043,0.09546130895614624,0.012223981320858002,1.3888925313949585,0.07163223344832659,3.0,3.0,3.0,3.0,3.0,3.0,3.0,3.0,3.0,3.0,3.0,3.0,3.0,3.0,3.0,3.0,3.0,3.0,3.0,3.0,0.05,0.05,0.05,0.05,0.05,0.05,0.05,0.05,0.05,0.05,0.05,0.05,0.05,0.05,0.05,0.05,0.05,0.05,0.05,0.05,0.0,0.0,0.0,0.0,0.0,0.0,0.0,0.0,0.0,0.0,0.0,0.0,0.0,0.0,0.0,0.0,0.0,0.0,0.0,0.0
0.6085366606712341,0.3411719501018524,0.3206561803817749,0.4863358438014984,0.5129413604736328,-0.14782440662384033,0.6320214867591858,0.3493504226207733,0.7900756001472473,-0.03351050987839699,0.5226724743843079,0.4119850695133209,0.7935366630554199,-0.09064748883247375,0.6146787405014038,0.41049912571907043,0.7119736075401306,-0.030608806759119034,0.8934841752052307,0.17626075446605682,0.02746880054473877,0.013741850852966309,0.006073713302612305,-0.2662345767021179,0.17985552549362183,0.005524978041648865,-0.015920400619506836,-0.13292282819747925,0.12853741645812988,0.03383178263902664,0.0016689300537109375,-0.05906000733375549,0.1601189374923706,-0.05473624914884567,0.01566261053085327,-0.03856942057609558,0.00864863395690918,-0.15362738631665707,0.030820071697235107,-0.134924054145813,3.0,3.0,3.0,3.0,3.0,3.0,3.0,3.0,3.0,3.0,3.0,3.0,3.0,3.0,3.0,3.0,3.0,3.0,3.0,3.0,0.05,0.05,0.05,0.05,0.05,0.05,0.05,0.05,0.05,0.05,0.05,0.05,0.05,0.05,0.05,0.05,0.05,0.05,0.05,0.05,0.0,0.0,0.0,0.0,0.0,0.0,0.0,0.0,0.0,0.0,0.0,0.0,0.0,0.0,0.0,0.0,0.0,0.0,0.0,0.0,0.612331211566925,0.40808919072151184,0.3510628342628479,0.5674620270729065,0.5962833762168884,0.06799403578042984,0.6310117840766907,0.11265304684638977,0.847494900226593,-0.002507091499865055,0.322086364030838,0.27368074655532837,0.8226732015609741,0.09120465815067291,0.24725882709026337,0.23849588632583618,0.7402191162109375,0.07379651069641113,0.3666238486766815,0.005367204546928406,0.23299306631088257,-0.33403635025024414,-0.057984888553619385,-0.37820935249328613,0.2241760492324829,0.09039565920829773,0.017435848712921143,0.1601196825504303,0.41337311267852783,0.07456530292984098,0.3957189619541168,0.32540038228034973,0.507315993309021,0.01432076096534729,0.6755400449037552,0.3637131303548813,0.0967755913734436,0.008908286690711975,1.501128077507019,0.10243774158880115,3.0,3.0,3.0,3.0,3.0,3.0,3.0,3.0,3.0,3.0,3.0,3.0,3.0,3.0,3.0,3.0,3.0,3.0,3.0,3.0,0.05,0.05,0.05,0.05,0.05,0.05,0.05,0.05,0.05,0.05,0.05,0.05,0.05,0.05,0.05,0.05,0.05,0.05,0.05,0.05,0.0,0.0,0.0,0.0,0.0,0.0,0.0,0.0,0.0,0.0,0.0,0.0,0.0,0.0,0.0,0.0,0.0,0.0,0.0,0.0
0.6092673540115356,0.3416881859302521,0.3207997679710388,0.480577677488327,0.5169252157211304,-0.14756222069263458,0.6315470337867737,0.34659668803215027,0.7928602695465088,-0.03274226188659668,0.5227429270744324,0.4108549654483795,0.7968598008155823,-0.09175296872854233,0.6150997877120972,0.4098169207572937,0.7121407985687256,-0.033853109925985336,0.8941082954406738,0.17363625764846802,0.03773421049118042,0.02966299653053145,-3.5762786865234375e-05,-0.30298605561255576,0.20714849233626764,0.017967075109480424,-0.03571659326553067,-0.1437976956367465,0.14817565679549893,0.043841917067764975,0.004486739635467529,-0.05480498075485091,0.1787677407264654,-0.05317162722349063,0.030006468296051025,-0.02854391932487349,0.02241730690002164,-0.16850102692842084,0.037789344787597656,-0.12606643140315732,3.0,3.0,3.0,3.0,3.0,3.0,3.0,3.0,3.0,3.0,3.0,3.0,3.0,3.0,3.0,3.0,3.0,3.0,3.0,3.0,0.05,0.05,0.05,0.05,0.05,0.05,0.05,0.05,0.05,0.05,0.05,0.05,0.05,0.05,0.05,0.05,0.05,0.05,0.05,0.05,0.0,0.0,0.0,0.0,0.0,0.0,0.0,0.0,0.0,0.0,0.0,0.0,0.0,0.0,0.0,0.0,0.0,0.0,0.0,0.0,0.6169264316558838,0.4029265344142914,0.34949713945388794,0.559482991695404,0.6008349657058716,0.06920760869979858,0.631544291973114,0.1158066987991333,0.8558083772659302,-0.0010460583725944161,0.33002912998199463,0.28009045124053955,0.8337202072143555,0.09178289771080017,0.26098161935806274,0.24585260450839996,0.7438162565231323,0.07411786168813705,0.39608240127563477,0.007875538431107998,0.2432376146316445,-0.32926052808760903,-0.06102547049522261,-0.39936304092406394,0.22781491279601496,0.09408518671989267,0.027185678482055664,0.17952937632798732,0.4369124770164379,0.08443988335784304,0.43978840112685047,0.3559969365596688,0.5315423011779646,0.022947043180465004,0.714900717139226,0.39111748337744695,0.12305378913879395,0.01499969512224128,1.5725143253802878,0.14445467386394337,3.0,3.0,3.0,3.0,3.0,3.0,3.0,3.0,3.0,3.0,3.0,3.0,3.0,3.0,3.0,3.0,3.0,3.0,3.0,3.0,0.05,0.05,0.05,0.05,0.05,0.05,0.05,0.05,0.05,0.05,0.05,0.05,0.05,0.05,0.05,0.05,0.05,0.05,0.05,0.05,0.0,0.0,0.0,0.0,0.0,0.0,0.0,0.0,0.0,0.0,0.0,0.0,0.0,0.0,0.0,0.0,0.0,0.0,0.0,0.0
0.6100460290908813,0.3423584699630737,0.3206547498703003,0.4742164015769962,0.5212273001670835,-0.14710572361946112,0.6305928230285646,0.34359851479530346,0.7960026264190673,-0.03175683319568639,0.5228519439697266,0.4097928702831269,0.8006873726844785,-0.09277435392141338,0.6158789992332458,0.4093573689460755,0.7128702998161315,-0.03734884783625587,0.8949957489967346,0.17121809720993053,0.03752559423446655,0.0474296510219574,-0.005315989255905151,-0.3419704735279083,0.2397403120994568,0.033635273575782776,-0.049495697021484375,-0.15278831124305725,0.18213242292404175,0.05356771871447563,0.013495981693267822,-0.04956945776939392,0.20918548107147217,-0.04915408790111542,0.046412646770477295,-0.01987740397453308,0.048923492431640625,-0.17867311835289001,0.047850608825683594,-0.11842362582683563,3.0,3.0,3.0,3.0,3.0,3.0,3.0,3.0,3.0,3.0,3.0,3.0,3.0,3.0,3.0,3.0,3.0,3.0,3.0,3.0,0.05,0.05,0.05,0.05,0.05,0.05,0.05,0.05,0.05,0.05,0.05,0.05,0.05,0.05,0.05,0.05,0.05,0.05,0.05,0.05,0.0,0.0,0.0,0.0,0.0,0.0,0.0,0.0,0.0,0.0,0.0,0.0,0.0,0.0,0.0,0.0,0.0,0.0,0.0,0.0,0.6220607161521908,0.3949187695980075,0.348621815443039,0.5514875054359439,0.605395972728729,0.07175744324922555,0.6320992112159729,0.11983422189950926,0.8649713993072505,0.0008705038344486669,0.33967790007591203,0.2879206240177151,0.8439348936080927,0.09212253987789151,0.2758548557758324,0.25414058566093406,0.7451412677764893,0.07439649850130078,0.42952442169189303,0.01114539150148614,0.2529233694076538,-0.3232888877391815,-0.07217153906822205,-0.4260227084159851,0.23630112409591675,0.09697657078504562,0.035384297370910645,0.19585415720939636,0.4599958658218384,0.09927338978741318,0.48160552978515625,0.384482741355896,0.5539670586585999,0.04392974078655243,0.7508553564548492,0.41506327688694,0.15264451503753662,0.044677965342998505,1.6297876834869385,0.18277342896908522,3.0,3.0,3.0,3.0,3.0,3.0,3.0,3.0,3.0,3.0,3.0,3.0,3.0,3.0,3.0,3.0,3.0,3.0,3.0,3.0,0.05,0.05,0.05,0.05,0.05,0.05,0.05,0.05,0.05,0.05,0.05,0.05,0.05,0.05,0.05,0.05,0.05,0.05,0.05,0.05,0.0,0.0,0.0,0.0,0.0,0.0,0.0,0.0,0.0,0.0,0.0,0.0,0.0,0.0,0.0,0.0,0.0,0.0,0.0,0.0
0.6107683777809143,0.34358537197113037,0.3205871284008026,0.4668988585472107,0.5265148282051086,-0.14621680974960327,0.6295672059059143,0.340485155582428,0.8001455664634705,-0.030599553138017654,0.5232827663421631,0.40887218713760376,0.8052272200584412,-0.09371913224458694,0.6169562935829163,0.4090218245983124,0.7140977382659912,-0.04100003466010094,0.8960223197937012,0.1688993126153946,0.02480149269104004,0.06669685244560103,-0.0009164214134216309,-0.4039756953716264,0.2729862928390475,0.054580718278884194,-0.062339007854464445,-0.16299784183502197,0.22537261247634333,0.06685834378004021,0.0245705246925354,-0.04489496350288391,0.24063289165496826,-0.042008236050605774,0.055941939353940096,-0.016789138317109542,0.0737488269805936,-0.18917564302682824,0.055949389934539795,-0.11251159012317657,3.0,3.0,3.0,3.0,3.0,3.0,3.0,3.0,3.0,3.0,3.0,3.0,3.0,3.0,3.0,3.0,3.0,3.0,3.0,3.0,0.05,0.05,0.05,0.05,0.05,0.05,0.05,0.05,0.05,0.05,0.05,0.05,0.05,0.05,0.05,0.05,0.05,0.05,0.05,0.05,0.0,0.0,0.0,0.0,0.0,0.0,0.0,0.0,0.0,0.0,0.0,0.0,0.0,0.0,0.0,0.0,0.0,0.0,0.0,0.0,0.6270433664321899,0.3899949789047241,0.34661027789115906,0.5424420833587646,0.6102870106697083,0.07308667153120041,0.6329596638679504,0.12364086508750916,0.8742082118988037,0.002924877218902111,0.3492933511734009,0.2954697608947754,0.8558788895606995,0.09354008734226227,0.2910158336162567,0.26245513558387756,0.7499220371246338,0.075904980301857,0.4612739086151123,0.015186475589871407,0.25195777416229526,-0.30333027243614197,-0.08182600140571594,-0.4708051681518527,0.24857372045516968,0.10347738862037624,0.044994056224823,0.20314734429120948,0.4901498556137085,0.12081816385034413,0.5284175276756259,0.40969550609588484,0.5955412983894348,0.07488485425710574,0.7903426885604844,0.4336439073085771,0.23793429136275412,0.0898791477084146,1.6525581479072557,0.2275298116728643,3.0,3.0,3.0,3.0,3.0,3.0,3.0,3.0,3.0,3.0,3.0,3.0,3.0,3.0,3.0,3.0,3.0,3.0,3.0,3.0,0.05,0.05,0.05,0.05,0.05,0.05,0.05,0.05,0.05,0.05,0.05,0.05,0.05,0.05,0.05,0.05,0.05,0.05,0.05,0.05,0.0,0.0,0.0,0.0,0.0,0.0,0.0,0.0,0.0,0.0,0.0,0.0,0.0,0.0,0.0,0.0,0.0,0.0,0.0,0.0
0.611038088798523,0.3450263440608977,0.3206180930137634,0.4580573737621311,0.5321467518806454,-0.14492249488830575,0.628099262714386,0.3370786011219026,0.805017530918121,-0.02908249944448478,0.523834764957428,0.40799707174301153,0.8103126883506773,-0.09445468336343761,0.6181166768074035,0.4086858034133911,0.7158202528953552,-0.044915873557329,0.8972337245941162,0.16671763360500347,-0.010374188423156738,0.07522627711296082,-9.909272193908691e-05,-0.477416068315506,0.28490573167800903,0.06454624235630035,-0.09025633335113525,-0.1801803708076477,0.2535626292228699,0.0768172089010477,0.027830898761749268,-0.0429004430770874,0.2607762813568115,-0.036889687180519104,0.057150423526763916,-0.01757293939590454,0.0924423336982727,-0.20338548347353935,0.06390213966369629,-0.10568387806415558,3.0,3.0,3.0,3.0,3.0,3.0,3.0,3.0,3.0,3.0,3.0,3.0,3.0,3.0,3.0,3.0,3.0,3.0,3.0,3.0,0.05,0.05,0.05,0.05,0.05,0.05,0.05,0.05,0.05,0.05,0.05,0.05,0.05,0.05,0.05,0.05,0.05,0.05,0.05,0.05,0.0,0.0,0.0,0.0,0.0,0.0,0.0,0.0,0.0,0.0,0.0,0.0,0.0,0.0,0.0,0.0,0.0,0.0,0.0,0.0,0.6321390271186826,0.3827855587005618,0.34534877538681036,0.5326552987098698,0.6153389215469358,0.0758965387940406,0.6338989734649658,0.12796011567115764,0.8845773935317989,0.0057032303884624325,0.36081460118293707,0.3043084442615505,0.8677565455436701,0.09511793404817574,0.3074685633182518,0.27148634195327714,0.7546586394309994,0.07799166440963737,0.49562674760818326,0.020246583968400712,0.23050904273986816,-0.3039605915546417,-0.07730573415756226,-0.5059853196144104,0.27020424604415894,0.11437367647886276,0.06636977195739746,0.21605752408504486,0.5340427160263062,0.12593374121934175,0.5866147577762604,0.4411347210407257,0.6495416164398193,0.07694568485021591,0.843268632888794,0.45868679881095886,0.32501518726348877,0.0938044860959053,1.6864731907844543,0.2763977739959955,3.0,3.0,3.0,3.0,3.0,3.0,3.0,3.0,3.0,3.0,3.0,3.0,3.0,3.0,3.0,3.0,3.0,3.0,3.0,3.0,0.05,0.05,0.05,0.05,0.05,0.05,0.05,0.05,0.05,0.05,0.05,0.05,0.05,0.05,0.05,0.05,0.05,0.05,0.05,0.05,0.0,0.0,0.0,0.0,0.0,0.0,0.0,0.0,0.0,0.0,0.0,0.0,0.0,0.0,0.0,0.0,0.0,0.0,0.0,0.0
0.610353410243988,0.3465944230556488,0.32058316469192505,0.44780221581459045,0.537911057472229,-0.14363496005535126,0.6259569525718689,0.33327794075012207,0.8102880716323853,-0.027526864781975746,0.5243960022926331,0.40715616941452026,0.8156582713127136,-0.09519471973180771,0.6192423105239868,0.4083189070224762,0.7177954316139221,-0.04913545399904251,0.898578405380249,0.16467195749282837,-0.06917417049407959,0.11351183056831637,-0.024405866861343384,-0.5423977971077062,0.33911466598511575,0.08521936833858698,-0.13872236013412476,-0.22381618618965426,0.30207335948944924,0.07754289545118982,0.021788477897644043,-0.04728510975837846,0.2949476242065485,-0.042856112122536746,0.046192109584811125,-0.0267907977104187,0.1272648572921753,-0.23349970579147789,0.080929696559906,-0.10572224855423251,3.0,3.0,3.0,3.0,3.0,3.0,3.0,3.0,3.0,3.0,3.0,3.0,3.0,3.0,3.0,3.0,3.0,3.0,3.0,3.0,0.05,0.05,0.05,0.05,0.05,0.05,0.05,0.05,0.05,0.05,0.05,0.05,0.05,0.05,0.05,0.05,0.05,0.05,0.05,0.05,0.0,0.0,0.0,0.0,0.0,0.0,0.0,0.0,0.0,0.0,0.0,0.0,0.0,0.0,0.0,0.0,0.0,0.0,0.0,0.0,0.6362637281417847,0.37783655524253845,0.34351804852485657,0.5222026705741882,0.6210951805114746,0.07766161859035492,0.6356144547462463,0.13228316605091095,0.895569920539856,0.007962226867675781,0.3727579414844513,0.3131151497364044,0.8818605542182922,0.0966179147362709,0.32474657893180847,0.2808026075363159,0.7629226446151733,0.0796571597456932,0.5287328362464905,0.026242386549711227,0.23130476474762518,-0.2943299710750649,-0.07357895374298234,-0.5478292703628651,0.28778612613678534,0.1072423532605192,0.0988885760307312,0.2354495227336932,0.5645349621772877,0.11850486043840924,0.642774999141707,0.4752263426780798,0.6840765476226945,0.07007624953985388,0.9021557867527202,0.49419254064561047,0.39274543523789285,0.09610578417778223,1.711134612560311,0.34041581675410876,3.0,3.0,3.0,3.0,3.0,3.0,3.0,3.0,3.0,3.0,3.0,3.0,3.0,3.0,3.0,3.0,3.0,3.0,3.0,3.0,0.05,0.05,0.05,0.05,0.05,0.05,0.05,0.05,0.05,0.05,0.05,0.05,0.05,0.05,0.05,0.05,0.05,0.05,0.05,0.05,0.0,0.0,0.0,0.0,0.0,0.0,0.0,0.0,0.0,0.0,0.0,0.0,0.0,0.0,0.0,0.0,0.0,0.0,0.0,0.0
0.6082711219787598,0.34956681728363037,0.3196418583393097,0.4363614618778229,0.54571133852005,-0.14151372015476227,0.622550368309021,0.3281259536743164,0.817100465297699,-0.025980783626437187,0.5247063040733337,0.4061056673526764,0.8221105933189392,-0.09616892784833908,0.6199643611907959,0.40761417150497437,0.7209108471870422,-0.05425586178898811,0.9004709124565125,0.16248874366283417,-0.09431540966033936,0.14195144176483154,-0.0024102628231048584,-0.6156474351882935,0.3751128911972046,0.08686073124408722,-0.17639994621276855,-0.25503188371658325,0.3480970859527588,0.08111339993774891,0.02110898494720459,-0.04550144076347351,0.32981187105178833,-0.04571974277496338,0.03917962312698364,-0.031547993421554565,0.1425608992576599,-0.24810582399368286,0.08691847324371338,-0.10647550225257874,3.0,3.0,3.0,3.0,3.0,3.0,3.0,3.0,3.0,3.0,3.0,3.0,3.0,3.0,3.0,3.0,3.0,3.0,3.0,3.0,0.05,0.05,0.05,0.05,0.05,0.05,0.05,0.05,0.05,0.05,0.05,0.05,0.05,0.05,0.05,0.05,0.05,0.05,0.05,0.05,0.0,0.0,0.0,0.0,0.0,0.0,0.0,0.0,0.0,0.0,0.0,0.0,0.0,0.0,0.0,0.0,0.0,0.0,0.0,0.0,0.6413912177085876,0.3710123598575592,0.34240561723709106,0.5107421278953552,0.6268503665924072,0.08018623292446136,0.6378545165061951,0.13737809658050537,0.9071587920188904,0.010443424805998802,0.38652560114860535,0.3233174979686737,0.8951196074485779,0.0979209840297699,0.3435547947883606,0.29125404357910156,0.7703684568405151,0.08183589577674866,0.5640721321105957,0.033863216638565063,0.23609399795532227,-0.2780348062515259,-0.07382556796073914,-0.5907274782657623,0.2993747591972351,0.10399464517831802,0.1271262764930725,0.2533040940761566,0.5929991602897644,0.12249322608113289,0.6928488612174988,0.505615770816803,0.7191568613052368,0.07744133472442627,0.958646833896637,0.5294367671012878,0.46286582946777344,0.11601783335208893,1.733618974685669,0.40219007059931755,3.0,3.0,3.0,3.0,3.0,3.0,3.0,3.0,3.0,3.0,3.0,3.0,3.0,3.0,3.0,3.0,3.0,3.0,3.0,3.0,0.05,0.05,0.05,0.05,0.05,0.05,0.05,0.05,0.05,0.05,0.05,0.05,0.05,0.05,0.05,0.05,0.05,0.05,0.05,0.05,0.0,0.0,0.0,0.0,0.0,0.0,0.0,0.0,0.0,0.0,0.0,0.0,0.0,0.0,0.0,0.0,0.0,0.0,0.0,0.0
0.6065807938575745,0.35227248072624207,0.32048675417900085,0.4231763184070587,0.5529155731201172,-0.14016053080558777,0.6189009547233582,0.32307666540145874,0.8242119550704956,-0.02428232878446579,0.5252403616905212,0.4053361117839813,0.8288507461547852,-0.09702350944280624,0.6208094954490662,0.407056987285614,0.7234978675842285,-0.059059686958789825,0.9020551443099976,0.16041293740272522,-0.13404488563537598,0.14257431030273438,0.02276003360748291,-0.685139000415802,0.37978142499923706,0.07324330508708954,-0.19974708557128906,-0.2639651298522949,0.3717079758644104,0.08231690153479576,0.028161704540252686,-0.03273710608482361,0.3486156463623047,-0.04321746528148651,0.04186183214187622,-0.024712830781936646,0.1551494002342224,-0.24852892383933067,0.09643286466598511,-0.09516924619674683,3.0,3.0,3.0,3.0,3.0,3.0,3.0,3.0,3.0,3.0,3.0,3.0,3.0,3.0,3.0,3.0,3.0,3.0,3.0,3.0,0.05,0.05,0.05,0.05,0.05,0.05,0.05,0.05,0.05,0.05,0.05,0.05,0.05,0.05,0.05,0.05,0.05,0.05,0.05,0.05,0.0,0.0,0.0,0.0,0.0,0.0,0.0,0.0,0.0,0.0,0.0,0.0,0.0,0.0,0.0,0.0,0.0,0.0,0.0,0.0,0.6457074880599976,0.3667151629924774,0.340565025806427,0.49857357144355774,0.633070170879364,0.08182140439748764,0.6406995058059692,0.14241532981395721,0.9192898869514465,0.012861955910921097,0.40047189593315125,0.33333978056907654,0.9106268286705017,0.09971556812524796,0.36309245228767395,0.30198007822036743,0.7814372777938843,0.08429787307977676,0.5980775952339172,0.04232998937368393,0.1972004771232605,-0.25686323642730713,-0.0814288854598999,-0.6155088543891907,0.3249615430831909,0.10930001735687256,0.17500817775726318,0.2722863107919693,0.6281986832618713,0.13238238170742989,0.7379822432994843,0.5246862769126892,0.7916674017906189,0.09164251387119293,1.0088920593261719,0.5560033023357391,0.5828261375427246,0.10778084397315979,1.7000630497932434,0.453677773475647,3.0,3.0,3.0,3.0,3.0,3.0,3.0,3.0,3.0,3.0,3.0,3.0,3.0,3.0,3.0,3.0,3.0,3.0,3.0,3.0,0.05,0.05,0.05,0.05,0.05,0.05,0.05,0.05,0.05,0.05,0.05,0.05,0.05,0.05,0.05,0.05,0.05,0.05,0.05,0.05,0.0,0.0,0.0,0.0,0.0,0.0,0.0,0.0,0.0,0.0,0.0,0.0,0.0,0.0,0.0,0.0,0.0,0.0,0.0,0.0
0.6029093265533447,0.35526978969573975,0.320552259683609,0.4089559018611908,0.5609025955200195,-0.1385839879512787,0.6145604848861694,0.3175673484802246,0.8319687843322754,-0.022688107565045357,0.5258327722549438,0.40479618310928345,0.8360552191734314,-0.09789762645959854,0.621638834476471,0.4066256582736969,0.7271168231964111,-0.06419701874256134,0.9043282270431519,0.1586819738149643,-0.17983168363571167,0.1593180000782013,0.028377771377563477,-0.7358185946941376,0.3916621208190918,0.07028020918369293,-0.21778345108032227,-0.2696581184864044,0.3941759467124939,0.08144495077431202,0.034362077713012695,-0.02081170678138733,0.36379098892211914,-0.044676847755908966,0.04390627145767212,-0.017186999320983887,0.166378915309906,-0.2556219696998596,0.10573416948318481,-0.08347593247890472,3.0,3.0,3.0,3.0,3.0,3.0,3.0,3.0,3.0,3.0,3.0,3.0,3.0,3.0,3.0,3.0,3.0,3.0,3.0,3.0,0.05,0.05,0.05,0.05,0.05,0.05,0.05,0.05,0.05,0.05,0.05,0.05,0.05,0.05,0.05,0.05,0.05,0.05,0.05,0.05,0.0,0.0,0.0,0.0,0.0,0.0,0.0,0.0,0.0,0.0,0.0,0.0,0.0,0.0,0.0,0.0,0.0,0.0,0.0,0.0,0.6492792367935181,0.3607378304004669,0.33914846181869507,0.4861217737197876,0.6398488283157349,0.08455823361873627,0.6448548436164856,0.14826954901218414,0.9322867393493652,0.015738720074295998,0.4160448908805847,0.3443049490451813,0.9267863035202026,0.10158668458461761,0.38391047716140747,0.31349417567253113,0.7936815023422241,0.08614712953567505,0.6320746541023254,0.05201032757759094,0.17547011375427246,-0.25650113821029663,-0.07785633206367493,-0.6255142390727997,0.3270968794822693,0.1277254894375801,0.2116665244102478,0.28990134596824646,0.6650954484939575,0.14351545833051205,0.7867053151130676,0.5479618906974792,0.8220046758651733,0.09352602064609528,1.044241338968277,0.5783453583717346,0.6677970290184021,0.10632127523422241,1.6703754663467407,0.5016550421714783,3.0,3.0,3.0,3.0,3.0,3.0,3.0,3.0,3.0,3.0,3.0,3.0,3.0,3.0,3.0,3.0,3.0,3.0,3.0,3.0,0.05,0.05,0.05,0.05,0.05,0.05,0.05,0.05,0.05,0.05,0.05,0.05,0.05,0.05,0.05,0.05,0.05,0.05,0.05,0.05,0.0,0.0,0.0,0.0,0.0,0.0,0.0,0.0,0.0,0.0,0.0,0.0,0.0,0.0,0.0,0.0,0.0,0.0,0.0,0.0
0.599387526512146,0.3586452007293701,0.3216218650341034,0.3937435746192932,0.5685820579528809,-0.13734932243824005,0.6101896166801453,0.31229034066200256,0.8399789929389954,-0.02102453075349331,0.5266148447990417,0.40450364351272583,0.8434023857116699,-0.0988105833530426,0.622565746307373,0.40636950731277466,0.7301530241966248,-0.06928456574678421,0.906284511089325,0.15707390010356903,-0.21614432334899902,0.1747317612171173,0.03586411476135254,-0.7680848240852342,0.3993213176727295,0.07292255759239197,-0.23413151502609253,-0.27287378907203674,0.40862858295440674,0.08207950741052628,0.033608078956604004,-0.01248195767402649,0.37424713373184204,-0.04482269287109375,0.04092305898666382,-0.011060386896133423,0.1756429672241211,-0.2605969086289406,0.10863393545150757,-0.0750519335269928,3.0,3.0,3.0,3.0,3.0,3.0,3.0,3.0,3.0,3.0,3.0,3.0,3.0,3.0,3.0,3.0,3.0,3.0,3.0,3.0,0.05,0.05,0.05,0.05,0.05,0.05,0.05,0.05,0.05,0.05,0.05,0.05,0.05,0.05,0.05,0.05,0.05,0.05,0.05,0.05,0.0,0.0,0.0,0.0,0.0,0.0,0.0,0.0,0.0,0.0,0.0,0.0,0.0,0.0,0.0,0.0,0.0,0.0,0.0,0.0,0.6527262926101685,0.35645511746406555,0.33745077252388,0.47355300188064575,0.6461540460586548,0.08693042397499084,0.6491661667823792,0.15401138365268707,0.9458937048912048,0.01860257424414158,0.43194010853767395,0.3552582561969757,0.9435070157051086,0.10345660895109177,0.40486210584640503,0.3251138925552368,0.8081491589546204,0.08855072408914566,0.6648926138877869,0.06239619106054306,0.12770891189575195,-0.24264156818389893,-0.11950582265853882,-0.6272740662097916,0.33180862665176114,0.14442931860685382,0.24671554565429688,0.3095787018537514,0.6865501403808594,0.16028583049774178,0.8392572402954115,0.578105449676515,0.8506253361701965,0.10648611932992935,1.0902054607868181,0.6099671125411987,0.7557198405265808,0.10937172919511795,1.6513079404830933,0.5568455904722214,3.0,3.0,3.0,3.0,3.0,3.0,3.0,3.0,3.0,3.0,3.0,3.0,3.0,3.0,3.0,3.0,3.0,3.0,3.0,3.0,0.05,0.05,0.05,0.05,0.05,0.05,0.05,0.05,0.05,0.05,0.05,0.05,0.05,0.05,0.05,0.05,0.05,0.05,0.05,0.05,0.0,0.0,0.0,0.0,0.0,0.0,0.0,0.0,0.0,0.0,0.0,0.0,0.0,0.0,0.0,0.0,0.0,0.0,0.0,0.0
0.5942635536193848,0.36225906014442444,0.3219868242740631,0.3782325088977814,0.5768754482269287,-0.135667085647583,0.6051952242851257,0.30665239691734314,0.8483139276504517,-0.019404927268624306,0.527177095413208,0.4042969048023224,0.8510251045227051,-0.09969053417444229,0.6232757568359375,0.40618324279785156,0.734142541885376,-0.07462089508771896,0.9086735844612122,0.15567989647388458,-0.29625296592713324,0.18665418028832245,0.01824796199798584,-0.7830217480659819,0.430017709732073,0.09530112147331551,-0.2653077244758708,-0.2909205853939175,0.424864888191241,0.08098017424345016,0.02811253070831299,-0.01033693552017212,0.3880247473716898,-0.043997541069984436,0.035500526428222656,-0.009313225746154785,0.22330880165100855,-0.2730360254645461,0.13027340173721783,-0.06970018148422241,3.0,3.0,3.0,3.0,3.0,3.0,3.0,3.0,3.0,3.0,3.0,3.0,3.0,3.0,3.0,3.0,3.0,3.0,3.0,3.0,0.05,0.05,0.05,0.05,0.05,0.05,0.05,0.05,0.05,0.05,0.05,0.05,0.05,0.05,0.05,0.05,0.05,0.05,0.05,0.05,0.0,0.0,0.0,0.0,0.0,0.0,0.0,0.0,0.0,0.0,0.0,0.0,0.0,0.0,0.0,0.0,0.0,0.0,0.0,0.0,0.6543875932693481,0.35103216767311096,0.3343682289123535,0.46103081107139593,0.6531211733818053,0.09033540636301042,0.6547234654426575,0.1606526970863342,0.9597487449645996,0.02215015329420567,0.4496151804924012,0.3674291670322419,0.9608113169670105,0.10584612935781479,0.4275186955928802,0.3378928601741791,0.8239102959632874,0.09052199870347977,0.6981269717216492,0.0742841511964798,0.08306503295898438,-0.2996534109115706,-0.18874853849411527,-0.6261095404624911,0.36490410566331405,0.19606892019510896,0.30901432037354587,0.35455264151097676,0.6989538669586479,0.19447207450867393,0.9282499551773434,0.6389856338501229,0.8798047900200261,0.13246592134237753,1.1754535138607503,0.6679296493530539,0.8203938603401514,0.09856373071670532,1.6721278429032094,0.6319504231214764,3.0,3.0,3.0,3.0,3.0,3.0,3.0,3.0,3.0,3.0,3.0,3.0,3.0,3.0,3.0,3.0,3.0,3.0,3.0,3.0,0.05,0.05,0.05,0.05,0.05,0.05,0.05,0.05,0.05,0.05,0.05,0.05,0.05,0.05,0.05,0.05,0.05,0.05,0.05,0.05,0.0,0.0,0.0,0.0,0.0,0.0,0.0,0.0,0.0,0.0,0.0,0.0,0.0,0.0,0.0,0.0,0.0,0.0,0.0,0.0
