q_00_left_hip_pitch,q_01_left_hip_roll,q_02_left_hip_yaw,q_03_left_knee,q_04_left_ankle_pitch,q_05_left_ankle_roll,q_06_right_hip_pitch,q_07_right_hip_roll,q_08_right_hip_yaw,q_09_right_knee,q_10_right_ankle_pitch,q_11_right_ankle_roll,q_12_waist_yaw,q_13_waist_roll,q_14_waist_pitch,q_15_left_shoulder_pitch,q_16_left_shoulder_roll,q_17_left_shoulder_yaw,q_18_left_elbow,q_19_left_wrist_roll,q_20_left_wrist_pitch,q_21_left_wrist_yaw,q_22_right_shoulder_pitch,q_23_right_shoulder_roll,q_24_right_shoulder_yaw,q_25_right_elbow,q_26_right_wrist_roll,q_27_right_wrist_pitch,q_28_right_wrist_yaw,dq_00_left_hip_pitch,dq_01_left_hip_roll,dq_02_left_hip_yaw,dq_03_left_knee,dq_04_left_ankle_pitch,dq_05_left_ankle_roll,dq_06_right_hip_pitch,dq_07_right_hip_roll,dq_08_right_hip_yaw,dq_09_right_knee,dq_10_right_ankle_pitch,dq_11_right_ankle_roll,dq_12_waist_yaw,dq_13_waist_roll,dq_14_waist_pitch,dq_15_left_shoulder_pitch,dq_16_left_shoulder_roll,dq_17_left_shoulder_yaw,dq_18_left_elbow,dq_19_left_wrist_roll,dq_20_left_wrist_pitch,dq_21_left_wrist_yaw,dq_22_right_shoulder_pitch,dq_23_right_shoulder_roll,dq_24_right_shoulder_yaw,dq_25_right_elbow,dq_26_right_wrist_roll,dq_27_right_wrist_pitch,dq_28_right_wrist_yaw,kp_00_left_hip_pitch,kp_01_left_hip_roll,kp_02_left_hip_yaw,kp_03_left_knee,kp_04_left_ankle_pitch,kp_05_left_ankle_roll,kp_06_right_hip_pitch,kp_07_right_hip_roll,kp_08_right_hip_yaw,kp_09_right_knee,kp_10_right_ankle_pitch,kp_11_right_ankle_roll,kp_12_waist_yaw,kp_13_waist_roll,kp_14_waist_pitch,kp_15_left_shoulder_pitch,kp_16_left_shoulder_roll,kp_17_left_shoulder_yaw,kp_18_left_elbow,kp_19_left_wrist_roll,kp_20_left_wrist_pitch,kp_21_left_wrist_yaw,kp_22_right_shoulder_pitch,kp_23_right_shoulder_roll,kp_24_right_shoulder_yaw,kp_25_right_elbow,kp_26_right_wrist_roll,kp_27_right_wrist_pitch,kp_28_right_wrist_yaw,kd_00_left_hip_pitch,kd_01_left_hip_roll,kd_02_left_hip_yaw,kd_03_left_knee,kd_04_left_ankle_pitch,kd_05_left_ankle_roll,kd_06_right_hip_pitch,kd_07_right_hip_roll,kd_08_right_hip_yaw,kd_09_right_knee,kd_10_right_ankle_pitch,kd_11_right_ankle_roll,kd_12_waist_yaw,kd_13_waist_roll,kd_14_waist_pitch,kd_15_left_shoulder_pitch,kd_16_left_shoulder_roll,kd_17_left_shoulder_yaw,kd_18_left_elbow,kd_19_left_wrist_roll,kd_20_left_wrist_pitch,kd_21_left_wrist_yaw,kd_22_right_shoulder_pitch,kd_23_right_shoulder_roll,kd_24_right_shoulder_yaw,kd_25_right_elbow,kd_26_right_wrist_roll,kd_27_right_wrist_pitch,kd_28_right_wrist_yaw,tau_00_left_hip_pitch,tau_01_left_hip_roll,tau_02_left_hip_yaw,tau_03_left_knee,tau_04_left_ankle_pitch,tau_05_left_ankle_roll,tau_06_right_hip_pitch,tau_07_right_hip_roll,tau_08_right_hip_yaw,tau_09_right_knee,tau_10_right_ankle_pitch,tau_11_right_ankle_roll,tau_12_waist_yaw,tau_13_waist_roll,tau_14_waist_pitch,tau_15_left_shoulder_pitch,tau_16_left_shoulder_roll,tau_17_left_shoulder_yaw,tau_18_left_elbow,tau_19_left_wrist_roll,tau_20_left_wrist_pitch,tau_21_left_wrist_yaw,tau_22_right_shoulder_pitch,tau_23_right_shoulder_roll,tau_24_right_shoulder_yaw,tau_25_right_elbow,tau_26_right_wrist_roll,tau_27_right_wrist_pitch,tau_28_right_wrist_yaw
-0.1,0.0,0.0,0.3,-0.2,0.0,-0.1,0.0,0.0,0.3,-0.2,0.0,0.0,0.0,0.0,0.25,0.18,0.0,0.0,0.0,0.0,0.0,0.25,-0.18,0.0,0.0,0.0,0.0,0.0,0.0,0.0,0.0,0.0,0.0,0.0,0.0,0.0,0.0,0.0,0.0,0.0,0.0,0.0,0.0,0.0,0.0,0.0,0.0,0.0,0.0,0.0,0.0,0.0,0.0,0.0,0.0,0.0,0.0,0.0,0.0,0.0,0.0,0.0,0.0,0.0,0.0,0.0,0.0,0.0,0.0,40.0,40.0,40.0,60.0,60.0,60.0,60.0,60.0,60.0,60.0,60.0,60.0,60.0,60.0,60.0,60.0,60.0,0.0,0.0,0.0,0.0,0.0,0.0,0.0,0.0,0.0,0.0,0.0,0.0,1.0,1.0,1.0,1.5,1.5,1.5,1.5,1.5,1.5,1.5,1.5,1.5,1.5,1.5,1.5,1.5,1.5,0.0,0.0,0.0,0.0,0.0,0.0,0.0,0.0,0.0,0.0,0.0,0.0,0.0,0.0,0.0,0.0,0.0,0.0,0.0,0.0,0.0,0.0,0.0,0.0,0.0,0.0,0.0,0.0,0.0
-0.1,0.0,0.0,0.3,-0.2,0.0,-0.1,0.0,0.0,0.3,-0.2,0.0,0.0,0.0,0.0,0.25,0.18,0.0,0.0,0.0,0.0,0.0,0.25,-0.18,0.0,0.0,0.0,0.0,0.0,0.0,0.0,0.0,0.0,0.0,0.0,0.0,0.0,0.0,0.0,0.0,0.0,0.0,0.0,0.0,-0.13243488326170963,0.0501031214736998,0.08907283633799849,-0.2023539640795844,-0.8578628536859328,0.25760086749996736,-0.4221998732288885,-0.13609773700920605,-0.07427910620459305,0.022602383979214522,-0.14553142292876547,0.6214039672941196,0.24030658247437206,0.32194171684841877,0.0,0.0,0.0,0.0,0.0,0.0,0.0,0.0,0.0,0.0,0.0,0.0,40.0,40.0,40.0,60.0,60.0,60.0,60.0,60.0,60.0,60.0,60.0,60.0,60.0,60.0,60.0,60.0,60.0,0.0,0.0,0.0,0.0,0.0,0.0,0.0,0.0,0.0,0.0,0.0,0.0,1.0,1.0,1.0,1.5,1.5,1.5,1.5,1.5,1.5,1.5,1.5,1.5,1.5,1.5,1.5,1.5,1.5,0.0,0.0,0.0,0.0,0.0,0.0,0.0,0.0,0.0,0.0,0.0,0.0,0.0,0.0,0.0,0.0,0.0,0.0,0.0,0.0,0.0,0.0,0.0,0.0,0.0,0.0,0.0,0.0,0.0
-0.1,0.0,0.0,0.3,-0.2,0.0,-0.1,0.0,0.0,0.3,-0.2,0.0,0.0,0.0,0.0,0.24470260466953161,0.18200412485894799,0.00356291345351994,-0.008094158563183376,-0.03431451414743732,0.010304034699998695,-0.01688799492915554,0.24455609051963176,-0.18297116424818372,0.0009040953591685809,-0.005821256917150619,0.024856158691764784,0.009612263298974882,0.01287766867393675,0.0,0.0,0.0,0.0,0.0,0.0,0.0,0.0,0.0,0.0,0.0,0.0,0.0,0.0,0.0,-0.4296521361492986,0.1452768169764411,0.3890238684311341,-0.7269824818919531,-2.652518373532038,1.004395605968171,-1.3654692037274734,-0.46418611755299555,-0.22026783520932916,-0.008915471122770729,-0.5758684331728842,2.185287161181371,1.0658120664175956,0.9526385055315362,0.0,0.0,0.0,0.0,0.0,0.0,0.0,0.0,0.0,0.0,0.0,0.0,40.0,40.0,40.0,60.0,60.0,60.0,60.0,60.0,60.0,60.0,60.0,60.0,60.0,60.0,60.0,60.0,60.0,0.0,0.0,0.0,0.0,0.0,0.0,0.0,0.0,0.0,0.0,0.0,0.0,1.0,1.0,1.0,1.5,1.5,1.5,1.5,1.5,1.5,1.5,1.5,1.5,1.5,1.5,1.5,1.5,1.5,0.0,0.0,0.0,0.0,0.0,0.0,0.0,0.0,0.0,0.0,0.0,0.0,0.0,0.0,0.0,0.0,0.0,0.0,0.0,0.0,0.0,0.0,0.0,0.0,0.0,0.0,0.0,0.0,0.0
-0.1,0.0,0.0,0.3,-0.2,0.0,-0.1,0.0,0.0,0.3,-0.2,0.0,0.0,0.0,0.0,0.23281391455402806,0.18581107267905764,0.015560954737245366,-0.029079299275678126,-0.10610073494128151,0.040175824238726836,-0.05461876814909893,0.23143255529788018,-0.18881071340837316,-0.00035661884491082913,-0.023034737326915366,0.08741148644725484,0.04263248265670382,0.03810554022126145,0.0,0.0,0.0,0.0,0.0,0.0,0.0,0.0,0.0,0.0,0.0,0.0,0.0,0.0,0.0,-0.8735380251274037,0.2492173956610895,0.9783698429872771,-1.4838327188681755,-4.892918156048795,2.3447900028932627,-2.613628367414736,-0.9727669687509676,-0.3771360661546964,-0.23543502620121842,-1.4033177269182462,4.70543781213541,2.824156522886599,1.670708524633201,0.0,0.0,0.0,0.0,0.0,0.0,0.0,0.0,0.0,0.0,0.0,0.0,40.0,40.0,40.0,60.0,60.0,60.0,60.0,60.0,60.0,60.0,60.0,60.0,60.0,60.0,60.0,60.0,60.0,0.0,0.0,0.0,0.0,0.0,0.0,0.0,0.0,0.0,0.0,0.0,0.0,1.0,1.0,1.0,1.5,1.5,1.5,1.5,1.5,1.5,1.5,1.5,1.5,1.5,1.5,1.5,1.5,1.5,0.0,0.0,0.0,0.0,0.0,0.0,0.0,0.0,0.0,0.0,0.0,0.0,0.0,0.0,0.0,0.0,0.0,0.0,0.0,0.0,0.0,0.0,0.0,0.0,0.0,0.0,0.0,0.0,0.0
-0.1,0.0,0.0,0.3,-0.2,0.0,-0.1,0.0,0.0,0.3,-0.2,0.0,0.0,0.0,0.0,0.20976108366443547,0.19197282068539157,0.042697707173011024,-0.0674474673179104,-0.23003124038938913,0.1040956348157292,-0.12143312962574497,0.20564541176959306,-0.19805660689437157,-0.008513305688880157,-0.061953965993880464,0.21307367117718118,0.12257852421443884,0.07970600965926479,0.0,0.0,0.0,0.0,0.0,0.0,0.0,0.0,0.0,0.0,0.0,0.0,0.0,0.0,0.0,-1.514300467930181,0.3427596608608918,1.972076654885441,-2.3342443017724213,-7.586777207033678,4.496435526041818,-3.8987024316428633,-1.7486415330209386,-0.5278076184010605,-0.8681645639953918,-2.6586636422820953,8.682107574703588,5.908696656074647,1.7412995635215738,0.0,0.0,0.0,0.0,0.0,0.0,0.0,0.0,0.0,0.0,0.0,0.0,40.0,40.0,40.0,60.0,60.0,60.0,60.0,60.0,60.0,60.0,60.0,60.0,60.0,60.0,60.0,60.0,60.0,0.0,0.0,0.0,0.0,0.0,0.0,0.0,0.0,0.0,0.0,0.0,0.0,1.0,1.0,1.0,1.5,1.5,1.5,1.5,1.5,1.5,1.5,1.5,1.5,1.5,1.5,1.5,1.5,1.5,0.0,0.0,0.0,0.0,0.0,0.0,0.0,0.0,0.0,0.0,0.0,0.0,0.0,0.0,0.0,0.0,0.0,0.0,0.0,0.0,0.0,0.0,0.0,0.0,0.0,0.0,0.0,0.0,0.0
-0.1,0.0,0.0,0.3,-0.2,0.0,-0.1,0.0,0.0,0.3,-0.2,0.0,0.0,0.0,0.0,0.1722418958368208,0.1995214591134933,0.094444020932663,-0.12244907134657497,-0.40957182322262864,0.22003324528039955,-0.21056686541481348,0.16148689397704263,-0.20992301814441558,-0.035083201404726504,-0.12938128301819918,0.4346957894353984,0.2789803488996897,0.1077575227621244,0.0,0.0,0.0,0.0,0.0,0.0,0.0,0.0,0.0,0.0,0.0,0.0,0.0,0.0,0.0,-2.2877936805678214,0.2915166861881056,3.049206269089733,-2.7914694776292936,-10.68538705044171,6.826112592994077,-3.4708887106408097,-2.605135879520714,-0.49224684351780384,-1.885365056169125,-3.259581355908532,12.389850842328668,7.742753035219634,0.6309592438547347,0.0,0.0,0.0,0.0,0.0,0.0,0.0,0.0,0.0,0.0,0.0,0.0,40.0,40.0,40.0,60.0,60.0,60.0,60.0,60.0,60.0,60.0,60.0,60.0,60.0,60.0,60.0,60.0,60.0,0.0,0.0,0.0,0.0,0.0,0.0,0.0,0.0,0.0,0.0,0.0,0.0,1.0,1.0,1.0,1.5,1.5,1.5,1.5,1.5,1.5,1.5,1.5,1.5,1.5,1.5,1.5,1.5,1.5,0.0,0.0,0.0,0.0,0.0,0.0,0.0,0.0,0.0,0.0,0.0,0.0,0.0,0.0,0.0,0.0,0.0,0.0,0.0,0.0,0.0,0.0,0.0,0.0,0.0,0.0,0.0,0.0,0.0
-0.1,0.0,0.0,0.3,-0.2,0.0,-0.1,0.0,0.0,0.3,-0.2,0.0,0.0,0.0,0.0,0.11824933644172261,0.2036334881329158,0.16466595793660035,-0.17910624642308215,-0.6574467224070576,0.3771401385354923,-0.2602686780513774,0.1014399765887645,-0.21774648063508373,-0.08392790793564517,-0.19233722023022173,0.7086677048703279,0.43228864562322417,0.10494437941345418,0.0,0.0,0.0,0.0,0.0,0.0,0.0,0.0,0.0,0.0,0.0,0.0,0.0,0.0,0.0,-3.184055422429571,0.05401489407049764,3.685372757562981,-2.350275986597892,-14.238741576610266,8.01069929135196,-0.42167312365277915,-3.508279338088275,-0.20781367760442163,-2.6497943186081043,-2.214142002968051,15.28215741646029,6.759808229446939,-1.199874066091233,0.0,0.0,0.0,0.0,0.0,0.0,0.0,0.0,0.0,0.0,0.0,0.0,40.0,40.0,40.0,60.0,60.0,60.0,60.0,60.0,60.0,60.0,60.0,60.0,60.0,60.0,60.0,60.0,60.0,0.0,0.0,0.0,0.0,0.0,0.0,0.0,0.0,0.0,0.0,0.0,0.0,1.0,1.0,1.0,1.5,1.5,1.5,1.5,1.5,1.5,1.5,1.5,1.5,1.5,1.5,1.5,1.5,1.5,0.0,0.0,0.0,0.0,0.0,0.0,0.0,0.0,0.0,0.0,0.0,0.0,0.0,0.0,0.0,0.0,0.0,0.0,0.0,0.0,0.0,0.0,0.0,0.0,0.0,0.0,0.0,0.0,0.0
-0.1,0.0,0.0,0.3,-0.2,0.0,-0.1,0.0,0.0,0.3,-0.2,0.0,0.0,0.0,0.0,0.044879678939637964,0.20168205487631322,0.24185893123518223,-0.21646011081049066,-0.9791214862870393,0.540461216934478,-0.22743379036092465,0.021155720453511634,-0.21823556524859244,-0.14107497414905068,-0.21794696313692122,1.04598208609381,0.5493726780775673,0.059762560118475076,0.0,0.0,0.0,0.0,0.0,0.0,0.0,0.0,0.0,0.0,0.0,0.0,0.0,0.0,0.0,-4.063234184507075,-0.360135058350497,3.317735934963712,-1.2810311996150174,-16.228350620794735,6.530929783548832,3.8817269471265194,-4.362954565653198,0.3318415576138163,-2.2282606986691653,-0.38781007507331794,16.28354393406143,3.8862691937643867,-3.2461548881767603,0.0,0.0,0.0,0.0,0.0,0.0,0.0,0.0,0.0,0.0,0.0,0.0,40.0,40.0,40.0,60.0,60.0,60.0,60.0,60.0,60.0,60.0,60.0,60.0,60.0,60.0,60.0,60.0,60.0,0.0,0.0,0.0,0.0,0.0,0.0,0.0,0.0,0.0,0.0,0.0,0.0,1.0,1.0,1.0,1.5,1.5,1.5,1.5,1.5,1.5,1.5,1.5,1.5,1.5,1.5,1.5,1.5,1.5,0.0,0.0,0.0,0.0,0.0,0.0,0.0,0.0,0.0,0.0,0.0,0.0,0.0,0.0,0.0,0.0,0.0,0.0,0.0,0.0,0.0,0.0,0.0,0.0,0.0,0.0,0.0,0.0,0.0
-0.1,0.0,0.0,0.3,-0.2,0.0,-0.1,0.0,0.0,0.3,-0.2,0.0,0.0,0.0,0.0,-0.04428003093856039,0.1892280857988959,0.29737539533514884,-0.23034749440768285,-1.306580747238847,0.6383773298774456,-0.10499960016631658,-0.07307820603736345,-0.20447281833053108,-0.1730583358824118,-0.20784962323315445,1.3600094622327852,0.5877394133737996,-0.02490181611361624,0.0,0.0,0.0,0.0,0.0,0.0,0.0,0.0,0.0,0.0,0.0,0.0,0.0,0.0,0.0,-4.448677944820928,-0.4922198469558242,1.9256346338897674,-0.0949512903248205,-17.494349809237523,2.3289044373476147,6.11544838649949,-4.554034952498788,0.7251864416580551,-0.5271586084409613,1.168726862942382,15.47443060865981,-0.9205343561573265,-4.071846902152859,0.0,0.0,0.0,0.0,0.0,0.0,0.0,0.0,0.0,0.0,0.0,0.0,40.0,40.0,40.0,60.0,60.0,60.0,60.0,60.0,60.0,60.0,60.0,60.0,60.0,60.0,60.0,60.0,60.0,0.0,0.0,0.0,0.0,0.0,0.0,0.0,0.0,0.0,0.0,0.0,0.0,1.0,1.0,1.0,1.5,1.5,1.5,1.5,1.5,1.5,1.5,1.5,1.5,1.5,1.5,1.5,1.5,1.5,0.0,0.0,0.0,0.0,0.0,0.0,0.0,0.0,0.0,0.0,0.0,0.0,0.0,0.0,0.0,0.0,0.0,0.0,0.0,0.0,0.0,0.0,0.0,0.0,0.0,0.0,0.0,0.0,0.0
-0.1,0.0,0.0,0.3,-0.2,0.0,-0.1,0.0,0.0,0.3,-0.2,0.0,0.0,0.0,0.0,-0.13306743885319916,0.18199326099808025,0.31888431659077293,-0.22025816242348348,-1.6788954786565402,0.6336173944283826,0.01718414509905494,-0.1610056776464399,-0.18922810758227024,-0.16216131848668913,-0.17119788861922594,1.6649593104402025,0.5125513038312742,-0.10311131596763928,0.0,0.0,0.0,0.0,0.0,0.0,0.0,0.0,0.0,0.0,0.0,0.0,0.0,0.0,0.0,-4.5341496883795696,-0.19717015314326194,0.0917048047578875,0.9523417801804844,-14.472557397425378,-1.5877761825780405,3.826173398142231,-4.176725334099846,0.6715000020609041,1.237254087884322,1.9108243532076366,12.16247366036382,-4.3976024712459125,-0.5206772250187922,0.0,0.0,0.0,0.0,0.0,0.0,0.0,0.0,0.0,0.0,0.0,0.0,40.0,40.0,40.0,60.0,60.0,60.0,60.0,60.0,60.0,60.0,60.0,60.0,60.0,60.0,60.0,60.0,60.0,0.0,0.0,0.0,0.0,0.0,0.0,0.0,0.0,0.0,0.0,0.0,0.0,1.0,1.0,1.0,1.5,1.5,1.5,1.5,1.5,1.5,1.5,1.5,1.5,1.5,1.5,1.5,1.5,1.5,0.0,0.0,0.0,0.0,0.0,0.0,0.0,0.0,0.0,0.0,0.0,0.0,0.0,0.0,0.0,0.0,0.0,0.0,0.0,0.0,0.0,0.0,0.0,0.0,0.0,0.0,0.0,0.0,0.0
-0.1,0.0,0.0,0.3,-0.2,0.0,-0.1,0.0,0.0,0.3,-0.2,0.0,0.0,0.0,0.0,-0.2256460184737432,0.18134127967316543,0.30104358752546434,-0.19225382320046347,-1.8854830431358622,0.5748662825743239,0.04804733575937267,-0.2401472194013573,-0.1776128182480949,-0.12356817236703892,-0.131416649104849,1.846508408647338,0.41183531452396316,-0.04572890511436793,0.0,0.0,0.0,0.0,0.0,0.0,0.0,0.0,0.0,0.0,0.0,0.0,0.0,0.0,0.0,-4.034818406297985,0.02156864673061379,-1.6811740306374265,1.2644976269552965,-7.328113033586497,-4.673427561174111,0.26632748187471084,-3.848723844433454,1.0449595045509033,2.6885203051066346,1.6636131285671392,7.67651723899494,-6.002224367101817,4.368942410784078,0.0,0.0,0.0,0.0,0.0,0.0,0.0,0.0,0.0,0.0,0.0,0.0,40.0,40.0,40.0,60.0,60.0,60.0,60.0,60.0,60.0,60.0,60.0,60.0,60.0,60.0,60.0,60.0,60.0,0.0,0.0,0.0,0.0,0.0,0.0,0.0,0.0,0.0,0.0,0.0,0.0,1.0,1.0,1.0,1.5,1.5,1.5,1.5,1.5,1.5,1.5,1.5,1.5,1.5,1.5,1.5,1.5,1.5,0.0,0.0,0.0,0.0,0.0,0.0,0.0,0.0,0.0,0.0,0.0,0.0,0.0,0.0,0.0,0.0,0.0,0.0,0.0,0.0,0.0,0.0,0.0,0.0,0.0,0.0,0.0,0.0,0.0
-0.1,0.0,0.0,0.3,-0.2,0.0,-0.1,0.0,0.0,0.3,-0.2,0.0,0.0,0.0,0.0,-0.29446017510511857,0.1828560068673048,0.25163735536527587,-0.16967825734527162,-1.97202,0.4466802919814182,0.027837244374043373,-0.31495463142377805,-0.1474297274002341,-0.05462050628242373,-0.10465336347654038,1.97202,0.27246232914720153,0.07164638046372387,0.0,0.0,0.0,0.0,0.0,0.0,0.0,0.0,0.0,0.0,0.0,0.0,0.0,0.0,0.0,-2.9461635202143017,0.19680979525518102,-2.9526335126637115,0.4096214590272255,-2.1634239216034468,-7.13672796291961,-1.7750712732906897,-3.628437568405893,2.053299872397596,3.681054749729845,0.4614168140782967,3.1377897838165523,-7.572003561593528,6.233689729950685,0.0,0.0,0.0,0.0,0.0,0.0,0.0,0.0,0.0,0.0,0.0,0.0,40.0,40.0,40.0,60.0,60.0,60.0,60.0,60.0,60.0,60.0,60.0,60.0,60.0,60.0,60.0,60.0,60.0,0.0,0.0,0.0,0.0,0.0,0.0,0.0,0.0,0.0,0.0,0.0,0.0,1.0,1.0,1.0,1.5,1.5,1.5,1.5,1.5,1.5,1.5,1.5,1.5,1.5,1.5,1.5,1.5,1.5,0.0,0.0,0.0,0.0,0.0,0.0,0.0,0.0,0.0,0.0,0.0,0.0,0.0,0.0,0.0,0.0,0.0,0.0,0.0,0.0,0.0,0.0,0.0,0.0,0.0,0.0,0.0,0.0,0.0
-0.1,0.0,0.0,0.3,-0.2,0.0,-0.1,0.0,0.0,0.3,-0.2,0.0,0.0,0.0,0.0,-0.34349255928231526,0.18921367148337268,0.18293824701891587,-0.17586896483937445,-1.97202,0.2893971640575395,-0.022955515172254908,-0.385284722137593,-0.09548082335219107,0.023674017622154885,-0.11295997654171712,1.97202,0.10895517206022204,0.20361868408365946,0.0,0.0,0.0,0.0,0.0,0.0,0.0,0.0,0.0,0.0,0.0,0.0,0.0,0.0,0.0,-2.333572307984397,0.3266256462432275,-3.6645439677958525,-1.0740542907998634,0.0,-8.286279394224412,-3.033872715991872,-3.085172917420649,2.2685024800427653,4.007850401773679,-1.2693296120880246,0.0,-8.678600854988947,4.431453634492873,0.0,0.0,0.0,0.0,0.0,0.0,0.0,0.0,0.0,0.0,0.0,0.0,40.0,40.0,40.0,60.0,60.0,60.0,60.0,60.0,60.0,60.0,60.0,60.0,60.0,60.0,60.0,60.0,60.0,0.0,0.0,0.0,0.0,0.0,0.0,0.0,0.0,0.0,0.0,0.0,0.0,1.0,1.0,1.0,1.5,1.5,1.5,1.5,1.5,1.5,1.5,1.5,1.5,1.5,1.5,1.5,1.5,1.5,0.0,0.0,0.0,0.0,0.0,0.0,0.0,0.0,0.0,0.0,0.0,0.0,0.0,0.0,0.0,0.0,0.0,0.0,0.0,0.0,0.0,0.0,0.0,0.0,0.0,0.0,0.0,0.0,0.0
-0.1,0.0,0.0,0.3,-0.2,0.0,-0.1,0.0,0.0,0.3,-0.2,0.0,0.0,0.0,0.0,-0.38780306742449444,0.1959210327170339,0.10505559665344179,-0.21264042897726615,-1.97202,0.1152291162124417,-0.09351766426563152,-0.438361548120604,-0.0566896281985235,0.10569350978852343,-0.15542654796006136,1.97202,-0.0746817050523563,0.24890452584343878,0.0,0.0,0.0,0.0,0.0,0.0,0.0,0.0,0.0,0.0,0.0,0.0,0.0,0.0,0.0,-2.392836174132003,0.3370163745308921,-4.001935784254003,-2.4766957386750614,0.0,-8.785107305743695,-4.119781820471394,-1.642459379456572,1.1131878271294824,3.854188964243414,-1.911139507544549,0.0,-8.05572809504227,0.7302547759633827,0.0,0.0,0.0,0.0,0.0,0.0,0.0,0.0,0.0,0.0,0.0,0.0,40.0,40.0,40.0,60.0,60.0,60.0,60.0,60.0,60.0,60.0,60.0,60.0,60.0,60.0,60.0,60.0,60.0,0.0,0.0,0.0,0.0,0.0,0.0,0.0,0.0,0.0,0.0,0.0,0.0,1.0,1.0,1.0,1.5,1.5,1.5,1.5,1.5,1.5,1.5,1.5,1.5,1.5,1.5,1.5,1.5,1.5,0.0,0.0,0.0,0.0,0.0,0.0,0.0,0.0,0.0,0.0,0.0,0.0,0.0,0.0,0.0,0.0,0.0,0.0,0.0,0.0,0.0,0.0,0.0,0.0,0.0,0.0,0.0,0.0,0.0
-0.1,0.0,0.0,0.3,-0.2,0.0,-0.1,0.0,0.0,0.3,-0.2,0.0,0.0,0.0,0.0,-0.43920600624759537,0.20269432646460836,0.02286081564875575,-0.2749367943863769,-1.97202,-0.06200712817220833,-0.18774678799111066,-0.4509830973158559,-0.050953310267011775,0.17784157619189145,-0.18940555684349908,1.97202,-0.21327395174146876,0.23282887512219477,0.0,0.0,0.0,0.0,0.0,0.0,0.0,0.0,0.0,0.0,0.0,0.0,0.0,0.0,0.0,-2.102259588672643,0.24917022461191027,-3.9773026923210804,-2.714347501815853,0.0,-7.417202745806422,-4.252830672401515,-0.3808237421133037,0.11152728351920965,3.0750259649448415,-1.5282892444957472,0.0,-5.741381438194411,-1.089492205078866,0.0,0.0,0.0,0.0,0.0,0.0,0.0,0.0,0.0,0.0,0.0,0.0,40.0,40.0,40.0,60.0,60.0,60.0,60.0,60.0,60.0,60.0,60.0,60.0,60.0,60.0,60.0,60.0,60.0,0.0,0.0,0.0,0.0,0.0,0.0,0.0,0.0,0.0,0.0,0.0,0.0,1.0,1.0,1.0,1.5,1.5,1.5,1.5,1.5,1.5,1.5,1.5,1.5,1.5,1.5,1.5,1.5,1.5,0.0,0.0,0.0,0.0,0.0,0.0,0.0,0.0,0.0,0.0,0.0,0.0,0.0,0.0,0.0,0.0,0.0,0.0,0.0,0.0,0.0,0.0,0.0,0.0,0.0,0.0,0.0,0.0,0.0
-0.1,0.0,0.0,0.3,-0.2,0.0,-0.1,0.0,0.0,0.3,-0.2,0.0,0.0,0.0,0.0,-0.4718934509714002,0.2058878417015103,-0.05403651103940141,-0.32121432904990027,-1.97202,-0.18145899361981516,-0.26363089116169214,-0.45359449780513617,-0.052228536857755116,0.2286945483863171,-0.21655811773989125,1.97202,-0.30433696258013276,0.20532483764028414,0.0,0.0,0.0,0.0,0.0,0.0,0.0,0.0,0.0,0.0,0.0,0.0,0.0,0.0,0.0,-1.4960708766633772,0.1824808965965201,-3.2427051114351872,-1.553502124753825,0.0,-5.111889793944552,-3.0276259969510178,-0.297971758007666,-0.17743905840945198,2.3108372380032645,-1.1545672827900941,0.0,-4.261594145403154,-1.0247482526603415,0.0,0.0,0.0,0.0,0.0,0.0,0.0,0.0,0.0,0.0,0.0,0.0,40.0,40.0,40.0,60.0,60.0,60.0,60.0,60.0,60.0,60.0,60.0,60.0,60.0,60.0,60.0,60.0,60.0,0.0,0.0,0.0,0.0,0.0,0.0,0.0,0.0,0.0,0.0,0.0,0.0,1.0,1.0,1.0,1.5,1.5,1.5,1.5,1.5,1.5,1.5,1.5,1.5,1.5,1.5,1.5,1.5,1.5,0.0,0.0,0.0,0.0,0.0,0.0,0.0,0.0,0.0,0.0,0.0,0.0,0.0,0.0,0.0,0.0,0.0,0.0,0.0,0.0,0.0,0.0,0.0,0.0,0.0,0.0,0.0,0.0,0.0
-0.1,0.0,0.0,0.3,-0.2,0.0,-0.1,0.0,0.0,0.3,-0.2,0.0,0.0,0.0,0.0,-0.49904884131413046,0.20999356232846916,-0.10684738880865174,-0.3370768793765299,-1.97202,-0.2664827199299904,-0.3088518278691514,-0.46290196763616254,-0.058050872603389855,0.27027506571202203,-0.23558824815510285,1.97202,-0.38373771755759495,0.1918389450157811,0.0,0.0,0.0,0.0,0.0,0.0,0.0,0.0,0.0,0.0,0.0,0.0,0.0,0.0,0.0,-1.077730531586453,0.24505705694890453,-2.1464252907763157,-0.5134227735262537,0.0,-3.8340448157896123,-1.5991382112788721,-0.35493277150253494,-0.384640803154755,1.8469254888290043,-0.8313423053590348,0.0,-3.5327405167253065,-0.3363782564601403,0.0,0.0,0.0,0.0,0.0,0.0,0.0,0.0,0.0,0.0,0.0,0.0,40.0,40.0,40.0,60.0,60.0,60.0,60.0,60.0,60.0,60.0,60.0,60.0,60.0,60.0,60.0,60.0,60.0,0.0,0.0,0.0,0.0,0.0,0.0,0.0,0.0,0.0,0.0,0.0,0.0,1.0,1.0,1.0,1.5,1.5,1.5,1.5,1.5,1.5,1.5,1.5,1.5,1.5,1.5,1.5,1.5,1.5,0.0,0.0,0.0,0.0,0.0,0.0,0.0,0.0,0.0,0.0,0.0,0.0,0.0,0.0,0.0,0.0,0.0,0.0,0.0,0.0,0.0,0.0,0.0,0.0,0.0,0.0,0.0,0.0,0.0
-0.1,0.0,0.0,0.3,-0.2,0.0,-0.1,0.0,0.0,0.3,-0.2,0.0,0.0,0.0,0.0,-0.5150026722348583,0.2156901239794665,-0.13989352267045405,-0.3417512399909504,-1.97202,-0.33482078625139966,-0.327596419612847,-0.46779180866523756,-0.06761416898394532,0.30257156793947726,-0.24981180995425264,1.97202,-0.445646583249145,0.19186970738187853,0.0,0.0,0.0,0.0,0.0,0.0,0.0,0.0,0.0,0.0,0.0,0.0,0.0,0.0,0.0,-0.6193531496158602,0.3743755223756362,-1.3612017914344028,-0.36655529374171186,0.0,-3.7893252028705247,-0.3518284913163833,0.05625050943662835,-0.42924233424711,1.5426590580705988,-0.8402922024137678,0.0,-2.738091206510085,0.21656856038159353,0.0,0.0,0.0,0.0,0.0,0.0,0.0,0.0,0.0,0.0,0.0,0.0,40.0,40.0,40.0,60.0,60.0,60.0,60.0,60.0,60.0,60.0,60.0,60.0,60.0,60.0,60.0,60.0,60.0,0.0,0.0,0.0,0.0,0.0,0.0,0.0,0.0,0.0,0.0,0.0,0.0,1.0,1.0,1.0,1.5,1.5,1.5,1.5,1.5,1.5,1.5,1.5,1.5,1.5,1.5,1.5,1.5,1.5,0.0,0.0,0.0,0.0,0.0,0.0,0.0,0.0,0.0,0.0,0.0,0.0,0.0,0.0,0.0,0.0,0.0,0.0,0.0,0.0,0.0,0.0,0.0,0.0,0.0,0.0,0.0,0.0,0.0
-0.1,0.0,0.0,0.3,-0.2,0.0,-0.1,0.0,0.0,0.3,-0.2,0.0,0.0,0.0,0.0,-0.5238229672987649,0.2249685832234946,-0.16129546046602786,-0.3517390911261984,-1.97202,-0.4180557280448114,-0.3229249675218067,-0.4606519472586974,-0.07522056597327426,0.331981428034846,-0.26919993625165356,1.97202,-0.49326136581799834,0.20050168743104485,0.0,0.0,0.0,0.0,0.0,0.0,0.0,0.0,0.0,0.0,0.0,0.0,0.0,0.0,0.0,-0.10385754954450876,0.6534251116813896,-0.8979210878012928,-0.5728317377128574,0.0,-4.139387010809053,1.0505254104482789,0.8547539143145655,-0.4615387188309849,1.47653116065255,-1.2830045477374548,0.0,-1.7710126698998976,0.6274737541069269,0.0,0.0,0.0,0.0,0.0,0.0,0.0,0.0,0.0,0.0,0.0,0.0,40.0,40.0,40.0,60.0,60.0,60.0,60.0,60.0,60.0,60.0,60.0,60.0,60.0,60.0,60.0,60.0,60.0,0.0,0.0,0.0,0.0,0.0,0.0,0.0,0.0,0.0,0.0,0.0,0.0,1.0,1.0,1.0,1.5,1.5,1.5,1.5,1.5,1.5,1.5,1.5,1.5,1.5,1.5,1.5,1.5,1.5,0.0,0.0,0.0,0.0,0.0,0.0,0.0,0.0,0.0,0.0,0.0,0.0,0.0,0.0,0.0,0.0,0.0,0.0,0.0,0.0,0.0,0.0,0.0,0.0,0.0,0.0,0.0,0.0,0.0
-0.1,0.0,0.0,0.3,-0.2,0.0,-0.1,0.0,0.0,0.3,-0.2,0.0,0.0,0.0,0.0,-0.5191569742166386,0.24182712844672208,-0.17581036618250576,-0.3646645094994647,-1.97202,-0.5003962666837618,-0.28557540319491587,-0.43360165209265494,-0.08607571773718471,0.36163281436557926,-0.30113199186375084,1.97202,-0.5164870900451409,0.2169686575461556,0.0,0.0,0.0,0.0,0.0,0.0,0.0,0.0,0.0,0.0,0.0,0.0,0.0,0.0,0.0,0.27772675829479676,0.7855265992478113,-0.7235281980105909,-0.6745921733806254,0.0,-3.8931019807302403,2.377885648548446,1.360381002719152,-0.4458067597431625,1.2801703429001678,-1.3833985735164422,0.0,-0.6263648039254401,0.9214748489042565,0.0,0.0,0.0,0.0,0.0,0.0,0.0,0.0,0.0,0.0,0.0,0.0,40.0,40.0,40.0,60.0,60.0,60.0,60.0,60.0,60.0,60.0,60.0,60.0,60.0,60.0,60.0,60.0,60.0,0.0,0.0,0.0,0.0,0.0,0.0,0.0,0.0,0.0,0.0,0.0,0.0,1.0,1.0,1.0,1.5,1.5,1.5,1.5,1.5,1.5,1.5,1.5,1.5,1.5,1.5,1.5,1.5,1.5,0.0,0.0,0.0,0.0,0.0,0.0,0.0,0.0,0.0,0.0,0.0,0.0,0.0,0.0,0.0,0.0,0.0,0.0,0.0,0.0,0.0,0.0,0.0,0.0,0.0,0.0,0.0,0.0,0.0
-0.1,0.0,0.0,0.3,-0.2,0.0,-0.1,0.0,0.0,0.3,-0.2,0.0,0.0,0.0,0.0,-0.512713896966973,0.25638964719340707,-0.1902365883864515,-0.3787227780614234,-1.97202,-0.573779807274021,-0.22780954157986888,-0.4062367071499313,-0.09305283636300075,0.3831882417508527,-0.32453587919231125,1.97202,-0.518315957975016,0.2373606813872151,0.0,0.0,0.0,0.0,0.0,0.0,0.0,0.0,0.0,0.0,0.0,0.0,0.0,0.0,0.0,0.8388674916746233,0.3400684113089226,-1.0507529271568832,-0.8331124997228198,0.0,-3.2616216546696526,1.149330054130989,1.5238420885195323,-0.21144568401062247,1.0610028043577802,-0.4321286765128704,0.0,-0.07367994085896445,-0.5688126544853962,0.0,0.0,0.0,0.0,0.0,0.0,0.0,0.0,0.0,0.0,0.0,0.0,40.0,40.0,40.0,60.0,60.0,60.0,60.0,60.0,60.0,60.0,60.0,60.0,60.0,60.0,60.0,60.0,60.0,0.0,0.0,0.0,0.0,0.0,0.0,0.0,0.0,0.0,0.0,0.0,0.0,1.0,1.0,1.0,1.5,1.5,1.5,1.5,1.5,1.5,1.5,1.5,1.5,1.5,1.5,1.5,1.5,1.5,0.0,0.0,0.0,0.0,0.0,0.0,0.0,0.0,0.0,0.0,0.0,0.0,0.0,0.0,0.0,0.0,0.0,0.0,0.0,0.0,0.0,0.0,0.0,0.0,0.0,0.0,0.0,0.0,0.0
-0.1,0.0,0.0,0.3,-0.2,0.0,-0.1,0.0,0.0,0.3,-0.2,0.0,0.0,0.0,0.0,-0.4856022745496537,0.255429864899079,-0.21784048326878108,-0.3979890094883775,-1.97202,-0.6308611328705479,-0.2396022010296763,-0.37264796855187365,-0.09453354509760961,0.40407292653989046,-0.31841713892426565,1.97202,-0.5194342876794995,0.19421615136673975,0.0,0.0,0.0,0.0,0.0,0.0,0.0,0.0,0.0,0.0,0.0,0.0,0.0,0.0,0.0,1.4389940957812986,-0.1791040290175079,-1.4515001927574718,-0.5818009359183209,0.0,-1.7428756730124506,-1.2643518986224038,1.670088038765674,-0.1141827433151131,1.1176788723773394,0.18115218154975826,0.0,-0.3154996645669539,-3.057929266375854,0.0,0.0,0.0,0.0,0.0,0.0,0.0,0.0,0.0,0.0,0.0,0.0,40.0,40.0,40.0,60.0,60.0,60.0,60.0,60.0,60.0,60.0,60.0,60.0,60.0,60.0,60.0,60.0,60.0,0.0,0.0,0.0,0.0,0.0,0.0,0.0,0.0,0.0,0.0,0.0,0.0,1.0,1.0,1.0,1.5,1.5,1.5,1.5,1.5,1.5,1.5,1.5,1.5,1.5,1.5,1.5,1.5,1.5,0.0,0.0,0.0,0.0,0.0,0.0,0.0,0.0,0.0,0.0,0.0,0.0,0.0,0.0,0.0,0.0,0.0,0.0,0.0,0.0,0.0,0.0,0.0,0.0,0.0,0.0,0.0,0.0,0.0
-0.1,0.0,0.0,0.3,-0.2,0.0,-0.1,0.0,0.0,0.3,-0.2,0.0,0.0,0.0,0.0,-0.45515413313572106,0.24922548603270675,-0.24829659609675037,-0.40199481549815624,-1.97202,-0.643494834194519,-0.27838361752476504,-0.33943318559930435,-0.09762014609560528,0.4278953966459463,-0.3172897919303209,1.97202,-0.5309359445576941,0.11504351073218094,0.0,0.0,0.0,0.0,0.0,0.0,0.0,0.0,0.0,0.0,0.0,0.0,0.0,0.0,0.0,1.5947764708576297,-0.5389683168251266,-1.4352799281048199,0.1494380667615633,0.0,0.2331349479990863,-1.4230352517820948,1.7488481307451564,-0.018599529306712742,1.198875606877056,0.14894018009279503,0.0,-0.8234898838854171,-4.292559258364122,0.0,0.0,0.0,0.0,0.0,0.0,0.0,0.0,0.0,0.0,0.0,0.0,40.0,40.0,40.0,60.0,60.0,60.0,60.0,60.0,60.0,60.0,60.0,60.0,60.0,60.0,60.0,60.0,60.0,0.0,0.0,0.0,0.0,0.0,0.0,0.0,0.0,0.0,0.0,0.0,0.0,1.0,1.0,1.0,1.5,1.5,1.5,1.5,1.5,1.5,1.5,1.5,1.5,1.5,1.5,1.5,1.5,1.5,0.0,0.0,0.0,0.0,0.0,0.0,0.0,0.0,0.0,0.0,0.0,0.0,0.0,0.0,0.0,0.0,0.0,0.0,0.0,0.0,0.0,0.0,0.0,0.0,0.0,0.0,0.0,0.0,0.0
-0.1,0.0,0.0,0.3,-0.2,0.0,-0.1,0.0,0.0,0.3,-0.2,0.0,0.0,0.0,0.0,-0.4218112157153485,0.23387113222607392,-0.2752516803929739,-0.392011486817915,-1.97202,-0.6215357349505845,-0.2965236111009601,-0.3026940433220674,-0.09527752626987812,0.4520279508149727,-0.31245953172055385,1.97202,-0.5523738830349162,0.02251378103217487,0.0,0.0,0.0,0.0,0.0,0.0,0.0,0.0,0.0,0.0,0.0,0.0,0.0,0.0,0.0,1.8306216268980338,-1.0992480674348166,-1.4320553537890899,0.9803800859698771,0.0,1.1955294818610822,0.1761529498909717,2.090616454291076,0.427683126691231,1.0813464684722884,0.6650368802718243,0.0,-1.202438300682787,-4.501799770741286,0.0,0.0,0.0,0.0,0.0,0.0,0.0,0.0,0.0,0.0,0.0,0.0,40.0,40.0,40.0,60.0,60.0,60.0,60.0,60.0,60.0,60.0,60.0,60.0,60.0,60.0,60.0,60.0,60.0,0.0,0.0,0.0,0.0,0.0,0.0,0.0,0.0,0.0,0.0,0.0,0.0,1.0,1.0,1.0,1.5,1.5,1.5,1.5,1.5,1.5,1.5,1.5,1.5,1.5,1.5,1.5,1.5,1.5,0.0,0.0,0.0,0.0,0.0,0.0,0.0,0.0,0.0,0.0,0.0,0.0,0.0,0.0,0.0,0.0,0.0,0.0,0.0,0.0,0.0,0.0,0.0,0.0,0.0,0.0,0.0,0.0,0.0
-0.1,0.0,0.0,0.3,-0.2,0.0,-0.1,0.0,0.0,0.3,-0.2,0.0,0.0,0.0,0.0,-0.3819292680597997,0.20525556333531408,-0.30557881024831396,-0.36277961205936116,-1.97202,-0.5956736549200757,-0.27133749952912617,-0.2558085274276613,-0.08051282102795604,0.4711492553848378,-0.29068831671944795,1.97202,-0.5790334765850056,-0.0650284800974705,0.0,0.0,0.0,0.0,0.0,0.0,0.0,0.0,0.0,0.0,0.0,0.0,0.0,0.0,0.0,2.641571346912504,-1.1399276181927618,-1.5264715183726476,-0.10960221713510188,0.0,-0.752976070243988,3.795117087276127,1.5760291500705168,1.0363197934306527,0.43600229747843416,0.7025769450159147,0.0,-3.2270678477890336,-4.133508229691499,0.0,0.0,0.0,0.0,0.0,0.0,0.0,0.0,0.0,0.0,0.0,0.0,40.0,40.0,40.0,60.0,60.0,60.0,60.0,60.0,60.0,60.0,60.0,60.0,60.0,60.0,60.0,60.0,60.0,0.0,0.0,0.0,0.0,0.0,0.0,0.0,0.0,0.0,0.0,0.0,0.0,1.0,1.0,1.0,1.5,1.5,1.5,1.5,1.5,1.5,1.5,1.5,1.5,1.5,1.5,1.5,1.5,1.5,0.0,0.0,0.0,0.0,0.0,0.0,0.0,0.0,0.0,0.0,0.0,0.0,0.0,0.0,0.0,0.0,0.0,0.0,0.0,0.0,0.0,0.0,0.0,0.0,0.0,0.0,0.0,0.0,0.0
-0.1,0.0,0.0,0.3,-0.2,0.0,-0.1,0.0,0.0,0.3,-0.2,0.0,0.0,0.0,0.0,-0.31614836183884837,0.18827402749836344,-0.3363105411278798,-0.39639557550331905,-1.97202,-0.651654777760344,-0.144718927609915,-0.23965287731924673,-0.05382473453265201,0.4694680427141101,-0.28435645391991726,1.97202,-0.6814565969464775,-0.1428265481554851,0.0,0.0,0.0,0.0,0.0,0.0,0.0,0.0,0.0,0.0,0.0,0.0,0.0,0.0,0.0,2.1669800294479624,-0.879047891277776,-1.5694709682361683,-1.7069642960275813,0.0,-3.6347614153790424,3.9999844192869727,0.707503700345205,0.597702371659853,0.7081860352365632,-0.3005451545523591,0.0,-4.750921460020837,-3.2291353767930615,0.0,0.0,0.0,0.0,0.0,0.0,0.0,0.0,0.0,0.0,0.0,0.0,40.0,40.0,40.0,60.0,60.0,60.0,60.0,60.0,60.0,60.0,60.0,60.0,60.0,60.0,60.0,60.0,60.0,0.0,0.0,0.0,0.0,0.0,0.0,0.0,0.0,0.0,0.0,0.0,0.0,1.0,1.0,1.0,1.5,1.5,1.5,1.5,1.5,1.5,1.5,1.5,1.5,1.5,1.5,1.5,1.5,1.5,0.0,0.0,0.0,0.0,0.0,0.0,0.0,0.0,0.0,0.0,0.0,0.0,0.0,0.0,0.0,0.0,0.0,0.0,0.0,0.0,0.0,0.0,0.0,0.0,0.0,0.0,0.0,0.0,0.0
-0.1,0.0,0.0,0.3,-0.2,0.0,-0.1,0.0,0.0,0.3,-0.2,0.0,0.0,0.0,0.0,-0.2952500668818812,0.17009364768420304,-0.3683576489777607,-0.4310581839004644,-1.97202,-0.7410641115352374,-0.11133812275764728,-0.2275083794138531,-0.05660472616156192,0.49947669679430035,-0.3027101229015423,1.97202,-0.7690703349858391,-0.19419389516919297,0.0,0.0,0.0,0.0,0.0,0.0,0.0,0.0,0.0,0.0,0.0,0.0,0.0,0.0,0.0,0.8314094089452745,-0.8148853974729003,-1.8417331940332904,-1.3013606241055033,0.0,-4.389006677734045,1.2490957216771843,0.5029724727507151,-0.21180445434893694,1.3313100393468793,-0.7663231841466417,0.0,-4.0798585002125405,-2.2053480263427536,0.0,0.0,0.0,0.0,0.0,0.0,0.0,0.0,0.0,0.0,0.0,0.0,40.0,40.0,40.0,60.0,60.0,60.0,60.0,60.0,60.0,60.0,60.0,60.0,60.0,60.0,60.0,60.0,60.0,0.0,0.0,0.0,0.0,0.0,0.0,0.0,0.0,0.0,0.0,0.0,0.0,1.0,1.0,1.0,1.5,1.5,1.5,1.5,1.5,1.5,1.5,1.5,1.5,1.5,1.5,1.5,1.5,1.5,0.0,0.0,0.0,0.0,0.0,0.0,0.0,0.0,0.0,0.0,0.0,0.0,0.0,0.0,0.0,0.0,0.0,0.0,0.0,0.0,0.0,0.0,0.0,0.0,0.0,0.0,0.0,0.0,0.0
-0.1,0.0,0.0,0.3,-0.2,0.0,-0.1,0.0,0.0,0.3,-0.2,0.0,0.0,0.0,0.0,-0.2828919854810374,0.15567861159944743,-0.4099798688892114,-0.4484500004675392,-1.97202,-0.8272150448697058,-0.09475509874282763,-0.21953397840921812,-0.06229691270660949,0.5227204442879853,-0.31500938128578293,1.97202,-0.8446509369549792,-0.23104046920919524,0.0,0.0,0.0,0.0,0.0,0.0,0.0,0.0,0.0,0.0,0.0,0.0,0.0,0.0,0.0,0.43760985616174003,-0.5797799539931071,-2.8654030300482702,1.9045089980307086,0.0,-2.3174505678295207,-1.0103356616565844,0.09746640062565232,-1.519812958745602,2.46964466082286,0.32606194226846574,0.0,-1.7810885532844933,-1.0972439639917293,0.0,0.0,0.0,0.0,0.0,0.0,0.0,0.0,0.0,0.0,0.0,0.0,40.0,40.0,40.0,60.0,60.0,60.0,60.0,60.0,60.0,60.0,60.0,60.0,60.0,60.0,60.0,60.0,60.0,0.0,0.0,0.0,0.0,0.0,0.0,0.0,0.0,0.0,0.0,0.0,0.0,1.0,1.0,1.0,1.5,1.5,1.5,1.5,1.5,1.5,1.5,1.5,1.5,1.5,1.5,1.5,1.5,1.5,0.0,0.0,0.0,0.0,0.0,0.0,0.0,0.0,0.0,0.0,0.0,0.0,0.0,0.0,0.0,0.0,0.0,0.0,0.0,0.0,0.0,0.0,0.0,0.0,0.0,0.0,0.0,0.0,0.0
-0.1,0.0,0.0,0.3,-0.2,0.0,-0.1,0.0,0.0,0.3,-0.2,0.0,0.0,0.0,0.0,-0.2777456726354116,0.14690244952447876,-0.4829737701796915,-0.35487782397923606,-1.97202,-0.8337621342484183,-0.15175154922391065,-0.223609723388827,-0.117397244511386,0.5982624832272148,-0.2896676452108037,1.97202,-0.8403138771172188,-0.23808365372886214,0.0,0.0,0.0,0.0,0.0,0.0,0.0,0.0,0.0,0.0,0.0,0.0,0.0,0.0,0.0,-0.2578189086041016,-0.12880420010579624,-1.9775134068096971,2.0658785416973733,0.0,0.16873308372934992,-2.658735929880231,-0.2540653326236937,-1.3281683214266422,1.9076190976928864,-0.43547198625490113,0.0,0.7340048401388549,0.2767052830113352,0.0,0.0,0.0,0.0,0.0,0.0,0.0,0.0,0.0,0.0,0.0,0.0,40.0,40.0,40.0,60.0,60.0,60.0,60.0,60.0,60.0,60.0,60.0,60.0,60.0,60.0,60.0,60.0,60.0,0.0,0.0,0.0,0.0,0.0,0.0,0.0,0.0,0.0,0.0,0.0,0.0,1.0,1.0,1.0,1.5,1.5,1.5,1.5,1.5,1.5,1.5,1.5,1.5,1.5,1.5,1.5,1.5,1.5,0.0,0.0,0.0,0.0,0.0,0.0,0.0,0.0,0.0,0.0,0.0,0.0,0.0,0.0,0.0,0.0,0.0,0.0,0.0,0.0,0.0,0.0,0.0,0.0,0.0,0.0,0.0,0.0,0.0
-0.1,0.0,0.0,0.3,-0.2,0.0,-0.1,0.0,0.0,0.3,-0.2,0.0,0.0,0.0,0.0,-0.29320474182520145,0.15052644359521558,-0.4890804051615993,-0.36581485879964426,-1.97202,-0.8204657215205318,-0.20110453593803687,-0.22969659171416587,-0.11542364556367518,0.5990252081957007,-0.332428260735979,1.97202,-0.815290743349425,-0.21997225788874183,0.0,0.0,0.0,0.0,0.0,0.0,0.0,0.0,0.0,0.0,0.0,0.0,0.0,0.0,0.0,-0.7038491149377781,0.15794725857407807,-0.1732801375099957,-0.5193543135217484,0.0,1.0355917750036274,-2.2056367861490638,-0.28097502643071315,0.13175413532389296,-0.048756319503368006,-1.8518557320281113,0.0,1.7440761141817307,1.3409711808921503,0.0,0.0,0.0,0.0,0.0,0.0,0.0,0.0,0.0,0.0,0.0,0.0,40.0,40.0,40.0,60.0,60.0,60.0,60.0,60.0,60.0,60.0,60.0,60.0,60.0,60.0,60.0,60.0,60.0,0.0,0.0,0.0,0.0,0.0,0.0,0.0,0.0,0.0,0.0,0.0,0.0,1.0,1.0,1.0,1.5,1.5,1.5,1.5,1.5,1.5,1.5,1.5,1.5,1.5,1.5,1.5,1.5,1.5,0.0,0.0,0.0,0.0,0.0,0.0,0.0,0.0,0.0,0.0,0.0,0.0,0.0,0.0,0.0,0.0,0.0,0.0,0.0,0.0,0.0,0.0,0.0,0.0,0.0,0.0,0.0,0.0,0.0
-0.1,0.0,0.0,0.3,-0.2,0.0,-0.1,0.0,0.0,0.3,-0.2,0.0,0.0,0.0,0.0,-0.30589963723292274,0.15322033986744188,-0.48990497568009134,-0.375651996520106,-1.97202,-0.7923384632482732,-0.2399770206698732,-0.23484872444605553,-0.11212707909843028,0.59631223044708,-0.36374187449192813,1.97202,-0.7705508325499496,-0.18444480649317613,0.0,0.0,0.0,0.0,0.0,0.0,0.0,0.0,0.0,0.0,0.0,0.0,0.0,0.0,0.0,-0.8979073971905129,0.16413566385344233,0.44134685054323386,0.3578153982406282,0.0,1.4193774824375365,-1.7083755227434625,-0.606863654332463,0.13681763460488133,-0.7212536947986986,-0.39523986672197475,0.0,2.301675586945573,1.9366359909400865,0.0,0.0,0.0,0.0,0.0,0.0,0.0,0.0,0.0,0.0,0.0,0.0,40.0,40.0,40.0,60.0,60.0,60.0,60.0,60.0,60.0,60.0,60.0,60.0,60.0,60.0,60.0,60.0,60.0,0.0,0.0,0.0,0.0,0.0,0.0,0.0,0.0,0.0,0.0,0.0,0.0,1.0,1.0,1.0,1.5,1.5,1.5,1.5,1.5,1.5,1.5,1.5,1.5,1.5,1.5,1.5,1.5,1.5,0.0,0.0,0.0,0.0,0.0,0.0,0.0,0.0,0.0,0.0,0.0,0.0,0.0,0.0,0.0,0.0,0.0,0.0,0.0,0.0,0.0,0.0,0.0,0.0,0.0,0.0,0.0,0.0,0.0
-0.1,0.0,0.0,0.3,-0.2,0.0,-0.1,0.0,0.0,0.3,-0.2,0.0,0.0,0.0,0.0,-0.329121037712822,0.15709187014935327,-0.47142653113986993,-0.35150224287001913,-1.97202,-0.7636906222230303,-0.2694395568477754,-0.2539711378874644,-0.10995094017947993,0.5701750604037528,-0.34823785540485797,1.97202,-0.723223719871602,-0.14250681825113837,0.0,0.0,0.0,0.0,0.0,0.0,0.0,0.0,0.0,0.0,0.0,0.0,0.0,0.0,0.0,-1.0992509323771895,0.6270024661118936,2.635874337198099,-1.6649030306507273,0.0,0.5172508970118062,0.3731291636349963,-0.5049983344808717,1.1059482881392622,-3.0750915569033794,0.8143324015964765,0.0,2.6928718365080733,4.098757791936582,0.0,0.0,0.0,0.0,0.0,0.0,0.0,0.0,0.0,0.0,0.0,0.0,40.0,40.0,40.0,60.0,60.0,60.0,60.0,60.0,60.0,60.0,60.0,60.0,60.0,60.0,60.0,60.0,60.0,0.0,0.0,0.0,0.0,0.0,0.0,0.0,0.0,0.0,0.0,0.0,0.0,1.0,1.0,1.0,1.5,1.5,1.5,1.5,1.5,1.5,1.5,1.5,1.5,1.5,1.5,1.5,1.5,1.5,0.0,0.0,0.0,0.0,0.0,0.0,0.0,0.0,0.0,0.0,0.0,0.0,0.0,0.0,0.0,0.0,0.0,0.0,0.0,0.0,0.0,0.0,0.0,0.0,0.0,0.0,0.0,0.0,0.0
-0.1,0.0,0.0,0.3,-0.2,0.0,-0.1,0.0,0.0,0.3,-0.2,0.0,0.0,0.0,0.0,-0.3498696745280103,0.17830043851191762,-0.38447000219216737,-0.4422481177461351,-1.97202,-0.7716484273678009,-0.22505185412447334,-0.2550486578252904,-0.0678891475728598,0.47330856817094485,-0.33116857842806907,1.97202,-0.6628359590896267,-0.020494494815712822,0.0,0.0,0.0,0.0,0.0,0.0,0.0,0.0,0.0,0.0,0.0,0.0,0.0,0.0,0.0,-0.9074509067187444,0.6445201477175095,2.4843185569953183,-2.193963948381676,0.0,-0.32488256336650756,0.7967895521166412,-0.5139391076986951,1.1648264710319016,-3.265046075927916,1.6132612554362713,0.0,2.9666926945615097,4.8922797851915565,0.0,0.0,0.0,0.0,0.0,0.0,0.0,0.0,0.0,0.0,0.0,0.0,40.0,40.0,40.0,60.0,60.0,60.0,60.0,60.0,60.0,60.0,60.0,60.0,60.0,60.0,60.0,60.0,60.0,0.0,0.0,0.0,0.0,0.0,0.0,0.0,0.0,0.0,0.0,0.0,0.0,1.0,1.0,1.0,1.5,1.5,1.5,1.5,1.5,1.5,1.5,1.5,1.5,1.5,1.5,1.5,1.5,1.5,0.0,0.0,0.0,0.0,0.0,0.0,0.0,0.0,0.0,0.0,0.0,0.0,0.0,0.0,0.0,0.0,0.0,0.0,0.0,0.0,0.0,0.0,0.0,0.0,0.0,0.0,0.0,0.0,0.0
-0.1,0.0,0.0,0.3,-0.2,0.0,-0.1,0.0,0.0,0.3,-0.2,0.0,0.0,0.0,0.0,-0.36541907398157175,0.18287267605805366,-0.3720537888600572,-0.4392608008052862,-1.97202,-0.7766859247576906,-0.23756797476310973,-0.2745287021954122,-0.06335788133820386,0.4395732173666361,-0.2837074051874071,1.97202,-0.6045560120891417,0.0531843731565239,0.0,0.0,0.0,0.0,0.0,0.0,0.0,0.0,0.0,0.0,0.0,0.0,0.0,0.0,0.0,-0.6888988625172177,-0.01101247909456246,0.19356914958544164,0.011803259435656799,0.0,0.2712949120242447,-0.4553191559612292,-0.17819556181288,-0.02781968061794232,-1.3271300220839333,2.2339484325637473,0.0,3.525356894234408,3.084540542218728,0.0,0.0,0.0,0.0,0.0,0.0,0.0,0.0,0.0,0.0,0.0,0.0,40.0,40.0,40.0,60.0,60.0,60.0,60.0,60.0,60.0,60.0,60.0,60.0,60.0,60.0,60.0,60.0,60.0,0.0,0.0,0.0,0.0,0.0,0.0,0.0,0.0,0.0,0.0,0.0,0.0,1.0,1.0,1.0,1.5,1.5,1.5,1.5,1.5,1.5,1.5,1.5,1.5,1.5,1.5,1.5,1.5,1.5,0.0,0.0,0.0,0.0,0.0,0.0,0.0,0.0,0.0,0.0,0.0,0.0,0.0,0.0,0.0,0.0,0.0,0.0,0.0,0.0,0.0,0.0,0.0,0.0,0.0,0.0,0.0,0.0,0.0
-0.1,0.0,0.0,0.3,-0.2,0.0,-0.1,0.0,0.0,0.3,-0.2,0.0,0.0,0.0,0.0,-0.37742562902869903,0.17785993934813513,-0.3767272362087497,-0.4417759873687088,-1.97202,-0.7607966308868311,-0.2432646203629225,-0.2621764802978056,-0.06900193479757749,0.4202233672875875,-0.24181064112551917,1.97202,-0.5218216833202504,0.10288712687303632,0.0,0.0,0.0,0.0,0.0,0.0,0.0,0.0,0.0,0.0,0.0,0.0,0.0,0.0,0.0,-0.5636265752282932,-0.2781579038733273,-0.03900646098416588,-0.005347448072205718,0.0,1.0599651216885997,-0.126068003040309,0.6277722332879716,-0.19524259920733858,-1.177747052085179,2.0353353345173257,0.0,4.453342807869776,2.4250814826567924,0.0,0.0,0.0,0.0,0.0,0.0,0.0,0.0,0.0,0.0,0.0,0.0,40.0,40.0,40.0,60.0,60.0,60.0,60.0,60.0,60.0,60.0,60.0,60.0,60.0,60.0,60.0,60.0,60.0,0.0,0.0,0.0,0.0,0.0,0.0,0.0,0.0,0.0,0.0,0.0,0.0,1.0,1.0,1.0,1.5,1.5,1.5,1.5,1.5,1.5,1.5,1.5,1.5,1.5,1.5,1.5,1.5,1.5,0.0,0.0,0.0,0.0,0.0,0.0,0.0,0.0,0.0,0.0,0.0,0.0,0.0,0.0,0.0,0.0,0.0,0.0,0.0,0.0,0.0,0.0,0.0,0.0,0.0,0.0,0.0,0.0,0.0
-0.1,0.0,0.0,0.3,-0.2,0.0,-0.1,0.0,0.0,0.3,-0.2,0.0,0.0,0.0,0.0,-0.3879641369907035,0.17174635990312057,-0.3736140472994238,-0.4394746987281744,-1.97202,-0.7342873198901466,-0.2426106948847221,-0.24941781286389333,-0.0711675853064974,0.39246333528322896,-0.2022939918067141,1.97202,-0.42642229977435064,0.1501876324627956,0.0,0.0,0.0,0.0,0.0,0.0,0.0,0.0,0.0,0.0,0.0,0.0,0.0,0.0,0.0,-0.3331110229940454,-0.004296264947403067,0.578452520392006,0.9686602502008159,0.0,1.1057809575653887,-2.3538942443707884,0.6350119704620418,0.05166928908751506,-1.253917033122083,0.5981581634555977,0.0,3.372974642080857,2.4211012472112308,0.0,0.0,0.0,0.0,0.0,0.0,0.0,0.0,0.0,0.0,0.0,0.0,40.0,40.0,40.0,60.0,60.0,60.0,60.0,60.0,60.0,60.0,60.0,60.0,60.0,60.0,60.0,60.0,60.0,0.0,0.0,0.0,0.0,0.0,0.0,0.0,0.0,0.0,0.0,0.0,0.0,1.0,1.0,1.0,1.5,1.5,1.5,1.5,1.5,1.5,1.5,1.5,1.5,1.5,1.5,1.5,1.5,1.5,0.0,0.0,0.0,0.0,0.0,0.0,0.0,0.0,0.0,0.0,0.0,0.0,0.0,0.0,0.0,0.0,0.0,0.0,0.0,0.0,0.0,0.0,0.0,0.0,0.0,0.0,0.0,0.0,0.0
-0.1,0.0,0.0,0.3,-0.2,0.0,-0.1,0.0,0.0,0.3,-0.2,0.0,0.0,0.0,0.0,-0.39075006994846084,0.177688088750239,-0.35358913539306946,-0.4030295773606762,-1.97202,-0.7165653925842156,-0.33742039013775404,-0.23677600147932393,-0.06693516323407689,0.3700666859627042,-0.21788431458729526,1.97202,-0.38690269763701607,0.19973117676148555,0.0,0.0,0.0,0.0,0.0,0.0,0.0,0.0,0.0,0.0,0.0,0.0,0.0,0.0,0.0,-0.4109128253556041,0.20728638921590561,0.49030805398330435,1.3512157544692773,0.0,1.6191127513244308,-3.3549697726778347,0.4824079544757463,0.11287758791965474,-0.8324931061375385,0.08640149634946137,0.0,2.127070229052129,2.0251779870361224,0.0,0.0,0.0,0.0,0.0,0.0,0.0,0.0,0.0,0.0,0.0,0.0,40.0,40.0,40.0,60.0,60.0,60.0,60.0,60.0,60.0,60.0,60.0,60.0,60.0,60.0,60.0,60.0,60.0,0.0,0.0,0.0,0.0,0.0,0.0,0.0,0.0,0.0,0.0,0.0,0.0,1.0,1.0,1.0,1.5,1.5,1.5,1.5,1.5,1.5,1.5,1.5,1.5,1.5,1.5,1.5,1.5,1.5,0.0,0.0,0.0,0.0,0.0,0.0,0.0,0.0,0.0,0.0,0.0,0.0,0.0,0.0,0.0,0.0,0.0,0.0,0.0,0.0,0.0,0.0,0.0,0.0,0.0,0.0,0.0,0.0,0.0
-0.1,0.0,0.0,0.3,-0.2,0.0,-0.1,0.0,0.0,0.3,-0.2,0.0,0.0,0.0,0.0,-0.40440065000492764,0.1800378154717568,-0.35400172514009165,-0.3854260685494033,-1.97202,-0.6695228098371694,-0.3768094857918355,-0.23012149468486348,-0.06665248178971121,0.3591636110377274,-0.19883793195273564,1.97202,-0.3413394906122655,0.2311947519442405,0.0,0.0,0.0,0.0,0.0,0.0,0.0,0.0,0.0,0.0,0.0,0.0,0.0,0.0,0.0,-0.5020315436631936,-0.037602563719934395,0.3843233287261272,0.7901081095454051,0.0,2.3322870675958756,-1.083014490209469,0.4675020615783898,0.19489404954739012,-0.51305844205244,0.9158015381572889,0.0,2.4490818114529023,1.436570787812376,0.0,0.0,0.0,0.0,0.0,0.0,0.0,0.0,0.0,0.0,0.0,0.0,40.0,40.0,40.0,60.0,60.0,60.0,60.0,60.0,60.0,60.0,60.0,60.0,60.0,60.0,60.0,60.0,60.0,0.0,0.0,0.0,0.0,0.0,0.0,0.0,0.0,0.0,0.0,0.0,0.0,1.0,1.0,1.0,1.5,1.5,1.5,1.5,1.5,1.5,1.5,1.5,1.5,1.5,1.5,1.5,1.5,1.5,0.0,0.0,0.0,0.0,0.0,0.0,0.0,0.0,0.0,0.0,0.0,0.0,0.0,0.0,0.0,0.0,0.0,0.0,0.0,0.0,0.0,0.0,0.0,0.0,0.0,0.0,0.0,0.0,0.0
-0.1,0.0,0.0,0.3,-0.2,0.0,-0.1,0.0,0.0,0.3,-0.2,0.0,0.0,0.0,0.0,-0.4108313316949886,0.17618398620144163,-0.3382162022440244,-0.37142525297886,-1.97202,-0.6232739098803806,-0.3807409697461328,-0.21807591901618834,-0.059139401252181284,0.3495443482806066,-0.1812522530610037,1.97202,-0.2889394251789,0.2571940082739806,0.0,0.0,0.0,0.0,0.0,0.0,0.0,0.0,0.0,0.0,0.0,0.0,0.0,0.0,0.0,0.10922018197615097,-0.6202644940573189,0.6076444018527805,0.7818772072182206,0.0,1.8654127856181506,1.525481495857414,1.0138260674624393,0.9635620863806634,-0.3050545273997188,0.8603810309456262,0.0,3.1064932658250486,1.1561067075227915,0.0,0.0,0.0,0.0,0.0,0.0,0.0,0.0,0.0,0.0,0.0,0.0,40.0,40.0,40.0,60.0,60.0,60.0,60.0,60.0,60.0,60.0,60.0,60.0,60.0,60.0,60.0,60.0,60.0,0.0,0.0,0.0,0.0,0.0,0.0,0.0,0.0,0.0,0.0,0.0,0.0,1.0,1.0,1.0,1.5,1.5,1.5,1.5,1.5,1.5,1.5,1.5,1.5,1.5,1.5,1.5,1.5,1.5,0.0,0.0,0.0,0.0,0.0,0.0,0.0,0.0,0.0,0.0,0.0,0.0,0.0,0.0,0.0,0.0,0.0,0.0,0.0,0.0,0.0,0.0,0.0,0.0,0.0,0.0,0.0,0.0,0.0
-0.1,0.0,0.0,0.3,-0.2,0.0,-0.1,0.0,0.0,0.3,-0.2,0.0,0.0,0.0,0.0,-0.4000318427258816,0.15522723570946403,-0.32969594906598043,-0.3541509802606745,-1.97202,-0.5949062984124434,-0.3157902259575389,-0.1895684519863659,-0.028109998334484673,0.3469614299417387,-0.16442269071491059,1.97202,-0.21707975997926354,0.27743902024515216,0.0,0.0,0.0,0.0,0.0,0.0,0.0,0.0,0.0,0.0,0.0,0.0,0.0,0.0,0.0,1.2968140162712165,-0.8244349313527556,0.18989855134628475,0.1944249221443317,0.0,0.6258942649212812,2.5935267106408615,0.792332901028557,1.4258947469923882,-0.6654086561134545,0.9713492524528973,0.0,2.4733344887902464,0.5374406252278585,0.0,0.0,0.0,0.0,0.0,0.0,0.0,0.0,0.0,0.0,0.0,0.0,40.0,40.0,40.0,60.0,60.0,60.0,60.0,60.0,60.0,60.0,60.0,60.0,60.0,60.0,60.0,60.0,60.0,0.0,0.0,0.0,0.0,0.0,0.0,0.0,0.0,0.0,0.0,0.0,0.0,1.0,1.0,1.0,1.5,1.5,1.5,1.5,1.5,1.5,1.5,1.5,1.5,1.5,1.5,1.5,1.5,1.5,0.0,0.0,0.0,0.0,0.0,0.0,0.0,0.0,0.0,0.0,0.0,0.0,0.0,0.0,0.0,0.0,0.0,0.0,0.0,0.0,0.0,0.0,0.0,0.0,0.0,0.0,0.0,0.0,0.0
-0.1,0.0,0.0,0.3,-0.2,0.0,-0.1,0.0,0.0,0.3,-0.2,0.0,0.0,0.0,0.0,-0.3589587710441399,0.1432065889473314,-0.330620260190173,-0.3636482560930867,-1.97202,-0.5982381392835293,-0.27699990132049834,-0.18638260297504605,-0.002103611372485756,0.3229280020360684,-0.1423982829628878,1.97202,-0.19000604562729012,0.27869163328309493,0.0,0.0,0.0,0.0,0.0,0.0,0.0,0.0,0.0,0.0,0.0,0.0,0.0,0.0,0.0,1.0560261743718906,-0.5075700172967608,-0.2905907401707278,-0.025138361583386393,0.0,-0.6008378776775625,2.546470384996581,0.7515698868256198,0.9595688780220464,-0.4087137739612792,0.41127617711355924,0.0,1.9039034666585692,0.40739090081975404,0.0,0.0,0.0,0.0,0.0,0.0,0.0,0.0,0.0,0.0,0.0,0.0,40.0,40.0,40.0,60.0,60.0,60.0,60.0,60.0,60.0,60.0,60.0,60.0,60.0,60.0,60.0,60.0,60.0,0.0,0.0,0.0,0.0,0.0,0.0,0.0,0.0,0.0,0.0,0.0,0.0,1.0,1.0,1.0,1.5,1.5,1.5,1.5,1.5,1.5,1.5,1.5,1.5,1.5,1.5,1.5,1.5,1.5,0.0,0.0,0.0,0.0,0.0,0.0,0.0,0.0,0.0,0.0,0.0,0.0,0.0,0.0,0.0,0.0,0.0,0.0,0.0,0.0,0.0,0.0,0.0,0.0,0.0,0.0,0.0,0.0,0.0
-0.1,0.0,0.0,0.3,-0.2,0.0,-0.1,0.0,0.0,0.3,-0.2,0.0,0.0,0.0,0.0,-0.357790795751006,0.1349244350175936,-0.34131957867280954,-0.35515651472400994,-1.97202,-0.6189398135195459,-0.21393141055767567,-0.15950565651334112,0.010272756786397184,0.3306128789832875,-0.14797164363036822,1.97202,-0.14092362131292077,0.2937346562779423,0.0,0.0,0.0,0.0,0.0,0.0,0.0,0.0,0.0,0.0,0.0,0.0,0.0,0.0,0.0,0.11947985288698476,-0.5577368946594132,-0.9354013061060928,1.0365079475717769,0.0,-1.0699054043257272,3.9897865770866714,0.9062514312389796,0.5419321890091567,0.40256503033208046,-0.3053422926532205,0.0,3.326573891265444,1.1269472966300307,0.0,0.0,0.0,0.0,0.0,0.0,0.0,0.0,0.0,0.0,0.0,0.0,40.0,40.0,40.0,60.0,60.0,60.0,60.0,60.0,60.0,60.0,60.0,60.0,60.0,60.0,60.0,60.0,60.0,0.0,0.0,0.0,0.0,0.0,0.0,0.0,0.0,0.0,0.0,0.0,0.0,1.0,1.0,1.0,1.5,1.5,1.5,1.5,1.5,1.5,1.5,1.5,1.5,1.5,1.5,1.5,1.5,1.5,0.0,0.0,0.0,0.0,0.0,0.0,0.0,0.0,0.0,0.0,0.0,0.0,0.0,0.0,0.0,0.0,0.0,0.0,0.0,0.0,0.0,0.0,0.0,0.0,0.0,0.0,0.0,0.0,0.0
-0.1,0.0,0.0,0.3,-0.2,0.0,-0.1,0.0,0.0,0.3,-0.2,0.0,0.0,0.0,0.0,-0.35417957692866053,0.12089711316095487,-0.3680363124344167,-0.32218793819021563,-1.97202,-0.6410343554565584,-0.11740843823703148,-0.15013254572548687,0.019573676187880515,0.33903060324935164,-0.15461197466901663,1.97202,-0.05694308997667234,0.32376952514829616,0.0,0.0,0.0,0.0,0.0,0.0,0.0,0.0,0.0,0.0,0.0,0.0,0.0,0.0,0.0,1.0577259982900753,0.04750541373029285,-1.0664142603259679,-0.3965250123179345,0.0,-2.4229556207297582,1.3676622230667248,0.07363016449679072,0.11915015298368695,-1.0003127695520502,0.7269986455385711,0.0,1.4689715807421482,0.10940613368040503,0.0,0.0,0.0,0.0,0.0,0.0,0.0,0.0,0.0,0.0,0.0,0.0,40.0,40.0,40.0,60.0,60.0,60.0,60.0,60.0,60.0,60.0,60.0,60.0,60.0,60.0,60.0,60.0,60.0,0.0,0.0,0.0,0.0,0.0,0.0,0.0,0.0,0.0,0.0,0.0,0.0,1.0,1.0,1.0,1.5,1.5,1.5,1.5,1.5,1.5,1.5,1.5,1.5,1.5,1.5,1.5,1.5,1.5,0.0,0.0,0.0,0.0,0.0,0.0,0.0,0.0,0.0,0.0,0.0,0.0,0.0,0.0,0.0,0.0,0.0,0.0,0.0,0.0,0.0,0.0,0.0,0.0,0.0,0.0,0.0,0.0,0.0
-0.1,0.0,0.0,0.3,-0.2,0.0,-0.1,0.0,0.0,0.3,-0.2,0.0,0.0,0.0,0.0,-0.31548175581940296,0.13682465156680532,-0.38397614908584826,-0.3710175152167273,-1.97202,-0.7158580383487362,-0.15922492163500668,-0.1565604499334695,0.015038762905744662,0.2906003682012055,-0.11889169780882537,1.97202,-0.08216475808323484,0.2981109016251585,0.0,0.0,0.0,0.0,0.0,0.0,0.0,0.0,0.0,0.0,0.0,0.0,0.0,0.0,0.0,0.6553064759248258,-0.3102548322465964,-1.376113287774805,-0.18076656799628638,0.0,-2.4211962234261724,0.5045240744314151,0.06269293390123234,0.07832705855199719,-0.02511408911875651,0.456511826923868,0.0,-0.1385947798023618,-0.655188010305624,0.0,0.0,0.0,0.0,0.0,0.0,0.0,0.0,0.0,0.0,0.0,0.0,40.0,40.0,40.0,60.0,60.0,60.0,60.0,60.0,60.0,60.0,60.0,60.0,60.0,60.0,60.0,60.0,60.0,0.0,0.0,0.0,0.0,0.0,0.0,0.0,0.0,0.0,0.0,0.0,0.0,1.0,1.0,1.0,1.5,1.5,1.5,1.5,1.5,1.5,1.5,1.5,1.5,1.5,1.5,1.5,1.5,1.5,0.0,0.0,0.0,0.0,0.0,0.0,0.0,0.0,0.0,0.0,0.0,0.0,0.0,0.0,0.0,0.0,0.0,0.0,0.0,0.0,0.0,0.0,0.0,0.0,0.0,0.0,0.0,0.0,0.0
-0.1,0.0,0.0,0.3,-0.2,0.0,-0.1,0.0,0.0,0.3,-0.2,0.0,0.0,0.0,0.0,-0.3279673178916675,0.10848691987109102,-0.4230808439454089,-0.3294186009100671,-1.97202,-0.7378822043936053,-0.09722747525977488,-0.14762482836943758,0.022706758529960402,0.3380260396846014,-0.1363515015920619,1.97202,-0.062486881168766814,0.2975620047360712,0.0,0.0,0.0,0.0,0.0,0.0,0.0,0.0,0.0,0.0,0.0,0.0,0.0,0.0,0.0,0.07232597987997386,-0.9147079335956928,-1.394575945017186,1.304046775797593,0.0,-1.1565162023354363,2.591932789711143,0.011765374374048815,0.015284068858655584,0.8962127054757657,-0.31582761637802376,0.0,0.9082664615407209,-1.0326078470564048,0.0,0.0,0.0,0.0,0.0,0.0,0.0,0.0,0.0,0.0,0.0,0.0,40.0,40.0,40.0,60.0,60.0,60.0,60.0,60.0,60.0,60.0,60.0,60.0,60.0,60.0,60.0,60.0,60.0,0.0,0.0,0.0,0.0,0.0,0.0,0.0,0.0,0.0,0.0,0.0,0.0,1.0,1.0,1.0,1.5,1.5,1.5,1.5,1.5,1.5,1.5,1.5,1.5,1.5,1.5,1.5,1.5,1.5,0.0,0.0,0.0,0.0,0.0,0.0,0.0,0.0,0.0,0.0,0.0,0.0,0.0,0.0,0.0,0.0,0.0,0.0,0.0,0.0,0.0,0.0,0.0,0.0,0.0,0.0,0.0,0.0,0.0
-0.1,0.0,0.0,0.3,-0.2,0.0,-0.1,0.0,0.0,0.3,-0.2,0.0,0.0,0.0,0.0,-0.312588716624204,0.1002363342229776,-0.4397591868865357,-0.3188556441848236,-1.97202,-0.7621186864421536,-0.05554761004656094,-0.15608983495850753,0.015650125660090886,0.3264488764202361,-0.13152480246394632,1.97202,-0.045834099621606006,0.2568065877429023,0.0,0.0,0.0,0.0,0.0,0.0,0.0,0.0,0.0,0.0,0.0,0.0,0.0,0.0,0.0,0.26932971850199827,-0.10707919845472855,-0.2891637471921407,0.20349774954614985,0.0,-1.0532018591507735,0.3597501265814977,-0.19770362089211596,-0.11730924934923725,-0.5384704216182479,0.03933755208717152,0.0,0.5922548387705071,-1.0577969811974146,0.0,0.0,0.0,0.0,0.0,0.0,0.0,0.0,0.0,0.0,0.0,0.0,40.0,40.0,40.0,60.0,60.0,60.0,60.0,60.0,60.0,60.0,60.0,60.0,60.0,60.0,60.0,60.0,60.0,0.0,0.0,0.0,0.0,0.0,0.0,0.0,0.0,0.0,0.0,0.0,0.0,1.0,1.0,1.0,1.5,1.5,1.5,1.5,1.5,1.5,1.5,1.5,1.5,1.5,1.5,1.5,1.5,1.5,0.0,0.0,0.0,0.0,0.0,0.0,0.0,0.0,0.0,0.0,0.0,0.0,0.0,0.0,0.0,0.0,0.0,0.0,0.0,0.0,0.0,0.0,0.0,0.0,0.0,0.0,0.0,0.0,0.0
-0.1,0.0,0.0,0.3,-0.2,0.0,-0.1,0.0,0.0,0.3,-0.2,0.0,0.0,0.0,0.0,-0.31719412915158757,0.10420375193290188,-0.43464739383309453,-0.3212786909282211,-1.97202,-0.7800102787596362,-0.08283747019651497,-0.15553297320512222,0.018014388555990912,0.31648722281987146,-0.13477799950857505,1.97202,-0.03879668761794653,0.2552501254881746,0.0,0.0,0.0,0.0,0.0,0.0,0.0,0.0,0.0,0.0,0.0,0.0,0.0,0.0,0.0,-0.5026755297364516,0.39828985363660646,0.5538542241999928,-0.07765681671028368,0.0,-0.27390204021470743,-2.1098195596171325,0.1826745776433228,0.15577173279676992,-0.684661167609818,0.06037899393731977,0.0,0.8142110720922229,0.8788723121757797,0.0,0.0,0.0,0.0,0.0,0.0,0.0,0.0,0.0,0.0,0.0,0.0,40.0,40.0,40.0,60.0,60.0,60.0,60.0,60.0,60.0,60.0,60.0,60.0,60.0,60.0,60.0,60.0,60.0,0.0,0.0,0.0,0.0,0.0,0.0,0.0,0.0,0.0,0.0,0.0,0.0,1.0,1.0,1.0,1.5,1.5,1.5,1.5,1.5,1.5,1.5,1.5,1.5,1.5,1.5,1.5,1.5,1.5,0.0,0.0,0.0,0.0,0.0,0.0,0.0,0.0,0.0,0.0,0.0,0.0,0.0,0.0,0.0,0.0,0.0,0.0,0.0,0.0,0.0,0.0,0.0,0.0,0.0,0.0,0.0,0.0,0.0
-0.1,0.0,0.0,0.3,-0.2,0.0,-0.1,0.0,0.0,0.3,-0.2,0.0,0.0,0.0,0.0,-0.3326957378136621,0.11616792836844186,-0.417605017918536,-0.32196191685323494,-1.97202,-0.7730747680507419,-0.13994039243124626,-0.14878285185277462,0.021880994971961682,0.2990624297158434,-0.12910964270645353,1.97202,-0.013265656737917087,0.2919614802299335,0.0,0.0,0.0,0.0,0.0,0.0,0.0,0.0,0.0,0.0,0.0,0.0,0.0,0.0,0.0,-0.7410418204460506,0.5094868054175857,0.6440608887865407,-0.10749633637306966,0.0,0.5961149736954413,-2.739233661843611,0.29940521131766873,0.2264975007884286,-1.035855343871528,0.9151415104174928,0.0,1.5535259174044822,2.2042964979733486,0.0,0.0,0.0,0.0,0.0,0.0,0.0,0.0,0.0,0.0,0.0,0.0,40.0,40.0,40.0,60.0,60.0,60.0,60.0,60.0,60.0,60.0,60.0,60.0,60.0,60.0,60.0,60.0,60.0,0.0,0.0,0.0,0.0,0.0,0.0,0.0,0.0,0.0,0.0,0.0,0.0,1.0,1.0,1.0,1.5,1.5,1.5,1.5,1.5,1.5,1.5,1.5,1.5,1.5,1.5,1.5,1.5,1.5,0.0,0.0,0.0,0.0,0.0,0.0,0.0,0.0,0.0,0.0,0.0,0.0,0.0,0.0,0.0,0.0,0.0,0.0,0.0,0.0,0.0,0.0,0.0,0.0,0.0,0.0,0.0,0.0,0.0
-0.1,0.0,0.0,0.3,-0.2,0.0,-0.1,0.0,0.0,0.3,-0.2,0.0,0.0,0.0,0.0,-0.3468358019694296,0.1245832241496053,-0.4088849582816329,-0.3255785443831439,-1.97202,-0.7561656798118186,-0.1924068166702594,-0.14355676475241547,0.027074288587528056,0.27505300906501035,-0.09817233909187534,1.97202,0.02334434907823276,0.34342198540710855,0.0,0.0,0.0,0.0,0.0,0.0,0.0,0.0,0.0,0.0,0.0,0.0,0.0,0.0,0.0,-0.13255984931639236,0.029745113565046027,0.2722533944145622,0.21328956875442812,0.0,0.8781429856631995,-0.5905741466938147,-0.20371265440103786,0.23291665639944412,-1.2084141532356762,1.4675590551028235,0.0,1.8852192410479223,1.7745852195768006,0.0,0.0,0.0,0.0,0.0,0.0,0.0,0.0,0.0,0.0,0.0,0.0,40.0,40.0,40.0,60.0,60.0,60.0,60.0,60.0,60.0,60.0,60.0,60.0,60.0,60.0,60.0,60.0,60.0,0.0,0.0,0.0,0.0,0.0,0.0,0.0,0.0,0.0,0.0,0.0,0.0,1.0,1.0,1.0,1.5,1.5,1.5,1.5,1.5,1.5,1.5,1.5,1.5,1.5,1.5,1.5,1.5,1.5,0.0,0.0,0.0,0.0,0.0,0.0,0.0,0.0,0.0,0.0,0.0,0.0,0.0,0.0,0.0,0.0,0.0,0.0,0.0,0.0,0.0,0.0,0.0,0.0,0.0,0.0,0.0,0.0,0.0
-0.1,0.0,0.0,0.3,-0.2,0.0,-0.1,0.0,0.0,0.3,-0.2,0.0,0.0,0.0,0.0,-0.33799813178631777,0.1173577329110437,-0.4067148821419535,-0.3134303341030578,-1.97202,-0.737949048624214,-0.16356335829899885,-0.15693135802881614,0.031197661227939447,0.25072586358641635,-0.07040728050234059,1.97202,0.06214311290399981,0.36294488901300553,0.0,0.0,0.0,0.0,0.0,0.0,0.0,0.0,0.0,0.0,0.0,0.0,0.0,0.0,0.0,0.4157534222415882,-0.4188160526547396,0.03655830418677203,0.2552623776428467,0.0,0.3722721084033126,1.2595382910102502,-0.6328254046875537,0.23177836751217124,-1.049848186434768,1.2336220649167562,0.0,1.5832137236798056,0.6225914707482862,0.0,0.0,0.0,0.0,0.0,0.0,0.0,0.0,0.0,0.0,0.0,0.0,40.0,40.0,40.0,60.0,60.0,60.0,60.0,60.0,60.0,60.0,60.0,60.0,60.0,60.0,60.0,60.0,60.0,0.0,0.0,0.0,0.0,0.0,0.0,0.0,0.0,0.0,0.0,0.0,0.0,1.0,1.0,1.0,1.5,1.5,1.5,1.5,1.5,1.5,1.5,1.5,1.5,1.5,1.5,1.5,1.5,1.5,0.0,0.0,0.0,0.0,0.0,0.0,0.0,0.0,0.0,0.0,0.0,0.0,0.0,0.0,0.0,0.0,0.0,0.0,0.0,0.0,0.0,0.0,0.0,0.0,0.0,0.0,0.0,0.0,0.0
-0.1,0.0,0.0,0.3,-0.2,0.0,-0.1,0.0,0.0,0.3,-0.2,0.0,0.0,0.0,0.0,-0.33020566507976606,0.10783058204341572,-0.407422626114162,-0.31536804927743,-1.97202,-0.7412747954756861,-0.1420252850298494,-0.1688697809399176,0.036345423288014905,0.23305908160761962,-0.04882745649520509,1.97202,0.086672898025425,0.36832564423704,0.0,0.0,0.0,0.0,0.0,0.0,0.0,0.0,0.0,0.0,0.0,0.0,0.0,0.0,0.0,0.13579685097116628,-0.3536577466891056,0.06019003798568706,-0.36320999113617636,0.0,-0.4454807101094388,-0.0014790598368244479,-0.18565936997330876,0.27114104061989397,-0.7081799723812967,1.0699219199692016,0.0,0.9257584275711649,0.29936475032378285,0.0,0.0,0.0,0.0,0.0,0.0,0.0,0.0,0.0,0.0,0.0,0.0,40.0,40.0,40.0,60.0,60.0,60.0,60.0,60.0,60.0,60.0,60.0,60.0,60.0,60.0,60.0,60.0,60.0,0.0,0.0,0.0,0.0,0.0,0.0,0.0,0.0,0.0,0.0,0.0,0.0,1.0,1.0,1.0,1.5,1.5,1.5,1.5,1.5,1.5,1.5,1.5,1.5,1.5,1.5,1.5,1.5,1.5,0.0,0.0,0.0,0.0,0.0,0.0,0.0,0.0,0.0,0.0,0.0,0.0,0.0,0.0,0.0,0.0,0.0,0.0,0.0,0.0,0.0,0.0,0.0,0.0,0.0,0.0,0.0,0.0,0.0
-0.1,0.0,0.0,0.3,-0.2,0.0,-0.1,0.0,0.0,0.3,-0.2,0.0,0.0,0.0,0.0,-0.3325662577474711,0.10321142304347948,-0.404307280622526,-0.32795873374850487,-1.97202,-0.7557682770285915,-0.16362252069247182,-0.1643577328277485,0.042043302852735207,0.22239866469116448,-0.02761040370357253,1.97202,0.09917345000684641,0.37491947902595685,0.0,0.0,0.0,0.0,0.0,0.0,0.0,0.0,0.0,0.0,0.0,0.0,0.0,0.0,0.0,-0.25802117625181725,-0.2158374111734744,0.10313969538163492,-0.47222618344075346,0.0,-0.36009212631050447,-1.4350560350100252,0.42176428270012595,0.22761306665320633,-0.447027349939285,1.0367136196463358,0.0,0.8390393689405709,0.2476965042005841,0.0,0.0,0.0,0.0,0.0,0.0,0.0,0.0,0.0,0.0,0.0,0.0,40.0,40.0,40.0,60.0,60.0,60.0,60.0,60.0,60.0,60.0,60.0,60.0,60.0,60.0,60.0,60.0,60.0,0.0,0.0,0.0,0.0,0.0,0.0,0.0,0.0,0.0,0.0,0.0,0.0,1.0,1.0,1.0,1.5,1.5,1.5,1.5,1.5,1.5,1.5,1.5,1.5,1.5,1.5,1.5,1.5,1.5,0.0,0.0,0.0,0.0,0.0,0.0,0.0,0.0,0.0,0.0,0.0,0.0,0.0,0.0,0.0,0.0,0.0,0.0,0.0,0.0,0.0,0.0,0.0,0.0,0.0,0.0,0.0,0.0,0.0
-0.1,0.0,0.0,0.3,-0.2,0.0,-0.1,0.0,0.0,0.3,-0.2,0.0,0.0,0.0,0.0,-0.34052651212983875,0.09919708559647675,-0.4032970382988966,-0.33425709661506015,-1.97202,-0.7556784805281063,-0.1994275264302504,-0.15199920963191257,0.04544994595414316,0.21517798761004822,-0.007358911709351657,1.97202,0.12023447278304783,0.37823350440506337,0.0,0.0,0.0,0.0,0.0,0.0,0.0,0.0,0.0,0.0,0.0,0.0,0.0,0.0,0.0,-0.33191874134379795,-0.21771271480943294,0.11101100260782898,0.0299042736514904,0.0,0.44702901253383387,-1.2949539179292682,0.5742984150108765,0.1648756411078412,-0.4207812247664755,0.9275815358356386,0.0,1.442925418109376,0.1951101074714634,0.0,0.0,0.0,0.0,0.0,0.0,0.0,0.0,0.0,0.0,0.0,0.0,40.0,40.0,40.0,60.0,60.0,60.0,60.0,60.0,60.0,60.0,60.0,60.0,60.0,60.0,60.0,60.0,60.0,0.0,0.0,0.0,0.0,0.0,0.0,0.0,0.0,0.0,0.0,0.0,0.0,1.0,1.0,1.0,1.5,1.5,1.5,1.5,1.5,1.5,1.5,1.5,1.5,1.5,1.5,1.5,1.5,1.5,0.0,0.0,0.0,0.0,0.0,0.0,0.0,0.0,0.0,0.0,0.0,0.0,0.0,0.0,0.0,0.0,0.0,0.0,0.0,0.0,0.0,0.0,0.0,0.0,0.0,0.0,0.0,0.0,0.0
-0.1,0.0,0.0,0.3,-0.2,0.0,-0.1,0.0,0.0,0.3,-0.2,0.0,0.0,0.0,0.0,-0.34584300740122303,0.09450291445110216,-0.39986684051821286,-0.32676256280244526,-1.97202,-0.7378871165272382,-0.21542067740964255,-0.14138579622731343,0.048638328497048855,0.20556741570050546,0.009492857729853019,1.97202,0.15689046673122145,0.3827238833248154,0.0,0.0,0.0,0.0,0.0,0.0,0.0,0.0,0.0,0.0,0.0,0.0,0.0,0.0,0.0,-0.14773767054311326,-0.3048101093407366,0.06516507656430387,0.11887797363249047,0.0,0.5726098624998482,-0.5938916456662946,0.28610013049188837,0.2698599143202966,-0.371193393303678,0.9153866345513968,0.0,1.1456894269362743,-0.02531218611510483,0.0,0.0,0.0,0.0,0.0,0.0,0.0,0.0,0.0,0.0,0.0,0.0,40.0,40.0,40.0,60.0,60.0,60.0,60.0,60.0,60.0,60.0,60.0,60.0,60.0,60.0,60.0,60.0,60.0,0.0,0.0,0.0,0.0,0.0,0.0,0.0,0.0,0.0,0.0,0.0,0.0,1.0,1.0,1.0,1.5,1.5,1.5,1.5,1.5,1.5,1.5,1.5,1.5,1.5,1.5,1.5,1.5,1.5,0.0,0.0,0.0,0.0,0.0,0.0,0.0,0.0,0.0,0.0,0.0,0.0,0.0,0.0,0.0,0.0,0.0,0.0,0.0,0.0,0.0,0.0,0.0,0.0,0.0,0.0,0.0,0.0,0.0
-0.1,0.0,0.0,0.3,-0.2,0.0,-0.1,0.0,0.0,0.3,-0.2,0.0,0.0,0.0,0.0,-0.3464360189515633,0.08700468122284728,-0.40069043523632447,-0.3295019776697605,-1.97202,-0.7327740860281123,-0.2231831922569022,-0.14055520441223704,0.056244342526955024,0.2003302518779011,0.029256553672704216,1.97202,0.1660620498604988,0.3772210169604592,0.0,0.0,0.0,0.0,0.0,0.0,0.0,0.0,0.0,0.0,0.0,0.0,0.0,0.0,0.0,0.035862899452074326,-0.25273543510834046,0.0373956957224586,0.11278853455968241,0.0,0.2449800261494106,0.05444441462505861,0.08957011526512654,0.2995661369801896,-0.13974294671891263,0.4756102875493818,0.0,0.37832051256677934,-0.2442231128992403,0.0,0.0,0.0,0.0,0.0,0.0,0.0,0.0,0.0,0.0,0.0,0.0,40.0,40.0,40.0,60.0,60.0,60.0,60.0,60.0,60.0,60.0,60.0,60.0,60.0,60.0,60.0,60.0,60.0,0.0,0.0,0.0,0.0,0.0,0.0,0.0,0.0,0.0,0.0,0.0,0.0,1.0,1.0,1.0,1.5,1.5,1.5,1.5,1.5,1.5,1.5,1.5,1.5,1.5,1.5,1.5,1.5,1.5,0.0,0.0,0.0,0.0,0.0,0.0,0.0,0.0,0.0,0.0,0.0,0.0,0.0,0.0,0.0,0.0,0.0,0.0,0.0,0.0,0.0,0.0,0.0,0.0,0.0,0.0,0.0,0.0,0.0
-0.1,0.0,0.0,0.3,-0.2,0.0,-0.1,0.0,0.0,0.3,-0.2,0.0,0.0,0.0,0.0,-0.34440849142314006,0.08439349704676855,-0.3983710126893145,-0.32225102142005796,-1.97202,-0.7280879154812617,-0.2132429008246402,-0.13780299161670836,0.06062097397625644,0.19997769783174896,0.02851726923182829,1.97202,0.17202328723389262,0.37295495880884577,0.0,0.0,0.0,0.0,0.0,0.0,0.0,0.0,0.0,0.0,0.0,0.0,0.0,0.0,0.0,0.1555126138525667,-0.09412798114457506,0.07642548913665143,0.38529790191243335,0.0,0.14503794310969653,0.7037654390643793,0.09259973513965764,0.13388154313727849,0.050452760779363254,-0.15162979011935754,0.0,0.29910865227403755,-0.06577819686725411,0.0,0.0,0.0,0.0,0.0,0.0,0.0,0.0,0.0,0.0,0.0,0.0,40.0,40.0,40.0,60.0,60.0,60.0,60.0,60.0,60.0,60.0,60.0,60.0,60.0,60.0,60.0,60.0,60.0,0.0,0.0,0.0,0.0,0.0,0.0,0.0,0.0,0.0,0.0,0.0,0.0,1.0,1.0,1.0,1.5,1.5,1.5,1.5,1.5,1.5,1.5,1.5,1.5,1.5,1.5,1.5,1.5,1.5,0.0,0.0,0.0,0.0,0.0,0.0,0.0,0.0,0.0,0.0,0.0,0.0,0.0,0.0,0.0,0.0,0.0,0.0,0.0,0.0,0.0,0.0,0.0,0.0,0.0,0.0,0.0,0.0,0.0
-0.1,0.0,0.0,0.3,-0.2,0.0,-0.1,0.0,0.0,0.3,-0.2,0.0,0.0,0.0,0.0,-0.3402155143974606,0.08323956197706428,-0.3976334156708584,-0.3140900615932632,-1.97202,-0.7269725683037245,-0.19503257469432703,-0.13685121500665073,0.06159960425244616,0.20234836230907563,0.023191362067929915,1.97202,0.1780263959514603,0.374589889085769,0.0,0.0,0.0,0.0,0.0,0.0,0.0,0.0,0.0,0.0,0.0,0.0,0.0,0.0,0.0,0.21819182068278514,-0.053928048174782875,-0.04112719745378163,0.23021802212069287,0.0,-0.11571370959717331,0.6808399644712325,0.0033513651315819626,0.028529467088268465,0.16844864135049792,-0.2151328736819889,0.0,0.06604286213815064,0.05997163959110957,0.0,0.0,0.0,0.0,0.0,0.0,0.0,0.0,0.0,0.0,0.0,0.0,40.0,40.0,40.0,60.0,60.0,60.0,60.0,60.0,60.0,60.0,60.0,60.0,60.0,60.0,60.0,60.0,60.0,0.0,0.0,0.0,0.0,0.0,0.0,0.0,0.0,0.0,0.0,0.0,0.0,1.0,1.0,1.0,1.5,1.5,1.5,1.5,1.5,1.5,1.5,1.5,1.5,1.5,1.5,1.5,1.5,1.5,0.0,0.0,0.0,0.0,0.0,0.0,0.0,0.0,0.0,0.0,0.0,0.0,0.0,0.0,0.0,0.0,0.0,0.0,0.0,0.0,0.0,0.0,0.0,0.0,0.0,0.0,0.0,0.0,0.0
-0.1,0.0,0.0,0.3,-0.2,0.0,-0.1,0.0,0.0,0.3,-0.2,0.0,0.0,0.0,0.0,-0.33568081859582866,0.08223637511977723,-0.4000161005874658,-0.31304230053523024,-1.97202,-0.7327164638651487,-0.1860093022457909,-0.13766893701144509,0.06176215265978718,0.20671564348576887,0.019911954284548734,1.97202,0.17466500171941865,0.37535382439249015,0.0,0.0,0.0,0.0,0.0,0.0,0.0,0.0,0.0,0.0,0.0,0.0,0.0,0.0,0.0,0.2625866492915102,-0.018508224383692595,-0.15676141448382475,0.19996388907526363,0.0,-0.19476489369858463,0.6569884491599537,-0.04094680327515962,-0.015313761011819839,0.27399975491550627,-0.329743788481132,0.0,-0.13675580762444947,0.07280787740269606,0.0,0.0,0.0,0.0,0.0,0.0,0.0,0.0,0.0,0.0,0.0,0.0,40.0,40.0,40.0,60.0,60.0,60.0,60.0,60.0,60.0,60.0,60.0,60.0,60.0,60.0,60.0,60.0,60.0,0.0,0.0,0.0,0.0,0.0,0.0,0.0,0.0,0.0,0.0,0.0,0.0,1.0,1.0,1.0,1.5,1.5,1.5,1.5,1.5,1.5,1.5,1.5,1.5,1.5,1.5,1.5,1.5,1.5,0.0,0.0,0.0,0.0,0.0,0.0,0.0,0.0,0.0,0.0,0.0,0.0,0.0,0.0,0.0,0.0,0.0,0.0,0.0,0.0,0.0,0.0,0.0,0.0,0.0,0.0,0.0,0.0,0.0
-0.1,0.0,0.0,0.3,-0.2,0.0,-0.1,0.0,0.0,0.3,-0.2,0.0,0.0,0.0,0.0,-0.3297120484258002,0.08249923300171658,-0.4039038722502114,-0.30609150603025265,-1.97202,-0.7347631640516679,-0.16875303672792888,-0.13848908713765712,0.06098705381197337,0.21330835250569588,0.010001610528684635,1.97202,0.17255616364648232,0.37750220418187685,0.0,0.0,0.0,0.0,0.0,0.0,0.0,0.0,0.0,0.0,0.0,0.0,0.0,0.0,0.0,0.2955916000295683,-0.0567055292611203,-0.23707463418775748,-0.04303349529663769,0.0,-0.273099611332836,0.5166604233414813,0.11067516220760604,-0.019907015999795497,0.3392338902448284,-0.335448180433878,0.0,-0.11240743586987331,0.023482695328105874,0.0,0.0,0.0,0.0,0.0,0.0,0.0,0.0,0.0,0.0,0.0,0.0,40.0,40.0,40.0,60.0,60.0,60.0,60.0,60.0,60.0,60.0,60.0,60.0,60.0,60.0,60.0,60.0,60.0,0.0,0.0,0.0,0.0,0.0,0.0,0.0,0.0,0.0,0.0,0.0,0.0,1.0,1.0,1.0,1.5,1.5,1.5,1.5,1.5,1.5,1.5,1.5,1.5,1.5,1.5,1.5,1.5,1.5,0.0,0.0,0.0,0.0,0.0,0.0,0.0,0.0,0.0,0.0,0.0,0.0,0.0,0.0,0.0,0.0,0.0,0.0,0.0,0.0,0.0,0.0,0.0,0.0,0.0,0.0,0.0,0.0,0.0
-0.1,0.0,0.0,0.3,-0.2,0.0,-0.1,0.0,0.0,0.3,-0.2,0.0,0.0,0.0,0.0,-0.3238571545946459,0.07996815394933242,-0.4094990859549761,-0.31476364034709575,-1.97202,-0.7436404483184621,-0.16534288531213165,-0.13324193052314084,0.06096587201979536,0.220284999095562,0.006494027067193614,1.97202,0.17016870428462372,0.3762931322056144,0.0,0.0,0.0,0.0,0.0,0.0,0.0,0.0,0.0,0.0,0.0,0.0,0.0,0.0,0.0,0.3136421970283257,-0.1308792586468512,-0.36534957052737904,-0.22602765572688338,0.0,-0.3151922404324742,0.4499686921625154,0.23528925940174417,-0.011181932936923066,0.36219773771167457,-0.2713941057390856,0.0,0.08630458090308629,-0.03366043166524446,0.0,0.0,0.0,0.0,0.0,0.0,0.0,0.0,0.0,0.0,0.0,0.0,40.0,40.0,40.0,60.0,60.0,60.0,60.0,60.0,60.0,60.0,60.0,60.0,60.0,60.0,60.0,60.0,60.0,0.0,0.0,0.0,0.0,0.0,0.0,0.0,0.0,0.0,0.0,0.0,0.0,1.0,1.0,1.0,1.5,1.5,1.5,1.5,1.5,1.5,1.5,1.5,1.5,1.5,1.5,1.5,1.5,1.5,0.0,0.0,0.0,0.0,0.0,0.0,0.0,0.0,0.0,0.0,0.0,0.0,0.0,0.0,0.0,0.0,0.0,0.0,0.0,0.0,0.0,0.0,0.0,0.0,0.0,0.0,0.0,0.0,0.0
-0.1,0.0,0.0,0.3,-0.2,0.0,-0.1,0.0,0.0,0.3,-0.2,0.0,0.0,0.0,0.0,-0.3171663605446672,0.07726406265584253,-0.41851785507130657,-0.315132612259328,-1.97202,-0.7473708536689668,-0.15075428904142826,-0.12907751676158735,0.06053977649449645,0.22779626201416286,-0.0008541537008787889,1.97202,0.17600834688260578,0.3761557869152671,0.0,0.0,0.0,0.0,0.0,0.0,0.0,0.0,0.0,0.0,0.0,0.0,0.0,0.0,0.0,0.7260374113141094,0.15367520738356655,-0.2370448817536605,-0.34880368522980515,0.0,-0.36152768779025013,0.447213022833344,-0.27626200423834163,-0.0588082452173469,0.08321386035580261,-0.2722530689822498,0.0,-0.9286560217399153,0.526152106827428,0.0,0.0,0.0,0.0,0.0,0.0,0.0,0.0,0.0,0.0,0.0,0.0,40.0,40.0,40.0,60.0,60.0,60.0,60.0,60.0,60.0,60.0,60.0,60.0,60.0,60.0,60.0,60.0,60.0,0.0,0.0,0.0,0.0,0.0,0.0,0.0,0.0,0.0,0.0,0.0,0.0,1.0,1.0,1.0,1.5,1.5,1.5,1.5,1.5,1.5,1.5,1.5,1.5,1.5,1.5,1.5,1.5,1.5,0.0,0.0,0.0,0.0,0.0,0.0,0.0,0.0,0.0,0.0,0.0,0.0,0.0,0.0,0.0,0.0,0.0,0.0,0.0,0.0,0.0,0.0,0.0,0.0,0.0,0.0,0.0,0.0,0.0
-0.1,0.0,0.0,0.3,-0.2,0.0,-0.1,0.0,0.0,0.3,-0.2,0.0,0.0,0.0,0.0,-0.29481565814208155,0.08611516224467508,-0.4189808812251225,-0.32871578775628796,-1.97202,-0.7581015558300721,-0.1474543643987979,-0.1442924106926745,0.05861354221110148,0.22361355350979412,-0.004396095692096379,1.97202,0.1330224634150271,0.3973392164787115,0.0,0.0,0.0,0.0,0.0,0.0,0.0,0.0,0.0,0.0,0.0,0.0,0.0,0.0,0.0,0.5518660065595579,-0.0050154282781753046,-0.2633216822218523,0.365428633213713,0.0,0.444718726067439,1.2708893014546436,-0.5012606037498618,-0.2444346233836759,0.18532346067067842,-0.6449156304643046,0.0,-0.27767685004677284,-0.007130071840821817,0.0,0.0,0.0,0.0,0.0,0.0,0.0,0.0,0.0,0.0,0.0,0.0,40.0,40.0,40.0,60.0,60.0,60.0,60.0,60.0,60.0,60.0,60.0,60.0,60.0,60.0,60.0,60.0,60.0,0.0,0.0,0.0,0.0,0.0,0.0,0.0,0.0,0.0,0.0,0.0,0.0,1.0,1.0,1.0,1.5,1.5,1.5,1.5,1.5,1.5,1.5,1.5,1.5,1.5,1.5,1.5,1.5,1.5,0.0,0.0,0.0,0.0,0.0,0.0,0.0,0.0,0.0,0.0,0.0,0.0,0.0,0.0,0.0,0.0,0.0,0.0,0.0,0.0,0.0,0.0,0.0,0.0,0.0,0.0,0.0,0.0,0.0
-0.1,0.0,0.0,0.3,-0.2,0.0,-0.1,0.0,0.0,0.3,-0.2,0.0,0.0,0.0,0.0,-0.29509172028228486,0.07706344552471552,-0.42905072236018066,-0.30051546693077946,-1.97202,-0.7295821046262693,-0.09991871698324252,-0.14912794091158182,0.05076239155914941,0.23520920044099,-0.026650778919450974,1.97202,0.16490127288073486,0.3758705840416342,0.0,0.0,0.0,0.0,0.0,0.0,0.0,0.0,0.0,0.0,0.0,0.0,0.0,0.0,0.0,-0.007026818214891928,-0.4288508697847533,-0.0935181298471352,0.7615781842443159,0.0,0.9679260734479361,1.3164020876248925,-0.17276810293036515,-0.14850968563465977,0.20909714303964655,-0.40818458024942844,0.0,1.3553236894434328,-0.7834111300381599,0.0,0.0,0.0,0.0,0.0,0.0,0.0,0.0,0.0,0.0,0.0,0.0,40.0,40.0,40.0,60.0,60.0,60.0,60.0,60.0,60.0,60.0,60.0,60.0,60.0,60.0,60.0,60.0,60.0,0.0,0.0,0.0,0.0,0.0,0.0,0.0,0.0,0.0,0.0,0.0,0.0,1.0,1.0,1.0,1.5,1.5,1.5,1.5,1.5,1.5,1.5,1.5,1.5,1.5,1.5,1.5,1.5,1.5,0.0,0.0,0.0,0.0,0.0,0.0,0.0,0.0,0.0,0.0,0.0,0.0,0.0,0.0,0.0,0.0,0.0,0.0,0.0,0.0,0.0,0.0,0.0,0.0,0.0,0.0,0.0,0.0,0.0
-0.1,0.0,0.0,0.3,-0.2,0.0,-0.1,0.0,0.0,0.3,-0.2,0.0,0.0,0.0,0.0,-0.2950967308706772,0.06896112745328495,-0.4227216064190079,-0.2982526603865153,-1.97202,-0.7193845128921547,-0.09479828089380218,-0.15120313480988912,0.05267315478571509,0.23197743923137998,-0.020723478902073517,1.97202,0.18723541099276442,0.3660027712771851,0.0,0.0,0.0,0.0,0.0,0.0,0.0,0.0,0.0,0.0,0.0,0.0,0.0,0.0,0.0,0.20057240025640466,0.5235387735209162,1.0306883855464535,-1.5009201303096353,0.0,-0.745016718579472,-2.4438006811303867,0.0034945148627826828,-0.2688938833873982,-1.150147220733097,0.8170135840862212,0.0,-1.3872586393967152,-0.5530555045817467,0.0,0.0,0.0,0.0,0.0,0.0,0.0,0.0,0.0,0.0,0.0,0.0,40.0,40.0,40.0,60.0,60.0,60.0,60.0,60.0,60.0,60.0,60.0,60.0,60.0,60.0,60.0,60.0,60.0,0.0,0.0,0.0,0.0,0.0,0.0,0.0,0.0,0.0,0.0,0.0,0.0,1.0,1.0,1.0,1.5,1.5,1.5,1.5,1.5,1.5,1.5,1.5,1.5,1.5,1.5,1.5,1.5,1.5,0.0,0.0,0.0,0.0,0.0,0.0,0.0,0.0,0.0,0.0,0.0,0.0,0.0,0.0,0.0,0.0,0.0,0.0,0.0,0.0,0.0,0.0,0.0,0.0,0.0,0.0,0.0,0.0,0.0
-0.1,0.0,0.0,0.3,-0.2,0.0,-0.1,0.0,0.0,0.3,-0.2,0.0,0.0,0.0,0.0,-0.2870688242720287,0.09800499646555216,-0.3878231869383225,-0.3605522721431649,-1.97202,-0.7593827733694481,-0.19767074422845798,-0.14898816031707052,0.04000663622365348,0.18920331161166612,0.00602976444399787,1.97202,0.10941092730486625,0.35374836385836433,0.0,0.0,0.0,0.0,0.0,0.0,0.0,0.0,0.0,0.0,0.0,0.0,0.0,0.0,0.0,-0.6378584611745521,0.12446067431347053,0.334500927197072,-0.9722669260629285,0.0,-1.0552744679453163,-2.5510113594004116,0.47658567420700637,0.07276537393166287,0.42623639546250786,0.21622940057974116,0.0,-2.329215986172589,-0.14401890700400655,0.0,0.0,0.0,0.0,0.0,0.0,0.0,0.0,0.0,0.0,0.0,0.0,40.0,40.0,40.0,60.0,60.0,60.0,60.0,60.0,60.0,60.0,60.0,60.0,60.0,60.0,60.0,60.0,60.0,0.0,0.0,0.0,0.0,0.0,0.0,0.0,0.0,0.0,0.0,0.0,0.0,1.0,1.0,1.0,1.5,1.5,1.5,1.5,1.5,1.5,1.5,1.5,1.5,1.5,1.5,1.5,1.5,1.5,0.0,0.0,0.0,0.0,0.0,0.0,0.0,0.0,0.0,0.0,0.0,0.0,0.0,0.0,0.0,0.0,0.0,0.0,0.0,0.0,0.0,0.0,0.0,0.0,0.0,0.0,0.0,0.0,0.0
-0.1,0.0,0.0,0.3,-0.2,0.0,-0.1,0.0,0.0,0.3,-0.2,0.0,0.0,0.0,0.0,-0.3206110693176593,0.07393955442582377,-0.40934156933112503,-0.33714333742903246,-1.97202,-0.7615954916099673,-0.19683873526981865,-0.13213970784160886,0.055583769742981605,0.2490268950498803,-0.01207430287888387,1.97202,0.09406677154586086,0.36024201499702485,0.0,0.0,0.0,0.0,0.0,0.0,0.0,0.0,0.0,0.0,0.0,0.0,0.0,0.0,0.0,-1.1079638728706431,-0.652621308412819,-0.5544810987372945,0.33031271072822,0.0,0.11268099232564777,-0.3606563605381738,0.4660009903445353,0.22334691194569703,1.715776236402284,-0.4257880433885608,0.0,-0.24234670841585468,-0.002632819156861421,0.0,0.0,0.0,0.0,0.0,0.0,0.0,0.0,0.0,0.0,0.0,0.0,40.0,40.0,40.0,60.0,60.0,60.0,60.0,60.0,60.0,60.0,60.0,60.0,60.0,60.0,60.0,60.0,60.0,0.0,0.0,0.0,0.0,0.0,0.0,0.0,0.0,0.0,0.0,0.0,0.0,1.0,1.0,1.0,1.5,1.5,1.5,1.5,1.5,1.5,1.5,1.5,1.5,1.5,1.5,1.5,1.5,1.5,0.0,0.0,0.0,0.0,0.0,0.0,0.0,0.0,0.0,0.0,0.0,0.0,0.0,0.0,0.0,0.0,0.0,0.0,0.0,0.0,0.0,0.0,0.0,0.0,0.0,0.0,0.0,0.0,0.0
-0.1,0.0,0.0,0.3,-0.2,0.0,-0.1,0.0,0.0,0.3,-0.2,0.0,0.0,0.0,0.0,-0.3313873791868544,0.0719001441290394,-0.4100024308878143,-0.3473397637140361,-1.97202,-0.7548755336764222,-0.21209699864998494,-0.1303481207032891,0.048940512701481365,0.2578343610677575,-0.011001757291544564,1.97202,0.09971705896823206,0.3536430510920899,0.0,0.0,0.0,0.0,0.0,0.0,0.0,0.0,0.0,0.0,0.0,0.0,0.0,0.0,0.0,0.7164578034913035,-0.01610297246034849,-0.7590871201496457,-2.850430013444913,0.0,0.9106497301312688,0.1397473253040772,-1.7279125760288692,-0.24608999434477963,-0.3397765061839135,0.11419994738249904,0.0,-2.3097984349418494,-3.1542994961052813,0.0,0.0,0.0,0.0,0.0,0.0,0.0,0.0,0.0,0.0,0.0,0.0,40.0,40.0,40.0,60.0,60.0,60.0,60.0,60.0,60.0,60.0,60.0,60.0,60.0,60.0,60.0,60.0,60.0,0.0,0.0,0.0,0.0,0.0,0.0,0.0,0.0,0.0,0.0,0.0,0.0,1.0,1.0,1.0,1.5,1.5,1.5,1.5,1.5,1.5,1.5,1.5,1.5,1.5,1.5,1.5,1.5,1.5,0.0,0.0,0.0,0.0,0.0,0.0,0.0,0.0,0.0,0.0,0.0,0.0,0.0,0.0,0.0,0.0,0.0,0.0,0.0,0.0,0.0,0.0,0.0,0.0,0.0,0.0,0.0,0.0,0.0
-0.1,0.0,0.0,0.3,-0.2,0.0,-0.1,0.0,0.0,0.3,-0.2,0.0,0.0,0.0,0.0,-0.29195275717800717,0.07329543552740983,-0.43970505413711086,-0.451160537966829,-1.97202,-0.7251695024047166,-0.19124884225765557,-0.20125621088276363,0.04574016996919042,0.23543583480252375,-0.007506304983583909,1.97202,0.0016748341481868734,0.2340700351528136,0.0,0.0,0.0,0.0,0.0,0.0,0.0,0.0,0.0,0.0,0.0,0.0,0.0,0.0,0.0,-0.07047851829622004,0.6371179151586026,0.27850954714356835,-1.040953995416538,0.0,0.6876134823399688,-1.3830693574716404,-0.3763027220793545,-0.9291537679115586,0.3357983589667851,-1.7143452149681437,0.0,-2.172644532878903,-2.137369690856153,0.0,0.0,0.0,0.0,0.0,0.0,0.0,0.0,0.0,0.0,0.0,0.0,40.0,40.0,40.0,60.0,60.0,60.0,60.0,60.0,60.0,60.0,60.0,60.0,60.0,60.0,60.0,60.0,60.0,0.0,0.0,0.0,0.0,0.0,0.0,0.0,0.0,0.0,0.0,0.0,0.0,1.0,1.0,1.0,1.5,1.5,1.5,1.5,1.5,1.5,1.5,1.5,1.5,1.5,1.5,1.5,1.5,1.5,0.0,0.0,0.0,0.0,0.0,0.0,0.0,0.0,0.0,0.0,0.0,0.0,0.0,0.0,0.0,0.0,0.0,0.0,0.0,0.0,0.0,0.0,0.0,0.0,0.0,0.0,0.0,0.0,0.0
-0.1,0.0,0.0,0.3,-0.2,0.0,-0.1,0.0,0.0,0.3,-0.2,0.0,0.0,0.0,0.0,-0.3342065199187032,0.09738486073538351,-0.39886204900207156,-0.3889779235306976,-1.97202,-0.7273709943828235,-0.26741977294885055,-0.1454002295864633,0.01177436198501902,0.2712662954264289,-0.07957556589027032,1.97202,0.012811277653075943,0.26814826345784376,0.0,0.0,0.0,0.0,0.0,0.0,0.0,0.0,0.0,0.0,0.0,0.0,0.0,0.0,0.0,-1.2125419970977158,0.9201895228987438,0.5686257699596589,1.807001285840322,0.0,1.7354609652145137,-2.3221217874414783,1.3298109427777163,-0.946507572884301,0.9905483283377488,-1.9331207661886884,0.0,2.213420352661469,2.8733553697822267,0.0,0.0,0.0,0.0,0.0,0.0,0.0,0.0,0.0,0.0,0.0,0.0,40.0,40.0,40.0,60.0,60.0,60.0,60.0,60.0,60.0,60.0,60.0,60.0,60.0,60.0,60.0,60.0,60.0,0.0,0.0,0.0,0.0,0.0,0.0,0.0,0.0,0.0,0.0,0.0,0.0,1.0,1.0,1.0,1.5,1.5,1.5,1.5,1.5,1.5,1.5,1.5,1.5,1.5,1.5,1.5,1.5,1.5,0.0,0.0,0.0,0.0,0.0,0.0,0.0,0.0,0.0,0.0,0.0,0.0,0.0,0.0,0.0,0.0,0.0,0.0,0.0,0.0,0.0,0.0,0.0,0.0,0.0,0.0,0.0,0.0,0.0
-0.1,0.0,0.0,0.3,-0.2,0.0,-0.1,0.0,0.0,0.3,-0.2,0.0,0.0,0.0,0.0,-0.3404544370619158,0.11010301644335958,-0.4169600233387245,-0.3788804865332161,-1.97202,-0.655751063796136,-0.2841337137553147,-0.14806377317165498,0.007879867053818379,0.2750577679360337,-0.08483113563113145,1.97202,0.09021164825464564,0.3490042499441027,0.0,0.0,0.0,0.0,0.0,0.0,0.0,0.0,0.0,0.0,0.0,0.0,0.0,0.0,0.0,0.5695486271452194,0.22998648336562816,-0.9212900343523289,-1.5552110878153695,0.0,5.860080604633502,-1.5899100953510172,-1.69767675636436,-0.46434732608944157,-0.8521602752893028,1.128239158213115,0.0,1.8611867544509733,-1.4299740044326408,0.0,0.0,0.0,0.0,0.0,0.0,0.0,0.0,0.0,0.0,0.0,0.0,40.0,40.0,40.0,60.0,60.0,60.0,60.0,60.0,60.0,60.0,60.0,60.0,60.0,60.0,60.0,60.0,60.0,0.0,0.0,0.0,0.0,0.0,0.0,0.0,0.0,0.0,0.0,0.0,0.0,1.0,1.0,1.0,1.5,1.5,1.5,1.5,1.5,1.5,1.5,1.5,1.5,1.5,1.5,1.5,1.5,1.5,0.0,0.0,0.0,0.0,0.0,0.0,0.0,0.0,0.0,0.0,0.0,0.0,0.0,0.0,0.0,0.0,0.0,0.0,0.0,0.0,0.0,0.0,0.0,0.0,0.0,0.0,0.0,0.0,0.0
-0.1,0.0,0.0,0.3,-0.2,0.0,-0.1,0.0,0.0,0.3,-0.2,0.0,0.0,0.0,0.0,-0.31142457483289443,0.10658432007000863,-0.4357136503761647,-0.4511863670433124,-1.97202,-0.4929677701974834,-0.33101617676289125,-0.2133072998410377,-0.006799531058558642,0.23717988441485677,-0.03444599956174571,1.97202,0.08725874783111488,0.21094930328053813,0.0,0.0,0.0,0.0,0.0,0.0,0.0,0.0,0.0,0.0,0.0,0.0,0.0,0.0,0.0,1.39409765665668,0.29100147928254466,0.7030945828028046,-1.376045833685756,0.0,6.826408391980526,0.5105471975726347,-1.7572041552850137,-0.1642472181530394,-1.5816666758917872,1.1202753806865637,0.0,1.980681169885689,-1.484026256194161,0.0,0.0,0.0,0.0,0.0,0.0,0.0,0.0,0.0,0.0,0.0,0.0,40.0,40.0,40.0,60.0,60.0,60.0,60.0,60.0,60.0,60.0,60.0,60.0,60.0,60.0,60.0,60.0,60.0,0.0,0.0,0.0,0.0,0.0,0.0,0.0,0.0,0.0,0.0,0.0,0.0,1.0,1.0,1.0,1.5,1.5,1.5,1.5,1.5,1.5,1.5,1.5,1.5,1.5,1.5,1.5,1.5,1.5,0.0,0.0,0.0,0.0,0.0,0.0,0.0,0.0,0.0,0.0,0.0,0.0,0.0,0.0,0.0,0.0,0.0,0.0,0.0,0.0,0.0,0.0,0.0,0.0,0.0,0.0,0.0,0.0,0.0
-0.1,0.0,0.0,0.3,-0.2,0.0,-0.1,0.0,0.0,0.3,-0.2,0.0,0.0,0.0,0.0,-0.2846905307956486,0.12174307561466137,-0.3888362400266123,-0.43392231988064633,-1.97202,-0.38269472811691496,-0.2637118258524093,-0.21835193938305553,0.0013099783276968036,0.2117911009003622,-0.0400201204036689,1.97202,0.1694388950500732,0.28964319969633623,0.0,0.0,0.0,0.0,0.0,0.0,0.0,0.0,0.0,0.0,0.0,0.0,0.0,0.0,0.0,0.8695908289242257,-0.8613806588651098,0.31549737873928924,2.1044418497846036,0.0,6.32746043923785,2.7678485037816793,-1.4106187374417933,0.12020762865375352,1.2646794170888902,-0.48835081085037785,0.0,3.52839253981688,-0.48361300609227675,0.0,0.0,0.0,0.0,0.0,0.0,0.0,0.0,0.0,0.0,0.0,0.0,40.0,40.0,40.0,60.0,60.0,60.0,60.0,60.0,60.0,60.0,60.0,60.0,60.0,60.0,60.0,60.0,60.0,0.0,0.0,0.0,0.0,0.0,0.0,0.0,0.0,0.0,0.0,0.0,0.0,1.0,1.0,1.0,1.5,1.5,1.5,1.5,1.5,1.5,1.5,1.5,1.5,1.5,1.5,1.5,1.5,1.5,0.0,0.0,0.0,0.0,0.0,0.0,0.0,0.0,0.0,0.0,0.0,0.0,0.0,0.0,0.0,0.0,0.0,0.0,0.0,0.0,0.0,0.0,0.0,0.0,0.0,0.0,0.0,0.0,0.0
-0.1,0.0,0.0,0.3,-0.2,0.0,-0.1,0.0,0.0,0.3,-0.2,0.0,0.0,0.0,0.0,-0.2766409416759254,0.07212909371540424,-0.42309375522659315,-0.36700869305192824,-1.97202,-0.23986935262796935,-0.22030223661162407,-0.2697320493387094,-0.0019912259124085004,0.2877670610984124,-0.053980031995760826,1.97202,0.22839444942379009,0.19160478303684705,0.0,0.0,0.0,0.0,0.0,0.0,0.0,0.0,0.0,0.0,0.0,0.0,0.0,0.0,0.0,0.3594217832975241,-0.0995468368482369,1.513862553489069,2.434934317219746,0.0,6.419377103189295,3.714548740813649,-0.21251585030661324,-0.5683757980766081,0.6495431164644738,5.5939851609926317e-05,0.0,4.448806955012853,1.7986395481002697,0.0,0.0,0.0,0.0,0.0,0.0,0.0,0.0,0.0,0.0,0.0,0.0,40.0,40.0,40.0,60.0,60.0,60.0,60.0,60.0,60.0,60.0,60.0,60.0,60.0,60.0,60.0,60.0,60.0,0.0,0.0,0.0,0.0,0.0,0.0,0.0,0.0,0.0,0.0,0.0,0.0,1.0,1.0,1.0,1.5,1.5,1.5,1.5,1.5,1.5,1.5,1.5,1.5,1.5,1.5,1.5,1.5,1.5,0.0,0.0,0.0,0.0,0.0,0.0,0.0,0.0,0.0,0.0,0.0,0.0,0.0,0.0,0.0,0.0,0.0,0.0,0.0,0.0,0.0,0.0,0.0,0.0,0.0,0.0,0.0,0.0,0.0
-0.1,0.0,0.0,0.3,-0.2,0.0,-0.1,0.0,0.0,0.3,-0.2,0.0,0.0,0.0,0.0,-0.27031365946374764,0.1177612021407319,-0.32828173788704956,-0.3365249471918565,-1.97202,-0.12591964398934313,-0.11512987621986336,-0.22685257339532006,-0.021425053595367522,0.23777282555894116,-0.040017882809604506,1.97202,0.3473911732505873,0.361588781620347,0.0,0.0,0.0,0.0,0.0,0.0,0.0,0.0,0.0,0.0,0.0,0.0,0.0,0.0,0.0,-1.0730146382872716,1.2269761252575384,3.318640863323725,-0.3235113651782154,0.0,3.538517998117266,1.0888906844927506,2.07725063735327,-1.692130409752832,-2.5002134771983013,4.032061713861819,0.0,10.640592632945852,8.68146112803232,0.0,0.0,0.0,0.0,0.0,0.0,0.0,0.0,0.0,0.0,0.0,0.0,40.0,40.0,40.0,60.0,60.0,60.0,60.0,60.0,60.0,60.0,60.0,60.0,60.0,60.0,60.0,60.0,60.0,0.0,0.0,0.0,0.0,0.0,0.0,0.0,0.0,0.0,0.0,0.0,0.0,1.0,1.0,1.0,1.5,1.5,1.5,1.5,1.5,1.5,1.5,1.5,1.5,1.5,1.5,1.5,1.5,1.5,0.0,0.0,0.0,0.0,0.0,0.0,0.0,0.0,0.0,0.0,0.0,0.0,0.0,0.0,0.0,0.0,0.0,0.0,0.0,0.0,0.0,0.0,0.0,0.0,0.0,0.0,0.0,0.0,0.0
-0.1,0.0,0.0,0.3,-0.2,0.0,-0.1,0.0,0.0,0.3,-0.2,0.0,0.0,0.0,0.0,-0.31956152720741626,0.12120813872570578,-0.29034812069364413,-0.37994914765905685,-1.97202,-0.0983286327032787,-0.17674660923191404,-0.18664202384457862,-0.06967644230252178,0.18775852201048032,0.10730243655871194,1.97202,0.6540181547416242,0.5388632281581398,0.0,0.0,0.0,0.0,0.0,0.0,0.0,0.0,0.0,0.0,0.0,0.0,0.0,0.0,0.0,-0.7306382294157199,0.2759017801327066,0.45447329546188936,0.9172115730927535,0.0,2.0889362327001915,0.309318757009934,-0.3925550015102447,-0.9977317247864572,-2.3623612215246927,4.265342790132214,0.0,12.876959267023718,6.639606457677044,0.0,0.0,0.0,0.0,0.0,0.0,0.0,0.0,0.0,0.0,0.0,0.0,40.0,40.0,40.0,60.0,60.0,60.0,60.0,60.0,60.0,60.0,60.0,60.0,60.0,60.0,60.0,60.0,60.0,0.0,0.0,0.0,0.0,0.0,0.0,0.0,0.0,0.0,0.0,0.0,0.0,1.0,1.0,1.0,1.5,1.5,1.5,1.5,1.5,1.5,1.5,1.5,1.5,1.5,1.5,1.5,1.5,1.5,0.0,0.0,0.0,0.0,0.0,0.0,0.0,0.0,0.0,0.0,0.0,0.0,0.0,0.0,0.0,0.0,0.0,0.0,0.0,0.0,0.0,0.0,0.0,0.0,0.0,0.0,0.0,0.0,0.0
-0.1,0.0,0.0,0.3,-0.2,0.0,-0.1,0.0,0.0,0.3,-0.2,0.0,0.0,0.0,0.0,-0.29953918864037643,0.12879727334604016,-0.310102806068574,-0.29983648426814635,-1.97202,-0.042362194681335466,-0.102757125939466,-0.24255477345572984,-0.06133432258682581,0.14327837669795346,0.13059582879568407,1.97202,0.8624695439315361,0.6271730399274288,0.0,0.0,0.0,0.0,0.0,0.0,0.0,0.0,0.0,0.0,0.0,0.0,0.0,0.0,0.0,0.6216637556957338,0.20012567503903017,-0.24744716648538723,0.6262019026625223,0.0,3.7396809310524617,1.794748022866537,-2.2474239406310907,-0.046959663683078176,-2.0100185848378596,1.9285967422349497,0.0,6.370323605095685,0.5048742505757403,0.0,0.0,0.0,0.0,0.0,0.0,0.0,0.0,0.0,0.0,0.0,0.0,40.0,40.0,40.0,60.0,60.0,60.0,60.0,60.0,60.0,60.0,60.0,60.0,60.0,60.0,60.0,60.0,60.0,0.0,0.0,0.0,0.0,0.0,0.0,0.0,0.0,0.0,0.0,0.0,0.0,1.0,1.0,1.0,1.5,1.5,1.5,1.5,1.5,1.5,1.5,1.5,1.5,1.5,1.5,1.5,1.5,1.5,0.0,0.0,0.0,0.0,0.0,0.0,0.0,0.0,0.0,0.0,0.0,0.0,0.0,0.0,0.0,0.0,0.0,0.0,0.0,0.0,0.0,0.0,0.0,0.0,0.0,0.0,0.0,0.0,0.0
-0.1,0.0,0.0,0.3,-0.2,0.0,-0.1,0.0,0.0,0.3,-0.2,0.0,0.0,0.0,0.0,-0.2946949769795869,0.129213165727267,-0.3002460073530596,-0.35490107155255596,-1.97202,0.051258604538819766,-0.10495668831725256,-0.27653898146982225,-0.0715548288498449,0.10735777861696594,0.18444630624810993,1.97202,0.9088310989454516,0.5590581981811694,0.0,0.0,0.0,0.0,0.0,0.0,0.0,0.0,0.0,0.0,0.0,0.0,0.0,0.0,0.0,-0.32423480429267515,0.2570863157927955,0.7863030342394633,-1.8202699210871156,0.0,3.0846440601003238,1.452372607110191,-0.7658124493255771,-0.915229479577459,-1.5809360069684684,0.5151425149978066,0.0,2.9446079797648292,-2.2695762884040738,0.0,0.0,0.0,0.0,0.0,0.0,0.0,0.0,0.0,0.0,0.0,0.0,40.0,40.0,40.0,60.0,60.0,60.0,60.0,60.0,60.0,60.0,60.0,60.0,60.0,60.0,60.0,60.0,60.0,0.0,0.0,0.0,0.0,0.0,0.0,0.0,0.0,0.0,0.0,0.0,0.0,1.0,1.0,1.0,1.5,1.5,1.5,1.5,1.5,1.5,1.5,1.5,1.5,1.5,1.5,1.5,1.5,1.5,0.0,0.0,0.0,0.0,0.0,0.0,0.0,0.0,0.0,0.0,0.0,0.0,0.0,0.0,0.0,0.0,0.0,0.0,0.0,0.0,0.0,0.0,0.0,0.0,0.0,0.0,0.0,0.0,0.0
-0.1,0.0,0.0,0.3,-0.2,0.0,-0.1,0.0,0.0,0.3,-0.2,0.0,0.0,0.0,0.0,-0.31250858081208344,0.13908072597775198,-0.27865068469899545,-0.372647281111631,-1.97202,0.08102356772267749,-0.04466222165505836,-0.27318727142875293,-0.09794350176992417,0.08004093641921473,0.15120152939559633,1.97202,0.9802538631221293,0.5363899883912658,0.0,0.0,0.0,0.0,0.0,0.0,0.0,0.0,0.0,0.0,0.0,0.0,0.0,0.0,0.0,0.024474964906053,1.3713180562643632,1.5644247009485288,-0.35155130472821067,0.0,1.4108175306302597,-0.754641983074596,0.48625786624861,-1.9431984201420283,-1.9358826905121334,0.1835392632809768,0.0,6.379235239166708,3.586647203314372,0.0,0.0,0.0,0.0,0.0,0.0,0.0,0.0,0.0,0.0,0.0,0.0,40.0,40.0,40.0,60.0,60.0,60.0,60.0,60.0,60.0,60.0,60.0,60.0,60.0,60.0,60.0,60.0,60.0,0.0,0.0,0.0,0.0,0.0,0.0,0.0,0.0,0.0,0.0,0.0,0.0,1.0,1.0,1.0,1.5,1.5,1.5,1.5,1.5,1.5,1.5,1.5,1.5,1.5,1.5,1.5,1.5,1.5,0.0,0.0,0.0,0.0,0.0,0.0,0.0,0.0,0.0,0.0,0.0,0.0,0.0,0.0,0.0,0.0,0.0,0.0,0.0,0.0,0.0,0.0,0.0,0.0,0.0,0.0,0.0,0.0,0.0
-0.1,0.0,0.0,0.3,-0.2,0.0,-0.1,0.0,0.0,0.3,-0.2,0.0,0.0,0.0,0.0,-0.2937159783833448,0.1840658879778415,-0.23766901931511847,-0.3689631237416844,-1.97202,0.10769130576403016,-0.1351423676402364,-0.25708866681987785,-0.14928276565552603,0.029922470996480596,0.191787876779349,1.97202,1.16400050851212,0.7025240863137443,0.0,0.0,0.0,0.0,0.0,0.0,0.0,0.0,0.0,0.0,0.0,0.0,0.0,0.0,0.0,1.6373889924474638,1.9688842460128857,1.9377785915224086,-1.6684665179746094,0.0,3.8166934510338173,-4.455126283570007,-2.3398021680938865,-2.338047942253568,-1.9407475452039191,1.4740608592508628,0.0,2.7728993057993785,3.0495645865658756,0.0,0.0,0.0,0.0,0.0,0.0,0.0,0.0,0.0,0.0,0.0,0.0,40.0,40.0,40.0,60.0,60.0,60.0,60.0,60.0,60.0,60.0,60.0,60.0,60.0,60.0,60.0,60.0,60.0,0.0,0.0,0.0,0.0,0.0,0.0,0.0,0.0,0.0,0.0,0.0,0.0,1.0,1.0,1.0,1.5,1.5,1.5,1.5,1.5,1.5,1.5,1.5,1.5,1.5,1.5,1.5,1.5,1.5,0.0,0.0,0.0,0.0,0.0,0.0,0.0,0.0,0.0,0.0,0.0,0.0,0.0,0.0,0.0,0.0,0.0,0.0,0.0,0.0,0.0,0.0,0.0,0.0,0.0,0.0,0.0,0.0,0.0
-0.1,0.0,0.0,0.3,-0.2,0.0,-0.1,0.0,0.0,0.3,-0.2,0.0,0.0,0.0,0.0,-0.24701302111418488,0.2178360958182674,-0.2011395410380991,-0.43938594183061536,-1.97202,0.2336913057640302,-0.22286727299785863,-0.3667793581525084,-0.1914654194600669,0.0024110346110579623,0.21016396376563085,1.97202,1.0911698353541044,0.6583725718539009,0.0,0.0,0.0,0.0,0.0,0.0,0.0,0.0,0.0,0.0,0.0,0.0,0.0,0.0,0.0,1.0141451495774598,1.283537542290005,1.8738065865702396,-0.7168802821401116,0.0,6.654673486855151,-0.6788645365162126,-4.166499606503951,-1.407640176492369,-0.3747605375367168,-2.6772148350056666,0.0,-1.9453437183948763,-0.6296642058731872,0.0,0.0,0.0,0.0,0.0,0.0,0.0,0.0,0.0,0.0,0.0,0.0,40.0,40.0,40.0,60.0,60.0,60.0,60.0,60.0,60.0,60.0,60.0,60.0,60.0,60.0,60.0,60.0,60.0,0.0,0.0,0.0,0.0,0.0,0.0,0.0,0.0,0.0,0.0,0.0,0.0,1.0,1.0,1.0,1.5,1.5,1.5,1.5,1.5,1.5,1.5,1.5,1.5,1.5,1.5,1.5,1.5,1.5,0.0,0.0,0.0,0.0,0.0,0.0,0.0,0.0,0.0,0.0,0.0,0.0,0.0,0.0,0.0,0.0,0.0,0.0,0.0,0.0,0.0,0.0,0.0,0.0,0.0,0.0,0.0,0.0,0.0
-0.1,0.0,0.0,0.3,-0.2,0.0,-0.1,0.0,0.0,0.3,-0.2,0.0,0.0,0.0,0.0,-0.2531501724002464,0.23540738966944172,-0.16271675585230888,-0.39763833502728885,-1.97202,0.3738782452382362,-0.1622969491008849,-0.4237486510800359,-0.2055883727152208,0.014932049495011923,0.08469928337912233,1.97202,1.0861867597763248,0.6773375180788168,0.0,0.0,0.0,0.0,0.0,0.0,0.0,0.0,0.0,0.0,0.0,0.0,0.0,0.0,0.0,-0.1462635328328396,0.468078441250791,1.1256257148630593,-1.0957090213834522,0.0,3.5046734868551503,1.5142580974243431,-3.3282028424809553,-1.1857194195780039,0.821561561450722,-5.018169877662741,0.0,-0.12457688944448875,0.47412365562289893,0.0,0.0,0.0,0.0,0.0,0.0,0.0,0.0,0.0,0.0,0.0,0.0,40.0,40.0,40.0,60.0,60.0,60.0,60.0,60.0,60.0,60.0,60.0,60.0,60.0,60.0,60.0,60.0,60.0,0.0,0.0,0.0,0.0,0.0,0.0,0.0,0.0,0.0,0.0,0.0,0.0,1.0,1.0,1.0,1.5,1.5,1.5,1.5,1.5,1.5,1.5,1.5,1.5,1.5,1.5,1.5,1.5,1.5,0.0,0.0,0.0,0.0,0.0,0.0,0.0,0.0,0.0,0.0,0.0,0.0,0.0,0.0,0.0,0.0,0.0,0.0,0.0,0.0,0.0,0.0,0.0,0.0,0.0,0.0,0.0,0.0,0.0
-0.1,0.0,0.0,0.3,-0.2,0.0,-0.1,0.0,0.0,0.3,-0.2,0.0,0.0,0.0,0.0,-0.25286356242749847,0.23655923346829905,-0.15611451244357674,-0.48321430268595345,-1.97202,0.3738782452382362,-0.1622969491008849,-0.4999074718517466,-0.23889419624318706,0.03527349706908684,0.009437168659121193,1.97202,1.0861867597763248,0.6773375180788168,0.0,0.0,0.0,0.0,0.0,0.0,0.0,0.0,0.0,0.0,0.0,0.0,0.0,0.0,0.0,0.5641824354867653,0.25909109592541707,-0.9236801934561618,-2.8624021621903446,0.0,0.0,0.0,-1.6776195021595053,-1.059689561094347,1.4927349544372108,-2.1862781906362074,0.0,0.0,0.0,0.0,0.0,0.0,0.0,0.0,0.0,0.0,0.0,0.0,0.0,0.0,0.0,40.0,40.0,40.0,60.0,60.0,60.0,60.0,60.0,60.0,60.0,60.0,60.0,60.0,60.0,60.0,60.0,60.0,0.0,0.0,0.0,0.0,0.0,0.0,0.0,0.0,0.0,0.0,0.0,0.0,1.0,1.0,1.0,1.5,1.5,1.5,1.5,1.5,1.5,1.5,1.5,1.5,1.5,1.5,1.5,1.5,1.5,0.0,0.0,0.0,0.0,0.0,0.0,0.0,0.0,0.0,0.0,0.0,0.0,0.0,0.0,0.0,0.0,0.0,0.0,0.0,0.0,0.0,0.0,0.0,0.0,0.0,0.0,0.0,0.0,0.0
-0.1,0.0,0.0,0.3,-0.2,0.0,-0.1,0.0,0.0,0.3,-0.2,0.0,0.0,0.0,0.0,-0.2305828749807758,0.2457710335064584,-0.19966396359055535,-0.5121344215149026,-1.97202,0.3738782452382362,-0.1622969491008849,-0.4908534311664161,-0.24797595515899468,0.07464144767250036,-0.002751844246325968,1.97202,1.0861867597763248,0.6773375180788168,0.0,0.0,0.0,0.0,0.0,0.0,0.0,0.0,0.0,0.0,0.0,0.0,0.0,0.0,0.0,-0.3502941975679713,-0.8217403076336796,-1.3199101283401724,2.4798615063871763,0.0,12.948013562216435,4.483325577239054,0.8608842011100167,1.5159979564958208,3.5336126996165986,-1.647455762475066,0.0,0.5397413679718965,-7.67554011776218,0.0,0.0,0.0,0.0,0.0,0.0,0.0,0.0,0.0,0.0,0.0,0.0,40.0,40.0,40.0,60.0,60.0,60.0,60.0,60.0,60.0,60.0,60.0,60.0,60.0,60.0,60.0,60.0,60.0,0.0,0.0,0.0,0.0,0.0,0.0,0.0,0.0,0.0,0.0,0.0,0.0,1.0,1.0,1.0,1.5,1.5,1.5,1.5,1.5,1.5,1.5,1.5,1.5,1.5,1.5,1.5,1.5,1.5,0.0,0.0,0.0,0.0,0.0,0.0,0.0,0.0,0.0,0.0,0.0,0.0,0.0,0.0,0.0,0.0,0.0,0.0,0.0,0.0,0.0,0.0,0.0,0.0,0.0,0.0,0.0,0.0,0.0
-0.1,0.0,0.0,0.3,-0.2,0.0,-0.1,0.0,0.0,0.3,-0.2,0.0,0.0,0.0,0.0,-0.2668753303302173,0.20368962116295186,-0.20891091757718364,-0.3840198424304664,-1.97202,0.8917987877268936,0.017036073988677236,-0.46547210380734594,-0.17825427798335422,0.17661800505375078,-0.05646106183988145,1.97202,1.1077764144952007,0.3703159133683296,0.0,0.0,0.0,0.0,0.0,0.0,0.0,0.0,0.0,0.0,0.0,0.0,0.0,0.0,0.0,0.4427840354670559,-0.989597577338671,5.215077730943202,4.186946794318688,0.0,19.76717629806851,2.1023792013722256,-0.6407042520863659,0.3072209114838409,0.6520444284313837,-1.7365961645533667,0.0,-0.11100450831917352,-7.634644023884146,0.0,0.0,0.0,0.0,0.0,0.0,0.0,0.0,0.0,0.0,0.0,0.0,40.0,40.0,40.0,60.0,60.0,60.0,60.0,60.0,60.0,60.0,60.0,60.0,60.0,60.0,60.0,60.0,60.0,0.0,0.0,0.0,0.0,0.0,0.0,0.0,0.0,0.0,0.0,0.0,0.0,1.0,1.0,1.0,1.5,1.5,1.5,1.5,1.5,1.5,1.5,1.5,1.5,1.5,1.5,1.5,1.5,1.5,0.0,0.0,0.0,0.0,0.0,0.0,0.0,0.0,0.0,0.0,0.0,0.0,0.0,0.0,0.0,0.0,0.0,0.0,0.0,0.0,0.0,0.0,0.0,0.0,0.0,0.0,0.0,0.0,0.0
-0.1,0.0,0.0,0.3,-0.2,0.0,-0.1,0.0,0.0,0.3,-0.2,0.0,0.0,0.0,0.0,-0.21287151356209355,0.20618713041291156,0.008939145647172705,-0.3446565497421551,-1.97202,1.1645652971609766,-0.07820178104599589,-0.5164816012498707,-0.23568711869964104,0.10072322480975571,-0.07221569082846063,1.97202,1.081746579443558,0.37195175712345097,0.0,0.0,0.0,0.0,0.0,0.0,0.0,0.0,0.0,0.0,0.0,0.0,0.0,0.0,0.0,0.2472945796163556,-0.4251007916309363,6.985791388212435,1.6569991914944613,0.0,9.969162735852077,-3.131995385492986,-2.3482482079044518,-1.9045704687166798,-0.75149746421483,-1.3184417369475536,0.0,-1.4005708001323225,-2.039449786419209,0.0,0.0,0.0,0.0,0.0,0.0,0.0,0.0,0.0,0.0,0.0,0.0,40.0,40.0,40.0,60.0,60.0,60.0,60.0,60.0,60.0,60.0,60.0,60.0,60.0,60.0,60.0,60.0,60.0,0.0,0.0,0.0,0.0,0.0,0.0,0.0,0.0,0.0,0.0,0.0,0.0,1.0,1.0,1.0,1.5,1.5,1.5,1.5,1.5,1.5,1.5,1.5,1.5,1.5,1.5,1.5,1.5,1.5,0.0,0.0,0.0,0.0,0.0,0.0,0.0,0.0,0.0,0.0,0.0,0.0,0.0,0.0,0.0,0.0,0.0,0.0,0.0,0.0,0.0,0.0,0.0,0.0,0.0,0.0,0.0,0.0,0.0
-0.1,0.0,0.0,0.3,-0.2,0.0,-0.1,0.0,0.0,0.3,-0.2,0.0,0.0,0.0,0.0,-0.2569835471455631,0.1866855894977144,0.07052073795131376,-0.31773987477068794,-1.97202,1.2905652971609767,-0.1082437414310422,-0.559402032123524,-0.2544370967320214,0.14655810648515757,-0.1091987313177836,1.97202,1.0517535824899078,0.2887379219115612,0.0,0.0,0.0,0.0,0.0,0.0,0.0,0.0,0.0,0.0,0.0,0.0,0.0,0.0,0.0,-2.0822437962137674,0.23551646169987367,3.4220187800993678,1.5475477405371683,1.6751344909486154,6.973073122000517,-5.158215120730524,-0.6291507264256785,-1.4554342304326908,0.8043846710345498,-1.2698575655670576,0.0,2.4001750761587504,-0.49230789827047067,0.0,0.0,0.0,0.0,0.0,0.0,0.0,0.0,0.0,0.0,0.0,0.0,40.0,40.0,40.0,60.0,60.0,60.0,60.0,60.0,60.0,60.0,60.0,60.0,60.0,60.0,60.0,60.0,60.0,0.0,0.0,0.0,0.0,0.0,0.0,0.0,0.0,0.0,0.0,0.0,0.0,1.0,1.0,1.0,1.5,1.5,1.5,1.5,1.5,1.5,1.5,1.5,1.5,1.5,1.5,1.5,1.5,1.5,0.0,0.0,0.0,0.0,0.0,0.0,0.0,0.0,0.0,0.0,0.0,0.0,0.0,0.0,0.0,0.0,0.0,0.0,0.0,0.0,0.0,0.0,0.0,0.0,0.0,0.0,0.0,0.0,0.0
-0.1,0.0,0.0,0.3,-0.2,0.0,-0.1,0.0,0.0,0.3,-0.2,0.0,0.0,0.0,0.0,-0.29616126541064425,0.2156077888809065,0.14581989685114743,-0.28275464012066837,-1.9050146203620555,1.4434882220409972,-0.28453038587521684,-0.5416476303068979,-0.2939044879169487,0.1328986116511377,-0.12300999345114294,1.97202,1.177753582489908,0.35225944119263214,0.0,0.0,0.0,0.0,0.0,0.0,0.0,0.0,0.0,0.0,0.0,0.0,0.0,0.0,0.0,-0.7584374168705179,2.0195248601610554,3.859815303580237,2.1779745316313943,2.1616281382406397,8.091617570975584,-9.216434369422233,0.08365231007070595,-2.3779059916511276,-3.1417523016548445,1.7125436862524546,0.0,6.337091669583922,1.8043699824601382,0.0,0.0,0.0,0.0,0.0,0.0,0.0,0.0,0.0,0.0,0.0,0.0,40.0,40.0,40.0,60.0,60.0,60.0,60.0,60.0,60.0,60.0,60.0,60.0,60.0,60.0,60.0,60.0,60.0,0.0,0.0,0.0,0.0,0.0,0.0,0.0,0.0,0.0,0.0,0.0,0.0,1.0,1.0,1.0,1.5,1.5,1.5,1.5,1.5,1.5,1.5,1.5,1.5,1.5,1.5,1.5,1.5,1.5,0.0,0.0,0.0,0.0,0.0,0.0,0.0,0.0,0.0,0.0,0.0,0.0,0.0,0.0,0.0,0.0,0.0,0.0,0.0,0.0,0.0,0.0,0.0,0.0,0.0,0.0,0.0,0.0,0.0
-0.1,0.0,0.0,0.3,-0.2,0.0,-0.1,0.0,0.0,0.3,-0.2,0.0,0.0,0.0,0.0,-0.2873210438203838,0.2674665839041566,0.22491335009452323,-0.23062089350543216,-1.8855548744703745,1.61423,-0.4769011162079315,-0.5560559397206958,-0.3495533363980665,0.02088801441896378,-0.04069698386768541,1.97202,1.3052372492732647,0.36091272120996676,0.0,0.0,0.0,0.0,0.0,0.0,0.0,0.0,0.0,0.0,0.0,0.0,0.0,0.0,0.0,-0.9692021064033315,1.6072756565200526,2.086842126783553,3.590783829315884,-1.5538882929950704,4.26854444897507,-1.8779107555419936,-0.1962923809676359,-1.41312476776866,-3.825013435149411,2.6121911433541096,0.0,6.05619010881433,0.3215117296683015,0.0,0.0,0.0,0.0,0.0,0.0,0.0,0.0,0.0,0.0,0.0,0.0,40.0,40.0,40.0,60.0,60.0,60.0,60.0,60.0,60.0,60.0,60.0,60.0,60.0,60.0,60.0,60.0,60.0,0.0,0.0,0.0,0.0,0.0,0.0,0.0,0.0,0.0,0.0,0.0,0.0,1.0,1.0,1.0,1.5,1.5,1.5,1.5,1.5,1.5,1.5,1.5,1.5,1.5,1.5,1.5,1.5,1.5,0.0,0.0,0.0,0.0,0.0,0.0,0.0,0.0,0.0,0.0,0.0,0.0,0.0,0.0,0.0,0.0,0.0,0.0,0.0,0.0,0.0,0.0,0.0,0.0,0.0,0.0,0.0,0.0,0.0
-0.1,0.0,0.0,0.3,-0.2,0.0,-0.1,0.0,0.0,0.3,-0.2,0.0,0.0,0.0,0.0,-0.3349293496667775,0.2798988151417086,0.22929358192248955,-0.139123286948033,-1.9671701520818583,1.61423,-0.3596468160968966,-0.5494993255456033,-0.3504294786276951,-0.02010192575483873,-0.01852234771697856,1.97202,1.4200011868424811,0.3651199103793642,0.0,0.0,0.0,0.0,0.0,0.0,0.0,0.0,0.0,0.0,0.0,0.0,0.0,0.0,0.0,-1.6620765012102954,-0.036745897221053536,-0.1741862075329642,2.510170372407207,-2.1616281382406397,0.0,2.820913476650619,0.34850511005116713,0.53738008643478,-1.684459606517395,1.273073684063748,0.0,4.655115071009125,-1.5025141602233603,0.0,0.0,0.0,0.0,0.0,0.0,0.0,0.0,0.0,0.0,0.0,0.0,40.0,40.0,40.0,60.0,60.0,60.0,60.0,60.0,60.0,60.0,60.0,60.0,60.0,60.0,60.0,60.0,60.0,0.0,0.0,0.0,0.0,0.0,0.0,0.0,0.0,0.0,0.0,0.0,0.0,1.0,1.0,1.0,1.5,1.5,1.5,1.5,1.5,1.5,1.5,1.5,1.5,1.5,1.5,1.5,1.5,1.5,0.0,0.0,0.0,0.0,0.0,0.0,0.0,0.0,0.0,0.0,0.0,0.0,0.0,0.0,0.0,0.0,0.0,0.0,0.0,0.0,0.0,0.0,0.0,0.0,0.0,0.0,0.0,0.0,0.0
-0.1,0.0,0.0,0.3,-0.2,0.0,-0.1,0.0,0.0,0.3,-0.2,0.0,0.0,0.0,0.0,-0.3538041038687956,0.2659967480153145,0.21794590179320467,-0.13021407860914389,-1.97202,1.61423,-0.36406457714190676,-0.5421157353186491,-0.3280581329406753,-0.046490369841732014,0.01022596349486451,1.97202,1.4914418521136297,0.30081215480103235,0.0,0.0,0.0,0.0,0.0,0.0,0.0,0.0,0.0,0.0,0.0,0.0,0.0,0.0,0.0,0.5802583375982356,-0.655400128269741,-0.8758478474835595,-0.6883649328312397,-0.12124619795354508,0.0,-0.014430109022890714,-0.7843808693119458,0.7384397865098313,-1.0710698163905974,0.9063765023936389,0.0,-0.5962428130819042,-1.6491054317104334,0.0,0.0,0.0,0.0,0.0,0.0,0.0,0.0,0.0,0.0,0.0,0.0,40.0,40.0,40.0,60.0,60.0,60.0,60.0,60.0,60.0,60.0,60.0,60.0,60.0,60.0,60.0,60.0,60.0,0.0,0.0,0.0,0.0,0.0,0.0,0.0,0.0,0.0,0.0,0.0,0.0,1.0,1.0,1.0,1.5,1.5,1.5,1.5,1.5,1.5,1.5,1.5,1.5,1.5,1.5,1.5,1.5,1.5,0.0,0.0,0.0,0.0,0.0,0.0,0.0,0.0,0.0,0.0,0.0,0.0,0.0,0.0,0.0,0.0,0.0,0.0,0.0,0.0,0.0,0.0,0.0,0.0,0.0,0.0,0.0,0.0,0.0
-0.1,0.0,0.0,0.3,-0.2,0.0,-0.1,0.0,0.0,0.3,-0.2,0.0,0.0,0.0,0.0,-0.3117190161628481,0.25368281001091897,0.19425966802314718,-0.16665788426128259,-1.97202,1.61423,-0.3602240204578122,-0.5808745603180812,-0.3208918871673018,-0.06294471841046262,0.017732712378766998,1.97202,1.396151474319205,0.29915569311094686,0.0,0.0,0.0,0.0,0.0,0.0,0.0,0.0,0.0,0.0,0.0,0.0,0.0,0.0,0.0,0.16290717822162182,-0.0006615408790461297,0.7999908635999482,-0.18453502227858548,0.0,0.0,-0.4716610866581858,0.28655072831025585,-0.1712684398178413,-0.6801943160253751,-0.4602583361951654,0.0,-0.14004666299050617,0.279021724789065,0.0,0.0,0.0,0.0,0.0,0.0,0.0,0.0,0.0,0.0,0.0,0.0,40.0,40.0,40.0,60.0,60.0,60.0,60.0,60.0,60.0,60.0,60.0,60.0,60.0,60.0,60.0,60.0,60.0,0.0,0.0,0.0,0.0,0.0,0.0,0.0,0.0,0.0,0.0,0.0,0.0,1.0,1.0,1.0,1.5,1.5,1.5,1.5,1.5,1.5,1.5,1.5,1.5,1.5,1.5,1.5,1.5,1.5,0.0,0.0,0.0,0.0,0.0,0.0,0.0,0.0,0.0,0.0,0.0,0.0,0.0,0.0,0.0,0.0,0.0,0.0,0.0,0.0,0.0,0.0,0.0,0.0,0.0,0.0,0.0,0.0,0.0
-0.1,0.0,0.0,0.3,-0.2,0.0,-0.1,0.0,0.0,0.3,-0.2,0.0,0.0,0.0,0.0,-0.34728781673993075,0.26597028638015263,0.2499455363372026,-0.1375954795002873,-1.97202,1.61423,-0.3829310206082342,-0.5306537061862389,-0.33490887053338897,-0.07369814248274702,-0.008184369952942106,1.97202,1.4858399855940094,0.31197302379259495,0.0,0.0,0.0,0.0,0.0,0.0,0.0,0.0,0.0,0.0,0.0,0.0,0.0,0.0,0.0,-0.8139751320067473,-0.0713335736869547,1.5009195707606524,1.1976711020239286,0.0,0.0,0.025053834675689557,0.8154883891389381,0.05315089220091218,-0.5935037259043066,-0.14328196314718597,0.0,2.5040935784909846,0.7630296293337974,0.0,0.0,0.0,0.0,0.0,0.0,0.0,0.0,0.0,0.0,0.0,0.0,40.0,40.0,40.0,60.0,60.0,60.0,60.0,60.0,60.0,60.0,60.0,60.0,60.0,60.0,60.0,60.0,60.0,0.0,0.0,0.0,0.0,0.0,0.0,0.0,0.0,0.0,0.0,0.0,0.0,1.0,1.0,1.0,1.5,1.5,1.5,1.5,1.5,1.5,1.5,1.5,1.5,1.5,1.5,1.5,1.5,1.5,0.0,0.0,0.0,0.0,0.0,0.0,0.0,0.0,0.0,0.0,0.0,0.0,0.0,0.0,0.0,0.0,0.0,0.0,0.0,0.0,0.0,0.0,0.0,0.0,0.0,0.0,0.0,0.0,0.0
-0.1,0.0,0.0,0.3,-0.2,0.0,-0.1,0.0,0.0,0.3,-0.2,0.0,0.0,0.0,0.0,-0.344278021443118,0.2508294670634408,0.2542964508535733,-0.11875104018032544,-1.97202,1.61423,-0.35922186707078463,-0.5482550247525236,-0.31876585147926534,-0.08668486744663488,0.01200143385287956,1.97202,1.4963152174588443,0.32967687828429876,0.0,0.0,0.0,0.0,0.0,0.0,0.0,0.0,0.0,0.0,0.0,0.0,0.0,0.0,0.0,-0.004777938782253577,-1.0527022562955255,0.4639595409908971,0.6179385073999847,0.30761703710561195,0.0,0.5241529601524658,-0.5908456899626019,0.9433479668478489,0.05303511449440863,0.5398272570379872,0.0,-0.059962678454633656,0.9584461638387998,0.0,0.0,0.0,0.0,0.0,0.0,0.0,0.0,0.0,0.0,0.0,0.0,40.0,40.0,40.0,60.0,60.0,60.0,60.0,60.0,60.0,60.0,60.0,60.0,60.0,60.0,60.0,60.0,60.0,0.0,0.0,0.0,0.0,0.0,0.0,0.0,0.0,0.0,0.0,0.0,0.0,1.0,1.0,1.0,1.5,1.5,1.5,1.5,1.5,1.5,1.5,1.5,1.5,1.5,1.5,1.5,1.5,1.5,0.0,0.0,0.0,0.0,0.0,0.0,0.0,0.0,0.0,0.0,0.0,0.0,0.0,0.0,0.0,0.0,0.0,0.0,0.0,0.0,0.0,0.0,0.0,0.0,0.0,0.0,0.0,0.0,0.0
-0.1,0.0,0.0,0.3,-0.2,0.0,-0.1,0.0,0.0,0.3,-0.2,0.0,0.0,0.0,0.0,-0.3474789342912209,0.2238621961283316,0.2685039179768385,-0.11287793920428792,-1.9597153185157756,1.61423,-0.36196490220213556,-0.5542875337847429,-0.297174951859475,-0.07157673790297067,0.013408720328577381,1.97202,1.483441478455824,0.35031087034614694,0.0,0.0,0.0,0.0,0.0,0.0,0.0,0.0,0.0,0.0,0.0,0.0,0.0,0.0,0.0,-0.24836650884025452,-0.5340093582529348,1.1302861689551746,0.22428362767684498,0.4581008116996965,0.0,-0.23823863642214033,-0.3283498337162044,0.3724115777362702,0.3152884505891334,0.40108244875535126,0.0,-0.9546668963925864,0.713042866178444,0.0,0.0,0.0,0.0,0.0,0.0,0.0,0.0,0.0,0.0,0.0,0.0,40.0,40.0,40.0,60.0,60.0,60.0,60.0,60.0,60.0,60.0,60.0,60.0,60.0,60.0,60.0,60.0,60.0,0.0,0.0,0.0,0.0,0.0,0.0,0.0,0.0,0.0,0.0,0.0,0.0,1.0,1.0,1.0,1.5,1.5,1.5,1.5,1.5,1.5,1.5,1.5,1.5,1.5,1.5,1.5,1.5,1.5,0.0,0.0,0.0,0.0,0.0,0.0,0.0,0.0,0.0,0.0,0.0,0.0,0.0,0.0,0.0,0.0,0.0,0.0,0.0,0.0,0.0,0.0,0.0,0.0,0.0,0.0,0.0,0.0,0.0
-0.1,0.0,0.0,0.3,-0.2,0.0,-0.1,0.0,0.0,0.3,-0.2,0.0,0.0,0.0,0.0,-0.35421268179672816,0.2294690927333234,0.29950789761178026,-0.10977969507325164,-1.9536959675320122,1.61423,-0.36875141252767024,-0.5613890181011718,-0.30386938836981453,-0.07407332942306954,0.028044731803093612,1.97202,1.4581285416031409,0.3581985929314365,0.0,0.0,0.0,0.0,0.0,0.0,0.0,0.0,0.0,0.0,0.0,0.0,0.0,0.0,0.0,-0.5855242179908793,0.1703185811740504,1.397509603348783,0.3931319002745612,0.625601856147473,0.0,-1.0569338063267013,-0.24527477059282932,-0.129983652146895,0.13248334653544816,0.6289041025358346,0.0,-1.4075069212691527,0.4719264329817757,0.0,0.0,0.0,0.0,0.0,0.0,0.0,0.0,0.0,0.0,0.0,0.0,40.0,40.0,40.0,60.0,60.0,60.0,60.0,60.0,60.0,60.0,60.0,60.0,60.0,60.0,60.0,60.0,60.0,0.0,0.0,0.0,0.0,0.0,0.0,0.0,0.0,0.0,0.0,0.0,0.0,1.0,1.0,1.0,1.5,1.5,1.5,1.5,1.5,1.5,1.5,1.5,1.5,1.5,1.5,1.5,1.5,1.5,0.0,0.0,0.0,0.0,0.0,0.0,0.0,0.0,0.0,0.0,0.0,0.0,0.0,0.0,0.0,0.0,0.0,0.0,0.0,0.0,0.0,0.0,0.0,0.0,0.0,0.0,0.0,0.0,0.0
-0.1,0.0,0.0,0.3,-0.2,0.0,-0.1,0.0,0.0,0.3,-0.2,0.0,0.0,0.0,0.0,-0.37089990301085607,0.23067493937529363,0.3244043021107898,-0.09715266319330547,-1.9346912442698767,1.61423,-0.4042422544552036,-0.5640985246084561,-0.3023742979453508,-0.06627740404155275,0.038564884430010764,1.97202,1.427141201605058,0.36918792766541797,0.0,0.0,0.0,0.0,0.0,0.0,0.0,0.0,0.0,0.0,0.0,0.0,0.0,0.0,0.0,-0.8492385096508445,0.19532689685861984,1.3438191698841973,0.8632102170649615,0.02380783902982686,0.0,-0.18438314077846435,-0.08155158778484495,-0.06300468627371131,0.21458093016493568,0.4431445331706303,0.0,-1.4681842759894814,-0.08901062275605137,0.0,0.0,0.0,0.0,0.0,0.0,0.0,0.0,0.0,0.0,0.0,0.0,40.0,40.0,40.0,60.0,60.0,60.0,60.0,60.0,60.0,60.0,60.0,60.0,60.0,60.0,60.0,60.0,60.0,0.0,0.0,0.0,0.0,0.0,0.0,0.0,0.0,0.0,0.0,0.0,0.0,1.0,1.0,1.0,1.5,1.5,1.5,1.5,1.5,1.5,1.5,1.5,1.5,1.5,1.5,1.5,1.5,1.5,0.0,0.0,0.0,0.0,0.0,0.0,0.0,0.0,0.0,0.0,0.0,0.0,0.0,0.0,0.0,0.0,0.0,0.0,0.0,0.0,0.0,0.0,0.0,0.0,0.0,0.0,0.0,0.0,0.0
-0.1,0.0,0.0,0.3,-0.2,0.0,-0.1,0.0,0.0,0.3,-0.2,0.0,0.0,0.0,0.0,-0.38818222218276194,0.23728216860766818,0.35326066440714815,-0.07525128639065318,-1.9527436539708192,1.61423,-0.3761267381588088,-0.5646510816125656,-0.306389575820763,-0.06549009221647212,0.045770513129918824,1.97202,1.3994011705635616,0.35463816802119447,0.0,0.0,0.0,0.0,0.0,0.0,0.0,0.0,0.0,0.0,0.0,0.0,0.0,0.0,0.0,-0.8257831069978752,0.5062083979589023,1.6635805689448238,1.3177265098482855,-0.9332188932530849,0.0,1.2017488591578445,0.10875821776262506,-0.3005860602391969,-0.31728899053855353,0.3997704688277492,0.0,-1.4951529007796116,-1.4689774212106848,0.0,0.0,0.0,0.0,0.0,0.0,0.0,0.0,0.0,0.0,0.0,0.0,40.0,40.0,40.0,60.0,60.0,60.0,60.0,60.0,60.0,60.0,60.0,60.0,60.0,60.0,60.0,60.0,60.0,0.0,0.0,0.0,0.0,0.0,0.0,0.0,0.0,0.0,0.0,0.0,0.0,1.0,1.0,1.0,1.5,1.5,1.5,1.5,1.5,1.5,1.5,1.5,1.5,1.5,1.5,1.5,1.5,1.5,0.0,0.0,0.0,0.0,0.0,0.0,0.0,0.0,0.0,0.0,0.0,0.0,0.0,0.0,0.0,0.0,0.0,0.0,0.0,0.0,0.0,0.0,0.0,0.0,0.0,0.0,0.0,0.0,0.0
-0.1,0.0,0.0,0.3,-0.2,0.0,-0.1,0.0,0.0,0.3,-0.2,0.0,0.0,0.0,0.0,-0.4039312272907711,0.2509232752936497,0.39094752486858275,-0.044443602799374045,-1.97202,1.61423,-0.35617230008888984,-0.5597481958979511,-0.3143977403549187,-0.07896896366309489,0.05455570318312073,1.97202,1.3673350855738735,0.3104288308169906,0.0,0.0,0.0,0.0,0.0,0.0,0.0,0.0,0.0,0.0,0.0,0.0,0.0,0.0,0.0,-0.4034662271484815,0.664970083763846,1.6059444771001616,0.9558023139441251,-0.2625036317271623,0.0,0.7434549524280326,-0.16473250583506627,-0.33576689339260557,-0.20225985587568399,0.3031092819723127,0.0,-3.564203326787246,-1.8528004441032073,0.0,0.0,0.0,0.0,0.0,0.0,0.0,0.0,0.0,0.0,0.0,0.0,40.0,40.0,40.0,60.0,60.0,60.0,60.0,60.0,60.0,60.0,60.0,60.0,60.0,60.0,60.0,60.0,60.0,0.0,0.0,0.0,0.0,0.0,0.0,0.0,0.0,0.0,0.0,0.0,0.0,1.0,1.0,1.0,1.5,1.5,1.5,1.5,1.5,1.5,1.5,1.5,1.5,1.5,1.5,1.5,1.5,1.5,0.0,0.0,0.0,0.0,0.0,0.0,0.0,0.0,0.0,0.0,0.0,0.0,0.0,0.0,0.0,0.0,0.0,0.0,0.0,0.0,0.0,0.0,0.0,0.0,0.0,0.0,0.0,0.0,0.0
-0.1,0.0,0.0,0.3,-0.2,0.0,-0.1,0.0,0.0,0.3,-0.2,0.0,0.0,0.0,0.0,-0.4043208712687012,0.263880971958222,0.4174984434911546,-0.037019193832888174,-1.9632437992399057,1.61423,-0.3463885400616875,-0.5712403818459683,-0.3198202515564672,-0.07358048645149948,0.05789488440881133,1.97202,1.2568330374920718,0.2805261502570662,0.0,0.0,0.0,0.0,0.0,0.0,0.0,0.0,0.0,0.0,0.0,0.0,0.0,0.0,0.0,0.19852262089060102,0.21536124392637357,1.1595554675732602,0.14935778894159535,0.11701490596759956,0.0,2.5301615836255493,-0.512927725082013,-0.4537015650403847,1.3940533303652012,-0.5525453581226053,0.0,-7.33894673462277,-3.4313707175006485,0.0,0.0,0.0,0.0,0.0,0.0,0.0,0.0,0.0,0.0,0.0,0.0,40.0,40.0,40.0,60.0,60.0,60.0,60.0,60.0,60.0,60.0,60.0,60.0,60.0,60.0,60.0,60.0,60.0,0.0,0.0,0.0,0.0,0.0,0.0,0.0,0.0,0.0,0.0,0.0,0.0,1.0,1.0,1.0,1.5,1.5,1.5,1.5,1.5,1.5,1.5,1.5,1.5,1.5,1.5,1.5,1.5,1.5,0.0,0.0,0.0,0.0,0.0,0.0,0.0,0.0,0.0,0.0,0.0,0.0,0.0,0.0,0.0,0.0,0.0,0.0,0.0,0.0,0.0,0.0,0.0,0.0,0.0,0.0,0.0,0.0,0.0
-0.1,0.0,0.0,0.3,-0.2,0.0,-0.1,0.0,0.0,0.3,-0.2,0.0,0.0,0.0,0.0,-0.39599032245514704,0.25953772505070466,0.43732974357151316,-0.03846929124171023,-1.9673394037612961,1.61423,-0.25496583674386786,-0.5802653049012316,-0.3325458029565341,-0.023206830448486836,0.03245388885821652,1.97202,1.0737772161889627,0.17317400211696463,0.0,0.0,0.0,0.0,0.0,0.0,0.0,0.0,0.0,0.0,0.0,0.0,0.0,0.0,0.0,0.3080522631210114,0.2883764943808001,1.7386178941779018,0.16777384492778785,0.3475870870345288,0.0,2.5824856205804916,0.3269722150745197,-1.3145764558212258,2.028617075153042,-1.5326797566659247,0.0,-7.310302058153057,-4.508968762201641,0.0,0.0,0.0,0.0,0.0,0.0,0.0,0.0,0.0,0.0,0.0,0.0,40.0,40.0,40.0,60.0,60.0,60.0,60.0,60.0,60.0,60.0,60.0,60.0,60.0,60.0,60.0,60.0,60.0,0.0,0.0,0.0,0.0,0.0,0.0,0.0,0.0,0.0,0.0,0.0,0.0,1.0,1.0,1.0,1.5,1.5,1.5,1.5,1.5,1.5,1.5,1.5,1.5,1.5,1.5,1.5,1.5,1.5,0.0,0.0,0.0,0.0,0.0,0.0,0.0,0.0,0.0,0.0,0.0,0.0,0.0,0.0,0.0,0.0,0.0,0.0,0.0,0.0,0.0,0.0,0.0,0.0,0.0,0.0,0.0,0.0,0.0
-0.1,0.0,0.0,0.3,-0.2,0.0,-0.1,0.0,0.0,0.3,-0.2,0.0,0.0,0.0,0.0,-0.39199878074386074,0.275416031733454,0.4870431592582707,-0.03030824003577666,-1.9493403157585245,1.61423,-0.24308911523846785,-0.5581614932429875,-0.37240330978931624,0.007564196554622204,-0.003412305857825655,1.97202,0.9644209551659495,0.10016739976900055,0.0,0.0,0.0,0.0,0.0,0.0,0.0,0.0,0.0,0.0,0.0,0.0,0.0,0.0,0.0,-0.00747155722470999,0.9206805789372358,2.1544277325083865,0.3359050654156057,0.5901065513698622,0.0,1.7622749750170301,0.34202446896323957,-1.8518438228210685,1.3859598097811596,-1.3207056835330806,0.0,-5.386918739246571,-3.8649027694998908,0.0,0.0,0.0,0.0,0.0,0.0,0.0,0.0,0.0,0.0,0.0,0.0,40.0,40.0,40.0,60.0,60.0,60.0,60.0,60.0,60.0,60.0,60.0,60.0,60.0,60.0,60.0,60.0,60.0,0.0,0.0,0.0,0.0,0.0,0.0,0.0,0.0,0.0,0.0,0.0,0.0,1.0,1.0,1.0,1.5,1.5,1.5,1.5,1.5,1.5,1.5,1.5,1.5,1.5,1.5,1.5,1.5,1.5,0.0,0.0,0.0,0.0,0.0,0.0,0.0,0.0,0.0,0.0,0.0,0.0,0.0,0.0,0.0,0.0,0.0,0.0,0.0,0.0,0.0,0.0,0.0,0.0,0.0,0.0,0.0,0.0,0.0
-0.1,0.0,0.0,0.3,-0.2,0.0,-0.1,0.0,0.0,0.3,-0.2,0.0,0.0,0.0,0.0,-0.39628918474413544,0.2963649482081941,0.5235068528718486,-0.025033088625086002,-1.9437351417065016,1.61423,-0.18447483774318665,-0.566584326142702,-0.4066195558693768,0.03223156194275955,-0.020374338483106706,1.97202,0.8583004666190999,0.018577891336969004,0.0,0.0,0.0,0.0,0.0,0.0,0.0,0.0,0.0,0.0,0.0,0.0,0.0,0.0,0.0,-1.0587284648991502,1.7199955936926568,2.4032261361911944,-0.4905950092115826,0.0481126235097884,0.0,3.9867833493022613,-0.9644899807745244,-2.216590482003948,0.7103403902880119,-0.948894194247543,0.0,-4.41874553558416,-4.986228070900235,0.0,0.0,0.0,0.0,0.0,0.0,0.0,0.0,0.0,0.0,0.0,0.0,40.0,40.0,40.0,60.0,60.0,60.0,60.0,60.0,60.0,60.0,60.0,60.0,60.0,60.0,60.0,60.0,60.0,0.0,0.0,0.0,0.0,0.0,0.0,0.0,0.0,0.0,0.0,0.0,0.0,1.0,1.0,1.0,1.5,1.5,1.5,1.5,1.5,1.5,1.5,1.5,1.5,1.5,1.5,1.5,1.5,1.5,0.0,0.0,0.0,0.0,0.0,0.0,0.0,0.0,0.0,0.0,0.0,0.0,0.0,0.0,0.0,0.0,0.0,0.0,0.0,0.0,0.0,0.0,0.0,0.0,0.0,0.0,0.0,0.0,0.0
-0.1,0.0,0.0,0.3,-0.2,0.0,-0.1,0.0,0.0,0.3,-0.2,0.0,0.0,0.0,0.0,-0.43434791933982675,0.3442158554811603,0.5831722047059185,-0.049932040404239965,-1.947415810818133,1.61423,-0.0836177812663774,-0.5967410924739684,-0.46106692906947416,0.03597781216614268,-0.041368073627727375,1.97202,0.7876711337425831,-0.09928172306700885,0.0,0.0,0.0,0.0,0.0,0.0,0.0,0.0,0.0,0.0,0.0,0.0,0.0,0.0,0.0,-3.519615587351821,3.0938196097535315,4.15281168464525,-0.6804670877752674,0.461003662891285,0.0,4.455185566481655,-0.3332284537577529,-3.0222898422323423,-1.4159996057207525,-1.538491572708473,0.0,1.9215781702827255,-8.063146827422509,0.0,0.0,0.0,0.0,0.0,0.0,0.0,0.0,0.0,0.0,0.0,0.0,40.0,40.0,40.0,60.0,60.0,60.0,60.0,60.0,60.0,60.0,60.0,60.0,60.0,60.0,60.0,60.0,60.0,0.0,0.0,0.0,0.0,0.0,0.0,0.0,0.0,0.0,0.0,0.0,0.0,1.0,1.0,1.0,1.5,1.5,1.5,1.5,1.5,1.5,1.5,1.5,1.5,1.5,1.5,1.5,1.5,1.5,0.0,0.0,0.0,0.0,0.0,0.0,0.0,0.0,0.0,0.0,0.0,0.0,0.0,0.0,0.0,0.0,0.0,0.0,0.0,0.0,0.0,0.0,0.0,0.0,0.0,0.0,0.0,0.0,0.0
-0.1,0.0,0.0,0.3,-0.2,0.0,-0.1,0.0,0.0,0.3,-0.2,0.0,0.0,0.0,0.0,-0.5370738082382083,0.42011773259833535,0.6896193202576586,-0.0522517721360967,-1.9252949951908502,1.61423,-0.00626741508392044,-0.5799134642930122,-0.5275111495586705,-0.024408422286070545,-0.08191400139144563,1.97202,0.9351635934304089,-0.3039479817599313,0.0,0.0,0.0,0.0,0.0,0.0,0.0,0.0,0.0,0.0,0.0,0.0,0.0,0.0,0.0,-2.572832926120061,1.957688490865246,2.9297615134625974,-1.5723428515585467,0.9624278786920126,0.0,2.542033455393259,-0.3015871141255566,-1.7025958023091716,-2.2365267450566466,-1.1751534195926752,0.0,2.91549971039963,-8.327922883014391,0.0,0.0,0.0,0.0,0.0,0.0,0.0,0.0,0.0,0.0,0.0,0.0,40.0,40.0,40.0,60.0,60.0,60.0,60.0,60.0,60.0,60.0,60.0,60.0,60.0,60.0,60.0,60.0,60.0,0.0,0.0,0.0,0.0,0.0,0.0,0.0,0.0,0.0,0.0,0.0,0.0,1.0,1.0,1.0,1.5,1.5,1.5,1.5,1.5,1.5,1.5,1.5,1.5,1.5,1.5,1.5,1.5,1.5,0.0,0.0,0.0,0.0,0.0,0.0,0.0,0.0,0.0,0.0,0.0,0.0,0.0,0.0,0.0,0.0,0.0,0.0,0.0,0.0,0.0,0.0,0.0,0.0,0.0,0.0,0.0,0.0,0.0
-0.1,0.0,0.0,0.3,-0.2,0.0,-0.1,0.0,0.0,0.3,-0.2,0.0,0.0,0.0,0.0,-0.5372612363846292,0.42252339511577014,0.7003626652444224,-0.11282575446658183,-1.9089186956704525,1.61423,0.018063556949352966,-0.6088045770389907,-0.529170761161841,-0.05348325763612319,-0.08837421041143438,1.97202,0.9042911221585683,-0.43239863838758447,0.0,0.0,0.0,0.0,0.0,0.0,0.0,0.0,0.0,0.0,0.0,0.0,0.0,0.0,0.0,-0.41741899351450396,0.18308809894489048,0.3984131160776533,-2.1593146153882463,1.1541989073045988,0.0,0.28964288385644815,-0.8558450960131886,-0.17582784472990054,-0.11882032776813393,-0.6417673058923594,0.0,-2.3554211908941385,-5.305309944480616,0.0,0.0,0.0,0.0,0.0,0.0,0.0,0.0,0.0,0.0,0.0,0.0,40.0,40.0,40.0,60.0,60.0,60.0,60.0,60.0,60.0,60.0,60.0,60.0,60.0,60.0,60.0,60.0,60.0,0.0,0.0,0.0,0.0,0.0,0.0,0.0,0.0,0.0,0.0,0.0,0.0,1.0,1.0,1.0,1.5,1.5,1.5,1.5,1.5,1.5,1.5,1.5,1.5,1.5,1.5,1.5,1.5,1.5,0.0,0.0,0.0,0.0,0.0,0.0,0.0,0.0,0.0,0.0,0.0,0.0,0.0,0.0,0.0,0.0,0.0,0.0,0.0,0.0,0.0,0.0,0.0,0.0,0.0,0.0,0.0,0.0,0.0
-0.1,0.0,0.0,0.3,-0.2,0.0,-0.1,0.0,0.0,0.3,-0.2,0.0,0.0,0.0,0.0,-0.5537705679787884,0.42744125655613097,0.7055558449007647,-0.13862435675162654,-1.8791270388986663,1.61423,0.0053183002703374865,-0.6141472681335397,-0.5345442633478665,-0.029161235396795902,-0.10758469362714,1.97202,0.8409467457946433,-0.516160379539156,0.0,0.0,0.0,0.0,0.0,0.0,0.0,0.0,0.0,0.0,0.0,0.0,0.0,0.0,0.0,-1.0540792319559704,0.27872207505631325,0.43983177849060695,-0.9008810169388349,0.9308194665008929,0.0,-0.7076505419411445,-0.16257764187342927,-0.596115299276706,1.1739895593308747,-1.0031767711411306,0.0,-2.512935814681208,-4.268047708439347,0.0,0.0,0.0,0.0,0.0,0.0,0.0,0.0,0.0,0.0,0.0,0.0,40.0,40.0,40.0,60.0,60.0,60.0,60.0,60.0,60.0,60.0,60.0,60.0,60.0,60.0,60.0,60.0,60.0,0.0,0.0,0.0,0.0,0.0,0.0,0.0,0.0,0.0,0.0,0.0,0.0,1.0,1.0,1.0,1.5,1.5,1.5,1.5,1.5,1.5,1.5,1.5,1.5,1.5,1.5,1.5,1.5,1.5,0.0,0.0,0.0,0.0,0.0,0.0,0.0,0.0,0.0,0.0,0.0,0.0,0.0,0.0,0.0,0.0,0.0,0.0,0.0,0.0,0.0,0.0,0.0,0.0,0.0,0.0,0.0,0.0,0.0
-0.1,0.0,0.0,0.3,-0.2,0.0,-0.1,0.0,0.0,0.3,-0.2,0.0,0.0,0.0,0.0,-0.579424405662868,0.43367227811802267,0.7179559363840466,-0.14886099514413523,-1.8716859170104168,1.61423,-0.010242464728292816,-0.6153076827139279,-0.5530153731329093,-0.006523675262888207,-0.1285012812570796,1.97202,0.80377368957132,-0.6031205467251584,0.0,0.0,0.0,0.0,0.0,0.0,0.0,0.0,0.0,0.0,0.0,0.0,0.0,0.0,0.0,-0.892451249199594,0.3017356792245726,0.23429919601681837,-0.026424154529809674,-0.046343279387317526,0.0,-0.6328094100304974,-0.2787376833715355,-0.6711567776364169,0.17199670547871262,-1.4304890523142255,0.0,-0.5957815929203802,-3.866767122520734,0.0,0.0,0.0,0.0,0.0,0.0,0.0,0.0,0.0,0.0,0.0,0.0,40.0,40.0,40.0,60.0,60.0,60.0,60.0,60.0,60.0,60.0,60.0,60.0,60.0,60.0,60.0,60.0,60.0,0.0,0.0,0.0,0.0,0.0,0.0,0.0,0.0,0.0,0.0,0.0,0.0,1.0,1.0,1.0,1.5,1.5,1.5,1.5,1.5,1.5,1.5,1.5,1.5,1.5,1.5,1.5,1.5,1.5,0.0,0.0,0.0,0.0,0.0,0.0,0.0,0.0,0.0,0.0,0.0,0.0,0.0,0.0,0.0,0.0,0.0,0.0,0.0,0.0,0.0,0.0,0.0,0.0,0.0,0.0,0.0,0.0,0.0
-0.1,0.0,0.0,0.3,-0.2,0.0,-0.1,0.0,0.0,0.3,-0.2,0.0,0.0,0.0,0.0,-0.5894686179467722,0.43951068372511387,0.7149278127414375,-0.13968132293281893,-1.880980770074159,1.61423,-0.019994076130882412,-0.6252967754684011,-0.5613905344533232,-0.022281367177647397,-0.16480425571970903,1.97202,0.8171154820778281,-0.6708310644399853,0.0,0.0,0.0,0.0,0.0,0.0,0.0,0.0,0.0,0.0,0.0,0.0,0.0,0.0,0.0,-0.35835378032914034,0.3501336512724343,-0.07103914572149372,-0.016222765452384574,-0.07034024402536865,0.0,-0.2832391968142884,-0.4961824595969777,-0.5485395923899183,-0.8113992727773776,-1.148422728619687,0.0,-0.2654411035892812,-1.783975378713426,0.0,0.0,0.0,0.0,0.0,0.0,0.0,0.0,0.0,0.0,0.0,0.0,40.0,40.0,40.0,60.0,60.0,60.0,60.0,60.0,60.0,60.0,60.0,60.0,60.0,60.0,60.0,60.0,60.0,0.0,0.0,0.0,0.0,0.0,0.0,0.0,0.0,0.0,0.0,0.0,0.0,1.0,1.0,1.0,1.5,1.5,1.5,1.5,1.5,1.5,1.5,1.5,1.5,1.5,1.5,1.5,1.5,1.5,0.0,0.0,0.0,0.0,0.0,0.0,0.0,0.0,0.0,0.0,0.0,0.0,0.0,0.0,0.0,0.0,0.0,0.0,0.0,0.0,0.0,0.0,0.0,0.0,0.0,0.0,0.0,0.0,0.0
-0.1,0.0,0.0,0.3,-0.2,0.0,-0.1,0.0,0.0,0.3,-0.2,0.0,0.0,0.0,0.0,-0.5937585568760336,0.44767762416892004,0.7151143705551869,-0.1495099057622306,-1.8744995267714315,1.61423,-0.021572032600864353,-0.635154981097807,-0.574956956828506,-0.038979646173983314,-0.1744381904018671,1.97202,0.7931560454277488,-0.6744795618736954,0.0,0.0,0.0,0.0,0.0,0.0,0.0,0.0,0.0,0.0,0.0,0.0,0.0,0.0,0.0,-0.29443028828092244,0.3553457297293186,0.015503136411521012,-0.19483311799527447,0.3741398781546723,0.0,0.19899446037216972,-0.2039002931527617,-0.5508966374519197,-0.5655133456887321,-0.5391920941574195,0.0,-0.36231414834232145,-0.6054008414530992,0.0,0.0,0.0,0.0,0.0,0.0,0.0,0.0,0.0,0.0,0.0,0.0,40.0,40.0,40.0,60.0,60.0,60.0,60.0,60.0,60.0,60.0,60.0,60.0,60.0,60.0,60.0,60.0,60.0,0.0,0.0,0.0,0.0,0.0,0.0,0.0,0.0,0.0,0.0,0.0,0.0,1.0,1.0,1.0,1.5,1.5,1.5,1.5,1.5,1.5,1.5,1.5,1.5,1.5,1.5,1.5,1.5,1.5,0.0,0.0,0.0,0.0,0.0,0.0,0.0,0.0,0.0,0.0,0.0,0.0,0.0,0.0,0.0,0.0,0.0,0.0,0.0,0.0,0.0,0.0,0.0,0.0,0.0,0.0,0.0,0.0,0.0
-0.1,0.0,0.0,0.3,-0.2,0.0,-0.1,0.0,0.0,0.3,-0.2,0.0,0.0,0.0,0.0,-0.6012458294780091,0.4537245129142866,0.7155479381978983,-0.1474746476526299,-1.866015174947972,1.61423,-0.012034297715995623,-0.6334527871945116,-0.5834263999514,-0.044901901005196684,-0.1863719394860058,1.97202,0.8026229161441353,-0.6950470980981093,0.0,0.0,0.0,0.0,0.0,0.0,0.0,0.0,0.0,0.0,0.0,0.0,0.0,0.0,0.0,-0.3048852923431683,0.2752535352682689,-0.024456856112672898,-0.008202005776748733,0.5239025790348184,0.0,0.7550241685920211,0.12055065495987227,-0.263286836597032,-0.577942975760334,-0.6852507549418587,0.0,1.1302150682099055,-1.2899646238059614,0.0,0.0,0.0,0.0,0.0,0.0,0.0,0.0,0.0,0.0,0.0,0.0,40.0,40.0,40.0,60.0,60.0,60.0,60.0,60.0,60.0,60.0,60.0,60.0,60.0,60.0,60.0,60.0,60.0,0.0,0.0,0.0,0.0,0.0,0.0,0.0,0.0,0.0,0.0,0.0,0.0,1.0,1.0,1.0,1.5,1.5,1.5,1.5,1.5,1.5,1.5,1.5,1.5,1.5,1.5,1.5,1.5,1.5,0.0,0.0,0.0,0.0,0.0,0.0,0.0,0.0,0.0,0.0,0.0,0.0,0.0,0.0,0.0,0.0,0.0,0.0,0.0,0.0,0.0,0.0,0.0,0.0,0.0,0.0,0.0,0.0,0.0
-0.1,0.0,0.0,0.3,-0.2,0.0,-0.1,0.0,0.0,0.3,-0.2,0.0,0.0,0.0,0.0,-0.6059539685697604,0.4586877655796508,0.71413609631068,-0.14983798599330056,-1.8535434236100388,1.61423,0.008628934142816494,-0.6303329548994121,-0.5854884302923873,-0.062097365204396675,-0.20184822059954144,1.97202,0.838364648156145,-0.7260781468259339,0.0,0.0,0.0,0.0,0.0,0.0,0.0,0.0,0.0,0.0,0.0,0.0,0.0,0.0,0.0,-0.4285874669226114,0.2034432286803195,-0.0010728318964287054,-0.34991233281906964,0.714370771821421,0.0,1.237701348315265,0.1984768516241464,0.04428355279480212,-0.9346861969528858,-0.7398522886129452,0.0,2.4464673276228006,-1.8567175994973317,0.0,0.0,0.0,0.0,0.0,0.0,0.0,0.0,0.0,0.0,0.0,0.0,40.0,40.0,40.0,60.0,60.0,60.0,60.0,60.0,60.0,60.0,60.0,60.0,60.0,60.0,60.0,60.0,60.0,0.0,0.0,0.0,0.0,0.0,0.0,0.0,0.0,0.0,0.0,0.0,0.0,1.0,1.0,1.0,1.5,1.5,1.5,1.5,1.5,1.5,1.5,1.5,1.5,1.5,1.5,1.5,1.5,1.5,0.0,0.0,0.0,0.0,0.0,0.0,0.0,0.0,0.0,0.0,0.0,0.0,0.0,0.0,0.0,0.0,0.0,0.0,0.0,0.0,0.0,0.0,0.0,0.0,0.0,0.0,0.0,0.0,0.0
-0.1,0.0,0.0,0.3,-0.2,0.0,-0.1,0.0,0.0,0.3,-0.2,0.0,0.0,0.0,0.0,-0.6183893281549135,0.4618622420614994,0.7155050249220412,-0.1614711409653927,-1.8374403440751153,1.61423,0.03747375621661498,-0.6255137131295457,-0.5816550578396079,-0.08228934888331212,-0.21596603103052361,1.97202,0.9004816092490473,-0.7693158020780025,0.0,0.0,0.0,0.0,0.0,0.0,0.0,0.0,0.0,0.0,0.0,0.0,0.0,0.0,0.0,-0.5592346523676961,-0.3375025064333709,-0.3184158537796189,-0.9989358943147147,0.0768842881918419,0.0,1.4010020454633416,0.18372663227858577,0.4320542910632552,0.2776627295296546,0.23086644547600232,0.0,1.6022555320218095,-1.7929561245919545,0.0,0.0,0.0,0.0,0.0,0.0,0.0,0.0,0.0,0.0,0.0,0.0,40.0,40.0,40.0,60.0,60.0,60.0,60.0,60.0,60.0,60.0,60.0,60.0,60.0,60.0,60.0,60.0,60.0,0.0,0.0,0.0,0.0,0.0,0.0,0.0,0.0,0.0,0.0,0.0,0.0,1.0,1.0,1.0,1.5,1.5,1.5,1.5,1.5,1.5,1.5,1.5,1.5,1.5,1.5,1.5,1.5,1.5,0.0,0.0,0.0,0.0,0.0,0.0,0.0,0.0,0.0,0.0,0.0,0.0,0.0,0.0,0.0,0.0,0.0,0.0,0.0,0.0,0.0,0.0,0.0,0.0,0.0,0.0,0.0,0.0,0.0
-0.1,0.0,0.0,0.3,-0.2,0.0,-0.1,0.0,0.0,0.3,-0.2,0.0,0.0,0.0,0.0,-0.6283233546644682,0.44518766532231596,0.7013994621594952,-0.18979542176588915,-1.850468052082365,1.61423,0.06466901596135016,-0.6229838896082687,-0.5682062586498571,-0.05099085602321049,-0.19261356278050135,1.97202,0.9024548694370174,-0.797796391809612,0.0,0.0,0.0,0.0,0.0,0.0,0.0,0.0,0.0,0.0,0.0,0.0,0.0,0.0,0.0,-0.870590647773456,-0.5775606562935395,-0.48264974029803565,-1.005131630275985,-0.6702300437154141,0.0,2.0223240353307252,0.37842018574700265,0.4784346669984729,1.7027638353354329,0.9298862076005797,0.0,-0.6044426786250362,-1.4543741524950249,0.0,0.0,0.0,0.0,0.0,0.0,0.0,0.0,0.0,0.0,0.0,0.0,40.0,40.0,40.0,60.0,60.0,60.0,60.0,60.0,60.0,60.0,60.0,60.0,60.0,60.0,60.0,60.0,60.0,0.0,0.0,0.0,0.0,0.0,0.0,0.0,0.0,0.0,0.0,0.0,0.0,1.0,1.0,1.0,1.5,1.5,1.5,1.5,1.5,1.5,1.5,1.5,1.5,1.5,1.5,1.5,1.5,1.5,0.0,0.0,0.0,0.0,0.0,0.0,0.0,0.0,0.0,0.0,0.0,0.0,0.0,0.0,0.0,0.0,0.0,0.0,0.0,0.0,0.0,0.0,0.0,0.0,0.0,0.0,0.0,0.0,0.0
-0.1,0.0,0.0,0.3,-0.2,0.0,-0.1,0.0,0.0,0.3,-0.2,0.0,0.0,0.0,0.0,-0.6532129540658518,0.4387598158097578,0.6961990353101197,-0.2016764061764321,-1.8642495458237318,1.61423,0.11836671762984399,-0.6103769056996656,-0.562517671159669,-0.014178795469894796,-0.17877058272650043,1.97202,0.8763039021040459,-0.8274907681778035,0.0,0.0,0.0,0.0,0.0,0.0,0.0,0.0,0.0,0.0,0.0,0.0,0.0,0.0,0.0,-0.4370653240783118,-0.12474323188352565,-0.18239074452384152,-0.8494205548282521,0.1257118163001003,0.0,0.9790262991791268,0.7621772239720159,0.7729027877328903,1.834395285516007,0.692879484923934,0.0,-0.8477871067007786,-3.012838270742044,0.0,0.0,0.0,0.0,0.0,0.0,0.0,0.0,0.0,0.0,0.0,0.0,40.0,40.0,40.0,60.0,60.0,60.0,60.0,60.0,60.0,60.0,60.0,60.0,60.0,60.0,60.0,60.0,60.0,0.0,0.0,0.0,0.0,0.0,0.0,0.0,0.0,0.0,0.0,0.0,0.0,1.0,1.0,1.0,1.5,1.5,1.5,1.5,1.5,1.5,1.5,1.5,1.5,1.5,1.5,1.5,1.5,1.5,0.0,0.0,0.0,0.0,0.0,0.0,0.0,0.0,0.0,0.0,0.0,0.0,0.0,0.0,0.0,0.0,0.0,0.0,0.0,0.0,0.0,0.0,0.0,0.0,0.0,0.0,0.0,0.0,0.0
-0.1,0.0,0.0,0.3,-0.2,0.0,-0.1,0.0,0.0,0.3,-0.2,0.0,0.0,0.0,0.0,-0.6458059676276007,0.44019793604697494,0.6941038323785416,-0.22377224395901923,-1.845439579430361,1.61423,0.10383006792851524,-0.592496800649388,-0.5372901471405415,0.022384955397429795,-0.16489838338354398,1.97202,0.8685433851689862,-0.9183099226392938,0.0,0.0,0.0,0.0,0.0,0.0,0.0,0.0,0.0,0.0,0.0,0.0,0.0,0.0,0.0,0.1365329712778668,0.10107763469388575,-0.17053101109499869,-0.5979767615411503,0.5253537023038324,0.0,-0.28871841208861976,1.140920966742437,1.1723045693210448,1.3801205589636643,0.3320711146868896,0.0,2.979882303826403,-5.16275636307367,0.0,0.0,0.0,0.0,0.0,0.0,0.0,0.0,0.0,0.0,0.0,0.0,40.0,40.0,40.0,60.0,60.0,60.0,60.0,60.0,60.0,60.0,60.0,60.0,60.0,60.0,60.0,60.0,60.0,0.0,0.0,0.0,0.0,0.0,0.0,0.0,0.0,0.0,0.0,0.0,0.0,1.0,1.0,1.0,1.5,1.5,1.5,1.5,1.5,1.5,1.5,1.5,1.5,1.5,1.5,1.5,1.5,1.5,0.0,0.0,0.0,0.0,0.0,0.0,0.0,0.0,0.0,0.0,0.0,0.0,0.0,0.0,0.0,0.0,0.0,0.0,0.0,0.0,0.0,0.0,0.0,0.0,0.0,0.0,0.0,0.0,0.0
-0.1,0.0,0.0,0.3,-0.2,0.0,-0.1,0.0,0.0,0.3,-0.2,0.0,0.0,0.0,0.0,-0.6477516352147371,0.44280292119751324,0.6893777948663198,-0.2255954766380781,-1.8432353977315785,1.61423,0.1068179811462992,-0.5647400670299682,-0.5156254883868272,0.04102602688865177,-0.16548773813902484,1.97202,0.995499194257102,-1.0340010227007503,0.0,0.0,0.0,0.0,0.0,0.0,0.0,0.0,0.0,0.0,0.0,0.0,0.0,0.0,0.0,-1.14743518374944,0.18124936551844606,0.23766888487576632,-0.38915261844056914,1.6871200757780758,0.0,1.4455763988510395,1.824065397672006,2.5642902952846756,-0.4760487582586373,-1.4325467038108337,0.0,12.984300957936675,-8.351320701441509,0.0,0.0,0.0,0.0,0.0,0.0,0.0,0.0,0.0,0.0,0.0,0.0,40.0,40.0,40.0,60.0,60.0,60.0,60.0,60.0,60.0,60.0,60.0,60.0,60.0,60.0,60.0,60.0,60.0,0.0,0.0,0.0,0.0,0.0,0.0,0.0,0.0,0.0,0.0,0.0,0.0,1.0,1.0,1.0,1.5,1.5,1.5,1.5,1.5,1.5,1.5,1.5,1.5,1.5,1.5,1.5,1.5,1.5,0.0,0.0,0.0,0.0,0.0,0.0,0.0,0.0,0.0,0.0,0.0,0.0,0.0,0.0,0.0,0.0,0.0,0.0,0.0,0.0,0.0,0.0,0.0,0.0,0.0,0.0,0.0,0.0,0.0
-0.1,0.0,0.0,0.3,-0.2,0.0,-0.1,0.0,0.0,0.3,-0.2,0.0,0.0,0.0,0.0,-0.6917033749775783,0.4474479106677128,0.7036105877735722,-0.239338348696642,-1.777954776399238,1.61423,0.16165312388255682,-0.5195341847425078,-0.43471853532915444,0.003343005067084304,-0.22220025153597733,1.97202,1.3879154234864532,-1.2523627506969541,0.0,0.0,0.0,0.0,0.0,0.0,0.0,0.0,0.0,0.0,0.0,0.0,0.0,0.0,0.0,-0.8850050370901419,-0.596156020275751,0.43874137133784463,-2.2799997270853107,3.7068092327498414,0.0,1.6375923198906024,2.549228285752689,2.992687121010941,-1.4979132765747134,-1.5409831385305148,0.0,11.024196123582039,-5.504121852780797,0.0,0.0,0.0,0.0,0.0,0.0,0.0,0.0,0.0,0.0,0.0,0.0,40.0,40.0,40.0,60.0,60.0,60.0,60.0,60.0,60.0,60.0,60.0,60.0,60.0,60.0,60.0,60.0,60.0,0.0,0.0,0.0,0.0,0.0,0.0,0.0,0.0,0.0,0.0,0.0,0.0,1.0,1.0,1.0,1.5,1.5,1.5,1.5,1.5,1.5,1.5,1.5,1.5,1.5,1.5,1.5,1.5,1.5,0.0,0.0,0.0,0.0,0.0,0.0,0.0,0.0,0.0,0.0,0.0,0.0,0.0,0.0,0.0,0.0,0.0,0.0,0.0,0.0,0.0,0.0,0.0,0.0,0.0,0.0,0.0,0.0,0.0
-0.1,0.0,0.0,0.3,-0.2,0.0,-0.1,0.0,0.0,0.3,-0.2,0.0,0.0,0.0,0.0,-0.6831518366983428,0.4189566803864832,0.7069274497198336,-0.31679546572149053,-1.6949630284215849,1.61423,0.1723216739419233,-0.4627709355998606,-0.39591800354638956,-0.018890504174336773,-0.22712706368024543,1.97202,1.4364670392003835,-1.2541658968119822,0.0,0.0,0.0,0.0,0.0,0.0,0.0,0.0,0.0,0.0,0.0,0.0,0.0,0.0,0.0,0.40632164806886917,-1.4204285700063184,-0.0644954565666711,-3.594924915441945,4.554950304525196,0.0,-0.1993310233475487,2.734979212909433,1.5160114830804163,-0.4700129065041093,0.23246997283457374,0.0,1.2668075792530098,0.38600880081584577,0.0,0.0,0.0,0.0,0.0,0.0,0.0,0.0,0.0,0.0,0.0,0.0,40.0,40.0,40.0,60.0,60.0,60.0,60.0,60.0,60.0,60.0,60.0,60.0,60.0,60.0,60.0,60.0,60.0,0.0,0.0,0.0,0.0,0.0,0.0,0.0,0.0,0.0,0.0,0.0,0.0,1.0,1.0,1.0,1.5,1.5,1.5,1.5,1.5,1.5,1.5,1.5,1.5,1.5,1.5,1.5,1.5,1.5,0.0,0.0,0.0,0.0,0.0,0.0,0.0,0.0,0.0,0.0,0.0,0.0,0.0,0.0,0.0,0.0,0.0,0.0,0.0,0.0,0.0,0.0,0.0,0.0,0.0,0.0,0.0,0.0,0.0
-0.1,0.0,0.0,0.3,-0.2,0.0,-0.1,0.0,0.0,0.3,-0.2,0.0,0.0,0.0,0.0,-0.6754505090548235,0.39063076786746004,0.7010307695109054,-0.3831353453143198,-1.5957567642182302,1.61423,0.15367988294865487,-0.41013501622613047,-0.3740780760059378,-0.015457511193080068,-0.21290145262259438,1.97202,1.4385877266565736,-1.2369223986643203,0.0,0.0,0.0,0.0,0.0,0.0,0.0,0.0,0.0,0.0,0.0,0.0,0.0,0.0,0.0,0.36243888579697847,-1.4660523131290404,-0.3322014245982913,-3.7107039001906315,5.649315036766639,0.0,-2.006239524479524,2.437797705326783,1.21206550636372,-0.1836838894261468,0.06098889324381018,0.0,1.130053038093698,1.3325020537895693,0.0,0.0,0.0,0.0,0.0,0.0,0.0,0.0,0.0,0.0,0.0,0.0,40.0,40.0,40.0,60.0,60.0,60.0,60.0,60.0,60.0,60.0,60.0,60.0,60.0,60.0,60.0,60.0,60.0,0.0,0.0,0.0,0.0,0.0,0.0,0.0,0.0,0.0,0.0,0.0,0.0,1.0,1.0,1.0,1.5,1.5,1.5,1.5,1.5,1.5,1.5,1.5,1.5,1.5,1.5,1.5,1.5,1.5,0.0,0.0,0.0,0.0,0.0,0.0,0.0,0.0,0.0,0.0,0.0,0.0,0.0,0.0,0.0,0.0,0.0,0.0,0.0,0.0,0.0,0.0,0.0,0.0,0.0,0.0,0.0,0.0,0.0
-0.1,0.0,0.0,0.3,-0.2,0.0,-0.1,0.0,0.0,0.3,-0.2,0.0,0.0,0.0,0.0,-0.6686542812664636,0.3603145878613216,0.6936393927359019,-0.4652236217291158,-1.4689904269509193,1.61423,0.09207209296274234,-0.3652590273867893,-0.34743538329184076,-0.026237859751382646,-0.22468750795049303,1.97202,1.4816691607241315,-1.2008658146603994,0.0,0.0,0.0,0.0,0.0,0.0,0.0,0.0,0.0,0.0,0.0,0.0,0.0,0.0,0.0,0.11937601622157012,-1.8473649552712579,-0.5941303304204726,-4.214786936043017,5.266430491825513,0.0,-1.803205383730747,2.11875866732687,1.798829299768022,-0.49307043858098554,-1.0285782866555162,0.0,3.1719904692111665,1.2927817300184885,0.0,0.0,0.0,0.0,0.0,0.0,0.0,0.0,0.0,0.0,0.0,0.0,40.0,40.0,40.0,60.0,60.0,60.0,60.0,60.0,60.0,60.0,60.0,60.0,60.0,60.0,60.0,60.0,60.0,0.0,0.0,0.0,0.0,0.0,0.0,0.0,0.0,0.0,0.0,0.0,0.0,1.0,1.0,1.0,1.5,1.5,1.5,1.5,1.5,1.5,1.5,1.5,1.5,1.5,1.5,1.5,1.5,1.5,0.0,0.0,0.0,0.0,0.0,0.0,0.0,0.0,0.0,0.0,0.0,0.0,0.0,0.0,0.0,0.0,0.0,0.0,0.0,0.0,0.0,0.0,0.0,0.0,0.0,0.0,0.0,0.0,0.0
-0.1,0.0,0.0,0.3,-0.2,0.0,-0.1,0.0,0.0,0.3,-0.2,0.0,0.0,0.0,0.0,-0.6706754684059607,0.3167361696566097,0.6772655562940865,-0.5517268227560405,-1.3850995445452097,1.61423,0.08155166759942499,-0.32538466953305567,-0.3021249040152169,-0.03518032873631949,-0.25404458408881503,1.97202,1.5654673454250203,-1.1852111294635808,0.0,0.0,0.0,0.0,0.0,0.0,0.0,0.0,0.0,0.0,0.0,0.0,0.0,0.0,0.0,-0.17409565818567174,-2.303688581920629,-1.1938844675108888,-4.336093982704487,4.4872225931055105,0.0,-0.2820426608612054,1.8056301389972356,2.196761583188446,-0.2418336413362242,-1.5175666988385488,0.0,3.314020981896715,1.5736053289818808,0.0,0.0,0.0,0.0,0.0,0.0,0.0,0.0,0.0,0.0,0.0,0.0,40.0,40.0,40.0,60.0,60.0,60.0,60.0,60.0,60.0,60.0,60.0,60.0,60.0,60.0,60.0,60.0,60.0,0.0,0.0,0.0,0.0,0.0,0.0,0.0,0.0,0.0,0.0,0.0,0.0,1.0,1.0,1.0,1.5,1.5,1.5,1.5,1.5,1.5,1.5,1.5,1.5,1.5,1.5,1.5,1.5,1.5,0.0,0.0,0.0,0.0,0.0,0.0,0.0,0.0,0.0,0.0,0.0,0.0,0.0,0.0,0.0,0.0,0.0,0.0,0.0,0.0,0.0,0.0,0.0,0.0,0.0,0.0,0.0,0.0,0.0
-0.1,0.0,0.0,0.3,-0.2,0.0,-0.1,0.0,0.0,0.3,-0.2,0.0,0.0,0.0,0.0,-0.6756181075938905,0.2681670445844964,0.6458840140354664,-0.6386673810372953,-1.2895015232266989,1.61423,0.08079038652829412,-0.29303382182689985,-0.2595649199643029,-0.035911205404831614,-0.285390175904035,1.97202,1.61423,-1.1379216015011242,0.0,0.0,0.0,0.0,0.0,0.0,0.0,0.0,0.0,0.0,0.0,0.0,0.0,0.0,0.0,-0.016725389842431326,-2.6183469965965642,-0.9556689398623419,-3.768833394530005,3.9053013041713767,0.0,-0.5693446436827427,0.05567338140229777,1.7138102379337243,-1.08777624849015,-1.0430318188389562,0.0,1.2190663643744937,5.164692619078718,0.0,0.0,0.0,0.0,0.0,0.0,0.0,0.0,0.0,0.0,0.0,0.0,40.0,40.0,40.0,60.0,60.0,60.0,60.0,60.0,60.0,60.0,60.0,60.0,60.0,60.0,60.0,60.0,60.0,0.0,0.0,0.0,0.0,0.0,0.0,0.0,0.0,0.0,0.0,0.0,0.0,1.0,1.0,1.0,1.5,1.5,1.5,1.5,1.5,1.5,1.5,1.5,1.5,1.5,1.5,1.5,1.5,1.5,0.0,0.0,0.0,0.0,0.0,0.0,0.0,0.0,0.0,0.0,0.0,0.0,0.0,0.0,0.0,0.0,0.0,0.0,0.0,0.0,0.0,0.0,0.0,0.0,0.0,0.0,0.0,0.0,0.0
-0.1,0.0,0.0,0.3,-0.2,0.0,-0.1,0.0,0.0,0.3,-0.2,0.0,0.0,0.0,0.0,-0.671344483999658,0.21200228979274716,0.6390387986995928,-0.7024801585372407,-1.2288874923783546,1.61423,0.05877788185211528,-0.32315773427696376,-0.23357249449786793,-0.07869137867592549,-0.2957658568423733,1.97202,1.61423,-0.9786234247004321,0.0,0.0,0.0,0.0,0.0,0.0,0.0,0.0,0.0,0.0,0.0,0.0,0.0,0.0,0.0,0.4369616882891225,-1.9273829816757597,-0.5177483058227156,-3.0299161263607517,2.4386101302100225,0.0,0.5517669901990007,-1.631824968383995,0.7479704343148665,-3.1463607221779655,0.5256161084787547,0.0,0.0,10.087347909835387,0.0,0.0,0.0,0.0,0.0,0.0,0.0,0.0,0.0,0.0,0.0,0.0,40.0,40.0,40.0,60.0,60.0,60.0,60.0,60.0,60.0,60.0,60.0,60.0,60.0,60.0,60.0,60.0,60.0,0.0,0.0,0.0,0.0,0.0,0.0,0.0,0.0,0.0,0.0,0.0,0.0,1.0,1.0,1.0,1.5,1.5,1.5,1.5,1.5,1.5,1.5,1.5,1.5,1.5,1.5,1.5,1.5,1.5,0.0,0.0,0.0,0.0,0.0,0.0,0.0,0.0,0.0,0.0,0.0,0.0,0.0,0.0,0.0,0.0,0.0,0.0,0.0,0.0,0.0,0.0,0.0,0.0,0.0,0.0,0.0,0.0,0.0
-0.1,0.0,0.0,0.3,-0.2,0.0,-0.1,0.0,0.0,0.3,-0.2,0.0,0.0,0.0,0.0,-0.6581396400623256,0.19107172531746602,0.6251740818025577,-0.7598640260917253,-1.191957118018298,1.61423,0.10286106613625415,-0.35830682056225965,-0.22964610259170826,-0.16176563429195023,-0.2643655315648848,1.97202,1.61423,-0.7344276851077087,0.0,0.0,0.0,0.0,0.0,0.0,0.0,0.0,0.0,0.0,0.0,0.0,0.0,0.0,0.0,0.7432765137500713,-1.6632016050264418,0.5142952813932872,-1.5886994153529204,1.4020066978781387,0.0,-1.6269906580827573,-1.7755789430113842,0.36889107169492535,-4.533978261876711,2.642353604640525,0.0,0.0,11.289654997539728,0.0,0.0,0.0,0.0,0.0,0.0,0.0,0.0,0.0,0.0,0.0,0.0,40.0,40.0,40.0,60.0,60.0,60.0,60.0,60.0,60.0,60.0,60.0,60.0,60.0,60.0,60.0,60.0,60.0,0.0,0.0,0.0,0.0,0.0,0.0,0.0,0.0,0.0,0.0,0.0,0.0,1.0,1.0,1.0,1.5,1.5,1.5,1.5,1.5,1.5,1.5,1.5,1.5,1.5,1.5,1.5,1.5,1.5,0.0,0.0,0.0,0.0,0.0,0.0,0.0,0.0,0.0,0.0,0.0,0.0,0.0,0.0,0.0,0.0,0.0,0.0,0.0,0.0,0.0,0.0,0.0,0.0,0.0,0.0,0.0,0.0,0.0
-0.1,0.0,0.0,0.3,-0.2,0.0,-0.1,0.0,0.0,0.3,-0.2,0.0,0.0,0.0,0.0,-0.6416134234496551,0.1454742255916895,0.6596106099553243,-0.7660281351513575,-1.172807224463229,1.61423,-0.006301744471195024,-0.3941808919974191,-0.21881685163007092,-0.2600505091509939,-0.19007171265675227,1.97202,1.61423,-0.527037224798843,0.0,0.0,0.0,0.0,0.0,0.0,0.0,0.0,0.0,0.0,0.0,0.0,0.0,0.0,0.0,0.9215001249446658,-2.0937010408621286,3.1176441457951953,1.7822577816658802,-2.4282117261335,0.0,-4.649264195260513,-1.599294804372127,0.4012745984784245,-4.85025745119803,4.184800039017531,0.0,0.0,10.486134525211016,0.0,0.0,0.0,0.0,0.0,0.0,0.0,0.0,0.0,0.0,0.0,0.0,40.0,40.0,40.0,60.0,60.0,60.0,60.0,60.0,60.0,60.0,60.0,60.0,60.0,60.0,60.0,60.0,60.0,0.0,0.0,0.0,0.0,0.0,0.0,0.0,0.0,0.0,0.0,0.0,0.0,1.0,1.0,1.0,1.5,1.5,1.5,1.5,1.5,1.5,1.5,1.5,1.5,1.5,1.5,1.5,1.5,1.5,0.0,0.0,0.0,0.0,0.0,0.0,0.0,0.0,0.0,0.0,0.0,0.0,0.0,0.0,0.0,0.0,0.0,0.0,0.0,0.0,0.0,0.0,0.0,0.0,0.0,0.0,0.0,0.0,0.0
-0.1,0.0,0.0,0.3,-0.2,0.0,-0.1,0.0,0.0,0.3,-0.2,0.0,0.0,0.0,0.0,-0.621279635064539,0.10732368368298087,0.7498798476343655,-0.6885737148250901,-1.289085587063638,1.61423,-0.08310950167416638,-0.42227861273714473,-0.21359511865257128,-0.3557759323398714,-0.09697353000418356,1.97202,1.61423,-0.3149823040992681,0.0,0.0,0.0,0.0,0.0,0.0,0.0,0.0,0.0,0.0,0.0,0.0,0.0,0.0,0.0,1.6096646042522866,-1.7584780395071762,4.089896207147203,5.56997984121774,-9.327553762264085,0.0,-3.1562024034443628,-1.7059804903328701,0.48459806414735546,-4.182203001165326,5.447367108324654,0.0,0.0,7.6943358441731275,0.0,0.0,0.0,0.0,0.0,0.0,0.0,0.0,0.0,0.0,0.0,0.0,40.0,40.0,40.0,60.0,60.0,60.0,60.0,60.0,60.0,60.0,60.0,60.0,60.0,60.0,60.0,60.0,60.0,0.0,0.0,0.0,0.0,0.0,0.0,0.0,0.0,0.0,0.0,0.0,0.0,1.0,1.0,1.0,1.5,1.5,1.5,1.5,1.5,1.5,1.5,1.5,1.5,1.5,1.5,1.5,1.5,1.5,0.0,0.0,0.0,0.0,0.0,0.0,0.0,0.0,0.0,0.0,0.0,0.0,0.0,0.0,0.0,0.0,0.0,0.0,0.0,0.0,0.0,0.0,0.0,0.0,0.0,0.0,0.0,0.0,0.0
-0.1,0.0,0.0,0.3,-0.2,0.0,-0.1,0.0,0.0,0.3,-0.2,0.0,0.0,0.0,0.0,-0.5772268392795636,0.07513510401140244,0.8232064582412124,-0.5432289415026479,-1.5459093749537924,1.61423,-0.13254984060896954,-0.46242011161073393,-0.1994329290641767,-0.42733862919760696,0.027822971676233915,1.97202,1.61423,-0.21926379103191784,0.0,0.0,0.0,0.0,0.0,0.0,0.0,0.0,0.0,0.0,0.0,0.0,0.0,0.0,0.0,2.2490605562164534,-1.7888458102321778,1.2264642407352948,10.218599231522079,-12.505339201957538,0.0,0.11560086377767342,-0.8948536235719812,1.8513384596830038,-1.4202580577555524,6.349246498500305,0.0,0.0,2.924910055731178,0.0,0.0,0.0,0.0,0.0,0.0,0.0,0.0,0.0,0.0,0.0,0.0,40.0,40.0,40.0,60.0,60.0,60.0,60.0,60.0,60.0,60.0,60.0,60.0,60.0,60.0,60.0,60.0,60.0,0.0,0.0,0.0,0.0,0.0,0.0,0.0,0.0,0.0,0.0,0.0,0.0,1.0,1.0,1.0,1.5,1.5,1.5,1.5,1.5,1.5,1.5,1.5,1.5,1.5,1.5,1.5,1.5,1.5,0.0,0.0,0.0,0.0,0.0,0.0,0.0,0.0,0.0,0.0,0.0,0.0,0.0,0.0,0.0,0.0,0.0,0.0,0.0,0.0,0.0,0.0,0.0,0.0,0.0,0.0,0.0,0.0,0.0
-0.1,0.0,0.0,0.3,-0.2,0.0,-0.1,0.0,0.0,0.3,-0.2,0.0,0.0,0.0,0.0,-0.5313172128158808,0.035769851273693754,0.7989384172637773,-0.2798297455642069,-1.7892991551419395,1.61423,-0.07848546712305944,-0.458072757680024,-0.13954158026525113,-0.4125862546500935,0.15699632993582863,1.97202,1.61423,-0.19798590187002096,0.0,0.0,0.0,0.0,0.0,0.0,0.0,0.0,0.0,0.0,0.0,0.0,0.0,0.0,0.0,2.4692068378752707,-1.3218668653746064,-1.8117500218980231,11.188754821787292,-7.424510325366468,0.0,0.37360868509823153,0.3090664628590242,2.7299543659457215,0.562253292778031,6.439197255219871,0.0,0.0,4.011261877959392,0.0,0.0,0.0,0.0,0.0,0.0,0.0,0.0,0.0,0.0,0.0,0.0,40.0,40.0,40.0,60.0,60.0,60.0,60.0,60.0,60.0,60.0,60.0,60.0,60.0,60.0,60.0,60.0,60.0,0.0,0.0,0.0,0.0,0.0,0.0,0.0,0.0,0.0,0.0,0.0,0.0,1.0,1.0,1.0,1.5,1.5,1.5,1.5,1.5,1.5,1.5,1.5,1.5,1.5,1.5,1.5,1.5,1.5,0.0,0.0,0.0,0.0,0.0,0.0,0.0,0.0,0.0,0.0,0.0,0.0,0.0,0.0,0.0,0.0,0.0,0.0,0.0,0.0,0.0,0.0,0.0,0.0,0.0,0.0,0.0,0.0,0.0
-0.1,0.0,0.0,0.3,-0.2,0.0,-0.1,0.0,0.0,0.3,-0.2,0.0,0.0,0.0,0.0,-0.4784585657645528,0.02226042939641818,0.7507364573652915,-0.09567874863115625,-1.8428897879684512,1.61423,-0.11760549320504028,-0.45005745309637296,-0.09023475442634783,-0.4048484974864857,0.28539086188502877,1.97202,1.61423,-0.05881331591354215,0.0,0.0,0.0,0.0,0.0,0.0,0.0,0.0,0.0,0.0,0.0,0.0,0.0,0.0,0.0,2.1923577041213353,-0.7649234075688606,-2.083533647514646,7.575466712202817,-2.4428280336170225,0.0,-1.7901776698497909,-0.3942760941164358,1.992930793086437,-0.4403343531627843,6.081032025335014,0.0,0.0,5.850030406195245,0.0,0.0,0.0,0.0,0.0,0.0,0.0,0.0,0.0,0.0,0.0,0.0,40.0,40.0,40.0,60.0,60.0,60.0,60.0,60.0,60.0,60.0,60.0,60.0,60.0,60.0,60.0,60.0,60.0,0.0,0.0,0.0,0.0,0.0,0.0,0.0,0.0,0.0,0.0,0.0,0.0,1.0,1.0,1.0,1.5,1.5,1.5,1.5,1.5,1.5,1.5,1.5,1.5,1.5,1.5,1.5,1.5,1.5,0.0,0.0,0.0,0.0,0.0,0.0,0.0,0.0,0.0,0.0,0.0,0.0,0.0,0.0,0.0,0.0,0.0,0.0,0.0,0.0,0.0,0.0,0.0,0.0,0.0,0.0,0.0,0.0,0.0
-0.1,0.0,0.0,0.3,-0.2,0.0,-0.1,0.0,0.0,0.3,-0.2,0.0,0.0,0.0,0.0,-0.44362290465102744,0.005172914970939329,0.7155970713631915,0.023188922923905807,-1.8870122764866204,1.61423,-0.15009257391705108,-0.4738438014446814,-0.059824348541793644,-0.4301996287766049,0.40023761094922916,1.97202,1.61423,0.03601531437778884,0.0,0.0,0.0,0.0,0.0,0.0,0.0,0.0,0.0,0.0,0.0,0.0,0.0,0.0,0.0,0.9628673500612278,-0.7782804585740838,-1.4252635585961764,5.797217511797025,-2.0730376383978455,0.0,-1.5768802766121188,-1.2623179714002744,1.5070215483343234,-1.798072709976363,4.160489114478861,0.0,0.0,3.718556322070236,0.0,0.0,0.0,0.0,0.0,0.0,0.0,0.0,0.0,0.0,0.0,0.0,40.0,40.0,40.0,60.0,60.0,60.0,60.0,60.0,60.0,60.0,60.0,60.0,60.0,60.0,60.0,60.0,60.0,0.0,0.0,0.0,0.0,0.0,0.0,0.0,0.0,0.0,0.0,0.0,0.0,1.0,1.0,1.0,1.5,1.5,1.5,1.5,1.5,1.5,1.5,1.5,1.5,1.5,1.5,1.5,1.5,1.5,0.0,0.0,0.0,0.0,0.0,0.0,0.0,0.0,0.0,0.0,0.0,0.0,0.0,0.0,0.0,0.0,0.0,0.0,0.0,0.0,0.0,0.0,0.0,0.0,0.0,0.0,0.0,0.0,0.0
-0.1,0.0,0.0,0.3,-0.2,0.0,-0.1,0.0,0.0,0.3,-0.2,0.0,0.0,0.0,0.0,-0.4399438717621037,-0.008870788946545171,0.6937259150214444,0.13620995184072476,-1.925811293504365,1.61423,-0.18068070426952504,-0.5005501719523839,-0.02995389249297489,-0.47677140588554023,0.45181042646418323,1.97202,1.61423,0.08992893696926728,0.0,0.0,0.0,0.0,0.0,0.0,0.0,0.0,0.0,0.0,0.0,0.0,0.0,0.0,0.0,0.2143513508961678,-0.7102730116129112,-1.2213730957062297,5.4712761295242665,-1.7671294225893974,0.0,-1.7586950917020914,-1.23292553692661,1.5414964254956391,-2.2293850859736812,2.244859024648553,0.0,0.0,2.8649286455604384,0.0,0.0,0.0,0.0,0.0,0.0,0.0,0.0,0.0,0.0,0.0,0.0,40.0,40.0,40.0,60.0,60.0,60.0,60.0,60.0,60.0,60.0,60.0,60.0,60.0,60.0,60.0,60.0,60.0,0.0,0.0,0.0,0.0,0.0,0.0,0.0,0.0,0.0,0.0,0.0,0.0,1.0,1.0,1.0,1.5,1.5,1.5,1.5,1.5,1.5,1.5,1.5,1.5,1.5,1.5,1.5,1.5,1.5,0.0,0.0,0.0,0.0,0.0,0.0,0.0,0.0,0.0,0.0,0.0,0.0,0.0,0.0,0.0,0.0,0.0,0.0,0.0,0.0,0.0,0.0,0.0,0.0,0.0,0.0,0.0,0.0,0.0
-0.1,0.0,0.0,0.3,-0.2,0.0,-0.1,0.0,0.0,0.3,-0.2,0.0,0.0,0.0,0.0,-0.4350488506151807,-0.02323800549357712,0.6667421475349423,0.2420399681048765,-1.9576974533901963,1.61423,-0.22044037758513474,-0.5231608229217458,0.0018355084780319175,-0.5193750322155521,0.4900319719351713,1.97202,1.61423,0.15061246020020638,0.0,0.0,0.0,0.0,0.0,0.0,0.0,0.0,0.0,0.0,0.0,0.0,0.0,0.0,0.0,0.30016691921132405,-0.37446226353640827,-1.0195669957979825,4.479384671580373,-1.1552176623908783,0.0,-1.723090270864159,-0.24336087025453312,1.1699594363161148,-0.7263166113015168,1.4961667985316618,0.0,0.0,3.1833570514558955,0.0,0.0,0.0,0.0,0.0,0.0,0.0,0.0,0.0,0.0,0.0,0.0,40.0,40.0,40.0,60.0,60.0,60.0,60.0,60.0,60.0,60.0,60.0,60.0,60.0,60.0,60.0,60.0,60.0,0.0,0.0,0.0,0.0,0.0,0.0,0.0,0.0,0.0,0.0,0.0,0.0,1.0,1.0,1.0,1.5,1.5,1.5,1.5,1.5,1.5,1.5,1.5,1.5,1.5,1.5,1.5,1.5,1.5,0.0,0.0,0.0,0.0,0.0,0.0,0.0,0.0,0.0,0.0,0.0,0.0,0.0,0.0,0.0,0.0,0.0,0.0,0.0,0.0,0.0,0.0,0.0,0.0,0.0,0.0,0.0,0.0,0.0
-0.1,0.0,0.0,0.3,-0.2,0.0,-0.1,0.0,0.0,0.3,-0.2,0.0,0.0,0.0,0.0,-0.42793719499365074,-0.0238492794880015,0.6529432351895251,0.3153853387039397,-1.97202,1.61423,-0.2496043151040914,-0.5102846067625653,0.016844484959669705,-0.5058240703376009,0.5116570984054497,1.97202,1.61423,0.2172632190275031,0.0,0.0,0.0,0.0,0.0,0.0,0.0,0.0,0.0,0.0,0.0,0.0,0.0,0.0,0.0,0.2891402909592611,-0.06348703292033166,-0.460269335367372,3.2358613208323797,-0.35806366524509525,0.0,-1.6577607833814858,0.680359775180421,0.6671149827110645,0.750395016859623,1.0434960454580324,0.0,0.0,3.11071991291721,0.0,0.0,0.0,0.0,0.0,0.0,0.0,0.0,0.0,0.0,0.0,0.0,40.0,40.0,40.0,60.0,60.0,60.0,60.0,60.0,60.0,60.0,60.0,60.0,60.0,60.0,60.0,60.0,60.0,0.0,0.0,0.0,0.0,0.0,0.0,0.0,0.0,0.0,0.0,0.0,0.0,1.0,1.0,1.0,1.5,1.5,1.5,1.5,1.5,1.5,1.5,1.5,1.5,1.5,1.5,1.5,1.5,1.5,0.0,0.0,0.0,0.0,0.0,0.0,0.0,0.0,0.0,0.0,0.0,0.0,0.0,0.0,0.0,0.0,0.0,0.0,0.0,0.0,0.0,0.0,0.0,0.0,0.0,0.0,0.0,0.0,0.0
-0.1,0.0,0.0,0.3,-0.2,0.0,-0.1,0.0,0.0,0.3,-0.2,0.0,0.0,0.0,0.0,-0.4234832389768103,-0.025777486810390386,0.6483313741202474,0.3714744209381717,-1.97202,1.61423,-0.2867508089203942,-0.495946431914529,0.0285201077864745,-0.48935923154116723,0.5317718137534926,1.97202,1.61423,0.2750412567168948,0.0,0.0,0.0,0.0,0.0,0.0,0.0,0.0,0.0,0.0,0.0,0.0,0.0,0.0,0.0,0.4591290583717128,-0.20476352055039826,-0.624344979716529,3.028816620368005,0.0,0.0,-1.3223214723111074,0.7110003545854101,0.5038804286022874,0.9735655225814807,1.424486020717594,0.0,0.0,3.196706264627174,0.0,0.0,0.0,0.0,0.0,0.0,0.0,0.0,0.0,0.0,0.0,0.0,40.0,40.0,40.0,60.0,60.0,60.0,60.0,60.0,60.0,60.0,60.0,60.0,60.0,60.0,60.0,60.0,60.0,0.0,0.0,0.0,0.0,0.0,0.0,0.0,0.0,0.0,0.0,0.0,0.0,1.0,1.0,1.0,1.5,1.5,1.5,1.5,1.5,1.5,1.5,1.5,1.5,1.5,1.5,1.5,1.5,1.5,0.0,0.0,0.0,0.0,0.0,0.0,0.0,0.0,0.0,0.0,0.0,0.0,0.0,0.0,0.0,0.0,0.0,0.0,0.0,0.0,0.0,0.0,0.0,0.0,0.0,0.0,0.0,0.0,0.0
-0.1,0.0,0.0,0.3,-0.2,0.0,-0.1,0.0,0.0,0.3,-0.2,0.0,0.0,0.0,0.0,-0.4095720326587822,-0.03203982031001743,0.627969436000864,0.4365380035186599,-1.97202,1.61423,-0.3024971739965357,-0.48184459257914886,0.0369997021037612,-0.4668814494343417,0.5686365392341535,1.97202,1.61423,0.34513146961259006,0.0,0.0,0.0,0.0,0.0,0.0,0.0,0.0,0.0,0.0,0.0,0.0,0.0,0.0,0.0,0.6978822211054072,-0.31473911393314963,-0.6658296963418631,2.805694146114719,0.0,0.0,-0.8940444098983604,0.6366814814508404,0.29753320091864666,0.8304553646636722,1.8109211498352262,0.0,0.0,2.6991194554702846,0.0,0.0,0.0,0.0,0.0,0.0,0.0,0.0,0.0,0.0,0.0,0.0,40.0,40.0,40.0,60.0,60.0,60.0,60.0,60.0,60.0,60.0,60.0,60.0,60.0,60.0,60.0,60.0,60.0,0.0,0.0,0.0,0.0,0.0,0.0,0.0,0.0,0.0,0.0,0.0,0.0,1.0,1.0,1.0,1.5,1.5,1.5,1.5,1.5,1.5,1.5,1.5,1.5,1.5,1.5,1.5,1.5,1.5,0.0,0.0,0.0,0.0,0.0,0.0,0.0,0.0,0.0,0.0,0.0,0.0,0.0,0.0,0.0,0.0,0.0,0.0,0.0,0.0,0.0,0.0,0.0,0.0,0.0,0.0,0.0,0.0,0.0
-0.1,0.0,0.0,0.3,-0.2,0.0,-0.1,0.0,0.0,0.3,-0.2,0.0,0.0,0.0,0.0,-0.395567950132594,-0.03836705136771637,0.6216981862665729,0.48370218678276045,-1.97202,1.61423,-0.3225125853163286,-0.47047917265649536,0.040421435823220365,-0.45614101695462034,0.6042086597469016,1.97202,1.61423,0.3830060349357062,0.0,0.0,0.0,0.0,0.0,0.0,0.0,0.0,0.0,0.0,0.0,0.0,0.0,0.0,0.0,0.6850913418612048,-0.2563923972336901,-0.05661942316478319,2.2805788775082045,0.0,0.0,-0.6715249305338733,0.6238155976758516,0.27725868256202724,0.852443355140485,1.841534531261582,0.0,0.0,2.6278869041674784,0.0,0.0,0.0,0.0,0.0,0.0,0.0,0.0,0.0,0.0,0.0,0.0,40.0,40.0,40.0,60.0,60.0,60.0,60.0,60.0,60.0,60.0,60.0,60.0,60.0,60.0,60.0,60.0,60.0,0.0,0.0,0.0,0.0,0.0,0.0,0.0,0.0,0.0,0.0,0.0,0.0,1.0,1.0,1.0,1.5,1.5,1.5,1.5,1.5,1.5,1.5,1.5,1.5,1.5,1.5,1.5,1.5,1.5,0.0,0.0,0.0,0.0,0.0,0.0,0.0,0.0,0.0,0.0,0.0,0.0,0.0,0.0,0.0,0.0,0.0,0.0,0.0,0.0,0.0,0.0,0.0,0.0,0.0,0.0,0.0,0.0,0.0
-0.1,0.0,0.0,0.3,-0.2,0.0,-0.1,0.0,0.0,0.3,-0.2,0.0,0.0,0.0,0.0,-0.38216837898433403,-0.04229551619936504,0.6257046590742726,0.5277611586189881,-1.97202,1.61423,-0.3293581712178906,-0.4568919686721148,0.04809004940624229,-0.4327837152287223,0.6422979204846168,1.97202,1.61423,0.4502469457792892,0.0,0.0,0.0,0.0,0.0,0.0,0.0,0.0,0.0,0.0,0.0,0.0,0.0,0.0,0.0,0.5278102183898598,-0.184308653902834,-0.07087800459229243,1.8099098190158758,0.0,0.0,-0.668458625155803,0.5109759001474756,-0.07052517282194852,1.106068195513618,2.087235419880873,0.0,0.0,2.9583169948967454,0.0,0.0,0.0,0.0,0.0,0.0,0.0,0.0,0.0,0.0,0.0,0.0,40.0,40.0,40.0,60.0,60.0,60.0,60.0,60.0,60.0,60.0,60.0,60.0,60.0,60.0,60.0,60.0,60.0,0.0,0.0,0.0,0.0,0.0,0.0,0.0,0.0,0.0,0.0,0.0,0.0,1.0,1.0,1.0,1.5,1.5,1.5,1.5,1.5,1.5,1.5,1.5,1.5,1.5,1.5,1.5,1.5,1.5,0.0,0.0,0.0,0.0,0.0,0.0,0.0,0.0,0.0,0.0,0.0,0.0,0.0,0.0,0.0,0.0,0.0,0.0,0.0,0.0,0.0,0.0,0.0,0.0,0.0,0.0,0.0,0.0,0.0
-0.1,0.0,0.0,0.3,-0.2,0.0,-0.1,0.0,0.0,0.3,-0.2,0.0,0.0,0.0,0.0,-0.3744555413969996,-0.04573939752382973,0.6188630660828812,0.5560985795433955,-1.97202,1.61423,-0.3492509303225607,-0.45004013665059633,0.037600428910342425,-0.4118982891340756,0.6876980765421365,1.97202,1.61423,0.501338714731576,0.0,0.0,0.0,0.0,0.0,0.0,0.0,0.0,0.0,0.0,0.0,0.0,0.0,0.0,0.0,0.36383891883810526,0.11953508151121925,0.43165251674049665,0.93597032082611,0.0,0.0,-0.038835828660781224,0.2334666508661154,-0.503367286042916,0.8822157836307339,1.9963857327344514,0.0,0.0,2.526105208022432,0.0,0.0,0.0,0.0,0.0,0.0,0.0,0.0,0.0,0.0,0.0,0.0,40.0,40.0,40.0,60.0,60.0,60.0,60.0,60.0,60.0,60.0,60.0,60.0,60.0,60.0,60.0,60.0,60.0,0.0,0.0,0.0,0.0,0.0,0.0,0.0,0.0,0.0,0.0,0.0,0.0,1.0,1.0,1.0,1.5,1.5,1.5,1.5,1.5,1.5,1.5,1.5,1.5,1.5,1.5,1.5,1.5,1.5,0.0,0.0,0.0,0.0,0.0,0.0,0.0,0.0,0.0,0.0,0.0,0.0,0.0,0.0,0.0,0.0,0.0,0.0,0.0,0.0,0.0,0.0,0.0,0.0,0.0,0.0,0.0,0.0,0.0
-0.1,0.0,0.0,0.3,-0.2,0.0,-0.1,0.0,0.0,0.3,-0.2,0.0,0.0,0.0,0.0,-0.3676148222308098,-0.037514112938916266,0.6429707597438925,0.5651999714520325,-1.97202,1.61423,-0.3309116043643219,-0.4475533026374702,0.02795535796452565,-0.3974950838834929,0.7221533497939948,1.97202,1.61423,0.5512911541001865,0.0,0.0,0.0,0.0,0.0,0.0,0.0,0.0,0.0,0.0,0.0,0.0,0.0,0.0,0.0,0.23416621072633176,-0.13647076777799083,0.1531506359910506,0.9719351587538477,0.0,0.0,-0.5919282104056441,0.3117664382322208,-0.31090440012376924,0.8743542933060385,1.5945961855565238,0.0,0.0,2.157226341340737,0.0,0.0,0.0,0.0,0.0,0.0,0.0,0.0,0.0,0.0,0.0,0.0,40.0,40.0,40.0,60.0,60.0,60.0,60.0,60.0,60.0,60.0,60.0,60.0,60.0,60.0,60.0,60.0,60.0,0.0,0.0,0.0,0.0,0.0,0.0,0.0,0.0,0.0,0.0,0.0,0.0,1.0,1.0,1.0,1.5,1.5,1.5,1.5,1.5,1.5,1.5,1.5,1.5,1.5,1.5,1.5,1.5,1.5,0.0,0.0,0.0,0.0,0.0,0.0,0.0,0.0,0.0,0.0,0.0,0.0,0.0,0.0,0.0,0.0,0.0,0.0,0.0,0.0,0.0,0.0,0.0,0.0,0.0,0.0,0.0,0.0,0.0
-0.1,0.0,0.0,0.3,-0.2,0.0,-0.1,0.0,0.0,0.3,-0.2,0.0,0.0,0.0,0.0,-0.36508889296794633,-0.051198228234949364,0.6249890915225232,0.5949759858935494,-1.97202,1.61423,-0.3729280587387865,-0.4375694791213075,0.025164252905391656,-0.37692411740183407,0.7514819239643975,1.97202,1.61423,0.5876277683852055,0.0,0.0,0.0,0.0,0.0,0.0,0.0,0.0,0.0,0.0,0.0,0.0,0.0,0.0,0.0,0.1384862298488873,-0.07614011719876707,-0.09674179714445341,0.6281857871705931,0.0,0.0,-0.6131334823463341,0.14645668876751283,-0.10170132433762044,0.5129196931457608,1.051025398074995,0.0,0.0,1.2967090368049465,0.0,0.0,0.0,0.0,0.0,0.0,0.0,0.0,0.0,0.0,0.0,0.0,40.0,40.0,40.0,60.0,60.0,60.0,60.0,60.0,60.0,60.0,60.0,60.0,60.0,60.0,60.0,60.0,60.0,0.0,0.0,0.0,0.0,0.0,0.0,0.0,0.0,0.0,0.0,0.0,0.0,1.0,1.0,1.0,1.5,1.5,1.5,1.5,1.5,1.5,1.5,1.5,1.5,1.5,1.5,1.5,1.5,1.5,0.0,0.0,0.0,0.0,0.0,0.0,0.0,0.0,0.0,0.0,0.0,0.0,0.0,0.0,0.0,0.0,0.0,0.0,0.0,0.0,0.0,0.0,0.0,0.0,0.0,0.0,0.0,0.0,0.0
-0.1,0.0,0.0,0.3,-0.2,0.0,-0.1,0.0,0.0,0.3,-0.2,0.0,0.0,0.0,0.0,-0.36207537303685433,-0.04055971762686695,0.6391010878581144,0.5903274029388562,-1.97202,1.61423,-0.35543694365817524,-0.44169503508676966,0.023887304991020833,-0.3769782961576625,0.7641943657169946,1.97202,1.61423,0.6031595155723843,0.0,0.0,0.0,0.0,0.0,0.0,0.0,0.0,0.0,0.0,0.0,0.0,0.0,0.0,0.0,0.015216474785501033,0.36978559553933305,0.9580342814489606,0.04073243834837592,0.0,0.0,0.38737655328101583,0.018571588832033692,0.028449412863036302,0.44478796161690065,0.38311125236969445,0.0,0.0,1.4954222865748212,0.0,0.0,0.0,0.0,0.0,0.0,0.0,0.0,0.0,0.0,0.0,0.0,40.0,40.0,40.0,60.0,60.0,60.0,60.0,60.0,60.0,60.0,60.0,60.0,60.0,60.0,60.0,60.0,60.0,0.0,0.0,0.0,0.0,0.0,0.0,0.0,0.0,0.0,0.0,0.0,0.0,1.0,1.0,1.0,1.5,1.5,1.5,1.5,1.5,1.5,1.5,1.5,1.5,1.5,1.5,1.5,1.5,1.5,0.0,0.0,0.0,0.0,0.0,0.0,0.0,0.0,0.0,0.0,0.0,0.0,0.0,0.0,0.0,0.0,0.0,0.0,0.0,0.0,0.0,0.0,0.0,0.0,0.0,0.0,0.0,0.0,0.0
-0.1,0.0,0.0,0.3,-0.2,0.0,-0.1,0.0,0.0,0.3,-0.2,0.0,0.0,0.0,0.0,-0.3644802339765263,-0.03640680441337604,0.6633104627804817,0.5966052834274844,-1.97202,1.61423,-0.35743299660754585,-0.43682661556802616,0.026302229419913108,-0.35913259893715804,0.7668063740591853,1.97202,1.61423,0.6474446598481983,0.0,0.0,0.0,0.0,0.0,0.0,0.0,0.0,0.0,0.0,0.0,0.0,0.0,0.0,0.0,-0.33331434908763224,-0.04174797781503082,0.037398701068405704,0.7705638611295168,0.0,0.0,-1.0672843918239903,-0.15452716255754395,0.06567573292926765,0.8908278261216248,0.19534894411834536,0.0,0.0,1.635666911762204,0.0,0.0,0.0,0.0,0.0,0.0,0.0,0.0,0.0,0.0,0.0,0.0,40.0,40.0,40.0,60.0,60.0,60.0,60.0,60.0,60.0,60.0,60.0,60.0,60.0,60.0,60.0,60.0,60.0,0.0,0.0,0.0,0.0,0.0,0.0,0.0,0.0,0.0,0.0,0.0,0.0,1.0,1.0,1.0,1.5,1.5,1.5,1.5,1.5,1.5,1.5,1.5,1.5,1.5,1.5,1.5,1.5,1.5,0.0,0.0,0.0,0.0,0.0,0.0,0.0,0.0,0.0,0.0,0.0,0.0,0.0,0.0,0.0,0.0,0.0,0.0,0.0,0.0,0.0,0.0,0.0,0.0,0.0,0.0,0.0,0.0,0.0
-0.1,0.0,0.0,0.3,-0.2,0.0,-0.1,0.0,0.0,0.3,-0.2,0.0,0.0,0.0,0.0,-0.3754079470003596,-0.04222963673946818,0.6405970359008506,0.6211499573840369,-1.97202,1.61423,-0.39812831933113485,-0.4478761215890714,0.02651433430819154,-0.3413451831127975,0.7720083234817284,1.97202,1.61423,0.6685861920428725,0.0,0.0,0.0,0.0,0.0,0.0,0.0,0.0,0.0,0.0,0.0,0.0,0.0,0.0,0.0,-0.38650745490428906,0.18780689802647035,-0.3655960050811313,0.3578086494099686,0.0,0.0,-0.7166753071478917,-0.8449558215820704,-0.07087917523317207,0.15706539951854115,0.20028470057154302,0.0,0.0,0.34426673213093506,0.0,0.0,0.0,0.0,0.0,0.0,0.0,0.0,0.0,0.0,0.0,0.0,40.0,40.0,40.0,60.0,60.0,60.0,60.0,60.0,60.0,60.0,60.0,60.0,60.0,60.0,60.0,60.0,60.0,0.0,0.0,0.0,0.0,0.0,0.0,0.0,0.0,0.0,0.0,0.0,0.0,1.0,1.0,1.0,1.5,1.5,1.5,1.5,1.5,1.5,1.5,1.5,1.5,1.5,1.5,1.5,1.5,1.5,0.0,0.0,0.0,0.0,0.0,0.0,0.0,0.0,0.0,0.0,0.0,0.0,0.0,0.0,0.0,0.0,0.0,0.0,0.0,0.0,0.0,0.0,0.0,0.0,0.0,0.0,0.0,0.0,0.0
-0.1,0.0,0.0,0.3,-0.2,0.0,-0.1,0.0,0.0,0.3,-0.2,0.0,0.0,0.0,0.0,-0.37994053217269785,-0.028894528492317228,0.6486866225772364,0.6109176294038832,-1.97202,1.61423,-0.3861000088934615,-0.470624848431309,0.023467062410586225,-0.3528499829564164,0.774817762082047,1.97202,1.61423,0.6612153291334357,0.0,0.0,0.0,0.0,0.0,0.0,0.0,0.0,0.0,0.0,0.0,0.0,0.0,0.0,0.0,-0.11537239105051944,0.3319122309982154,0.42940342619970095,-0.5142430523186803,0.0,0.0,0.28362638505528975,-0.5531414994688122,-0.06679966958696176,-0.32330190135624604,-0.13663975188756283,0.0,0.0,-0.08248558062182443,0.0,0.0,0.0,0.0,0.0,0.0,0.0,0.0,0.0,0.0,0.0,0.0,40.0,40.0,40.0,60.0,60.0,60.0,60.0,60.0,60.0,60.0,60.0,60.0,60.0,60.0,60.0,60.0,60.0,0.0,0.0,0.0,0.0,0.0,0.0,0.0,0.0,0.0,0.0,0.0,0.0,1.0,1.0,1.0,1.5,1.5,1.5,1.5,1.5,1.5,1.5,1.5,1.5,1.5,1.5,1.5,1.5,1.5,0.0,0.0,0.0,0.0,0.0,0.0,0.0,0.0,0.0,0.0,0.0,0.0,0.0,0.0,0.0,0.0,0.0,0.0,0.0,0.0,0.0,0.0,0.0,0.0,0.0,0.0,0.0,0.0,0.0
-0.1,0.0,0.0,0.3,-0.2,0.0,-0.1,0.0,0.0,0.3,-0.2,0.0,0.0,0.0,0.0,-0.3800228426423804,-0.028953147499539568,0.6577731729488386,0.6005802352912897,-1.97202,1.61423,-0.38678326392892326,-0.4700017815678239,0.023842347524713068,-0.35427725916704733,0.7665427334062259,1.97202,1.61423,0.6652867688179995,0.0,0.0,0.0,0.0,0.0,0.0,0.0,0.0,0.0,0.0,0.0,0.0,0.0,0.0,0.0,0.28076444533137457,-0.04988268854062665,0.2242547185226318,-0.677989696109485,0.0,0.0,-0.1481729585214836,0.46022444778502647,-0.07930047310184124,0.0773856655613206,-0.4484545717325483,0.0,0.0,0.3963179490001939,0.0,0.0,0.0,0.0,0.0,0.0,0.0,0.0,0.0,0.0,0.0,0.0,40.0,40.0,40.0,60.0,60.0,60.0,60.0,60.0,60.0,60.0,60.0,60.0,60.0,60.0,60.0,60.0,60.0,0.0,0.0,0.0,0.0,0.0,0.0,0.0,0.0,0.0,0.0,0.0,0.0,1.0,1.0,1.0,1.5,1.5,1.5,1.5,1.5,1.5,1.5,1.5,1.5,1.5,1.5,1.5,1.5,1.5,0.0,0.0,0.0,0.0,0.0,0.0,0.0,0.0,0.0,0.0,0.0,0.0,0.0,0.0,0.0,0.0,0.0,0.0,0.0,0.0,0.0,0.0,0.0,0.0,0.0,0.0,0.0,0.0,0.0
-0.1,0.0,0.0,0.3,-0.2,0.0,-0.1,0.0,0.0,0.3,-0.2,0.0,0.0,0.0,0.0,-0.36870995435944287,-0.030889836033942294,0.6576568113181417,0.5837980415595038,-1.97202,1.61423,-0.39202692723432087,-0.4522158705199079,0.020295043486512575,-0.3497545563339636,0.7568795792127451,1.97202,1.61423,0.6770680470934435,0.0,0.0,0.0,0.0,0.0,0.0,0.0,0.0,0.0,0.0,0.0,0.0,0.0,0.0,0.0,0.5007211251169097,0.059509729941248195,0.2959936847838879,-0.6909243614645066,0.0,0.0,-0.17226403383816813,0.9244063542160258,-0.1597215447425254,0.7489539340946552,-0.5808769285135795,0.0,0.0,1.5687641758892645,0.0,0.0,0.0,0.0,0.0,0.0,0.0,0.0,0.0,0.0,0.0,0.0,40.0,40.0,40.0,60.0,60.0,60.0,60.0,60.0,60.0,60.0,60.0,60.0,60.0,60.0,60.0,60.0,60.0,0.0,0.0,0.0,0.0,0.0,0.0,0.0,0.0,0.0,0.0,0.0,0.0,1.0,1.0,1.0,1.5,1.5,1.5,1.5,1.5,1.5,1.5,1.5,1.5,1.5,1.5,1.5,1.5,1.5,0.0,0.0,0.0,0.0,0.0,0.0,0.0,0.0,0.0,0.0,0.0,0.0,0.0,0.0,0.0,0.0,0.0,0.0,0.0,0.0,0.0,0.0,0.0,0.0,0.0,0.0,0.0,0.0,0.0
-0.1,0.0,0.0,0.3,-0.2,0.0,-0.1,0.0,0.0,0.3,-0.2,0.0,0.0,0.0,0.0,-0.359993997637704,-0.02657275830188964,0.6696129203401942,0.5729432608327094,-1.97202,1.61423,-0.39367382528245,-0.4330255273991829,0.017453485735012052,-0.3243191018032611,0.7433076562656827,1.97202,1.61423,0.7280373358535701,0.0,0.0,0.0,0.0,0.0,0.0,0.0,0.0,0.0,0.0,0.0,0.0,0.0,0.0,0.0,0.5804949759023444,0.1913729857834211,-1.557116235294742,0.3719052817136498,0.0,0.0,-1.5209976469194946,1.2620279617453238,-0.739851705872071,1.5731720154377418,0.2689044963724241,0.0,0.0,2.5559736042349317,0.0,0.0,0.0,0.0,0.0,0.0,0.0,0.0,0.0,0.0,0.0,0.0,40.0,40.0,40.0,60.0,60.0,60.0,60.0,60.0,60.0,60.0,60.0,60.0,60.0,60.0,60.0,60.0,60.0,0.0,0.0,0.0,0.0,0.0,0.0,0.0,0.0,0.0,0.0,0.0,0.0,1.0,1.0,1.0,1.5,1.5,1.5,1.5,1.5,1.5,1.5,1.5,1.5,1.5,1.5,1.5,1.5,1.5,0.0,0.0,0.0,0.0,0.0,0.0,0.0,0.0,0.0,0.0,0.0,0.0,0.0,0.0,0.0,0.0,0.0,0.0,0.0,0.0,0.0,0.0,0.0,0.0,0.0,0.0,0.0,0.0,0.0
-0.1,0.0,0.0,0.3,-0.2,0.0,-0.1,0.0,0.0,0.3,-0.2,0.0,0.0,0.0,0.0,-0.3454901553233491,-0.02323491660260545,0.595372161906352,0.5986742528280498,-1.97202,1.61423,-0.45286683311110065,-0.40173475205009496,-0.00929902474837027,-0.2868276757164539,0.767635759067642,1.97202,1.61423,0.7793069912628408,0.0,0.0,0.0,0.0,0.0,0.0,0.0,0.0,0.0,0.0,0.0,0.0,0.0,0.0,0.0,0.8340005554409613,0.9583721512560616,-2.4634482240634332,0.5884063010131557,0.0,0.0,-1.07043716378096,1.3326202495048123,-1.4740303352647286,1.8807873587422537,1.0830118003684497,0.0,0.0,3.130837548425641,0.0,0.0,0.0,0.0,0.0,0.0,0.0,0.0,0.0,0.0,0.0,0.0,40.0,40.0,40.0,60.0,60.0,60.0,60.0,60.0,60.0,60.0,60.0,60.0,60.0,60.0,60.0,60.0,60.0,0.0,0.0,0.0,0.0,0.0,0.0,0.0,0.0,0.0,0.0,0.0,0.0,1.0,1.0,1.0,1.5,1.5,1.5,1.5,1.5,1.5,1.5,1.5,1.5,1.5,1.5,1.5,1.5,1.5,0.0,0.0,0.0,0.0,0.0,0.0,0.0,0.0,0.0,0.0,0.0,0.0,0.0,0.0,0.0,0.0,0.0,0.0,0.0,0.0,0.0,0.0,0.0,0.0,0.0,0.0,0.0,0.0,0.0
-0.1,0.0,0.0,0.3,-0.2,0.0,-0.1,0.0,0.0,0.3,-0.2,0.0,0.0,0.0,0.0,-0.32663397542006556,0.011762127748352823,0.5710749913776568,0.5964795128732356,-1.97202,1.61423,-0.4364913118336884,-0.3797207174189904,-0.041507727675577095,-0.24908760745357097,0.7866281282804207,1.97202,1.61423,0.8532708377905958,0.0,0.0,0.0,0.0,0.0,0.0,0.0,0.0,0.0,0.0,0.0,0.0,0.0,0.0,0.0,1.060710137914149,0.9975171578802507,-2.0750739133068685,0.2641004238105177,0.0,0.0,-0.5958659013384437,1.3328224910462316,-1.300337771263131,2.052280001744494,0.7360776821363824,0.0,0.0,3.1858376950030074,0.0,0.0,0.0,0.0,0.0,0.0,0.0,0.0,0.0,0.0,0.0,0.0,40.0,40.0,40.0,60.0,60.0,60.0,60.0,60.0,60.0,60.0,60.0,60.0,60.0,60.0,60.0,60.0,60.0,0.0,0.0,0.0,0.0,0.0,0.0,0.0,0.0,0.0,0.0,0.0,0.0,1.0,1.0,1.0,1.5,1.5,1.5,1.5,1.5,1.5,1.5,1.5,1.5,1.5,1.5,1.5,1.5,1.5,0.0,0.0,0.0,0.0,0.0,0.0,0.0,0.0,0.0,0.0,0.0,0.0,0.0,0.0,0.0,0.0,0.0,0.0,0.0,0.0,0.0,0.0,0.0,0.0,0.0,0.0,0.0,0.0,0.0
-0.1,0.0,0.0,0.3,-0.2,0.0,-0.1,0.0,0.0,0.3,-0.2,0.0,0.0,0.0,0.0,-0.30306174980678313,0.01666576971260458,0.5123692053740773,0.6092382697804705,-1.97202,1.61423,-0.4767014691646384,-0.3484218524082457,-0.06131253559889551,-0.20473647564667413,0.7970788663530973,1.97202,1.61423,0.9067404990629611,0.0,0.0,0.0,0.0,0.0,0.0,0.0,0.0,0.0,0.0,0.0,0.0,0.0,0.0,0.0,1.5420499404238772,0.8399953237451305,-2.1184538019668824,0.4567836680535814,0.0,0.0,0.028067977654444576,1.4903379371628722,-0.7517491375783639,2.04718788252875,0.02341443719267866,0.0,0.0,2.617003049623734,0.0,0.0,0.0,0.0,0.0,0.0,0.0,0.0,0.0,0.0,0.0,0.0,40.0,40.0,40.0,60.0,60.0,60.0,60.0,60.0,60.0,60.0,60.0,60.0,60.0,60.0,60.0,60.0,60.0,0.0,0.0,0.0,0.0,0.0,0.0,0.0,0.0,0.0,0.0,0.0,0.0,1.0,1.0,1.0,1.5,1.5,1.5,1.5,1.5,1.5,1.5,1.5,1.5,1.5,1.5,1.5,1.5,1.5,0.0,0.0,0.0,0.0,0.0,0.0,0.0,0.0,0.0,0.0,0.0,0.0,0.0,0.0,0.0,0.0,0.0,0.0,0.0,0.0,0.0,0.0,0.0,0.0,0.0,0.0,0.0,0.0,0.0
-0.1,0.0,0.0,0.3,-0.2,0.0,-0.1,0.0,0.0,0.3,-0.2,0.0,0.0,0.0,0.0,-0.26495197780311047,0.04536194069815804,0.4863368392989815,0.6147508595953789,-1.97202,1.61423,-0.4353685927275106,-0.3201071999324755,-0.07157769317871165,-0.16720009215242096,0.7875647057681279,1.97202,1.61423,0.9579509597755451,0.0,0.0,0.0,0.0,0.0,0.0,0.0,0.0,0.0,0.0,0.0,0.0,0.0,0.0,0.0,2.032280310182974,1.346117774523911,-0.1183419904150218,-1.0014524382409655,0.0,0.0,3.2947110399466935,1.2060531046167027,-0.6932739074926386,1.196138290581323,-0.2809030364038345,0.0,0.0,1.667928263243157,0.0,0.0,0.0,0.0,0.0,0.0,0.0,0.0,0.0,0.0,0.0,0.0,40.0,40.0,40.0,60.0,60.0,60.0,60.0,60.0,60.0,60.0,60.0,60.0,60.0,60.0,60.0,60.0,60.0,0.0,0.0,0.0,0.0,0.0,0.0,0.0,0.0,0.0,0.0,0.0,0.0,1.0,1.0,1.0,1.5,1.5,1.5,1.5,1.5,1.5,1.5,1.5,1.5,1.5,1.5,1.5,1.5,1.5,0.0,0.0,0.0,0.0,0.0,0.0,0.0,0.0,0.0,0.0,0.0,0.0,0.0,0.0,0.0,0.0,0.0,0.0,0.0,0.0,0.0,0.0,0.0,0.0,0.0,0.0,0.0,0.0,0.0
-0.1,0.0,0.0,0.3,-0.2,0.0,-0.1,0.0,0.0,0.3,-0.2,0.0,0.0,0.0,0.0,-0.22177053739946417,0.07051048069356103,0.5076355257574764,0.5691801722508318,-1.97202,1.61423,-0.34491302756677067,-0.3001797282235776,-0.08904349189860106,-0.1568909440234212,0.785842744896944,1.97202,1.61423,0.9734576295926873,0.0,0.0,0.0,0.0,0.0,0.0,0.0,0.0,0.0,0.0,0.0,0.0,0.0,0.0,0.0,2.1530783527519115,0.23823403558534822,1.0357023321737435,0.053145939232998596,0.0,0.0,2.7210401687514763,2.1166187549180218,-0.6096997011352758,0.8840300812638882,1.2274066425971257,0.0,0.0,0.5676574348594504,0.0,0.0,0.0,0.0,0.0,0.0,0.0,0.0,0.0,0.0,0.0,0.0,40.0,40.0,40.0,60.0,60.0,60.0,60.0,60.0,60.0,60.0,60.0,60.0,60.0,60.0,60.0,60.0,60.0,0.0,0.0,0.0,0.0,0.0,0.0,0.0,0.0,0.0,0.0,0.0,0.0,1.0,1.0,1.0,1.5,1.5,1.5,1.5,1.5,1.5,1.5,1.5,1.5,1.5,1.5,1.5,1.5,1.5,0.0,0.0,0.0,0.0,0.0,0.0,0.0,0.0,0.0,0.0,0.0,0.0,0.0,0.0,0.0,0.0,0.0,0.0,0.0,0.0,0.0,0.0,0.0,0.0,0.0,0.0,0.0,0.0,0.0
-0.1,0.0,0.0,0.3,-0.2,0.0,-0.1,0.0,0.0,0.3,-0.2,0.0,0.0,0.0,0.0,-0.178828843693034,0.05489130212157197,0.5277649325859313,0.6168766971646988,-1.97202,1.61423,-0.32652698597745156,-0.23544244973575462,-0.09596568122412269,-0.13183888890186543,0.8366609714720129,1.97202,1.61423,0.9806572571699231,0.0,0.0,0.0,0.0,0.0,0.0,0.0,0.0,0.0,0.0,0.0,0.0,0.0,0.0,0.0,2.4216415249374132,-0.21305342310001563,1.4173471968896234,1.2451977121257534,0.0,0.0,2.5453398795434317,2.808973108738808,-0.5648699389772471,-0.0492335324763421,3.109122285993154,0.0,0.0,-1.3454736892581365,0.0,0.0,0.0,0.0,0.0,0.0,0.0,0.0,0.0,0.0,0.0,0.0,40.0,40.0,40.0,60.0,60.0,60.0,60.0,60.0,60.0,60.0,60.0,60.0,60.0,60.0,60.0,60.0,60.0,0.0,0.0,0.0,0.0,0.0,0.0,0.0,0.0,0.0,0.0,0.0,0.0,1.0,1.0,1.0,1.5,1.5,1.5,1.5,1.5,1.5,1.5,1.5,1.5,1.5,1.5,1.5,1.5,1.5,0.0,0.0,0.0,0.0,0.0,0.0,0.0,0.0,0.0,0.0,0.0,0.0,0.0,0.0,0.0,0.0,0.0,0.0,0.0,0.0,0.0,0.0,0.0,0.0,0.0,0.0,0.0,0.0,0.0
-0.1,0.0,0.0,0.3,-0.2,0.0,-0.1,0.0,0.0,0.3,-0.2,0.0,0.0,0.0,0.0,-0.12490487640196764,0.0619883437695604,0.5643294136330613,0.618988080735862,-1.97202,1.61423,-0.2430994323850334,-0.18782080387402525,-0.11163828945769094,-0.1588602853224749,0.9102076363366701,1.97202,1.61423,0.9196386820223619,0.0,0.0,0.0,0.0,0.0,0.0,0.0,0.0,0.0,0.0,0.0,0.0,0.0,0.0,0.0,2.233282836078794,-0.41080758144967244,1.2012151495239958,1.327274723047428,0.0,0.0,1.7214184291039158,2.54699184818633,-0.28281722266711995,-0.9925183121881891,2.8831667367000713,0.0,0.0,-2.5423856221721217,0.0,0.0,0.0,0.0,0.0,0.0,0.0,0.0,0.0,0.0,0.0,0.0,40.0,40.0,40.0,60.0,60.0,60.0,60.0,60.0,60.0,60.0,60.0,60.0,60.0,60.0,60.0,60.0,60.0,0.0,0.0,0.0,0.0,0.0,0.0,0.0,0.0,0.0,0.0,0.0,0.0,1.0,1.0,1.0,1.5,1.5,1.5,1.5,1.5,1.5,1.5,1.5,1.5,1.5,1.5,1.5,1.5,1.5,0.0,0.0,0.0,0.0,0.0,0.0,0.0,0.0,0.0,0.0,0.0,0.0,0.0,0.0,0.0,0.0,0.0,0.0,0.0,0.0,0.0,0.0,0.0,0.0,0.0,0.0,0.0,0.0,0.0
-0.1,0.0,0.0,0.3,-0.2,0.0,-0.1,0.0,0.0,0.3,-0.2,0.0,0.0,0.0,0.0,-0.08949753024988225,0.03845899886358507,0.5758135385668911,0.669967686086596,-1.97202,1.61423,-0.2576702488132949,-0.13356277580830142,-0.10727837013080749,-0.171539621389393,0.9519876409400158,1.97202,1.61423,0.8789618322830383,0.0,0.0,0.0,0.0,0.0,0.0,0.0,0.0,0.0,0.0,0.0,0.0,0.0,0.0,0.0,1.4329863234063145,-0.514158927776629,0.011608212151606456,2.754436342631855,0.0,0.0,-0.4494482145994544,2.0837186924409075,0.03418263964805081,-0.8268056913171492,1.6192570203494072,0.0,0.0,-1.8806225003576704,0.0,0.0,0.0,0.0,0.0,0.0,0.0,0.0,0.0,0.0,0.0,0.0,40.0,40.0,40.0,60.0,60.0,60.0,60.0,60.0,60.0,60.0,60.0,60.0,60.0,60.0,60.0,60.0,60.0,0.0,0.0,0.0,0.0,0.0,0.0,0.0,0.0,0.0,0.0,0.0,0.0,1.0,1.0,1.0,1.5,1.5,1.5,1.5,1.5,1.5,1.5,1.5,1.5,1.5,1.5,1.5,1.5,1.5,0.0,0.0,0.0,0.0,0.0,0.0,0.0,0.0,0.0,0.0,0.0,0.0,0.0,0.0,0.0,0.0,0.0,0.0,0.0,0.0,0.0,0.0,0.0,0.0,0.0,0.0,0.0,0.0,0.0
-0.1,0.0,0.0,0.3,-0.2,0.0,-0.1,0.0,0.0,0.3,-0.2,0.0,0.0,0.0,0.0,-0.06758542346571506,0.041421986658495245,0.5647937421191256,0.7291655344411362,-1.97202,1.61423,-0.2610773609690116,-0.10447205617638895,-0.11027098387176891,-0.19193251297516087,0.9749779171506464,1.97202,1.61423,0.8444137820080551,0.0,0.0,0.0,0.0,0.0,0.0,0.0,0.0,0.0,0.0,0.0,0.0,0.0,0.0,0.0,1.1471660947753546,0.04086065629181623,-0.5878367936491269,2.8149204505478087,0.0,0.0,-0.2772987881468583,1.4151085112827286,-0.1827537670379971,-1.1385648924648974,1.2349947773321184,0.0,0.0,-1.8872350245356162,0.0,0.0,0.0,0.0,0.0,0.0,0.0,0.0,0.0,0.0,0.0,0.0,40.0,40.0,40.0,60.0,60.0,60.0,60.0,60.0,60.0,60.0,60.0,60.0,60.0,60.0,60.0,60.0,60.0,0.0,0.0,0.0,0.0,0.0,0.0,0.0,0.0,0.0,0.0,0.0,0.0,1.0,1.0,1.0,1.5,1.5,1.5,1.5,1.5,1.5,1.5,1.5,1.5,1.5,1.5,1.5,1.5,1.5,0.0,0.0,0.0,0.0,0.0,0.0,0.0,0.0,0.0,0.0,0.0,0.0,0.0,0.0,0.0,0.0,0.0,0.0,0.0,0.0,0.0,0.0,0.0,0.0,0.0,0.0,0.0,0.0,0.0
-0.1,0.0,0.0,0.3,-0.2,0.0,-0.1,0.0,0.0,0.3,-0.2,0.0,0.0,0.0,0.0,-0.04361088645886806,0.04009342511525772,0.552300066820926,0.7825645041085083,-1.97202,1.61423,-0.26876220033916925,-0.07695843535699227,-0.11458852081232737,-0.2170822170879889,1.0013874320333005,1.97202,1.61423,0.8034724313016136,0.0,0.0,0.0,0.0,0.0,0.0,0.0,0.0,0.0,0.0,0.0,0.0,0.0,0.0,0.0,0.6858526258950656,0.11574057135166088,-0.10319692574947692,1.4387541035291829,0.0,0.0,-0.27043443812968526,0.5922820018867111,-0.040340895173569466,-1.126632315839691,0.3096000368366991,0.0,0.0,-1.523402379805694,0.0,0.0,0.0,0.0,0.0,0.0,0.0,0.0,0.0,0.0,0.0,0.0,40.0,40.0,40.0,60.0,60.0,60.0,60.0,60.0,60.0,60.0,60.0,60.0,60.0,60.0,60.0,60.0,60.0,0.0,0.0,0.0,0.0,0.0,0.0,0.0,0.0,0.0,0.0,0.0,0.0,1.0,1.0,1.0,1.5,1.5,1.5,1.5,1.5,1.5,1.5,1.5,1.5,1.5,1.5,1.5,1.5,1.5,0.0,0.0,0.0,0.0,0.0,0.0,0.0,0.0,0.0,0.0,0.0,0.0,0.0,0.0,0.0,0.0,0.0,0.0,0.0,0.0,0.0,0.0,0.0,0.0,0.0,0.0,0.0,0.0,0.0
-0.1,0.0,0.0,0.3,-0.2,0.0,-0.1,0.0,0.0,0.3,-0.2,0.0,0.0,0.0,0.0,-0.04015131842991243,0.04605160951256168,0.5606658650891465,0.7867156985823035,-1.97202,1.61423,-0.271894738494199,-0.0807807761009205,-0.11188461967871169,-0.2369978056087485,0.9873619186241144,1.97202,1.61423,0.7834776868158273,0.0,0.0,0.0,0.0,0.0,0.0,0.0,0.0,0.0,0.0,0.0,0.0,0.0,0.0,0.0,0.28192880277261806,-0.17332049788170503,-1.0051876750063138,1.401583782064264,0.0,0.0,-2.5660562527987403,-0.18805245350764047,0.18351492275964637,-0.4499455859826119,-0.5479425262079424,0.0,0.0,-0.3109367442295591,0.0,0.0,0.0,0.0,0.0,0.0,0.0,0.0,0.0,0.0,0.0,0.0,40.0,40.0,40.0,60.0,60.0,60.0,60.0,60.0,60.0,60.0,60.0,60.0,60.0,60.0,60.0,60.0,60.0,0.0,0.0,0.0,0.0,0.0,0.0,0.0,0.0,0.0,0.0,0.0,0.0,1.0,1.0,1.0,1.5,1.5,1.5,1.5,1.5,1.5,1.5,1.5,1.5,1.5,1.5,1.5,1.5,1.5,0.0,0.0,0.0,0.0,0.0,0.0,0.0,0.0,0.0,0.0,0.0,0.0,0.0,0.0,0.0,0.0,0.0,0.0,0.0,0.0,0.0,0.0,0.0,0.0,0.0,0.0,0.0,0.0,0.0
-0.1,0.0,0.0,0.3,-0.2,0.0,-0.1,0.0,0.0,0.3,-0.2,0.0,0.0,0.0,0.0,-0.03233373434796334,0.03316060519998952,0.5120925598206735,0.8386278553910789,-1.97202,1.61423,-0.37140445045111886,-0.0844805334972979,-0.10724792390194152,-0.23508004052729337,0.9794697309849828,1.97202,1.61423,0.7910349615324312,0.0,0.0,0.0,0.0,0.0,0.0,0.0,0.0,0.0,0.0,0.0,0.0,0.0,0.0,0.0,0.09713289071781195,0.19746477387590292,-1.6545306720637614,1.1679452525864609,0.0,0.0,-2.1898573271050186,-0.6282785862249775,0.022564462698820842,0.16339195186855712,-1.0941992831325076,0.0,0.0,0.2409951169664304,0.0,0.0,0.0,0.0,0.0,0.0,0.0,0.0,0.0,0.0,0.0,0.0,40.0,40.0,40.0,60.0,60.0,60.0,60.0,60.0,60.0,60.0,60.0,60.0,60.0,60.0,60.0,60.0,60.0,0.0,0.0,0.0,0.0,0.0,0.0,0.0,0.0,0.0,0.0,0.0,0.0,1.0,1.0,1.0,1.5,1.5,1.5,1.5,1.5,1.5,1.5,1.5,1.5,1.5,1.5,1.5,1.5,1.5,0.0,0.0,0.0,0.0,0.0,0.0,0.0,0.0,0.0,0.0,0.0,0.0,0.0,0.0,0.0,0.0,0.0,0.0,0.0,0.0,0.0,0.0,0.0,0.0,0.0,0.0,0.0,0.0,0.0
-0.1,0.0,0.0,0.3,-0.2,0.0,-0.1,0.0,0.0,0.3,-0.2,0.0,0.0,0.0,0.0,-0.03626600280119995,0.0539502004675978,0.49448463820659605,0.8334335086857619,-1.97202,1.61423,-0.35948903157839973,-0.1059119195499196,-0.11098204117075885,-0.23046212753400622,0.9435939472988141,1.97202,1.61423,0.7931174914944845,0.0,0.0,0.0,0.0,0.0,0.0,0.0,0.0,0.0,0.0,0.0,0.0,0.0,0.0,0.0,-0.24311209655235413,0.684262213794872,-0.4397617091209602,-1.4433357862624785,0.0,0.0,0.35040700049703416,-1.4999921459066152,-0.1777957513343451,0.7165327097114156,-2.755872292289202,0.0,0.0,0.40380277221348515,0.0,0.0,0.0,0.0,0.0,0.0,0.0,0.0,0.0,0.0,0.0,0.0,40.0,40.0,40.0,60.0,60.0,60.0,60.0,60.0,60.0,60.0,60.0,60.0,60.0,60.0,60.0,60.0,60.0,0.0,0.0,0.0,0.0,0.0,0.0,0.0,0.0,0.0,0.0,0.0,0.0,1.0,1.0,1.0,1.5,1.5,1.5,1.5,1.5,1.5,1.5,1.5,1.5,1.5,1.5,1.5,1.5,1.5,0.0,0.0,0.0,0.0,0.0,0.0,0.0,0.0,0.0,0.0,0.0,0.0,0.0,0.0,0.0,0.0,0.0,0.0,0.0,0.0,0.0,0.0,0.0,0.0,0.0,0.0,0.0,0.0,0.0
-0.1,0.0,0.0,0.3,-0.2,0.0,-0.1,0.0,0.0,0.3,-0.2,0.0,0.0,0.0,0.0,-0.04205821821005751,0.0605310937517844,0.49450209145583507,0.7808944239405797,-1.97202,1.61423,-0.3573881704312375,-0.1444802193335625,-0.11435975395531532,-0.20641873213883674,0.8692348392934147,1.97202,1.61423,0.8071870724209707,0.0,0.0,0.0,0.0,0.0,0.0,0.0,0.0,0.0,0.0,0.0,0.0,0.0,0.0,0.0,-0.4009890883020568,0.1564342335684657,0.01907187398303284,-2.5862295592825877,0.0,0.0,0.10253500154603218,-1.8808924962221834,-0.08725575352866131,1.4919943401086988,-3.747742722882455,0.0,0.0,1.1062331716816476,0.0,0.0,0.0,0.0,0.0,0.0,0.0,0.0,0.0,0.0,0.0,0.0,40.0,40.0,40.0,60.0,60.0,60.0,60.0,60.0,60.0,60.0,60.0,60.0,60.0,60.0,60.0,60.0,60.0,0.0,0.0,0.0,0.0,0.0,0.0,0.0,0.0,0.0,0.0,0.0,0.0,1.0,1.0,1.0,1.5,1.5,1.5,1.5,1.5,1.5,1.5,1.5,1.5,1.5,1.5,1.5,1.5,1.5,0.0,0.0,0.0,0.0,0.0,0.0,0.0,0.0,0.0,0.0,0.0,0.0,0.0,0.0,0.0,0.0,0.0,0.0,0.0,0.0,0.0,0.0,0.0,0.0,0.0,0.0,0.0,0.0,0.0
-0.1,0.0,0.0,0.3,-0.2,0.0,-0.1,0.0,0.0,0.3,-0.2,0.0,0.0,0.0,0.0,-0.052305566333282226,0.060207569810336425,0.49524751316591736,0.7299843263144584,-1.97202,1.61423,-0.35538763151655844,-0.18114761939880694,-0.11447227131190531,-0.17078235392965826,0.7936842383835159,1.97202,1.61423,0.8373668183617504,0.0,0.0,0.0,0.0,0.0,0.0,0.0,0.0,0.0,0.0,0.0,0.0,0.0,0.0,0.0,-0.454805353502701,0.09300717202588206,-0.3515327995826628,-2.8537848139317563,0.0,0.0,-0.31865609900179476,-2.211338282243657,-0.557233414517699,0.9774767526605339,-4.183966687375309,0.0,0.0,0.33313875660282155,0.0,0.0,0.0,0.0,0.0,0.0,0.0,0.0,0.0,0.0,0.0,0.0,40.0,40.0,40.0,60.0,60.0,60.0,60.0,60.0,60.0,60.0,60.0,60.0,60.0,60.0,60.0,60.0,60.0,0.0,0.0,0.0,0.0,0.0,0.0,0.0,0.0,0.0,0.0,0.0,0.0,1.0,1.0,1.0,1.5,1.5,1.5,1.5,1.5,1.5,1.5,1.5,1.5,1.5,1.5,1.5,1.5,1.5,0.0,0.0,0.0,0.0,0.0,0.0,0.0,0.0,0.0,0.0,0.0,0.0,0.0,0.0,0.0,0.0,0.0,0.0,0.0,0.0,0.0,0.0,0.0,0.0,0.0,0.0,0.0,0.0,0.0
-0.1,0.0,0.0,0.3,-0.2,0.0,-0.1,0.0,0.0,0.3,-0.2,0.0,0.0,0.0,0.0,-0.06025043235016555,0.06425138063281968,0.48044077947252856,0.6667430313833095,-1.97202,1.61423,-0.3701344143913093,-0.2329337506233088,-0.13664909053602328,-0.16731966203241538,0.7018761717984023,1.97202,1.61423,0.8205126226850835,0.0,0.0,0.0,0.0,0.0,0.0,0.0,0.0,0.0,0.0,0.0,0.0,0.0,0.0,0.0,-0.4723551873849664,0.24038375366685244,-0.8592632804606842,-3.0890726725711746,0.0,0.0,-0.874216106532534,-2.644817977023337,-0.9888149273514005,-0.5576425297133619,-4.96843024070667,0.0,0.0,-2.107419853475334,0.0,0.0,0.0,0.0,0.0,0.0,0.0,0.0,0.0,0.0,0.0,0.0,40.0,40.0,40.0,60.0,60.0,60.0,60.0,60.0,60.0,60.0,60.0,60.0,60.0,60.0,60.0,60.0,60.0,0.0,0.0,0.0,0.0,0.0,0.0,0.0,0.0,0.0,0.0,0.0,0.0,1.0,1.0,1.0,1.5,1.5,1.5,1.5,1.5,1.5,1.5,1.5,1.5,1.5,1.5,1.5,1.5,1.5,0.0,0.0,0.0,0.0,0.0,0.0,0.0,0.0,0.0,0.0,0.0,0.0,0.0,0.0,0.0,0.0,0.0,0.0,0.0,0.0,0.0,0.0,0.0,0.0,0.0,0.0,0.0,0.0,0.0
-0.1,0.0,0.0,0.3,-0.2,0.0,-0.1,0.0,0.0,0.3,-0.2,0.0,0.0,0.0,0.0,-0.07119977382868088,0.06982291995701052,0.46087698194749,0.6064214194116114,-1.97202,1.61423,-0.3903562757778598,-0.28694033847974043,-0.15402486840596133,-0.19308805511819274,0.5949470287552491,1.97202,1.61423,0.7530700242227371,0.0,0.0,0.0,0.0,0.0,0.0,0.0,0.0,0.0,0.0,0.0,0.0,0.0,0.0,0.0,-0.5020383227943953,0.001404184062019434,-1.0164546035075632,-2.858899858286146,0.0,0.0,-0.8137055437785867,-2.5181644915833163,-0.38481905670136457,-1.9585143200121868,-4.912938970540065,0.0,0.0,-4.699225887393876,0.0,0.0,0.0,0.0,0.0,0.0,0.0,0.0,0.0,0.0,0.0,0.0,40.0,40.0,40.0,60.0,60.0,60.0,60.0,60.0,60.0,60.0,60.0,60.0,60.0,60.0,60.0,60.0,60.0,0.0,0.0,0.0,0.0,0.0,0.0,0.0,0.0,0.0,0.0,0.0,0.0,1.0,1.0,1.0,1.5,1.5,1.5,1.5,1.5,1.5,1.5,1.5,1.5,1.5,1.5,1.5,1.5,1.5,0.0,0.0,0.0,0.0,0.0,0.0,0.0,0.0,0.0,0.0,0.0,0.0,0.0,0.0,0.0,0.0,0.0,0.0,0.0,0.0,0.0,0.0,0.0,0.0,0.0,0.0,0.0,0.0,0.0
-0.1,0.0,0.0,0.3,-0.2,0.0,-0.1,0.0,0.0,0.3,-0.2,0.0,0.0,0.0,0.0,-0.08033196526194136,0.06430754799530046,0.439782595332226,0.5523870370518636,-1.97202,1.61423,-0.40268263614245275,-0.33366033028664144,-0.15204185280407786,-0.24566023483290286,0.5053586129767997,1.97202,1.61423,0.6325435871893285,0.0,0.0,0.0,0.0,0.0,0.0,0.0,0.0,0.0,0.0,0.0,0.0,0.0,0.0,0.0,-0.8256786301865771,-0.7250848884308148,-0.21511621136590942,-1.7141492115542971,0.0,0.0,-0.4836333555576208,-1.1883075277918709,0.4970192719293734,-2.8362845616450616,-3.9274834040617974,0.0,0.0,-6.847417464825966,0.0,0.0,0.0,0.0,0.0,0.0,0.0,0.0,0.0,0.0,0.0,0.0,40.0,40.0,40.0,60.0,60.0,60.0,60.0,60.0,60.0,60.0,60.0,60.0,60.0,60.0,60.0,60.0,60.0,0.0,0.0,0.0,0.0,0.0,0.0,0.0,0.0,0.0,0.0,0.0,0.0,1.0,1.0,1.0,1.5,1.5,1.5,1.5,1.5,1.5,1.5,1.5,1.5,1.5,1.5,1.5,1.5,1.5,0.0,0.0,0.0,0.0,0.0,0.0,0.0,0.0,0.0,0.0,0.0,0.0,0.0,0.0,0.0,0.0,0.0,0.0,0.0,0.0,0.0,0.0,0.0,0.0,0.0,0.0,0.0,0.0,0.0
-0.1,0.0,0.0,0.3,-0.2,0.0,-0.1,0.0,0.0,0.3,-0.2,0.0,0.0,0.0,0.0,-0.10422691903614396,0.04081952441977793,0.4522723334928536,0.5378554509494395,-1.97202,1.61423,-0.40970161000016464,-0.33447263959141527,-0.1341440975287864,-0.3065394375839952,0.43784769259277717,1.97202,1.61423,0.4791733256296984,0.0,0.0,0.0,0.0,0.0,0.0,0.0,0.0,0.0,0.0,0.0,0.0,0.0,0.0,0.0,-0.7474941454455403,-1.0866747999106732,0.10271191397040469,-1.3901643397794787,0.0,0.0,0.4839443098264895,-0.6432099785495748,0.9736828118427954,-3.5755151057439574,-3.556518784715512,0.0,0.0,-8.0882846821482,0.0,0.0,0.0,0.0,0.0,0.0,0.0,0.0,0.0,0.0,0.0,0.0,40.0,40.0,40.0,60.0,60.0,60.0,60.0,60.0,60.0,60.0,60.0,60.0,60.0,60.0,60.0,60.0,60.0,0.0,0.0,0.0,0.0,0.0,0.0,0.0,0.0,0.0,0.0,0.0,0.0,1.0,1.0,1.0,1.5,1.5,1.5,1.5,1.5,1.5,1.5,1.5,1.5,1.5,1.5,1.5,1.5,1.5,0.0,0.0,0.0,0.0,0.0,0.0,0.0,0.0,0.0,0.0,0.0,0.0,0.0,0.0,0.0,0.0,0.0,0.0,0.0,0.0,0.0,0.0,0.0,0.0,0.0,0.0,0.0,0.0,0.0
-0.1,0.0,0.0,0.3,-0.2,0.0,-0.1,0.0,0.0,0.3,-0.2,0.0,0.0,0.0,0.0,-0.11023173107976297,0.020840555998873533,0.4438910718910422,0.4967804634606845,-1.97202,1.61423,-0.3833248637493932,-0.35938872942862443,-0.11309454033036605,-0.38868083906266115,0.36309786158817925,1.97202,1.61423,0.3090121999034004,0.0,0.0,0.0,0.0,0.0,0.0,0.0,0.0,0.0,0.0,0.0,0.0,0.0,0.0,0.0,-0.25818916849974677,-1.0104621187381813,-0.47182471689083266,-2.735198576840059,0.0,0.0,2.1547615833766325,-1.1083847704408443,1.0382907069092506,-2.498942575742469,-3.7446902154098725,0.0,0.0,-8.902559683912731,0.0,0.0,0.0,0.0,0.0,0.0,0.0,0.0,0.0,0.0,0.0,0.0,40.0,40.0,40.0,60.0,60.0,60.0,60.0,60.0,60.0,60.0,60.0,60.0,60.0,60.0,60.0,60.0,60.0,0.0,0.0,0.0,0.0,0.0,0.0,0.0,0.0,0.0,0.0,0.0,0.0,1.0,1.0,1.0,1.5,1.5,1.5,1.5,1.5,1.5,1.5,1.5,1.5,1.5,1.5,1.5,1.5,1.5,0.0,0.0,0.0,0.0,0.0,0.0,0.0,0.0,0.0,0.0,0.0,0.0,0.0,0.0,0.0,0.0,0.0,0.0,0.0,0.0,0.0,0.0,0.0,0.0,0.0,0.0,0.0,0.0,0.0
-0.1,0.0,0.0,0.3,-0.2,0.0,-0.1,0.0,0.0,0.3,-0.2,0.0,0.0,0.0,0.0,-0.11455448577613384,0.00040103967025068173,0.4333993448172203,0.4284475078758372,-1.97202,1.61423,-0.32351114666509934,-0.37880803040904903,-0.09261246925241637,-0.40649714061369396,0.2880600839763823,1.97202,1.61423,0.12307093827318917,0.0,0.0,0.0,0.0,0.0,0.0,0.0,0.0,0.0,0.0,0.0,0.0,0.0,0.0,0.0,-0.6397858857394162,-1.1085623557677036,0.25851757214640086,-3.548396954253494,0.03307867393109176,0.0,3.5909010536888926,-0.4700133869448009,1.0825422445731587,0.3504338595988671,-4.117073530659387,0.0,0.0,-8.188550212753663,0.0,0.0,0.0,0.0,0.0,0.0,0.0,0.0,0.0,0.0,0.0,0.0,40.0,40.0,40.0,60.0,60.0,60.0,60.0,60.0,60.0,60.0,60.0,60.0,60.0,60.0,60.0,60.0,60.0,0.0,0.0,0.0,0.0,0.0,0.0,0.0,0.0,0.0,0.0,0.0,0.0,1.0,1.0,1.0,1.5,1.5,1.5,1.5,1.5,1.5,1.5,1.5,1.5,1.5,1.5,1.5,1.5,1.5,0.0,0.0,0.0,0.0,0.0,0.0,0.0,0.0,0.0,0.0,0.0,0.0,0.0,0.0,0.0,0.0,0.0,0.0,0.0,0.0,0.0,0.0,0.0,0.0,0.0,0.0,0.0,0.0,0.0
-0.1,0.0,0.0,0.3,-0.2,0.0,-0.1,0.0,0.0,0.3,-0.2,0.0,0.0,0.0,0.0,-0.13582316650933962,-0.023501938231834607,0.45423177477689824,0.35484458529054475,-1.9706968530427564,1.61423,-0.23968882160183747,-0.37818926490641647,-0.0697928505474397,-0.37466348467870647,0.19841492036180375,1.97202,1.61423,-0.018529808606746148,0.0,0.0,0.0,0.0,0.0,0.0,0.0,0.0,0.0,0.0,0.0,0.0,0.0,0.0,0.0,-0.7465063767379001,-0.9979060173787047,0.49318115712768673,-4.215018014170116,1.057052143891185,0.0,4.183497999777852,-0.2520350242871755,0.8464801714360816,1.6798667428597382,-3.7792404729251783,0.0,0.0,-6.934760394398172,0.0,0.0,0.0,0.0,0.0,0.0,0.0,0.0,0.0,0.0,0.0,0.0,40.0,40.0,40.0,60.0,60.0,60.0,60.0,60.0,60.0,60.0,60.0,60.0,60.0,60.0,60.0,60.0,60.0,0.0,0.0,0.0,0.0,0.0,0.0,0.0,0.0,0.0,0.0,0.0,0.0,1.0,1.0,1.0,1.5,1.5,1.5,1.5,1.5,1.5,1.5,1.5,1.5,1.5,1.5,1.5,1.5,1.5,0.0,0.0,0.0,0.0,0.0,0.0,0.0,0.0,0.0,0.0,0.0,0.0,0.0,0.0,0.0,0.0,0.0,0.0,0.0,0.0,0.0,0.0,0.0,0.0,0.0,0.0,0.0,0.0,0.0
-0.1,0.0,0.0,0.3,-0.2,0.0,-0.1,0.0,0.0,0.3,-0.2,0.0,0.0,0.0,0.0,-0.14441474084564984,-0.03951520102489751,0.4531265911023278,0.25984678730903255,-1.9297379142443527,1.61423,-0.15617122667398525,-0.38888943138053605,-0.0587532623949731,-0.33930247089930443,0.13689046505937513,1.97202,1.61423,-0.1543194775027377,0.0,0.0,0.0,0.0,0.0,0.0,0.0,0.0,0.0,0.0,0.0,0.0,0.0,0.0,0.0,-0.22239438930301142,-0.35446671028277665,-0.735127386634797,-5.147250582462886,2.008165717534199,0.0,3.90223955282928,-0.41738983033971777,0.23743665359366206,1.6335505285296563,-2.3871187357931647,0.0,0.0,-5.965253779432598,0.0,0.0,0.0,0.0,0.0,0.0,0.0,0.0,0.0,0.0,0.0,0.0,40.0,40.0,40.0,60.0,60.0,60.0,60.0,60.0,60.0,60.0,60.0,60.0,60.0,60.0,60.0,60.0,60.0,0.0,0.0,0.0,0.0,0.0,0.0,0.0,0.0,0.0,0.0,0.0,0.0,1.0,1.0,1.0,1.5,1.5,1.5,1.5,1.5,1.5,1.5,1.5,1.5,1.5,1.5,1.5,1.5,1.5,0.0,0.0,0.0,0.0,0.0,0.0,0.0,0.0,0.0,0.0,0.0,0.0,0.0,0.0,0.0,0.0,0.0,0.0,0.0,0.0,0.0,0.0,0.0,0.0,0.0,0.0,0.0,0.0,0.0
-0.1,0.0,0.0,0.3,-0.2,0.0,-0.1,0.0,0.0,0.3,-0.2,0.0,0.0,0.0,0.0,-0.14471894208146008,-0.037680606643145674,0.42482667931150636,0.1489545619920293,-1.8903702243413885,1.61423,-0.08359923948866627,-0.3948848581200052,-0.06029538440369321,-0.3093214635375202,0.10293017093007716,1.97202,1.61423,-0.2571399597840501,0.0,0.0,0.0,0.0,0.0,0.0,0.0,0.0,0.0,0.0,0.0,0.0,0.0,0.0,0.0,-0.34904828072970934,-0.15769451398164497,-1.6835049511860836,-5.176315948322729,2.0154394861632285,0.0,3.4942813339472383,0.005887990270732335,0.14146946261017443,2.0876449202071266,-1.6441983869121048,0.0,0.0,-4.975908146920908,0.0,0.0,0.0,0.0,0.0,0.0,0.0,0.0,0.0,0.0,0.0,0.0,40.0,40.0,40.0,60.0,60.0,60.0,60.0,60.0,60.0,60.0,60.0,60.0,60.0,60.0,60.0,60.0,60.0,0.0,0.0,0.0,0.0,0.0,0.0,0.0,0.0,0.0,0.0,0.0,0.0,1.0,1.0,1.0,1.5,1.5,1.5,1.5,1.5,1.5,1.5,1.5,1.5,1.5,1.5,1.5,1.5,1.5,0.0,0.0,0.0,0.0,0.0,0.0,0.0,0.0,0.0,0.0,0.0,0.0,0.0,0.0,0.0,0.0,0.0,0.0,0.0,0.0,0.0,0.0,0.0,0.0,0.0,0.0,0.0,0.0,0.0
-0.1,0.0,0.0,0.3,-0.2,0.0,-0.1,0.0,0.0,0.3,-0.2,0.0,0.0,0.0,0.0,-0.15837667207483822,-0.04582298158416331,0.38578639305488444,0.052794149376123395,-1.8491203347978236,1.61423,-0.01639997331609572,-0.38865391176970676,-0.053094483890566126,-0.25579667409101936,0.07112252958289093,1.97202,1.61423,-0.353355803379574,0.0,0.0,0.0,0.0,0.0,0.0,0.0,0.0,0.0,0.0,0.0,0.0,0.0,0.0,0.0,-0.5699779302094212,-0.25544166622668374,-1.3573913017345978,-4.0259974201123825,2.0152616117756814,0.0,2.1752034822635564,0.14557803373706352,0.2194746777542696,1.8778402085754153,-1.4717058043907374,0.0,0.0,-3.836950778902233,0.0,0.0,0.0,0.0,0.0,0.0,0.0,0.0,0.0,0.0,0.0,0.0,40.0,40.0,40.0,60.0,60.0,60.0,60.0,60.0,60.0,60.0,60.0,60.0,60.0,60.0,60.0,60.0,60.0,0.0,0.0,0.0,0.0,0.0,0.0,0.0,0.0,0.0,0.0,0.0,0.0,1.0,1.0,1.0,1.5,1.5,1.5,1.5,1.5,1.5,1.5,1.5,1.5,1.5,1.5,1.5,1.5,1.5,0.0,0.0,0.0,0.0,0.0,0.0,0.0,0.0,0.0,0.0,0.0,0.0,0.0,0.0,0.0,0.0,0.0,0.0,0.0,0.0,0.0,0.0,0.0,0.0,0.0,0.0,0.0,0.0,0.0
-0.1,0.0,0.0,0.3,-0.2,0.0,-0.1,0.0,0.0,0.3,-0.2,0.0,0.0,0.0,0.0,-0.16751805928983693,-0.04789827329221302,0.37053102724212245,-0.012085334812465976,-1.8097597598703612,1.61423,0.0034088998018759944,-0.38906173677052264,-0.05151639729352243,-0.2342078551945036,0.04406193875444766,1.97202,1.61423,-0.4106179909401394,0.0,0.0,0.0,0.0,0.0,0.0,0.0,0.0,0.0,0.0,0.0,0.0,0.0,0.0,0.0,-0.34016823180734457,-0.15631864993932623,-0.8634380817818906,-2.7040985266499606,1.7197784765333846,0.0,0.85740844754635,-0.30310966287730307,0.1944694327438651,0.7551456794918323,-0.942524173817196,0.0,0.0,-2.566832292152149,0.0,0.0,0.0,0.0,0.0,0.0,0.0,0.0,0.0,0.0,0.0,0.0,40.0,40.0,40.0,60.0,60.0,60.0,60.0,60.0,60.0,60.0,60.0,60.0,60.0,60.0,60.0,60.0,60.0,0.0,0.0,0.0,0.0,0.0,0.0,0.0,0.0,0.0,0.0,0.0,0.0,1.0,1.0,1.0,1.5,1.5,1.5,1.5,1.5,1.5,1.5,1.5,1.5,1.5,1.5,1.5,1.5,1.5,0.0,0.0,0.0,0.0,0.0,0.0,0.0,0.0,0.0,0.0,0.0,0.0,0.0,0.0,0.0,0.0,0.0,0.0,0.0,0.0,0.0,0.0,0.0,0.0,0.0,0.0,0.0,0.0,0.0
-0.1,0.0,0.0,0.3,-0.2,0.0,-0.1,0.0,0.0,0.3,-0.2,0.0,0.0,0.0,0.0,-0.171983401347132,-0.052075727581736356,0.3512488697836088,-0.055369791689875034,-1.7803291957364882,1.61423,0.017896364585758287,-0.4007782982847989,-0.04531570658081152,-0.22559084691134607,0.03342156263020309,1.97202,1.61423,-0.45602909506566,0.0,0.0,0.0,0.0,0.0,0.0,0.0,0.0,0.0,0.0,0.0,0.0,0.0,0.0,0.0,-0.5962636857360059,0.05396097239435994,-0.449023678842779,-2.30964676104845,1.366779796689982,0.0,0.4977990755107483,-0.6872793716836897,0.1350736871924418,0.32488225851721453,-0.991889242173982,0.0,0.0,-1.8349693509852882,0.0,0.0,0.0,0.0,0.0,0.0,0.0,0.0,0.0,0.0,0.0,0.0,40.0,40.0,40.0,60.0,60.0,60.0,60.0,60.0,60.0,60.0,60.0,60.0,60.0,60.0,60.0,60.0,60.0,0.0,0.0,0.0,0.0,0.0,0.0,0.0,0.0,0.0,0.0,0.0,0.0,1.0,1.0,1.0,1.5,1.5,1.5,1.5,1.5,1.5,1.5,1.5,1.5,1.5,1.5,1.5,1.5,1.5,0.0,0.0,0.0,0.0,0.0,0.0,0.0,0.0,0.0,0.0,0.0,0.0,0.0,0.0,0.0,0.0,0.0,0.0,0.0,0.0,0.0,0.0,0.0,0.0,0.0,0.0,0.0,0.0,0.0
-0.1,0.0,0.0,0.3,-0.2,0.0,-0.1,0.0,0.0,0.3,-0.2,0.0,0.0,0.0,0.0,-0.19136860671927716,-0.045739834396438625,0.3525700800884113,-0.10447120525440397,-1.755088568002762,1.61423,0.02332086282230593,-0.4165529116378702,-0.046113449805824755,-0.22121256485381502,0.004386369067488375,1.97202,1.61423,-0.48401676497955093,0.0,0.0,0.0,0.0,0.0,0.0,0.0,0.0,0.0,0.0,0.0,0.0,0.0,0.0,0.0,-1.5463016189967822,0.5210861535539215,1.1563540661319773,-3.6164201827724285,1.6180354559691523,0.0,-0.12423803682613067,-1.5863817054523208,0.008445492184580745,-0.5242674377565127,-2.638449247725642,0.0,0.0,-0.49654412233083867,0.0,0.0,0.0,0.0,0.0,0.0,0.0,0.0,0.0,0.0,0.0,0.0,40.0,40.0,40.0,60.0,60.0,60.0,60.0,60.0,60.0,60.0,60.0,60.0,60.0,60.0,60.0,60.0,60.0,0.0,0.0,0.0,0.0,0.0,0.0,0.0,0.0,0.0,0.0,0.0,0.0,1.0,1.0,1.0,1.5,1.5,1.5,1.5,1.5,1.5,1.5,1.5,1.5,1.5,1.5,1.5,1.5,1.5,0.0,0.0,0.0,0.0,0.0,0.0,0.0,0.0,0.0,0.0,0.0,0.0,0.0,0.0,0.0,0.0,0.0,0.0,0.0,0.0,0.0,0.0,0.0,0.0,0.0,0.0,0.0,0.0,0.0
-0.1,0.0,0.0,0.3,-0.2,0.0,-0.1,0.0,0.0,0.3,-0.2,0.0,0.0,0.0,0.0,-0.2338354661070033,-0.031232281439579495,0.3975030324288879,-0.20002659900077216,-1.715607777497722,1.61423,0.01292684311271306,-0.4642335665028917,-0.04497788689342829,-0.24656154442160658,-0.07211640727882257,1.97202,1.61423,-0.4758908599588935,0.0,0.0,0.0,0.0,0.0,0.0,0.0,0.0,0.0,0.0,0.0,0.0,0.0,0.0,0.0,-2.323656101059656,0.8758039410498378,2.3235305706625837,-4.546967701685939,2.071941262139304,0.0,-1.0514562731858217,-2.2901957772573867,-0.12789307993667265,-1.1295531849242284,-3.612142923563389,0.0,0.0,0.733737797916005,0.0,0.0,0.0,0.0,0.0,0.0,0.0,0.0,0.0,0.0,0.0,0.0,40.0,40.0,40.0,60.0,60.0,60.0,60.0,60.0,60.0,60.0,60.0,60.0,60.0,60.0,60.0,60.0,60.0,0.0,0.0,0.0,0.0,0.0,0.0,0.0,0.0,0.0,0.0,0.0,0.0,1.0,1.0,1.0,1.5,1.5,1.5,1.5,1.5,1.5,1.5,1.5,1.5,1.5,1.5,1.5,1.5,1.5,0.0,0.0,0.0,0.0,0.0,0.0,0.0,0.0,0.0,0.0,0.0,0.0,0.0,0.0,0.0,0.0,0.0,0.0,0.0,0.0,0.0,0.0,0.0,0.0,0.0,0.0,0.0,0.0,0.0
-0.1,0.0,0.0,0.3,-0.2,0.0,-0.1,0.0,0.0,0.3,-0.2,0.0,0.0,0.0,0.0,-0.2843148507616634,-0.010707676754445112,0.44551130291491464,-0.2863499133218415,-1.6722109175171898,1.61423,-0.018737388105126946,-0.5081607427281657,-0.05122917300329166,-0.26639469225078416,-0.1400993478750472,1.97202,1.61423,-0.4546672530629107,0.0,0.0,0.0,0.0,0.0,0.0,0.0,0.0,0.0,0.0,0.0,0.0,0.0,0.0,0.0,-2.3583882281844923,1.0154139731826834,3.614061500628278,-4.604152555004111,1.2710249236643323,0.0,0.5476916136572281,-2.7105438495009486,-0.30710725497026753,-2.605008761682296,-4.134748657614754,0.0,0.0,-1.3542941212410995,0.0,0.0,0.0,0.0,0.0,0.0,0.0,0.0,0.0,0.0,0.0,0.0,40.0,40.0,40.0,60.0,60.0,60.0,60.0,60.0,60.0,60.0,60.0,60.0,60.0,60.0,60.0,60.0,60.0,0.0,0.0,0.0,0.0,0.0,0.0,0.0,0.0,0.0,0.0,0.0,0.0,1.0,1.0,1.0,1.5,1.5,1.5,1.5,1.5,1.5,1.5,1.5,1.5,1.5,1.5,1.5,1.5,1.5,0.0,0.0,0.0,0.0,0.0,0.0,0.0,0.0,0.0,0.0,0.0,0.0,0.0,0.0,0.0,0.0,0.0,0.0,0.0,0.0,0.0,0.0,0.0,0.0,0.0,0.0,0.0,0.0,0.0
-0.1,0.0,0.0,0.3,-0.2,0.0,-0.1,0.0,0.0,0.3,-0.2,0.0,0.0,0.0,0.0,-0.328170995234383,0.009384277487727848,0.542065492454019,-0.3841927012009366,-1.6647667805511488,1.61423,0.03483450765900219,-0.5726553204829297,-0.05726217709223899,-0.3507618948888984,-0.2375063535834127,1.97202,1.61423,-0.5300626248085375,0.0,0.0,0.0,0.0,0.0,0.0,0.0,0.0,0.0,0.0,0.0,0.0,0.0,0.0,0.0,-2.756514605200147,0.16940151571014975,4.931696360157751,-5.08878794593363,0.9736468683020805,0.0,2.262535605332486,-3.0429603011566053,0.4324560244239184,-3.4926782802944603,-6.239018681155336,0.0,0.0,-5.6426181997067735,0.0,0.0,0.0,0.0,0.0,0.0,0.0,0.0,0.0,0.0,0.0,0.0,40.0,40.0,40.0,60.0,60.0,60.0,60.0,60.0,60.0,60.0,60.0,60.0,60.0,60.0,60.0,60.0,60.0,0.0,0.0,0.0,0.0,0.0,0.0,0.0,0.0,0.0,0.0,0.0,0.0,1.0,1.0,1.0,1.5,1.5,1.5,1.5,1.5,1.5,1.5,1.5,1.5,1.5,1.5,1.5,1.5,1.5,0.0,0.0,0.0,0.0,0.0,0.0,0.0,0.0,0.0,0.0,0.0,0.0,0.0,0.0,0.0,0.0,0.0,0.0,0.0,0.0,0.0,0.0,0.0,0.0,0.0,0.0,0.0,0.0,0.0
-0.1,0.0,0.0,0.3,-0.2,0.0,-0.1,0.0,0.0,0.3,-0.2,0.0,0.0,0.0,0.0,-0.3945754349696693,-0.003931616126039122,0.6427791573212247,-0.4899014311591867,-1.6332650427851065,1.61423,0.0717640361081725,-0.6298791547744299,-0.033930932026334924,-0.40610182346256257,-0.38966009512126065,1.97202,1.61423,-0.6803719810511817,0.0,0.0,0.0,0.0,0.0,0.0,0.0,0.0,0.0,0.0,0.0,0.0,0.0,0.0,0.0,-3.0242337292663497,-0.05167237380565642,4.678473974730152,-5.656603502817339,1.767749318323214,0.0,1.72173319269332,-3.007939547592711,0.5327612023394651,-2.296088289548068,-7.931634013145803,0.0,0.0,-7.918753887640531,0.0,0.0,0.0,0.0,0.0,0.0,0.0,0.0,0.0,0.0,0.0,0.0,40.0,40.0,40.0,60.0,60.0,60.0,60.0,60.0,60.0,60.0,60.0,60.0,60.0,60.0,60.0,60.0,60.0,0.0,0.0,0.0,0.0,0.0,0.0,0.0,0.0,0.0,0.0,0.0,0.0,1.0,1.0,1.0,1.5,1.5,1.5,1.5,1.5,1.5,1.5,1.5,1.5,1.5,1.5,1.5,1.5,1.5,0.0,0.0,0.0,0.0,0.0,0.0,0.0,0.0,0.0,0.0,0.0,0.0,0.0,0.0,0.0,0.0,0.0,0.0,0.0,0.0,0.0,0.0,0.0,0.0,0.0,0.0,0.0,0.0,0.0
-0.1,0.0,0.0,0.3,-0.2,0.0,-0.1,0.0,0.0,0.3,-0.2,0.0,0.0,0.0,0.0,-0.449140344405037,0.007317382535501591,0.7292044514432251,-0.6104568413136302,-1.5940568078182202,1.61423,0.10370383536673498,-0.6929729023866381,-0.035951728998660386,-0.44260542647082113,-0.5547717141092449,1.97202,1.61423,-0.8468127803141587,0.0,0.0,0.0,0.0,0.0,0.0,0.0,0.0,0.0,0.0,0.0,0.0,0.0,0.0,0.0,-1.9118687286671292,0.074210918557735,3.8075975915379257,-4.895956481739774,3.420556515522327,0.0,-3.0989474631256924,-2.0550263528653883,0.17983803224225325,-2.275078523919241,-6.456236724291453,0.0,0.0,-5.503053528629742,0.0,0.0,0.0,0.0,0.0,0.0,0.0,0.0,0.0,0.0,0.0,0.0,40.0,40.0,40.0,60.0,60.0,60.0,60.0,60.0,60.0,60.0,60.0,60.0,60.0,60.0,60.0,60.0,60.0,0.0,0.0,0.0,0.0,0.0,0.0,0.0,0.0,0.0,0.0,0.0,0.0,1.0,1.0,1.0,1.5,1.5,1.5,1.5,1.5,1.5,1.5,1.5,1.5,1.5,1.5,1.5,1.5,1.5,0.0,0.0,0.0,0.0,0.0,0.0,0.0,0.0,0.0,0.0,0.0,0.0,0.0,0.0,0.0,0.0,0.0,0.0,0.0,0.0,0.0,0.0,0.0,0.0,0.0,0.0,0.0,0.0,0.0
-0.1,0.0,0.0,0.3,-0.2,0.0,-0.1,0.0,0.0,0.3,-0.2,0.0,0.0,0.0,0.0,-0.47105018411635446,-0.0009631793837297213,0.7950830609827417,-0.6857396904287777,-1.4964427821642134,1.61423,-0.0521938624168552,-0.7120802088890454,-0.026737410736644793,-0.4971049644193322,-0.6479095640929188,1.97202,1.61423,-0.9004941221963714,0.0,0.0,0.0,0.0,0.0,0.0,0.0,0.0,0.0,0.0,0.0,0.0,0.0,0.0,0.0,-1.1108173298523747,-0.7977372790830748,2.017976995715956,-2.9438893016697,5.219715395553115,0.0,-6.901296248982434,-1.22582149352142,1.2933303511892826,-3.086182427001205,-3.4439283954184856,0.0,0.0,0.22413355008106262,0.0,0.0,0.0,0.0,0.0,0.0,0.0,0.0,0.0,0.0,0.0,0.0,40.0,40.0,40.0,60.0,60.0,60.0,60.0,60.0,60.0,60.0,60.0,60.0,60.0,60.0,60.0,60.0,60.0,0.0,0.0,0.0,0.0,0.0,0.0,0.0,0.0,0.0,0.0,0.0,0.0,1.0,1.0,1.0,1.5,1.5,1.5,1.5,1.5,1.5,1.5,1.5,1.5,1.5,1.5,1.5,1.5,1.5,0.0,0.0,0.0,0.0,0.0,0.0,0.0,0.0,0.0,0.0,0.0,0.0,0.0,0.0,0.0,0.0,0.0,0.0,0.0,0.0,0.0,0.0,0.0,0.0,0.0,0.0,0.0,0.0,0.0
-0.1,0.0,0.0,0.3,-0.2,0.0,-0.1,0.0,0.0,0.3,-0.2,0.0,0.0,0.0,0.0,-0.49357303759913196,-0.0245921086278214,0.8099235312718633,-0.7282124133804182,-1.3852681919960956,1.61423,-0.1723480145925624,-0.7420057621274949,0.015781485048910925,-0.5660527235508693,-0.6925288499259843,1.97202,1.61423,-0.8378474383109162,0.0,0.0,0.0,0.0,0.0,0.0,0.0,0.0,0.0,0.0,0.0,0.0,0.0,0.0,0.0,-1.8542259810681694,0.2199061558629893,2.8069976127771343,-2.772311150353468,2.8665952111222137,0.0,-2.3538209005689126,0.2606394420973823,0.33751670199064754,-4.050908528899573,-0.45401736963206485,0.0,0.0,3.7696310993320714,0.0,0.0,0.0,0.0,0.0,0.0,0.0,0.0,0.0,0.0,0.0,0.0,40.0,40.0,40.0,60.0,60.0,60.0,60.0,60.0,60.0,60.0,60.0,60.0,60.0,60.0,60.0,60.0,60.0,0.0,0.0,0.0,0.0,0.0,0.0,0.0,0.0,0.0,0.0,0.0,0.0,1.0,1.0,1.0,1.5,1.5,1.5,1.5,1.5,1.5,1.5,1.5,1.5,1.5,1.5,1.5,1.5,1.5,0.0,0.0,0.0,0.0,0.0,0.0,0.0,0.0,0.0,0.0,0.0,0.0,0.0,0.0,0.0,0.0,0.0,0.0,0.0,0.0,0.0,0.0,0.0,0.0,0.0,0.0,0.0,0.0,0.0
-0.1,0.0,0.0,0.3,-0.2,0.0,-0.1,0.0,0.0,0.3,-0.2,0.0,0.0,0.0,0.0,-0.5452192233590812,0.007833066850789851,0.9073629654938271,-0.7966321364429164,-1.381778973719325,1.61423,-0.1463466984396117,-0.7016546312051501,-0.013236742657018892,-0.6591413055753151,-0.6660702588782014,1.97202,1.61423,-0.7497088782230885,0.0,0.0,0.0,0.0,0.0,0.0,0.0,0.0,0.0,0.0,0.0,0.0,0.0,0.0,0.0,-1.9290362812038746,1.0589313573413606,2.793758434132701,-3.4592322029237175,-0.10980911330285004,0.0,2.0477236164296317,1.1993319851141242,-0.8164807836557908,-3.4372627121606603,1.1398194791556042,0.0,0.0,3.597275109986284,0.0,0.0,0.0,0.0,0.0,0.0,0.0,0.0,0.0,0.0,0.0,0.0,40.0,40.0,40.0,60.0,60.0,60.0,60.0,60.0,60.0,60.0,60.0,60.0,60.0,60.0,60.0,60.0,60.0,0.0,0.0,0.0,0.0,0.0,0.0,0.0,0.0,0.0,0.0,0.0,0.0,1.0,1.0,1.0,1.5,1.5,1.5,1.5,1.5,1.5,1.5,1.5,1.5,1.5,1.5,1.5,1.5,1.5,0.0,0.0,0.0,0.0,0.0,0.0,0.0,0.0,0.0,0.0,0.0,0.0,0.0,0.0,0.0,0.0,0.0,0.0,0.0,0.0,0.0,0.0,0.0,0.0,0.0,0.0,0.0,0.0,0.0
-0.1,0.0,0.0,0.3,-0.2,0.0,-0.1,0.0,0.0,0.3,-0.2,0.0,0.0,0.0,0.0,-0.570734488847287,0.017765145665833024,0.9216738686371714,-0.8665817014973669,-1.3896605565282096,1.61423,-0.09043906993537713,-0.6940324827229299,-0.016877746297320705,-0.7035432320372957,-0.6469360707597601,1.97202,1.61423,-0.6939564339114649,0.0,0.0,0.0,0.0,0.0,0.0,0.0,0.0,0.0,0.0,0.0,0.0,0.0,0.0,0.0,-1.2568659493949086,0.5450422404431234,0.6901118345355228,-3.2562856831950926,-0.015997685589125288,0.0,3.0415859469320385,0.6037524353639329,-0.22928289736376695,-1.7284654590944664,0.7644151253590054,0.0,0.0,1.9102751210776814,0.0,0.0,0.0,0.0,0.0,0.0,0.0,0.0,0.0,0.0,0.0,0.0,40.0,40.0,40.0,60.0,60.0,60.0,60.0,60.0,60.0,60.0,60.0,60.0,60.0,60.0,60.0,60.0,60.0,0.0,0.0,0.0,0.0,0.0,0.0,0.0,0.0,0.0,0.0,0.0,0.0,1.0,1.0,1.0,1.5,1.5,1.5,1.5,1.5,1.5,1.5,1.5,1.5,1.5,1.5,1.5,1.5,1.5,0.0,0.0,0.0,0.0,0.0,0.0,0.0,0.0,0.0,0.0,0.0,0.0,0.0,0.0,0.0,0.0,0.0,0.0,0.0,0.0,0.0,0.0,0.0,0.0,0.0,0.0,0.0,0.0,0.0
-0.1,0.0,0.0,0.3,-0.2,0.0,-0.1,0.0,0.0,0.3,-0.2,0.0,0.0,0.0,0.0,-0.5954938613348776,0.02963475646851479,0.934967438875248,-0.9268835637707201,-1.38241888114289,1.61423,-0.024683260562330157,-0.6775045337905928,-0.02240805855156957,-0.7282799239390938,-0.6354936538638412,1.97202,1.61423,-0.6732978733799813,0.0,0.0,0.0,0.0,0.0,0.0,0.0,0.0,0.0,0.0,0.0,0.0,0.0,0.0,0.0,-0.7797474603953664,1.4339163217196367,-0.72396384166106,-3.059042389232008,1.443825354991729,0.0,4.2946535538606945,0.39346975404481177,-0.9260337680682958,-1.1859014617323331,0.6841989288688094,0.0,0.0,0.5724004717267639,0.0,0.0,0.0,0.0,0.0,0.0,0.0,0.0,0.0,0.0,0.0,0.0,40.0,40.0,40.0,60.0,60.0,60.0,60.0,60.0,60.0,60.0,60.0,60.0,60.0,60.0,60.0,60.0,60.0,0.0,0.0,0.0,0.0,0.0,0.0,0.0,0.0,0.0,0.0,0.0,0.0,1.0,1.0,1.0,1.5,1.5,1.5,1.5,1.5,1.5,1.5,1.5,1.5,1.5,1.5,1.5,1.5,1.5,0.0,0.0,0.0,0.0,0.0,0.0,0.0,0.0,0.0,0.0,0.0,0.0,0.0,0.0,0.0,0.0,0.0,0.0,0.0,0.0,0.0,0.0,0.0,0.0,0.0,0.0,0.0,0.0,0.0
-0.1,0.0,0.0,0.3,-0.2,0.0,-0.1,0.0,0.0,0.3,-0.2,0.0,0.0,0.0,0.0,-0.6019243872631016,0.07512179853461849,0.892715314970729,-0.9889433970666472,-1.3319075423285405,1.61423,0.08134707221905063,-0.6782936925611375,-0.053919097020052535,-0.7509792905065891,-0.6195681136050077,1.97202,1.61423,-0.6710604150423943,0.0,0.0,0.0,0.0,0.0,0.0,0.0,0.0,0.0,0.0,0.0,0.0,0.0,0.0,0.0,-0.05296418519687429,1.9111635904177964,-2.8153646354940665,-3.002910905731995,3.800657764665932,0.0,4.14687889102722,-0.26673521813757595,-1.7432810034527297,-0.626723506888549,-0.06195238333560893,0.0,0.0,-1.6768945412264924,0.0,0.0,0.0,0.0,0.0,0.0,0.0,0.0,0.0,0.0,0.0,0.0,40.0,40.0,40.0,60.0,60.0,60.0,60.0,60.0,60.0,60.0,60.0,60.0,60.0,60.0,60.0,60.0,60.0,0.0,0.0,0.0,0.0,0.0,0.0,0.0,0.0,0.0,0.0,0.0,0.0,1.0,1.0,1.0,1.5,1.5,1.5,1.5,1.5,1.5,1.5,1.5,1.5,1.5,1.5,1.5,1.5,1.5,0.0,0.0,0.0,0.0,0.0,0.0,0.0,0.0,0.0,0.0,0.0,0.0,0.0,0.0,0.0,0.0,0.0,0.0,0.0,0.0,0.0,0.0,0.0,0.0,0.0,0.0,0.0,0.0,0.0
-0.1,0.0,0.0,0.3,-0.2,0.0,-0.1,0.0,0.0,0.3,-0.2,0.0,0.0,0.0,0.0,-0.5976124287427526,0.10608130008522665,0.8223528534554854,-1.047,-1.2303925705562526,1.61423,0.14119189507875862,-0.6881739425160959,-0.09213929868967875,-0.7533488642146358,-0.6379717491972655,1.97202,1.61423,-0.740373655029041,0.0,0.0,0.0,0.0,0.0,0.0,0.0,0.0,0.0,0.0,0.0,0.0,0.0,0.0,0.0,0.7905208387993828,1.050356834062385,-3.047142937694522,-1.4514150733338171,6.117178151092872,0.0,-3.6123333780475897,-0.1492825051998159,-1.5787895269492278,0.20885599415765288,-0.1936949458014231,0.0,0.0,-2.92244131576857,0.0,0.0,0.0,0.0,0.0,0.0,0.0,0.0,0.0,0.0,0.0,0.0,40.0,40.0,40.0,60.0,60.0,60.0,60.0,60.0,60.0,60.0,60.0,60.0,60.0,60.0,60.0,60.0,60.0,0.0,0.0,0.0,0.0,0.0,0.0,0.0,0.0,0.0,0.0,0.0,0.0,1.0,1.0,1.0,1.5,1.5,1.5,1.5,1.5,1.5,1.5,1.5,1.5,1.5,1.5,1.5,1.5,1.5,0.0,0.0,0.0,0.0,0.0,0.0,0.0,0.0,0.0,0.0,0.0,0.0,0.0,0.0,0.0,0.0,0.0,0.0,0.0,0.0,0.0,0.0,0.0,0.0,0.0,0.0,0.0,0.0,0.0
-0.1,0.0,0.0,0.3,-0.2,0.0,-0.1,0.0,0.0,0.3,-0.2,0.0,0.0,0.0,0.0,-0.5703035537111263,0.11713607189711389,0.7708295974629481,-1.047,-1.0872204162848256,1.61423,-0.06314626290285297,-0.6842649927691301,-0.11707067809802166,-0.742625050740283,-0.6273159114370647,1.97202,1.61423,-0.7879580676731371,0.0,0.0,0.0,0.0,0.0,0.0,0.0,0.0,0.0,0.0,0.0,0.0,0.0,0.0,0.0,1.0039626926698297,1.1966258130461045,-2.739815496192216,0.0,3.7496819261273795,0.0,1.0481226246802033,0.21027456745633666,-1.3271474953288824,1.182319576676402,0.15973990706406038,0.0,0.0,-3.5832051447715396,0.0,0.0,0.0,0.0,0.0,0.0,0.0,0.0,0.0,0.0,0.0,0.0,40.0,40.0,40.0,60.0,60.0,60.0,60.0,60.0,60.0,60.0,60.0,60.0,60.0,60.0,60.0,60.0,60.0,0.0,0.0,0.0,0.0,0.0,0.0,0.0,0.0,0.0,0.0,0.0,0.0,1.0,1.0,1.0,1.5,1.5,1.5,1.5,1.5,1.5,1.5,1.5,1.5,1.5,1.5,1.5,1.5,1.5,0.0,0.0,0.0,0.0,0.0,0.0,0.0,0.0,0.0,0.0,0.0,0.0,0.0,0.0,0.0,0.0,0.0,0.0,0.0,0.0,0.0,0.0,0.0,0.0,0.0,0.0,0.0,0.0,0.0
-0.1,0.0,0.0,0.3,-0.2,0.0,-0.1,0.0,0.0,0.3,-0.2,0.0,0.0,0.0,0.0,-0.5574539210359594,0.15394633260707083,0.7127602336077967,-1.047,-1.0804052935111574,1.61423,0.18311680006596676,-0.6797629598178424,-0.14522519850283405,-0.7060560811475797,-0.6315821529147031,1.97202,1.61423,-0.8837018608199025,0.0,0.0,0.0,0.0,0.0,0.0,0.0,0.0,0.0,0.0,0.0,0.0,0.0,0.0,0.0,0.8121794554580924,1.2644778012858515,-4.016151889123948,0.0,3.8065784174695305,0.0,6.457480897529494,0.4631889987064347,-1.3468670740573707,2.315271481080805,-0.5142266304553805,0.0,0.0,-5.631623724893939,0.0,0.0,0.0,0.0,0.0,0.0,0.0,0.0,0.0,0.0,0.0,0.0,40.0,40.0,40.0,60.0,60.0,60.0,60.0,60.0,60.0,60.0,60.0,60.0,60.0,60.0,60.0,60.0,60.0,0.0,0.0,0.0,0.0,0.0,0.0,0.0,0.0,0.0,0.0,0.0,0.0,1.0,1.0,1.0,1.5,1.5,1.5,1.5,1.5,1.5,1.5,1.5,1.5,1.5,1.5,1.5,1.5,1.5,0.0,0.0,0.0,0.0,0.0,0.0,0.0,0.0,0.0,0.0,0.0,0.0,0.0,0.0,0.0,0.0,0.0,0.0,0.0,0.0,0.0,0.0,0.0,0.0,0.0,0.0,0.0,0.0,0.0
-0.1,0.0,0.0,0.3,-0.2,0.0,-0.1,0.0,0.0,0.3,-0.2,0.0,0.0,0.0,0.0,-0.5378163754928026,0.16771518394854795,0.6101835218979902,-1.047,-0.9349572795860444,1.61423,0.19515297299832682,-0.6657374328208727,-0.1709453610603165,-0.6500141914970508,-0.6478849766552799,1.97202,1.61423,-1.0132230166688947,0.0,0.0,0.0,0.0,0.0,0.0,0.0,0.0,0.0,0.0,0.0,0.0,0.0,0.0,0.0,1.0041133604750951,0.23155768839739216,-4.928359750599134,0.0,7.174113017479888,0.0,-0.04856497354464029,1.0954951530082635,-0.6769561452882211,2.313652393171833,-1.1552524871530883,0.0,0.0,-5.14427268417863,0.0,0.0,0.0,0.0,0.0,0.0,0.0,0.0,0.0,0.0,0.0,0.0,40.0,40.0,40.0,60.0,60.0,60.0,60.0,60.0,60.0,60.0,60.0,60.0,60.0,60.0,60.0,60.0,60.0,0.0,0.0,0.0,0.0,0.0,0.0,0.0,0.0,0.0,0.0,0.0,0.0,1.0,1.0,1.0,1.5,1.5,1.5,1.5,1.5,1.5,1.5,1.5,1.5,1.5,1.5,1.5,1.5,1.5,0.0,0.0,0.0,0.0,0.0,0.0,0.0,0.0,0.0,0.0,0.0,0.0,0.0,0.0,0.0,0.0,0.0,0.0,0.0,0.0,0.0,0.0,0.0,0.0,0.0,0.0,0.0,0.0,0.0
-0.1,0.0,0.0,0.3,-0.2,0.0,-0.1,0.0,0.0,0.3,-0.2,0.0,0.0,0.0,0.0,-0.5172893866169556,0.16320864014296652,0.5156258435838313,-1.047,-0.7934407728119619,1.61423,0.18117420112418114,-0.6359431536975119,-0.1723034443143629,-0.6135099854207063,-0.6777922524008266,1.97202,1.61423,-1.0894727681870477,0.0,0.0,0.0,0.0,0.0,0.0,0.0,0.0,0.0,0.0,0.0,0.0,0.0,0.0,0.0,0.975288017457801,-0.1843984936197328,-4.529859837209188,0.0,6.869266405095766,0.0,-0.9122822336373799,1.3925216598340033,-0.20147082861926846,1.988263481088806,-1.291991623374647,0.0,0.0,-4.225778937509938,0.0,0.0,0.0,0.0,0.0,0.0,0.0,0.0,0.0,0.0,0.0,0.0,40.0,40.0,40.0,60.0,60.0,60.0,60.0,60.0,60.0,60.0,60.0,60.0,60.0,60.0,60.0,60.0,60.0,0.0,0.0,0.0,0.0,0.0,0.0,0.0,0.0,0.0,0.0,0.0,0.0,1.0,1.0,1.0,1.5,1.5,1.5,1.5,1.5,1.5,1.5,1.5,1.5,1.5,1.5,1.5,1.5,1.5,0.0,0.0,0.0,0.0,0.0,0.0,0.0,0.0,0.0,0.0,0.0,0.0,0.0,0.0,0.0,0.0,0.0,0.0,0.0,0.0,0.0,0.0,0.0,0.0,0.0,0.0,0.0,0.0,0.0
-0.1,0.0,0.0,0.3,-0.2,0.0,-0.1,0.0,0.0,0.3,-0.2,0.0,0.0,0.0,0.0,-0.49880485479449055,0.16033924420375864,0.42898912840962267,-1.047,-0.6601866233822137,1.61423,0.15866168365283162,-0.6100365664275126,-0.17900419420508723,-0.5704836522534985,-0.6995646415902658,1.97202,1.61423,-1.1822541741692922,0.0,0.0,0.0,0.0,0.0,0.0,0.0,0.0,0.0,0.0,0.0,0.0,0.0,0.0,0.0,0.7762593331363712,-0.0898528336797183,-4.521944011439661,0.0,5.72692818481946,0.0,-0.19298056080118142,0.819136659471531,0.11721093408603306,1.7715307673470708,-1.2644813720013275,0.0,0.0,-3.1273302563006253,0.0,0.0,0.0,0.0,0.0,0.0,0.0,0.0,0.0,0.0,0.0,0.0,40.0,40.0,40.0,60.0,60.0,60.0,60.0,60.0,60.0,60.0,60.0,60.0,60.0,60.0,60.0,60.0,60.0,0.0,0.0,0.0,0.0,0.0,0.0,0.0,0.0,0.0,0.0,0.0,0.0,1.0,1.0,1.0,1.5,1.5,1.5,1.5,1.5,1.5,1.5,1.5,1.5,1.5,1.5,1.5,1.5,1.5,0.0,0.0,0.0,0.0,0.0,0.0,0.0,0.0,0.0,0.0,0.0,0.0,0.0,0.0,0.0,0.0,0.0,0.0,0.0,0.0,0.0,0.0,0.0,0.0,0.0,0.0,0.0,0.0,0.0
-0.1,0.0,0.0,0.3,-0.2,0.0,-0.1,0.0,0.0,0.3,-0.2,0.0,0.0,0.0,0.0,-0.4862390132915007,0.15961452679577778,0.3347480831262449,-1.047,-0.5643636454191835,1.61423,0.1734549786921339,-0.6031776873186506,-0.16761500695092157,-0.5426487547268235,-0.7283715072808797,1.97202,1.61423,-1.2145659784390728,0.0,0.0,0.0,0.0,0.0,0.0,0.0,0.0,0.0,0.0,0.0,0.0,0.0,0.0,0.0,0.554475810506358,-0.0052982449067116855,-4.922567691690398,0.0,3.415577795075664,0.0,2.2239290931186555,-0.06616915237528664,0.8537061120372551,0.8375884504418202,-1.3224762895591824,0.0,0.0,-0.3004762182755305,0.0,0.0,0.0,0.0,0.0,0.0,0.0,0.0,0.0,0.0,0.0,0.0,40.0,40.0,40.0,60.0,60.0,60.0,60.0,60.0,60.0,60.0,60.0,60.0,60.0,60.0,60.0,60.0,60.0,0.0,0.0,0.0,0.0,0.0,0.0,0.0,0.0,0.0,0.0,0.0,0.0,1.0,1.0,1.0,1.5,1.5,1.5,1.5,1.5,1.5,1.5,1.5,1.5,1.5,1.5,1.5,1.5,1.5,0.0,0.0,0.0,0.0,0.0,0.0,0.0,0.0,0.0,0.0,0.0,0.0,0.0,0.0,0.0,0.0,0.0,0.0,0.0,0.0,0.0,0.0,0.0,0.0,0.0,0.0,0.0,0.0,0.0
-0.1,0.0,0.0,0.3,-0.2,0.0,-0.1,0.0,0.0,0.3,-0.2,0.0,0.0,0.0,0.0,-0.47662582237423623,0.16012731440749017,0.23208642074200672,-1.047,-0.5235635115791871,1.61423,0.24761884737757783,-0.612683332522524,-0.14485594972359703,-0.5369801142358257,-0.7524636931726331,1.97202,1.61423,-1.1942732229003135,0.0,0.0,0.0,0.0,0.0,0.0,0.0,0.0,0.0,0.0,0.0,0.0,0.0,0.0,0.0,0.3644166421358716,-0.2027025358078867,-4.6024777304462505,0.0,4.147213182530732,0.0,-0.47450340824163884,-0.3757314777630777,1.042760771304809,0.5076014621231362,-0.5616956811591439,0.0,0.0,0.7005134698463589,0.0,0.0,0.0,0.0,0.0,0.0,0.0,0.0,0.0,0.0,0.0,0.0,40.0,40.0,40.0,60.0,60.0,60.0,60.0,60.0,60.0,60.0,60.0,60.0,60.0,60.0,60.0,60.0,60.0,0.0,0.0,0.0,0.0,0.0,0.0,0.0,0.0,0.0,0.0,0.0,0.0,1.0,1.0,1.0,1.5,1.5,1.5,1.5,1.5,1.5,1.5,1.5,1.5,1.5,1.5,1.5,1.5,1.5,0.0,0.0,0.0,0.0,0.0,0.0,0.0,0.0,0.0,0.0,0.0,0.0,0.0,0.0,0.0,0.0,0.0,0.0,0.0,0.0,0.0,0.0,0.0,0.0,0.0,0.0,0.0,0.0,0.0
-0.1,0.0,0.0,0.3,-0.2,0.0,-0.1,0.0,0.0,0.3,-0.2,0.0,0.0,0.0,0.0,-0.47166234760606585,0.15150642536346232,0.15064897390839485,-1.047,-0.3984751181179542,1.61423,0.15447484236246833,-0.6182069464291737,-0.1259045760987292,-0.522344696241898,-0.7508393345272455,1.97202,1.61423,-1.1865454396452184,0.0,0.0,0.0,0.0,0.0,0.0,0.0,0.0,0.0,0.0,0.0,0.0,0.0,0.0,0.0,-0.29075369481102037,-0.12974298438463844,-3.7025710456976806,0.0,3.769722163327198,0.0,-1.7807203990530283,-1.0965134551062072,0.616033915101499,1.5771778675727182,-0.24561377317809108,0.0,0.0,-1.3148058636336668,0.0,0.0,0.0,0.0,0.0,0.0,0.0,0.0,0.0,0.0,0.0,0.0,40.0,40.0,40.0,60.0,60.0,60.0,60.0,60.0,60.0,60.0,60.0,60.0,60.0,60.0,60.0,60.0,60.0,0.0,0.0,0.0,0.0,0.0,0.0,0.0,0.0,0.0,0.0,0.0,0.0,1.0,1.0,1.0,1.5,1.5,1.5,1.5,1.5,1.5,1.5,1.5,1.5,1.5,1.5,1.5,1.5,1.5,0.0,0.0,0.0,0.0,0.0,0.0,0.0,0.0,0.0,0.0,0.0,0.0,0.0,0.0,0.0,0.0,0.0,0.0,0.0,0.0,0.0,0.0,0.0,0.0,0.0,0.0,0.0,0.0,0.0
-0.1,0.0,0.0,0.3,-0.2,0.0,-0.1,0.0,0.0,0.3,-0.2,0.0,0.0,0.0,0.0,-0.48825597016667704,0.15493759503210464,0.08398357891409948,-1.047,-0.3727746250460992,1.61423,0.1763900314154567,-0.6565438707267723,-0.12021459311953707,-0.47389299953291697,-0.7622882440997567,1.97202,1.61423,-1.2468654574456601,0.0,0.0,0.0,0.0,0.0,0.0,0.0,0.0,0.0,0.0,0.0,0.0,0.0,0.0,0.0,-0.9712496987853952,0.09938946593932713,-2.8068197188676116,0.0,0.22548092122564312,0.0,1.766683731404784,-1.4346627736947808,0.3574488416560981,2.649675114127638,-0.19118894598439962,0.0,0.0,-2.6095160556037054,0.0,0.0,0.0,0.0,0.0,0.0,0.0,0.0,0.0,0.0,0.0,0.0,40.0,40.0,40.0,60.0,60.0,60.0,60.0,60.0,60.0,60.0,60.0,60.0,60.0,60.0,60.0,60.0,60.0,0.0,0.0,0.0,0.0,0.0,0.0,0.0,0.0,0.0,0.0,0.0,0.0,1.0,1.0,1.0,1.5,1.5,1.5,1.5,1.5,1.5,1.5,1.5,1.5,1.5,1.5,1.5,1.5,1.5,0.0,0.0,0.0,0.0,0.0,0.0,0.0,0.0,0.0,0.0,0.0,0.0,0.0,0.0,0.0,0.0,0.0,0.0,0.0,0.0,0.0,0.0,0.0,0.0,0.0,0.0,0.0,0.0,0.0
-0.1,0.0,0.0,0.3,-0.2,0.0,-0.1,0.0,0.0,0.3,-0.2,0.0,0.0,0.0,0.0,-0.5105123355574817,0.1554820040010354,0.03837618515369039,-1.047,-0.3894558812689285,1.61423,0.2251421916186597,-0.675593457376965,-0.11160662243248529,-0.41635769167679254,-0.7584868923666215,1.97202,1.61423,-1.2909260818693666,0.0,0.0,0.0,0.0,0.0,0.0,0.0,0.0,0.0,0.0,0.0,0.0,0.0,0.0,0.0,-1.0288406851304401,-0.14047085299690107,-1.5997892367159872,0.0,-0.3815063242203473,0.0,1.3188584896755027,-1.2477576317575039,0.38083954148338295,2.5528433784692286,-0.003512816998313406,0.0,0.0,-2.112828717783144,0.0,0.0,0.0,0.0,0.0,0.0,0.0,0.0,0.0,0.0,0.0,0.0,40.0,40.0,40.0,60.0,60.0,60.0,60.0,60.0,60.0,60.0,60.0,60.0,60.0,60.0,60.0,60.0,60.0,0.0,0.0,0.0,0.0,0.0,0.0,0.0,0.0,0.0,0.0,0.0,0.0,1.0,1.0,1.0,1.5,1.5,1.5,1.5,1.5,1.5,1.5,1.5,1.5,1.5,1.5,1.5,1.5,1.5,0.0,0.0,0.0,0.0,0.0,0.0,0.0,0.0,0.0,0.0,0.0,0.0,0.0,0.0,0.0,0.0,0.0,0.0,0.0,0.0,0.0,0.0,0.0,0.0,0.0,0.0,0.0,0.0,0.0
-0.1,0.0,0.0,0.3,-0.2,0.0,-0.1,0.0,0.0,0.3,-0.2,0.0,0.0,0.0,0.0,-0.5294095975718947,0.1493187609122286,0.019992009445459993,-1.047,-0.3880348780149131,1.61423,0.2291443710024768,-0.7064541759970725,-0.10498101146020175,-0.3717792643941478,-0.7624287567796892,1.97202,1.61423,-1.3313786061569859,0.0,0.0,0.0,0.0,0.0,0.0,0.0,0.0,0.0,0.0,0.0,0.0,0.0,0.0,0.0,-0.8654324280649439,-0.31456055520947196,-0.657847254429385,0.0,-0.46565897011493634,0.0,0.9078650611731514,-1.6324122705723698,0.3603063295280727,1.8060113671745162,-0.1795326869350189,0.0,0.0,-1.5706579560804013,0.0,0.0,0.0,0.0,0.0,0.0,0.0,0.0,0.0,0.0,0.0,0.0,40.0,40.0,40.0,60.0,60.0,60.0,60.0,60.0,60.0,60.0,60.0,60.0,60.0,60.0,60.0,60.0,60.0,0.0,0.0,0.0,0.0,0.0,0.0,0.0,0.0,0.0,0.0,0.0,0.0,1.0,1.0,1.0,1.5,1.5,1.5,1.5,1.5,1.5,1.5,1.5,1.5,1.5,1.5,1.5,1.5,1.5,0.0,0.0,0.0,0.0,0.0,0.0,0.0,0.0,0.0,0.0,0.0,0.0,0.0,0.0,0.0,0.0,0.0,0.0,0.0,0.0,0.0,0.0,0.0,0.0,0.0,0.0,0.0,0.0,0.0
-0.1,0.0,0.0,0.3,-0.2,0.0,-0.1,0.0,0.0,0.3,-0.2,0.0,0.0,0.0,0.0,-0.5451296326800794,0.14289958179265652,0.012062294976514988,-1.047,-0.40808224007352595,1.61423,0.26145679406558575,-0.7408899481998598,-0.09719436925136238,-0.3441172369898119,-0.7656681998440222,1.97202,1.61423,-1.3537524001125827,0.0,0.0,0.0,0.0,0.0,0.0,0.0,0.0,0.0,0.0,0.0,0.0,0.0,0.0,0.0,-0.8610548032061849,-0.3949405526808759,-0.3424629186868432,0.0,-1.2489783335552327,0.0,1.8721063842402712,-1.647748775331781,0.4816789078189144,1.0623905934269733,-0.015856677923531404,0.0,0.0,-0.5602682065678544,0.0,0.0,0.0,0.0,0.0,0.0,0.0,0.0,0.0,0.0,0.0,0.0,40.0,40.0,40.0,60.0,60.0,60.0,60.0,60.0,60.0,60.0,60.0,60.0,60.0,60.0,60.0,60.0,60.0,0.0,0.0,0.0,0.0,0.0,0.0,0.0,0.0,0.0,0.0,0.0,0.0,1.0,1.0,1.0,1.5,1.5,1.5,1.5,1.5,1.5,1.5,1.5,1.5,1.5,1.5,1.5,1.5,1.5,0.0,0.0,0.0,0.0,0.0,0.0,0.0,0.0,0.0,0.0,0.0,0.0,0.0,0.0,0.0,0.0,0.0,0.0,0.0,0.0,0.0,0.0,0.0,0.0,0.0,0.0,0.0,0.0,0.0
-0.1,0.0,0.0,0.3,-0.2,0.0,-0.1,0.0,0.0,0.3,-0.2,0.0,0.0,0.0,0.0,-0.563851789700142,0.13352113880499356,0.0062934926979862655,-1.047,-0.4379940113571224,1.61423,0.30402862637208766,-0.7723641270103437,-0.08571385514744517,-0.3292836406570689,-0.7630630238966305,1.97202,1.61423,-1.3537893344197,0.0,0.0,0.0,0.0,0.0,0.0,0.0,0.0,0.0,0.0,0.0,0.0,0.0,0.0,0.0,-1.1881572111982734,-0.46222184352610884,0.1706471297740964,0.0,-0.11295077371754475,0.0,1.0570537217589562,-1.3797976401297096,0.18695052133559306,0.33151866410879305,0.24826694517722792,0.0,0.0,-1.1704084012825744,0.0,0.0,0.0,0.0,0.0,0.0,0.0,0.0,0.0,0.0,0.0,0.0,40.0,40.0,40.0,60.0,60.0,60.0,60.0,60.0,60.0,60.0,60.0,60.0,60.0,60.0,60.0,60.0,60.0,0.0,0.0,0.0,0.0,0.0,0.0,0.0,0.0,0.0,0.0,0.0,0.0,1.0,1.0,1.0,1.5,1.5,1.5,1.5,1.5,1.5,1.5,1.5,1.5,1.5,1.5,1.5,1.5,1.5,0.0,0.0,0.0,0.0,0.0,0.0,0.0,0.0,0.0,0.0,0.0,0.0,0.0,0.0,0.0,0.0,0.0,0.0,0.0,0.0,0.0,0.0,0.0,0.0,0.0,0.0,0.0,0.0,0.0
-0.1,0.0,0.0,0.3,-0.2,0.0,-0.1,0.0,0.0,0.3,-0.2,0.0,0.0,0.0,0.0,-0.5926559211280104,0.12441070805161217,0.018888180167478844,-1.047,-0.41260027102222774,1.61423,0.303738942935944,-0.7960818538050481,-0.08971634839793866,-0.33085649042546017,-0.7557375220369331,1.97202,1.61423,-1.4005687361638857,0.0,0.0,0.0,0.0,0.0,0.0,0.0,0.0,0.0,0.0,0.0,0.0,0.0,0.0,0.0,-1.043790897281921,0.06432219534360517,-0.25915693467425127,0.0,0.6523971250974814,0.0,2.1873599327852973,-1.6318427029590215,0.016000221176616647,-0.7577069806421213,0.18217296246714476,0.0,0.0,-1.047532843429294,0.0,0.0,0.0,0.0,0.0,0.0,0.0,0.0,0.0,0.0,0.0,0.0,40.0,40.0,40.0,60.0,60.0,60.0,60.0,60.0,60.0,60.0,60.0,60.0,60.0,60.0,60.0,60.0,60.0,0.0,0.0,0.0,0.0,0.0,0.0,0.0,0.0,0.0,0.0,0.0,0.0,1.0,1.0,1.0,1.5,1.5,1.5,1.5,1.5,1.5,1.5,1.5,1.5,1.5,1.5,1.5,1.5,1.5,0.0,0.0,0.0,0.0,0.0,0.0,0.0,0.0,0.0,0.0,0.0,0.0,0.0,0.0,0.0,0.0,0.0,0.0,0.0,0.0,0.0,0.0,0.0,0.0,0.0,0.0,0.0,0.0,0.0
-0.1,0.0,0.0,0.3,-0.2,0.0,-0.1,0.0,0.0,0.3,-0.2,0.0,0.0,0.0,0.0,-0.6056034255914189,0.13609402661873776,-0.004072784688983786,-1.047,-0.41189812635322315,1.61423,0.39152302368349956,-0.8376378351287046,-0.0850738463003805,-0.35959191988275374,-0.7557761053979447,1.97202,1.61423,-1.3956906481568718,0.0,0.0,0.0,0.0,0.0,0.0,0.0,0.0,0.0,0.0,0.0,0.0,0.0,0.0,0.0,-0.8931394590817626,0.7673549969188197,-1.1678592519630813,0.0,2.960309846908635,0.0,2.040112208261903,-1.2422247683268273,-0.3101494181940473,-1.7576025914041102,0.7385808271365868,0.0,0.0,0.30469053291968806,0.0,0.0,0.0,0.0,0.0,0.0,0.0,0.0,0.0,0.0,0.0,0.0,40.0,40.0,40.0,60.0,60.0,60.0,60.0,60.0,60.0,60.0,60.0,60.0,60.0,60.0,60.0,60.0,60.0,0.0,0.0,0.0,0.0,0.0,0.0,0.0,0.0,0.0,0.0,0.0,0.0,1.0,1.0,1.0,1.5,1.5,1.5,1.5,1.5,1.5,1.5,1.5,1.5,1.5,1.5,1.5,1.5,1.5,0.0,0.0,0.0,0.0,0.0,0.0,0.0,0.0,0.0,0.0,0.0,0.0,0.0,0.0,0.0,0.0,0.0,0.0,0.0,0.0,0.0,0.0,0.0,0.0,0.0,0.0,0.0,0.0,0.0
-0.1,0.0,0.0,0.3,-0.2,0.0,-0.1,0.0,0.0,0.3,-0.2,0.0,0.0,0.0,0.0,-0.6283814994912809,0.15510490792836495,-0.02782618991104441,-1.047,-0.29418787714588235,1.61423,0.3853434312664201,-0.8457708445381212,-0.10212232512570055,-0.4011605940816246,-0.7261942889514696,1.97202,1.61423,-1.3883811148470981,0.0,0.0,0.0,0.0,0.0,0.0,0.0,0.0,0.0,0.0,0.0,0.0,0.0,0.0,0.0,-1.1546164603989744,0.78049709012772,-1.331390609151389,0.0,5.755603383424353,0.0,0.44805162658632103,-0.11317879592883384,-1.2043145085609608,-1.7041350137367919,1.774413199870664,0.0,0.0,-0.35174539513849745,0.0,0.0,0.0,0.0,0.0,0.0,0.0,0.0,0.0,0.0,0.0,0.0,40.0,40.0,40.0,60.0,60.0,60.0,60.0,60.0,60.0,60.0,60.0,60.0,60.0,60.0,60.0,60.0,60.0,0.0,0.0,0.0,0.0,0.0,0.0,0.0,0.0,0.0,0.0,0.0,0.0,1.0,1.0,1.0,1.5,1.5,1.5,1.5,1.5,1.5,1.5,1.5,1.5,1.5,1.5,1.5,1.5,1.5,0.0,0.0,0.0,0.0,0.0,0.0,0.0,0.0,0.0,0.0,0.0,0.0,0.0,0.0,0.0,0.0,0.0,0.0,0.0,0.0,0.0,0.0,0.0,0.0,0.0,0.0,0.0,0.0,0.0
-0.1,0.0,0.0,0.3,-0.2,0.0,-0.1,0.0,0.0,0.3,-0.2,0.0,0.0,0.0,0.0,-0.6517880840073779,0.16731391022384656,-0.057328409055039345,-1.047,-0.181673991016249,1.61423,0.4094450887469524,-0.842164986965858,-0.13324642664281894,-0.4277573204322254,-0.6847995774031181,1.97202,1.61423,-1.4097604639624117,0.0,0.0,0.0,0.0,0.0,0.0,0.0,0.0,0.0,0.0,0.0,0.0,0.0,0.0,0.0,-1.0545592441975282,0.498095409934278,-1.594925860327523,0.0,5.814906838396328,0.0,1.0484477881459078,0.05869426772678876,-1.5752842868696804,-0.6667456521854132,1.776122802985436,0.0,0.0,-2.1956218858494467,0.0,0.0,0.0,0.0,0.0,0.0,0.0,0.0,0.0,0.0,0.0,0.0,40.0,40.0,40.0,60.0,60.0,60.0,60.0,60.0,60.0,60.0,60.0,60.0,60.0,60.0,60.0,60.0,60.0,0.0,0.0,0.0,0.0,0.0,0.0,0.0,0.0,0.0,0.0,0.0,0.0,1.0,1.0,1.0,1.5,1.5,1.5,1.5,1.5,1.5,1.5,1.5,1.5,1.5,1.5,1.5,1.5,1.5,0.0,0.0,0.0,0.0,0.0,0.0,0.0,0.0,0.0,0.0,0.0,0.0,0.0,0.0,0.0,0.0,0.0,0.0,0.0,0.0,0.0,0.0,0.0,0.0,0.0,0.0,0.0,0.0,0.0
-0.1,0.0,0.0,0.3,-0.2,0.0,-0.1,0.0,0.0,0.3,-0.2,0.0,0.0,0.0,0.0,-0.670563869259182,0.17502872432573607,-0.09162322432414532,-1.047,-0.06159160361002921,1.61423,0.42728134279225644,-0.8434230738290497,-0.16513369660048777,-0.4278304201690411,-0.6551493768320522,1.97202,1.61423,-1.476205990281076,0.0,0.0,0.0,0.0,0.0,0.0,0.0,0.0,0.0,0.0,0.0,0.0,0.0,0.0,0.0,-0.03424261547372853,0.5027642860377143,-1.4210864400283587,0.0,6.799974595479008,0.0,-0.9996939005143132,0.24557527611365204,-1.4161298487822465,-0.40793730074632356,-0.2119376308163834,0.0,0.0,-4.23554190754587,0.0,0.0,0.0,0.0,0.0,0.0,0.0,0.0,0.0,0.0,0.0,0.0,40.0,40.0,40.0,60.0,60.0,60.0,60.0,60.0,60.0,60.0,60.0,60.0,60.0,60.0,60.0,60.0,60.0,0.0,0.0,0.0,0.0,0.0,0.0,0.0,0.0,0.0,0.0,0.0,0.0,1.0,1.0,1.0,1.5,1.5,1.5,1.5,1.5,1.5,1.5,1.5,1.5,1.5,1.5,1.5,1.5,1.5,0.0,0.0,0.0,0.0,0.0,0.0,0.0,0.0,0.0,0.0,0.0,0.0,0.0,0.0,0.0,0.0,0.0,0.0,0.0,0.0,0.0,0.0,0.0,0.0,0.0,0.0,0.0,0.0,0.0
-0.1,0.0,0.0,0.3,-0.2,0.0,-0.1,0.0,0.0,0.3,-0.2,0.0,0.0,0.0,0.0,-0.653157788626327,0.18742448166535514,-0.1141718666561737,-1.047,0.09032499280291134,1.61423,0.3694573327263799,-0.8323419759213119,-0.1898916205941088,-0.44407481246207836,-0.6932770826357735,1.97202,1.61423,-1.5791821402642465,0.0,0.0,0.0,0.0,0.0,0.0,0.0,0.0,0.0,0.0,0.0,0.0,0.0,0.0,0.0,0.9583483626896011,0.8410085899602695,-1.1069044963518522,0.0,7.3981440033400165,0.0,-2.0467365638343074,0.5437785261839051,-1.0353154025854496,-1.1020228210333272,-1.9005686101356583,0.0,0.0,-3.450600242973101,0.0,0.0,0.0,0.0,0.0,0.0,0.0,0.0,0.0,0.0,0.0,0.0,40.0,40.0,40.0,60.0,60.0,60.0,60.0,60.0,60.0,60.0,60.0,60.0,60.0,60.0,60.0,60.0,60.0,0.0,0.0,0.0,0.0,0.0,0.0,0.0,0.0,0.0,0.0,0.0,0.0,1.0,1.0,1.0,1.5,1.5,1.5,1.5,1.5,1.5,1.5,1.5,1.5,1.5,1.5,1.5,1.5,1.5,0.0,0.0,0.0,0.0,0.0,0.0,0.0,0.0,0.0,0.0,0.0,0.0,0.0,0.0,0.0,0.0,0.0,0.0,0.0,0.0,0.0,0.0,0.0,0.0,0.0,0.0,0.0,0.0,0.0
-0.1,0.0,0.0,0.3,-0.2,0.0,-0.1,0.0,0.0,0.3,-0.2,0.0,0.0,0.0,0.0,-0.6322299347515979,0.20866906792414686,-0.1358994041782194,-1.047,0.23433415652357148,1.61423,0.34541188023888414,-0.8216719327816935,-0.20654631270390575,-0.4719113330103742,-0.7311721212374785,1.97202,1.61423,-1.61423,0.0,0.0,0.0,0.0,0.0,0.0,0.0,0.0,0.0,0.0,0.0,0.0,0.0,0.0,0.0,1.079065009185323,1.168911977200268,-1.4116393516368755,0.0,7.8181315819574575,0.0,-1.9904816613249943,0.6518686847962418,-0.8346842284127763,-1.957592039872738,-1.6322460885735302,0.0,0.0,-0.8761964933938382,0.0,0.0,0.0,0.0,0.0,0.0,0.0,0.0,0.0,0.0,0.0,0.0,40.0,40.0,40.0,60.0,60.0,60.0,60.0,60.0,60.0,60.0,60.0,60.0,60.0,60.0,60.0,60.0,60.0,0.0,0.0,0.0,0.0,0.0,0.0,0.0,0.0,0.0,0.0,0.0,0.0,1.0,1.0,1.0,1.5,1.5,1.5,1.5,1.5,1.5,1.5,1.5,1.5,1.5,1.5,1.5,1.5,1.5,0.0,0.0,0.0,0.0,0.0,0.0,0.0,0.0,0.0,0.0,0.0,0.0,0.0,0.0,0.0,0.0,0.0,0.0,0.0,0.0,0.0,0.0,0.0,0.0,0.0,0.0,0.0,0.0,0.0
-0.1,0.0,0.0,0.3,-0.2,0.0,-0.1,0.0,0.0,0.3,-0.2,0.0,0.0,0.0,0.0,-0.6099951882589141,0.23418096075336586,-0.17063744072164871,-1.047,0.40305025608120965,1.61423,0.2898380662733801,-0.8062672285294622,-0.22327898973061985,-0.5223784940569879,-0.7585669261787147,1.97202,1.61423,-1.61423,0.0,0.0,0.0,0.0,0.0,0.0,0.0,0.0,0.0,0.0,0.0,0.0,0.0,0.0,0.0,1.1710631099722784,1.3770014290399035,-1.929343927625656,0.2527651011892118,8.106650410920576,0.0,-2.530249548543375,0.8506893858528125,-0.8473097047909363,-2.625115828859413,-1.3099472712183007,0.0,0.0,0.0,0.0,0.0,0.0,0.0,0.0,0.0,0.0,0.0,0.0,0.0,0.0,0.0,40.0,40.0,40.0,60.0,60.0,60.0,60.0,60.0,60.0,60.0,60.0,60.0,60.0,60.0,60.0,60.0,60.0,0.0,0.0,0.0,0.0,0.0,0.0,0.0,0.0,0.0,0.0,0.0,0.0,1.0,1.0,1.0,1.5,1.5,1.5,1.5,1.5,1.5,1.5,1.5,1.5,1.5,1.5,1.5,1.5,1.5,0.0,0.0,0.0,0.0,0.0,0.0,0.0,0.0,0.0,0.0,0.0,0.0,0.0,0.0,0.0,0.0,0.0,0.0,0.0,0.0,0.0,0.0,0.0,0.0,0.0,0.0,0.0,0.0,0.0
-0.1,0.0,0.0,0.3,-0.2,0.0,-0.1,0.0,0.0,0.3,-0.2,0.0,0.0,0.0,0.0,-0.5853874103527068,0.263749125085743,-0.21307316128324566,-1.0368893959524315,0.5586001729603945,1.61423,0.24420189829714914,-0.787644357347581,-0.2404387008955432,-0.5769159661647507,-0.7835700120862106,1.97202,1.61423,-1.61423,0.0,0.0,0.0,0.0,0.0,0.0,0.0,0.0,0.0,0.0,0.0,0.0,0.0,0.0,0.0,1.1166266264160007,1.2935750963298187,-1.765786974846576,0.48344945072038015,7.793935312804893,0.0,-2.5724584328107056,0.9551656486967097,-0.7580958436392927,-2.657002715145959,-1.195287570822881,0.0,0.0,0.0,0.0,0.0,0.0,0.0,0.0,0.0,0.0,0.0,0.0,0.0,0.0,0.0,40.0,40.0,40.0,60.0,60.0,60.0,60.0,60.0,60.0,60.0,60.0,60.0,60.0,60.0,60.0,60.0,60.0,0.0,0.0,0.0,0.0,0.0,0.0,0.0,0.0,0.0,0.0,0.0,0.0,1.0,1.0,1.0,1.5,1.5,1.5,1.5,1.5,1.5,1.5,1.5,1.5,1.5,1.5,1.5,1.5,1.5,0.0,0.0,0.0,0.0,0.0,0.0,0.0,0.0,0.0,0.0,0.0,0.0,0.0,0.0,0.0,0.0,0.0,0.0,0.0,0.0,0.0,0.0,0.0,0.0,0.0,0.0,0.0,0.0,0.0
-0.1,0.0,0.0,0.3,-0.2,0.0,-0.1,0.0,0.0,0.3,-0.2,0.0,0.0,0.0,0.0,-0.565330123202274,0.2859239646065586,-0.24126891971551176,-1.0276620219711847,0.7148076685934054,1.61423,0.18693972896095187,-0.7680606025815938,-0.25360282347619156,-0.6286586026628262,-0.8063784290116299,1.97202,1.61423,-1.61423,0.0,0.0,0.0,0.0,0.0,0.0,0.0,0.0,0.0,0.0,0.0,0.0,0.0,0.0,0.0,1.0028643575216378,1.1087419760407806,-1.409787921613305,0.4613686990623367,7.82681425049653,0.0,-3.153758500809135,1.0032098279020403,-0.6582061290324182,-2.5871318249037767,-1.1404208462709675,0.0,0.0,0.0,0.0,0.0,0.0,0.0,0.0,0.0,0.0,0.0,0.0,0.0,0.0,0.0,40.0,40.0,40.0,60.0,60.0,60.0,60.0,60.0,60.0,60.0,60.0,60.0,60.0,60.0,60.0,60.0,60.0,0.0,0.0,0.0,0.0,0.0,0.0,0.0,0.0,0.0,0.0,0.0,0.0,1.0,1.0,1.0,1.5,1.5,1.5,1.5,1.5,1.5,1.5,1.5,1.5,1.5,1.5,1.5,1.5,1.5,0.0,0.0,0.0,0.0,0.0,0.0,0.0,0.0,0.0,0.0,0.0,0.0,0.0,0.0,0.0,0.0,0.0,0.0,0.0,0.0,0.0,0.0,0.0,0.0,0.0,0.0,0.0,0.0,0.0
