q_00_left_hip_pitch,q_01_left_hip_roll,q_02_left_hip_yaw,q_03_left_knee,q_04_left_ankle_pitch,q_05_left_ankle_roll,q_06_right_hip_pitch,q_07_right_hip_roll,q_08_right_hip_yaw,q_09_right_knee,q_10_right_ankle_pitch,q_11_right_ankle_roll,q_12_waist_yaw,q_13_waist_roll,q_14_waist_pitch,q_15_left_shoulder_pitch,q_16_left_shoulder_roll,q_17_left_shoulder_yaw,q_18_left_elbow,q_19_left_wrist_roll,q_20_left_wrist_pitch,q_21_left_wrist_yaw,q_22_right_shoulder_pitch,q_23_right_shoulder_roll,q_24_right_shoulder_yaw,q_25_right_elbow,q_26_right_wrist_roll,q_27_right_wrist_pitch,q_28_right_wrist_yaw,dq_00_left_hip_pitch,dq_01_left_hip_roll,dq_02_left_hip_yaw,dq_03_left_knee,dq_04_left_ankle_pitch,dq_05_left_ankle_roll,dq_06_right_hip_pitch,dq_07_right_hip_roll,dq_08_right_hip_yaw,dq_09_right_knee,dq_10_right_ankle_pitch,dq_11_right_ankle_roll,dq_12_waist_yaw,dq_13_waist_roll,dq_14_waist_pitch,dq_15_left_shoulder_pitch,dq_16_left_shoulder_roll,dq_17_left_shoulder_yaw,dq_18_left_elbow,dq_19_left_wrist_roll,dq_20_left_wrist_pitch,dq_21_left_wrist_yaw,dq_22_right_shoulder_pitch,dq_23_right_shoulder_roll,dq_24_right_shoulder_yaw,dq_25_right_elbow,dq_26_right_wrist_roll,dq_27_right_wrist_pitch,dq_28_right_wrist_yaw,kp_00_left_hip_pitch,kp_01_left_hip_roll,kp_02_left_hip_yaw,kp_03_left_knee,kp_04_left_ankle_pitch,kp_05_left_ankle_roll,kp_06_right_hip_pitch,kp_07_right_hip_roll,kp_08_right_hip_yaw,kp_09_right_knee,kp_10_right_ankle_pitch,kp_11_right_ankle_roll,kp_12_waist_yaw,kp_13_waist_roll,kp_14_waist_pitch,kp_15_left_shoulder_pitch,kp_16_left_shoulder_roll,kp_17_left_shoulder_yaw,kp_18_left_elbow,kp_19_left_wrist_roll,kp_20_left_wrist_pitch,kp_21_left_wrist_yaw,kp_22_right_shoulder_pitch,kp_23_right_shoulder_roll,kp_24_right_shoulder_yaw,kp_25_right_elbow,kp_26_right_wrist_roll,kp_27_right_wrist_pitch,kp_28_right_wrist_yaw,kd_00_left_hip_pitch,kd_01_left_hip_roll,kd_02_left_hip_yaw,kd_03_left_knee,kd_04_left_ankle_pitch,kd_05_left_ankle_roll,kd_06_right_hip_pitch,kd_07_right_hip_roll,kd_08_right_hip_yaw,kd_09_right_knee,kd_10_right_ankle_pitch,kd_11_right_ankle_roll,kd_12_waist_yaw,kd_13_waist_roll,kd_14_waist_pitch,kd_15_left_shoulder_pitch,kd_16_left_shoulder_roll,kd_17_left_shoulder_yaw,kd_18_left_elbow,kd_19_left_wrist_roll,kd_20_left_wrist_pitch,kd_21_left_wrist_yaw,kd_22_right_shoulder_pitch,kd_23_right_shoulder_roll,kd_24_right_shoulder_yaw,kd_25_right_elbow,kd_26_right_wrist_roll,kd_27_right_wrist_pitch,kd_28_right_wrist_yaw,tau_00_left_hip_pitch,tau_01_left_hip_roll,tau_02_left_hip_yaw,tau_03_left_knee,tau_04_left_ankle_pitch,tau_05_left_ankle_roll,tau_06_right_hip_pitch,tau_07_right_hip_roll,tau_08_right_hip_yaw,tau_09_right_knee,tau_10_right_ankle_pitch,tau_11_right_ankle_roll,tau_12_waist_yaw,tau_13_waist_roll,tau_14_waist_pitch,tau_15_left_shoulder_pitch,tau_16_left_shoulder_roll,tau_17_left_shoulder_yaw,tau_18_left_elbow,tau_19_left_wrist_roll,tau_20_left_wrist_pitch,tau_21_left_wrist_yaw,tau_22_right_shoulder_pitch,tau_23_right_shoulder_roll,tau_24_right_shoulder_yaw,tau_25_right_elbow,tau_26_right_wrist_roll,tau_27_right_wrist_pitch,tau_28_right_wrist_yaw
-0.100000,0.000000,0.000000,0.300000,-0.200000,0.000000,-0.100000,0.000000,0.000000,0.300000,-0.200000,0.000000,0.000000,0.000000,0.000000,0.249669,0.179956,-0.000436,-0.000045,-0.000813,-0.000629,-0.000264,0.249771,-0.179869,0.000484,0.000180,0.000732,-0.000429,0.000708,0.0,0.0,0.0,0.0,0.0,0.0,0.0,0.0,0.0,0.0,0.0,0.0,0.0,0.0,0.0,0.0,0.0,0.0,0.0,0.0,0.0,0.0,0.0,0.0,0.0,0.0,0.0,0.0,0.0,0.0,0.0,0.0,0.0,0.0,0.0,0.0,0.0,0.0,0.0,0.0,0.0,40.0,40.0,40.0,60.0,60.0,60.0,60.0,60.0,60.0,60.0,60.0,60.0,60.0,60.0,60.0,60.0,60.0,0.0,0.0,0.0,0.0,0.0,0.0,0.0,0.0,0.0,0.0,0.0,0.0,1.0,1.0,1.0,1.5,1.5,1.5,1.5,1.5,1.5,1.5,1.5,1.5,1.5,1.5,1.5,1.5,1.5,0.0,0.0,0.0,0.0,0.0,0.0,0.0,0.0,0.0,0.0,0.0,0.0,0.0,0.0,0.0,0.0,0.0,0.0,0.0,0.0,0.0,0.0,0.0,0.0,0.0,0.0,0.0,0.0,0.0
-0.100000,0.000000,0.000000,0.300000,-0.200000,0.000000,-0.100000,0.000000,0.000000,0.300000,-0.200000,0.000000,0.000000,0.000000,0.000000,0.249068,0.181548,-0.000031,-0.005618,-0.013637,0.003325,-0.016179,0.248344,-0.181723,0.002107,-0.006784,0.007164,0.008558,0.014895,0.0,0.0,0.0,0.0,0.0,0.0,0.0,0.0,0.0,0.0,0.0,0.0,0.0,0.0,0.0,-0.08721904631413674,0.03025111471399583,0.03512686714389525,-0.1988163854293466,-0.8445914154042463,0.2135819921605981,-0.3863045085019304,-0.11601109656220257,-0.04047156178609984,0.013067773722796055,-0.21081030457000186,0.6032017812947692,0.27586185363333326,0.34430181955575306,0.0,0.0,0.0,0.0,0.0,0.0,0.0,0.0,0.0,0.0,0.0,0.0,40.0,40.0,40.0,60.0,60.0,60.0,60.0,60.0,60.0,60.0,60.0,60.0,60.0,60.0,60.0,60.0,60.0,0.0,0.0,0.0,0.0,0.0,0.0,0.0,0.0,0.0,0.0,0.0,0.0,1.0,1.0,1.0,1.5,1.5,1.5,1.5,1.5,1.5,1.5,1.5,1.5,1.5,1.5,1.5,1.5,1.5,0.0,0.0,0.0,0.0,0.0,0.0,0.0,0.0,0.0,0.0,0.0,0.0,0.0,0.0,0.0,0.0,0.0,0.0,0.0,0.0,0.0,0.0,0.0,0.0,0.0,0.0,0.0,0.0,0.0
-0.100000,0.000000,0.000000,0.300000,-0.200000,0.000000,-0.100000,0.000000,0.000000,0.300000,-0.200000,0.000000,0.000000,0.000000,0.000000,0.246277,0.183387,0.004424,-0.018065,-0.048806,0.019262,-0.041338,0.243372,-0.184235,0.000785,-0.022604,0.037885,0.034552,0.032442,0.0,0.0,0.0,0.0,0.0,0.0,0.0,0.0,0.0,0.0,0.0,0.0,0.0,0.0,0.0,-0.2715390358449872,0.07646708574515493,0.17983118061923772,-0.7225487426486219,-2.622465666749024,0.8378802101927926,-1.233365452394895,-0.37713981382116385,-0.11227484859395523,-0.004803140439137185,-0.7964018497017715,2.1399963955846206,1.1862369626727276,1.0008017590801175,0.0,0.0,0.0,0.0,0.0,0.0,0.0,0.0,0.0,0.0,0.0,0.0,40.0,40.0,40.0,60.0,60.0,60.0,60.0,60.0,60.0,60.0,60.0,60.0,60.0,60.0,60.0,60.0,60.0,0.0,0.0,0.0,0.0,0.0,0.0,0.0,0.0,0.0,0.0,0.0,0.0,1.0,1.0,1.0,1.5,1.5,1.5,1.5,1.5,1.5,1.5,1.5,1.5,1.5,1.5,1.5,1.5,1.5,0.0,0.0,0.0,0.0,0.0,0.0,0.0,0.0,0.0,0.0,0.0,0.0,0.0,0.0,0.0,0.0,0.0,0.0,0.0,0.0,0.0,0.0,0.0,0.0,0.0,0.0,0.0,0.0,0.0
-0.100000,0.000000,0.000000,0.300000,-0.200000,0.000000,-0.100000,0.000000,0.000000,0.300000,-0.200000,0.000000,0.000000,0.000000,0.000000,0.239190,0.185242,0.016430,-0.042213,-0.125293,0.057101,-0.079625,0.231748,-0.187518,-0.006533,-0.053318,0.114599,0.090179,0.052792,0.0,0.0,0.0,0.0,0.0,0.0,0.0,0.0,0.0,0.0,0.0,0.0,0.0,0.0,0.0,-0.5078753113115474,0.1201090284964873,0.523057781505202,-1.4767013054863714,-4.862769070643023,1.9081647631563308,-2.3560344272843743,-0.7333875872642781,-0.1991380814499795,-0.17896297671213382,-1.7475859532639213,4.636353966393809,2.955905123902155,1.7015497429883109,0.0,0.0,0.0,0.0,0.0,0.0,0.0,0.0,0.0,0.0,0.0,0.0,40.0,40.0,40.0,60.0,60.0,60.0,60.0,60.0,60.0,60.0,60.0,60.0,60.0,60.0,60.0,60.0,60.0,0.0,0.0,0.0,0.0,0.0,0.0,0.0,0.0,0.0,0.0,0.0,0.0,1.0,1.0,1.0,1.5,1.5,1.5,1.5,1.5,1.5,1.5,1.5,1.5,1.5,1.5,1.5,1.5,1.5,0.0,0.0,0.0,0.0,0.0,0.0,0.0,0.0,0.0,0.0,0.0,0.0,0.0,0.0,0.0,0.0,0.0,0.0,0.0,0.0,0.0,0.0,0.0,0.0,0.0,0.0,0.0,0.0,0.0
-0.100000,0.000000,0.000000,0.300000,-0.200000,0.000000,-0.100000,0.000000,0.000000,0.300000,-0.200000,0.000000,0.000000,0.000000,0.000000,0.225840,0.186192,0.037770,-0.079235,-0.255819,0.121644,-0.126133,0.211253,-0.190805,-0.022152,-0.099580,0.252362,0.178360,0.070185,0.0,0.0,0.0,0.0,0.0,0.0,0.0,0.0,0.0,0.0,0.0,0.0,0.0,0.0,0.0,-0.8119239368836295,0.13599348804303468,1.1360980321810048,-2.3247262880723576,-7.640192439500649,3.5445647574528185,-3.5702373441532886,-1.2467163143132953,-0.28046719613425974,-0.6831959359633176,-2.9962006067956195,8.52552509421384,5.83523343652009,1.736291799679098,0.0,0.0,0.0,0.0,0.0,0.0,0.0,0.0,0.0,0.0,0.0,0.0,40.0,40.0,40.0,60.0,60.0,60.0,60.0,60.0,60.0,60.0,60.0,60.0,60.0,60.0,60.0,60.0,60.0,0.0,0.0,0.0,0.0,0.0,0.0,0.0,0.0,0.0,0.0,0.0,0.0,1.0,1.0,1.0,1.5,1.5,1.5,1.5,1.5,1.5,1.5,1.5,1.5,1.5,1.5,1.5,1.5,1.5,0.0,0.0,0.0,0.0,0.0,0.0,0.0,0.0,0.0,0.0,0.0,0.0,0.0,0.0,0.0,0.0,0.0,0.0,0.0,0.0,0.0,0.0,0.0,0.0,0.0,0.0,0.0,0.0,0.0
-0.100000,0.000000,0.000000,0.300000,-0.200000,0.000000,-0.100000,0.000000,0.000000,0.300000,-0.200000,0.000000,0.000000,0.000000,0.000000,0.204386,0.184812,0.066706,-0.125910,-0.444737,0.208648,-0.167531,0.180942,-0.192544,-0.045554,-0.155149,0.455509,0.288190,0.076729,0.0,0.0,0.0,0.0,0.0,0.0,0.0,0.0,0.0,0.0,0.0,0.0,0.0,0.0,0.0,-1.212348904672452,-0.009027557357250277,1.7679383375941846,-2.8946949394601402,-10.75580973756729,5.303941975944193,-3.381165515515107,-1.753282788242602,-0.13675683567129157,-1.4330308518358765,-3.7012172546348148,11.975352921109483,7.3757983825268685,0.6968191939212675,0.0,0.0,0.0,0.0,0.0,0.0,0.0,0.0,0.0,0.0,0.0,0.0,40.0,40.0,40.0,60.0,60.0,60.0,60.0,60.0,60.0,60.0,60.0,60.0,60.0,60.0,60.0,60.0,60.0,0.0,0.0,0.0,0.0,0.0,0.0,0.0,0.0,0.0,0.0,0.0,0.0,1.0,1.0,1.0,1.5,1.5,1.5,1.5,1.5,1.5,1.5,1.5,1.5,1.5,1.5,1.5,1.5,1.5,0.0,0.0,0.0,0.0,0.0,0.0,0.0,0.0,0.0,0.0,0.0,0.0,0.0,0.0,0.0,0.0,0.0,0.0,0.0,0.0,0.0,0.0,0.0,0.0,0.0,0.0,0.0,0.0,0.0
-0.100000,0.000000,0.000000,0.300000,-0.200000,0.000000,-0.100000,0.000000,0.000000,0.300000,-0.200000,0.000000,0.000000,0.000000,0.000000,0.173373,0.179891,0.096765,-0.175445,-0.685929,0.302456,-0.188266,0.141444,-0.191048,-0.071357,-0.208296,0.715380,0.396704,0.068764,0.0,0.0,0.0,0.0,0.0,0.0,0.0,0.0,0.0,0.0,0.0,0.0,0.0,0.0,0.0,-1.7176025277270717,-0.3347672361791926,1.9638836371614572,-2.8093013793367736,-13.603215161412175,6.124526789048467,-1.1896683766349696,-2.220797595556431,0.23344958034606997,-1.8474136641674312,-2.979191951502306,14.43704170408413,6.154746737490189,-0.7662091770157513,0.0,0.0,0.0,0.0,0.0,0.0,0.0,0.0,0.0,0.0,0.0,0.0,40.0,40.0,40.0,60.0,60.0,60.0,60.0,60.0,60.0,60.0,60.0,60.0,60.0,60.0,60.0,60.0,60.0,0.0,0.0,0.0,0.0,0.0,0.0,0.0,0.0,0.0,0.0,0.0,0.0,1.0,1.0,1.0,1.5,1.5,1.5,1.5,1.5,1.5,1.5,1.5,1.5,1.5,1.5,1.5,1.5,1.5,0.0,0.0,0.0,0.0,0.0,0.0,0.0,0.0,0.0,0.0,0.0,0.0,0.0,0.0,0.0,0.0,0.0,0.0,0.0,0.0,0.0,0.0,0.0,0.0,0.0,0.0,0.0,0.0,0.0
-0.100000,0.000000,0.000000,0.300000,-0.200000,0.000000,-0.100000,0.000000,0.000000,0.300000,-0.200000,0.000000,0.000000,0.000000,0.000000,0.132280,0.171345,0.117624,-0.220001,-0.947729,0.378782,-0.181066,0.095010,-0.185324,-0.089412,-0.246548,0.977180,0.477903,0.052948,0.0,0.0,0.0,0.0,0.0,0.0,0.0,0.0,0.0,0.0,0.0,0.0,0.0,0.0,0.0,-2.341592434701845,-0.7523926360744455,1.1291652139984238,-2.271037640152626,-14.431764744485886,4.2623932319883995,2.2521797938786863,-2.6254412974539556,0.6630546372430198,-1.0856748978746407,-1.5226496647064234,14.922540423651736,3.2264686822010917,-2.436769782148112,0.0,0.0,0.0,0.0,0.0,0.0,0.0,0.0,0.0,0.0,0.0,0.0,40.0,40.0,40.0,60.0,60.0,60.0,60.0,60.0,60.0,60.0,60.0,60.0,60.0,60.0,60.0,60.0,60.0,0.0,0.0,0.0,0.0,0.0,0.0,0.0,0.0,0.0,0.0,0.0,0.0,1.0,1.0,1.0,1.5,1.5,1.5,1.5,1.5,1.5,1.5,1.5,1.5,1.5,1.5,1.5,1.5,1.5,0.0,0.0,0.0,0.0,0.0,0.0,0.0,0.0,0.0,0.0,0.0,0.0,0.0,0.0,0.0,0.0,0.0,0.0,0.0,0.0,0.0,0.0,0.0,0.0,0.0,0.0,0.0,0.0,0.0
-0.100000,0.000000,0.000000,0.300000,-0.200000,0.000000,-0.100000,0.000000,0.000000,0.300000,-0.200000,0.000000,0.000000,0.000000,0.000000,0.082061,0.160549,0.118467,-0.254015,-1.209528,0.413761,-0.154797,0.045081,-0.175189,-0.087977,-0.262243,1.238979,0.513735,0.047170,0.0,0.0,0.0,0.0,0.0,0.0,0.0,0.0,0.0,0.0,0.0,0.0,0.0,0.0,0.0,-2.7306083195793343,-0.6125544131844775,-0.2976951254076668,-1.3026731292344946,-15.20534603145269,0.22443132988549247,4.069917389680097,-2.5797032182014914,0.5340438333294436,0.33591862173675824,0.061503206492959095,15.95869696428035,-0.7355454483618392,-2.154481421287853,0.0,0.0,0.0,0.0,0.0,0.0,0.0,0.0,0.0,0.0,0.0,0.0,40.0,40.0,40.0,60.0,60.0,60.0,60.0,60.0,60.0,60.0,60.0,60.0,60.0,60.0,60.0,60.0,60.0,0.0,0.0,0.0,0.0,0.0,0.0,0.0,0.0,0.0,0.0,0.0,0.0,1.0,1.0,1.0,1.5,1.5,1.5,1.5,1.5,1.5,1.5,1.5,1.5,1.5,1.5,1.5,1.5,1.5,0.0,0.0,0.0,0.0,0.0,0.0,0.0,0.0,0.0,0.0,0.0,0.0,0.0,0.0,0.0,0.0,0.0,0.0,0.0,0.0,0.0,0.0,0.0,0.0,0.0,0.0,0.0,0.0,0.0
-0.100000,0.000000,0.000000,0.300000,-0.200000,0.000000,-0.100000,0.000000,0.000000,0.300000,-0.200000,0.000000,0.000000,0.000000,0.000000,0.025270,0.149619,0.092370,-0.276815,-1.471327,0.394433,-0.131808,-0.004658,-0.160544,-0.058544,-0.255772,1.500778,0.499768,0.072568,0.0,0.0,0.0,0.0,0.0,0.0,0.0,0.0,0.0,0.0,0.0,0.0,0.0,0.0,0.0,-2.8841078489363072,-0.4184463943101749,-2.1040034961645553,-0.2537438390846872,-13.338845927635035,-3.0970328599121784,1.9615593683036072,-2.4548375358143124,0.43964679612639446,2.257237237992468,1.4203026937180396,15.4243612584046,-3.2211942264728206,1.9356548039269672,0.0,0.0,0.0,0.0,0.0,0.0,0.0,0.0,0.0,0.0,0.0,0.0,40.0,40.0,40.0,60.0,60.0,60.0,60.0,60.0,60.0,60.0,60.0,60.0,60.0,60.0,60.0,60.0,60.0,0.0,0.0,0.0,0.0,0.0,0.0,0.0,0.0,0.0,0.0,0.0,0.0,1.0,1.0,1.0,1.5,1.5,1.5,1.5,1.5,1.5,1.5,1.5,1.5,1.5,1.5,1.5,1.5,1.5,0.0,0.0,0.0,0.0,0.0,0.0,0.0,0.0,0.0,0.0,0.0,0.0,0.0,0.0,0.0,0.0,0.0,0.0,0.0,0.0,0.0,0.0,0.0,0.0,0.0,0.0,0.0,0.0,0.0
-0.100000,0.000000,0.000000,0.300000,-0.200000,0.000000,-0.100000,0.000000,0.000000,0.300000,-0.200000,0.000000,0.000000,0.000000,0.000000,-0.034173,0.140505,0.039565,-0.292922,-1.723016,0.323624,-0.134785,-0.051289,-0.141185,0.000218,-0.235180,1.762578,0.442275,0.139597,0.0,0.0,0.0,0.0,0.0,0.0,0.0,0.0,0.0,0.0,0.0,0.0,0.0,0.0,0.0,-3.195777429080715,-0.5211133226024657,-3.875034273557291,-0.05839155984094235,-8.794342225957402,-5.721238725829955,-1.5804641330681244,-2.150434170658814,1.107846907175391,4.374463489898769,1.6590903026428794,8.23923984183706,-3.362361961344061,6.242210713642156,0.0,0.0,0.0,0.0,0.0,0.0,0.0,0.0,0.0,0.0,0.0,0.0,40.0,40.0,40.0,60.0,60.0,60.0,60.0,60.0,60.0,60.0,60.0,60.0,60.0,60.0,60.0,60.0,60.0,0.0,0.0,0.0,0.0,0.0,0.0,0.0,0.0,0.0,0.0,0.0,0.0,1.0,1.0,1.0,1.5,1.5,1.5,1.5,1.5,1.5,1.5,1.5,1.5,1.5,1.5,1.5,1.5,1.5,0.0,0.0,0.0,0.0,0.0,0.0,0.0,0.0,0.0,0.0,0.0,0.0,0.0,0.0,0.0,0.0,0.0,0.0,0.0,0.0,0.0,0.0,0.0,0.0,0.0,0.0,0.0,0.0,0.0
-0.100000,0.000000,0.000000,0.300000,-0.200000,0.000000,-0.100000,0.000000,0.000000,0.300000,-0.200000,0.000000,0.000000,0.000000,0.000000,-0.091412,0.134619,-0.032139,-0.309148,-1.871200,0.217155,-0.173220,-0.093207,-0.117968,0.081530,-0.212711,1.927972,0.350872,0.239299,0.0,0.0,0.0,0.0,0.0,0.0,0.0,0.0,0.0,0.0,0.0,0.0,0.0,0.0,0.0,-2.9407852034720032,-0.19694176620944012,-4.539772428333726,-0.9314193036835685,-5.066719104264522,-7.0776975040000965,-4.304589796662269,-1.8095772681882492,1.47712252424798,5.074799155567295,1.2209199733752722,1.7386896491456028,-4.72773126400362,7.32048969446947,0.0,0.0,0.0,0.0,0.0,0.0,0.0,0.0,0.0,0.0,0.0,0.0,40.0,40.0,40.0,60.0,60.0,60.0,60.0,60.0,60.0,60.0,60.0,60.0,60.0,60.0,60.0,60.0,60.0,0.0,0.0,0.0,0.0,0.0,0.0,0.0,0.0,0.0,0.0,0.0,0.0,1.0,1.0,1.0,1.5,1.5,1.5,1.5,1.5,1.5,1.5,1.5,1.5,1.5,1.5,1.5,1.5,1.5,0.0,0.0,0.0,0.0,0.0,0.0,0.0,0.0,0.0,0.0,0.0,0.0,0.0,0.0,0.0,0.0,0.0,0.0,0.0,0.0,0.0,0.0,0.0,0.0,0.0,0.0,0.0,0.0,0.0
-0.100000,0.000000,0.000000,0.300000,-0.200000,0.000000,-0.100000,0.000000,0.000000,0.300000,-0.200000,0.000000,0.000000,0.000000,0.000000,-0.141716,0.132581,-0.110438,-0.330149,-1.955469,0.096025,-0.239574,-0.129997,-0.093684,0.173532,-0.200270,1.989235,0.234546,0.347792,0.0,0.0,0.0,0.0,0.0,0.0,0.0,0.0,0.0,0.0,0.0,0.0,0.0,0.0,0.0,-2.2343390396425926,0.10732030704457621,-4.161720261491928,-1.7735532404066223,-1.4349384749280603,-6.130959738748653,-5.062951787923316,-1.6846002587096558,1.3352734935669068,4.833043958268921,0.3589673671624577,0.0,-6.542688599764909,6.0090037451459155,0.0,0.0,0.0,0.0,0.0,0.0,0.0,0.0,0.0,0.0,0.0,0.0,40.0,40.0,40.0,60.0,60.0,60.0,60.0,60.0,60.0,60.0,60.0,60.0,60.0,60.0,60.0,60.0,60.0,0.0,0.0,0.0,0.0,0.0,0.0,0.0,0.0,0.0,0.0,0.0,0.0,1.0,1.0,1.0,1.5,1.5,1.5,1.5,1.5,1.5,1.5,1.5,1.5,1.5,1.5,1.5,1.5,1.5,0.0,0.0,0.0,0.0,0.0,0.0,0.0,0.0,0.0,0.0,0.0,0.0,0.0,0.0,0.0,0.0,0.0,0.0,0.0,0.0,0.0,0.0,0.0,0.0,0.0,0.0,0.0,0.0,0.0
-0.100000,0.000000,0.000000,0.300000,-0.200000,0.000000,-0.100000,0.000000,0.000000,0.300000,-0.200000,0.000000,0.000000,0.000000,0.000000,-0.181994,0.133991,-0.183606,-0.356099,-1.990334,-0.022452,-0.315884,-0.161802,-0.072296,0.264354,-0.205760,2.004246,0.102354,0.439248,0.0,0.0,0.0,0.0,0.0,0.0,0.0,0.0,0.0,0.0,0.0,0.0,0.0,0.0,0.0,-1.5592319975980053,0.25124378074989695,-3.077531649558151,-1.73770818103086,0.0,-4.824047521362541,-3.9882215280012434,-1.4929802047582152,0.9750981514269234,4.081214915966036,-0.9420185947682402,0.0,-6.732593154331422,3.587033599242466,0.0,0.0,0.0,0.0,0.0,0.0,0.0,0.0,0.0,0.0,0.0,0.0,40.0,40.0,40.0,60.0,60.0,60.0,60.0,60.0,60.0,60.0,60.0,60.0,60.0,60.0,60.0,60.0,60.0,0.0,0.0,0.0,0.0,0.0,0.0,0.0,0.0,0.0,0.0,0.0,0.0,1.0,1.0,1.0,1.5,1.5,1.5,1.5,1.5,1.5,1.5,1.5,1.5,1.5,1.5,1.5,1.5,1.5,0.0,0.0,0.0,0.0,0.0,0.0,0.0,0.0,0.0,0.0,0.0,0.0,0.0,0.0,0.0,0.0,0.0,0.0,0.0,0.0,0.0,0.0,0.0,0.0,0.0,0.0,0.0,0.0,0.0
-0.100000,0.000000,0.000000,0.300000,-0.200000,0.000000,-0.100000,0.000000,0.000000,0.300000,-0.200000,0.000000,0.000000,0.000000,0.000000,-0.211538,0.137778,-0.244416,-0.384105,-1.995766,-0.129618,-0.384057,-0.188720,-0.057401,0.345712,-0.231111,1.997694,-0.035796,0.497009,0.0,0.0,0.0,0.0,0.0,0.0,0.0,0.0,0.0,0.0,0.0,0.0,0.0,0.0,0.0,-1.2151420636630779,0.10553843047727274,-2.479168127914353,-1.4093702456874815,0.0,-4.985295741684293,-2.5923071327358507,-1.2767362452902324,0.7172755967004806,3.69342053768405,-2.217271263601084,0.0,-7.159960432947851,1.4007922936662767,0.0,0.0,0.0,0.0,0.0,0.0,0.0,0.0,0.0,0.0,0.0,0.0,40.0,40.0,40.0,60.0,60.0,60.0,60.0,60.0,60.0,60.0,60.0,60.0,60.0,60.0,60.0,60.0,60.0,0.0,0.0,0.0,0.0,0.0,0.0,0.0,0.0,0.0,0.0,0.0,0.0,1.0,1.0,1.0,1.5,1.5,1.5,1.5,1.5,1.5,1.5,1.5,1.5,1.5,1.5,1.5,1.5,1.5,0.0,0.0,0.0,0.0,0.0,0.0,0.0,0.0,0.0,0.0,0.0,0.0,0.0,0.0,0.0,0.0,0.0,0.0,0.0,0.0,0.0,0.0,0.0,0.0,0.0,0.0,0.0,0.0,0.0
-0.100000,0.000000,0.000000,0.300000,-0.200000,0.000000,-0.100000,0.000000,0.000000,0.300000,-0.200000,0.000000,0.000000,0.000000,0.000000,-0.231610,0.142802,-0.291012,-0.411155,-1.988981,-0.224771,-0.432717,-0.210696,-0.050992,0.413719,-0.272432,1.986038,-0.169929,0.517674,0.0,0.0,0.0,0.0,0.0,0.0,0.0,0.0,0.0,0.0,0.0,0.0,0.0,0.0,0.0,-0.5355443299332262,0.32799935225091004,-1.8797476888467917,-1.2946397448282256,0.0,-4.00582645431436,-1.5871661349906765,-1.1270158597751836,-0.05014723615117678,2.7339142681655244,-2.6163211954176804,0.0,-6.747498990380869,-1.01406933049374,0.0,0.0,0.0,0.0,0.0,0.0,0.0,0.0,0.0,0.0,0.0,0.0,40.0,40.0,40.0,60.0,60.0,60.0,60.0,60.0,60.0,60.0,60.0,60.0,60.0,60.0,60.0,60.0,60.0,0.0,0.0,0.0,0.0,0.0,0.0,0.0,0.0,0.0,0.0,0.0,0.0,1.0,1.0,1.0,1.5,1.5,1.5,1.5,1.5,1.5,1.5,1.5,1.5,1.5,1.5,1.5,1.5,1.5,0.0,0.0,0.0,0.0,0.0,0.0,0.0,0.0,0.0,0.0,0.0,0.0,0.0,0.0,0.0,0.0,0.0,0.0,0.0,0.0,0.0,0.0,0.0,0.0,0.0,0.0,0.0,0.0,0.0
-0.100000,0.000000,0.000000,0.300000,-0.200000,0.000000,-0.100000,0.000000,0.000000,0.300000,-0.200000,0.000000,0.000000,0.000000,0.000000,-0.244505,0.148066,-0.325724,-0.435952,-1.980427,-0.312128,-0.458551,-0.227866,-0.052693,0.468042,-0.322290,1.976866,-0.291641,0.508730,0.0,0.0,0.0,0.0,0.0,0.0,0.0,0.0,0.0,0.0,0.0,0.0,0.0,0.0,0.0,-0.4286767503895776,0.363478932108361,-1.0579697543255244,-1.0179218407802086,0.0,-3.3829205191817575,-0.3929967536112203,-0.7053660138878016,-0.6560679776502921,2.0656581079114016,-2.8080374842713614,0.0,-5.707142683892533,-2.362269265111694,0.0,0.0,0.0,0.0,0.0,0.0,0.0,0.0,0.0,0.0,0.0,0.0,40.0,40.0,40.0,60.0,60.0,60.0,60.0,60.0,60.0,60.0,60.0,60.0,60.0,60.0,60.0,60.0,60.0,0.0,0.0,0.0,0.0,0.0,0.0,0.0,0.0,0.0,0.0,0.0,0.0,1.0,1.0,1.0,1.5,1.5,1.5,1.5,1.5,1.5,1.5,1.5,1.5,1.5,1.5,1.5,1.5,1.5,0.0,0.0,0.0,0.0,0.0,0.0,0.0,0.0,0.0,0.0,0.0,0.0,0.0,0.0,0.0,0.0,0.0,0.0,0.0,0.0,0.0,0.0,0.0,0.0,0.0,0.0,0.0,0.0,0.0
-0.100000,0.000000,0.000000,0.300000,-0.200000,0.000000,-0.100000,0.000000,0.000000,0.300000,-0.200000,0.000000,0.000000,0.000000,0.000000,-0.252350,0.152818,-0.353249,-0.459207,-1.974382,-0.397259,-0.464500,-0.241127,-0.060059,0.510263,-0.372788,1.971907,-0.396194,0.481475,0.0,0.0,0.0,0.0,0.0,0.0,0.0,0.0,0.0,0.0,0.0,0.0,0.0,0.0,0.0,-0.5796243673322911,0.028025912539327014,-1.201425917783415,-0.8886287753001473,0.0,-4.362866089754207,0.7185897296791421,-0.454429621895705,-0.4167135330168003,2.195476812419449,-2.681718772206147,0.0,-4.874264056660967,-1.6447973334042312,0.0,0.0,0.0,0.0,0.0,0.0,0.0,0.0,0.0,0.0,0.0,0.0,40.0,40.0,40.0,60.0,60.0,60.0,60.0,60.0,60.0,60.0,60.0,60.0,60.0,60.0,60.0,60.0,60.0,0.0,0.0,0.0,0.0,0.0,0.0,0.0,0.0,0.0,0.0,0.0,0.0,1.0,1.0,1.0,1.5,1.5,1.5,1.5,1.5,1.5,1.5,1.5,1.5,1.5,1.5,1.5,1.5,1.5,0.0,0.0,0.0,0.0,0.0,0.0,0.0,0.0,0.0,0.0,0.0,0.0,0.0,0.0,0.0,0.0,0.0,0.0,0.0,0.0,0.0,0.0,0.0,0.0,0.0,0.0,0.0,0.0,0.0
-0.100000,0.000000,0.000000,0.300000,-0.200000,0.000000,-0.100000,0.000000,0.000000,0.300000,-0.200000,0.000000,0.000000,0.000000,0.000000,-0.256249,0.156792,-0.378416,-0.482847,-1.971418,-0.482720,-0.456782,-0.252307,-0.070138,0.542194,-0.418261,1.970224,-0.484116,0.442334,0.0,0.0,0.0,0.0,0.0,0.0,0.0,0.0,0.0,0.0,0.0,0.0,0.0,0.0,0.0,-0.11457872945530578,0.15824644306906485,-1.285488582507388,-1.1954071437179206,0.0,-5.034127569563821,0.9544738451718715,-0.5764439266539529,-0.40185511111318695,1.5633733757232093,-2.1847645210127693,0.0,-4.093650115782315,-1.378365841325152,0.0,0.0,0.0,0.0,0.0,0.0,0.0,0.0,0.0,0.0,0.0,0.0,40.0,40.0,40.0,60.0,60.0,60.0,60.0,60.0,60.0,60.0,60.0,60.0,60.0,60.0,60.0,60.0,60.0,0.0,0.0,0.0,0.0,0.0,0.0,0.0,0.0,0.0,0.0,0.0,0.0,1.0,1.0,1.0,1.5,1.5,1.5,1.5,1.5,1.5,1.5,1.5,1.5,1.5,1.5,1.5,1.5,1.5,0.0,0.0,0.0,0.0,0.0,0.0,0.0,0.0,0.0,0.0,0.0,0.0,0.0,0.0,0.0,0.0,0.0,0.0,0.0,0.0,0.0,0.0,0.0,0.0,0.0,0.0,0.0,0.0,0.0
-0.100000,0.000000,0.000000,0.300000,-0.200000,0.000000,-0.100000,0.000000,0.000000,0.300000,-0.200000,0.000000,0.000000,0.000000,0.000000,-0.256585,0.160031,-0.404238,-0.508597,-1.970607,-0.565868,-0.441083,-0.263705,-0.080735,0.565716,-0.457385,1.970295,-0.561827,0.388251,0.0,0.0,0.0,0.0,0.0,0.0,0.0,0.0,0.0,0.0,0.0,0.0,0.0,0.0,0.0,-0.10178782905172629,0.1457110661952657,-1.4893655910886108,-1.4315147214518666,0.0,-5.068097324351477,0.8811692875698925,-0.38078509562681495,-0.6151045079598942,0.9155161199910028,-1.2076674301892312,0.0,-2.866884790118891,-1.2909894094547818,0.0,0.0,0.0,0.0,0.0,0.0,0.0,0.0,0.0,0.0,0.0,0.0,40.0,40.0,40.0,60.0,60.0,60.0,60.0,60.0,60.0,60.0,60.0,60.0,60.0,60.0,60.0,60.0,60.0,0.0,0.0,0.0,0.0,0.0,0.0,0.0,0.0,0.0,0.0,0.0,0.0,1.0,1.0,1.0,1.5,1.5,1.5,1.5,1.5,1.5,1.5,1.5,1.5,1.5,1.5,1.5,1.5,1.5,0.0,0.0,0.0,0.0,0.0,0.0,0.0,0.0,0.0,0.0,0.0,0.0,0.0,0.0,0.0,0.0,0.0,0.0,0.0,0.0,0.0,0.0,0.0,0.0,0.0,0.0,0.0,0.0,0.0
-0.100000,0.000000,0.000000,0.300000,-0.200000,0.000000,-0.100000,0.000000,0.000000,0.300000,-0.200000,0.000000,0.000000,0.000000,0.000000,-0.253958,0.162374,-0.431273,-0.536926,-1.970841,-0.641723,-0.419143,-0.277361,-0.090536,0.583840,-0.493848,1.970950,-0.640704,0.310096,0.0,0.0,0.0,0.0,0.0,0.0,0.0,0.0,0.0,0.0,0.0,0.0,0.0,0.0,0.0,0.23643310382860105,0.19854771121626327,-1.6427023611557123,-1.6687898634902554,0.0,-3.8080214166886144,0.8972380124346576,-0.7696884644026027,-0.413612858242263,0.39551613675419817,-1.1265997389038496,0.0,-3.416125034844944,-3.94188911662495,0.0,0.0,0.0,0.0,0.0,0.0,0.0,0.0,0.0,0.0,0.0,0.0,40.0,40.0,40.0,60.0,60.0,60.0,60.0,60.0,60.0,60.0,60.0,60.0,60.0,60.0,60.0,60.0,60.0,0.0,0.0,0.0,0.0,0.0,0.0,0.0,0.0,0.0,0.0,0.0,0.0,1.0,1.0,1.0,1.5,1.5,1.5,1.5,1.5,1.5,1.5,1.5,1.5,1.5,1.5,1.5,1.5,1.5,0.0,0.0,0.0,0.0,0.0,0.0,0.0,0.0,0.0,0.0,0.0,0.0,0.0,0.0,0.0,0.0,0.0,0.0,0.0,0.0,0.0,0.0,0.0,0.0,0.0,0.0,0.0,0.0,0.0
-0.100000,0.000000,0.000000,0.300000,-0.200000,0.000000,-0.100000,0.000000,0.000000,0.300000,-0.200000,0.000000,0.000000,0.000000,0.000000,-0.249888,0.163341,-0.458329,-0.567091,-1.971353,-0.708928,-0.387617,-0.294225,-0.099020,0.600723,-0.534037,1.971568,-0.733069,0.202126,0.0,0.0,0.0,0.0,0.0,0.0,0.0,0.0,0.0,0.0,0.0,0.0,0.0,0.0,0.0,0.4664513929665041,0.08716606225569329,-1.4731894181163774,-1.7767144150976992,0.0,-2.2976790364866746,1.141426822895948,-1.1849788449380962,-0.26124898381298284,0.7070649839417825,-2.213917196950617,0.0,-5.216250221346819,-7.443554397637576,0.0,0.0,0.0,0.0,0.0,0.0,0.0,0.0,0.0,0.0,0.0,0.0,40.0,40.0,40.0,60.0,60.0,60.0,60.0,60.0,60.0,60.0,60.0,60.0,60.0,60.0,60.0,60.0,60.0,0.0,0.0,0.0,0.0,0.0,0.0,0.0,0.0,0.0,0.0,0.0,0.0,1.0,1.0,1.0,1.5,1.5,1.5,1.5,1.5,1.5,1.5,1.5,1.5,1.5,1.5,1.5,1.5,1.5,0.0,0.0,0.0,0.0,0.0,0.0,0.0,0.0,0.0,0.0,0.0,0.0,0.0,0.0,0.0,0.0,0.0,0.0,0.0,0.0,0.0,0.0,0.0,0.0,0.0,0.0,0.0,0.0,0.0
-0.100000,0.000000,0.000000,0.300000,-0.200000,0.000000,-0.100000,0.000000,0.000000,0.300000,-0.200000,0.000000,0.000000,0.000000,0.000000,-0.246814,0.162551,-0.483974,-0.598179,-1.971775,-0.773481,-0.340005,-0.313732,-0.106395,0.619868,-0.582767,1.971948,-0.846564,0.069553,0.0,0.0,0.0,0.0,0.0,0.0,0.0,0.0,0.0,0.0,0.0,0.0,0.0,0.0,0.0,0.12050498210349758,-0.14415339316599732,-1.1157173440012227,-1.3717071120193962,0.0,-1.927107782733875,1.8897592591409897,-0.9214724271937521,-0.4224589159853149,1.3128200783796977,-2.823485408319901,0.0,-5.984211390407612,-7.74187568427889,0.0,0.0,0.0,0.0,0.0,0.0,0.0,0.0,0.0,0.0,0.0,0.0,40.0,40.0,40.0,60.0,60.0,60.0,60.0,60.0,60.0,60.0,60.0,60.0,60.0,60.0,60.0,60.0,60.0,0.0,0.0,0.0,0.0,0.0,0.0,0.0,0.0,0.0,0.0,0.0,0.0,1.0,1.0,1.0,1.5,1.5,1.5,1.5,1.5,1.5,1.5,1.5,1.5,1.5,1.5,1.5,1.5,1.5,0.0,0.0,0.0,0.0,0.0,0.0,0.0,0.0,0.0,0.0,0.0,0.0,0.0,0.0,0.0,0.0,0.0,0.0,0.0,0.0,0.0,0.0,0.0,0.0,0.0,0.0,0.0,0.0,0.0
-0.100000,0.000000,0.000000,0.300000,-0.200000,0.000000,-0.100000,0.000000,0.000000,0.300000,-0.200000,0.000000,0.000000,0.000000,0.000000,-0.247141,0.160245,-0.507898,-0.630317,-1.972011,-0.846080,-0.271471,-0.334318,-0.113238,0.642283,-0.640407,1.972107,-0.980581,-0.072455,0.0,0.0,0.0,0.0,0.0,0.0,0.0,0.0,0.0,0.0,0.0,0.0,0.0,0.0,0.0,-0.17406860360180063,-0.16647940463308183,-0.8307316430294476,-1.1569392279955486,0.0,-3.4379508371397667,3.628463626896279,-0.9394190284840398,-0.33354634844053843,1.44373720098733,-3.3965805740807626,0.0,-7.402921651661315,-7.189664790384426,0.0,0.0,0.0,0.0,0.0,0.0,0.0,0.0,0.0,0.0,0.0,0.0,40.0,40.0,40.0,60.0,60.0,60.0,60.0,60.0,60.0,60.0,60.0,60.0,60.0,60.0,60.0,60.0,60.0,0.0,0.0,0.0,0.0,0.0,0.0,0.0,0.0,0.0,0.0,0.0,0.0,1.0,1.0,1.0,1.5,1.5,1.5,1.5,1.5,1.5,1.5,1.5,1.5,1.5,1.5,1.5,1.5,1.5,0.0,0.0,0.0,0.0,0.0,0.0,0.0,0.0,0.0,0.0,0.0,0.0,0.0,0.0,0.0,0.0,0.0,0.0,0.0,0.0,0.0,0.0,0.0,0.0,0.0,0.0,0.0,0.0,0.0
-0.100000,0.000000,0.000000,0.300000,-0.200000,0.000000,-0.100000,0.000000,0.000000,0.300000,-0.200000,0.000000,0.000000,0.000000,0.000000,-0.252211,0.157412,-0.530952,-0.664486,-1.972096,-0.934410,-0.184976,-0.353930,-0.120241,0.666523,-0.702957,1.972130,-1.125436,-0.205196,0.0,0.0,0.0,0.0,0.0,0.0,0.0,0.0,0.0,0.0,0.0,0.0,0.0,0.0,0.0,-0.41119621731318945,-0.2531704443650862,-1.1920164935475652,-1.6761582478959784,0.0,-5.242394504177472,6.185439912752951,-1.0620315971870853,-0.26294451845464417,1.4748197521877837,-3.4075304510541,0.0,-8.247246473352687,-6.538074370588004,0.0,0.0,0.0,0.0,0.0,0.0,0.0,0.0,0.0,0.0,0.0,0.0,40.0,40.0,40.0,60.0,60.0,60.0,60.0,60.0,60.0,60.0,60.0,60.0,60.0,60.0,60.0,60.0,60.0,0.0,0.0,0.0,0.0,0.0,0.0,0.0,0.0,0.0,0.0,0.0,0.0,1.0,1.0,1.0,1.5,1.5,1.5,1.5,1.5,1.5,1.5,1.5,1.5,1.5,1.5,1.5,1.5,1.5,0.0,0.0,0.0,0.0,0.0,0.0,0.0,0.0,0.0,0.0,0.0,0.0,0.0,0.0,0.0,0.0,0.0,0.0,0.0,0.0,0.0,0.0,0.0,0.0,0.0,0.0,0.0,0.0,0.0
-0.100000,0.000000,0.000000,0.300000,-0.200000,0.000000,-0.100000,0.000000,0.000000,0.300000,-0.200000,0.000000,0.000000,0.000000,0.000000,-0.262022,0.155433,-0.553970,-0.700593,-1.972098,-1.036478,-0.094098,-0.370041,-0.128130,0.690384,-0.763982,1.972098,-1.264250,-0.311913,0.0,0.0,0.0,0.0,0.0,0.0,0.0,0.0,0.0,0.0,0.0,0.0,0.0,0.0,0.0,-0.42724149161991326,-0.1305627411982993,-1.4055534116563795,-2.4034539156571806,0.0,-5.990772432592245,5.75738892947589,-1.0016765607976332,-0.3671151286321717,0.9596312886518882,-2.926322896392472,0.0,-7.041677798637702,-4.576998595327369,0.0,0.0,0.0,0.0,0.0,0.0,0.0,0.0,0.0,0.0,0.0,0.0,40.0,40.0,40.0,60.0,60.0,60.0,60.0,60.0,60.0,60.0,60.0,60.0,60.0,60.0,60.0,60.0,60.0,0.0,0.0,0.0,0.0,0.0,0.0,0.0,0.0,0.0,0.0,0.0,0.0,1.0,1.0,1.0,1.5,1.5,1.5,1.5,1.5,1.5,1.5,1.5,1.5,1.5,1.5,1.5,1.5,1.5,0.0,0.0,0.0,0.0,0.0,0.0,0.0,0.0,0.0,0.0,0.0,0.0,0.0,0.0,0.0,0.0,0.0,0.0,0.0,0.0,0.0,0.0,0.0,0.0,0.0,0.0,0.0,0.0,0.0
-0.100000,0.000000,0.000000,0.300000,-0.200000,0.000000,-0.100000,0.000000,0.000000,0.300000,-0.200000,0.000000,0.000000,0.000000,0.000000,-0.275262,0.155426,-0.576993,-0.736150,-1.972070,-1.139687,-0.018041,-0.380204,-0.137312,0.712614,-0.816950,1.972058,-1.378137,-0.381400,0.0,0.0,0.0,0.0,0.0,0.0,0.0,0.0,0.0,0.0,0.0,0.0,0.0,0.0,0.0,-0.8932156130168872,0.17474985997382245,-0.8741640027601194,-1.7235741182322322,0.0,-6.113462256004904,2.59181149170751,-0.2316392436510148,-0.6138752278069111,0.716792738900876,-2.403126250893622,0.0,-5.0526935591020505,-1.9241420173969583,0.0,0.0,0.0,0.0,0.0,0.0,0.0,0.0,0.0,0.0,0.0,0.0,40.0,40.0,40.0,60.0,60.0,60.0,60.0,60.0,60.0,60.0,60.0,60.0,60.0,60.0,60.0,60.0,60.0,0.0,0.0,0.0,0.0,0.0,0.0,0.0,0.0,0.0,0.0,0.0,0.0,1.0,1.0,1.0,1.5,1.5,1.5,1.5,1.5,1.5,1.5,1.5,1.5,1.5,1.5,1.5,1.5,1.5,0.0,0.0,0.0,0.0,0.0,0.0,0.0,0.0,0.0,0.0,0.0,0.0,0.0,0.0,0.0,0.0,0.0,0.0,0.0,0.0,0.0,0.0,0.0,0.0,0.0,0.0,0.0,0.0,0.0
-0.100000,0.000000,0.000000,0.300000,-0.200000,0.000000,-0.100000,0.000000,0.000000,0.300000,-0.200000,0.000000,0.000000,0.000000,0.000000,-0.289230,0.157701,-0.599549,-0.767404,-1.972042,-1.225570,0.027523,-0.383410,-0.147495,0.733068,-0.856854,1.972031,-1.452509,-0.409935,0.0,0.0,0.0,0.0,0.0,0.0,0.0,0.0,0.0,0.0,0.0,0.0,0.0,0.0,0.0,-1.0516809230514124,0.2733733444591872,-0.7588765006377451,-1.087486911888566,0.0,-4.766158560664701,1.5239006891660258,0.35629063804947375,-0.5977532721062058,0.8761715617612992,-1.627147982911528,0.0,-2.822139289736397,-0.3293349313426383,0.0,0.0,0.0,0.0,0.0,0.0,0.0,0.0,0.0,0.0,0.0,0.0,40.0,40.0,40.0,60.0,60.0,60.0,60.0,60.0,60.0,60.0,60.0,60.0,60.0,60.0,60.0,60.0,60.0,0.0,0.0,0.0,0.0,0.0,0.0,0.0,0.0,0.0,0.0,0.0,0.0,1.0,1.0,1.0,1.5,1.5,1.5,1.5,1.5,1.5,1.5,1.5,1.5,1.5,1.5,1.5,1.5,1.5,0.0,0.0,0.0,0.0,0.0,0.0,0.0,0.0,0.0,0.0,0.0,0.0,0.0,0.0,0.0,0.0,0.0,0.0,0.0,0.0,0.0,0.0,0.0,0.0,0.0,0.0,0.0,0.0,0.0
-0.100000,0.000000,0.000000,0.300000,-0.200000,0.000000,-0.100000,0.000000,0.000000,0.300000,-0.200000,0.000000,0.000000,0.000000,0.000000,-0.300478,0.161846,-0.620333,-0.790937,-1.972024,-1.278171,0.035694,-0.380604,-0.157865,0.751289,-0.881021,1.972017,-1.481602,-0.400623,0.0,0.0,0.0,0.0,0.0,0.0,0.0,0.0,0.0,0.0,0.0,0.0,0.0,0.0,0.0,-0.3711345434960073,0.25648161825217936,-1.6036653620346035,-1.2157291743554703,0.0,-0.96783383272116,-0.43567380390140115,0.2512406962233857,-0.5240498138880375,1.1320994962671138,-0.6147475145733522,0.0,0.3599968645384366,1.4027357314336464,0.0,0.0,0.0,0.0,0.0,0.0,0.0,0.0,0.0,0.0,0.0,0.0,40.0,40.0,40.0,60.0,60.0,60.0,60.0,60.0,60.0,60.0,60.0,60.0,60.0,60.0,60.0,60.0,60.0,0.0,0.0,0.0,0.0,0.0,0.0,0.0,0.0,0.0,0.0,0.0,0.0,1.0,1.0,1.0,1.5,1.5,1.5,1.5,1.5,1.5,1.5,1.5,1.5,1.5,1.5,1.5,1.5,1.5,0.0,0.0,0.0,0.0,0.0,0.0,0.0,0.0,0.0,0.0,0.0,0.0,0.0,0.0,0.0,0.0,0.0,0.0,0.0,0.0,0.0,0.0,0.0,0.0,0.0,0.0,0.0,0.0,0.0
-0.100000,0.000000,0.000000,0.300000,-0.200000,0.000000,-0.100000,0.000000,0.000000,0.300000,-0.200000,0.000000,0.000000,0.000000,0.000000,-0.306480,0.167342,-0.636396,-0.803893,-1.972017,-1.292137,0.009135,-0.373638,-0.167678,0.765337,-0.889304,1.972013,-1.470116,-0.361388,0.0,0.0,0.0,0.0,0.0,0.0,0.0,0.0,0.0,0.0,0.0,0.0,0.0,0.0,0.0,0.01118505224871752,0.2268438222831952,-1.0114166184847477,-0.6725158294180189,0.0,1.7602706922386968,-3.280607341945977,0.37636349783995576,-0.4272686358229284,0.9315398037931494,-0.04544715057603066,0.0,2.6738733402953963,2.870313874142558,0.0,0.0,0.0,0.0,0.0,0.0,0.0,0.0,0.0,0.0,0.0,0.0,40.0,40.0,40.0,60.0,60.0,60.0,60.0,60.0,60.0,60.0,60.0,60.0,60.0,60.0,60.0,60.0,60.0,0.0,0.0,0.0,0.0,0.0,0.0,0.0,0.0,0.0,0.0,0.0,0.0,1.0,1.0,1.0,1.5,1.5,1.5,1.5,1.5,1.5,1.5,1.5,1.5,1.5,1.5,1.5,1.5,1.5,0.0,0.0,0.0,0.0,0.0,0.0,0.0,0.0,0.0,0.0,0.0,0.0,0.0,0.0,0.0,0.0,0.0,0.0,0.0,0.0,0.0,0.0,0.0,0.0,0.0,0.0,0.0,0.0,0.0
-0.100000,0.000000,0.000000,0.300000,-0.200000,0.000000,-0.100000,0.000000,0.000000,0.300000,-0.200000,0.000000,0.000000,0.000000,0.000000,-0.306736,0.173986,-0.644340,-0.804423,-1.972015,-1.274237,-0.041100,-0.364100,-0.176653,0.772531,-0.883641,1.972015,-1.430517,-0.303023,0.0,0.0,0.0,0.0,0.0,0.0,0.0,0.0,0.0,0.0,0.0,0.0,0.0,0.0,0.0,0.26980551795410396,0.3133158514276403,0.21145604849105715,0.36341879457592874,0.0,2.1777914307474444,-3.56944903246479,0.5111421840610836,-0.31955611518366955,-0.05379808242597095,0.6557100621839201,0.0,2.857210303340657,3.2291845543734308,0.0,0.0,0.0,0.0,0.0,0.0,0.0,0.0,0.0,0.0,0.0,0.0,40.0,40.0,40.0,60.0,60.0,60.0,60.0,60.0,60.0,60.0,60.0,60.0,60.0,60.0,60.0,60.0,60.0,0.0,0.0,0.0,0.0,0.0,0.0,0.0,0.0,0.0,0.0,0.0,0.0,1.0,1.0,1.0,1.5,1.5,1.5,1.5,1.5,1.5,1.5,1.5,1.5,1.5,1.5,1.5,1.5,1.5,0.0,0.0,0.0,0.0,0.0,0.0,0.0,0.0,0.0,0.0,0.0,0.0,0.0,0.0,0.0,0.0,0.0,0.0,0.0,0.0,0.0,0.0,0.0,0.0,0.0,0.0,0.0,0.0,0.0
-0.100000,0.000000,0.000000,0.300000,-0.200000,0.000000,-0.100000,0.000000,0.000000,0.300000,-0.200000,0.000000,0.000000,0.000000,0.000000,-0.302353,0.181774,-0.642856,-0.793197,-1.972016,-1.236910,-0.100159,-0.353048,-0.184876,0.771301,-0.867335,1.972017,-1.376287,-0.237098,0.0,0.0,0.0,0.0,0.0,0.0,0.0,0.0,0.0,0.0,0.0,0.0,0.0,0.0,0.0,0.3787761559121125,0.4399136115874884,0.5921184405573265,1.3014052418795885,0.0,2.0187021070958653,-3.058334603739966,0.5137316120822272,-0.40576500094841245,-0.47211229142548605,1.160445356934492,0.0,2.1757779614626047,3.390276239624884,0.0,0.0,0.0,0.0,0.0,0.0,0.0,0.0,0.0,0.0,0.0,0.0,40.0,40.0,40.0,60.0,60.0,60.0,60.0,60.0,60.0,60.0,60.0,60.0,60.0,60.0,60.0,60.0,60.0,0.0,0.0,0.0,0.0,0.0,0.0,0.0,0.0,0.0,0.0,0.0,0.0,1.0,1.0,1.0,1.5,1.5,1.5,1.5,1.5,1.5,1.5,1.5,1.5,1.5,1.5,1.5,1.5,1.5,0.0,0.0,0.0,0.0,0.0,0.0,0.0,0.0,0.0,0.0,0.0,0.0,0.0,0.0,0.0,0.0,0.0,0.0,0.0,0.0,0.0,0.0,0.0,0.0,0.0,0.0,0.0,0.0,0.0
-0.100000,0.000000,0.000000,0.300000,-0.200000,0.000000,-0.100000,0.000000,0.000000,0.300000,-0.200000,0.000000,0.000000,0.000000,0.000000,-0.294920,0.190572,-0.633203,-0.773881,-1.972018,-1.190399,-0.156026,-0.341178,-0.192381,0.761886,-0.844314,1.972019,-1.316183,-0.173986,0.0,0.0,0.0,0.0,0.0,0.0,0.0,0.0,0.0,0.0,0.0,0.0,0.0,0.0,0.0,0.4981581213007333,0.4662211700512009,0.7200404916367531,1.3568425744233141,0.0,1.951087391022377,-2.669554999279854,0.444159531231314,-0.43194416008755787,-0.770852648221601,1.1475203879675544,0.0,2.207642703928386,3.151691651150533,0.0,0.0,0.0,0.0,0.0,0.0,0.0,0.0,0.0,0.0,0.0,0.0,40.0,40.0,40.0,60.0,60.0,60.0,60.0,60.0,60.0,60.0,60.0,60.0,60.0,60.0,60.0,60.0,60.0,0.0,0.0,0.0,0.0,0.0,0.0,0.0,0.0,0.0,0.0,0.0,0.0,1.0,1.0,1.0,1.5,1.5,1.5,1.5,1.5,1.5,1.5,1.5,1.5,1.5,1.5,1.5,1.5,1.5,0.0,0.0,0.0,0.0,0.0,0.0,0.0,0.0,0.0,0.0,0.0,0.0,0.0,0.0,0.0,0.0,0.0,0.0,0.0,0.0,0.0,0.0,0.0,0.0,0.0,0.0,0.0,0.0,0.0
-0.100000,0.000000,0.000000,0.300000,-0.200000,0.000000,-0.100000,0.000000,0.000000,0.300000,-0.200000,0.000000,0.000000,0.000000,0.000000,-0.285525,0.199990,-0.617501,-0.751290,-1.972019,-1.139478,-0.203947,-0.329195,-0.198902,0.745405,-0.818349,1.972020,-1.254198,-0.121338,0.0,0.0,0.0,0.0,0.0,0.0,0.0,0.0,0.0,0.0,0.0,0.0,0.0,0.0,0.0,0.36120638969648206,0.4785351545944255,0.706867232341718,1.1832589098247719,0.0,2.4015802978792022,-0.9866350577176553,0.5910127869903483,-0.23092230268320912,-0.7070268040855532,1.2502359876848723,0.0,2.945767074001487,2.02442685856495,0.0,0.0,0.0,0.0,0.0,0.0,0.0,0.0,0.0,0.0,0.0,0.0,40.0,40.0,40.0,60.0,60.0,60.0,60.0,60.0,60.0,60.0,60.0,60.0,60.0,60.0,60.0,60.0,60.0,0.0,0.0,0.0,0.0,0.0,0.0,0.0,0.0,0.0,0.0,0.0,0.0,1.0,1.0,1.0,1.5,1.5,1.5,1.5,1.5,1.5,1.5,1.5,1.5,1.5,1.5,1.5,1.5,1.5,0.0,0.0,0.0,0.0,0.0,0.0,0.0,0.0,0.0,0.0,0.0,0.0,0.0,0.0,0.0,0.0,0.0,0.0,0.0,0.0,0.0,0.0,0.0,0.0,0.0,0.0,0.0,0.0,0.0
-0.100000,0.000000,0.000000,0.300000,-0.200000,0.000000,-0.100000,0.000000,0.000000,0.300000,-0.200000,0.000000,0.000000,0.000000,0.000000,-0.274276,0.209446,-0.597370,-0.728746,-1.972020,-1.084562,-0.246765,-0.318415,-0.203980,0.722943,-0.792696,1.972020,-1.193674,-0.082967,0.0,0.0,0.0,0.0,0.0,0.0,0.0,0.0,0.0,0.0,0.0,0.0,0.0,0.0,0.0,0.4694262357233345,0.4658333735497802,1.1109708640929443,0.6120833668563502,0.0,2.5554923700667587,-0.7370798484222458,0.6007076333860591,-0.15644326386288557,-1.0067383197742252,1.1923056198757414,0.0,3.1606301159901817,1.0349985686230911,0.0,0.0,0.0,0.0,0.0,0.0,0.0,0.0,0.0,0.0,0.0,0.0,40.0,40.0,40.0,60.0,60.0,60.0,60.0,60.0,60.0,60.0,60.0,60.0,60.0,60.0,60.0,60.0,60.0,0.0,0.0,0.0,0.0,0.0,0.0,0.0,0.0,0.0,0.0,0.0,0.0,1.0,1.0,1.0,1.5,1.5,1.5,1.5,1.5,1.5,1.5,1.5,1.5,1.5,1.5,1.5,1.5,1.5,0.0,0.0,0.0,0.0,0.0,0.0,0.0,0.0,0.0,0.0,0.0,0.0,0.0,0.0,0.0,0.0,0.0,0.0,0.0,0.0,0.0,0.0,0.0,0.0,0.0,0.0,0.0,0.0,0.0
-0.100000,0.000000,0.000000,0.300000,-0.200000,0.000000,-0.100000,0.000000,0.000000,0.300000,-0.200000,0.000000,0.000000,0.000000,0.000000,-0.260593,0.218249,-0.573905,-0.706958,-1.972020,-1.024253,-0.290142,-0.311071,-0.206998,0.695998,-0.770275,1.972020,-1.140501,-0.059181,0.0,0.0,0.0,0.0,0.0,0.0,0.0,0.0,0.0,0.0,0.0,0.0,0.0,0.0,0.0,0.7583221426909585,0.4091253410688354,1.236543667164064,0.5350556365372461,0.0,2.570208269728813,-2.384366676409279,0.3236388633326287,-0.19322347189237865,-1.6093572892727863,0.9361708354200166,0.0,2.552238880611851,0.711957275242871,0.0,0.0,0.0,0.0,0.0,0.0,0.0,0.0,0.0,0.0,0.0,0.0,40.0,40.0,40.0,60.0,60.0,60.0,60.0,60.0,60.0,60.0,60.0,60.0,60.0,60.0,60.0,60.0,60.0,0.0,0.0,0.0,0.0,0.0,0.0,0.0,0.0,0.0,0.0,0.0,0.0,1.0,1.0,1.0,1.5,1.5,1.5,1.5,1.5,1.5,1.5,1.5,1.5,1.5,1.5,1.5,1.5,1.5,0.0,0.0,0.0,0.0,0.0,0.0,0.0,0.0,0.0,0.0,0.0,0.0,0.0,0.0,0.0,0.0,0.0,0.0,0.0,0.0,0.0,0.0,0.0,0.0,0.0,0.0,0.0,0.0,0.0
-0.100000,0.000000,0.000000,0.300000,-0.200000,0.000000,-0.100000,0.000000,0.000000,0.300000,-0.200000,0.000000,0.000000,0.000000,0.000000,-0.244043,0.225668,-0.548084,-0.685563,-1.972020,-0.958076,-0.334856,-0.309844,-0.207065,0.667597,-0.753926,1.972020,-1.103065,-0.048929,0.0,0.0,0.0,0.0,0.0,0.0,0.0,0.0,0.0,0.0,0.0,0.0,0.0,0.0,0.0,0.8200562167754715,0.34485220347928514,1.0349490703362634,1.1638313447623754,0.0,3.243634869695172,-3.073769834759574,0.0077486877505333895,-0.05504490602831896,-1.5573492403633398,0.6940805207469952,0.0,1.7511008168380693,0.4121419505492538,0.0,0.0,0.0,0.0,0.0,0.0,0.0,0.0,0.0,0.0,0.0,0.0,40.0,40.0,40.0,60.0,60.0,60.0,60.0,60.0,60.0,60.0,60.0,60.0,60.0,60.0,60.0,60.0,60.0,0.0,0.0,0.0,0.0,0.0,0.0,0.0,0.0,0.0,0.0,0.0,0.0,1.0,1.0,1.0,1.5,1.5,1.5,1.5,1.5,1.5,1.5,1.5,1.5,1.5,1.5,1.5,1.5,1.5,0.0,0.0,0.0,0.0,0.0,0.0,0.0,0.0,0.0,0.0,0.0,0.0,0.0,0.0,0.0,0.0,0.0,0.0,0.0,0.0,0.0,0.0,0.0,0.0,0.0,0.0,0.0,0.0,0.0
-0.100000,0.000000,0.000000,0.300000,-0.200000,0.000000,-0.100000,0.000000,0.000000,0.300000,-0.200000,0.000000,0.000000,0.000000,0.000000,-0.225004,0.230992,-0.521154,-0.665994,-1.972020,-0.889549,-0.372885,-0.316940,-0.203307,0.642352,-0.746476,1.972020,-1.090103,-0.051773,0.0,0.0,0.0,0.0,0.0,0.0,0.0,0.0,0.0,0.0,0.0,0.0,0.0,0.0,0.0,1.0046213028533244,0.2676874943288214,1.2627553834955507,1.6406520781979739,0.0,4.075877745550368,-3.0201763858946045,-0.32226192773729956,0.05858504764743311,-1.3543189917000014,0.5018307303346459,0.0,0.9376589046002581,0.06893216104696415,0.0,0.0,0.0,0.0,0.0,0.0,0.0,0.0,0.0,0.0,0.0,0.0,40.0,40.0,40.0,60.0,60.0,60.0,60.0,60.0,60.0,60.0,60.0,60.0,60.0,60.0,60.0,60.0,60.0,0.0,0.0,0.0,0.0,0.0,0.0,0.0,0.0,0.0,0.0,0.0,0.0,1.0,1.0,1.0,1.5,1.5,1.5,1.5,1.5,1.5,1.5,1.5,1.5,1.5,1.5,1.5,1.5,1.5,0.0,0.0,0.0,0.0,0.0,0.0,0.0,0.0,0.0,0.0,0.0,0.0,0.0,0.0,0.0,0.0,0.0,0.0,0.0,0.0,0.0,0.0,0.0,0.0,0.0,0.0,0.0,0.0,0.0
-0.100000,0.000000,0.000000,0.300000,-0.200000,0.000000,-0.100000,0.000000,0.000000,0.300000,-0.200000,0.000000,0.000000,0.000000,0.000000,-0.204991,0.233705,-0.495489,-0.652374,-1.972020,-0.827807,-0.391096,-0.332914,-0.195822,0.625097,-0.750157,1.972020,-1.107069,-0.067606,0.0,0.0,0.0,0.0,0.0,0.0,0.0,0.0,0.0,0.0,0.0,0.0,0.0,0.0,0.0,1.141367028259549,0.07051669608886674,1.63230533657073,1.00695933017714,0.0,3.7639351191593033,-0.8709137055712551,-1.0409054588192495,0.6069348038410138,-0.8856493299265994,0.025222288740125998,0.0,-1.3865054144766131,-1.1282256630260123,0.0,0.0,0.0,0.0,0.0,0.0,0.0,0.0,0.0,0.0,0.0,0.0,40.0,40.0,40.0,60.0,60.0,60.0,60.0,60.0,60.0,60.0,60.0,60.0,60.0,60.0,60.0,60.0,60.0,0.0,0.0,0.0,0.0,0.0,0.0,0.0,0.0,0.0,0.0,0.0,0.0,1.0,1.0,1.0,1.5,1.5,1.5,1.5,1.5,1.5,1.5,1.5,1.5,1.5,1.5,1.5,1.5,1.5,0.0,0.0,0.0,0.0,0.0,0.0,0.0,0.0,0.0,0.0,0.0,0.0,0.0,0.0,0.0,0.0,0.0,0.0,0.0,0.0,0.0,0.0,0.0,0.0,0.0,0.0,0.0,0.0,0.0
-0.100000,0.000000,0.000000,0.300000,-0.200000,0.000000,-0.100000,0.000000,0.000000,0.300000,-0.200000,0.000000,0.000000,0.000000,0.000000,-0.186593,0.233754,-0.475102,-0.648676,-1.972020,-0.784999,-0.379840,-0.355434,-0.186694,0.618873,-0.764666,1.972020,-1.151207,-0.094598,0.0,0.0,0.0,0.0,0.0,0.0,0.0,0.0,0.0,0.0,0.0,0.0,0.0,0.0,0.0,0.9878244265535754,-0.12624208102246376,1.2665955081571825,-0.783697619248766,0.0,1.5776686131042021,2.5094498726426244,-1.8164783777116722,1.0435108517034357,0.11073084741886063,-1.601201815436254,0.0,-4.548293556275562,-2.157478567632686,0.0,0.0,0.0,0.0,0.0,0.0,0.0,0.0,0.0,0.0,0.0,0.0,40.0,40.0,40.0,60.0,60.0,60.0,60.0,60.0,60.0,60.0,60.0,60.0,60.0,60.0,60.0,60.0,60.0,0.0,0.0,0.0,0.0,0.0,0.0,0.0,0.0,0.0,0.0,0.0,0.0,1.0,1.0,1.0,1.5,1.5,1.5,1.5,1.5,1.5,1.5,1.5,1.5,1.5,1.5,1.5,1.5,1.5,0.0,0.0,0.0,0.0,0.0,0.0,0.0,0.0,0.0,0.0,0.0,0.0,0.0,0.0,0.0,0.0,0.0,0.0,0.0,0.0,0.0,0.0,0.0,0.0,0.0,0.0,0.0,0.0,0.0
-0.100000,0.000000,0.000000,0.300000,-0.200000,0.000000,-0.100000,0.000000,0.000000,0.300000,-0.200000,0.000000,0.000000,0.000000,0.000000,-0.172749,0.231707,-0.464181,-0.655206,-1.972020,-0.770468,-0.339553,-0.379257,-0.179600,0.623132,-0.785168,1.972020,-1.209547,-0.128197,0.0,0.0,0.0,0.0,0.0,0.0,0.0,0.0,0.0,0.0,0.0,0.0,0.0,0.0,0.0,0.5079754230481258,-0.1815030061450701,0.14308208906401165,-1.4840281886364104,0.0,-0.9536368135495993,3.905802446700936,-1.5223321591810433,0.40518186494869074,0.9487947464502322,-2.2771536146753952,0.0,-4.593663969890405,-1.8632468559981425,0.0,0.0,0.0,0.0,0.0,0.0,0.0,0.0,0.0,0.0,0.0,0.0,40.0,40.0,40.0,60.0,60.0,60.0,60.0,60.0,60.0,60.0,60.0,60.0,60.0,60.0,60.0,60.0,60.0,0.0,0.0,0.0,0.0,0.0,0.0,0.0,0.0,0.0,0.0,0.0,0.0,1.0,1.0,1.0,1.5,1.5,1.5,1.5,1.5,1.5,1.5,1.5,1.5,1.5,1.5,1.5,1.5,1.5,0.0,0.0,0.0,0.0,0.0,0.0,0.0,0.0,0.0,0.0,0.0,0.0,0.0,0.0,0.0,0.0,0.0,0.0,0.0,0.0,0.0,0.0,0.0,0.0,0.0,0.0,0.0,0.0,0.0
-0.100000,0.000000,0.000000,0.300000,-0.200000,0.000000,-0.100000,0.000000,0.000000,0.300000,-0.200000,0.000000,0.000000,0.000000,0.000000,-0.165663,0.228550,-0.464423,-0.669169,-1.972020,-0.787014,-0.279422,-0.398586,-0.177414,0.633611,-0.803894,1.972020,-1.265041,-0.162816,0.0,0.0,0.0,0.0,0.0,0.0,0.0,0.0,0.0,0.0,0.0,0.0,0.0,0.0,0.0,0.12162359140031193,-0.16155784636656678,-0.8064822867235241,-0.33986920441992363,0.0,-1.6861238714299565,3.0428738777797433,-0.5146143766488198,-0.5745267152963307,1.0487285242082034,-0.5057719149959755,0.0,-1.6952875428094705,-1.39990788184021,0.0,0.0,0.0,0.0,0.0,0.0,0.0,0.0,0.0,0.0,0.0,0.0,40.0,40.0,40.0,60.0,60.0,60.0,60.0,60.0,60.0,60.0,60.0,60.0,60.0,60.0,60.0,60.0,60.0,0.0,0.0,0.0,0.0,0.0,0.0,0.0,0.0,0.0,0.0,0.0,0.0,1.0,1.0,1.0,1.5,1.5,1.5,1.5,1.5,1.5,1.5,1.5,1.5,1.5,1.5,1.5,1.5,1.5,0.0,0.0,0.0,0.0,0.0,0.0,0.0,0.0,0.0,0.0,0.0,0.0,0.0,0.0,0.0,0.0,0.0,0.0,0.0,0.0,0.0,0.0,0.0,0.0,0.0,0.0,0.0,0.0,0.0
-0.100000,0.000000,0.000000,0.300000,-0.200000,0.000000,-0.100000,0.000000,0.000000,0.300000,-0.200000,0.000000,0.000000,0.000000,0.000000,-0.166176,0.225303,-0.474043,-0.688589,-1.972020,-0.832139,-0.210541,-0.410142,-0.180180,0.644721,-0.815390,1.972020,-1.306714,-0.194016,0.0,0.0,0.0,0.0,0.0,0.0,0.0,0.0,0.0,0.0,0.0,0.0,0.0,0.0,0.0,-0.07380215054749034,-0.16310052062000271,-1.0050530321354625,-0.24756037902597117,0.0,-1.8184036034967126,2.691121086505032,-0.07970890000788128,-0.4894156270706738,0.3532338727272183,0.6251553531502585,0.0,-0.09563830499649262,-1.3644478060233076,0.0,0.0,0.0,0.0,0.0,0.0,0.0,0.0,0.0,0.0,0.0,0.0,40.0,40.0,40.0,60.0,60.0,60.0,60.0,60.0,60.0,60.0,60.0,60.0,60.0,60.0,60.0,60.0,60.0,0.0,0.0,0.0,0.0,0.0,0.0,0.0,0.0,0.0,0.0,0.0,0.0,1.0,1.0,1.0,1.5,1.5,1.5,1.5,1.5,1.5,1.5,1.5,1.5,1.5,1.5,1.5,1.5,1.5,0.0,0.0,0.0,0.0,0.0,0.0,0.0,0.0,0.0,0.0,0.0,0.0,0.0,0.0,0.0,0.0,0.0,0.0,0.0,0.0,0.0,0.0,0.0,0.0,0.0,0.0,0.0,0.0,0.0
-0.100000,0.000000,0.000000,0.300000,-0.200000,0.000000,-0.100000,0.000000,0.000000,0.300000,-0.200000,0.000000,0.000000,0.000000,0.000000,-0.173639,0.222775,-0.489688,-0.713565,-1.972020,-0.900014,-0.141867,-0.414060,-0.185892,0.652793,-0.819318,1.972020,-1.333032,-0.218840,0.0,0.0,0.0,0.0,0.0,0.0,0.0,0.0,0.0,0.0,0.0,0.0,0.0,0.0,0.0,-0.615088431935852,-0.08067578692319763,-0.38866979033830157,-1.2567040779873084,0.0,-3.78737985024431,3.1928711054870895,0.14108374207676688,-0.1504252395558528,-0.2067179179138262,0.07619494561989237,0.0,-0.6634598821350202,-1.0404815472941802,0.0,0.0,0.0,0.0,0.0,0.0,0.0,0.0,0.0,0.0,0.0,0.0,40.0,40.0,40.0,60.0,60.0,60.0,60.0,60.0,60.0,60.0,60.0,60.0,60.0,60.0,60.0,60.0,60.0,0.0,0.0,0.0,0.0,0.0,0.0,0.0,0.0,0.0,0.0,0.0,0.0,1.0,1.0,1.0,1.5,1.5,1.5,1.5,1.5,1.5,1.5,1.5,1.5,1.5,1.5,1.5,1.5,1.5,0.0,0.0,0.0,0.0,0.0,0.0,0.0,0.0,0.0,0.0,0.0,0.0,0.0,0.0,0.0,0.0,0.0,0.0,0.0,0.0,0.0,0.0,0.0,0.0,0.0,0.0,0.0,0.0,0.0
-0.100000,0.000000,0.000000,0.300000,-0.200000,0.000000,-0.100000,0.000000,0.000000,0.300000,-0.200000,0.000000,0.000000,0.000000,0.000000,-0.185801,0.221471,-0.508833,-0.743122,-1.972020,-0.979908,-0.081619,-0.412459,-0.192640,0.657265,-0.817880,1.972020,-1.346402,-0.235147,0.0,0.0,0.0,0.0,0.0,0.0,0.0,0.0,0.0,0.0,0.0,0.0,0.0,0.0,0.0,-0.9496465582701299,-0.028501818105481497,-0.6614846142757688,-1.964109459311797,0.0,-5.583960649759931,3.5514482688553843,0.22763133366387467,-0.25769660975472897,0.016175374133414744,-0.08153524741552065,0.0,-1.0970664356957427,-0.8039879286000424,0.0,0.0,0.0,0.0,0.0,0.0,0.0,0.0,0.0,0.0,0.0,0.0,40.0,40.0,40.0,60.0,60.0,60.0,60.0,60.0,60.0,60.0,60.0,60.0,60.0,60.0,60.0,60.0,60.0,0.0,0.0,0.0,0.0,0.0,0.0,0.0,0.0,0.0,0.0,0.0,0.0,1.0,1.0,1.0,1.5,1.5,1.5,1.5,1.5,1.5,1.5,1.5,1.5,1.5,1.5,1.5,1.5,1.5,0.0,0.0,0.0,0.0,0.0,0.0,0.0,0.0,0.0,0.0,0.0,0.0,0.0,0.0,0.0,0.0,0.0,0.0,0.0,0.0,0.0,0.0,0.0,0.0,0.0,0.0,0.0,0.0,0.0
-0.100000,0.000000,0.000000,0.300000,-0.200000,0.000000,-0.100000,0.000000,0.000000,0.300000,-0.200000,0.000000,0.000000,0.000000,0.000000,-0.199158,0.221577,-0.529684,-0.772352,-1.972020,-1.055313,-0.038796,-0.407636,-0.199423,0.659136,-0.812435,1.972020,-1.347472,-0.241537,0.0,0.0,0.0,0.0,0.0,0.0,0.0,0.0,0.0,0.0,0.0,0.0,0.0,0.0,0.0,-0.7466434348793356,-0.010053793280237477,-1.4270118953984487,-2.4072782725409443,0.0,-4.578323466241995,2.4698074896041624,0.08947527137863481,-0.24768669676831084,0.20620877104222668,0.1497790840204266,0.0,-0.42514744251326286,-0.3337950233573798,0.0,0.0,0.0,0.0,0.0,0.0,0.0,0.0,0.0,0.0,0.0,0.0,40.0,40.0,40.0,60.0,60.0,60.0,60.0,60.0,60.0,60.0,60.0,60.0,60.0,60.0,60.0,60.0,60.0,0.0,0.0,0.0,0.0,0.0,0.0,0.0,0.0,0.0,0.0,0.0,0.0,1.0,1.0,1.0,1.5,1.5,1.5,1.5,1.5,1.5,1.5,1.5,1.5,1.5,1.5,1.5,1.5,1.5,0.0,0.0,0.0,0.0,0.0,0.0,0.0,0.0,0.0,0.0,0.0,0.0,0.0,0.0,0.0,0.0,0.0,0.0,0.0,0.0,0.0,0.0,0.0,0.0,0.0,0.0,0.0,0.0,0.0
-0.100000,0.000000,0.000000,0.300000,-0.200000,0.000000,-0.100000,0.000000,0.000000,0.300000,-0.200000,0.000000,0.000000,0.000000,0.000000,-0.210245,0.222946,-0.549531,-0.793832,-1.972020,-1.109559,-0.020205,-0.401166,-0.205633,0.659046,-0.803059,1.972020,-1.335445,-0.238297,0.0,0.0,0.0,0.0,0.0,0.0,0.0,0.0,0.0,0.0,0.0,0.0,0.0,0.0,0.0,-0.4223591872258049,0.17464055350837338,-1.278448006346508,-0.7485326519781177,0.0,-1.5949083859176316,-0.19813903482605968,0.3432107724875261,-0.42444699365253025,0.10267143139254808,0.4625254815567609,0.0,1.1239210741596062,0.7225503212477654,0.0,0.0,0.0,0.0,0.0,0.0,0.0,0.0,0.0,0.0,0.0,0.0,40.0,40.0,40.0,60.0,60.0,60.0,60.0,60.0,60.0,60.0,60.0,60.0,60.0,60.0,60.0,60.0,60.0,0.0,0.0,0.0,0.0,0.0,0.0,0.0,0.0,0.0,0.0,0.0,0.0,1.0,1.0,1.0,1.5,1.5,1.5,1.5,1.5,1.5,1.5,1.5,1.5,1.5,1.5,1.5,1.5,1.5,0.0,0.0,0.0,0.0,0.0,0.0,0.0,0.0,0.0,0.0,0.0,0.0,0.0,0.0,0.0,0.0,0.0,0.0,0.0,0.0,0.0,0.0,0.0,0.0,0.0,0.0,0.0,0.0,0.0
-0.100000,0.000000,0.000000,0.300000,-0.200000,0.000000,-0.100000,0.000000,0.000000,0.300000,-0.200000,0.000000,0.000000,0.000000,0.000000,-0.217055,0.225067,-0.564878,-0.802335,-1.972020,-1.134491,-0.025391,-0.394074,-0.210577,0.656977,-0.789908,1.972020,-1.311760,-0.228474,0.0,0.0,0.0,0.0,0.0,0.0,0.0,0.0,0.0,0.0,0.0,0.0,0.0,0.0,0.0,-0.07870962964754424,0.1765945351688586,-0.5765793078597203,0.491411992059107,0.0,0.7575498953895643,-2.091305078659692,0.4397188319242823,-0.28352946597822865,-0.16016209535803794,0.8597762640317336,0.0,2.0394375751798144,1.0491417605985445,0.0,0.0,0.0,0.0,0.0,0.0,0.0,0.0,0.0,0.0,0.0,0.0,40.0,40.0,40.0,60.0,60.0,60.0,60.0,60.0,60.0,60.0,60.0,60.0,60.0,60.0,60.0,60.0,60.0,0.0,0.0,0.0,0.0,0.0,0.0,0.0,0.0,0.0,0.0,0.0,0.0,1.0,1.0,1.0,1.5,1.5,1.5,1.5,1.5,1.5,1.5,1.5,1.5,1.5,1.5,1.5,1.5,1.5,0.0,0.0,0.0,0.0,0.0,0.0,0.0,0.0,0.0,0.0,0.0,0.0,0.0,0.0,0.0,0.0,0.0,0.0,0.0,0.0,0.0,0.0,0.0,0.0,0.0,0.0,0.0,0.0,0.0
-0.100000,0.000000,0.000000,0.300000,-0.200000,0.000000,-0.100000,0.000000,0.000000,0.300000,-0.200000,0.000000,0.000000,0.000000,0.000000,-0.219522,0.227248,-0.573467,-0.798086,-1.972020,-1.133608,-0.045914,-0.387235,-0.213676,0.653039,-0.774277,1.972020,-1.281516,-0.217181,0.0,0.0,0.0,0.0,0.0,0.0,0.0,0.0,0.0,0.0,0.0,0.0,0.0,0.0,0.0,0.10115323675259982,0.06480927887042714,0.012965494841427061,0.814692105803827,0.0,1.3466846383016928,-1.794630211311402,0.2999289782044126,0.015603457961498729,-0.3364526558522568,0.9658266881213545,0.0,1.7788180441045909,0.5366715404948305,0.0,0.0,0.0,0.0,0.0,0.0,0.0,0.0,0.0,0.0,0.0,0.0,40.0,40.0,40.0,60.0,60.0,60.0,60.0,60.0,60.0,60.0,60.0,60.0,60.0,60.0,60.0,60.0,60.0,0.0,0.0,0.0,0.0,0.0,0.0,0.0,0.0,0.0,0.0,0.0,0.0,1.0,1.0,1.0,1.5,1.5,1.5,1.5,1.5,1.5,1.5,1.5,1.5,1.5,1.5,1.5,1.5,1.5,0.0,0.0,0.0,0.0,0.0,0.0,0.0,0.0,0.0,0.0,0.0,0.0,0.0,0.0,0.0,0.0,0.0,0.0,0.0,0.0,0.0,0.0,0.0,0.0,0.0,0.0,0.0,0.0,0.0
-0.100000,0.000000,0.000000,0.300000,-0.200000,0.000000,-0.100000,0.000000,0.000000,0.300000,-0.200000,0.000000,0.000000,0.000000,0.000000,-0.218977,0.229005,-0.575524,-0.785724,-1.972020,-1.117342,-0.070921,-0.381302,-0.214944,0.647954,-0.758520,1.972020,-1.251180,-0.209089,0.0,0.0,0.0,0.0,0.0,0.0,0.0,0.0,0.0,0.0,0.0,0.0,0.0,0.0,0.0,0.12740687222382308,0.042138780519656444,0.21282082782096423,1.1091528500197039,0.0,1.0259588954411591,-0.6531020545450295,0.24274673836431615,0.016350077557098636,-0.32117157917133654,0.8459292640004501,0.0,1.3457435611186452,0.035837609510983026,0.0,0.0,0.0,0.0,0.0,0.0,0.0,0.0,0.0,0.0,0.0,0.0,40.0,40.0,40.0,60.0,60.0,60.0,60.0,60.0,60.0,60.0,60.0,60.0,60.0,60.0,60.0,60.0,60.0,0.0,0.0,0.0,0.0,0.0,0.0,0.0,0.0,0.0,0.0,0.0,0.0,1.0,1.0,1.0,1.5,1.5,1.5,1.5,1.5,1.5,1.5,1.5,1.5,1.5,1.5,1.5,1.5,1.5,0.0,0.0,0.0,0.0,0.0,0.0,0.0,0.0,0.0,0.0,0.0,0.0,0.0,0.0,0.0,0.0,0.0,0.0,0.0,0.0,0.0,0.0,0.0,0.0,0.0,0.0,0.0,0.0,0.0
-0.100000,0.000000,0.000000,0.300000,-0.200000,0.000000,-0.100000,0.000000,0.000000,0.300000,-0.200000,0.000000,0.000000,0.000000,0.000000,-0.217169,0.230216,-0.573059,-0.770937,-1.972020,-1.095877,-0.093356,-0.376513,-0.214955,0.642792,-0.745093,1.972020,-1.225591,-0.206575,0.0,0.0,0.0,0.0,0.0,0.0,0.0,0.0,0.0,0.0,0.0,0.0,0.0,0.0,0.0,0.0727945806884768,0.023947012576889387,0.24841441639254502,0.5451469045468726,0.0,0.6853111792330391,-0.4112745857954195,0.18737265588203156,0.02858005266089189,-0.24690754584879293,0.5489029223723962,0.0,0.9664897973660047,-0.1633798657731042,0.0,0.0,0.0,0.0,0.0,0.0,0.0,0.0,0.0,0.0,0.0,0.0,40.0,40.0,40.0,60.0,60.0,60.0,60.0,60.0,60.0,60.0,60.0,60.0,60.0,60.0,60.0,60.0,60.0,0.0,0.0,0.0,0.0,0.0,0.0,0.0,0.0,0.0,0.0,0.0,0.0,1.0,1.0,1.0,1.5,1.5,1.5,1.5,1.5,1.5,1.5,1.5,1.5,1.5,1.5,1.5,1.5,1.5,0.0,0.0,0.0,0.0,0.0,0.0,0.0,0.0,0.0,0.0,0.0,0.0,0.0,0.0,0.0,0.0,0.0,0.0,0.0,0.0,0.0,0.0,0.0,0.0,0.0,0.0,0.0,0.0,0.0
-0.100000,0.000000,0.000000,0.300000,-0.200000,0.000000,-0.100000,0.000000,0.000000,0.300000,-0.200000,0.000000,0.000000,0.000000,0.000000,-0.215485,0.230971,-0.568358,-0.757581,-1.972020,-1.075231,-0.111162,-0.372758,-0.214403,0.638428,-0.735558,1.972020,-1.206800,-0.209873,0.0,0.0,0.0,0.0,0.0,0.0,0.0,0.0,0.0,0.0,0.0,0.0,0.0,0.0,0.0,0.034353280120467955,0.019902224894367826,0.16445963097143634,0.27416511248564146,0.0,0.6345015868334636,-0.653192499743779,0.13844973233901464,0.040053485800752714,-0.16143061694296468,0.3050387393864623,0.0,0.6174720852991811,-0.32993896483795443,0.0,0.0,0.0,0.0,0.0,0.0,0.0,0.0,0.0,0.0,0.0,0.0,40.0,40.0,40.0,60.0,60.0,60.0,60.0,60.0,60.0,60.0,60.0,60.0,60.0,60.0,60.0,60.0,60.0,0.0,0.0,0.0,0.0,0.0,0.0,0.0,0.0,0.0,0.0,0.0,0.0,1.0,1.0,1.0,1.5,1.5,1.5,1.5,1.5,1.5,1.5,1.5,1.5,1.5,1.5,1.5,1.5,1.5,0.0,0.0,0.0,0.0,0.0,0.0,0.0,0.0,0.0,0.0,0.0,0.0,0.0,0.0,0.0,0.0,0.0,0.0,0.0,0.0,0.0,0.0,0.0,0.0,0.0,0.0,0.0,0.0,0.0
-0.100000,0.000000,0.000000,0.300000,-0.200000,0.000000,-0.100000,0.000000,0.000000,0.300000,-0.200000,0.000000,0.000000,0.000000,0.000000,-0.214670,0.231363,-0.562994,-0.746814,-1.972020,-1.057510,-0.124476,-0.369783,-0.213775,0.635249,-0.730202,1.972020,-1.194541,-0.218162,0.0,0.0,0.0,0.0,0.0,0.0,0.0,0.0,0.0,0.0,0.0,0.0,0.0,0.0,0.0,0.026460499408888227,0.02363994386563109,0.12655118876064853,0.3203581065560762,0.0,0.7182510925252628,-0.825746989981908,0.09518320519386197,0.028263596315090955,-0.09230960263791055,0.13760285862403354,0.0,0.33858769799231525,-0.41667095646225544,0.0,0.0,0.0,0.0,0.0,0.0,0.0,0.0,0.0,0.0,0.0,0.0,40.0,40.0,40.0,60.0,60.0,60.0,60.0,60.0,60.0,60.0,60.0,60.0,60.0,60.0,60.0,60.0,60.0,0.0,0.0,0.0,0.0,0.0,0.0,0.0,0.0,0.0,0.0,0.0,0.0,1.0,1.0,1.0,1.5,1.5,1.5,1.5,1.5,1.5,1.5,1.5,1.5,1.5,1.5,1.5,1.5,1.5,0.0,0.0,0.0,0.0,0.0,0.0,0.0,0.0,0.0,0.0,0.0,0.0,0.0,0.0,0.0,0.0,0.0,0.0,0.0,0.0,0.0,0.0,0.0,0.0,0.0,0.0,0.0,0.0,0.0
-0.100000,0.000000,0.000000,0.300000,-0.200000,0.000000,-0.100000,0.000000,0.000000,0.300000,-0.200000,0.000000,0.000000,0.000000,0.000000,-0.214874,0.231369,-0.557812,-0.738265,-1.972020,-1.042953,-0.133255,-0.367412,-0.213238,0.633179,-0.728246,1.972020,-1.187317,-0.230246,0.0,0.0,0.0,0.0,0.0,0.0,0.0,0.0,0.0,0.0,0.0,0.0,0.0,0.0,0.0,-0.14118111938717093,0.06341081686655065,0.34764055233209856,0.47477323622621137,0.0,0.5915797380069809,-0.4917542636652353,0.20927162341007055,-0.07796287095142712,-0.0042068862553590325,-0.14744453056536322,0.0,0.19851272229957084,-0.6670507290625398,0.0,0.0,0.0,0.0,0.0,0.0,0.0,0.0,0.0,0.0,0.0,0.0,40.0,40.0,40.0,60.0,60.0,60.0,60.0,60.0,60.0,60.0,60.0,60.0,60.0,60.0,60.0,60.0,60.0,0.0,0.0,0.0,0.0,0.0,0.0,0.0,0.0,0.0,0.0,0.0,0.0,1.0,1.0,1.0,1.5,1.5,1.5,1.5,1.5,1.5,1.5,1.5,1.5,1.5,1.5,1.5,1.5,1.5,0.0,0.0,0.0,0.0,0.0,0.0,0.0,0.0,0.0,0.0,0.0,0.0,0.0,0.0,0.0,0.0,0.0,0.0,0.0,0.0,0.0,0.0,0.0,0.0,0.0,0.0,0.0,0.0,0.0
-0.100000,0.000000,0.000000,0.300000,-0.200000,0.000000,-0.100000,0.000000,0.000000,0.300000,-0.200000,0.000000,0.000000,0.000000,0.000000,-0.215830,0.230913,-0.553418,-0.731547,-1.972020,-1.031571,-0.137297,-0.365674,-0.212691,0.631941,-0.728382,1.972020,-1.183523,-0.244543,0.0,0.0,0.0,0.0,0.0,0.0,0.0,0.0,0.0,0.0,0.0,0.0,0.0,0.0,0.0,-0.0903613469675435,-0.05999154291224523,0.2106399398311115,0.385035743659462,0.0,0.5754153101468373,0.11324963332176585,0.09111601570084144,0.02661502978819341,-0.06774704183590552,-0.040001792534313796,0.0,0.2417660278888789,-0.9174168802002454,0.0,0.0,0.0,0.0,0.0,0.0,0.0,0.0,0.0,0.0,0.0,0.0,40.0,40.0,40.0,60.0,60.0,60.0,60.0,60.0,60.0,60.0,60.0,60.0,60.0,60.0,60.0,60.0,60.0,0.0,0.0,0.0,0.0,0.0,0.0,0.0,0.0,0.0,0.0,0.0,0.0,1.0,1.0,1.0,1.5,1.5,1.5,1.5,1.5,1.5,1.5,1.5,1.5,1.5,1.5,1.5,1.5,1.5,0.0,0.0,0.0,0.0,0.0,0.0,0.0,0.0,0.0,0.0,0.0,0.0,0.0,0.0,0.0,0.0,0.0,0.0,0.0,0.0,0.0,0.0,0.0,0.0,0.0,0.0,0.0,0.0,0.0
-0.100000,0.000000,0.000000,0.300000,-0.200000,0.000000,-0.100000,0.000000,0.000000,0.300000,-0.200000,0.000000,0.000000,0.000000,0.000000,-0.217207,0.230089,-0.550327,-0.726697,-1.972020,-1.023799,-0.137221,-0.364612,-0.212074,0.631409,-0.729558,1.972020,-1.182157,-0.259072,0.0,0.0,0.0,0.0,0.0,0.0,0.0,0.0,0.0,0.0,0.0,0.0,0.0,0.0,0.0,0.04229186264080656,-0.12134700962026235,0.019909042985277736,0.15528088737755408,0.0,0.43582276979217127,0.23386275813497698,-0.06610772724943564,0.1397405656436472,-0.1037648102790667,0.09201630139687722,0.0,0.10522157017248679,-0.7402128608637509,0.0,0.0,0.0,0.0,0.0,0.0,0.0,0.0,0.0,0.0,0.0,0.0,40.0,40.0,40.0,60.0,60.0,60.0,60.0,60.0,60.0,60.0,60.0,60.0,60.0,60.0,60.0,60.0,60.0,0.0,0.0,0.0,0.0,0.0,0.0,0.0,0.0,0.0,0.0,0.0,0.0,1.0,1.0,1.0,1.5,1.5,1.5,1.5,1.5,1.5,1.5,1.5,1.5,1.5,1.5,1.5,1.5,1.5,0.0,0.0,0.0,0.0,0.0,0.0,0.0,0.0,0.0,0.0,0.0,0.0,0.0,0.0,0.0,0.0,0.0,0.0,0.0,0.0,0.0,0.0,0.0,0.0,0.0,0.0,0.0,0.0,0.0
-0.100000,0.000000,0.000000,0.300000,-0.200000,0.000000,-0.100000,0.000000,0.000000,0.300000,-0.200000,0.000000,0.000000,0.000000,0.000000,-0.218911,0.229237,-0.548801,-0.723807,-1.972020,-1.020316,-0.134453,-0.364043,-0.211575,0.631713,-0.731437,1.972020,-1.182775,-0.272012,0.0,0.0,0.0,0.0,0.0,0.0,0.0,0.0,0.0,0.0,0.0,0.0,0.0,0.0,0.0,-0.07994982532090814,-0.016141490804261888,0.07733741922802961,0.07426348564267271,0.0,0.00084823666335887,0.1098918375515491,0.012431824678056647,0.024955793387674424,0.04377911889524022,-0.14300553926736292,0.0,-0.1631933068303948,-0.4712791757151946,0.0,0.0,0.0,0.0,0.0,0.0,0.0,0.0,0.0,0.0,0.0,0.0,40.0,40.0,40.0,60.0,60.0,60.0,60.0,60.0,60.0,60.0,60.0,60.0,60.0,60.0,60.0,60.0,60.0,0.0,0.0,0.0,0.0,0.0,0.0,0.0,0.0,0.0,0.0,0.0,0.0,1.0,1.0,1.0,1.5,1.5,1.5,1.5,1.5,1.5,1.5,1.5,1.5,1.5,1.5,1.5,1.5,1.5,0.0,0.0,0.0,0.0,0.0,0.0,0.0,0.0,0.0,0.0,0.0,0.0,0.0,0.0,0.0,0.0,0.0,0.0,0.0,0.0,0.0,0.0,0.0,0.0,0.0,0.0,0.0,0.0,0.0
-0.100000,0.000000,0.000000,0.300000,-0.200000,0.000000,-0.100000,0.000000,0.000000,0.300000,-0.200000,0.000000,0.000000,0.000000,0.000000,-0.220921,0.228716,-0.548917,-0.722796,-1.972020,-1.021414,-0.130349,-0.363722,-0.211400,0.632961,-0.734147,1.972020,-1.185065,-0.282344,0.0,0.0,0.0,0.0,0.0,0.0,0.0,0.0,0.0,0.0,0.0,0.0,0.0,0.0,0.0,-0.1281119949485439,-0.003184186503728953,-0.07488309106534752,0.014151957591837516,0.0,-0.25114008851326863,0.14138606174756152,-0.007809655336249444,-0.016506035042231776,0.12458767663452996,-0.19671584928227237,0.0,-0.26437507809155547,-0.37346902343562555,0.0,0.0,0.0,0.0,0.0,0.0,0.0,0.0,0.0,0.0,0.0,0.0,40.0,40.0,40.0,60.0,60.0,60.0,60.0,60.0,60.0,60.0,60.0,60.0,60.0,60.0,60.0,60.0,60.0,0.0,0.0,0.0,0.0,0.0,0.0,0.0,0.0,0.0,0.0,0.0,0.0,1.0,1.0,1.0,1.5,1.5,1.5,1.5,1.5,1.5,1.5,1.5,1.5,1.5,1.5,1.5,1.5,1.5,0.0,0.0,0.0,0.0,0.0,0.0,0.0,0.0,0.0,0.0,0.0,0.0,0.0,0.0,0.0,0.0,0.0,0.0,0.0,0.0,0.0,0.0,0.0,0.0,0.0,0.0,0.0,0.0,0.0
-0.100000,0.000000,0.000000,0.300000,-0.200000,0.000000,-0.100000,0.000000,0.000000,0.300000,-0.200000,0.000000,0.000000,0.000000,0.000000,-0.222959,0.228705,-0.550725,-0.723480,-1.972020,-1.026717,-0.125766,-0.363679,-0.211447,0.634982,-0.737908,1.972020,-1.188863,-0.289802,0.0,0.0,0.0,0.0,0.0,0.0,0.0,0.0,0.0,0.0,0.0,0.0,0.0,0.0,0.0,-0.13075845181898735,0.022913593785447994,-0.14016671951306292,-0.06438041132816319,0.0,-0.40956876256652563,0.22045938449222166,0.01560082047596667,-0.04473793196062836,0.15724478904163564,-0.2280170510528895,0.0,-0.23341761253943827,-0.2856349691191806,0.0,0.0,0.0,0.0,0.0,0.0,0.0,0.0,0.0,0.0,0.0,0.0,40.0,40.0,40.0,60.0,60.0,60.0,60.0,60.0,60.0,60.0,60.0,60.0,60.0,60.0,60.0,60.0,60.0,0.0,0.0,0.0,0.0,0.0,0.0,0.0,0.0,0.0,0.0,0.0,0.0,1.0,1.0,1.0,1.5,1.5,1.5,1.5,1.5,1.5,1.5,1.5,1.5,1.5,1.5,1.5,1.5,1.5,0.0,0.0,0.0,0.0,0.0,0.0,0.0,0.0,0.0,0.0,0.0,0.0,0.0,0.0,0.0,0.0,0.0,0.0,0.0,0.0,0.0,0.0,0.0,0.0,0.0,0.0,0.0,0.0,0.0
-0.100000,0.000000,0.000000,0.300000,-0.200000,0.000000,-0.100000,0.000000,0.000000,0.300000,-0.200000,0.000000,0.000000,0.000000,0.000000,-0.224457,0.229219,-0.554302,-0.725663,-1.972020,-1.035521,-0.121310,-0.364374,-0.211270,0.637421,-0.743052,1.972020,-1.194655,-0.294378,0.0,0.0,0.0,0.0,0.0,0.0,0.0,0.0,0.0,0.0,0.0,0.0,0.0,0.0,0.0,-0.1221658527902722,0.04392489958736159,-0.17486761891087055,-0.13624820888758493,0.0,-0.5103255076652435,0.31873138420732067,0.04618107701395563,-0.055243838409464036,0.16044658481039753,-0.22260006794823928,0.0,-0.13068310276542205,-0.2062836149642852,0.0,0.0,0.0,0.0,0.0,0.0,0.0,0.0,0.0,0.0,0.0,0.0,40.0,40.0,40.0,60.0,60.0,60.0,60.0,60.0,60.0,60.0,60.0,60.0,60.0,60.0,60.0,60.0,60.0,0.0,0.0,0.0,0.0,0.0,0.0,0.0,0.0,0.0,0.0,0.0,0.0,1.0,1.0,1.0,1.5,1.5,1.5,1.5,1.5,1.5,1.5,1.5,1.5,1.5,1.5,1.5,1.5,1.5,0.0,0.0,0.0,0.0,0.0,0.0,0.0,0.0,0.0,0.0,0.0,0.0,0.0,0.0,0.0,0.0,0.0,0.0,0.0,0.0,0.0,0.0,0.0,0.0,0.0,0.0,0.0,0.0,0.0
-0.100000,0.000000,0.000000,0.300000,-0.200000,0.000000,-0.100000,0.000000,0.000000,0.300000,-0.200000,0.000000,0.000000,0.000000,0.000000,-0.224821,0.230195,-0.559759,-0.729111,-1.972020,-1.047289,-0.117528,-0.366542,-0.210359,0.640031,-0.750098,1.972020,-1.203744,-0.296006,0.0,0.0,0.0,0.0,0.0,0.0,0.0,0.0,0.0,0.0,0.0,0.0,0.0,0.0,0.0,-0.13142079207446658,0.03557111406742863,-0.18949298151287597,-0.23151435600553272,0.0,-0.605217710113326,0.06984288793687073,0.0543241709227274,-0.040651959538820504,0.15049391838476422,-0.1916467688868856,0.0,-0.11537255805628144,-0.12118468241673758,0.0,0.0,0.0,0.0,0.0,0.0,0.0,0.0,0.0,0.0,0.0,0.0,40.0,40.0,40.0,60.0,60.0,60.0,60.0,60.0,60.0,60.0,60.0,60.0,60.0,60.0,60.0,60.0,60.0,0.0,0.0,0.0,0.0,0.0,0.0,0.0,0.0,0.0,0.0,0.0,0.0,1.0,1.0,1.0,1.5,1.5,1.5,1.5,1.5,1.5,1.5,1.5,1.5,1.5,1.5,1.5,1.5,1.5,0.0,0.0,0.0,0.0,0.0,0.0,0.0,0.0,0.0,0.0,0.0,0.0,0.0,0.0,0.0,0.0,0.0,0.0,0.0,0.0,0.0,0.0,0.0,0.0,0.0,0.0,0.0,0.0,0.0
-0.100000,0.000000,0.000000,0.300000,-0.200000,0.000000,-0.100000,0.000000,0.000000,0.300000,-0.200000,0.000000,0.000000,0.000000,0.000000,-0.223947,0.231527,-0.567002,-0.733548,-1.972020,-1.061844,-0.114757,-0.370569,-0.208644,0.642969,-0.759342,1.972020,-1.217189,-0.294708,0.0,0.0,0.0,0.0,0.0,0.0,0.0,0.0,0.0,0.0,0.0,0.0,0.0,0.0,0.0,0.28491004823985794,0.097219823874721,-0.5581539146685022,-0.2286528815847816,0.0,-0.6503362606528562,-0.0039230822172272445,-0.4421220170839901,0.3021159003536354,-0.02115850790856688,-0.6324166826639582,0.0,-0.936014295754356,0.16528604945012376,0.0,0.0,0.0,0.0,0.0,0.0,0.0,0.0,0.0,0.0,0.0,0.0,40.0,40.0,40.0,60.0,60.0,60.0,60.0,60.0,60.0,60.0,60.0,60.0,60.0,60.0,60.0,60.0,60.0,0.0,0.0,0.0,0.0,0.0,0.0,0.0,0.0,0.0,0.0,0.0,0.0,1.0,1.0,1.0,1.5,1.5,1.5,1.5,1.5,1.5,1.5,1.5,1.5,1.5,1.5,1.5,1.5,1.5,0.0,0.0,0.0,0.0,0.0,0.0,0.0,0.0,0.0,0.0,0.0,0.0,0.0,0.0,0.0,0.0,0.0,0.0,0.0,0.0,0.0,0.0,0.0,0.0,0.0,0.0,0.0,0.0,0.0
-0.100000,0.000000,0.000000,0.300000,-0.200000,0.000000,-0.100000,0.000000,0.000000,0.300000,-0.200000,0.000000,0.000000,0.000000,0.000000,-0.222683,0.233059,-0.575382,-0.738721,-1.972020,-1.079109,-0.113185,-0.375700,-0.206887,0.646789,-0.770114,1.972020,-1.233943,-0.291026,0.0,0.0,0.0,0.0,0.0,0.0,0.0,0.0,0.0,0.0,0.0,0.0,0.0,0.0,0.0,0.2840912481249201,0.11058641795344687,-0.5599206214301433,-0.2558741389116881,0.0,-0.7265997036515925,-0.13911644333561984,-0.5365832001207784,0.23446391637315586,0.16497345723776313,-0.8374615506436145,0.0,-1.3670278303650307,0.3266605247598947,0.0,0.0,0.0,0.0,0.0,0.0,0.0,0.0,0.0,0.0,0.0,0.0,40.0,40.0,40.0,60.0,60.0,60.0,60.0,60.0,60.0,60.0,60.0,60.0,60.0,60.0,60.0,60.0,60.0,0.0,0.0,0.0,0.0,0.0,0.0,0.0,0.0,0.0,0.0,0.0,0.0,1.0,1.0,1.0,1.5,1.5,1.5,1.5,1.5,1.5,1.5,1.5,1.5,1.5,1.5,1.5,1.5,1.5,0.0,0.0,0.0,0.0,0.0,0.0,0.0,0.0,0.0,0.0,0.0,0.0,0.0,0.0,0.0,0.0,0.0,0.0,0.0,0.0,0.0,0.0,0.0,0.0,0.0,0.0,0.0,0.0,0.0
-0.100000,0.000000,0.000000,0.300000,-0.200000,0.000000,-0.100000,0.000000,0.000000,0.300000,-0.200000,0.000000,0.000000,0.000000,0.000000,-0.222407,0.234635,-0.583887,-0.744453,-1.972020,-1.098346,-0.113517,-0.380230,-0.206273,0.651887,-0.780752,1.972020,-1.250355,-0.286174,0.0,0.0,0.0,0.0,0.0,0.0,0.0,0.0,0.0,0.0,0.0,0.0,0.0,0.0,0.0,-0.14736049566054996,0.06808433864836788,-0.2587408271864544,-0.20096787465810617,0.0,-0.8478698887059988,-0.3176186549630481,-0.08538902552217009,-0.1541833419982673,0.44784485503824023,-0.5173814140248645,0.0,-0.7751418133335575,0.23337303417077376,0.0,0.0,0.0,0.0,0.0,0.0,0.0,0.0,0.0,0.0,0.0,0.0,40.0,40.0,40.0,60.0,60.0,60.0,60.0,60.0,60.0,60.0,60.0,60.0,60.0,60.0,60.0,60.0,60.0,0.0,0.0,0.0,0.0,0.0,0.0,0.0,0.0,0.0,0.0,0.0,0.0,1.0,1.0,1.0,1.5,1.5,1.5,1.5,1.5,1.5,1.5,1.5,1.5,1.5,1.5,1.5,1.5,1.5,0.0,0.0,0.0,0.0,0.0,0.0,0.0,0.0,0.0,0.0,0.0,0.0,0.0,0.0,0.0,0.0,0.0,0.0,0.0,0.0,0.0,0.0,0.0,0.0,0.0,0.0,0.0,0.0,0.0
-0.100000,0.000000,0.000000,0.300000,-0.200000,0.000000,-0.100000,0.000000,0.000000,0.300000,-0.200000,0.000000,0.000000,0.000000,0.000000,-0.223876,0.236235,-0.591780,-0.750496,-1.972019,-1.117020,-0.118095,-0.382704,-0.207494,0.657957,-0.789694,1.972020,-1.261932,-0.281691,0.0,0.0,0.0,0.0,0.0,0.0,0.0,0.0,0.0,0.0,0.0,0.0,0.0,0.0,0.0,-0.16580804514913713,0.08184524904229634,-0.31315650017502417,-0.12347894293401884,0.0,-0.9599376895941758,-0.013913143210283682,-0.01551285237448713,-0.11315845507937974,0.3380928247590398,-0.41887256297063746,0.0,-0.4332243927108792,0.19368334129523102,0.0,0.0,0.0,0.0,0.0,0.0,0.0,0.0,0.0,0.0,0.0,0.0,40.0,40.0,40.0,60.0,60.0,60.0,60.0,60.0,60.0,60.0,60.0,60.0,60.0,60.0,60.0,60.0,60.0,0.0,0.0,0.0,0.0,0.0,0.0,0.0,0.0,0.0,0.0,0.0,0.0,1.0,1.0,1.0,1.5,1.5,1.5,1.5,1.5,1.5,1.5,1.5,1.5,1.5,1.5,1.5,1.5,1.5,0.0,0.0,0.0,0.0,0.0,0.0,0.0,0.0,0.0,0.0,0.0,0.0,0.0,0.0,0.0,0.0,0.0,0.0,0.0,0.0,0.0,0.0,0.0,0.0,0.0,0.0,0.0,0.0,0.0
-0.100000,0.000000,0.000000,0.300000,-0.200000,0.000000,-0.100000,0.000000,0.000000,0.300000,-0.200000,0.000000,0.000000,0.000000,0.000000,-0.226677,0.238062,-0.598658,-0.756031,-1.972019,-1.129987,-0.131645,-0.382692,-0.210445,0.664150,-0.796606,1.972020,-1.265371,-0.279053,0.0,0.0,0.0,0.0,0.0,0.0,0.0,0.0,0.0,0.0,0.0,0.0,0.0,0.0,0.0,-0.15123518397056057,0.1074715209099221,-0.2862346503936103,-0.36596103227001797,0.0,-0.7541247718122479,-0.20543032310982798,0.04930030700143334,-0.08880245735207043,0.2976356280689735,-0.41632599159917294,0.0,-0.012909162466978596,0.2083828871637744,0.0,0.0,0.0,0.0,0.0,0.0,0.0,0.0,0.0,0.0,0.0,0.0,40.0,40.0,40.0,60.0,60.0,60.0,60.0,60.0,60.0,60.0,60.0,60.0,60.0,60.0,60.0,60.0,60.0,0.0,0.0,0.0,0.0,0.0,0.0,0.0,0.0,0.0,0.0,0.0,0.0,1.0,1.0,1.0,1.5,1.5,1.5,1.5,1.5,1.5,1.5,1.5,1.5,1.5,1.5,1.5,1.5,1.5,0.0,0.0,0.0,0.0,0.0,0.0,0.0,0.0,0.0,0.0,0.0,0.0,0.0,0.0,0.0,0.0,0.0,0.0,0.0,0.0,0.0,0.0,0.0,0.0,0.0,0.0,0.0,0.0,0.0
-0.100000,0.000000,0.000000,0.300000,-0.200000,0.000000,-0.100000,0.000000,0.000000,0.300000,-0.200000,0.000000,0.000000,0.000000,0.000000,-0.229520,0.240530,-0.603964,-0.759042,-1.972020,-1.129933,-0.159907,-0.380676,-0.214404,0.669622,-0.802909,1.972020,-1.259561,-0.279369,0.0,0.0,0.0,0.0,0.0,0.0,0.0,0.0,0.0,0.0,0.0,0.0,0.0,0.0,0.0,-0.30013125177916766,0.04954418831871962,-0.11482204699257703,-0.43900626853953795,0.0,0.28843850685359995,-2.192400526514469,0.4983576678211671,-0.4426916864012427,0.3476901011076061,0.4842044746223656,0.0,1.229077321618205,0.15418884172808123,0.0,0.0,0.0,0.0,0.0,0.0,0.0,0.0,0.0,0.0,0.0,0.0,40.0,40.0,40.0,60.0,60.0,60.0,60.0,60.0,60.0,60.0,60.0,60.0,60.0,60.0,60.0,60.0,60.0,0.0,0.0,0.0,0.0,0.0,0.0,0.0,0.0,0.0,0.0,0.0,0.0,1.0,1.0,1.0,1.5,1.5,1.5,1.5,1.5,1.5,1.5,1.5,1.5,1.5,1.5,1.5,1.5,1.5,0.0,0.0,0.0,0.0,0.0,0.0,0.0,0.0,0.0,0.0,0.0,0.0,0.0,0.0,0.0,0.0,0.0,0.0,0.0,0.0,0.0,0.0,0.0,0.0,0.0,0.0,0.0,0.0,0.0
-0.100000,0.000000,0.000000,0.300000,-0.200000,0.000000,-0.100000,0.000000,0.000000,0.300000,-0.200000,0.000000,0.000000,0.000000,0.000000,-0.230748,0.244141,-0.606537,-0.756597,-1.972021,-1.109276,-0.206367,-0.377471,-0.218188,0.673909,-0.811293,1.972020,-1.245320,-0.282651,0.0,0.0,0.0,0.0,0.0,0.0,0.0,0.0,0.0,0.0,0.0,0.0,0.0,0.0,0.0,0.04590579283414997,0.2100422554389393,0.03157317737814136,0.5132572942373431,0.0,1.5853522345693982,-2.161841524785794,0.3606419879723266,-0.02132930728555721,-0.026870034045772817,-0.095983497513763,0.0,1.542021834549523,0.15750531614042995,0.0,0.0,0.0,0.0,0.0,0.0,0.0,0.0,0.0,0.0,0.0,0.0,40.0,40.0,40.0,60.0,60.0,60.0,60.0,60.0,60.0,60.0,60.0,60.0,60.0,60.0,60.0,60.0,60.0,0.0,0.0,0.0,0.0,0.0,0.0,0.0,0.0,0.0,0.0,0.0,0.0,1.0,1.0,1.0,1.5,1.5,1.5,1.5,1.5,1.5,1.5,1.5,1.5,1.5,1.5,1.5,1.5,1.5,0.0,0.0,0.0,0.0,0.0,0.0,0.0,0.0,0.0,0.0,0.0,0.0,0.0,0.0,0.0,0.0,0.0,0.0,0.0,0.0,0.0,0.0,0.0,0.0,0.0,0.0,0.0,0.0,0.0
-0.100000,0.000000,0.000000,0.300000,-0.200000,0.000000,-0.100000,0.000000,0.000000,0.300000,-0.200000,0.000000,0.000000,0.000000,0.000000,-0.228983,0.249175,-0.604225,-0.746199,-1.972023,-1.062376,-0.269734,-0.372931,-0.220524,0.677071,-0.823078,1.972020,-1.222906,-0.286309,0.0,0.0,0.0,0.0,0.0,0.0,0.0,0.0,0.0,0.0,0.0,0.0,0.0,0.0,0.0,-0.008716802734035078,0.3288331712438426,-0.03940587571258647,0.5754373840443361,0.0,2.866434675979579,-3.384910977239629,-0.3281624128469926,-0.27111314615581444,0.07798867803226472,-1.323916044422349,0.0,0.7192040369918273,-1.3888115656512767,0.0,0.0,0.0,0.0,0.0,0.0,0.0,0.0,0.0,0.0,0.0,0.0,40.0,40.0,40.0,60.0,60.0,60.0,60.0,60.0,60.0,60.0,60.0,60.0,60.0,60.0,60.0,60.0,60.0,0.0,0.0,0.0,0.0,0.0,0.0,0.0,0.0,0.0,0.0,0.0,0.0,1.0,1.0,1.0,1.5,1.5,1.5,1.5,1.5,1.5,1.5,1.5,1.5,1.5,1.5,1.5,1.5,1.5,0.0,0.0,0.0,0.0,0.0,0.0,0.0,0.0,0.0,0.0,0.0,0.0,0.0,0.0,0.0,0.0,0.0,0.0,0.0,0.0,0.0,0.0,0.0,0.0,0.0,0.0,0.0,0.0,0.0
-0.100000,0.000000,0.000000,0.300000,-0.200000,0.000000,-0.100000,0.000000,0.000000,0.300000,-0.200000,0.000000,0.000000,0.000000,0.000000,-0.223802,0.255411,-0.593856,-0.726788,-1.972028,-0.987130,-0.342335,-0.365010,-0.220521,0.679322,-0.835297,1.972020,-1.188778,-0.284626,0.0,0.0,0.0,0.0,0.0,0.0,0.0,0.0,0.0,0.0,0.0,0.0,0.0,0.0,0.0,0.34610888895912767,0.2808814144289948,0.5667683733781903,1.0981586837885053,0.0,4.959730017954703,-4.853206140304919,0.4338859411869081,0.06580112633525967,0.07360555558520998,-0.9108982470112603,0.0,1.869370659824121,0.19283855817208984,0.0,0.0,0.0,0.0,0.0,0.0,0.0,0.0,0.0,0.0,0.0,0.0,40.0,40.0,40.0,60.0,60.0,60.0,60.0,60.0,60.0,60.0,60.0,60.0,60.0,60.0,60.0,60.0,60.0,0.0,0.0,0.0,0.0,0.0,0.0,0.0,0.0,0.0,0.0,0.0,0.0,1.0,1.0,1.0,1.5,1.5,1.5,1.5,1.5,1.5,1.5,1.5,1.5,1.5,1.5,1.5,1.5,1.5,0.0,0.0,0.0,0.0,0.0,0.0,0.0,0.0,0.0,0.0,0.0,0.0,0.0,0.0,0.0,0.0,0.0,0.0,0.0,0.0,0.0,0.0,0.0,0.0,0.0,0.0,0.0,0.0,0.0
-0.100000,0.000000,0.000000,0.300000,-0.200000,0.000000,-0.100000,0.000000,0.000000,0.300000,-0.200000,0.000000,0.000000,0.000000,0.000000,-0.216342,0.262111,-0.572331,-0.699170,-1.972032,-0.885524,-0.409995,-0.350900,-0.218146,0.680325,-0.841237,1.972020,-1.135396,-0.271657,0.0,0.0,0.0,0.0,0.0,0.0,0.0,0.0,0.0,0.0,0.0,0.0,0.0,0.0,0.0,0.92727478891984,0.3653173928919243,1.6473534589190597,2.1846485000678872,0.0,6.300000000000066,-3.230213267476434,1.1404320241041168,0.7039375268982816,-0.27205025060860477,0.12489656950645522,0.0,3.8709119510055787,2.6728497114135488,0.0,0.0,0.0,0.0,0.0,0.0,0.0,0.0,0.0,0.0,0.0,0.0,40.0,40.0,40.0,60.0,60.0,60.0,60.0,60.0,60.0,60.0,60.0,60.0,60.0,60.0,60.0,60.0,60.0,0.0,0.0,0.0,0.0,0.0,0.0,0.0,0.0,0.0,0.0,0.0,0.0,1.0,1.0,1.0,1.5,1.5,1.5,1.5,1.5,1.5,1.5,1.5,1.5,1.5,1.5,1.5,1.5,1.5,0.0,0.0,0.0,0.0,0.0,0.0,0.0,0.0,0.0,0.0,0.0,0.0,0.0,0.0,0.0,0.0,0.0,0.0,0.0,0.0,0.0,0.0,0.0,0.0,0.0,0.0,0.0,0.0,0.0
-0.100000,0.000000,0.000000,0.300000,-0.200000,0.000000,-0.100000,0.000000,0.000000,0.300000,-0.200000,0.000000,0.000000,0.000000,0.000000,-0.209171,0.268075,-0.538064,-0.665906,-1.972031,-0.762037,-0.455775,-0.328871,-0.214170,0.678540,-0.833447,1.972020,-1.053123,-0.243750,0.0,0.0,0.0,0.0,0.0,0.0,0.0,0.0,0.0,0.0,0.0,0.0,0.0,0.0,0.0,0.436923234279675,0.33175962787496266,2.0899083800610425,1.9208348870470182,0.0,6.300000000000034,-2.0329845558342163,1.0893550190229084,0.0008234203270861273,-0.3425207768683769,1.2271701830830928,0.0,4.983233472642354,1.7342078312015645,0.0,0.0,0.0,0.0,0.0,0.0,0.0,0.0,0.0,0.0,0.0,0.0,40.0,40.0,40.0,60.0,60.0,60.0,60.0,60.0,60.0,60.0,60.0,60.0,60.0,60.0,60.0,60.0,60.0,0.0,0.0,0.0,0.0,0.0,0.0,0.0,0.0,0.0,0.0,0.0,0.0,1.0,1.0,1.0,1.5,1.5,1.5,1.5,1.5,1.5,1.5,1.5,1.5,1.5,1.5,1.5,1.5,1.5,0.0,0.0,0.0,0.0,0.0,0.0,0.0,0.0,0.0,0.0,0.0,0.0,0.0,0.0,0.0,0.0,0.0,0.0,0.0,0.0,0.0,0.0,0.0,0.0,0.0,0.0,0.0,0.0,0.0
-0.100000,0.000000,0.000000,0.300000,-0.200000,0.000000,-0.100000,0.000000,0.000000,0.300000,-0.200000,0.000000,0.000000,0.000000,0.000000,-0.204576,0.271791,-0.491206,-0.629577,-1.972018,-0.620573,-0.465727,-0.298755,-0.208972,0.670316,-0.805237,1.972020,-0.930564,-0.196637,0.0,0.0,0.0,0.0,0.0,0.0,0.0,0.0,0.0,0.0,0.0,0.0,0.0,0.0,0.0,0.11907270654252788,0.1923638480324355,2.221628682432469,1.4790068178118065,0.0,6.3,-0.12903694610197913,1.3903995576973958,0.06811820000319282,-0.7157793426312398,1.5851185626156339,0.0,5.871057997741069,1.662548569002674,0.0,0.0,0.0,0.0,0.0,0.0,0.0,0.0,0.0,0.0,0.0,0.0,40.0,40.0,40.0,60.0,60.0,60.0,60.0,60.0,60.0,60.0,60.0,60.0,60.0,60.0,60.0,60.0,60.0,0.0,0.0,0.0,0.0,0.0,0.0,0.0,0.0,0.0,0.0,0.0,0.0,1.0,1.0,1.0,1.5,1.5,1.5,1.5,1.5,1.5,1.5,1.5,1.5,1.5,1.5,1.5,1.5,1.5,0.0,0.0,0.0,0.0,0.0,0.0,0.0,0.0,0.0,0.0,0.0,0.0,0.0,0.0,0.0,0.0,0.0,0.0,0.0,0.0,0.0,0.0,0.0,0.0,0.0,0.0,0.0,0.0,0.0
-0.100000,0.000000,0.000000,0.300000,-0.200000,0.000000,-0.100000,0.000000,0.000000,0.300000,-0.200000,0.000000,0.000000,0.000000,0.000000,-0.202507,0.271897,-0.433340,-0.590761,-1.971983,-0.464032,-0.433923,-0.262262,-0.201841,0.648885,-0.750416,1.972020,-0.755420,-0.122504,0.0,0.0,0.0,0.0,0.0,0.0,0.0,0.0,0.0,0.0,0.0,0.0,0.0,0.0,0.0,-0.6084482015486746,-0.12261621792439281,3.0919856226318085,1.0377928988116347,0.0,8.104734191620732,2.5553685998853046,2.0344630000313675,0.3214770703182754,-0.353954355813485,2.615034453307849,0.0,8.41327100193434,2.824755635256081,0.0,0.0,0.0,0.0,0.0,0.0,0.0,0.0,0.0,0.0,0.0,0.0,40.0,40.0,40.0,60.0,60.0,60.0,60.0,60.0,60.0,60.0,60.0,60.0,60.0,60.0,60.0,60.0,60.0,0.0,0.0,0.0,0.0,0.0,0.0,0.0,0.0,0.0,0.0,0.0,0.0,1.0,1.0,1.0,1.5,1.5,1.5,1.5,1.5,1.5,1.5,1.5,1.5,1.5,1.5,1.5,1.5,1.5,0.0,0.0,0.0,0.0,0.0,0.0,0.0,0.0,0.0,0.0,0.0,0.0,0.0,0.0,0.0,0.0,0.0,0.0,0.0,0.0,0.0,0.0,0.0,0.0,0.0,0.0,0.0,0.0,0.0
-0.100000,0.000000,0.000000,0.300000,-0.200000,0.000000,-0.100000,0.000000,0.000000,0.300000,-0.200000,0.000000,0.000000,0.000000,0.000000,-0.200444,0.267760,-0.368198,-0.548992,-1.971920,-0.297959,-0.366650,-0.224030,-0.191918,0.605173,-0.664585,1.972020,-0.520850,-0.014516,0.0,0.0,0.0,0.0,0.0,0.0,0.0,0.0,0.0,0.0,0.0,0.0,0.0,0.0,0.0,-0.15404691752878424,-0.43149655359770306,3.7713396414493294,2.862200989881912,0.0,9.860446967249931,6.386364695619228,2.388949565270901,0.6383604988082929,-1.417398274408768,4.6342870140512,0.0,13.921854266172407,6.431395231610787,0.0,0.0,0.0,0.0,0.0,0.0,0.0,0.0,0.0,0.0,0.0,0.0,40.0,40.0,40.0,60.0,60.0,60.0,60.0,60.0,60.0,60.0,60.0,60.0,60.0,60.0,60.0,60.0,60.0,0.0,0.0,0.0,0.0,0.0,0.0,0.0,0.0,0.0,0.0,0.0,0.0,1.0,1.0,1.0,1.5,1.5,1.5,1.5,1.5,1.5,1.5,1.5,1.5,1.5,1.5,1.5,1.5,1.5,0.0,0.0,0.0,0.0,0.0,0.0,0.0,0.0,0.0,0.0,0.0,0.0,0.0,0.0,0.0,0.0,0.0,0.0,0.0,0.0,0.0,0.0,0.0,0.0,0.0,0.0,0.0,0.0,0.0
-0.100000,0.000000,0.000000,0.300000,-0.200000,0.000000,-0.100000,0.000000,0.000000,0.300000,-0.200000,0.000000,0.000000,0.000000,0.000000,-0.195812,0.259660,-0.302236,-0.505910,-1.971844,-0.132587,-0.282243,-0.191541,-0.179366,0.532999,-0.549301,1.972020,-0.259051,0.124172,0.0,0.0,0.0,0.0,0.0,0.0,0.0,0.0,0.0,0.0,0.0,0.0,0.0,0.0,0.0,0.6395293470597709,-0.390709425778063,3.76987509446438,2.919694458175974,0.0,8.159917028658665,5.2925099073069015,1.9420645672288377,0.6572002282572694,-5.249641891839493,6.869251158267304,0.0,17.21380252909819,9.138992234260193,0.0,0.0,0.0,0.0,0.0,0.0,0.0,0.0,0.0,0.0,0.0,0.0,40.0,40.0,40.0,60.0,60.0,60.0,60.0,60.0,60.0,60.0,60.0,60.0,60.0,60.0,60.0,60.0,60.0,0.0,0.0,0.0,0.0,0.0,0.0,0.0,0.0,0.0,0.0,0.0,0.0,1.0,1.0,1.0,1.5,1.5,1.5,1.5,1.5,1.5,1.5,1.5,1.5,1.5,1.5,1.5,1.5,1.5,0.0,0.0,0.0,0.0,0.0,0.0,0.0,0.0,0.0,0.0,0.0,0.0,0.0,0.0,0.0,0.0,0.0,0.0,0.0,0.0,0.0,0.0,0.0,0.0,0.0,0.0,0.0,0.0,0.0
-0.100000,0.000000,0.000000,0.300000,-0.200000,0.000000,-0.100000,0.000000,0.000000,0.300000,-0.200000,0.000000,0.000000,0.000000,0.000000,-0.188729,0.248538,-0.242893,-0.465530,-1.971810,0.020972,-0.202698,-0.172429,-0.165691,0.436212,-0.415746,1.972020,0.002749,0.276581,0.0,0.0,0.0,0.0,0.0,0.0,0.0,0.0,0.0,0.0,0.0,0.0,0.0,0.0,0.0,0.825687801794655,-0.6491215669445007,2.6994575951106774,1.3628938449988206,0.0,7.808879028716323,3.147742454214753,0.3324801006268627,0.8441397623002097,-7.086607147323654,8.399935322283856,0.0,17.179361774730054,8.554091785428515,0.0,0.0,0.0,0.0,0.0,0.0,0.0,0.0,0.0,0.0,0.0,0.0,40.0,40.0,40.0,60.0,60.0,60.0,60.0,60.0,60.0,60.0,60.0,60.0,60.0,60.0,60.0,60.0,60.0,0.0,0.0,0.0,0.0,0.0,0.0,0.0,0.0,0.0,0.0,0.0,0.0,1.0,1.0,1.0,1.5,1.5,1.5,1.5,1.5,1.5,1.5,1.5,1.5,1.5,1.5,1.5,1.5,1.5,0.0,0.0,0.0,0.0,0.0,0.0,0.0,0.0,0.0,0.0,0.0,0.0,0.0,0.0,0.0,0.0,0.0,0.0,0.0,0.0,0.0,0.0,0.0,0.0,0.0,0.0,0.0,0.0,0.0
-0.100000,0.000000,0.000000,0.300000,-0.200000,0.000000,-0.100000,0.000000,0.000000,0.300000,-0.200000,0.000000,0.000000,0.000000,0.000000,-0.182161,0.235819,-0.195214,-0.431061,-1.971935,0.156530,-0.142758,-0.170751,-0.153417,0.329323,-0.283143,1.972020,0.264548,0.417677,0.0,0.0,0.0,0.0,0.0,0.0,0.0,0.0,0.0,0.0,0.0,0.0,0.0,0.0,0.0,0.6046815287285497,-0.8189378203942187,2.019844765419421,1.5893024224932495,0.0,6.550956093909485,1.8260686111919753,-0.7792298218045883,0.7806104853924536,-6.02471877999273,7.312168585195389,0.0,15.260633317367109,6.898044604714391,0.0,0.0,0.0,0.0,0.0,0.0,0.0,0.0,0.0,0.0,0.0,0.0,40.0,40.0,40.0,60.0,60.0,60.0,60.0,60.0,60.0,60.0,60.0,60.0,60.0,60.0,60.0,60.0,60.0,0.0,0.0,0.0,0.0,0.0,0.0,0.0,0.0,0.0,0.0,0.0,0.0,1.0,1.0,1.0,1.5,1.5,1.5,1.5,1.5,1.5,1.5,1.5,1.5,1.5,1.5,1.5,1.5,1.5,0.0,0.0,0.0,0.0,0.0,0.0,0.0,0.0,0.0,0.0,0.0,0.0,0.0,0.0,0.0,0.0,0.0,0.0,0.0,0.0,0.0,0.0,0.0,0.0,0.0,0.0,0.0,0.0,0.0
-0.100000,0.000000,0.000000,0.300000,-0.200000,0.000000,-0.100000,0.000000,0.000000,0.300000,-0.200000,0.000000,0.000000,0.000000,0.000000,-0.179418,0.223214,-0.159480,-0.403191,-1.972381,0.276788,-0.105434,-0.185449,-0.145173,0.229220,-0.170910,1.972020,0.526347,0.524395,0.0,0.0,0.0,0.0,0.0,0.0,0.0,0.0,0.0,0.0,0.0,0.0,0.0,0.0,0.0,-0.33547050258941336,-0.802195078474293,1.0672831342653573,1.3523184817493803,0.0,4.42773795858834,0.5631487442865565,-1.4726578889070536,0.4971690095624648,-3.9216565246220947,4.054485611218707,0.0,11.242442835949529,3.5031093840039524,0.0,0.0,0.0,0.0,0.0,0.0,0.0,0.0,0.0,0.0,0.0,0.0,40.0,40.0,40.0,60.0,60.0,60.0,60.0,60.0,60.0,60.0,60.0,60.0,60.0,60.0,60.0,60.0,60.0,0.0,0.0,0.0,0.0,0.0,0.0,0.0,0.0,0.0,0.0,0.0,0.0,1.0,1.0,1.0,1.5,1.5,1.5,1.5,1.5,1.5,1.5,1.5,1.5,1.5,1.5,1.5,1.5,1.5,0.0,0.0,0.0,0.0,0.0,0.0,0.0,0.0,0.0,0.0,0.0,0.0,0.0,0.0,0.0,0.0,0.0,0.0,0.0,0.0,0.0,0.0,0.0,0.0,0.0,0.0,0.0,0.0,0.0
-0.100000,0.000000,0.000000,0.300000,-0.200000,0.000000,-0.100000,0.000000,0.000000,0.300000,-0.200000,0.000000,0.000000,0.000000,0.000000,-0.181633,0.211902,-0.131231,-0.380583,-1.973287,0.394201,-0.084502,-0.212031,-0.142112,0.146407,-0.090123,1.972020,0.788147,0.582523,0.0,0.0,0.0,0.0,0.0,0.0,0.0,0.0,0.0,0.0,0.0,0.0,0.0,0.0,0.0,-0.5131973210153052,-0.2556834059781847,1.0743307431133855,0.5839886364535709,0.0,4.9072949121778535,-0.3832964551939769,-1.5103904653941667,-0.5179613593540938,-3.1079220263818743,2.430875462897877,0.0,9.371029113623443,1.5195072099240037,0.0,0.0,0.0,0.0,0.0,0.0,0.0,0.0,0.0,0.0,0.0,0.0,40.0,40.0,40.0,60.0,60.0,60.0,60.0,60.0,60.0,60.0,60.0,60.0,60.0,60.0,60.0,60.0,60.0,0.0,0.0,0.0,0.0,0.0,0.0,0.0,0.0,0.0,0.0,0.0,0.0,1.0,1.0,1.0,1.5,1.5,1.5,1.5,1.5,1.5,1.5,1.5,1.5,1.5,1.5,1.5,1.5,1.5,0.0,0.0,0.0,0.0,0.0,0.0,0.0,0.0,0.0,0.0,0.0,0.0,0.0,0.0,0.0,0.0,0.0,0.0,0.0,0.0,0.0,0.0,0.0,0.0,0.0,0.0,0.0,0.0,0.0
-0.100000,0.000000,0.000000,0.300000,-0.200000,0.000000,-0.100000,0.000000,0.000000,0.300000,-0.200000,0.000000,0.000000,0.000000,0.000000,-0.187518,0.201609,-0.103323,-0.360498,-1.974560,0.526241,-0.070490,-0.245407,-0.142860,0.083000,-0.041353,1.972020,1.049946,0.588078,0.0,0.0,0.0,0.0,0.0,0.0,0.0,0.0,0.0,0.0,0.0,0.0,0.0,0.0,0.0,-0.5526721391222962,-0.26289993442054693,1.190373110006081,0.8124565468545758,0.0,5.710229791595597,-0.41297758775343285,-1.527634113107878,-0.3217054143320526,-2.3945052621897553,1.2001430302676366,0.0,7.645990528070881,-0.830020192917652,0.0,0.0,0.0,0.0,0.0,0.0,0.0,0.0,0.0,0.0,0.0,0.0,40.0,40.0,40.0,60.0,60.0,60.0,60.0,60.0,60.0,60.0,60.0,60.0,60.0,60.0,60.0,60.0,60.0,0.0,0.0,0.0,0.0,0.0,0.0,0.0,0.0,0.0,0.0,0.0,0.0,1.0,1.0,1.0,1.5,1.5,1.5,1.5,1.5,1.5,1.5,1.5,1.5,1.5,1.5,1.5,1.5,1.5,0.0,0.0,0.0,0.0,0.0,0.0,0.0,0.0,0.0,0.0,0.0,0.0,0.0,0.0,0.0,0.0,0.0,0.0,0.0,0.0,0.0,0.0,0.0,0.0,0.0,0.0,0.0,0.0,0.0
-0.100000,0.000000,0.000000,0.300000,-0.200000,0.000000,-0.100000,0.000000,0.000000,0.300000,-0.200000,0.000000,0.000000,0.000000,0.000000,-0.195163,0.190914,-0.068901,-0.340115,-1.975555,0.685613,-0.058650,-0.281461,-0.144581,0.035790,-0.018725,1.972020,1.207899,0.546033,0.0,0.0,0.0,0.0,0.0,0.0,0.0,0.0,0.0,0.0,0.0,0.0,0.0,0.0,0.0,-0.3721236076395677,-0.5783794946181614,1.4531491531268472,1.411257625481707,0.0,9.773937025180603,2.44258809613976,-1.789982344114259,0.09656947935311397,-1.6073404101152213,0.5681649175631589,0.0,5.751701421863853,-4.010377751681538,0.0,0.0,0.0,0.0,0.0,0.0,0.0,0.0,0.0,0.0,0.0,0.0,40.0,40.0,40.0,60.0,60.0,60.0,60.0,60.0,60.0,60.0,60.0,60.0,60.0,60.0,60.0,60.0,60.0,0.0,0.0,0.0,0.0,0.0,0.0,0.0,0.0,0.0,0.0,0.0,0.0,1.0,1.0,1.0,1.5,1.5,1.5,1.5,1.5,1.5,1.5,1.5,1.5,1.5,1.5,1.5,1.5,1.5,0.0,0.0,0.0,0.0,0.0,0.0,0.0,0.0,0.0,0.0,0.0,0.0,0.0,0.0,0.0,0.0,0.0,0.0,0.0,0.0,0.0,0.0,0.0,0.0,0.0,0.0,0.0,0.0,0.0
-0.100000,0.000000,0.000000,0.300000,-0.200000,0.000000,-0.100000,0.000000,0.000000,0.300000,-0.200000,0.000000,0.000000,0.000000,0.000000,-0.203880,0.178661,-0.024483,-0.318111,-1.974702,0.871333,-0.054662,-0.316908,-0.145075,0.000048,-0.014879,1.972020,1.308350,0.468740,0.0,0.0,0.0,0.0,0.0,0.0,0.0,0.0,0.0,0.0,0.0,0.0,0.0,0.0,0.0,0.0799966651806365,-0.508433360302301,3.5827845965608645,1.1631322627600609,0.0,11.264545505397155,1.5754195075002502,-1.758629736597965,-0.15881181625606033,-1.9909812991733644,0.08607293518947522,0.0,4.948141079425788,-4.077313451030173,0.0,0.0,0.0,0.0,0.0,0.0,0.0,0.0,0.0,0.0,0.0,0.0,40.0,40.0,40.0,60.0,60.0,60.0,60.0,60.0,60.0,60.0,60.0,60.0,60.0,60.0,60.0,60.0,60.0,0.0,0.0,0.0,0.0,0.0,0.0,0.0,0.0,0.0,0.0,0.0,0.0,1.0,1.0,1.0,1.5,1.5,1.5,1.5,1.5,1.5,1.5,1.5,1.5,1.5,1.5,1.5,1.5,1.5,0.0,0.0,0.0,0.0,0.0,0.0,0.0,0.0,0.0,0.0,0.0,0.0,0.0,0.0,0.0,0.0,0.0,0.0,0.0,0.0,0.0,0.0,0.0,0.0,0.0,0.0,0.0,0.0,0.0
-0.100000,0.000000,0.000000,0.300000,-0.200000,0.000000,-0.100000,0.000000,0.000000,0.300000,-0.200000,0.000000,0.000000,0.000000,0.000000,-0.214486,0.165127,0.028234,-0.294662,-1.969430,1.067837,-0.071097,-0.348773,-0.143839,-0.027856,-0.023555,1.972020,1.376269,0.373300,0.0,0.0,0.0,0.0,0.0,0.0,0.0,0.0,0.0,0.0,0.0,0.0,0.0,0.0,0.0,-0.9700403836667495,-1.2174874635234478,2.402242670730964,1.2388456288372471,0.0,9.432414370210862,0.3247160142293947,-1.3110536900833885,0.7412655701228309,-1.1752921951645328,-0.7300122260777053,0.0,3.421580198678187,-6.016836963529759,0.0,0.0,0.0,0.0,0.0,0.0,0.0,0.0,0.0,0.0,0.0,0.0,40.0,40.0,40.0,60.0,60.0,60.0,60.0,60.0,60.0,60.0,60.0,60.0,60.0,60.0,60.0,60.0,60.0,0.0,0.0,0.0,0.0,0.0,0.0,0.0,0.0,0.0,0.0,0.0,0.0,1.0,1.0,1.0,1.5,1.5,1.5,1.5,1.5,1.5,1.5,1.5,1.5,1.5,1.5,1.5,1.5,1.5,0.0,0.0,0.0,0.0,0.0,0.0,0.0,0.0,0.0,0.0,0.0,0.0,0.0,0.0,0.0,0.0,0.0,0.0,0.0,0.0,0.0,0.0,0.0,0.0,0.0,0.0,0.0,0.0,0.0
-0.100000,0.000000,0.000000,0.300000,-0.200000,0.000000,-0.100000,0.000000,0.000000,0.300000,-0.200000,0.000000,0.000000,0.000000,0.000000,-0.228100,0.152122,0.083598,-0.270473,-1.956989,1.251778,-0.115058,-0.374297,-0.141754,-0.049827,-0.039944,1.972020,1.417811,0.278102,0.0,0.0,0.0,0.0,0.0,0.0,0.0,0.0,0.0,0.0,0.0,0.0,0.0,0.0,0.0,-0.1833430353558152,-0.6215885823635005,3.0383348300581114,0.6608154589583026,0.7208437525880185,10.646891085279009,-5.776124279194029,-1.519810878369994,-0.055652435582487225,-1.2782834048951115,-0.40820767875194114,0.0,0.2452323220001329,-4.720909285065977,0.0,0.0,0.0,0.0,0.0,0.0,0.0,0.0,0.0,0.0,0.0,0.0,40.0,40.0,40.0,60.0,60.0,60.0,60.0,60.0,60.0,60.0,60.0,60.0,60.0,60.0,60.0,60.0,60.0,0.0,0.0,0.0,0.0,0.0,0.0,0.0,0.0,0.0,0.0,0.0,0.0,1.0,1.0,1.0,1.5,1.5,1.5,1.5,1.5,1.5,1.5,1.5,1.5,1.5,1.5,1.5,1.5,1.5,0.0,0.0,0.0,0.0,0.0,0.0,0.0,0.0,0.0,0.0,0.0,0.0,0.0,0.0,0.0,0.0,0.0,0.0,0.0,0.0,0.0,0.0,0.0,0.0,0.0,0.0,0.0,0.0,0.0
-0.100000,0.000000,0.000000,0.300000,-0.200000,0.000000,-0.100000,0.000000,0.000000,0.300000,-0.200000,0.000000,0.000000,0.000000,0.000000,-0.244954,0.141720,0.134390,-0.246742,-1.936303,1.400255,-0.178239,-0.391246,-0.139666,-0.066848,-0.059976,1.972020,1.442955,0.198489,0.0,0.0,0.0,0.0,0.0,0.0,0.0,0.0,0.0,0.0,0.0,0.0,0.0,0.0,0.0,-0.8670019363749483,-0.20806932708165235,3.274732259274524,1.637832028185377,1.7106583023543065,7.034287641636744,-6.239146727857752,-0.9421931896185315,-0.30851154878088827,-0.632929711001037,-1.3738058694134632,0.0,-0.40685292324568745,-2.5666813160098965,0.0,0.0,0.0,0.0,0.0,0.0,0.0,0.0,0.0,0.0,0.0,0.0,40.0,40.0,40.0,60.0,60.0,60.0,60.0,60.0,60.0,60.0,60.0,60.0,60.0,60.0,60.0,60.0,60.0,0.0,0.0,0.0,0.0,0.0,0.0,0.0,0.0,0.0,0.0,0.0,0.0,1.0,1.0,1.0,1.5,1.5,1.5,1.5,1.5,1.5,1.5,1.5,1.5,1.5,1.5,1.5,1.5,1.5,0.0,0.0,0.0,0.0,0.0,0.0,0.0,0.0,0.0,0.0,0.0,0.0,0.0,0.0,0.0,0.0,0.0,0.0,0.0,0.0,0.0,0.0,0.0,0.0,0.0,0.0,0.0,0.0,0.0
-0.100000,0.000000,0.000000,0.300000,-0.200000,0.000000,-0.100000,0.000000,0.000000,0.300000,-0.200000,0.000000,0.000000,0.000000,0.000000,-0.263197,0.134868,0.174203,-0.226057,-1.909243,1.499966,-0.241813,-0.399284,-0.137509,-0.079943,-0.079325,1.972020,1.462569,0.143069,0.0,0.0,0.0,0.0,0.0,0.0,0.0,0.0,0.0,0.0,0.0,0.0,0.0,0.0,0.0,-2.1566465266255204,-0.5831656472145154,0.7115493227903071,1.4360094079236927,0.6700283768794002,1.0687739751450431,-0.8040132965352526,0.8005367009522757,0.4584265770528818,-0.0907505314742034,-1.4194975609781642,0.0,2.001259939582339,-3.742931741921565,0.0,0.0,0.0,0.0,0.0,0.0,0.0,0.0,0.0,0.0,0.0,0.0,40.0,40.0,40.0,60.0,60.0,60.0,60.0,60.0,60.0,60.0,60.0,60.0,60.0,60.0,60.0,60.0,60.0,0.0,0.0,0.0,0.0,0.0,0.0,0.0,0.0,0.0,0.0,0.0,0.0,1.0,1.0,1.0,1.5,1.5,1.5,1.5,1.5,1.5,1.5,1.5,1.5,1.5,1.5,1.5,1.5,1.5,0.0,0.0,0.0,0.0,0.0,0.0,0.0,0.0,0.0,0.0,0.0,0.0,0.0,0.0,0.0,0.0,0.0,0.0,0.0,0.0,0.0,0.0,0.0,0.0,0.0,0.0,0.0,0.0,0.0
-0.100000,0.000000,0.000000,0.300000,-0.200000,0.000000,-0.100000,0.000000,0.000000,0.300000,-0.200000,0.000000,0.000000,0.000000,0.000000,-0.278805,0.131083,0.200331,-0.211826,-1.880557,1.553746,-0.290839,-0.401111,-0.135008,-0.090160,-0.093740,1.972020,1.481402,0.112276,0.0,0.0,0.0,0.0,0.0,0.0,0.0,0.0,0.0,0.0,0.0,0.0,0.0,0.0,0.0,-0.3597434412300926,0.49693333678452467,0.851406338004495,0.532600300412988,2.201065184285583,0.4081839626585315,-2.0192903020052997,0.2848032050589436,-0.08722917222069027,-1.226404099774884,-0.5789130979396355,0.0,2.624653110266678,1.3697575717363284,0.0,0.0,0.0,0.0,0.0,0.0,0.0,0.0,0.0,0.0,0.0,0.0,40.0,40.0,40.0,60.0,60.0,60.0,60.0,60.0,60.0,60.0,60.0,60.0,60.0,60.0,60.0,60.0,60.0,0.0,0.0,0.0,0.0,0.0,0.0,0.0,0.0,0.0,0.0,0.0,0.0,1.0,1.0,1.0,1.5,1.5,1.5,1.5,1.5,1.5,1.5,1.5,1.5,1.5,1.5,1.5,1.5,1.5,0.0,0.0,0.0,0.0,0.0,0.0,0.0,0.0,0.0,0.0,0.0,0.0,0.0,0.0,0.0,0.0,0.0,0.0,0.0,0.0,0.0,0.0,0.0,0.0,0.0,0.0,0.0,0.0,0.0
-0.100000,0.000000,0.000000,0.300000,-0.200000,0.000000,-0.100000,0.000000,0.000000,0.300000,-0.200000,0.000000,0.000000,0.000000,0.000000,-0.288578,0.128773,0.214222,-0.205568,-1.857695,1.575684,-0.320484,-0.400450,-0.132271,-0.097833,-0.101426,1.972020,1.496998,0.098179,0.0,0.0,0.0,0.0,0.0,0.0,0.0,0.0,0.0,0.0,0.0,0.0,0.0,0.0,0.0,0.13176462393195698,-0.0391766603751377,0.32404937221873553,-0.2903658670180928,2.147180434088319,0.5222991928142295,-0.40436850063599455,-0.5387839969491561,0.24604737548704972,-0.2217726280079657,0.6117267422496797,0.0,0.506600254259737,1.2175953541265552,0.0,0.0,0.0,0.0,0.0,0.0,0.0,0.0,0.0,0.0,0.0,0.0,40.0,40.0,40.0,60.0,60.0,60.0,60.0,60.0,60.0,60.0,60.0,60.0,60.0,60.0,60.0,60.0,60.0,0.0,0.0,0.0,0.0,0.0,0.0,0.0,0.0,0.0,0.0,0.0,0.0,1.0,1.0,1.0,1.5,1.5,1.5,1.5,1.5,1.5,1.5,1.5,1.5,1.5,1.5,1.5,1.5,1.5,0.0,0.0,0.0,0.0,0.0,0.0,0.0,0.0,0.0,0.0,0.0,0.0,0.0,0.0,0.0,0.0,0.0,0.0,0.0,0.0,0.0,0.0,0.0,0.0,0.0,0.0,0.0,0.0,0.0
-0.100000,0.000000,0.000000,0.300000,-0.200000,0.000000,-0.100000,0.000000,0.000000,0.300000,-0.200000,0.000000,0.000000,0.000000,0.000000,-0.292711,0.126517,0.219118,-0.205122,-1.848419,1.579288,-0.332633,-0.398933,-0.129714,-0.103209,-0.104338,1.972020,1.506342,0.089696,0.0,0.0,0.0,0.0,0.0,0.0,0.0,0.0,0.0,0.0,0.0,0.0,0.0,0.0,0.0,0.06511289068193843,-0.7269077547859333,-0.18933395480214138,-0.9487802426455271,-0.6373604403092425,0.24996936674307468,0.5159185227293569,-0.16281319733419258,0.46424297750111454,0.32380768650977604,0.10098154646122487,0.0,-0.639081149012416,-2.628359789361275,0.0,0.0,0.0,0.0,0.0,0.0,0.0,0.0,0.0,0.0,0.0,0.0,40.0,40.0,40.0,60.0,60.0,60.0,60.0,60.0,60.0,60.0,60.0,60.0,60.0,60.0,60.0,60.0,60.0,0.0,0.0,0.0,0.0,0.0,0.0,0.0,0.0,0.0,0.0,0.0,0.0,1.0,1.0,1.0,1.5,1.5,1.5,1.5,1.5,1.5,1.5,1.5,1.5,1.5,1.5,1.5,1.5,1.5,0.0,0.0,0.0,0.0,0.0,0.0,0.0,0.0,0.0,0.0,0.0,0.0,0.0,0.0,0.0,0.0,0.0,0.0,0.0,0.0,0.0,0.0,0.0,0.0,0.0,0.0,0.0,0.0,0.0
-0.100000,0.000000,0.000000,0.300000,-0.200000,0.000000,-0.100000,0.000000,0.000000,0.300000,-0.200000,0.000000,0.000000,0.000000,0.000000,-0.293668,0.124279,0.217993,-0.206301,-1.855544,1.570411,-0.331406,-0.396155,-0.127694,-0.107396,-0.106026,1.972020,1.510777,0.081468,0.0,0.0,0.0,0.0,0.0,0.0,0.0,0.0,0.0,0.0,0.0,0.0,0.0,0.0,0.0,0.3439214045708905,0.24396964986932584,0.5784748998876315,0.030815906387863384,-0.5936863556311511,1.212207758733569,-1.5277040312868515,0.18290755912941659,-0.4695850693267209,-0.6626864788773702,-0.3700754573818455,0.0,-0.4492842856177848,-0.4473763218650728,0.0,0.0,0.0,0.0,0.0,0.0,0.0,0.0,0.0,0.0,0.0,0.0,40.0,40.0,40.0,60.0,60.0,60.0,60.0,60.0,60.0,60.0,60.0,60.0,60.0,60.0,60.0,60.0,60.0,0.0,0.0,0.0,0.0,0.0,0.0,0.0,0.0,0.0,0.0,0.0,0.0,1.0,1.0,1.0,1.5,1.5,1.5,1.5,1.5,1.5,1.5,1.5,1.5,1.5,1.5,1.5,1.5,1.5,0.0,0.0,0.0,0.0,0.0,0.0,0.0,0.0,0.0,0.0,0.0,0.0,0.0,0.0,0.0,0.0,0.0,0.0,0.0,0.0,0.0,0.0,0.0,0.0,0.0,0.0,0.0,0.0,0.0
-0.100000,0.000000,0.000000,0.300000,-0.200000,0.000000,-0.100000,0.000000,0.000000,0.300000,-0.200000,0.000000,0.000000,0.000000,0.000000,-0.293575,0.122787,0.212855,-0.206895,-1.874066,1.548529,-0.320786,-0.391909,-0.125910,-0.111614,-0.108694,1.972020,1.513862,0.074960,0.0,0.0,0.0,0.0,0.0,0.0,0.0,0.0,0.0,0.0,0.0,0.0,0.0,0.0,0.0,-0.3169902722767376,-0.2858664615012829,-0.4971224230851737,0.782915002107764,-3.1851434007482413,-1.3296662754356814,2.285602462458099,0.36047140378106246,0.040433019273459006,-0.025030447972469727,-0.1567717798538943,0.0,-0.20937203444078012,-0.9649345373122756,0.0,0.0,0.0,0.0,0.0,0.0,0.0,0.0,0.0,0.0,0.0,0.0,40.0,40.0,40.0,60.0,60.0,60.0,60.0,60.0,60.0,60.0,60.0,60.0,60.0,60.0,60.0,60.0,60.0,0.0,0.0,0.0,0.0,0.0,0.0,0.0,0.0,0.0,0.0,0.0,0.0,1.0,1.0,1.0,1.5,1.5,1.5,1.5,1.5,1.5,1.5,1.5,1.5,1.5,1.5,1.5,1.5,1.5,0.0,0.0,0.0,0.0,0.0,0.0,0.0,0.0,0.0,0.0,0.0,0.0,0.0,0.0,0.0,0.0,0.0,0.0,0.0,0.0,0.0,0.0,0.0,0.0,0.0,0.0,0.0,0.0,0.0
-0.100000,0.000000,0.000000,0.300000,-0.200000,0.000000,-0.100000,0.000000,0.000000,0.300000,-0.200000,0.000000,0.000000,0.000000,0.000000,-0.292439,0.122553,0.205755,-0.208806,-1.893931,1.513675,-0.305432,-0.387403,-0.123975,-0.116556,-0.112473,1.972020,1.516147,0.072734,0.0,0.0,0.0,0.0,0.0,0.0,0.0,0.0,0.0,0.0,0.0,0.0,0.0,0.0,0.0,-0.7511717327945061,0.12383004877286052,-1.0259137728400722,0.6958775412407109,-1.151173464121058,-4.2343600378541675,1.4768102295191057,0.992657397149524,0.4701274376018534,-0.04940318233514762,-0.8646847012336617,0.0,2.064921097858541,0.57069237108852,0.0,0.0,0.0,0.0,0.0,0.0,0.0,0.0,0.0,0.0,0.0,0.0,40.0,40.0,40.0,60.0,60.0,60.0,60.0,60.0,60.0,60.0,60.0,60.0,60.0,60.0,60.0,60.0,60.0,0.0,0.0,0.0,0.0,0.0,0.0,0.0,0.0,0.0,0.0,0.0,0.0,1.0,1.0,1.0,1.5,1.5,1.5,1.5,1.5,1.5,1.5,1.5,1.5,1.5,1.5,1.5,1.5,1.5,0.0,0.0,0.0,0.0,0.0,0.0,0.0,0.0,0.0,0.0,0.0,0.0,0.0,0.0,0.0,0.0,0.0,0.0,0.0,0.0,0.0,0.0,0.0,0.0,0.0,0.0,0.0,0.0,0.0
-0.100000,0.000000,0.000000,0.300000,-0.200000,0.000000,-0.100000,0.000000,0.000000,0.300000,-0.200000,0.000000,0.000000,0.000000,0.000000,-0.288771,0.123644,0.199427,-0.215358,-1.907446,1.470674,-0.289769,-0.384298,-0.122515,-0.122362,-0.116613,1.972020,1.513348,0.074411,0.0,0.0,0.0,0.0,0.0,0.0,0.0,0.0,0.0,0.0,0.0,0.0,0.0,0.0,0.0,0.989528571096196,0.3331033180334612,0.11350783558147157,-1.3932281350694435,2.6000796822000125,-1.5333366577219176,-1.6078066846549415,-0.6222477795578774,0.11770829073964803,-0.7032632448993783,0.4196730566749043,0.0,-0.6733890426736666,1.5699907346094228,0.0,0.0,0.0,0.0,0.0,0.0,0.0,0.0,0.0,0.0,0.0,0.0,40.0,40.0,40.0,60.0,60.0,60.0,60.0,60.0,60.0,60.0,60.0,60.0,60.0,60.0,60.0,60.0,60.0,0.0,0.0,0.0,0.0,0.0,0.0,0.0,0.0,0.0,0.0,0.0,0.0,1.0,1.0,1.0,1.5,1.5,1.5,1.5,1.5,1.5,1.5,1.5,1.5,1.5,1.5,1.5,1.5,1.5,0.0,0.0,0.0,0.0,0.0,0.0,0.0,0.0,0.0,0.0,0.0,0.0,0.0,0.0,0.0,0.0,0.0,0.0,0.0,0.0,0.0,0.0,0.0,0.0,0.0,0.0,0.0,0.0,0.0
-0.100000,0.000000,0.000000,0.300000,-0.200000,0.000000,-0.100000,0.000000,0.000000,0.300000,-0.200000,0.000000,0.000000,0.000000,0.000000,-0.282097,0.125853,0.195771,-0.226980,-1.913687,1.425269,-0.275209,-0.382645,-0.122660,-0.128213,-0.121079,1.972020,1.500561,0.077546,0.0,0.0,0.0,0.0,0.0,0.0,0.0,0.0,0.0,0.0,0.0,0.0,0.0,0.0,0.0,0.6515597129516867,-0.18454500419555,0.17107887204867583,-1.3089867243898927,-1.7931927438035289,-1.8133202412376925,2.238403224306282,-0.23008582964824803,-0.2605525345100744,-0.3068770954669311,0.0291352723357452,0.0,-1.839044984647381,-1.7853322465178025,0.0,0.0,0.0,0.0,0.0,0.0,0.0,0.0,0.0,0.0,0.0,0.0,40.0,40.0,40.0,60.0,60.0,60.0,60.0,60.0,60.0,60.0,60.0,60.0,60.0,60.0,60.0,60.0,60.0,0.0,0.0,0.0,0.0,0.0,0.0,0.0,0.0,0.0,0.0,0.0,0.0,1.0,1.0,1.0,1.5,1.5,1.5,1.5,1.5,1.5,1.5,1.5,1.5,1.5,1.5,1.5,1.5,1.5,0.0,0.0,0.0,0.0,0.0,0.0,0.0,0.0,0.0,0.0,0.0,0.0,0.0,0.0,0.0,0.0,0.0,0.0,0.0,0.0,0.0,0.0,0.0,0.0,0.0,0.0,0.0,0.0,0.0
-0.100000,0.000000,0.000000,0.300000,-0.200000,0.000000,-0.100000,0.000000,0.000000,0.300000,-0.200000,0.000000,0.000000,0.000000,0.000000,-0.273450,0.129176,0.194980,-0.241118,-1.914097,1.379905,-0.261929,-0.380876,-0.124907,-0.132751,-0.126361,1.972020,1.476313,0.080970,0.0,0.0,0.0,0.0,0.0,0.0,0.0,0.0,0.0,0.0,0.0,0.0,0.0,0.0,0.0,0.06852911410361318,0.31566980754378915,-0.26340740312077865,-0.2914973390043499,-1.0585175745178421,-2.5525260311999585,0.9334479820031827,0.5918282234108896,-0.31038266059714714,-0.11783984887191873,-0.9555827029675196,0.0,-1.1119628108729074,-0.5863831523402668,0.0,0.0,0.0,0.0,0.0,0.0,0.0,0.0,0.0,0.0,0.0,0.0,40.0,40.0,40.0,60.0,60.0,60.0,60.0,60.0,60.0,60.0,60.0,60.0,60.0,60.0,60.0,60.0,60.0,0.0,0.0,0.0,0.0,0.0,0.0,0.0,0.0,0.0,0.0,0.0,0.0,1.0,1.0,1.0,1.5,1.5,1.5,1.5,1.5,1.5,1.5,1.5,1.5,1.5,1.5,1.5,1.5,1.5,0.0,0.0,0.0,0.0,0.0,0.0,0.0,0.0,0.0,0.0,0.0,0.0,0.0,0.0,0.0,0.0,0.0,0.0,0.0,0.0,0.0,0.0,0.0,0.0,0.0,0.0,0.0,0.0,0.0
-0.100000,0.000000,0.000000,0.300000,-0.200000,0.000000,-0.100000,0.000000,0.000000,0.300000,-0.200000,0.000000,0.000000,0.000000,0.000000,-0.263668,0.133820,0.196483,-0.255653,-1.909613,1.334541,-0.250296,-0.377672,-0.129224,-0.135157,-0.132131,1.972020,1.441440,0.083181,0.0,0.0,0.0,0.0,0.0,0.0,0.0,0.0,0.0,0.0,0.0,0.0,0.0,0.0,0.0,0.6623421752659481,0.46716449238787816,0.38110905641776727,-0.39551201722137497,2.991968929907179,-1.7352839808736642,-1.1235673003945512,-0.05314902786529713,-0.216620733885646,-0.16508661126258609,-0.5551510385785892,0.0,-2.2651337005900327,1.9407993257317075,0.0,0.0,0.0,0.0,0.0,0.0,0.0,0.0,0.0,0.0,0.0,0.0,40.0,40.0,40.0,60.0,60.0,60.0,60.0,60.0,60.0,60.0,60.0,60.0,60.0,60.0,60.0,60.0,60.0,0.0,0.0,0.0,0.0,0.0,0.0,0.0,0.0,0.0,0.0,0.0,0.0,1.0,1.0,1.0,1.5,1.5,1.5,1.5,1.5,1.5,1.5,1.5,1.5,1.5,1.5,1.5,1.5,1.5,0.0,0.0,0.0,0.0,0.0,0.0,0.0,0.0,0.0,0.0,0.0,0.0,0.0,0.0,0.0,0.0,0.0,0.0,0.0,0.0,0.0,0.0,0.0,0.0,0.0,0.0,0.0,0.0,0.0
-0.100000,0.000000,0.000000,0.300000,-0.200000,0.000000,-0.100000,0.000000,0.000000,0.300000,-0.200000,0.000000,0.000000,0.000000,0.000000,-0.252889,0.140030,0.199572,-0.270210,-1.903168,1.288364,-0.239385,-0.372502,-0.135936,-0.135625,-0.138068,1.972020,1.396913,0.077857,0.0,0.0,0.0,0.0,0.0,0.0,0.0,0.0,0.0,0.0,0.0,0.0,0.0,0.0,0.0,0.3961966272281618,0.19128377717692116,0.46238311012554156,-1.024083642385719,0.7322523986769747,-2.505321497400653,0.7856865025567761,0.34447238054136214,-0.29840058775235795,-0.01702382091859564,0.11729314365840002,0.0,-1.522256740657102,0.10745805583847398,0.0,0.0,0.0,0.0,0.0,0.0,0.0,0.0,0.0,0.0,0.0,0.0,40.0,40.0,40.0,60.0,60.0,60.0,60.0,60.0,60.0,60.0,60.0,60.0,60.0,60.0,60.0,60.0,60.0,0.0,0.0,0.0,0.0,0.0,0.0,0.0,0.0,0.0,0.0,0.0,0.0,1.0,1.0,1.0,1.5,1.5,1.5,1.5,1.5,1.5,1.5,1.5,1.5,1.5,1.5,1.5,1.5,1.5,0.0,0.0,0.0,0.0,0.0,0.0,0.0,0.0,0.0,0.0,0.0,0.0,0.0,0.0,0.0,0.0,0.0,0.0,0.0,0.0,0.0,0.0,0.0,0.0,0.0,0.0,0.0,0.0,0.0
-0.100000,0.000000,0.000000,0.300000,-0.200000,0.000000,-0.100000,0.000000,0.000000,0.300000,-0.200000,0.000000,0.000000,0.000000,0.000000,-0.241174,0.148524,0.203903,-0.284861,-1.896303,1.240871,-0.229265,-0.365295,-0.146055,-0.135524,-0.145916,1.972020,1.344093,0.056512,0.0,0.0,0.0,0.0,0.0,0.0,0.0,0.0,0.0,0.0,0.0,0.0,0.0,0.0,0.0,0.438351818840426,-0.10107369817770398,-0.7798071606614533,-1.521200363954063,-0.07494845332947642,-3.113924506055382,1.9078109709694862,0.15988703626746426,0.00404887492865269,0.6117814207142642,-0.22911435169603658,0.0,-3.226106760774683,-3.6648257909678175,0.0,0.0,0.0,0.0,0.0,0.0,0.0,0.0,0.0,0.0,0.0,0.0,40.0,40.0,40.0,60.0,60.0,60.0,60.0,60.0,60.0,60.0,60.0,60.0,60.0,60.0,60.0,60.0,60.0,0.0,0.0,0.0,0.0,0.0,0.0,0.0,0.0,0.0,0.0,0.0,0.0,1.0,1.0,1.0,1.5,1.5,1.5,1.5,1.5,1.5,1.5,1.5,1.5,1.5,1.5,1.5,1.5,1.5,0.0,0.0,0.0,0.0,0.0,0.0,0.0,0.0,0.0,0.0,0.0,0.0,0.0,0.0,0.0,0.0,0.0,0.0,0.0,0.0,0.0,0.0,0.0,0.0,0.0,0.0,0.0,0.0,0.0
-0.100000,0.000000,0.000000,0.300000,-0.200000,0.000000,-0.100000,0.000000,0.000000,0.300000,-0.200000,0.000000,0.000000,0.000000,0.000000,-0.229099,0.160065,0.209808,-0.300356,-1.881717,1.192044,-0.223423,-0.356877,-0.160290,-0.137009,-0.159269,1.972020,1.286497,0.013983,0.0,0.0,0.0,0.0,0.0,0.0,0.0,0.0,0.0,0.0,0.0,0.0,0.0,0.0,0.0,1.043484386370843,0.9707889418561523,0.3476373016493013,-0.4066065822639492,-0.17392624934479128,-2.3105443439276283,-0.07563155690574266,0.7944606410953403,-1.173526392941606,-0.3179399286548104,-1.0827981617454268,0.0,-3.426531972608826,-2.11355380173502,0.0,0.0,0.0,0.0,0.0,0.0,0.0,0.0,0.0,0.0,0.0,0.0,40.0,40.0,40.0,60.0,60.0,60.0,60.0,60.0,60.0,60.0,60.0,60.0,60.0,60.0,60.0,60.0,60.0,0.0,0.0,0.0,0.0,0.0,0.0,0.0,0.0,0.0,0.0,0.0,0.0,1.0,1.0,1.0,1.5,1.5,1.5,1.5,1.5,1.5,1.5,1.5,1.5,1.5,1.5,1.5,1.5,1.5,0.0,0.0,0.0,0.0,0.0,0.0,0.0,0.0,0.0,0.0,0.0,0.0,0.0,0.0,0.0,0.0,0.0,0.0,0.0,0.0,0.0,0.0,0.0,0.0,0.0,0.0,0.0,0.0,0.0
-0.100000,0.000000,0.000000,0.300000,-0.200000,0.000000,-0.100000,0.000000,0.000000,0.300000,-0.200000,0.000000,0.000000,0.000000,0.000000,-0.218099,0.173702,0.216352,-0.320447,-1.842704,1.140523,-0.225373,-0.349413,-0.177207,-0.141396,-0.181761,1.972020,1.230260,-0.052794,0.0,0.0,0.0,0.0,0.0,0.0,0.0,0.0,0.0,0.0,0.0,0.0,0.0,0.0,0.0,0.7314830577912067,1.181753944649122,0.9258295116575471,0.17863309669264166,0.5711770148972894,-1.8019318979306531,-0.8075370011127971,0.6819458326035643,-1.4189024670475912,-0.6569751199539585,-0.8861859696874808,0.0,-2.6258922069234023,-1.78384840791127,0.0,0.0,0.0,0.0,0.0,0.0,0.0,0.0,0.0,0.0,0.0,0.0,40.0,40.0,40.0,60.0,60.0,60.0,60.0,60.0,60.0,60.0,60.0,60.0,60.0,60.0,60.0,60.0,60.0,0.0,0.0,0.0,0.0,0.0,0.0,0.0,0.0,0.0,0.0,0.0,0.0,1.0,1.0,1.0,1.5,1.5,1.5,1.5,1.5,1.5,1.5,1.5,1.5,1.5,1.5,1.5,1.5,1.5,0.0,0.0,0.0,0.0,0.0,0.0,0.0,0.0,0.0,0.0,0.0,0.0,0.0,0.0,0.0,0.0,0.0,0.0,0.0,0.0,0.0,0.0,0.0,0.0,0.0,0.0,0.0,0.0,0.0
-0.100000,0.000000,0.000000,0.300000,-0.200000,0.000000,-0.100000,0.000000,0.000000,0.300000,-0.200000,0.000000,0.000000,0.000000,0.000000,-0.209478,0.186341,0.219334,-0.351585,-1.761420,1.082862,-0.234972,-0.345498,-0.193055,-0.148141,-0.215759,1.972020,1.181939,-0.146114,0.0,0.0,0.0,0.0,0.0,0.0,0.0,0.0,0.0,0.0,0.0,0.0,0.0,0.0,0.0,-0.13896001367606284,0.4699373011542766,0.00794955476728157,-1.626589680186856,5.135837717051294,-3.1001355214357207,-0.1634455701004088,-0.16843080921306458,-0.5210321306455475,-0.09021917815335151,-1.8645141351102248,0.0,-2.36858658290664,-6.0290046853004995,0.0,0.0,0.0,0.0,0.0,0.0,0.0,0.0,0.0,0.0,0.0,0.0,40.0,40.0,40.0,60.0,60.0,60.0,60.0,60.0,60.0,60.0,60.0,60.0,60.0,60.0,60.0,60.0,60.0,0.0,0.0,0.0,0.0,0.0,0.0,0.0,0.0,0.0,0.0,0.0,0.0,1.0,1.0,1.0,1.5,1.5,1.5,1.5,1.5,1.5,1.5,1.5,1.5,1.5,1.5,1.5,1.5,1.5,0.0,0.0,0.0,0.0,0.0,0.0,0.0,0.0,0.0,0.0,0.0,0.0,0.0,0.0,0.0,0.0,0.0,0.0,0.0,0.0,0.0,0.0,0.0,0.0,0.0,0.0,0.0,0.0,0.0
-0.100000,0.000000,0.000000,0.300000,-0.200000,0.000000,-0.100000,0.000000,0.000000,0.300000,-0.200000,0.000000,0.000000,0.000000,0.000000,-0.202992,0.194653,0.212510,-0.397644,-1.631283,1.016164,-0.248570,-0.346274,-0.203950,-0.155566,-0.260951,1.972020,1.146046,-0.261953,0.0,0.0,0.0,0.0,0.0,0.0,0.0,0.0,0.0,0.0,0.0,0.0,0.0,0.0,0.0,0.14016112980374945,0.35483293228461693,-0.1787287754082205,-3.5658125718426983,9.571521457532528,-3.749528744072597,-1.475985137593739,-0.39181741407128545,-0.48428569028462,-0.6868151108686139,-3.0621342358534545,0.0,-1.2015149924022972,-7.579361053916816,0.0,0.0,0.0,0.0,0.0,0.0,0.0,0.0,0.0,0.0,0.0,0.0,40.0,40.0,40.0,60.0,60.0,60.0,60.0,60.0,60.0,60.0,60.0,60.0,60.0,60.0,60.0,60.0,60.0,0.0,0.0,0.0,0.0,0.0,0.0,0.0,0.0,0.0,0.0,0.0,0.0,1.0,1.0,1.0,1.5,1.5,1.5,1.5,1.5,1.5,1.5,1.5,1.5,1.5,1.5,1.5,1.5,1.5,0.0,0.0,0.0,0.0,0.0,0.0,0.0,0.0,0.0,0.0,0.0,0.0,0.0,0.0,0.0,0.0,0.0,0.0,0.0,0.0,0.0,0.0,0.0,0.0,0.0,0.0,0.0,0.0,0.0
-0.100000,0.000000,0.000000,0.300000,-0.200000,0.000000,-0.100000,0.000000,0.000000,0.300000,-0.200000,0.000000,0.000000,0.000000,0.000000,-0.197354,0.196893,0.190489,-0.455213,-1.463983,0.940839,-0.260308,-0.350852,-0.207715,-0.161706,-0.313257,1.972020,1.123912,-0.386714,0.0,0.0,0.0,0.0,0.0,0.0,0.0,0.0,0.0,0.0,0.0,0.0,0.0,0.0,0.0,0.5710485237893727,0.06855032866385571,-0.8559045653896723,-3.894284919285254,10.047501300446044,-3.878349324804689,-1.4529557596818468,-0.3651455354488964,-0.25596779045015183,-0.7994796948310463,-3.0155105589315863,0.0,-0.5422102893427261,-7.216738872900745,0.0,0.0,0.0,0.0,0.0,0.0,0.0,0.0,0.0,0.0,0.0,0.0,40.0,40.0,40.0,60.0,60.0,60.0,60.0,60.0,60.0,60.0,60.0,60.0,60.0,60.0,60.0,60.0,60.0,0.0,0.0,0.0,0.0,0.0,0.0,0.0,0.0,0.0,0.0,0.0,0.0,1.0,1.0,1.0,1.5,1.5,1.5,1.5,1.5,1.5,1.5,1.5,1.5,1.5,1.5,1.5,1.5,1.5,0.0,0.0,0.0,0.0,0.0,0.0,0.0,0.0,0.0,0.0,0.0,0.0,0.0,0.0,0.0,0.0,0.0,0.0,0.0,0.0,0.0,0.0,0.0,0.0,0.0,0.0,0.0,0.0,0.0
-0.100000,0.000000,0.000000,0.300000,-0.200000,0.000000,-0.100000,0.000000,0.000000,0.300000,-0.200000,0.000000,0.000000,0.000000,0.000000,-0.191724,0.193612,0.151972,-0.515081,-1.284667,0.860959,-0.264912,-0.357497,-0.204616,-0.165476,-0.366187,1.972020,1.113888,-0.503188,0.0,0.0,0.0,0.0,0.0,0.0,0.0,0.0,0.0,0.0,0.0,0.0,0.0,0.0,0.0,0.2308999267122816,-0.7756691853053194,-3.1399147464425514,-3.0306711806790965,9.218469776978871,-4.130981992950569,0.827513216433845,-0.35955871090087993,0.8483950834139609,0.5530216854181557,-2.652342007142161,0.0,-0.3167862345238859,-5.259090296871826,0.0,0.0,0.0,0.0,0.0,0.0,0.0,0.0,0.0,0.0,0.0,0.0,40.0,40.0,40.0,60.0,60.0,60.0,60.0,60.0,60.0,60.0,60.0,60.0,60.0,60.0,60.0,60.0,60.0,0.0,0.0,0.0,0.0,0.0,0.0,0.0,0.0,0.0,0.0,0.0,0.0,1.0,1.0,1.0,1.5,1.5,1.5,1.5,1.5,1.5,1.5,1.5,1.5,1.5,1.5,1.5,1.5,1.5,0.0,0.0,0.0,0.0,0.0,0.0,0.0,0.0,0.0,0.0,0.0,0.0,0.0,0.0,0.0,0.0,0.0,0.0,0.0,0.0,0.0,0.0,0.0,0.0,0.0,0.0,0.0,0.0,0.0
-0.100000,0.000000,0.000000,0.300000,-0.200000,0.000000,-0.100000,0.000000,0.000000,0.300000,-0.200000,0.000000,0.000000,0.000000,0.000000,-0.185893,0.187621,0.102459,-0.567849,-1.121074,0.783490,-0.261991,-0.364883,-0.197680,-0.168347,-0.413844,1.972020,1.112566,-0.599387,0.0,0.0,0.0,0.0,0.0,0.0,0.0,0.0,0.0,0.0,0.0,0.0,0.0,0.0,0.0,0.35971897337278913,-0.6578885145147921,-3.7619585587951234,-2.0229643635595123,8.81067559113487,-4.029502152199857,0.9975376246473627,-0.42547272667643465,0.8081272171174013,0.5486357514598549,-2.0306788766111623,0.0,-0.3508012600346888,-2.9227777905903083,0.0,0.0,0.0,0.0,0.0,0.0,0.0,0.0,0.0,0.0,0.0,0.0,40.0,40.0,40.0,60.0,60.0,60.0,60.0,60.0,60.0,60.0,60.0,60.0,60.0,60.0,60.0,60.0,60.0,0.0,0.0,0.0,0.0,0.0,0.0,0.0,0.0,0.0,0.0,0.0,0.0,1.0,1.0,1.0,1.5,1.5,1.5,1.5,1.5,1.5,1.5,1.5,1.5,1.5,1.5,1.5,1.5,1.5,0.0,0.0,0.0,0.0,0.0,0.0,0.0,0.0,0.0,0.0,0.0,0.0,0.0,0.0,0.0,0.0,0.0,0.0,0.0,0.0,0.0,0.0,0.0,0.0,0.0,0.0,0.0,0.0,0.0
-0.100000,0.000000,0.000000,0.300000,-0.200000,0.000000,-0.100000,0.000000,0.000000,0.300000,-0.200000,0.000000,0.000000,0.000000,0.000000,-0.179703,0.182383,0.052700,-0.608058,-0.993944,0.717095,-0.256607,-0.372673,-0.191291,-0.173469,-0.452938,1.972020,1.115312,-0.672136,0.0,0.0,0.0,0.0,0.0,0.0,0.0,0.0,0.0,0.0,0.0,0.0,0.0,0.0,0.0,0.27097271272096196,0.18846581169279092,-2.098865250264135,-1.5064263468414218,4.158585146996124,-3.113185702424279,0.7238354743924085,-0.09138330428716951,-0.1067743999972233,-0.8314438637356709,-1.4498902613430953,0.0,1.0973791996259696,-2.761932406954806,0.0,0.0,0.0,0.0,0.0,0.0,0.0,0.0,0.0,0.0,0.0,0.0,40.0,40.0,40.0,60.0,60.0,60.0,60.0,60.0,60.0,60.0,60.0,60.0,60.0,60.0,60.0,60.0,60.0,0.0,0.0,0.0,0.0,0.0,0.0,0.0,0.0,0.0,0.0,0.0,0.0,1.0,1.0,1.0,1.5,1.5,1.5,1.5,1.5,1.5,1.5,1.5,1.5,1.5,1.5,1.5,1.5,1.5,0.0,0.0,0.0,0.0,0.0,0.0,0.0,0.0,0.0,0.0,0.0,0.0,0.0,0.0,0.0,0.0,0.0,0.0,0.0,0.0,0.0,0.0,0.0,0.0,0.0,0.0,0.0,0.0,0.0
-0.100000,0.000000,0.000000,0.300000,-0.200000,0.000000,-0.100000,0.000000,0.000000,0.300000,-0.200000,0.000000,0.000000,0.000000,0.000000,-0.172798,0.179771,0.012933,-0.634705,-0.910294,0.670006,-0.254870,-0.381441,-0.188589,-0.182351,-0.482896,1.972020,1.116280,-0.723884,0.0,0.0,0.0,0.0,0.0,0.0,0.0,0.0,0.0,0.0,0.0,0.0,0.0,0.0,0.0,-0.045086222403396825,0.041634242252438364,-1.6025180153756264,-0.9382510449212206,1.2122183985444845,-2.1925054400589756,0.3363334595767112,-0.27146377872909605,0.10247919428028815,-0.8208705842460285,-1.248064938796882,0.0,1.0776501918477344,-3.106972821023074,0.0,0.0,0.0,0.0,0.0,0.0,0.0,0.0,0.0,0.0,0.0,0.0,40.0,40.0,40.0,60.0,60.0,60.0,60.0,60.0,60.0,60.0,60.0,60.0,60.0,60.0,60.0,60.0,60.0,0.0,0.0,0.0,0.0,0.0,0.0,0.0,0.0,0.0,0.0,0.0,0.0,1.0,1.0,1.0,1.5,1.5,1.5,1.5,1.5,1.5,1.5,1.5,1.5,1.5,1.5,1.5,1.5,1.5,0.0,0.0,0.0,0.0,0.0,0.0,0.0,0.0,0.0,0.0,0.0,0.0,0.0,0.0,0.0,0.0,0.0,0.0,0.0,0.0,0.0,0.0,0.0,0.0,0.0,0.0,0.0,0.0,0.0
-0.100000,0.000000,0.000000,0.300000,-0.200000,0.000000,-0.100000,0.000000,0.000000,0.300000,-0.200000,0.000000,0.000000,0.000000,0.000000,-0.165082,0.179658,-0.011406,-0.649980,-0.863528,0.647303,-0.258760,-0.391670,-0.190391,-0.193683,-0.504723,1.972020,1.111351,-0.758704,0.0,0.0,0.0,0.0,0.0,0.0,0.0,0.0,0.0,0.0,0.0,0.0,0.0,0.0,0.0,0.7442824149339222,0.11123506225212201,-0.4153538378245739,-0.4581268450796677,1.1296473115350758,-0.3068581875583176,-1.9237742992543432,-0.8431259201835184,-0.2580159814974468,-0.5922105090858936,-0.821864856867914,0.0,-1.2044108033150036,-1.9380886373688788,0.0,0.0,0.0,0.0,0.0,0.0,0.0,0.0,0.0,0.0,0.0,0.0,40.0,40.0,40.0,60.0,60.0,60.0,60.0,60.0,60.0,60.0,60.0,60.0,60.0,60.0,60.0,60.0,60.0,0.0,0.0,0.0,0.0,0.0,0.0,0.0,0.0,0.0,0.0,0.0,0.0,1.0,1.0,1.0,1.5,1.5,1.5,1.5,1.5,1.5,1.5,1.5,1.5,1.5,1.5,1.5,1.5,1.5,0.0,0.0,0.0,0.0,0.0,0.0,0.0,0.0,0.0,0.0,0.0,0.0,0.0,0.0,0.0,0.0,0.0,0.0,0.0,0.0,0.0,0.0,0.0,0.0,0.0,0.0,0.0,0.0,0.0
-0.100000,0.000000,0.000000,0.300000,-0.200000,0.000000,-0.100000,0.000000,0.000000,0.300000,-0.200000,0.000000,0.000000,0.000000,0.000000,-0.157675,0.181088,-0.020123,-0.658028,-0.841803,0.648570,-0.264256,-0.402557,-0.195552,-0.204972,-0.519821,1.972020,1.103328,-0.783211,0.0,0.0,0.0,0.0,0.0,0.0,0.0,0.0,0.0,0.0,0.0,0.0,0.0,0.0,0.0,0.7433548727721013,0.10840041554324512,0.36401102386771717,0.015859041072363578,0.8009774038415962,1.4401660541614625,-0.7382927608230783,-0.8807188120477052,-0.5868148110855016,-0.41139357243011804,-0.7072586701530353,0.0,-1.7785089089673911,-0.39254730028849827,0.0,0.0,0.0,0.0,0.0,0.0,0.0,0.0,0.0,0.0,0.0,0.0,40.0,40.0,40.0,60.0,60.0,60.0,60.0,60.0,60.0,60.0,60.0,60.0,60.0,60.0,60.0,60.0,60.0,0.0,0.0,0.0,0.0,0.0,0.0,0.0,0.0,0.0,0.0,0.0,0.0,1.0,1.0,1.0,1.5,1.5,1.5,1.5,1.5,1.5,1.5,1.5,1.5,1.5,1.5,1.5,1.5,1.5,0.0,0.0,0.0,0.0,0.0,0.0,0.0,0.0,0.0,0.0,0.0,0.0,0.0,0.0,0.0,0.0,0.0,0.0,0.0,0.0,0.0,0.0,0.0,0.0,0.0,0.0,0.0,0.0,0.0
-0.100000,0.000000,0.000000,0.300000,-0.200000,0.000000,-0.100000,0.000000,0.000000,0.300000,-0.200000,0.000000,0.000000,0.000000,0.000000,-0.152673,0.183223,-0.016438,-0.663747,-0.836758,0.667901,-0.265189,-0.412376,-0.201608,-0.213932,-0.529366,1.972020,1.102264,-0.809475,0.0,0.0,0.0,0.0,0.0,0.0,0.0,0.0,0.0,0.0,0.0,0.0,0.0,0.0,0.0,-0.19344215004815715,-0.0678234884846439,0.020404540004200333,0.2641552116907947,2.003697606550586,1.0572617850371724,0.7450161927360324,-0.06184543111388552,-0.13091622211666223,-0.016315157452156948,-0.5401378854550026,0.0,0.006032241464765109,0.55305153623183,0.0,0.0,0.0,0.0,0.0,0.0,0.0,0.0,0.0,0.0,0.0,0.0,40.0,40.0,40.0,60.0,60.0,60.0,60.0,60.0,60.0,60.0,60.0,60.0,60.0,60.0,60.0,60.0,60.0,0.0,0.0,0.0,0.0,0.0,0.0,0.0,0.0,0.0,0.0,0.0,0.0,1.0,1.0,1.0,1.5,1.5,1.5,1.5,1.5,1.5,1.5,1.5,1.5,1.5,1.5,1.5,1.5,1.5,0.0,0.0,0.0,0.0,0.0,0.0,0.0,0.0,0.0,0.0,0.0,0.0,0.0,0.0,0.0,0.0,0.0,0.0,0.0,0.0,0.0,0.0,0.0,0.0,0.0,0.0,0.0,0.0,0.0
-0.100000,0.000000,0.000000,0.300000,-0.200000,0.000000,-0.100000,0.000000,0.000000,0.300000,-0.200000,0.000000,0.000000,0.000000,0.000000,-0.151535,0.185565,-0.004685,-0.670675,-0.844804,0.696707,-0.258949,-0.419917,-0.205730,-0.218283,-0.534407,1.972020,1.119072,-0.852457,0.0,0.0,0.0,0.0,0.0,0.0,0.0,0.0,0.0,0.0,0.0,0.0,0.0,0.0,0.0,-0.18570203497770832,0.3458940805418177,0.707491074552672,-0.8899702263520048,-0.32712241901635686,0.8908182630507328,0.9585549607762006,0.036343279180449384,-0.37106377819061676,-0.642807434506297,0.02980833076611511,0.0,2.396623483362231,-3.1806696393059135,0.0,0.0,0.0,0.0,0.0,0.0,0.0,0.0,0.0,0.0,0.0,0.0,40.0,40.0,40.0,60.0,60.0,60.0,60.0,60.0,60.0,60.0,60.0,60.0,60.0,60.0,60.0,60.0,60.0,0.0,0.0,0.0,0.0,0.0,0.0,0.0,0.0,0.0,0.0,0.0,0.0,1.0,1.0,1.0,1.5,1.5,1.5,1.5,1.5,1.5,1.5,1.5,1.5,1.5,1.5,1.5,1.5,1.5,0.0,0.0,0.0,0.0,0.0,0.0,0.0,0.0,0.0,0.0,0.0,0.0,0.0,0.0,0.0,0.0,0.0,0.0,0.0,0.0,0.0,0.0,0.0,0.0,0.0,0.0,0.0,0.0,0.0
-0.100000,0.000000,0.000000,0.300000,-0.200000,0.000000,-0.100000,0.000000,0.000000,0.300000,-0.200000,0.000000,0.000000,0.000000,0.000000,-0.154607,0.187785,0.010488,-0.678607,-0.860913,0.725705,-0.247531,-0.424438,-0.205606,-0.215165,-0.536352,1.972020,1.159876,-0.921514,0.0,0.0,0.0,0.0,0.0,0.0,0.0,0.0,0.0,0.0,0.0,0.0,0.0,0.0,0.0,0.12699695321843965,0.21273379725477784,1.1062415232838934,-1.28409495147003,-3.627066931823586,2.2708402071087708,1.3644054050251957,-0.5514601020600585,-0.10951211985240905,-0.15349009925389595,0.25776322764986814,0.0,1.5265236282082484,-4.73588649858753,0.0,0.0,0.0,0.0,0.0,0.0,0.0,0.0,0.0,0.0,0.0,0.0,40.0,40.0,40.0,60.0,60.0,60.0,60.0,60.0,60.0,60.0,60.0,60.0,60.0,60.0,60.0,60.0,60.0,0.0,0.0,0.0,0.0,0.0,0.0,0.0,0.0,0.0,0.0,0.0,0.0,1.0,1.0,1.0,1.5,1.5,1.5,1.5,1.5,1.5,1.5,1.5,1.5,1.5,1.5,1.5,1.5,1.5,0.0,0.0,0.0,0.0,0.0,0.0,0.0,0.0,0.0,0.0,0.0,0.0,0.0,0.0,0.0,0.0,0.0,0.0,0.0,0.0,0.0,0.0,0.0,0.0,0.0,0.0,0.0,0.0,0.0
-0.100000,0.000000,0.000000,0.300000,-0.200000,0.000000,-0.100000,0.000000,0.000000,0.300000,-0.200000,0.000000,0.000000,0.000000,0.000000,-0.161747,0.189996,0.024013,-0.683995,-0.874380,0.744802,-0.234041,-0.424357,-0.200419,-0.202457,-0.536663,1.972020,1.225067,-1.014584,0.0,0.0,0.0,0.0,0.0,0.0,0.0,0.0,0.0,0.0,0.0,0.0,0.0,0.0,0.0,-0.31115179937191634,-0.4848608935498148,0.4989324154351543,-0.22234659593219075,-1.5323940353541148,2.2767448300098247,0.15091386577656962,-0.5754058812077397,0.8952477703729527,1.6295733363779297,-0.03967934399870532,0.0,2.0157473688825145,-4.704998141673849,0.0,0.0,0.0,0.0,0.0,0.0,0.0,0.0,0.0,0.0,0.0,0.0,40.0,40.0,40.0,60.0,60.0,60.0,60.0,60.0,60.0,60.0,60.0,60.0,60.0,60.0,60.0,60.0,60.0,0.0,0.0,0.0,0.0,0.0,0.0,0.0,0.0,0.0,0.0,0.0,0.0,1.0,1.0,1.0,1.5,1.5,1.5,1.5,1.5,1.5,1.5,1.5,1.5,1.5,1.5,1.5,1.5,1.5,0.0,0.0,0.0,0.0,0.0,0.0,0.0,0.0,0.0,0.0,0.0,0.0,0.0,0.0,0.0,0.0,0.0,0.0,0.0,0.0,0.0,0.0,0.0,0.0,0.0,0.0,0.0,0.0,0.0
-0.100000,0.000000,0.000000,0.300000,-0.200000,0.000000,-0.100000,0.000000,0.000000,0.300000,-0.200000,0.000000,0.000000,0.000000,0.000000,-0.171824,0.192959,0.031263,-0.683795,-0.875620,0.746212,-0.218941,-0.417919,-0.191703,-0.181123,-0.535558,1.972020,1.306794,-1.118858,0.0,0.0,0.0,0.0,0.0,0.0,0.0,0.0,0.0,0.0,0.0,0.0,0.0,0.0,0.0,-1.1506137803292231,0.3068619151405258,0.6735523389657434,0.6730159392379059,2.4886658849184338,-1.6428158205796433,-0.1656132301664684,0.9462786071730955,0.7388348116205506,1.3804457821355636,-0.47693106280916053,0.0,8.015460435704275,-6.998091312856311,0.0,0.0,0.0,0.0,0.0,0.0,0.0,0.0,0.0,0.0,0.0,0.0,40.0,40.0,40.0,60.0,60.0,60.0,60.0,60.0,60.0,60.0,60.0,60.0,60.0,60.0,60.0,60.0,60.0,0.0,0.0,0.0,0.0,0.0,0.0,0.0,0.0,0.0,0.0,0.0,0.0,1.0,1.0,1.0,1.5,1.5,1.5,1.5,1.5,1.5,1.5,1.5,1.5,1.5,1.5,1.5,1.5,1.5,0.0,0.0,0.0,0.0,0.0,0.0,0.0,0.0,0.0,0.0,0.0,0.0,0.0,0.0,0.0,0.0,0.0,0.0,0.0,0.0,0.0,0.0,0.0,0.0,0.0,0.0,0.0,0.0,0.0
-0.100000,0.000000,0.000000,0.300000,-0.200000,0.000000,-0.100000,0.000000,0.000000,0.300000,-0.200000,0.000000,0.000000,0.000000,0.000000,-0.182012,0.196932,0.029699,-0.678535,-0.865620,0.730978,-0.200010,-0.405859,-0.182421,-0.154950,-0.531649,1.972020,1.385640,-1.214452,0.0,0.0,0.0,0.0,0.0,0.0,0.0,0.0,0.0,0.0,0.0,0.0,0.0,0.0,0.0,-0.6922249195746889,0.677013806343469,-0.5404388483842648,0.7402518425566718,1.966409777946612,-3.166575581503739,1.3843754551837555,1.400617713328718,0.31264016812931544,1.0966768930780433,0.24228316052437304,0.0,6.48929136604734,-5.273377854418432,0.0,0.0,0.0,0.0,0.0,0.0,0.0,0.0,0.0,0.0,0.0,0.0,40.0,40.0,40.0,60.0,60.0,60.0,60.0,60.0,60.0,60.0,60.0,60.0,60.0,60.0,60.0,60.0,60.0,0.0,0.0,0.0,0.0,0.0,0.0,0.0,0.0,0.0,0.0,0.0,0.0,1.0,1.0,1.0,1.5,1.5,1.5,1.5,1.5,1.5,1.5,1.5,1.5,1.5,1.5,1.5,1.5,1.5,0.0,0.0,0.0,0.0,0.0,0.0,0.0,0.0,0.0,0.0,0.0,0.0,0.0,0.0,0.0,0.0,0.0,0.0,0.0,0.0,0.0,0.0,0.0,0.0,0.0,0.0,0.0,0.0,0.0
-0.100000,0.000000,0.000000,0.300000,-0.200000,0.000000,-0.100000,0.000000,0.000000,0.300000,-0.200000,0.000000,0.000000,0.000000,0.000000,-0.189208,0.200820,0.020490,-0.671510,-0.854111,0.709203,-0.175974,-0.391854,-0.174847,-0.128439,-0.523643,1.972020,1.439546,-1.281497,0.0,0.0,0.0,0.0,0.0,0.0,0.0,0.0,0.0,0.0,0.0,0.0,0.0,0.0,0.0,0.18875724390681817,0.050056877792321874,-1.508266402778247,0.3019096054177439,-0.3998552453640114,-1.044871284835072,2.074157535215684,0.43373183638082125,0.20171007743021302,1.375524126069491,0.8096695978354385,0.0,-0.5618578800410556,-1.452839222803226,0.0,0.0,0.0,0.0,0.0,0.0,0.0,0.0,0.0,0.0,0.0,0.0,40.0,40.0,40.0,60.0,60.0,60.0,60.0,60.0,60.0,60.0,60.0,60.0,60.0,60.0,60.0,60.0,60.0,0.0,0.0,0.0,0.0,0.0,0.0,0.0,0.0,0.0,0.0,0.0,0.0,1.0,1.0,1.0,1.5,1.5,1.5,1.5,1.5,1.5,1.5,1.5,1.5,1.5,1.5,1.5,1.5,1.5,0.0,0.0,0.0,0.0,0.0,0.0,0.0,0.0,0.0,0.0,0.0,0.0,0.0,0.0,0.0,0.0,0.0,0.0,0.0,0.0,0.0,0.0,0.0,0.0,0.0,0.0,0.0,0.0,0.0
-0.100000,0.000000,0.000000,0.300000,-0.200000,0.000000,-0.100000,0.000000,0.000000,0.300000,-0.200000,0.000000,0.000000,0.000000,0.000000,-0.192146,0.203281,0.008304,-0.666029,-0.850573,0.691298,-0.148372,-0.379826,-0.169609,-0.105972,-0.512026,1.972020,1.460927,-1.308491,0.0,0.0,0.0,0.0,0.0,0.0,0.0,0.0,0.0,0.0,0.0,0.0,0.0,0.0,0.0,0.02778444934676272,0.038595699027561825,-0.5171366563399211,0.1555965063519099,-0.42781454802085506,-0.09358057795146035,1.395659921825439,0.48820959019363896,0.06840051302560157,1.0464635724676565,0.8290761868122678,0.0,-2.297329109936175,0.6257086353538832,0.0,0.0,0.0,0.0,0.0,0.0,0.0,0.0,0.0,0.0,0.0,0.0,40.0,40.0,40.0,60.0,60.0,60.0,60.0,60.0,60.0,60.0,60.0,60.0,60.0,60.0,60.0,60.0,60.0,0.0,0.0,0.0,0.0,0.0,0.0,0.0,0.0,0.0,0.0,0.0,0.0,1.0,1.0,1.0,1.5,1.5,1.5,1.5,1.5,1.5,1.5,1.5,1.5,1.5,1.5,1.5,1.5,1.5,0.0,0.0,0.0,0.0,0.0,0.0,0.0,0.0,0.0,0.0,0.0,0.0,0.0,0.0,0.0,0.0,0.0,0.0,0.0,0.0,0.0,0.0,0.0,0.0,0.0,0.0,0.0,0.0,0.0
-0.100000,0.000000,0.000000,0.300000,-0.200000,0.000000,-0.100000,0.000000,0.000000,0.300000,-0.200000,0.000000,0.000000,0.000000,0.000000,-0.191401,0.203911,-0.001798,-0.663675,-0.860343,0.680547,-0.119348,-0.371907,-0.166223,-0.091703,-0.498673,1.972020,1.459989,-1.294252,0.0,0.0,0.0,0.0,0.0,0.0,0.0,0.0,0.0,0.0,0.0,0.0,0.0,0.0,0.0,0.09911242548759289,-0.0263369136979906,-0.14180330662474605,0.00854250495108122,-0.5504383910619942,0.060924219360283804,0.752941200075111,0.30963511561969137,0.0625288860621992,0.6003438478893838,0.8234929197529813,0.0,-1.2835226609715367,1.8579527067359158,0.0,0.0,0.0,0.0,0.0,0.0,0.0,0.0,0.0,0.0,0.0,0.0,40.0,40.0,40.0,60.0,60.0,60.0,60.0,60.0,60.0,60.0,60.0,60.0,60.0,60.0,60.0,60.0,60.0,0.0,0.0,0.0,0.0,0.0,0.0,0.0,0.0,0.0,0.0,0.0,0.0,1.0,1.0,1.0,1.5,1.5,1.5,1.5,1.5,1.5,1.5,1.5,1.5,1.5,1.5,1.5,1.5,1.5,0.0,0.0,0.0,0.0,0.0,0.0,0.0,0.0,0.0,0.0,0.0,0.0,0.0,0.0,0.0,0.0,0.0,0.0,0.0,0.0,0.0,0.0,0.0,0.0,0.0,0.0,0.0,0.0,0.0
-0.100000,0.000000,0.000000,0.300000,-0.200000,0.000000,-0.100000,0.000000,0.000000,0.300000,-0.200000,0.000000,0.000000,0.000000,0.000000,-0.188098,0.203261,-0.007143,-0.664077,-0.885975,0.673099,-0.089798,-0.368350,-0.164061,-0.088782,-0.485213,1.972020,1.451326,-1.243439,0.0,0.0,0.0,0.0,0.0,0.0,0.0,0.0,0.0,0.0,0.0,0.0,0.0,0.0,0.0,0.14670344402966315,-0.18784583518088108,-0.24635273448285022,0.023967460617987935,-1.8496066620745433,-0.2832509411333145,1.0229020104676172,0.04493749256723467,0.24375985440151515,0.08900593309474868,0.5379045539995797,0.0,0.24346044397255961,3.6823937129845774,0.0,0.0,0.0,0.0,0.0,0.0,0.0,0.0,0.0,0.0,0.0,0.0,40.0,40.0,40.0,60.0,60.0,60.0,60.0,60.0,60.0,60.0,60.0,60.0,60.0,60.0,60.0,60.0,60.0,0.0,0.0,0.0,0.0,0.0,0.0,0.0,0.0,0.0,0.0,0.0,0.0,1.0,1.0,1.0,1.5,1.5,1.5,1.5,1.5,1.5,1.5,1.5,1.5,1.5,1.5,1.5,1.5,1.5,0.0,0.0,0.0,0.0,0.0,0.0,0.0,0.0,0.0,0.0,0.0,0.0,0.0,0.0,0.0,0.0,0.0,0.0,0.0,0.0,0.0,0.0,0.0,0.0,0.0,0.0,0.0,0.0,0.0
-0.100000,0.000000,0.000000,0.300000,-0.200000,0.000000,-0.100000,0.000000,0.000000,0.300000,-0.200000,0.000000,0.000000,0.000000,0.000000,-0.183292,0.202386,-0.007661,-0.665094,-0.927974,0.661460,-0.061177,-0.367768,-0.162959,-0.098082,-0.471786,1.972020,1.440873,-1.161842,0.0,0.0,0.0,0.0,0.0,0.0,0.0,0.0,0.0,0.0,0.0,0.0,0.0,0.0,0.0,0.35698613888018593,-0.07433754208853102,0.09913487025017494,-0.17225483973479228,-3.064620753414593,-0.09009456361692147,1.5646332851274511,-0.2295514389810724,0.09559470705326478,-0.7486475105281745,0.664772154573462,0.0,0.5306440480232211,4.267989075829736,0.0,0.0,0.0,0.0,0.0,0.0,0.0,0.0,0.0,0.0,0.0,0.0,40.0,40.0,40.0,60.0,60.0,60.0,60.0,60.0,60.0,60.0,60.0,60.0,60.0,60.0,60.0,60.0,60.0,0.0,0.0,0.0,0.0,0.0,0.0,0.0,0.0,0.0,0.0,0.0,0.0,1.0,1.0,1.0,1.5,1.5,1.5,1.5,1.5,1.5,1.5,1.5,1.5,1.5,1.5,1.5,1.5,1.5,0.0,0.0,0.0,0.0,0.0,0.0,0.0,0.0,0.0,0.0,0.0,0.0,0.0,0.0,0.0,0.0,0.0,0.0,0.0,0.0,0.0,0.0,0.0,0.0,0.0,0.0,0.0,0.0,0.0
-0.100000,0.000000,0.000000,0.300000,-0.200000,0.000000,-0.100000,0.000000,0.000000,0.300000,-0.200000,0.000000,0.000000,0.000000,0.000000,-0.177963,0.202247,-0.005364,-0.662995,-0.985122,0.637975,-0.038614,-0.367493,-0.163048,-0.116885,-0.456835,1.972020,1.423403,-1.054123,0.0,0.0,0.0,0.0,0.0,0.0,0.0,0.0,0.0,0.0,0.0,0.0,0.0,0.0,0.0,0.21976225328649915,0.09505861344227609,0.590348212584016,-0.051153803615464066,-3.8189443415074407,-1.1382385810394107,1.7362033233408694,0.024195179623061336,-0.059656905420517325,-1.3290109174566724,0.6190897850768053,0.0,-0.5021069225458419,5.391024175850617,0.0,0.0,0.0,0.0,0.0,0.0,0.0,0.0,0.0,0.0,0.0,0.0,40.0,40.0,40.0,60.0,60.0,60.0,60.0,60.0,60.0,60.0,60.0,60.0,60.0,60.0,60.0,60.0,60.0,0.0,0.0,0.0,0.0,0.0,0.0,0.0,0.0,0.0,0.0,0.0,0.0,1.0,1.0,1.0,1.5,1.5,1.5,1.5,1.5,1.5,1.5,1.5,1.5,1.5,1.5,1.5,1.5,1.5,0.0,0.0,0.0,0.0,0.0,0.0,0.0,0.0,0.0,0.0,0.0,0.0,0.0,0.0,0.0,0.0,0.0,0.0,0.0,0.0,0.0,0.0,0.0,0.0,0.0,0.0,0.0,0.0,0.0
-0.100000,0.000000,0.000000,0.300000,-0.200000,0.000000,-0.100000,0.000000,0.000000,0.300000,-0.200000,0.000000,0.000000,0.000000,0.000000,-0.172910,0.203173,-0.003759,-0.653256,-1.056927,0.598656,-0.031071,-0.364524,-0.164165,-0.138429,-0.437706,1.972020,1.388053,-0.924402,0.0,0.0,0.0,0.0,0.0,0.0,0.0,0.0,0.0,0.0,0.0,0.0,0.0,0.0,0.0,0.053259664751208885,0.13839050890048915,0.17824809777552184,0.7397173032256371,-3.0869567263009907,-3.1053047256612896,1.0590712966006937,0.3805987395996288,-0.020608223026892525,-1.4620330012951828,0.7956805375184367,0.0,-1.6436020772038151,7.551866966668852,0.0,0.0,0.0,0.0,0.0,0.0,0.0,0.0,0.0,0.0,0.0,0.0,40.0,40.0,40.0,60.0,60.0,60.0,60.0,60.0,60.0,60.0,60.0,60.0,60.0,60.0,60.0,60.0,60.0,0.0,0.0,0.0,0.0,0.0,0.0,0.0,0.0,0.0,0.0,0.0,0.0,1.0,1.0,1.0,1.5,1.5,1.5,1.5,1.5,1.5,1.5,1.5,1.5,1.5,1.5,1.5,1.5,1.5,0.0,0.0,0.0,0.0,0.0,0.0,0.0,0.0,0.0,0.0,0.0,0.0,0.0,0.0,0.0,0.0,0.0,0.0,0.0,0.0,0.0,0.0,0.0,0.0,0.0,0.0,0.0,0.0,0.0
-0.100000,0.000000,0.000000,0.300000,-0.200000,0.000000,-0.100000,0.000000,0.000000,0.300000,-0.200000,0.000000,0.000000,0.000000,0.000000,-0.168795,0.204862,-0.006134,-0.632136,-1.146338,0.546170,-0.046787,-0.356390,-0.165537,-0.153287,-0.411927,1.972020,1.325854,-0.778223,0.0,0.0,0.0,0.0,0.0,0.0,0.0,0.0,0.0,0.0,0.0,0.0,0.0,0.0,0.0,0.33768638927823486,0.14829712332146347,-0.5388643300596986,1.0915860096747831,-4.118496244647463,-3.7945543589311277,-0.9505749196193947,0.42120311975278046,-0.11017477580352805,-0.9232474290404407,1.7417855139701552,0.0,-3.885313545704122,7.672978745180448,0.0,0.0,0.0,0.0,0.0,0.0,0.0,0.0,0.0,0.0,0.0,0.0,40.0,40.0,40.0,60.0,60.0,60.0,60.0,60.0,60.0,60.0,60.0,60.0,60.0,60.0,60.0,60.0,60.0,0.0,0.0,0.0,0.0,0.0,0.0,0.0,0.0,0.0,0.0,0.0,0.0,1.0,1.0,1.0,1.5,1.5,1.5,1.5,1.5,1.5,1.5,1.5,1.5,1.5,1.5,1.5,1.5,1.5,0.0,0.0,0.0,0.0,0.0,0.0,0.0,0.0,0.0,0.0,0.0,0.0,0.0,0.0,0.0,0.0,0.0,0.0,0.0,0.0,0.0,0.0,0.0,0.0,0.0,0.0,0.0,0.0,0.0
-0.100000,0.000000,0.000000,0.300000,-0.200000,0.000000,-0.100000,0.000000,0.000000,0.300000,-0.200000,0.000000,0.000000,0.000000,0.000000,-0.166500,0.206824,-0.013751,-0.598278,-1.258387,0.488477,-0.085956,-0.341416,-0.165745,-0.152550,-0.378637,1.972020,1.235622,-0.622565,0.0,0.0,0.0,0.0,0.0,0.0,0.0,0.0,0.0,0.0,0.0,0.0,0.0,0.0,0.0,0.30162735856473843,0.007836472121286464,-0.8365725191587065,1.9165771086624843,-5.7264592228406075,-3.3750736232710645,-4.013380542247753,0.7170035438721883,-0.08442275698245932,0.5145353703918492,1.862922017459409,0.0,-6.568185483814837,7.343293572626175,0.0,0.0,0.0,0.0,0.0,0.0,0.0,0.0,0.0,0.0,0.0,0.0,40.0,40.0,40.0,60.0,60.0,60.0,60.0,60.0,60.0,60.0,60.0,60.0,60.0,60.0,60.0,60.0,60.0,0.0,0.0,0.0,0.0,0.0,0.0,0.0,0.0,0.0,0.0,0.0,0.0,1.0,1.0,1.0,1.5,1.5,1.5,1.5,1.5,1.5,1.5,1.5,1.5,1.5,1.5,1.5,1.5,1.5,0.0,0.0,0.0,0.0,0.0,0.0,0.0,0.0,0.0,0.0,0.0,0.0,0.0,0.0,0.0,0.0,0.0,0.0,0.0,0.0,0.0,0.0,0.0,0.0,0.0,0.0,0.0,0.0,0.0
-0.100000,0.000000,0.000000,0.300000,-0.200000,0.000000,-0.100000,0.000000,0.000000,0.300000,-0.200000,0.000000,0.000000,0.000000,0.000000,-0.166914,0.208757,-0.025973,-0.554007,-1.394814,0.433258,-0.136532,-0.319147,-0.162983,-0.131474,-0.338961,1.972020,1.125359,-0.464566,0.0,0.0,0.0,0.0,0.0,0.0,0.0,0.0,0.0,0.0,0.0,0.0,0.0,0.0,0.0,-0.2461087972442981,0.03977032158820962,-0.7801051502727798,2.908595041313394,-6.834506077560349,-2.528068426966297,-4.999955540627206,1.3517540441651419,0.0011857625334170396,1.8516286127417902,1.4728550119077297,0.0,-6.8460779586964335,8.275621796323215,0.0,0.0,0.0,0.0,0.0,0.0,0.0,0.0,0.0,0.0,0.0,0.0,40.0,40.0,40.0,60.0,60.0,60.0,60.0,60.0,60.0,60.0,60.0,60.0,60.0,60.0,60.0,60.0,60.0,0.0,0.0,0.0,0.0,0.0,0.0,0.0,0.0,0.0,0.0,0.0,0.0,1.0,1.0,1.0,1.5,1.5,1.5,1.5,1.5,1.5,1.5,1.5,1.5,1.5,1.5,1.5,1.5,1.5,0.0,0.0,0.0,0.0,0.0,0.0,0.0,0.0,0.0,0.0,0.0,0.0,0.0,0.0,0.0,0.0,0.0,0.0,0.0,0.0,0.0,0.0,0.0,0.0,0.0,0.0,0.0,0.0,0.0
-0.100000,0.000000,0.000000,0.300000,-0.200000,0.000000,-0.100000,0.000000,0.000000,0.300000,-0.200000,0.000000,0.000000,0.000000,0.000000,-0.169987,0.210467,-0.041992,-0.505720,-1.548584,0.382538,-0.179578,-0.291241,-0.155906,-0.091480,-0.296021,1.972020,1.007114,-0.311477,0.0,0.0,0.0,0.0,0.0,0.0,0.0,0.0,0.0,0.0,0.0,0.0,0.0,0.0,0.0,-0.47162205652722594,0.1859339750790029,-0.6863638542705891,2.8660412949328804,-9.451404264383518,-1.6038304890597834,-1.2235834817409066,1.7502997493731507,0.4067569688449471,2.980399783309221,2.505517337060273,0.0,-5.537857094981008,8.197294187967758,0.0,0.0,0.0,0.0,0.0,0.0,0.0,0.0,0.0,0.0,0.0,0.0,40.0,40.0,40.0,60.0,60.0,60.0,60.0,60.0,60.0,60.0,60.0,60.0,60.0,60.0,60.0,60.0,60.0,0.0,0.0,0.0,0.0,0.0,0.0,0.0,0.0,0.0,0.0,0.0,0.0,1.0,1.0,1.0,1.5,1.5,1.5,1.5,1.5,1.5,1.5,1.5,1.5,1.5,1.5,1.5,1.5,1.5,0.0,0.0,0.0,0.0,0.0,0.0,0.0,0.0,0.0,0.0,0.0,0.0,0.0,0.0,0.0,0.0,0.0,0.0,0.0,0.0,0.0,0.0,0.0,0.0,0.0,0.0,0.0,0.0,0.0
-0.100000,0.000000,0.000000,0.300000,-0.200000,0.000000,-0.100000,0.000000,0.000000,0.300000,-0.200000,0.000000,0.000000,0.000000,0.000000,-0.174550,0.211622,-0.062129,-0.461965,-1.702051,0.331321,-0.201514,-0.261663,-0.144900,-0.039186,-0.255883,1.972020,0.889332,-0.169731,0.0,0.0,0.0,0.0,0.0,0.0,0.0,0.0,0.0,0.0,0.0,0.0,0.0,0.0,0.0,-0.25721361019705247,0.06352132363126595,-0.8475875331045044,2.0739779654321944,-9.091368888867557,-1.6298851700612362,0.962605113993549,1.8308263066311115,1.1023345045742854,3.374852958072265,3.1074721029776553,0.0,-4.322454881394477,6.195490729835877,0.0,0.0,0.0,0.0,0.0,0.0,0.0,0.0,0.0,0.0,0.0,0.0,40.0,40.0,40.0,60.0,60.0,60.0,60.0,60.0,60.0,60.0,60.0,60.0,60.0,60.0,60.0,60.0,60.0,0.0,0.0,0.0,0.0,0.0,0.0,0.0,0.0,0.0,0.0,0.0,0.0,1.0,1.0,1.0,1.5,1.5,1.5,1.5,1.5,1.5,1.5,1.5,1.5,1.5,1.5,1.5,1.5,1.5,0.0,0.0,0.0,0.0,0.0,0.0,0.0,0.0,0.0,0.0,0.0,0.0,0.0,0.0,0.0,0.0,0.0,0.0,0.0,0.0,0.0,0.0,0.0,0.0,0.0,0.0,0.0,0.0,0.0
-0.100000,0.000000,0.000000,0.300000,-0.200000,0.000000,-0.100000,0.000000,0.000000,0.300000,-0.200000,0.000000,0.000000,0.000000,0.000000,-0.179380,0.211880,-0.087454,-0.429883,-1.832431,0.271317,-0.201049,-0.235257,-0.132574,0.017156,-0.226653,1.972020,0.774524,-0.042054,0.0,0.0,0.0,0.0,0.0,0.0,0.0,0.0,0.0,0.0,0.0,0.0,0.0,0.0,0.0,-0.060588874024260914,-0.023580277320651294,-1.314128384763261,0.8715166636326072,-6.151983140797312,-3.431401584437028,0.6010165785572549,1.276663433191342,0.8836363048681919,2.3614253295439465,1.5330188479511904,0.0,-5.059794797481287,5.232966653676202,0.0,0.0,0.0,0.0,0.0,0.0,0.0,0.0,0.0,0.0,0.0,0.0,40.0,40.0,40.0,60.0,60.0,60.0,60.0,60.0,60.0,60.0,60.0,60.0,60.0,60.0,60.0,60.0,60.0,0.0,0.0,0.0,0.0,0.0,0.0,0.0,0.0,0.0,0.0,0.0,0.0,1.0,1.0,1.0,1.5,1.5,1.5,1.5,1.5,1.5,1.5,1.5,1.5,1.5,1.5,1.5,1.5,1.5,0.0,0.0,0.0,0.0,0.0,0.0,0.0,0.0,0.0,0.0,0.0,0.0,0.0,0.0,0.0,0.0,0.0,0.0,0.0,0.0,0.0,0.0,0.0,0.0,0.0,0.0,0.0,0.0,0.0
-0.100000,0.000000,0.000000,0.300000,-0.200000,0.000000,-0.100000,0.000000,0.000000,0.300000,-0.200000,0.000000,0.000000,0.000000,0.000000,-0.184081,0.211243,-0.118286,-0.412781,-1.923100,0.197164,-0.185978,-0.215344,-0.122293,0.071508,-0.213289,1.972020,0.664181,0.073050,0.0,0.0,0.0,0.0,0.0,0.0,0.0,0.0,0.0,0.0,0.0,0.0,0.0,0.0,0.0,-0.1326437891001897,-0.05006337658928148,-1.9257217804318607,0.2858238161057666,-2.1624748745129816,-4.740203035706511,1.3195811059437186,0.43218547168753435,0.2532884274455034,1.8985721134149154,-0.6147308628004715,0.0,-5.886304283989996,5.445139180881271,0.0,0.0,0.0,0.0,0.0,0.0,0.0,0.0,0.0,0.0,0.0,0.0,40.0,40.0,40.0,60.0,60.0,60.0,60.0,60.0,60.0,60.0,60.0,60.0,60.0,60.0,60.0,60.0,60.0,0.0,0.0,0.0,0.0,0.0,0.0,0.0,0.0,0.0,0.0,0.0,0.0,1.0,1.0,1.0,1.5,1.5,1.5,1.5,1.5,1.5,1.5,1.5,1.5,1.5,1.5,1.5,1.5,1.5,0.0,0.0,0.0,0.0,0.0,0.0,0.0,0.0,0.0,0.0,0.0,0.0,0.0,0.0,0.0,0.0,0.0,0.0,0.0,0.0,0.0,0.0,0.0,0.0,0.0,0.0,0.0,0.0,0.0
-0.100000,0.000000,0.000000,0.300000,-0.200000,0.000000,-0.100000,0.000000,0.000000,0.300000,-0.200000,0.000000,0.000000,0.000000,0.000000,-0.188796,0.210202,-0.153132,-0.410311,-1.971770,0.109828,-0.167271,-0.202173,-0.115909,0.120772,-0.212694,1.972020,0.564582,0.177990,0.0,0.0,0.0,0.0,0.0,0.0,0.0,0.0,0.0,0.0,0.0,0.0,0.0,0.0,0.0,-0.3808562105130045,-0.211993170534458,-2.106694312474449,-0.03944244073982445,0.0,-5.0170583574813135,1.6303084322270331,0.1091356258052456,0.054919228261788786,2.4679368578441423,-1.5959556302332782,0.0,-6.077635591779715,4.835858726789333,0.0,0.0,0.0,0.0,0.0,0.0,0.0,0.0,0.0,0.0,0.0,0.0,40.0,40.0,40.0,60.0,60.0,60.0,60.0,60.0,60.0,60.0,60.0,60.0,60.0,60.0,60.0,60.0,60.0,0.0,0.0,0.0,0.0,0.0,0.0,0.0,0.0,0.0,0.0,0.0,0.0,1.0,1.0,1.0,1.5,1.5,1.5,1.5,1.5,1.5,1.5,1.5,1.5,1.5,1.5,1.5,1.5,1.5,0.0,0.0,0.0,0.0,0.0,0.0,0.0,0.0,0.0,0.0,0.0,0.0,0.0,0.0,0.0,0.0,0.0,0.0,0.0,0.0,0.0,0.0,0.0,0.0,0.0,0.0,0.0,0.0,0.0
-0.100000,0.000000,0.000000,0.300000,-0.200000,0.000000,-0.100000,0.000000,0.000000,0.300000,-0.200000,0.000000,0.000000,0.000000,0.000000,-0.193549,0.209535,-0.189307,-0.419813,-1.988782,0.014982,-0.154742,-0.193741,-0.112972,0.162395,-0.215349,1.972020,0.486449,0.272777,0.0,0.0,0.0,0.0,0.0,0.0,0.0,0.0,0.0,0.0,0.0,0.0,0.0,0.0,0.0,-0.25557029664451597,0.012523062552349112,-1.6542532120970517,-0.9342739363615445,0.0,-5.036086816493132,0.12389204714154667,0.42805795171620836,-0.16222104091177975,2.3371926334900546,-0.33779813605476633,0.0,-3.9281044795090825,4.742416645591792,0.0,0.0,0.0,0.0,0.0,0.0,0.0,0.0,0.0,0.0,0.0,0.0,40.0,40.0,40.0,60.0,60.0,60.0,60.0,60.0,60.0,60.0,60.0,60.0,60.0,60.0,60.0,60.0,60.0,0.0,0.0,0.0,0.0,0.0,0.0,0.0,0.0,0.0,0.0,0.0,0.0,1.0,1.0,1.0,1.5,1.5,1.5,1.5,1.5,1.5,1.5,1.5,1.5,1.5,1.5,1.5,1.5,1.5,0.0,0.0,0.0,0.0,0.0,0.0,0.0,0.0,0.0,0.0,0.0,0.0,0.0,0.0,0.0,0.0,0.0,0.0,0.0,0.0,0.0,0.0,0.0,0.0,0.0,0.0,0.0,0.0,0.0
-0.100000,0.000000,0.000000,0.300000,-0.200000,0.000000,-0.100000,0.000000,0.000000,0.300000,-0.200000,0.000000,0.000000,0.000000,0.000000,-0.198205,0.209793,-0.224531,-0.437131,-1.988574,-0.080777,-0.153152,-0.188038,-0.111688,0.193028,-0.212579,1.972020,0.438060,0.353909,0.0,0.0,0.0,0.0,0.0,0.0,0.0,0.0,0.0,0.0,0.0,0.0,0.0,0.0,0.0,-0.21024055228272692,0.1706900718698709,-1.5620036288320531,-1.3600212394997813,0.0,-4.74838902315146,-1.0781213701890489,0.5551298987042131,-0.010930259407269938,1.3731804829427638,1.1453109053224468,0.0,-0.6420590318065008,4.343685773922419,0.0,0.0,0.0,0.0,0.0,0.0,0.0,0.0,0.0,0.0,0.0,0.0,40.0,40.0,40.0,60.0,60.0,60.0,60.0,60.0,60.0,60.0,60.0,60.0,60.0,60.0,60.0,60.0,60.0,0.0,0.0,0.0,0.0,0.0,0.0,0.0,0.0,0.0,0.0,0.0,0.0,1.0,1.0,1.0,1.5,1.5,1.5,1.5,1.5,1.5,1.5,1.5,1.5,1.5,1.5,1.5,1.5,1.5,0.0,0.0,0.0,0.0,0.0,0.0,0.0,0.0,0.0,0.0,0.0,0.0,0.0,0.0,0.0,0.0,0.0,0.0,0.0,0.0,0.0,0.0,0.0,0.0,0.0,0.0,0.0,0.0,0.0
-0.100000,0.000000,0.000000,0.300000,-0.200000,0.000000,-0.100000,0.000000,0.000000,0.300000,-0.200000,0.000000,0.000000,0.000000,0.000000,-0.202840,0.210987,-0.257648,-0.457588,-1.982455,-0.172835,-0.160831,-0.184170,-0.110461,0.210167,-0.202258,1.972020,0.418580,0.415625,0.0,0.0,0.0,0.0,0.0,0.0,0.0,0.0,0.0,0.0,0.0,0.0,0.0,0.0,0.0,-0.19179833750848294,0.02272459433602103,-1.7038008948038592,-0.9544542165834515,0.0,-4.046549319325289,-1.0811112907036575,0.16783593982842362,0.34094904025762757,0.52302177634828,1.2902138392979885,0.0,0.4168576443006014,3.022306613382722,0.0,0.0,0.0,0.0,0.0,0.0,0.0,0.0,0.0,0.0,0.0,0.0,40.0,40.0,40.0,60.0,60.0,60.0,60.0,60.0,60.0,60.0,60.0,60.0,60.0,60.0,60.0,60.0,60.0,0.0,0.0,0.0,0.0,0.0,0.0,0.0,0.0,0.0,0.0,0.0,0.0,1.0,1.0,1.0,1.5,1.5,1.5,1.5,1.5,1.5,1.5,1.5,1.5,1.5,1.5,1.5,1.5,1.5,0.0,0.0,0.0,0.0,0.0,0.0,0.0,0.0,0.0,0.0,0.0,0.0,0.0,0.0,0.0,0.0,0.0,0.0,0.0,0.0,0.0,0.0,0.0,0.0,0.0,0.0,0.0,0.0,0.0
-0.100000,0.000000,0.000000,0.300000,-0.200000,0.000000,-0.100000,0.000000,0.000000,0.300000,-0.200000,0.000000,0.000000,0.000000,0.000000,-0.207825,0.212838,-0.288251,-0.477804,-1.976516,-0.259550,-0.172821,-0.181631,-0.108818,0.214422,-0.188250,1.972020,0.418203,0.453571,0.0,0.0,0.0,0.0,0.0,0.0,0.0,0.0,0.0,0.0,0.0,0.0,0.0,0.0,0.0,-0.11659176331803023,0.14378499349373616,-1.3714080423870358,-0.7347385997134304,0.0,-3.7717971585989662,-0.9220259002164846,-0.09985968044617863,0.1619458686884359,-0.3779141477953815,0.9243888441938741,0.0,0.28955415067161844,1.0280603448823658,0.0,0.0,0.0,0.0,0.0,0.0,0.0,0.0,0.0,0.0,0.0,0.0,40.0,40.0,40.0,60.0,60.0,60.0,60.0,60.0,60.0,60.0,60.0,60.0,60.0,60.0,60.0,60.0,60.0,0.0,0.0,0.0,0.0,0.0,0.0,0.0,0.0,0.0,0.0,0.0,0.0,1.0,1.0,1.0,1.5,1.5,1.5,1.5,1.5,1.5,1.5,1.5,1.5,1.5,1.5,1.5,1.5,1.5,0.0,0.0,0.0,0.0,0.0,0.0,0.0,0.0,0.0,0.0,0.0,0.0,0.0,0.0,0.0,0.0,0.0,0.0,0.0,0.0,0.0,0.0,0.0,0.0,0.0,0.0,0.0,0.0,0.0
-0.100000,0.000000,0.000000,0.300000,-0.200000,0.000000,-0.100000,0.000000,0.000000,0.300000,-0.200000,0.000000,0.000000,0.000000,0.000000,-0.213491,0.215077,-0.316349,-0.496748,-1.972809,-0.341005,-0.185865,-0.179482,-0.107013,0.210163,-0.176053,1.972020,0.423379,0.468682,0.0,0.0,0.0,0.0,0.0,0.0,0.0,0.0,0.0,0.0,0.0,0.0,0.0,0.0,0.0,-0.3087768730970157,0.17529030734561232,-1.3018703570743806,-0.798585240786985,0.0,-4.139393486095551,-0.3270699762547666,-0.0992586664955053,-0.05371060438882566,-0.6981722556250708,0.17917259740541785,0.0,-0.3841049423432691,-0.9788266074013826,0.0,0.0,0.0,0.0,0.0,0.0,0.0,0.0,0.0,0.0,0.0,0.0,40.0,40.0,40.0,60.0,60.0,60.0,60.0,60.0,60.0,60.0,60.0,60.0,60.0,60.0,60.0,60.0,60.0,0.0,0.0,0.0,0.0,0.0,0.0,0.0,0.0,0.0,0.0,0.0,0.0,1.0,1.0,1.0,1.5,1.5,1.5,1.5,1.5,1.5,1.5,1.5,1.5,1.5,1.5,1.5,1.5,1.5,0.0,0.0,0.0,0.0,0.0,0.0,0.0,0.0,0.0,0.0,0.0,0.0,0.0,0.0,0.0,0.0,0.0,0.0,0.0,0.0,0.0,0.0,0.0,0.0,0.0,0.0,0.0,0.0,0.0
-0.100000,0.000000,0.000000,0.300000,-0.200000,0.000000,-0.100000,0.000000,0.000000,0.300000,-0.200000,0.000000,0.000000,0.000000,0.000000,-0.219539,0.217595,-0.342220,-0.515116,-1.971232,-0.416749,-0.201542,-0.176879,-0.105232,0.204111,-0.169476,1.972020,0.420596,0.467330,0.0,0.0,0.0,0.0,0.0,0.0,0.0,0.0,0.0,0.0,0.0,0.0,0.0,0.0,0.0,-0.329922721727776,0.17522208737114908,-1.238289064479088,-0.9278633654363391,0.0,-3.6267698934882797,-0.9149680125270392,0.2046562475064649,-0.09493299044575597,-0.2678837582311126,-0.3229952719273982,0.0,-0.9139728056382496,-1.210285490950136,0.0,0.0,0.0,0.0,0.0,0.0,0.0,0.0,0.0,0.0,0.0,0.0,40.0,40.0,40.0,60.0,60.0,60.0,60.0,60.0,60.0,60.0,60.0,60.0,60.0,60.0,60.0,60.0,60.0,0.0,0.0,0.0,0.0,0.0,0.0,0.0,0.0,0.0,0.0,0.0,0.0,1.0,1.0,1.0,1.5,1.5,1.5,1.5,1.5,1.5,1.5,1.5,1.5,1.5,1.5,1.5,1.5,1.5,0.0,0.0,0.0,0.0,0.0,0.0,0.0,0.0,0.0,0.0,0.0,0.0,0.0,0.0,0.0,0.0,0.0,0.0,0.0,0.0,0.0,0.0,0.0,0.0,0.0,0.0,0.0,0.0,0.0
-0.100000,0.000000,0.000000,0.300000,-0.200000,0.000000,-0.100000,0.000000,0.000000,0.300000,-0.200000,0.000000,0.000000,0.000000,0.000000,-0.224649,0.220719,-0.366096,-0.534146,-1.970972,-0.484747,-0.226471,-0.174268,-0.103695,0.202835,-0.170486,1.972020,0.396247,0.456183,0.0,0.0,0.0,0.0,0.0,0.0,0.0,0.0,0.0,0.0,0.0,0.0,0.0,0.0,0.0,-0.29004190454304035,-0.2157422690705374,-1.4635885589552242,-0.2638281940685411,0.0,-2.0674523844481403,0.4059864788690262,0.001965699300929269,0.44579575597611837,0.6844878980283082,-0.6572625927265686,0.0,-0.840287798364775,-0.7228415537080021,0.0,0.0,0.0,0.0,0.0,0.0,0.0,0.0,0.0,0.0,0.0,0.0,40.0,40.0,40.0,60.0,60.0,60.0,60.0,60.0,60.0,60.0,60.0,60.0,60.0,60.0,60.0,60.0,60.0,0.0,0.0,0.0,0.0,0.0,0.0,0.0,0.0,0.0,0.0,0.0,0.0,1.0,1.0,1.0,1.5,1.5,1.5,1.5,1.5,1.5,1.5,1.5,1.5,1.5,1.5,1.5,1.5,1.5,0.0,0.0,0.0,0.0,0.0,0.0,0.0,0.0,0.0,0.0,0.0,0.0,0.0,0.0,0.0,0.0,0.0,0.0,0.0,0.0,0.0,0.0,0.0,0.0,0.0,0.0,0.0,0.0,0.0
-0.100000,0.000000,0.000000,0.300000,-0.200000,0.000000,-0.100000,0.000000,0.000000,0.300000,-0.200000,0.000000,0.000000,0.000000,0.000000,-0.226639,0.225115,-0.388214,-0.554257,-1.971264,-0.540666,-0.269091,-0.174096,-0.103146,0.211325,-0.181513,1.972020,0.336039,0.435436,0.0,0.0,0.0,0.0,0.0,0.0,0.0,0.0,0.0,0.0,0.0,0.0,0.0,0.0,0.0,-0.059623689132980856,0.23034377475898357,-0.4502121929375519,-1.2250155810471812,0.0,-2.435632831018547,-2.2504273658745597,0.23460725580584166,-0.08661842640804579,0.3232022360757855,-0.10618854156005733,0.0,-2.7955240768132437,-0.32712481223338974,0.0,0.0,0.0,0.0,0.0,0.0,0.0,0.0,0.0,0.0,0.0,0.0,40.0,40.0,40.0,60.0,60.0,60.0,60.0,60.0,60.0,60.0,60.0,60.0,60.0,60.0,60.0,60.0,60.0,0.0,0.0,0.0,0.0,0.0,0.0,0.0,0.0,0.0,0.0,0.0,0.0,1.0,1.0,1.0,1.5,1.5,1.5,1.5,1.5,1.5,1.5,1.5,1.5,1.5,1.5,1.5,1.5,1.5,0.0,0.0,0.0,0.0,0.0,0.0,0.0,0.0,0.0,0.0,0.0,0.0,0.0,0.0,0.0,0.0,0.0,0.0,0.0,0.0,0.0,0.0,0.0,0.0,0.0,0.0,0.0,0.0,0.0
-0.100000,0.000000,0.000000,0.300000,-0.200000,0.000000,-0.100000,0.000000,0.000000,0.300000,-0.200000,0.000000,0.000000,0.000000,0.000000,-0.223060,0.230740,-0.409070,-0.573037,-1.971642,-0.575304,-0.332416,-0.180614,-0.104423,0.233363,-0.207343,1.972020,0.228980,0.396233,0.0,0.0,0.0,0.0,0.0,0.0,0.0,0.0,0.0,0.0,0.0,0.0,0.0,0.0,0.0,0.05475528214809247,0.7327373101422465,-0.29428904247043725,-1.5582903385117197,0.0,-3.4212266413944854,-5.062444408280247,0.4443378893821265,-0.41940371593072284,0.9278079448759545,-0.4274903703890116,0.0,-6.036741794556305,1.0812707362319998,0.0,0.0,0.0,0.0,0.0,0.0,0.0,0.0,0.0,0.0,0.0,0.0,40.0,40.0,40.0,60.0,60.0,60.0,60.0,60.0,60.0,60.0,60.0,60.0,60.0,60.0,60.0,60.0,60.0,0.0,0.0,0.0,0.0,0.0,0.0,0.0,0.0,0.0,0.0,0.0,0.0,1.0,1.0,1.0,1.5,1.5,1.5,1.5,1.5,1.5,1.5,1.5,1.5,1.5,1.5,1.5,1.5,1.5,0.0,0.0,0.0,0.0,0.0,0.0,0.0,0.0,0.0,0.0,0.0,0.0,0.0,0.0,0.0,0.0,0.0,0.0,0.0,0.0,0.0,0.0,0.0,0.0,0.0,0.0,0.0,0.0,0.0
-0.100000,0.000000,0.000000,0.300000,-0.200000,0.000000,-0.100000,0.000000,0.000000,0.300000,-0.200000,0.000000,0.000000,0.000000,0.000000,-0.212173,0.236075,-0.427815,-0.584662,-1.971911,-0.574622,-0.408144,-0.197828,-0.107970,0.271073,-0.252890,1.972020,0.075463,0.327185,0.0,0.0,0.0,0.0,0.0,0.0,0.0,0.0,0.0,0.0,0.0,0.0,0.0,0.0,0.0,0.757088227753485,0.26778992627792053,-1.892230382111225,-1.0380127398331218,0.0,-0.6128201079598161,-4.7989651774310556,-1.583025916697499,-0.035788700230421355,2.462874728483311,-2.570013114860291,0.0,-10.032645223371183,-3.976777940956365,0.0,0.0,0.0,0.0,0.0,0.0,0.0,0.0,0.0,0.0,0.0,0.0,40.0,40.0,40.0,60.0,60.0,60.0,60.0,60.0,60.0,60.0,60.0,60.0,60.0,60.0,60.0,60.0,60.0,0.0,0.0,0.0,0.0,0.0,0.0,0.0,0.0,0.0,0.0,0.0,0.0,1.0,1.0,1.0,1.5,1.5,1.5,1.5,1.5,1.5,1.5,1.5,1.5,1.5,1.5,1.5,1.5,1.5,0.0,0.0,0.0,0.0,0.0,0.0,0.0,0.0,0.0,0.0,0.0,0.0,0.0,0.0,0.0,0.0,0.0,0.0,0.0,0.0,0.0,0.0,0.0,0.0,0.0,0.0,0.0,0.0,0.0
-0.100000,0.000000,0.000000,0.300000,-0.200000,0.000000,-0.100000,0.000000,0.000000,0.300000,-0.200000,0.000000,0.000000,0.000000,0.000000,-0.194223,0.239077,-0.439774,-0.583061,-1.972045,-0.528570,-0.479209,-0.225786,-0.114322,0.322678,-0.316972,1.972020,-0.107580,0.229259,0.0,0.0,0.0,0.0,0.0,0.0,0.0,0.0,0.0,0.0,0.0,0.0,0.0,0.0,0.0,1.490193593316664,0.07945316017442458,-1.5601811059161432,0.42190456247422903,0.0,4.937334492177389,-4.560732727256242,-2.5952970445383543,-0.10726673233621628,3.2373086185070608,-5.1801867889446225,0.0,-12.070135729467362,-10.316802236898056,0.0,0.0,0.0,0.0,0.0,0.0,0.0,0.0,0.0,0.0,0.0,0.0,40.0,40.0,40.0,60.0,60.0,60.0,60.0,60.0,60.0,60.0,60.0,60.0,60.0,60.0,60.0,60.0,60.0,0.0,0.0,0.0,0.0,0.0,0.0,0.0,0.0,0.0,0.0,0.0,0.0,1.0,1.0,1.0,1.5,1.5,1.5,1.5,1.5,1.5,1.5,1.5,1.5,1.5,1.5,1.5,1.5,1.5,0.0,0.0,0.0,0.0,0.0,0.0,0.0,0.0,0.0,0.0,0.0,0.0,0.0,0.0,0.0,0.0,0.0,0.0,0.0,0.0,0.0,0.0,0.0,0.0,0.0,0.0,0.0,0.0,0.0
-0.100000,0.000000,0.000000,0.300000,-0.200000,0.000000,-0.100000,0.000000,0.000000,0.300000,-0.200000,0.000000,0.000000,0.000000,0.000000,-0.171862,0.238704,-0.438372,-0.566865,-1.972082,-0.442490,-0.528913,-0.259512,-0.124138,0.381543,-0.388755,1.972020,-0.291525,0.123544,0.0,0.0,0.0,0.0,0.0,0.0,0.0,0.0,0.0,0.0,0.0,0.0,0.0,0.0,0.0,1.0958947045394636,-0.21667927330422665,0.7937517452003134,2.394649035365931,0.0,7.45144212880498,-1.0526050527447621,-1.5348068404056856,-0.4856974641727102,3.635181494106342,-5.214460756715081,0.0,-8.894612158923396,-7.156874684854884,0.0,0.0,0.0,0.0,0.0,0.0,0.0,0.0,0.0,0.0,0.0,0.0,40.0,40.0,40.0,60.0,60.0,60.0,60.0,60.0,60.0,60.0,60.0,60.0,60.0,60.0,60.0,60.0,60.0,0.0,0.0,0.0,0.0,0.0,0.0,0.0,0.0,0.0,0.0,0.0,0.0,1.0,1.0,1.0,1.5,1.5,1.5,1.5,1.5,1.5,1.5,1.5,1.5,1.5,1.5,1.5,1.5,1.5,0.0,0.0,0.0,0.0,0.0,0.0,0.0,0.0,0.0,0.0,0.0,0.0,0.0,0.0,0.0,0.0,0.0,0.0,0.0,0.0,0.0,0.0,0.0,0.0,0.0,0.0,0.0,0.0,0.0
-0.100000,0.000000,0.000000,0.300000,-0.200000,0.000000,-0.100000,0.000000,0.000000,0.300000,-0.200000,0.000000,0.000000,0.000000,0.000000,-0.148951,0.235456,-0.421266,-0.541258,-1.972072,-0.337449,-0.549666,-0.292298,-0.136920,0.438428,-0.452962,1.972020,-0.449243,0.037818,0.0,0.0,0.0,0.0,0.0,0.0,0.0,0.0,0.0,0.0,0.0,0.0,0.0,0.0,0.0,1.3131641812980883,-0.37695160192484156,2.149448438561746,1.6495252344242954,0.0,6.00987015420264,1.010478131766032,-1.716627273104221,-1.00897858654307,2.825653829292665,-2.396028588743773,0.0,-6.819950215618442,-1.7016568071018456,0.0,0.0,0.0,0.0,0.0,0.0,0.0,0.0,0.0,0.0,0.0,0.0,40.0,40.0,40.0,60.0,60.0,60.0,60.0,60.0,60.0,60.0,60.0,60.0,60.0,60.0,60.0,60.0,60.0,0.0,0.0,0.0,0.0,0.0,0.0,0.0,0.0,0.0,0.0,0.0,0.0,1.0,1.0,1.0,1.5,1.5,1.5,1.5,1.5,1.5,1.5,1.5,1.5,1.5,1.5,1.5,1.5,1.5,0.0,0.0,0.0,0.0,0.0,0.0,0.0,0.0,0.0,0.0,0.0,0.0,0.0,0.0,0.0,0.0,0.0,0.0,0.0,0.0,0.0,0.0,0.0,0.0,0.0,0.0,0.0,0.0,0.0
-0.100000,0.000000,0.000000,0.300000,-0.200000,0.000000,-0.100000,0.000000,0.000000,0.300000,-0.200000,0.000000,0.000000,0.000000,0.000000,-0.128978,0.230922,-0.393288,-0.514499,-1.972050,-0.238397,-0.545152,-0.319104,-0.150047,0.485528,-0.499940,1.972020,-0.566226,-0.013953,0.0,0.0,0.0,0.0,0.0,0.0,0.0,0.0,0.0,0.0,0.0,0.0,0.0,0.0,0.0,0.8035624186971686,-0.28765561509450643,2.14447299946018,1.0981440370702726,0.0,4.542846737256764,1.1401662090853693,-1.0509541811417111,-1.078845706025037,2.020433105436896,-0.6594002104014118,0.0,-3.854626270594158,0.1286096471983647,0.0,0.0,0.0,0.0,0.0,0.0,0.0,0.0,0.0,0.0,0.0,0.0,40.0,40.0,40.0,60.0,60.0,60.0,60.0,60.0,60.0,60.0,60.0,60.0,60.0,60.0,60.0,60.0,60.0,0.0,0.0,0.0,0.0,0.0,0.0,0.0,0.0,0.0,0.0,0.0,0.0,1.0,1.0,1.0,1.5,1.5,1.5,1.5,1.5,1.5,1.5,1.5,1.5,1.5,1.5,1.5,1.5,1.5,0.0,0.0,0.0,0.0,0.0,0.0,0.0,0.0,0.0,0.0,0.0,0.0,0.0,0.0,0.0,0.0,0.0,0.0,0.0,0.0,0.0,0.0,0.0,0.0,0.0,0.0,0.0,0.0,0.0
-0.100000,0.000000,0.000000,0.300000,-0.200000,0.000000,-0.100000,0.000000,0.000000,0.300000,-0.200000,0.000000,0.000000,0.000000,0.000000,-0.114044,0.226814,-0.363054,-0.493070,-1.972031,-0.161849,-0.525071,-0.337801,-0.159812,0.519773,-0.530376,1.972020,-0.643353,-0.036669,0.0,0.0,0.0,0.0,0.0,0.0,0.0,0.0,0.0,0.0,0.0,0.0,0.0,0.0,0.0,0.4176216096732802,-0.12323818158233371,1.5132253530029893,0.7252984486620719,0.0,1.7676707805931946,1.537532789356437,-0.34943612262020585,-0.3250790330751527,0.7417292573442286,-0.5638920166641165,0.0,-1.4243515785698713,0.1505690678452268,0.0,0.0,0.0,0.0,0.0,0.0,0.0,0.0,0.0,0.0,0.0,0.0,40.0,40.0,40.0,60.0,60.0,60.0,60.0,60.0,60.0,60.0,60.0,60.0,60.0,60.0,60.0,60.0,60.0,0.0,0.0,0.0,0.0,0.0,0.0,0.0,0.0,0.0,0.0,0.0,0.0,1.0,1.0,1.0,1.5,1.5,1.5,1.5,1.5,1.5,1.5,1.5,1.5,1.5,1.5,1.5,1.5,1.5,0.0,0.0,0.0,0.0,0.0,0.0,0.0,0.0,0.0,0.0,0.0,0.0,0.0,0.0,0.0,0.0,0.0,0.0,0.0,0.0,0.0,0.0,0.0,0.0,0.0,0.0,0.0,0.0,0.0
-0.100000,0.000000,0.000000,0.300000,-0.200000,0.000000,-0.100000,0.000000,0.000000,0.300000,-0.200000,0.000000,0.000000,0.000000,0.000000,-0.104577,0.224137,-0.337474,-0.479797,-1.972021,-0.111514,-0.498344,-0.349061,-0.163888,0.543498,-0.551474,1.972020,-0.692447,-0.044535,0.0,0.0,0.0,0.0,0.0,0.0,0.0,0.0,0.0,0.0,0.0,0.0,0.0,0.0,0.0,0.5886948807731662,0.011987679771768844,0.3720437502887419,0.10294892660229482,0.0,0.5030186193837854,1.4289767183593192,-0.5707890387792249,0.3624923776434467,0.3961219086125761,-0.8085184228387915,0.0,-2.0310448063116686,-0.254070020710408,0.0,0.0,0.0,0.0,0.0,0.0,0.0,0.0,0.0,0.0,0.0,0.0,40.0,40.0,40.0,60.0,60.0,60.0,60.0,60.0,60.0,60.0,60.0,60.0,60.0,60.0,60.0,60.0,60.0,0.0,0.0,0.0,0.0,0.0,0.0,0.0,0.0,0.0,0.0,0.0,0.0,1.0,1.0,1.0,1.5,1.5,1.5,1.5,1.5,1.5,1.5,1.5,1.5,1.5,1.5,1.5,1.5,1.5,0.0,0.0,0.0,0.0,0.0,0.0,0.0,0.0,0.0,0.0,0.0,0.0,0.0,0.0,0.0,0.0,0.0,0.0,0.0,0.0,0.0,0.0,0.0,0.0,0.0,0.0,0.0,0.0,0.0
-0.100000,0.000000,0.000000,0.300000,-0.200000,0.000000,-0.100000,0.000000,0.000000,0.300000,-0.200000,0.000000,0.000000,0.000000,0.000000,-0.099647,0.223045,-0.319081,-0.474605,-1.972017,-0.082545,-0.469071,-0.355282,-0.162682,0.561888,-0.570494,1.972020,-0.728101,-0.050696,0.0,0.0,0.0,0.0,0.0,0.0,0.0,0.0,0.0,0.0,0.0,0.0,0.0,0.0,0.0,-0.39748801550070106,-0.03991625824990158,0.3479366018346919,-0.19905644097414077,0.0,0.629991158652985,0.639891860044628,0.10046069425000553,0.16711927128704035,1.0296458534840873,-1.3417696861065336,0.0,-2.1205938757819203,-1.6484775892803032,0.0,0.0,0.0,0.0,0.0,0.0,0.0,0.0,0.0,0.0,0.0,0.0,40.0,40.0,40.0,60.0,60.0,60.0,60.0,60.0,60.0,60.0,60.0,60.0,60.0,60.0,60.0,60.0,60.0,0.0,0.0,0.0,0.0,0.0,0.0,0.0,0.0,0.0,0.0,0.0,0.0,1.0,1.0,1.0,1.5,1.5,1.5,1.5,1.5,1.5,1.5,1.5,1.5,1.5,1.5,1.5,1.5,1.5,0.0,0.0,0.0,0.0,0.0,0.0,0.0,0.0,0.0,0.0,0.0,0.0,0.0,0.0,0.0,0.0,0.0,0.0,0.0,0.0,0.0,0.0,0.0,0.0,0.0,0.0,0.0,0.0,0.0
-0.100000,0.000000,0.000000,0.300000,-0.200000,0.000000,-0.100000,0.000000,0.000000,0.300000,-0.200000,0.000000,0.000000,0.000000,0.000000,-0.097489,0.223200,-0.307549,-0.476378,-1.972017,-0.070288,-0.435746,-0.359369,-0.158463,0.579083,-0.591125,1.972020,-0.761709,-0.063445,0.0,0.0,0.0,0.0,0.0,0.0,0.0,0.0,0.0,0.0,0.0,0.0,0.0,0.0,0.0,-0.011904304365967927,0.0036968029269723868,0.2670852399393783,-0.16237315750802367,0.0,0.2370510686924586,1.2088701404692008,-0.2181022890831441,0.1948846043391822,1.0846214247447306,-1.2904983567371158,0.0,-2.614729744733446,-1.043992160099054,0.0,0.0,0.0,0.0,0.0,0.0,0.0,0.0,0.0,0.0,0.0,0.0,40.0,40.0,40.0,60.0,60.0,60.0,60.0,60.0,60.0,60.0,60.0,60.0,60.0,60.0,60.0,60.0,60.0,0.0,0.0,0.0,0.0,0.0,0.0,0.0,0.0,0.0,0.0,0.0,0.0,1.0,1.0,1.0,1.5,1.5,1.5,1.5,1.5,1.5,1.5,1.5,1.5,1.5,1.5,1.5,1.5,1.5,0.0,0.0,0.0,0.0,0.0,0.0,0.0,0.0,0.0,0.0,0.0,0.0,0.0,0.0,0.0,0.0,0.0,0.0,0.0,0.0,0.0,0.0,0.0,0.0,0.0,0.0,0.0,0.0,0.0
-0.100000,0.000000,0.000000,0.300000,-0.200000,0.000000,-0.100000,0.000000,0.000000,0.300000,-0.200000,0.000000,0.000000,0.000000,0.000000,-0.096791,0.224062,-0.303028,-0.484899,-1.972018,-0.077108,-0.394197,-0.363680,-0.153989,0.596178,-0.613453,1.972020,-0.801427,-0.088610,0.0,0.0,0.0,0.0,0.0,0.0,0.0,0.0,0.0,0.0,0.0,0.0,0.0,0.0,0.0,0.2904533923963871,0.056404208380848864,0.18901877692649727,-0.43280797544595767,0.0,-0.13469720902869844,2.669737748317533,-0.4965666795406054,0.1994984753037797,1.2704279498844673,-1.1876794204346368,0.0,-2.2542623669542126,-0.69901770838878,0.0,0.0,0.0,0.0,0.0,0.0,0.0,0.0,0.0,0.0,0.0,0.0,40.0,40.0,40.0,60.0,60.0,60.0,60.0,60.0,60.0,60.0,60.0,60.0,60.0,60.0,60.0,60.0,60.0,0.0,0.0,0.0,0.0,0.0,0.0,0.0,0.0,0.0,0.0,0.0,0.0,1.0,1.0,1.0,1.5,1.5,1.5,1.5,1.5,1.5,1.5,1.5,1.5,1.5,1.5,1.5,1.5,1.5,0.0,0.0,0.0,0.0,0.0,0.0,0.0,0.0,0.0,0.0,0.0,0.0,0.0,0.0,0.0,0.0,0.0,0.0,0.0,0.0,0.0,0.0,0.0,0.0,0.0,0.0,0.0,0.0,0.0
-0.100000,0.000000,0.000000,0.300000,-0.200000,0.000000,-0.100000,0.000000,0.000000,0.300000,-0.200000,0.000000,0.000000,0.000000,0.000000,-0.098114,0.224897,-0.308234,-0.501574,-1.972019,-0.113790,-0.341918,-0.369376,-0.152016,0.612106,-0.635512,1.972020,-0.855447,-0.132196,0.0,0.0,0.0,0.0,0.0,0.0,0.0,0.0,0.0,0.0,0.0,0.0,0.0,0.0,0.0,-0.13560437134253617,0.07466012396347838,0.045154694072535584,-0.7946409961743408,0.0,-1.1807924886915886,3.3793179347437197,-0.23589526132199307,0.24241366176628032,1.057081740427246,-1.8471636139360925,0.0,-1.393476954304096,-1.8027546769144607,0.0,0.0,0.0,0.0,0.0,0.0,0.0,0.0,0.0,0.0,0.0,0.0,40.0,40.0,40.0,60.0,60.0,60.0,60.0,60.0,60.0,60.0,60.0,60.0,60.0,60.0,60.0,60.0,60.0,0.0,0.0,0.0,0.0,0.0,0.0,0.0,0.0,0.0,0.0,0.0,0.0,1.0,1.0,1.0,1.5,1.5,1.5,1.5,1.5,1.5,1.5,1.5,1.5,1.5,1.5,1.5,1.5,1.5,0.0,0.0,0.0,0.0,0.0,0.0,0.0,0.0,0.0,0.0,0.0,0.0,0.0,0.0,0.0,0.0,0.0,0.0,0.0,0.0,0.0,0.0,0.0,0.0,0.0,0.0,0.0,0.0,0.0
-0.100000,0.000000,0.000000,0.300000,-0.200000,0.000000,-0.100000,0.000000,0.000000,0.300000,-0.200000,0.000000,0.000000,0.000000,0.000000,-0.103759,0.224788,-0.327977,-0.528554,-1.972020,-0.195084,-0.279475,-0.376726,-0.154959,0.626054,-0.655289,1.972020,-0.932571,-0.197912,0.0,0.0,0.0,0.0,0.0,0.0,0.0,0.0,0.0,0.0,0.0,0.0,0.0,0.0,0.0,0.041318572755759744,0.07991369000020232,-0.892448310855179,-1.4589491440304525,0.0,-4.3249437755921925,4.228812308931057,-0.420972226260824,-0.24645685895046468,-0.06914194141293961,-0.33897783338898146,0.0,-3.662928457399839,-3.6796732204250446,0.0,0.0,0.0,0.0,0.0,0.0,0.0,0.0,0.0,0.0,0.0,0.0,40.0,40.0,40.0,60.0,60.0,60.0,60.0,60.0,60.0,60.0,60.0,60.0,60.0,60.0,60.0,60.0,60.0,0.0,0.0,0.0,0.0,0.0,0.0,0.0,0.0,0.0,0.0,0.0,0.0,1.0,1.0,1.0,1.5,1.5,1.5,1.5,1.5,1.5,1.5,1.5,1.5,1.5,1.5,1.5,1.5,1.5,0.0,0.0,0.0,0.0,0.0,0.0,0.0,0.0,0.0,0.0,0.0,0.0,0.0,0.0,0.0,0.0,0.0,0.0,0.0,0.0,0.0,0.0,0.0,0.0,0.0,0.0,0.0,0.0,0.0
-0.100000,0.000000,0.000000,0.300000,-0.200000,0.000000,-0.100000,0.000000,0.000000,0.300000,-0.200000,0.000000,0.000000,0.000000,0.000000,-0.116344,0.222952,-0.366158,-0.567013,-1.972020,-0.330510,-0.207834,-0.385591,-0.163961,0.639184,-0.672944,1.972020,-1.036311,-0.281464,0.0,0.0,0.0,0.0,0.0,0.0,0.0,0.0,0.0,0.0,0.0,0.0,0.0,0.0,0.0,-0.8970252492978497,-0.25831845481983984,-2.336808603649011,-3.0856269614011222,0.0,-9.811672010566202,3.7729021923279364,-0.5122122419869507,-0.7151613750096597,0.32496900940496565,-0.13553905626454144,0.0,-7.305632810415821,-6.27494141638106,0.0,0.0,0.0,0.0,0.0,0.0,0.0,0.0,0.0,0.0,0.0,0.0,40.0,40.0,40.0,60.0,60.0,60.0,60.0,60.0,60.0,60.0,60.0,60.0,60.0,60.0,60.0,60.0,60.0,0.0,0.0,0.0,0.0,0.0,0.0,0.0,0.0,0.0,0.0,0.0,0.0,1.0,1.0,1.0,1.5,1.5,1.5,1.5,1.5,1.5,1.5,1.5,1.5,1.5,1.5,1.5,1.5,1.5,0.0,0.0,0.0,0.0,0.0,0.0,0.0,0.0,0.0,0.0,0.0,0.0,0.0,0.0,0.0,0.0,0.0,0.0,0.0,0.0,0.0,0.0,0.0,0.0,0.0,0.0,0.0,0.0,0.0
-0.100000,0.000000,0.000000,0.300000,-0.200000,0.000000,-0.100000,0.000000,0.000000,0.300000,-0.200000,0.000000,0.000000,0.000000,0.000000,-0.136991,0.219184,-0.421952,-0.616431,-1.972019,-0.516720,-0.124063,-0.395491,-0.178054,0.653434,-0.690747,1.972020,-1.158346,-0.368624,0.0,0.0,0.0,0.0,0.0,0.0,0.0,0.0,0.0,0.0,0.0,0.0,0.0,0.0,0.0,-1.537786350725732,-0.2617016505337126,-4.028626420189211,-2.5863663559376553,0.0,-11.025000000000002,2.2756886190613925,-0.5559606533057856,-0.9429728192013237,1.2930786348460703,-1.3603315738347166,0.0,-7.895643065255364,-5.534580284516151,0.0,0.0,0.0,0.0,0.0,0.0,0.0,0.0,0.0,0.0,0.0,0.0,40.0,40.0,40.0,60.0,60.0,60.0,60.0,60.0,60.0,60.0,60.0,60.0,60.0,60.0,60.0,60.0,60.0,0.0,0.0,0.0,0.0,0.0,0.0,0.0,0.0,0.0,0.0,0.0,0.0,1.0,1.0,1.0,1.5,1.5,1.5,1.5,1.5,1.5,1.5,1.5,1.5,1.5,1.5,1.5,1.5,1.5,0.0,0.0,0.0,0.0,0.0,0.0,0.0,0.0,0.0,0.0,0.0,0.0,0.0,0.0,0.0,0.0,0.0,0.0,0.0,0.0,0.0,0.0,0.0,0.0,0.0,0.0,0.0,0.0,0.0
-0.100000,0.000000,0.000000,0.300000,-0.200000,0.000000,-0.100000,0.000000,0.000000,0.300000,-0.200000,0.000000,0.000000,0.000000,0.000000,-0.164345,0.213904,-0.488424,-0.676258,-1.972017,-0.738571,-0.020924,-0.405736,-0.194326,0.669091,-0.710313,1.972020,-1.280787,-0.441595,0.0,0.0,0.0,0.0,0.0,0.0,0.0,0.0,0.0,0.0,0.0,0.0,0.0,0.0,0.0,-1.2322236247650165,-0.022136032146326257,-4.064109128347529,-1.2341599474826437,0.0,-9.056250000000002,2.919224727813725,-0.48487541450643046,-1.0655844444675469,1.0966415253917365,-1.2683847729275248,0.0,-5.720564856751481,-2.5211637185787326,0.0,0.0,0.0,0.0,0.0,0.0,0.0,0.0,0.0,0.0,0.0,0.0,40.0,40.0,40.0,60.0,60.0,60.0,60.0,60.0,60.0,60.0,60.0,60.0,60.0,60.0,60.0,60.0,60.0,0.0,0.0,0.0,0.0,0.0,0.0,0.0,0.0,0.0,0.0,0.0,0.0,1.0,1.0,1.0,1.5,1.5,1.5,1.5,1.5,1.5,1.5,1.5,1.5,1.5,1.5,1.5,1.5,1.5,0.0,0.0,0.0,0.0,0.0,0.0,0.0,0.0,0.0,0.0,0.0,0.0,0.0,0.0,0.0,0.0,0.0,0.0,0.0,0.0,0.0,0.0,0.0,0.0,0.0,0.0,0.0,0.0,0.0
-0.100000,0.000000,0.000000,0.300000,-0.200000,0.000000,-0.100000,0.000000,0.000000,0.300000,-0.200000,0.000000,0.000000,0.000000,0.000000,-0.195066,0.208084,-0.555529,-0.745964,-1.972015,-0.973377,0.103847,-0.415709,-0.209109,0.684919,-0.731307,1.972020,-1.385531,-0.488911,0.0,0.0,0.0,0.0,0.0,0.0,0.0,0.0,0.0,0.0,0.0,0.0,0.0,0.0,0.0,-1.8163625095883462,-0.6433313393390344,-2.814316204054068,-4.411823757251171,0.0,-14.08378085676547,9.174879569266576,-0.4814676051174027,-0.6870429833318287,0.5169834721118899,-1.0718782662135466,0.0,-4.054623680809693,-0.4453194815028316,0.0,0.0,0.0,0.0,0.0,0.0,0.0,0.0,0.0,0.0,0.0,0.0,40.0,40.0,40.0,60.0,60.0,60.0,60.0,60.0,60.0,60.0,60.0,60.0,60.0,60.0,60.0,60.0,60.0,0.0,0.0,0.0,0.0,0.0,0.0,0.0,0.0,0.0,0.0,0.0,0.0,1.0,1.0,1.0,1.5,1.5,1.5,1.5,1.5,1.5,1.5,1.5,1.5,1.5,1.5,1.5,1.5,1.5,0.0,0.0,0.0,0.0,0.0,0.0,0.0,0.0,0.0,0.0,0.0,0.0,0.0,0.0,0.0,0.0,0.0,0.0,0.0,0.0,0.0,0.0,0.0,0.0,0.0,0.0,0.0,0.0,0.0
-0.100000,0.000000,0.000000,0.300000,-0.200000,0.000000,-0.100000,0.000000,0.000000,0.300000,-0.200000,0.000000,0.000000,0.000000,0.000000,-0.224542,0.203405,-0.614760,-0.820372,-1.972016,-1.190850,0.234911,-0.424997,-0.219556,0.700068,-0.752724,1.972020,-1.460839,-0.509269,0.0,0.0,0.0,0.0,0.0,0.0,0.0,0.0,0.0,0.0,0.0,0.0,0.0,0.0,0.0,-1.765094862265968,-0.373632351129876,-2.915851356124097,-5.7356931262386,0.0,-13.314560924340043,10.580017919869928,-0.3976343664195095,-0.24568182842257882,0.5646859756623768,-0.8944447697564251,0.0,-2.202188339092892,0.3664965755718147,0.0,0.0,0.0,0.0,0.0,0.0,0.0,0.0,0.0,0.0,0.0,0.0,40.0,40.0,40.0,60.0,60.0,60.0,60.0,60.0,60.0,60.0,60.0,60.0,60.0,60.0,60.0,60.0,60.0,0.0,0.0,0.0,0.0,0.0,0.0,0.0,0.0,0.0,0.0,0.0,0.0,1.0,1.0,1.0,1.5,1.5,1.5,1.5,1.5,1.5,1.5,1.5,1.5,1.5,1.5,1.5,1.5,1.5,0.0,0.0,0.0,0.0,0.0,0.0,0.0,0.0,0.0,0.0,0.0,0.0,0.0,0.0,0.0,0.0,0.0,0.0,0.0,0.0,0.0,0.0,0.0,0.0,0.0,0.0,0.0,0.0,0.0
-0.100000,0.000000,0.000000,0.300000,-0.200000,0.000000,-0.100000,0.000000,0.000000,0.300000,-0.200000,0.000000,0.000000,0.000000,0.000000,-0.247937,0.201643,-0.661490,-0.888134,-1.972023,-1.358754,0.341521,-0.433340,-0.224706,0.714588,-0.773927,1.972020,-1.501211,-0.507117,0.0,0.0,0.0,0.0,0.0,0.0,0.0,0.0,0.0,0.0,0.0,0.0,0.0,0.0,0.0,-0.7731276545095623,0.28777931644020577,-1.9084530720770903,-2.8292319585237147,0.0,-4.704733120966608,3.348852148832235,-0.20576218098561222,0.008707661412947487,0.6631609526989823,-0.6197790390049029,0.0,-0.4018034664298342,0.47244686254079293,0.0,0.0,0.0,0.0,0.0,0.0,0.0,0.0,0.0,0.0,0.0,0.0,40.0,40.0,40.0,60.0,60.0,60.0,60.0,60.0,60.0,60.0,60.0,60.0,60.0,60.0,60.0,60.0,60.0,0.0,0.0,0.0,0.0,0.0,0.0,0.0,0.0,0.0,0.0,0.0,0.0,1.0,1.0,1.0,1.5,1.5,1.5,1.5,1.5,1.5,1.5,1.5,1.5,1.5,1.5,1.5,1.5,1.5,0.0,0.0,0.0,0.0,0.0,0.0,0.0,0.0,0.0,0.0,0.0,0.0,0.0,0.0,0.0,0.0,0.0,0.0,0.0,0.0,0.0,0.0,0.0,0.0,0.0,0.0,0.0,0.0,0.0
-0.100000,0.000000,0.000000,0.300000,-0.200000,0.000000,-0.100000,0.000000,0.000000,0.300000,-0.200000,0.000000,0.000000,0.000000,0.000000,-0.262028,0.203453,-0.695355,-0.938459,-1.972040,-1.457694,0.396000,-0.440311,-0.225354,0.728414,-0.794015,1.972020,-1.503425,-0.486181,0.0,0.0,0.0,0.0,0.0,0.0,0.0,0.0,0.0,0.0,0.0,0.0,0.0,0.0,0.0,-0.16555740109140543,0.198461482131837,-0.5665401294662892,-0.9127361520703314,0.0,-1.167912035502805,-0.6620756084093362,-0.3147964686279925,0.07923439677651398,0.3583060242143443,-0.5255435417566623,0.0,0.6999637229659739,0.9551225956106482,0.0,0.0,0.0,0.0,0.0,0.0,0.0,0.0,0.0,0.0,0.0,0.0,40.0,40.0,40.0,60.0,60.0,60.0,60.0,60.0,60.0,60.0,60.0,60.0,60.0,60.0,60.0,60.0,60.0,0.0,0.0,0.0,0.0,0.0,0.0,0.0,0.0,0.0,0.0,0.0,0.0,1.0,1.0,1.0,1.5,1.5,1.5,1.5,1.5,1.5,1.5,1.5,1.5,1.5,1.5,1.5,1.5,1.5,0.0,0.0,0.0,0.0,0.0,0.0,0.0,0.0,0.0,0.0,0.0,0.0,0.0,0.0,0.0,0.0,0.0,0.0,0.0,0.0,0.0,0.0,0.0,0.0,0.0,0.0,0.0,0.0,0.0
-0.100000,0.000000,0.000000,0.300000,-0.200000,0.000000,-0.100000,0.000000,0.000000,0.300000,-0.200000,0.000000,0.000000,0.000000,0.000000,-0.266062,0.208243,-0.719514,-0.966939,-1.972066,-1.486896,0.386396,-0.444696,-0.223187,0.740174,-0.809754,1.972020,-1.462377,-0.446673,0.0,0.0,0.0,0.0,0.0,0.0,0.0,0.0,0.0,0.0,0.0,0.0,0.0,0.0,0.0,0.1310194932422279,0.3844560162682385,-0.8152975941741136,-0.1658018582000209,0.0,0.9974874267287714,-2.0230455445921196,-0.3545707901424708,0.11174872948339215,0.44873850828545114,-1.0760175460445969,0.0,2.9238666140275593,1.991415032872025,0.0,0.0,0.0,0.0,0.0,0.0,0.0,0.0,0.0,0.0,0.0,0.0,40.0,40.0,40.0,60.0,60.0,60.0,60.0,60.0,60.0,60.0,60.0,60.0,60.0,60.0,60.0,60.0,60.0,0.0,0.0,0.0,0.0,0.0,0.0,0.0,0.0,0.0,0.0,0.0,0.0,1.0,1.0,1.0,1.5,1.5,1.5,1.5,1.5,1.5,1.5,1.5,1.5,1.5,1.5,1.5,1.5,1.5,0.0,0.0,0.0,0.0,0.0,0.0,0.0,0.0,0.0,0.0,0.0,0.0,0.0,0.0,0.0,0.0,0.0,0.0,0.0,0.0,0.0,0.0,0.0,0.0,0.0,0.0,0.0,0.0,0.0
-0.100000,0.000000,0.000000,0.300000,-0.200000,0.000000,-0.100000,0.000000,0.000000,0.300000,-0.200000,0.000000,0.000000,0.000000,0.000000,-0.260758,0.215007,-0.737755,-0.973513,-1.972094,-1.455108,0.313807,-0.444270,-0.220092,0.746062,-0.813677,1.972020,-1.369659,-0.386911,0.0,0.0,0.0,0.0,0.0,0.0,0.0,0.0,0.0,0.0,0.0,0.0,0.0,0.0,0.0,0.29596563675011317,0.3042926024172332,-0.6675044942624248,0.08136563989614709,0.0,2.4301157240948332,-3.6825875278383835,-0.1696618884156592,0.33634269609026657,0.43478944662582175,-0.9352113536502671,0.0,4.87454424901273,3.0491761460937434,0.0,0.0,0.0,0.0,0.0,0.0,0.0,0.0,0.0,0.0,0.0,0.0,40.0,40.0,40.0,60.0,60.0,60.0,60.0,60.0,60.0,60.0,60.0,60.0,60.0,60.0,60.0,60.0,60.0,0.0,0.0,0.0,0.0,0.0,0.0,0.0,0.0,0.0,0.0,0.0,0.0,1.0,1.0,1.0,1.5,1.5,1.5,1.5,1.5,1.5,1.5,1.5,1.5,1.5,1.5,1.5,1.5,1.5,0.0,0.0,0.0,0.0,0.0,0.0,0.0,0.0,0.0,0.0,0.0,0.0,0.0,0.0,0.0,0.0,0.0,0.0,0.0,0.0,0.0,0.0,0.0,0.0,0.0,0.0,0.0,0.0,0.0
-0.100000,0.000000,0.000000,0.300000,-0.200000,0.000000,-0.100000,0.000000,0.000000,0.300000,-0.200000,0.000000,0.000000,0.000000,0.000000,-0.247176,0.222919,-0.750941,-0.957292,-1.972097,-1.370385,0.187816,-0.436832,-0.217738,0.739430,-0.795574,1.972020,-1.216201,-0.306947,0.0,0.0,0.0,0.0,0.0,0.0,0.0,0.0,0.0,0.0,0.0,0.0,0.0,0.0,0.0,0.580562119936262,0.270099166461165,-0.6668501066282917,0.3380470959743309,0.0,3.750843325359937,-6.324340006563589,0.5308377883872312,0.030424318799207595,-0.18186379837497046,0.7909797057884027,0.0,6.473328033667225,3.87431682386262,0.0,0.0,0.0,0.0,0.0,0.0,0.0,0.0,0.0,0.0,0.0,0.0,40.0,40.0,40.0,60.0,60.0,60.0,60.0,60.0,60.0,60.0,60.0,60.0,60.0,60.0,60.0,60.0,60.0,0.0,0.0,0.0,0.0,0.0,0.0,0.0,0.0,0.0,0.0,0.0,0.0,1.0,1.0,1.0,1.5,1.5,1.5,1.5,1.5,1.5,1.5,1.5,1.5,1.5,1.5,1.5,1.5,1.5,0.0,0.0,0.0,0.0,0.0,0.0,0.0,0.0,0.0,0.0,0.0,0.0,0.0,0.0,0.0,0.0,0.0,0.0,0.0,0.0,0.0,0.0,0.0,0.0,0.0,0.0,0.0,0.0,0.0
-0.100000,0.000000,0.000000,0.300000,-0.200000,0.000000,-0.100000,0.000000,0.000000,0.300000,-0.200000,0.000000,0.000000,0.000000,0.000000,-0.226927,0.231334,-0.755301,-0.915001,-1.972024,-1.238405,0.029375,-0.422088,-0.217053,0.712517,-0.748484,1.972020,-1.000271,-0.212346,0.0,0.0,0.0,0.0,0.0,0.0,0.0,0.0,0.0,0.0,0.0,0.0,0.0,0.0,0.0,1.3126395067661654,0.4377644007275777,-1.0403512502860923,1.1799322036623594,0.0,6.828076321296445,-11.150934548024955,1.2132321400530486,-0.41176952391740185,-1.0372034123549534,3.6579637472999136,0.0,13.161368667382723,5.945800386675891,0.0,0.0,0.0,0.0,0.0,0.0,0.0,0.0,0.0,0.0,0.0,0.0,40.0,40.0,40.0,60.0,60.0,60.0,60.0,60.0,60.0,60.0,60.0,60.0,60.0,60.0,60.0,60.0,60.0,0.0,0.0,0.0,0.0,0.0,0.0,0.0,0.0,0.0,0.0,0.0,0.0,1.0,1.0,1.0,1.5,1.5,1.5,1.5,1.5,1.5,1.5,1.5,1.5,1.5,1.5,1.5,1.5,1.5,0.0,0.0,0.0,0.0,0.0,0.0,0.0,0.0,0.0,0.0,0.0,0.0,0.0,0.0,0.0,0.0,0.0,0.0,0.0,0.0,0.0,0.0,0.0,0.0,0.0,0.0,0.0,0.0,0.0
-0.100000,0.000000,0.000000,0.300000,-0.200000,0.000000,-0.100000,0.000000,0.000000,0.300000,-0.200000,0.000000,0.000000,0.000000,0.000000,-0.203165,0.239316,-0.743709,-0.845650,-1.971810,-1.068590,-0.126300,-0.402701,-0.218180,0.660644,-0.674911,1.972020,-0.738598,-0.116269,0.0,0.0,0.0,0.0,0.0,0.0,0.0,0.0,0.0,0.0,0.0,0.0,0.0,0.0,0.0,1.5712750426514404,0.6965262839052904,0.49633167876054207,5.187234853188633,0.0,11.481751250400068,-10.396895411887503,1.588968953758617,0.18103000671241265,-3.63049326566241,5.263476294117014,0.0,19.665603673423067,5.783002978107673,0.0,0.0,0.0,0.0,0.0,0.0,0.0,0.0,0.0,0.0,0.0,0.0,40.0,40.0,40.0,60.0,60.0,60.0,60.0,60.0,60.0,60.0,60.0,60.0,60.0,60.0,60.0,60.0,60.0,0.0,0.0,0.0,0.0,0.0,0.0,0.0,0.0,0.0,0.0,0.0,0.0,1.0,1.0,1.0,1.5,1.5,1.5,1.5,1.5,1.5,1.5,1.5,1.5,1.5,1.5,1.5,1.5,1.5,0.0,0.0,0.0,0.0,0.0,0.0,0.0,0.0,0.0,0.0,0.0,0.0,0.0,0.0,0.0,0.0,0.0,0.0,0.0,0.0,0.0,0.0,0.0,0.0,0.0,0.0,0.0,0.0,0.0
-0.100000,0.000000,0.000000,0.300000,-0.200000,0.000000,-0.100000,0.000000,0.000000,0.300000,-0.200000,0.000000,0.000000,0.000000,0.000000,-0.180514,0.245582,-0.710461,-0.757533,-1.971414,-0.879152,-0.239489,-0.383056,-0.221315,0.586872,-0.587460,1.972020,-0.476799,-0.036506,0.0,0.0,0.0,0.0,0.0,0.0,0.0,0.0,0.0,0.0,0.0,0.0,0.0,0.0,0.0,1.410193746889564,0.28377201312511713,3.203140330928153,6.972334612925263,0.0,11.722098939208308,-2.8614638882826138,0.7572404869304563,0.11930068891641207,-6.229295671034782,5.624805405686661,0.0,14.769789617018544,3.8499933896252223,0.0,0.0,0.0,0.0,0.0,0.0,0.0,0.0,0.0,0.0,0.0,0.0,40.0,40.0,40.0,60.0,60.0,60.0,60.0,60.0,60.0,60.0,60.0,60.0,60.0,60.0,60.0,60.0,60.0,0.0,0.0,0.0,0.0,0.0,0.0,0.0,0.0,0.0,0.0,0.0,0.0,1.0,1.0,1.0,1.5,1.5,1.5,1.5,1.5,1.5,1.5,1.5,1.5,1.5,1.5,1.5,1.5,1.5,0.0,0.0,0.0,0.0,0.0,0.0,0.0,0.0,0.0,0.0,0.0,0.0,0.0,0.0,0.0,0.0,0.0,0.0,0.0,0.0,0.0,0.0,0.0,0.0,0.0,0.0,0.0,0.0,0.0
-0.100000,0.000000,0.000000,0.300000,-0.200000,0.000000,-0.100000,0.000000,0.000000,0.300000,-0.200000,0.000000,0.000000,0.000000,0.000000,-0.163087,0.249487,-0.655943,-0.667905,-1.970912,-0.691223,-0.284682,-0.366558,-0.226756,0.501726,-0.502822,1.972020,-0.214999,0.012228,0.0,0.0,0.0,0.0,0.0,0.0,0.0,0.0,0.0,0.0,0.0,0.0,0.0,0.0,0.0,0.6706073970075381,-0.0146301792421491,3.8684693106714296,4.273867478121068,0.0,7.869844409643273,-0.21454402200398043,0.1563082073510219,-0.7718847093177945,-4.774154658473967,4.3452140576561975,0.0,7.108219023584933,1.5256590281564142,0.0,0.0,0.0,0.0,0.0,0.0,0.0,0.0,0.0,0.0,0.0,0.0,40.0,40.0,40.0,60.0,60.0,60.0,60.0,60.0,60.0,60.0,60.0,60.0,60.0,60.0,60.0,60.0,60.0,0.0,0.0,0.0,0.0,0.0,0.0,0.0,0.0,0.0,0.0,0.0,0.0,1.0,1.0,1.0,1.5,1.5,1.5,1.5,1.5,1.5,1.5,1.5,1.5,1.5,1.5,1.5,1.5,1.5,0.0,0.0,0.0,0.0,0.0,0.0,0.0,0.0,0.0,0.0,0.0,0.0,0.0,0.0,0.0,0.0,0.0,0.0,0.0,0.0,0.0,0.0,0.0,0.0,0.0,0.0,0.0,0.0,0.0
-0.100000,0.000000,0.000000,0.300000,-0.200000,0.000000,-0.100000,0.000000,0.000000,0.300000,-0.200000,0.000000,0.000000,0.000000,0.000000,-0.151908,0.251966,-0.585964,-0.593267,-1.970633,-0.516612,-0.261096,-0.354451,-0.233914,0.415541,-0.433109,1.972020,0.008257,0.025404,0.0,0.0,0.0,0.0,0.0,0.0,0.0,0.0,0.0,0.0,0.0,0.0,0.0,0.0,0.0,-0.6286111259336702,-0.46456027393891597,3.2782801302538855,2.8876917561055313,0.0,7.359017270085731,5.338437672702964,0.5332350900547345,-0.11795056648836663,-2.0350965459132784,1.5582707832631173,0.0,8.312402258112334,-2.7190630561873497,0.0,0.0,0.0,0.0,0.0,0.0,0.0,0.0,0.0,0.0,0.0,0.0,40.0,40.0,40.0,60.0,60.0,60.0,60.0,60.0,60.0,60.0,60.0,60.0,60.0,60.0,60.0,60.0,60.0,0.0,0.0,0.0,0.0,0.0,0.0,0.0,0.0,0.0,0.0,0.0,0.0,1.0,1.0,1.0,1.5,1.5,1.5,1.5,1.5,1.5,1.5,1.5,1.5,1.5,1.5,1.5,1.5,1.5,0.0,0.0,0.0,0.0,0.0,0.0,0.0,0.0,0.0,0.0,0.0,0.0,0.0,0.0,0.0,0.0,0.0,0.0,0.0,0.0,0.0,0.0,0.0,0.0,0.0,0.0,0.0,0.0,0.0
-0.100000,0.000000,0.000000,0.300000,-0.200000,0.000000,-0.100000,0.000000,0.000000,0.300000,-0.200000,0.000000,0.000000,0.000000,0.000000,-0.144505,0.254856,-0.507580,-0.540469,-1.971288,-0.353199,-0.189190,-0.347242,-0.241155,0.332047,-0.380776,1.972020,0.210465,0.009257,0.0,0.0,0.0,0.0,0.0,0.0,0.0,0.0,0.0,0.0,0.0,0.0,0.0,0.0,0.0,0.2156305820163476,0.2314225399745809,4.4623921993891456,0.9783599233964546,0.0,7.1380278359799805,6.612187961387308,0.640548987652191,-0.39251526078242016,-3.82127567393264,1.297322484831287,0.0,10.655320694853652,-1.3287278150296868,0.0,0.0,0.0,0.0,0.0,0.0,0.0,0.0,0.0,0.0,0.0,0.0,40.0,40.0,40.0,60.0,60.0,60.0,60.0,60.0,60.0,60.0,60.0,60.0,60.0,60.0,60.0,60.0,60.0,0.0,0.0,0.0,0.0,0.0,0.0,0.0,0.0,0.0,0.0,0.0,0.0,1.0,1.0,1.0,1.5,1.5,1.5,1.5,1.5,1.5,1.5,1.5,1.5,1.5,1.5,1.5,1.5,1.5,0.0,0.0,0.0,0.0,0.0,0.0,0.0,0.0,0.0,0.0,0.0,0.0,0.0,0.0,0.0,0.0,0.0,0.0,0.0,0.0,0.0,0.0,0.0,0.0,0.0,0.0,0.0,0.0,0.0
-0.100000,0.000000,0.000000,0.300000,-0.200000,0.000000,-0.100000,0.000000,0.000000,0.300000,-0.200000,0.000000,0.000000,0.000000,0.000000,-0.138003,0.258703,-0.426678,-0.505806,-1.973941,-0.190415,-0.097445,-0.345929,-0.246194,0.251482,-0.341267,1.972020,0.401303,-0.026483,0.0,0.0,0.0,0.0,0.0,0.0,0.0,0.0,0.0,0.0,0.0,0.0,0.0,0.0,0.0,0.9488720752949008,0.8791928104951676,4.1455632943614775,0.3643687570434609,0.0,6.848466839364741,2.6113622082761503,-0.016224027091098214,-0.7218555748507174,-5.084388757182022,1.9748594625446745,0.0,9.760545292547718,-0.7802499123219775,0.0,0.0,0.0,0.0,0.0,0.0,0.0,0.0,0.0,0.0,0.0,0.0,40.0,40.0,40.0,60.0,60.0,60.0,60.0,60.0,60.0,60.0,60.0,60.0,60.0,60.0,60.0,60.0,60.0,0.0,0.0,0.0,0.0,0.0,0.0,0.0,0.0,0.0,0.0,0.0,0.0,1.0,1.0,1.0,1.5,1.5,1.5,1.5,1.5,1.5,1.5,1.5,1.5,1.5,1.5,1.5,1.5,1.5,0.0,0.0,0.0,0.0,0.0,0.0,0.0,0.0,0.0,0.0,0.0,0.0,0.0,0.0,0.0,0.0,0.0,0.0,0.0,0.0,0.0,0.0,0.0,0.0,0.0,0.0,0.0,0.0,0.0
-0.100000,0.000000,0.000000,0.300000,-0.200000,0.000000,-0.100000,0.000000,0.000000,0.300000,-0.200000,0.000000,0.000000,0.000000,0.000000,-0.132141,0.261713,-0.346956,-0.480411,-1.979554,-0.018143,-0.007800,-0.351061,-0.246650,0.176281,-0.309692,1.972020,0.580639,-0.075195,0.0,0.0,0.0,0.0,0.0,0.0,0.0,0.0,0.0,0.0,0.0,0.0,0.0,0.0,0.0,0.39234792661297263,0.07728770926034301,2.904844971253437,1.3958703538416648,0.0,8.821767361763968,3.108586118368793,-0.7328924412704968,0.347819872738226,-3.5239187918940913,1.5902496858711173,0.0,8.984063959544077,-2.9755363548774953,0.0,0.0,0.0,0.0,0.0,0.0,0.0,0.0,0.0,0.0,0.0,0.0,40.0,40.0,40.0,60.0,60.0,60.0,60.0,60.0,60.0,60.0,60.0,60.0,60.0,60.0,60.0,60.0,60.0,0.0,0.0,0.0,0.0,0.0,0.0,0.0,0.0,0.0,0.0,0.0,0.0,1.0,1.0,1.0,1.5,1.5,1.5,1.5,1.5,1.5,1.5,1.5,1.5,1.5,1.5,1.5,1.5,1.5,0.0,0.0,0.0,0.0,0.0,0.0,0.0,0.0,0.0,0.0,0.0,0.0,0.0,0.0,0.0,0.0,0.0,0.0,0.0,0.0,0.0,0.0,0.0,0.0,0.0,0.0,0.0,0.0,0.0
-0.100000,0.000000,0.000000,0.300000,-0.200000,0.000000,-0.100000,0.000000,0.000000,0.300000,-0.200000,0.000000,0.000000,0.000000,0.000000,-0.128698,0.261440,-0.269552,-0.457284,-1.987784,0.164656,0.068002,-0.361532,-0.241563,0.110556,-0.284487,1.972020,0.741537,-0.132459,0.0,0.0,0.0,0.0,0.0,0.0,0.0,0.0,0.0,0.0,0.0,0.0,0.0,0.0,0.0,0.14598747468733686,-0.10580805419476702,3.6985327009888733,1.4817807346526628,0.0,10.799821861714324,3.055116030785704,-0.7477520552419542,0.5167045228679716,-3.0755850300592913,1.240256682389909,0.0,8.229838190977196,-3.0026930573526385,0.0,0.0,0.0,0.0,0.0,0.0,0.0,0.0,0.0,0.0,0.0,0.0,40.0,40.0,40.0,60.0,60.0,60.0,60.0,60.0,60.0,60.0,60.0,60.0,60.0,60.0,60.0,60.0,60.0,0.0,0.0,0.0,0.0,0.0,0.0,0.0,0.0,0.0,0.0,0.0,0.0,1.0,1.0,1.0,1.5,1.5,1.5,1.5,1.5,1.5,1.5,1.5,1.5,1.5,1.5,1.5,1.5,1.5,0.0,0.0,0.0,0.0,0.0,0.0,0.0,0.0,0.0,0.0,0.0,0.0,0.0,0.0,0.0,0.0,0.0,0.0,0.0,0.0,0.0,0.0,0.0,0.0,0.0,0.0,0.0,0.0,0.0
-0.100000,0.000000,0.000000,0.300000,-0.200000,0.000000,-0.100000,0.000000,0.000000,0.300000,-0.200000,0.000000,0.000000,0.000000,0.000000,-0.129196,0.256976,-0.195299,-0.434953,-1.994894,0.345941,0.122004,-0.375079,-0.232355,0.056774,-0.267135,1.972020,0.874831,-0.193170,0.0,0.0,0.0,0.0,0.0,0.0,0.0,0.0,0.0,0.0,0.0,0.0,0.0,0.0,0.0,-0.2010058476502676,-0.5438901710561689,3.985233030858149,1.4802745070062253,0.0,10.0076397068054,2.6013923992323638,-0.8179237866546202,0.6368111402270594,-2.4503614324434135,0.791999613475744,0.0,6.233039766716344,-3.27183614849744,0.0,0.0,0.0,0.0,0.0,0.0,0.0,0.0,0.0,0.0,0.0,0.0,40.0,40.0,40.0,60.0,60.0,60.0,60.0,60.0,60.0,60.0,60.0,60.0,60.0,60.0,60.0,60.0,60.0,0.0,0.0,0.0,0.0,0.0,0.0,0.0,0.0,0.0,0.0,0.0,0.0,1.0,1.0,1.0,1.5,1.5,1.5,1.5,1.5,1.5,1.5,1.5,1.5,1.5,1.5,1.5,1.5,1.5,0.0,0.0,0.0,0.0,0.0,0.0,0.0,0.0,0.0,0.0,0.0,0.0,0.0,0.0,0.0,0.0,0.0,0.0,0.0,0.0,0.0,0.0,0.0,0.0,0.0,0.0,0.0,0.0,0.0
-0.100000,0.000000,0.000000,0.300000,-0.200000,0.000000,-0.100000,0.000000,0.000000,0.300000,-0.200000,0.000000,0.000000,0.000000,0.000000,-0.133654,0.249467,-0.127464,-0.416581,-1.991313,0.505398,0.145211,-0.389766,-0.222106,0.014282,-0.260754,1.972020,0.974032,-0.251642,0.0,0.0,0.0,0.0,0.0,0.0,0.0,0.0,0.0,0.0,0.0,0.0,0.0,0.0,0.0,-0.43324064723822064,-0.6736399941347351,3.283723754708386,1.0523326286031087,0.0,6.452783192715425,1.4285957680114907,-0.5985100049385419,0.6412181709873815,-1.6664612267191756,0.1121403135895982,0.0,3.242742088963571,-3.010034616083068,0.0,0.0,0.0,0.0,0.0,0.0,0.0,0.0,0.0,0.0,0.0,0.0,40.0,40.0,40.0,60.0,60.0,60.0,60.0,60.0,60.0,60.0,60.0,60.0,60.0,60.0,60.0,60.0,60.0,0.0,0.0,0.0,0.0,0.0,0.0,0.0,0.0,0.0,0.0,0.0,0.0,1.0,1.0,1.0,1.5,1.5,1.5,1.5,1.5,1.5,1.5,1.5,1.5,1.5,1.5,1.5,1.5,1.5,0.0,0.0,0.0,0.0,0.0,0.0,0.0,0.0,0.0,0.0,0.0,0.0,0.0,0.0,0.0,0.0,0.0,0.0,0.0,0.0,0.0,0.0,0.0,0.0,0.0,0.0,0.0,0.0,0.0
-0.100000,0.000000,0.000000,0.300000,-0.200000,0.000000,-0.100000,0.000000,0.000000,0.300000,-0.200000,0.000000,0.000000,0.000000,0.000000,-0.140602,0.241168,-0.071562,-0.407054,-1.960744,0.623311,0.129229,-0.404934,-0.214226,-0.020810,-0.268678,1.972020,1.038773,-0.303198,0.0,0.0,0.0,0.0,0.0,0.0,0.0,0.0,0.0,0.0,0.0,0.0,0.0,0.0,0.0,-0.447744303102425,-0.40597530333992754,2.114300073787825,0.4883969556278081,0.0,3.905904234581223,-0.3479800942863098,-0.4808776994738653,0.2851610489942716,-0.9988078758886315,-0.5818642495112797,0.0,1.4915611929738892,-2.544063321139012,0.0,0.0,0.0,0.0,0.0,0.0,0.0,0.0,0.0,0.0,0.0,0.0,40.0,40.0,40.0,60.0,60.0,60.0,60.0,60.0,60.0,60.0,60.0,60.0,60.0,60.0,60.0,60.0,60.0,0.0,0.0,0.0,0.0,0.0,0.0,0.0,0.0,0.0,0.0,0.0,0.0,1.0,1.0,1.0,1.5,1.5,1.5,1.5,1.5,1.5,1.5,1.5,1.5,1.5,1.5,1.5,1.5,1.5,0.0,0.0,0.0,0.0,0.0,0.0,0.0,0.0,0.0,0.0,0.0,0.0,0.0,0.0,0.0,0.0,0.0,0.0,0.0,0.0,0.0,0.0,0.0,0.0,0.0,0.0,0.0,0.0,0.0
-0.100000,0.000000,0.000000,0.300000,-0.200000,0.000000,-0.100000,0.000000,0.000000,0.300000,-0.200000,0.000000,0.000000,0.000000,0.000000,-0.147758,0.233893,-0.033832,-0.409915,-1.884663,0.684638,0.073164,-0.420953,-0.211287,-0.054337,-0.293026,1.972020,1.073411,-0.346034,0.0,0.0,0.0,0.0,0.0,0.0,0.0,0.0,0.0,0.0,0.0,0.0,0.0,0.0,0.0,-0.4218068924242958,-0.1555850002767714,1.4625638980080824,-0.3223384391531775,4.901142094170019,1.8198467234931182,-4.656454722686928,-0.7015660645474597,-0.18778783271641494,-1.271433433205716,-1.5971143333473548,0.0,0.4553162648985365,-0.8216015696978648,0.0,0.0,0.0,0.0,0.0,0.0,0.0,0.0,0.0,0.0,0.0,0.0,40.0,40.0,40.0,60.0,60.0,60.0,60.0,60.0,60.0,60.0,60.0,60.0,60.0,60.0,60.0,60.0,60.0,0.0,0.0,0.0,0.0,0.0,0.0,0.0,0.0,0.0,0.0,0.0,0.0,1.0,1.0,1.0,1.5,1.5,1.5,1.5,1.5,1.5,1.5,1.5,1.5,1.5,1.5,1.5,1.5,1.5,0.0,0.0,0.0,0.0,0.0,0.0,0.0,0.0,0.0,0.0,0.0,0.0,0.0,0.0,0.0,0.0,0.0,0.0,0.0,0.0,0.0,0.0,0.0,0.0,0.0,0.0,0.0,0.0,0.0
-0.100000,0.000000,0.000000,0.300000,-0.200000,0.000000,-0.100000,0.000000,0.000000,0.300000,-0.200000,0.000000,0.000000,0.000000,0.000000,-0.152936,0.228075,-0.020731,-0.424795,-1.752905,0.677804,-0.008936,-0.437889,-0.214457,-0.090733,-0.333383,1.972020,1.081391,-0.381689,0.0,0.0,0.0,0.0,0.0,0.0,0.0,0.0,0.0,0.0,0.0,0.0,0.0,0.0,0.0,-0.2679224154187587,-0.047628200086159006,0.5742604558511671,-1.1702519658678938,9.957715097333281,-0.9379835599476749,-7.69373615488767,-0.9687532898597084,-0.4760730588165049,-1.6232454654161232,-2.0900988567454455,0.0,0.06940062821375048,0.5556321438683356,0.0,0.0,0.0,0.0,0.0,0.0,0.0,0.0,0.0,0.0,0.0,0.0,40.0,40.0,40.0,60.0,60.0,60.0,60.0,60.0,60.0,60.0,60.0,60.0,60.0,60.0,60.0,60.0,60.0,0.0,0.0,0.0,0.0,0.0,0.0,0.0,0.0,0.0,0.0,0.0,0.0,1.0,1.0,1.0,1.5,1.5,1.5,1.5,1.5,1.5,1.5,1.5,1.5,1.5,1.5,1.5,1.5,1.5,0.0,0.0,0.0,0.0,0.0,0.0,0.0,0.0,0.0,0.0,0.0,0.0,0.0,0.0,0.0,0.0,0.0,0.0,0.0,0.0,0.0,0.0,0.0,0.0,0.0,0.0,0.0,0.0,0.0
-0.100000,0.000000,0.000000,0.300000,-0.200000,0.000000,-0.100000,0.000000,0.000000,0.300000,-0.200000,0.000000,0.000000,0.000000,0.000000,-0.154898,0.223167,-0.038175,-0.446020,-1.571151,0.595163,-0.089673,-0.454254,-0.223964,-0.129005,-0.385706,1.972020,1.060072,-0.410358,0.0,0.0,0.0,0.0,0.0,0.0,0.0,0.0,0.0,0.0,0.0,0.0,0.0,0.0,0.0,0.21895372254520928,-0.057850249431343204,-0.7626716551766977,-1.5871340116622599,10.269527457758304,-5.555387607081917,-5.477705406434537,-1.0353003606272948,-0.8154339461380874,-2.0544943200292676,-2.440572672658334,0.0,-1.728848900743099,-1.3139255320148966,0.0,0.0,0.0,0.0,0.0,0.0,0.0,0.0,0.0,0.0,0.0,0.0,40.0,40.0,40.0,60.0,60.0,60.0,60.0,60.0,60.0,60.0,60.0,60.0,60.0,60.0,60.0,60.0,60.0,0.0,0.0,0.0,0.0,0.0,0.0,0.0,0.0,0.0,0.0,0.0,0.0,1.0,1.0,1.0,1.5,1.5,1.5,1.5,1.5,1.5,1.5,1.5,1.5,1.5,1.5,1.5,1.5,1.5,0.0,0.0,0.0,0.0,0.0,0.0,0.0,0.0,0.0,0.0,0.0,0.0,0.0,0.0,0.0,0.0,0.0,0.0,0.0,0.0,0.0,0.0,0.0,0.0,0.0,0.0,0.0,0.0,0.0
-0.100000,0.000000,0.000000,0.300000,-0.200000,0.000000,-0.100000,0.000000,0.000000,0.300000,-0.200000,0.000000,0.000000,0.000000,0.000000,-0.153803,0.218949,-0.088277,-0.463340,-1.357777,0.438038,-0.143187,-0.467053,-0.240254,-0.160216,-0.441121,1.972020,0.999454,-0.421633,0.0,0.0,0.0,0.0,0.0,0.0,0.0,0.0,0.0,0.0,0.0,0.0,0.0,0.0,0.0,0.11656182134569329,-0.5236967822478539,-3.6190374643452037,-0.9629401132904821,11.58594921768934,-10.708082356497561,0.2850522872924685,-0.8835171620667561,-0.7306098053481508,-1.5432871742518568,-3.5592944182969806,0.0,-4.212870977274122,-2.257560951568391,0.0,0.0,0.0,0.0,0.0,0.0,0.0,0.0,0.0,0.0,0.0,0.0,40.0,40.0,40.0,60.0,60.0,60.0,60.0,60.0,60.0,60.0,60.0,60.0,60.0,60.0,60.0,60.0,60.0,0.0,0.0,0.0,0.0,0.0,0.0,0.0,0.0,0.0,0.0,0.0,0.0,1.0,1.0,1.0,1.5,1.5,1.5,1.5,1.5,1.5,1.5,1.5,1.5,1.5,1.5,1.5,1.5,1.5,0.0,0.0,0.0,0.0,0.0,0.0,0.0,0.0,0.0,0.0,0.0,0.0,0.0,0.0,0.0,0.0,0.0,0.0,0.0,0.0,0.0,0.0,0.0,0.0,0.0,0.0,0.0,0.0,0.0
-0.100000,0.000000,0.000000,0.300000,-0.200000,0.000000,-0.100000,0.000000,0.000000,0.300000,-0.200000,0.000000,0.000000,0.000000,0.000000,-0.150860,0.216500,-0.164856,-0.464920,-1.136051,0.220970,-0.161234,-0.473368,-0.264860,-0.167798,-0.485538,1.972020,0.883897,-0.390640,0.0,0.0,0.0,0.0,0.0,0.0,0.0,0.0,0.0,0.0,0.0,0.0,0.0,0.0,0.0,-0.21356433453324775,-0.5157038899610756,-5.8384125707285195,-0.17038896609442578,11.652235558367439,-12.714657504219446,3.5180833009850927,-0.3055938892269697,-0.6176478747722632,-0.4575306788363327,-3.053846782402264,0.0,-5.038490103928894,-0.470125735578808,0.0,0.0,0.0,0.0,0.0,0.0,0.0,0.0,0.0,0.0,0.0,0.0,40.0,40.0,40.0,60.0,60.0,60.0,60.0,60.0,60.0,60.0,60.0,60.0,60.0,60.0,60.0,60.0,60.0,0.0,0.0,0.0,0.0,0.0,0.0,0.0,0.0,0.0,0.0,0.0,0.0,1.0,1.0,1.0,1.5,1.5,1.5,1.5,1.5,1.5,1.5,1.5,1.5,1.5,1.5,1.5,1.5,1.5,0.0,0.0,0.0,0.0,0.0,0.0,0.0,0.0,0.0,0.0,0.0,0.0,0.0,0.0,0.0,0.0,0.0,0.0,0.0,0.0,0.0,0.0,0.0,0.0,0.0,0.0,0.0,0.0,0.0
-0.100000,0.000000,0.000000,0.300000,-0.200000,0.000000,-0.100000,0.000000,0.000000,0.300000,-0.200000,0.000000,0.000000,0.000000,0.000000,-0.148016,0.217391,-0.253055,-0.441592,-0.927907,-0.030684,-0.153187,-0.472752,-0.299349,-0.131108,-0.503288,1.972020,0.696518,-0.288679,0.0,0.0,0.0,0.0,0.0,0.0,0.0,0.0,0.0,0.0,0.0,0.0,0.0,0.0,0.0,0.7157750245548162,0.46831824091547386,-5.1143638066078365,1.7011372642482396,9.982621322916632,-12.903057499788956,1.1365358023936671,0.3961859639844245,-1.9846492130932647,1.2339936767118003,-0.20597623577369717,0.0,-10.069137018408105,6.245948915829797,0.0,0.0,0.0,0.0,0.0,0.0,0.0,0.0,0.0,0.0,0.0,0.0,40.0,40.0,40.0,60.0,60.0,60.0,60.0,60.0,60.0,60.0,60.0,60.0,60.0,60.0,60.0,60.0,60.0,0.0,0.0,0.0,0.0,0.0,0.0,0.0,0.0,0.0,0.0,0.0,0.0,1.0,1.0,1.0,1.5,1.5,1.5,1.5,1.5,1.5,1.5,1.5,1.5,1.5,1.5,1.5,1.5,1.5,0.0,0.0,0.0,0.0,0.0,0.0,0.0,0.0,0.0,0.0,0.0,0.0,0.0,0.0,0.0,0.0,0.0,0.0,0.0,0.0,0.0,0.0,0.0,0.0,0.0,0.0,0.0,0.0,0.0
-0.100000,0.000000,0.000000,0.300000,-0.200000,0.000000,-0.100000,0.000000,0.000000,0.300000,-0.200000,0.000000,0.000000,0.000000,0.000000,-0.148089,0.221732,-0.335670,-0.391155,-0.748520,-0.287441,-0.130530,-0.468926,-0.342151,-0.033020,-0.484660,1.972020,0.434718,-0.103741,0.0,0.0,0.0,0.0,0.0,0.0,0.0,0.0,0.0,0.0,0.0,0.0,0.0,0.0,0.0,0.34534576825367075,0.6316491836849659,-3.439248267393252,4.0097813848831185,7.747260404017819,-12.953028782041004,-0.766858582800867,0.9960893772076692,-2.946555972879547,6.232927163394093,2.667540699451655,0.0,-16.478135191869715,14.171495302055511,0.0,0.0,0.0,0.0,0.0,0.0,0.0,0.0,0.0,0.0,0.0,0.0,40.0,40.0,40.0,60.0,60.0,60.0,60.0,60.0,60.0,60.0,60.0,60.0,60.0,60.0,60.0,60.0,60.0,0.0,0.0,0.0,0.0,0.0,0.0,0.0,0.0,0.0,0.0,0.0,0.0,1.0,1.0,1.0,1.5,1.5,1.5,1.5,1.5,1.5,1.5,1.5,1.5,1.5,1.5,1.5,1.5,1.5,0.0,0.0,0.0,0.0,0.0,0.0,0.0,0.0,0.0,0.0,0.0,0.0,0.0,0.0,0.0,0.0,0.0,0.0,0.0,0.0,0.0,0.0,0.0,0.0,0.0,0.0,0.0,0.0,0.0
-0.100000,0.000000,0.000000,0.300000,-0.200000,0.000000,-0.100000,0.000000,0.000000,0.300000,-0.200000,0.000000,0.000000,0.000000,0.000000,-0.153430,0.227769,-0.400891,-0.320425,-0.602447,-0.521201,-0.094805,-0.468930,-0.386641,0.129437,-0.431186,1.972020,0.172919,0.146106,0.0,0.0,0.0,0.0,0.0,0.0,0.0,0.0,0.0,0.0,0.0,0.0,0.0,0.0,0.0,-0.997127872184797,0.2757971113207892,-2.0297912889499976,4.543103408529385,5.007202456088011,-11.182205525037892,0.823802734152056,0.4366769903461812,-2.8130121913924997,11.097456195539719,4.105175118406282,0.0,-18.660455939347898,15.628874036070837,0.0,0.0,0.0,0.0,0.0,0.0,0.0,0.0,0.0,0.0,0.0,0.0,40.0,40.0,40.0,60.0,60.0,60.0,60.0,60.0,60.0,60.0,60.0,60.0,60.0,60.0,60.0,60.0,60.0,0.0,0.0,0.0,0.0,0.0,0.0,0.0,0.0,0.0,0.0,0.0,0.0,1.0,1.0,1.0,1.5,1.5,1.5,1.5,1.5,1.5,1.5,1.5,1.5,1.5,1.5,1.5,1.5,1.5,0.0,0.0,0.0,0.0,0.0,0.0,0.0,0.0,0.0,0.0,0.0,0.0,0.0,0.0,0.0,0.0,0.0,0.0,0.0,0.0,0.0,0.0,0.0,0.0,0.0,0.0,0.0,0.0,0.0
-0.100000,0.000000,0.000000,0.300000,-0.200000,0.000000,-0.100000,0.000000,0.000000,0.300000,-0.200000,0.000000,0.000000,0.000000,0.000000,-0.163557,0.233498,-0.445039,-0.242649,-0.484588,-0.709460,-0.040787,-0.479115,-0.423468,0.338572,-0.354409,1.972020,-0.088881,0.407905,0.0,0.0,0.0,0.0,0.0,0.0,0.0,0.0,0.0,0.0,0.0,0.0,0.0,0.0,0.0,-0.8615879531317455,0.149584796399007,-1.4793640815999334,4.140066183500394,4.282185735419329,-7.7133597830824545,3.0176608613035367,-1.3074030356420656,-1.945630797979485,12.961884114694124,4.559072987058372,0.0,-20.006967711791066,14.442972416914525,0.0,0.0,0.0,0.0,0.0,0.0,0.0,0.0,0.0,0.0,0.0,0.0,40.0,40.0,40.0,60.0,60.0,60.0,60.0,60.0,60.0,60.0,60.0,60.0,60.0,60.0,60.0,60.0,60.0,0.0,0.0,0.0,0.0,0.0,0.0,0.0,0.0,0.0,0.0,0.0,0.0,1.0,1.0,1.0,1.5,1.5,1.5,1.5,1.5,1.5,1.5,1.5,1.5,1.5,1.5,1.5,1.5,1.5,0.0,0.0,0.0,0.0,0.0,0.0,0.0,0.0,0.0,0.0,0.0,0.0,0.0,0.0,0.0,0.0,0.0,0.0,0.0,0.0,0.0,0.0,0.0,0.0,0.0,0.0,0.0,0.0,0.0
-0.100000,0.000000,0.000000,0.300000,-0.200000,0.000000,-0.100000,0.000000,0.000000,0.300000,-0.200000,0.000000,0.000000,0.000000,0.000000,-0.175209,0.237930,-0.470303,-0.171886,-0.386818,-0.839159,0.032960,-0.500664,-0.445624,0.560579,-0.270514,1.972020,-0.350680,0.664790,0.0,0.0,0.0,0.0,0.0,0.0,0.0,0.0,0.0,0.0,0.0,0.0,0.0,0.0,0.0,-0.5813094686526736,0.09787654768580803,-0.8048286463757756,3.060415726506478,5.182861581831742,-4.656339089646788,5.219106492843202,-2.023916674829164,-0.2999529949070365,12.2098837441526,4.435187406044126,0.0,-20.232897456732008,11.768201696720896,0.0,0.0,0.0,0.0,0.0,0.0,0.0,0.0,0.0,0.0,0.0,0.0,40.0,40.0,40.0,60.0,60.0,60.0,60.0,60.0,60.0,60.0,60.0,60.0,60.0,60.0,60.0,60.0,60.0,0.0,0.0,0.0,0.0,0.0,0.0,0.0,0.0,0.0,0.0,0.0,0.0,1.0,1.0,1.0,1.5,1.5,1.5,1.5,1.5,1.5,1.5,1.5,1.5,1.5,1.5,1.5,1.5,1.5,0.0,0.0,0.0,0.0,0.0,0.0,0.0,0.0,0.0,0.0,0.0,0.0,0.0,0.0,0.0,0.0,0.0,0.0,0.0,0.0,0.0,0.0,0.0,0.0,0.0,0.0,0.0,0.0,0.0
-0.100000,0.000000,0.000000,0.300000,-0.200000,0.000000,-0.100000,0.000000,0.000000,0.300000,-0.200000,0.000000,0.000000,0.000000,0.000000,-0.184663,0.241014,-0.481556,-0.118382,-0.305641,-0.908224,0.118399,-0.528958,-0.452466,0.758707,-0.194939,1.972020,-0.612479,0.845984,0.0,0.0,0.0,0.0,0.0,0.0,0.0,0.0,0.0,0.0,0.0,0.0,0.0,0.0,0.0,-0.37228896351955904,0.1464724420718322,-0.1543252577454357,1.9614904870554617,4.500257572028823,-1.6250583957342994,5.535317937970143,-1.7202110113768085,0.7823150942157381,8.895499420194755,3.3194070113961347,0.0,-15.33464018361638,6.396803595522657,0.0,0.0,0.0,0.0,0.0,0.0,0.0,0.0,0.0,0.0,0.0,0.0,40.0,40.0,40.0,60.0,60.0,60.0,60.0,60.0,60.0,60.0,60.0,60.0,60.0,60.0,60.0,60.0,60.0,0.0,0.0,0.0,0.0,0.0,0.0,0.0,0.0,0.0,0.0,0.0,0.0,1.0,1.0,1.0,1.5,1.5,1.5,1.5,1.5,1.5,1.5,1.5,1.5,1.5,1.5,1.5,1.5,1.5,0.0,0.0,0.0,0.0,0.0,0.0,0.0,0.0,0.0,0.0,0.0,0.0,0.0,0.0,0.0,0.0,0.0,0.0,0.0,0.0,0.0,0.0,0.0,0.0,0.0,0.0,0.0,0.0,0.0
-0.100000,0.000000,0.000000,0.300000,-0.200000,0.000000,-0.100000,0.000000,0.000000,0.300000,-0.200000,0.000000,0.000000,0.000000,0.000000,-0.189440,0.243055,-0.484388,-0.086795,-0.244012,-0.924082,0.201074,-0.557004,-0.449750,0.906746,-0.138594,1.972020,-0.874279,0.942582,0.0,0.0,0.0,0.0,0.0,0.0,0.0,0.0,0.0,0.0,0.0,0.0,0.0,0.0,0.0,-0.0384292004858712,0.09186166722498085,0.03930840611569425,0.7880905362031942,3.3167928934197835,0.8553396769876181,4.169914942534179,-1.2370784484764696,0.7148106819517871,4.783643305192717,1.8954820417028437,0.0,-7.616352138706301,1.4041625528173978,0.0,0.0,0.0,0.0,0.0,0.0,0.0,0.0,0.0,0.0,0.0,0.0,40.0,40.0,40.0,60.0,60.0,60.0,60.0,60.0,60.0,60.0,60.0,60.0,60.0,60.0,60.0,60.0,60.0,0.0,0.0,0.0,0.0,0.0,0.0,0.0,0.0,0.0,0.0,0.0,0.0,1.0,1.0,1.0,1.5,1.5,1.5,1.5,1.5,1.5,1.5,1.5,1.5,1.5,1.5,1.5,1.5,1.5,0.0,0.0,0.0,0.0,0.0,0.0,0.0,0.0,0.0,0.0,0.0,0.0,0.0,0.0,0.0,0.0,0.0,0.0,0.0,0.0,0.0,0.0,0.0,0.0,0.0,0.0,0.0,0.0,0.0
-0.100000,0.000000,0.000000,0.300000,-0.200000,0.000000,-0.100000,0.000000,0.000000,0.300000,-0.200000,0.000000,0.000000,0.000000,0.000000,-0.188768,0.244415,-0.483865,-0.076652,-0.206763,-0.900392,0.267943,-0.579142,-0.445692,0.995791,-0.106262,1.972020,-1.136078,0.956121,0.0,0.0,0.0,0.0,0.0,0.0,0.0,0.0,0.0,0.0,0.0,0.0,0.0,0.0,0.0,0.2471837106008165,0.010566371864392798,0.08585687690922522,-0.1390807002854582,1.5499647185169545,2.0451598090631933,2.4303391666232717,-0.740940707105936,0.09366665750844133,1.893753403982451,0.8500362544145632,0.0,-1.919988217447538,-1.6915468500391577,0.0,0.0,0.0,0.0,0.0,0.0,0.0,0.0,0.0,0.0,0.0,0.0,40.0,40.0,40.0,60.0,60.0,60.0,60.0,60.0,60.0,60.0,60.0,60.0,60.0,60.0,60.0,60.0,60.0,0.0,0.0,0.0,0.0,0.0,0.0,0.0,0.0,0.0,0.0,0.0,0.0,1.0,1.0,1.0,1.5,1.5,1.5,1.5,1.5,1.5,1.5,1.5,1.5,1.5,1.5,1.5,1.5,1.5,0.0,0.0,0.0,0.0,0.0,0.0,0.0,0.0,0.0,0.0,0.0,0.0,0.0,0.0,0.0,0.0,0.0,0.0,0.0,0.0,0.0,0.0,0.0,0.0,0.0,0.0,0.0,0.0,0.0
-0.100000,0.000000,0.000000,0.300000,-0.200000,0.000000,-0.100000,0.000000,0.000000,0.300000,-0.200000,0.000000,0.000000,0.000000,0.000000,-0.183394,0.245444,-0.483484,-0.083842,-0.194371,-0.853055,0.313424,-0.592529,-0.446325,1.032042,-0.097222,1.972020,-1.363550,0.903961,0.0,0.0,0.0,0.0,0.0,0.0,0.0,0.0,0.0,0.0,0.0,0.0,0.0,0.0,0.0,0.45127266103313635,0.00229909801058234,-0.13290528347980474,-0.6703484422032776,-1.1331251365431865,2.856998198126731,0.5600865119649023,-0.39987762365205626,-0.41534187601997286,0.2077305644018479,-0.32226628794959356,0.0,2.0231610387307972,-4.4757300113187295,0.0,0.0,0.0,0.0,0.0,0.0,0.0,0.0,0.0,0.0,0.0,0.0,40.0,40.0,40.0,60.0,60.0,60.0,60.0,60.0,60.0,60.0,60.0,60.0,60.0,60.0,60.0,60.0,60.0,0.0,0.0,0.0,0.0,0.0,0.0,0.0,0.0,0.0,0.0,0.0,0.0,1.0,1.0,1.0,1.5,1.5,1.5,1.5,1.5,1.5,1.5,1.5,1.5,1.5,1.5,1.5,1.5,1.5,0.0,0.0,0.0,0.0,0.0,0.0,0.0,0.0,0.0,0.0,0.0,0.0,0.0,0.0,0.0,0.0,0.0,0.0,0.0,0.0,0.0,0.0,0.0,0.0,0.0,0.0,0.0,0.0,0.0
-0.100000,0.000000,0.000000,0.300000,-0.200000,0.000000,-0.100000,0.000000,0.000000,0.300000,-0.200000,0.000000,0.000000,0.000000,0.000000,-0.175021,0.246333,-0.484620,-0.102198,-0.199922,-0.796727,0.339651,-0.596918,-0.453216,1.029396,-0.107017,1.972020,-1.328929,0.811778,0.0,0.0,0.0,0.0,0.0,0.0,0.0,0.0,0.0,0.0,0.0,0.0,0.0,0.0,0.0,0.5413243947112657,0.08847546478909785,-0.2926312214900334,-1.351750594872266,-1.5607097033505886,2.9989187683180125,0.4780993185330151,0.047892586680661764,-0.9020876694552787,-0.8972689780584436,-0.9384230218923616,0.0,3.5600670402887222,-5.811721488369392,0.0,0.0,0.0,0.0,0.0,0.0,0.0,0.0,0.0,0.0,0.0,0.0,40.0,40.0,40.0,60.0,60.0,60.0,60.0,60.0,60.0,60.0,60.0,60.0,60.0,60.0,60.0,60.0,60.0,0.0,0.0,0.0,0.0,0.0,0.0,0.0,0.0,0.0,0.0,0.0,0.0,1.0,1.0,1.0,1.5,1.5,1.5,1.5,1.5,1.5,1.5,1.5,1.5,1.5,1.5,1.5,1.5,1.5,0.0,0.0,0.0,0.0,0.0,0.0,0.0,0.0,0.0,0.0,0.0,0.0,0.0,0.0,0.0,0.0,0.0,0.0,0.0,0.0,0.0,0.0,0.0,0.0,0.0,0.0,0.0,0.0,0.0
-0.100000,0.000000,0.000000,0.300000,-0.200000,0.000000,-0.100000,0.000000,0.000000,0.300000,-0.200000,0.000000,0.000000,0.000000,0.000000,-0.165558,0.246889,-0.486790,-0.124783,-0.212305,-0.742366,0.351678,-0.593991,-0.464033,1.002646,-0.129345,1.972020,-1.260139,0.706672,0.0,0.0,0.0,0.0,0.0,0.0,0.0,0.0,0.0,0.0,0.0,0.0,0.0,0.0,0.0,0.4556194774390447,0.0852798353400061,-0.1950733135271887,-1.389507716369951,-0.42751361007912836,2.332731556404821,0.7499606112584725,0.45698766691145976,-0.8548270154752166,-1.5513963780787592,-1.33777564561581,0.0,3.3982080339170717,-5.118500942993348,0.0,0.0,0.0,0.0,0.0,0.0,0.0,0.0,0.0,0.0,0.0,0.0,40.0,40.0,40.0,60.0,60.0,60.0,60.0,60.0,60.0,60.0,60.0,60.0,60.0,60.0,60.0,60.0,60.0,0.0,0.0,0.0,0.0,0.0,0.0,0.0,0.0,0.0,0.0,0.0,0.0,1.0,1.0,1.0,1.5,1.5,1.5,1.5,1.5,1.5,1.5,1.5,1.5,1.5,1.5,1.5,1.5,1.5,0.0,0.0,0.0,0.0,0.0,0.0,0.0,0.0,0.0,0.0,0.0,0.0,0.0,0.0,0.0,0.0,0.0,0.0,0.0,0.0,0.0,0.0,0.0,0.0,0.0,0.0,0.0,0.0,0.0
-0.100000,0.000000,0.000000,0.300000,-0.200000,0.000000,-0.100000,0.000000,0.000000,0.300000,-0.200000,0.000000,0.000000,0.000000,0.000000,-0.156427,0.246587,-0.488635,-0.145469,-0.222897,-0.695689,0.352480,-0.586638,-0.474864,0.964003,-0.157599,1.972020,-1.180855,0.611200,0.0,0.0,0.0,0.0,0.0,0.0,0.0,0.0,0.0,0.0,0.0,0.0,0.0,0.0,0.0,0.3347136037900204,-0.02115226593373265,-0.01988733773287399,-0.8026265205937515,0.2170043496020728,1.58378562527009,0.3750227373134754,0.5620399288347566,-0.4280658440826937,-1.8760608530687533,-1.4767149294875346,0.0,3.1472875246242316,-4.11141521563102,0.0,0.0,0.0,0.0,0.0,0.0,0.0,0.0,0.0,0.0,0.0,0.0,40.0,40.0,40.0,60.0,60.0,60.0,60.0,60.0,60.0,60.0,60.0,60.0,60.0,60.0,60.0,60.0,60.0,0.0,0.0,0.0,0.0,0.0,0.0,0.0,0.0,0.0,0.0,0.0,0.0,1.0,1.0,1.0,1.5,1.5,1.5,1.5,1.5,1.5,1.5,1.5,1.5,1.5,1.5,1.5,1.5,1.5,0.0,0.0,0.0,0.0,0.0,0.0,0.0,0.0,0.0,0.0,0.0,0.0,0.0,0.0,0.0,0.0,0.0,0.0,0.0,0.0,0.0,0.0,0.0,0.0,0.0,0.0,0.0,0.0,0.0
-0.100000,0.000000,0.000000,0.300000,-0.200000,0.000000,-0.100000,0.000000,0.000000,0.300000,-0.200000,0.000000,0.000000,0.000000,0.000000,-0.148304,0.244937,-0.488902,-0.160744,-0.229059,-0.657334,0.342202,-0.577916,-0.482688,0.922368,-0.185850,1.972020,-1.104292,0.539690,0.0,0.0,0.0,0.0,0.0,0.0,0.0,0.0,0.0,0.0,0.0,0.0,0.0,0.0,0.0,0.3626161409571324,-0.13225278154780293,0.01155278937525206,-0.3105316699807431,0.09976308056679484,1.399793695739826,-0.5560275244027663,0.3721716533105296,-0.1726378284311575,-1.9857976169910363,-1.3196409552589439,0.0,3.1525730333436583,-2.7768312882160333,0.0,0.0,0.0,0.0,0.0,0.0,0.0,0.0,0.0,0.0,0.0,0.0,40.0,40.0,40.0,60.0,60.0,60.0,60.0,60.0,60.0,60.0,60.0,60.0,60.0,60.0,60.0,60.0,60.0,0.0,0.0,0.0,0.0,0.0,0.0,0.0,0.0,0.0,0.0,0.0,0.0,1.0,1.0,1.0,1.5,1.5,1.5,1.5,1.5,1.5,1.5,1.5,1.5,1.5,1.5,1.5,1.5,1.5,0.0,0.0,0.0,0.0,0.0,0.0,0.0,0.0,0.0,0.0,0.0,0.0,0.0,0.0,0.0,0.0,0.0,0.0,0.0,0.0,0.0,0.0,0.0,0.0,0.0,0.0,0.0,0.0,0.0
-0.100000,0.000000,0.000000,0.300000,-0.200000,0.000000,-0.100000,0.000000,0.000000,0.300000,-0.200000,0.000000,0.000000,0.000000,0.000000,-0.141348,0.241839,-0.486861,-0.170358,-0.232593,-0.625153,0.320986,-0.569951,-0.486516,0.883821,-0.209406,1.972020,-1.035820,0.497318,0.0,0.0,0.0,0.0,0.0,0.0,0.0,0.0,0.0,0.0,0.0,0.0,0.0,0.0,0.0,0.35663274869744893,-0.2788551643028464,0.0708410847634941,-0.07367499994625562,-0.15945107037923512,1.5723512909068231,-1.855598125819058,0.16983949989672065,0.1322739200546333,-1.8847245067142027,-1.2434788960132745,0.0,3.2988299099160097,-0.729202918736091,0.0,0.0,0.0,0.0,0.0,0.0,0.0,0.0,0.0,0.0,0.0,0.0,40.0,40.0,40.0,60.0,60.0,60.0,60.0,60.0,60.0,60.0,60.0,60.0,60.0,60.0,60.0,60.0,60.0,0.0,0.0,0.0,0.0,0.0,0.0,0.0,0.0,0.0,0.0,0.0,0.0,1.0,1.0,1.0,1.5,1.5,1.5,1.5,1.5,1.5,1.5,1.5,1.5,1.5,1.5,1.5,1.5,1.5,0.0,0.0,0.0,0.0,0.0,0.0,0.0,0.0,0.0,0.0,0.0,0.0,0.0,0.0,0.0,0.0,0.0,0.0,0.0,0.0,0.0,0.0,0.0,0.0,0.0,0.0,0.0,0.0,0.0
-0.100000,0.000000,0.000000,0.300000,-0.200000,0.000000,-0.100000,0.000000,0.000000,0.300000,-0.200000,0.000000,0.000000,0.000000,0.000000,-0.135505,0.237605,-0.482489,-0.176109,-0.236675,-0.597013,0.291303,-0.563585,-0.487007,0.852028,-0.225396,1.972020,-0.976755,0.481128,0.0,0.0,0.0,0.0,0.0,0.0,0.0,0.0,0.0,0.0,0.0,0.0,0.0,0.0,0.0,0.21457944324397293,-0.255918596305868,0.4002702503866251,-0.20487843939346953,-0.5021361997940051,1.2488808853235223,-2.1304162825297754,0.3175341537329568,0.11090349744210248,-1.2915949122235841,-0.42610971063329617,0.0,2.525431252156346,0.5037364007446088,0.0,0.0,0.0,0.0,0.0,0.0,0.0,0.0,0.0,0.0,0.0,0.0,40.0,40.0,40.0,60.0,60.0,60.0,60.0,60.0,60.0,60.0,60.0,60.0,60.0,60.0,60.0,60.0,60.0,0.0,0.0,0.0,0.0,0.0,0.0,0.0,0.0,0.0,0.0,0.0,0.0,1.0,1.0,1.0,1.5,1.5,1.5,1.5,1.5,1.5,1.5,1.5,1.5,1.5,1.5,1.5,1.5,1.5,0.0,0.0,0.0,0.0,0.0,0.0,0.0,0.0,0.0,0.0,0.0,0.0,0.0,0.0,0.0,0.0,0.0,0.0,0.0,0.0,0.0,0.0,0.0,0.0,0.0,0.0,0.0,0.0,0.0
-0.100000,0.000000,0.000000,0.300000,-0.200000,0.000000,-0.100000,0.000000,0.000000,0.300000,-0.200000,0.000000,0.000000,0.000000,0.000000,-0.130587,0.232640,-0.476654,-0.179889,-0.244341,-0.572283,0.257002,-0.558866,-0.485286,0.828143,-0.233481,1.972020,-0.926372,0.483301,0.0,0.0,0.0,0.0,0.0,0.0,0.0,0.0,0.0,0.0,0.0,0.0,0.0,0.0,0.0,0.22728823346421234,-0.18470115168884305,0.38168039037607543,-0.2299640796278278,-0.7765538793264082,0.7170002451628327,-1.7373266264746543,0.25217973571446395,0.007952137059692721,-0.5982380096161699,0.28675524564554383,0.0,1.5858711880123666,0.5962873702626936,0.0,0.0,0.0,0.0,0.0,0.0,0.0,0.0,0.0,0.0,0.0,0.0,40.0,40.0,40.0,60.0,60.0,60.0,60.0,60.0,60.0,60.0,60.0,60.0,60.0,60.0,60.0,60.0,60.0,0.0,0.0,0.0,0.0,0.0,0.0,0.0,0.0,0.0,0.0,0.0,0.0,1.0,1.0,1.0,1.5,1.5,1.5,1.5,1.5,1.5,1.5,1.5,1.5,1.5,1.5,1.5,1.5,1.5,0.0,0.0,0.0,0.0,0.0,0.0,0.0,0.0,0.0,0.0,0.0,0.0,0.0,0.0,0.0,0.0,0.0,0.0,0.0,0.0,0.0,0.0,0.0,0.0,0.0,0.0,0.0,0.0,0.0
-0.100000,0.000000,0.000000,0.300000,-0.200000,0.000000,-0.100000,0.000000,0.000000,0.300000,-0.200000,0.000000,0.000000,0.000000,0.000000,-0.126345,0.227150,-0.470893,-0.182427,-0.258890,-0.552599,0.220283,-0.555483,-0.482004,0.811170,-0.235586,1.972020,-0.883407,0.496135,0.0,0.0,0.0,0.0,0.0,0.0,0.0,0.0,0.0,0.0,0.0,0.0,0.0,0.0,0.0,0.1737649786904504,-0.24989874656294528,0.2055401001322843,-0.08000344090329584,-0.3333251682285862,1.3748531655227103,-0.987347625076513,0.03751452713870729,0.13983054345144685,-0.3817437718445976,0.10738649244868212,0.0,1.7277700057041157,0.625175494899663,0.0,0.0,0.0,0.0,0.0,0.0,0.0,0.0,0.0,0.0,0.0,0.0,40.0,40.0,40.0,60.0,60.0,60.0,60.0,60.0,60.0,60.0,60.0,60.0,60.0,60.0,60.0,60.0,60.0,0.0,0.0,0.0,0.0,0.0,0.0,0.0,0.0,0.0,0.0,0.0,0.0,1.0,1.0,1.0,1.5,1.5,1.5,1.5,1.5,1.5,1.5,1.5,1.5,1.5,1.5,1.5,1.5,1.5,0.0,0.0,0.0,0.0,0.0,0.0,0.0,0.0,0.0,0.0,0.0,0.0,0.0,0.0,0.0,0.0,0.0,0.0,0.0,0.0,0.0,0.0,0.0,0.0,0.0,0.0,0.0,0.0,0.0
-0.100000,0.000000,0.000000,0.300000,-0.200000,0.000000,-0.100000,0.000000,0.000000,0.300000,-0.200000,0.000000,0.000000,0.000000,0.000000,-0.122617,0.221224,-0.466841,-0.183101,-0.284460,-0.542560,0.180582,-0.552794,-0.477266,0.799708,-0.233910,1.972020,-0.848970,0.515747,0.0,0.0,0.0,0.0,0.0,0.0,0.0,0.0,0.0,0.0,0.0,0.0,0.0,0.0,0.0,0.12690022841472004,-0.3390818500412444,0.1681948614925613,-0.17779662134955465,-0.7521591231866326,1.3098207950558631,-1.179431797169969,0.058018193875630786,0.3376294265132876,-0.5756027273987552,-0.1514711542486162,0.0,2.0639000791673716,0.7891400305640811,0.0,0.0,0.0,0.0,0.0,0.0,0.0,0.0,0.0,0.0,0.0,0.0,40.0,40.0,40.0,60.0,60.0,60.0,60.0,60.0,60.0,60.0,60.0,60.0,60.0,60.0,60.0,60.0,60.0,0.0,0.0,0.0,0.0,0.0,0.0,0.0,0.0,0.0,0.0,0.0,0.0,1.0,1.0,1.0,1.5,1.5,1.5,1.5,1.5,1.5,1.5,1.5,1.5,1.5,1.5,1.5,1.5,1.5,0.0,0.0,0.0,0.0,0.0,0.0,0.0,0.0,0.0,0.0,0.0,0.0,0.0,0.0,0.0,0.0,0.0,0.0,0.0,0.0,0.0,0.0,0.0,0.0,0.0,0.0,0.0,0.0,0.0
-0.100000,0.000000,0.000000,0.300000,-0.200000,0.000000,-0.100000,0.000000,0.000000,0.300000,-0.200000,0.000000,0.000000,0.000000,0.000000,-0.119511,0.215110,-0.465893,-0.180346,-0.324049,-0.547920,0.137755,-0.550057,-0.471017,0.794116,-0.229126,1.972020,-0.828888,0.542654,0.0,0.0,0.0,0.0,0.0,0.0,0.0,0.0,0.0,0.0,0.0,0.0,0.0,0.0,0.0,0.23835359740132545,-0.33672799271848575,0.004810410700324674,-0.04247225459055662,-2.699440395563607,-0.873141277802475,-2.558209088940789,0.17199352796403444,0.3853110465102949,-0.577095112809009,0.11322087254480792,0.0,1.395082205700371,0.8977751913249343,0.0,0.0,0.0,0.0,0.0,0.0,0.0,0.0,0.0,0.0,0.0,0.0,40.0,40.0,40.0,60.0,60.0,60.0,60.0,60.0,60.0,60.0,60.0,60.0,60.0,60.0,60.0,60.0,60.0,0.0,0.0,0.0,0.0,0.0,0.0,0.0,0.0,0.0,0.0,0.0,0.0,1.0,1.0,1.0,1.5,1.5,1.5,1.5,1.5,1.5,1.5,1.5,1.5,1.5,1.5,1.5,1.5,1.5,0.0,0.0,0.0,0.0,0.0,0.0,0.0,0.0,0.0,0.0,0.0,0.0,0.0,0.0,0.0,0.0,0.0,0.0,0.0,0.0,0.0,0.0,0.0,0.0,0.0,0.0,0.0,0.0,0.0
-0.100000,0.000000,0.000000,0.300000,-0.200000,0.000000,-0.100000,0.000000,0.000000,0.300000,-0.200000,0.000000,0.000000,0.000000,0.000000,-0.117500,0.209242,-0.469044,-0.172690,-0.375590,-0.570763,0.096976,-0.546923,-0.463118,0.796965,-0.220627,1.972020,-0.832024,0.579651,0.0,0.0,0.0,0.0,0.0,0.0,0.0,0.0,0.0,0.0,0.0,0.0,0.0,0.0,0.0,0.15305302761943576,-0.24247318790936723,-0.2967510764200085,0.5600779958670914,-3.8640325032534295,-2.764772667187934,-3.091429238189335,0.29118097729149695,0.27467951773300636,-0.0038788344531193175,0.49552680207256766,0.0,-0.11663959173912886,1.432667540815541,0.0,0.0,0.0,0.0,0.0,0.0,0.0,0.0,0.0,0.0,0.0,0.0,40.0,40.0,40.0,60.0,60.0,60.0,60.0,60.0,60.0,60.0,60.0,60.0,60.0,60.0,60.0,60.0,60.0,0.0,0.0,0.0,0.0,0.0,0.0,0.0,0.0,0.0,0.0,0.0,0.0,1.0,1.0,1.0,1.5,1.5,1.5,1.5,1.5,1.5,1.5,1.5,1.5,1.5,1.5,1.5,1.5,1.5,0.0,0.0,0.0,0.0,0.0,0.0,0.0,0.0,0.0,0.0,0.0,0.0,0.0,0.0,0.0,0.0,0.0,0.0,0.0,0.0,0.0,0.0,0.0,0.0,0.0,0.0,0.0,0.0,0.0
-0.100000,0.000000,0.000000,0.300000,-0.200000,0.000000,-0.100000,0.000000,0.000000,0.300000,-0.200000,0.000000,0.000000,0.000000,0.000000,-0.117159,0.204087,-0.476652,-0.160277,-0.431112,-0.607117,0.069518,-0.543570,-0.453294,0.811002,-0.208022,1.972020,-0.864783,0.627776,0.0,0.0,0.0,0.0,0.0,0.0,0.0,0.0,0.0,0.0,0.0,0.0,0.0,0.0,0.0,-0.10554562991395428,-0.2741736934939662,-0.6119623277587305,1.1239764942333814,-3.0345286256036452,-2.5445654969928317,-1.4439401911463514,0.2505195565416285,0.5042220434503392,0.8885509529420438,0.6259512628680235,0.0,-2.3412890110292293,2.8319121023961222,0.0,0.0,0.0,0.0,0.0,0.0,0.0,0.0,0.0,0.0,0.0,0.0,40.0,40.0,40.0,60.0,60.0,60.0,60.0,60.0,60.0,60.0,60.0,60.0,60.0,60.0,60.0,60.0,60.0,0.0,0.0,0.0,0.0,0.0,0.0,0.0,0.0,0.0,0.0,0.0,0.0,1.0,1.0,1.0,1.5,1.5,1.5,1.5,1.5,1.5,1.5,1.5,1.5,1.5,1.5,1.5,1.5,1.5,0.0,0.0,0.0,0.0,0.0,0.0,0.0,0.0,0.0,0.0,0.0,0.0,0.0,0.0,0.0,0.0,0.0,0.0,0.0,0.0,0.0,0.0,0.0,0.0,0.0,0.0,0.0,0.0,0.0
-0.100000,0.000000,0.000000,0.300000,-0.200000,0.000000,-0.100000,0.000000,0.000000,0.300000,-0.200000,0.000000,0.000000,0.000000,0.000000,-0.118679,0.200051,-0.488425,-0.145374,-0.481014,-0.650612,0.067455,-0.540250,-0.441508,0.836155,-0.192254,1.972020,-0.925268,0.682099,0.0,0.0,0.0,0.0,0.0,0.0,0.0,0.0,0.0,0.0,0.0,0.0,0.0,0.0,0.0,-0.10464374710919926,-0.1986500297353408,-0.7928159300950934,0.9891121509101635,-2.4697210499353055,-2.104040749013769,0.07323073335533496,0.08848248101505085,0.7346305936510019,1.8796443023576996,1.0148484217254714,0.0,-5.079856699993399,4.048856576200261,0.0,0.0,0.0,0.0,0.0,0.0,0.0,0.0,0.0,0.0,0.0,0.0,40.0,40.0,40.0,60.0,60.0,60.0,60.0,60.0,60.0,60.0,60.0,60.0,60.0,60.0,60.0,60.0,60.0,0.0,0.0,0.0,0.0,0.0,0.0,0.0,0.0,0.0,0.0,0.0,0.0,1.0,1.0,1.0,1.5,1.5,1.5,1.5,1.5,1.5,1.5,1.5,1.5,1.5,1.5,1.5,1.5,1.5,0.0,0.0,0.0,0.0,0.0,0.0,0.0,0.0,0.0,0.0,0.0,0.0,0.0,0.0,0.0,0.0,0.0,0.0,0.0,0.0,0.0,0.0,0.0,0.0,0.0,0.0,0.0,0.0,0.0
-0.100000,0.000000,0.000000,0.300000,-0.200000,0.000000,-0.100000,0.000000,0.000000,0.300000,-0.200000,0.000000,0.000000,0.000000,0.000000,-0.121697,0.197379,-0.503930,-0.130943,-0.519419,-0.697886,0.096448,-0.536713,-0.428425,0.867959,-0.175954,1.972020,-1.001683,0.731215,0.0,0.0,0.0,0.0,0.0,0.0,0.0,0.0,0.0,0.0,0.0,0.0,0.0,0.0,0.0,-0.19637349008074373,-0.06947114808953311,-0.789877680644735,0.6313127449070792,-1.3772024169745225,-1.9757308451629652,2.4792551086201944,0.05175309298122155,0.7928666389246719,2.3534644855758264,1.0917505721687406,0.0,-5.5216794773052245,3.3541036461137983,0.0,0.0,0.0,0.0,0.0,0.0,0.0,0.0,0.0,0.0,0.0,0.0,40.0,40.0,40.0,60.0,60.0,60.0,60.0,60.0,60.0,60.0,60.0,60.0,60.0,60.0,60.0,60.0,60.0,0.0,0.0,0.0,0.0,0.0,0.0,0.0,0.0,0.0,0.0,0.0,0.0,1.0,1.0,1.0,1.5,1.5,1.5,1.5,1.5,1.5,1.5,1.5,1.5,1.5,1.5,1.5,1.5,1.5,0.0,0.0,0.0,0.0,0.0,0.0,0.0,0.0,0.0,0.0,0.0,0.0,0.0,0.0,0.0,0.0,0.0,0.0,0.0,0.0,0.0,0.0,0.0,0.0,0.0,0.0,0.0,0.0,0.0
-0.100000,0.000000,0.000000,0.300000,-0.200000,0.000000,-0.100000,0.000000,0.000000,0.300000,-0.200000,0.000000,0.000000,0.000000,0.000000,-0.125428,0.195996,-0.523245,-0.118574,-0.547017,-0.750463,0.150919,-0.532226,-0.415215,0.898979,-0.162739,1.972020,-1.078148,0.762984,0.0,0.0,0.0,0.0,0.0,0.0,0.0,0.0,0.0,0.0,0.0,0.0,0.0,0.0,0.0,-0.40834279965689424,-0.01984750887467565,-0.7723134107557622,0.3514940446721956,0.06274986349471823,-1.8794909386086411,5.399903099868874,0.28777982005408764,0.796519863079724,1.6870962638300706,0.4854725830311858,0.0,-3.392924417855597,0.890456814716506,0.0,0.0,0.0,0.0,0.0,0.0,0.0,0.0,0.0,0.0,0.0,0.0,40.0,40.0,40.0,60.0,60.0,60.0,60.0,60.0,60.0,60.0,60.0,60.0,60.0,60.0,60.0,60.0,60.0,0.0,0.0,0.0,0.0,0.0,0.0,0.0,0.0,0.0,0.0,0.0,0.0,1.0,1.0,1.0,1.5,1.5,1.5,1.5,1.5,1.5,1.5,1.5,1.5,1.5,1.5,1.5,1.5,1.5,0.0,0.0,0.0,0.0,0.0,0.0,0.0,0.0,0.0,0.0,0.0,0.0,0.0,0.0,0.0,0.0,0.0,0.0,0.0,0.0,0.0,0.0,0.0,0.0,0.0,0.0,0.0,0.0,0.0
-0.100000,0.000000,0.000000,0.300000,-0.200000,0.000000,-0.100000,0.000000,0.000000,0.300000,-0.200000,0.000000,0.000000,0.000000,0.000000,-0.129017,0.195496,-0.546873,-0.107632,-0.570120,-0.812308,0.215133,-0.526152,-0.402708,0.922689,-0.155645,1.972020,-1.144441,0.772890,0.0,0.0,0.0,0.0,0.0,0.0,0.0,0.0,0.0,0.0,0.0,0.0,0.0,0.0,0.0,-0.12180548321206325,0.04874498518091311,-1.232719231681642,0.13762512457270065,-0.6354626954745396,-3.177050137148468,4.142043019786482,0.3347068054285057,0.40035798061855143,0.5652985860984228,0.2179109371295264,0.0,-1.5090486968775518,-1.6952139530612502,0.0,0.0,0.0,0.0,0.0,0.0,0.0,0.0,0.0,0.0,0.0,0.0,40.0,40.0,40.0,60.0,60.0,60.0,60.0,60.0,60.0,60.0,60.0,60.0,60.0,60.0,60.0,60.0,60.0,0.0,0.0,0.0,0.0,0.0,0.0,0.0,0.0,0.0,0.0,0.0,0.0,1.0,1.0,1.0,1.5,1.5,1.5,1.5,1.5,1.5,1.5,1.5,1.5,1.5,1.5,1.5,1.5,1.5,0.0,0.0,0.0,0.0,0.0,0.0,0.0,0.0,0.0,0.0,0.0,0.0,0.0,0.0,0.0,0.0,0.0,0.0,0.0,0.0,0.0,0.0,0.0,0.0,0.0,0.0,0.0,0.0,0.0
-0.100000,0.000000,0.000000,0.300000,-0.200000,0.000000,-0.100000,0.000000,0.000000,0.300000,-0.200000,0.000000,0.000000,0.000000,0.000000,-0.132230,0.195345,-0.574678,-0.096218,-0.595624,-0.885054,0.272038,-0.518410,-0.390638,0.936793,-0.155891,1.972020,-1.200592,0.767192,0.0,0.0,0.0,0.0,0.0,0.0,0.0,0.0,0.0,0.0,0.0,0.0,0.0,0.0,0.0,0.099151057943829,-0.013652915989713355,-1.7394085917946334,0.5928999155912564,-2.4402199931871147,-4.69728443464538,0.5605359449309982,0.45839926201065584,0.3939096635389813,-0.03830363574387208,-0.26367859157774076,0.0,-1.9091649437951552,-1.5269686856791198,0.0,0.0,0.0,0.0,0.0,0.0,0.0,0.0,0.0,0.0,0.0,0.0,40.0,40.0,40.0,60.0,60.0,60.0,60.0,60.0,60.0,60.0,60.0,60.0,60.0,60.0,60.0,60.0,60.0,0.0,0.0,0.0,0.0,0.0,0.0,0.0,0.0,0.0,0.0,0.0,0.0,1.0,1.0,1.0,1.5,1.5,1.5,1.5,1.5,1.5,1.5,1.5,1.5,1.5,1.5,1.5,1.5,1.5,0.0,0.0,0.0,0.0,0.0,0.0,0.0,0.0,0.0,0.0,0.0,0.0,0.0,0.0,0.0,0.0,0.0,0.0,0.0,0.0,0.0,0.0,0.0,0.0,0.0,0.0,0.0,0.0,0.0
-0.100000,0.000000,0.000000,0.300000,-0.200000,0.000000,-0.100000,0.000000,0.000000,0.300000,-0.200000,0.000000,0.000000,0.000000,0.000000,-0.135740,0.195184,-0.605037,-0.083150,-0.626126,-0.964909,0.312274,-0.509540,-0.377908,0.943270,-0.162552,1.972020,-1.252674,0.757354,0.0,0.0,0.0,0.0,0.0,0.0,0.0,0.0,0.0,0.0,0.0,0.0,0.0,0.0,0.0,-0.14840938017914723,-0.08849560862427622,-1.7364142303277763,1.044162749271231,-2.418650515570675,-4.821311460780272,0.5418883942965913,0.5691167938076571,0.7423328147328836,0.0016615236897915553,-0.7547892236496427,0.0,-2.874791126347831,0.0065305612132471325,0.0,0.0,0.0,0.0,0.0,0.0,0.0,0.0,0.0,0.0,0.0,0.0,40.0,40.0,40.0,60.0,60.0,60.0,60.0,60.0,60.0,60.0,60.0,60.0,60.0,60.0,60.0,60.0,60.0,0.0,0.0,0.0,0.0,0.0,0.0,0.0,0.0,0.0,0.0,0.0,0.0,1.0,1.0,1.0,1.5,1.5,1.5,1.5,1.5,1.5,1.5,1.5,1.5,1.5,1.5,1.5,1.5,1.5,0.0,0.0,0.0,0.0,0.0,0.0,0.0,0.0,0.0,0.0,0.0,0.0,0.0,0.0,0.0,0.0,0.0,0.0,0.0,0.0,0.0,0.0,0.0,0.0,0.0,0.0,0.0,0.0,0.0
-0.100000,0.000000,0.000000,0.300000,-0.200000,0.000000,-0.100000,0.000000,0.000000,0.300000,-0.200000,0.000000,0.000000,0.000000,0.000000,-0.140362,0.194948,-0.635443,-0.069130,-0.660757,-1.044559,0.333365,-0.500465,-0.363679,0.945722,-0.173028,1.972020,-1.305943,0.751623,0.0,0.0,0.0,0.0,0.0,0.0,0.0,0.0,0.0,0.0,0.0,0.0,0.0,0.0,0.0,-0.40443158073888014,-0.01705137304240309,-1.4966048806606262,0.9115029322893758,-1.0176577790026786,-3.8915381151384847,2.152859784076337,0.4433886767154213,0.8277206913753915,0.21688928764887483,-0.6897172853217205,0.0,-3.081387396351337,0.5818657032473168,0.0,0.0,0.0,0.0,0.0,0.0,0.0,0.0,0.0,0.0,0.0,0.0,40.0,40.0,40.0,60.0,60.0,60.0,60.0,60.0,60.0,60.0,60.0,60.0,60.0,60.0,60.0,60.0,60.0,0.0,0.0,0.0,0.0,0.0,0.0,0.0,0.0,0.0,0.0,0.0,0.0,1.0,1.0,1.0,1.5,1.5,1.5,1.5,1.5,1.5,1.5,1.5,1.5,1.5,1.5,1.5,1.5,1.5,0.0,0.0,0.0,0.0,0.0,0.0,0.0,0.0,0.0,0.0,0.0,0.0,0.0,0.0,0.0,0.0,0.0,0.0,0.0,0.0,0.0,0.0,0.0,0.0,0.0,0.0,0.0,0.0,0.0
-0.100000,0.000000,0.000000,0.300000,-0.200000,0.000000,-0.100000,0.000000,0.000000,0.300000,-0.200000,0.000000,0.000000,0.000000,0.000000,-0.146201,0.194679,-0.663961,-0.055904,-0.699208,-1.118103,0.333967,-0.492016,-0.347956,0.946838,-0.184376,1.972020,-1.362014,0.751774,0.0,0.0,0.0,0.0,0.0,0.0,0.0,0.0,0.0,0.0,0.0,0.0,0.0,0.0,0.0,-0.411603212432074,0.04692702987313946,-1.2727131132827862,0.5921206073450188,-1.5428064270036927,-3.127986786083925,0.18708938727442642,0.3987126358203294,0.903054715710512,0.2334735247166514,-0.525705690551067,0.0,-3.173004737790286,0.5338664223578343,0.0,0.0,0.0,0.0,0.0,0.0,0.0,0.0,0.0,0.0,0.0,0.0,40.0,40.0,40.0,60.0,60.0,60.0,60.0,60.0,60.0,60.0,60.0,60.0,60.0,60.0,60.0,60.0,60.0,0.0,0.0,0.0,0.0,0.0,0.0,0.0,0.0,0.0,0.0,0.0,0.0,1.0,1.0,1.0,1.5,1.5,1.5,1.5,1.5,1.5,1.5,1.5,1.5,1.5,1.5,1.5,1.5,1.5,0.0,0.0,0.0,0.0,0.0,0.0,0.0,0.0,0.0,0.0,0.0,0.0,0.0,0.0,0.0,0.0,0.0,0.0,0.0,0.0,0.0,0.0,0.0,0.0,0.0,0.0,0.0,0.0,0.0
-0.100000,0.000000,0.000000,0.300000,-0.200000,0.000000,-0.100000,0.000000,0.000000,0.300000,-0.200000,0.000000,0.000000,0.000000,0.000000,-0.152744,0.194339,-0.690122,-0.044542,-0.742215,-1.184207,0.314507,-0.484519,-0.331293,0.947758,-0.194764,1.972020,-1.420130,0.755715,0.0,0.0,0.0,0.0,0.0,0.0,0.0,0.0,0.0,0.0,0.0,0.0,0.0,0.0,0.0,-0.3087867631775563,-0.021067864593943275,-1.1611786170624554,0.39475959474588124,-2.5724705012969027,-2.8892671695296412,-2.147154145037031,0.322890402537164,0.8347081038128326,0.08755226569476804,-0.34670428506379386,0.0,-2.897202175596081,0.14284670068375194,0.0,0.0,0.0,0.0,0.0,0.0,0.0,0.0,0.0,0.0,0.0,0.0,40.0,40.0,40.0,60.0,60.0,60.0,60.0,60.0,60.0,60.0,60.0,60.0,60.0,60.0,60.0,60.0,60.0,0.0,0.0,0.0,0.0,0.0,0.0,0.0,0.0,0.0,0.0,0.0,0.0,1.0,1.0,1.0,1.5,1.5,1.5,1.5,1.5,1.5,1.5,1.5,1.5,1.5,1.5,1.5,1.5,1.5,0.0,0.0,0.0,0.0,0.0,0.0,0.0,0.0,0.0,0.0,0.0,0.0,0.0,0.0,0.0,0.0,0.0,0.0,0.0,0.0,0.0,0.0,0.0,0.0,0.0,0.0,0.0,0.0,0.0
-0.100000,0.000000,0.000000,0.300000,-0.200000,0.000000,-0.100000,0.000000,0.000000,0.300000,-0.200000,0.000000,0.000000,0.000000,0.000000,-0.159510,0.193895,-0.714822,-0.034601,-0.788820,-1.245736,0.282058,-0.477691,-0.314223,0.948803,-0.204027,1.972020,-1.479326,0.761179,0.0,0.0,0.0,0.0,0.0,0.0,0.0,0.0,0.0,0.0,0.0,0.0,0.0,0.0,0.0,-0.2362578310055541,-0.151775509825878,-1.1974399447024306,0.3312072807729986,-3.2649787329144635,-2.951694498958638,-3.6375372071079166,0.2502587653892885,0.7599652745409052,-0.0008357542229775652,-0.2609064703364611,0.0,-2.721640345617904,-0.25788642679379076,0.0,0.0,0.0,0.0,0.0,0.0,0.0,0.0,0.0,0.0,0.0,0.0,40.0,40.0,40.0,60.0,60.0,60.0,60.0,60.0,60.0,60.0,60.0,60.0,60.0,60.0,60.0,60.0,60.0,0.0,0.0,0.0,0.0,0.0,0.0,0.0,0.0,0.0,0.0,0.0,0.0,1.0,1.0,1.0,1.5,1.5,1.5,1.5,1.5,1.5,1.5,1.5,1.5,1.5,1.5,1.5,1.5,1.5,0.0,0.0,0.0,0.0,0.0,0.0,0.0,0.0,0.0,0.0,0.0,0.0,0.0,0.0,0.0,0.0,0.0,0.0,0.0,0.0,0.0,0.0,0.0,0.0,0.0,0.0,0.0,0.0,0.0
