q_00_left_hip_pitch,q_01_left_hip_roll,q_02_left_hip_yaw,q_03_left_knee,q_04_left_ankle_pitch,q_05_left_ankle_roll,q_06_right_hip_pitch,q_07_right_hip_roll,q_08_right_hip_yaw,q_09_right_knee,q_10_right_ankle_pitch,q_11_right_ankle_roll,q_12_waist_yaw,q_13_waist_roll,q_14_waist_pitch,q_15_left_shoulder_pitch,q_16_left_shoulder_roll,q_17_left_shoulder_yaw,q_18_left_elbow,q_19_left_wrist_roll,q_20_left_wrist_pitch,q_21_left_wrist_yaw,q_22_right_shoulder_pitch,q_23_right_shoulder_roll,q_24_right_shoulder_yaw,q_25_right_elbow,q_26_right_wrist_roll,q_27_right_wrist_pitch,q_28_right_wrist_yaw,dq_00_left_hip_pitch,dq_01_left_hip_roll,dq_02_left_hip_yaw,dq_03_left_knee,dq_04_left_ankle_pitch,dq_05_left_ankle_roll,dq_06_right_hip_pitch,dq_07_right_hip_roll,dq_08_right_hip_yaw,dq_09_right_knee,dq_10_right_ankle_pitch,dq_11_right_ankle_roll,dq_12_waist_yaw,dq_13_waist_roll,dq_14_waist_pitch,dq_15_left_shoulder_pitch,dq_16_left_shoulder_roll,dq_17_left_shoulder_yaw,dq_18_left_elbow,dq_19_left_wrist_roll,dq_20_left_wrist_pitch,dq_21_left_wrist_yaw,dq_22_right_shoulder_pitch,dq_23_right_shoulder_roll,dq_24_right_shoulder_yaw,dq_25_right_elbow,dq_26_right_wrist_roll,dq_27_right_wrist_pitch,dq_28_right_wrist_yaw,kp_00_left_hip_pitch,kp_01_left_hip_roll,kp_02_left_hip_yaw,kp_03_left_knee,kp_04_left_ankle_pitch,kp_05_left_ankle_roll,kp_06_right_hip_pitch,kp_07_right_hip_roll,kp_08_right_hip_yaw,kp_09_right_knee,kp_10_right_ankle_pitch,kp_11_right_ankle_roll,kp_12_waist_yaw,kp_13_waist_roll,kp_14_waist_pitch,kp_15_left_shoulder_pitch,kp_16_left_shoulder_roll,kp_17_left_shoulder_yaw,kp_18_left_elbow,kp_19_left_wrist_roll,kp_20_left_wrist_pitch,kp_21_left_wrist_yaw,kp_22_right_shoulder_pitch,kp_23_right_shoulder_roll,kp_24_right_shoulder_yaw,kp_25_right_elbow,kp_26_right_wrist_roll,kp_27_right_wrist_pitch,kp_28_right_wrist_yaw,kd_00_left_hip_pitch,kd_01_left_hip_roll,kd_02_left_hip_yaw,kd_03_left_knee,kd_04_left_ankle_pitch,kd_05_left_ankle_roll,kd_06_right_hip_pitch,kd_07_right_hip_roll,kd_08_right_hip_yaw,kd_09_right_knee,kd_10_right_ankle_pitch,kd_11_right_ankle_roll,kd_12_waist_yaw,kd_13_waist_roll,kd_14_waist_pitch,kd_15_left_shoulder_pitch,kd_16_left_shoulder_roll,kd_17_left_shoulder_yaw,kd_18_left_elbow,kd_19_left_wrist_roll,kd_20_left_wrist_pitch,kd_21_left_wrist_yaw,kd_22_right_shoulder_pitch,kd_23_right_shoulder_roll,kd_24_right_shoulder_yaw,kd_25_right_elbow,kd_26_right_wrist_roll,kd_27_right_wrist_pitch,kd_28_right_wrist_yaw,tau_00_left_hip_pitch,tau_01_left_hip_roll,tau_02_left_hip_yaw,tau_03_left_knee,tau_04_left_ankle_pitch,tau_05_left_ankle_roll,tau_06_right_hip_pitch,tau_07_right_hip_roll,tau_08_right_hip_yaw,tau_09_right_knee,tau_10_right_ankle_pitch,tau_11_right_ankle_roll,tau_12_waist_yaw,tau_13_waist_roll,tau_14_waist_pitch,tau_15_left_shoulder_pitch,tau_16_left_shoulder_roll,tau_17_left_shoulder_yaw,tau_18_left_elbow,tau_19_left_wrist_roll,tau_20_left_wrist_pitch,tau_21_left_wrist_yaw,tau_22_right_shoulder_pitch,tau_23_right_shoulder_roll,tau_24_right_shoulder_yaw,tau_25_right_elbow,tau_26_right_wrist_roll,tau_27_right_wrist_pitch,tau_28_right_wrist_yaw
-0.1,0.0,0.0,0.3,-0.2,0.0,-0.1,0.0,0.0,0.3,-0.2,0.0,0.0,0.0,0.0,0.25,0.18,0.0,0.0,0.0,0.0,0.0,0.25,-0.18,0.0,0.0,0.0,0.0,0.0,0.0,0.0,0.0,0.0,0.0,0.0,0.0,0.0,0.0,0.0,0.0,0.0,0.0,0.0,0.0,0.0,0.0,0.0,0.0,0.0,0.0,0.0,0.0,0.0,0.0,0.0,0.0,0.0,0.0,0.0,0.0,0.0,0.0,0.0,0.0,0.0,0.0,0.0,0.0,0.0,0.0,40.0,40.0,40.0,60.0,60.0,60.0,60.0,60.0,60.0,60.0,60.0,60.0,60.0,60.0,60.0,60.0,60.0,0.0,0.0,0.0,0.0,0.0,0.0,0.0,0.0,0.0,0.0,0.0,0.0,1.0,1.0,1.0,1.5,1.5,1.5,1.5,1.5,1.5,1.5,1.5,1.5,1.5,1.5,1.5,1.5,1.5,0.0,0.0,0.0,0.0,0.0,0.0,0.0,0.0,0.0,0.0,0.0,0.0,0.0,0.0,0.0,0.0,0.0,0.0,0.0,0.0,0.0,0.0,0.0,0.0,0.0,0.0,0.0,0.0,0.0
-0.1,0.0,0.0,0.3,-0.2,0.0,-0.1,0.0,0.0,0.3,-0.2,0.0,0.0,0.0,0.0,0.25,0.18,0.0,0.0,0.0,0.0,0.0,0.25,-0.18,0.0,0.0,0.0,0.0,0.0,0.0,0.0,0.0,0.0,0.0,0.0,0.0,0.0,0.0,0.0,0.0,0.0,0.0,0.0,0.0,0.03337692662144787,0.229448211819977,-0.09362060270123787,-0.12544974302309972,-0.4802456196859954,0.2419856509091127,-0.11991057432164229,-0.02240217788994428,-0.2631575899015637,0.11731871319822924,-0.11055315333215877,0.4161992160544422,0.3042069393412734,0.0421987252446493,0.0,0.0,0.0,0.0,0.0,0.0,0.0,0.0,0.0,0.0,0.0,0.0,40.0,40.0,40.0,60.0,60.0,60.0,60.0,60.0,60.0,60.0,60.0,60.0,60.0,60.0,60.0,60.0,60.0,0.0,0.0,0.0,0.0,0.0,0.0,0.0,0.0,0.0,0.0,0.0,0.0,1.0,1.0,1.0,1.5,1.5,1.5,1.5,1.5,1.5,1.5,1.5,1.5,1.5,1.5,1.5,1.5,1.5,0.0,0.0,0.0,0.0,0.0,0.0,0.0,0.0,0.0,0.0,0.0,0.0,0.0,0.0,0.0,0.0,0.0,0.0,0.0,0.0,0.0,0.0,0.0,0.0,0.0,0.0,0.0,0.0,0.0
-0.1,0.0,0.0,0.3,-0.2,0.0,-0.1,0.0,0.0,0.3,-0.2,0.0,0.0,0.0,0.0,0.2513350770648579,0.18917792847279907,-0.003744824108049515,-0.0050179897209239885,-0.019209824787439815,0.009679426036364508,-0.0047964229728656915,0.24910391288440223,-0.19052630359606254,0.00469274852792917,-0.004422126133286351,0.01664796864217769,0.012168277573650937,0.0016879490097859722,0.0,0.0,0.0,0.0,0.0,0.0,0.0,0.0,0.0,0.0,0.0,0.0,0.0,0.0,0.0,0.09890768598208449,0.7193032697622587,-0.3258998194897106,-0.507306628236738,-1.5055707313461677,0.9024427880830895,-0.3958869517713176,-0.07329562253058503,-0.8255512778611452,0.4210443082738543,-0.4725613790574842,1.3707201735433985,1.14692259417885,0.13128630166159763,0.0,0.0,0.0,0.0,0.0,0.0,0.0,0.0,0.0,0.0,0.0,0.0,40.0,40.0,40.0,60.0,60.0,60.0,60.0,60.0,60.0,60.0,60.0,60.0,60.0,60.0,60.0,60.0,60.0,0.0,0.0,0.0,0.0,0.0,0.0,0.0,0.0,0.0,0.0,0.0,0.0,1.0,1.0,1.0,1.5,1.5,1.5,1.5,1.5,1.5,1.5,1.5,1.5,1.5,1.5,1.5,1.5,1.5,0.0,0.0,0.0,0.0,0.0,0.0,0.0,0.0,0.0,0.0,0.0,0.0,0.0,0.0,0.0,0.0,0.0,0.0,0.0,0.0,0.0,0.0,0.0,0.0,0.0,0.0,0.0,0.0,0.0
-0.1,0.0,0.0,0.3,-0.2,0.0,-0.1,0.0,0.0,0.3,-0.2,0.0,0.0,0.0,0.0,0.2539563074392834,0.20877213079049034,-0.013035992779588423,-0.02029226512946952,-0.06022282925384671,0.03609771152332358,-0.015835478070852706,0.2470681750987766,-0.2130220511144458,0.01684177233095417,-0.018902455162299367,0.05482880694173594,0.045876903767154,0.005251452066463906,0.0,0.0,0.0,0.0,0.0,0.0,0.0,0.0,0.0,0.0,0.0,0.0,0.0,0.0,0.0,0.11815563829163517,1.2637243978247739,-0.6021620172960034,-1.1053855410653464,-2.3901116461846375,1.7853710497882331,-0.9133336658075991,-0.14849025590618764,-1.4511348305794696,0.811751745165319,-1.1354948559810838,2.4288267340239966,2.4563424356260275,0.5269703090307292,0.0,0.0,0.0,0.0,0.0,0.0,0.0,0.0,0.0,0.0,0.0,0.0,40.0,40.0,40.0,60.0,60.0,60.0,60.0,60.0,60.0,60.0,60.0,60.0,60.0,60.0,60.0,60.0,60.0,0.0,0.0,0.0,0.0,0.0,0.0,0.0,0.0,0.0,0.0,0.0,0.0,1.0,1.0,1.0,1.5,1.5,1.5,1.5,1.5,1.5,1.5,1.5,1.5,1.5,1.5,1.5,1.5,1.5,0.0,0.0,0.0,0.0,0.0,0.0,0.0,0.0,0.0,0.0,0.0,0.0,0.0,0.0,0.0,0.0,0.0,0.0,0.0,0.0,0.0,0.0,0.0,0.0,0.0,0.0,0.0,0.0,0.0
-0.1,0.0,0.0,0.3,-0.2,0.0,-0.1,0.0,0.0,0.3,-0.2,0.0,0.0,0.0,0.0,0.2560613025965233,0.23972690438579003,-0.027831304799889652,-0.04923341136353784,-0.1148142906348253,0.08109426802789384,-0.04132976960516966,0.24316430264815472,-0.24857169681924132,0.03716281833454193,-0.049841920372529706,0.11380103800313755,0.11042197499869204,0.02276676137101514,0.0,0.0,0.0,0.0,0.0,0.0,0.0,0.0,0.0,0.0,0.0,0.0,0.0,0.0,0.0,0.02912611009047994,1.808383653622546,-0.8819457506073651,-1.8099066032346265,-2.8785369915805386,2.7146457403350954,-1.7200597025814361,-0.29433560735808717,-2.07142612930987,1.17654724815367,-2.0435812433737928,3.3805985025332657,4.179200926631613,1.4406694995276392,0.0,0.0,0.0,0.0,0.0,0.0,0.0,0.0,0.0,0.0,0.0,0.0,40.0,40.0,40.0,60.0,60.0,60.0,60.0,60.0,60.0,60.0,60.0,60.0,60.0,60.0,60.0,60.0,60.0,0.0,0.0,0.0,0.0,0.0,0.0,0.0,0.0,0.0,0.0,0.0,0.0,1.0,1.0,1.0,1.5,1.5,1.5,1.5,1.5,1.5,1.5,1.5,1.5,1.5,1.5,1.5,1.5,1.5,0.0,0.0,0.0,0.0,0.0,0.0,0.0,0.0,0.0,0.0,0.0,0.0,0.0,0.0,0.0,0.0,0.0,0.0,0.0,0.0,0.0,0.0,0.0,0.0,0.0,0.0,0.0,0.0,0.0
-0.1,0.0,0.0,0.3,-0.2,0.0,-0.1,0.0,0.0,0.3,-0.2,0.0,0.0,0.0,0.0,0.2551213518429026,0.2811074769353922,-0.04831382280388303,-0.09268852925885458,-0.17536430891706825,0.1446835411367274,-0.08463786617411016,0.2352947508044531,-0.2958790962868406,0.06390366225710098,-0.10064570489725108,0.19005274704306657,0.2130449408324185,0.06287823204756948,0.0,0.0,0.0,0.0,0.0,0.0,0.0,0.0,0.0,0.0,0.0,0.0,0.0,0.0,0.0,-0.05501716249616817,2.260489390709422,-0.9905912844869333,-2.4401042828002413,-3.4946825194553846,3.415369540544344,-2.1518903342571822,-0.5355909484745118,-2.5766661138705467,1.2357533596898005,-2.7131829763380813,4.0115491147872415,5.000511730336678,2.0453620298315265,0.0,0.0,0.0,0.0,0.0,0.0,0.0,0.0,0.0,0.0,0.0,0.0,40.0,40.0,40.0,60.0,60.0,60.0,60.0,60.0,60.0,60.0,60.0,60.0,60.0,60.0,60.0,60.0,60.0,0.0,0.0,0.0,0.0,0.0,0.0,0.0,0.0,0.0,0.0,0.0,0.0,1.0,1.0,1.0,1.5,1.5,1.5,1.5,1.5,1.5,1.5,1.5,1.5,1.5,1.5,1.5,1.5,1.5,0.0,0.0,0.0,0.0,0.0,0.0,0.0,0.0,0.0,0.0,0.0,0.0,0.0,0.0,0.0,0.0,0.0,0.0,0.0,0.0,0.0,0.0,0.0,0.0,0.0,0.0,0.0,0.0,0.0
-0.1,0.0,0.0,0.3,-0.2,0.0,-0.1,0.0,0.0,0.3,-0.2,0.0,0.0,0.0,0.0,0.2538606160966766,0.3301464800141669,-0.06745495617936699,-0.1468375826755475,-0.2546015914130407,0.2177090496496676,-0.12740538297545695,0.22174066470917425,-0.3516383413740632,0.08659295272213395,-0.15836923942605297,0.2742630025946272,0.31044244421215916,0.10458124256427621,0.0,0.0,0.0,0.0,0.0,0.0,0.0,0.0,0.0,0.0,0.0,0.0,0.0,0.0,0.0,-0.1623588168062226,2.552300319871896,-0.9998798836743995,-2.8612549144993693,-4.174635378931278,3.685697667945504,-2.1355801949029956,-0.8790104685184548,-2.884397039619492,1.2410612808642343,-2.7306920550095057,4.1971241620749735,4.38531942297699,2.227772960342042,0.0,0.0,0.0,0.0,0.0,0.0,0.0,0.0,0.0,0.0,0.0,0.0,40.0,40.0,40.0,60.0,60.0,60.0,60.0,60.0,60.0,60.0,60.0,60.0,60.0,60.0,60.0,60.0,60.0,0.0,0.0,0.0,0.0,0.0,0.0,0.0,0.0,0.0,0.0,0.0,0.0,1.0,1.0,1.0,1.5,1.5,1.5,1.5,1.5,1.5,1.5,1.5,1.5,1.5,1.5,1.5,1.5,1.5,0.0,0.0,0.0,0.0,0.0,0.0,0.0,0.0,0.0,0.0,0.0,0.0,0.0,0.0,0.0,0.0,0.0,0.0,0.0,0.0,0.0,0.0,0.0,0.0,0.0,0.0,0.0,0.0,0.0
-0.1,0.0,0.0,0.3,-0.2,0.0,-0.1,0.0,0.0,0.3,-0.2,0.0,0.0,0.0,0.0,0.24862699917065367,0.383199489730268,-0.08830901815085901,-0.20713872583882936,-0.34234972407431935,0.29211144785454757,-0.17006107397023,0.20013433206371492,-0.4112549778716203,0.11354611349167035,-0.20987338709763131,0.3579377135260655,0.3884577177514981,0.15198915046125117,0.0,0.0,0.0,0.0,0.0,0.0,0.0,0.0,0.0,0.0,0.0,0.0,0.0,0.0,0.0,-0.3500121095613956,2.7619764611209794,-1.0038204305985179,-3.025100944842728,-4.7294051624403695,3.818367912926505,-2.1368491026457965,-1.2236395100932669,-3.0391814667971944,1.4301531895004655,-2.359978332557798,4.428183881789669,3.7013215003410425,2.2372981896369475,0.0,0.0,0.0,0.0,0.0,0.0,0.0,0.0,0.0,0.0,0.0,0.0,40.0,40.0,40.0,60.0,60.0,60.0,60.0,60.0,60.0,60.0,60.0,60.0,60.0,60.0,60.0,60.0,60.0,0.0,0.0,0.0,0.0,0.0,0.0,0.0,0.0,0.0,0.0,0.0,0.0,1.0,1.0,1.0,1.5,1.5,1.5,1.5,1.5,1.5,1.5,1.5,1.5,1.5,1.5,1.5,1.5,1.5,0.0,0.0,0.0,0.0,0.0,0.0,0.0,0.0,0.0,0.0,0.0,0.0,0.0,0.0,0.0,0.0,0.0,0.0,0.0,0.0,0.0,0.0,0.0,0.0,0.0,0.0,0.0,0.0,0.0
-0.1,0.0,0.0,0.3,-0.2,0.0,-0.1,0.0,0.0,0.3,-0.2,0.0,0.0,0.0,0.0,0.23986013171422077,0.4406255384590061,-0.10760777340330771,-0.26784162046925664,-0.44377779791065547,0.3704437661667278,-0.2128793470812888,0.17279508430544357,-0.47320560004595097,0.14379908030215258,-0.2527683727283649,0.45139035786621395,0.45849530422580087,0.19407317014975412,0.0,0.0,0.0,0.0,0.0,0.0,0.0,0.0,0.0,0.0,0.0,0.0,0.0,0.0,0.0,-0.5130277515410724,2.8826248655031015,-1.237731854212032,-3.2673853070687,-5.6857018459084046,3.7387893113788344,-0.20374330794088874,-1.3820123396422106,-2.907941554931832,2.101842823071385,-2.252646730732044,5.410458384361444,3.8650377915569565,-0.47698623353309016,0.0,0.0,0.0,0.0,0.0,0.0,0.0,0.0,0.0,0.0,0.0,0.0,40.0,40.0,40.0,60.0,60.0,60.0,60.0,60.0,60.0,60.0,60.0,60.0,60.0,60.0,60.0,60.0,60.0,0.0,0.0,0.0,0.0,0.0,0.0,0.0,0.0,0.0,0.0,0.0,0.0,1.0,1.0,1.0,1.5,1.5,1.5,1.5,1.5,1.5,1.5,1.5,1.5,1.5,1.5,1.5,1.5,1.5,0.0,0.0,0.0,0.0,0.0,0.0,0.0,0.0,0.0,0.0,0.0,0.0,0.0,0.0,0.0,0.0,0.0,0.0,0.0,0.0,0.0,0.0,0.0,0.0,0.0,0.0,0.0,0.0,0.0
-0.1,0.0,0.0,0.3,-0.2,0.0,-0.1,0.0,0.0,0.3,-0.2,0.0,0.0,0.0,0.0,0.22810588910901078,0.4985044843503921,-0.13781829231934029,-0.33783413812157737,-0.5697777979106555,0.44166302030970095,-0.17821080628786554,0.1448538384780265,-0.5275726400688936,0.19761982641452575,-0.2999792563269131,0.5743560489005233,0.5430592294137764,0.13290970111992756,0.0,0.0,0.0,0.0,0.0,0.0,0.0,0.0,0.0,0.0,0.0,0.0,0.0,0.0,0.0,-0.7877844107762391,3.175434425986395,-0.7951126879421545,-2.9615570007787873,-9.47060128268786,2.9820554363029923,0.7215738578364661,-1.1802872318975914,-2.663431714670543,2.314258272633856,-2.108743270825142,5.482406238192086,4.646842629275364,-2.269217107989833,0.0,0.0,0.0,0.0,0.0,0.0,0.0,0.0,0.0,0.0,0.0,0.0,40.0,40.0,40.0,60.0,60.0,60.0,60.0,60.0,60.0,60.0,60.0,60.0,60.0,60.0,60.0,60.0,60.0,0.0,0.0,0.0,0.0,0.0,0.0,0.0,0.0,0.0,0.0,0.0,0.0,1.0,1.0,1.0,1.5,1.5,1.5,1.5,1.5,1.5,1.5,1.5,1.5,1.5,1.5,1.5,1.5,1.5,0.0,0.0,0.0,0.0,0.0,0.0,0.0,0.0,0.0,0.0,0.0,0.0,0.0,0.0,0.0,0.0,0.0,0.0,0.0,0.0,0.0,0.0,0.0,0.0,0.0,0.0,0.0,0.0,0.0
-0.1,0.0,0.0,0.3,-0.2,0.0,-0.1,0.0,0.0,0.3,-0.2,0.0,0.0,0.0,0.0,0.2083487552831712,0.5676429154984619,-0.1394122809209939,-0.38630390050040814,-0.8226018492181698,0.4897259836188475,-0.18401639276783016,0.12558359502953992,-0.5797428686327727,0.23636941120750682,-0.33711810356137056,0.6706866073938974,0.6443690093968154,0.1033044858301608,0.0,0.0,0.0,0.0,0.0,0.0,0.0,0.0,0.0,0.0,0.0,0.0,0.0,0.0,0.0,-1.4297370487841952,2.905893889772626,-0.2719960252085547,-1.6251665242902806,-10.907626040623052,1.756920094131026,-1.1031877054477883,-1.125083548480639,-2.2636391075185114,1.9615007351011002,-1.740974438161623,4.229690134556133,4.511033709732643,1.0292322306850274,0.0,0.0,0.0,0.0,0.0,0.0,0.0,0.0,0.0,0.0,0.0,0.0,40.0,40.0,40.0,60.0,60.0,60.0,60.0,60.0,60.0,60.0,60.0,60.0,60.0,60.0,60.0,60.0,60.0,0.0,0.0,0.0,0.0,0.0,0.0,0.0,0.0,0.0,0.0,0.0,0.0,1.0,1.0,1.0,1.5,1.5,1.5,1.5,1.5,1.5,1.5,1.5,1.5,1.5,1.5,1.5,1.5,1.5,0.0,0.0,0.0,0.0,0.0,0.0,0.0,0.0,0.0,0.0,0.0,0.0,0.0,0.0,0.0,0.0,0.0,0.0,0.0,0.0,0.0,0.0,0.0,0.0,0.0,0.0,0.0,0.0,0.0
-0.1,0.0,0.0,0.3,-0.2,0.0,-0.1,0.0,0.0,0.3,-0.2,0.0,0.0,0.0,0.0,0.17091640715764297,0.6147402399412971,-0.14869813332768247,-0.4028407990931886,-1.0060828395355776,0.511939824074942,-0.22233831450577707,0.09985049653880093,-0.618118204369634,0.27607985581856975,-0.369618233853378,0.7435436542827686,0.7235005778030821,0.17407899034732865,0.0,0.0,0.0,0.0,0.0,0.0,0.0,0.0,0.0,0.0,0.0,0.0,0.0,0.0,0.0,-1.46899703007973,2.320284395135372,-0.4652009250592601,-0.3692657372540861,-7.14529621221329,1.1345091468851807,-1.6249988383841174,-1.4120426461921238,-2.0408183754722864,1.1062326022203792,-1.017246920798863,4.335264417629395,2.8589560761082153,3.14551043619006,0.0,0.0,0.0,0.0,0.0,0.0,0.0,0.0,0.0,0.0,0.0,0.0,40.0,40.0,40.0,60.0,60.0,60.0,60.0,60.0,60.0,60.0,60.0,60.0,60.0,60.0,60.0,60.0,60.0,0.0,0.0,0.0,0.0,0.0,0.0,0.0,0.0,0.0,0.0,0.0,0.0,1.0,1.0,1.0,1.5,1.5,1.5,1.5,1.5,1.5,1.5,1.5,1.5,1.5,1.5,1.5,1.5,1.5,0.0,0.0,0.0,0.0,0.0,0.0,0.0,0.0,0.0,0.0,0.0,0.0,0.0,0.0,0.0,0.0,0.0,0.0,0.0,0.0,0.0,0.0,0.0,0.0,0.0,0.0,0.0,0.0,0.0
-0.1,0.0,0.0,0.3,-0.2,0.0,-0.1,0.0,0.0,0.3,-0.2,0.0,0.0,0.0,0.0,0.149588874079982,0.6604542913038768,-0.1580203179233643,-0.4010745299905716,-1.1084136977067014,0.5351063494942547,-0.24901634630319486,0.06910188918185496,-0.6613756036516641,0.280618715296322,-0.3778079803933251,0.8440971840990732,0.758727252441144,0.2291249032777632,0.0,0.0,0.0,0.0,0.0,0.0,0.0,0.0,0.0,0.0,0.0,0.0,0.0,0.0,0.0,-0.6917186128331289,2.173387759885953,-0.2934822757101142,-0.07062316705360033,-4.9918674282275255,1.2816417352492808,-3.329090624220994,-1.6896475421168011,-1.7671143847964115,0.8440497143532552,0.17738348139326454,4.485510859772549,1.3049939345627952,0.9795255648078968,0.0,0.0,0.0,0.0,0.0,0.0,0.0,0.0,0.0,0.0,0.0,0.0,40.0,40.0,40.0,60.0,60.0,60.0,60.0,60.0,60.0,60.0,60.0,60.0,60.0,60.0,60.0,60.0,60.0,0.0,0.0,0.0,0.0,0.0,0.0,0.0,0.0,0.0,0.0,0.0,0.0,1.0,1.0,1.0,1.5,1.5,1.5,1.5,1.5,1.5,1.5,1.5,1.5,1.5,1.5,1.5,1.5,1.5,0.0,0.0,0.0,0.0,0.0,0.0,0.0,0.0,0.0,0.0,0.0,0.0,0.0,0.0,0.0,0.0,0.0,0.0,0.0,0.0,0.0,0.0,0.0,0.0,0.0,0.0,0.0,0.0,0.0
-0.1,0.0,0.0,0.3,-0.2,0.0,-0.1,0.0,0.0,0.3,-0.2,0.0,0.0,0.0,0.0,0.14324766264431782,0.7016757503367352,-0.16043742435608704,-0.4056657257753326,-1.2057575366646787,0.5632054934849132,-0.35550193947461683,0.032264594854128886,-0.6888027797614905,0.30984184439269996,-0.3625228945976474,0.9229640886736705,0.7757003351855939,0.21326001293964453,0.0,0.0,0.0,0.0,0.0,0.0,0.0,0.0,0.0,0.0,0.0,0.0,0.0,0.0,0.0,-0.2693801153844655,1.721200324837166,-0.4382398471644365,0.21660960977995108,-3.7723149392565656,1.6278897520990514,-5.828431136315558,-1.7141382137130599,-1.2602947647546214,1.7200552175735475,0.5305365831374614,4.534186716093491,0.2424817425665554,-1.5401657352005562,0.0,0.0,0.0,0.0,0.0,0.0,0.0,0.0,0.0,0.0,0.0,0.0,40.0,40.0,40.0,60.0,60.0,60.0,60.0,60.0,60.0,60.0,60.0,60.0,60.0,60.0,60.0,60.0,60.0,0.0,0.0,0.0,0.0,0.0,0.0,0.0,0.0,0.0,0.0,0.0,0.0,1.0,1.0,1.0,1.5,1.5,1.5,1.5,1.5,1.5,1.5,1.5,1.5,1.5,1.5,1.5,1.5,1.5,0.0,0.0,0.0,0.0,0.0,0.0,0.0,0.0,0.0,0.0,0.0,0.0,0.0,0.0,0.0,0.0,0.0,0.0,0.0,0.0,0.0,0.0,0.0,0.0,0.0,0.0,0.0,0.0,0.0
-0.1,0.0,0.0,0.3,-0.2,0.0,-0.1,0.0,0.0,0.3,-0.2,0.0,0.0,0.0,0.0,0.13881366946460338,0.7293023042973634,-0.17554991180994176,-0.39241014559937354,-1.259306295276964,0.6002219395782168,-0.4821535917558172,0.0005363606333325711,-0.711787394241849,0.3494209239992639,-0.3565865170678266,1.0254646527428128,0.7684265221438062,0.16751827386974094,0.0,0.0,0.0,0.0,0.0,0.0,0.0,0.0,0.0,0.0,0.0,0.0,0.0,0.0,0.0,-0.2268167850477218,1.448338256184392,-0.39944385828962203,0.9577306706458885,-1.9108510731675743,1.5311421419890225,-4.224787884211856,-1.129152380616863,-1.435356865369522,1.2744962639631554,0.20325449417449015,4.164181119630555,-0.09062486417387994,-1.3837839492459432,0.0,0.0,0.0,0.0,0.0,0.0,0.0,0.0,0.0,0.0,0.0,0.0,40.0,40.0,40.0,60.0,60.0,60.0,60.0,60.0,60.0,60.0,60.0,60.0,60.0,60.0,60.0,60.0,60.0,0.0,0.0,0.0,0.0,0.0,0.0,0.0,0.0,0.0,0.0,0.0,0.0,1.0,1.0,1.0,1.5,1.5,1.5,1.5,1.5,1.5,1.5,1.5,1.5,1.5,1.5,1.5,1.5,1.5,0.0,0.0,0.0,0.0,0.0,0.0,0.0,0.0,0.0,0.0,0.0,0.0,0.0,0.0,0.0,0.0,0.0,0.0,0.0,0.0,0.0,0.0,0.0,0.0,0.0,0.0,0.0,0.0,0.0
-0.1,0.0,0.0,0.3,-0.2,0.0,-0.1,0.0,0.0,0.3,-0.2,0.0,0.0,0.0,0.0,0.13417499124240895,0.7596092805841109,-0.17641517868767193,-0.36735649894949707,-1.2821915795913816,0.6244511791644741,-0.5244934548430911,-0.012901500370545639,-0.7462170543762714,0.3608216949512262,-0.3543927148306678,1.0895313334588927,0.7720753406186387,0.1579086549698068,0.0,0.0,0.0,0.0,0.0,0.0,0.0,0.0,0.0,0.0,0.0,0.0,0.0,0.0,0.0,-0.2925198186856978,1.0327203480066327,-0.09231177391367043,0.9877710022804089,-1.3160685643810288,0.793972065379217,-0.7391535774222663,-0.32593525626906855,-1.3142278132372343,0.3542157945559621,-0.020092844481266192,1.8910268861256352,0.7366981938766087,0.4665499236217771,0.0,0.0,0.0,0.0,0.0,0.0,0.0,0.0,0.0,0.0,0.0,0.0,40.0,40.0,40.0,60.0,60.0,60.0,60.0,60.0,60.0,60.0,60.0,60.0,60.0,60.0,60.0,60.0,60.0,0.0,0.0,0.0,0.0,0.0,0.0,0.0,0.0,0.0,0.0,0.0,0.0,1.0,1.0,1.0,1.5,1.5,1.5,1.5,1.5,1.5,1.5,1.5,1.5,1.5,1.5,1.5,1.5,1.5,0.0,0.0,0.0,0.0,0.0,0.0,0.0,0.0,0.0,0.0,0.0,0.0,0.0,0.0,0.0,0.0,0.0,0.0,0.0,0.0,0.0,0.0,0.0,0.0,0.0,0.0,0.0,0.0,0.0
-0.1,0.0,0.0,0.3,-0.2,0.0,-0.1,0.0,0.0,0.3,-0.2,0.0,0.0,0.0,0.0,0.12711287671717547,0.7706111182176287,-0.17924238276648857,-0.3528993055081572,-1.3119490378522052,0.6319808221933855,-0.5117197348527078,-0.012501049617430171,-0.7643565067713384,0.36358955578150237,-0.3573902308470773,1.1011057281878383,0.7978944498988706,0.18618027081461203,0.0,0.0,0.0,0.0,0.0,0.0,0.0,0.0,0.0,0.0,0.0,0.0,0.0,0.0,0.0,0.16270413435926848,0.47740151963303057,0.10157349921307499,0.748352958991906,-0.4445604889698973,0.9626387232942679,-1.8887763064713292,-0.133610002514992,-0.7393523430690219,0.004991229835880906,0.35218444961677836,1.0349683842545698,0.5700678285076533,0.8710018713049813,0.0,0.0,0.0,0.0,0.0,0.0,0.0,0.0,0.0,0.0,0.0,0.0,40.0,40.0,40.0,60.0,60.0,60.0,60.0,60.0,60.0,60.0,60.0,60.0,60.0,60.0,60.0,60.0,60.0,0.0,0.0,0.0,0.0,0.0,0.0,0.0,0.0,0.0,0.0,0.0,0.0,1.0,1.0,1.0,1.5,1.5,1.5,1.5,1.5,1.5,1.5,1.5,1.5,1.5,1.5,1.5,1.5,1.5,0.0,0.0,0.0,0.0,0.0,0.0,0.0,0.0,0.0,0.0,0.0,0.0,0.0,0.0,0.0,0.0,0.0,0.0,0.0,0.0,0.0,0.0,0.0,0.0,0.0,0.0,0.0,0.0,0.0
-0.1,0.0,0.0,0.3,-0.2,0.0,-0.1,0.0,0.0,0.3,-0.2,0.0,0.0,0.0,0.0,0.1406831566167797,0.7787053413694321,-0.17235223871914893,-0.3374223805898208,-1.2999739991501775,0.6629567280962448,-0.6000445071019442,-0.01824590047114532,-0.7757911480990323,0.3610213441446614,-0.3403053368459967,1.1309300688290755,0.7948780537589448,0.19274872982200605,0.0,0.0,0.0,0.0,0.0,0.0,0.0,0.0,0.0,0.0,0.0,0.0,0.0,0.0,0.0,-0.05037477814336666,-0.013978773403616751,0.5737191103755548,0.7270569662146398,-0.6725927233259876,1.4286437062805661,-1.0456109069803625,-0.08806953660834001,-0.05543661070366579,0.0034883693149204142,0.32467278176703807,0.4714619925332564,0.6453955406565987,-0.7322696594995167,0.0,0.0,0.0,0.0,0.0,0.0,0.0,0.0,0.0,0.0,0.0,0.0,40.0,40.0,40.0,60.0,60.0,60.0,60.0,60.0,60.0,60.0,60.0,60.0,60.0,60.0,60.0,60.0,60.0,0.0,0.0,0.0,0.0,0.0,0.0,0.0,0.0,0.0,0.0,0.0,0.0,1.0,1.0,1.0,1.5,1.5,1.5,1.5,1.5,1.5,1.5,1.5,1.5,1.5,1.5,1.5,1.5,1.5,0.0,0.0,0.0,0.0,0.0,0.0,0.0,0.0,0.0,0.0,0.0,0.0,0.0,0.0,0.0,0.0,0.0,0.0,0.0,0.0,0.0,0.0,0.0,0.0,0.0,0.0,0.0,0.0,0.0
-0.1,0.0,0.0,0.3,-0.2,0.0,-0.1,0.0,0.0,0.3,-0.2,0.0,0.0,0.0,0.0,0.1250978855914408,0.7700519672814841,-0.15629361835146638,-0.3238170268595716,-1.3388527467852447,0.6891265704446081,-0.5535441711319223,-0.01602383108176377,-0.766573971199485,0.3637290905540992,-0.34440331957639575,1.1199642078891685,0.8237102715251345,0.15688948443463135,0.0,0.0,0.0,0.0,0.0,0.0,0.0,0.0,0.0,0.0,0.0,0.0,0.0,0.0,0.0,-0.8685954999369496,-0.5602550560020625,1.2743260684515492,0.4168512155669449,-2.764090801755714,1.0307853184015918,5.016378799914503,0.48775217379529123,0.6047612235472483,-0.7069271745590952,-0.424082182929314,-1.445777336243681,1.6602784114701952,-0.5328863925138282,0.0,0.0,0.0,0.0,0.0,0.0,0.0,0.0,0.0,0.0,0.0,0.0,40.0,40.0,40.0,60.0,60.0,60.0,60.0,60.0,60.0,60.0,60.0,60.0,60.0,60.0,60.0,60.0,60.0,0.0,0.0,0.0,0.0,0.0,0.0,0.0,0.0,0.0,0.0,0.0,0.0,1.0,1.0,1.0,1.5,1.5,1.5,1.5,1.5,1.5,1.5,1.5,1.5,1.5,1.5,1.5,1.5,1.5,0.0,0.0,0.0,0.0,0.0,0.0,0.0,0.0,0.0,0.0,0.0,0.0,0.0,0.0,0.0,0.0,0.0,0.0,0.0,0.0,0.0,0.0,0.0,0.0,0.0,0.0,0.0,0.0,0.0
-0.1,0.0,0.0,0.3,-0.2,0.0,-0.1,0.0,0.0,0.3,-0.2,0.0,0.0,0.0,0.0,0.1059393366193017,0.7562951391293496,-0.12137919598108696,-0.32074833196714303,-1.410537631220406,0.7041881408323085,-0.3993893551053641,0.0012641864806663293,-0.7516006991571423,0.3327442571622976,-0.35726862416316923,1.0730989753793283,0.8612891902177526,0.17143327412145293,0.0,0.0,0.0,0.0,0.0,0.0,0.0,0.0,0.0,0.0,0.0,0.0,0.0,0.0,0.0,-0.7131201411680145,-0.7292552666138041,1.610494816614798,-0.32193154415377095,-2.8424540381322636,0.5870841772717322,7.812747819442562,0.7070116679177945,0.7531658495104177,-1.6613798348687563,-0.6256537370503092,-1.76625784694181,1.9469288618105263,0.2345679228994542,0.0,0.0,0.0,0.0,0.0,0.0,0.0,0.0,0.0,0.0,0.0,0.0,40.0,40.0,40.0,60.0,60.0,60.0,60.0,60.0,60.0,60.0,60.0,60.0,60.0,60.0,60.0,60.0,60.0,0.0,0.0,0.0,0.0,0.0,0.0,0.0,0.0,0.0,0.0,0.0,0.0,1.0,1.0,1.0,1.5,1.5,1.5,1.5,1.5,1.5,1.5,1.5,1.5,1.5,1.5,1.5,1.5,1.5,0.0,0.0,0.0,0.0,0.0,0.0,0.0,0.0,0.0,0.0,0.0,0.0,0.0,0.0,0.0,0.0,0.0,0.0,0.0,0.0,0.0,0.0,0.0,0.0,0.0,0.0,0.0,0.0,0.0
-0.1,0.0,0.0,0.3,-0.2,0.0,-0.1,0.0,0.0,0.3,-0.2,0.0,0.0,0.0,0.0,0.09657307994472022,0.7408817566169319,-0.09187382568687445,-0.3366942886257224,-1.4525509083105352,0.7126099375354774,-0.2410342583542199,0.012256635634948006,-0.7364473372190683,0.29727389715934893,-0.3694294690584081,1.049313894011496,0.9015874259975556,0.16627220135060952,0.0,0.0,0.0,0.0,0.0,0.0,0.0,0.0,0.0,0.0,0.0,0.0,0.0,0.0,0.0,-0.500855321496637,-1.0605009980049207,1.1561922219996756,-0.8569183033063212,-0.2878542722652033,-0.4756150773823964,7.275964296011858,0.08315585835976318,1.1110846796104634,-1.9271741652418863,-0.356502431033133,-1.826333368603339,2.3322822379535286,0.038099550321285536,0.0,0.0,0.0,0.0,0.0,0.0,0.0,0.0,0.0,0.0,0.0,0.0,40.0,40.0,40.0,60.0,60.0,60.0,60.0,60.0,60.0,60.0,60.0,60.0,60.0,60.0,60.0,60.0,60.0,0.0,0.0,0.0,0.0,0.0,0.0,0.0,0.0,0.0,0.0,0.0,0.0,1.0,1.0,1.0,1.5,1.5,1.5,1.5,1.5,1.5,1.5,1.5,1.5,1.5,1.5,1.5,1.5,1.5,0.0,0.0,0.0,0.0,0.0,0.0,0.0,0.0,0.0,0.0,0.0,0.0,0.0,0.0,0.0,0.0,0.0,0.0,0.0,0.0,0.0,0.0,0.0,0.0,0.0,0.0,0.0,0.0,0.0
-0.1,0.0,0.0,0.3,-0.2,0.0,-0.1,0.0,0.0,0.3,-0.2,0.0,0.0,0.0,0.0,0.08590512375943622,0.7138750992091528,-0.07513150710109993,-0.3550250640993959,-1.4220518021110142,0.6851635377370127,-0.10835078326488976,0.004590420815056857,-0.7071573119727238,0.25565729055262215,-0.37152872140449456,1.0000456406351947,0.9545804797358938,0.17295725613430435,0.0,0.0,0.0,0.0,0.0,0.0,0.0,0.0,0.0,0.0,0.0,0.0,0.0,0.0,0.0,-0.20734198426170836,-1.162760592437953,0.9806409669752103,-1.076407319429877,1.7715171672443908,-1.0068289715211676,5.047493227597605,-0.5343588640852768,1.4553545159897956,-1.9215594387282895,0.1708886945913493,-2.0991361839917704,1.9407305434270687,-1.139985045699353,0.0,0.0,0.0,0.0,0.0,0.0,0.0,0.0,0.0,0.0,0.0,0.0,40.0,40.0,40.0,60.0,60.0,60.0,60.0,60.0,60.0,60.0,60.0,60.0,60.0,60.0,60.0,60.0,60.0,0.0,0.0,0.0,0.0,0.0,0.0,0.0,0.0,0.0,0.0,0.0,0.0,1.0,1.0,1.0,1.5,1.5,1.5,1.5,1.5,1.5,1.5,1.5,1.5,1.5,1.5,1.5,1.5,1.5,0.0,0.0,0.0,0.0,0.0,0.0,0.0,0.0,0.0,0.0,0.0,0.0,0.0,0.0,0.0,0.0,0.0,0.0,0.0,0.0,0.0,0.0,0.0,0.0,0.0,0.0,0.0,0.0,0.0
-0.1,0.0,0.0,0.3,-0.2,0.0,-0.1,0.0,0.0,0.3,-0.2,0.0,0.0,0.0,0.0,0.08827940057425189,0.6943713329194138,-0.05264818700786604,-0.3797505814029175,-1.3816902216207596,0.6723367786746307,-0.0391345292503157,-0.009117718928463067,-0.6782331565794765,0.22041151961021735,-0.36259392127475415,0.9653484466518253,0.9792166477346383,0.1206727995226354,0.0,0.0,0.0,0.0,0.0,0.0,0.0,0.0,0.0,0.0,0.0,0.0,0.0,0.0,0.0,0.6929387153576043,-0.8764276489753337,1.039445860035034,-1.0721611728643525,5.2016300162734455,0.5983871587992406,3.989583230253342,-0.9507291283734581,0.6517626694514889,-2.4313753960715703,0.29222211362325,-0.42399185751687274,0.46695733351833635,-3.297530652911828,0.0,0.0,0.0,0.0,0.0,0.0,0.0,0.0,0.0,0.0,0.0,0.0,40.0,40.0,40.0,60.0,60.0,60.0,60.0,60.0,60.0,60.0,60.0,60.0,60.0,60.0,60.0,60.0,60.0,0.0,0.0,0.0,0.0,0.0,0.0,0.0,0.0,0.0,0.0,0.0,0.0,1.0,1.0,1.0,1.5,1.5,1.5,1.5,1.5,1.5,1.5,1.5,1.5,1.5,1.5,1.5,1.5,1.5,0.0,0.0,0.0,0.0,0.0,0.0,0.0,0.0,0.0,0.0,0.0,0.0,0.0,0.0,0.0,0.0,0.0,0.0,0.0,0.0,0.0,0.0,0.0,0.0,0.0,0.0,0.0,0.0,0.0
-0.1,0.0,0.0,0.3,-0.2,0.0,-0.1,0.0,0.0,0.3,-0.2,0.0,0.0,0.0,0.0,0.1136226723737404,0.6788179932501395,-0.03355367269969857,-0.39791151101397,-1.2139866014600764,0.7090990240889823,0.05123254594524392,-0.033438744319881475,-0.6810868051946642,0.15840227470975934,-0.35983983685956455,0.9830859663345198,0.9732587730766272,0.04105603001783122,0.0,0.0,0.0,0.0,0.0,0.0,0.0,0.0,0.0,0.0,0.0,0.0,0.0,0.0,0.0,1.136642216508998,-1.1156998408195533,0.8165176143573615,-1.5593942259657183,6.321866216958644,2.3521748085131575,2.9668386767974204,-1.2271936405716135,0.49470036744641843,-1.6602010689713245,0.29815630806601934,-0.9318717969295259,-0.68841426080746,-3.18950455866553,0.0,0.0,0.0,0.0,0.0,0.0,0.0,0.0,0.0,0.0,0.0,0.0,40.0,40.0,40.0,60.0,60.0,60.0,60.0,60.0,60.0,60.0,60.0,60.0,60.0,60.0,60.0,60.0,60.0,0.0,0.0,0.0,0.0,0.0,0.0,0.0,0.0,0.0,0.0,0.0,0.0,1.0,1.0,1.0,1.5,1.5,1.5,1.5,1.5,1.5,1.5,1.5,1.5,1.5,1.5,1.5,1.5,1.5,0.0,0.0,0.0,0.0,0.0,0.0,0.0,0.0,0.0,0.0,0.0,0.0,0.0,0.0,0.0,0.0,0.0,0.0,0.0,0.0,0.0,0.0,0.0,0.0,0.0,0.0,0.0,0.0,0.0
-0.1,0.0,0.0,0.3,-0.2,0.0,-0.1,0.0,0.0,0.3,-0.2,0.0,0.0,0.0,0.0,0.1337450892346118,0.6497433392866316,-0.01998748243357158,-0.44212635044154625,-1.1288155729424139,0.766423771015157,0.07953901782158111,-0.05820546455132761,-0.6584451418816197,0.15400347685136437,-0.3506676689521134,0.9280735747746442,0.9516800773023399,-0.006907382823985811,0.0,0.0,0.0,0.0,0.0,0.0,0.0,0.0,0.0,0.0,0.0,0.0,0.0,0.0,0.0,1.024441221996142,-1.6049981799495516,1.0360161916598674,-1.9580623970506332,4.89274563971111,3.9916482638015114,-1.053105229992548,-1.4101219268708067,1.263034144664668,0.46130311812577346,0.4327859617553248,-3.667898735897432,-1.8229797042962264,-2.702796538821089,0.0,0.0,0.0,0.0,0.0,0.0,0.0,0.0,0.0,0.0,0.0,0.0,40.0,40.0,40.0,60.0,60.0,60.0,60.0,60.0,60.0,60.0,60.0,60.0,60.0,60.0,60.0,60.0,60.0,0.0,0.0,0.0,0.0,0.0,0.0,0.0,0.0,0.0,0.0,0.0,0.0,1.0,1.0,1.0,1.5,1.5,1.5,1.5,1.5,1.5,1.5,1.5,1.5,1.5,1.5,1.5,1.5,1.5,0.0,0.0,0.0,0.0,0.0,0.0,0.0,0.0,0.0,0.0,0.0,0.0,0.0,0.0,0.0,0.0,0.0,0.0,0.0,0.0,0.0,0.0,0.0,0.0,0.0,0.0,0.0,0.0,0.0
-0.1,0.0,0.0,0.3,-0.2,0.0,-0.1,0.0,0.0,0.3,-0.2,0.0,0.0,0.0,0.0,0.15460032125358608,0.6146180660521574,0.007886974966696124,-0.4762340068959953,-1.018276775871632,0.8687649546410428,0.009108336745542,-0.08984362139471375,-0.6305654394080775,0.17685439943479028,-0.34252839838935156,0.8363700168986226,0.9003395849047782,-0.06705583153501232,0.0,0.0,0.0,0.0,0.0,0.0,0.0,0.0,0.0,0.0,0.0,0.0,0.0,0.0,0.0,0.3572346760903164,-1.6637278688773904,1.2666035920648973,-1.271010617422448,3.8568449886274476,3.4477041086531353,-1.8514158224721269,-1.5128819049985816,0.985719120306533,1.525719853513336,0.4541784134734994,-1.801388559577613,-2.2829298696994957,-3.1881904501781833,0.0,0.0,0.0,0.0,0.0,0.0,0.0,0.0,0.0,0.0,0.0,0.0,40.0,40.0,40.0,60.0,60.0,60.0,60.0,60.0,60.0,60.0,60.0,60.0,60.0,60.0,60.0,60.0,60.0,0.0,0.0,0.0,0.0,0.0,0.0,0.0,0.0,0.0,0.0,0.0,0.0,1.0,1.0,1.0,1.5,1.5,1.5,1.5,1.5,1.5,1.5,1.5,1.5,1.5,1.5,1.5,1.5,1.5,0.0,0.0,0.0,0.0,0.0,0.0,0.0,0.0,0.0,0.0,0.0,0.0,0.0,0.0,0.0,0.0,0.0,0.0,0.0,0.0,0.0,0.0,0.0,0.0,0.0,0.0,0.0,0.0,0.0
-0.1,0.0,0.0,0.3,-0.2,0.0,-0.1,0.0,0.0,0.3,-0.2,0.0,0.0,0.0,0.0,0.14803447627822447,0.583194224531536,0.030676661249024316,-0.49296677513844417,-0.974541773397316,0.9043319353612824,0.005482384922696041,-0.11872074075127087,-0.6190163770693584,0.2150322709918978,-0.3325005324131734,0.8560180323915397,0.8603628825143601,-0.13443500083111315,0.0,0.0,0.0,0.0,0.0,0.0,0.0,0.0,0.0,0.0,0.0,0.0,0.0,0.0,0.0,-0.6194971819850847,-1.3960490732029651,0.2733923402735733,-0.28269631763575,1.8795333774912104,-0.316117981312683,1.595027882798662,-1.194080145719155,0.6345761892120244,1.1210471798426866,0.5858800592905944,1.7062829158922654,-0.899686058657681,-2.0990291083494976,0.0,0.0,0.0,0.0,0.0,0.0,0.0,0.0,0.0,0.0,0.0,0.0,40.0,40.0,40.0,60.0,60.0,60.0,60.0,60.0,60.0,60.0,60.0,60.0,60.0,60.0,60.0,60.0,60.0,0.0,0.0,0.0,0.0,0.0,0.0,0.0,0.0,0.0,0.0,0.0,0.0,1.0,1.0,1.0,1.5,1.5,1.5,1.5,1.5,1.5,1.5,1.5,1.5,1.5,1.5,1.5,1.5,1.5,0.0,0.0,0.0,0.0,0.0,0.0,0.0,0.0,0.0,0.0,0.0,0.0,0.0,0.0,0.0,0.0,0.0,0.0,0.0,0.0,0.0,0.0,0.0,0.0,0.0,0.0,0.0,0.0,0.0
-0.1,0.0,0.0,0.3,-0.2,0.0,-0.1,0.0,0.0,0.3,-0.2,0.0,0.0,0.0,0.0,0.1298204339741827,0.5587761031240388,0.018822668577639055,-0.4875418596014253,-0.9430954407719836,0.8561202353885354,0.07290945205748847,-0.13760682722347994,-0.6051823918395965,0.22169628662849775,-0.3190931960177278,0.9046213335343132,0.8643521425584709,-0.15101699586899223,0.0,0.0,0.0,0.0,0.0,0.0,0.0,0.0,0.0,0.0,0.0,0.0,0.0,0.0,0.0,-0.6853035771327364,-1.1704031647223805,-0.9640028159392979,0.05643456504074995,1.640921685173169,-2.4461191525457724,2.4530772315479665,-0.8951485896932412,0.9452826836822747,-0.11686962914450524,0.7588026541491807,1.270104898953897,-0.1082072685150065,-0.004296517208948747,0.0,0.0,0.0,0.0,0.0,0.0,0.0,0.0,0.0,0.0,0.0,0.0,40.0,40.0,40.0,60.0,60.0,60.0,60.0,60.0,60.0,60.0,60.0,60.0,60.0,60.0,60.0,60.0,60.0,0.0,0.0,0.0,0.0,0.0,0.0,0.0,0.0,0.0,0.0,0.0,0.0,1.0,1.0,1.0,1.5,1.5,1.5,1.5,1.5,1.5,1.5,1.5,1.5,1.5,1.5,1.5,1.5,1.5,0.0,0.0,0.0,0.0,0.0,0.0,0.0,0.0,0.0,0.0,0.0,0.0,0.0,0.0,0.0,0.0,0.0,0.0,0.0,0.0,0.0,0.0,0.0,0.0,0.0,0.0,0.0,0.0,0.0
-0.1,0.0,0.0,0.3,-0.2,0.0,-0.1,0.0,0.0,0.3,-0.2,0.0,0.0,0.0,0.0,0.12062233319291502,0.5363780979426408,-0.007883451388547605,-0.49070939253681417,-0.9089049059903892,0.8064871692594515,0.1036054741846147,-0.15452668433900052,-0.5812050697220674,0.2103574858261176,-0.30214842624720617,0.9068222283496956,0.8560345917737598,-0.1346068615194711,0.0,0.0,0.0,0.0,0.0,0.0,0.0,0.0,0.0,0.0,0.0,0.0,0.0,0.0,0.0,-0.33205741313134424,-1.254727708154968,-0.9739169298669423,-0.6456681065651739,1.3320527068749588,-1.5603639962102815,0.40441279200203356,-0.729231230457697,1.2875837911347081,-0.4153309750142442,0.7831839053638268,-1.5073441817205158,-1.4551626867707694,1.5117178537734923,0.0,0.0,0.0,0.0,0.0,0.0,0.0,0.0,0.0,0.0,0.0,0.0,40.0,40.0,40.0,60.0,60.0,60.0,60.0,60.0,60.0,60.0,60.0,60.0,60.0,60.0,60.0,60.0,60.0,0.0,0.0,0.0,0.0,0.0,0.0,0.0,0.0,0.0,0.0,0.0,0.0,1.0,1.0,1.0,1.5,1.5,1.5,1.5,1.5,1.5,1.5,1.5,1.5,1.5,1.5,1.5,1.5,1.5,0.0,0.0,0.0,0.0,0.0,0.0,0.0,0.0,0.0,0.0,0.0,0.0,0.0,0.0,0.0,0.0,0.0,0.0,0.0,0.0,0.0,0.0,0.0,0.0,0.0,0.0,0.0,0.0,0.0
-0.1,0.0,0.0,0.3,-0.2,0.0,-0.1,0.0,0.0,0.3,-0.2,0.0,0.0,0.0,0.0,0.11653813744892892,0.5085869947978401,-0.020134008617038637,-0.5133685838640323,-0.8898133324969852,0.7937056755401242,0.08908596373756981,-0.16677607644178782,-0.5536790401942082,0.20508304762792798,-0.2877658398031747,0.8443275662654925,0.8061456350876401,-0.09054828171805253,0.0,0.0,0.0,0.0,0.0,0.0,0.0,0.0,0.0,0.0,0.0,0.0,0.0,0.0,0.0,-0.4764626821417886,-1.405384128586855,-0.32616388772278027,-0.7402868762684547,0.6624311490825208,-1.233504517643741,-0.5883318692914742,-0.31078953816458393,1.2174062820879794,-0.2448068177508901,0.658078044597514,-3.4798826559213736,-2.1715495965316105,3.776208389605207,0.0,0.0,0.0,0.0,0.0,0.0,0.0,0.0,0.0,0.0,0.0,0.0,40.0,40.0,40.0,60.0,60.0,60.0,60.0,60.0,60.0,60.0,60.0,60.0,60.0,60.0,60.0,60.0,60.0,0.0,0.0,0.0,0.0,0.0,0.0,0.0,0.0,0.0,0.0,0.0,0.0,1.0,1.0,1.0,1.5,1.5,1.5,1.5,1.5,1.5,1.5,1.5,1.5,1.5,1.5,1.5,1.5,1.5,0.0,0.0,0.0,0.0,0.0,0.0,0.0,0.0,0.0,0.0,0.0,0.0,0.0,0.0,0.0,0.0,0.0,0.0,0.0,0.0,0.0,0.0,0.0,0.0,0.0,0.0,0.0,0.0,0.0
-0.1,0.0,0.0,0.3,-0.2,0.0,-0.1,0.0,0.0,0.3,-0.2,0.0,0.0,0.0,0.0,0.10156382590724347,0.4801627327991666,-0.020930006897458817,-0.5203208675875524,-0.8824076600270884,0.7571469885537019,0.08007219941295574,-0.16695826586558388,-0.5325088184385482,0.200565213116082,-0.2758253044633056,0.7676269221128407,0.7691726079124954,0.01644147406473721,0.0,0.0,0.0,0.0,0.0,0.0,0.0,0.0,0.0,0.0,0.0,0.0,0.0,0.0,0.0,-0.7101306833508347,-1.4559711672182438,-0.3265486872355205,0.06191971331992174,-1.2001500015715039,-2.499235446448664,-0.25439401276608414,0.3720996262473644,1.446719053924264,-0.13543154959687678,0.327398473671936,-3.5068059435916843,-2.029136742968127,4.654621531162455,0.0,0.0,0.0,0.0,0.0,0.0,0.0,0.0,0.0,0.0,0.0,0.0,40.0,40.0,40.0,60.0,60.0,60.0,60.0,60.0,60.0,60.0,60.0,60.0,60.0,60.0,60.0,60.0,60.0,0.0,0.0,0.0,0.0,0.0,0.0,0.0,0.0,0.0,0.0,0.0,0.0,1.0,1.0,1.0,1.5,1.5,1.5,1.5,1.5,1.5,1.5,1.5,1.5,1.5,1.5,1.5,1.5,1.5,0.0,0.0,0.0,0.0,0.0,0.0,0.0,0.0,0.0,0.0,0.0,0.0,0.0,0.0,0.0,0.0,0.0,0.0,0.0,0.0,0.0,0.0,0.0,0.0,0.0,0.0,0.0,0.0,0.0
-0.1,0.0,0.0,0.3,-0.2,0.0,-0.1,0.0,0.0,0.3,-0.2,0.0,0.0,0.0,0.0,0.08813291011489553,0.45034814810911034,-0.03319595610645946,-0.5108917953312354,-0.9378193325598454,0.6937362576821776,0.07891020322692645,-0.15189209139189325,-0.49581027803723765,0.1996657856440529,-0.2746699008562973,0.7040553285218252,0.7249801653689151,0.09563657952844565,0.0,0.0,0.0,0.0,0.0,0.0,0.0,0.0,0.0,0.0,0.0,0.0,0.0,0.0,0.0,-0.2940299222139314,-1.5832008726743867,-0.6684185947045862,0.6186698386911493,-1.0525054159951142,-2.1230340573708344,-1.816362176711877,0.3614258658791683,1.7238422503605215,-0.26466748824380476,0.3631821884339137,-2.9712153683764924,-2.9605105686248856,4.83909203920499,0.0,0.0,0.0,0.0,0.0,0.0,0.0,0.0,0.0,0.0,0.0,0.0,40.0,40.0,40.0,60.0,60.0,60.0,60.0,60.0,60.0,60.0,60.0,60.0,60.0,60.0,60.0,60.0,60.0,0.0,0.0,0.0,0.0,0.0,0.0,0.0,0.0,0.0,0.0,0.0,0.0,1.0,1.0,1.0,1.5,1.5,1.5,1.5,1.5,1.5,1.5,1.5,1.5,1.5,1.5,1.5,1.5,1.5,0.0,0.0,0.0,0.0,0.0,0.0,0.0,0.0,0.0,0.0,0.0,0.0,0.0,0.0,0.0,0.0,0.0,0.0,0.0,0.0,0.0,0.0,0.0,0.0,0.0,0.0,0.0,0.0,0.0
-0.1,0.0,0.0,0.3,-0.2,0.0,-0.1,0.0,0.0,0.3,-0.2,0.0,0.0,0.0,0.0,0.08980262901868621,0.41683469789219113,-0.047666750685642266,-0.4955740740399064,-0.9245078766668929,0.6722256262588685,0.0074177123444806575,-0.15250123123041714,-0.4635551284241274,0.1899785135863298,-0.26129801692594906,0.648778307377781,0.6507521851675,0.2100051556329368,0.0,0.0,0.0,0.0,0.0,0.0,0.0,0.0,0.0,0.0,0.0,0.0,0.0,0.0,0.0,-0.21352443596936962,-1.7296285969237712,-0.6577565554816617,0.9417663285337524,-1.5021826757294658,-1.8872108906917373,-1.5718650230055888,0.3073552330401755,1.709274592922705,-0.38532993432572327,0.5057948431662129,-0.9382432330836604,-3.6184648291977513,4.250032865770261,0.0,0.0,0.0,0.0,0.0,0.0,0.0,0.0,0.0,0.0,0.0,0.0,40.0,40.0,40.0,60.0,60.0,60.0,60.0,60.0,60.0,60.0,60.0,60.0,60.0,60.0,60.0,60.0,60.0,0.0,0.0,0.0,0.0,0.0,0.0,0.0,0.0,0.0,0.0,0.0,0.0,1.0,1.0,1.0,1.5,1.5,1.5,1.5,1.5,1.5,1.5,1.5,1.5,1.5,1.5,1.5,1.5,1.5,0.0,0.0,0.0,0.0,0.0,0.0,0.0,0.0,0.0,0.0,0.0,0.0,0.0,0.0,0.0,0.0,0.0,0.0,0.0,0.0,0.0,0.0,0.0,0.0,0.0,0.0,0.0,0.0,0.0
-0.1,0.0,0.0,0.3,-0.2,0.0,-0.1,0.0,0.0,0.3,-0.2,0.0,0.0,0.0,0.0,0.07959193267612075,0.3811630042321595,-0.059506218325725925,-0.4732211421898853,-0.997906639589024,0.6182478220545081,0.016035602306702892,-0.13959788207028623,-0.42743929432032945,0.18425258827102398,-0.25443810712964876,0.6665255991984788,0.580241572201005,0.2656378941592561,0.0,0.0,0.0,0.0,0.0,0.0,0.0,0.0,0.0,0.0,0.0,0.0,0.0,0.0,0.0,0.8385299821169669,-2.288833598158857,-0.6876108684234007,0.3772456861628498,-4.887952418593225,0.33109398307726023,-1.5576410831151497,-0.9868960600258353,2.3108256676340866,0.8134217818590139,1.0224722226224232,2.275148800073068,-5.61949205664523,-1.9214867269220919,0.0,0.0,0.0,0.0,0.0,0.0,0.0,0.0,0.0,0.0,0.0,0.0,40.0,40.0,40.0,60.0,60.0,60.0,60.0,60.0,60.0,60.0,60.0,60.0,60.0,60.0,60.0,60.0,60.0,0.0,0.0,0.0,0.0,0.0,0.0,0.0,0.0,0.0,0.0,0.0,0.0,1.0,1.0,1.0,1.5,1.5,1.5,1.5,1.5,1.5,1.5,1.5,1.5,1.5,1.5,1.5,1.5,1.5,0.0,0.0,0.0,0.0,0.0,0.0,0.0,0.0,0.0,0.0,0.0,0.0,0.0,0.0,0.0,0.0,0.0,0.0,0.0,0.0,0.0,0.0,0.0,0.0,0.0,0.0,0.0,0.0,0.0
-0.1,0.0,0.0,0.3,-0.2,0.0,-0.1,0.0,0.0,0.3,-0.2,0.0,0.0,0.0,0.0,0.12334382830336489,0.32528135396583685,-0.0751711854225783,-0.4804842465933924,-1.120025973410622,0.6854693855819589,-0.05488793098012533,-0.19197707363145056,-0.3711221017187639,0.22251538486069036,-0.22039912802105213,0.7397842593807037,0.4259725029016908,0.13314568655605313,0.0,0.0,0.0,0.0,0.0,0.0,0.0,0.0,0.0,0.0,0.0,0.0,0.0,0.0,0.0,-0.7974905746769778,-3.447232853817997,-1.1871405290861168,0.647064223097242,-3.1055215407045895,1.326214768146361,-1.4734914124141574,-0.4222596375027962,3.1945572131550137,3.251222879723481,-0.30455231702262164,2.1085413684605454,-3.9686322437884587,-3.0715287323477094,0.0,0.0,0.0,0.0,0.0,0.0,0.0,0.0,0.0,0.0,0.0,0.0,40.0,40.0,40.0,60.0,60.0,60.0,60.0,60.0,60.0,60.0,60.0,60.0,60.0,60.0,60.0,60.0,60.0,0.0,0.0,0.0,0.0,0.0,0.0,0.0,0.0,0.0,0.0,0.0,0.0,1.0,1.0,1.0,1.5,1.5,1.5,1.5,1.5,1.5,1.5,1.5,1.5,1.5,1.5,1.5,1.5,1.5,0.0,0.0,0.0,0.0,0.0,0.0,0.0,0.0,0.0,0.0,0.0,0.0,0.0,0.0,0.0,0.0,0.0,0.0,0.0,0.0,0.0,0.0,0.0,0.0,0.0,0.0,0.0,0.0,0.0
-0.1,0.0,0.0,0.3,-0.2,0.0,-0.1,0.0,0.0,0.3,-0.2,0.0,0.0,0.0,0.0,0.04769230968904163,0.2432736900794396,-0.1069918394891706,-0.44733857326599563,-1.1221275012172076,0.6712964127803626,-0.04290405418986341,-0.15648826757039808,-0.2996570057941289,0.3143015034599632,-0.2666201998105536,0.7508672539369006,0.4214962824494667,0.14277674486534772,0.0,0.0,0.0,0.0,0.0,0.0,0.0,0.0,0.0,0.0,0.0,0.0,0.0,0.0,0.0,-2.0341028743388017,-2.58938020160634,-0.9684817668779061,0.5286724552154759,-3.9381782309140743,-1.7579608080011744,1.7018722169986569,1.4185668440991575,2.6850917881306597,2.4908305686348142,-0.4842178522199071,-0.9504280424621286,-3.423020997644255,1.8650887690904976,0.0,0.0,0.0,0.0,0.0,0.0,0.0,0.0,0.0,0.0,0.0,0.0,40.0,40.0,40.0,60.0,60.0,60.0,60.0,60.0,60.0,60.0,60.0,60.0,60.0,60.0,60.0,60.0,60.0,0.0,0.0,0.0,0.0,0.0,0.0,0.0,0.0,0.0,0.0,0.0,0.0,1.0,1.0,1.0,1.5,1.5,1.5,1.5,1.5,1.5,1.5,1.5,1.5,1.5,1.5,1.5,1.5,1.5,0.0,0.0,0.0,0.0,0.0,0.0,0.0,0.0,0.0,0.0,0.0,0.0,0.0,0.0,0.0,0.0,0.0,0.0,0.0,0.0,0.0,0.0,0.0,0.0,0.0,0.0,0.0,0.0,0.0
-0.1,0.0,0.0,0.3,-0.2,0.0,-0.1,0.0,0.0,0.3,-0.2,0.0,0.0,0.0,0.0,0.041979713329812825,0.22170614590158325,-0.11391045609769454,-0.45933734838477336,-1.277553102647185,0.6151509532619119,0.013186957699820952,-0.13523439986748426,-0.2637184301935375,0.32214860760608294,-0.23976784210984842,0.7017671376822185,0.2890516629959206,0.20774923731967304,0.0,0.0,0.0,0.0,0.0,0.0,0.0,0.0,0.0,0.0,0.0,0.0,0.0,0.0,0.0,-0.20757393078901804,-0.9359724033038453,-0.33637332196140635,-0.06884499153373552,-3.805938978801804,-1.7277606443806186,0.7233242567215218,0.47330532163642886,1.510757040536445,0.4554373092892583,0.9497417923987173,-1.524900055360176,-5.323972552217601,1.921531894351864,0.0,0.0,0.0,0.0,0.0,0.0,0.0,0.0,0.0,0.0,0.0,0.0,40.0,40.0,40.0,60.0,60.0,60.0,60.0,60.0,60.0,60.0,60.0,60.0,60.0,60.0,60.0,60.0,60.0,0.0,0.0,0.0,0.0,0.0,0.0,0.0,0.0,0.0,0.0,0.0,0.0,1.0,1.0,1.0,1.5,1.5,1.5,1.5,1.5,1.5,1.5,1.5,1.5,1.5,1.5,1.5,1.5,1.5,0.0,0.0,0.0,0.0,0.0,0.0,0.0,0.0,0.0,0.0,0.0,0.0,0.0,0.0,0.0,0.0,0.0,0.0,0.0,0.0,0.0,0.0,0.0,0.0,0.0,0.0,0.0,0.0,0.0
-0.1,0.0,0.0,0.3,-0.2,0.0,-0.1,0.0,0.0,0.3,-0.2,0.0,0.0,0.0,0.0,0.03938935245748091,0.2058347939472858,-0.12044677236762685,-0.45009237292734505,-1.2743650603692798,0.6021859870051378,-0.013971083921002537,-0.13755605470494092,-0.2392267241726711,0.33251899583153355,-0.22863052811460494,0.6898712517224935,0.20853738036076264,0.21963802063942228,0.0,0.0,0.0,0.0,0.0,0.0,0.0,0.0,0.0,0.0,0.0,0.0,0.0,0.0,0.0,0.1085414835962294,-0.6858587367220497,0.03854997252487162,0.08212218573320496,0.6603060334608557,-0.08274707513988289,-2.4361170612966414,-0.20519824972188502,1.1099686506753996,0.22733362168855936,0.7160165915284101,0.7655814751852563,-4.384816138851849,0.6392635454701936,0.0,0.0,0.0,0.0,0.0,0.0,0.0,0.0,0.0,0.0,0.0,0.0,40.0,40.0,40.0,60.0,60.0,60.0,60.0,60.0,60.0,60.0,60.0,60.0,60.0,60.0,60.0,60.0,60.0,0.0,0.0,0.0,0.0,0.0,0.0,0.0,0.0,0.0,0.0,0.0,0.0,1.0,1.0,1.0,1.5,1.5,1.5,1.5,1.5,1.5,1.5,1.5,1.5,1.5,1.5,1.5,1.5,1.5,0.0,0.0,0.0,0.0,0.0,0.0,0.0,0.0,0.0,0.0,0.0,0.0,0.0,0.0,0.0,0.0,0.0,0.0,0.0,0.0,0.0,0.0,0.0,0.0,0.0,0.0,0.0,0.0,0.0
-0.1,0.0,0.0,0.3,-0.2,0.0,-0.1,0.0,0.0,0.3,-0.2,0.0,0.0,0.0,0.0,0.046321372673662,0.19427179643270126,-0.11236845719669968,-0.45605246095544516,-1.2511408613087507,0.6118410702563166,-0.08425772475204471,-0.14344232985635966,-0.21931968416652153,0.3312419524736253,-0.211127178448712,0.7323903966896288,0.11365901744184666,0.2333197791384808,0.0,0.0,0.0,0.0,0.0,0.0,0.0,0.0,0.0,0.0,0.0,0.0,0.0,0.0,0.0,1.295182334952958,-0.9109943356744795,-0.4389299700535407,1.089524880724249,3.5254594336679044,0.5755215950653703,-3.9498632778685683,-1.9188860527023683,1.397974336410917,0.1823147732318453,-0.2542537897774824,5.239081780098073,-3.608077187178265,-1.0036182156373432,0.0,0.0,0.0,0.0,0.0,0.0,0.0,0.0,0.0,0.0,0.0,0.0,40.0,40.0,40.0,60.0,60.0,60.0,60.0,60.0,60.0,60.0,60.0,60.0,60.0,60.0,60.0,60.0,60.0,0.0,0.0,0.0,0.0,0.0,0.0,0.0,0.0,0.0,0.0,0.0,0.0,1.0,1.0,1.0,1.5,1.5,1.5,1.5,1.5,1.5,1.5,1.5,1.5,1.5,1.5,1.5,1.5,1.5,0.0,0.0,0.0,0.0,0.0,0.0,0.0,0.0,0.0,0.0,0.0,0.0,0.0,0.0,0.0,0.0,0.0,0.0,0.0,0.0,0.0,0.0,0.0,0.0,0.0,0.0,0.0,0.0,0.0
-0.1,0.0,0.0,0.3,-0.2,0.0,-0.1,0.0,0.0,0.3,-0.2,0.0,0.0,0.0,0.0,0.09119664585559924,0.1693950205203066,-0.13800397116976848,-0.4065113776983751,-1.1333466830225636,0.6252068508077526,-0.17196561503574528,-0.21431149681303566,-0.18330775071623442,0.33981158676080736,-0.23880067970570423,0.8994345229264165,0.06421429287363203,0.17949329201392855,0.0,0.0,0.0,0.0,0.0,0.0,0.0,0.0,0.0,0.0,0.0,0.0,0.0,0.0,0.0,1.2557249173135352,-1.2905516453351757,-0.9979507560577725,0.8881387618168992,2.480344613010249,0.8013834806860604,-2.145885968066748,-2.20289443792383,1.7934079268338363,0.9254969262556103,-0.42222582490838223,3.8872099879723647,-3.17195320378353,-1.322668537747093,0.0,0.0,0.0,0.0,0.0,0.0,0.0,0.0,0.0,0.0,0.0,0.0,40.0,40.0,40.0,60.0,60.0,60.0,60.0,60.0,60.0,60.0,60.0,60.0,60.0,60.0,60.0,60.0,60.0,0.0,0.0,0.0,0.0,0.0,0.0,0.0,0.0,0.0,0.0,0.0,0.0,1.0,1.0,1.0,1.5,1.5,1.5,1.5,1.5,1.5,1.5,1.5,1.5,1.5,1.5,1.5,1.5,1.5,0.0,0.0,0.0,0.0,0.0,0.0,0.0,0.0,0.0,0.0,0.0,0.0,0.0,0.0,0.0,0.0,0.0,0.0,0.0,0.0,0.0,0.0,0.0,0.0,0.0,0.0,0.0,0.0,0.0
-0.1,0.0,0.0,0.3,-0.2,0.0,-0.1,0.0,0.0,0.3,-0.2,0.0,0.0,0.0,0.0,0.09655036936620341,0.14264973061929423,-0.15228648743901058,-0.4205269104827692,-1.1519270767883407,0.643896409483759,-0.17009316347471462,-0.23155810737331287,-0.14758336709316808,0.3682618295238497,-0.2280162114450473,0.8878787962085234,-0.013219110709494528,0.18041303762859706,0.0,0.0,0.0,0.0,0.0,0.0,0.0,0.0,0.0,0.0,0.0,0.0,0.0,0.0,0.0,0.3361825866750323,-1.4960674153249927,-0.8896471964180787,-0.28086586816064296,0.06154064481391219,0.50511212699412,0.2611194837290137,-0.7797387219795046,1.8533347986608002,1.7640748585183468,-0.060075889919639774,-1.03558534397854,-3.788238312456666,0.3255475393764251,0.0,0.0,0.0,0.0,0.0,0.0,0.0,0.0,0.0,0.0,0.0,0.0,40.0,40.0,40.0,60.0,60.0,60.0,60.0,60.0,60.0,60.0,60.0,60.0,60.0,60.0,60.0,60.0,60.0,0.0,0.0,0.0,0.0,0.0,0.0,0.0,0.0,0.0,0.0,0.0,0.0,1.0,1.0,1.0,1.5,1.5,1.5,1.5,1.5,1.5,1.5,1.5,1.5,1.5,1.5,1.5,1.5,1.5,0.0,0.0,0.0,0.0,0.0,0.0,0.0,0.0,0.0,0.0,0.0,0.0,0.0,0.0,0.0,0.0,0.0,0.0,0.0,0.0,0.0,0.0,0.0,0.0,0.0,0.0,0.0,0.0,0.0
-0.1,0.0,0.0,0.3,-0.2,0.0,-0.1,0.0,0.0,0.3,-0.2,0.0,0.0,0.0,0.0,0.10464394932260053,0.1095523239073069,-0.17358985902649163,-0.4177460124248008,-1.130885057230007,0.6454113358875174,-0.16152083568658474,-0.24550104569221584,-0.10917435876980242,0.41037458110154124,-0.24120371530248982,0.8580111091672749,-0.08731523962463461,0.19251519358898556,0.0,0.0,0.0,0.0,0.0,0.0,0.0,0.0,0.0,0.0,0.0,0.0,0.0,0.0,0.0,0.4635907974968167,-1.397775153061831,-0.9369218510337604,0.043500196986481776,0.6815752240650896,-0.28957260455090006,0.9990122980649926,-0.5274178011496162,1.6809402592405587,1.7922505295307227,-0.8062667628899622,-1.9476675195727378,-3.488547089784042,0.85287366653908,0.0,0.0,0.0,0.0,0.0,0.0,0.0,0.0,0.0,0.0,0.0,0.0,40.0,40.0,40.0,60.0,60.0,60.0,60.0,60.0,60.0,60.0,60.0,60.0,60.0,60.0,60.0,60.0,60.0,0.0,0.0,0.0,0.0,0.0,0.0,0.0,0.0,0.0,0.0,0.0,0.0,1.0,1.0,1.0,1.5,1.5,1.5,1.5,1.5,1.5,1.5,1.5,1.5,1.5,1.5,1.5,1.5,1.5,0.0,0.0,0.0,0.0,0.0,0.0,0.0,0.0,0.0,0.0,0.0,0.0,0.0,0.0,0.0,0.0,0.0,0.0,0.0,0.0,0.0,0.0,0.0,0.0,0.0,0.0,0.0,0.0,0.0
-0.1,0.0,0.0,0.3,-0.2,0.0,-0.1,0.0,0.0,0.3,-0.2,0.0,0.0,0.0,0.0,0.11509400126607608,0.08673872449682099,-0.189763361480361,-0.4187869026033099,-1.1246640678257371,0.632313505301723,-0.13013267155211491,-0.2526548194192975,-0.08034575672354573,0.43995185070507864,-0.2602668819606458,0.8099720954256139,-0.1527609943008562,0.21452798429016026,0.0,0.0,0.0,0.0,0.0,0.0,0.0,0.0,0.0,0.0,0.0,0.0,0.0,0.0,0.0,0.5192671259694036,-0.8644949819451249,-0.6142314233520331,0.14240828967643088,0.8482050264295105,-0.8921649953709337,1.1102646762679171,-0.32780477531188856,1.2166087967357229,1.0826209452127338,-1.1924059531528621,-2.0014795763345665,-2.298411664906926,0.958051069003888,0.0,0.0,0.0,0.0,0.0,0.0,0.0,0.0,0.0,0.0,0.0,0.0,40.0,40.0,40.0,60.0,60.0,60.0,60.0,60.0,60.0,60.0,60.0,60.0,60.0,60.0,60.0,60.0,60.0,0.0,0.0,0.0,0.0,0.0,0.0,0.0,0.0,0.0,0.0,0.0,0.0,1.0,1.0,1.0,1.5,1.5,1.5,1.5,1.5,1.5,1.5,1.5,1.5,1.5,1.5,1.5,1.5,1.5,0.0,0.0,0.0,0.0,0.0,0.0,0.0,0.0,0.0,0.0,0.0,0.0,0.0,0.0,0.0,0.0,0.0,0.0,0.0,0.0,0.0,0.0,0.0,0.0,0.0,0.0,0.0,0.0,0.0
-0.1,0.0,0.0,0.3,-0.2,0.0,-0.1,0.0,0.0,0.3,-0.2,0.0,0.0,0.0,0.0,0.12541463436137668,0.07497252462950191,-0.19815911596057295,-0.41204968083774357,-1.0969568561728267,0.6097247360726801,-0.11711024863586805,-0.2586132367046914,-0.0605100069003735,0.4536794189100506,-0.2888999534286043,0.7779519261138922,-0.17925170622091166,0.23083723634914108,0.0,0.0,0.0,0.0,0.0,0.0,0.0,0.0,0.0,0.0,0.0,0.0,0.0,0.0,0.0,0.5736029972497072,-0.6326031922006559,-0.49476001861980257,0.3276203400388464,0.9340583186622675,-0.8111691136071603,0.2780035655051527,-0.39292476267158566,0.9939673095242546,0.6375306439993067,-1.0934760602522478,-0.6281766084188373,-0.7066253615284401,0.8019227428028838,0.0,0.0,0.0,0.0,0.0,0.0,0.0,0.0,0.0,0.0,0.0,0.0,40.0,40.0,40.0,60.0,60.0,60.0,60.0,60.0,60.0,60.0,60.0,60.0,60.0,60.0,60.0,60.0,60.0,0.0,0.0,0.0,0.0,0.0,0.0,0.0,0.0,0.0,0.0,0.0,0.0,1.0,1.0,1.0,1.5,1.5,1.5,1.5,1.5,1.5,1.5,1.5,1.5,1.5,1.5,1.5,1.5,1.5,0.0,0.0,0.0,0.0,0.0,0.0,0.0,0.0,0.0,0.0,0.0,0.0,0.0,0.0,0.0,0.0,0.0,0.0,0.0,0.0,0.0,0.0,0.0,0.0,0.0,0.0,0.0,0.0,0.0
-0.1,0.0,0.0,0.3,-0.2,0.0,-0.1,0.0,0.0,0.3,-0.2,0.0,0.0,0.0,0.0,0.13803812115606437,0.061434596808794754,-0.2095537622251531,-0.40568208900175606,-1.0873017350792464,0.5998667407574366,-0.1190125289319088,-0.26837180992616094,-0.04058706434257554,0.4654530764650509,-0.3040059243707357,0.7848450310888604,-0.18102600876199382,0.24660489400227562,0.0,0.0,0.0,0.0,0.0,0.0,0.0,0.0,0.0,0.0,0.0,0.0,0.0,0.0,0.0,0.6067608581366672,-0.7040390877806998,-0.371024080287527,0.3395550465113459,-0.1109668946375042,-0.3101020858568476,-0.10246081700385837,-0.41171984073455764,0.9704884413037306,0.5128587630093231,-0.7637648394329052,0.3997435271535593,-0.09962071760000399,0.9280221310451898,0.0,0.0,0.0,0.0,0.0,0.0,0.0,0.0,0.0,0.0,0.0,0.0,40.0,40.0,40.0,60.0,60.0,60.0,60.0,60.0,60.0,60.0,60.0,60.0,60.0,60.0,60.0,60.0,60.0,0.0,0.0,0.0,0.0,0.0,0.0,0.0,0.0,0.0,0.0,0.0,0.0,1.0,1.0,1.0,1.5,1.5,1.5,1.5,1.5,1.5,1.5,1.5,1.5,1.5,1.5,1.5,1.5,1.5,0.0,0.0,0.0,0.0,0.0,0.0,0.0,0.0,0.0,0.0,0.0,0.0,0.0,0.0,0.0,0.0,0.0,0.0,0.0,0.0,0.0,0.0,0.0,0.0,0.0,0.0,0.0,0.0,0.0
-0.1,0.0,0.0,0.3,-0.2,0.0,-0.1,0.0,0.0,0.3,-0.2,0.0,0.0,0.0,0.0,0.14968506868684336,0.04681096111827392,-0.21300007917207403,-0.39846747897728974,-1.1013955319583268,0.5973206526384062,-0.12120868131602239,-0.2750820303340737,-0.021690469248224282,0.4741937694304235,-0.3194505470059205,0.7939416672000346,-0.18323653492491182,0.2679581215909487,0.0,0.0,0.0,0.0,0.0,0.0,0.0,0.0,0.0,0.0,0.0,0.0,0.0,0.0,0.0,0.40980905123153555,-0.6675720642272882,-0.05296945512040033,0.15909491329409442,-1.0872608146756113,-0.09547338317666965,-0.013834024979723566,-0.23349398762754214,0.9645991340887133,0.05375500526660082,-0.8275807619498421,4.036973177040062,0.48849239192169724,1.8736454366376907,0.0,0.0,0.0,0.0,0.0,0.0,0.0,0.0,0.0,0.0,0.0,0.0,40.0,40.0,40.0,60.0,60.0,60.0,60.0,60.0,60.0,60.0,60.0,60.0,60.0,60.0,60.0,60.0,60.0,0.0,0.0,0.0,0.0,0.0,0.0,0.0,0.0,0.0,0.0,0.0,0.0,1.0,1.0,1.0,1.5,1.5,1.5,1.5,1.5,1.5,1.5,1.5,1.5,1.5,1.5,1.5,1.5,1.5,0.0,0.0,0.0,0.0,0.0,0.0,0.0,0.0,0.0,0.0,0.0,0.0,0.0,0.0,0.0,0.0,0.0,0.0,0.0,0.0,0.0,0.0,0.0,0.0,0.0,0.0,0.0,0.0,0.0
-0.1,0.0,0.0,0.3,-0.2,0.0,-0.1,0.0,0.0,0.3,-0.2,0.0,0.0,0.0,0.0,0.1544304832053258,0.034731714239703226,-0.2116725404299691,-0.3993182924699923,-1.1307921676662709,0.5960478054303698,-0.11956588993109775,-0.27771156943126263,-0.002003098979027004,0.46760327667571494,-0.3371091548487294,0.9463239581704629,-0.16148631308512593,0.32155071146778325,0.0,0.0,0.0,0.0,0.0,0.0,0.0,0.0,0.0,0.0,0.0,0.0,0.0,0.0,0.0,0.2068357509204033,-0.6235508674462881,0.0187410119870092,-0.093352202804875,-1.2642037982706078,-0.04744710667538843,-0.03977919519222613,-0.14092975594712093,1.0152239845025577,-0.355563802801695,-0.9293276263608569,8.387296289160728,1.452191899764308,2.5158857678713438,0.0,0.0,0.0,0.0,0.0,0.0,0.0,0.0,0.0,0.0,0.0,0.0,40.0,40.0,40.0,60.0,60.0,60.0,60.0,60.0,60.0,60.0,60.0,60.0,60.0,60.0,60.0,60.0,60.0,0.0,0.0,0.0,0.0,0.0,0.0,0.0,0.0,0.0,0.0,0.0,0.0,1.0,1.0,1.0,1.5,1.5,1.5,1.5,1.5,1.5,1.5,1.5,1.5,1.5,1.5,1.5,1.5,1.5,0.0,0.0,0.0,0.0,0.0,0.0,0.0,0.0,0.0,0.0,0.0,0.0,0.0,0.0,0.0,0.0,0.0,0.0,0.0,0.0,0.0,0.0,0.0,0.0,0.0,0.0,0.0,0.0,0.0
-0.1,0.0,0.0,0.3,-0.2,0.0,-0.1,0.0,0.0,0.3,-0.2,0.0,0.0,0.0,0.0,0.1579584987236595,0.02186892642042239,-0.21225043869259366,-0.40220156708948474,-1.1519636838891512,0.5954227683713906,-0.12279984912371143,-0.2807192205719585,0.01891849013187803,0.4599712173183557,-0.3566236520603548,1.1294335187664637,-0.1251488589343395,0.36859355230580243,0.0,0.0,0.0,0.0,0.0,0.0,0.0,0.0,0.0,0.0,0.0,0.0,0.0,0.0,0.0,0.24128756583513197,-0.7403076642133517,-0.020751195606743406,-0.049275090008762956,-0.8620886806385342,-0.08656440925653985,-0.1503714246034713,-0.02311914678609639,1.131959498763361,-0.5427316585857086,-0.9353549986303846,9.580226140082024,2.385346088660934,1.8184174587860549,0.0,0.0,0.0,0.0,0.0,0.0,0.0,0.0,0.0,0.0,0.0,0.0,40.0,40.0,40.0,60.0,60.0,60.0,60.0,60.0,60.0,60.0,60.0,60.0,60.0,60.0,60.0,60.0,60.0,0.0,0.0,0.0,0.0,0.0,0.0,0.0,0.0,0.0,0.0,0.0,0.0,1.0,1.0,1.0,1.5,1.5,1.5,1.5,1.5,1.5,1.5,1.5,1.5,1.5,1.5,1.5,1.5,1.5,0.0,0.0,0.0,0.0,0.0,0.0,0.0,0.0,0.0,0.0,0.0,0.0,0.0,0.0,0.0,0.0,0.0,0.0,0.0,0.0,0.0,0.0,0.0,0.0,0.0,0.0,0.0,0.0,0.0
-0.1,0.0,0.0,0.3,-0.2,0.0,-0.1,0.0,0.0,0.3,-0.2,0.0,0.0,0.0,0.0,0.16408198583873107,0.005119407671169158,-0.21250258825423884,-0.4012892960703428,-1.1652757148918123,0.5925852290601082,-0.1255807469152366,-0.2786363353027065,0.04327528097150743,0.4458940103322866,-0.3745233547939448,1.3295330037737438,-0.06607246953868856,0.39428740981922544,0.0,0.0,0.0,0.0,0.0,0.0,0.0,0.0,0.0,0.0,0.0,0.0,0.0,0.0,0.0,0.37212684740574525,-0.9113838804057014,0.27545470516347964,0.3407366591489894,-1.1138961212598664,-0.4767331098649047,0.290048158643804,0.5967707289788501,1.258980535637342,-1.3604883743660505,-0.9393691003279386,11.095053933754617,4.105220373729466,0.13685572707097804,0.0,0.0,0.0,0.0,0.0,0.0,0.0,0.0,0.0,0.0,0.0,0.0,40.0,40.0,40.0,60.0,60.0,60.0,60.0,60.0,60.0,60.0,60.0,60.0,60.0,60.0,60.0,60.0,60.0,0.0,0.0,0.0,0.0,0.0,0.0,0.0,0.0,0.0,0.0,0.0,0.0,1.0,1.0,1.0,1.5,1.5,1.5,1.5,1.5,1.5,1.5,1.5,1.5,1.5,1.5,1.5,1.5,1.5,0.0,0.0,0.0,0.0,0.0,0.0,0.0,0.0,0.0,0.0,0.0,0.0,0.0,0.0,0.0,0.0,0.0,0.0,0.0,0.0,0.0,0.0,0.0,0.0,0.0,0.0,0.0,0.0,0.0
-0.1,0.0,0.0,0.3,-0.2,0.0,-0.1,0.0,0.0,0.3,-0.2,0.0,0.0,0.0,0.0,0.1728435726198893,-0.014586428795805663,-0.20123225048605448,-0.38857210072352516,-1.1965195287395458,0.5763534439767944,-0.11119792277795927,-0.2568483914128045,0.06927771155737171,0.4055516823437137,-0.39419841607347234,1.5732356761166484,0.03905995601483916,0.37406778138864155,0.0,0.0,0.0,0.0,0.0,0.0,0.0,0.0,0.0,0.0,0.0,0.0,0.0,0.0,0.0,0.409599182813012,-0.9457305569910045,0.4684503301688264,0.6293102536754386,-1.7290328523717202,-1.0059123135234964,0.7930994484581424,1.233402316986785,1.4102621229153611,-2.25410840165068,-0.9739952810972424,11.807283196871076,5.214670804551072,-1.9678843762732698,0.0,0.0,0.0,0.0,0.0,0.0,0.0,0.0,0.0,0.0,0.0,0.0,40.0,40.0,40.0,60.0,60.0,60.0,60.0,60.0,60.0,60.0,60.0,60.0,60.0,60.0,60.0,60.0,60.0,0.0,0.0,0.0,0.0,0.0,0.0,0.0,0.0,0.0,0.0,0.0,0.0,1.0,1.0,1.0,1.5,1.5,1.5,1.5,1.5,1.5,1.5,1.5,1.5,1.5,1.5,1.5,1.5,1.5,0.0,0.0,0.0,0.0,0.0,0.0,0.0,0.0,0.0,0.0,0.0,0.0,0.0,0.0,0.0,0.0,0.0,0.0,0.0,0.0,0.0,0.0,0.0,0.0,0.0,0.0,0.0,0.0,0.0
-0.1,0.0,0.0,0.3,-0.2,0.0,-0.1,0.0,0.0,0.3,-0.2,0.0,0.0,0.0,0.0,0.18046595315125155,-0.03270981460847103,-0.1937645750474858,-0.37611688592332526,-1.234437028986681,0.5523487365191684,-0.0938567689769109,-0.2293002426232351,0.09968576588812188,0.3557296742662594,-0.41348316603783447,1.801824331648587,0.14251436264335432,0.31557203476829465,0.0,0.0,0.0,0.0,0.0,0.0,0.0,0.0,0.0,0.0,0.0,0.0,0.0,0.0,0.0,0.19476660604484108,-0.7237896407174492,0.42057361976988655,0.5078740141005857,-2.7051283751836017,-0.7728679567562513,0.5734232187018361,1.169402288712873,1.1924962507718808,-2.1656939767884977,-0.9133002788855427,9.146822609174338,3.671630057225144,-2.770998213650029,0.0,0.0,0.0,0.0,0.0,0.0,0.0,0.0,0.0,0.0,0.0,0.0,40.0,40.0,40.0,60.0,60.0,60.0,60.0,60.0,60.0,60.0,60.0,60.0,60.0,60.0,60.0,60.0,60.0,0.0,0.0,0.0,0.0,0.0,0.0,0.0,0.0,0.0,0.0,0.0,0.0,1.0,1.0,1.0,1.5,1.5,1.5,1.5,1.5,1.5,1.5,1.5,1.5,1.5,1.5,1.5,1.5,1.5,0.0,0.0,0.0,0.0,0.0,0.0,0.0,0.0,0.0,0.0,0.0,0.0,0.0,0.0,0.0,0.0,0.0,0.0,0.0,0.0,0.0,0.0,0.0,0.0,0.0,0.0,0.0,0.0,0.0
-0.1,0.0,0.0,0.3,-0.2,0.0,-0.1,0.0,0.0,0.3,-0.2,0.0,0.0,0.0,0.0,0.18063423686168295,-0.043538014424503634,-0.184409305695259,-0.36825714015950173,-1.30472466374689,0.5454387257065444,-0.08826099402988583,-0.2100722998642896,0.11697756158824694,0.3189239232721738,-0.43073042722889404,1.939108580483622,0.18592515830384493,0.2632278528426404,0.0,0.0,0.0,0.0,0.0,0.0,0.0,0.0,0.0,0.0,0.0,0.0,0.0,0.0,0.0,-0.1597083821497501,-0.4817404813761047,0.7406687379862567,0.4404679800021627,-4.413363317099667,-0.1410077032137691,0.3251834618492478,1.0949221353181382,0.9423402302767451,-1.2355941408817266,-0.852171618025685,4.25489170878533,1.1330079169785365,-1.9236570999260438,0.0,0.0,0.0,0.0,0.0,0.0,0.0,0.0,0.0,0.0,0.0,0.0,40.0,40.0,40.0,60.0,60.0,60.0,60.0,60.0,60.0,60.0,60.0,60.0,60.0,60.0,60.0,60.0,60.0,0.0,0.0,0.0,0.0,0.0,0.0,0.0,0.0,0.0,0.0,0.0,0.0,1.0,1.0,1.0,1.5,1.5,1.5,1.5,1.5,1.5,1.5,1.5,1.5,1.5,1.5,1.5,1.5,1.5,0.0,0.0,0.0,0.0,0.0,0.0,0.0,0.0,0.0,0.0,0.0,0.0,0.0,0.0,0.0,0.0,0.0,0.0,0.0,0.0,0.0,0.0,0.0,0.0,0.0,0.0,0.0,0.0,0.0
-0.1,0.0,0.0,0.3,-0.2,0.0,-0.1,0.0,0.0,0.3,-0.2,0.0,0.0,0.0,0.0,0.17407761786526155,-0.051979433863515216,-0.16413782552803552,-0.35849816672323875,-1.4109715616706677,0.5467084283906176,-0.080849430502941,-0.18550335721050956,0.13737937509919168,0.30630590863099033,-0.44757003075886187,1.97202,0.18783467932249578,0.2386257507712529,0.0,0.0,0.0,0.0,0.0,0.0,0.0,0.0,0.0,0.0,0.0,0.0,0.0,0.0,0.0,-0.8135988822156145,-0.6430688912454957,0.6075304625011692,0.47624998374425076,-6.861855707367187,-0.7997641724071747,2.013668964431516,1.5923491758448212,0.972590576829718,0.13939340038105624,-0.5816564100622714,0.8227854879094554,0.06997042804193637,-0.2869633323281495,0.0,0.0,0.0,0.0,0.0,0.0,0.0,0.0,0.0,0.0,0.0,0.0,40.0,40.0,40.0,60.0,60.0,60.0,60.0,60.0,60.0,60.0,60.0,60.0,60.0,60.0,60.0,60.0,60.0,0.0,0.0,0.0,0.0,0.0,0.0,0.0,0.0,0.0,0.0,0.0,0.0,1.0,1.0,1.0,1.5,1.5,1.5,1.5,1.5,1.5,1.5,1.5,1.5,1.5,1.5,1.5,1.5,1.5,0.0,0.0,0.0,0.0,0.0,0.0,0.0,0.0,0.0,0.0,0.0,0.0,0.0,0.0,0.0,0.0,0.0,0.0,0.0,0.0,0.0,0.0,0.0,0.0,0.0,0.0,0.0,0.0,0.0
-0.1,0.0,0.0,0.3,-0.2,0.0,-0.1,0.0,0.0,0.3,-0.2,0.0,0.0,0.0,0.0,0.14809028157305837,-0.06926077007432346,-0.16010808719521225,-0.3492071408097317,-1.5791988920415774,0.5134481588102574,-0.0077142354526251854,-0.14637833283049675,0.15588118466143566,0.32449965928741603,-0.4539966836313849,1.97202,0.18872397542552238,0.2517493195495144,0.0,0.0,0.0,0.0,0.0,0.0,0.0,0.0,0.0,0.0,0.0,0.0,0.0,0.0,0.0,-0.7150211284112958,-0.9647287037418557,-0.44265936081137947,0.40902659224936466,-8.521314812625258,-1.353905550559241,2.9690328457800956,1.3628943273713083,0.5564954535210817,0.8528658548681678,0.871956416666303,0.0,0.5114436917397096,2.01411347805387,0.0,0.0,0.0,0.0,0.0,0.0,0.0,0.0,0.0,0.0,0.0,0.0,40.0,40.0,40.0,60.0,60.0,60.0,60.0,60.0,60.0,60.0,60.0,60.0,60.0,60.0,60.0,60.0,60.0,0.0,0.0,0.0,0.0,0.0,0.0,0.0,0.0,0.0,0.0,0.0,0.0,1.0,1.0,1.0,1.5,1.5,1.5,1.5,1.5,1.5,1.5,1.5,1.5,1.5,1.5,1.5,1.5,1.5,0.0,0.0,0.0,0.0,0.0,0.0,0.0,0.0,0.0,0.0,0.0,0.0,0.0,0.0,0.0,0.0,0.0,0.0,0.0,0.0,0.0,0.0,0.0,0.0,0.0,0.0,0.0,0.0,0.0
-0.1,0.0,0.0,0.3,-0.2,0.0,-0.1,0.0,0.0,0.3,-0.2,0.0,0.0,0.0,0.0,0.1454767727288097,-0.09056858201318944,-0.1818441999604907,-0.34213710303326417,-1.751824154175678,0.492552206368248,0.03791188332826283,-0.13098758411565722,0.15963919324003495,0.34042054282571704,-0.41269177409220975,1.97202,0.20829242699208417,0.3191902898934077,0.0,0.0,0.0,0.0,0.0,0.0,0.0,0.0,0.0,0.0,0.0,0.0,0.0,0.0,0.0,0.2863927161161184,-1.249305343333984,-1.4682773921742602,0.6924049121065242,-7.156178133072705,-0.3453905909996294,1.199771034386772,0.02018454552304705,0.619626215969217,1.1105171672267127,2.1286729768790673,0.0,0.269224883729606,2.7704675980767757,0.0,0.0,0.0,0.0,0.0,0.0,0.0,0.0,0.0,0.0,0.0,0.0,40.0,40.0,40.0,60.0,60.0,60.0,60.0,60.0,60.0,60.0,60.0,60.0,60.0,60.0,60.0,60.0,60.0,0.0,0.0,0.0,0.0,0.0,0.0,0.0,0.0,0.0,0.0,0.0,0.0,1.0,1.0,1.0,1.5,1.5,1.5,1.5,1.5,1.5,1.5,1.5,1.5,1.5,1.5,1.5,1.5,1.5,0.0,0.0,0.0,0.0,0.0,0.0,0.0,0.0,0.0,0.0,0.0,0.0,0.0,0.0,0.0,0.0,0.0,0.0,0.0,0.0,0.0,0.0,0.0,0.0,0.0,0.0,0.0,0.0,0.0
-0.1,0.0,0.0,0.3,-0.2,0.0,-0.1,0.0,0.0,0.3,-0.2,0.0,0.0,0.0,0.0,0.1595459902177031,-0.11923298380768282,-0.21883918288218265,-0.3215109443254707,-1.8654460173644856,0.49963253517027223,0.040276605922845696,-0.14557095100957487,0.18066623330020434,0.36892034597648454,-0.3688497645562222,1.97202,0.19949297077470662,0.36256802347258543,0.0,0.0,0.0,0.0,0.0,0.0,0.0,0.0,0.0,0.0,0.0,0.0,0.0,0.0,0.0,0.8670128586982059,-0.8433377241187232,-0.8782203273305388,1.1720590539539193,-5.504896145608051,1.2890618777608651,-0.5498531290992181,-0.5741389593668551,0.5069413997091481,0.7189431007407945,1.5864433579096628,0.0,-0.25153880675988366,1.6791395392259725,0.0,0.0,0.0,0.0,0.0,0.0,0.0,0.0,0.0,0.0,0.0,0.0,40.0,40.0,40.0,60.0,60.0,60.0,60.0,60.0,60.0,60.0,60.0,60.0,60.0,60.0,60.0,60.0,60.0,0.0,0.0,0.0,0.0,0.0,0.0,0.0,0.0,0.0,0.0,0.0,0.0,1.0,1.0,1.0,1.5,1.5,1.5,1.5,1.5,1.5,1.5,1.5,1.5,1.5,1.5,1.5,1.5,1.5,0.0,0.0,0.0,0.0,0.0,0.0,0.0,0.0,0.0,0.0,0.0,0.0,0.0,0.0,0.0,0.0,0.0,0.0,0.0,0.0,0.0,0.0,0.0,0.0,0.0,0.0,0.0,0.0,0.0
-0.1,0.0,0.0,0.3,-0.2,0.0,-0.1,0.0,0.0,0.3,-0.2,0.0,0.0,0.0,0.0,0.18015728707673795,-0.12430209097793837,-0.21697301305371225,-0.2952547408751074,-1.97202,0.5441146814786826,0.015917758164294103,-0.15395314249033143,0.17991684922840087,0.3691782668553488,-0.34923403977582324,1.97202,0.19823087472168882,0.3863558714624466,0.0,0.0,0.0,0.0,0.0,0.0,0.0,0.0,0.0,0.0,0.0,0.0,0.0,0.0,0.0,0.3395117026144187,-0.1605528859785786,0.6368601517679977,1.2817782708858583,-2.6643495658878633,1.5059582098383941,-0.9415659581907238,0.42395024340133797,-0.5315125953708727,-0.3895472792920032,0.9015998998704866,0.0,0.7997508807672221,1.6825166268284952,0.0,0.0,0.0,0.0,0.0,0.0,0.0,0.0,0.0,0.0,0.0,0.0,40.0,40.0,40.0,60.0,60.0,60.0,60.0,60.0,60.0,60.0,60.0,60.0,60.0,60.0,60.0,60.0,60.0,0.0,0.0,0.0,0.0,0.0,0.0,0.0,0.0,0.0,0.0,0.0,0.0,1.0,1.0,1.0,1.5,1.5,1.5,1.5,1.5,1.5,1.5,1.5,1.5,1.5,1.5,1.5,1.5,1.5,0.0,0.0,0.0,0.0,0.0,0.0,0.0,0.0,0.0,0.0,0.0,0.0,0.0,0.0,0.0,0.0,0.0,0.0,0.0,0.0,0.0,0.0,0.0,0.0,0.0,0.0,0.0,0.0,0.0
-0.1,0.0,0.0,0.3,-0.2,0.0,-0.1,0.0,0.0,0.3,-0.2,0.0,0.0,0.0,0.0,0.17312645832227985,-0.12565509924682597,-0.19336477681146275,-0.2702398134900364,-1.97202,0.559870863563808,0.0026139675952167422,-0.12861294127352135,0.15940572948536944,0.3533384548048044,-0.33278576856140274,1.97202,0.2314830060053955,0.42986868854572524,0.0,0.0,0.0,0.0,0.0,0.0,0.0,0.0,0.0,0.0,0.0,0.0,0.0,0.0,0.0,-1.290826808911008,-0.25540296151525116,0.7871903065945457,-0.204280446406567,0.0,-0.031859080071464096,0.44291247813708323,1.0061988789791312,-1.1619941717083255,-0.20541099785081618,0.3794704749781455,0.0,1.2374255716427778,1.2303120864923787,0.0,0.0,0.0,0.0,0.0,0.0,0.0,0.0,0.0,0.0,0.0,0.0,40.0,40.0,40.0,60.0,60.0,60.0,60.0,60.0,60.0,60.0,60.0,60.0,60.0,60.0,60.0,60.0,60.0,0.0,0.0,0.0,0.0,0.0,0.0,0.0,0.0,0.0,0.0,0.0,0.0,1.0,1.0,1.0,1.5,1.5,1.5,1.5,1.5,1.5,1.5,1.5,1.5,1.5,1.5,1.5,1.5,1.5,0.0,0.0,0.0,0.0,0.0,0.0,0.0,0.0,0.0,0.0,0.0,0.0,0.0,0.0,0.0,0.0,0.0,0.0,0.0,0.0,0.0,0.0,0.0,0.0,0.0,0.0,0.0,0.0,0.0
-0.1,0.0,0.0,0.3,-0.2,0.0,-0.1,0.0,0.0,0.3,-0.2,0.0,0.0,0.0,0.0,0.12852421472029762,-0.13451820943854842,-0.18548540078993042,-0.30342595873137007,-1.97202,0.542840318275824,0.03363425728977743,-0.11370518733116618,0.13343708236006785,0.3609618269413162,-0.3340552207766974,1.97202,0.24772789758739994,0.43556835492214174,0.0,0.0,0.0,0.0,0.0,0.0,0.0,0.0,0.0,0.0,0.0,0.0,0.0,0.0,0.0,-0.9982051452118307,-0.24221706946395555,0.10748519488565644,-1.5297961913607743,0.0,-0.803478838570143,1.2365652563824676,0.8003056679427724,-0.47552666013599626,-0.07528448105980495,0.4094379848848251,0.0,0.7570527343763996,0.5274168296738365,0.0,0.0,0.0,0.0,0.0,0.0,0.0,0.0,0.0,0.0,0.0,0.0,40.0,40.0,40.0,60.0,60.0,60.0,60.0,60.0,60.0,60.0,60.0,60.0,60.0,60.0,60.0,60.0,60.0,0.0,0.0,0.0,0.0,0.0,0.0,0.0,0.0,0.0,0.0,0.0,0.0,1.0,1.0,1.0,1.5,1.5,1.5,1.5,1.5,1.5,1.5,1.5,1.5,1.5,1.5,1.5,1.5,1.5,0.0,0.0,0.0,0.0,0.0,0.0,0.0,0.0,0.0,0.0,0.0,0.0,0.0,0.0,0.0,0.0,0.0,0.0,0.0,0.0,0.0,0.0,0.0,0.0,0.0,0.0,0.0,0.0,0.0
-0.1,0.0,0.0,0.3,-0.2,0.0,-0.1,0.0,0.0,0.3,-0.2,0.0,0.0,0.0,0.0,0.13319825251380663,-0.1353437820253842,-0.1890653690160365,-0.33143166114446737,-1.97202,0.5277317100210023,0.05207657785051545,-0.09660071455581046,0.14038466307992958,0.3503270755624122,-0.31640824916600974,1.97202,0.2617651153804515,0.4509653617326787,0.0,0.0,0.0,0.0,0.0,0.0,0.0,0.0,0.0,0.0,0.0,0.0,0.0,0.0,0.0,0.16891472458837528,-0.18209773840962978,-0.39088918216449303,-1.4400488477808184,0.0,-0.5375465028368859,0.6789138675374602,0.6450879910427375,0.3336595691741738,-0.2959456940579794,0.9013544047834721,0.0,0.5207471491173066,0.4936575365084933,0.0,0.0,0.0,0.0,0.0,0.0,0.0,0.0,0.0,0.0,0.0,0.0,40.0,40.0,40.0,60.0,60.0,60.0,60.0,60.0,60.0,60.0,60.0,60.0,60.0,60.0,60.0,60.0,60.0,0.0,0.0,0.0,0.0,0.0,0.0,0.0,0.0,0.0,0.0,0.0,0.0,1.0,1.0,1.0,1.5,1.5,1.5,1.5,1.5,1.5,1.5,1.5,1.5,1.5,1.5,1.5,1.5,1.5,0.0,0.0,0.0,0.0,0.0,0.0,0.0,0.0,0.0,0.0,0.0,0.0,0.0,0.0,0.0,0.0,0.0,0.0,0.0,0.0,0.0,0.0,0.0,0.0,0.0,0.0,0.0,0.0,0.0
-0.1,0.0,0.0,0.3,-0.2,0.0,-0.1,0.0,0.0,0.3,-0.2,0.0,0.0,0.0,0.0,0.13528080370383264,-0.1418021189749336,-0.20112096807651014,-0.3610279126426028,-1.97202,0.5213384581623486,0.06079081199127584,-0.08790166768945668,0.1467834651270348,0.349123999178997,-0.29800104458535853,1.97202,0.2685577835520922,0.4553146563824815,0.0,0.0,0.0,0.0,0.0,0.0,0.0,0.0,0.0,0.0,0.0,0.0,0.0,0.0,0.0,-0.07825106163646608,-0.32816940635556135,-0.33890974950027547,-1.2573245657088254,0.0,-0.31590644615771823,0.41698565956830164,0.25303396647450016,0.36129738534271466,-0.07827467514119196,0.5429764238548309,0.0,0.3471060602109541,0.20127447714469726,0.0,0.0,0.0,0.0,0.0,0.0,0.0,0.0,0.0,0.0,0.0,0.0,40.0,40.0,40.0,60.0,60.0,60.0,60.0,60.0,60.0,60.0,60.0,60.0,60.0,60.0,60.0,60.0,60.0,0.0,0.0,0.0,0.0,0.0,0.0,0.0,0.0,0.0,0.0,0.0,0.0,1.0,1.0,1.0,1.5,1.5,1.5,1.5,1.5,1.5,1.5,1.5,1.5,1.5,1.5,1.5,1.5,1.5,0.0,0.0,0.0,0.0,0.0,0.0,0.0,0.0,0.0,0.0,0.0,0.0,0.0,0.0,0.0,0.0,0.0,0.0,0.0,0.0,0.0,0.0,0.0,0.0,0.0,0.0,0.0,0.0,0.0
-0.1,0.0,0.0,0.3,-0.2,0.0,-0.1,0.0,0.0,0.3,-0.2,0.0,0.0,0.0,0.0,0.13006821004834798,-0.14847055827960665,-0.2026217589960475,-0.3817246437728204,-1.97202,0.5150954521746935,0.06875600423324751,-0.08647935589683045,0.15483655849363817,0.34719608855676454,-0.2946891922118165,1.97202,0.27564935778888966,0.4590163408184666,0.0,0.0,0.0,0.0,0.0,0.0,0.0,0.0,0.0,0.0,0.0,0.0,0.0,0.0,0.0,-0.3941007663462625,-0.35608398046325096,0.007095014832179253,-1.2451334882936427,0.0,-0.15607514969137593,0.19912980604929187,-0.1488960727651152,0.23125532218534958,-0.10438048025765839,0.02999371608538165,0.0,0.1772893559199365,0.092542110899628,0.0,0.0,0.0,0.0,0.0,0.0,0.0,0.0,0.0,0.0,0.0,0.0,40.0,40.0,40.0,60.0,60.0,60.0,60.0,60.0,60.0,60.0,60.0,60.0,60.0,60.0,60.0,60.0,60.0,0.0,0.0,0.0,0.0,0.0,0.0,0.0,0.0,0.0,0.0,0.0,0.0,1.0,1.0,1.0,1.5,1.5,1.5,1.5,1.5,1.5,1.5,1.5,1.5,1.5,1.5,1.5,1.5,1.5,0.0,0.0,0.0,0.0,0.0,0.0,0.0,0.0,0.0,0.0,0.0,0.0,0.0,0.0,0.0,0.0,0.0,0.0,0.0,0.0,0.0,0.0,0.0,0.0,0.0,0.0,0.0,0.0,0.0
-0.1,0.0,0.0,0.3,-0.2,0.0,-0.1,0.0,0.0,0.3,-0.2,0.0,0.0,0.0,0.0,0.11951677304998214,-0.15604547819346365,-0.20083716748322297,-0.4108332521743485,-1.97202,0.5150954521746935,0.06875600423324751,-0.09385751060006128,0.15603367801444878,0.34494877996869067,-0.29680129594194327,1.97202,0.27564935778888966,0.4590163408184666,0.0,0.0,0.0,0.0,0.0,0.0,0.0,0.0,0.0,0.0,0.0,0.0,0.0,0.0,0.0,-0.4197958899931905,-0.3492243398162301,0.18876706634580534,-0.8283212615464233,0.0,-0.1407085253753576,0.1545516061303747,-0.15052215090124582,0.31828582842543807,-0.09713451579367316,-0.021118521822519054,0.0,0.18605600406717826,0.13248990786386416,0.0,0.0,0.0,0.0,0.0,0.0,0.0,0.0,0.0,0.0,0.0,0.0,40.0,40.0,40.0,60.0,60.0,60.0,60.0,60.0,60.0,60.0,60.0,60.0,60.0,60.0,60.0,60.0,60.0,0.0,0.0,0.0,0.0,0.0,0.0,0.0,0.0,0.0,0.0,0.0,0.0,1.0,1.0,1.0,1.5,1.5,1.5,1.5,1.5,1.5,1.5,1.5,1.5,1.5,1.5,1.5,1.5,1.5,0.0,0.0,0.0,0.0,0.0,0.0,0.0,0.0,0.0,0.0,0.0,0.0,0.0,0.0,0.0,0.0,0.0,0.0,0.0,0.0,0.0,0.0,0.0,0.0,0.0,0.0,0.0,0.0,0.0
-0.1,0.0,0.0,0.3,-0.2,0.0,-0.1,0.0,0.0,0.3,-0.2,0.0,0.0,0.0,0.0,0.11327637444862036,-0.16243953187225585,-0.1950710763422153,-0.4148574942346773,-1.97202,0.5094671111596792,0.0749380684784625,-0.09250024193288028,0.1675679916306557,0.3433107079250176,-0.29553393308471726,1.97202,0.2830915979515768,0.46431593713302116,0.0,0.0,0.0,0.0,0.0,0.0,0.0,0.0,0.0,0.0,0.0,0.0,0.0,0.0,0.0,-0.3863681135945162,-0.3366252644502285,0.44304739295888546,-0.022894872861793647,0.0,-0.31773592610498114,0.27903144175448585,-0.16224944707298425,0.2949932454907031,-0.2339676198048493,0.31095175468782293,0.0,0.36792646366581166,0.2561620709290585,0.0,0.0,0.0,0.0,0.0,0.0,0.0,0.0,0.0,0.0,0.0,0.0,40.0,40.0,40.0,60.0,60.0,60.0,60.0,60.0,60.0,60.0,60.0,60.0,60.0,60.0,60.0,60.0,60.0,0.0,0.0,0.0,0.0,0.0,0.0,0.0,0.0,0.0,0.0,0.0,0.0,1.0,1.0,1.0,1.5,1.5,1.5,1.5,1.5,1.5,1.5,1.5,1.5,1.5,1.5,1.5,1.5,1.5,0.0,0.0,0.0,0.0,0.0,0.0,0.0,0.0,0.0,0.0,0.0,0.0,0.0,0.0,0.0,0.0,0.0,0.0,0.0,0.0,0.0,0.0,0.0,0.0,0.0,0.0,0.0,0.0,0.0
-0.1,0.0,0.0,0.3,-0.2,0.0,-0.1,0.0,0.0,0.3,-0.2,0.0,0.0,0.0,0.0,0.10406204850620149,-0.1695104887714728,-0.18311527176486755,-0.41174904708882026,-1.97202,0.5023860151304943,0.07991726190342695,-0.10034748848298065,0.1678334078340769,0.3355900751764967,-0.28436322575443035,1.97202,0.2903664163355221,0.46926282365562894,0.0,0.0,0.0,0.0,0.0,0.0,0.0,0.0,0.0,0.0,0.0,0.0,0.0,0.0,0.0,-0.46246074070790677,-0.6008950407001847,0.028033523397919674,0.8594740426889347,0.0,-1.0356030800044616,1.2478311878820474,-0.06211138923113112,0.7282361725677463,-0.030164595764592406,0.7085205375253658,0.0,1.2656801746705997,-0.3368962489200558,0.0,0.0,0.0,0.0,0.0,0.0,0.0,0.0,0.0,0.0,0.0,0.0,40.0,40.0,40.0,60.0,60.0,60.0,60.0,60.0,60.0,60.0,60.0,60.0,60.0,60.0,60.0,60.0,60.0,0.0,0.0,0.0,0.0,0.0,0.0,0.0,0.0,0.0,0.0,0.0,0.0,1.0,1.0,1.0,1.5,1.5,1.5,1.5,1.5,1.5,1.5,1.5,1.5,1.5,1.5,1.5,1.5,1.5,0.0,0.0,0.0,0.0,0.0,0.0,0.0,0.0,0.0,0.0,0.0,0.0,0.0,0.0,0.0,0.0,0.0,0.0,0.0,0.0,0.0,0.0,0.0,0.0,0.0,0.0,0.0,0.0,0.0
-0.1,0.0,0.0,0.3,-0.2,0.0,-0.1,0.0,0.0,0.3,-0.2,0.0,0.0,0.0,0.0,0.09477794482030409,-0.18647533350026324,-0.1939497354062985,-0.38047853252711994,-1.97202,0.4680429879595008,0.1248513159937444,-0.09498469750212553,0.19669743853336555,0.3421041240944339,-0.2671931115837026,1.97202,0.3337188049384008,0.45084008717621893,0.0,0.0,0.0,0.0,0.0,0.0,0.0,0.0,0.0,0.0,0.0,0.0,0.0,0.0,0.0,-0.43582672293055147,-0.4844337926988129,-0.46703860281506676,0.5951314008244724,0.0,-1.7112981800189289,1.3925449450700869,-0.08977270380442492,0.8082835018079104,-0.5124638993577846,0.7053447996579489,0.0,1.7936985597351518,-0.7024722837942101,0.0,0.0,0.0,0.0,0.0,0.0,0.0,0.0,0.0,0.0,0.0,0.0,40.0,40.0,40.0,60.0,60.0,60.0,60.0,60.0,60.0,60.0,60.0,60.0,60.0,60.0,60.0,60.0,60.0,0.0,0.0,0.0,0.0,0.0,0.0,0.0,0.0,0.0,0.0,0.0,0.0,1.0,1.0,1.0,1.5,1.5,1.5,1.5,1.5,1.5,1.5,1.5,1.5,1.5,1.5,1.5,1.5,1.5,0.0,0.0,0.0,0.0,0.0,0.0,0.0,0.0,0.0,0.0,0.0,0.0,0.0,0.0,0.0,0.0,0.0,0.0,0.0,0.0,0.0,0.0,0.0,0.0,0.0,0.0,0.0,0.0,0.0
-0.1,0.0,0.0,0.3,-0.2,0.0,-0.1,0.0,0.0,0.3,-0.2,0.0,0.0,0.0,0.0,0.08662897958897943,-0.1888878404794253,-0.20179681587747023,-0.38794379105584137,-1.97202,0.43393408792973714,0.13561905970623042,-0.10393839663515765,0.20016474790639333,0.3150915192021853,-0.2561494337681124,1.97202,0.3621143587249282,0.44116393230386053,0.0,0.0,0.0,0.0,0.0,0.0,0.0,0.0,0.0,0.0,0.0,0.0,0.0,0.0,0.0,-0.053260591339004265,-0.05327576643350124,-0.4407791500527822,0.8318314978005947,0.0,-0.9321468062816918,-0.8861607712221597,-0.3938952476990238,0.6306301403139786,-1.0185697145998498,0.41905985177308064,0.0,0.8155639387868563,-0.1611944589147124,0.0,0.0,0.0,0.0,0.0,0.0,0.0,0.0,0.0,0.0,0.0,0.0,40.0,40.0,40.0,60.0,60.0,60.0,60.0,60.0,60.0,60.0,60.0,60.0,60.0,60.0,60.0,60.0,60.0,0.0,0.0,0.0,0.0,0.0,0.0,0.0,0.0,0.0,0.0,0.0,0.0,1.0,1.0,1.0,1.5,1.5,1.5,1.5,1.5,1.5,1.5,1.5,1.5,1.5,1.5,1.5,1.5,1.5,0.0,0.0,0.0,0.0,0.0,0.0,0.0,0.0,0.0,0.0,0.0,0.0,0.0,0.0,0.0,0.0,0.0,0.0,0.0,0.0,0.0,0.0,0.0,0.0,0.0,0.0,0.0,0.0,0.0
-0.1,0.0,0.0,0.3,-0.2,0.0,-0.1,0.0,0.0,0.3,-0.2,0.0,0.0,0.0,0.0,0.09264752116674392,-0.1886063641576033,-0.2115809014084098,-0.34720527261509615,-1.97202,0.4307571157082331,0.089404885144858,-0.11074050741008648,0.2219226441459247,0.3013613355104399,-0.2504307175127794,1.97202,0.36634136248987503,0.44439230881963043,0.0,0.0,0.0,0.0,0.0,0.0,0.0,0.0,0.0,0.0,0.0,0.0,0.0,0.0,0.0,-0.16093406902825852,-0.0503065156502433,-0.37365355034608,1.2627841638153268,0.0,0.42884808194334767,-1.794591595739631,-0.6196780499437418,0.23059822984511993,-0.64011495884784,0.036062759988086945,0.0,-0.6344574892885257,0.1952735468714467,0.0,0.0,0.0,0.0,0.0,0.0,0.0,0.0,0.0,0.0,0.0,0.0,40.0,40.0,40.0,60.0,60.0,60.0,60.0,60.0,60.0,60.0,60.0,60.0,60.0,60.0,60.0,60.0,60.0,0.0,0.0,0.0,0.0,0.0,0.0,0.0,0.0,0.0,0.0,0.0,0.0,1.0,1.0,1.0,1.5,1.5,1.5,1.5,1.5,1.5,1.5,1.5,1.5,1.5,1.5,1.5,1.5,1.5,0.0,0.0,0.0,0.0,0.0,0.0,0.0,0.0,0.0,0.0,0.0,0.0,0.0,0.0,0.0,0.0,0.0,0.0,0.0,0.0,0.0,0.0,0.0,0.0,0.0,0.0,0.0,0.0,0.0
-0.1,0.0,0.0,0.3,-0.2,0.0,-0.1,0.0,0.0,0.3,-0.2,0.0,0.0,0.0,0.0,0.08019161682784909,-0.19090010110543504,-0.21674295789131343,-0.3374324245032283,-1.97202,0.45108801120747105,0.06383539587664518,-0.12872551863290732,0.20938867710019812,0.2894869208482717,-0.2547069233685889,1.97202,0.33673605915338717,0.4489748741787184,0.0,0.0,0.0,0.0,0.0,0.0,0.0,0.0,0.0,0.0,0.0,0.0,0.0,0.0,0.0,-1.2041960344422906,-0.2080821080348079,-0.38479203184305155,0.19420339964223154,0.0,-0.613703920138818,-0.03270142290838843,-0.7306825849555706,-1.010392484985903,-0.08492300737098502,-0.9453218946646482,0.0,-1.7467468659627865,0.9600363742402098,0.0,0.0,0.0,0.0,0.0,0.0,0.0,0.0,0.0,0.0,0.0,0.0,40.0,40.0,40.0,60.0,60.0,60.0,60.0,60.0,60.0,60.0,60.0,60.0,60.0,60.0,60.0,60.0,60.0,0.0,0.0,0.0,0.0,0.0,0.0,0.0,0.0,0.0,0.0,0.0,0.0,1.0,1.0,1.0,1.5,1.5,1.5,1.5,1.5,1.5,1.5,1.5,1.5,1.5,1.5,1.5,1.5,1.5,0.0,0.0,0.0,0.0,0.0,0.0,0.0,0.0,0.0,0.0,0.0,0.0,0.0,0.0,0.0,0.0,0.0,0.0,0.0,0.0,0.0,0.0,0.0,0.0,0.0,0.0,0.0,0.0,0.0
-0.1,0.0,0.0,0.3,-0.2,0.0,-0.1,0.0,0.0,0.3,-0.2,0.0,0.0,0.0,0.0,0.0444796797890523,-0.1969296484789956,-0.22697258268213186,-0.3394371366294069,-1.97202,0.4062089589026804,0.08809682822852247,-0.1399678108083093,0.18150694474648857,0.2979644152156005,-0.28824359329936533,1.97202,0.29647148785136357,0.48279376378923883,0.0,0.0,0.0,0.0,0.0,0.0,0.0,0.0,0.0,0.0,0.0,0.0,0.0,0.0,0.0,-0.9807001904715476,0.027165053533906997,-0.5949015363141338,-0.13448432389290138,0.0,-2.1534907697102548,0.7166747602032882,-1.289378717210373,-1.188497258698387,0.49856630845373784,-1.970408914734642,0.0,-2.928005978377178,1.8095438376073414,0.0,0.0,0.0,0.0,0.0,0.0,0.0,0.0,0.0,0.0,0.0,0.0,40.0,40.0,40.0,60.0,60.0,60.0,60.0,60.0,60.0,60.0,60.0,60.0,60.0,60.0,60.0,60.0,60.0,0.0,0.0,0.0,0.0,0.0,0.0,0.0,0.0,0.0,0.0,0.0,0.0,1.0,1.0,1.0,1.5,1.5,1.5,1.5,1.5,1.5,1.5,1.5,1.5,1.5,1.5,1.5,1.5,1.5,0.0,0.0,0.0,0.0,0.0,0.0,0.0,0.0,0.0,0.0,0.0,0.0,0.0,0.0,0.0,0.0,0.0,0.0,0.0,0.0,0.0,0.0,0.0,0.0,0.0,0.0,0.0,0.0,0.0
-0.1,0.0,0.0,0.3,-0.2,0.0,-0.1,0.0,0.0,0.3,-0.2,0.0,0.0,0.0,0.0,0.04096360920898719,-0.18981349896407876,-0.24053901934387878,-0.34281179745894436,-1.97202,0.36494838041906086,0.09250238628477671,-0.18030066732132224,0.16184878675226264,0.3094295731864212,-0.3335232799579746,1.97202,0.21961582001830005,0.521356627683012,0.0,0.0,0.0,0.0,0.0,0.0,0.0,0.0,0.0,0.0,0.0,0.0,0.0,0.0,0.0,0.2206352864072102,0.3542751723623359,-0.5950356058239397,0.04288137231368422,0.0,-1.0227004263042447,-0.16061412859967664,-2.311107318655055,-1.3045055181321639,0.7972701588728759,-2.1061714365226485,0.0,-5.098293095086433,1.6852486072281416,0.0,0.0,0.0,0.0,0.0,0.0,0.0,0.0,0.0,0.0,0.0,0.0,40.0,40.0,40.0,60.0,60.0,60.0,60.0,60.0,60.0,60.0,60.0,60.0,60.0,60.0,60.0,60.0,60.0,0.0,0.0,0.0,0.0,0.0,0.0,0.0,0.0,0.0,0.0,0.0,0.0,1.0,1.0,1.0,1.5,1.5,1.5,1.5,1.5,1.5,1.5,1.5,1.5,1.5,1.5,1.5,1.5,1.5,0.0,0.0,0.0,0.0,0.0,0.0,0.0,0.0,0.0,0.0,0.0,0.0,0.0,0.0,0.0,0.0,0.0,0.0,0.0,0.0,0.0,0.0,0.0,0.0,0.0,0.0,0.0,0.0,0.0
-0.1,0.0,0.0,0.3,-0.2,0.0,-0.1,0.0,0.0,0.3,-0.2,0.0,0.0,0.0,0.0,0.053305091245340705,-0.18275864158450217,-0.25077400691508944,-0.3377218817368595,-1.97202,0.3653009418505106,0.0816722630845354,-0.2324121035545115,0.12932672402120202,0.32985522157051556,-0.37249045076027126,1.97202,0.09253976404790627,0.5502037080783645,0.0,0.0,0.0,0.0,0.0,0.0,0.0,0.0,0.0,0.0,0.0,0.0,0.0,0.0,0.0,0.21643744937049,0.251193682531025,-0.5100629005060572,0.20135820107087116,0.0,-0.4700733210144997,0.06068713157799249,-2.186551093992126,-1.4756640553227562,1.5902501042054997,-1.9120579268089146,0.0,-6.023597416671827,1.259439033663509,0.0,0.0,0.0,0.0,0.0,0.0,0.0,0.0,0.0,0.0,0.0,0.0,40.0,40.0,40.0,60.0,60.0,60.0,60.0,60.0,60.0,60.0,60.0,60.0,60.0,60.0,60.0,60.0,60.0,0.0,0.0,0.0,0.0,0.0,0.0,0.0,0.0,0.0,0.0,0.0,0.0,1.0,1.0,1.0,1.5,1.5,1.5,1.5,1.5,1.5,1.5,1.5,1.5,1.5,1.5,1.5,1.5,1.5,0.0,0.0,0.0,0.0,0.0,0.0,0.0,0.0,0.0,0.0,0.0,0.0,0.0,0.0,0.0,0.0,0.0,0.0,0.0,0.0,0.0,0.0,0.0,0.0,0.0,0.0,0.0,0.0,0.0
-0.1,0.0,0.0,0.3,-0.2,0.0,-0.1,0.0,0.0,0.3,-0.2,0.0,0.0,0.0,0.0,0.04962110718380679,-0.17976575166283776,-0.26094153536412107,-0.3347574694161095,-1.97202,0.34614544757848087,0.09492987154789641,-0.2677627110810073,0.10282222453935239,0.3730395773546412,-0.4100055970303312,1.97202,-0.02132807664857307,0.5717341890295524,0.0,0.0,0.0,0.0,0.0,0.0,0.0,0.0,0.0,0.0,0.0,0.0,0.0,0.0,0.0,-0.4766782775432448,-0.05099425450594275,-0.7068435360722699,0.27199159329213546,0.0,-1.523977814091923,0.34011586067596333,-1.5203983243484702,-1.6818424761539017,2.3774326358584217,-1.48595030503912,0.0,-5.961130457649545,1.6281927535814338,0.0,0.0,0.0,0.0,0.0,0.0,0.0,0.0,0.0,0.0,0.0,0.0,40.0,40.0,40.0,60.0,60.0,60.0,60.0,60.0,60.0,60.0,60.0,60.0,60.0,60.0,60.0,60.0,60.0,0.0,0.0,0.0,0.0,0.0,0.0,0.0,0.0,0.0,0.0,0.0,0.0,1.0,1.0,1.0,1.5,1.5,1.5,1.5,1.5,1.5,1.5,1.5,1.5,1.5,1.5,1.5,1.5,1.5,0.0,0.0,0.0,0.0,0.0,0.0,0.0,0.0,0.0,0.0,0.0,0.0,0.0,0.0,0.0,0.0,0.0,0.0,0.0,0.0,0.0,0.0,0.0,0.0,0.0,0.0,0.0,0.0,0.0
-0.1,0.0,0.0,0.3,-0.2,0.0,-0.1,0.0,0.0,0.3,-0.2,0.0,0.0,0.0,0.0,0.03423796014361091,-0.18479841176473988,-0.27904774835798024,-0.3268422180051741,-1.97202,0.3043418292868337,0.09527689751157394,-0.2932280365284503,0.062053024975045945,0.4249525270048524,-0.43192846296183607,1.97202,-0.14590545425807552,0.6153314182216219,0.0,0.0,0.0,0.0,0.0,0.0,0.0,0.0,0.0,0.0,0.0,0.0,0.0,0.0,0.0,-0.35744697110104,0.024730988063594028,-0.6802274162065011,0.3036658160368605,0.0,-1.3291115861694944,-0.3590273681654554,-1.1543752995559111,-1.8195294587576027,2.5724948284949143,-0.6164935532775528,0.0,-6.15620922006741,2.7804188513570804,0.0,0.0,0.0,0.0,0.0,0.0,0.0,0.0,0.0,0.0,0.0,0.0,40.0,40.0,40.0,60.0,60.0,60.0,60.0,60.0,60.0,60.0,60.0,60.0,60.0,60.0,60.0,60.0,60.0,0.0,0.0,0.0,0.0,0.0,0.0,0.0,0.0,0.0,0.0,0.0,0.0,1.0,1.0,1.0,1.5,1.5,1.5,1.5,1.5,1.5,1.5,1.5,1.5,1.5,1.5,1.5,1.5,1.5,0.0,0.0,0.0,0.0,0.0,0.0,0.0,0.0,0.0,0.0,0.0,0.0,0.0,0.0,0.0,0.0,0.0,0.0,0.0,0.0,0.0,0.0,0.0,0.0,0.0,0.0,0.0,0.0,0.0
-0.1,0.0,0.0,0.3,-0.2,0.0,-0.1,0.0,0.0,0.3,-0.2,0.0,0.0,0.0,0.0,0.035323228339765186,-0.178776512140294,-0.2881506320123811,-0.3226108367746351,-1.97202,0.2929809841317011,0.08056877682127819,-0.31393772306324375,0.030041046189048275,0.4759393704944378,-0.4346653391614333,1.97202,-0.26757644545126946,0.6829509430838356,0.0,0.0,0.0,0.0,0.0,0.0,0.0,0.0,0.0,0.0,0.0,0.0,0.0,0.0,0.0,0.015112109510873918,0.20955395104729976,-0.3591050246758015,0.4117605545969863,0.0,-0.3243837363278268,-0.4224921427385668,-1.2191990605605898,-1.5657272598209093,3.1231437028241826,0.4191413287081766,0.0,-6.984826823156428,4.470890055107921,0.0,0.0,0.0,0.0,0.0,0.0,0.0,0.0,0.0,0.0,0.0,0.0,40.0,40.0,40.0,60.0,60.0,60.0,60.0,60.0,60.0,60.0,60.0,60.0,60.0,60.0,60.0,60.0,60.0,0.0,0.0,0.0,0.0,0.0,0.0,0.0,0.0,0.0,0.0,0.0,0.0,1.0,1.0,1.0,1.5,1.5,1.5,1.5,1.5,1.5,1.5,1.5,1.5,1.5,1.5,1.5,1.5,1.5,0.0,0.0,0.0,0.0,0.0,0.0,0.0,0.0,0.0,0.0,0.0,0.0,0.0,0.0,0.0,0.0,0.0,0.0,0.0,0.0,0.0,0.0,0.0,0.0,0.0,0.0,0.0,0.0,0.0
-0.1,0.0,0.0,0.3,-0.2,0.0,-0.1,0.0,0.0,0.3,-0.2,0.0,0.0,0.0,0.0,0.03484244452404587,-0.1764162537228479,-0.2934119493450123,-0.31037179582129465,-1.97202,0.2913664798337206,0.07837721180203126,-0.3419959989508739,-0.0005760654177904223,0.5498782751178197,-0.415162809813509,1.97202,-0.4252985271843327,0.7941670204259387,0.0,0.0,0.0,0.0,0.0,0.0,0.0,0.0,0.0,0.0,0.0,0.0,0.0,0.0,0.0,0.01564280164012017,0.12901684848830586,-0.07661835209906293,0.6118441832221044,0.0,-0.2544238036792962,-0.20025700536744004,-1.3856368018127785,-1.4534673514010963,3.904365609980956,1.1502377208774672,0.0,-7.882696142890971,4.843763827471337,0.0,0.0,0.0,0.0,0.0,0.0,0.0,0.0,0.0,0.0,0.0,0.0,40.0,40.0,40.0,60.0,60.0,60.0,60.0,60.0,60.0,60.0,60.0,60.0,60.0,60.0,60.0,60.0,60.0,0.0,0.0,0.0,0.0,0.0,0.0,0.0,0.0,0.0,0.0,0.0,0.0,1.0,1.0,1.0,1.5,1.5,1.5,1.5,1.5,1.5,1.5,1.5,1.5,1.5,1.5,1.5,1.5,1.5,0.0,0.0,0.0,0.0,0.0,0.0,0.0,0.0,0.0,0.0,0.0,0.0,0.0,0.0,0.0,0.0,0.0,0.0,0.0,0.0,0.0,0.0,0.0,0.0,0.0,0.0,0.0,0.0,0.0
-0.1,0.0,0.0,0.3,-0.2,0.0,-0.1,0.0,0.0,0.3,-0.2,0.0,0.0,0.0,0.0,0.03594894040536999,-0.17361583820076176,-0.29121536609634363,-0.2981370694457509,-1.97202,0.28280403198452925,0.07255849660658059,-0.3693631951357549,-0.02809764786699558,0.632113994893676,-0.3886558303263346,1.97202,-0.5828842911669083,0.8767014961826891,0.0,0.0,0.0,0.0,0.0,0.0,0.0,0.0,0.0,0.0,0.0,0.0,0.0,0.0,0.0,0.2126080208136946,0.19136561363126137,0.06514720278230218,0.6575705656592392,0.0,-0.428055702714214,-0.033348143990199336,-1.3708634338484917,-1.186242762712413,3.947757679548644,1.2813798933682465,0.0,-7.642633435579818,3.4666245340668698,0.0,0.0,0.0,0.0,0.0,0.0,0.0,0.0,0.0,0.0,0.0,0.0,40.0,40.0,40.0,60.0,60.0,60.0,60.0,60.0,60.0,60.0,60.0,60.0,60.0,60.0,60.0,60.0,60.0,0.0,0.0,0.0,0.0,0.0,0.0,0.0,0.0,0.0,0.0,0.0,0.0,1.0,1.0,1.0,1.5,1.5,1.5,1.5,1.5,1.5,1.5,1.5,1.5,1.5,1.5,1.5,1.5,1.5,0.0,0.0,0.0,0.0,0.0,0.0,0.0,0.0,0.0,0.0,0.0,0.0,0.0,0.0,0.0,0.0,0.0,0.0,0.0,0.0,0.0,0.0,0.0,0.0,0.0,0.0,0.0,0.0,0.0
-0.1,0.0,0.0,0.3,-0.2,0.0,-0.1,0.0,0.0,0.3,-0.2,0.0,0.0,0.0,0.0,0.04334676535659365,-0.16876162917759743,-0.2908060612337202,-0.2840689731949251,-1.97202,0.27424425172515204,0.07704328604242329,-0.3968305363048136,-0.04802577592628694,0.7077885822997655,-0.36390761407877914,1.97202,-0.7310038646075254,0.9328320017886135,0.0,0.0,0.0,0.0,0.0,0.0,0.0,0.0,0.0,0.0,0.0,0.0,0.0,0.0,0.0,0.6216398274038064,0.30705254124287135,0.1772234712854301,0.6245815211036273,0.0,0.06303290589163985,0.10918851249236035,-1.5864617466939026,-0.9440279768765263,3.9014769548164128,2.059228258076978,0.0,-8.368547618659768,3.984076384056956,0.0,0.0,0.0,0.0,0.0,0.0,0.0,0.0,0.0,0.0,0.0,0.0,40.0,40.0,40.0,60.0,60.0,60.0,60.0,60.0,60.0,60.0,60.0,60.0,60.0,60.0,60.0,60.0,60.0,0.0,0.0,0.0,0.0,0.0,0.0,0.0,0.0,0.0,0.0,0.0,0.0,1.0,1.0,1.0,1.5,1.5,1.5,1.5,1.5,1.5,1.5,1.5,1.5,1.5,1.5,1.5,1.5,1.5,0.0,0.0,0.0,0.0,0.0,0.0,0.0,0.0,0.0,0.0,0.0,0.0,0.0,0.0,0.0,0.0,0.0,0.0,0.0,0.0,0.0,0.0,0.0,0.0,0.0,0.0,0.0,0.0,0.0
-0.1,0.0,0.0,0.3,-0.2,0.0,-0.1,0.0,0.0,0.3,-0.2,0.0,0.0,0.0,0.0,0.06081453350152225,-0.1613337365510469,-0.2841264272449264,-0.2731538086016058,-1.97202,0.28532534822019484,0.076926037106275,-0.432821665003511,-0.06585876694205663,0.7881730730863326,-0.3062867000032555,1.97202,-0.9176261959132991,1.0360645515449673,0.0,0.0,0.0,0.0,0.0,0.0,0.0,0.0,0.0,0.0,0.0,0.0,0.0,0.0,0.0,0.8654815167780754,0.2629731520248743,0.38359064572991847,0.2801551815112435,0.0,1.132512048604252,0.368930061957538,-1.13273470456762,-0.5804365654745101,3.21929349880353,2.914136472630039,0.0,-6.9404289953360845,3.6041542792722563,0.0,0.0,0.0,0.0,0.0,0.0,0.0,0.0,0.0,0.0,0.0,0.0,40.0,40.0,40.0,60.0,60.0,60.0,60.0,60.0,60.0,60.0,60.0,60.0,60.0,60.0,60.0,60.0,60.0,0.0,0.0,0.0,0.0,0.0,0.0,0.0,0.0,0.0,0.0,0.0,0.0,1.0,1.0,1.0,1.5,1.5,1.5,1.5,1.5,1.5,1.5,1.5,1.5,1.5,1.5,1.5,1.5,1.5,0.0,0.0,0.0,0.0,0.0,0.0,0.0,0.0,0.0,0.0,0.0,0.0,0.0,0.0,0.0,0.0,0.0,0.0,0.0,0.0,0.0,0.0,0.0,0.0,0.0,0.0,0.0,0.0,0.0
-0.1,0.0,0.0,0.3,-0.2,0.0,-0.1,0.0,0.0,0.3,-0.2,0.0,0.0,0.0,0.0,0.07796602602771667,-0.15824270309660246,-0.2754624354045235,-0.27286276593447534,-1.97202,0.3195447336693221,0.09180048852072481,-0.4421399244875184,-0.07124323854526735,0.8365603222519067,-0.24734215517357758,1.97202,-1.0086210244209688,1.0769981729595037,0.0,0.0,0.0,0.0,0.0,0.0,0.0,0.0,0.0,0.0,0.0,0.0,0.0,0.0,0.0,0.2743685509088522,-0.0646519865150054,0.48145876211126426,0.017704828094845804,0.0,0.6431901319955149,0.34096131781880085,0.1906687744640298,0.13319386246089004,1.755535495319499,1.8974386078948038,0.0,-2.064944714356673,0.05578194798900871,0.0,0.0,0.0,0.0,0.0,0.0,0.0,0.0,0.0,0.0,0.0,0.0,40.0,40.0,40.0,60.0,60.0,60.0,60.0,60.0,60.0,60.0,60.0,60.0,60.0,60.0,60.0,60.0,60.0,0.0,0.0,0.0,0.0,0.0,0.0,0.0,0.0,0.0,0.0,0.0,0.0,1.0,1.0,1.0,1.5,1.5,1.5,1.5,1.5,1.5,1.5,1.5,1.5,1.5,1.5,1.5,1.5,1.5,0.0,0.0,0.0,0.0,0.0,0.0,0.0,0.0,0.0,0.0,0.0,0.0,0.0,0.0,0.0,0.0,0.0,0.0,0.0,0.0,0.0,0.0,0.0,0.0,0.0,0.0,0.0,0.0,0.0
-0.1,0.0,0.0,0.3,-0.2,0.0,-0.1,0.0,0.0,0.3,-0.2,0.0,0.0,0.0,0.0,0.07178927553787634,-0.16391981601164712,-0.26486807676047586,-0.272445615477812,-1.97202,0.31105295350001544,0.09056448981902704,-0.4251949140249498,-0.060531012443621024,0.8583944928991125,-0.23038915568746332,1.97202,-1.000223984487566,1.0382958294645277,0.0,0.0,0.0,0.0,0.0,0.0,0.0,0.0,0.0,0.0,0.0,0.0,0.0,0.0,0.0,-0.24940344302579465,-0.08968817663291759,0.3147854469151584,-0.3984890545407932,0.0,-0.6065888735663494,-0.10088622171190165,1.4329082567868383,0.06760206524097749,-0.03865729751797997,0.16773332338372374,0.0,2.7426492764050985,-2.8163326882533144,0.0,0.0,0.0,0.0,0.0,0.0,0.0,0.0,0.0,0.0,0.0,0.0,40.0,40.0,40.0,60.0,60.0,60.0,60.0,60.0,60.0,60.0,60.0,60.0,60.0,60.0,60.0,60.0,60.0,0.0,0.0,0.0,0.0,0.0,0.0,0.0,0.0,0.0,0.0,0.0,0.0,1.0,1.0,1.0,1.5,1.5,1.5,1.5,1.5,1.5,1.5,1.5,1.5,1.5,1.5,1.5,1.5,1.5,0.0,0.0,0.0,0.0,0.0,0.0,0.0,0.0,0.0,0.0,0.0,0.0,0.0,0.0,0.0,0.0,0.0,0.0,0.0,0.0,0.0,0.0,0.0,0.0,0.0,0.0,0.0,0.0,0.0
-0.1,0.0,0.0,0.3,-0.2,0.0,-0.1,0.0,0.0,0.3,-0.2,0.0,0.0,0.0,0.0,0.06798988830668488,-0.16183023016191916,-0.26287101752791714,-0.28880232811610707,-1.97202,0.29528117872666815,0.08776503965224874,-0.38482359421604484,-0.06853915593562825,0.8350140303511875,-0.24063282223822863,1.97202,-0.8989150533647648,0.9643448654293711,0.0,0.0,0.0,0.0,0.0,0.0,0.0,0.0,0.0,0.0,0.0,0.0,0.0,0.0,0.0,-0.29900790157685336,0.22019684057661207,0.1753409765171729,-0.9954211813147734,0.0,-1.160808444990044,-0.3609719000259335,2.777709181910626,-0.09480184228476199,-2.283150358216815,-1.2276879126810247,0.0,7.203353942360641,-4.836061406733244,0.0,0.0,0.0,0.0,0.0,0.0,0.0,0.0,0.0,0.0,0.0,0.0,40.0,40.0,40.0,60.0,60.0,60.0,60.0,60.0,60.0,60.0,60.0,60.0,60.0,60.0,60.0,60.0,60.0,0.0,0.0,0.0,0.0,0.0,0.0,0.0,0.0,0.0,0.0,0.0,0.0,1.0,1.0,1.0,1.5,1.5,1.5,1.5,1.5,1.5,1.5,1.5,1.5,1.5,1.5,1.5,1.5,1.5,0.0,0.0,0.0,0.0,0.0,0.0,0.0,0.0,0.0,0.0,0.0,0.0,0.0,0.0,0.0,0.0,0.0,0.0,0.0,0.0,0.0,0.0,0.0,0.0,0.0,0.0,0.0,0.0,0.0
-0.1,0.0,0.0,0.3,-0.2,0.0,-0.1,0.0,0.0,0.3,-0.2,0.0,0.0,0.0,0.0,0.059828959474802205,-0.15511194238858264,-0.25785443769978894,-0.3122624627304029,-1.97202,0.2646206157004137,0.0761256138179897,-0.31408654674852476,-0.0643230861350115,0.7670684785704399,-0.2794966721947043,1.97202,-0.7120898267931404,0.8448533731951979,0.0,0.0,0.0,0.0,0.0,0.0,0.0,0.0,0.0,0.0,0.0,0.0,0.0,0.0,0.0,-0.2914602241055667,0.26905592558094243,0.016853914325902497,-1.0397751146946133,0.0,-1.2276280467324527,-0.491125846626728,3.5664013751767123,0.5957047279462317,-4.266002105382674,-1.9399940071021928,0.0,10.279707528722671,-6.84963455793472,0.0,0.0,0.0,0.0,0.0,0.0,0.0,0.0,0.0,0.0,0.0,0.0,40.0,40.0,40.0,60.0,60.0,60.0,60.0,60.0,60.0,60.0,60.0,60.0,60.0,60.0,60.0,60.0,60.0,0.0,0.0,0.0,0.0,0.0,0.0,0.0,0.0,0.0,0.0,0.0,0.0,1.0,1.0,1.0,1.5,1.5,1.5,1.5,1.5,1.5,1.5,1.5,1.5,1.5,1.5,1.5,1.5,1.5,0.0,0.0,0.0,0.0,0.0,0.0,0.0,0.0,0.0,0.0,0.0,0.0,0.0,0.0,0.0,0.0,0.0,0.0,0.0,0.0,0.0,0.0,0.0,0.0,0.0,0.0,0.0,0.0,0.0
-0.1,0.0,0.0,0.3,-0.2,0.0,-0.1,0.0,0.0,0.3,-0.2,0.0,0.0,0.0,0.0,0.056331479342462215,-0.15106799313868147,-0.26219686095488104,-0.3303933327038916,-1.97202,0.24617605685737004,0.06812000578717962,-0.24216753920897635,-0.044710966817778974,0.6643739461358805,-0.31823258252231634,1.97202,-0.487726752215858,0.6903594831119824,0.0,0.0,0.0,0.0,0.0,0.0,0.0,0.0,0.0,0.0,0.0,0.0,0.0,0.0,0.0,0.2061956730552114,0.3327224888573385,0.09887271884410076,-0.5071058097692399,1.6059819233948724,-0.3553325351351458,-0.7253317599800841,2.808934153209417,1.0096407819654516,-5.369583166555616,-1.3672874650584255,0.0,9.237273146167567,-6.1410879130456815,0.0,0.0,0.0,0.0,0.0,0.0,0.0,0.0,0.0,0.0,0.0,0.0,40.0,40.0,40.0,60.0,60.0,60.0,60.0,60.0,60.0,60.0,60.0,60.0,60.0,60.0,60.0,60.0,60.0,0.0,0.0,0.0,0.0,0.0,0.0,0.0,0.0,0.0,0.0,0.0,0.0,1.0,1.0,1.0,1.5,1.5,1.5,1.5,1.5,1.5,1.5,1.5,1.5,1.5,1.5,1.5,1.5,1.5,0.0,0.0,0.0,0.0,0.0,0.0,0.0,0.0,0.0,0.0,0.0,0.0,0.0,0.0,0.0,0.0,0.0,0.0,0.0,0.0,0.0,0.0,0.0,0.0,0.0,0.0,0.0,0.0,0.0
-0.1,0.0,0.0,0.3,-0.2,0.0,-0.1,0.0,0.0,0.3,-0.2,0.0,0.0,0.0,0.0,0.06807678639701066,-0.1418030428342891,-0.2538995289460249,-0.3325466951211725,-1.9077807230642052,0.25040731429500784,0.04711234341878633,-0.20172918062014808,-0.023937454856393443,0.5522851519082153,-0.33418817079704133,1.97202,-0.3425989009464377,0.5992098566733707,0.0,0.0,0.0,0.0,0.0,0.0,0.0,0.0,0.0,0.0,0.0,0.0,0.0,0.0,0.0,0.49284574277987864,0.487046194037323,0.612189594301471,-0.10979272543731322,3.7825992336509016,0.036977584691015586,-0.9605264318149391,1.826660595777215,0.9750158019696389,-5.0443492152000005,-0.5235553916927371,0.0,6.368146126914229,-3.836019106512334,0.0,0.0,0.0,0.0,0.0,0.0,0.0,0.0,0.0,0.0,0.0,0.0,40.0,40.0,40.0,60.0,60.0,60.0,60.0,60.0,60.0,60.0,60.0,60.0,60.0,60.0,60.0,60.0,60.0,0.0,0.0,0.0,0.0,0.0,0.0,0.0,0.0,0.0,0.0,0.0,0.0,1.0,1.0,1.0,1.5,1.5,1.5,1.5,1.5,1.5,1.5,1.5,1.5,1.5,1.5,1.5,1.5,1.5,0.0,0.0,0.0,0.0,0.0,0.0,0.0,0.0,0.0,0.0,0.0,0.0,0.0,0.0,0.0,0.0,0.0,0.0,0.0,0.0,0.0,0.0,0.0,0.0,0.0,0.0,0.0,0.0,0.0
-0.1,0.0,0.0,0.3,-0.2,0.0,-0.1,0.0,0.0,0.3,-0.2,0.0,0.0,0.0,0.0,0.07604530905365736,-0.13158614537718855,-0.2377092771828222,-0.3347850417213841,-1.820716030653964,0.24765516024501066,0.02969894851458206,-0.16910111537788775,-0.00571033473899342,0.4625999775278805,-0.33917479819002583,1.97202,-0.23300090713928884,0.536918718851489,0.0,0.0,0.0,0.0,0.0,0.0,0.0,0.0,0.0,0.0,0.0,0.0,0.0,0.0,0.0,0.7971295749086758,0.7863864618794729,1.3244815883234513,-0.18878087694677026,3.2617527202804197,0.051534944453103526,-1.1373994866599393,0.9803821984351243,0.39676165759184,-4.44950380501796,-0.32259796361889387,0.0,4.1464008113313975,-2.3856819977320503,0.0,0.0,0.0,0.0,0.0,0.0,0.0,0.0,0.0,0.0,0.0,0.0,40.0,40.0,40.0,60.0,60.0,60.0,60.0,60.0,60.0,60.0,60.0,60.0,60.0,60.0,60.0,60.0,60.0,0.0,0.0,0.0,0.0,0.0,0.0,0.0,0.0,0.0,0.0,0.0,0.0,1.0,1.0,1.0,1.5,1.5,1.5,1.5,1.5,1.5,1.5,1.5,1.5,1.5,1.5,1.5,1.5,1.5,0.0,0.0,0.0,0.0,0.0,0.0,0.0,0.0,0.0,0.0,0.0,0.0,0.0,0.0,0.0,0.0,0.0,0.0,0.0,0.0,0.0,0.0,0.0,0.0,0.0,0.0,0.0,0.0,0.0
-0.1,0.0,0.0,0.3,-0.2,0.0,-0.1,0.0,0.0,0.3,-0.2,0.0,0.0,0.0,0.0,0.09996196939335769,-0.11034758435911018,-0.20092026541308686,-0.34009793019904333,-1.7773106142529884,0.252468712073132,0.0016163639523887638,-0.1625138926827431,-0.008066988552719844,0.37430499970749687,-0.3470920893417971,1.97202,-0.17674286849318177,0.5037825767640887,0.0,0.0,0.0,0.0,0.0,0.0,0.0,0.0,0.0,0.0,0.0,0.0,0.0,0.0,0.0,0.9381095931819072,0.9329995401781345,1.8940638060651542,-0.15819179178090115,1.244077694021567,-0.08391073200933949,-1.2530808576115888,0.26398026110440936,-0.3310465534603113,-3.574997022527235,-0.28512112393078853,0.0,1.909901191902527,-0.9428159677427508,0.0,0.0,0.0,0.0,0.0,0.0,0.0,0.0,0.0,0.0,0.0,0.0,40.0,40.0,40.0,60.0,60.0,60.0,60.0,60.0,60.0,60.0,60.0,60.0,60.0,60.0,60.0,60.0,60.0,0.0,0.0,0.0,0.0,0.0,0.0,0.0,0.0,0.0,0.0,0.0,0.0,1.0,1.0,1.0,1.5,1.5,1.5,1.5,1.5,1.5,1.5,1.5,1.5,1.5,1.5,1.5,1.5,1.5,0.0,0.0,0.0,0.0,0.0,0.0,0.0,0.0,0.0,0.0,0.0,0.0,0.0,0.0,0.0,0.0,0.0,0.0,0.0,0.0,0.0,0.0,0.0,0.0,0.0,0.0,0.0,0.0,0.0
-0.1,0.0,0.0,0.3,-0.2,0.0,-0.1,0.0,0.0,0.3,-0.2,0.0,0.0,0.0,0.0,0.11356969278093365,-0.09426616377006317,-0.16194672494021603,-0.34111271339262017,-1.7709529228931014,0.24429873096463708,-0.02042428578988149,-0.15854190493371137,-0.01895219687740587,0.3196000966267911,-0.35057964314725737,1.97202,-0.15660485946318775,0.499206080141779,0.0,0.0,0.0,0.0,0.0,0.0,0.0,0.0,0.0,0.0,0.0,0.0,0.0,0.0,0.0,0.6100617005271709,0.8084853287784219,1.701063248965224,0.035387221092639254,-0.08500283141969489,-0.6399134904770426,-1.0722820956605197,0.18780293293743852,-0.5905574129590833,-2.265976401863211,-0.13098768311948783,0.0,0.6698357168540885,0.07264028854155613,0.0,0.0,0.0,0.0,0.0,0.0,0.0,0.0,0.0,0.0,0.0,0.0,40.0,40.0,40.0,60.0,60.0,60.0,60.0,60.0,60.0,60.0,60.0,60.0,60.0,60.0,60.0,60.0,60.0,0.0,0.0,0.0,0.0,0.0,0.0,0.0,0.0,0.0,0.0,0.0,0.0,1.0,1.0,1.0,1.5,1.5,1.5,1.5,1.5,1.5,1.5,1.5,1.5,1.5,1.5,1.5,1.5,1.5,0.0,0.0,0.0,0.0,0.0,0.0,0.0,0.0,0.0,0.0,0.0,0.0,0.0,0.0,0.0,0.0,0.0,0.0,0.0,0.0,0.0,0.0,0.0,0.0,0.0,0.0,0.0,0.0,0.0
-0.1,0.0,0.0,0.3,-0.2,0.0,-0.1,0.0,0.0,0.3,-0.2,0.0,0.0,0.0,0.0,0.12436443741444453,-0.0780081712079733,-0.1328777354544779,-0.33868244135533776,-1.7807107275097762,0.22687217245405028,-0.04127491987403203,-0.15500177536524556,-0.03168928507108318,0.28366594363296843,-0.3523315966665766,1.97202,-0.14994943981901823,0.5066881883057509,0.0,0.0,0.0,0.0,0.0,0.0,0.0,0.0,0.0,0.0,0.0,0.0,0.0,0.0,0.0,0.9758668765918139,0.6750515708332699,0.7221087476827336,0.4773319547625235,-2.0703416265337835,1.2778308050810767,-2.1443470503358646,-0.09291987347309766,-0.3113885687423914,-0.9936291701122382,-0.031638738725982274,0.0,0.2914013804192206,0.1566663826902473,0.0,0.0,0.0,0.0,0.0,0.0,0.0,0.0,0.0,0.0,0.0,0.0,40.0,40.0,40.0,60.0,60.0,60.0,60.0,60.0,60.0,60.0,60.0,60.0,60.0,60.0,60.0,60.0,60.0,0.0,0.0,0.0,0.0,0.0,0.0,0.0,0.0,0.0,0.0,0.0,0.0,1.0,1.0,1.0,1.5,1.5,1.5,1.5,1.5,1.5,1.5,1.5,1.5,1.5,1.5,1.5,1.5,1.5,0.0,0.0,0.0,0.0,0.0,0.0,0.0,0.0,0.0,0.0,0.0,0.0,0.0,0.0,0.0,0.0,0.0,0.0,0.0,0.0,0.0,0.0,0.0,0.0,0.0,0.0,0.0,0.0,0.0
-0.1,0.0,0.0,0.3,-0.2,0.0,-0.1,0.0,0.0,0.3,-0.2,0.0,0.0,0.0,0.0,0.1526043678446062,-0.06726410093673237,-0.1330623750329067,-0.32201943520211923,-1.8537665879544527,0.29541196316788015,-0.10619816780331608,-0.16225869987263528,-0.03140773962710153,0.2798549298223016,-0.35184519269629666,1.97202,-0.14494880424641893,0.5054727354493889,0.0,0.0,0.0,0.0,0.0,0.0,0.0,0.0,0.0,0.0,0.0,0.0,0.0,0.0,0.0,0.4048482918671978,0.3982503507640846,0.40936667904788065,1.230759546714555,-3.9333796978130717,2.1857306969105124,-1.599182600227178,0.43673801264594025,0.3471363026835564,-0.020760067754911626,-0.5765290910828308,0.0,1.4569122798015952,0.452970113273754,0.0,0.0,0.0,0.0,0.0,0.0,0.0,0.0,0.0,0.0,0.0,0.0,40.0,40.0,40.0,60.0,60.0,60.0,60.0,60.0,60.0,60.0,60.0,60.0,60.0,60.0,60.0,60.0,60.0,0.0,0.0,0.0,0.0,0.0,0.0,0.0,0.0,0.0,0.0,0.0,0.0,1.0,1.0,1.0,1.5,1.5,1.5,1.5,1.5,1.5,1.5,1.5,1.5,1.5,1.5,1.5,1.5,1.5,0.0,0.0,0.0,0.0,0.0,0.0,0.0,0.0,0.0,0.0,0.0,0.0,0.0,0.0,0.0,0.0,0.0,0.0,0.0,0.0,0.0,0.0,0.0,0.0,0.0,0.0,0.0,0.0,0.0
-0.1,0.0,0.0,0.3,-0.2,0.0,-0.1,0.0,0.0,0.3,-0.2,0.0,0.0,0.0,0.0,0.14055836908913244,-0.06207815717740992,-0.11650306829256267,-0.28945205948675556,-1.938045915422299,0.31430140033047077,-0.10524222388311916,-0.13753225485940795,-0.017803832963740922,0.28283554092277197,-0.37539276030988983,1.97202,-0.09167294862695442,0.5248069928367011,0.0,0.0,0.0,0.0,0.0,0.0,0.0,0.0,0.0,0.0,0.0,0.0,0.0,0.0,0.0,-0.22951218563256812,-0.09755834411534631,-0.507738060822497,1.1987564990782116,3.298744398909631,1.884788454248014,0.17542751669712628,-0.33192286988516295,0.5620824622212736,0.6712934291611807,-0.6559054483477169,0.0,2.7870907461772143,-1.1878620537423625,0.0,0.0,0.0,0.0,0.0,0.0,0.0,0.0,0.0,0.0,0.0,0.0,40.0,40.0,40.0,60.0,60.0,60.0,60.0,60.0,60.0,60.0,60.0,60.0,60.0,60.0,60.0,60.0,60.0,0.0,0.0,0.0,0.0,0.0,0.0,0.0,0.0,0.0,0.0,0.0,0.0,1.0,1.0,1.0,1.5,1.5,1.5,1.5,1.5,1.5,1.5,1.5,1.5,1.5,1.5,1.5,1.5,1.5,0.0,0.0,0.0,0.0,0.0,0.0,0.0,0.0,0.0,0.0,0.0,0.0,0.0,0.0,0.0,0.0,0.0,0.0,0.0,0.0,0.0,0.0,0.0,0.0,0.0,0.0,0.0,0.0,0.0
-0.1,0.0,0.0,0.3,-0.2,0.0,-0.1,0.0,0.0,0.3,-0.2,0.0,0.0,0.0,0.0,0.14342388041930348,-0.07116643470134622,-0.15337189746580657,-0.27406917523899077,-1.7218168119980675,0.3708035013378007,-0.09918106713543103,-0.1755356146680418,-0.008924441138250585,0.3067066669887488,-0.37808141063020534,1.97202,-0.03346517439933036,0.45795825329969436,0.0,0.0,0.0,0.0,0.0,0.0,0.0,0.0,0.0,0.0,0.0,0.0,0.0,0.0,0.0,-0.3205183832151244,-0.5323364859163319,-0.9531405341419402,-0.663283271771456,5.784069587031371,3.372587819162895,0.2916362340560641,-1.0549053434292015,-0.33279615678487123,0.7236385761665589,0.5677997767504689,0.0,3.3408659131580642,-2.857499331910035,0.0,0.0,0.0,0.0,0.0,0.0,0.0,0.0,0.0,0.0,0.0,0.0,40.0,40.0,40.0,60.0,60.0,60.0,60.0,60.0,60.0,60.0,60.0,60.0,60.0,60.0,60.0,60.0,60.0,0.0,0.0,0.0,0.0,0.0,0.0,0.0,0.0,0.0,0.0,0.0,0.0,1.0,1.0,1.0,1.5,1.5,1.5,1.5,1.5,1.5,1.5,1.5,1.5,1.5,1.5,1.5,1.5,1.5,0.0,0.0,0.0,0.0,0.0,0.0,0.0,0.0,0.0,0.0,0.0,0.0,0.0,0.0,0.0,0.0,0.0,0.0,0.0,0.0,0.0,0.0,0.0,0.0,0.0,0.0,0.0,0.0,0.0
-0.1,0.0,0.0,0.3,-0.2,0.0,-0.1,0.0,0.0,0.3,-0.2,0.0,0.0,0.0,0.0,0.12773763376052746,-0.0833716166140632,-0.15462868965824028,-0.3159833903576138,-1.7066831319410443,0.44920491309698657,-0.0935767745208766,-0.179728468596576,-0.031115679235135772,0.3117810839694343,-0.3526807692398711,1.97202,0.04196168789936815,0.41050701956029967,0.0,0.0,0.0,0.0,0.0,0.0,0.0,0.0,0.0,0.0,0.0,0.0,0.0,0.0,0.0,-1.4151068283074753,-0.3811460851860005,0.22037967868213104,-1.4487871551116513,0.4439242600454085,2.7732066853750124,0.7305907814074741,0.44475801433423096,-0.8492595607300223,0.028173044950229043,0.7355781746397394,0.0,4.402213127787583,-3.4197075445295737,0.0,0.0,0.0,0.0,0.0,0.0,0.0,0.0,0.0,0.0,0.0,0.0,40.0,40.0,40.0,60.0,60.0,60.0,60.0,60.0,60.0,60.0,60.0,60.0,60.0,60.0,60.0,60.0,60.0,0.0,0.0,0.0,0.0,0.0,0.0,0.0,0.0,0.0,0.0,0.0,0.0,1.0,1.0,1.0,1.5,1.5,1.5,1.5,1.5,1.5,1.5,1.5,1.5,1.5,1.5,1.5,1.5,1.5,0.0,0.0,0.0,0.0,0.0,0.0,0.0,0.0,0.0,0.0,0.0,0.0,0.0,0.0,0.0,0.0,0.0,0.0,0.0,0.0,0.0,0.0,0.0,0.0,0.0,0.0,0.0,0.0,0.0
-0.1,0.0,0.0,0.3,-0.2,0.0,-0.1,0.0,0.0,0.3,-0.2,0.0,0.0,0.0,0.0,0.08681960728700447,-0.08641227810878624,-0.14455671031852133,-0.3320206614434568,-1.7040598415962511,0.4817317687528012,-0.06995743587913206,-0.15774529409467256,-0.04289482356745147,0.307833588786758,-0.34865828364461576,1.97202,0.14262335071217294,0.3211699515185114,0.0,0.0,0.0,0.0,0.0,0.0,0.0,0.0,0.0,0.0,0.0,0.0,0.0,0.0,0.0,-1.068847239441371,-0.40698968023673704,-0.18410744424070188,-1.3456471994819723,0.7131213893849908,1.6365774171781076,0.7064811026187313,0.45961192561144376,-0.33627063361241544,-1.0772936556354238,0.2956641178998687,0.0,5.607452551492982,-6.730077367592685,0.0,0.0,0.0,0.0,0.0,0.0,0.0,0.0,0.0,0.0,0.0,0.0,40.0,40.0,40.0,60.0,60.0,60.0,60.0,60.0,60.0,60.0,60.0,60.0,60.0,60.0,60.0,60.0,60.0,0.0,0.0,0.0,0.0,0.0,0.0,0.0,0.0,0.0,0.0,0.0,0.0,1.0,1.0,1.0,1.5,1.5,1.5,1.5,1.5,1.5,1.5,1.5,1.5,1.5,1.5,1.5,1.5,1.5,0.0,0.0,0.0,0.0,0.0,0.0,0.0,0.0,0.0,0.0,0.0,0.0,0.0,0.0,0.0,0.0,0.0,0.0,0.0,0.0,0.0,0.0,0.0,0.0,0.0,0.0,0.0,0.0,0.0
-0.1,0.0,0.0,0.3,-0.2,0.0,-0.1,0.0,0.0,0.3,-0.2,0.0,0.0,0.0,0.0,0.08498374418287262,-0.09965120382353268,-0.16199298742786836,-0.3698092783368927,-1.6781582763656446,0.5146680097841109,-0.06531753041612734,-0.16134399157211826,-0.04456650457963239,0.2686893377440174,-0.3408542045238763,1.97202,0.26625978995908745,0.14130392485659227,0.0,0.0,0.0,0.0,0.0,0.0,0.0,0.0,0.0,0.0,0.0,0.0,0.0,0.0,0.0,0.12363715854735932,-0.15950637243627025,-0.09002854586976708,-1.821624405595365,0.43097665341351177,1.7149542622985374,-1.221306225912734,0.11309770328449403,-0.16859520967306035,-2.678624567322606,0.12744900824377958,0.0,5.922560092204982,-8.91181142802113,0.0,0.0,0.0,0.0,0.0,0.0,0.0,0.0,0.0,0.0,0.0,0.0,40.0,40.0,40.0,60.0,60.0,60.0,60.0,60.0,60.0,60.0,60.0,60.0,60.0,60.0,60.0,60.0,60.0,0.0,0.0,0.0,0.0,0.0,0.0,0.0,0.0,0.0,0.0,0.0,0.0,1.0,1.0,1.0,1.5,1.5,1.5,1.5,1.5,1.5,1.5,1.5,1.5,1.5,1.5,1.5,1.5,1.5,0.0,0.0,0.0,0.0,0.0,0.0,0.0,0.0,0.0,0.0,0.0,0.0,0.0,0.0,0.0,0.0,0.0,0.0,0.0,0.0,0.0,0.0,0.0,0.0,0.0,0.0,0.0,0.0,0.0
-0.1,0.0,0.0,0.3,-0.2,0.0,-0.1,0.0,0.0,0.3,-0.2,0.0,0.0,0.0,0.0,0.09176509362889884,-0.09279253300623705,-0.148157852153312,-0.4048856376672714,-1.6868207754597107,0.5503299392447427,-0.11880968491564142,-0.1532213859632928,-0.04963863195437389,0.20068860609385375,-0.3435603233148646,1.97202,0.37952575440037223,-0.0353025056023338,0.0,0.0,0.0,0.0,0.0,0.0,0.0,0.0,0.0,0.0,0.0,0.0,0.0,0.0,0.0,0.03978982234542211,-0.0014929827950881797,0.29185995294543493,-0.9829687785786841,1.6052997670959246,1.30731967254121,-2.025692675348409,0.15245555199874805,0.24420297294131255,-3.0163222044585574,-0.5778490707614394,0.0,5.3132191174885985,-8.618189113104313,0.0,0.0,0.0,0.0,0.0,0.0,0.0,0.0,0.0,0.0,0.0,0.0,40.0,40.0,40.0,60.0,60.0,60.0,60.0,60.0,60.0,60.0,60.0,60.0,60.0,60.0,60.0,60.0,60.0,0.0,0.0,0.0,0.0,0.0,0.0,0.0,0.0,0.0,0.0,0.0,0.0,1.0,1.0,1.0,1.5,1.5,1.5,1.5,1.5,1.5,1.5,1.5,1.5,1.5,1.5,1.5,1.5,1.5,0.0,0.0,0.0,0.0,0.0,0.0,0.0,0.0,0.0,0.0,0.0,0.0,0.0,0.0,0.0,0.0,0.0,0.0,0.0,0.0,0.0,0.0,0.0,0.0,0.0,0.0,0.0,0.0,0.0
-0.1,0.0,0.0,0.3,-0.2,0.0,-0.1,0.0,0.0,0.3,-0.2,0.0,0.0,0.0,0.0,0.0865753370766895,-0.09971092313533621,-0.15031858931005096,-0.40912802948004007,-1.6139462856818076,0.5669607966857593,-0.1463452374300637,-0.15524576949216834,-0.03479838566197989,0.14803644956567508,-0.3639681673543339,1.97202,0.4787885546586314,-0.20342363966758026,0.0,0.0,0.0,0.0,0.0,0.0,0.0,0.0,0.0,0.0,0.0,0.0,0.0,0.0,0.0,-0.6066185934814995,-0.2600653780811427,0.1418759185155792,-0.686930728506542,3.1446018581082367,0.07386451388801396,0.4109502202357149,0.3531052011052027,0.7824282934455966,-2.960608611017581,-0.9588580441567712,0.0,5.837569287153353,-6.743521588411993,0.0,0.0,0.0,0.0,0.0,0.0,0.0,0.0,0.0,0.0,0.0,0.0,40.0,40.0,40.0,60.0,60.0,60.0,60.0,60.0,60.0,60.0,60.0,60.0,60.0,60.0,60.0,60.0,60.0,0.0,0.0,0.0,0.0,0.0,0.0,0.0,0.0,0.0,0.0,0.0,0.0,1.0,1.0,1.0,1.5,1.5,1.5,1.5,1.5,1.5,1.5,1.5,1.5,1.5,1.5,1.5,1.5,1.5,0.0,0.0,0.0,0.0,0.0,0.0,0.0,0.0,0.0,0.0,0.0,0.0,0.0,0.0,0.0,0.0,0.0,0.0,0.0,0.0,0.0,0.0,0.0,0.0,0.0,0.0,0.0,0.0,0.0
-0.1,0.0,0.0,0.3,-0.2,0.0,-0.1,0.0,0.0,0.3,-0.2,0.0,0.0,0.0,0.0,0.06750034988963886,-0.10319514812948276,-0.14248281541268884,-0.4323628668075331,-1.5610367011353812,0.5532845198002633,-0.10237167610621282,-0.13909717791908469,-0.018341500216550028,0.0822642616531505,-0.38191464508113543,1.97202,0.6130285258865064,-0.3050433691388135,0.0,0.0,0.0,0.0,0.0,0.0,0.0,0.0,0.0,0.0,0.0,0.0,0.0,0.0,0.0,-0.5205992293789781,-0.23914512131468224,-0.18150663203897327,-1.1545598719228154,3.2068945665413016,-0.9618465847754526,0.982280803259928,0.38550610777375244,0.8217342286876324,-2.98785437190324,-0.5779084194327724,0.0,5.475675266770367,-5.041153676182295,0.0,0.0,0.0,0.0,0.0,0.0,0.0,0.0,0.0,0.0,0.0,0.0,40.0,40.0,40.0,60.0,60.0,60.0,60.0,60.0,60.0,60.0,60.0,60.0,60.0,60.0,60.0,60.0,60.0,0.0,0.0,0.0,0.0,0.0,0.0,0.0,0.0,0.0,0.0,0.0,0.0,1.0,1.0,1.0,1.5,1.5,1.5,1.5,1.5,1.5,1.5,1.5,1.5,1.5,1.5,1.5,1.5,1.5,0.0,0.0,0.0,0.0,0.0,0.0,0.0,0.0,0.0,0.0,0.0,0.0,0.0,0.0,0.0,0.0,0.0,0.0,0.0,0.0,0.0,0.0,0.0,0.0,0.0,0.0,0.0,0.0,0.0
-0.1,0.0,0.0,0.3,-0.2,0.0,-0.1,0.0,0.0,0.3,-0.2,0.0,0.0,0.0,0.0,0.06575136790153038,-0.1092767279879235,-0.1575788545916099,-0.4553104243569527,-1.4856705030201556,0.5284869332947412,-0.10705400529966658,-0.13982552518121824,-0.001929016514474592,0.028522274689545466,-0.3870845041316448,1.97202,0.6978155653294461,-0.40506978671487204,0.0,0.0,0.0,0.0,0.0,0.0,0.0,0.0,0.0,0.0,0.0,0.0,0.0,0.0,0.0,-0.1450812479618653,-0.39370812734519955,-0.6594956173826368,-0.8150781888506459,2.6395408750075564,-1.7981824336104568,0.32930321929509726,0.5120930604265935,0.6662488475835358,-2.6161930634256,-0.4383618388684826,0.0,2.385093619930334,-2.8409420594271317,0.0,0.0,0.0,0.0,0.0,0.0,0.0,0.0,0.0,0.0,0.0,0.0,40.0,40.0,40.0,60.0,60.0,60.0,60.0,60.0,60.0,60.0,60.0,60.0,60.0,60.0,60.0,60.0,60.0,0.0,0.0,0.0,0.0,0.0,0.0,0.0,0.0,0.0,0.0,0.0,0.0,1.0,1.0,1.0,1.5,1.5,1.5,1.5,1.5,1.5,1.5,1.5,1.5,1.5,1.5,1.5,1.5,1.5,0.0,0.0,0.0,0.0,0.0,0.0,0.0,0.0,0.0,0.0,0.0,0.0,0.0,0.0,0.0,0.0,0.0,0.0,0.0,0.0,0.0,0.0,0.0,0.0,0.0,0.0,0.0,0.0,0.0
-0.1,0.0,0.0,0.3,-0.2,0.0,-0.1,0.0,0.0,0.3,-0.2,0.0,0.0,0.0,0.0,0.06169709997116425,-0.11894347322329074,-0.16886264010799432,-0.46496599436155894,-1.455455066135079,0.481357222455845,-0.08919954733440894,-0.11861345550202095,0.008308453686791402,-0.022383460883873496,-0.39944911863587473,1.97202,0.7084322706837197,-0.4186810515158988,0.0,0.0,0.0,0.0,0.0,0.0,0.0,0.0,0.0,0.0,0.0,0.0,0.0,0.0,0.0,0.03805530452099387,-0.36480464871448853,-0.616634133809614,-0.41792769158264936,1.8757831533057046,-2.133784529738632,0.4896473477926166,0.9599368305784901,0.0916389619191759,-1.521799854572708,-0.14991524803200235,0.0,-1.451484114666826,0.31021577379199555,0.0,0.0,0.0,0.0,0.0,0.0,0.0,0.0,0.0,0.0,0.0,0.0,40.0,40.0,40.0,60.0,60.0,60.0,60.0,60.0,60.0,60.0,60.0,60.0,60.0,60.0,60.0,60.0,60.0,0.0,0.0,0.0,0.0,0.0,0.0,0.0,0.0,0.0,0.0,0.0,0.0,1.0,1.0,1.0,1.5,1.5,1.5,1.5,1.5,1.5,1.5,1.5,1.5,1.5,1.5,1.5,1.5,1.5,0.0,0.0,0.0,0.0,0.0,0.0,0.0,0.0,0.0,0.0,0.0,0.0,0.0,0.0,0.0,0.0,0.0,0.0,0.0,0.0,0.0,0.0,0.0,0.0,0.0,0.0,0.0,0.0,0.0
-0.1,0.0,0.0,0.3,-0.2,0.0,-0.1,0.0,0.0,0.3,-0.2,0.0,0.0,0.0,0.0,0.06727358008237014,-0.12386891393650304,-0.18224421994399445,-0.47202753202025866,-1.4106391768879274,0.4431355521051959,-0.08746811138796191,-0.10142805195807864,0.0017365419622924435,-0.03234971949336286,-0.3930811140529249,1.97202,0.6397562007427731,-0.3926611557631922,0.0,0.0,0.0,0.0,0.0,0.0,0.0,0.0,0.0,0.0,0.0,0.0,0.0,0.0,0.0,0.10215167199768699,-0.16079910772777498,-0.557357671183506,-0.24206202179155312,1.7880050217273735,-2.004777306985707,0.3005339935241366,1.121289860353568,-0.4274171586078745,0.37370769334410664,0.468144439243523,0.0,-3.858118081414738,2.29340278441946,0.0,0.0,0.0,0.0,0.0,0.0,0.0,0.0,0.0,0.0,0.0,0.0,40.0,40.0,40.0,60.0,60.0,60.0,60.0,60.0,60.0,60.0,60.0,60.0,60.0,60.0,60.0,60.0,60.0,0.0,0.0,0.0,0.0,0.0,0.0,0.0,0.0,0.0,0.0,0.0,0.0,1.0,1.0,1.0,1.5,1.5,1.5,1.5,1.5,1.5,1.5,1.5,1.5,1.5,1.5,1.5,1.5,1.5,0.0,0.0,0.0,0.0,0.0,0.0,0.0,0.0,0.0,0.0,0.0,0.0,0.0,0.0,0.0,0.0,0.0,0.0,0.0,0.0,0.0,0.0,0.0,0.0,0.0,0.0,0.0,0.0,0.0
-0.1,0.0,0.0,0.3,-0.2,0.0,-0.1,0.0,0.0,0.3,-0.2,0.0,0.0,0.0,0.0,0.06578316685107173,-0.12537543753240174,-0.19115694695533456,-0.47464847523322107,-1.383934865265984,0.4011661301764167,-0.07717818759344347,-0.07376186108787823,-0.008788232657523576,-0.007435153150109231,-0.3807233410661338,1.97202,0.5541075474271302,-0.3269449401391204,0.0,0.0,0.0,0.0,0.0,0.0,0.0,0.0,0.0,0.0,0.0,0.0,0.0,0.0,0.0,-0.024944837772241865,-0.07180037785856352,-0.54198675234719,-0.11695712526729879,0.8953752024907113,-1.7467273901332971,0.7555396202719314,1.254072001208634,-0.5128630325038589,1.7466462627993184,0.7689749052175412,0.0,-4.571690621094274,3.3927468014793516,0.0,0.0,0.0,0.0,0.0,0.0,0.0,0.0,0.0,0.0,0.0,0.0,40.0,40.0,40.0,60.0,60.0,60.0,60.0,60.0,60.0,60.0,60.0,60.0,60.0,60.0,60.0,60.0,60.0,0.0,0.0,0.0,0.0,0.0,0.0,0.0,0.0,0.0,0.0,0.0,0.0,1.0,1.0,1.0,1.5,1.5,1.5,1.5,1.5,1.5,1.5,1.5,1.5,1.5,1.5,1.5,1.5,1.5,0.0,0.0,0.0,0.0,0.0,0.0,0.0,0.0,0.0,0.0,0.0,0.0,0.0,0.0,0.0,0.0,0.0,0.0,0.0,0.0,0.0,0.0,0.0,0.0,0.0,0.0,0.0,0.0,0.0
-0.1,0.0,0.0,0.3,-0.2,0.0,-0.1,0.0,0.0,0.3,-0.2,0.0,0.0,0.0,0.0,0.06627578657148046,-0.12674092905084558,-0.20392369003788205,-0.4767058170309506,-1.374824168788299,0.373266456499864,-0.05724652657708466,-0.05126517190973328,-0.018777979337861912,0.03751613101860987,-0.36232211784422325,1.97202,0.4568885758990021,-0.25695128370401815,0.0,0.0,0.0,0.0,0.0,0.0,0.0,0.0,0.0,0.0,0.0,0.0,0.0,0.0,0.0,0.04021538252048547,0.024278034891036734,-0.39238353397911124,-0.07595573824397128,0.6581085125516861,-1.4045575620408022,0.7115944130795797,1.125984862153053,-0.5523249078608347,2.415150522322477,0.9878111130288372,0.0,-5.106655046000501,4.042205430733505,0.0,0.0,0.0,0.0,0.0,0.0,0.0,0.0,0.0,0.0,0.0,0.0,40.0,40.0,40.0,60.0,60.0,60.0,60.0,60.0,60.0,60.0,60.0,60.0,60.0,60.0,60.0,60.0,60.0,0.0,0.0,0.0,0.0,0.0,0.0,0.0,0.0,0.0,0.0,0.0,0.0,1.0,1.0,1.0,1.5,1.5,1.5,1.5,1.5,1.5,1.5,1.5,1.5,1.5,1.5,1.5,1.5,1.5,0.0,0.0,0.0,0.0,0.0,0.0,0.0,0.0,0.0,0.0,0.0,0.0,0.0,0.0,0.0,0.0,0.0,0.0,0.0,0.0,0.0,0.0,0.0,0.0,0.0,0.0,0.0,0.0,0.0
-0.1,0.0,0.0,0.3,-0.2,0.0,-0.1,0.0,0.0,0.3,-0.2,0.0,0.0,0.0,0.0,0.06739178215189115,-0.12440431613676027,-0.206852288314499,-0.4776867047629799,-1.3576105247639165,0.34498382769478464,-0.04871441107026028,-0.028722466601756105,-0.030881228971956963,0.08917086774278986,-0.3412108965449803,1.97202,0.34984134558711016,-0.1652567229097802,0.0,0.0,0.0,0.0,0.0,0.0,0.0,0.0,0.0,0.0,0.0,0.0,0.0,0.0,0.0,0.1946995136581968,0.28552053871785943,-0.12194525163405079,0.1820141274694681,-0.04582335915924718,-0.7942305124904694,0.2742349036620982,0.6434965899775225,-0.632506774518176,2.8681250071954945,1.235567655266616,0.0,-4.9212816851197045,4.552178402436578,0.0,0.0,0.0,0.0,0.0,0.0,0.0,0.0,0.0,0.0,0.0,0.0,40.0,40.0,40.0,60.0,60.0,60.0,60.0,60.0,60.0,60.0,60.0,60.0,60.0,60.0,60.0,60.0,60.0,0.0,0.0,0.0,0.0,0.0,0.0,0.0,0.0,0.0,0.0,0.0,0.0,1.0,1.0,1.0,1.5,1.5,1.5,1.5,1.5,1.5,1.5,1.5,1.5,1.5,1.5,1.5,1.5,1.5,0.0,0.0,0.0,0.0,0.0,0.0,0.0,0.0,0.0,0.0,0.0,0.0,0.0,0.0,0.0,0.0,0.0,0.0,0.0,0.0,0.0,0.0,0.0,0.0,0.0,0.0,0.0,0.0,0.0
-0.1,0.0,0.0,0.3,-0.2,0.0,-0.1,0.0,0.0,0.3,-0.2,0.0,0.0,0.0,0.0,0.07406376711780834,-0.1153201075021312,-0.20880150010324408,-0.4694252519321719,-1.3766571031546688,0.34149723600024523,-0.04627713043060073,-0.02552530831063238,-0.04407825031858895,0.15224113130642966,-0.3128994116335586,1.97202,0.2600373084942139,-0.07486414760655502,0.0,0.0,0.0,0.0,0.0,0.0,0.0,0.0,0.0,0.0,0.0,0.0,0.0,0.0,0.0,0.31691079740266553,0.40981388472072705,0.1300014749644432,0.45395069105632485,-1.0190365248552935,0.12767291658062202,0.01892312612268455,0.09115024568167673,-0.5726552233750218,2.9361851008308366,1.3535493764554138,0.0,-4.162128508693322,4.266131965823421,0.0,0.0,0.0,0.0,0.0,0.0,0.0,0.0,0.0,0.0,0.0,0.0,40.0,40.0,40.0,60.0,60.0,60.0,60.0,60.0,60.0,60.0,60.0,60.0,60.0,60.0,60.0,60.0,60.0,0.0,0.0,0.0,0.0,0.0,0.0,0.0,0.0,0.0,0.0,0.0,0.0,1.0,1.0,1.0,1.5,1.5,1.5,1.5,1.5,1.5,1.5,1.5,1.5,1.5,1.5,1.5,1.5,1.5,0.0,0.0,0.0,0.0,0.0,0.0,0.0,0.0,0.0,0.0,0.0,0.0,0.0,0.0,0.0,0.0,0.0,0.0,0.0,0.0,0.0,0.0,0.0,0.0,0.0,0.0,0.0,0.0,0.0
-0.1,0.0,0.0,0.3,-0.2,0.0,-0.1,0.0,0.0,0.3,-0.2,0.0,0.0,0.0,0.0,0.08006821404799777,-0.10801176074793119,-0.20165222931592128,-0.4595286771207269,-1.3983719857581283,0.3500907443580095,-0.0479574860253529,-0.025076456774489036,-0.053787437906957836,0.20661827177602332,-0.2870689214867638,1.97202,0.18335620523937726,0.005388555723156638,0.0,0.0,0.0,0.0,0.0,0.0,0.0,0.0,0.0,0.0,0.0,0.0,0.0,0.0,0.0,0.22473553737948557,0.28699326204780184,0.44087545119829846,0.33560700999078624,-1.0523023244470409,0.4506201332354187,0.07965835445463386,-0.06014759893382387,-0.3374253512093453,2.4544948379696696,0.9519982631985543,0.0,-3.363269819806583,3.6878731014656356,0.0,0.0,0.0,0.0,0.0,0.0,0.0,0.0,0.0,0.0,0.0,0.0,40.0,40.0,40.0,60.0,60.0,60.0,60.0,60.0,60.0,60.0,60.0,60.0,60.0,60.0,60.0,60.0,60.0,0.0,0.0,0.0,0.0,0.0,0.0,0.0,0.0,0.0,0.0,0.0,0.0,1.0,1.0,1.0,1.5,1.5,1.5,1.5,1.5,1.5,1.5,1.5,1.5,1.5,1.5,1.5,1.5,1.5,0.0,0.0,0.0,0.0,0.0,0.0,0.0,0.0,0.0,0.0,0.0,0.0,0.0,0.0,0.0,0.0,0.0,0.0,0.0,0.0,0.0,0.0,0.0,0.0,0.0,0.0,0.0,0.0,0.0
-0.1,0.0,0.0,0.3,-0.2,0.0,-0.1,0.0,0.0,0.3,-0.2,0.0,0.0,0.0,0.0,0.08305318861298776,-0.10384037702021913,-0.19116648205531214,-0.45600097153254043,-1.4187491961325505,0.359522041329662,-0.043090796252415374,-0.027931212267985336,-0.05757526436696277,0.25042092482521644,-0.27481948110561644,1.97202,0.1255065157019506,0.07265077645207041,0.0,0.0,0.0,0.0,0.0,0.0,0.0,0.0,0.0,0.0,0.0,0.0,0.0,0.0,0.0,0.07490050792557934,0.08765058750419795,0.39758946736517736,0.04567405859714074,-1.1915227621739521,0.40130489601983843,0.5189551873289214,-0.22273825084988705,-0.044672226162363084,1.966471298464957,0.34666210728523245,0.0,-2.381329532375594,2.875265891023648,0.0,0.0,0.0,0.0,0.0,0.0,0.0,0.0,0.0,0.0,0.0,0.0,40.0,40.0,40.0,60.0,60.0,60.0,60.0,60.0,60.0,60.0,60.0,60.0,60.0,60.0,60.0,60.0,60.0,0.0,0.0,0.0,0.0,0.0,0.0,0.0,0.0,0.0,0.0,0.0,0.0,1.0,1.0,1.0,1.5,1.5,1.5,1.5,1.5,1.5,1.5,1.5,1.5,1.5,1.5,1.5,1.5,1.5,0.0,0.0,0.0,0.0,0.0,0.0,0.0,0.0,0.0,0.0,0.0,0.0,0.0,0.0,0.0,0.0,0.0,0.0,0.0,0.0,0.0,0.0,0.0,0.0,0.0,0.0,0.0,0.0,0.0
-0.1,0.0,0.0,0.3,-0.2,0.0,-0.1,0.0,0.0,0.3,-0.2,0.0,0.0,0.0,0.0,0.08306423436502094,-0.10450573724776327,-0.18574865062131418,-0.4577017147768413,-1.4460328962450864,0.36614294019880306,-0.02719927853219604,-0.03398598680848452,-0.05557432695345236,0.2852771237146216,-0.2732024371953545,1.97202,0.0881030239443535,0.12039919136410256,0.0,0.0,0.0,0.0,0.0,0.0,0.0,0.0,0.0,0.0,0.0,0.0,0.0,0.0,0.0,0.013609274089866619,0.036153670906364024,0.3206601426496501,-0.13393210546641388,-1.0751146269481204,0.2598481294401392,0.741441132718086,-0.2551639095238241,0.14764777776824395,1.3919226465774828,-0.009663408847138122,0.0,-1.5178907630590606,2.296500637096835,0.0,0.0,0.0,0.0,0.0,0.0,0.0,0.0,0.0,0.0,0.0,0.0,40.0,40.0,40.0,60.0,60.0,60.0,60.0,60.0,60.0,60.0,60.0,60.0,60.0,60.0,60.0,60.0,60.0,0.0,0.0,0.0,0.0,0.0,0.0,0.0,0.0,0.0,0.0,0.0,0.0,1.0,1.0,1.0,1.5,1.5,1.5,1.5,1.5,1.5,1.5,1.5,1.5,1.5,1.5,1.5,1.5,1.5,0.0,0.0,0.0,0.0,0.0,0.0,0.0,0.0,0.0,0.0,0.0,0.0,0.0,0.0,0.0,0.0,0.0,0.0,0.0,0.0,0.0,0.0,0.0,0.0,0.0,0.0,0.0,0.0,0.0
-0.1,0.0,0.0,0.3,-0.2,0.0,-0.1,0.0,0.0,0.3,-0.2,0.0,0.0,0.0,0.0,0.08359755957658242,-0.10239423018396457,-0.17834007634932614,-0.461358255751197,-1.4617537812104753,0.36991596650726755,-0.013433150943691933,-0.0381377686489383,-0.05166935325623301,0.30609783068831575,-0.27520601745950196,1.97202,0.06479088517958817,0.1645108019359438,0.0,0.0,0.0,0.0,0.0,0.0,0.0,0.0,0.0,0.0,0.0,0.0,0.0,0.0,0.0,-0.05670655370500072,0.16798171681793628,0.23677493612068445,-0.15389466647926509,-0.2298277427653206,0.21196182904680283,0.16088492409954483,-0.3433751830595502,0.26530791001102594,0.7401235560530378,-0.14076154604012736,0.0,-0.8338190279484616,2.326012025811853,0.0,0.0,0.0,0.0,0.0,0.0,0.0,0.0,0.0,0.0,0.0,0.0,40.0,40.0,40.0,60.0,60.0,60.0,60.0,60.0,60.0,60.0,60.0,60.0,60.0,60.0,60.0,60.0,60.0,0.0,0.0,0.0,0.0,0.0,0.0,0.0,0.0,0.0,0.0,0.0,0.0,1.0,1.0,1.0,1.5,1.5,1.5,1.5,1.5,1.5,1.5,1.5,1.5,1.5,1.5,1.5,1.5,1.5,0.0,0.0,0.0,0.0,0.0,0.0,0.0,0.0,0.0,0.0,0.0,0.0,0.0,0.0,0.0,0.0,0.0,0.0,0.0,0.0,0.0,0.0,0.0,0.0,0.0,0.0,0.0,0.0,0.0
-0.1,0.0,0.0,0.3,-0.2,0.0,-0.1,0.0,0.0,0.3,-0.2,0.0,0.0,0.0,0.0,0.08079597221682092,-0.09778646857504582,-0.1762776531764868,-0.4638575014360119,-1.4552260059556992,0.37462141336067517,-0.020763881568214248,-0.04772099413086653,-0.04496201055301132,0.3148820659567431,-0.27883289903695957,1.97202,0.054750262826415035,0.21343967239657669,0.0,0.0,0.0,0.0,0.0,0.0,0.0,0.0,0.0,0.0,0.0,0.0,0.0,0.0,0.0,0.17042267531375796,0.3559339065922415,0.38320823713914526,-0.20590182456654144,-0.16054950438121884,0.801007733453743,-0.9446193126394553,-0.7225181258312908,0.20402568829187492,0.09302780742102557,-0.14598888512319663,0.0,-0.790963459885308,1.820955639569418,0.0,0.0,0.0,0.0,0.0,0.0,0.0,0.0,0.0,0.0,0.0,0.0,40.0,40.0,40.0,60.0,60.0,60.0,60.0,60.0,60.0,60.0,60.0,60.0,60.0,60.0,60.0,60.0,60.0,0.0,0.0,0.0,0.0,0.0,0.0,0.0,0.0,0.0,0.0,0.0,0.0,1.0,1.0,1.0,1.5,1.5,1.5,1.5,1.5,1.5,1.5,1.5,1.5,1.5,1.5,1.5,1.5,1.5,0.0,0.0,0.0,0.0,0.0,0.0,0.0,0.0,0.0,0.0,0.0,0.0,0.0,0.0,0.0,0.0,0.0,0.0,0.0,0.0,0.0,0.0,0.0,0.0,0.0,0.0,0.0,0.0,0.0
-0.1,0.0,0.0,0.3,-0.2,0.0,-0.1,0.0,0.0,0.3,-0.2,0.0,0.0,0.0,0.0,0.09041446658913274,-0.08815687392027491,-0.16301174686376033,-0.46959432873385865,-1.468175761385724,0.40195627584541727,-0.05121792344927015,-0.06703849368218993,-0.04350832572455801,0.3098189429851568,-0.2810455728644298,1.97202,0.03315234678417585,0.23734902751872053,0.0,0.0,0.0,0.0,0.0,0.0,0.0,0.0,0.0,0.0,0.0,0.0,0.0,0.0,0.0,0.3072426615039515,0.3422299569074506,0.7543150142635825,-0.1015116846543887,0.24793592454174784,1.4283059484950413,-1.501970513081185,-0.7942631394433738,0.08639150485187981,-0.02622637838102515,-0.24661828834006,0.0,-1.092382752946824,1.1843630240930991,0.0,0.0,0.0,0.0,0.0,0.0,0.0,0.0,0.0,0.0,0.0,0.0,40.0,40.0,40.0,60.0,60.0,60.0,60.0,60.0,60.0,60.0,60.0,60.0,60.0,60.0,60.0,60.0,60.0,0.0,0.0,0.0,0.0,0.0,0.0,0.0,0.0,0.0,0.0,0.0,0.0,1.0,1.0,1.0,1.5,1.5,1.5,1.5,1.5,1.5,1.5,1.5,1.5,1.5,1.5,1.5,1.5,1.5,0.0,0.0,0.0,0.0,0.0,0.0,0.0,0.0,0.0,0.0,0.0,0.0,0.0,0.0,0.0,0.0,0.0,0.0,0.0,0.0,0.0,0.0,0.0,0.0,0.0,0.0,0.0,0.0,0.0
-0.1,0.0,0.0,0.3,-0.2,0.0,-0.1,0.0,0.0,0.3,-0.2,0.0,0.0,0.0,0.0,0.09308567867697898,-0.08409727029874779,-0.1461050526059435,-0.46791796882218745,-1.4453085689740293,0.4317536513004768,-0.08084270209146165,-0.07949151970860148,-0.04150635035893613,0.3138330108215021,-0.28869763057056197,1.97202,0.011054952708542079,0.26081419336030065,0.0,0.0,0.0,0.0,0.0,0.0,0.0,0.0,0.0,0.0,0.0,0.0,0.0,0.0,0.0,-0.043760298765476574,0.05232837883821298,0.568766889218627,0.0902732008700724,1.6420032804353002,0.9391470897107568,-1.4277054066534685,-0.4383902914855322,0.12624442490022664,0.3287014845128597,-0.3577708977721403,0.0,-0.6593235765801315,1.064876360660571,0.0,0.0,0.0,0.0,0.0,0.0,0.0,0.0,0.0,0.0,0.0,0.0,40.0,40.0,40.0,60.0,60.0,60.0,60.0,60.0,60.0,60.0,60.0,60.0,60.0,60.0,60.0,60.0,60.0,0.0,0.0,0.0,0.0,0.0,0.0,0.0,0.0,0.0,0.0,0.0,0.0,1.0,1.0,1.0,1.5,1.5,1.5,1.5,1.5,1.5,1.5,1.5,1.5,1.5,1.5,1.5,1.5,1.5,0.0,0.0,0.0,0.0,0.0,0.0,0.0,0.0,0.0,0.0,0.0,0.0,0.0,0.0,0.0,0.0,0.0,0.0,0.0,0.0,0.0,0.0,0.0,0.0,0.0,0.0,0.0,0.0,0.0
-0.1,0.0,0.0,0.3,-0.2,0.0,-0.1,0.0,0.0,0.3,-0.2,0.0,0.0,0.0,0.0,0.08866405463851368,-0.08606373876674639,-0.14026107129501525,-0.46598340069905575,-1.402495630168312,0.43952215943384754,-0.10832613971540889,-0.08457410534161122,-0.038458548728548946,0.32296700236567116,-0.29535640877531544,1.97202,0.0067794037209705895,0.27994408194514336,0.0,0.0,0.0,0.0,0.0,0.0,0.0,0.0,0.0,0.0,0.0,0.0,0.0,0.0,0.0,-0.0017922565619339637,0.05827282761633294,0.3975175609866606,-0.09420627410882676,2.1360646421224647,0.7952544241916006,-1.3215148432760722,-0.38577660511345363,0.033310927163651,0.04058770359325059,-0.3941833593716165,0.0,-0.20835317810391213,0.48138120243422233,0.0,0.0,0.0,0.0,0.0,0.0,0.0,0.0,0.0,0.0,0.0,0.0,40.0,40.0,40.0,60.0,60.0,60.0,60.0,60.0,60.0,60.0,60.0,60.0,60.0,60.0,60.0,60.0,60.0,0.0,0.0,0.0,0.0,0.0,0.0,0.0,0.0,0.0,0.0,0.0,0.0,1.0,1.0,1.0,1.5,1.5,1.5,1.5,1.5,1.5,1.5,1.5,1.5,1.5,1.5,1.5,1.5,1.5,0.0,0.0,0.0,0.0,0.0,0.0,0.0,0.0,0.0,0.0,0.0,0.0,0.0,0.0,0.0,0.0,0.0,0.0,0.0,0.0,0.0,0.0,0.0,0.0,0.0,0.0,0.0,0.0,0.0
-0.1,0.0,0.0,0.3,-0.2,0.0,-0.1,0.0,0.0,0.3,-0.2,0.0,0.0,0.0,0.0,0.09301398841450162,-0.08176635719409447,-0.13020435016647708,-0.4716862197865405,-1.3598659832891307,0.46356382826814085,-0.13370329582250454,-0.09492258391313962,-0.04017391327239009,0.31545651896523214,-0.30446496494542663,1.97202,0.002720825584385593,0.28006944145766954,0.0,0.0,0.0,0.0,0.0,0.0,0.0,0.0,0.0,0.0,0.0,0.0,0.0,0.0,0.0,0.38190981813657415,0.22548350317643204,0.7288388948226067,-0.54991337990241,3.080054897825224,0.9141197960775477,-0.5459923553618823,-0.3688483193053378,-0.21764040801495482,-0.6505386300942758,-0.7264647246665714,0.0,0.36448141409546486,-1.7878823897796672,0.0,0.0,0.0,0.0,0.0,0.0,0.0,0.0,0.0,0.0,0.0,0.0,40.0,40.0,40.0,60.0,60.0,60.0,60.0,60.0,60.0,60.0,60.0,60.0,60.0,60.0,60.0,60.0,60.0,0.0,0.0,0.0,0.0,0.0,0.0,0.0,0.0,0.0,0.0,0.0,0.0,1.0,1.0,1.0,1.5,1.5,1.5,1.5,1.5,1.5,1.5,1.5,1.5,1.5,1.5,1.5,1.5,1.5,0.0,0.0,0.0,0.0,0.0,0.0,0.0,0.0,0.0,0.0,0.0,0.0,0.0,0.0,0.0,0.0,0.0,0.0,0.0,0.0,0.0,0.0,0.0,0.0,0.0,0.0,0.0,0.0,0.0
-0.1,0.0,0.0,0.3,-0.2,0.0,-0.1,0.0,0.0,0.3,-0.2,0.0,0.0,0.0,0.0,0.10394044736397665,-0.07704439863968911,-0.11110751550211098,-0.48797993589515215,-1.279293434255303,0.47608695127694944,-0.13016583392988418,-0.09932803811382473,-0.04716416504914714,0.29694545716190013,-0.3244149977619783,1.97202,0.021358660284789183,0.20842878635395667,0.0,0.0,0.0,0.0,0.0,0.0,0.0,0.0,0.0,0.0,0.0,0.0,0.0,0.0,0.0,0.7294354440615973,0.3784669211608169,0.9596182705566482,-1.0316197211123632,3.992739889039121,0.5411043990200217,0.4009941271948456,-0.20714841045860638,-0.44683340908479413,-1.5017754792191806,-1.3372071898160725,0.0,1.0182425968561122,-4.067521992202992,0.0,0.0,0.0,0.0,0.0,0.0,0.0,0.0,0.0,0.0,0.0,0.0,40.0,40.0,40.0,60.0,60.0,60.0,60.0,60.0,60.0,60.0,60.0,60.0,60.0,60.0,60.0,60.0,60.0,0.0,0.0,0.0,0.0,0.0,0.0,0.0,0.0,0.0,0.0,0.0,0.0,1.0,1.0,1.0,1.5,1.5,1.5,1.5,1.5,1.5,1.5,1.5,1.5,1.5,1.5,1.5,1.5,1.5,0.0,0.0,0.0,0.0,0.0,0.0,0.0,0.0,0.0,0.0,0.0,0.0,0.0,0.0,0.0,0.0,0.0,0.0,0.0,0.0,0.0,0.0,0.0,0.0,0.0,0.0,0.0,0.0,0.0
-0.1,0.0,0.0,0.3,-0.2,0.0,-0.1,0.0,0.0,0.3,-0.2,0.0,0.0,0.0,0.0,0.12219140617696551,-0.0666276803476618,-0.09181961934421115,-0.512951008631035,-1.2001563877275658,0.4852080042289417,-0.11766353073471071,-0.10320852033148388,-0.05804724963578185,0.2553854997964649,-0.35795325253806953,1.97202,0.04345052945863008,0.11736856176954985,0.0,0.0,0.0,0.0,0.0,0.0,0.0,0.0,0.0,0.0,0.0,0.0,0.0,0.0,0.0,0.5205855694744191,0.4585118174708599,0.3978932242298564,-1.255722564642249,3.1099781379251845,0.3645595443824548,1.041637830118322,-0.14906297260328555,-0.35023822319483217,-1.8548227276004663,-1.342424246852361,0.0,2.3363319364713084,-4.467576412884791,0.0,0.0,0.0,0.0,0.0,0.0,0.0,0.0,0.0,0.0,0.0,0.0,40.0,40.0,40.0,60.0,60.0,60.0,60.0,60.0,60.0,60.0,60.0,60.0,60.0,60.0,60.0,60.0,60.0,0.0,0.0,0.0,0.0,0.0,0.0,0.0,0.0,0.0,0.0,0.0,0.0,1.0,1.0,1.0,1.5,1.5,1.5,1.5,1.5,1.5,1.5,1.5,1.5,1.5,1.5,1.5,1.5,1.5,0.0,0.0,0.0,0.0,0.0,0.0,0.0,0.0,0.0,0.0,0.0,0.0,0.0,0.0,0.0,0.0,0.0,0.0,0.0,0.0,0.0,0.0,0.0,0.0,0.0,0.0,0.0,0.0,0.0
-0.1,0.0,0.0,0.3,-0.2,0.0,-0.1,0.0,0.0,0.3,-0.2,0.0,0.0,0.0,0.0,0.12476387014295341,-0.05870392594085471,-0.09519178653291673,-0.5382088384808421,-1.1548943087382957,0.49066933305224764,-0.0885003207251513,-0.10529055701795616,-0.061173693976940426,0.22275254805788147,-0.37811196763607274,1.97202,0.11481193774364151,0.029725729838565054,0.0,0.0,0.0,0.0,0.0,0.0,0.0,0.0,0.0,0.0,0.0,0.0,0.0,0.0,0.0,-0.11886064001228672,0.5427606884288625,-0.34315453774091326,-1.3218357729275625,1.518592825517101,0.21480692370612758,1.818409435313477,-0.12540253764934187,-0.15430209677771284,-2.0220185868461775,-0.614889372036935,0.0,4.821641673839223,-4.228857979580154,0.0,0.0,0.0,0.0,0.0,0.0,0.0,0.0,0.0,0.0,0.0,0.0,40.0,40.0,40.0,60.0,60.0,60.0,60.0,60.0,60.0,60.0,60.0,60.0,60.0,60.0,60.0,60.0,60.0,0.0,0.0,0.0,0.0,0.0,0.0,0.0,0.0,0.0,0.0,0.0,0.0,1.0,1.0,1.0,1.5,1.5,1.5,1.5,1.5,1.5,1.5,1.5,1.5,1.5,1.5,1.5,1.5,1.5,0.0,0.0,0.0,0.0,0.0,0.0,0.0,0.0,0.0,0.0,0.0,0.0,0.0,0.0,0.0,0.0,0.0,0.0,0.0,0.0,0.0,0.0,0.0,0.0,0.0,0.0,0.0,0.0,0.0
-0.1,0.0,0.0,0.3,-0.2,0.0,-0.1,0.0,0.0,0.3,-0.2,0.0,0.0,0.0,0.0,0.11743698057647405,-0.0449172528105073,-0.10554580085384768,-0.5658244395481375,-1.1394126747068818,0.49380028117718683,-0.04492715332217163,-0.10822462183745755,-0.06421933350689037,0.1745047563226178,-0.38254882741954693,1.97202,0.23631619641219903,-0.051785757413656326,0.0,0.0,0.0,0.0,0.0,0.0,0.0,0.0,0.0,0.0,0.0,0.0,0.0,0.0,0.0,-0.2383550101877376,0.6102232498468363,-0.673959558684567,-1.2209163260627265,0.5472067532197256,0.16155800077897325,1.7184368352279853,-0.37140895391247486,0.10532574114152457,-2.5214156493217295,-0.046702352255292845,0.0,6.256316308316672,-4.106299752098457,0.0,0.0,0.0,0.0,0.0,0.0,0.0,0.0,0.0,0.0,0.0,0.0,40.0,40.0,40.0,60.0,60.0,60.0,60.0,60.0,60.0,60.0,60.0,60.0,60.0,60.0,60.0,60.0,60.0,0.0,0.0,0.0,0.0,0.0,0.0,0.0,0.0,0.0,0.0,0.0,0.0,1.0,1.0,1.0,1.5,1.5,1.5,1.5,1.5,1.5,1.5,1.5,1.5,1.5,1.5,1.5,1.5,1.5,0.0,0.0,0.0,0.0,0.0,0.0,0.0,0.0,0.0,0.0,0.0,0.0,0.0,0.0,0.0,0.0,0.0,0.0,0.0,0.0,0.0,0.0,0.0,0.0,0.0,0.0,0.0,0.0,0.0
-0.1,0.0,0.0,0.3,-0.2,0.0,-0.1,0.0,0.0,0.3,-0.2,0.0,0.0,0.0,0.0,0.11522966973544391,-0.03429499594698126,-0.1221501688802994,-0.5870454915233512,-1.1330060386095067,0.49713165308340657,-0.01976284731603188,-0.12014691517445515,-0.05696066433127944,0.12189592208501229,-0.37998006172628446,1.97202,0.36506459007630837,-0.13452626024537323,0.0,0.0,0.0,0.0,0.0,0.0,0.0,0.0,0.0,0.0,0.0,0.0,0.0,0.0,0.0,-0.7796844252122657,0.7402092581805297,-0.8118904015662759,-0.9486638765662053,-1.076971576879826,0.6552871241896948,1.5997335484695534,-0.8789293580553397,0.22102580565824068,-2.510297831888474,0.08894147923774187,0.0,5.512308240415267,-4.13556741931536,0.0,0.0,0.0,0.0,0.0,0.0,0.0,0.0,0.0,0.0,0.0,0.0,40.0,40.0,40.0,60.0,60.0,60.0,60.0,60.0,60.0,60.0,60.0,60.0,60.0,60.0,60.0,60.0,60.0,0.0,0.0,0.0,0.0,0.0,0.0,0.0,0.0,0.0,0.0,0.0,0.0,1.0,1.0,1.0,1.5,1.5,1.5,1.5,1.5,1.5,1.5,1.5,1.5,1.5,1.5,1.5,1.5,1.5,0.0,0.0,0.0,0.0,0.0,0.0,0.0,0.0,0.0,0.0,0.0,0.0,0.0,0.0,0.0,0.0,0.0,0.0,0.0,0.0,0.0,0.0,0.0,0.0,0.0,0.0,0.0,0.0,0.0
-0.1,0.0,0.0,0.3,-0.2,0.0,-0.1,0.0,0.0,0.3,-0.2,0.0,0.0,0.0,0.0,0.08624960356798342,-0.015308882483286107,-0.13802141691649872,-0.6037709946107858,-1.1824915377820748,0.5200117661447746,0.019062188616610506,-0.14338179615967114,-0.05537830128056074,0.07409284304707885,-0.37899116825003726,1.97202,0.4568085260288097,-0.21720845418627072,0.0,0.0,0.0,0.0,0.0,0.0,0.0,0.0,0.0,0.0,0.0,0.0,0.0,0.0,0.0,-1.5700184529580683,0.88988962662051,-0.6330517923194705,-0.8573991352435112,-2.234302043095593,1.1965913283545542,1.9777239946877183,-1.0983568283725371,0.07850843191078374,-1.9665638864277788,0.02399121803854931,0.0,4.2436677886058165,-3.92028883127169,0.0,0.0,0.0,0.0,0.0,0.0,0.0,0.0,0.0,0.0,0.0,0.0,40.0,40.0,40.0,60.0,60.0,60.0,60.0,60.0,60.0,60.0,60.0,60.0,60.0,60.0,60.0,60.0,60.0,0.0,0.0,0.0,0.0,0.0,0.0,0.0,0.0,0.0,0.0,0.0,0.0,1.0,1.0,1.0,1.5,1.5,1.5,1.5,1.5,1.5,1.5,1.5,1.5,1.5,1.5,1.5,1.5,1.5,0.0,0.0,0.0,0.0,0.0,0.0,0.0,0.0,0.0,0.0,0.0,0.0,0.0,0.0,0.0,0.0,0.0,0.0,0.0,0.0,0.0,0.0,0.0,0.0,0.0,0.0,0.0,0.0,0.0
-0.1,0.0,0.0,0.3,-0.2,0.0,-0.1,0.0,0.0,0.3,-0.2,0.0,0.0,0.0,0.0,0.05242893161712117,0.0013005891178391412,-0.14747224057307823,-0.6213414569330916,-1.2223781203333304,0.5449953062175887,0.05934611247147686,-0.16408118830935664,-0.05382032705484809,0.04323336662790115,-0.3790204130047425,1.97202,0.534811301620541,-0.2913378134962408,0.0,0.0,0.0,0.0,0.0,0.0,0.0,0.0,0.0,0.0,0.0,0.0,0.0,0.0,0.0,-1.4941057898366303,0.677674500220421,-0.591082080090078,-0.7802256517305428,-1.5228932964758801,0.982070840186991,1.3680968335583459,-1.0358492277810147,0.14453954197705798,-1.3550107288477018,-0.1269710532397217,0.0,4.026351109840187,-4.008823484358552,0.0,0.0,0.0,0.0,0.0,0.0,0.0,0.0,0.0,0.0,0.0,0.0,40.0,40.0,40.0,60.0,60.0,60.0,60.0,60.0,60.0,60.0,60.0,60.0,60.0,60.0,60.0,60.0,60.0,0.0,0.0,0.0,0.0,0.0,0.0,0.0,0.0,0.0,0.0,0.0,0.0,1.0,1.0,1.0,1.5,1.5,1.5,1.5,1.5,1.5,1.5,1.5,1.5,1.5,1.5,1.5,1.5,1.5,0.0,0.0,0.0,0.0,0.0,0.0,0.0,0.0,0.0,0.0,0.0,0.0,0.0,0.0,0.0,0.0,0.0,0.0,0.0,0.0,0.0,0.0,0.0,0.0,0.0,0.0,0.0,0.0,0.0
-0.1,0.0,0.0,0.3,-0.2,0.0,-0.1,0.0,0.0,0.3,-0.2,0.0,0.0,0.0,0.0,0.026485371974518203,0.011798097525530732,-0.16166470012010184,-0.6349800206800075,-1.24340726964111,0.5592945997522543,0.07378606195894434,-0.18481576527091173,-0.04959671960147842,0.019892413893170768,-0.3840700103796261,1.97202,0.6178625704224172,-0.3775613935606128,0.0,0.0,0.0,0.0,0.0,0.0,0.0,0.0,0.0,0.0,0.0,0.0,0.0,0.0,0.0,-1.2090237018190266,0.4605482719808787,-0.9724834011719662,-0.4184619828289826,0.9712052549716743,0.11719883599548286,0.27561124191010905,-0.7318380719158953,0.47554403199958506,-0.7027310824596339,-0.224696043897811,0.0,3.676190323696238,-3.28701194942623,0.0,0.0,0.0,0.0,0.0,0.0,0.0,0.0,0.0,0.0,0.0,0.0,40.0,40.0,40.0,60.0,60.0,60.0,60.0,60.0,60.0,60.0,60.0,60.0,60.0,60.0,60.0,60.0,60.0,0.0,0.0,0.0,0.0,0.0,0.0,0.0,0.0,0.0,0.0,0.0,0.0,1.0,1.0,1.0,1.5,1.5,1.5,1.5,1.5,1.5,1.5,1.5,1.5,1.5,1.5,1.5,1.5,1.5,0.0,0.0,0.0,0.0,0.0,0.0,0.0,0.0,0.0,0.0,0.0,0.0,0.0,0.0,0.0,0.0,0.0,0.0,0.0,0.0,0.0,0.0,0.0,0.0,0.0,0.0,0.0,0.0,0.0
-0.1,0.0,0.0,0.3,-0.2,0.0,-0.1,0.0,0.0,0.3,-0.2,0.0,0.0,0.0,0.0,0.0040679835443601115,0.019722519997074292,-0.18637157661995687,-0.6380799362462509,-1.1835299101344634,0.549683259657408,0.07037056214788122,-0.19335471118599246,-0.03479856577486469,0.015124123329515791,-0.3880082547606549,1.97202,0.6818589145683905,-0.42281829147329003,0.0,0.0,0.0,0.0,0.0,0.0,0.0,0.0,0.0,0.0,0.0,0.0,0.0,0.0,0.0,-1.031833890032803,0.3702564592043944,-1.5742984698523261,-0.3682709025780162,2.127988861750912,-0.6565749216800754,-0.1968305195784774,-0.6221724964490312,0.5641088792863317,-0.22694331351354513,-0.08177424017105916,0.0,3.52878375627747,-3.045325689251492,0.0,0.0,0.0,0.0,0.0,0.0,0.0,0.0,0.0,0.0,0.0,0.0,40.0,40.0,40.0,60.0,60.0,60.0,60.0,60.0,60.0,60.0,60.0,60.0,60.0,60.0,60.0,60.0,60.0,0.0,0.0,0.0,0.0,0.0,0.0,0.0,0.0,0.0,0.0,0.0,0.0,1.0,1.0,1.0,1.5,1.5,1.5,1.5,1.5,1.5,1.5,1.5,1.5,1.5,1.5,1.5,1.5,1.5,0.0,0.0,0.0,0.0,0.0,0.0,0.0,0.0,0.0,0.0,0.0,0.0,0.0,0.0,0.0,0.0,0.0,0.0,0.0,0.0,0.0,0.0,0.0,0.0,0.0,0.0,0.0,0.0,0.0
-0.1,0.0,0.0,0.3,-0.2,0.0,-0.1,0.0,0.0,0.3,-0.2,0.0,0.0,0.0,0.0,-0.014787983626793922,0.02660835589370651,-0.22463663891419489,-0.6497108567831281,-1.1582877151710735,0.5330316028850512,0.06591284117580525,-0.20970266512887298,-0.027032364430025154,0.010814681352628962,-0.3873409799864685,1.97202,0.759013920673516,-0.4993744211306725,0.0,0.0,0.0,0.0,0.0,0.0,0.0,0.0,0.0,0.0,0.0,0.0,0.0,0.0,0.0,-0.6001090105932,-0.02955428101787047,-1.9127485226453445,-0.0350931982770919,1.996955133054873,-0.5057003671621207,-1.4622035848615422,-0.11204768011497321,0.8137735005786384,0.0135779581934638,0.2488454388398148,0.0,3.3572842954116418,-3.3692682748149836,0.0,0.0,0.0,0.0,0.0,0.0,0.0,0.0,0.0,0.0,0.0,0.0,40.0,40.0,40.0,60.0,60.0,60.0,60.0,60.0,60.0,60.0,60.0,60.0,60.0,60.0,60.0,60.0,60.0,0.0,0.0,0.0,0.0,0.0,0.0,0.0,0.0,0.0,0.0,0.0,0.0,1.0,1.0,1.0,1.5,1.5,1.5,1.5,1.5,1.5,1.5,1.5,1.5,1.5,1.5,1.5,1.5,1.5,0.0,0.0,0.0,0.0,0.0,0.0,0.0,0.0,0.0,0.0,0.0,0.0,0.0,0.0,0.0,0.0,0.0,0.0,0.0,0.0,0.0,0.0,0.0,0.0,0.0,0.0,0.0,0.0,0.0
-0.1,0.0,0.0,0.3,-0.2,0.0,-0.1,0.0,0.0,0.3,-0.2,0.0,0.0,0.0,0.0,-0.019936376879367886,0.018540348756359473,-0.26288151752577066,-0.6394836641773346,-1.1036517048122685,0.5294552449709232,0.011882418753419529,-0.19783661839059138,-0.002247625751719156,0.015667241657254343,-0.37805443720706233,1.97202,0.8161502863848562,-0.5575890224658894,0.0,0.0,0.0,0.0,0.0,0.0,0.0,0.0,0.0,0.0,0.0,0.0,0.0,0.0,0.0,-0.27999999456454094,-0.5717021681829509,-1.9691463567066982,0.3334157896999951,3.360798380020369,0.45583460671283216,-2.69405607507777,0.5163610932932127,1.217913973713294,0.7314617514077233,0.7554053736103516,0.0,2.178322298955923,-2.6163613859666355,0.0,0.0,0.0,0.0,0.0,0.0,0.0,0.0,0.0,0.0,0.0,0.0,40.0,40.0,40.0,60.0,60.0,60.0,60.0,60.0,60.0,60.0,60.0,60.0,60.0,60.0,60.0,60.0,60.0,0.0,0.0,0.0,0.0,0.0,0.0,0.0,0.0,0.0,0.0,0.0,0.0,1.0,1.0,1.0,1.5,1.5,1.5,1.5,1.5,1.5,1.5,1.5,1.5,1.5,1.5,1.5,1.5,1.5,0.0,0.0,0.0,0.0,0.0,0.0,0.0,0.0,0.0,0.0,0.0,0.0,0.0,0.0,0.0,0.0,0.0,0.0,0.0,0.0,0.0,0.0,0.0,0.0,0.0,0.0,0.0,0.0,0.0
-0.1,0.0,0.0,0.3,-0.2,0.0,-0.1,0.0,0.0,0.3,-0.2,0.0,0.0,0.0,0.0,-0.02598798340937556,0.0037402691663884695,-0.3034024931824628,-0.6363742251951283,-1.0238557799702588,0.5512649871535645,-0.04184940182730555,-0.18904822139714447,0.021684194518506603,0.04007315140893789,-0.3571247650420544,1.97202,0.846146812631753,-0.6040288765693379,0.0,0.0,0.0,0.0,0.0,0.0,0.0,0.0,0.0,0.0,0.0,0.0,0.0,0.0,0.0,-0.19131315483189798,-0.7471083179290698,-1.6125433033675307,0.41684907471237764,4.528970480581643,0.22467309738279095,-3.4710845563678148,0.8276321107477204,1.0160894702014813,1.1963350699230848,0.9250583440176249,0.0,1.0427924813692147,-0.8796392950015358,0.0,0.0,0.0,0.0,0.0,0.0,0.0,0.0,0.0,0.0,0.0,0.0,40.0,40.0,40.0,60.0,60.0,60.0,60.0,60.0,60.0,60.0,60.0,60.0,60.0,60.0,60.0,60.0,60.0,0.0,0.0,0.0,0.0,0.0,0.0,0.0,0.0,0.0,0.0,0.0,0.0,1.0,1.0,1.0,1.5,1.5,1.5,1.5,1.5,1.5,1.5,1.5,1.5,1.5,1.5,1.5,1.5,1.5,0.0,0.0,0.0,0.0,0.0,0.0,0.0,0.0,0.0,0.0,0.0,0.0,0.0,0.0,0.0,0.0,0.0,0.0,0.0,0.0,0.0,0.0,0.0,0.0,0.0,0.0,0.0,0.0,0.0
-0.1,0.0,0.0,0.3,-0.2,0.0,-0.1,0.0,0.0,0.3,-0.2,0.0,0.0,0.0,0.0,-0.027588903072643806,-0.01134398396080332,-0.3273832496604719,-0.6228097011888395,-0.9224928855890028,0.5384421688662349,-0.12696096350129307,-0.16473133396068257,0.0383959530563401,0.06352064445417774,-0.34105210344635734,1.97202,0.8578619856396248,-0.5927745942659508,0.0,0.0,0.0,0.0,0.0,0.0,0.0,0.0,0.0,0.0,0.0,0.0,0.0,0.0,0.0,0.191247586565729,-0.7361638119049904,-1.2639166556083408,0.9772564656159499,6.288592413646823,-1.760614694760776,-4.925259069172349,1.3021469459682216,0.5739210432818328,1.139200904373624,0.9709477772110772,0.0,-0.14602652795242532,2.051299406581211,0.0,0.0,0.0,0.0,0.0,0.0,0.0,0.0,0.0,0.0,0.0,0.0,40.0,40.0,40.0,60.0,60.0,60.0,60.0,60.0,60.0,60.0,60.0,60.0,60.0,60.0,60.0,60.0,60.0,0.0,0.0,0.0,0.0,0.0,0.0,0.0,0.0,0.0,0.0,0.0,0.0,1.0,1.0,1.0,1.5,1.5,1.5,1.5,1.5,1.5,1.5,1.5,1.5,1.5,1.5,1.5,1.5,1.5,0.0,0.0,0.0,0.0,0.0,0.0,0.0,0.0,0.0,0.0,0.0,0.0,0.0,0.0,0.0,0.0,0.0,0.0,0.0,0.0,0.0,0.0,0.0,0.0,0.0,0.0,0.0,0.0,0.0
-0.1,0.0,0.0,0.3,-0.2,0.0,-0.1,0.0,0.0,0.3,-0.2,0.0,0.0,0.0,0.0,-0.0183380799467464,-0.025706283309811145,-0.35395915940679645,-0.5972839665704903,-0.7723120834243858,0.4808403993631335,-0.23885976459419953,-0.1369623435584156,0.044641036249779914,0.08564118758388285,-0.31828685395361134,1.97202,0.8403057515136559,-0.5219769003060895,0.0,0.0,0.0,0.0,0.0,0.0,0.0,0.0,0.0,0.0,0.0,0.0,0.0,0.0,0.0,0.4120387153477968,-0.7312031021107317,-1.5599127446062664,1.551303373028523,7.269629156737292,-3.525772200675449,-5.1983300956395455,1.3921340180014676,0.23959485907245823,1.4388140955498205,1.42832525151642,0.0,-1.064688711626527,3.993232634403031,0.0,0.0,0.0,0.0,0.0,0.0,0.0,0.0,0.0,0.0,0.0,0.0,40.0,40.0,40.0,60.0,60.0,60.0,60.0,60.0,60.0,60.0,60.0,60.0,60.0,60.0,60.0,60.0,60.0,0.0,0.0,0.0,0.0,0.0,0.0,0.0,0.0,0.0,0.0,0.0,0.0,1.0,1.0,1.0,1.5,1.5,1.5,1.5,1.5,1.5,1.5,1.5,1.5,1.5,1.5,1.5,1.5,1.5,0.0,0.0,0.0,0.0,0.0,0.0,0.0,0.0,0.0,0.0,0.0,0.0,0.0,0.0,0.0,0.0,0.0,0.0,0.0,0.0,0.0,0.0,0.0,0.0,0.0,0.0,0.0,0.0,0.0
-0.1,0.0,0.0,0.3,-0.2,0.0,-0.1,0.0,0.0,0.3,-0.2,0.0,0.0,0.0,0.0,-0.011107354458731932,-0.04059210804523259,-0.38977975944472254,-0.5607575662676986,-0.6317077193195111,0.3974112808392169,-0.3348941673268749,-0.10904597324062386,0.04797974741923843,0.12107320827617056,-0.28391909338570054,1.97202,0.8152744371745637,-0.43304528888982957,0.0,0.0,0.0,0.0,0.0,0.0,0.0,0.0,0.0,0.0,0.0,0.0,0.0,0.0,0.0,0.013813707850902045,-0.57420378545828,-1.3304805137079476,1.0088738097946275,1.9245218169522487,-2.7239104991291883,-2.1823647376632107,1.114170405345844,-0.006925488360653986,1.1864264924781767,0.6180650154466657,0.0,-1.9998045377013995,4.745021004523461,0.0,0.0,0.0,0.0,0.0,0.0,0.0,0.0,0.0,0.0,0.0,0.0,40.0,40.0,40.0,60.0,60.0,60.0,60.0,60.0,60.0,60.0,60.0,60.0,60.0,60.0,60.0,60.0,60.0,0.0,0.0,0.0,0.0,0.0,0.0,0.0,0.0,0.0,0.0,0.0,0.0,1.0,1.0,1.0,1.5,1.5,1.5,1.5,1.5,1.5,1.5,1.5,1.5,1.5,1.5,1.5,1.5,1.5,0.0,0.0,0.0,0.0,0.0,0.0,0.0,0.0,0.0,0.0,0.0,0.0,0.0,0.0,0.0,0.0,0.0,0.0,0.0,0.0,0.0,0.0,0.0,0.0,0.0,0.0,0.0,0.0,0.0
-0.1,0.0,0.0,0.3,-0.2,0.0,-0.1,0.0,0.0,0.3,-0.2,0.0,0.0,0.0,0.0,-0.01778553163271032,-0.04867443472814235,-0.40717837995511436,-0.5569290141787052,-0.6953312107462959,0.37188397939796597,-0.32615435410072796,-0.09239552734458184,0.044364016715353755,0.13309824728300992,-0.2935642533357447,1.97202,0.7603135700056,-0.332176060125151,0.0,0.0,0.0,0.0,0.0,0.0,0.0,0.0,0.0,0.0,0.0,0.0,0.0,0.0,0.0,-0.32995712704804436,-0.4321989098309982,-0.6814476898268418,0.030232489725104394,-3.4428819520571223,-0.8995671391892792,0.3962733819120573,0.8048570182901282,-0.2601369082451883,1.0071614750695785,-0.439255672338551,0.0,-3.235480498639756,5.409810658668255,0.0,0.0,0.0,0.0,0.0,0.0,0.0,0.0,0.0,0.0,0.0,0.0,40.0,40.0,40.0,60.0,60.0,60.0,60.0,60.0,60.0,60.0,60.0,60.0,60.0,60.0,60.0,60.0,60.0,0.0,0.0,0.0,0.0,0.0,0.0,0.0,0.0,0.0,0.0,0.0,0.0,1.0,1.0,1.0,1.5,1.5,1.5,1.5,1.5,1.5,1.5,1.5,1.5,1.5,1.5,1.5,1.5,1.5,0.0,0.0,0.0,0.0,0.0,0.0,0.0,0.0,0.0,0.0,0.0,0.0,0.0,0.0,0.0,0.0,0.0,0.0,0.0,0.0,0.0,0.0,0.0,0.0,0.0,0.0,0.0,0.0,0.0
-0.1,0.0,0.0,0.3,-0.2,0.0,-0.1,0.0,0.0,0.3,-0.2,0.0,0.0,0.0,0.0,-0.024305639540653706,-0.05788006443847252,-0.4170376670377962,-0.5595482666786944,-0.769422997401796,0.3614285952716457,-0.3190432320503926,-0.07685169250901873,0.0375742710894309,0.1613596672789537,-0.3014893202792426,1.97202,0.6858552172289735,-0.21665286254309937,0.0,0.0,0.0,0.0,0.0,0.0,0.0,0.0,0.0,0.0,0.0,0.0,0.0,0.0,0.0,-0.19038586333319932,-0.5420613129794231,-0.2192980087323243,-0.1043284821794277,-4.723751288277914,-0.5453328028978673,0.6341108578923934,0.7753095363041794,-0.2489027360735323,1.6156193279620985,-0.12637489780469024,0.0,-3.863242999050323,6.28324130435349,0.0,0.0,0.0,0.0,0.0,0.0,0.0,0.0,0.0,0.0,0.0,0.0,40.0,40.0,40.0,60.0,60.0,60.0,60.0,60.0,60.0,60.0,60.0,60.0,60.0,60.0,60.0,60.0,60.0,0.0,0.0,0.0,0.0,0.0,0.0,0.0,0.0,0.0,0.0,0.0,0.0,1.0,1.0,1.0,1.5,1.5,1.5,1.5,1.5,1.5,1.5,1.5,1.5,1.5,1.5,1.5,1.5,1.5,0.0,0.0,0.0,0.0,0.0,0.0,0.0,0.0,0.0,0.0,0.0,0.0,0.0,0.0,0.0,0.0,0.0,0.0,0.0,0.0,0.0,0.0,0.0,0.0,0.0,0.0,0.0,0.0,0.0
-0.1,0.0,0.0,0.3,-0.2,0.0,-0.1,0.0,0.0,0.3,-0.2,0.0,0.0,0.0,0.0,-0.02540096616603829,-0.07035688724731927,-0.4159503003044073,-0.5611021534658823,-0.8842812622774124,0.3500706672820513,-0.3007899197850322,-0.06138314589241466,0.03440790727241246,0.19772302040149387,-0.2986192492479323,1.97202,0.605783850043587,-0.0808464079510114,0.0,0.0,0.0,0.0,0.0,0.0,0.0,0.0,0.0,0.0,0.0,0.0,0.0,0.0,0.0,0.1473977736169748,-0.58526641739471,0.31155257661256985,0.1561856150961688,-7.404808236831559,-1.2746484655947397,1.2346736385284731,0.805240172569182,-0.0015962238989968014,1.6610668399490462,0.34393475242362886,0.0,-3.72496941769572,7.550567123326274,0.0,0.0,0.0,0.0,0.0,0.0,0.0,0.0,0.0,0.0,0.0,0.0,40.0,40.0,40.0,60.0,60.0,60.0,60.0,60.0,60.0,60.0,60.0,60.0,60.0,60.0,60.0,60.0,60.0,0.0,0.0,0.0,0.0,0.0,0.0,0.0,0.0,0.0,0.0,0.0,0.0,1.0,1.0,1.0,1.5,1.5,1.5,1.5,1.5,1.5,1.5,1.5,1.5,1.5,1.5,1.5,1.5,1.5,0.0,0.0,0.0,0.0,0.0,0.0,0.0,0.0,0.0,0.0,0.0,0.0,0.0,0.0,0.0,0.0,0.0,0.0,0.0,0.0,0.0,0.0,0.0,0.0,0.0,0.0,0.0,0.0,0.0
-0.1,0.0,0.0,0.3,-0.2,0.0,-0.1,0.0,0.0,0.3,-0.2,0.0,0.0,0.0,0.0,-0.018409728595974714,-0.08129072113426092,-0.4045755639732934,-0.5533008420748476,-1.0656153268750583,0.31044265664785614,-0.26965628650925366,-0.04464208560625145,0.03751042213347103,0.22780234087691556,-0.2877319301822974,1.97202,0.5368564405211447,0.0853698223899516,0.0,0.0,0.0,0.0,0.0,0.0,0.0,0.0,0.0,0.0,0.0,0.0,0.0,0.0,0.0,0.32099931701522805,-0.6152925328494776,0.041451761811719945,0.41621586780290765,-8.441719522059735,-2.0496715804452834,1.2898347381212953,0.6282462620899151,0.30951289099272716,1.6311752256999281,0.5904801557273354,0.0,-3.4760330479882096,7.748557525565413,0.0,0.0,0.0,0.0,0.0,0.0,0.0,0.0,0.0,0.0,0.0,0.0,40.0,40.0,40.0,60.0,60.0,60.0,60.0,60.0,60.0,60.0,60.0,60.0,60.0,60.0,60.0,60.0,60.0,0.0,0.0,0.0,0.0,0.0,0.0,0.0,0.0,0.0,0.0,0.0,0.0,1.0,1.0,1.0,1.5,1.5,1.5,1.5,1.5,1.5,1.5,1.5,1.5,1.5,1.5,1.5,1.5,1.5,0.0,0.0,0.0,0.0,0.0,0.0,0.0,0.0,0.0,0.0,0.0,0.0,0.0,0.0,0.0,0.0,0.0,0.0,0.0,0.0,0.0,0.0,0.0,0.0,0.0,0.0,0.0,0.0,0.0
-0.1,0.0,0.0,0.3,-0.2,0.0,-0.1,0.0,0.0,0.3,-0.2,0.0,0.0,0.0,0.0,-0.012560993485429169,-0.09496858856129838,-0.41429222983193853,-0.544453518753766,-1.2219500431598018,0.26808380406423993,-0.2491965302601804,-0.03625329540881806,0.04678842291212155,0.262970029429491,-0.2750000430188389,1.97202,0.46674252812405864,0.22909589307160513,0.0,0.0,0.0,0.0,0.0,0.0,0.0,0.0,0.0,0.0,0.0,0.0,0.0,0.0,0.0,0.8778190371183063,-0.5701185980264756,-0.031913384449480664,0.8822029639838941,-6.709133827115249,-1.43474752251746,0.3521245417604693,0.45765993481811684,0.6218231912129641,1.2381344092473163,1.0642197363667691,0.0,-1.4260011028091906,6.44578315774313,0.0,0.0,0.0,0.0,0.0,0.0,0.0,0.0,0.0,0.0,0.0,0.0,40.0,40.0,40.0,60.0,60.0,60.0,60.0,60.0,60.0,60.0,60.0,60.0,60.0,60.0,60.0,60.0,60.0,0.0,0.0,0.0,0.0,0.0,0.0,0.0,0.0,0.0,0.0,0.0,0.0,1.0,1.0,1.0,1.5,1.5,1.5,1.5,1.5,1.5,1.5,1.5,1.5,1.5,1.5,1.5,1.5,1.5,0.0,0.0,0.0,0.0,0.0,0.0,0.0,0.0,0.0,0.0,0.0,0.0,0.0,0.0,0.0,0.0,0.0,0.0,0.0,0.0,0.0,0.0,0.0,0.0,0.0,0.0,0.0,0.0,0.0
-0.1,0.0,0.0,0.3,-0.2,0.0,-0.1,0.0,0.0,0.3,-0.2,0.0,0.0,0.0,0.0,0.01670303288875754,-0.10409546505531994,-0.40585209935127264,-0.5180127235154919,-1.3339806799596683,0.25305275574715774,-0.2555713048388349,-0.026335688213526776,0.062383349781989596,0.2773277172468082,-0.24516314072762665,1.97202,0.47981639640877705,0.34320114869967683,0.0,0.0,0.0,0.0,0.0,0.0,0.0,0.0,0.0,0.0,0.0,0.0,0.0,0.0,0.0,1.5252756460992023,-0.6455087132265349,0.5208132529390993,1.2222821216441304,-6.52359865347924,0.30412813068684263,-0.4329032521888987,0.3770995947873157,1.1024875035721085,0.001876252798856115,1.7914398408125705,0.0,1.8557062142811873,4.590686012587165,0.0,0.0,0.0,0.0,0.0,0.0,0.0,0.0,0.0,0.0,0.0,0.0,40.0,40.0,40.0,60.0,60.0,60.0,60.0,60.0,60.0,60.0,60.0,60.0,60.0,60.0,60.0,60.0,60.0,0.0,0.0,0.0,0.0,0.0,0.0,0.0,0.0,0.0,0.0,0.0,0.0,1.0,1.0,1.0,1.5,1.5,1.5,1.5,1.5,1.5,1.5,1.5,1.5,1.5,1.5,1.5,1.5,1.5,0.0,0.0,0.0,0.0,0.0,0.0,0.0,0.0,0.0,0.0,0.0,0.0,0.0,0.0,0.0,0.0,0.0,0.0,0.0,0.0,0.0,0.0,0.0,0.0,0.0,0.0,0.0,0.0,0.0
-0.1,0.0,0.0,0.3,-0.2,0.0,-0.1,0.0,0.0,0.3,-0.2,0.0,0.0,0.0,0.0,0.048450032358538925,-0.12078893709035977,-0.39345969971437456,-0.4955622338880008,-1.4828939892989714,0.28024892929171363,-0.26651266034773635,-0.021169311617325434,0.09088792305500588,0.26304507954144524,-0.20334244938633608,1.97202,0.5409707766953061,0.4127233335750917,0.0,0.0,0.0,0.0,0.0,0.0,0.0,0.0,0.0,0.0,0.0,0.0,0.0,0.0,0.0,1.4880580667445529,-0.5274999971914176,1.2581985893247896,1.1039867829391412,-6.0623658091261525,1.5693456507369599,-0.6366071322760153,0.284167895195312,1.2716588080394617,-1.311717655251831,1.970869905642717,0.0,3.3049015796708407,4.004438513695792,0.0,0.0,0.0,0.0,0.0,0.0,0.0,0.0,0.0,0.0,0.0,0.0,40.0,40.0,40.0,60.0,60.0,60.0,60.0,60.0,60.0,60.0,60.0,60.0,60.0,60.0,60.0,60.0,60.0,0.0,0.0,0.0,0.0,0.0,0.0,0.0,0.0,0.0,0.0,0.0,0.0,1.0,1.0,1.0,1.5,1.5,1.5,1.5,1.5,1.5,1.5,1.5,1.5,1.5,1.5,1.5,1.5,1.5,0.0,0.0,0.0,0.0,0.0,0.0,0.0,0.0,0.0,0.0,0.0,0.0,0.0,0.0,0.0,0.0,0.0,0.0,0.0,0.0,0.0,0.0,0.0,0.0,0.0,0.0,0.0,0.0,0.0
-0.1,0.0,0.0,0.3,-0.2,0.0,-0.1,0.0,0.0,0.3,-0.2,0.0,0.0,0.0,0.0,0.07622535555853965,-0.12519546494297665,-0.35552415577828106,-0.47385325219792623,-1.5764753123247144,0.31582658177663614,-0.2810355901298755,-0.014968972405714296,0.11324970210356806,0.22485901103673497,-0.16632834450191797,1.97202,0.6120124595956107,0.5033786892475085,0.0,0.0,0.0,0.0,0.0,0.0,0.0,0.0,0.0,0.0,0.0,0.0,0.0,0.0,0.0,0.9480522753723609,-0.2714446847669024,1.6171952649559327,0.7926585599672061,-3.4944761797867763,1.3948564100203564,-0.6530764379230155,0.19986454852637148,0.5808652194536326,-2.055582540335152,1.6863877907113716,0.0,3.083497068857635,3.13733268299867,0.0,0.0,0.0,0.0,0.0,0.0,0.0,0.0,0.0,0.0,0.0,0.0,40.0,40.0,40.0,60.0,60.0,60.0,60.0,60.0,60.0,60.0,60.0,60.0,60.0,60.0,60.0,60.0,60.0,0.0,0.0,0.0,0.0,0.0,0.0,0.0,0.0,0.0,0.0,0.0,0.0,1.0,1.0,1.0,1.5,1.5,1.5,1.5,1.5,1.5,1.5,1.5,1.5,1.5,1.5,1.5,1.5,1.5,0.0,0.0,0.0,0.0,0.0,0.0,0.0,0.0,0.0,0.0,0.0,0.0,0.0,0.0,0.0,0.0,0.0,0.0,0.0,0.0,0.0,0.0,0.0,0.0,0.0,0.0,0.0,0.0,0.0
-0.1,0.0,0.0,0.3,-0.2,0.0,-0.1,0.0,0.0,0.3,-0.2,0.0,0.0,0.0,0.0,0.08637212337343336,-0.13164672448103587,-0.32877188911613725,-0.46385589148931256,-1.6226730364904425,0.3360431856925279,-0.292635717864657,-0.013174729676270574,0.11412253183315119,0.18082177792803916,-0.13588693775788122,1.97202,0.6643106594496115,0.5382166408950385,0.0,0.0,0.0,0.0,0.0,0.0,0.0,0.0,0.0,0.0,0.0,0.0,0.0,0.0,0.0,0.7332593210546218,-0.15349676284596853,1.5005580154351508,0.5490403437691457,-2.218926049567432,1.4399120608866598,-0.5266879980410699,0.0964568582170902,0.3080652446468015,-2.0410472434909903,1.4613835382895977,0.0,2.5767709020029783,2.4218399821285015,0.0,0.0,0.0,0.0,0.0,0.0,0.0,0.0,0.0,0.0,0.0,0.0,40.0,40.0,40.0,60.0,60.0,60.0,60.0,60.0,60.0,60.0,60.0,60.0,60.0,60.0,60.0,60.0,60.0,0.0,0.0,0.0,0.0,0.0,0.0,0.0,0.0,0.0,0.0,0.0,0.0,1.0,1.0,1.0,1.5,1.5,1.5,1.5,1.5,1.5,1.5,1.5,1.5,1.5,1.5,1.5,1.5,1.5,0.0,0.0,0.0,0.0,0.0,0.0,0.0,0.0,0.0,0.0,0.0,0.0,0.0,0.0,0.0,0.0,0.0,0.0,0.0,0.0,0.0,0.0,0.0,0.0,0.0,0.0,0.0,0.0,0.0
-0.1,0.0,0.0,0.3,-0.2,0.0,-0.1,0.0,0.0,0.3,-0.2,0.0,0.0,0.0,0.0,0.10555572840072452,-0.1313353354568154,-0.295501835160875,-0.4518916384471604,-1.6652323543074117,0.37342306421210253,-0.3021031100515183,-0.011110698077030688,0.12557231188944012,0.14321712129709535,-0.10787300297033406,1.97202,0.7150832956757298,0.6002522885326486,0.0,0.0,0.0,0.0,0.0,0.0,0.0,0.0,0.0,0.0,0.0,0.0,0.0,0.0,0.0,-0.024374640346569443,0.17611700434874977,1.7192868605183362,0.11742909512962585,-1.91975313526484,1.5908248541230268,-0.6348871957850984,0.34118218947655565,-0.06287301836773243,-1.3372326385592825,2.1130064105777184,0.0,1.8745619231640447,1.5703104386715794,0.0,0.0,0.0,0.0,0.0,0.0,0.0,0.0,0.0,0.0,0.0,0.0,40.0,40.0,40.0,60.0,60.0,60.0,60.0,60.0,60.0,60.0,60.0,60.0,60.0,60.0,60.0,60.0,60.0,0.0,0.0,0.0,0.0,0.0,0.0,0.0,0.0,0.0,0.0,0.0,0.0,1.0,1.0,1.0,1.5,1.5,1.5,1.5,1.5,1.5,1.5,1.5,1.5,1.5,1.5,1.5,1.5,1.5,0.0,0.0,0.0,0.0,0.0,0.0,0.0,0.0,0.0,0.0,0.0,0.0,0.0,0.0,0.0,0.0,0.0,0.0,0.0,0.0,0.0,0.0,0.0,0.0,0.0,0.0,0.0,0.0,0.0
-0.1,0.0,0.0,0.3,-0.2,0.0,-0.1,0.0,0.0,0.3,-0.2,0.0,0.0,0.0,0.0,0.08539713775957058,-0.12460204430708588,-0.2600004146954038,-0.4591587276841275,-1.699463161901036,0.39967617985744897,-0.3180312056960609,0.0004725579027916524,0.11160761109844189,0.12733247238566786,-0.051366681334772485,1.97202,0.7392931363761733,0.6010290584419017,0.0,0.0,0.0,0.0,0.0,0.0,0.0,0.0,0.0,0.0,0.0,0.0,0.0,0.0,0.0,-1.1989824369689914,-0.45950371110794125,-0.1704816293446626,0.5609333015611936,-0.8557701898406156,0.6563278911336609,-0.39820239111356404,0.141263267591521,-0.00616083196061587,0.8096559344373685,2.3137786828746063,0.0,0.6052460175110852,0.019419247731328193,0.0,0.0,0.0,0.0,0.0,0.0,0.0,0.0,0.0,0.0,0.0,0.0,40.0,40.0,40.0,60.0,60.0,60.0,60.0,60.0,60.0,60.0,60.0,60.0,60.0,60.0,60.0,60.0,60.0,0.0,0.0,0.0,0.0,0.0,0.0,0.0,0.0,0.0,0.0,0.0,0.0,1.0,1.0,1.0,1.5,1.5,1.5,1.5,1.5,1.5,1.5,1.5,1.5,1.5,1.5,1.5,1.5,1.5,0.0,0.0,0.0,0.0,0.0,0.0,0.0,0.0,0.0,0.0,0.0,0.0,0.0,0.0,0.0,0.0,0.0,0.0,0.0,0.0,0.0,0.0,0.0,0.0,0.0,0.0,0.0,0.0,0.0
-0.1,0.0,0.0,0.3,-0.2,0.0,-0.1,0.0,0.0,0.3,-0.2,0.0,0.0,0.0,0.0,0.05759643092196486,-0.14971548390113304,-0.30232110033466153,-0.42945430638471266,-1.6994631619010363,0.39967617985744897,-0.31803120569606086,-0.005460167373369847,0.1253258786110155,0.1756033586745901,-0.015321855655349801,1.97202,0.7392931363761732,0.6010290584419017,0.0,0.0,0.0,0.0,0.0,0.0,0.0,0.0,0.0,0.0,0.0,0.0,0.0,0.0,0.0,-1.6464697819588827,-0.08536695124358937,0.6445307099373736,-1.6844115286417536,-1.1443585009215274,0.8418932558060727,0.42294503721622967,0.967491407014949,-0.6863222242404758,0.23784752979704102,3.297389033039439,0.0,0.37706133349211524,-1.052915176048183,0.0,0.0,0.0,0.0,0.0,0.0,0.0,0.0,0.0,0.0,0.0,0.0,40.0,40.0,40.0,60.0,60.0,60.0,60.0,60.0,60.0,60.0,60.0,60.0,60.0,60.0,60.0,60.0,60.0,0.0,0.0,0.0,0.0,0.0,0.0,0.0,0.0,0.0,0.0,0.0,0.0,1.0,1.0,1.0,1.5,1.5,1.5,1.5,1.5,1.5,1.5,1.5,1.5,1.5,1.5,1.5,1.5,1.5,0.0,0.0,0.0,0.0,0.0,0.0,0.0,0.0,0.0,0.0,0.0,0.0,0.0,0.0,0.0,0.0,0.0,0.0,0.0,0.0,0.0,0.0,0.0,0.0,0.0,0.0,0.0,0.0,0.0
-0.1,0.0,0.0,0.3,-0.2,0.0,-0.1,0.0,0.0,0.3,-0.2,0.0,0.0,0.0,0.0,0.019538346481215274,-0.12801672235682945,-0.23421918629790886,-0.5265351888297977,-1.7452375019378972,0.43335191008969187,-0.30111340420741173,0.03917221418338961,0.08415472212882286,0.1368463735775495,0.08052887998680508,1.97202,0.7543755897158579,0.5589124513999744,0.0,0.0,0.0,0.0,0.0,0.0,0.0,0.0,0.0,0.0,0.0,0.0,0.0,0.0,0.0,-2.920149668473693,0.3195799856270491,1.816233138985647,-3.3482398402900304,0.15156780880128395,-0.07169880171896681,1.2623573282091598,2.0358811561323824,-1.723099110000166,-0.26354393860161734,3.5934548090082417,0.0,0.450019677683397,-3.866335968170137,0.0,0.0,0.0,0.0,0.0,0.0,0.0,0.0,0.0,0.0,0.0,0.0,40.0,40.0,40.0,60.0,60.0,60.0,60.0,60.0,60.0,60.0,60.0,60.0,60.0,60.0,60.0,60.0,60.0,0.0,0.0,0.0,0.0,0.0,0.0,0.0,0.0,0.0,0.0,0.0,0.0,1.0,1.0,1.0,1.5,1.5,1.5,1.5,1.5,1.5,1.5,1.5,1.5,1.5,1.5,1.5,1.5,1.5,0.0,0.0,0.0,0.0,0.0,0.0,0.0,0.0,0.0,0.0,0.0,0.0,0.0,0.0,0.0,0.0,0.0,0.0,0.0,0.0,0.0,0.0,0.0,0.0,0.0,0.0,0.0,0.0,0.0
-0.1,0.0,0.0,0.3,-0.2,0.0,-0.1,0.0,0.0,0.3,-0.2,0.0,0.0,0.0,0.0,-0.05920955581698287,-0.13693228447605107,-0.22967177477523565,-0.5633838999963139,-1.693400449548985,0.3968082277886903,-0.26753691256769446,0.07597507887192545,0.056401914211008854,0.1650616011305254,0.12841633670497987,1.97202,0.7572939234835091,0.4463756197150962,0.0,0.0,0.0,0.0,0.0,0.0,0.0,0.0,0.0,0.0,0.0,0.0,0.0,0.0,0.0,-2.2413958299599983,0.27137352254666125,0.6258704684378738,-2.5307065859396514,0.17414023391135736,-0.3446187339463641,2.046046277016248,0.9975844471361976,-0.9798601901000885,0.5757523706777276,1.9588717513050469,0.0,-1.032385796992588,-4.952891028307095,0.0,0.0,0.0,0.0,0.0,0.0,0.0,0.0,0.0,0.0,0.0,0.0,40.0,40.0,40.0,60.0,60.0,60.0,60.0,60.0,60.0,60.0,60.0,60.0,60.0,60.0,60.0,60.0,60.0,0.0,0.0,0.0,0.0,0.0,0.0,0.0,0.0,0.0,0.0,0.0,0.0,1.0,1.0,1.0,1.5,1.5,1.5,1.5,1.5,1.5,1.5,1.5,1.5,1.5,1.5,1.5,1.5,1.5,0.0,0.0,0.0,0.0,0.0,0.0,0.0,0.0,0.0,0.0,0.0,0.0,0.0,0.0,0.0,0.0,0.0,0.0,0.0,0.0,0.0,0.0,0.0,0.0,0.0,0.0,0.0,0.0,0.0
-0.1,0.0,0.0,0.3,-0.2,0.0,-0.1,0.0,0.0,0.3,-0.2,0.0,0.0,0.0,0.0,-0.07011748671718467,-0.117161781454963,-0.2091843675603939,-0.6277634522673837,-1.7382718925814429,0.4195671607318373,-0.2192715531267618,0.07907559206883752,0.044960314524819314,0.1598764684046586,0.15888375003900695,1.97202,0.7130801578361544,0.36079681026769056,0.0,0.0,0.0,0.0,0.0,0.0,0.0,0.0,0.0,0.0,0.0,0.0,0.0,0.0,0.0,-1.374199658129979,0.6201823863658591,1.301818025810155,-3.7056638660378614,-2.532365359143962,0.006738661658292622,3.6294123288202305,0.22308424029458956,-0.8248061316397031,0.3492149994223849,0.4226215608880472,0.0,-3.097142099606148,-4.002772949515737,0.0,0.0,0.0,0.0,0.0,0.0,0.0,0.0,0.0,0.0,0.0,0.0,40.0,40.0,40.0,60.0,60.0,60.0,60.0,60.0,60.0,60.0,60.0,60.0,60.0,60.0,60.0,60.0,60.0,0.0,0.0,0.0,0.0,0.0,0.0,0.0,0.0,0.0,0.0,0.0,0.0,1.0,1.0,1.0,1.5,1.5,1.5,1.5,1.5,1.5,1.5,1.5,1.5,1.5,1.5,1.5,1.5,1.5,0.0,0.0,0.0,0.0,0.0,0.0,0.0,0.0,0.0,0.0,0.0,0.0,0.0,0.0,0.0,0.0,0.0,0.0,0.0,0.0,0.0,0.0,0.0,0.0,0.0,0.0,0.0,0.0,0.0
-0.1,0.0,0.0,0.3,-0.2,0.0,-0.1,0.0,0.0,0.3,-0.2,0.0,0.0,0.0,0.0,-0.11417754214218202,-0.11212498902141671,-0.17759905374282944,-0.7116104546378283,-1.7946950639147434,0.397077774255022,-0.12236041941488525,0.08489844848370903,0.02340966894542073,0.1790302011074208,0.14532119914050176,1.97202,0.6334082394992632,0.2862647017344667,0.0,0.0,0.0,0.0,0.0,0.0,0.0,0.0,0.0,0.0,0.0,0.0,0.0,0.0,0.0,-2.7639704495509125,0.2701040091038099,1.3265710358123204,-4.097111823990951,-0.3794563264237216,-1.9041933699361413,3.8128662484751183,0.722759587050837,-1.4985405248198511,1.4712050479279488,-0.8967269118959842,0.0,-3.9189466441109877,-3.767124982122055,0.0,0.0,0.0,0.0,0.0,0.0,0.0,0.0,0.0,0.0,0.0,0.0,40.0,40.0,40.0,60.0,60.0,60.0,60.0,60.0,60.0,60.0,60.0,60.0,60.0,60.0,60.0,60.0,60.0,0.0,0.0,0.0,0.0,0.0,0.0,0.0,0.0,0.0,0.0,0.0,0.0,1.0,1.0,1.0,1.5,1.5,1.5,1.5,1.5,1.5,1.5,1.5,1.5,1.5,1.5,1.5,1.5,1.5,0.0,0.0,0.0,0.0,0.0,0.0,0.0,0.0,0.0,0.0,0.0,0.0,0.0,0.0,0.0,0.0,0.0,0.0,0.0,0.0,0.0,0.0,0.0,0.0,0.0,0.0,0.0,0.0,0.0
-0.1,0.0,0.0,0.3,-0.2,0.0,-0.1,0.0,0.0,0.3,-0.2,0.0,0.0,0.0,0.0,-0.18067630469922116,-0.10635762109081061,-0.1561215261279011,-0.7916479252270218,-1.7534501456383917,0.34339942593439166,-0.06675690318775707,0.107985975550871,-0.014981306467974733,0.21872467032177656,0.12301467356316759,1.97202,0.5563222920717149,0.21011181098280834,0.0,0.0,0.0,0.0,0.0,0.0,0.0,0.0,0.0,0.0,0.0,0.0,0.0,0.0,0.0,-2.5718892278019756,0.5272219365251907,0.9205043409193571,-3.2631224444942237,0.8186734682384234,-2.507803512917231,1.9929688471733011,1.0146277659693301,-1.7000676005741997,1.3772560839415304,-0.7923804263150185,0.0,-2.251014410515184,-1.9906082582510607,0.0,0.0,0.0,0.0,0.0,0.0,0.0,0.0,0.0,0.0,0.0,0.0,40.0,40.0,40.0,60.0,60.0,60.0,60.0,60.0,60.0,60.0,60.0,60.0,60.0,60.0,60.0,60.0,60.0,0.0,0.0,0.0,0.0,0.0,0.0,0.0,0.0,0.0,0.0,0.0,0.0,1.0,1.0,1.0,1.5,1.5,1.5,1.5,1.5,1.5,1.5,1.5,1.5,1.5,1.5,1.5,1.5,1.5,0.0,0.0,0.0,0.0,0.0,0.0,0.0,0.0,0.0,0.0,0.0,0.0,0.0,0.0,0.0,0.0,0.0,0.0,0.0,0.0,0.0,0.0,0.0,0.0,0.0,0.0,0.0,0.0,0.0
-0.1,0.0,0.0,0.3,-0.2,0.0,-0.1,0.0,0.0,0.3,-0.2,0.0,0.0,0.0,0.0,-0.21705311125426105,-0.09103611156040908,-0.14077888010605516,-0.8421353524175973,-1.7619481251852065,0.29676563373833276,-0.042641665527953204,0.12548355912248224,-0.04459303507754725,0.234120444465082,0.11362598208790102,1.97202,0.5433676630786558,0.2066403714044243,0.0,0.0,0.0,0.0,0.0,0.0,0.0,0.0,0.0,0.0,0.0,0.0,0.0,0.0,0.0,-0.6515780661405235,0.4385194532974038,-0.2231838124992322,-1.983108742377221,-1.0096404052436725,-1.8108255606494885,1.1869112717989145,0.059093264874069545,-0.7929478270907542,0.165207545275136,-0.06122808759911995,0.0,0.34813396278779996,0.4288244380637372,0.0,0.0,0.0,0.0,0.0,0.0,0.0,0.0,0.0,0.0,0.0,0.0,40.0,40.0,40.0,60.0,60.0,60.0,60.0,60.0,60.0,60.0,60.0,60.0,60.0,60.0,60.0,60.0,60.0,0.0,0.0,0.0,0.0,0.0,0.0,0.0,0.0,0.0,0.0,0.0,0.0,1.0,1.0,1.0,1.5,1.5,1.5,1.5,1.5,1.5,1.5,1.5,1.5,1.5,1.5,1.5,1.5,1.5,0.0,0.0,0.0,0.0,0.0,0.0,0.0,0.0,0.0,0.0,0.0,0.0,0.0,0.0,0.0,0.0,0.0,0.0,0.0,0.0,0.0,0.0,0.0,0.0,0.0,0.0,0.0,0.0,0.0
-0.1,0.0,0.0,0.3,-0.2,0.0,-0.1,0.0,0.0,0.3,-0.2,0.0,0.0,0.0,0.0,-0.2067394273448421,-0.08881684295891445,-0.16504887862787038,-0.8709722749221106,-1.7938357618481386,0.2709664035084121,-0.01928045231580048,0.11034970614583378,-0.0466992195516049,0.225332972132782,0.12056555005920279,1.97202,0.5702476505832269,0.22726478850535783,0.0,0.0,0.0,0.0,0.0,0.0,0.0,0.0,0.0,0.0,0.0,0.0,0.0,0.0,0.0,0.11316016817337696,-0.06370291787379592,-0.8643139169861015,-1.1085860147406617,-1.3687749881931999,-1.2060345278512463,1.1630947322282614,-0.6500645529328459,-0.2426178414891249,-0.5820543870475244,0.7459431347648707,0.0,2.2687305871158276,1.5152015937332723,0.0,0.0,0.0,0.0,0.0,0.0,0.0,0.0,0.0,0.0,0.0,0.0,40.0,40.0,40.0,60.0,60.0,60.0,60.0,60.0,60.0,60.0,60.0,60.0,60.0,60.0,60.0,60.0,60.0,0.0,0.0,0.0,0.0,0.0,0.0,0.0,0.0,0.0,0.0,0.0,0.0,1.0,1.0,1.0,1.5,1.5,1.5,1.5,1.5,1.5,1.5,1.5,1.5,1.5,1.5,1.5,1.5,1.5,0.0,0.0,0.0,0.0,0.0,0.0,0.0,0.0,0.0,0.0,0.0,0.0,0.0,0.0,0.0,0.0,0.0,0.0,0.0,0.0,0.0,0.0,0.0,0.0,0.0,0.0,0.0,0.0,0.0
-0.1,0.0,0.0,0.3,-0.2,0.0,-0.1,0.0,0.0,0.3,-0.2,0.0,0.0,0.0,0.0,-0.21252670452732597,-0.09358422827536092,-0.17535143678549922,-0.8864787930072238,-1.8166991247129345,0.2485242526242829,0.0038821237611772566,0.0994809770051684,-0.054297748737112246,0.21083826898318103,0.14346370747849585,1.97202,0.6341168865632889,0.2672484351537552,0.0,0.0,0.0,0.0,0.0,0.0,0.0,0.0,0.0,0.0,0.0,0.0,0.0,0.0,0.0,1.2539244869915283,-0.31797365624067764,-1.5492871092512481,0.4383604586652323,-1.9376525797068278,-0.6989399823516685,0.4110818816945177,-1.0701119860045407,0.8025891159659895,-0.8607499659877844,0.10443387688264319,0.0,1.344409387594142,0.7235037938182386,0.0,0.0,0.0,0.0,0.0,0.0,0.0,0.0,0.0,0.0,0.0,0.0,40.0,40.0,40.0,60.0,60.0,60.0,60.0,60.0,60.0,60.0,60.0,60.0,60.0,60.0,60.0,60.0,60.0,0.0,0.0,0.0,0.0,0.0,0.0,0.0,0.0,0.0,0.0,0.0,0.0,1.0,1.0,1.0,1.5,1.5,1.5,1.5,1.5,1.5,1.5,1.5,1.5,1.5,1.5,1.5,1.5,1.5,0.0,0.0,0.0,0.0,0.0,0.0,0.0,0.0,0.0,0.0,0.0,0.0,0.0,0.0,0.0,0.0,0.0,0.0,0.0,0.0,0.0,0.0,0.0,0.0,0.0,0.0,0.0,0.0,0.0
-0.1,0.0,0.0,0.3,-0.2,0.0,-0.1,0.0,0.0,0.3,-0.2,0.0,0.0,0.0,0.0,-0.15658244786518097,-0.10153578920854156,-0.2270203629979203,-0.8534378565755013,-1.8713418650364118,0.24300880421434537,-0.00283717704801977,0.06754522670565215,-0.01459565491296532,0.19090297349327062,0.12474290513450852,1.97202,0.6240240260869926,0.2562049402580874,0.0,0.0,0.0,0.0,0.0,0.0,0.0,0.0,0.0,0.0,0.0,0.0,0.0,0.0,0.0,2.7978184115969573,-0.1727180586395132,-1.9175949756741006,2.76998986030709,-3.767661302950942,0.42442044480455743,-1.6696895722332963,-1.344040227844677,1.9720106690653334,-0.8961104308452407,-1.180088911519705,0.0,-0.45916100929074,0.45046619036739344,0.0,0.0,0.0,0.0,0.0,0.0,0.0,0.0,0.0,0.0,0.0,0.0,40.0,40.0,40.0,60.0,60.0,60.0,60.0,60.0,60.0,60.0,60.0,60.0,60.0,60.0,60.0,60.0,60.0,0.0,0.0,0.0,0.0,0.0,0.0,0.0,0.0,0.0,0.0,0.0,0.0,1.0,1.0,1.0,1.5,1.5,1.5,1.5,1.5,1.5,1.5,1.5,1.5,1.5,1.5,1.5,1.5,1.5,0.0,0.0,0.0,0.0,0.0,0.0,0.0,0.0,0.0,0.0,0.0,0.0,0.0,0.0,0.0,0.0,0.0,0.0,0.0,0.0,0.0,0.0,0.0,0.0,0.0,0.0,0.0,0.0,0.0
-0.1,0.0,0.0,0.3,-0.2,0.0,-0.1,0.0,0.0,0.3,-0.2,0.0,0.0,0.0,0.0,-0.10061396806344768,-0.10049295062094145,-0.25205523581246325,-0.7756791985949402,-1.9674055768309722,0.2655010704164652,-0.0629054591281546,0.04571936789138132,0.024582678025501084,0.1749938517493714,0.09626015101770764,1.97202,0.6157504461916593,0.2852670827684509,0.0,0.0,0.0,0.0,0.0,0.0,0.0,0.0,0.0,0.0,0.0,0.0,0.0,0.0,0.0,1.6894851290403377,-0.3757715264263873,-1.1674494478072874,4.0588847962687415,-2.230602933304471,0.7905516338199463,-2.9255223912147343,-0.41740682828313413,1.1979284724857784,-0.3276065554312188,-1.5494422031190958,0.0,-0.07034830524704216,1.3449352556944516,0.0,0.0,0.0,0.0,0.0,0.0,0.0,0.0,0.0,0.0,0.0,0.0,40.0,40.0,40.0,60.0,60.0,60.0,60.0,60.0,60.0,60.0,60.0,60.0,60.0,60.0,60.0,60.0,60.0,0.0,0.0,0.0,0.0,0.0,0.0,0.0,0.0,0.0,0.0,0.0,0.0,1.0,1.0,1.0,1.5,1.5,1.5,1.5,1.5,1.5,1.5,1.5,1.5,1.5,1.5,1.5,1.5,1.5,0.0,0.0,0.0,0.0,0.0,0.0,0.0,0.0,0.0,0.0,0.0,0.0,0.0,0.0,0.0,0.0,0.0,0.0,0.0,0.0,0.0,0.0,0.0,0.0,0.0,0.0,0.0,0.0,0.0
-0.1,0.0,0.0,0.3,-0.2,0.0,-0.1,0.0,0.0,0.3,-0.2,0.0,0.0,0.0,0.0,-0.08900304270356746,-0.11656665026559705,-0.2737183409102118,-0.6910824647247517,-1.9605659823685906,0.2746308695671432,-0.11985807269660914,0.05084895357432678,0.03332148398646582,0.17779871127602187,0.06276521700974469,1.97202,0.6212100938771109,0.31000235048586544,0.0,0.0,0.0,0.0,0.0,0.0,0.0,0.0,0.0,0.0,0.0,0.0,0.0,0.0,0.0,1.2782206041846884,-0.5379585311180324,-0.3838301565752211,3.2708384252052554,-0.11536057922569842,0.9904456136380246,-2.444768844535395,0.22114340545624553,0.23792031539680256,-0.7828153969090187,-2.032017449077196,0.0,-0.34375158825269425,2.1728609960735223,0.0,0.0,0.0,0.0,0.0,0.0,0.0,0.0,0.0,0.0,0.0,0.0,40.0,40.0,40.0,60.0,60.0,60.0,60.0,60.0,60.0,60.0,60.0,60.0,60.0,60.0,60.0,60.0,60.0,0.0,0.0,0.0,0.0,0.0,0.0,0.0,0.0,0.0,0.0,0.0,0.0,1.0,1.0,1.0,1.5,1.5,1.5,1.5,1.5,1.5,1.5,1.5,1.5,1.5,1.5,1.5,1.5,1.5,0.0,0.0,0.0,0.0,0.0,0.0,0.0,0.0,0.0,0.0,0.0,0.0,0.0,0.0,0.0,0.0,0.0,0.0,0.0,0.0,0.0,0.0,0.0,0.0,0.0,0.0,0.0,0.0,0.0
-0.1,0.0,0.0,0.3,-0.2,0.0,-0.1,0.0,0.0,0.3,-0.2,0.0,0.0,0.0,0.0,-0.04948514389606014,-0.12201129186566274,-0.2674084420754721,-0.64484566158673,-1.97202,0.3051188949619862,-0.1606962129095704,0.05456510410963114,0.03409949064137319,0.14368123587301065,0.014979453054619797,1.97202,0.6020003826615515,0.3721815226113918,0.0,0.0,0.0,0.0,0.0,0.0,0.0,0.0,0.0,0.0,0.0,0.0,0.0,0.0,0.0,4.725003540097722,0.42612042629105934,1.6658443701220846,3.451871544121729,-0.28635044078523797,6.824717392261745,0.6256413068152066,-2.384386509597768,0.9687506607146278,-1.5579355194964526,-4.1065679620676585,0.0,-5.10862727101244,0.2609186832624705,0.0,0.0,0.0,0.0,0.0,0.0,0.0,0.0,0.0,0.0,0.0,0.0,40.0,40.0,40.0,60.0,60.0,60.0,60.0,60.0,60.0,60.0,60.0,60.0,60.0,60.0,60.0,60.0,60.0,0.0,0.0,0.0,0.0,0.0,0.0,0.0,0.0,0.0,0.0,0.0,0.0,1.0,1.0,1.0,1.5,1.5,1.5,1.5,1.5,1.5,1.5,1.5,1.5,1.5,1.5,1.5,1.5,1.5,0.0,0.0,0.0,0.0,0.0,0.0,0.0,0.0,0.0,0.0,0.0,0.0,0.0,0.0,0.0,0.0,0.0,0.0,0.0,0.0,0.0,0.0,0.0,0.0,0.0,0.0,0.0,0.0,0.0
-0.1,0.0,0.0,0.3,-0.2,0.0,-0.1,0.0,0.0,0.3,-0.2,0.0,0.0,0.0,0.0,0.09999709890034143,-0.09952183321395468,-0.2070845661053284,-0.5530076029598825,-1.97202,0.547619565257613,-0.09483242042400088,-0.04452650680958394,0.07207151041505093,0.11548129049616376,-0.10149750147296167,1.97202,0.4168650030366133,0.32043909781636426,0.0,0.0,0.0,0.0,0.0,0.0,0.0,0.0,0.0,0.0,0.0,0.0,0.0,0.0,0.0,2.816454973814385,-0.12199189374958834,3.0333596069307736,3.6929859840345136,0.0,7.3912594456346765,2.656266722975566,-1.8089679664799156,0.3602068500875015,0.906616780059466,-4.603347181282708,0.0,-6.473922670272765,-2.3770069400582265,0.0,0.0,0.0,0.0,0.0,0.0,0.0,0.0,0.0,0.0,0.0,0.0,40.0,40.0,40.0,60.0,60.0,60.0,60.0,60.0,60.0,60.0,60.0,60.0,60.0,60.0,60.0,60.0,60.0,0.0,0.0,0.0,0.0,0.0,0.0,0.0,0.0,0.0,0.0,0.0,0.0,1.0,1.0,1.0,1.5,1.5,1.5,1.5,1.5,1.5,1.5,1.5,1.5,1.5,1.5,1.5,1.5,1.5,0.0,0.0,0.0,0.0,0.0,0.0,0.0,0.0,0.0,0.0,0.0,0.0,0.0,0.0,0.0,0.0,0.0,0.0,0.0,0.0,0.0,0.0,0.0,0.0,0.0,0.0,0.0,0.0,0.0
-0.1,0.0,0.0,0.3,-0.2,0.0,-0.1,0.0,0.0,0.3,-0.2,0.0,0.0,0.0,0.0,0.06317305505651526,-0.12689096761564628,-0.14607405779824115,-0.4971262222253494,-1.97202,0.6007692727873732,-0.054445543990547754,-0.017793614549565486,0.04850776464487325,0.1799459070753893,-0.16915443419668855,1.97202,0.34304347585064093,0.27710124500906275,0.0,0.0,0.0,0.0,0.0,0.0,0.0,0.0,0.0,0.0,0.0,0.0,0.0,0.0,0.0,-0.9810770393402712,-1.7135970559754157,0.2121370511473479,2.8699011840787727,0.0,3.5748055508168703,2.0638411982782627,-0.25323969689524417,-0.4899858518403452,3.686904729577999,-2.6252328425515805,0.0,-4.902237825021426,-4.959308361063601,0.0,0.0,0.0,0.0,0.0,0.0,0.0,0.0,0.0,0.0,0.0,0.0,40.0,40.0,40.0,60.0,60.0,60.0,60.0,60.0,60.0,60.0,60.0,60.0,60.0,60.0,60.0,60.0,60.0,0.0,0.0,0.0,0.0,0.0,0.0,0.0,0.0,0.0,0.0,0.0,0.0,1.0,1.0,1.0,1.5,1.5,1.5,1.5,1.5,1.5,1.5,1.5,1.5,1.5,1.5,1.5,1.5,1.5,0.0,0.0,0.0,0.0,0.0,0.0,0.0,0.0,0.0,0.0,0.0,0.0,0.0,0.0,0.0,0.0,0.0,0.0,0.0,0.0,0.0,0.0,0.0,0.0,0.0,0.0,0.0,0.0,0.0
-0.1,0.0,0.0,0.3,-0.2,0.0,-0.1,0.0,0.0,0.3,-0.2,0.0,0.0,0.0,0.0,0.06075401732673058,-0.1680657154529713,-0.1985990840594345,-0.4382115555967316,-1.97202,0.6906117872902878,-0.012278772492870361,-0.05465609468539371,0.05247207634143712,0.26295747967928373,-0.2065068151750249,1.97202,0.22077549003575625,0.1220667633738202,0.0,0.0,0.0,0.0,0.0,0.0,0.0,0.0,0.0,0.0,0.0,0.0,0.0,0.0,0.0,-0.29077117560879423,-1.2115434945222727,-0.7935922201945513,3.2257603065617144,0.0,3.7195540806430336,2.157433854712265,-1.1176160011736005,-0.011724267373939765,3.2990910742193424,-3.054443356883898,0.0,-4.446218630659093,-6.091194211975624,0.0,0.0,0.0,0.0,0.0,0.0,0.0,0.0,0.0,0.0,0.0,0.0,40.0,40.0,40.0,60.0,60.0,60.0,60.0,60.0,60.0,60.0,60.0,60.0,60.0,60.0,60.0,60.0,60.0,0.0,0.0,0.0,0.0,0.0,0.0,0.0,0.0,0.0,0.0,0.0,0.0,1.0,1.0,1.0,1.5,1.5,1.5,1.5,1.5,1.5,1.5,1.5,1.5,1.5,1.5,1.5,1.5,1.5,0.0,0.0,0.0,0.0,0.0,0.0,0.0,0.0,0.0,0.0,0.0,0.0,0.0,0.0,0.0,0.0,0.0,0.0,0.0,0.0,0.0,0.0,0.0,0.0,0.0,0.0,0.0,0.0,0.0
-0.1,0.0,0.0,0.3,-0.2,0.0,-0.1,0.0,0.0,0.3,-0.2,0.0,0.0,0.0,0.0,0.051542208032163486,-0.1753527073965372,-0.1778177466060232,-0.3680958099628808,-1.97202,0.7495514360130946,0.03185181019794286,-0.062498254596509505,0.048038793949915656,0.311909550044163,-0.29133216847204446,1.97202,0.1651947306242772,0.03345347653003778,0.0,0.0,0.0,0.0,0.0,0.0,0.0,0.0,0.0,0.0,0.0,0.0,0.0,0.0,0.0,-1.462573071681712,0.30076505731250824,1.812340589756229,2.0060829846163046,0.0,0.38029404608036776,1.9887350821904866,1.1254912565506172,-1.4100333932506979,0.6378616692679653,-2.471678436615865,0.0,1.0901046389825655,-0.7883636802567029,0.0,0.0,0.0,0.0,0.0,0.0,0.0,0.0,0.0,0.0,0.0,0.0,40.0,40.0,40.0,60.0,60.0,60.0,60.0,60.0,60.0,60.0,60.0,60.0,60.0,60.0,60.0,60.0,60.0,0.0,0.0,0.0,0.0,0.0,0.0,0.0,0.0,0.0,0.0,0.0,0.0,1.0,1.0,1.0,1.5,1.5,1.5,1.5,1.5,1.5,1.5,1.5,1.5,1.5,1.5,1.5,1.5,1.5,0.0,0.0,0.0,0.0,0.0,0.0,0.0,0.0,0.0,0.0,0.0,0.0,0.0,0.0,0.0,0.0,0.0,0.0,0.0,0.0,0.0,0.0,0.0,0.0,0.0,0.0,0.0,0.0,0.0
-0.1,0.0,0.0,0.3,-0.2,0.0,-0.1,0.0,0.0,0.3,-0.2,0.0,0.0,0.0,0.0,0.002251094459462105,-0.15603511316047097,-0.12610546046918533,-0.3579682362120794,-1.97202,0.7058235491335025,0.0672706307947491,-0.009636444423369021,-0.003929259388590795,0.28847194645000235,-0.3053739526396595,1.97202,0.26437967559505887,0.09053221616355209,0.0,0.0,0.0,0.0,0.0,0.0,0.0,0.0,0.0,0.0,0.0,0.0,0.0,0.0,0.0,-1.3932780307518433,0.5105360773550276,0.4852239734040288,0.33471655284400686,0.0,-1.7965378550307858,1.112706889731098,0.9063298739078646,-1.6355881766784333,-1.0913451900349023,-0.13204973417077492,0.0,4.383313933317845,0.4917714773360358,0.0,0.0,0.0,0.0,0.0,0.0,0.0,0.0,0.0,0.0,0.0,0.0,40.0,40.0,40.0,60.0,60.0,60.0,60.0,60.0,60.0,60.0,60.0,60.0,60.0,60.0,60.0,60.0,60.0,0.0,0.0,0.0,0.0,0.0,0.0,0.0,0.0,0.0,0.0,0.0,0.0,1.0,1.0,1.0,1.5,1.5,1.5,1.5,1.5,1.5,1.5,1.5,1.5,1.5,1.5,1.5,1.5,1.5,0.0,0.0,0.0,0.0,0.0,0.0,0.0,0.0,0.0,0.0,0.0,0.0,0.0,0.0,0.0,0.0,0.0,0.0,0.0,0.0,0.0,0.0,0.0,0.0,0.0,0.0,0.0,0.0,0.0
-0.1,0.0,0.0,0.3,-0.2,0.0,-0.1,0.0,0.0,0.3,-0.2,0.0,0.0,0.0,0.0,-0.004188913197910244,-0.15493126430233609,-0.15840878766986205,-0.35470714784912055,-1.97202,0.6776899218118632,0.07636008578718678,-0.026245059640194916,-0.01738473311722167,0.2682557424427669,-0.29661415783887546,1.97202,0.340527287956991,0.053124335623479214,0.0,0.0,0.0,0.0,0.0,0.0,0.0,0.0,0.0,0.0,0.0,0.0,0.0,0.0,0.0,-0.21814737329613884,-0.0368669197733866,-1.7046004197678697,-0.05098968265477566,0.0,-1.9946439123940922,0.5896381992198642,-0.7732799545428961,-0.25942331552534614,-0.6890074317015438,-0.07036048568535708,0.0,2.4602530629433765,-1.9070952754489632,0.0,0.0,0.0,0.0,0.0,0.0,0.0,0.0,0.0,0.0,0.0,0.0,40.0,40.0,40.0,60.0,60.0,60.0,60.0,60.0,60.0,60.0,60.0,60.0,60.0,60.0,60.0,60.0,60.0,0.0,0.0,0.0,0.0,0.0,0.0,0.0,0.0,0.0,0.0,0.0,0.0,1.0,1.0,1.0,1.5,1.5,1.5,1.5,1.5,1.5,1.5,1.5,1.5,1.5,1.5,1.5,1.5,1.5,0.0,0.0,0.0,0.0,0.0,0.0,0.0,0.0,0.0,0.0,0.0,0.0,0.0,0.0,0.0,0.0,0.0,0.0,0.0,0.0,0.0,0.0,0.0,0.0,0.0,0.0,0.0,0.0,0.0
-0.1,0.0,0.0,0.3,-0.2,0.0,-0.1,0.0,0.0,0.3,-0.2,0.0,0.0,0.0,0.0,-0.006474800472383448,-0.15750978995140644,-0.19428947725990012,-0.36000782351827043,-1.97202,0.6260377926377388,0.09085615876354367,-0.040567642605084865,-0.014306192009604642,0.2609116491819406,-0.3081883720670738,1.97202,0.36278979811279394,0.014248405145593564,0.0,0.0,0.0,0.0,0.0,0.0,0.0,0.0,0.0,0.0,0.0,0.0,0.0,0.0,0.0,0.39924426863639906,0.15121394451249326,-1.4266071127897995,-0.4597452791684581,0.0,-1.1171191468973412,0.27108514289524294,-0.9768085617322491,0.10852286166486017,0.07928752347090284,-0.6043607354295363,0.0,-0.6914427529941786,-1.7559704052253402,0.0,0.0,0.0,0.0,0.0,0.0,0.0,0.0,0.0,0.0,0.0,0.0,40.0,40.0,40.0,60.0,60.0,60.0,60.0,60.0,60.0,60.0,60.0,60.0,60.0,60.0,60.0,60.0,60.0,0.0,0.0,0.0,0.0,0.0,0.0,0.0,0.0,0.0,0.0,0.0,0.0,1.0,1.0,1.0,1.5,1.5,1.5,1.5,1.5,1.5,1.5,1.5,1.5,1.5,1.5,1.5,1.5,1.5,0.0,0.0,0.0,0.0,0.0,0.0,0.0,0.0,0.0,0.0,0.0,0.0,0.0,0.0,0.0,0.0,0.0,0.0,0.0,0.0,0.0,0.0,0.0,0.0,0.0,0.0,0.0,0.0,0.0
-0.1,0.0,0.0,0.3,-0.2,0.0,-0.1,0.0,0.0,0.3,-0.2,0.0,0.0,0.0,0.0,0.01178085754754572,-0.14888270652183636,-0.21547307218145403,-0.3730969590158589,-1.97202,0.6330051559359695,0.0872034915029965,-0.06531740210948488,-0.013043818650627263,0.271427243381603,-0.3207885872560569,1.97202,0.31286957783722386,-0.017114480585534397,0.0,0.0,0.0,0.0,0.0,0.0,0.0,0.0,0.0,0.0,0.0,0.0,0.0,0.0,0.0,0.3331605592203561,0.15265785418207833,-1.0092697095038585,-0.3000010019535912,0.0,-0.17549479190792916,0.39614152534176683,-0.9046012047327521,-0.0809289497492728,1.2648311569113668,-0.7122442654175761,0.0,-2.645759682349251,-0.2596336915671935,0.0,0.0,0.0,0.0,0.0,0.0,0.0,0.0,0.0,0.0,0.0,0.0,40.0,40.0,40.0,60.0,60.0,60.0,60.0,60.0,60.0,60.0,60.0,60.0,60.0,60.0,60.0,60.0,60.0,0.0,0.0,0.0,0.0,0.0,0.0,0.0,0.0,0.0,0.0,0.0,0.0,1.0,1.0,1.0,1.5,1.5,1.5,1.5,1.5,1.5,1.5,1.5,1.5,1.5,1.5,1.5,1.5,1.5,0.0,0.0,0.0,0.0,0.0,0.0,0.0,0.0,0.0,0.0,0.0,0.0,0.0,0.0,0.0,0.0,0.0,0.0,0.0,0.0,0.0,0.0,0.0,0.0,0.0,0.0,0.0,0.0,0.0
-0.1,0.0,0.0,0.3,-0.2,0.0,-0.1,0.0,0.0,0.3,-0.2,0.0,0.0,0.0,0.0,0.0068516218964307955,-0.1514034757841233,-0.23466026564005446,-0.3720078635964141,-1.97202,0.6190180009614217,0.10670181977721434,-0.07675169079439495,-0.017543349999575554,0.31150489545839527,-0.3366781426837768,1.97202,0.2569594108188239,0.0038630574829058226,0.0,0.0,0.0,0.0,0.0,0.0,0.0,0.0,0.0,0.0,0.0,0.0,0.0,0.0,0.0,-0.18259582730747528,0.051267884382762835,-0.873806937751518,0.07041324393875642,0.0,0.14061946744271803,0.8408020167273992,-0.6276137354639139,-0.17127212251254714,2.211625782289618,-0.5909228221272905,0.0,-3.588805246695433,3.366707504498888,0.0,0.0,0.0,0.0,0.0,0.0,0.0,0.0,0.0,0.0,0.0,0.0,40.0,40.0,40.0,60.0,60.0,60.0,60.0,60.0,60.0,60.0,60.0,60.0,60.0,60.0,60.0,60.0,60.0,0.0,0.0,0.0,0.0,0.0,0.0,0.0,0.0,0.0,0.0,0.0,0.0,1.0,1.0,1.0,1.5,1.5,1.5,1.5,1.5,1.5,1.5,1.5,1.5,1.5,1.5,1.5,1.5,1.5,0.0,0.0,0.0,0.0,0.0,0.0,0.0,0.0,0.0,0.0,0.0,0.0,0.0,0.0,0.0,0.0,0.0,0.0,0.0,0.0,0.0,0.0,0.0,0.0,0.0,0.0,0.0,0.0,0.0
-0.1,0.0,0.0,0.3,-0.2,0.0,-0.1,0.0,0.0,0.3,-0.2,0.0,0.0,0.0,0.0,0.004477024455246708,-0.14683199114652584,-0.25042534969151475,-0.3702804292583086,-1.97202,0.6386299346336782,0.12083557217209247,-0.09042195152804143,-0.01989470355112915,0.35989227467318774,-0.34442550014114853,1.97202,0.16931736796940652,0.11755381959442113,0.0,0.0,0.0,0.0,0.0,0.0,0.0,0.0,0.0,0.0,0.0,0.0,0.0,0.0,0.0,-0.14163540804767047,0.15197927464328242,-0.49746207903336237,0.13840052020702293,0.0,1.6119757602313434,0.5957030750893082,-0.8904747256492158,-0.24311619397032833,3.157984453545723,0.13452670053430843,0.0,-5.334309424247809,6.315505035523927,0.0,0.0,0.0,0.0,0.0,0.0,0.0,0.0,0.0,0.0,0.0,0.0,40.0,40.0,40.0,60.0,60.0,60.0,60.0,60.0,60.0,60.0,60.0,60.0,60.0,60.0,60.0,60.0,60.0,0.0,0.0,0.0,0.0,0.0,0.0,0.0,0.0,0.0,0.0,0.0,0.0,1.0,1.0,1.0,1.5,1.5,1.5,1.5,1.5,1.5,1.5,1.5,1.5,1.5,1.5,1.5,1.5,1.5,0.0,0.0,0.0,0.0,0.0,0.0,0.0,0.0,0.0,0.0,0.0,0.0,0.0,0.0,0.0,0.0,0.0,0.0,0.0,0.0,0.0,0.0,0.0,0.0,0.0,0.0,0.0,0.0,0.0
-0.1,0.0,0.0,0.3,-0.2,0.0,-0.1,0.0,0.0,0.3,-0.2,0.0,0.0,0.0,0.0,0.001186205574523977,-0.145324304798392,-0.25455874880138896,-0.36647184278813316,-1.97202,0.6834970313706754,0.13052994278078667,-0.11237067982036358,-0.027267997758388687,0.4378242736002242,-0.3312970746624045,1.97202,0.043587033848911536,0.2564832589038629,0.0,0.0,0.0,0.0,0.0,0.0,0.0,0.0,0.0,0.0,0.0,0.0,0.0,0.0,0.0,-0.3589518006678858,0.114257697936479,0.1654095124018526,0.20931265921530634,0.0,1.6740602522578696,0.13263809574949428,-1.1614436575833245,-0.4388659014533936,4.109773799128244,0.7871499623608863,0.0,-6.956231778851265,6.912447756630365,0.0,0.0,0.0,0.0,0.0,0.0,0.0,0.0,0.0,0.0,0.0,0.0,40.0,40.0,40.0,60.0,60.0,60.0,60.0,60.0,60.0,60.0,60.0,60.0,60.0,60.0,60.0,60.0,60.0,0.0,0.0,0.0,0.0,0.0,0.0,0.0,0.0,0.0,0.0,0.0,0.0,1.0,1.0,1.0,1.5,1.5,1.5,1.5,1.5,1.5,1.5,1.5,1.5,1.5,1.5,1.5,1.5,1.5,0.0,0.0,0.0,0.0,0.0,0.0,0.0,0.0,0.0,0.0,0.0,0.0,0.0,0.0,0.0,0.0,0.0,0.0,0.0,0.0,0.0,0.0,0.0,0.0,0.0,0.0,0.0,0.0,0.0
-0.1,0.0,0.0,0.3,-0.2,0.0,-0.1,0.0,0.0,0.3,-0.2,0.0,0.0,0.0,0.0,-0.009881047571468723,-0.14226168322906668,-0.24380896919544065,-0.36190792288969637,-1.97202,0.705592344723993,0.12614109600207224,-0.1368796978313744,-0.037449339609264894,0.5242832266383175,-0.3129395016467131,1.97202,-0.10893190318464412,0.3940517298596357,0.0,0.0,0.0,0.0,0.0,0.0,0.0,0.0,0.0,0.0,0.0,0.0,0.0,0.0,0.0,-0.5288241922749922,0.23559426644746903,0.3945545247976079,0.1805227905580492,0.0,0.7660231752735558,-0.4626726182972971,-1.3363966036410435,-0.45653136192122784,4.4860655877450375,0.9565087157301047,0.0,-8.161641536137592,6.894203862757917,0.0,0.0,0.0,0.0,0.0,0.0,0.0,0.0,0.0,0.0,0.0,0.0,40.0,40.0,40.0,60.0,60.0,60.0,60.0,60.0,60.0,60.0,60.0,60.0,60.0,60.0,60.0,60.0,60.0,0.0,0.0,0.0,0.0,0.0,0.0,0.0,0.0,0.0,0.0,0.0,0.0,1.0,1.0,1.0,1.5,1.5,1.5,1.5,1.5,1.5,1.5,1.5,1.5,1.5,1.5,1.5,1.5,1.5,0.0,0.0,0.0,0.0,0.0,0.0,0.0,0.0,0.0,0.0,0.0,0.0,0.0,0.0,0.0,0.0,0.0,0.0,0.0,0.0,0.0,0.0,0.0,0.0,0.0,0.0,0.0,0.0,0.0
-0.1,0.0,0.0,0.3,-0.2,0.0,-0.1,0.0,0.0,0.3,-0.2,0.0,0.0,0.0,0.0,-0.019966762116475714,-0.13590053414049325,-0.23877656780948464,-0.3592509311658112,-1.97202,0.7141379583816176,0.11202303804889478,-0.16582654396600532,-0.0455292522352378,0.6172668971100257,-0.2930367260332003,1.97202,-0.28287862759659216,0.5322514134141796,0.0,0.0,0.0,0.0,0.0,0.0,0.0,0.0,0.0,0.0,0.0,0.0,0.0,0.0,0.0,-0.41078585537764595,0.28284674399128434,0.19789968894419127,0.1512018350863384,0.0,0.21878012589999496,-0.6652494349967126,-1.3141368514247624,-0.28688539983524836,4.691555491685112,1.0813418302553528,0.0,-8.862961753346015,6.435127675887327,0.0,0.0,0.0,0.0,0.0,0.0,0.0,0.0,0.0,0.0,0.0,0.0,40.0,40.0,40.0,60.0,60.0,60.0,60.0,60.0,60.0,60.0,60.0,60.0,60.0,60.0,60.0,60.0,60.0,0.0,0.0,0.0,0.0,0.0,0.0,0.0,0.0,0.0,0.0,0.0,0.0,1.0,1.0,1.0,1.5,1.5,1.5,1.5,1.5,1.5,1.5,1.5,1.5,1.5,1.5,1.5,1.5,1.5,0.0,0.0,0.0,0.0,0.0,0.0,0.0,0.0,0.0,0.0,0.0,0.0,0.0,0.0,0.0,0.0,0.0,0.0,0.0,0.0,0.0,0.0,0.0,0.0,0.0,0.0,0.0,0.0,0.0
-0.1,0.0,0.0,0.3,-0.2,0.0,-0.1,0.0,0.0,0.3,-0.2,0.0,0.0,0.0,0.0,-0.02631248178657456,-0.1309478134694153,-0.235892981637673,-0.35585984948624283,-1.97202,0.7143435497599928,0.09953111860220373,-0.1894451718883649,-0.04892475560267483,0.711945446305722,-0.26968582843649896,1.97202,-0.46345037331848477,0.6514568368951288,0.0,0.0,0.0,0.0,0.0,0.0,0.0,0.0,0.0,0.0,0.0,0.0,0.0,0.0,0.0,-0.19637318588100142,0.11060841759879744,0.3063481268294331,0.1829930229809401,0.0,-0.14895412152098886,-0.254812769501727,-0.6121646375285672,-0.085843006821101,4.323715020032911,1.0930592429047425,0.0,-8.224057632499216,4.381850145142849,0.0,0.0,0.0,0.0,0.0,0.0,0.0,0.0,0.0,0.0,0.0,0.0,40.0,40.0,40.0,60.0,60.0,60.0,60.0,60.0,60.0,60.0,60.0,60.0,60.0,60.0,60.0,60.0,60.0,0.0,0.0,0.0,0.0,0.0,0.0,0.0,0.0,0.0,0.0,0.0,0.0,1.0,1.0,1.0,1.5,1.5,1.5,1.5,1.5,1.5,1.5,1.5,1.5,1.5,1.5,1.5,1.5,1.5,0.0,0.0,0.0,0.0,0.0,0.0,0.0,0.0,0.0,0.0,0.0,0.0,0.0,0.0,0.0,0.0,0.0,0.0,0.0,0.0,0.0,0.0,0.0,0.0,0.0,0.0,0.0,0.0,0.0
-0.1,0.0,0.0,0.3,-0.2,0.0,-0.1,0.0,0.0,0.3,-0.2,0.0,0.0,0.0,0.0,-0.02782168955171577,-0.13147619743654135,-0.22652264273630732,-0.3519312102465736,-1.97202,0.7081797935207781,0.1018305272688257,-0.190313129467148,-0.04896297250808184,0.7902154979113422,-0.2493143563170106,1.97202,-0.6118409328965608,0.7075254192198935,0.0,0.0,0.0,0.0,0.0,0.0,0.0,0.0,0.0,0.0,0.0,0.0,0.0,0.0,0.0,-0.08974745327796656,-0.13017542067732465,0.2592873126678358,0.054800768467765104,0.0,-0.516486552331985,0.2166209303432389,0.08723579304043688,0.09147887296295318,3.441610124695732,0.8706428192943427,0.0,-6.7361016745123115,2.1337726134788624,0.0,0.0,0.0,0.0,0.0,0.0,0.0,0.0,0.0,0.0,0.0,0.0,40.0,40.0,40.0,60.0,60.0,60.0,60.0,60.0,60.0,60.0,60.0,60.0,60.0,60.0,60.0,60.0,60.0,0.0,0.0,0.0,0.0,0.0,0.0,0.0,0.0,0.0,0.0,0.0,0.0,1.0,1.0,1.0,1.5,1.5,1.5,1.5,1.5,1.5,1.5,1.5,1.5,1.5,1.5,1.5,1.5,1.5,0.0,0.0,0.0,0.0,0.0,0.0,0.0,0.0,0.0,0.0,0.0,0.0,0.0,0.0,0.0,0.0,0.0,0.0,0.0,0.0,0.0,0.0,0.0,0.0,0.0,0.0,0.0,0.0,0.0
-0.1,0.0,0.0,0.3,-0.2,0.0,-0.1,0.0,0.0,0.3,-0.2,0.0,0.0,0.0,0.0,-0.029902379917693223,-0.1361548302965083,-0.22552148913095957,-0.3536678187475322,-1.97202,0.6936840876667134,0.10819595581593329,-0.18595574016674743,-0.0452656006841567,0.8496098512935513,-0.23486011566472526,1.97202,-0.7328944402989772,0.7368077414342833,0.0,0.0,0.0,0.0,0.0,0.0,0.0,0.0,0.0,0.0,0.0,0.0,0.0,0.0,0.0,0.060111623831213615,-0.2455370208409885,0.08303551505136342,-0.08409633473795836,0.0,-0.9890399532802963,0.0811264289181747,0.35034442165552127,0.18628196819348905,2.5264794060409685,0.8192982034572937,0.0,-4.936854842616797,1.4277382956031786,0.0,0.0,0.0,0.0,0.0,0.0,0.0,0.0,0.0,0.0,0.0,0.0,40.0,40.0,40.0,60.0,60.0,60.0,60.0,60.0,60.0,60.0,60.0,60.0,60.0,60.0,60.0,60.0,60.0,0.0,0.0,0.0,0.0,0.0,0.0,0.0,0.0,0.0,0.0,0.0,0.0,1.0,1.0,1.0,1.5,1.5,1.5,1.5,1.5,1.5,1.5,1.5,1.5,1.5,1.5,1.5,1.5,1.5,0.0,0.0,0.0,0.0,0.0,0.0,0.0,0.0,0.0,0.0,0.0,0.0,0.0,0.0,0.0,0.0,0.0,0.0,0.0,0.0,0.0,0.0,0.0,0.0,0.0,0.0,0.0,0.0,0.0
-0.1,0.0,0.0,0.3,-0.2,0.0,-0.1,0.0,0.0,0.3,-0.2,0.0,0.0,0.0,0.0,-0.025417224598467226,-0.1412976782701809,-0.22320122213425278,-0.3552950636360919,-1.97202,0.6686181953895662,0.10507558442555269,-0.17629935260092716,-0.04151169378034228,0.8912746741529809,-0.21654242817871885,1.97202,-0.8093151266012327,0.7646349510440207,0.0,0.0,0.0,0.0,0.0,0.0,0.0,0.0,0.0,0.0,0.0,0.0,0.0,0.0,0.0,0.39076021286511553,-0.2092427446906235,0.16546728976207792,-0.07799465530985428,0.21688358854939915,-0.864616545933497,-0.3071441560012586,0.5239767638651971,0.16705821143773916,1.3129829638365453,0.8237546896269501,0.0,-2.7033888064007194,0.6190767950903231,0.0,0.0,0.0,0.0,0.0,0.0,0.0,0.0,0.0,0.0,0.0,0.0,40.0,40.0,40.0,60.0,60.0,60.0,60.0,60.0,60.0,60.0,60.0,60.0,60.0,60.0,60.0,60.0,60.0,0.0,0.0,0.0,0.0,0.0,0.0,0.0,0.0,0.0,0.0,0.0,0.0,1.0,1.0,1.0,1.5,1.5,1.5,1.5,1.5,1.5,1.5,1.5,1.5,1.5,1.5,1.5,1.5,1.5,0.0,0.0,0.0,0.0,0.0,0.0,0.0,0.0,0.0,0.0,0.0,0.0,0.0,0.0,0.0,0.0,0.0,0.0,0.0,0.0,0.0,0.0,0.0,0.0,0.0,0.0,0.0,0.0,0.0
-0.1,0.0,0.0,0.3,-0.2,0.0,-0.1,0.0,0.0,0.3,-0.2,0.0,0.0,0.0,0.0,-0.014271971403088602,-0.14452454008413324,-0.21890279754047645,-0.3567876049599264,-1.9633446564580241,0.6590994258293735,0.09591018957588295,-0.16499666961213955,-0.03858327222664713,0.9021291698470131,-0.20190992807964725,1.97202,-0.841029992555006,0.7615708132378962,0.0,0.0,0.0,0.0,0.0,0.0,0.0,0.0,0.0,0.0,0.0,0.0,0.0,0.0,0.0,0.3097820756698474,-0.13114598974826447,0.1825055586925868,-0.09639461181762121,0.71199452836328,-0.6277403686885813,-0.36200412814677113,0.4661350815378912,0.15990060000520573,0.5176231211036303,0.4623670519392171,0.0,-1.2705158747950889,0.3856958509202174,0.0,0.0,0.0,0.0,0.0,0.0,0.0,0.0,0.0,0.0,0.0,0.0,40.0,40.0,40.0,60.0,60.0,60.0,60.0,60.0,60.0,60.0,60.0,60.0,60.0,60.0,60.0,60.0,60.0,0.0,0.0,0.0,0.0,0.0,0.0,0.0,0.0,0.0,0.0,0.0,0.0,1.0,1.0,1.0,1.5,1.5,1.5,1.5,1.5,1.5,1.5,1.5,1.5,1.5,1.5,1.5,1.5,1.5,0.0,0.0,0.0,0.0,0.0,0.0,0.0,0.0,0.0,0.0,0.0,0.0,0.0,0.0,0.0,0.0,0.0,0.0,0.0,0.0,0.0,0.0,0.0,0.0,0.0,0.0,0.0,0.0,0.0
-0.1,0.0,0.0,0.3,-0.2,0.0,-0.1,0.0,0.0,0.3,-0.2,0.0,0.0,0.0,0.0,-0.01302594157167333,-0.14654351786011147,-0.2159009997865493,-0.35915084810879677,-1.943540218865469,0.643508580642023,0.09059541929968185,-0.15765394933941151,-0.03511566978013405,0.9119795989971261,-0.19804774610115017,1.97202,-0.8601357615930363,0.7800627850808294,0.0,0.0,0.0,0.0,0.0,0.0,0.0,0.0,0.0,0.0,0.0,0.0,0.0,0.0,0.0,-0.02565443759533449,0.41974220541755936,0.5376852673680085,-0.6656259501121128,-0.21688358854939915,-0.07006713669964748,-0.21398347657825242,-0.16822944168220985,-0.24865307106281126,0.0834961100536713,-0.3417621742803731,0.0,-1.0698596130493787,1.4743143675566477,0.0,0.0,0.0,0.0,0.0,0.0,0.0,0.0,0.0,0.0,0.0,0.0,40.0,40.0,40.0,60.0,60.0,60.0,60.0,60.0,60.0,60.0,60.0,60.0,60.0,60.0,60.0,60.0,60.0,0.0,0.0,0.0,0.0,0.0,0.0,0.0,0.0,0.0,0.0,0.0,0.0,1.0,1.0,1.0,1.5,1.5,1.5,1.5,1.5,1.5,1.5,1.5,1.5,1.5,1.5,1.5,1.5,1.5,0.0,0.0,0.0,0.0,0.0,0.0,0.0,0.0,0.0,0.0,0.0,0.0,0.0,0.0,0.0,0.0,0.0,0.0,0.0,0.0,0.0,0.0,0.0,0.0,0.0,0.0,0.0,0.0,0.0
-0.1,0.0,0.0,0.3,-0.2,0.0,-0.1,0.0,0.0,0.3,-0.2,0.0,0.0,0.0,0.0,-0.015298148906901982,-0.12773485186743086,-0.1973953868457561,-0.3834126429644109,-1.97202,0.6562967403613876,0.08735085051275285,-0.17172584727942794,-0.048529395069159584,0.9054690142491599,-0.21558041505086217,1.97202,-0.8838243770769811,0.8205433879401621,0.0,0.0,0.0,0.0,0.0,0.0,0.0,0.0,0.0,0.0,0.0,0.0,0.0,0.0,0.0,-0.2009975206459377,0.6554575973442691,0.6469056515335809,-0.6935340594995245,-0.71199452836328,0.9237731229770924,-0.3160305627310851,-0.9333093065138249,-0.12521957015455745,0.056600433178166654,-0.7974757960426397,0.0,-0.9340566976057979,1.9842293854390403,0.0,0.0,0.0,0.0,0.0,0.0,0.0,0.0,0.0,0.0,0.0,0.0,40.0,40.0,40.0,60.0,60.0,60.0,60.0,60.0,60.0,60.0,60.0,60.0,60.0,60.0,60.0,60.0,60.0,0.0,0.0,0.0,0.0,0.0,0.0,0.0,0.0,0.0,0.0,0.0,0.0,1.0,1.0,1.0,1.5,1.5,1.5,1.5,1.5,1.5,1.5,1.5,1.5,1.5,1.5,1.5,1.5,1.5,0.0,0.0,0.0,0.0,0.0,0.0,0.0,0.0,0.0,0.0,0.0,0.0,0.0,0.0,0.0,0.0,0.0,0.0,0.0,0.0,0.0,0.0,0.0,0.0,0.0,0.0,0.0,0.0,0.0
-0.1,0.0,0.0,0.3,-0.2,0.0,-0.1,0.0,0.0,0.3,-0.2,0.0,0.0,0.0,0.0,-0.021065842397510838,-0.1203252139663407,-0.19002477372520607,-0.38689221048877775,-1.97202,0.6804595055611067,0.07795419679043844,-0.1949863215999645,-0.04012445258631635,0.9142436163242528,-0.22994677794285576,1.97202,-0.8974980294972682,0.859431960498391,0.0,0.0,0.0,0.0,0.0,0.0,0.0,0.0,0.0,0.0,0.0,0.0,0.0,0.0,0.0,-0.21962365034026424,0.2431133748338452,0.37572444952308215,-0.2037546391869649,0.0,0.9639424896139837,-0.29295092579442805,-0.9129322910275919,0.3416925700729607,0.5501391954489482,-0.49356163680712645,0.0,-0.7826866622056089,1.8086708218121832,0.0,0.0,0.0,0.0,0.0,0.0,0.0,0.0,0.0,0.0,0.0,0.0,40.0,40.0,40.0,60.0,60.0,60.0,60.0,60.0,60.0,60.0,60.0,60.0,60.0,60.0,60.0,60.0,60.0,0.0,0.0,0.0,0.0,0.0,0.0,0.0,0.0,0.0,0.0,0.0,0.0,1.0,1.0,1.0,1.5,1.5,1.5,1.5,1.5,1.5,1.5,1.5,1.5,1.5,1.5,1.5,1.5,1.5,0.0,0.0,0.0,0.0,0.0,0.0,0.0,0.0,0.0,0.0,0.0,0.0,0.0,0.0,0.0,0.0,0.0,0.0,0.0,0.0,0.0,0.0,0.0,0.0,0.0,0.0,0.0,0.0,0.0
-0.1,0.0,0.0,0.3,-0.2,0.0,-0.1,0.0,0.0,0.3,-0.2,0.0,0.0,0.0,0.0,-0.02408309492051255,-0.11801031687407705,-0.18236640886483282,-0.3915628285318895,-1.97202,0.694854439945947,0.07563281348097572,-0.20824313892053162,-0.034861692266241154,0.9274745820671179,-0.23532288052314723,1.97202,-0.9151318435652055,0.8928902208126495,0.0,0.0,0.0,0.0,0.0,0.0,0.0,0.0,0.0,0.0,0.0,0.0,0.0,0.0,0.0,0.04493682745505432,-0.044438680736153674,-0.14692530659044245,-0.059378768187041964,0.0,0.4695844560860585,-0.7787038263229209,-0.8175239697913249,0.5632148643774421,0.8897013786567182,-0.11601323016507056,0.0,-1.2691377392124752,1.6605547569889356,0.0,0.0,0.0,0.0,0.0,0.0,0.0,0.0,0.0,0.0,0.0,0.0,40.0,40.0,40.0,60.0,60.0,60.0,60.0,60.0,60.0,60.0,60.0,60.0,60.0,60.0,60.0,60.0,60.0,0.0,0.0,0.0,0.0,0.0,0.0,0.0,0.0,0.0,0.0,0.0,0.0,1.0,1.0,1.0,1.5,1.5,1.5,1.5,1.5,1.5,1.5,1.5,1.5,1.5,1.5,1.5,1.5,1.5,0.0,0.0,0.0,0.0,0.0,0.0,0.0,0.0,0.0,0.0,0.0,0.0,0.0,0.0,0.0,0.0,0.0,0.0,0.0,0.0,0.0,0.0,0.0,0.0,0.0,0.0,0.0,0.0,0.0
-0.1,0.0,0.0,0.3,-0.2,0.0,-0.1,0.0,0.0,0.3,-0.2,0.0,0.0,0.0,0.0,-0.019268369299308665,-0.12210276119578685,-0.19590178598882377,-0.38926736121625943,-1.97202,0.699242883804549,0.046806043737521605,-0.2276872803916175,-0.017595858011218664,0.9498316714705215,-0.23458730714945858,1.97202,-0.9482635390657672,0.9258541507779484,0.0,0.0,0.0,0.0,0.0,0.0,0.0,0.0,0.0,0.0,0.0,0.0,0.0,0.0,0.0,0.07883282948179014,-0.0743703515874973,-0.37836663925201464,0.035671128574363276,0.0,0.3626888605044093,-0.8401468146039753,-0.6465480000701392,0.5126260866963964,1.0155969387099117,0.05394015056729429,0.0,-1.5942169665137311,1.5148984886395738,0.0,0.0,0.0,0.0,0.0,0.0,0.0,0.0,0.0,0.0,0.0,0.0,40.0,40.0,40.0,60.0,60.0,60.0,60.0,60.0,60.0,60.0,60.0,60.0,60.0,60.0,60.0,60.0,60.0,0.0,0.0,0.0,0.0,0.0,0.0,0.0,0.0,0.0,0.0,0.0,0.0,1.0,1.0,1.0,1.5,1.5,1.5,1.5,1.5,1.5,1.5,1.5,1.5,1.5,1.5,1.5,1.5,1.5,0.0,0.0,0.0,0.0,0.0,0.0,0.0,0.0,0.0,0.0,0.0,0.0,0.0,0.0,0.0,0.0,0.0,0.0,0.0,0.0,0.0,0.0,0.0,0.0,0.0,0.0,0.0,0.0,0.0
-0.1,0.0,0.0,0.3,-0.2,0.0,-0.1,0.0,0.0,0.3,-0.2,0.0,0.0,0.0,0.0,-0.020929781741240945,-0.12098513093757694,-0.1975010744349134,-0.390135983388915,-1.97202,0.7093619943661233,0.04202694089681671,-0.2341050589233372,-0.014356648798385295,0.9680984596155143,-0.23316527450045546,1.97202,-0.9789005222257547,0.9534861603582324,0.0,0.0,0.0,0.0,0.0,0.0,0.0,0.0,0.0,0.0,0.0,0.0,0.0,0.0,0.0,-0.17845890046373672,-0.05955913223113264,0.13853260190638053,-0.23118096124299242,0.0,0.9133835137434959,0.6462182821343788,0.12763185248386155,-0.07895087470827433,0.7019960725871605,0.4036007108414688,0.0,-1.4761826050704696,0.8721239823144794,0.0,0.0,0.0,0.0,0.0,0.0,0.0,0.0,0.0,0.0,0.0,0.0,40.0,40.0,40.0,60.0,60.0,60.0,60.0,60.0,60.0,60.0,60.0,60.0,60.0,60.0,60.0,60.0,60.0,0.0,0.0,0.0,0.0,0.0,0.0,0.0,0.0,0.0,0.0,0.0,0.0,1.0,1.0,1.0,1.5,1.5,1.5,1.5,1.5,1.5,1.5,1.5,1.5,1.5,1.5,1.5,1.5,1.5,0.0,0.0,0.0,0.0,0.0,0.0,0.0,0.0,0.0,0.0,0.0,0.0,0.0,0.0,0.0,0.0,0.0,0.0,0.0,0.0,0.0,0.0,0.0,0.0,0.0,0.0,0.0,0.0,0.0
-0.1,0.0,0.0,0.3,-0.2,0.0,-0.1,0.0,0.0,0.3,-0.2,0.0,0.0,0.0,0.0,-0.026406725317858135,-0.12448512648503215,-0.19036048191256855,-0.39851459966597913,-1.97202,0.7357782243542889,0.07265477502289676,-0.22258200629226305,-0.020753892999549637,0.9779115143740079,-0.21844327871579983,1.97202,-1.007310843268586,0.9607391100705276,0.0,0.0,0.0,0.0,0.0,0.0,0.0,0.0,0.0,0.0,0.0,0.0,0.0,0.0,0.0,-0.11768894782998446,-0.3824644878218406,0.13605845633435018,-0.1591710283754974,0.0,1.6762625193576046,1.279757505140922,0.4096383781832025,-0.035883529086807184,0.5893520125518054,0.725143278045344,0.0,-1.6056997722172672,0.2625025981374929,0.0,0.0,0.0,0.0,0.0,0.0,0.0,0.0,0.0,0.0,0.0,0.0,40.0,40.0,40.0,60.0,60.0,60.0,60.0,60.0,60.0,60.0,60.0,60.0,60.0,60.0,60.0,60.0,60.0,0.0,0.0,0.0,0.0,0.0,0.0,0.0,0.0,0.0,0.0,0.0,0.0,1.0,1.0,1.0,1.5,1.5,1.5,1.5,1.5,1.5,1.5,1.5,1.5,1.5,1.5,1.5,1.5,1.5,0.0,0.0,0.0,0.0,0.0,0.0,0.0,0.0,0.0,0.0,0.0,0.0,0.0,0.0,0.0,0.0,0.0,0.0,0.0,0.0,0.0,0.0,0.0,0.0,0.0,0.0,0.0,0.0,0.0
-0.1,0.0,0.0,0.3,-0.2,0.0,-0.1,0.0,0.0,0.3,-0.2,0.0,0.0,0.0,0.0,-0.025637339654440323,-0.13628371045045057,-0.1920587361815394,-0.39650282452393487,-1.97202,0.7764124951404275,0.0932172411024536,-0.2177195237960091,-0.015791989961857582,0.9916725401175865,-0.2041595433786417,1.97202,-1.0431285131144454,0.9639862642837321,0.0,0.0,0.0,0.0,0.0,0.0,0.0,0.0,0.0,0.0,0.0,0.0,0.0,0.0,0.0,-0.07170240278901166,-0.5477644162810532,0.33124339818123777,0.40317093149452726,0.0,0.8244453974006388,0.8222629078171482,0.3943542542708282,-0.018703773969391043,0.39872150603124656,0.4663544249331845,0.0,-0.8267119380078791,-0.45098023684028155,0.0,0.0,0.0,0.0,0.0,0.0,0.0,0.0,0.0,0.0,0.0,0.0,40.0,40.0,40.0,60.0,60.0,60.0,60.0,60.0,60.0,60.0,60.0,60.0,60.0,60.0,60.0,60.0,60.0,0.0,0.0,0.0,0.0,0.0,0.0,0.0,0.0,0.0,0.0,0.0,0.0,1.0,1.0,1.0,1.5,1.5,1.5,1.5,1.5,1.5,1.5,1.5,1.5,1.5,1.5,1.5,1.5,1.5,0.0,0.0,0.0,0.0,0.0,0.0,0.0,0.0,0.0,0.0,0.0,0.0,0.0,0.0,0.0,0.0,0.0,0.0,0.0,0.0,0.0,0.0,0.0,0.0,0.0,0.0,0.0,0.0,0.0
-0.1,0.0,0.0,0.3,-0.2,0.0,-0.1,0.0,0.0,0.3,-0.2,0.0,0.0,0.0,0.0,-0.0292748214294186,-0.14639570313627429,-0.17711074598531903,-0.38238776240619804,-1.97202,0.7687560402503144,0.10554529133558269,-0.20680783612142992,-0.02150204395832528,0.9938603746152578,-0.19978910171847244,1.97202,-1.0403793207889012,0.9426999005969163,0.0,0.0,0.0,0.0,0.0,0.0,0.0,0.0,0.0,0.0,0.0,0.0,0.0,0.0,0.0,-0.05833999299745705,-0.3336212038791239,0.6257865254914917,0.7734274621545703,0.0,-0.7861303483938681,0.8097056393122751,0.6049264014709628,-0.43115548531036413,-0.4719538113416105,-0.23250808148952,0.0,1.221613827736101,-1.7189793592651796,0.0,0.0,0.0,0.0,0.0,0.0,0.0,0.0,0.0,0.0,0.0,0.0,40.0,40.0,40.0,60.0,60.0,60.0,60.0,60.0,60.0,60.0,60.0,60.0,60.0,60.0,60.0,60.0,60.0,0.0,0.0,0.0,0.0,0.0,0.0,0.0,0.0,0.0,0.0,0.0,0.0,1.0,1.0,1.0,1.5,1.5,1.5,1.5,1.5,1.5,1.5,1.5,1.5,1.5,1.5,1.5,1.5,1.5,0.0,0.0,0.0,0.0,0.0,0.0,0.0,0.0,0.0,0.0,0.0,0.0,0.0,0.0,0.0,0.0,0.0,0.0,0.0,0.0,0.0,0.0,0.0,0.0,0.0,0.0,0.0,0.0,0.0
-0.1,0.0,0.0,0.3,-0.2,0.0,-0.1,0.0,0.0,0.3,-0.2,0.0,0.0,0.0,0.0,-0.027970939374338605,-0.14962855860561552,-0.16702727516187973,-0.36556572603775206,-1.97202,0.7449672812046728,0.1256054666749446,-0.19352246773717058,-0.03303820937427215,0.9727943876639221,-0.2134598666382225,1.97202,-0.9942639600050014,0.8952270899131249,0.0,0.0,0.0,0.0,0.0,0.0,0.0,0.0,0.0,0.0,0.0,0.0,0.0,0.0,0.0,-0.027053839014650263,-0.1531747982845673,0.31413920332381756,0.6232367342783818,0.0,-2.126126476250287,0.4167838873212648,0.7785997406521062,-0.6091420918111725,-1.2712591395122985,-0.8238397941268898,0.0,2.6744121282148368,-2.1626372627600725,0.0,0.0,0.0,0.0,0.0,0.0,0.0,0.0,0.0,0.0,0.0,0.0,40.0,40.0,40.0,60.0,60.0,60.0,60.0,60.0,60.0,60.0,60.0,60.0,60.0,60.0,60.0,60.0,60.0,0.0,0.0,0.0,0.0,0.0,0.0,0.0,0.0,0.0,0.0,0.0,0.0,1.0,1.0,1.0,1.5,1.5,1.5,1.5,1.5,1.5,1.5,1.5,1.5,1.5,1.5,1.5,1.5,1.5,0.0,0.0,0.0,0.0,0.0,0.0,0.0,0.0,0.0,0.0,0.0,0.0,0.0,0.0,0.0,0.0,0.0,0.0,0.0,0.0,0.0,0.0,0.0,0.0,0.0,0.0,0.0,0.0,0.0
-0.1,0.0,0.0,0.3,-0.2,0.0,-0.1,0.0,0.0,0.3,-0.2,0.0,0.0,0.0,0.0,-0.03035697499000461,-0.15252269506765698,-0.16454517785236633,-0.35745829303506277,-1.97202,0.6837109812003029,0.12221664682843328,-0.17566384649534567,-0.04586772763077218,0.9430100090347658,-0.23274269348354804,1.97202,-0.9334028356603077,0.8561944100865134,0.0,0.0,0.0,0.0,0.0,0.0,0.0,0.0,0.0,0.0,0.0,0.0,0.0,0.0,0.0,-0.06648463849636496,0.21143926842819155,0.1895810254025923,0.4076365710573987,0.0,-4.106820802719094,-1.246788487107408,0.7580852444705799,-0.5291530492964445,-2.0430962781908564,-1.6038456328442703,0.0,3.7817810767407396,-1.3215640873041168,0.0,0.0,0.0,0.0,0.0,0.0,0.0,0.0,0.0,0.0,0.0,0.0,40.0,40.0,40.0,60.0,60.0,60.0,60.0,60.0,60.0,60.0,60.0,60.0,60.0,60.0,60.0,60.0,60.0,0.0,0.0,0.0,0.0,0.0,0.0,0.0,0.0,0.0,0.0,0.0,0.0,1.0,1.0,1.0,1.5,1.5,1.5,1.5,1.5,1.5,1.5,1.5,1.5,1.5,1.5,1.5,1.5,1.5,0.0,0.0,0.0,0.0,0.0,0.0,0.0,0.0,0.0,0.0,0.0,0.0,0.0,0.0,0.0,0.0,0.0,0.0,0.0,0.0,0.0,0.0,0.0,0.0,0.0,0.0,0.0,0.0,0.0
-0.1,0.0,0.0,0.3,-0.2,0.0,-0.1,0.0,0.0,0.3,-0.2,0.0,0.0,0.0,0.0,-0.030630324914193204,-0.14117098786848786,-0.15944403414577604,-0.3492602631954561,-1.97202,0.5806944490959091,0.07573392719064828,-0.16319905795834738,-0.054204331346129925,0.8910705365362879,-0.2776136919519933,1.97202,-0.8429927169353718,0.8423645264209603,0.0,0.0,0.0,0.0,0.0,0.0,0.0,0.0,0.0,0.0,0.0,0.0,0.0,0.0,0.0,-0.2530507134346881,0.07489987218005922,-1.2982252081997472,0.4734605306255246,0.0,-6.755564167744292,-3.0160088767757096,0.5557087387998421,0.10462672811601906,-1.6905189319128877,-1.054990351406354,0.0,3.2598627024495284,0.6294497532527893,0.0,0.0,0.0,0.0,0.0,0.0,0.0,0.0,0.0,0.0,0.0,0.0,40.0,40.0,40.0,60.0,60.0,60.0,60.0,60.0,60.0,60.0,60.0,60.0,60.0,60.0,60.0,60.0,60.0,0.0,0.0,0.0,0.0,0.0,0.0,0.0,0.0,0.0,0.0,0.0,0.0,1.0,1.0,1.0,1.5,1.5,1.5,1.5,1.5,1.5,1.5,1.5,1.5,1.5,1.5,1.5,1.5,1.5,0.0,0.0,0.0,0.0,0.0,0.0,0.0,0.0,0.0,0.0,0.0,0.0,0.0,0.0,0.0,0.0,0.0,0.0,0.0,0.0,0.0,0.0,0.0,0.0,0.0,0.0,0.0,0.0,0.0
-0.1,0.0,0.0,0.3,-0.2,0.0,-0.1,0.0,0.0,0.3,-0.2,0.0,0.0,0.0,0.0,-0.040479003527392136,-0.1495267001804546,-0.21647418618035622,-0.3385198718100418,-1.97202,0.41348841449053125,0.0015762917574049001,-0.15343549694335198,-0.04168265850613142,0.8753892517582503,-0.2749423075398022,1.97202,-0.8030083275623265,0.881372400216625,0.0,0.0,0.0,0.0,0.0,0.0,0.0,0.0,0.0,0.0,0.0,0.0,0.0,0.0,0.0,0.7301244753248382,0.15326498605746017,-2.6135030983549474,0.628803319863154,0.0,-7.077734941319894,-3.9008840349824614,-0.04098459408939381,0.8245802249285429,-1.0316077154495062,-0.17666707980523583,0.0,-1.3664629520255183,2.9145041166028727,0.0,0.0,0.0,0.0,0.0,0.0,0.0,0.0,0.0,0.0,0.0,0.0,40.0,40.0,40.0,60.0,60.0,60.0,60.0,60.0,60.0,60.0,60.0,60.0,60.0,60.0,60.0,60.0,60.0,0.0,0.0,0.0,0.0,0.0,0.0,0.0,0.0,0.0,0.0,0.0,0.0,1.0,1.0,1.0,1.5,1.5,1.5,1.5,1.5,1.5,1.5,1.5,1.5,1.5,1.5,1.5,1.5,1.5,0.0,0.0,0.0,0.0,0.0,0.0,0.0,0.0,0.0,0.0,0.0,0.0,0.0,0.0,0.0,0.0,0.0,0.0,0.0,0.0,0.0,0.0,0.0,0.0,0.0,0.0,0.0,0.0,0.0
-0.1,0.0,0.0,0.3,-0.2,0.0,-0.1,0.0,0.0,0.3,-0.2,0.0,0.0,0.0,0.0,-0.0014253459011996743,-0.13504038842618946,-0.26398415807997394,-0.32410813040092995,-1.97202,0.2975850514431133,-0.08030143420865019,-0.16483844172192313,-0.021221122348988212,0.8498062279183076,-0.28468037514420275,1.97202,-0.8976512350163925,0.9589446910850752,0.0,0.0,0.0,0.0,0.0,0.0,0.0,0.0,0.0,0.0,0.0,0.0,0.0,0.0,0.0,2.731546472256334,-0.06794475355713508,-3.739194614228785,2.619490885089258,3.042269348605975,-4.121919435708115,-2.9935001724514883,-2.514278058621106,2.746462637384881,0.2783404432413067,-0.267032951750934,0.0,-3.959088441999181,2.9464581649742416,0.0,0.0,0.0,0.0,0.0,0.0,0.0,0.0,0.0,0.0,0.0,0.0,40.0,40.0,40.0,60.0,60.0,60.0,60.0,60.0,60.0,60.0,60.0,60.0,60.0,60.0,60.0,60.0,60.0,0.0,0.0,0.0,0.0,0.0,0.0,0.0,0.0,0.0,0.0,0.0,0.0,1.0,1.0,1.0,1.5,1.5,1.5,1.5,1.5,1.5,1.5,1.5,1.5,1.5,1.5,1.5,1.5,1.5,0.0,0.0,0.0,0.0,0.0,0.0,0.0,0.0,0.0,0.0,0.0,0.0,0.0,0.0,0.0,0.0,0.0,0.0,0.0,0.0,0.0,0.0,0.0,0.0,0.0,0.0,0.0,0.0,0.0
-0.1,0.0,0.0,0.3,-0.2,0.0,-0.1,0.0,0.0,0.3,-0.2,0.0,0.0,0.0,0.0,0.06878285536286122,-0.15224449032274,-0.3660419707495076,-0.23374023640647146,-1.8503292260557611,0.24861163706220665,-0.11816371514065463,-0.25400661928819623,0.06817584698926382,0.8865228694879026,-0.28562362560983956,1.97202,-0.9613718652422938,0.9992307268155947,0.0,0.0,0.0,0.0,0.0,0.0,0.0,0.0,0.0,0.0,0.0,0.0,0.0,0.0,0.0,1.0044760252062936,0.7253920572371363,0.07011894674239239,1.0869206342271065,0.0,-4.970505326765474,-0.6882147898357178,-0.27168540467098073,0.812418706240699,1.0081134665306746,-0.47448039733920394,0.0,-10.863858943304733,7.146730507300697,0.0,0.0,0.0,0.0,0.0,0.0,0.0,0.0,0.0,0.0,0.0,0.0,40.0,40.0,40.0,60.0,60.0,60.0,60.0,60.0,60.0,60.0,60.0,60.0,60.0,60.0,60.0,60.0,60.0,0.0,0.0,0.0,0.0,0.0,0.0,0.0,0.0,0.0,0.0,0.0,0.0,1.0,1.0,1.0,1.5,1.5,1.5,1.5,1.5,1.5,1.5,1.5,1.5,1.5,1.5,1.5,1.5,1.5,0.0,0.0,0.0,0.0,0.0,0.0,0.0,0.0,0.0,0.0,0.0,0.0,0.0,0.0,0.0,0.0,0.0,0.0,0.0,0.0,0.0,0.0,0.0,0.0,0.0,0.0,0.0,0.0,0.0
-0.1,0.0,0.0,0.3,-0.2,0.0,-0.1,0.0,0.0,0.3,-0.2,0.0,0.0,0.0,0.0,0.03875369510705207,-0.106024706136704,-0.26117940021027825,-0.2806313050318457,-1.97202,0.09876483837249435,-0.1078300258020789,-0.17570585790876236,0.011275625900639751,0.8901307665795346,-0.3036595910377709,1.97202,-1.3322055927485819,1.244813911377103,0.0,0.0,0.0,0.0,0.0,0.0,0.0,0.0,0.0,0.0,0.0,0.0,0.0,0.0,0.0,-0.3121161667344392,0.884627559441192,-0.13310606578376544,1.0556757662074243,-2.9863996014021454,-7.59503231762985,1.2908271369263349,0.3162855310593619,1.243077625407124,1.3393753868038927,-0.4536701108722646,0.0,-8.73180294622482,6.766579401080847,0.0,0.0,0.0,0.0,0.0,0.0,0.0,0.0,0.0,0.0,0.0,0.0,40.0,40.0,40.0,60.0,60.0,60.0,60.0,60.0,60.0,60.0,60.0,60.0,60.0,60.0,60.0,60.0,60.0,0.0,0.0,0.0,0.0,0.0,0.0,0.0,0.0,0.0,0.0,0.0,0.0,1.0,1.0,1.0,1.5,1.5,1.5,1.5,1.5,1.5,1.5,1.5,1.5,1.5,1.5,1.5,1.5,1.5,0.0,0.0,0.0,0.0,0.0,0.0,0.0,0.0,0.0,0.0,0.0,0.0,0.0,0.0,0.0,0.0,0.0,0.0,0.0,0.0,0.0,0.0,0.0,0.0,0.0,0.0,0.0,0.0,0.0
-0.1,0.0,0.0,0.3,-0.2,0.0,-0.1,0.0,0.0,0.3,-0.2,0.0,0.0,0.0,0.0,0.05629820869348365,-0.11685938794509233,-0.37136621338085823,-0.1915132057581745,-1.969785210111847,-0.055189655642987355,-0.06653062966360124,-0.24135519804582176,0.11789895200554878,0.9400978849600583,-0.30377043004473014,1.97202,-1.3106439830912866,1.2698939028588285,0.0,0.0,0.0,0.0,0.0,0.0,0.0,0.0,0.0,0.0,0.0,0.0,0.0,0.0,0.0,0.8008904671167266,0.14128928717974004,-3.5855399762292417,2.5333881241174487,0.0,-6.506389385909805,1.8529771339112204,-1.5781777838725162,2.9069418702850682,0.16056709216964726,-0.7894486714974738,0.0,0.3094887535579294,0.419169656503382,0.0,0.0,0.0,0.0,0.0,0.0,0.0,0.0,0.0,0.0,0.0,0.0,40.0,40.0,40.0,60.0,60.0,60.0,60.0,60.0,60.0,60.0,60.0,60.0,60.0,60.0,60.0,60.0,60.0,0.0,0.0,0.0,0.0,0.0,0.0,0.0,0.0,0.0,0.0,0.0,0.0,1.0,1.0,1.0,1.5,1.5,1.5,1.5,1.5,1.5,1.5,1.5,1.5,1.5,1.5,1.5,1.5,1.5,0.0,0.0,0.0,0.0,0.0,0.0,0.0,0.0,0.0,0.0,0.0,0.0,0.0,0.0,0.0,0.0,0.0,0.0,0.0,0.0,0.0,0.0,0.0,0.0,0.0,0.0,0.0,0.0,0.0
-0.1,0.0,0.0,0.3,-0.2,0.0,-0.1,0.0,0.0,0.3,-0.2,0.0,0.0,0.0,0.0,0.07078931379172114,-0.1003731346495144,-0.4046009992594479,-0.17929578006714775,-1.97202,-0.16149073706389788,-0.03371094044563009,-0.23883296926366301,0.1275533007120425,0.8965534502663205,-0.33523753789766986,1.97202,-1.3198260426062647,1.2615806976372383,0.0,0.0,0.0,0.0,0.0,0.0,0.0,0.0,0.0,0.0,0.0,0.0,0.0,0.0,0.0,0.3732887369411814,0.37159973422600906,-2.0259431000999695,1.0335144932642564,0.8970485058852617,-4.921285931351022,1.7349525591965416,0.49467364278219167,0.8075194935707887,-0.4951458120418556,-0.8749229332367922,0.0,-2.2238653234665007,-0.46193393223094015,0.0,0.0,0.0,0.0,0.0,0.0,0.0,0.0,0.0,0.0,0.0,0.0,40.0,40.0,40.0,60.0,60.0,60.0,60.0,60.0,60.0,60.0,60.0,60.0,60.0,60.0,60.0,60.0,60.0,0.0,0.0,0.0,0.0,0.0,0.0,0.0,0.0,0.0,0.0,0.0,0.0,1.0,1.0,1.0,1.5,1.5,1.5,1.5,1.5,1.5,1.5,1.5,1.5,1.5,1.5,1.5,1.5,1.5,0.0,0.0,0.0,0.0,0.0,0.0,0.0,0.0,0.0,0.0,0.0,0.0,0.0,0.0,0.0,0.0,0.0,0.0,0.0,0.0,0.0,0.0,0.0,0.0,0.0,0.0,0.0,0.0,0.0
-0.1,0.0,0.0,0.3,-0.2,0.0,-0.1,0.0,0.0,0.3,-0.2,0.0,0.0,0.0,0.0,0.0712297581711309,-0.10199539857605197,-0.452403937384857,-0.15017262602760423,-1.9339032698764365,-0.25204109289702825,0.00286747270426042,-0.2215682523345341,0.15019973174838033,0.9202920524783841,-0.33876734737420183,1.97202,-1.3995985960299466,1.251416545569591,0.0,0.0,0.0,0.0,0.0,0.0,0.0,0.0,0.0,0.0,0.0,0.0,0.0,0.0,0.0,0.6186377260481657,0.10195987791739684,-2.537753760674349,2.0045777638924713,3.696863891135649,-3.705401246182266,1.5383965439062917,0.4745540374925201,1.1293559967532008,0.7012968882578269,0.033427134845794015,0.0,-3.054348174758992,-0.6660653509781345,0.0,0.0,0.0,0.0,0.0,0.0,0.0,0.0,0.0,0.0,0.0,0.0,40.0,40.0,40.0,60.0,60.0,60.0,60.0,60.0,60.0,60.0,60.0,60.0,60.0,60.0,60.0,60.0,60.0,0.0,0.0,0.0,0.0,0.0,0.0,0.0,0.0,0.0,0.0,0.0,0.0,1.0,1.0,1.0,1.5,1.5,1.5,1.5,1.5,1.5,1.5,1.5,1.5,1.5,1.5,1.5,1.5,1.5,0.0,0.0,0.0,0.0,0.0,0.0,0.0,0.0,0.0,0.0,0.0,0.0,0.0,0.0,0.0,0.0,0.0,0.0,0.0,0.0,0.0,0.0,0.0,0.0,0.0,0.0,0.0,0.0,0.0
-0.1,0.0,0.0,0.3,-0.2,0.0,-0.1,0.0,0.0,0.3,-0.2,0.0,0.0,0.0,0.0,0.09553482283364777,-0.09629473953281853,-0.5061111496864219,-0.09911266951144888,-1.8241454443545742,-0.3097067869111885,0.02782492131062158,-0.2198508077639622,0.17272754058217052,0.9246053257966336,-0.3339004525038381,1.97202,-1.4419999695966244,1.234938083598113,0.0,0.0,0.0,0.0,0.0,0.0,0.0,0.0,0.0,0.0,0.0,0.0,0.0,0.0,0.0,1.250528594926692,0.19671959904341527,-2.454694675086781,2.355346418073636,3.933736340339394,-2.5160862953668373,1.377635309466994,0.14381195178011022,0.8926278111854931,-0.29075971253984256,0.24508197865734244,0.0,-1.0464179113269634,-1.0649252693596623,0.0,0.0,0.0,0.0,0.0,0.0,0.0,0.0,0.0,0.0,0.0,0.0,40.0,40.0,40.0,60.0,60.0,60.0,60.0,60.0,60.0,60.0,60.0,60.0,60.0,60.0,60.0,60.0,60.0,0.0,0.0,0.0,0.0,0.0,0.0,0.0,0.0,0.0,0.0,0.0,0.0,1.0,1.0,1.0,1.5,1.5,1.5,1.5,1.5,1.5,1.5,1.5,1.5,1.5,1.5,1.5,1.5,1.5,0.0,0.0,0.0,0.0,0.0,0.0,0.0,0.0,0.0,0.0,0.0,0.0,0.0,0.0,0.0,0.0,0.0,0.0,0.0,0.0,0.0,0.0,0.0,0.0,0.0,0.0,0.0,0.0,0.0
-0.1,0.0,0.0,0.3,-0.2,0.0,-0.1,0.0,0.0,0.3,-0.2,0.0,0.0,0.0,0.0,0.12125090196819859,-0.09412661461431536,-0.5505917243883283,-0.05595876930465879,-1.7765538162628607,-0.35268454471170174,0.057972885082940184,-0.21581577426332968,0.18590484419580006,0.9086616639767904,-0.32896406822790814,1.97202,-1.4414553124830252,1.2088195347952044,0.0,0.0,0.0,0.0,0.0,0.0,0.0,0.0,0.0,0.0,0.0,0.0,0.0,0.0,0.0,0.7679715047124228,-0.18367501038784212,-1.3305782040428205,1.6864554741655517,-0.4664268554141371,-0.6474683142348642,2.889606717693357,0.7255005877153324,0.7041554643162015,-0.04794972643919759,0.39676946792808615,0.0,0.8667157229140576,-2.805349595583273,0.0,0.0,0.0,0.0,0.0,0.0,0.0,0.0,0.0,0.0,0.0,0.0,40.0,40.0,40.0,60.0,60.0,60.0,60.0,60.0,60.0,60.0,60.0,60.0,60.0,60.0,60.0,60.0,60.0,0.0,0.0,0.0,0.0,0.0,0.0,0.0,0.0,0.0,0.0,0.0,0.0,1.0,1.0,1.0,1.5,1.5,1.5,1.5,1.5,1.5,1.5,1.5,1.5,1.5,1.5,1.5,1.5,1.5,0.0,0.0,0.0,0.0,0.0,0.0,0.0,0.0,0.0,0.0,0.0,0.0,0.0,0.0,0.0,0.0,0.0,0.0,0.0,0.0,0.0,0.0,0.0,0.0,0.0,0.0,0.0,0.0,0.0
-0.1,0.0,0.0,0.3,-0.2,0.0,-0.1,0.0,0.0,0.3,-0.2,0.0,0.0,0.0,0.0,0.12625368302214468,-0.10364173994833221,-0.5593342778481347,-0.031654450544826816,-1.8428025185711396,-0.3356055194805831,0.14340919001835586,-0.1908307842553489,0.20089375915481858,0.9226873367390657,-0.31802967378671465,1.97202,-1.407331340680062,1.122724099774782,0.0,0.0,0.0,0.0,0.0,0.0,0.0,0.0,0.0,0.0,0.0,0.0,0.0,0.0,0.0,0.7457586980700464,-0.5010368608347509,-0.06655318907305974,1.2194638440441514,-1.5929388275363165,1.3420795892262527,4.690471639364514,1.0402138649575565,0.684222269721025,0.49655008839938897,0.3448170240250653,0.0,1.9647436770638127,-4.306161706445077,0.0,0.0,0.0,0.0,0.0,0.0,0.0,0.0,0.0,0.0,0.0,0.0,40.0,40.0,40.0,60.0,60.0,60.0,60.0,60.0,60.0,60.0,60.0,60.0,60.0,60.0,60.0,60.0,60.0,0.0,0.0,0.0,0.0,0.0,0.0,0.0,0.0,0.0,0.0,0.0,0.0,1.0,1.0,1.0,1.5,1.5,1.5,1.5,1.5,1.5,1.5,1.5,1.5,1.5,1.5,1.5,1.5,1.5,0.0,0.0,0.0,0.0,0.0,0.0,0.0,0.0,0.0,0.0,0.0,0.0,0.0,0.0,0.0,0.0,0.0,0.0,0.0,0.0,0.0,0.0,0.0,0.0,0.0,0.0,0.0,0.0,0.0
-0.1,0.0,0.0,0.3,-0.2,0.0,-0.1,0.0,0.0,0.3,-0.2,0.0,0.0,0.0,0.0,0.15108124989100044,-0.1141680890477054,-0.5532538519512507,-0.007180215542892736,-1.8402713693643133,-0.29900136114265163,0.24559175065752076,-0.17420721966502742,0.21327373498464106,0.9285236675127659,-0.3151713872669055,1.97202,-1.3628655654004727,1.0365730665374013,0.0,0.0,0.0,0.0,0.0,0.0,0.0,0.0,0.0,0.0,0.0,0.0,0.0,0.0,0.0,1.3019719318955403,-0.5083245509936055,0.35175994030573754,1.0599938492045797,-0.82044067041529,1.2465605139148461,3.553609328323278,0.5790813421115953,0.3597947345802044,0.48189675988363767,0.12415347536016003,0.0,5.782333702571096,-6.316397128512321,0.0,0.0,0.0,0.0,0.0,0.0,0.0,0.0,0.0,0.0,0.0,0.0,40.0,40.0,40.0,60.0,60.0,60.0,60.0,60.0,60.0,60.0,60.0,60.0,60.0,60.0,60.0,60.0,60.0,0.0,0.0,0.0,0.0,0.0,0.0,0.0,0.0,0.0,0.0,0.0,0.0,1.0,1.0,1.0,1.5,1.5,1.5,1.5,1.5,1.5,1.5,1.5,1.5,1.5,1.5,1.5,1.5,1.5,0.0,0.0,0.0,0.0,0.0,0.0,0.0,0.0,0.0,0.0,0.0,0.0,0.0,0.0,0.0,0.0,0.0,0.0,0.0,0.0,0.0,0.0,0.0,0.0,0.0,0.0,0.0,0.0,0.0
-0.1,0.0,0.0,0.3,-0.2,0.0,-0.1,0.0,0.0,0.3,-0.2,0.0,0.0,0.0,0.0,0.1783325602979663,-0.12397472198807644,-0.5452638802359052,0.010745303423356374,-1.8756201453877512,-0.28574309892398925,0.285553563151287,-0.1676675305708851,0.21528554853802676,0.9419632071344112,-0.31306353477230825,1.97202,-1.1760379925772182,0.8700682146342892,0.0,0.0,0.0,0.0,0.0,0.0,0.0,0.0,0.0,0.0,0.0,0.0,0.0,0.0,0.0,1.2965169140396908,-0.9167498169927673,-0.28569124936892176,0.9461487164484089,0.3841463491826236,1.1131818273273253,1.353978871303875,0.6912573744080649,0.2630009507407903,0.08266307916077742,-0.23279412807335753,0.0,11.574269139180283,-11.7871123258362,0.0,0.0,0.0,0.0,0.0,0.0,0.0,0.0,0.0,0.0,0.0,0.0,40.0,40.0,40.0,60.0,60.0,60.0,60.0,60.0,60.0,60.0,60.0,60.0,60.0,60.0,60.0,60.0,60.0,0.0,0.0,0.0,0.0,0.0,0.0,0.0,0.0,0.0,0.0,0.0,0.0,1.0,1.0,1.0,1.5,1.5,1.5,1.5,1.5,1.5,1.5,1.5,1.5,1.5,1.5,1.5,1.5,1.5,0.0,0.0,0.0,0.0,0.0,0.0,0.0,0.0,0.0,0.0,0.0,0.0,0.0,0.0,0.0,0.0,0.0,0.0,0.0,0.0,0.0,0.0,0.0,0.0,0.0,0.0,0.0,0.0,0.0
-0.1,0.0,0.0,0.3,-0.2,0.0,-0.1,0.0,0.0,0.3,-0.2,0.0,0.0,0.0,0.0,0.20294192645258807,-0.15083808172741608,-0.5646815019260075,0.030665733115043618,-1.8249055153970084,-0.2544740880495586,0.29975090550967576,-0.14655692468870482,0.22379377301427267,0.931830190679197,-0.3244831523898398,1.97202,-0.8998947998332614,0.5650885735039534,0.0,0.0,0.0,0.0,0.0,0.0,0.0,0.0,0.0,0.0,0.0,0.0,0.0,0.0,0.0,0.5280414749452116,-1.2645130877386355,-0.5433126519179488,0.6545705177123887,1.9387144381653565,1.1723690691894453,0.8236102333806158,1.616670717196677,0.08887092029954691,-1.183841128136928,-1.0936721960264155,0.0,13.20068581810962,-15.665703682692678,0.0,0.0,0.0,0.0,0.0,0.0,0.0,0.0,0.0,0.0,0.0,0.0,40.0,40.0,40.0,60.0,60.0,60.0,60.0,60.0,60.0,60.0,60.0,60.0,60.0,60.0,60.0,60.0,60.0,0.0,0.0,0.0,0.0,0.0,0.0,0.0,0.0,0.0,0.0,0.0,0.0,1.0,1.0,1.0,1.5,1.5,1.5,1.5,1.5,1.5,1.5,1.5,1.5,1.5,1.5,1.5,1.5,1.5,0.0,0.0,0.0,0.0,0.0,0.0,0.0,0.0,0.0,0.0,0.0,0.0,0.0,0.0,0.0,0.0,0.0,0.0,0.0,0.0,0.0,0.0,0.0,0.0,0.0,0.0,0.0,0.0,0.0
-0.1,0.0,0.0,0.3,-0.2,0.0,-0.1,0.0,0.0,0.3,-0.2,0.0,0.0,0.0,0.0,0.19945421929577475,-0.17455524549762186,-0.5669963863126232,0.036928124131851925,-1.798071567861137,-0.23884833615641143,0.3184979724865116,-0.10300070188301802,0.21884038535000863,0.894609562008934,-0.3568104226133649,1.97202,-0.6480105598528334,0.24344006732658205,0.0,0.0,0.0,0.0,0.0,0.0,0.0,0.0,0.0,0.0,0.0,0.0,0.0,0.0,0.0,-0.42486802401312873,-0.3179057694959922,0.4454471605700283,0.2923597748610957,-0.08995427167592385,1.1192911643197856,-0.3113484799948371,1.0527407106670341,-0.28175731011046007,-2.058767839877884,-2.6784971231363874,0.0,10.519383258882762,-15.170147249615438,0.0,0.0,0.0,0.0,0.0,0.0,0.0,0.0,0.0,0.0,0.0,0.0,40.0,40.0,40.0,60.0,60.0,60.0,60.0,60.0,60.0,60.0,60.0,60.0,60.0,60.0,60.0,60.0,60.0,0.0,0.0,0.0,0.0,0.0,0.0,0.0,0.0,0.0,0.0,0.0,0.0,1.0,1.0,1.0,1.5,1.5,1.5,1.5,1.5,1.5,1.5,1.5,1.5,1.5,1.5,1.5,1.5,1.5,0.0,0.0,0.0,0.0,0.0,0.0,0.0,0.0,0.0,0.0,0.0,0.0,0.0,0.0,0.0,0.0,0.0,0.0,0.0,0.0,0.0,0.0,0.0,0.0,0.0,0.0,0.0,0.0,0.0
-0.1,0.0,0.0,0.3,-0.2,0.0,-0.1,0.0,0.0,0.3,-0.2,0.0,0.0,0.0,0.0,0.18594720549206292,-0.16355431250725577,-0.5468636155032064,0.042360124109487446,-1.8285036862640454,-0.2097024414767672,0.2872969663098823,-0.10444729626202345,0.21252348060985427,0.8494794770840817,-0.43162303731529533,1.97202,-0.4791194694779509,-0.04171731648066412,0.0,0.0,0.0,0.0,0.0,0.0,0.0,0.0,0.0,0.0,0.0,0.0,0.0,0.0,0.0,-0.27624896141337507,0.3680958652830635,0.6206302830865124,0.3562601330761483,-0.7918790843847223,1.7381364274121007,-1.424979316761149,-0.40037494872453594,0.21187753528769462,-2.2927642710795557,-2.7633954390114552,0.0,9.024400045766246,-13.024237898998622,0.0,0.0,0.0,0.0,0.0,0.0,0.0,0.0,0.0,0.0,0.0,0.0,40.0,40.0,40.0,60.0,60.0,60.0,60.0,60.0,60.0,60.0,60.0,60.0,60.0,60.0,60.0,60.0,60.0,0.0,0.0,0.0,0.0,0.0,0.0,0.0,0.0,0.0,0.0,0.0,0.0,1.0,1.0,1.0,1.5,1.5,1.5,1.5,1.5,1.5,1.5,1.5,1.5,1.5,1.5,1.5,1.5,1.5,0.0,0.0,0.0,0.0,0.0,0.0,0.0,0.0,0.0,0.0,0.0,0.0,0.0,0.0,0.0,0.0,0.0,0.0,0.0,0.0,0.0,0.0,0.0,0.0,0.0,0.0,0.0,0.0,0.0
-0.1,0.0,0.0,0.3,-0.2,0.0,-0.1,0.0,0.0,0.3,-0.2,0.0,0.0,0.0,0.0,0.18840426083923975,-0.15983141088629932,-0.5421711749891627,0.051178529454897856,-1.8297467312365259,-0.1693228790599274,0.26149879981606566,-0.11901569983199946,0.22731548676151642,0.8028989911657518,-0.4673462401738231,1.97202,-0.2870345580221836,-0.2775294486333629,0.0,0.0,0.0,0.0,0.0,0.0,0.0,0.0,0.0,0.0,0.0,0.0,0.0,0.0,0.0,-0.009138469711546943,0.19601745698210882,0.32463838792655964,0.4194827453267217,0.15329497247533186,1.97046024440006,-0.8956687477290489,-0.8581004175123932,0.6635813641422363,-2.6132533597136796,-1.2137700150006037,0.0,8.830455163759183,-7.856320296068297,0.0,0.0,0.0,0.0,0.0,0.0,0.0,0.0,0.0,0.0,0.0,0.0,40.0,40.0,40.0,60.0,60.0,60.0,60.0,60.0,60.0,60.0,60.0,60.0,60.0,60.0,60.0,60.0,60.0,0.0,0.0,0.0,0.0,0.0,0.0,0.0,0.0,0.0,0.0,0.0,0.0,1.0,1.0,1.0,1.5,1.5,1.5,1.5,1.5,1.5,1.5,1.5,1.5,1.5,1.5,1.5,1.5,1.5,0.0,0.0,0.0,0.0,0.0,0.0,0.0,0.0,0.0,0.0,0.0,0.0,0.0,0.0,0.0,0.0,0.0,0.0,0.0,0.0,0.0,0.0,0.0,0.0,0.0,0.0,0.0,0.0,0.0
-0.1,0.0,0.0,0.3,-0.2,0.0,-0.1,0.0,0.0,0.3,-0.2,0.0,0.0,0.0,0.0,0.18558166670360104,-0.15571361422797142,-0.533878079986144,0.059139433922556314,-1.822371887365032,-0.1308840317007648,0.2514702164007203,-0.13877131296251918,0.23906673517554372,0.7449493426955345,-0.4801738379153195,1.97202,-0.1259012629275836,-0.35597012832339603,0.0,0.0,0.0,0.0,0.0,0.0,0.0,0.0,0.0,0.0,0.0,0.0,0.0,0.0,0.0,-0.21436186365724128,0.24627928303336752,0.47683808284969265,0.406815228496182,0.3462401177866836,1.8838815852691693,-0.39819912087884907,-1.1480146932608761,0.4591290160451941,-2.594787894006914,-0.3978271905241873,0.0,7.04488569199993,-1.846307802865281,0.0,0.0,0.0,0.0,0.0,0.0,0.0,0.0,0.0,0.0,0.0,0.0,40.0,40.0,40.0,60.0,60.0,60.0,60.0,60.0,60.0,60.0,60.0,60.0,60.0,60.0,60.0,60.0,60.0,0.0,0.0,0.0,0.0,0.0,0.0,0.0,0.0,0.0,0.0,0.0,0.0,1.0,1.0,1.0,1.5,1.5,1.5,1.5,1.5,1.5,1.5,1.5,1.5,1.5,1.5,1.5,1.5,1.5,0.0,0.0,0.0,0.0,0.0,0.0,0.0,0.0,0.0,0.0,0.0,0.0,0.0,0.0,0.0,0.0,0.0,0.0,0.0,0.0,0.0,0.0,0.0,0.0,0.0,0.0,0.0,0.0,0.0
-0.1,0.0,0.0,0.3,-0.2,0.0,-0.1,0.0,0.0,0.3,-0.2,0.0,0.0,0.0,0.0,0.1798297862929501,-0.14998023956496462,-0.523097651675175,0.06745113859474514,-1.8158971265250585,-0.09396761564916063,0.2455708349809117,-0.1649362875624345,0.24568064740332418,0.6991074754054752,-0.4832593277947906,1.97202,-0.005239130342186398,-0.3513817607479741,0.0,0.0,0.0,0.0,0.0,0.0,0.0,0.0,0.0,0.0,0.0,0.0,0.0,0.0,0.0,-0.35858300658136444,0.20764185238020885,0.5560367761174356,0.2328637251381327,0.24320698538815577,1.6223411690329443,0.506758539758996,-1.346112198786227,0.4132891242825662,-1.9349099257156,-0.055331572216217595,0.0,5.390661303924611,0.6559049419599033,0.0,0.0,0.0,0.0,0.0,0.0,0.0,0.0,0.0,0.0,0.0,0.0,40.0,40.0,40.0,60.0,60.0,60.0,60.0,60.0,60.0,60.0,60.0,60.0,60.0,60.0,60.0,60.0,60.0,0.0,0.0,0.0,0.0,0.0,0.0,0.0,0.0,0.0,0.0,0.0,0.0,1.0,1.0,1.0,1.5,1.5,1.5,1.5,1.5,1.5,1.5,1.5,1.5,1.5,1.5,1.5,1.5,1.5,0.0,0.0,0.0,0.0,0.0,0.0,0.0,0.0,0.0,0.0,0.0,0.0,0.0,0.0,0.0,0.0,0.0,0.0,0.0,0.0,0.0,0.0,0.0,0.0,0.0,0.0,0.0,0.0,0.0
-0.1,0.0,0.0,0.3,-0.2,0.0,-0.1,0.0,0.0,0.3,-0.2,0.0,0.0,0.0,0.0,0.17123834644034647,-0.14740794013276307,-0.5116366089414466,0.06845398292808162,-1.8126436079495059,-0.06599038493944702,0.27174055799108016,-0.19261580091396827,0.25559830014684637,0.6675529456669105,-0.4823871008039682,1.97202,0.08972518922940086,-0.3297339306449999,0.0,0.0,0.0,0.0,0.0,0.0,0.0,0.0,0.0,0.0,0.0,0.0,0.0,0.0,0.0,-0.4415013962207545,-0.031092058417702545,0.7497282280098994,-0.43224371651137977,-0.7658488053496504,1.0134047688039434,2.363498999535714,-0.9453527887714641,0.79599828915696,-1.3744426853225467,0.07774291062428718,0.0,3.627862432212286,1.8000098440668382,0.0,0.0,0.0,0.0,0.0,0.0,0.0,0.0,0.0,0.0,0.0,0.0,40.0,40.0,40.0,60.0,60.0,60.0,60.0,60.0,60.0,60.0,60.0,60.0,60.0,60.0,60.0,60.0,60.0,0.0,0.0,0.0,0.0,0.0,0.0,0.0,0.0,0.0,0.0,0.0,0.0,1.0,1.0,1.0,1.5,1.5,1.5,1.5,1.5,1.5,1.5,1.5,1.5,1.5,1.5,1.5,1.5,1.5,0.0,0.0,0.0,0.0,0.0,0.0,0.0,0.0,0.0,0.0,0.0,0.0,0.0,0.0,0.0,0.0,0.0,0.0,0.0,0.0,0.0,0.0,0.0,0.0,0.0,0.0,0.0,0.0,0.0
-0.1,0.0,0.0,0.3,-0.2,0.0,-0.1,0.0,0.0,0.3,-0.2,0.0,0.0,0.0,0.0,0.16216973044411992,-0.15122392190167272,-0.493108522554779,0.050161389934289945,-1.8465310787390445,-0.053431424897002894,0.34011079496234026,-0.20275039911329307,0.2775205789696026,0.6441297679925734,-0.4801496113698191,1.97202,0.13987536694630504,-0.2793813669853006,0.0,0.0,0.0,0.0,0.0,0.0,0.0,0.0,0.0,0.0,0.0,0.0,0.0,0.0,0.0,-0.003796349007394173,0.024295181515756464,0.8770261110767965,-0.7401913711454041,-1.6151574021591009,1.1668566614390046,1.827494133083256,-0.740748970118725,0.9826218066547445,-1.2319858465606737,0.15855708888508901,0.0,2.0882201921893886,2.7690431142781904,0.0,0.0,0.0,0.0,0.0,0.0,0.0,0.0,0.0,0.0,0.0,0.0,40.0,40.0,40.0,60.0,60.0,60.0,60.0,60.0,60.0,60.0,60.0,60.0,60.0,60.0,60.0,60.0,60.0,0.0,0.0,0.0,0.0,0.0,0.0,0.0,0.0,0.0,0.0,0.0,0.0,1.0,1.0,1.0,1.5,1.5,1.5,1.5,1.5,1.5,1.5,1.5,1.5,1.5,1.5,1.5,1.5,1.5,0.0,0.0,0.0,0.0,0.0,0.0,0.0,0.0,0.0,0.0,0.0,0.0,0.0,0.0,0.0,0.0,0.0,0.0,0.0,0.0,0.0,0.0,0.0,0.0,0.0,0.0,0.0,0.0,0.0
-0.1,0.0,0.0,0.3,-0.2,0.0,-0.1,0.0,0.0,0.3,-0.2,0.0,0.0,0.0,0.0,0.1710864924800507,-0.1464361328721328,-0.4765555644983747,0.03884632808226546,-1.8772499040358699,-0.019316118481886836,0.3448403233144104,-0.22224575971871727,0.29490317241303615,0.6182735118044835,-0.4760448172485646,1.97202,0.1732539969169764,-0.21897220607387227,0.0,0.0,0.0,0.0,0.0,0.0,0.0,0.0,0.0,0.0,0.0,0.0,0.0,0.0,0.0,0.3383633452441262,0.24734896003893656,0.9812610707056232,-0.24043058006254397,-1.0614949377701521,1.6540212144540398,-0.07874815456193618,-0.558826027002745,0.8971756653257986,-1.0166806327347204,0.2674543774781213,0.0,1.580136174404846,3.634277282929963,0.0,0.0,0.0,0.0,0.0,0.0,0.0,0.0,0.0,0.0,0.0,0.0,40.0,40.0,40.0,60.0,60.0,60.0,60.0,60.0,60.0,60.0,60.0,60.0,60.0,60.0,60.0,60.0,60.0,0.0,0.0,0.0,0.0,0.0,0.0,0.0,0.0,0.0,0.0,0.0,0.0,1.0,1.0,1.0,1.5,1.5,1.5,1.5,1.5,1.5,1.5,1.5,1.5,1.5,1.5,1.5,1.5,1.5,0.0,0.0,0.0,0.0,0.0,0.0,0.0,0.0,0.0,0.0,0.0,0.0,0.0,0.0,0.0,0.0,0.0,0.0,0.0,0.0,0.0,0.0,0.0,0.0,0.0,0.0,0.0,0.0,0.0
-0.1,0.0,0.0,0.3,-0.2,0.0,-0.1,0.0,0.0,0.3,-0.2,0.0,0.0,0.0,0.0,0.17570426425388497,-0.14132996350011526,-0.45385807972655406,0.040544166731788185,-1.8889908762498506,0.01272942368115871,0.3369608687798628,-0.22510344019340287,0.31340760558263453,0.6034625426831846,-0.46945143627069424,1.97202,0.20308081392249888,-0.13401027566810206,0.0,0.0,0.0,0.0,0.0,0.0,0.0,0.0,0.0,0.0,0.0,0.0,0.0,0.0,0.0,0.167565561307733,0.29828684973279423,1.1410504498353111,0.13245336238111824,-0.4992904630922723,1.4064860005777726,-0.4672631880840314,0.07210063143954851,0.8988815523225598,-0.6705010039936371,0.4760889947842767,0.0,1.5871838482534442,4.788804280917858,0.0,0.0,0.0,0.0,0.0,0.0,0.0,0.0,0.0,0.0,0.0,0.0,40.0,40.0,40.0,60.0,60.0,60.0,60.0,60.0,60.0,60.0,60.0,60.0,60.0,60.0,60.0,60.0,60.0,0.0,0.0,0.0,0.0,0.0,0.0,0.0,0.0,0.0,0.0,0.0,0.0,1.0,1.0,1.0,1.5,1.5,1.5,1.5,1.5,1.5,1.5,1.5,1.5,1.5,1.5,1.5,1.5,1.5,0.0,0.0,0.0,0.0,0.0,0.0,0.0,0.0,0.0,0.0,0.0,0.0,0.0,0.0,0.0,0.0,0.0,0.0,0.0,0.0,0.0,0.0,0.0,0.0,0.0,0.0,0.0,0.0,0.0
-0.1,0.0,0.0,0.3,-0.2,0.0,-0.1,0.0,0.0,0.3,-0.2,0.0,0.0,0.0,0.0,0.17778911493236002,-0.13450465888282104,-0.4309135465049623,0.04414446257751019,-1.8972215225595608,0.03694332154122407,0.32614979579104914,-0.21936173446113533,0.33085843450593855,0.591453471644738,-0.45700125745719355,1.97202,0.23674135084711417,-0.027420034837157964,0.0,0.0,0.0,0.0,0.0,0.0,0.0,0.0,0.0,0.0,0.0,0.0,0.0,0.0,0.0,0.13750198334722685,0.32964411200499255,1.0877914175143486,0.18243837707628466,-0.42767327527432064,1.1121035269731931,-0.5506657626003344,0.20915811641036355,0.7723829426958192,-0.8203657702875039,0.7670136363428739,0.0,1.805807975320313,5.237067236426162,0.0,0.0,0.0,0.0,0.0,0.0,0.0,0.0,0.0,0.0,0.0,0.0,40.0,40.0,40.0,60.0,60.0,60.0,60.0,60.0,60.0,60.0,60.0,60.0,60.0,60.0,60.0,60.0,60.0,0.0,0.0,0.0,0.0,0.0,0.0,0.0,0.0,0.0,0.0,0.0,0.0,1.0,1.0,1.0,1.5,1.5,1.5,1.5,1.5,1.5,1.5,1.5,1.5,1.5,1.5,1.5,1.5,1.5,0.0,0.0,0.0,0.0,0.0,0.0,0.0,0.0,0.0,0.0,0.0,0.0,0.0,0.0,0.0,0.0,0.0,0.0,0.0,0.0,0.0,0.0,0.0,0.0,0.0,0.0,0.0,0.0,0.0
-0.1,0.0,0.0,0.3,-0.2,0.0,-0.1,0.0,0.0,0.3,-0.2,0.0,0.0,0.0,0.0,0.18120434358777404,-0.12814419901991556,-0.4103464230259801,0.04784170181483957,-1.9060978072608235,0.05721356476008643,0.31493423827584943,-0.21673711553698832,0.3443029232904673,0.5706479118716844,-0.4387708908169793,1.97202,0.2753131329353114,0.07547241378894443,0.0,0.0,0.0,0.0,0.0,0.0,0.0,0.0,0.0,0.0,0.0,0.0,0.0,0.0,0.0,0.35816333324694,0.17686639478929136,1.0660109119917813,0.3356200389887544,-0.4564877632984188,0.7675305819665745,-0.32499686285742957,-0.2265938058513703,0.4320629173957091,-1.6210710861315063,0.5028589699922911,0.0,1.3275400775808508,2.5783367641668526,0.0,0.0,0.0,0.0,0.0,0.0,0.0,0.0,0.0,0.0,0.0,0.0,40.0,40.0,40.0,60.0,60.0,60.0,60.0,60.0,60.0,60.0,60.0,60.0,60.0,60.0,60.0,60.0,60.0,0.0,0.0,0.0,0.0,0.0,0.0,0.0,0.0,0.0,0.0,0.0,0.0,1.0,1.0,1.0,1.5,1.5,1.5,1.5,1.5,1.5,1.5,1.5,1.5,1.5,1.5,1.5,1.5,1.5,0.0,0.0,0.0,0.0,0.0,0.0,0.0,0.0,0.0,0.0,0.0,0.0,0.0,0.0,0.0,0.0,0.0,0.0,0.0,0.0,0.0,0.0,0.0,0.0,0.0,0.0,0.0,0.0,0.0
-0.1,0.0,0.0,0.3,-0.2,0.0,-0.1,0.0,0.0,0.3,-0.2,0.0,0.0,0.0,0.0,0.19211564826223762,-0.12743000309124938,-0.388273110025291,0.057569264137060365,-1.9154810330914975,0.06764454481988705,0.31314992127675195,-0.22842548669519014,0.3481409512017669,0.5266106281994778,-0.4368868986575019,1.97202,0.2898429539503482,0.07571343572951615,0.0,0.0,0.0,0.0,0.0,0.0,0.0,0.0,0.0,0.0,0.0,0.0,0.0,0.0,0.0,0.5489412553501445,0.05992447198845119,1.0735979093656949,0.3733123088527225,-0.5771803550148724,0.4225802109232568,-0.06179746514142909,-0.5331101791718397,0.06487714003010348,-2.1372637211485066,-0.42465245678619257,0.0,0.3164792532592109,-0.5433035051878341,0.0,0.0,0.0,0.0,0.0,0.0,0.0,0.0,0.0,0.0,0.0,0.0,40.0,40.0,40.0,60.0,60.0,60.0,60.0,60.0,60.0,60.0,60.0,60.0,60.0,60.0,60.0,60.0,60.0,0.0,0.0,0.0,0.0,0.0,0.0,0.0,0.0,0.0,0.0,0.0,0.0,1.0,1.0,1.0,1.5,1.5,1.5,1.5,1.5,1.5,1.5,1.5,1.5,1.5,1.5,1.5,1.5,1.5,0.0,0.0,0.0,0.0,0.0,0.0,0.0,0.0,0.0,0.0,0.0,0.0,0.0,0.0,0.0,0.0,0.0,0.0,0.0,0.0,0.0,0.0,0.0,0.0,0.0,0.0,0.0,0.0,0.0
-0.1,0.0,0.0,0.3,-0.2,0.0,-0.1,0.0,0.0,0.3,-0.2,0.0,0.0,0.0,0.0,0.20316199380177982,-0.1257472201403775,-0.3674025066513523,0.06277419416894847,-1.9291850214614183,0.0741167731970167,0.31246233967019227,-0.2380615227038619,0.34689800889167144,0.48515736302574414,-0.455756989088427,1.97202,0.28797230306567984,0.05374027358143106,0.0,0.0,0.0,0.0,0.0,0.0,0.0,0.0,0.0,0.0,0.0,0.0,0.0,0.0,0.0,0.5321256873207898,0.15040520010399341,1.0975611684645434,0.16695632221242537,-1.0000316973389378,0.1550969933462317,-0.10117719444520112,-0.2641773467894612,-0.5082479268754838,-2.165774282023415,-1.3329942163402912,0.0,-1.4689060548249318,-2.259177257322355,0.0,0.0,0.0,0.0,0.0,0.0,0.0,0.0,0.0,0.0,0.0,0.0,40.0,40.0,40.0,60.0,60.0,60.0,60.0,60.0,60.0,60.0,60.0,60.0,60.0,60.0,60.0,60.0,60.0,0.0,0.0,0.0,0.0,0.0,0.0,0.0,0.0,0.0,0.0,0.0,0.0,1.0,1.0,1.0,1.5,1.5,1.5,1.5,1.5,1.5,1.5,1.5,1.5,1.5,1.5,1.5,1.5,1.5,0.0,0.0,0.0,0.0,0.0,0.0,0.0,0.0,0.0,0.0,0.0,0.0,0.0,0.0,0.0,0.0,0.0,0.0,0.0,0.0,0.0,0.0,0.0,0.0,0.0,0.0,0.0,0.0,0.0
-0.1,0.0,0.0,0.3,-0.2,0.0,-0.1,0.0,0.0,0.3,-0.2,0.0,0.0,0.0,0.0,0.2134006757550692,-0.12141379508708965,-0.3443706632867093,0.06424751702555738,-1.955482300985055,0.07384842455373632,0.3091028334989439,-0.2389925805667686,0.32781103412674756,0.4399796569185412,-0.49020666731111356,1.97202,0.23108671175735093,-0.01465365456337805,0.0,0.0,0.0,0.0,0.0,0.0,0.0,0.0,0.0,0.0,0.0,0.0,0.0,0.0,0.0,0.5338455606845871,0.12565154504436057,0.9245935656491483,0.07678367140402445,-0.40930260949097463,0.053380036309514864,-0.3298566356943908,0.18241993642291107,-1.3719630301760433,-1.9805328304054375,-1.686780592010209,0.0,-3.620737638882174,-3.3016400638108996,0.0,0.0,0.0,0.0,0.0,0.0,0.0,0.0,0.0,0.0,0.0,0.0,40.0,40.0,40.0,60.0,60.0,60.0,60.0,60.0,60.0,60.0,60.0,60.0,60.0,60.0,60.0,60.0,60.0,0.0,0.0,0.0,0.0,0.0,0.0,0.0,0.0,0.0,0.0,0.0,0.0,1.0,1.0,1.0,1.5,1.5,1.5,1.5,1.5,1.5,1.5,1.5,1.5,1.5,1.5,1.5,1.5,1.5,0.0,0.0,0.0,0.0,0.0,0.0,0.0,0.0,0.0,0.0,0.0,0.0,0.0,0.0,0.0,0.0,0.0,0.0,0.0,0.0,0.0,0.0,0.0,0.0,0.0,0.0,0.0,0.0,0.0
-0.1,0.0,0.0,0.3,-0.2,0.0,-0.1,0.0,0.0,0.3,-0.2,0.0,0.0,0.0,0.0,0.2245158162291633,-0.12072115833860309,-0.3304187640253864,0.06584554102510945,-1.9455571258410573,0.0762519746493973,0.29926807424241664,-0.23076472524694547,0.2920194876846297,0.40593604980952663,-0.5232282127688354,1.97202,0.14314279751039288,-0.07832532897100494,0.0,0.0,0.0,0.0,0.0,0.0,0.0,0.0,0.0,0.0,0.0,0.0,0.0,0.0,0.0,0.554506920772601,-0.07236564784343716,0.4056793984851606,0.08982525435888428,1.8231293785999414,-0.032905691517818095,-0.6960983730283379,0.49333754797163465,-1.8029088343812463,-1.2853922366528006,-1.3239998236917752,0.0,-4.718858487356541,-1.933110500141293,0.0,0.0,0.0,0.0,0.0,0.0,0.0,0.0,0.0,0.0,0.0,0.0,40.0,40.0,40.0,60.0,60.0,60.0,60.0,60.0,60.0,60.0,60.0,60.0,60.0,60.0,60.0,60.0,60.0,0.0,0.0,0.0,0.0,0.0,0.0,0.0,0.0,0.0,0.0,0.0,0.0,1.0,1.0,1.0,1.5,1.5,1.5,1.5,1.5,1.5,1.5,1.5,1.5,1.5,1.5,1.5,1.5,1.5,0.0,0.0,0.0,0.0,0.0,0.0,0.0,0.0,0.0,0.0,0.0,0.0,0.0,0.0,0.0,0.0,0.0,0.0,0.0,0.0,0.0,0.0,0.0,0.0,0.0,0.0,0.0,0.0,0.0
-0.1,0.0,0.0,0.3,-0.2,0.0,-0.1,0.0,0.0,0.3,-0.2,0.0,0.0,0.0,0.0,0.23558095258597325,-0.12430842100082713,-0.32814348734730286,0.06784052719991275,-1.8825571258410574,0.07253219689302359,0.2812588985778104,-0.2192590786479032,0.2556946807514977,0.38856396745242916,-0.5431666602587846,1.97202,0.04233237226308927,-0.09197807456902977,0.0,0.0,0.0,0.0,0.0,0.0,0.0,0.0,0.0,0.0,0.0,0.0,0.0,0.0,0.0,0.5293109763906185,-0.2584438535900749,-0.04204185154607076,-0.0713643976799537,3.1068697281506017,-0.46537794329484067,-1.0875472578659604,1.300268530418161,-0.8755004896320778,-0.5460135828996043,-0.924825399764867,0.0,-5.6702606311825905,0.7906848120770629,0.0,0.0,0.0,0.0,0.0,0.0,0.0,0.0,0.0,0.0,0.0,0.0,40.0,40.0,40.0,60.0,60.0,60.0,60.0,60.0,60.0,60.0,60.0,60.0,60.0,60.0,60.0,60.0,60.0,0.0,0.0,0.0,0.0,0.0,0.0,0.0,0.0,0.0,0.0,0.0,0.0,1.0,1.0,1.0,1.5,1.5,1.5,1.5,1.5,1.5,1.5,1.5,1.5,1.5,1.5,1.5,1.5,1.5,0.0,0.0,0.0,0.0,0.0,0.0,0.0,0.0,0.0,0.0,0.0,0.0,0.0,0.0,0.0,0.0,0.0,0.0,0.0,0.0,0.0,0.0,0.0,0.0,0.0,0.0,0.0,0.0,0.0
-0.1,0.0,0.0,0.3,-0.2,0.0,-0.1,0.0,0.0,0.3,-0.2,0.0,0.0,0.0,0.0,0.24568825528478805,-0.13105891248220608,-0.3321004380872292,0.0629909651179113,-1.8212823367150333,0.057636856917603674,0.2557661839277782,-0.17875398403021903,0.2569994680993466,0.38409550649354246,-0.56022122875943,1.97202,-0.08366762773691075,-0.04669793648792243,0.0,0.0,0.0,0.0,0.0,0.0,0.0,0.0,0.0,0.0,0.0,0.0,0.0,0.0,0.0,0.62313114815701,-0.019999725712962005,0.23745910684033478,-0.0009278017694451524,1.1137448922676818,-0.847429348903696,-1.0384987380278634,1.1602318234270041,0.15333867162387882,-0.26875483970544983,-0.7606408991894437,0.0,-7.084422088940364,3.544189594439319,0.0,0.0,0.0,0.0,0.0,0.0,0.0,0.0,0.0,0.0,0.0,0.0,40.0,40.0,40.0,60.0,60.0,60.0,60.0,60.0,60.0,60.0,60.0,60.0,60.0,60.0,60.0,60.0,60.0,0.0,0.0,0.0,0.0,0.0,0.0,0.0,0.0,0.0,0.0,0.0,0.0,1.0,1.0,1.0,1.5,1.5,1.5,1.5,1.5,1.5,1.5,1.5,1.5,1.5,1.5,1.5,1.5,1.5,0.0,0.0,0.0,0.0,0.0,0.0,0.0,0.0,0.0,0.0,0.0,0.0,0.0,0.0,0.0,0.0,0.0,0.0,0.0,0.0,0.0,0.0,0.0,0.0,0.0,0.0,0.0,0.0,0.0
-0.1,0.0,0.0,0.3,-0.2,0.0,-0.1,0.0,0.0,0.3,-0.2,0.0,0.0,0.0,0.0,0.26050619851225365,-0.1251084100293456,-0.3186451230736895,0.06780341512913494,-1.8380073301503501,0.03863502293687575,0.23971894905669586,-0.17284980571082303,0.26182822761645286,0.37781377386421117,-0.5735922962263623,1.97202,-0.2410445112945253,0.04978950920854298,0.0,0.0,0.0,0.0,0.0,0.0,0.0,0.0,0.0,0.0,0.0,0.0,0.0,0.0,0.0,0.462426310241644,0.31872195366594547,0.9014659434864652,-0.05808517653297894,-1.4098307560690693,-0.7285635448157696,-0.6054046493874553,0.40103136259776945,0.28573074604823917,0.22516001025368187,-1.072074878642737,0.0,-7.596321973533382,2.408841022430381,0.0,0.0,0.0,0.0,0.0,0.0,0.0,0.0,0.0,0.0,0.0,0.0,40.0,40.0,40.0,60.0,60.0,60.0,60.0,60.0,60.0,60.0,60.0,60.0,60.0,60.0,60.0,60.0,60.0,0.0,0.0,0.0,0.0,0.0,0.0,0.0,0.0,0.0,0.0,0.0,0.0,1.0,1.0,1.0,1.5,1.5,1.5,1.5,1.5,1.5,1.5,1.5,1.5,1.5,1.5,1.5,1.5,1.5,0.0,0.0,0.0,0.0,0.0,0.0,0.0,0.0,0.0,0.0,0.0,0.0,0.0,0.0,0.0,0.0,0.0,0.0,0.0,0.0,0.0,0.0,0.0,0.0,0.0,0.0,0.0,0.0,0.0
-0.1,0.0,0.0,0.3,-0.2,0.0,-0.1,0.0,0.0,0.3,-0.2,0.0,0.0,0.0,0.0,0.2641853076944538,-0.11831003433556826,-0.2960418003477706,0.060667558056592144,-1.877675566957796,0.028494315124972892,0.23154999795228,-0.16271272952630825,0.26842869794127616,0.39310190690368974,-0.6031042239051395,1.97202,-0.38752050667824606,0.0496557044092928,0.0,0.0,0.0,0.0,0.0,0.0,0.0,0.0,0.0,0.0,0.0,0.0,0.0,0.0,0.0,0.10475858373886343,0.36240621231981224,1.3058068821130446,-0.43753948884160987,-1.848895306625381,-0.20863283081601555,-0.23718610316401656,0.2363773017768106,0.39797055234278844,0.525454592072895,-2.0250435899919346,0.0,-7.072986018443483,-2.0839039387472864,0.0,0.0,0.0,0.0,0.0,0.0,0.0,0.0,0.0,0.0,0.0,0.0,40.0,40.0,40.0,60.0,60.0,60.0,60.0,60.0,60.0,60.0,60.0,60.0,60.0,60.0,60.0,60.0,60.0,0.0,0.0,0.0,0.0,0.0,0.0,0.0,0.0,0.0,0.0,0.0,0.0,1.0,1.0,1.0,1.5,1.5,1.5,1.5,1.5,1.5,1.5,1.5,1.5,1.5,1.5,1.5,1.5,1.5,0.0,0.0,0.0,0.0,0.0,0.0,0.0,0.0,0.0,0.0,0.0,0.0,0.0,0.0,0.0,0.0,0.0,0.0,0.0,0.0,0.0,0.0,0.0,0.0,0.0,0.0,0.0,0.0,0.0
-0.1,0.0,0.0,0.3,-0.2,0.0,-0.1,0.0,0.0,0.3,-0.2,0.0,0.0,0.0,0.0,0.2646965418618082,-0.11061216153655312,-0.2664128477891677,0.05030183557547055,-1.9119631424153654,0.030289709704235127,0.2302315049301352,-0.1633947136397506,0.2777470497101644,0.39883195754712697,-0.6545940398260397,1.97202,-0.5239639520322646,-0.03356664834134847,0.0,0.0,0.0,0.0,0.0,0.0,0.0,0.0,0.0,0.0,0.0,0.0,0.0,0.0,0.0,-0.04189188566195018,0.33574528273833704,1.5263582089704046,-0.6407117887526419,-2.0484723175561323,0.023791762285533136,0.02823063841080678,0.0940191673132286,0.28037968548183523,-0.04572688511203238,-2.739061244006169,0.0,-6.251578667235425,-4.288239632886611,0.0,0.0,0.0,0.0,0.0,0.0,0.0,0.0,0.0,0.0,0.0,0.0,40.0,40.0,40.0,60.0,60.0,60.0,60.0,60.0,60.0,60.0,60.0,60.0,60.0,60.0,60.0,60.0,60.0,0.0,0.0,0.0,0.0,0.0,0.0,0.0,0.0,0.0,0.0,0.0,0.0,1.0,1.0,1.0,1.5,1.5,1.5,1.5,1.5,1.5,1.5,1.5,1.5,1.5,1.5,1.5,1.5,1.5,0.0,0.0,0.0,0.0,0.0,0.0,0.0,0.0,0.0,0.0,0.0,0.0,0.0,0.0,0.0,0.0,0.0,0.0,0.0,0.0,0.0,0.0,0.0,0.0,0.0,0.0,0.0,0.0,0.0
-0.1,0.0,0.0,0.3,-0.2,0.0,-0.1,0.0,0.0,0.3,-0.2,0.0,0.0,0.0,0.0,0.2625096322679758,-0.10488022302603478,-0.23498747198895442,0.03503908650648647,-1.9596144596600413,0.029445985616394218,0.23267922348871228,-0.1589519628337791,0.27964388536054957,0.39127283149920844,-0.7126666736653863,1.97202,-0.6375836533676631,-0.12187388090617164,0.0,0.0,0.0,0.0,0.0,0.0,0.0,0.0,0.0,0.0,0.0,0.0,0.0,0.0,0.0,-0.12212751551622103,0.06127363031740857,0.7207618937985188,-0.5490284669558383,-1.4361920887210833,-0.15827146678243814,0.1705331123446681,0.29900282066349093,-0.17264224393423455,0.3095826496995274,-1.9115181103921297,0.0,-2.0934556157261226,-1.0849874893083213,0.0,0.0,0.0,0.0,0.0,0.0,0.0,0.0,0.0,0.0,0.0,0.0,40.0,40.0,40.0,60.0,60.0,60.0,60.0,60.0,60.0,60.0,60.0,60.0,60.0,60.0,60.0,60.0,60.0,0.0,0.0,0.0,0.0,0.0,0.0,0.0,0.0,0.0,0.0,0.0,0.0,1.0,1.0,1.0,1.5,1.5,1.5,1.5,1.5,1.5,1.5,1.5,1.5,1.5,1.5,1.5,1.5,1.5,0.0,0.0,0.0,0.0,0.0,0.0,0.0,0.0,0.0,0.0,0.0,0.0,0.0,0.0,0.0,0.0,0.0,0.0,0.0,0.0,0.0,0.0,0.0,0.0,0.0,0.0,0.0,0.0,0.0
-0.1,0.0,0.0,0.3,-0.2,0.0,-0.1,0.0,0.0,0.3,-0.2,0.0,0.0,0.0,0.0,0.25981144124115935,-0.10816121632385678,-0.23758237203722693,0.028340696897237016,-1.9694108259642087,0.0239588510329376,0.23705282942392192,-0.15143460081321097,0.270841359952795,0.41121526353510807,-0.7310547642417249,1.97202,-0.6077021766613095,-0.07696614791368132,0.0,0.0,0.0,0.0,0.0,0.0,0.0,0.0,0.0,0.0,0.0,0.0,0.0,0.0,0.0,-0.07010132803668412,-0.10331590139576914,-0.1708774716120097,-0.2986297068983866,-0.3101385084989694,-0.23444303777677594,0.1679824974100394,0.3227477178295052,-0.23626948311240292,0.26828464569137733,0.054342065023524344,0.0,2.7248816121906856,2.8194572640789097,0.0,0.0,0.0,0.0,0.0,0.0,0.0,0.0,0.0,0.0,0.0,0.0,40.0,40.0,40.0,60.0,60.0,60.0,60.0,60.0,60.0,60.0,60.0,60.0,60.0,60.0,60.0,60.0,60.0,0.0,0.0,0.0,0.0,0.0,0.0,0.0,0.0,0.0,0.0,0.0,0.0,1.0,1.0,1.0,1.5,1.5,1.5,1.5,1.5,1.5,1.5,1.5,1.5,1.5,1.5,1.5,1.5,1.5,0.0,0.0,0.0,0.0,0.0,0.0,0.0,0.0,0.0,0.0,0.0,0.0,0.0,0.0,0.0,0.0,0.0,0.0,0.0,0.0,0.0,0.0,0.0,0.0,0.0,0.0,0.0,0.0,0.0
-0.1,0.0,0.0,0.3,-0.2,0.0,-0.1,0.0,0.0,0.3,-0.2,0.0,0.0,0.0,0.0,0.25970557914650844,-0.10901285908186555,-0.2418225708534348,0.023093898230551003,-1.97202,0.02006826410532318,0.23939852338511386,-0.1460420541205989,0.27019310603605345,0.40200421732686353,-0.7104929910644453,1.97202,-0.5285883888800357,-0.009095590343015245,0.0,0.0,0.0,0.0,0.0,0.0,0.0,0.0,0.0,0.0,0.0,0.0,0.0,0.0,0.0,-0.021426311205825777,-0.08012914007302155,-0.3263366915040575,-0.3866218539803386,-0.06522935089478543,0.058722306822905045,0.26675096872770393,0.44520910192918234,-0.4600541704999586,-0.5210585880185942,1.7211123542488438,0.0,4.10158775615697,3.0705731323020653,0.0,0.0,0.0,0.0,0.0,0.0,0.0,0.0,0.0,0.0,0.0,0.0,40.0,40.0,40.0,60.0,60.0,60.0,60.0,60.0,60.0,60.0,60.0,60.0,60.0,60.0,60.0,60.0,60.0,0.0,0.0,0.0,0.0,0.0,0.0,0.0,0.0,0.0,0.0,0.0,0.0,1.0,1.0,1.0,1.5,1.5,1.5,1.5,1.5,1.5,1.5,1.5,1.5,1.5,1.5,1.5,1.5,1.5,0.0,0.0,0.0,0.0,0.0,0.0,0.0,0.0,0.0,0.0,0.0,0.0,0.0,0.0,0.0,0.0,0.0,0.0,0.0,0.0,0.0,0.0,0.0,0.0,0.0,0.0,0.0,0.0,0.0
-0.1,0.0,0.0,0.3,-0.2,0.0,-0.1,0.0,0.0,0.3,-0.2,0.0,0.0,0.0,0.0,0.2589543887929263,-0.11136638192677764,-0.25063583969738923,0.01287582273802347,-1.97202,0.026307743305853802,0.24772286817303008,-0.13362623673604368,0.25243919313279667,0.3903729200143643,-0.6622102700717711,1.97202,-0.44363866641503075,0.04585677737840129,0.0,0.0,0.0,0.0,0.0,0.0,0.0,0.0,0.0,0.0,0.0,0.0,0.0,0.0,0.0,-0.07097747026229423,-0.1396377926956703,-0.41573527974150465,-0.5845304437146606,0.0,0.5140832253112751,0.5845273414675528,0.6692753598663677,-1.257100427119518,-0.4917263032635247,2.532638310304974,0.0,3.9284255056603987,2.183554677445143,0.0,0.0,0.0,0.0,0.0,0.0,0.0,0.0,0.0,0.0,0.0,0.0,40.0,40.0,40.0,60.0,60.0,60.0,60.0,60.0,60.0,60.0,60.0,60.0,60.0,60.0,60.0,60.0,60.0,0.0,0.0,0.0,0.0,0.0,0.0,0.0,0.0,0.0,0.0,0.0,0.0,1.0,1.0,1.0,1.5,1.5,1.5,1.5,1.5,1.5,1.5,1.5,1.5,1.5,1.5,1.5,1.5,1.5,0.0,0.0,0.0,0.0,0.0,0.0,0.0,0.0,0.0,0.0,0.0,0.0,0.0,0.0,0.0,0.0,0.0,0.0,0.0,0.0,0.0,0.0,0.0,0.0,0.0,0.0,0.0,0.0,0.0
-0.1,0.0,0.0,0.3,-0.2,0.0,-0.1,0.0,0.0,0.3,-0.2,0.0,0.0,0.0,0.0,0.25686648033601667,-0.11459837078969236,-0.258451982043095,-0.0002873195180354229,-1.97202,0.04063159311777419,0.26277961704381597,-0.11927103972594419,0.21990908895127273,0.38233516519632255,-0.6091874586522463,1.97202,-0.3714513686536197,0.07824659675479048,0.0,0.0,0.0,0.0,0.0,0.0,0.0,0.0,0.0,0.0,0.0,0.0,0.0,0.0,0.0,-0.14991730419109395,-0.12858684406155882,-0.2956971774726966,-0.6453920976551264,0.0,0.7233023428678443,0.8080770369323572,0.6461583003910684,-1.8280672007236716,-0.41917072145293416,2.4408960481746926,0.0,3.295765669941095,1.7449073346248365,0.0,0.0,0.0,0.0,0.0,0.0,0.0,0.0,0.0,0.0,0.0,0.0,40.0,40.0,40.0,60.0,60.0,60.0,60.0,60.0,60.0,60.0,60.0,60.0,60.0,60.0,60.0,60.0,60.0,0.0,0.0,0.0,0.0,0.0,0.0,0.0,0.0,0.0,0.0,0.0,0.0,1.0,1.0,1.0,1.5,1.5,1.5,1.5,1.5,1.5,1.5,1.5,1.5,1.5,1.5,1.5,1.5,1.5,0.0,0.0,0.0,0.0,0.0,0.0,0.0,0.0,0.0,0.0,0.0,0.0,0.0,0.0,0.0,0.0,0.0,0.0,0.0,0.0,0.0,0.0,0.0,0.0,0.0,0.0,0.0,0.0,0.0
-0.1,0.0,0.0,0.3,-0.2,0.0,-0.1,0.0,0.0,0.3,-0.2,0.0,0.0,0.0,0.0,0.25295769662528256,-0.11650985568924,-0.2624637267962971,-0.012939861168181582,-1.97202,0.055239837020567575,0.28004594965032437,-0.10777990472040094,0.1793165051038498,0.37360609115624693,-0.5645744281447834,1.97202,-0.31180803961738696,0.11565307076339475,0.0,0.0,0.0,0.0,0.0,0.0,0.0,0.0,0.0,0.0,0.0,0.0,0.0,0.0,0.0,-0.5384519494892221,0.08881669378168061,-0.27214180926837667,-0.8275693524582952,0.0,0.6585810074854388,0.8054509155457314,0.5200007860458246,-3.9359705445797517,-0.4648142913170353,3.0501260744368777,0.0,1.3950559882310378,7.141680028502386,0.0,0.0,0.0,0.0,0.0,0.0,0.0,0.0,0.0,0.0,0.0,0.0,40.0,40.0,40.0,60.0,60.0,60.0,60.0,60.0,60.0,60.0,60.0,60.0,60.0,60.0,60.0,60.0,60.0,0.0,0.0,0.0,0.0,0.0,0.0,0.0,0.0,0.0,0.0,0.0,0.0,1.0,1.0,1.0,1.5,1.5,1.5,1.5,1.5,1.5,1.5,1.5,1.5,1.5,1.5,1.5,1.5,1.5,0.0,0.0,0.0,0.0,0.0,0.0,0.0,0.0,0.0,0.0,0.0,0.0,0.0,0.0,0.0,0.0,0.0,0.0,0.0,0.0,0.0,0.0,0.0,0.0,0.0,0.0,0.0,0.0,0.0
-0.1,0.0,0.0,0.3,-0.2,0.0,-0.1,0.0,0.0,0.3,-0.2,0.0,0.0,0.0,0.0,0.23532840235644778,-0.11104570303842513,-0.26933765441383006,-0.03339009361636723,-1.97202,0.06697483341719174,0.29499765366564523,-0.0984710082841112,0.06247026716808264,0.36374259354364114,-0.4871824156747712,1.97202,-0.3156491291243782,0.3639137978948859,0.0,0.0,0.0,0.0,0.0,0.0,0.0,0.0,0.0,0.0,0.0,0.0,0.0,0.0,0.0,-0.8533441930888591,0.34669212300411506,-0.34379223958867916,-0.9087621194452999,0.0,0.5143914300158169,0.6935610140713019,-0.34464966450454376,-6.023105982815356,2.0161331425330262,4.848962063509165,0.0,-4.7195263240074015,14.67047954212526,0.0,0.0,0.0,0.0,0.0,0.0,0.0,0.0,0.0,0.0,0.0,0.0,40.0,40.0,40.0,60.0,60.0,60.0,60.0,60.0,60.0,60.0,60.0,60.0,60.0,60.0,60.0,60.0,60.0,0.0,0.0,0.0,0.0,0.0,0.0,0.0,0.0,0.0,0.0,0.0,0.0,1.0,1.0,1.0,1.5,1.5,1.5,1.5,1.5,1.5,1.5,1.5,1.5,1.5,1.5,1.5,1.5,1.5,0.0,0.0,0.0,0.0,0.0,0.0,0.0,0.0,0.0,0.0,0.0,0.0,0.0,0.0,0.0,0.0,0.0,0.0,0.0,0.0,0.0,0.0,0.0,0.0,0.0,0.0,0.0,0.0,0.0
-0.1,0.0,0.0,0.3,-0.2,0.0,-0.1,0.0,0.0,0.3,-0.2,0.0,0.0,0.0,0.0,0.2188239289017282,-0.10264217076907539,-0.27621541637984426,-0.04929034594599358,-1.97202,0.07581549422120025,0.30778839021317644,-0.12156589130058269,-0.06160773420876445,0.454251416857568,-0.3706159456044168,1.97202,-0.500589092577683,0.7024722524484052,0.0,0.0,0.0,0.0,0.0,0.0,0.0,0.0,0.0,0.0,0.0,0.0,0.0,0.0,0.0,-0.8244978769560978,0.5586663031288439,-0.33296509162358545,-0.5082392464218701,0.0,0.18124344718322902,0.2840650417006291,-1.0642506016091873,-2.913554503472341,5.974346882422976,4.236333691107764,0.0,-8.697747446562921,7.6680156646460755,0.0,0.0,0.0,0.0,0.0,0.0,0.0,0.0,0.0,0.0,0.0,0.0,40.0,40.0,40.0,60.0,60.0,60.0,60.0,60.0,60.0,60.0,60.0,60.0,60.0,60.0,60.0,60.0,60.0,0.0,0.0,0.0,0.0,0.0,0.0,0.0,0.0,0.0,0.0,0.0,0.0,1.0,1.0,1.0,1.5,1.5,1.5,1.5,1.5,1.5,1.5,1.5,1.5,1.5,1.5,1.5,1.5,1.5,0.0,0.0,0.0,0.0,0.0,0.0,0.0,0.0,0.0,0.0,0.0,0.0,0.0,0.0,0.0,0.0,0.0,0.0,0.0,0.0,0.0,0.0,0.0,0.0,0.0,0.0,0.0,0.0,0.0
-0.1,0.0,0.0,0.3,-0.2,0.0,-0.1,0.0,0.0,0.3,-0.2,0.0,0.0,0.0,0.0,0.20234848727820387,-0.08869905091327138,-0.2826562580787735,-0.05371966347324204,-1.97202,0.0742245713045209,0.3063602553336704,-0.1410410323484787,-0.054071912970811,0.6027164688405602,-0.31772906803046064,1.97202,-0.6635590269868951,0.670634424480729,0.0,0.0,0.0,0.0,0.0,0.0,0.0,0.0,0.0,0.0,0.0,0.0,0.0,0.0,0.0,-0.6509218734978561,0.4584342267029834,-0.6987336100277644,-0.7566208393561072,0.0,-1.3514532539876098,0.9932901656464473,0.3569473741042675,2.3134826597262195,5.129084079253113,0.13175125941223276,0.0,-2.199970234535936,-9.676332473904111,0.0,0.0,0.0,0.0,0.0,0.0,0.0,0.0,0.0,0.0,0.0,0.0,40.0,40.0,40.0,60.0,60.0,60.0,60.0,60.0,60.0,60.0,60.0,60.0,60.0,60.0,60.0,60.0,60.0,0.0,0.0,0.0,0.0,0.0,0.0,0.0,0.0,0.0,0.0,0.0,0.0,1.0,1.0,1.0,1.5,1.5,1.5,1.5,1.5,1.5,1.5,1.5,1.5,1.5,1.5,1.5,1.5,1.5,0.0,0.0,0.0,0.0,0.0,0.0,0.0,0.0,0.0,0.0,0.0,0.0,0.0,0.0,0.0,0.0,0.0,0.0,0.0,0.0,0.0,0.0,0.0,0.0,0.0,0.0,0.0,0.0,0.0
-0.1,0.0,0.0,0.3,-0.2,0.0,-0.1,0.0,0.0,0.3,-0.2,0.0,0.0,0.0,0.0,0.19278705396181395,-0.08430480170095606,-0.30416476078095483,-0.07955517952023787,-1.97202,0.02175736406169586,0.34751999683903434,-0.10728799633641199,0.030931572180284334,0.6594147800276925,-0.3653458952279275,1.97202,-0.5885879019591205,0.31541895349224075,0.0,0.0,0.0,0.0,0.0,0.0,0.0,0.0,0.0,0.0,0.0,0.0,0.0,0.0,0.0,-0.15863161153647637,0.15972140062422632,-1.5630926778600756,-0.7502944190412296,0.4006750388296121,-0.12527138167040366,0.3497664409485096,1.8014550582474365,4.338411913556358,1.498761990051345,-2.979606526991614,0.0,4.593863596709199,-20.947461179489615,0.0,0.0,0.0,0.0,0.0,0.0,0.0,0.0,0.0,0.0,0.0,0.0,40.0,40.0,40.0,60.0,60.0,60.0,60.0,60.0,60.0,60.0,60.0,60.0,60.0,60.0,60.0,60.0,60.0,0.0,0.0,0.0,0.0,0.0,0.0,0.0,0.0,0.0,0.0,0.0,0.0,1.0,1.0,1.0,1.5,1.5,1.5,1.5,1.5,1.5,1.5,1.5,1.5,1.5,1.5,1.5,1.5,1.5,0.0,0.0,0.0,0.0,0.0,0.0,0.0,0.0,0.0,0.0,0.0,0.0,0.0,0.0,0.0,0.0,0.0,0.0,0.0,0.0,0.0,0.0,0.0,0.0,0.0,0.0,0.0,0.0,0.0
-0.1,0.0,0.0,0.3,-0.2,0.0,-0.1,0.0,0.0,0.3,-0.2,0.0,0.0,0.0,0.0,0.19600322281674482,-0.08231019488830232,-0.3451799651931765,-0.08373144023489122,-1.9559929984468156,0.06921371603770475,0.3203509129716108,-0.06898283001858124,0.11946456357144333,0.662666948442614,-0.4369133291101252,1.97202,-0.4798044831185271,-0.16726402269885565,0.0,0.0,0.0,0.0,0.0,0.0,0.0,0.0,0.0,0.0,0.0,0.0,0.0,0.0,0.0,-0.24507199165332907,0.5217642908445588,-0.11055037959193242,-0.14626722704147477,2.1405099914773018e-13,1.597402249126186,-1.584010606528645,1.3120633908574504,0.8567204373863345,-1.3237172604951968,-3.8668169108197454,0.0,1.019491296066774,-21.418060620805583,0.0,0.0,0.0,0.0,0.0,0.0,0.0,0.0,0.0,0.0,0.0,0.0,40.0,40.0,40.0,60.0,60.0,60.0,60.0,60.0,60.0,60.0,60.0,60.0,60.0,60.0,60.0,60.0,60.0,0.0,0.0,0.0,0.0,0.0,0.0,0.0,0.0,0.0,0.0,0.0,0.0,1.0,1.0,1.0,1.5,1.5,1.5,1.5,1.5,1.5,1.5,1.5,1.5,1.5,1.5,1.5,1.5,1.5,0.0,0.0,0.0,0.0,0.0,0.0,0.0,0.0,0.0,0.0,0.0,0.0,0.0,0.0,0.0,0.0,0.0,0.0,0.0,0.0,0.0,0.0,0.0,0.0,0.0,0.0,0.0,0.0,0.0
-0.1,0.0,0.0,0.3,-0.2,0.0,-0.1,0.0,0.0,0.3,-0.2,0.0,0.0,0.0,0.0,0.18298417429568078,-0.0634342300671737,-0.30858677596463213,-0.08540586860189686,-1.97202,0.08565345402674329,0.28415957257788854,-0.05480546070211397,0.06520038967573771,0.6064660896078846,-0.5200185716607173,1.97202,-0.5478082501164495,-0.5413034713399826,0.0,0.0,0.0,0.0,0.0,0.0,0.0,0.0,0.0,0.0,0.0,0.0,0.0,0.0,0.0,-1.084865726192377,-0.17341332233247533,0.2376668825681577,-0.9423733740500164,0.46956414882412534,0.40956253133589865,-0.4675894373368225,1.159603172651189,-2.361520428993873,-0.9386909490306239,-1.4061896312854636,0.0,-1.958461600085301,-15.221128763994134,0.0,0.0,0.0,0.0,0.0,0.0,0.0,0.0,0.0,0.0,0.0,0.0,40.0,40.0,40.0,60.0,60.0,60.0,60.0,60.0,60.0,60.0,60.0,60.0,60.0,60.0,60.0,60.0,60.0,0.0,0.0,0.0,0.0,0.0,0.0,0.0,0.0,0.0,0.0,0.0,0.0,1.0,1.0,1.0,1.5,1.5,1.5,1.5,1.5,1.5,1.5,1.5,1.5,1.5,1.5,1.5,1.5,1.5,0.0,0.0,0.0,0.0,0.0,0.0,0.0,0.0,0.0,0.0,0.0,0.0,0.0,0.0,0.0,0.0,0.0,0.0,0.0,0.0,0.0,0.0,0.0,0.0,0.0,0.0,0.0,0.0,0.0
-0.1,0.0,0.0,0.3,-0.2,0.0,-0.1,0.0,0.0,0.3,-0.2,0.0,0.0,0.0,0.0,0.15260859376904973,-0.08924672778160134,-0.3356732898904502,-0.12142637519689188,-1.9372104324938506,0.0855962172911407,0.3016473354781379,-0.02259870311253368,0.02500374641168841,0.625119310481389,-0.49316091436154375,1.97202,-0.5581429471219391,-0.776109173258621,0.0,0.0,0.0,0.0,0.0,0.0,0.0,0.0,0.0,0.0,0.0,0.0,0.0,0.0,0.0,-0.9719777128280295,-0.7674905175835119,-1.0213486558489193,-1.1216659268864004,1.3203477775657058,-0.19177482233681992,0.5283826474305753,0.8728578913737548,-1.1885581375800542,0.5042277643837356,0.5346434669697364,0.0,-0.4876961054824075,-9.68638034012082,0.0,0.0,0.0,0.0,0.0,0.0,0.0,0.0,0.0,0.0,0.0,0.0,40.0,40.0,40.0,60.0,60.0,60.0,60.0,60.0,60.0,60.0,60.0,60.0,60.0,60.0,60.0,60.0,60.0,0.0,0.0,0.0,0.0,0.0,0.0,0.0,0.0,0.0,0.0,0.0,0.0,1.0,1.0,1.0,1.5,1.5,1.5,1.5,1.5,1.5,1.5,1.5,1.5,1.5,1.5,1.5,1.5,1.5,0.0,0.0,0.0,0.0,0.0,0.0,0.0,0.0,0.0,0.0,0.0,0.0,0.0,0.0,0.0,0.0,0.0,0.0,0.0,0.0,0.0,0.0,0.0,0.0,0.0,0.0,0.0,0.0,0.0
-0.1,0.0,0.0,0.3,-0.2,0.0,-0.1,0.0,0.0,0.3,-0.2,0.0,0.0,0.0,0.0,0.1441050657825596,-0.09413385077051419,-0.3494407221985889,-0.13027250567735288,-1.9192060888973719,0.0779824611332705,0.30529487847511155,-0.01989114504716378,0.017658064172535543,0.626635200183234,-0.49863283298192784,1.97202,-0.5673160943357458,-0.9287586849448154,0.0,0.0,0.0,0.0,0.0,0.0,0.0,0.0,0.0,0.0,0.0,0.0,0.0,0.0,0.0,0.5926118559180779,0.9154274557414247,0.5874846641942322,-0.6178221698054802,-0.08631208434788373,0.90437514014221,-0.8093551083961981,-0.5560320787928902,-0.9770413801157177,-1.1466899600893032,-0.7509161799248681,0.0,-1.4465032846527475,-5.343158740769541,0.0,0.0,0.0,0.0,0.0,0.0,0.0,0.0,0.0,0.0,0.0,0.0,40.0,40.0,40.0,60.0,60.0,60.0,60.0,60.0,60.0,60.0,60.0,60.0,60.0,60.0,60.0,60.0,60.0,0.0,0.0,0.0,0.0,0.0,0.0,0.0,0.0,0.0,0.0,0.0,0.0,1.0,1.0,1.0,1.5,1.5,1.5,1.5,1.5,1.5,1.5,1.5,1.5,1.5,1.5,1.5,1.5,1.5,0.0,0.0,0.0,0.0,0.0,0.0,0.0,0.0,0.0,0.0,0.0,0.0,0.0,0.0,0.0,0.0,0.0,0.0,0.0,0.0,0.0,0.0,0.0,0.0,0.0,0.0,0.0,0.0,0.0
-0.1,0.0,0.0,0.3,-0.2,0.0,-0.1,0.0,0.0,0.3,-0.2,0.0,0.0,0.0,0.0,0.17631306800577284,-0.05262962955194435,-0.3121739033226809,-0.1461392619891111,-1.940662915867766,0.1217712228968291,0.26927313114228996,-0.04483998626424929,-0.014077908792940297,0.5792517120778169,-0.5231975615585385,1.97202,-0.616003078508049,-0.9898355228894027,0.0,0.0,0.0,0.0,0.0,0.0,0.0,0.0,0.0,0.0,0.0,0.0,0.0,0.0,0.0,0.7021669749484524,1.0894049567877393,1.2762001703552266,0.038682159343460254,-0.3675095436925069,1.6737466554044134,-1.09892826959104,-0.7309119997906008,-0.7887346565053102,-0.7378047847755725,-1.161082314055728,0.0,-1.3101240033697947,-3.0317092494524496,0.0,0.0,0.0,0.0,0.0,0.0,0.0,0.0,0.0,0.0,0.0,0.0,40.0,40.0,40.0,60.0,60.0,60.0,60.0,60.0,60.0,60.0,60.0,60.0,60.0,60.0,60.0,60.0,60.0,0.0,0.0,0.0,0.0,0.0,0.0,0.0,0.0,0.0,0.0,0.0,0.0,1.0,1.0,1.0,1.5,1.5,1.5,1.5,1.5,1.5,1.5,1.5,1.5,1.5,1.5,1.5,1.5,1.5,0.0,0.0,0.0,0.0,0.0,0.0,0.0,0.0,0.0,0.0,0.0,0.0,0.0,0.0,0.0,0.0,0.0,0.0,0.0,0.0,0.0,0.0,0.0,0.0,0.0,0.0,0.0,0.0,0.0
-0.1,0.0,0.0,0.3,-0.2,0.0,-0.1,0.0,0.0,0.3,-0.2,0.0,0.0,0.0,0.0,0.1721917447804977,-0.05055765249900461,-0.29839271538437984,-0.12872521930361447,-1.9339064706450722,0.14493232734944703,0.26133774769146995,-0.049127625038787814,-0.013891322087676862,0.5971230087922111,-0.545076125544157,1.97202,-0.6197210544705376,-1.0500270549229134,0.0,0.0,0.0,0.0,0.0,0.0,0.0,0.0,0.0,0.0,0.0,0.0,0.0,0.0,0.0,-0.1587129683727019,0.1079475509043989,0.4836479320931217,0.572782442054836,0.35066597234619246,0.6861029419359087,-0.26900833498723214,-0.7514778061584036,-0.6207486134516161,-0.03134510377997557,-0.38435558616463084,0.0,0.11958882238593538,1.076390300469196,0.0,0.0,0.0,0.0,0.0,0.0,0.0,0.0,0.0,0.0,0.0,0.0,40.0,40.0,40.0,60.0,60.0,60.0,60.0,60.0,60.0,60.0,60.0,60.0,60.0,60.0,60.0,60.0,60.0,0.0,0.0,0.0,0.0,0.0,0.0,0.0,0.0,0.0,0.0,0.0,0.0,1.0,1.0,1.0,1.5,1.5,1.5,1.5,1.5,1.5,1.5,1.5,1.5,1.5,1.5,1.5,1.5,1.5,0.0,0.0,0.0,0.0,0.0,0.0,0.0,0.0,0.0,0.0,0.0,0.0,0.0,0.0,0.0,0.0,0.0,0.0,0.0,0.0,0.0,0.0,0.0,0.0,0.0,0.0,0.0,0.0,0.0
-0.1,0.0,0.0,0.3,-0.2,0.0,-0.1,0.0,0.0,0.3,-0.2,0.0,0.0,0.0,0.0,0.16996454927086477,-0.04831172751576839,-0.29282798603895605,-0.12322796430691765,-1.9266362769739183,0.14921534057426544,0.25851279774280067,-0.07489909851058543,-0.038907853331004945,0.5779979079266179,-0.5385717850051237,1.97202,-0.6112195256126116,-0.9467799108706348,0.0,0.0,0.0,0.0,0.0,0.0,0.0,0.0,0.0,0.0,0.0,0.0,0.0,0.0,0.0,-0.8326065093606102,-0.7339209226592289,-0.83429931758182,0.7078021708953892,0.8323976659935006,-1.0420604449395294,1.051952565114246,-0.9488611614121116,-0.3591532684817661,0.4898435077151847,0.3796426384858914,0.0,1.4297017853008436,4.92795357833301,0.0,0.0,0.0,0.0,0.0,0.0,0.0,0.0,0.0,0.0,0.0,0.0,40.0,40.0,40.0,60.0,60.0,60.0,60.0,60.0,60.0,60.0,60.0,60.0,60.0,60.0,60.0,60.0,60.0,0.0,0.0,0.0,0.0,0.0,0.0,0.0,0.0,0.0,0.0,0.0,0.0,1.0,1.0,1.0,1.5,1.5,1.5,1.5,1.5,1.5,1.5,1.5,1.5,1.5,1.5,1.5,1.5,1.5,0.0,0.0,0.0,0.0,0.0,0.0,0.0,0.0,0.0,0.0,0.0,0.0,0.0,0.0,0.0,0.0,0.0,0.0,0.0,0.0,0.0,0.0,0.0,0.0,0.0,0.0,0.0,0.0,0.0
-0.1,0.0,0.0,0.3,-0.2,0.0,-0.1,0.0,0.0,0.3,-0.2,0.0,0.0,0.0,0.0,0.1388874844060733,-0.07991448940537377,-0.33176468808765264,-0.1004131324677989,-1.9006105640053321,0.10324990955186585,0.3034158502960398,-0.08708207149527228,-0.028257452826947506,0.6167167491008185,-0.5298904200047213,1.97202,-0.5625329830585039,-0.8529089117895929,0.0,0.0,0.0,0.0,0.0,0.0,0.0,0.0,0.0,0.0,0.0,0.0,0.0,0.0,0.0,-0.3358830236196417,-0.1341788278481245,-0.7702639305713118,0.9181961813998228,-0.19575855343285653,-1.4456529535425868,0.836149006075855,-1.2741911283032086,-0.10754321834806571,0.03168572991447127,-0.6223088505275115,0.0,2.1658670819715673,7.017985029592266,0.0,0.0,0.0,0.0,0.0,0.0,0.0,0.0,0.0,0.0,0.0,0.0,40.0,40.0,40.0,60.0,60.0,60.0,60.0,60.0,60.0,60.0,60.0,60.0,60.0,60.0,60.0,60.0,60.0,0.0,0.0,0.0,0.0,0.0,0.0,0.0,0.0,0.0,0.0,0.0,0.0,1.0,1.0,1.0,1.5,1.5,1.5,1.5,1.5,1.5,1.5,1.5,1.5,1.5,1.5,1.5,1.5,1.5,0.0,0.0,0.0,0.0,0.0,0.0,0.0,0.0,0.0,0.0,0.0,0.0,0.0,0.0,0.0,0.0,0.0,0.0,0.0,0.0,0.0,0.0,0.0,0.0,0.0,0.0,0.0,0.0,0.0
-0.1,0.0,0.0,0.3,-0.2,0.0,-0.1,0.0,0.0,0.3,-0.2,0.0,0.0,0.0,0.0,0.1565292283260791,-0.05367888062969337,-0.3236385432618085,-0.08650011705092474,-1.9344666191112325,0.09138922243256196,0.29195875798583487,-0.12586674364271377,-0.043209582064927574,0.5792653371231967,-0.5634641390262242,1.97202,-0.5245848423337489,-0.6660605096869442,0.0,0.0,0.0,0.0,0.0,0.0,0.0,0.0,0.0,0.0,0.0,0.0,0.0,0.0,0.0,0.5114381068769782,0.7558304991967156,0.16715603144848434,1.016168764442772,-0.7967456762201064,-0.6429233018193078,0.023605191256440006,-1.4989942482808938,-0.345182493150673,-1.5550039506531137,-0.6989447597377935,0.0,4.94372517899018,13.645618055464531,0.0,0.0,0.0,0.0,0.0,0.0,0.0,0.0,0.0,0.0,0.0,0.0,40.0,40.0,40.0,60.0,60.0,60.0,60.0,60.0,60.0,60.0,60.0,60.0,60.0,60.0,60.0,60.0,60.0,0.0,0.0,0.0,0.0,0.0,0.0,0.0,0.0,0.0,0.0,0.0,0.0,1.0,1.0,1.0,1.5,1.5,1.5,1.5,1.5,1.5,1.5,1.5,1.5,1.5,1.5,1.5,1.5,1.5,0.0,0.0,0.0,0.0,0.0,0.0,0.0,0.0,0.0,0.0,0.0,0.0,0.0,0.0,0.0,0.0,0.0,0.0,0.0,0.0,0.0,0.0,0.0,0.0,0.0,0.0,0.0,0.0,0.0
-0.1,0.0,0.0,0.3,-0.2,0.0,-0.1,0.0,0.0,0.3,-0.2,0.0,0.0,0.0,0.0,0.15934500868115242,-0.04968126943750514,-0.32507844682971326,-0.05976638189008802,-1.9324803910541364,0.07753297747909353,0.3043600579462974,-0.14704184142650803,-0.04206475255297443,0.554516591074694,-0.557848210394233,1.97202,-0.36478397589889666,-0.30708418957101163,0.0,0.0,0.0,0.0,0.0,0.0,0.0,0.0,0.0,0.0,0.0,0.0,0.0,0.0,0.0,-0.0015615765988442887,0.07448091835286097,-0.07096346815846366,0.6819838958080126,0.0076114728028542356,-0.4977728817185587,0.32114172635985677,-0.7370477190914361,-0.10098025604054604,-2.1692866945684606,2.323060813269627,0.0,9.521260233773127,19.24163900205266,0.0,0.0,0.0,0.0,0.0,0.0,0.0,0.0,0.0,0.0,0.0,0.0,40.0,40.0,40.0,60.0,60.0,60.0,60.0,60.0,60.0,60.0,60.0,60.0,60.0,60.0,60.0,60.0,60.0,0.0,0.0,0.0,0.0,0.0,0.0,0.0,0.0,0.0,0.0,0.0,0.0,1.0,1.0,1.0,1.5,1.5,1.5,1.5,1.5,1.5,1.5,1.5,1.5,1.5,1.5,1.5,1.5,1.5,0.0,0.0,0.0,0.0,0.0,0.0,0.0,0.0,0.0,0.0,0.0,0.0,0.0,0.0,0.0,0.0,0.0,0.0,0.0,0.0,0.0,0.0,0.0,0.0,0.0,0.0,0.0,0.0,0.0
-0.1,0.0,0.0,0.3,-0.2,0.0,-0.1,0.0,0.0,0.3,-0.2,0.0,0.0,0.0,0.0,0.15646676526212533,-0.05069964389557893,-0.32647708198814707,-0.059220761218604236,-1.9341621601991184,0.07147830716381962,0.30480442704022914,-0.15534865240637122,-0.047248792306549416,0.4924938693404583,-0.4705417064954391,1.97202,-0.14373443298282387,0.10360505039516237,0.0,0.0,0.0,0.0,0.0,0.0,0.0,0.0,0.0,0.0,0.0,0.0,0.0,0.0,0.0,-0.16739103738409866,0.05737576856365712,0.1275425341114106,-0.12241439031974911,1.2146459831429257,0.2214139243564367,-0.9063548168884813,-1.2298809576129035,-0.7788735308333644,-4.044691074124453,2.811117496430235,0.0,5.67165228406072,12.97956704854123,0.0,0.0,0.0,0.0,0.0,0.0,0.0,0.0,0.0,0.0,0.0,0.0,40.0,40.0,40.0,60.0,60.0,60.0,60.0,60.0,60.0,60.0,60.0,60.0,60.0,60.0,60.0,60.0,60.0,0.0,0.0,0.0,0.0,0.0,0.0,0.0,0.0,0.0,0.0,0.0,0.0,1.0,1.0,1.0,1.5,1.5,1.5,1.5,1.5,1.5,1.5,1.5,1.5,1.5,1.5,1.5,1.5,1.5,0.0,0.0,0.0,0.0,0.0,0.0,0.0,0.0,0.0,0.0,0.0,0.0,0.0,0.0,0.0,0.0,0.0,0.0,0.0,0.0,0.0,0.0,0.0,0.0,0.0,0.0,0.0,0.0,0.0
-0.1,0.0,0.0,0.3,-0.2,0.0,-0.1,0.0,0.0,0.3,-0.2,0.0,0.0,0.0,0.0,0.15264936718578848,-0.04738623869495886,-0.31997674546525684,-0.06466295750287798,-1.8838945517284194,0.086389534453351,0.26810586527075814,-0.19623707973102417,-0.073219693786309,0.39272894810971587,-0.44540351053702365,1.97202,-0.13791788453646786,0.21209849237063752,0.0,0.0,0.0,0.0,0.0,0.0,0.0,0.0,0.0,0.0,0.0,0.0,0.0,0.0,0.0,-0.0023737845860662132,-0.05888880963904851,0.07743048545537923,-0.27222275915842803,1.9271564527804597,0.7864349268392489,-1.6096331864478042,-2.006948072588581,-1.5502429084427207,-3.7321682370199434,0.3594009027670972,0.0,-1.2120369303120382,6.635920274258128,0.0,0.0,0.0,0.0,0.0,0.0,0.0,0.0,0.0,0.0,0.0,0.0,40.0,40.0,40.0,60.0,60.0,60.0,60.0,60.0,60.0,60.0,60.0,60.0,60.0,60.0,60.0,60.0,60.0,0.0,0.0,0.0,0.0,0.0,0.0,0.0,0.0,0.0,0.0,0.0,0.0,1.0,1.0,1.0,1.5,1.5,1.5,1.5,1.5,1.5,1.5,1.5,1.5,1.5,1.5,1.5,1.5,1.5,0.0,0.0,0.0,0.0,0.0,0.0,0.0,0.0,0.0,0.0,0.0,0.0,0.0,0.0,0.0,0.0,0.0,0.0,0.0,0.0,0.0,0.0,0.0,0.0,0.0,0.0,0.0,0.0,0.0
-0.1,0.0,0.0,0.3,-0.2,0.0,-0.1,0.0,0.0,0.3,-0.2,0.0,0.0,0.0,0.0,0.15637181387868268,-0.05305519628114087,-0.3233798625699319,-0.07010967158494136,-1.8570759020879,0.10293570423738957,0.24041909958231697,-0.23562657530991446,-0.10925850864425825,0.34320713985966056,-0.4561656703847552,1.97202,-0.1922159101953054,0.3690418613654875,0.0,0.0,0.0,0.0,0.0,0.0,0.0,0.0,0.0,0.0,0.0,0.0,0.0,0.0,0.0,0.02804012509956405,-0.2043979629100568,-0.3658023902254684,-0.3260857086539379,1.6662886832100265,0.5266306368639562,-0.425154918175763,-1.6326657041247306,-0.8599210729424569,-0.9561247503869316,-0.12642034464255963,0.0,-1.927374751564538,6.7961771212915965,0.0,0.0,0.0,0.0,0.0,0.0,0.0,0.0,0.0,0.0,0.0,0.0,40.0,40.0,40.0,60.0,60.0,60.0,60.0,60.0,60.0,60.0,60.0,60.0,60.0,60.0,60.0,60.0,60.0,0.0,0.0,0.0,0.0,0.0,0.0,0.0,0.0,0.0,0.0,0.0,0.0,1.0,1.0,1.0,1.5,1.5,1.5,1.5,1.5,1.5,1.5,1.5,1.5,1.5,1.5,1.5,1.5,1.5,0.0,0.0,0.0,0.0,0.0,0.0,0.0,0.0,0.0,0.0,0.0,0.0,0.0,0.0,0.0,0.0,0.0,0.0,0.0,0.0,0.0,0.0,0.0,0.0,0.0,0.0,0.0,0.0,0.0
-0.1,0.0,0.0,0.3,-0.2,0.0,-0.1,0.0,0.0,0.3,-0.2,0.0,0.0,0.0,0.0,0.15377097218977104,-0.05556215721136113,-0.3346088410742756,-0.0777063858490355,-1.8172430044000183,0.10745475992790925,0.2510996685437276,-0.2615437078960134,-0.10761653670400728,0.3544839580942386,-0.45046032432272604,1.97202,-0.2150128745990494,0.48394557722230136,0.0,0.0,0.0,0.0,0.0,0.0,0.0,0.0,0.0,0.0,0.0,0.0,0.0,0.0,0.0,-0.11113178226913809,0.21169530032392433,-0.5064741388691424,-0.5332504226446557,2.08227778733473,0.6151636379729958,0.5021543318775613,-0.7757897661672113,1.1401479979765805,0.8714466101641644,0.3337111626560571,0.0,0.5254401785609819,3.026318423014379,0.0,0.0,0.0,0.0,0.0,0.0,0.0,0.0,0.0,0.0,0.0,0.0,40.0,40.0,40.0,60.0,60.0,60.0,60.0,60.0,60.0,60.0,60.0,60.0,60.0,60.0,60.0,60.0,60.0,0.0,0.0,0.0,0.0,0.0,0.0,0.0,0.0,0.0,0.0,0.0,0.0,1.0,1.0,1.0,1.5,1.5,1.5,1.5,1.5,1.5,1.5,1.5,1.5,1.5,1.5,1.5,1.5,1.5,0.0,0.0,0.0,0.0,0.0,0.0,0.0,0.0,0.0,0.0,0.0,0.0,0.0,0.0,0.0,0.0,0.0,0.0,0.0,0.0,0.0,0.0,0.0,0.0,0.0,0.0,0.0,0.0,0.0
-0.1,0.0,0.0,0.3,-0.2,0.0,-0.1,0.0,0.0,0.3,-0.2,0.0,0.0,0.0,0.0,0.15192654258791716,-0.0445873842681839,-0.3436388281246976,-0.09143968849072759,-1.7737847905945108,0.1275422497563094,0.2605052728574194,-0.2666581659566029,-0.06365258872519503,0.37806500426622713,-0.4428172238785129,1.97202,-0.17119830305286612,0.49009459828606267,0.0,0.0,0.0,0.0,0.0,0.0,0.0,0.0,0.0,0.0,0.0,0.0,0.0,0.0,0.0,-0.3527116923796501,0.5033510898440631,-0.24293963052581663,-0.8422360490767691,1.0721029596722165,0.4326718536304376,1.3239505087807566,0.1536436595936233,2.1776240139094334,0.45483091930138136,0.10881937229288846,0.0,3.1182458466513596,0.033406515326166175,0.0,0.0,0.0,0.0,0.0,0.0,0.0,0.0,0.0,0.0,0.0,0.0,40.0,40.0,40.0,60.0,60.0,60.0,60.0,60.0,60.0,60.0,60.0,60.0,60.0,60.0,60.0,60.0,60.0,0.0,0.0,0.0,0.0,0.0,0.0,0.0,0.0,0.0,0.0,0.0,0.0,1.0,1.0,1.0,1.5,1.5,1.5,1.5,1.5,1.5,1.5,1.5,1.5,1.5,1.5,1.5,1.5,1.5,0.0,0.0,0.0,0.0,0.0,0.0,0.0,0.0,0.0,0.0,0.0,0.0,0.0,0.0,0.0,0.0,0.0,0.0,0.0,0.0,0.0,0.0,0.0,0.0,0.0,0.0,0.0,0.0,0.0
-0.1,0.0,0.0,0.3,-0.2,0.0,-0.1,0.0,0.0,0.3,-0.2,0.0,0.0,0.0,0.0,0.13966250449458503,-0.03542811361759861,-0.34432642629530824,-0.11139582781210626,-1.7743588860131296,0.12476163407312675,0.3040576888949579,-0.25539796151226846,-0.020511576147629936,0.37267719486629386,-0.4461075494310105,1.97202,-0.09028304073299499,0.485281837835348,0.0,0.0,0.0,0.0,0.0,0.0,0.0,0.0,0.0,0.0,0.0,0.0,0.0,0.0,0.0,-0.9678355622405849,0.9105053306271368,-0.3331406048456234,-1.234237833778573,2.3509878776101667,1.520057177633683,1.5633743535826763,0.4660084113712652,0.39537951148204076,-0.18408852854696206,0.9166166741513312,0.0,3.024898779169343,-0.3685809831052836,0.0,0.0,0.0,0.0,0.0,0.0,0.0,0.0,0.0,0.0,0.0,0.0,40.0,40.0,40.0,60.0,60.0,60.0,60.0,60.0,60.0,60.0,60.0,60.0,60.0,60.0,60.0,60.0,60.0,0.0,0.0,0.0,0.0,0.0,0.0,0.0,0.0,0.0,0.0,0.0,0.0,1.0,1.0,1.0,1.5,1.5,1.5,1.5,1.5,1.5,1.5,1.5,1.5,1.5,1.5,1.5,1.5,1.5,0.0,0.0,0.0,0.0,0.0,0.0,0.0,0.0,0.0,0.0,0.0,0.0,0.0,0.0,0.0,0.0,0.0,0.0,0.0,0.0,0.0,0.0,0.0,0.0,0.0,0.0,0.0,0.0,0.0
-0.1,0.0,0.0,0.3,-0.2,0.0,-0.1,0.0,0.0,0.3,-0.2,0.0,0.0,0.0,0.0,0.11321312009829376,-0.008167171043098432,-0.35696445231852253,-0.1408092018418705,-1.679745275490104,0.18834453686165673,0.3230402470007265,-0.2480178295017523,-0.04783740826591339,0.37070146312434865,-0.40615255691245966,1.97202,-0.05020235188609239,0.4753513589618513,0.0,0.0,0.0,0.0,0.0,0.0,0.0,0.0,0.0,0.0,0.0,0.0,0.0,0.0,0.0,-0.9959262937536798,1.2285518827470183,-0.30293663065455584,-1.3782218485432793,6.525906739295251,4.753624435586253,-0.3050077076824795,0.009783915281715017,-1.3660458082940141,0.2421031344915031,1.9225164440390574,0.0,1.3095366110469342,-0.8188046943805773,0.0,0.0,0.0,0.0,0.0,0.0,0.0,0.0,0.0,0.0,0.0,0.0,40.0,40.0,40.0,60.0,60.0,60.0,60.0,60.0,60.0,60.0,60.0,60.0,60.0,60.0,60.0,60.0,60.0,0.0,0.0,0.0,0.0,0.0,0.0,0.0,0.0,0.0,0.0,0.0,0.0,1.0,1.0,1.0,1.5,1.5,1.5,1.5,1.5,1.5,1.5,1.5,1.5,1.5,1.5,1.5,1.5,1.5,0.0,0.0,0.0,0.0,0.0,0.0,0.0,0.0,0.0,0.0,0.0,0.0,0.0,0.0,0.0,0.0,0.0,0.0,0.0,0.0,0.0,0.0,0.0,0.0,0.0,0.0,0.0,0.0,0.0
-0.1,0.0,0.0,0.3,-0.2,0.0,-0.1,0.0,0.0,0.3,-0.2,0.0,0.0,0.0,0.0,0.09982545274443784,0.013713961692282126,-0.3564438915214905,-0.16652470175383743,-1.5133226164413196,0.31490661149657684,0.2918573805876587,-0.25500660490099986,-0.0751534084793905,0.382361320245954,-0.3692068916694482,1.97202,-0.03790157629111762,0.4525296500601249,0.0,0.0,0.0,0.0,0.0,0.0,0.0,0.0,0.0,0.0,0.0,0.0,0.0,0.0,0.0,-0.6490345571630936,1.0220784122552444,0.7386602888415333,-1.6990432262271946,8.46848443309171,5.329852667775699,-2.498088623210246,-0.19712119991984814,-1.6801169755587195,0.20213067182765915,1.4272185771560573,0.0,-0.11671986883662472,-0.8332819532114885,0.0,0.0,0.0,0.0,0.0,0.0,0.0,0.0,0.0,0.0,0.0,0.0,40.0,40.0,40.0,60.0,60.0,60.0,60.0,60.0,60.0,60.0,60.0,60.0,60.0,60.0,60.0,60.0,60.0,0.0,0.0,0.0,0.0,0.0,0.0,0.0,0.0,0.0,0.0,0.0,0.0,1.0,1.0,1.0,1.5,1.5,1.5,1.5,1.5,1.5,1.5,1.5,1.5,1.5,1.5,1.5,1.5,1.5,0.0,0.0,0.0,0.0,0.0,0.0,0.0,0.0,0.0,0.0,0.0,0.0,0.0,0.0,0.0,0.0,0.0,0.0,0.0,0.0,0.0,0.0,0.0,0.0,0.0,0.0,0.0,0.0,0.0
-0.1,0.0,0.0,0.3,-0.2,0.0,-0.1,0.0,0.0,0.3,-0.2,0.0,0.0,0.0,0.0,0.08725173781177002,0.03271596544711134,-0.3274180407648612,-0.2087709308909583,-1.3410058981664357,0.4015386435726847,0.22311670207231662,-0.2559026774985462,-0.11504208728826218,0.378786689997455,-0.3490638138262174,1.97202,-0.05487114663955738,0.4420200808333918,0.0,0.0,0.0,0.0,0.0,0.0,0.0,0.0,0.0,0.0,0.0,0.0,0.0,0.0,0.0,-0.6918660837523651,1.0490616244676971,1.6076808228160697,-2.363517399739162,8.161907670746988,2.1582537645920774,-3.498369019046504,0.22283402530451843,-2.34731699578205,-0.42779469583308916,0.7558391883577043,0.0,-1.6748034103432132,0.34039288901422243,0.0,0.0,0.0,0.0,0.0,0.0,0.0,0.0,0.0,0.0,0.0,0.0,40.0,40.0,40.0,60.0,60.0,60.0,60.0,60.0,60.0,60.0,60.0,60.0,60.0,60.0,60.0,60.0,60.0,0.0,0.0,0.0,0.0,0.0,0.0,0.0,0.0,0.0,0.0,0.0,0.0,1.0,1.0,1.0,1.5,1.5,1.5,1.5,1.5,1.5,1.5,1.5,1.5,1.5,1.5,1.5,1.5,1.5,0.0,0.0,0.0,0.0,0.0,0.0,0.0,0.0,0.0,0.0,0.0,0.0,0.0,0.0,0.0,0.0,0.0,0.0,0.0,0.0,0.0,0.0,0.0,0.0,0.0,0.0,0.0,0.0,0.0
-0.1,0.0,0.0,0.3,-0.2,0.0,-0.1,0.0,0.0,0.3,-0.2,0.0,0.0,0.0,0.0,0.07215080939434323,0.05567642667099001,-0.2921366586088477,-0.2610653977434039,-1.18684630961144,0.40123676208025993,0.15192261982579852,-0.24609324388881912,-0.1690460883106725,0.3652495324126304,-0.33897332413514003,1.97202,-0.10489371270484615,0.4661453656206938,0.0,0.0,0.0,0.0,0.0,0.0,0.0,0.0,0.0,0.0,0.0,0.0,0.0,0.0,0.0,-0.7666566777820351,1.1995032634770684,1.141316255295416,-2.4223396005691034,7.734109707381442,-0.9180293017596943,-3.514097406964187,0.4190187607915355,-2.7021445480648576,0.1329100198321151,0.9154269098609321,0.0,-3.3896795205233885,2.1475752693876236,0.0,0.0,0.0,0.0,0.0,0.0,0.0,0.0,0.0,0.0,0.0,0.0,40.0,40.0,40.0,60.0,60.0,60.0,60.0,60.0,60.0,60.0,60.0,60.0,60.0,60.0,60.0,60.0,60.0,0.0,0.0,0.0,0.0,0.0,0.0,0.0,0.0,0.0,0.0,0.0,0.0,1.0,1.0,1.0,1.5,1.5,1.5,1.5,1.5,1.5,1.5,1.5,1.5,1.5,1.5,1.5,1.5,1.5,0.0,0.0,0.0,0.0,0.0,0.0,0.0,0.0,0.0,0.0,0.0,0.0,0.0,0.0,0.0,0.0,0.0,0.0,0.0,0.0,0.0,0.0,0.0,0.0,0.0,0.0,0.0,0.0,0.0
-0.1,0.0,0.0,0.3,-0.2,0.0,-0.1,0.0,0.0,0.3,-0.2,0.0,0.0,0.0,0.0,0.05658547070048862,0.08069609598619408,-0.28176539055304456,-0.30566451491372243,-1.031641509871178,0.36481747150229693,0.08255280579374917,-0.2391419270668848,-0.22312786921085648,0.3841030907907396,-0.3124467374317801,1.97202,-0.19045832746049293,0.5279230916088967,0.0,0.0,0.0,0.0,0.0,0.0,0.0,0.0,0.0,0.0,0.0,0.0,0.0,0.0,0.0,-0.3182491314233772,1.0400460196331098,0.6684770097148476,-2.3336092269604687,5.262203622649272,-3.670293985655436,-2.2606144541877917,0.32195829860078573,-2.223300031653213,0.9689495603540016,1.2719406562240214,0.0,-5.371477991742117,3.8426279301000466,0.0,0.0,0.0,0.0,0.0,0.0,0.0,0.0,0.0,0.0,0.0,0.0,40.0,40.0,40.0,60.0,60.0,60.0,60.0,60.0,60.0,60.0,60.0,60.0,60.0,60.0,60.0,60.0,60.0,0.0,0.0,0.0,0.0,0.0,0.0,0.0,0.0,0.0,0.0,0.0,0.0,1.0,1.0,1.0,1.5,1.5,1.5,1.5,1.5,1.5,1.5,1.5,1.5,1.5,1.5,1.5,1.5,1.5,0.0,0.0,0.0,0.0,0.0,0.0,0.0,0.0,0.0,0.0,0.0,0.0,0.0,0.0,0.0,0.0,0.0,0.0,0.0,0.0,0.0,0.0,0.0,0.0,0.0,0.0,0.0,0.0,0.0
-0.1,0.0,0.0,0.3,-0.2,0.0,-0.1,0.0,0.0,0.3,-0.2,0.0,0.0,0.0,0.0,0.05942084413740815,0.0972782674563144,-0.2653975782202538,-0.3544097668218227,-0.9763581647054692,0.2544250026540425,0.06149804165828685,-0.2332149119447877,-0.257978089576801,0.4040075148267905,-0.28809569788617917,1.97202,-0.31975283237453084,0.6198504828246957,0.0,0.0,0.0,0.0,0.0,0.0,0.0,0.0,0.0,0.0,0.0,0.0,0.0,0.0,0.0,0.6853093491570318,0.7418127260950234,0.1919382357210453,-1.6304735820585614,4.944342934939727,-5.80929088182186,-1.9799892806931032,-0.5862580683882914,-1.3760763429914473,2.0605044916856023,1.549707453398208,0.0,-8.813794145132277,5.481998006299501,0.0,0.0,0.0,0.0,0.0,0.0,0.0,0.0,0.0,0.0,0.0,0.0,40.0,40.0,40.0,60.0,60.0,60.0,60.0,60.0,60.0,60.0,60.0,60.0,60.0,60.0,60.0,60.0,60.0,0.0,0.0,0.0,0.0,0.0,0.0,0.0,0.0,0.0,0.0,0.0,0.0,1.0,1.0,1.0,1.5,1.5,1.5,1.5,1.5,1.5,1.5,1.5,1.5,1.5,1.5,1.5,1.5,1.5,0.0,0.0,0.0,0.0,0.0,0.0,0.0,0.0,0.0,0.0,0.0,0.0,0.0,0.0,0.0,0.0,0.0,0.0,0.0,0.0,0.0,0.0,0.0,0.0,0.0,0.0,0.0,0.0,0.0
-0.1,0.0,0.0,0.3,-0.2,0.0,-0.1,0.0,0.0,0.3,-0.2,0.0,0.0,0.0,0.0,0.08399784466676989,0.11036860502999501,-0.27408786112420275,-0.3708834581960649,-0.8338677924735889,0.13244583622942252,0.003353234566025037,-0.26259224980241647,-0.2781709229305144,0.4665232704581637,-0.25045843929585176,1.97202,-0.5430100932657841,0.7472030118608768,0.0,0.0,0.0,0.0,0.0,0.0,0.0,0.0,0.0,0.0,0.0,0.0,0.0,0.0,0.0,1.1697522886658018,0.8642903680096021,0.6753658665694148,-0.16507692585827904,4.682293673836424,-7.207658322039835,-1.746076013814099,-0.8413230049986765,-1.0539191144886175,3.3281596763713073,2.696872430537176,0.0,-12.405731872025553,6.457531826379093,0.0,0.0,0.0,0.0,0.0,0.0,0.0,0.0,0.0,0.0,0.0,0.0,40.0,40.0,40.0,60.0,60.0,60.0,60.0,60.0,60.0,60.0,60.0,60.0,60.0,60.0,60.0,60.0,60.0,0.0,0.0,0.0,0.0,0.0,0.0,0.0,0.0,0.0,0.0,0.0,0.0,1.0,1.0,1.0,1.5,1.5,1.5,1.5,1.5,1.5,1.5,1.5,1.5,1.5,1.5,1.5,1.5,1.5,0.0,0.0,0.0,0.0,0.0,0.0,0.0,0.0,0.0,0.0,0.0,0.0,0.0,0.0,0.0,0.0,0.0,0.0,0.0,0.0,0.0,0.0,0.0,0.0,0.0,0.0,0.0,0.0,0.0
-0.1,0.0,0.0,0.3,-0.2,0.0,-0.1,0.0,0.0,0.3,-0.2,0.0,0.0,0.0,0.0,0.10621093568404022,0.1318498821766985,-0.2383829435574772,-0.36101284385615384,-0.7890664177520123,-0.033881330227550924,-0.008344998894277113,-0.26686783214473475,-0.3001348541563457,0.5371339018816428,-0.18022080066469212,1.97202,-0.815982107255553,0.8781517558798594,0.0,0.0,0.0,0.0,0.0,0.0,0.0,0.0,0.0,0.0,0.0,0.0,0.0,0.0,0.0,0.6788655652562113,0.6750628328620605,1.7673149866337625,1.0926264972639543,2.295840980609165,-8.652972697955825,1.2821814977720187,0.3170968132927665,-0.34285705139443096,2.9377539769931724,3.4536473406832795,0.0,-11.240913757718246,4.344100800076506,0.0,0.0,0.0,0.0,0.0,0.0,0.0,0.0,0.0,0.0,0.0,0.0,40.0,40.0,40.0,60.0,60.0,60.0,60.0,60.0,60.0,60.0,60.0,60.0,60.0,60.0,60.0,60.0,60.0,0.0,0.0,0.0,0.0,0.0,0.0,0.0,0.0,0.0,0.0,0.0,0.0,1.0,1.0,1.0,1.5,1.5,1.5,1.5,1.5,1.5,1.5,1.5,1.5,1.5,1.5,1.5,1.5,1.5,0.0,0.0,0.0,0.0,0.0,0.0,0.0,0.0,0.0,0.0,0.0,0.0,0.0,0.0,0.0,0.0,0.0,0.0,0.0,0.0,0.0,0.0,0.0,0.0,0.0,0.0,0.0,0.0,0.0
-0.1,0.0,0.0,0.3,-0.2,0.0,-0.1,0.0,0.0,0.3,-0.2,0.0,0.0,0.0,0.0,0.11115246727701834,0.13737111834447743,-0.20339526165885224,-0.3271783983055067,-0.7420341532492223,-0.21367307168881045,0.054640494476905783,-0.2499083772707058,-0.2918852049862916,0.5840334295378906,-0.11231254566852059,1.97202,-0.9926466435745139,0.920967043863937,0.0,0.0,0.0,0.0,0.0,0.0,0.0,0.0,0.0,0.0,0.0,0.0,0.0,0.0,0.0,0.02904460907256455,0.05976591996454117,1.2866057747372732,1.9445121728737427,3.8390235185246397,-8.440398164374999,3.7099369522512204,0.9946582438169517,0.7257705751776935,1.449683743953628,2.704711320946128,0.0,-6.046335118650217,1.0987998636594636,0.0,0.0,0.0,0.0,0.0,0.0,0.0,0.0,0.0,0.0,0.0,0.0,40.0,40.0,40.0,60.0,60.0,60.0,60.0,60.0,60.0,60.0,60.0,60.0,60.0,60.0,60.0,60.0,60.0,0.0,0.0,0.0,0.0,0.0,0.0,0.0,0.0,0.0,0.0,0.0,0.0,1.0,1.0,1.0,1.5,1.5,1.5,1.5,1.5,1.5,1.5,1.5,1.5,1.5,1.5,1.5,1.5,1.5,0.0,0.0,0.0,0.0,0.0,0.0,0.0,0.0,0.0,0.0,0.0,0.0,0.0,0.0,0.0,0.0,0.0,0.0,0.0,0.0,0.0,0.0,0.0,0.0,0.0,0.0,0.0,0.0,0.0
-0.1,0.0,0.0,0.3,-0.2,0.0,-0.1,0.0,0.0,0.3,-0.2,0.0,0.0,0.0,0.0,0.1073727200469428,0.13424051897528014,-0.18691871256798626,-0.28323235694120413,-0.6355054770110267,-0.3714972568025509,0.1400524791957717,-0.22708150239205668,-0.271104031149238,0.5951212516397879,-0.072032347826847,1.97202,-1.0578355120015617,0.9221037504262379,0.0,0.0,0.0,0.0,0.0,0.0,0.0,0.0,0.0,0.0,0.0,0.0,0.0,0.0,0.0,0.2369778979793003,-0.44479413246693644,2.027382899952865,2.0445035311000503,3.787014857498175,-4.68435036313422,3.5720280637891295,2.2015904189406648,1.054122969971119,-1.9937139410632658,-0.10340012375842818,0.0,-1.0024779430300195,-0.3546664777152514,0.0,0.0,0.0,0.0,0.0,0.0,0.0,0.0,0.0,0.0,0.0,0.0,40.0,40.0,40.0,60.0,60.0,60.0,60.0,60.0,60.0,60.0,60.0,60.0,60.0,60.0,60.0,60.0,60.0,0.0,0.0,0.0,0.0,0.0,0.0,0.0,0.0,0.0,0.0,0.0,0.0,1.0,1.0,1.0,1.5,1.5,1.5,1.5,1.5,1.5,1.5,1.5,1.5,1.5,1.5,1.5,1.5,1.5,0.0,0.0,0.0,0.0,0.0,0.0,0.0,0.0,0.0,0.0,0.0,0.0,0.0,0.0,0.0,0.0,0.0,0.0,0.0,0.0,0.0,0.0,0.0,0.0,0.0,0.0,0.0,0.0,0.0
-0.1,0.0,0.0,0.3,-0.2,0.0,-0.1,0.0,0.0,0.3,-0.2,0.0,0.0,0.0,0.0,0.12063158319619036,0.11957935304579997,-0.12229994566073765,-0.2453982570615047,-0.5905535589492953,-0.4010470862141792,0.19752161702847096,-0.16184476051307922,-0.24972028618744685,0.50428487189536,-0.11644855061885771,1.97202,-1.0327457612957147,0.906780384755327,0.0,0.0,0.0,0.0,0.0,0.0,0.0,0.0,0.0,0.0,0.0,0.0,0.0,0.0,0.0,0.9115437912901373,-0.8626583986551393,3.997158967289041,1.0704314745749468,1.7060558376107204,-0.2523336781855609,2.2684327184962245,3.4085926388165917,1.1736180430597924,-5.162882049969084,-2.2545165265196334,0.0,1.7475771962173758,-0.8900827950740875,0.0,0.0,0.0,0.0,0.0,0.0,0.0,0.0,0.0,0.0,0.0,0.0,40.0,40.0,40.0,60.0,60.0,60.0,60.0,60.0,60.0,60.0,60.0,60.0,60.0,60.0,60.0,60.0,60.0,0.0,0.0,0.0,0.0,0.0,0.0,0.0,0.0,0.0,0.0,0.0,0.0,1.0,1.0,1.0,1.5,1.5,1.5,1.5,1.5,1.5,1.5,1.5,1.5,1.5,1.5,1.5,1.5,1.5,0.0,0.0,0.0,0.0,0.0,0.0,0.0,0.0,0.0,0.0,0.0,0.0,0.0,0.0,0.0,0.0,0.0,0.0,0.0,0.0,0.0,0.0,0.0,0.0,0.0,0.0,0.0,0.0,0.0
-0.1,0.0,0.0,0.3,-0.2,0.0,-0.1,0.0,0.0,0.3,-0.2,0.0,0.0,0.0,0.0,0.1438344716985483,0.09973418302907457,-0.027032353876424595,-0.24041509795820626,-0.5672632435065978,-0.38159060392997335,0.2307897879356207,-0.090737796839393,-0.22415930942684628,0.38860596964102456,-0.16221300888763235,1.97202,-0.9879324241528666,0.8865004386232744,0.0,0.0,0.0,0.0,0.0,0.0,0.0,0.0,0.0,0.0,0.0,0.0,0.0,0.0,0.0,0.99364261448174,-0.9453068236803617,4.097613932504107,-0.07436589438790872,0.6942119314201717,1.2085455521861188,1.7130813580958824,3.23070988994717,1.4397258110573457,-5.096638132161376,-2.009574967226753,0.0,2.638660580185728,-1.3902538870962071,0.0,0.0,0.0,0.0,0.0,0.0,0.0,0.0,0.0,0.0,0.0,0.0,40.0,40.0,40.0,60.0,60.0,60.0,60.0,60.0,60.0,60.0,60.0,60.0,60.0,60.0,60.0,60.0,60.0,0.0,0.0,0.0,0.0,0.0,0.0,0.0,0.0,0.0,0.0,0.0,0.0,1.0,1.0,1.0,1.5,1.5,1.5,1.5,1.5,1.5,1.5,1.5,1.5,1.5,1.5,1.5,1.5,1.5,0.0,0.0,0.0,0.0,0.0,0.0,0.0,0.0,0.0,0.0,0.0,0.0,0.0,0.0,0.0,0.0,0.0,0.0,0.0,0.0,0.0,0.0,0.0,0.0,0.0,0.0,0.0,0.0,0.0
-0.1,0.0,0.0,0.3,-0.2,0.0,-0.1,0.0,0.0,0.3,-0.2,0.0,0.0,0.0,0.0,0.16037728777545995,0.0817670800985855,0.04160461163942662,-0.24837289283702105,-0.5627850816924884,-0.3527052641267345,0.26604487135230626,-0.03261636491519243,-0.19213125374515302,0.30041934660890496,-0.19683154930792784,1.97202,-0.9271993380882856,0.8511702292714787,0.0,0.0,0.0,0.0,0.0,0.0,0.0,0.0,0.0,0.0,0.0,0.0,0.0,0.0,0.0,0.6506628462833987,-0.7083349577211844,2.4130528498212347,-0.5383898235340273,-0.4524478039130586,1.2973191571794538,1.8492413936784489,2.4890325139078247,1.6394256989436307,-3.5124686883473895,-1.377373583330177,0.0,3.234612507998133,-2.2221395048119152,0.0,0.0,0.0,0.0,0.0,0.0,0.0,0.0,0.0,0.0,0.0,0.0,40.0,40.0,40.0,60.0,60.0,60.0,60.0,60.0,60.0,60.0,60.0,60.0,60.0,60.0,60.0,60.0,60.0,0.0,0.0,0.0,0.0,0.0,0.0,0.0,0.0,0.0,0.0,0.0,0.0,1.0,1.0,1.0,1.5,1.5,1.5,1.5,1.5,1.5,1.5,1.5,1.5,1.5,1.5,1.5,1.5,1.5,0.0,0.0,0.0,0.0,0.0,0.0,0.0,0.0,0.0,0.0,0.0,0.0,0.0,0.0,0.0,0.0,0.0,0.0,0.0,0.0,0.0,0.0,0.0,0.0,0.0,0.0,0.0,0.0,0.0
-0.1,0.0,0.0,0.3,-0.2,0.0,-0.1,0.0,0.0,0.3,-0.2,0.0,0.0,0.0,0.0,0.16986098554988424,0.07140078472022719,0.0694897601164248,-0.26195069089956735,-0.5853611556631202,-0.3296978376427952,0.30475944368275865,0.008823503716919985,-0.15858228146910106,0.248107222107129,-0.21730795222083943,1.97202,-0.8585479238329413,0.7976148584307978,0.0,0.0,0.0,0.0,0.0,0.0,0.0,0.0,0.0,0.0,0.0,0.0,0.0,0.0,0.0,0.450822583953607,-0.524781159993072,1.2764480146774997,-0.7255985606889094,-1.0179743598235091,1.109532594793118,2.2081575150740136,2.0981613585754864,1.7406670431812474,-2.609283738439837,-1.072158135745576,0.0,3.4246460088044577,-2.800123025504536,0.0,0.0,0.0,0.0,0.0,0.0,0.0,0.0,0.0,0.0,0.0,0.0,40.0,40.0,40.0,60.0,60.0,60.0,60.0,60.0,60.0,60.0,60.0,60.0,60.0,60.0,60.0,60.0,60.0,0.0,0.0,0.0,0.0,0.0,0.0,0.0,0.0,0.0,0.0,0.0,0.0,1.0,1.0,1.0,1.5,1.5,1.5,1.5,1.5,1.5,1.5,1.5,1.5,1.5,1.5,1.5,1.5,1.5,0.0,0.0,0.0,0.0,0.0,0.0,0.0,0.0,0.0,0.0,0.0,0.0,0.0,0.0,0.0,0.0,0.0,0.0,0.0,0.0,0.0,0.0,0.0,0.0,0.0,0.0,0.0,0.0,0.0
-0.1,0.0,0.0,0.3,-0.2,0.0,-0.1,0.0,0.0,0.3,-0.2,0.0,0.0,0.0,0.0,0.17841019113360423,0.06077583369886263,0.09266253222652661,-0.2773968352645774,-0.6035040560854288,-0.30832396033500975,0.3543711719552668,0.05131008942782703,-0.12250457201790313,0.19604799707131149,-0.23971787473775089,1.97202,-0.7902134977361073,0.7391653082512972,0.0,0.0,0.0,0.0,0.0,0.0,0.0,0.0,0.0,0.0,0.0,0.0,0.0,0.0,0.0,0.6897482030256848,-0.6371425545582174,-0.6607490037782264,-0.4972780010623845,-1.6064017183054058,0.2343821167323859,0.1213567724718409,2.0983783270598506,1.3733745165500966,-0.4573182410212088,0.3751302226963765,0.0,1.0860886672381913,-2.2019005496829864,0.0,0.0,0.0,0.0,0.0,0.0,0.0,0.0,0.0,0.0,0.0,0.0,40.0,40.0,40.0,60.0,60.0,60.0,60.0,60.0,60.0,60.0,60.0,60.0,60.0,60.0,60.0,60.0,60.0,0.0,0.0,0.0,0.0,0.0,0.0,0.0,0.0,0.0,0.0,0.0,0.0,1.0,1.0,1.0,1.5,1.5,1.5,1.5,1.5,1.5,1.5,1.5,1.5,1.5,1.5,1.5,1.5,1.5,0.0,0.0,0.0,0.0,0.0,0.0,0.0,0.0,0.0,0.0,0.0,0.0,0.0,0.0,0.0,0.0,0.0,0.0,0.0,0.0,0.0,0.0,0.0,0.0,0.0,0.0,0.0,0.0,0.0
-0.1,0.0,0.0,0.3,-0.2,0.0,-0.1,0.0,0.0,0.3,-0.2,0.0,0.0,0.0,0.0,0.19745091367091164,0.04591508253789849,0.04305979996529574,-0.28184181094206273,-0.6496172243953364,-0.32032255297349976,0.3096137145816323,0.09275863679931402,-0.10364730080709719,0.22981449246628063,-0.20230274331298437,1.97202,-0.8151043771434137,0.7095388364434784,0.0,0.0,0.0,0.0,0.0,0.0,0.0,0.0,0.0,0.0,0.0,0.0,0.0,0.0,0.0,0.9584047165948878,-0.7803572467605524,-2.514595339286228,0.21017946092021234,-2.229095552706892,-0.8491919097295964,-2.7901468977298594,1.8891608470858217,0.9120953831658274,2.5899532189400625,1.9821633771279128,0.0,-2.4729898475084915,-1.3744988896510906,0.0,0.0,0.0,0.0,0.0,0.0,0.0,0.0,0.0,0.0,0.0,0.0,40.0,40.0,40.0,60.0,60.0,60.0,60.0,60.0,60.0,60.0,60.0,60.0,60.0,60.0,60.0,60.0,60.0,0.0,0.0,0.0,0.0,0.0,0.0,0.0,0.0,0.0,0.0,0.0,0.0,1.0,1.0,1.0,1.5,1.5,1.5,1.5,1.5,1.5,1.5,1.5,1.5,1.5,1.5,1.5,1.5,1.5,0.0,0.0,0.0,0.0,0.0,0.0,0.0,0.0,0.0,0.0,0.0,0.0,0.0,0.0,0.0,0.0,0.0,0.0,0.0,0.0,0.0,0.0,0.0,0.0,0.0,0.0,0.0,0.0,0.0
-0.1,0.0,0.0,0.3,-0.2,0.0,-0.1,0.0,0.0,0.3,-0.2,0.0,0.0,0.0,0.0,0.21674637979739975,0.029561543828440534,-0.007921281344922515,-0.26898965682776893,-0.6926678781937045,-0.3422916367241936,0.24276529604607242,0.1268765233112599,-0.08602075669127003,0.299646125828914,-0.16043133965263437,1.97202,-0.8891330916364469,0.6841853526652536,0.0,0.0,0.0,0.0,0.0,0.0,0.0,0.0,0.0,0.0,0.0,0.0,0.0,0.0,0.0,0.7949067573603246,-0.6194582190321279,-2.4463381530788344,0.8571552908486768,-0.7126958260981586,-0.6397804507223354,-3.5002374621117696,1.3439333910373965,0.4783160313837166,3.6268141434439816,2.150590591371594,0.0,-3.145723515018278,-1.0059174146165777,0.0,0.0,0.0,0.0,0.0,0.0,0.0,0.0,0.0,0.0,0.0,0.0,40.0,40.0,40.0,60.0,60.0,60.0,60.0,60.0,60.0,60.0,60.0,60.0,60.0,60.0,60.0,60.0,60.0,0.0,0.0,0.0,0.0,0.0,0.0,0.0,0.0,0.0,0.0,0.0,0.0,1.0,1.0,1.0,1.5,1.5,1.5,1.5,1.5,1.5,1.5,1.5,1.5,1.5,1.5,1.5,1.5,1.5,0.0,0.0,0.0,0.0,0.0,0.0,0.0,0.0,0.0,0.0,0.0,0.0,0.0,0.0,0.0,0.0,0.0,0.0,0.0,0.0,0.0,0.0,0.0,0.0,0.0,0.0,0.0,0.0,0.0
-0.1,0.0,0.0,0.3,-0.2,0.0,-0.1,0.0,0.0,0.3,-0.2,0.0,0.0,0.0,0.0,0.22924718396532462,0.021136753776613375,-0.05479372615785763,-0.24755559930811566,-0.6781250574392628,-0.3459137710023932,0.1696042160971615,0.14651597244080988,-0.08451465955174853,0.3748870582040399,-0.1162791196581206,1.97202,-0.9409333177441448,0.6693021398588153,0.0,0.0,0.0,0.0,0.0,0.0,0.0,0.0,0.0,0.0,0.0,0.0,0.0,0.0,0.0,0.41908156798405594,-0.23778753138194753,-2.1181331148221862,1.297824203533949,3.1472359085775445,0.4605044444038489,-3.4359111998812195,0.48009134927736036,-0.20574290815954174,3.3070659814237375,2.0841826725166963,0.0,-1.0530238022959686,-0.6972374495914119,0.0,0.0,0.0,0.0,0.0,0.0,0.0,0.0,0.0,0.0,0.0,0.0,40.0,40.0,40.0,60.0,60.0,60.0,60.0,60.0,60.0,60.0,60.0,60.0,60.0,60.0,60.0,60.0,60.0,0.0,0.0,0.0,0.0,0.0,0.0,0.0,0.0,0.0,0.0,0.0,0.0,1.0,1.0,1.0,1.5,1.5,1.5,1.5,1.5,1.5,1.5,1.5,1.5,1.5,1.5,1.5,1.5,1.5,0.0,0.0,0.0,0.0,0.0,0.0,0.0,0.0,0.0,0.0,0.0,0.0,0.0,0.0,0.0,0.0,0.0,0.0,0.0,0.0,0.0,0.0,0.0,0.0,0.0,0.0,0.0,0.0,0.0
-0.1,0.0,0.0,0.3,-0.2,0.0,-0.1,0.0,0.0,0.3,-0.2,0.0,0.0,0.0,0.0,0.23350964251676198,0.020050042573162632,-0.09264660593780996,-0.21707668868641097,-0.5667784418506027,-0.32387145894803965,0.10532884805082363,0.1460801772823543,-0.0942504730176517,0.4319287650858635,-0.07706403275196652,1.97202,-0.9312540437282857,0.6562958546815971,0.0,0.0,0.0,0.0,0.0,0.0,0.0,0.0,0.0,0.0,0.0,0.0,0.0,0.0,0.0,0.15079085949808307,-0.15661335405616597,-1.7224771897182685,1.4241832166583326,5.5654624309814045,1.1494409754742696,-3.502517376862021,0.02092537433408745,-0.4619870107114104,2.698658693726018,2.248155609465873,0.0,0.8139626008490247,-0.33061067200097494,0.0,0.0,0.0,0.0,0.0,0.0,0.0,0.0,0.0,0.0,0.0,0.0,40.0,40.0,40.0,60.0,60.0,60.0,60.0,60.0,60.0,60.0,60.0,60.0,60.0,60.0,60.0,60.0,60.0,0.0,0.0,0.0,0.0,0.0,0.0,0.0,0.0,0.0,0.0,0.0,0.0,1.0,1.0,1.0,1.5,1.5,1.5,1.5,1.5,1.5,1.5,1.5,1.5,1.5,1.5,1.5,1.5,1.5,0.0,0.0,0.0,0.0,0.0,0.0,0.0,0.0,0.0,0.0,0.0,0.0,0.0,0.0,0.0,0.0,0.0,0.0,0.0,0.0,0.0,0.0,0.0,0.0,0.0,0.0,0.0,0.0,0.0
-0.1,0.0,0.0,0.3,-0.2,0.0,-0.1,0.0,0.0,0.3,-0.2,0.0,0.0,0.0,0.0,0.23527881834524794,0.014872219614366737,-0.12369281374658837,-0.19058827064178235,-0.45550656020000657,-0.2999361319834224,0.02950352102268066,0.14735298741417338,-0.10299413998020494,0.4828334059530806,-0.026352895279485682,1.97202,-0.9083748137101838,0.6560777129787763,0.0,0.0,0.0,0.0,0.0,0.0,0.0,0.0,0.0,0.0,0.0,0.0,0.0,0.0,0.0,-0.29946881221696375,-0.40190617092438985,-0.9029361591952605,0.8041929861380976,2.712029794032472,0.39918147723835423,-2.402125425228008,-0.6284097824030231,-0.44555282066727625,2.0461414921608316,1.4207937213973392,0.0,1.1858871260657238,0.1228483682322562,0.0,0.0,0.0,0.0,0.0,0.0,0.0,0.0,0.0,0.0,0.0,0.0,40.0,40.0,40.0,60.0,60.0,60.0,60.0,60.0,60.0,60.0,60.0,60.0,60.0,60.0,60.0,60.0,60.0,0.0,0.0,0.0,0.0,0.0,0.0,0.0,0.0,0.0,0.0,0.0,0.0,1.0,1.0,1.0,1.5,1.5,1.5,1.5,1.5,1.5,1.5,1.5,1.5,1.5,1.5,1.5,1.5,1.5,0.0,0.0,0.0,0.0,0.0,0.0,0.0,0.0,0.0,0.0,0.0,0.0,0.0,0.0,0.0,0.0,0.0,0.0,0.0,0.0,0.0,0.0,0.0,0.0,0.0,0.0,0.0,0.0,0.0
-0.1,0.0,0.0,0.3,-0.2,0.0,-0.1,0.0,0.0,0.3,-0.2,0.0,0.0,0.0,0.0,0.22153089002808343,0.003973795736187036,-0.12876405230562038,-0.18490896924088707,-0.4582972500893038,-0.3079041998585055,0.009243831041703288,0.12094378598623338,-0.11207258584434275,0.5137744247722967,-0.02023228389607296,1.97202,-0.8838185586856567,0.6612097894108874,0.0,0.0,0.0,0.0,0.0,0.0,0.0,0.0,0.0,0.0,0.0,0.0,0.0,0.0,0.0,-0.7488660844715805,-0.4488098501744193,-0.7392566944165141,0.13282191126713153,-0.3896110024347352,-0.6996227657664902,-0.06749560277083218,-1.3671432123235683,-0.47932729880495806,1.554642715708611,0.29808135359322674,0.0,1.2163015996818571,0.4230570225453645,0.0,0.0,0.0,0.0,0.0,0.0,0.0,0.0,0.0,0.0,0.0,0.0,40.0,40.0,40.0,60.0,60.0,60.0,60.0,60.0,60.0,60.0,60.0,60.0,60.0,60.0,60.0,60.0,60.0,0.0,0.0,0.0,0.0,0.0,0.0,0.0,0.0,0.0,0.0,0.0,0.0,1.0,1.0,1.0,1.5,1.5,1.5,1.5,1.5,1.5,1.5,1.5,1.5,1.5,1.5,1.5,1.5,1.5,0.0,0.0,0.0,0.0,0.0,0.0,0.0,0.0,0.0,0.0,0.0,0.0,0.0,0.0,0.0,0.0,0.0,0.0,0.0,0.0,0.0,0.0,0.0,0.0,0.0,0.0,0.0,0.0,0.0
-0.1,0.0,0.0,0.3,-0.2,0.0,-0.1,0.0,0.0,0.3,-0.2,0.0,0.0,0.0,0.0,0.20532417496638472,-0.0030801743926100376,-0.15326308152324894,-0.1852753941910971,-0.471091000297396,-0.327921042614082,0.026803696911847374,0.09266725892123065,-0.12216723193240327,0.545019114581425,-0.014429641135756613,1.97202,-0.8597227497229095,0.6729999938805908,0.0,0.0,0.0,0.0,0.0,0.0,0.0,0.0,0.0,0.0,0.0,0.0,0.0,0.0,0.0,-0.8340077971565184,-0.3447931032316785,-0.772209917231128,-0.26911223266704654,-0.46801377276365075,-0.6010128969447261,1.4640496082973902,-1.3353337513349175,-0.3309431277904718,0.9069210687227686,-0.11649386357224373,0.0,0.9531745716792356,0.47057606875244296,0.0,0.0,0.0,0.0,0.0,0.0,0.0,0.0,0.0,0.0,0.0,0.0,40.0,40.0,40.0,60.0,60.0,60.0,60.0,60.0,60.0,60.0,60.0,60.0,60.0,60.0,60.0,60.0,60.0,0.0,0.0,0.0,0.0,0.0,0.0,0.0,0.0,0.0,0.0,0.0,0.0,1.0,1.0,1.0,1.5,1.5,1.5,1.5,1.5,1.5,1.5,1.5,1.5,1.5,1.5,1.5,1.5,1.5,0.0,0.0,0.0,0.0,0.0,0.0,0.0,0.0,0.0,0.0,0.0,0.0,0.0,0.0,0.0,0.0,0.0,0.0,0.0,0.0,0.0,0.0,0.0,0.0,0.0,0.0,0.0,0.0,0.0
-0.1,0.0,0.0,0.3,-0.2,0.0,-0.1,0.0,0.0,0.3,-0.2,0.0,0.0,0.0,0.0,0.1881705781418227,-0.009817928393080103,-0.1596524489948655,-0.19567345854756893,-0.4770178009998498,-0.3319447157362945,0.0678058153735989,0.06753043593283668,-0.12531031095596162,0.5500512675212075,-0.024892038438962708,1.97202,-0.8456915758184873,0.6800328321609851,0.0,0.0,0.0,0.0,0.0,0.0,0.0,0.0,0.0,0.0,0.0,0.0,0.0,0.0,0.0,-0.9526087017981112,-0.3888450550814526,0.6508870368669983,-1.1472217606643158,-0.23399614406211383,0.8387353814973422,2.709615566479672,-1.0760565188715736,0.007270377253317667,-0.5455222106562629,-1.0518378789979832,0.0,0.1870547657741778,0.40445500909972176,0.0,0.0,0.0,0.0,0.0,0.0,0.0,0.0,0.0,0.0,0.0,0.0,40.0,40.0,40.0,60.0,60.0,60.0,60.0,60.0,60.0,60.0,60.0,60.0,60.0,60.0,60.0,60.0,60.0,0.0,0.0,0.0,0.0,0.0,0.0,0.0,0.0,0.0,0.0,0.0,0.0,1.0,1.0,1.0,1.5,1.5,1.5,1.5,1.5,1.5,1.5,1.5,1.5,1.5,1.5,1.5,1.5,1.5,0.0,0.0,0.0,0.0,0.0,0.0,0.0,0.0,0.0,0.0,0.0,0.0,0.0,0.0,0.0,0.0,0.0,0.0,0.0,0.0,0.0,0.0,0.0,0.0,0.0,0.0,0.0,0.0,0.0
-0.1,0.0,0.0,0.3,-0.2,0.0,-0.1,0.0,0.0,0.3,-0.2,0.0,0.0,0.0,0.0,0.16721982689446027,-0.018633976595868143,-0.127227600048569,-0.23116426461766973,-0.48045084605988053,-0.2943716273541883,0.13518831957103425,0.0496249981663677,-0.12187641684227056,0.5231982261551745,-0.05650315629567594,1.97202,-0.8522405590919424,0.6891781942445797,0.0,0.0,0.0,0.0,0.0,0.0,0.0,0.0,0.0,0.0,0.0,0.0,0.0,0.0,0.0,-0.9731770020818493,-0.3916596303281282,1.7606289659520058,-2.111400300781644,-0.14923618477077627,2.293957713378325,3.5456456979738924,-0.9150468067021824,0.16367069735587075,-1.2811294659740429,-1.6789057429658638,0.0,-0.4127004494326125,0.39675351603384035,0.0,0.0,0.0,0.0,0.0,0.0,0.0,0.0,0.0,0.0,0.0,0.0,40.0,40.0,40.0,60.0,60.0,60.0,60.0,60.0,60.0,60.0,60.0,60.0,60.0,60.0,60.0,60.0,60.0,0.0,0.0,0.0,0.0,0.0,0.0,0.0,0.0,0.0,0.0,0.0,0.0,1.0,1.0,1.0,1.5,1.5,1.5,1.5,1.5,1.5,1.5,1.5,1.5,1.5,1.5,1.5,1.5,1.5,0.0,0.0,0.0,0.0,0.0,0.0,0.0,0.0,0.0,0.0,0.0,0.0,0.0,0.0,0.0,0.0,0.0,0.0,0.0,0.0,0.0,0.0,0.0,0.0,0.0,0.0,0.0,0.0,0.0
-0.1,0.0,0.0,0.3,-0.2,0.0,-0.1,0.0,0.0,0.3,-0.2,0.0,0.0,0.0,0.0,0.14924349805854872,-0.025484313606205233,-0.08922729035678527,-0.2801294705788347,-0.48298724839068086,-0.24018640720116152,0.2096316432925546,0.030928563664749387,-0.1187634830617268,0.49880608888224576,-0.09204826815759726,1.97202,-0.8621995937957918,0.6959029728023387,0.0,0.0,0.0,0.0,0.0,0.0,0.0,0.0,0.0,0.0,0.0,0.0,0.0,0.0,0.0,-0.6025036004141969,-0.4412037234091507,1.828424824577248,-2.0744649168243483,0.6204213448997908,1.8188799903934842,3.1558133862360607,-0.9524733671522524,0.023147045290559595,-1.4327235016382431,-1.4336529277163212,0.0,-0.3736044688958856,0.10441209007428787,0.0,0.0,0.0,0.0,0.0,0.0,0.0,0.0,0.0,0.0,0.0,0.0,40.0,40.0,40.0,60.0,60.0,60.0,60.0,60.0,60.0,60.0,60.0,60.0,60.0,60.0,60.0,60.0,60.0,0.0,0.0,0.0,0.0,0.0,0.0,0.0,0.0,0.0,0.0,0.0,0.0,1.0,1.0,1.0,1.5,1.5,1.5,1.5,1.5,1.5,1.5,1.5,1.5,1.5,1.5,1.5,1.5,1.5,0.0,0.0,0.0,0.0,0.0,0.0,0.0,0.0,0.0,0.0,0.0,0.0,0.0,0.0,0.0,0.0,0.0,0.0,0.0,0.0,0.0,0.0,0.0,0.0,0.0,0.0,0.0,0.0,0.0
-0.1,0.0,0.0,0.3,-0.2,0.0,-0.1,0.0,0.0,0.3,-0.2,0.0,0.0,0.0,0.0,0.1431196828778924,-0.03628212553223417,-0.05409060706547907,-0.31414286129064367,-0.4556339922638889,-0.22161642773844895,0.2614208550204767,0.011526063480277605,-0.12095053503064818,0.4658892860896448,-0.1138492734043288,1.97202,-0.8671847378477778,0.6933546778475512,0.0,0.0,0.0,0.0,0.0,0.0,0.0,0.0,0.0,0.0,0.0,0.0,0.0,0.0,0.0,-0.33165004011706245,-0.5470408008173931,1.7117894385786165,-1.264568761690607,1.5197001283981006,0.39983752992283556,2.2834830672583206,-0.9489677008902248,-0.12745158135077544,-1.7231903123985397,-1.0796751580669408,0.0,-0.1500796533520754,-0.20964034994414293,0.0,0.0,0.0,0.0,0.0,0.0,0.0,0.0,0.0,0.0,0.0,0.0,40.0,40.0,40.0,60.0,60.0,60.0,60.0,60.0,60.0,60.0,60.0,60.0,60.0,60.0,60.0,60.0,60.0,0.0,0.0,0.0,0.0,0.0,0.0,0.0,0.0,0.0,0.0,0.0,0.0,1.0,1.0,1.0,1.5,1.5,1.5,1.5,1.5,1.5,1.5,1.5,1.5,1.5,1.5,1.5,1.5,1.5,0.0,0.0,0.0,0.0,0.0,0.0,0.0,0.0,0.0,0.0,0.0,0.0,0.0,0.0,0.0,0.0,0.0,0.0,0.0,0.0,0.0,0.0,0.0,0.0,0.0,0.0,0.0,0.0,0.0
-0.1,0.0,0.0,0.3,-0.2,0.0,-0.1,0.0,0.0,0.3,-0.2,0.0,0.0,0.0,0.0,0.13597749645386623,-0.04736594563890096,-0.020755712813640605,-0.330712221046459,-0.42219924325475683,-0.2241929060042481,0.3009709659828874,-0.007030144370859603,-0.12386154631575781,0.42987847638630416,-0.1352352744802749,1.97202,-0.8682027799298748,0.687517358804573,0.0,0.0,0.0,0.0,0.0,0.0,0.0,0.0,0.0,0.0,0.0,0.0,0.0,0.0,0.0,-0.3449085340749218,-0.46346819731742267,1.5270826855885684,-0.5271598560684848,1.532077797562449,-0.4166322337617885,1.7015593437263887,-0.6654883244006919,-0.14018724363473872,-1.8367684323831734,-1.0084866868649476,0.0,0.15253096698900903,-0.3955010349652205,0.0,0.0,0.0,0.0,0.0,0.0,0.0,0.0,0.0,0.0,0.0,0.0,40.0,40.0,40.0,60.0,60.0,60.0,60.0,60.0,60.0,60.0,60.0,60.0,60.0,60.0,60.0,60.0,60.0,0.0,0.0,0.0,0.0,0.0,0.0,0.0,0.0,0.0,0.0,0.0,0.0,1.0,1.0,1.0,1.5,1.5,1.5,1.5,1.5,1.5,1.5,1.5,1.5,1.5,1.5,1.5,1.5,1.5,0.0,0.0,0.0,0.0,0.0,0.0,0.0,0.0,0.0,0.0,0.0,0.0,0.0,0.0,0.0,0.0,0.0,0.0,0.0,0.0,0.0,0.0,0.0,0.0,0.0,0.0,0.0,0.0,0.0
-0.1,0.0,0.0,0.3,-0.2,0.0,-0.1,0.0,0.0,0.3,-0.2,0.0,0.0,0.0,0.0,0.12932334151489552,-0.05482085342493108,0.006992700358063666,-0.33522925553338306,-0.39435088036139093,-0.23828171708892049,0.32948322876953223,-0.015093469495750073,-0.12655802477603773,0.39241854879431787,-0.1541887408789267,1.97202,-0.8610834991682175,0.6775346364489424,0.0,0.0,0.0,0.0,0.0,0.0,0.0,0.0,0.0,0.0,0.0,0.0,0.0,0.0,0.0,-0.2759693195070488,-0.24656095050361695,1.2092939939056113,0.04101603632822581,1.1004779489654795,-0.9161226690970324,1.063164460116614,0.02127665496489083,-0.11289637546979432,-1.952777433001035,-0.85568891802889,0.0,0.6985184066798961,-0.6983473866601614,0.0,0.0,0.0,0.0,0.0,0.0,0.0,0.0,0.0,0.0,0.0,0.0,40.0,40.0,40.0,60.0,60.0,60.0,60.0,60.0,60.0,60.0,60.0,60.0,60.0,60.0,60.0,60.0,60.0,0.0,0.0,0.0,0.0,0.0,0.0,0.0,0.0,0.0,0.0,0.0,0.0,1.0,1.0,1.0,1.5,1.5,1.5,1.5,1.5,1.5,1.5,1.5,1.5,1.5,1.5,1.5,1.5,1.5,0.0,0.0,0.0,0.0,0.0,0.0,0.0,0.0,0.0,0.0,0.0,0.0,0.0,0.0,0.0,0.0,0.0,0.0,0.0,0.0,0.0,0.0,0.0,0.0,0.0,0.0,0.0,0.0,0.0
-0.1,0.0,0.0,0.3,-0.2,0.0,-0.1,0.0,0.0,0.3,-0.2,0.0,0.0,0.0,0.0,0.12493872367358427,-0.05722838365904564,0.027616046942583846,-0.32907157959332994,-0.37818012529613765,-0.2608378127681294,0.343497544387552,-0.00617907817226397,-0.12837740133454958,0.35176737906626276,-0.1694628312014305,1.97202,-0.840262043662679,0.6595834633381665,0.0,0.0,0.0,0.0,0.0,0.0,0.0,0.0,0.0,0.0,0.0,0.0,0.0,0.0,0.0,-0.23265119623919125,-0.12215792233900291,1.0504639080106708,0.3710737215914722,0.8146999072777467,-1.1871733197897916,0.649236668923879,0.47973271554525365,-0.06231357336283841,-2.155085560235853,-0.7925768486961471,0.0,1.2138554540003454,-0.9885977314928684,0.0,0.0,0.0,0.0,0.0,0.0,0.0,0.0,0.0,0.0,0.0,0.0,40.0,40.0,40.0,60.0,60.0,60.0,60.0,60.0,60.0,60.0,60.0,60.0,60.0,60.0,60.0,60.0,60.0,0.0,0.0,0.0,0.0,0.0,0.0,0.0,0.0,0.0,0.0,0.0,0.0,1.0,1.0,1.0,1.5,1.5,1.5,1.5,1.5,1.5,1.5,1.5,1.5,1.5,1.5,1.5,1.5,1.5,0.0,0.0,0.0,0.0,0.0,0.0,0.0,0.0,0.0,0.0,0.0,0.0,0.0,0.0,0.0,0.0,0.0,0.0,0.0,0.0,0.0,0.0,0.0,0.0,0.0,0.0,0.0,0.0,0.0
-0.1,0.0,0.0,0.3,-0.2,0.0,-0.1,0.0,0.0,0.3,-0.2,0.0,0.0,0.0,0.0,0.12001729366532787,-0.059707170318491196,0.049011256678490496,-0.3203863066697242,-0.36176288407028107,-0.28576864988051215,0.3554526955264874,0.004095839126060076,-0.12905056771055126,0.30621512638488374,-0.18589181482677258,1.97202,-0.8125292810082037,0.6379907271892277,0.0,0.0,0.0,0.0,0.0,0.0,0.0,0.0,0.0,0.0,0.0,0.0,0.0,0.0,0.0,-0.03381888736922814,-0.07505730735581535,0.7834617239530751,0.5924038262716647,-0.5163601799372571,-1.1748011506203748,0.36624714576001666,0.8482807150584026,0.27133795278638484,-2.100765260543752,-0.5882496605892046,0.0,1.044671718759449,-0.6643624988450558,0.0,0.0,0.0,0.0,0.0,0.0,0.0,0.0,0.0,0.0,0.0,0.0,40.0,40.0,40.0,60.0,60.0,60.0,60.0,60.0,60.0,60.0,60.0,60.0,60.0,60.0,60.0,60.0,60.0,0.0,0.0,0.0,0.0,0.0,0.0,0.0,0.0,0.0,0.0,0.0,0.0,1.0,1.0,1.0,1.5,1.5,1.5,1.5,1.5,1.5,1.5,1.5,1.5,1.5,1.5,1.5,1.5,1.5,0.0,0.0,0.0,0.0,0.0,0.0,0.0,0.0,0.0,0.0,0.0,0.0,0.0,0.0,0.0,0.0,0.0,0.0,0.0,0.0,0.0,0.0,0.0,0.0,0.0,0.0,0.0,0.0,0.0
-0.1,0.0,0.0,0.3,-0.2,0.0,-0.1,0.0,0.0,0.3,-0.2,0.0,0.0,0.0,0.0,0.12358596817881515,-0.06023067595327825,0.05895451590070685,-0.30537542654246336,-0.39883453249362794,-0.3078298587929444,0.35814743021795264,0.027752150430072137,-0.11752388322309419,0.2677367686445127,-0.19299281762499867,1.97202,-0.798475174912301,0.6330089633843643,0.0,0.0,0.0,0.0,0.0,0.0,0.0,0.0,0.0,0.0,0.0,0.0,0.0,0.0,0.0,0.24879366788811627,-0.007598798720424328,0.47977912015988045,0.5969552670504987,-2.1137214915918854,-0.8809100355442286,0.007552434038007871,1.1746032897504166,0.5835762341866214,-1.772424142991945,-0.19650816100526755,0.0,0.534442301357535,-0.09348104322516593,0.0,0.0,0.0,0.0,0.0,0.0,0.0,0.0,0.0,0.0,0.0,0.0,40.0,40.0,40.0,60.0,60.0,60.0,60.0,60.0,60.0,60.0,60.0,60.0,60.0,60.0,60.0,60.0,60.0,0.0,0.0,0.0,0.0,0.0,0.0,0.0,0.0,0.0,0.0,0.0,0.0,1.0,1.0,1.0,1.5,1.5,1.5,1.5,1.5,1.5,1.5,1.5,1.5,1.5,1.5,1.5,1.5,1.5,0.0,0.0,0.0,0.0,0.0,0.0,0.0,0.0,0.0,0.0,0.0,0.0,0.0,0.0,0.0,0.0,0.0,0.0,0.0,0.0,0.0,0.0,0.0,0.0,0.0,0.0,0.0,0.0,0.0
-0.1,0.0,0.0,0.3,-0.2,0.0,-0.1,0.0,0.0,0.3,-0.2,0.0,0.0,0.0,0.0,0.12996904038085252,-0.06001112226730817,0.06820242148488571,-0.2965080959877042,-0.4463117437339565,-0.3210050513022813,0.3557547928880077,0.05107997071607674,-0.1057075183430864,0.23531816066520594,-0.19375214126698329,1.97202,-0.7911515889539023,0.634251485460221,0.0,0.0,0.0,0.0,0.0,0.0,0.0,0.0,0.0,0.0,0.0,0.0,0.0,0.0,0.0,0.3733547589345694,0.030477097668600052,0.04110857700451165,0.3620723748765542,-2.464802912037034,-0.265283333383963,0.12362232590306943,1.0293440824148317,0.49247501799376464,-1.0264235420993486,0.2748663039772288,0.0,0.2745198909001906,-0.5147310805454303,0.0,0.0,0.0,0.0,0.0,0.0,0.0,0.0,0.0,0.0,0.0,0.0,40.0,40.0,40.0,60.0,60.0,60.0,60.0,60.0,60.0,60.0,60.0,60.0,60.0,60.0,60.0,60.0,60.0,0.0,0.0,0.0,0.0,0.0,0.0,0.0,0.0,0.0,0.0,0.0,0.0,1.0,1.0,1.0,1.5,1.5,1.5,1.5,1.5,1.5,1.5,1.5,1.5,1.5,1.5,1.5,1.5,1.5,0.0,0.0,0.0,0.0,0.0,0.0,0.0,0.0,0.0,0.0,0.0,0.0,0.0,0.0,0.0,0.0,0.0,0.0,0.0,0.0,0.0,0.0,0.0,0.0,0.0,0.0,0.0,0.0,0.0
-0.1,0.0,0.0,0.3,-0.2,0.0,-0.1,0.0,0.0,0.3,-0.2,0.0,0.0,0.0,0.0,0.13852015853619792,-0.05901159204653425,0.060598858980887314,-0.2908925315474012,-0.4974266489751093,-0.3184411921283029,0.3630923232540754,0.0689259137266654,-0.0978248825033436,0.22667982696053873,-0.18199816546590952,1.97202,-0.7874943792762934,0.6124197201625471,0.0,0.0,0.0,0.0,0.0,0.0,0.0,0.0,0.0,0.0,0.0,0.0,0.0,0.0,0.0,0.5456242686376928,0.0605691676831447,-1.2080805793296476,0.20164480204725305,-2.6175011446292737,0.6993067093577748,0.718354752031064,0.7192514201269855,0.20032143019039772,0.643886829156888,1.0480467773229127,0.0,0.05133460923388289,-2.0845051005861537,0.0,0.0,0.0,0.0,0.0,0.0,0.0,0.0,0.0,0.0,0.0,0.0,40.0,40.0,40.0,60.0,60.0,60.0,60.0,60.0,60.0,60.0,60.0,60.0,60.0,60.0,60.0,60.0,60.0,0.0,0.0,0.0,0.0,0.0,0.0,0.0,0.0,0.0,0.0,0.0,0.0,1.0,1.0,1.0,1.5,1.5,1.5,1.5,1.5,1.5,1.5,1.5,1.5,1.5,1.5,1.5,1.5,1.5,0.0,0.0,0.0,0.0,0.0,0.0,0.0,0.0,0.0,0.0,0.0,0.0,0.0,0.0,0.0,0.0,0.0,0.0,0.0,0.0,0.0,0.0,0.0,0.0,0.0,0.0,0.0,0.0,0.0
-0.1,0.0,0.0,0.3,-0.2,0.0,-0.1,0.0,0.0,0.3,-0.2,0.0,0.0,0.0,0.0,0.15179401112636023,-0.05758835555998238,0.01987919831169981,-0.2884423039058141,-0.5510117895191274,-0.2930327829279703,0.38448898296925027,0.07985002752115616,-0.0976946611354705,0.26107363383148147,-0.15183027017406678,1.97202,-0.7890982045845469,0.5508712814367749,0.0,0.0,0.0,0.0,0.0,0.0,0.0,0.0,0.0,0.0,0.0,0.0,0.0,0.0,0.0,0.7036713592119603,0.023559322528300154,-2.012815800908452,-0.03462032446649582,-2.635737404492526,1.4415716513921581,1.064158951024155,0.5786845518147666,0.03296004177609675,1.7674138367565664,1.2817562829119036,0.0,-0.06990017445170082,-3.2950447285665443,0.0,0.0,0.0,0.0,0.0,0.0,0.0,0.0,0.0,0.0,0.0,0.0,40.0,40.0,40.0,60.0,60.0,60.0,60.0,60.0,60.0,60.0,60.0,60.0,60.0,60.0,60.0,60.0,60.0,0.0,0.0,0.0,0.0,0.0,0.0,0.0,0.0,0.0,0.0,0.0,0.0,1.0,1.0,1.0,1.5,1.5,1.5,1.5,1.5,1.5,1.5,1.5,1.5,1.5,1.5,1.5,1.5,1.5,0.0,0.0,0.0,0.0,0.0,0.0,0.0,0.0,0.0,0.0,0.0,0.0,0.0,0.0,0.0,0.0,0.0,0.0,0.0,0.0,0.0,0.0,0.0,0.0,0.0,0.0,0.0,0.0,0.0
-0.1,0.0,0.0,0.3,-0.2,0.0,-0.1,0.0,0.0,0.3,-0.2,0.0,0.0,0.0,0.0,0.16666701290467634,-0.058069219145402244,-0.019913773055450765,-0.292277344526061,-0.6028561451548103,-0.2607783260726166,0.4056586812950416,0.09207329579925606,-0.09650648083229973,0.2973763804308014,-0.13072791414943338,1.97202,-0.7902903862543614,0.4806179310198853,0.0,0.0,0.0,0.0,0.0,0.0,0.0,0.0,0.0,0.0,0.0,0.0,0.0,0.0,0.0,0.5019666530103661,-0.021912883595777942,-2.356392021679309,-0.34286450304234495,-2.376313483167547,0.41004947738458863,-0.032205808672930436,0.2657218921792874,0.6135157136422199,1.6602748238980545,-0.21593477396727595,0.0,0.5575120503256203,-4.305708991391452,0.0,0.0,0.0,0.0,0.0,0.0,0.0,0.0,0.0,0.0,0.0,0.0,40.0,40.0,40.0,60.0,60.0,60.0,60.0,60.0,60.0,60.0,60.0,60.0,60.0,60.0,60.0,60.0,60.0,0.0,0.0,0.0,0.0,0.0,0.0,0.0,0.0,0.0,0.0,0.0,0.0,1.0,1.0,1.0,1.5,1.5,1.5,1.5,1.5,1.5,1.5,1.5,1.5,1.5,1.5,1.5,1.5,1.5,0.0,0.0,0.0,0.0,0.0,0.0,0.0,0.0,0.0,0.0,0.0,0.0,0.0,0.0,0.0,0.0,0.0,0.0,0.0,0.0,0.0,0.0,0.0,0.0,0.0,0.0,0.0,0.0,0.0
-0.1,0.0,0.0,0.3,-0.2,0.0,-0.1,0.0,0.0,0.3,-0.2,0.0,0.0,0.0,0.0,0.17187267724677488,-0.0584648709038135,-0.07437648255547255,-0.3021568840275079,-0.6460643288458293,-0.27663080383258676,0.38320075062233305,0.09047890320832766,-0.0731540325897817,0.32748462678740364,-0.16046766113275782,1.97202,-0.7667977225715221,0.3786429217811168,0.0,0.0,0.0,0.0,0.0,0.0,0.0,0.0,0.0,0.0,0.0,0.0,0.0,0.0,0.0,0.18189903574770128,0.011765484990323809,-2.775685356098596,-0.10377590897958922,-2.1114305321872138,-1.2799492765795297,-2.279383983242779,-0.02072220070786744,1.0563824600860794,1.3526233015590166,-1.4086219207902961,0.0,1.5953440021139687,-4.909199394715238,0.0,0.0,0.0,0.0,0.0,0.0,0.0,0.0,0.0,0.0,0.0,0.0,40.0,40.0,40.0,60.0,60.0,60.0,60.0,60.0,60.0,60.0,60.0,60.0,60.0,60.0,60.0,60.0,60.0,0.0,0.0,0.0,0.0,0.0,0.0,0.0,0.0,0.0,0.0,0.0,0.0,1.0,1.0,1.0,1.5,1.5,1.5,1.5,1.5,1.5,1.5,1.5,1.5,1.5,1.5,1.5,1.5,1.5,0.0,0.0,0.0,0.0,0.0,0.0,0.0,0.0,0.0,0.0,0.0,0.0,0.0,0.0,0.0,0.0,0.0,0.0,0.0,0.0,0.0,0.0,0.0,0.0,0.0,0.0,0.0,0.0,0.0
-0.1,0.0,0.0,0.3,-0.2,0.0,-0.1,0.0,0.0,0.3,-0.2,0.0,0.0,0.0,0.0,0.1739429743345844,-0.05759859974578929,-0.1309411872993946,-0.2964283808852446,-0.6873133664422989,-0.3119762971357978,0.31448332196533046,0.09124440777094137,-0.054251182428856556,0.35148131249316206,-0.18707279098104523,1.97202,-0.7264766261698027,0.2842499552312758,0.0,0.0,0.0,0.0,0.0,0.0,0.0,0.0,0.0,0.0,0.0,0.0,0.0,0.0,0.0,-0.1187085690283779,-0.06993740829256863,-2.7941037044255497,0.5445482274009289,-1.4808240573440823,-1.827088832759327,-3.4633340660727012,-0.06437133976700919,0.9111273722052119,1.013267823183127,-1.2579340255421199,0.0,2.0156908304712036,-3.5989839970942046,0.0,0.0,0.0,0.0,0.0,0.0,0.0,0.0,0.0,0.0,0.0,0.0,40.0,40.0,40.0,60.0,60.0,60.0,60.0,60.0,60.0,60.0,60.0,60.0,60.0,60.0,60.0,60.0,60.0,0.0,0.0,0.0,0.0,0.0,0.0,0.0,0.0,0.0,0.0,0.0,0.0,1.0,1.0,1.0,1.5,1.5,1.5,1.5,1.5,1.5,1.5,1.5,1.5,1.5,1.5,1.5,1.5,1.5,0.0,0.0,0.0,0.0,0.0,0.0,0.0,0.0,0.0,0.0,0.0,0.0,0.0,0.0,0.0,0.0,0.0,0.0,0.0,0.0,0.0,0.0,0.0,0.0,0.0,0.0,0.0,0.0,0.0
-0.1,0.0,0.0,0.3,-0.2,0.0,-0.1,0.0,0.0,0.3,-0.2,0.0,0.0,0.0,0.0,0.16712433448563976,-0.061262367235516244,-0.18614063073249454,-0.28037495493147074,-0.7052972911395926,-0.34971435714295984,0.244667387979425,0.08790404961764729,-0.03670893770157323,0.3680153397147287,-0.21078502215444261,1.97202,-0.686170089352674,0.23468356189734862,0.0,0.0,0.0,0.0,0.0,0.0,0.0,0.0,0.0,0.0,0.0,0.0,0.0,0.0,0.0,-0.7434049764758296,-0.37000347565062236,-2.742390005389357,0.8639516923640872,0.23637390254532264,-1.8104144755064333,-2.849967731906438,-0.441636425579019,0.7348621604411921,0.7739072665431848,-1.0855341006859613,0.0,1.7622917367832613,-0.13533575628594252,0.0,0.0,0.0,0.0,0.0,0.0,0.0,0.0,0.0,0.0,0.0,0.0,40.0,40.0,40.0,60.0,60.0,60.0,60.0,60.0,60.0,60.0,60.0,60.0,60.0,60.0,60.0,60.0,60.0,0.0,0.0,0.0,0.0,0.0,0.0,0.0,0.0,0.0,0.0,0.0,0.0,1.0,1.0,1.0,1.5,1.5,1.5,1.5,1.5,1.5,1.5,1.5,1.5,1.5,1.5,1.5,1.5,1.5,0.0,0.0,0.0,0.0,0.0,0.0,0.0,0.0,0.0,0.0,0.0,0.0,0.0,0.0,0.0,0.0,0.0,0.0,0.0,0.0,0.0,0.0,0.0,0.0,0.0,0.0,0.0,0.0,0.0
-0.1,0.0,0.0,0.3,-0.2,0.0,-0.1,0.0,0.0,0.3,-0.2,0.0,0.0,0.0,0.0,0.1442067752755512,-0.07239873877181419,-0.2406367875149689,-0.2618703131906811,-0.677858410340486,-0.3843928761560551,0.20048461268907294,0.0735789507477806,-0.02485669601120887,0.38243760315488945,-0.2304941550084837,1.97202,-0.6559849566984722,0.2788365249798381,0.0,0.0,0.0,0.0,0.0,0.0,0.0,0.0,0.0,0.0,0.0,0.0,0.0,0.0,0.0,-1.149966997566992,-0.581896779084758,-2.7443823922724127,1.0136836742856807,1.4779283842257822,-1.7541386898888012,-2.1929921690808305,-0.8555236473671226,0.6035298497285655,1.0777850727553828,-0.5157372002005528,0.0,1.2077292203277412,2.8585691788073393,0.0,0.0,0.0,0.0,0.0,0.0,0.0,0.0,0.0,0.0,0.0,0.0,40.0,40.0,40.0,60.0,60.0,60.0,60.0,60.0,60.0,60.0,60.0,60.0,60.0,60.0,60.0,60.0,60.0,0.0,0.0,0.0,0.0,0.0,0.0,0.0,0.0,0.0,0.0,0.0,0.0,1.0,1.0,1.0,1.5,1.5,1.5,1.5,1.5,1.5,1.5,1.5,1.5,1.5,1.5,1.5,1.5,1.5,0.0,0.0,0.0,0.0,0.0,0.0,0.0,0.0,0.0,0.0,0.0,0.0,0.0,0.0,0.0,0.0,0.0,0.0,0.0,0.0,0.0,0.0,0.0,0.0,0.0,0.0,0.0,0.0,0.0
-0.1,0.0,0.0,0.3,-0.2,0.0,-0.1,0.0,0.0,0.3,-0.2,0.0,0.0,0.0,0.0,0.12112565458296008,-0.08453823839890656,-0.29591592642339104,-0.23982760796004352,-0.6461801557705613,-0.4198799047385119,0.15694770121619178,0.05368310372296239,-0.012567743712430607,0.41112674262494403,-0.23141451016246473,1.97202,-0.6378609205395643,0.3490263290496422,0.0,0.0,0.0,0.0,0.0,0.0,0.0,0.0,0.0,0.0,0.0,0.0,0.0,0.0,0.0,-0.844176156567044,-0.22533995963767808,-2.9292142902256795,1.103083290931195,-0.3736897706855674,0.1301765884881914,-1.0419375262324697,-1.5281475242489282,-0.15065729803519545,1.6911074948805087,-0.11026894416467578,0.0,1.33396930826358,2.71987845516239,0.0,0.0,0.0,0.0,0.0,0.0,0.0,0.0,0.0,0.0,0.0,0.0,40.0,40.0,40.0,60.0,60.0,60.0,60.0,60.0,60.0,60.0,60.0,60.0,60.0,60.0,60.0,60.0,60.0,0.0,0.0,0.0,0.0,0.0,0.0,0.0,0.0,0.0,0.0,0.0,0.0,1.0,1.0,1.0,1.5,1.5,1.5,1.5,1.5,1.5,1.5,1.5,1.5,1.5,1.5,1.5,1.5,1.5,0.0,0.0,0.0,0.0,0.0,0.0,0.0,0.0,0.0,0.0,0.0,0.0,0.0,0.0,0.0,0.0,0.0,0.0,0.0,0.0,0.0,0.0,0.0,0.0,0.0,0.0,0.0,0.0,0.0
-0.1,0.0,0.0,0.3,-0.2,0.0,-0.1,0.0,0.0,0.3,-0.2,0.0,0.0,0.0,0.0,0.11043972901286944,-0.08141233715732131,-0.3578053591239961,-0.2177469815534333,-0.6928060011679087,-0.37918581261652745,0.15880711163977415,0.012453049777823477,-0.03088298793261669,0.4500819029501098,-0.23490491277507072,1.97202,-0.602626184367929,0.3876316631863337,0.0,0.0,0.0,0.0,0.0,0.0,0.0,0.0,0.0,0.0,0.0,0.0,0.0,0.0,0.0,-0.009399733724454323,0.4286537403200324,-2.919441687402316,0.3405941437704056,-2.388968012589096,3.4161716895903096,1.5288027946333265,-2.59063547200858,-1.401952639046141,1.6754336364166746,-0.3206249012639904,0.0,1.7109605641313863,2.0287579940470772,0.0,0.0,0.0,0.0,0.0,0.0,0.0,0.0,0.0,0.0,0.0,0.0,40.0,40.0,40.0,60.0,60.0,60.0,60.0,60.0,60.0,60.0,60.0,60.0,60.0,60.0,60.0,60.0,60.0,0.0,0.0,0.0,0.0,0.0,0.0,0.0,0.0,0.0,0.0,0.0,0.0,1.0,1.0,1.0,1.5,1.5,1.5,1.5,1.5,1.5,1.5,1.5,1.5,1.5,1.5,1.5,1.5,1.5,0.0,0.0,0.0,0.0,0.0,0.0,0.0,0.0,0.0,0.0,0.0,0.0,0.0,0.0,0.0,0.0,0.0,0.0,0.0,0.0,0.0,0.0,0.0,0.0,0.0,0.0,0.0,0.0,0.0
-0.1,0.0,0.0,0.3,-0.2,0.0,-0.1,0.0,0.0,0.3,-0.2,0.0,0.0,0.0,0.0,0.12074966523398191,-0.06739208878610527,-0.4126935939194837,-0.2262038422092273,-0.7417388762741252,-0.2832330371548995,0.21809981300152484,-0.04994231515738081,-0.06864584927427625,0.478144088081611,-0.24423950621302434,1.97202,-0.5694224979743089,0.4301766488115253,0.0,0.0,0.0,0.0,0.0,0.0,0.0,0.0,0.0,0.0,0.0,0.0,0.0,0.0,0.0,-0.0031158110186550736,0.2394647166424145,-2.362279315185117,-0.8404448089667851,-2.889772383856684,5.741005199653806,2.2358454499357125,-2.505575299518676,-0.8984977160744048,1.480451331400949,-1.061554447971525,0.0,3.222068319950064,1.0627130865499128,0.0,0.0,0.0,0.0,0.0,0.0,0.0,0.0,0.0,0.0,0.0,0.0,40.0,40.0,40.0,60.0,60.0,60.0,60.0,60.0,60.0,60.0,60.0,60.0,60.0,60.0,60.0,60.0,60.0,0.0,0.0,0.0,0.0,0.0,0.0,0.0,0.0,0.0,0.0,0.0,0.0,1.0,1.0,1.0,1.5,1.5,1.5,1.5,1.5,1.5,1.5,1.5,1.5,1.5,1.5,1.5,1.5,1.5,0.0,0.0,0.0,0.0,0.0,0.0,0.0,0.0,0.0,0.0,0.0,0.0,0.0,0.0,0.0,0.0,0.0,0.0,0.0,0.0,0.0,0.0,0.0,0.0,0.0,0.0,0.0,0.0,0.0
-0.1,0.0,0.0,0.3,-0.2,0.0,-0.1,0.0,0.0,0.3,-0.2,0.0,0.0,0.0,0.0,0.11031509657212324,-0.07183374849162473,-0.4522965317314008,-0.2513647739121047,-0.8083968965221761,-0.14954560463037522,0.24824092963720265,-0.08776996220292356,-0.06682289657559289,0.5092999562061478,-0.27736709069393173,1.97202,-0.4737434515699265,0.4301401866483302,0.0,0.0,0.0,0.0,0.0,0.0,0.0,0.0,0.0,0.0,0.0,0.0,0.0,0.0,0.0,-0.21587946053405851,0.04876686754760086,-0.8323179107267056,-1.6556156097109447,-4.272506024572165,5.594703943214117,-0.37171534007096396,-1.7334818585378198,-0.33640292331751886,0.5787329877695091,-1.7097304932224464,0.0,3.638693462345985,1.1700109378287846,0.0,0.0,0.0,0.0,0.0,0.0,0.0,0.0,0.0,0.0,0.0,0.0,40.0,40.0,40.0,60.0,60.0,60.0,60.0,60.0,60.0,60.0,60.0,60.0,60.0,60.0,60.0,60.0,60.0,0.0,0.0,0.0,0.0,0.0,0.0,0.0,0.0,0.0,0.0,0.0,0.0,1.0,1.0,1.0,1.5,1.5,1.5,1.5,1.5,1.5,1.5,1.5,1.5,1.5,1.5,1.5,1.5,1.5,0.0,0.0,0.0,0.0,0.0,0.0,0.0,0.0,0.0,0.0,0.0,0.0,0.0,0.0,0.0,0.0,0.0,0.0,0.0,0.0,0.0,0.0,0.0,0.0,0.0,0.0,0.0,0.0,0.0
-0.1,0.0,0.0,0.3,-0.2,0.0,-0.1,0.0,0.0,0.3,-0.2,0.0,0.0,0.0,0.0,0.11211448681261957,-0.06544141408420123,-0.4459863103485519,-0.2924284665976651,-0.9126391172570117,-0.059444879426334835,0.20323119939868628,-0.1192815894988936,-0.082101966206977,0.5012934075923914,-0.3126287259419222,1.97202,-0.4238747594804695,0.47697708632467667,0.0,0.0,0.0,0.0,0.0,0.0,0.0,0.0,0.0,0.0,0.0,0.0,0.0,0.0,0.0,-0.26136761106791834,0.0893117615705541,0.1669107849581103,-1.4493719458775478,-3.966079197236455,4.230194216815383,-0.8498160122982108,-1.640088220636866,-0.5343646282231687,0.5739557359475567,-1.6231317819278266,0.0,1.61670374395107,3.4398285891437284,0.0,0.0,0.0,0.0,0.0,0.0,0.0,0.0,0.0,0.0,0.0,0.0,40.0,40.0,40.0,60.0,60.0,60.0,60.0,60.0,60.0,60.0,60.0,60.0,60.0,60.0,60.0,60.0,60.0,0.0,0.0,0.0,0.0,0.0,0.0,0.0,0.0,0.0,0.0,0.0,0.0,1.0,1.0,1.0,1.5,1.5,1.5,1.5,1.5,1.5,1.5,1.5,1.5,1.5,1.5,1.5,1.5,1.5,0.0,0.0,0.0,0.0,0.0,0.0,0.0,0.0,0.0,0.0,0.0,0.0,0.0,0.0,0.0,0.0,0.0,0.0,0.0,0.0,0.0,0.0,0.0,0.0,0.0,0.0,0.0,0.0,0.0
-0.1,0.0,0.0,0.3,-0.2,0.0,-0.1,0.0,0.0,0.3,-0.2,0.0,0.0,0.0,0.0,0.0998603921294065,-0.06826127802880257,-0.44562010033307636,-0.3093396517472066,-0.9670400644116343,0.019662164042240124,0.21424828914527422,-0.1533734910283982,-0.08819748170451963,0.53225818564405,-0.3422923619710448,1.97202,-0.4090753018118837,0.5677333302140793,0.0,0.0,0.0,0.0,0.0,0.0,0.0,0.0,0.0,0.0,0.0,0.0,0.0,0.0,0.0,0.293530685199312,0.007613274503093931,-0.03240350096089667,-0.27605984460243455,0.5632430062899346,4.06231902993014,-1.0445891950958033,-2.8218425670255485,-0.011328426364663052,1.0164162216306254,-1.4670142462923808,0.0,0.9813564352573384,2.5845315958899704,0.0,0.0,0.0,0.0,0.0,0.0,0.0,0.0,0.0,0.0,0.0,0.0,40.0,40.0,40.0,60.0,60.0,60.0,60.0,60.0,60.0,60.0,60.0,60.0,60.0,60.0,60.0,60.0,60.0,0.0,0.0,0.0,0.0,0.0,0.0,0.0,0.0,0.0,0.0,0.0,0.0,1.0,1.0,1.0,1.5,1.5,1.5,1.5,1.5,1.5,1.5,1.5,1.5,1.5,1.5,1.5,1.5,1.5,0.0,0.0,0.0,0.0,0.0,0.0,0.0,0.0,0.0,0.0,0.0,0.0,0.0,0.0,0.0,0.0,0.0,0.0,0.0,0.0,0.0,0.0,0.0,0.0,0.0,0.0,0.0,0.0,0.0
-0.1,0.0,0.0,0.3,-0.2,0.0,-0.1,0.0,0.0,0.3,-0.2,0.0,0.0,0.0,0.0,0.12385571422059205,-0.06513688310407748,-0.4472824503869878,-0.30347086038176246,-0.8901093970054144,0.10304788177087076,0.16144763159485415,-0.23215529217991554,-0.08255510326156353,0.5419500564576164,-0.37130929579361743,1.97202,-0.38462050207017595,0.5803583501602755,0.0,0.0,0.0,0.0,0.0,0.0,0.0,0.0,0.0,0.0,0.0,0.0,0.0,0.0,0.0,0.7528129324808251,-0.12523750159513306,-0.13056226716493535,-0.1384545110657026,2.1891416894881277,3.6145442124858596,-2.5350401050435067,-3.3421036424284596,0.1890265324281347,0.7047951338042674,-0.8942516953066859,0.0,1.3780452814368431,1.4513730956793813,0.0,0.0,0.0,0.0,0.0,0.0,0.0,0.0,0.0,0.0,0.0,0.0,40.0,40.0,40.0,60.0,60.0,60.0,60.0,60.0,60.0,60.0,60.0,60.0,60.0,60.0,60.0,60.0,60.0,0.0,0.0,0.0,0.0,0.0,0.0,0.0,0.0,0.0,0.0,0.0,0.0,1.0,1.0,1.0,1.5,1.5,1.5,1.5,1.5,1.5,1.5,1.5,1.5,1.5,1.5,1.5,1.5,1.5,0.0,0.0,0.0,0.0,0.0,0.0,0.0,0.0,0.0,0.0,0.0,0.0,0.0,0.0,0.0,0.0,0.0,0.0,0.0,0.0,0.0,0.0,0.0,0.0,0.0,0.0,0.0,0.0,0.0
-0.1,0.0,0.0,0.3,-0.2,0.0,-0.1,0.0,0.0,0.3,-0.2,0.0,0.0,0.0,0.0,0.1299729094286395,-0.07327077809260789,-0.4508425910196738,-0.3148778321898347,-0.8794743968321092,0.16424393254167452,0.11284668494353395,-0.2870576367255366,-0.08063642040739424,0.5604499909962207,-0.3780624297833122,1.97202,-0.35395349055440994,0.6257882540412546,0.0,0.0,0.0,0.0,0.0,0.0,0.0,0.0,0.0,0.0,0.0,0.0,0.0,0.0,0.0,0.18779651723425175,-0.2384745843435145,0.12142685429691047,-0.5636898154568262,-0.250031880122506,2.8088651806024982,-2.0973931632463545,-2.438761981249371,-0.014862278294087983,0.5211168574924124,-0.3844921569689727,0.0,2.0296529468528166,1.7663584307943485,0.0,0.0,0.0,0.0,0.0,0.0,0.0,0.0,0.0,0.0,0.0,0.0,40.0,40.0,40.0,60.0,60.0,60.0,60.0,60.0,60.0,60.0,60.0,60.0,60.0,60.0,60.0,60.0,60.0,0.0,0.0,0.0,0.0,0.0,0.0,0.0,0.0,0.0,0.0,0.0,0.0,1.0,1.0,1.0,1.5,1.5,1.5,1.5,1.5,1.5,1.5,1.5,1.5,1.5,1.5,1.5,1.5,1.5,0.0,0.0,0.0,0.0,0.0,0.0,0.0,0.0,0.0,0.0,0.0,0.0,0.0,0.0,0.0,0.0,0.0,0.0,0.0,0.0,0.0,0.0,0.0,0.0,0.0,0.0,0.0,0.0,0.0
-0.1,0.0,0.0,0.3,-0.2,0.0,-0.1,0.0,0.0,0.3,-0.2,0.0,0.0,0.0,0.0,0.13136757490996212,-0.07467586647781806,-0.44242537621511135,-0.3260184530000355,-0.9001106722103146,0.2154024889949707,0.07755190506499997,-0.3297057714298904,-0.08314959439332704,0.5627947307573129,-0.38668898207237634,1.97202,-0.3034343841960633,0.6510126873920494,0.0,0.0,0.0,0.0,0.0,0.0,0.0,0.0,0.0,0.0,0.0,0.0,0.0,0.0,0.0,0.07452985495064388,0.002797996935293909,0.609777510666655,-0.4402947637364457,-0.9894889643317167,2.4802062342545934,-1.560836508849622,-1.7091488401932018,0.10101393881289285,-0.6552278647414644,-0.6090112590895077,0.0,3.6563456827625322,-0.49052794432594415,0.0,0.0,0.0,0.0,0.0,0.0,0.0,0.0,0.0,0.0,0.0,0.0,40.0,40.0,40.0,60.0,60.0,60.0,60.0,60.0,60.0,60.0,60.0,60.0,60.0,60.0,60.0,60.0,60.0,0.0,0.0,0.0,0.0,0.0,0.0,0.0,0.0,0.0,0.0,0.0,0.0,1.0,1.0,1.0,1.5,1.5,1.5,1.5,1.5,1.5,1.5,1.5,1.5,1.5,1.5,1.5,1.5,1.5,0.0,0.0,0.0,0.0,0.0,0.0,0.0,0.0,0.0,0.0,0.0,0.0,0.0,0.0,0.0,0.0,0.0,0.0,0.0,0.0,0.0,0.0,0.0,0.0,0.0,0.0,0.0,0.0,0.0
-0.1,0.0,0.0,0.3,-0.2,0.0,-0.1,0.0,0.0,0.3,-0.2,0.0,0.0,0.0,0.0,0.13295410362666527,-0.07315885821519613,-0.4264514905930076,-0.33248962273929256,-0.9190539554053778,0.26345218191185826,0.05041322458954906,-0.35542359033326465,-0.07659586285487853,0.5342408764065621,-0.40242288014689254,1.97202,-0.20769966324390865,0.6061671362682168,0.0,0.0,0.0,0.0,0.0,0.0,0.0,0.0,0.0,0.0,0.0,0.0,0.0,0.0,0.0,0.0679671423108763,0.07190529953269437,0.758244720076931,-0.3210748633523011,-0.9264645258597132,2.388965217250335,-1.2863824120197187,-1.0714043344167492,0.5137500607988698,-2.089401461982854,-1.1155294285731614,0.0,5.617699785912096,-2.988353442966005,0.0,0.0,0.0,0.0,0.0,0.0,0.0,0.0,0.0,0.0,0.0,0.0,40.0,40.0,40.0,60.0,60.0,60.0,60.0,60.0,60.0,60.0,60.0,60.0,60.0,60.0,60.0,60.0,60.0,0.0,0.0,0.0,0.0,0.0,0.0,0.0,0.0,0.0,0.0,0.0,0.0,1.0,1.0,1.0,1.5,1.5,1.5,1.5,1.5,1.5,1.5,1.5,1.5,1.5,1.5,1.5,1.5,1.5,0.0,0.0,0.0,0.0,0.0,0.0,0.0,0.0,0.0,0.0,0.0,0.0,0.0,0.0,0.0,0.0,0.0,0.0,0.0,0.0,0.0,0.0,0.0,0.0,0.0,0.0,0.0,0.0,0.0
-0.1,0.0,0.0,0.3,-0.2,0.0,-0.1,0.0,0.0,0.3,-0.2,0.0,0.0,0.0,0.0,0.13408626060239717,-0.07179965449651028,-0.4120955874120341,-0.33886144753412756,-0.9371692532447031,0.3109610976849841,0.02609660858421122,-0.37256194480656035,-0.06259959196137226,0.47921867227799875,-0.4313101592153028,1.97202,-0.07872639275957945,0.5314785496734092,0.0,0.0,0.0,0.0,0.0,0.0,0.0,0.0,0.0,0.0,0.0,0.0,0.0,0.0,0.0,-0.02951137890748884,0.09337290821108298,0.6579524237081982,-0.49729514831225036,-0.32114302598424127,2.4717882116061753,-1.8484146724244885,-0.5186894866289523,0.8420061360665878,-2.728776463946969,-1.2693640129044128,0.0,5.79714340139445,-3.2584762953156474,0.0,0.0,0.0,0.0,0.0,0.0,0.0,0.0,0.0,0.0,0.0,0.0,40.0,40.0,40.0,60.0,60.0,60.0,60.0,60.0,60.0,60.0,60.0,60.0,60.0,60.0,60.0,60.0,60.0,0.0,0.0,0.0,0.0,0.0,0.0,0.0,0.0,0.0,0.0,0.0,0.0,1.0,1.0,1.0,1.5,1.5,1.5,1.5,1.5,1.5,1.5,1.5,1.5,1.5,1.5,1.5,1.5,1.5,0.0,0.0,0.0,0.0,0.0,0.0,0.0,0.0,0.0,0.0,0.0,0.0,0.0,0.0,0.0,0.0,0.0,0.0,0.0,0.0,0.0,0.0,0.0,0.0,0.0,0.0,0.0,0.0,0.0
-0.1,0.0,0.0,0.3,-0.2,0.0,-0.1,0.0,0.0,0.3,-0.2,0.0,0.0,0.0,0.0,0.1317736484703657,-0.06942394188675281,-0.40013339364467965,-0.35238142867178257,-0.9318996764447475,0.3623237103761053,-0.02352336230743049,-0.37617116979842274,-0.042915617412215015,0.4250898178486834,-0.45319744066306905,1.97202,0.024186072811869366,0.47582808445559094,0.0,0.0,0.0,0.0,0.0,0.0,0.0,0.0,0.0,0.0,0.0,0.0,0.0,0.0,0.0,-0.16720932696153504,0.1125837389880216,0.6507713382517696,-0.706679373840742,0.3530907496604785,2.5995703322552854,-2.753670142048857,-0.18979530310030135,0.8979742101123493,-2.2002838085512693,-0.8519118436203343,0.0,4.298877340001207,-2.0854176596860077,0.0,0.0,0.0,0.0,0.0,0.0,0.0,0.0,0.0,0.0,0.0,0.0,40.0,40.0,40.0,60.0,60.0,60.0,60.0,60.0,60.0,60.0,60.0,60.0,60.0,60.0,60.0,60.0,60.0,0.0,0.0,0.0,0.0,0.0,0.0,0.0,0.0,0.0,0.0,0.0,0.0,1.0,1.0,1.0,1.5,1.5,1.5,1.5,1.5,1.5,1.5,1.5,1.5,1.5,1.5,1.5,1.5,1.5,0.0,0.0,0.0,0.0,0.0,0.0,0.0,0.0,0.0,0.0,0.0,0.0,0.0,0.0,0.0,0.0,0.0,0.0,0.0,0.0,0.0,0.0,0.0,0.0,0.0,0.0,0.0,0.0,0.0
-0.1,0.0,0.0,0.3,-0.2,0.0,-0.1,0.0,0.0,0.3,-0.2,0.0,0.0,0.0,0.0,0.12739788752393577,-0.06729630493698942,-0.38606473388196333,-0.36712862248775724,-0.923045623258284,0.4149439109751955,-0.08405019709774306,-0.3801537569305724,-0.026680623556878284,0.391207319935948,-0.4653866329601162,1.97202,0.09322870084046886,0.44806184328596893,0.0,0.0,0.0,0.0,0.0,0.0,0.0,0.0,0.0,0.0,0.0,0.0,0.0,0.0,0.0,-0.24145275927869128,0.10003237190927515,0.9332886725177264,-0.8063856475678227,0.5285501163699496,2.339543817961412,-3.2637680105504807,-0.2166236806677796,0.5976682835924041,-1.2149679997338583,-0.4247177685226644,0.0,2.472780686455525,-0.48311551885368703,0.0,0.0,0.0,0.0,0.0,0.0,0.0,0.0,0.0,0.0,0.0,0.0,40.0,40.0,40.0,60.0,60.0,60.0,60.0,60.0,60.0,60.0,60.0,60.0,60.0,60.0,60.0,60.0,60.0,0.0,0.0,0.0,0.0,0.0,0.0,0.0,0.0,0.0,0.0,0.0,0.0,1.0,1.0,1.0,1.5,1.5,1.5,1.5,1.5,1.5,1.5,1.5,1.5,1.5,1.5,1.5,1.5,1.5,0.0,0.0,0.0,0.0,0.0,0.0,0.0,0.0,0.0,0.0,0.0,0.0,0.0,0.0,0.0,0.0,0.0,0.0,0.0,0.0,0.0,0.0,0.0,0.0,0.0,0.0,0.0,0.0,0.0
-0.1,0.0,0.0,0.3,-0.2,0.0,-0.1,0.0,0.0,0.3,-0.2,0.0,0.0,0.0,0.0,0.12211553809921806,-0.06542264701038181,-0.3628018467439706,-0.3846368545744955,-0.9107576717899495,0.45590546309456176,-0.15407408272944972,-0.38483611702513393,-0.019008886068518853,0.37649109785932905,-0.4701861514039756,1.97202,0.12309730027009037,0.45650346370144346,0.0,0.0,0.0,0.0,0.0,0.0,0.0,0.0,0.0,0.0,0.0,0.0,0.0,0.0,0.0,-0.2913907394982741,0.11760750184466803,1.707458528820617,-1.047153485918796,0.5827886091920975,1.1665623191988161,-3.9843228905201222,-0.10257913287004539,-0.047837698022618405,-0.22125677328863058,-0.011830076136215562,0.0,-0.1388372604299106,2.073244644920537,0.0,0.0,0.0,0.0,0.0,0.0,0.0,0.0,0.0,0.0,0.0,0.0,40.0,40.0,40.0,60.0,60.0,60.0,60.0,60.0,60.0,60.0,60.0,60.0,60.0,60.0,60.0,60.0,60.0,0.0,0.0,0.0,0.0,0.0,0.0,0.0,0.0,0.0,0.0,0.0,0.0,1.0,1.0,1.0,1.5,1.5,1.5,1.5,1.5,1.5,1.5,1.5,1.5,1.5,1.5,1.5,1.5,1.5,0.0,0.0,0.0,0.0,0.0,0.0,0.0,0.0,0.0,0.0,0.0,0.0,0.0,0.0,0.0,0.0,0.0,0.0,0.0,0.0,0.0,0.0,0.0,0.0,0.0,0.0,0.0,0.0,0.0
-0.1,0.0,0.0,0.3,-0.2,0.0,-0.1,0.0,0.0,0.3,-0.2,0.0,0.0,0.0,0.0,0.1157422579440048,-0.0625920048632027,-0.31776639272913865,-0.4090147619245091,-0.8997340788906001,0.46160640374314815,-0.24342311271854794,-0.3842569222453742,-0.02859413147778302,0.38235704900440276,-0.4658598360055648,1.97202,0.08767521042327243,0.5309916290827904,0.0,0.0,0.0,0.0,0.0,0.0,0.0,0.0,0.0,0.0,0.0,0.0,0.0,0.0,0.0,-0.33622144418887673,0.1942575450195978,2.1735038076108255,-0.9786753148663591,0.2702643570932223,-0.0871510737372988,-4.589734749013472,-0.12269647165693842,-0.717602091891461,1.1212119574672024,0.48032870587386145,0.0,-2.923278864304816,4.610450389881829,0.0,0.0,0.0,0.0,0.0,0.0,0.0,0.0,0.0,0.0,0.0,0.0,40.0,40.0,40.0,60.0,60.0,60.0,60.0,60.0,60.0,60.0,60.0,60.0,60.0,60.0,60.0,60.0,60.0,0.0,0.0,0.0,0.0,0.0,0.0,0.0,0.0,0.0,0.0,0.0,0.0,1.0,1.0,1.0,1.5,1.5,1.5,1.5,1.5,1.5,1.5,1.5,1.5,1.5,1.5,1.5,1.5,1.5,0.0,0.0,0.0,0.0,0.0,0.0,0.0,0.0,0.0,0.0,0.0,0.0,0.0,0.0,0.0,0.0,0.0,0.0,0.0,0.0,0.0,0.0,0.0,0.0,0.0,0.0,0.0,0.0,0.0
-0.1,0.0,0.0,0.3,-0.2,0.0,-0.1,0.0,0.0,0.3,-0.2,0.0,0.0,0.0,0.0,0.10866668033166299,-0.057652345209597895,-0.27586169443953756,-0.42378386716914984,-0.8999470975062206,0.4524194201450698,-0.3376634726899886,-0.38974397589141146,-0.04771296974417729,0.42133957615801715,-0.45097300316902117,1.97202,0.0061661456978977305,0.6409214792967166,0.0,0.0,0.0,0.0,0.0,0.0,0.0,0.0,0.0,0.0,0.0,0.0,0.0,0.0,0.0,-0.7352630617867444,0.2734072538867092,2.1407497588868196,-0.43307048280933763,-0.18601493357685572,-2.0427518633656603,-2.5241717780913513,-0.1511264944931312,-0.9828219543499529,2.6328209933134614,1.0896316514678803,0.0,-4.070011533965875,5.042996363194311,0.0,0.0,0.0,0.0,0.0,0.0,0.0,0.0,0.0,0.0,0.0,0.0,40.0,40.0,40.0,60.0,60.0,60.0,60.0,60.0,60.0,60.0,60.0,60.0,60.0,60.0,60.0,60.0,60.0,0.0,0.0,0.0,0.0,0.0,0.0,0.0,0.0,0.0,0.0,0.0,0.0,1.0,1.0,1.0,1.5,1.5,1.5,1.5,1.5,1.5,1.5,1.5,1.5,1.5,1.5,1.5,1.5,1.5,0.0,0.0,0.0,0.0,0.0,0.0,0.0,0.0,0.0,0.0,0.0,0.0,0.0,0.0,0.0,0.0,0.0,0.0,0.0,0.0,0.0,0.0,0.0,0.0,0.0,0.0,0.0,0.0,0.0
-0.1,0.0,0.0,0.3,-0.2,0.0,-0.1,0.0,0.0,0.3,-0.2,0.0,0.0,0.0,0.0,0.08633173547253503,-0.05165571470773433,-0.23213640237366587,-0.4263375812368826,-0.9071746762336743,0.37989632920852173,-0.344389983842202,-0.39030198202509947,-0.06790700965178113,0.4876698887369412,-0.4222745699468496,1.97202,-0.0751252509353626,0.7327114836105628,0.0,0.0,0.0,0.0,0.0,0.0,0.0,0.0,0.0,0.0,0.0,0.0,0.0,0.0,0.0,-1.8503256485392658,0.6037421124135803,1.995007979245577,-0.5378642622579394,-3.3411444292769015,-5.039563506598632,2.62997400084716,1.0139328090698188,-1.6013149028919509,3.479553317382235,1.7452719328635249,0.0,-3.940277986853885,6.1099041868021535,0.0,0.0,0.0,0.0,0.0,0.0,0.0,0.0,0.0,0.0,0.0,0.0,40.0,40.0,40.0,60.0,60.0,60.0,60.0,60.0,60.0,60.0,60.0,60.0,60.0,60.0,60.0,60.0,60.0,0.0,0.0,0.0,0.0,0.0,0.0,0.0,0.0,0.0,0.0,0.0,0.0,1.0,1.0,1.0,1.5,1.5,1.5,1.5,1.5,1.5,1.5,1.5,1.5,1.5,1.5,1.5,1.5,1.5,0.0,0.0,0.0,0.0,0.0,0.0,0.0,0.0,0.0,0.0,0.0,0.0,0.0,0.0,0.0,0.0,0.0,0.0,0.0,0.0,0.0,0.0,0.0,0.0,0.0,0.0,0.0,0.0,0.0
-0.1,0.0,0.0,0.3,-0.2,0.0,-0.1,0.0,0.0,0.3,-0.2,0.0,0.0,0.0,0.0,0.03465365439009236,-0.03350266071305468,-0.19606137526971448,-0.4452984376594674,-1.0335928746772967,0.2508368798811245,-0.23246451265610218,-0.3491866635286187,-0.11176556585985534,0.5605217088533065,-0.38116212585448017,1.97202,-0.15144497377625768,0.8853176467688028,0.0,0.0,0.0,0.0,0.0,0.0,0.0,0.0,0.0,0.0,0.0,0.0,0.0,0.0,0.0,-1.1133124961775693,0.6941606180991123,0.1957699604227925,-0.7596691108588516,-2.9378423984969926,-6.010756936749327,1.4784180969784997,0.5943693546095848,-1.5316964874487071,3.387963727295022,3.2958162159255746,0.0,-3.740227010635539,5.803213112462144,0.0,0.0,0.0,0.0,0.0,0.0,0.0,0.0,0.0,0.0,0.0,0.0,40.0,40.0,40.0,60.0,60.0,60.0,60.0,60.0,60.0,60.0,60.0,60.0,60.0,60.0,60.0,60.0,60.0,0.0,0.0,0.0,0.0,0.0,0.0,0.0,0.0,0.0,0.0,0.0,0.0,1.0,1.0,1.0,1.5,1.5,1.5,1.5,1.5,1.5,1.5,1.5,1.5,1.5,1.5,1.5,1.5,1.5,0.0,0.0,0.0,0.0,0.0,0.0,0.0,0.0,0.0,0.0,0.0,0.0,0.0,0.0,0.0,0.0,0.0,0.0,0.0,0.0,0.0,0.0,0.0,0.0,0.0,0.0,0.0,0.0,0.0
-0.1,0.0,0.0,0.3,-0.2,0.0,-0.1,0.0,0.0,0.3,-0.2,0.0,0.0,0.0,0.0,0.04179923562543226,-0.023889289983769834,-0.22430560395675417,-0.45672434567123665,-1.024688372173554,0.13946605173854867,-0.285253259963062,-0.3665272078407161,-0.12917486914972942,0.6231884378287421,-0.2904419213098266,1.97202,-0.22473433136078416,0.9648400081090486,0.0,0.0,0.0,0.0,0.0,0.0,0.0,0.0,0.0,0.0,0.0,0.0,0.0,0.0,0.0,-1.443057945766632,0.33337400913765275,-1.4789800264306685,-0.8779048947523682,-0.6800757899109056,-6.203967527470655,1.5014811811482662,1.2729355464426815,-1.5826415384813899,3.6923618826611078,4.665176227962569,0.0,-0.23654777342893563,1.59739200315758,0.0,0.0,0.0,0.0,0.0,0.0,0.0,0.0,0.0,0.0,0.0,0.0,40.0,40.0,40.0,60.0,60.0,60.0,60.0,60.0,60.0,60.0,60.0,60.0,60.0,60.0,60.0,60.0,60.0,0.0,0.0,0.0,0.0,0.0,0.0,0.0,0.0,0.0,0.0,0.0,0.0,1.0,1.0,1.0,1.5,1.5,1.5,1.5,1.5,1.5,1.5,1.5,1.5,1.5,1.5,1.5,1.5,1.5,0.0,0.0,0.0,0.0,0.0,0.0,0.0,0.0,0.0,0.0,0.0,0.0,0.0,0.0,0.0,0.0,0.0,0.0,0.0,0.0,0.0,0.0,0.0,0.0,0.0,0.0,0.0,0.0,0.0
-0.1,0.0,0.0,0.3,-0.2,0.0,-0.1,0.0,0.0,0.3,-0.2,0.0,0.0,0.0,0.0,-0.023068663440572925,-0.02016770034754857,-0.25522057632694123,-0.48041463344956215,-1.0607959062737329,0.0026781787822983127,-0.17240526541017154,-0.29826924167091146,-0.17507122739911093,0.7082161841597509,-0.19455507673597744,1.97202,-0.1609068847134151,0.949213326895106,0.0,0.0,0.0,0.0,0.0,0.0,0.0,0.0,0.0,0.0,0.0,0.0,0.0,0.0,0.0,-1.6242061943502306,1.05870791921392,-1.1001607401918585,-1.571399507529303,-2.967835031879007,-6.758100905658212,2.6201587120976497,2.997597277410574,-2.4471054581720844,1.029387581737612,4.065154386054297,0.0,4.310595736198606,-2.6001285821292295,0.0,0.0,0.0,0.0,0.0,0.0,0.0,0.0,0.0,0.0,0.0,0.0,40.0,40.0,40.0,60.0,60.0,60.0,60.0,60.0,60.0,60.0,60.0,60.0,60.0,60.0,60.0,60.0,60.0,0.0,0.0,0.0,0.0,0.0,0.0,0.0,0.0,0.0,0.0,0.0,0.0,1.0,1.0,1.0,1.5,1.5,1.5,1.5,1.5,1.5,1.5,1.5,1.5,1.5,1.5,1.5,1.5,1.5,0.0,0.0,0.0,0.0,0.0,0.0,0.0,0.0,0.0,0.0,0.0,0.0,0.0,0.0,0.0,0.0,0.0,0.0,0.0,0.0,0.0,0.0,0.0,0.0,0.0,0.0,0.0,0.0,0.0
-0.1,0.0,0.0,0.3,-0.2,0.0,-0.1,0.0,0.0,0.3,-0.2,0.0,0.0,0.0,0.0,-0.023169012148576973,0.01845902678478696,-0.2683120335644285,-0.5195803259724088,-1.1434017734487143,-0.1308579844877798,-0.180446911479156,-0.2466233167442931,-0.2270590874766128,0.6643639410982466,-0.12783574586765473,1.97202,-0.052310501912839896,0.8608348648238794,0.0,0.0,0.0,0.0,0.0,0.0,0.0,0.0,0.0,0.0,0.0,0.0,0.0,0.0,0.0,-1.5784327264442912,1.7931223699890524,-1.3341592496233636,-1.8112717815116501,-1.6401312264359202,-6.015965698394532,0.3260742270164929,2.8566603235034833,-2.8637742010490013,-2.15721869185026,2.995121503085706,0.0,8.163693562953293,-4.125694755316355,0.0,0.0,0.0,0.0,0.0,0.0,0.0,0.0,0.0,0.0,0.0,0.0,40.0,40.0,40.0,60.0,60.0,60.0,60.0,60.0,60.0,60.0,60.0,60.0,60.0,60.0,60.0,60.0,60.0,0.0,0.0,0.0,0.0,0.0,0.0,0.0,0.0,0.0,0.0,0.0,0.0,1.0,1.0,1.0,1.5,1.5,1.5,1.5,1.5,1.5,1.5,1.5,1.5,1.5,1.5,1.5,1.5,1.5,0.0,0.0,0.0,0.0,0.0,0.0,0.0,0.0,0.0,0.0,0.0,0.0,0.0,0.0,0.0,0.0,0.0,0.0,0.0,0.0,0.0,0.0,0.0,0.0,0.0,0.0,0.0,0.0,0.0
-0.1,0.0,0.0,0.3,-0.2,0.0,-0.1,0.0,0.0,0.3,-0.2,0.0,0.0,0.0,0.0,-0.08620597249834458,0.051557194452013524,-0.3085869463118758,-0.5528655047100282,-1.1264011553311697,-0.23796044915348297,-0.15936229632951182,-0.18400282873077212,-0.289622195441071,0.6219274364857404,-0.07475021661254919,1.97202,0.16564085780471663,0.7841855366824517,0.0,0.0,0.0,0.0,0.0,0.0,0.0,0.0,0.0,0.0,0.0,0.0,0.0,0.0,0.0,-3.2858029499140198,1.3870190220570728,-2.141905803261088,-2.312686563173208,3.651602382697805,-3.0329089290227236,-0.1960121259905155,2.6805068631553985,-2.31778075575121,-3.0367627266965678,2.5371495394723462,0.0,11.412557049100824,-9.353586866015865,0.0,0.0,0.0,0.0,0.0,0.0,0.0,0.0,0.0,0.0,0.0,0.0,40.0,40.0,40.0,60.0,60.0,60.0,60.0,60.0,60.0,60.0,60.0,60.0,60.0,60.0,60.0,60.0,60.0,0.0,0.0,0.0,0.0,0.0,0.0,0.0,0.0,0.0,0.0,0.0,0.0,1.0,1.0,1.0,1.5,1.5,1.5,1.5,1.5,1.5,1.5,1.5,1.5,1.5,1.5,1.5,1.5,1.5,0.0,0.0,0.0,0.0,0.0,0.0,0.0,0.0,0.0,0.0,0.0,0.0,0.0,0.0,0.0,0.0,0.0,0.0,0.0,0.0,0.0,0.0,0.0,0.0,0.0,0.0,0.0,0.0,0.0
-0.1,0.0,0.0,0.3,-0.2,0.0,-0.1,0.0,0.0,0.3,-0.2,0.0,0.0,0.0,0.0,-0.15460113014513777,0.07393978766706988,-0.353988265694872,-0.6120877884993371,-0.9973376781408021,-0.25217434164868874,-0.18828739651877663,-0.13940304221807717,-0.3197703177066612,0.5428934320303839,-0.026349764288760874,1.97202,0.4041917800511931,0.48669139018324475,0.0,0.0,0.0,0.0,0.0,0.0,0.0,0.0,0.0,0.0,0.0,0.0,0.0,0.0,0.0,-2.3650161915690906,1.5271283616696245,-1.2084799217554647,-3.0350424292882816,3.2919588854033317,0.2150122157789397,-0.2705429153231929,2.1018035679978424,-1.5084181852254865,-5.0788737277883795,1.8182306235770704,0.0,11.165211733655877,-11.538970871381258,0.0,0.0,0.0,0.0,0.0,0.0,0.0,0.0,0.0,0.0,0.0,0.0,40.0,40.0,40.0,60.0,60.0,60.0,60.0,60.0,60.0,60.0,60.0,60.0,60.0,60.0,60.0,60.0,60.0,0.0,0.0,0.0,0.0,0.0,0.0,0.0,0.0,0.0,0.0,0.0,0.0,1.0,1.0,1.0,1.5,1.5,1.5,1.5,1.5,1.5,1.5,1.5,1.5,1.5,1.5,1.5,1.5,1.5,0.0,0.0,0.0,0.0,0.0,0.0,0.0,0.0,0.0,0.0,0.0,0.0,0.0,0.0,0.0,0.0,0.0,0.0,0.0,0.0,0.0,0.0,0.0,0.0,0.0,0.0,0.0,0.0,0.0
-0.1,0.0,0.0,0.3,-0.2,0.0,-0.1,0.0,0.0,0.3,-0.2,0.0,0.0,0.0,0.0,-0.1808066201611082,0.11264232891879851,-0.35692614318209437,-0.6742672018815594,-0.9947227999150364,-0.22935996052232538,-0.17018401294243954,-0.09993068601085842,-0.34995892285009045,0.41877248737420525,-0.002020991669466371,1.97202,0.6122493271509517,0.3226267018272014,0.0,0.0,0.0,0.0,0.0,0.0,0.0,0.0,0.0,0.0,0.0,0.0,0.0,0.0,0.0,-2.159921847346359,1.9454466107937483,0.19442712223794456,-1.173846974135953,-0.9354733799459725,1.8442648277969278,0.5208079690495339,2.2335508930122443,-1.0489801147238451,-6.010820213264836,0.7433051063412071,0.0,13.565797450802208,-10.464090338074673,0.0,0.0,0.0,0.0,0.0,0.0,0.0,0.0,0.0,0.0,0.0,0.0,40.0,40.0,40.0,60.0,60.0,60.0,60.0,60.0,60.0,60.0,60.0,60.0,60.0,60.0,60.0,60.0,60.0,0.0,0.0,0.0,0.0,0.0,0.0,0.0,0.0,0.0,0.0,0.0,0.0,1.0,1.0,1.0,1.5,1.5,1.5,1.5,1.5,1.5,1.5,1.5,1.5,1.5,1.5,1.5,1.5,1.5,0.0,0.0,0.0,0.0,0.0,0.0,0.0,0.0,0.0,0.0,0.0,0.0,0.0,0.0,0.0,0.0,0.0,0.0,0.0,0.0,0.0,0.0,0.0,0.0,0.0,0.0,0.0,0.0,0.0
-0.1,0.0,0.0,0.3,-0.2,0.0,-0.1,0.0,0.0,0.3,-0.2,0.0,0.0,0.0,0.0,-0.24099800403899213,0.1517576520988198,-0.34621118080535424,-0.6590416674647752,-1.034756613338641,-0.17840374853681162,-0.16745507775679527,-0.050061006497587414,-0.361729522295615,0.3024606234997904,0.0033824399648874053,1.97202,0.9468236780832814,0.06812777666025782,0.0,0.0,0.0,0.0,0.0,0.0,0.0,0.0,0.0,0.0,0.0,0.0,0.0,0.0,0.0,-2.178192311763559,2.2221917188608598,0.617041958068544,1.10866384785418,-2.2694354306549007,2.157110055302256,-1.223313828162744,2.113992888269915,0.3158138003709621,-7.266887230035168,0.5146905774955323,0.0,18.074893478897476,-11.320686930451727,0.0,0.0,0.0,0.0,0.0,0.0,0.0,0.0,0.0,0.0,0.0,0.0,40.0,40.0,40.0,60.0,60.0,60.0,60.0,60.0,60.0,60.0,60.0,60.0,60.0,60.0,60.0,60.0,60.0,0.0,0.0,0.0,0.0,0.0,0.0,0.0,0.0,0.0,0.0,0.0,0.0,1.0,1.0,1.0,1.5,1.5,1.5,1.5,1.5,1.5,1.5,1.5,1.5,1.5,1.5,1.5,1.5,1.5,0.0,0.0,0.0,0.0,0.0,0.0,0.0,0.0,0.0,0.0,0.0,0.0,0.0,0.0,0.0,0.0,0.0,0.0,0.0,0.0,0.0,0.0,0.0,0.0,0.0,0.0,0.0,0.0,0.0
-0.1,0.0,0.0,0.3,-0.2,0.0,-0.1,0.0,0.0,0.3,-0.2,0.0,0.0,0.0,0.0,-0.2679343126316506,0.2015299976732329,-0.3322444648593526,-0.6299206479673922,-1.0855002171412325,-0.14307555831023513,-0.2191165660689493,-0.01537097048006181,-0.33732637083525197,0.12809699817279852,0.018566631430354922,1.97202,1.3352450663068507,-0.13020077539086772,0.0,0.0,0.0,0.0,0.0,0.0,0.0,0.0,0.0,0.0,0.0,0.0,0.0,0.0,0.0,-0.5461077522832327,2.476673060202461,0.09049384436341512,0.5555231788788972,-2.4647074280584156,2.2784535928856866,-1.3207883244882062,1.1995860969856074,0.32353328302406753,-8.448867969836233,0.9102128369960951,0.0,10.530652039910812,-7.678754159057985,0.0,0.0,0.0,0.0,0.0,0.0,0.0,0.0,0.0,0.0,0.0,0.0,40.0,40.0,40.0,60.0,60.0,60.0,60.0,60.0,60.0,60.0,60.0,60.0,60.0,60.0,60.0,60.0,60.0,0.0,0.0,0.0,0.0,0.0,0.0,0.0,0.0,0.0,0.0,0.0,0.0,1.0,1.0,1.0,1.5,1.5,1.5,1.5,1.5,1.5,1.5,1.5,1.5,1.5,1.5,1.5,1.5,1.5,0.0,0.0,0.0,0.0,0.0,0.0,0.0,0.0,0.0,0.0,0.0,0.0,0.0,0.0,0.0,0.0,0.0,0.0,0.0,0.0,0.0,0.0,0.0,0.0,0.0,0.0,0.0,0.0,0.0
-0.1,0.0,0.0,0.3,-0.2,0.0,-0.1,0.0,0.0,0.3,-0.2,0.0,0.0,0.0,0.0,-0.26284231413032144,0.25082457450691825,-0.34259142703081763,-0.6368207403096193,-1.1333449104609776,-0.08726560482138417,-0.22028661073632352,-0.0020775626181631177,-0.3487881909746523,-0.03549409529365889,0.039790953444731214,1.97202,1.3680497596797139,-0.23902238970206155,0.0,0.0,0.0,0.0,0.0,0.0,0.0,0.0,0.0,0.0,0.0,0.0,0.0,0.0,0.0,0.8774124425209486,2.4497358972432126,-0.8508947348674439,-0.6035955070294058,-2.4222151955759164,2.8231621847282296,0.02158908779124058,1.058006392526578,-2.1325790883161027,-4.620653318720948,-0.28874487731338294,0.0,-6.290875116680899,-2.464790657576763,0.0,0.0,0.0,0.0,0.0,0.0,0.0,0.0,0.0,0.0,0.0,0.0,40.0,40.0,40.0,60.0,60.0,60.0,60.0,60.0,60.0,60.0,60.0,60.0,60.0,60.0,60.0,60.0,60.0,0.0,0.0,0.0,0.0,0.0,0.0,0.0,0.0,0.0,0.0,0.0,0.0,1.0,1.0,1.0,1.5,1.5,1.5,1.5,1.5,1.5,1.5,1.5,1.5,1.5,1.5,1.5,1.5,1.5,0.0,0.0,0.0,0.0,0.0,0.0,0.0,0.0,0.0,0.0,0.0,0.0,0.0,0.0,0.0,0.0,0.0,0.0,0.0,0.0,0.0,0.0,0.0,0.0,0.0,0.0,0.0,0.0,0.0
-0.1,0.0,0.0,0.3,-0.2,0.0,-0.1,0.0,0.0,0.3,-0.2,0.0,0.0,0.0,0.0,-0.23283781493081263,0.2995194335629614,-0.36628025425405036,-0.6540644682485685,-1.1823888249642691,-0.030149070921105938,-0.21825300255729968,0.02694928522100131,-0.4226295343678961,-0.056729134576039425,0.007016836337819604,1.97202,1.0836100616396147,-0.22879240169393825,0.0,0.0,0.0,0.0,0.0,0.0,0.0,0.0,0.0,0.0,0.0,0.0,0.0,0.0,0.0,0.7223815338166129,1.313444274559865,-2.447280966361419,0.2411525625330646,-3.7223063179267655,0.6268692993511985,-1.6417546770477498,1.818868210092979,-3.5795657326053485,3.5487534071590705,-1.570100055905803,0.0,-18.493493654384107,3.209866851978929,0.0,0.0,0.0,0.0,0.0,0.0,0.0,0.0,0.0,0.0,0.0,0.0,40.0,40.0,40.0,60.0,60.0,60.0,60.0,60.0,60.0,60.0,60.0,60.0,60.0,60.0,60.0,60.0,60.0,0.0,0.0,0.0,0.0,0.0,0.0,0.0,0.0,0.0,0.0,0.0,0.0,1.0,1.0,1.0,1.5,1.5,1.5,1.5,1.5,1.5,1.5,1.5,1.5,1.5,1.5,1.5,1.5,1.5,0.0,0.0,0.0,0.0,0.0,0.0,0.0,0.0,0.0,0.0,0.0,0.0,0.0,0.0,0.0,0.0,0.0,0.0,0.0,0.0,0.0,0.0,0.0,0.0,0.0,0.0,0.0,0.0,0.0
-0.1,0.0,0.0,0.3,-0.2,0.0,-0.1,0.0,0.0,0.3,-0.2,0.0,0.0,0.0,0.0,-0.23394705277765693,0.30336234548931285,-0.4404826656852744,-0.6271746378082967,-1.2822371631780483,-0.06219083284733622,-0.2859567978182335,0.07067716578555604,-0.49197082027886624,0.10645604099270393,-0.023013048791500897,1.97202,0.6283100135043496,-0.11062771562290438,0.0,0.0,0.0,0.0,0.0,0.0,0.0,0.0,0.0,0.0,0.0,0.0,0.0,0.0,0.0,1.278350267222326,0.5210798566884056,-2.40294463549066,0.9498792443289245,-3.1535745056326,-0.10652497082001841,-3.0589530242636873,1.3794581735450182,-2.1811049341190603,6.981995451587738,-0.6097060811869275,0.0,-23.843896593289145,8.930718599905651,0.0,0.0,0.0,0.0,0.0,0.0,0.0,0.0,0.0,0.0,0.0,0.0,40.0,40.0,40.0,60.0,60.0,60.0,60.0,60.0,60.0,60.0,60.0,60.0,60.0,60.0,60.0,60.0,60.0,0.0,0.0,0.0,0.0,0.0,0.0,0.0,0.0,0.0,0.0,0.0,0.0,1.0,1.0,1.0,1.5,1.5,1.5,1.5,1.5,1.5,1.5,1.5,1.5,1.5,1.5,1.5,1.5,1.5,0.0,0.0,0.0,0.0,0.0,0.0,0.0,0.0,0.0,0.0,0.0,0.0,0.0,0.0,0.0,0.0,0.0,0.0,0.0,0.0,0.0,0.0,0.0,0.0,0.0,0.0,0.0,0.0,0.0
-0.1,0.0,0.0,0.3,-0.2,0.0,-0.1,0.0,0.0,0.3,-0.2,0.0,0.0,0.0,0.0,-0.1817038042419196,0.3203626278304976,-0.46239803967367676,-0.6160692984754115,-1.3085318051895731,-0.034410069753906675,-0.34061112352784717,0.08212761216280204,-0.5098737317326585,0.2225506834874701,-0.017371406909657494,1.97202,0.12985419790804886,0.12843634230228784,0.0,0.0,0.0,0.0,0.0,0.0,0.0,0.0,0.0,0.0,0.0,0.0,0.0,0.0,0.0,2.7912668232100297,0.9082412751953317,-0.425167000739006,0.7788688193843429,0.12203129519983147,1.9131737068739385,-2.0772342576250007,-0.0686363065212317,0.018863076593605976,5.2270665291283045,-0.06615040300909535,0.0,-23.86639282800504,10.386980724222433,0.0,0.0,0.0,0.0,0.0,0.0,0.0,0.0,0.0,0.0,0.0,0.0,40.0,40.0,40.0,60.0,60.0,60.0,60.0,60.0,60.0,60.0,60.0,60.0,60.0,60.0,60.0,60.0,60.0,0.0,0.0,0.0,0.0,0.0,0.0,0.0,0.0,0.0,0.0,0.0,0.0,1.0,1.0,1.0,1.5,1.5,1.5,1.5,1.5,1.5,1.5,1.5,1.5,1.5,1.5,1.5,1.5,1.5,0.0,0.0,0.0,0.0,0.0,0.0,0.0,0.0,0.0,0.0,0.0,0.0,0.0,0.0,0.0,0.0,0.0,0.0,0.0,0.0,0.0,0.0,0.0,0.0,0.0,0.0,0.0,0.0,0.0
-0.1,0.0,0.0,0.3,-0.2,0.0,-0.1,0.0,0.0,0.3,-0.2,0.0,0.0,0.0,0.0,-0.12229637984925573,0.3396919964971261,-0.4574893457148346,-0.596019885032923,-1.277355911370055,0.014336115427621313,-0.36904616812323354,0.06793171352470677,-0.491216297215122,0.31553870215783614,-0.02565906491186471,1.97202,-0.32634569961585197,0.304851513345993,0.0,0.0,0.0,0.0,0.0,0.0,0.0,0.0,0.0,0.0,0.0,0.0,0.0,0.0,0.0,2.465506299823923,0.2868686029004974,1.739077601884728,1.2010974211733998,1.6739913814243779,2.290744110654444,0.3376556888829457,-0.9638681210645034,1.226428328095999,3.629292408939749,-1.4002049397320353,0.0,-16.273340637619178,5.192998852549825,0.0,0.0,0.0,0.0,0.0,0.0,0.0,0.0,0.0,0.0,0.0,0.0,40.0,40.0,40.0,60.0,60.0,60.0,60.0,60.0,60.0,60.0,60.0,60.0,60.0,60.0,60.0,60.0,60.0,0.0,0.0,0.0,0.0,0.0,0.0,0.0,0.0,0.0,0.0,0.0,0.0,1.0,1.0,1.0,1.5,1.5,1.5,1.5,1.5,1.5,1.5,1.5,1.5,1.5,1.5,1.5,1.5,1.5,0.0,0.0,0.0,0.0,0.0,0.0,0.0,0.0,0.0,0.0,0.0,0.0,0.0,0.0,0.0,0.0,0.0,0.0,0.0,0.0,0.0,0.0,0.0,0.0,0.0,0.0,0.0,0.0,0.0
-0.1,0.0,0.0,0.3,-0.2,0.0,-0.1,0.0,0.0,0.3,-0.2,0.0,0.0,0.0,0.0,-0.08308355224896267,0.3318373719465175,-0.39283493559828764,-0.5680254016284755,-1.241572149932598,0.05721969467227108,-0.32710489597252934,0.0435728873202219,-0.4608165986088185,0.36772237984506007,-0.0733796044989389,1.97202,-0.5210794275967182,0.33615629640428085,0.0,0.0,0.0,0.0,0.0,0.0,0.0,0.0,0.0,0.0,0.0,0.0,0.0,0.0,0.0,1.6559983567055527,-0.997630097289047,3.213124754953546,1.1573374843767192,0.5746269279742366,2.634292554219101,2.6321034466806212,-1.111728600245972,2.058298005818278,0.7247131393702172,-2.8986911104821718,0.0,-4.769011217381714,-0.46040451915720093,0.0,0.0,0.0,0.0,0.0,0.0,0.0,0.0,0.0,0.0,0.0,0.0,40.0,40.0,40.0,60.0,60.0,60.0,60.0,60.0,60.0,60.0,60.0,60.0,60.0,60.0,60.0,60.0,60.0,0.0,0.0,0.0,0.0,0.0,0.0,0.0,0.0,0.0,0.0,0.0,0.0,1.0,1.0,1.0,1.5,1.5,1.5,1.5,1.5,1.5,1.5,1.5,1.5,1.5,1.5,1.5,1.5,1.5,0.0,0.0,0.0,0.0,0.0,0.0,0.0,0.0,0.0,0.0,0.0,0.0,0.0,0.0,0.0,0.0,0.0,0.0,0.0,0.0,0.0,0.0,0.0,0.0,0.0,0.0,0.0,0.0,0.0
-0.1,0.0,0.0,0.3,-0.2,0.0,-0.1,0.0,0.0,0.3,-0.2,0.0,0.0,0.0,0.0,-0.05605644558103363,0.29978679260556423,-0.3289643555166928,-0.5497263856578543,-1.2543708342510855,0.11970781759638537,-0.2637620302560087,0.02346256951486789,-0.4088843769823909,0.3445272277326448,-0.14160670933115158,1.97202,-0.5171061483111206,0.28643533257970494,0.0,0.0,0.0,0.0,0.0,0.0,0.0,0.0,0.0,0.0,0.0,0.0,0.0,0.0,0.0,1.1490812688729277,-1.9008201350758784,3.0277994681250404,0.6591090770363517,-1.5914983585193831,3.3785179949956214,3.0571880334675936,-0.8659905677695322,2.9345965946611083,-2.0033112410045226,-3.1941553537518708,0.0,1.375474987724734,-3.0297663495692975,0.0,0.0,0.0,0.0,0.0,0.0,0.0,0.0,0.0,0.0,0.0,0.0,40.0,40.0,40.0,60.0,60.0,60.0,60.0,60.0,60.0,60.0,60.0,60.0,60.0,60.0,60.0,60.0,60.0,0.0,0.0,0.0,0.0,0.0,0.0,0.0,0.0,0.0,0.0,0.0,0.0,1.0,1.0,1.0,1.5,1.5,1.5,1.5,1.5,1.5,1.5,1.5,1.5,1.5,1.5,1.5,1.5,1.5,0.0,0.0,0.0,0.0,0.0,0.0,0.0,0.0,0.0,0.0,0.0,0.0,0.0,0.0,0.0,0.0,0.0,0.0,0.0,0.0,0.0,0.0,0.0,0.0,0.0,0.0,0.0,0.0,0.0
-0.1,0.0,0.0,0.3,-0.2,0.0,-0.1,0.0,0.0,0.3,-0.2,0.0,0.0,0.0,0.0,-0.03712030149404556,0.2558045665434824,-0.271722956873286,-0.5416610385470214,-1.3052320842733733,0.19236041447209595,-0.2048173746338256,0.00893326460944061,-0.3434327348223742,0.28758993020487916,-0.20114581864901374,1.97202,-0.46606042808772885,0.21496564242150895,0.0,0.0,0.0,0.0,0.0,0.0,0.0,0.0,0.0,0.0,0.0,0.0,0.0,0.0,0.0,0.8558154614344556,-2.5322357876842565,2.9046544826195495,0.5657403954642676,-4.225723478281002,3.2908014485875965,2.4740819056037666,-0.8891610235640767,3.0868079626893614,-2.1095501705675117,-2.5571390445547513,0.0,1.432921651134307,-3.080621056166977,0.0,0.0,0.0,0.0,0.0,0.0,0.0,0.0,0.0,0.0,0.0,0.0,40.0,40.0,40.0,60.0,60.0,60.0,60.0,60.0,60.0,60.0,60.0,60.0,60.0,60.0,60.0,60.0,60.0,0.0,0.0,0.0,0.0,0.0,0.0,0.0,0.0,0.0,0.0,0.0,0.0,1.0,1.0,1.0,1.5,1.5,1.5,1.5,1.5,1.5,1.5,1.5,1.5,1.5,1.5,1.5,1.5,1.5,0.0,0.0,0.0,0.0,0.0,0.0,0.0,0.0,0.0,0.0,0.0,0.0,0.0,0.0,0.0,0.0,0.0,0.0,0.0,0.0,0.0,0.0,0.0,0.0,0.0,0.0,0.0,0.0,0.0
-0.1,0.0,0.0,0.3,-0.2,0.0,-0.1,0.0,0.0,0.3,-0.2,0.0,0.0,0.0,0.0,-0.021823827123655402,0.19849736109819396,-0.2127781762119108,-0.5270967698392836,-1.4233997733823256,0.25133987553988923,-0.16479875403185804,-0.012103871427695177,-0.28541205847481643,0.26014522090994435,-0.24389227111334164,1.97202,-0.4597892822657483,0.16321049033302584,0.0,0.0,0.0,0.0,0.0,0.0,0.0,0.0,0.0,0.0,0.0,0.0,0.0,0.0,0.0,0.6661822816892765,-2.939810246333998,2.7468680911605343,0.7599682284692072,-5.383472858454841,2.8999555577101015,2.4069429584039206,-1.1967530113635467,2.686526410962959,-0.674479836396967,-1.9378070787252155,0.0,-0.4027985567440731,-1.9853710432358929,0.0,0.0,0.0,0.0,0.0,0.0,0.0,0.0,0.0,0.0,0.0,0.0,40.0,40.0,40.0,60.0,60.0,60.0,60.0,60.0,60.0,60.0,60.0,60.0,60.0,60.0,60.0,60.0,60.0,0.0,0.0,0.0,0.0,0.0,0.0,0.0,0.0,0.0,0.0,0.0,0.0,1.0,1.0,1.0,1.5,1.5,1.5,1.5,1.5,1.5,1.5,1.5,1.5,1.5,1.5,1.5,1.5,1.5,0.0,0.0,0.0,0.0,0.0,0.0,0.0,0.0,0.0,0.0,0.0,0.0,0.0,0.0,0.0,0.0,0.0,0.0,0.0,0.0,0.0,0.0,0.0,0.0,0.0,0.0,0.0,0.0,0.0
-0.1,0.0,0.0,0.3,-0.2,0.0,-0.1,0.0,0.0,0.3,-0.2,0.0,0.0,0.0,0.0,-0.010473010226474502,0.13821215669012246,-0.16184823322686465,-0.5112623094082531,-1.520570998611567,0.3083586367805,-0.10853965629766878,-0.03893685584510126,-0.23597167838385583,0.2606107367490005,-0.27865810179802236,1.97202,-0.4821723703574918,0.13555080069207323,0.0,0.0,0.0,0.0,0.0,0.0,0.0,0.0,0.0,0.0,0.0,0.0,0.0,0.0,0.0,0.49704151078313413,-2.878208278236392,1.7419327344792546,0.2409930609826444,-2.9184020942697506,1.945947929494185,2.390680936804161,-1.1415943069591181,2.0043704191472957,1.1459703451455776,-1.1194429808792101,0.0,-0.886239370269258,1.246232259426592,0.0,0.0,0.0,0.0,0.0,0.0,0.0,0.0,0.0,0.0,0.0,0.0,40.0,40.0,40.0,60.0,60.0,60.0,60.0,60.0,60.0,60.0,60.0,60.0,60.0,60.0,60.0,60.0,60.0,0.0,0.0,0.0,0.0,0.0,0.0,0.0,0.0,0.0,0.0,0.0,0.0,1.0,1.0,1.0,1.5,1.5,1.5,1.5,1.5,1.5,1.5,1.5,1.5,1.5,1.5,1.5,1.5,1.5,0.0,0.0,0.0,0.0,0.0,0.0,0.0,0.0,0.0,0.0,0.0,0.0,0.0,0.0,0.0,0.0,0.0,0.0,0.0,0.0,0.0,0.0,0.0,0.0,0.0,0.0,0.0,0.0,0.0
-0.1,0.0,0.0,0.3,-0.2,0.0,-0.1,0.0,0.0,0.3,-0.2,0.0,0.0,0.0,0.0,-0.0019421666923300357,0.08336902996873828,-0.14310086683274062,-0.5174570473999778,-1.5401358571531156,0.32917779271965664,-0.06917151655969159,-0.0577676437060599,-0.2052372417089246,0.30598403471576746,-0.28866999034851004,1.97202,-0.4952388570765186,0.21305978071008952,0.0,0.0,0.0,0.0,0.0,0.0,0.0,0.0,0.0,0.0,0.0,0.0,0.0,0.0,0.0,0.6460991562325213,-2.5332384659020346,0.2975524331055496,-0.19819449497391062,0.059975537671103085,0.32323263825360105,1.5370992858399004,-1.1304606727884101,1.7308818895917197,2.6391074494171023,-0.3429176514275198,0.0,-0.3932740982524191,4.790679213568116,0.0,0.0,0.0,0.0,0.0,0.0,0.0,0.0,0.0,0.0,0.0,0.0,40.0,40.0,40.0,60.0,60.0,60.0,60.0,60.0,60.0,60.0,60.0,60.0,60.0,60.0,60.0,60.0,60.0,0.0,0.0,0.0,0.0,0.0,0.0,0.0,0.0,0.0,0.0,0.0,0.0,1.0,1.0,1.0,1.5,1.5,1.5,1.5,1.5,1.5,1.5,1.5,1.5,1.5,1.5,1.5,1.5,1.5,0.0,0.0,0.0,0.0,0.0,0.0,0.0,0.0,0.0,0.0,0.0,0.0,0.0,0.0,0.0,0.0,0.0,0.0,0.0,0.0,0.0,0.0,0.0,0.0,0.0,0.0,0.0,0.0,0.0
-0.1,0.0,0.0,0.3,-0.2,0.0,-0.1,0.0,0.0,0.3,-0.2,0.0,0.0,0.0,0.0,0.01537095602282635,0.03688261805404108,-0.14994613590264266,-0.5191900892072095,-1.5181719771047228,0.32128794231064406,-0.04705568486407276,-0.08415528275663767,-0.16673640280018703,0.3661750347256846,-0.29237480785512315,1.97202,-0.49790333428758854,0.32717796923479786,0.0,0.0,0.0,0.0,0.0,0.0,0.0,0.0,0.0,0.0,0.0,0.0,0.0,0.0,0.0,0.5319956988184557,-2.229255919370699,-0.6275897557631651,-0.3065359215568719,-0.3164561546021072,-0.9485651679419421,0.4040712988594904,-0.9691734710301699,1.8525232005474297,2.877842248260824,0.5050494277050344,0.0,0.7427897161224495,5.544457934070486,0.0,0.0,0.0,0.0,0.0,0.0,0.0,0.0,0.0,0.0,0.0,0.0,40.0,40.0,40.0,60.0,60.0,60.0,60.0,60.0,60.0,60.0,60.0,60.0,60.0,60.0,60.0,60.0,60.0,0.0,0.0,0.0,0.0,0.0,0.0,0.0,0.0,0.0,0.0,0.0,0.0,1.0,1.0,1.0,1.5,1.5,1.5,1.5,1.5,1.5,1.5,1.5,1.5,1.5,1.5,1.5,1.5,1.5,0.0,0.0,0.0,0.0,0.0,0.0,0.0,0.0,0.0,0.0,0.0,0.0,0.0,0.0,0.0,0.0,0.0,0.0,0.0,0.0,0.0,0.0,0.0,0.0,0.0,0.0,0.0,0.0,0.0
-0.1,0.0,0.0,0.3,-0.2,0.0,-0.1,0.0,0.0,0.3,-0.2,0.0,0.0,0.0,0.0,0.01933766126040819,-0.005801206806089665,-0.16820445706326723,-0.5297184842622527,-1.5527941033372,0.29123518600197895,-0.05300866460531197,-0.0965345825472667,-0.1311363136870274,0.42109772464620043,-0.26846801324030867,1.97202,-0.4655272684316206,0.43483809807290896,0.0,0.0,0.0,0.0,0.0,0.0,0.0,0.0,0.0,0.0,0.0,0.0,0.0,0.0,0.0,0.2734293685050079,-1.6087991035257354,-0.8737188736444891,-0.5340965960205446,1.4205695766874027,-1.4814538861330675,-2.640048580783239,-0.8783093805713473,1.393363585365146,2.1478312618872786,0.6045800102440685,0.0,2.178516937966583,3.9775156133792593,0.0,0.0,0.0,0.0,0.0,0.0,0.0,0.0,0.0,0.0,0.0,0.0,40.0,40.0,40.0,60.0,60.0,60.0,60.0,60.0,60.0,60.0,60.0,60.0,60.0,60.0,60.0,60.0,60.0,0.0,0.0,0.0,0.0,0.0,0.0,0.0,0.0,0.0,0.0,0.0,0.0,1.0,1.0,1.0,1.5,1.5,1.5,1.5,1.5,1.5,1.5,1.5,1.5,1.5,1.5,1.5,1.5,1.5,0.0,0.0,0.0,0.0,0.0,0.0,0.0,0.0,0.0,0.0,0.0,0.0,0.0,0.0,0.0,0.0,0.0,0.0,0.0,0.0,0.0,0.0,0.0,0.0,0.0,0.0,0.0,0.0,0.0
-0.1,0.0,0.0,0.3,-0.2,0.0,-0.1,0.0,0.0,0.3,-0.2,0.0,0.0,0.0,0.0,0.026308130763026665,-0.027469346086988332,-0.18489489084842223,-0.5405539530480313,-1.4613491940372267,0.26202978686532136,-0.15265762809540231,-0.11928765797949156,-0.11100185938558119,0.4520882852011757,-0.2681916074453604,1.97202,-0.4107626567689252,0.48627859376996824,0.0,0.0,0.0,0.0,0.0,0.0,0.0,0.0,0.0,0.0,0.0,0.0,0.0,0.0,0.0,0.07351947290755766,-1.0739514023790024,-0.8135616319504984,-0.11559070288461037,5.285117384948346,-2.133690057425347,-4.777884875972297,-0.7099565260708363,1.1821960027506604,1.1231172773458447,-0.3868794677949358,0.0,3.926063729268407,2.456518402773711,0.0,0.0,0.0,0.0,0.0,0.0,0.0,0.0,0.0,0.0,0.0,0.0,40.0,40.0,40.0,60.0,60.0,60.0,60.0,60.0,60.0,60.0,60.0,60.0,60.0,60.0,60.0,60.0,60.0,0.0,0.0,0.0,0.0,0.0,0.0,0.0,0.0,0.0,0.0,0.0,0.0,1.0,1.0,1.0,1.5,1.5,1.5,1.5,1.5,1.5,1.5,1.5,1.5,1.5,1.5,1.5,1.5,1.5,0.0,0.0,0.0,0.0,0.0,0.0,0.0,0.0,0.0,0.0,0.0,0.0,0.0,0.0,0.0,0.0,0.0,0.0,0.0,0.0,0.0,0.0,0.0,0.0,0.0,0.0,0.0,0.0,0.0
-0.1,0.0,0.0,0.3,-0.2,0.0,-0.1,0.0,0.0,0.3,-0.2,0.0,0.0,0.0,0.0,0.022278440176710497,-0.04875926290124976,-0.20074692234128716,-0.5343421123776371,-1.341389407939266,0.20588758370496507,-0.24412405964420383,-0.12493284359010015,-0.083848473577001,0.4660224157400342,-0.2839431919521061,1.97202,-0.30848471926088433,0.5330988341838574,0.0,0.0,0.0,0.0,0.0,0.0,0.0,0.0,0.0,0.0,0.0,0.0,0.0,0.0,0.0,-0.0953009758309465,-1.304074699097219,-0.24950115933763603,0.3449390558771054,2.1698448515740374,-2.28182939478784,-2.8018852126948013,-0.370116551564853,1.613303828947949,-0.3354218704741563,-0.2951052995702752,0.0,3.8789537864195895,0.8610362782706923,0.0,0.0,0.0,0.0,0.0,0.0,0.0,0.0,0.0,0.0,0.0,0.0,40.0,40.0,40.0,60.0,60.0,60.0,60.0,60.0,60.0,60.0,60.0,60.0,60.0,60.0,60.0,60.0,60.0,0.0,0.0,0.0,0.0,0.0,0.0,0.0,0.0,0.0,0.0,0.0,0.0,1.0,1.0,1.0,1.5,1.5,1.5,1.5,1.5,1.5,1.5,1.5,1.5,1.5,1.5,1.5,1.5,1.5,0.0,0.0,0.0,0.0,0.0,0.0,0.0,0.0,0.0,0.0,0.0,0.0,0.0,0.0,0.0,0.0,0.0,0.0,0.0,0.0,0.0,0.0,0.0,0.0,0.0,0.0,0.0,0.0,0.0
-0.1,0.0,0.0,0.3,-0.2,0.0,-0.1,0.0,0.0,0.3,-0.2,0.0,0.0,0.0,0.0,0.022496091729788805,-0.0796323340508771,-0.19487493722192767,-0.5267563908129471,-1.3745553999742652,0.17075661107380777,-0.26473303660319436,-0.13409232004208568,-0.04646970622766323,0.43867141038220947,-0.2799958194281714,1.97202,-0.2556045053121416,0.5207200449007959,0.0,0.0,0.0,0.0,0.0,0.0,0.0,0.0,0.0,0.0,0.0,0.0,0.0,0.0,0.0,0.5450061098505302,-1.3200496589481487,1.2395318701403417,0.18062888393438892,-2.9127198336787563,-1.2787944277839274,-0.1260454172513352,-0.7645007801951937,1.4651542392465255,-2.009219362813651,-0.0932891016353743,0.0,0.9762641913168862,-1.007995262205684,0.0,0.0,0.0,0.0,0.0,0.0,0.0,0.0,0.0,0.0,0.0,0.0,40.0,40.0,40.0,60.0,60.0,60.0,60.0,60.0,60.0,60.0,60.0,60.0,60.0,60.0,60.0,60.0,60.0,0.0,0.0,0.0,0.0,0.0,0.0,0.0,0.0,0.0,0.0,0.0,0.0,1.0,1.0,1.0,1.5,1.5,1.5,1.5,1.5,1.5,1.5,1.5,1.5,1.5,1.5,1.5,1.5,1.5,0.0,0.0,0.0,0.0,0.0,0.0,0.0,0.0,0.0,0.0,0.0,0.0,0.0,0.0,0.0,0.0,0.0,0.0,0.0,0.0,0.0,0.0,0.0,0.0,0.0,0.0,0.0,0.0,0.0
-0.1,0.0,0.0,0.3,-0.2,0.0,-0.1,0.0,0.0,0.3,-0.2,0.0,0.0,0.0,0.0,0.044078684570731705,-0.10156124925917571,-0.1511656475356735,-0.5271169570202615,-1.4578982012864163,0.15473580659360797,-0.24916587633425724,-0.1555128747979079,-0.02524230400713997,0.3856536412274882,-0.28767475601752107,1.97202,-0.2694341516082089,0.49277902369563004,0.0,0.0,0.0,0.0,0.0,0.0,0.0,0.0,0.0,0.0,0.0,0.0,0.0,0.0,0.0,0.4541349292707448,-1.0969106285929202,2.2881045494570507,-0.09235171856581126,-3.0365472780839062,-2.0731467555222314,1.4427461766802923,-0.39706464466223584,1.009444705622777,-2.0168398272465597,-0.752799500639742,0.0,-0.8520297307032922,-0.4191130918398983,0.0,0.0,0.0,0.0,0.0,0.0,0.0,0.0,0.0,0.0,0.0,0.0,40.0,40.0,40.0,60.0,60.0,60.0,60.0,60.0,60.0,60.0,60.0,60.0,60.0,60.0,60.0,60.0,60.0,0.0,0.0,0.0,0.0,0.0,0.0,0.0,0.0,0.0,0.0,0.0,0.0,1.0,1.0,1.0,1.5,1.5,1.5,1.5,1.5,1.5,1.5,1.5,1.5,1.5,1.5,1.5,1.5,1.5,0.0,0.0,0.0,0.0,0.0,0.0,0.0,0.0,0.0,0.0,0.0,0.0,0.0,0.0,0.0,0.0,0.0,0.0,0.0,0.0,0.0,0.0,0.0,0.0,0.0,0.0,0.0,0.0,0.0
-0.1,0.0,0.0,0.3,-0.2,0.0,-0.1,0.0,0.0,0.3,-0.2,0.0,0.0,0.0,0.0,0.040661488900618596,-0.1235087591945939,-0.10335075524364563,-0.5304504595555796,-1.4960172910976215,0.08783074085291852,-0.20702318953598267,-0.14997490582857512,-0.006091918002752143,0.3579978172923471,-0.3101077994537611,1.97202,-0.2896856945402733,0.5039555212272,0.0,0.0,0.0,0.0,0.0,0.0,0.0,0.0,0.0,0.0,0.0,0.0,0.0,0.0,0.0,-0.07080456724304941,-0.9514818268632662,2.6861095888298525,-0.1441401471156678,2.5051037716323,-4.130890965178388,1.789626454356332,0.5520865842864077,1.3738546945518608,-1.423822851282107,-1.7360363569947495,0.0,-1.6720722080584491,2.106604312565098,0.0,0.0,0.0,0.0,0.0,0.0,0.0,0.0,0.0,0.0,0.0,0.0,40.0,40.0,40.0,60.0,60.0,60.0,60.0,60.0,60.0,60.0,60.0,60.0,60.0,60.0,60.0,60.0,60.0,0.0,0.0,0.0,0.0,0.0,0.0,0.0,0.0,0.0,0.0,0.0,0.0,1.0,1.0,1.0,1.5,1.5,1.5,1.5,1.5,1.5,1.5,1.5,1.5,1.5,1.5,1.5,1.5,1.5,0.0,0.0,0.0,0.0,0.0,0.0,0.0,0.0,0.0,0.0,0.0,0.0,0.0,0.0,0.0,0.0,0.0,0.0,0.0,0.0,0.0,0.0,0.0,0.0,0.0,0.0,0.0,0.0,0.0
-0.1,0.0,0.0,0.3,-0.2,0.0,-0.1,0.0,0.0,0.3,-0.2,0.0,0.0,0.0,0.0,0.04124650188100973,-0.13962052233370637,-0.04372126398247938,-0.5328825629048882,-1.3576940504211243,-0.010499832013527551,-0.17758081816000396,-0.1334294114264516,0.029711883774934465,0.3287007271762039,-0.35711621029731105,1.97202,-0.33631703993054685,0.577043196198234,0.0,0.0,0.0,0.0,0.0,0.0,0.0,0.0,0.0,0.0,0.0,0.0,0.0,0.0,0.0,0.14502957288627036,-0.8888870696102166,2.8371397866875445,-0.19708612522845725,5.389408912189203,-4.312183167535656,0.8116208677621202,0.5843560466735946,1.7689715913137771,-1.0943109845224162,-1.9060305652256957,0.0,-2.8479554632403965,3.4126799291124055,0.0,0.0,0.0,0.0,0.0,0.0,0.0,0.0,0.0,0.0,0.0,0.0,40.0,40.0,40.0,60.0,60.0,60.0,60.0,60.0,60.0,60.0,60.0,60.0,60.0,60.0,60.0,60.0,60.0,0.0,0.0,0.0,0.0,0.0,0.0,0.0,0.0,0.0,0.0,0.0,0.0,1.0,1.0,1.0,1.5,1.5,1.5,1.5,1.5,1.5,1.5,1.5,1.5,1.5,1.5,1.5,1.5,1.5,0.0,0.0,0.0,0.0,0.0,0.0,0.0,0.0,0.0,0.0,0.0,0.0,0.0,0.0,0.0,0.0,0.0,0.0,0.0,0.0,0.0,0.0,0.0,0.0,0.0,0.0,0.0,0.0,0.0
-0.1,0.0,0.0,0.3,-0.2,0.0,-0.1,0.0,0.0,0.3,-0.2,0.0,0.0,0.0,0.0,0.04646267181606941,-0.15906424197900257,0.010134836223856152,-0.5383339045647179,-1.2804409346100534,-0.08465658584850773,-0.17455835482549786,-0.12660066396163133,0.06466694564979894,0.31422537791145044,-0.3863490220627889,1.97202,-0.4036039130698892,0.6404627183916962,0.0,0.0,0.0,0.0,0.0,0.0,0.0,0.0,0.0,0.0,0.0,0.0,0.0,0.0,0.0,-0.05980876274049966,-0.8968710489111394,2.5455867876031606,-0.22256771986163826,2.6892268743067547,-3.070216739631152,0.9435028643032944,0.38409343792755285,1.2308781644354911,-0.8365012471195518,-1.2531022857187504,0.0,-3.4972688863236163,2.7570690104837343,0.0,0.0,0.0,0.0,0.0,0.0,0.0,0.0,0.0,0.0,0.0,0.0,40.0,40.0,40.0,60.0,60.0,60.0,60.0,60.0,60.0,60.0,60.0,60.0,60.0,60.0,60.0,60.0,60.0,0.0,0.0,0.0,0.0,0.0,0.0,0.0,0.0,0.0,0.0,0.0,0.0,1.0,1.0,1.0,1.5,1.5,1.5,1.5,1.5,1.5,1.5,1.5,1.5,1.5,1.5,1.5,1.5,1.5,0.0,0.0,0.0,0.0,0.0,0.0,0.0,0.0,0.0,0.0,0.0,0.0,0.0,0.0,0.0,0.0,0.0,0.0,0.0,0.0,0.0,0.0,0.0,0.0,0.0,0.0,0.0,0.0,0.0
-0.1,0.0,0.0,0.3,-0.2,0.0,-0.1,0.0,0.0,0.3,-0.2,0.0,0.0,0.0,0.0,0.03885415137138974,-0.17549536429015195,0.05810220752164706,-0.5417852716993538,-1.2501249754488541,-0.13330850159877364,-0.13984070358787218,-0.11806567390934948,0.07894701035235412,0.29524067729142184,-0.40724030172606107,1.97202,-0.4762077953834915,0.6873259566175833,0.0,0.0,0.0,0.0,0.0,0.0,0.0,0.0,0.0,0.0,0.0,0.0,0.0,0.0,0.0,-0.19786222246212984,-0.6405764090084226,2.7022563593452977,-0.7186694513689029,-0.24181571231385313,-1.4839377724748724,2.5273981962870233,0.20232995509125856,0.3453300595886385,-1.357115486604732,-0.736028004424187,0.0,-4.207457992849256,2.5971776984315684,0.0,0.0,0.0,0.0,0.0,0.0,0.0,0.0,0.0,0.0,0.0,0.0,40.0,40.0,40.0,60.0,60.0,60.0,60.0,60.0,60.0,60.0,60.0,60.0,60.0,60.0,60.0,60.0,60.0,0.0,0.0,0.0,0.0,0.0,0.0,0.0,0.0,0.0,0.0,0.0,0.0,1.0,1.0,1.0,1.5,1.5,1.5,1.5,1.5,1.5,1.5,1.5,1.5,1.5,1.5,1.5,1.5,1.5,0.0,0.0,0.0,0.0,0.0,0.0,0.0,0.0,0.0,0.0,0.0,0.0,0.0,0.0,0.0,0.0,0.0,0.0,0.0,0.0,0.0,0.0,0.0,0.0,0.0,0.0,0.0,0.0,0.0
-0.1,0.0,0.0,0.3,-0.2,0.0,-0.1,0.0,0.0,0.3,-0.2,0.0,0.0,0.0,0.0,0.03854818291758422,-0.18468729833933947,0.11822509059766806,-0.567080682619474,-1.2901135631026075,-0.14401409674750262,-0.07346242697401693,-0.11850746575798099,0.07848014803334448,0.25994075844726117,-0.4157901422397564,1.97202,-0.5719022327838594,0.744349826328959,0.0,0.0,0.0,0.0,0.0,0.0,0.0,0.0,0.0,0.0,0.0,0.0,0.0,0.0,0.0,0.08562221205791631,-0.5605814285027322,3.023838145037542,-1.1987983945698388,-0.8777497647537325,-0.6056665925097571,3.3350444686031757,-0.13030096970020713,-0.05599570353498201,-1.3261437060065204,-0.36073278559815847,0.0,-5.542387326405591,3.236223872966759,0.0,0.0,0.0,0.0,0.0,0.0,0.0,0.0,0.0,0.0,0.0,0.0,40.0,40.0,40.0,60.0,60.0,60.0,60.0,60.0,60.0,60.0,60.0,60.0,60.0,60.0,60.0,60.0,60.0,0.0,0.0,0.0,0.0,0.0,0.0,0.0,0.0,0.0,0.0,0.0,0.0,1.0,1.0,1.0,1.5,1.5,1.5,1.5,1.5,1.5,1.5,1.5,1.5,1.5,1.5,1.5,1.5,1.5,0.0,0.0,0.0,0.0,0.0,0.0,0.0,0.0,0.0,0.0,0.0,0.0,0.0,0.0,0.0,0.0,0.0,0.0,0.0,0.0,0.0,0.0,0.0,0.0,0.0,0.0,0.0,0.0,0.0
-0.1,0.0,0.0,0.3,-0.2,0.0,-0.1,0.0,0.0,0.3,-0.2,0.0,0.0,0.0,0.0,0.042279039853706395,-0.19791862143026123,0.17905573332314875,-0.5897372074821473,-1.2852349660390034,-0.15753516529916392,-0.006438924843745133,-0.12327771269735777,0.07670718221095484,0.24219492905116102,-0.4216696131499874,1.97202,-0.6979032884397152,0.8167749115362537,0.0,0.0,0.0,0.0,0.0,0.0,0.0,0.0,0.0,0.0,0.0,0.0,0.0,0.0,0.0,0.5047422049386858,-0.7712908930326792,2.40270746700212,-0.7755080652642049,-1.2680197493781742,0.015170712680931397,1.7202342796609686,0.1579293581358925,-0.3804128522121555,-0.9280401438809024,-0.41289041860685244,0.0,-4.060153628179003,1.201435939049239,0.0,0.0,0.0,0.0,0.0,0.0,0.0,0.0,0.0,0.0,0.0,0.0,40.0,40.0,40.0,60.0,60.0,60.0,60.0,60.0,60.0,60.0,60.0,60.0,60.0,60.0,60.0,60.0,60.0,0.0,0.0,0.0,0.0,0.0,0.0,0.0,0.0,0.0,0.0,0.0,0.0,1.0,1.0,1.0,1.5,1.5,1.5,1.5,1.5,1.5,1.5,1.5,1.5,1.5,1.5,1.5,1.5,1.5,0.0,0.0,0.0,0.0,0.0,0.0,0.0,0.0,0.0,0.0,0.0,0.0,0.0,0.0,0.0,0.0,0.0,0.0,0.0,0.0,0.0,0.0,0.0,0.0,0.0,0.0,0.0,0.0,0.0
-0.1,0.0,0.0,0.3,-0.2,0.0,-0.1,0.0,0.0,0.3,-0.2,0.0,0.0,0.0,0.0,0.05873787111513165,-0.21553893406064664,0.21433338927775286,-0.5981010052300422,-1.3408343530777345,-0.14340726824026537,-0.004653055787578183,-0.11219029143254529,0.06326363394485826,0.22281915269202507,-0.4323057589840305,1.97202,-0.7343083779110195,0.7924072638909285,0.0,0.0,0.0,0.0,0.0,0.0,0.0,0.0,0.0,0.0,0.0,0.0,0.0,0.0,0.0,0.5728442351493863,-0.9445370584869544,1.8870854007972468,-0.3940558630790486,-3.2702718328572855,0.5481651165505474,0.39632063973904386,0.9176297549551529,-0.498580433738691,-1.559960410026169,-0.7090861385118108,0.0,-0.8346426199428492,-1.5736002915834295,0.0,0.0,0.0,0.0,0.0,0.0,0.0,0.0,0.0,0.0,0.0,0.0,40.0,40.0,40.0,60.0,60.0,60.0,60.0,60.0,60.0,60.0,60.0,60.0,60.0,60.0,60.0,60.0,60.0,0.0,0.0,0.0,0.0,0.0,0.0,0.0,0.0,0.0,0.0,0.0,0.0,1.0,1.0,1.0,1.5,1.5,1.5,1.5,1.5,1.5,1.5,1.5,1.5,1.5,1.5,1.5,1.5,1.5,0.0,0.0,0.0,0.0,0.0,0.0,0.0,0.0,0.0,0.0,0.0,0.0,0.0,0.0,0.0,0.0,0.0,0.0,0.0,0.0,0.0,0.0,0.0,0.0,0.0,0.0,0.0,0.0,0.0
-0.1,0.0,0.0,0.3,-0.2,0.0,-0.1,0.0,0.0,0.3,-0.2,0.0,0.0,0.0,0.0,0.06519280925968185,-0.2357001037697394,0.25453914935503863,-0.6054994420053093,-1.4160458393532949,-0.13560856063714202,0.009413900745816621,-0.08657252249915165,0.056763964861407196,0.17979651265011426,-0.45003305869045984,1.97202,-0.7312889932374291,0.7538308998729165,0.0,0.0,0.0,0.0,0.0,0.0,0.0,0.0,0.0,0.0,0.0,0.0,0.0,0.0,0.0,0.2452082511299053,-0.4460791608543693,1.0456818039213458,-0.21184005725056188,-2.826134987038081,-0.272287771831152,0.5143357127212869,0.890278297847034,-0.27115418265370017,-1.3742548264574355,-0.7404332566855589,0.0,0.15974406998456592,-1.5669273478186085,0.0,0.0,0.0,0.0,0.0,0.0,0.0,0.0,0.0,0.0,0.0,0.0,40.0,40.0,40.0,60.0,60.0,60.0,60.0,60.0,60.0,60.0,60.0,60.0,60.0,60.0,60.0,60.0,60.0,0.0,0.0,0.0,0.0,0.0,0.0,0.0,0.0,0.0,0.0,0.0,0.0,1.0,1.0,1.0,1.5,1.5,1.5,1.5,1.5,1.5,1.5,1.5,1.5,1.5,1.5,1.5,1.5,1.5,0.0,0.0,0.0,0.0,0.0,0.0,0.0,0.0,0.0,0.0,0.0,0.0,0.0,0.0,0.0,0.0,0.0,0.0,0.0,0.0,0.0,0.0,0.0,0.0,0.0,0.0,0.0,0.0,0.0
-0.1,0.0,0.0,0.3,-0.2,0.0,-0.1,0.0,0.0,0.3,-0.2,0.0,0.0,0.0,0.0,0.06854620116032786,-0.23338210049482142,0.2561606614346067,-0.6065746075200646,-1.4538797525592577,-0.15429877911351145,0.015920372721273293,-0.07657915951866393,0.052417466638710254,0.16784895963372765,-0.46192308925145287,1.97202,-0.7279186151116369,0.7297301699781842,0.0,0.0,0.0,0.0,0.0,0.0,0.0,0.0,0.0,0.0,0.0,0.0,0.0,0.0,0.0,0.130054366713463,0.522647109844001,-0.7094414726057624,0.16657383763727662,-1.260245321648279,-1.6035919812380783,-0.007262017020252722,0.19603507419541297,-0.24060304716427594,0.04802418209248621,-0.45083714281361487,0.0,-0.07967680225017537,-0.853952626389673,0.0,0.0,0.0,0.0,0.0,0.0,0.0,0.0,0.0,0.0,0.0,0.0,40.0,40.0,40.0,60.0,60.0,60.0,60.0,60.0,60.0,60.0,60.0,60.0,60.0,60.0,60.0,60.0,60.0,0.0,0.0,0.0,0.0,0.0,0.0,0.0,0.0,0.0,0.0,0.0,0.0,1.0,1.0,1.0,1.5,1.5,1.5,1.5,1.5,1.5,1.5,1.5,1.5,1.5,1.5,1.5,1.5,1.5,0.0,0.0,0.0,0.0,0.0,0.0,0.0,0.0,0.0,0.0,0.0,0.0,0.0,0.0,0.0,0.0,0.0,0.0,0.0,0.0,0.0,0.0,0.0,0.0,0.0,0.0,0.0,0.0,0.0
-0.1,0.0,0.0,0.3,-0.2,0.0,-0.1,0.0,0.0,0.3,-0.2,0.0,0.0,0.0,0.0,0.07039498392822037,-0.21479421937597937,0.22616149045080813,-0.5988364884998182,-1.466455652219226,-0.19975223988666516,0.009123420065006512,-0.07873111953133513,0.04713984297483616,0.1817174799338137,-0.46806654440300444,1.97202,-0.7344760653274361,0.7196727948173296,0.0,0.0,0.0,0.0,0.0,0.0,0.0,0.0,0.0,0.0,0.0,0.0,0.0,0.0,0.0,0.08085509004758969,1.01233621178052,-1.7312347703256632,0.4789973700835837,-0.7074936605230175,-2.490155726011107,-0.646435522543606,-0.16131424047827678,-0.3403484622789006,0.7894607822155786,-0.25846791684632636,0.0,-0.40707187634560493,-0.29307821256003286,0.0,0.0,0.0,0.0,0.0,0.0,0.0,0.0,0.0,0.0,0.0,0.0,40.0,40.0,40.0,60.0,60.0,60.0,60.0,60.0,60.0,60.0,60.0,60.0,60.0,60.0,60.0,60.0,60.0,0.0,0.0,0.0,0.0,0.0,0.0,0.0,0.0,0.0,0.0,0.0,0.0,1.0,1.0,1.0,1.5,1.5,1.5,1.5,1.5,1.5,1.5,1.5,1.5,1.5,1.5,1.5,1.5,1.5,0.0,0.0,0.0,0.0,0.0,0.0,0.0,0.0,0.0,0.0,0.0,0.0,0.0,0.0,0.0,0.0,0.0,0.0,0.0,0.0,0.0,0.0,0.0,0.0,0.0,0.0,0.0,0.0,0.0
-0.1,0.0,0.0,0.3,-0.2,0.0,-0.1,0.0,0.0,0.3,-0.2,0.0,0.0,0.0,0.0,0.07178040476223145,-0.19288865202360062,0.18691127062158017,-0.5874147127167213,-1.4821794989801784,-0.2539050081539557,-0.009937048180470946,-0.083031729137795,0.03880352814755423,0.1994273909223508,-0.4722618059253059,1.97202,-0.7442014901654611,0.7180070414757829,0.0,0.0,0.0,0.0,0.0,0.0,0.0,0.0,0.0,0.0,0.0,0.0,0.0,0.0,0.0,-0.10375229710251482,1.3262426586399743,-1.9596986275916966,0.6718283880387699,-1.9151118306160064,-1.9843964869950208,-2.444573575325082,-0.42709109830949066,-0.9099616240784033,1.241268195283933,-0.14179766885820538,0.0,-0.36210306720828034,1.2097233745171576,0.0,0.0,0.0,0.0,0.0,0.0,0.0,0.0,0.0,0.0,0.0,0.0,40.0,40.0,40.0,60.0,60.0,60.0,60.0,60.0,60.0,60.0,60.0,60.0,60.0,60.0,60.0,60.0,60.0,0.0,0.0,0.0,0.0,0.0,0.0,0.0,0.0,0.0,0.0,0.0,0.0,1.0,1.0,1.0,1.5,1.5,1.5,1.5,1.5,1.5,1.5,1.5,1.5,1.5,1.5,1.5,1.5,1.5,0.0,0.0,0.0,0.0,0.0,0.0,0.0,0.0,0.0,0.0,0.0,0.0,0.0,0.0,0.0,0.0,0.0,0.0,0.0,0.0,0.0,0.0,0.0,0.0,0.0,0.0,0.0,0.0,0.0
-0.1,0.0,0.0,0.3,-0.2,0.0,-0.1,0.0,0.0,0.3,-0.2,0.0,0.0,0.0,0.0,0.06624489204411978,-0.1617445130303804,0.14777354534714027,-0.5719633529782674,-1.5430601254438663,-0.279128099366466,-0.08865952294799677,-0.09581476346371476,0.01074137801170003,0.23136820774517103,-0.47373845115733265,1.97202,-0.7489601880157674,0.7680617297980159,0.0,0.0,0.0,0.0,0.0,0.0,0.0,0.0,0.0,0.0,0.0,0.0,0.0,0.0,0.0,-0.33557253461184416,1.437890562469242,-1.836958649772279,0.9329857053619078,-2.959898229698149,-0.8991257152348053,-4.22176135331519,-0.774511153546608,-1.3332802687930974,1.864885264910604,0.27094271995303787,0.0,-0.5273516891157709,3.0252086342793776,0.0,0.0,0.0,0.0,0.0,0.0,0.0,0.0,0.0,0.0,0.0,0.0,40.0,40.0,40.0,60.0,60.0,60.0,60.0,60.0,60.0,60.0,60.0,60.0,60.0,60.0,60.0,60.0,60.0,0.0,0.0,0.0,0.0,0.0,0.0,0.0,0.0,0.0,0.0,0.0,0.0,1.0,1.0,1.0,1.5,1.5,1.5,1.5,1.5,1.5,1.5,1.5,1.5,1.5,1.5,1.5,1.5,1.5,0.0,0.0,0.0,0.0,0.0,0.0,0.0,0.0,0.0,0.0,0.0,0.0,0.0,0.0,0.0,0.0,0.0,0.0,0.0,0.0,0.0,0.0,0.0,0.0,0.0,0.0,0.0,0.0,0.0
-0.1,0.0,0.0,0.3,-0.2,0.0,-0.1,0.0,0.0,0.3,-0.2,0.0,0.0,0.0,0.0,0.058357503377757684,-0.13537302952483093,0.113432924630689,-0.550095284502245,-1.6005754281681044,-0.28987003676334794,-0.17880750231307857,-0.11401217527965932,-0.014527682604169666,0.27402280151877495,-0.4614240971271844,1.97202,-0.765295557730092,0.839015386846958,0.0,0.0,0.0,0.0,0.0,0.0,0.0,0.0,0.0,0.0,0.0,0.0,0.0,0.0,0.0,-0.0823258592208078,0.9743515024204865,-2.5029321067924895,0.9770779247900763,-2.539151760418817,0.1583597558488803,-4.325533717351824,-0.8226744736919749,-1.1231582120311725,2.7961189451035957,1.2478546882199708,0.0,-0.8311487509325421,3.555712116301388,0.0,0.0,0.0,0.0,0.0,0.0,0.0,0.0,0.0,0.0,0.0,0.0,40.0,40.0,40.0,60.0,60.0,60.0,60.0,60.0,60.0,60.0,60.0,60.0,60.0,60.0,60.0,60.0,60.0,0.0,0.0,0.0,0.0,0.0,0.0,0.0,0.0,0.0,0.0,0.0,0.0,1.0,1.0,1.0,1.5,1.5,1.5,1.5,1.5,1.5,1.5,1.5,1.5,1.5,1.5,1.5,1.5,1.5,0.0,0.0,0.0,0.0,0.0,0.0,0.0,0.0,0.0,0.0,0.0,0.0,0.0,0.0,0.0,0.0,0.0,0.0,0.0,0.0,0.0,0.0,0.0,0.0,0.0,0.0,0.0,0.0,0.0
-0.1,0.0,0.0,0.3,-0.2,0.0,-0.1,0.0,0.0,0.3,-0.2,0.0,0.0,0.0,0.0,0.06295185767528746,-0.12277045293356094,0.04765626107544069,-0.5328802359866643,-1.644626195860619,-0.2727937091325108,-0.26168087164206977,-0.12872174241139375,-0.03418495046954688,0.34321296554931485,-0.4238242636285338,1.97202,-0.782206138053069,0.9102902144500714,0.0,0.0,0.0,0.0,0.0,0.0,0.0,0.0,0.0,0.0,0.0,0.0,0.0,0.0,0.0,0.4301776591251796,0.30212984203917653,-3.7952241377444946,0.8416359945290719,-1.766901416328781,1.4638850367916532,-3.971468911305613,-0.6662751528093425,-0.7677289254357764,3.9574218134391534,2.3644965152431836,0.0,-0.8682328523920618,3.551549410500543,0.0,0.0,0.0,0.0,0.0,0.0,0.0,0.0,0.0,0.0,0.0,0.0,40.0,40.0,40.0,60.0,60.0,60.0,60.0,60.0,60.0,60.0,60.0,60.0,60.0,60.0,60.0,60.0,60.0,0.0,0.0,0.0,0.0,0.0,0.0,0.0,0.0,0.0,0.0,0.0,0.0,1.0,1.0,1.0,1.5,1.5,1.5,1.5,1.5,1.5,1.5,1.5,1.5,1.5,1.5,1.5,1.5,1.5,0.0,0.0,0.0,0.0,0.0,0.0,0.0,0.0,0.0,0.0,0.0,0.0,0.0,0.0,0.0,0.0,0.0,0.0,0.0,0.0,0.0,0.0,0.0,0.0,0.0,0.0,0.0,0.0,0.0
-0.1,0.0,0.0,0.3,-0.2,0.0,-0.1,0.0,0.0,0.3,-0.2,0.0,0.0,0.0,0.0,0.07556460974276487,-0.12328783584326387,-0.03837604087909079,-0.5164298447210821,-1.6712514848212556,-0.2313146352916818,-0.3376662587653031,-0.14066318139203302,-0.04523683962160072,0.4323196740563411,-0.36684423651745707,1.97202,-0.8000248718257744,0.9810773632669797,0.0,0.0,0.0,0.0,0.0,0.0,0.0,0.0,0.0,0.0,0.0,0.0,0.0,0.0,0.0,0.4864313711474024,-0.25392242875193033,-4.9563701979804815,1.2960033180776875,-0.7041989931145409,0.1105484299573814,-4.240314790828628,-0.8622000109339653,0.24451148516342308,5.087168141222743,2.649509689625286,0.0,-2.9501959539453946,4.3653547812959745,0.0,0.0,0.0,0.0,0.0,0.0,0.0,0.0,0.0,0.0,0.0,0.0,40.0,40.0,40.0,60.0,60.0,60.0,60.0,60.0,60.0,60.0,60.0,60.0,60.0,60.0,60.0,60.0,60.0,0.0,0.0,0.0,0.0,0.0,0.0,0.0,0.0,0.0,0.0,0.0,0.0,1.0,1.0,1.0,1.5,1.5,1.5,1.5,1.5,1.5,1.5,1.5,1.5,1.5,1.5,1.5,1.5,1.5,0.0,0.0,0.0,0.0,0.0,0.0,0.0,0.0,0.0,0.0,0.0,0.0,0.0,0.0,0.0,0.0,0.0,0.0,0.0,0.0,0.0,0.0,0.0,0.0,0.0,0.0,0.0,0.0,0.0
-0.1,0.0,0.0,0.3,-0.2,0.0,-0.1,0.0,0.0,0.3,-0.2,0.0,0.0,0.0,0.0,0.08240911252118356,-0.13292735008363815,-0.15059854684377857,-0.48104010326355684,-1.6727941555852006,-0.2683717719342155,-0.4312934632752149,-0.16320974284875236,-0.024404491063009955,0.5466996911982246,-0.3178438760435224,1.97202,-0.9002139762108848,1.0849044057019104,0.0,0.0,0.0,0.0,0.0,0.0,0.0,0.0,0.0,0.0,0.0,0.0,0.0,0.0,0.0,-0.2458518475576616,0.05959395771654094,-4.977489030975949,1.5755441408164552,1.7916722945840402,-1.4838248756338552,-1.7456889476937132,-1.2041887784823082,0.48461235729475166,4.735335471678489,1.9027998593342477,0.0,-2.685766643993509,3.4623606191809513,0.0,0.0,0.0,0.0,0.0,0.0,0.0,0.0,0.0,0.0,0.0,0.0,40.0,40.0,40.0,60.0,60.0,60.0,60.0,60.0,60.0,60.0,60.0,60.0,60.0,60.0,60.0,60.0,60.0,0.0,0.0,0.0,0.0,0.0,0.0,0.0,0.0,0.0,0.0,0.0,0.0,1.0,1.0,1.0,1.5,1.5,1.5,1.5,1.5,1.5,1.5,1.5,1.5,1.5,1.5,1.5,1.5,1.5,0.0,0.0,0.0,0.0,0.0,0.0,0.0,0.0,0.0,0.0,0.0,0.0,0.0,0.0,0.0,0.0,0.0,0.0,0.0,0.0,0.0,0.0,0.0,0.0,0.0,0.0,0.0,0.0,0.0
-0.1,0.0,0.0,0.3,-0.2,0.0,-0.1,0.0,0.0,0.3,-0.2,0.0,0.0,0.0,0.0,0.0657305358404584,-0.12090407753460224,-0.23747560211812876,-0.4534080790884239,-1.599584593037894,-0.290667630317036,-0.4074938166730516,-0.18883073253132535,-0.025852345329810657,0.6217330929234807,-0.29073224214408716,1.97202,-0.9074555375855148,1.1195717880342178,0.0,0.0,0.0,0.0,0.0,0.0,0.0,0.0,0.0,0.0,0.0,0.0,0.0,0.0,0.0,-0.8134693830496353,0.4343613438011158,-4.100725251047794,1.012399598644366,3.145988614579581,-0.1603943388898424,1.5126565137799834,-0.9735925019140369,-0.0275686659169265,3.0957405007044634,1.0372356302779717,0.0,1.6340904226329638,0.81354803033033,0.0,0.0,0.0,0.0,0.0,0.0,0.0,0.0,0.0,0.0,0.0,0.0,40.0,40.0,40.0,60.0,60.0,60.0,60.0,60.0,60.0,60.0,60.0,60.0,60.0,60.0,60.0,60.0,60.0,0.0,0.0,0.0,0.0,0.0,0.0,0.0,0.0,0.0,0.0,0.0,0.0,1.0,1.0,1.0,1.5,1.5,1.5,1.5,1.5,1.5,1.5,1.5,1.5,1.5,1.5,1.5,1.5,1.5,0.0,0.0,0.0,0.0,0.0,0.0,0.0,0.0,0.0,0.0,0.0,0.0,0.0,0.0,0.0,0.0,0.0,0.0,0.0,0.0,0.0,0.0,0.0,0.0,0.0,0.0,0.0,0.0,0.0
-0.1,0.0,0.0,0.3,-0.2,0.0,-0.1,0.0,0.0,0.3,-0.2,0.0,0.0,0.0,0.0,0.049870337199198145,-0.11555289633159352,-0.31462755688569033,-0.4405441193177822,-1.5469546110020174,-0.2747875454898092,-0.37078720272401555,-0.20215344292531384,-0.025507237699687015,0.6705293112264031,-0.2763544508324035,1.97202,-0.8348503593055663,1.1174463269151236,0.0,0.0,0.0,0.0,0.0,0.0,0.0,0.0,0.0,0.0,0.0,0.0,0.0,0.0,0.0,-1.298894336755306,0.04955494166237126,-3.3787729713904096,0.20430845459657593,0.3434387928094085,1.1425256852630419,1.747921750675896,0.07141925373100877,0.16428067145761882,2.262865234080649,0.726542412058917,0.0,5.068502148501422,-0.43399714432816316,0.0,0.0,0.0,0.0,0.0,0.0,0.0,0.0,0.0,0.0,0.0,0.0,40.0,40.0,40.0,60.0,60.0,60.0,60.0,60.0,60.0,60.0,60.0,60.0,60.0,60.0,60.0,60.0,60.0,0.0,0.0,0.0,0.0,0.0,0.0,0.0,0.0,0.0,0.0,0.0,0.0,1.0,1.0,1.0,1.5,1.5,1.5,1.5,1.5,1.5,1.5,1.5,1.5,1.5,1.5,1.5,1.5,1.5,0.0,0.0,0.0,0.0,0.0,0.0,0.0,0.0,0.0,0.0,0.0,0.0,0.0,0.0,0.0,0.0,0.0,0.0,0.0,0.0,0.0,0.0,0.0,0.0,0.0,0.0,0.0,0.0,0.0
-0.1,0.0,0.0,0.3,-0.2,0.0,-0.1,0.0,0.0,0.3,-0.2,0.0,0.0,0.0,0.0,0.013774762370246156,-0.11892187986810739,-0.37262652097374516,-0.44523574090456086,-1.5858470413255177,-0.24496660290651434,-0.3375769466460158,-0.185973962382085,-0.019281118471505904,0.7122477022867066,-0.2616705456617305,1.97202,-0.7047154516454579,1.1022119022610912,0.0,0.0,0.0,0.0,0.0,0.0,0.0,0.0,0.0,0.0,0.0,0.0,0.0,0.0,0.0,-0.9847639936639899,-0.08298352797964509,-2.96720605369086,-0.1237139151419625,-1.4663754992947142,2.433404800554372,-0.25455060579600286,0.33641747315568127,0.5063262944819832,0.9236886617403295,0.5038229893372242,0.0,7.474306150384102,-3.6509755343812733,0.0,0.0,0.0,0.0,0.0,0.0,0.0,0.0,0.0,0.0,0.0,0.0,40.0,40.0,40.0,60.0,60.0,60.0,60.0,60.0,60.0,60.0,60.0,60.0,60.0,60.0,60.0,60.0,60.0,0.0,0.0,0.0,0.0,0.0,0.0,0.0,0.0,0.0,0.0,0.0,0.0,1.0,1.0,1.0,1.5,1.5,1.5,1.5,1.5,1.5,1.5,1.5,1.5,1.5,1.5,1.5,1.5,1.5,0.0,0.0,0.0,0.0,0.0,0.0,0.0,0.0,0.0,0.0,0.0,0.0,0.0,0.0,0.0,0.0,0.0,0.0,0.0,0.0,0.0,0.0,0.0,0.0,0.0,0.0,0.0,0.0,0.0
-0.1,0.0,0.0,0.3,-0.2,0.0,-0.1,0.0,0.0,0.3,-0.2,0.0,0.0,0.0,0.0,0.01047977745263855,-0.11887223745077932,-0.43331579903332473,-0.4454926759234607,-1.605609630973806,-0.17745135346763433,-0.38096922695585567,-0.1886967439990866,-0.005254185920407689,0.7074768576960163,-0.25620153125891454,1.97202,-0.5358781132902022,0.9714073055398726,0.0,0.0,0.0,0.0,0.0,0.0,0.0,0.0,0.0,0.0,0.0,0.0,0.0,0.0,0.0,-0.6054822413802051,-0.09652543270828318,-2.357755751520478,0.46483011068664676,-0.9853983428290469,2.9898854904077288,-1.1361534823621648,0.43939014639790414,0.615620374779333,-0.21589618435866875,-0.12273973966221707,0.0,8.577492879627432,-5.343922014466018,0.0,0.0,0.0,0.0,0.0,0.0,0.0,0.0,0.0,0.0,0.0,0.0,40.0,40.0,40.0,60.0,60.0,60.0,60.0,60.0,60.0,60.0,60.0,60.0,60.0,60.0,60.0,60.0,60.0,0.0,0.0,0.0,0.0,0.0,0.0,0.0,0.0,0.0,0.0,0.0,0.0,1.0,1.0,1.0,1.5,1.5,1.5,1.5,1.5,1.5,1.5,1.5,1.5,1.5,1.5,1.5,1.5,1.5,0.0,0.0,0.0,0.0,0.0,0.0,0.0,0.0,0.0,0.0,0.0,0.0,0.0,0.0,0.0,0.0,0.0,0.0,0.0,0.0,0.0,0.0,0.0,0.0,0.0,0.0,0.0,0.0,0.0
-0.1,0.0,0.0,0.3,-0.2,0.0,-0.1,0.0,0.0,0.3,-0.2,0.0,0.0,0.0,0.0,-0.01044452728496205,-0.12278289717643871,-0.4669367510345643,-0.426642536477095,-1.6252629750386796,-0.1253711832902052,-0.3830230859405024,-0.16839835652616883,0.0053436965196674135,0.7036118549123599,-0.26658013524821916,1.97202,-0.3616157364603606,0.8884550216824505,0.0,0.0,0.0,0.0,0.0,0.0,0.0,0.0,0.0,0.0,0.0,0.0,0.0,0.0,0.0,-0.22307025895150276,-0.21416012014243216,-0.8710240712289082,0.6833912665465097,0.6238183679664999,0.797792244192757,0.08412606900276148,0.9077741084960879,0.0699958953887011,-0.5218638374738155,-0.3053570815442566,0.0,4.555655635874974,-2.651215145802768,0.0,0.0,0.0,0.0,0.0,0.0,0.0,0.0,0.0,0.0,0.0,0.0,40.0,40.0,40.0,60.0,60.0,60.0,60.0,60.0,60.0,60.0,60.0,60.0,60.0,60.0,60.0,60.0,60.0,0.0,0.0,0.0,0.0,0.0,0.0,0.0,0.0,0.0,0.0,0.0,0.0,1.0,1.0,1.0,1.5,1.5,1.5,1.5,1.5,1.5,1.5,1.5,1.5,1.5,1.5,1.5,1.5,1.5,0.0,0.0,0.0,0.0,0.0,0.0,0.0,0.0,0.0,0.0,0.0,0.0,0.0,0.0,0.0,0.0,0.0,0.0,0.0,0.0,0.0,0.0,0.0,0.0,0.0,0.0,0.0,0.0,0.0
-0.1,0.0,0.0,0.3,-0.2,0.0,-0.1,0.0,0.0,0.3,-0.2,0.0,0.0,0.0,0.0,0.0015569670945784406,-0.1274386422564766,-0.46815676188248107,-0.4181570252616003,-1.580656896255146,-0.14553966369992405,-0.3776041841957452,-0.15238577965924308,-0.002454350104859645,0.6866023041970637,-0.2684158145206848,1.97202,-0.35365188785520324,0.8653586997077619,0.0,0.0,0.0,0.0,0.0,0.0,0.0,0.0,0.0,0.0,0.0,0.0,0.0,0.0,0.0,0.6052509495882079,-0.12069616991841163,-0.5904017429277583,0.43937051308875347,2.3267186936185347,-1.757088856439648,0.219335537806295,0.511252259229137,-0.4835329155235515,0.3712973784624124,0.015330587852686872,0.0,-1.4756487250699724,-0.3684356797476196,0.0,0.0,0.0,0.0,0.0,0.0,0.0,0.0,0.0,0.0,0.0,0.0,40.0,40.0,40.0,60.0,60.0,60.0,60.0,60.0,60.0,60.0,60.0,60.0,60.0,60.0,60.0,60.0,60.0,0.0,0.0,0.0,0.0,0.0,0.0,0.0,0.0,0.0,0.0,0.0,0.0,1.0,1.0,1.0,1.5,1.5,1.5,1.5,1.5,1.5,1.5,1.5,1.5,1.5,1.5,1.5,1.5,1.5,0.0,0.0,0.0,0.0,0.0,0.0,0.0,0.0,0.0,0.0,0.0,0.0,0.0,0.0,0.0,0.0,0.0,0.0,0.0,0.0,0.0,0.0,0.0,0.0,0.0,0.0,0.0,0.0,0.0
-0.1,0.0,0.0,0.3,-0.2,0.0,-0.1,0.0,0.0,0.3,-0.2,0.0,0.0,0.0,0.0,0.013765510698566267,-0.12761074397317518,-0.4905528207516746,-0.40906771595354485,-1.5321942272939382,-0.1956547375477911,-0.3742496644282506,-0.14794826615700335,-0.013997620101274644,0.7184637500508564,-0.2659669117341117,1.97202,-0.4206416854631595,0.8737175944925457,0.0,0.0,0.0,0.0,0.0,0.0,0.0,0.0,0.0,0.0,0.0,0.0,0.0,0.0,0.0,0.5081087909819535,0.11828880821742223,-1.0109395522417144,0.39664085180942804,1.5181962566303053,-1.9919111031351293,0.21027773342860157,0.2282490206993823,-0.3850848664743413,1.6500092396304982,0.10930136178750327,0.0,-3.2823478236528563,0.4746522952959714,0.0,0.0,0.0,0.0,0.0,0.0,0.0,0.0,0.0,0.0,0.0,0.0,40.0,40.0,40.0,60.0,60.0,60.0,60.0,60.0,60.0,60.0,60.0,60.0,60.0,60.0,60.0,60.0,60.0,0.0,0.0,0.0,0.0,0.0,0.0,0.0,0.0,0.0,0.0,0.0,0.0,1.0,1.0,1.0,1.5,1.5,1.5,1.5,1.5,1.5,1.5,1.5,1.5,1.5,1.5,1.5,1.5,1.5,0.0,0.0,0.0,0.0,0.0,0.0,0.0,0.0,0.0,0.0,0.0,0.0,0.0,0.0,0.0,0.0,0.0,0.0,0.0,0.0,0.0,0.0,0.0,0.0,0.0,0.0,0.0,0.0,0.0
-0.1,0.0,0.0,0.3,-0.2,0.0,-0.1,0.0,0.0,0.3,-0.2,0.0,0.0,0.0,0.0,0.02188131873385658,-0.12270708992777972,-0.5085943439721496,-0.4022913911892232,-1.5199290459899337,-0.22521610782532922,-0.36919307485860114,-0.14325581883126778,-0.017857744763833297,0.7526026737822836,-0.2640437600491847,1.97202,-0.4849458008013175,0.8843447915196008,0.0,0.0,0.0,0.0,0.0,0.0,0.0,0.0,0.0,0.0,0.0,0.0,0.0,0.0,0.0,0.3448431346223271,0.29439606253759754,-0.4935274262525713,0.21181278808662524,-0.17689233077369249,-0.5976375774117936,0.329457069975278,0.34887323690771105,-0.012723139077392906,1.2034680184716207,0.007704357226073766,0.0,-2.3014922703968987,0.1721254427717117,0.0,0.0,0.0,0.0,0.0,0.0,0.0,0.0,0.0,0.0,0.0,0.0,40.0,40.0,40.0,60.0,60.0,60.0,60.0,60.0,60.0,60.0,60.0,60.0,60.0,60.0,60.0,60.0,60.0,0.0,0.0,0.0,0.0,0.0,0.0,0.0,0.0,0.0,0.0,0.0,0.0,1.0,1.0,1.0,1.5,1.5,1.5,1.5,1.5,1.5,1.5,1.5,1.5,1.5,1.5,1.5,1.5,1.5,0.0,0.0,0.0,0.0,0.0,0.0,0.0,0.0,0.0,0.0,0.0,0.0,0.0,0.0,0.0,0.0,0.0,0.0,0.0,0.0,0.0,0.0,0.0,0.0,0.0,0.0,0.0,0.0,0.0
-0.1,0.0,0.0,0.3,-0.2,0.0,-0.1,0.0,0.0,0.3,-0.2,0.0,0.0,0.0,0.0,0.02755923608345935,-0.11583490147167128,-0.5102939178017775,-0.40059520443007984,-1.5392699205248859,-0.21956024064426286,-0.36107138162923946,-0.1339933366806949,-0.01450654566437036,0.7666024707897212,-0.26565873744506874,1.97202,-0.5127013762790354,0.8806026122034142,0.0,0.0,0.0,0.0,0.0,0.0,0.0,0.0,0.0,0.0,0.0,0.0,0.0,0.0,0.0,0.3117458175074822,0.3014270728051202,0.15081701590203278,0.027611930640840388,-0.9963620997232359,0.6081641760723171,0.5054188728391736,0.5286758517265434,0.1945661448649151,0.40472682413630334,-0.10169616002189824,0.0,-0.9244341893826099,-0.42012671568846527,0.0,0.0,0.0,0.0,0.0,0.0,0.0,0.0,0.0,0.0,0.0,0.0,40.0,40.0,40.0,60.0,60.0,60.0,60.0,60.0,60.0,60.0,60.0,60.0,60.0,60.0,60.0,60.0,60.0,0.0,0.0,0.0,0.0,0.0,0.0,0.0,0.0,0.0,0.0,0.0,0.0,1.0,1.0,1.0,1.5,1.5,1.5,1.5,1.5,1.5,1.5,1.5,1.5,1.5,1.5,1.5,1.5,1.5,0.0,0.0,0.0,0.0,0.0,0.0,0.0,0.0,0.0,0.0,0.0,0.0,0.0,0.0,0.0,0.0,0.0,0.0,0.0,0.0,0.0,0.0,0.0,0.0,0.0,0.0,0.0,0.0,0.0
-0.1,0.0,0.0,0.3,-0.2,0.0,-0.1,0.0,0.0,0.3,-0.2,0.0,0.0,0.0,0.0,0.03435115143415587,-0.11065000701557491,-0.5025616633360683,-0.4011869139635896,-1.5597835299788632,-0.20088954078243654,-0.3489763199450342,-0.12210878476220605,-0.010075098969236692,0.7687917467477358,-0.2681116064500606,1.97202,-0.5219231683766219,0.8675397228920622,0.0,0.0,0.0,0.0,0.0,0.0,0.0,0.0,0.0,0.0,0.0,0.0,0.0,0.0,0.0,0.39845729289465504,0.15197269980464292,0.42609703966386275,0.05653017385953002,-0.777439337656527,0.5989739045477137,0.9353414629662771,0.7845808199531862,0.3370719293134502,-0.2492069842127992,0.1068359579984482,0.0,0.07740899124714373,-1.4419734305091996,0.0,0.0,0.0,0.0,0.0,0.0,0.0,0.0,0.0,0.0,0.0,0.0,40.0,40.0,40.0,60.0,60.0,60.0,60.0,60.0,60.0,60.0,60.0,60.0,60.0,60.0,60.0,60.0,60.0,0.0,0.0,0.0,0.0,0.0,0.0,0.0,0.0,0.0,0.0,0.0,0.0,1.0,1.0,1.0,1.5,1.5,1.5,1.5,1.5,1.5,1.5,1.5,1.5,1.5,1.5,1.5,1.5,1.5,0.0,0.0,0.0,0.0,0.0,0.0,0.0,0.0,0.0,0.0,0.0,0.0,0.0,0.0,0.0,0.0,0.0,0.0,0.0,0.0,0.0,0.0,0.0,0.0,0.0,0.0,0.0,0.0,0.0
-0.1,0.0,0.0,0.3,-0.2,0.0,-0.1,0.0,0.0,0.3,-0.2,0.0,0.0,0.0,0.0,0.04349752779924555,-0.10975599347948556,-0.49325003621522295,-0.39833399747569864,-1.570367494031147,-0.1956012844623543,-0.3236577231105884,-0.10261010388256746,-0.0010236684918323506,0.7566341914212092,-0.2613852991251308,1.97202,-0.5096050166291497,0.8229236749830462,0.0,0.0,0.0,0.0,0.0,0.0,0.0,0.0,0.0,0.0,0.0,0.0,0.0,0.0,0.0,0.4461218210988577,0.05770459610207855,0.3712303935853617,0.10715604837166631,-0.49248394597339873,0.14687725351930428,1.3320871126015001,1.0382019275354617,0.43106966855170015,-0.7829792720711243,0.21840747187684417,0.0,0.841662721156014,-2.4466376881044,0.0,0.0,0.0,0.0,0.0,0.0,0.0,0.0,0.0,0.0,0.0,0.0,40.0,40.0,40.0,60.0,60.0,60.0,60.0,60.0,60.0,60.0,60.0,60.0,60.0,60.0,60.0,60.0,60.0,0.0,0.0,0.0,0.0,0.0,0.0,0.0,0.0,0.0,0.0,0.0,0.0,1.0,1.0,1.0,1.5,1.5,1.5,1.5,1.5,1.5,1.5,1.5,1.5,1.5,1.5,1.5,1.5,1.5,0.0,0.0,0.0,0.0,0.0,0.0,0.0,0.0,0.0,0.0,0.0,0.0,0.0,0.0,0.0,0.0,0.0,0.0,0.0,0.0,0.0,0.0,0.0,0.0,0.0,0.0,0.0,0.0,0.0
-0.1,0.0,0.0,0.3,-0.2,0.0,-0.1,0.0,0.0,0.3,-0.2,0.0,0.0,0.0,0.0,0.052196024278110174,-0.10834182317149177,-0.48771244759265386,-0.3969006720287229,-1.579482887817799,-0.19501445064166437,-0.2956928354409742,-0.08058070766078758,0.007167687772831317,0.7374725758648908,-0.25937530757498684,1.97202,-0.48825665953038133,0.7696742153678862,0.0,0.0,0.0,0.0,0.0,0.0,0.0,0.0,0.0,0.0,0.0,0.0,0.0,0.0,0.0,0.4287639523023559,0.14127107501002883,0.1765122720136375,0.04247072029628651,-0.49549285580022806,0.11624179655403272,1.3053703324225299,0.9321094359764764,0.21047940170146254,-0.9404462866675012,0.05733109708550982,0.0,1.0650274728534206,-2.3109229085816945,0.0,0.0,0.0,0.0,0.0,0.0,0.0,0.0,0.0,0.0,0.0,0.0,40.0,40.0,40.0,60.0,60.0,60.0,60.0,60.0,60.0,60.0,60.0,60.0,60.0,60.0,60.0,60.0,60.0,0.0,0.0,0.0,0.0,0.0,0.0,0.0,0.0,0.0,0.0,0.0,0.0,1.0,1.0,1.0,1.5,1.5,1.5,1.5,1.5,1.5,1.5,1.5,1.5,1.5,1.5,1.5,1.5,1.5,0.0,0.0,0.0,0.0,0.0,0.0,0.0,0.0,0.0,0.0,0.0,0.0,0.0,0.0,0.0,0.0,0.0,0.0,0.0,0.0,0.0,0.0,0.0,0.0,0.0,0.0,0.0,0.0,0.0
-0.1,0.0,0.0,0.3,-0.2,0.0,-0.1,0.0,0.0,0.3,-0.2,0.0,0.0,0.0,0.0,0.06064808589133979,-0.1041051504790844,-0.48618954533467745,-0.3966351686638472,-1.590187208263156,-0.190951612600193,-0.2714429098136872,-0.0653257264435084,0.007395507576226152,0.7190163399545092,-0.2590920552417104,1.97202,-0.4670039177150129,0.7304867586397784,0.0,0.0,0.0,0.0,0.0,0.0,0.0,0.0,0.0,0.0,0.0,0.0,0.0,0.0,0.0,0.4170751743292204,0.26306061139666004,0.04814626921340881,0.0075178214070228955,-0.5910427399165863,0.35030986427181526,1.10396122049822,0.5834863585459951,-0.14747050004436518,-0.8297191974273727,0.06848367115142723,0.0,0.9849051417089013,-1.5046433970777873,0.0,0.0,0.0,0.0,0.0,0.0,0.0,0.0,0.0,0.0,0.0,0.0,40.0,40.0,40.0,60.0,60.0,60.0,60.0,60.0,60.0,60.0,60.0,60.0,60.0,60.0,60.0,60.0,60.0,0.0,0.0,0.0,0.0,0.0,0.0,0.0,0.0,0.0,0.0,0.0,0.0,1.0,1.0,1.0,1.5,1.5,1.5,1.5,1.5,1.5,1.5,1.5,1.5,1.5,1.5,1.5,1.5,1.5,0.0,0.0,0.0,0.0,0.0,0.0,0.0,0.0,0.0,0.0,0.0,0.0,0.0,0.0,0.0,0.0,0.0,0.0,0.0,0.0,0.0,0.0,0.0,0.0,0.0,0.0,0.0,0.0,0.0
-0.1,0.0,0.0,0.3,-0.2,0.0,-0.1,0.0,0.0,0.3,-0.2,0.0,0.0,0.0,0.0,0.06887903125127899,-0.09781939871562537,-0.4857865968241175,-0.396599959172442,-1.6031245974144626,-0.18100205607079176,-0.2515343866210454,-0.05724125331894778,0.0012688677710567097,0.7042838079677959,-0.25663596072892975,1.97202,-0.4488604538620253,0.7094884794847747,0.0,0.0,0.0,0.0,0.0,0.0,0.0,0.0,0.0,0.0,0.0,0.0,0.0,0.0,0.0,0.4157460419778663,0.30870785775121073,0.07131533476206625,0.021522550216450387,-0.6503215113264071,0.5644603713951951,0.9613731888296423,0.3655748872650818,-0.2905049632477929,-0.6962171703441489,0.19820714640644138,0.0,0.846078687162248,-0.9496884316075427,0.0,0.0,0.0,0.0,0.0,0.0,0.0,0.0,0.0,0.0,0.0,0.0,40.0,40.0,40.0,60.0,60.0,60.0,60.0,60.0,60.0,60.0,60.0,60.0,60.0,60.0,60.0,60.0,60.0,0.0,0.0,0.0,0.0,0.0,0.0,0.0,0.0,0.0,0.0,0.0,0.0,1.0,1.0,1.0,1.5,1.5,1.5,1.5,1.5,1.5,1.5,1.5,1.5,1.5,1.5,1.5,1.5,1.5,0.0,0.0,0.0,0.0,0.0,0.0,0.0,0.0,0.0,0.0,0.0,0.0,0.0,0.0,0.0,0.0,0.0,0.0,0.0,0.0,0.0,0.0,0.0,0.0,0.0,0.0,0.0,0.0,0.0
-0.1,0.0,0.0,0.3,-0.2,0.0,-0.1,0.0,0.0,0.3,-0.2,0.0,0.0,0.0,0.0,0.07727792757045444,-0.09175683616903597,-0.4833369319441948,-0.39577426665518917,-1.6162000687162124,-0.1683731977443852,-0.2329879822605015,-0.050702730952905124,-0.004224690953685564,0.6911676531407432,-0.25116376938545276,1.97202,-0.43316077022852295,0.6924992213754767,0.0,0.0,0.0,0.0,0.0,0.0,0.0,0.0,0.0,0.0,0.0,0.0,0.0,0.0,0.0,0.39104122209608594,0.2951550801323668,0.2385459200854645,-0.017864710453051325,-0.27363590890115974,0.9525988091219912,0.6256859396129938,0.20123167995368846,-0.19536980841269885,-0.5510079574855775,-0.008744250523620711,0.0,0.49946687614813995,-0.6027740664811543,0.0,0.0,0.0,0.0,0.0,0.0,0.0,0.0,0.0,0.0,0.0,0.0,40.0,40.0,40.0,60.0,60.0,60.0,60.0,60.0,60.0,60.0,60.0,60.0,60.0,60.0,60.0,60.0,60.0,0.0,0.0,0.0,0.0,0.0,0.0,0.0,0.0,0.0,0.0,0.0,0.0,1.0,1.0,1.0,1.5,1.5,1.5,1.5,1.5,1.5,1.5,1.5,1.5,1.5,1.5,1.5,1.5,1.5,0.0,0.0,0.0,0.0,0.0,0.0,0.0,0.0,0.0,0.0,0.0,0.0,0.0,0.0,0.0,0.0,0.0,0.0,0.0,0.0,0.0,0.0,0.0,0.0,0.0,0.0,0.0,0.0,0.0
-0.1,0.0,0.0,0.3,-0.2,0.0,-0.1,0.0,0.0,0.3,-0.2,0.0,0.0,0.0,0.0,0.08452068013512243,-0.0860131955103307,-0.47624476002069893,-0.39731454759056406,-1.614070033770509,-0.1428981037059121,-0.22650694903652563,-0.04919198612080024,-0.006545924565451245,0.6822434896683728,-0.2569857307498746,1.97202,-0.4288817788160997,0.6853775168255285,0.0,0.0,0.0,0.0,0.0,0.0,0.0,0.0,0.0,0.0,0.0,0.0,0.0,0.0,0.0,0.36244276823705274,0.2640799765599378,0.48186800371163296,-0.0010621737912566709,0.0782680940122904,1.4408000797967044,0.2160286576851224,0.04318765711803611,-0.1192915439116831,-0.35372453577103835,-0.26131380441354046,0.0,0.07520496729383902,-0.29644216183682126,0.0,0.0,0.0,0.0,0.0,0.0,0.0,0.0,0.0,0.0,0.0,0.0,40.0,40.0,40.0,60.0,60.0,60.0,60.0,60.0,60.0,60.0,60.0,60.0,60.0,60.0,60.0,60.0,60.0,0.0,0.0,0.0,0.0,0.0,0.0,0.0,0.0,0.0,0.0,0.0,0.0,1.0,1.0,1.0,1.5,1.5,1.5,1.5,1.5,1.5,1.5,1.5,1.5,1.5,1.5,1.5,1.5,1.5,0.0,0.0,0.0,0.0,0.0,0.0,0.0,0.0,0.0,0.0,0.0,0.0,0.0,0.0,0.0,0.0,0.0,0.0,0.0,0.0,0.0,0.0,0.0,0.0,0.0,0.0,0.0,0.0,0.0
-0.1,0.0,0.0,0.3,-0.2,0.0,-0.1,0.0,0.0,0.3,-0.2,0.0,0.0,0.0,0.0,0.09177563829993655,-0.08119363710663846,-0.4640622117957295,-0.39581675360683943,-1.6130693449557207,-0.11074119455251702,-0.2243468359530966,-0.04897522466818368,-0.008996352710152889,0.6770186717099017,-0.2616163215619944,1.97202,-0.4301525715367694,0.6806415349020039,0.0,0.0,0.0,0.0,0.0,0.0,0.0,0.0,0.0,0.0,0.0,0.0,0.0,0.0,0.0,0.31168939475357327,0.2662628415123349,0.6736373039954959,0.0745006011862906,-0.10750740432974304,1.6325377801395164,0.08243686140653322,-0.029049623374710967,-0.10769281595844944,-0.21785493927710398,-0.2824386643565782,0.0,-0.12327654384306219,-0.3376588746581366,0.0,0.0,0.0,0.0,0.0,0.0,0.0,0.0,0.0,0.0,0.0,0.0,40.0,40.0,40.0,60.0,60.0,60.0,60.0,60.0,60.0,60.0,60.0,60.0,60.0,60.0,60.0,60.0,60.0,0.0,0.0,0.0,0.0,0.0,0.0,0.0,0.0,0.0,0.0,0.0,0.0,1.0,1.0,1.0,1.5,1.5,1.5,1.5,1.5,1.5,1.5,1.5,1.5,1.5,1.5,1.5,1.5,1.5,0.0,0.0,0.0,0.0,0.0,0.0,0.0,0.0,0.0,0.0,0.0,0.0,0.0,0.0,0.0,0.0,0.0,0.0,0.0,0.0,0.0,0.0,0.0,0.0,0.0,0.0,0.0,0.0,0.0
-0.1,0.0,0.0,0.3,-0.2,0.0,-0.1,0.0,0.0,0.3,-0.2,0.0,0.0,0.0,0.0,0.09698825592526536,-0.0753626818498373,-0.4492992678608791,-0.39433452354311244,-1.6183703299436987,-0.07759659250033145,-0.2232094745802643,-0.05035397105578868,-0.010853637203789223,0.6735292920972886,-0.2682832773241377,1.97202,-0.43381284056982217,0.671871161839203,0.0,0.0,0.0,0.0,0.0,0.0,0.0,0.0,0.0,0.0,0.0,0.0,0.0,0.0,0.0,0.25586690280574237,0.2812168790666251,0.6503202032825797,0.13397609370372626,-0.7282189732392697,1.7158976481900068,-0.14169074601452225,-0.15199853020812937,0.015393810633540245,-0.12949305289156887,-0.41855384778548416,0.0,-0.17458278506971014,-0.7292940763389322,0.0,0.0,0.0,0.0,0.0,0.0,0.0,0.0,0.0,0.0,0.0,0.0,40.0,40.0,40.0,60.0,60.0,60.0,60.0,60.0,60.0,60.0,60.0,60.0,60.0,60.0,60.0,60.0,60.0,0.0,0.0,0.0,0.0,0.0,0.0,0.0,0.0,0.0,0.0,0.0,0.0,1.0,1.0,1.0,1.5,1.5,1.5,1.5,1.5,1.5,1.5,1.5,1.5,1.5,1.5,1.5,1.5,1.5,0.0,0.0,0.0,0.0,0.0,0.0,0.0,0.0,0.0,0.0,0.0,0.0,0.0,0.0,0.0,0.0,0.0,0.0,0.0,0.0,0.0,0.0,0.0,0.0,0.0,0.0,0.0,0.0,0.0
-0.1,0.0,0.0,0.3,-0.2,0.0,-0.1,0.0,0.0,0.3,-0.2,0.0,0.0,0.0,0.0,0.10201031441216625,-0.06994496194397345,-0.4380494036644263,-0.3904577098586904,-1.6421981038852915,-0.04210528862491674,-0.2300144657936775,-0.055055165876508855,-0.008380600284811279,0.671838949594239,-0.27835847547341375,1.97202,-0.4371358829395578,0.6514697718484466,0.0,0.0,0.0,0.0,0.0,0.0,0.0,0.0,0.0,0.0,0.0,0.0,0.0,0.0,0.0,0.2073001511290036,0.3101648736136345,0.6638748019411556,0.15369057623899757,-0.8512373758649106,1.7038585334706204,-0.17460584870258172,-0.17226456319945888,0.02363992610393147,-0.1331676197543652,-0.5463430629838908,0.0,-0.2088570930615305,-0.944203578437941,0.0,0.0,0.0,0.0,0.0,0.0,0.0,0.0,0.0,0.0,0.0,0.0,40.0,40.0,40.0,60.0,60.0,60.0,60.0,60.0,60.0,60.0,60.0,60.0,60.0,60.0,60.0,60.0,60.0,0.0,0.0,0.0,0.0,0.0,0.0,0.0,0.0,0.0,0.0,0.0,0.0,1.0,1.0,1.0,1.5,1.5,1.5,1.5,1.5,1.5,1.5,1.5,1.5,1.5,1.5,1.5,1.5,1.5,0.0,0.0,0.0,0.0,0.0,0.0,0.0,0.0,0.0,0.0,0.0,0.0,0.0,0.0,0.0,0.0,0.0,0.0,0.0,0.0,0.0,0.0,0.0,0.0,0.0,0.0,0.0,0.0,0.0
-0.1,0.0,0.0,0.3,-0.2,0.0,-0.1,0.0,0.0,0.3,-0.2,0.0,0.0,0.0,0.0,0.1052802619704255,-0.06295608690529192,-0.42274427578323287,-0.38818690049355253,-1.652419824978295,-0.009442251161506628,-0.23019370852836757,-0.05724455358376703,-0.009908040159631964,0.668202587307114,-0.29013699984349334,1.97202,-0.4421671242922834,0.6341030187016854,0.0,0.0,0.0,0.0,0.0,0.0,0.0,0.0,0.0,0.0,0.0,0.0,0.0,0.0,0.0,0.16349737791296268,0.3887226302545326,0.8666379861782193,0.11354046825689246,-0.5110860546501783,1.6331518731705057,-0.008962136734504134,-0.10946938536290883,-0.17638391358600372,-0.23046860895813642,-0.6315093740240914,0.0,-0.29426704221103905,-0.8683376573380586,0.0,0.0,0.0,0.0,0.0,0.0,0.0,0.0,0.0,0.0,0.0,0.0,40.0,40.0,40.0,60.0,60.0,60.0,60.0,60.0,60.0,60.0,60.0,60.0,60.0,60.0,60.0,60.0,60.0,0.0,0.0,0.0,0.0,0.0,0.0,0.0,0.0,0.0,0.0,0.0,0.0,1.0,1.0,1.0,1.5,1.5,1.5,1.5,1.5,1.5,1.5,1.5,1.5,1.5,1.5,1.5,1.5,1.5,0.0,0.0,0.0,0.0,0.0,0.0,0.0,0.0,0.0,0.0,0.0,0.0,0.0,0.0,0.0,0.0,0.0,0.0,0.0,0.0,0.0,0.0,0.0,0.0,0.0,0.0,0.0,0.0,0.0
