q_00_left_hip_pitch,q_01_left_hip_roll,q_02_left_hip_yaw,q_03_left_knee,q_04_left_ankle_pitch,q_05_left_ankle_roll,q_06_right_hip_pitch,q_07_right_hip_roll,q_08_right_hip_yaw,q_09_right_knee,q_10_right_ankle_pitch,q_11_right_ankle_roll,q_12_waist_yaw,q_13_waist_roll,q_14_waist_pitch,q_15_left_shoulder_pitch,q_16_left_shoulder_roll,q_17_left_shoulder_yaw,q_18_left_elbow,q_19_left_wrist_roll,q_20_left_wrist_pitch,q_21_left_wrist_yaw,q_22_right_shoulder_pitch,q_23_right_shoulder_roll,q_24_right_shoulder_yaw,q_25_right_elbow,q_26_right_wrist_roll,q_27_right_wrist_pitch,q_28_right_wrist_yaw,dq_00_left_hip_pitch,dq_01_left_hip_roll,dq_02_left_hip_yaw,dq_03_left_knee,dq_04_left_ankle_pitch,dq_05_left_ankle_roll,dq_06_right_hip_pitch,dq_07_right_hip_roll,dq_08_right_hip_yaw,dq_09_right_knee,dq_10_right_ankle_pitch,dq_11_right_ankle_roll,dq_12_waist_yaw,dq_13_waist_roll,dq_14_waist_pitch,dq_15_left_shoulder_pitch,dq_16_left_shoulder_roll,dq_17_left_shoulder_yaw,dq_18_left_elbow,dq_19_left_wrist_roll,dq_20_left_wrist_pitch,dq_21_left_wrist_yaw,dq_22_right_shoulder_pitch,dq_23_right_shoulder_roll,dq_24_right_shoulder_yaw,dq_25_right_elbow,dq_26_right_wrist_roll,dq_27_right_wrist_pitch,dq_28_right_wrist_yaw,kp_00_left_hip_pitch,kp_01_left_hip_roll,kp_02_left_hip_yaw,kp_03_left_knee,kp_04_left_ankle_pitch,kp_05_left_ankle_roll,kp_06_right_hip_pitch,kp_07_right_hip_roll,kp_08_right_hip_yaw,kp_09_right_knee,kp_10_right_ankle_pitch,kp_11_right_ankle_roll,kp_12_waist_yaw,kp_13_waist_roll,kp_14_waist_pitch,kp_15_left_shoulder_pitch,kp_16_left_shoulder_roll,kp_17_left_shoulder_yaw,kp_18_left_elbow,kp_19_left_wrist_roll,kp_20_left_wrist_pitch,kp_21_left_wrist_yaw,kp_22_right_shoulder_pitch,kp_23_right_shoulder_roll,kp_24_right_shoulder_yaw,kp_25_right_elbow,kp_26_right_wrist_roll,kp_27_right_wrist_pitch,kp_28_right_wrist_yaw,kd_00_left_hip_pitch,kd_01_left_hip_roll,kd_02_left_hip_yaw,kd_03_left_knee,kd_04_left_ankle_pitch,kd_05_left_ankle_roll,kd_06_right_hip_pitch,kd_07_right_hip_roll,kd_08_right_hip_yaw,kd_09_right_knee,kd_10_right_ankle_pitch,kd_11_right_ankle_roll,kd_12_waist_yaw,kd_13_waist_roll,kd_14_waist_pitch,kd_15_left_shoulder_pitch,kd_16_left_shoulder_roll,kd_17_left_shoulder_yaw,kd_18_left_elbow,kd_19_left_wrist_roll,kd_20_left_wrist_pitch,kd_21_left_wrist_yaw,kd_22_right_shoulder_pitch,kd_23_right_shoulder_roll,kd_24_right_shoulder_yaw,kd_25_right_elbow,kd_26_right_wrist_roll,kd_27_right_wrist_pitch,kd_28_right_wrist_yaw,tau_00_left_hip_pitch,tau_01_left_hip_roll,tau_02_left_hip_yaw,tau_03_left_knee,tau_04_left_ankle_pitch,tau_05_left_ankle_roll,tau_06_right_hip_pitch,tau_07_right_hip_roll,tau_08_right_hip_yaw,tau_09_right_knee,tau_10_right_ankle_pitch,tau_11_right_ankle_roll,tau_12_waist_yaw,tau_13_waist_roll,tau_14_waist_pitch,tau_15_left_shoulder_pitch,tau_16_left_shoulder_roll,tau_17_left_shoulder_yaw,tau_18_left_elbow,tau_19_left_wrist_roll,tau_20_left_wrist_pitch,tau_21_left_wrist_yaw,tau_22_right_shoulder_pitch,tau_23_right_shoulder_roll,tau_24_right_shoulder_yaw,tau_25_right_elbow,tau_26_right_wrist_roll,tau_27_right_wrist_pitch,tau_28_right_wrist_yaw
-0.1,0.0,0.0,0.3,-0.2,0.0,-0.1,0.0,0.0,0.3,-0.2,0.0,0.0,0.0,0.0,0.25,0.18,0.0,0.0,0.0,0.0,0.0,0.25,-0.18,0.0,0.0,0.0,0.0,0.0,0.0,0.0,0.0,0.0,0.0,0.0,0.0,0.0,0.0,0.0,0.0,0.0,0.0,0.0,0.0,0.0,0.0,0.0,0.0,0.0,0.0,0.0,0.0,0.0,0.0,0.0,0.0,0.0,0.0,0.0,0.0,0.0,0.0,0.0,0.0,0.0,0.0,0.0,0.0,0.0,0.0,40.0,40.0,40.0,60.0,60.0,60.0,60.0,60.0,60.0,60.0,60.0,60.0,60.0,60.0,60.0,60.0,60.0,0.0,0.0,0.0,0.0,0.0,0.0,0.0,0.0,0.0,0.0,0.0,0.0,1.0,1.0,1.0,1.5,1.5,1.5,1.5,1.5,1.5,1.5,1.5,1.5,1.5,1.5,1.5,1.5,1.5,0.0,0.0,0.0,0.0,0.0,0.0,0.0,0.0,0.0,0.0,0.0,0.0,0.0,0.0,0.0,0.0,0.0,0.0,0.0,0.0,0.0,0.0,0.0,0.0,0.0,0.0,0.0,0.0,0.0
-0.1,0.0,0.0,0.3,-0.2,0.0,-0.1,0.0,0.0,0.3,-0.2,0.0,0.0,0.0,0.0,0.25,0.18,0.0,0.0,0.0,0.0,0.0,0.25,-0.18,0.0,0.0,0.0,0.0,0.0,0.0,0.0,0.0,0.0,0.0,0.0,0.0,0.0,0.0,0.0,0.0,0.0,0.0,0.0,0.0,-0.08721904631413674,0.03025111471399583,0.03512686714389525,-0.1988163854293466,-0.8445914154042463,0.2135819921605981,-0.3863045085019304,-0.11601109656220257,-0.04047156178609984,0.013067773722796055,-0.21081030457000186,0.6032017812947692,0.27586185363333326,0.34430181955575306,0.0,0.0,0.0,0.0,0.0,0.0,0.0,0.0,0.0,0.0,0.0,0.0,40.0,40.0,40.0,60.0,60.0,60.0,60.0,60.0,60.0,60.0,60.0,60.0,60.0,60.0,60.0,60.0,60.0,0.0,0.0,0.0,0.0,0.0,0.0,0.0,0.0,0.0,0.0,0.0,0.0,1.0,1.0,1.0,1.5,1.5,1.5,1.5,1.5,1.5,1.5,1.5,1.5,1.5,1.5,1.5,1.5,1.5,0.0,0.0,0.0,0.0,0.0,0.0,0.0,0.0,0.0,0.0,0.0,0.0,0.0,0.0,0.0,0.0,0.0,0.0,0.0,0.0,0.0,0.0,0.0,0.0,0.0,0.0,0.0,0.0,0.0
-0.1,0.0,0.0,0.3,-0.2,0.0,-0.1,0.0,0.0,0.3,-0.2,0.0,0.0,0.0,0.0,0.24651123814743453,0.18121004458855983,0.0014050746857558099,-0.007952655417173864,-0.03378365661616985,0.008543279686423924,-0.015452180340077216,0.2453595561375119,-0.181618862471444,0.0005227109489118422,-0.008432412182800074,0.02412807125179077,0.011034474145333331,0.013772072782230122,0.0,0.0,0.0,0.0,0.0,0.0,0.0,0.0,0.0,0.0,0.0,0.0,0.0,0.0,0.0,-0.2715390358449872,0.07646708574515493,0.17983118061923772,-0.7225487426486219,-2.622465666749024,0.8378802101927926,-1.233365452394895,-0.37713981382116385,-0.11227484859395523,-0.004803140439137185,-0.7964018497017715,2.1399963955846206,1.1862369626727276,1.0008017590801175,0.0,0.0,0.0,0.0,0.0,0.0,0.0,0.0,0.0,0.0,0.0,0.0,40.0,40.0,40.0,60.0,60.0,60.0,60.0,60.0,60.0,60.0,60.0,60.0,60.0,60.0,60.0,60.0,60.0,0.0,0.0,0.0,0.0,0.0,0.0,0.0,0.0,0.0,0.0,0.0,0.0,1.0,1.0,1.0,1.5,1.5,1.5,1.5,1.5,1.5,1.5,1.5,1.5,1.5,1.5,1.5,1.5,1.5,0.0,0.0,0.0,0.0,0.0,0.0,0.0,0.0,0.0,0.0,0.0,0.0,0.0,0.0,0.0,0.0,0.0,0.0,0.0,0.0,0.0,0.0,0.0,0.0,0.0,0.0,0.0,0.0,0.0
-0.1,0.0,0.0,0.3,-0.2,0.0,-0.1,0.0,0.0,0.3,-0.2,0.0,0.0,0.0,0.0,0.2391384385662005,0.1830586834298062,0.007193247224769509,-0.02890194970594488,-0.10489862666996096,0.0335152084077117,-0.0493346180957958,0.23491440744715344,-0.1844909939437582,-0.0001921256175654874,-0.03185607398807086,0.08559985582338484,0.04744947850690911,0.0400320703632047,0.0,0.0,0.0,0.0,0.0,0.0,0.0,0.0,0.0,0.0,0.0,0.0,0.0,0.0,0.0,-0.5078753113115474,0.1201090284964873,0.523057781505202,-1.4767013054863714,-4.862769070643023,1.9081647631563308,-2.3560344272843743,-0.7333875872642781,-0.1991380814499795,-0.17896297671213382,-1.7475859532639213,4.636353966393809,2.955905123902155,1.7015497429883109,0.0,0.0,0.0,0.0,0.0,0.0,0.0,0.0,0.0,0.0,0.0,0.0,40.0,40.0,40.0,60.0,60.0,60.0,60.0,60.0,60.0,60.0,60.0,60.0,60.0,60.0,60.0,60.0,60.0,0.0,0.0,0.0,0.0,0.0,0.0,0.0,0.0,0.0,0.0,0.0,0.0,1.0,1.0,1.0,1.5,1.5,1.5,1.5,1.5,1.5,1.5,1.5,1.5,1.5,1.5,1.5,1.5,1.5,0.0,0.0,0.0,0.0,0.0,0.0,0.0,0.0,0.0,0.0,0.0,0.0,0.0,0.0,0.0,0.0,0.0,0.0,0.0,0.0,0.0,0.0,0.0,0.0,0.0,0.0,0.0,0.0,0.0
-0.1,0.0,0.0,0.3,-0.2,0.0,-0.1,0.0,0.0,0.3,-0.2,0.0,0.0,0.0,0.0,0.22619622569497264,0.18601440572841932,0.02232738594596389,-0.06702070763662872,-0.2282944194418908,0.08486987021267715,-0.10969355743145219,0.21602405264694077,-0.18958438572944317,-0.006635808119573511,-0.07833585031335694,0.20958222990754316,0.12927067910141954,0.08183406250176256,0.0,0.0,0.0,0.0,0.0,0.0,0.0,0.0,0.0,0.0,0.0,0.0,0.0,0.0,0.0,-0.8119239368836295,0.13599348804303468,1.1360980321810048,-2.3247262880723576,-7.640192439500649,3.5445647574528185,-3.5702373441532886,-1.2467163143132953,-0.28046719613425974,-0.6831959359633176,-2.9962006067956195,8.52552509421384,5.83523343652009,1.736291799679098,0.0,0.0,0.0,0.0,0.0,0.0,0.0,0.0,0.0,0.0,0.0,0.0,40.0,40.0,40.0,60.0,60.0,60.0,60.0,60.0,60.0,60.0,60.0,60.0,60.0,60.0,60.0,60.0,60.0,0.0,0.0,0.0,0.0,0.0,0.0,0.0,0.0,0.0,0.0,0.0,0.0,1.0,1.0,1.0,1.5,1.5,1.5,1.5,1.5,1.5,1.5,1.5,1.5,1.5,1.5,1.5,1.5,1.5,0.0,0.0,0.0,0.0,0.0,0.0,0.0,0.0,0.0,0.0,0.0,0.0,0.0,0.0,0.0,0.0,0.0,0.0,0.0,0.0,0.0,0.0,0.0,0.0,0.0,0.0,0.0,0.0,0.0
-0.1,0.0,0.0,0.3,-0.2,0.0,-0.1,0.0,0.0,0.3,-0.2,0.0,0.0,0.0,0.0,0.20666148109085533,0.18849842295152758,0.052637168512009704,-0.12189100122883918,-0.41050632424998695,0.17529779870582443,-0.19214411186192737,0.18504575487462163,-0.1957096817891286,-0.027519963056098194,-0.15170409825989564,0.42662085959193846,0.2808588159677127,0.10948374235036862,0.0,0.0,0.0,0.0,0.0,0.0,0.0,0.0,0.0,0.0,0.0,0.0,0.0,0.0,0.0,-1.212348904672452,-0.009027557357250277,1.7679383375941846,-2.8946949394601402,-10.75580973756729,5.303941975944193,-3.381165515515107,-1.753282788242602,-0.13675683567129157,-1.4330308518358765,-3.7012172546348148,11.975352921109483,7.3757983825268685,0.6968191939212675,0.0,0.0,0.0,0.0,0.0,0.0,0.0,0.0,0.0,0.0,0.0,0.0,40.0,40.0,40.0,60.0,60.0,60.0,60.0,60.0,60.0,60.0,60.0,60.0,60.0,60.0,60.0,60.0,60.0,0.0,0.0,0.0,0.0,0.0,0.0,0.0,0.0,0.0,0.0,0.0,0.0,1.0,1.0,1.0,1.5,1.5,1.5,1.5,1.5,1.5,1.5,1.5,1.5,1.5,1.5,1.5,1.5,1.5,0.0,0.0,0.0,0.0,0.0,0.0,0.0,0.0,0.0,0.0,0.0,0.0,0.0,0.0,0.0,0.0,0.0,0.0,0.0,0.0,0.0,0.0,0.0,0.0,0.0,0.0,0.0,0.0,0.0
-0.1,0.0,0.0,0.3,-0.2,0.0,-0.1,0.0,0.0,0.3,-0.2,0.0,0.0,0.0,0.0,0.17770226950807455,0.1856533034341293,0.09304491944973128,-0.18280850521503433,-0.6585268089445824,0.2970275492504449,-0.24494017805205648,0.14589274111723669,-0.19505465915629483,-0.06395704219300857,-0.22638454049874954,0.6885963467519225,0.4243026144024943,0.10970683025861326,0.0,0.0,0.0,0.0,0.0,0.0,0.0,0.0,0.0,0.0,0.0,0.0,0.0,0.0,0.0,-1.7176025277270717,-0.3347672361791926,1.9638836371614572,-2.8093013793367736,-13.603215161412175,6.124526789048467,-1.1896683766349696,-2.220797595556431,0.23344958034606997,-1.8474136641674312,-2.979191951502306,14.43704170408413,6.154746737490189,-0.7662091770157513,0.0,0.0,0.0,0.0,0.0,0.0,0.0,0.0,0.0,0.0,0.0,0.0,40.0,40.0,40.0,60.0,60.0,60.0,60.0,60.0,60.0,60.0,60.0,60.0,60.0,60.0,60.0,60.0,60.0,0.0,0.0,0.0,0.0,0.0,0.0,0.0,0.0,0.0,0.0,0.0,0.0,1.0,1.0,1.0,1.5,1.5,1.5,1.5,1.5,1.5,1.5,1.5,1.5,1.5,1.5,1.5,1.5,1.5,0.0,0.0,0.0,0.0,0.0,0.0,0.0,0.0,0.0,0.0,0.0,0.0,0.0,0.0,0.0,0.0,0.0,0.0,0.0,0.0,0.0,0.0,0.0,0.0,0.0,0.0,0.0,0.0,0.0
-0.1,0.0,0.0,0.3,-0.2,0.0,-0.1,0.0,0.0,0.3,-0.2,0.0,0.0,0.0,0.0,0.13795737998177246,0.17510773350435987,0.13119251399846799,-0.23426305640231013,-0.954634930706474,0.4202788702677631,-0.23973084692732616,0.0962138510523644,-0.1863716985752858,-0.10141650962279544,-0.2708717763199879,1.0041025277553037,0.5270486854673203,0.07883537526973856,0.0,0.0,0.0,0.0,0.0,0.0,0.0,0.0,0.0,0.0,0.0,0.0,0.0,0.0,0.0,-2.341592434701845,-0.7523926360744455,1.1291652139984238,-2.271037640152626,-14.431764744485886,4.2623932319883995,2.2521797938786863,-2.6254412974539556,0.6630546372430198,-1.0856748978746407,-1.5226496647064234,14.922540423651736,3.2264686822010917,-2.436769782148112,0.0,0.0,0.0,0.0,0.0,0.0,0.0,0.0,0.0,0.0,0.0,0.0,40.0,40.0,40.0,60.0,60.0,60.0,60.0,60.0,60.0,60.0,60.0,60.0,60.0,60.0,60.0,60.0,60.0,0.0,0.0,0.0,0.0,0.0,0.0,0.0,0.0,0.0,0.0,0.0,0.0,1.0,1.0,1.0,1.5,1.5,1.5,1.5,1.5,1.5,1.5,1.5,1.5,1.5,1.5,1.5,1.5,1.5,0.0,0.0,0.0,0.0,0.0,0.0,0.0,0.0,0.0,0.0,0.0,0.0,0.0,0.0,0.0,0.0,0.0,0.0,0.0,0.0,0.0,0.0,0.0,0.0,0.0,0.0,0.0,0.0,0.0
-0.1,0.0,0.0,0.3,-0.2,0.0,-0.1,0.0,0.0,0.3,-0.2,0.0,0.0,0.0,0.0,0.08403857212000074,0.15555759799115149,0.13821152800966824,-0.2736500108211394,-1.2357973987240178,0.4675232785299809,-0.15485298629690902,0.04087508921907846,-0.16853247366657403,-0.1073840381079942,-0.2872905270870065,1.285497963697992,0.553361361690538,0.012236038972688788,0.0,0.0,0.0,0.0,0.0,0.0,0.0,0.0,0.0,0.0,0.0,0.0,0.0,0.0,0.0,-2.7306083195793343,-0.6125544131844775,-0.2976951254076668,-1.3026731292344946,-15.20534603145269,0.22443132988549247,4.069917389680097,-2.5797032182014914,0.5340438333294436,0.33591862173675824,0.061503206492959095,15.95869696428035,-0.7355454483618392,-2.154481421287853,0.0,0.0,0.0,0.0,0.0,0.0,0.0,0.0,0.0,0.0,0.0,0.0,40.0,40.0,40.0,60.0,60.0,60.0,60.0,60.0,60.0,60.0,60.0,60.0,60.0,60.0,60.0,60.0,60.0,0.0,0.0,0.0,0.0,0.0,0.0,0.0,0.0,0.0,0.0,0.0,0.0,1.0,1.0,1.0,1.5,1.5,1.5,1.5,1.5,1.5,1.5,1.5,1.5,1.5,1.5,1.5,1.5,1.5,0.0,0.0,0.0,0.0,0.0,0.0,0.0,0.0,0.0,0.0,0.0,0.0,0.0,0.0,0.0,0.0,0.0,0.0,0.0,0.0,0.0,0.0,0.0,0.0,0.0,0.0,0.0,0.0,0.0
-0.1,0.0,0.0,0.3,-0.2,0.0,-0.1,0.0,0.0,0.3,-0.2,0.0,0.0,0.0,0.0,0.028733047198599093,0.15060555697698078,0.11928470898216131,-0.2863699815716899,-1.5628487719645816,0.4292561234631828,-0.07693415134012228,-0.006974277675695263,-0.16500994524210805,-0.08797976475332511,-0.2684116480602695,1.6424504063265177,0.49762686753284674,-0.007343881581775554,0.0,0.0,0.0,0.0,0.0,0.0,0.0,0.0,0.0,0.0,0.0,0.0,0.0,0.0,0.0,-2.8841078489363072,-0.4184463943101749,-2.1040034961645553,-0.2537438390846872,-13.338845927635035,-3.0970328599121784,1.9615593683036072,-2.4548375358143124,0.43964679612639446,2.257237237992468,1.4203026937180396,15.4243612584046,-3.2211942264728206,1.9356548039269672,0.0,0.0,0.0,0.0,0.0,0.0,0.0,0.0,0.0,0.0,0.0,0.0,40.0,40.0,40.0,60.0,60.0,60.0,60.0,60.0,60.0,60.0,60.0,60.0,60.0,60.0,60.0,60.0,60.0,0.0,0.0,0.0,0.0,0.0,0.0,0.0,0.0,0.0,0.0,0.0,0.0,1.0,1.0,1.0,1.5,1.5,1.5,1.5,1.5,1.5,1.5,1.5,1.5,1.5,1.5,1.5,1.5,1.5,0.0,0.0,0.0,0.0,0.0,0.0,0.0,0.0,0.0,0.0,0.0,0.0,0.0,0.0,0.0,0.0,0.0,0.0,0.0,0.0,0.0,0.0,0.0,0.0,0.0,0.0,0.0,0.0,0.0
-0.1,0.0,0.0,0.3,-0.2,0.0,-0.1,0.0,0.0,0.3,-0.2,0.0,0.0,0.0,0.0,-0.03132574183745156,0.1388197422187445,0.05405138816308603,-0.28379976438452686,-1.7693512358294192,0.34364196413349374,-0.07639061156476473,-0.05731841221349404,-0.15094660182151826,-0.017094548588295483,-0.2304784193382849,1.902472414034176,0.42451359263162514,0.08966223112976748,0.0,0.0,0.0,0.0,0.0,0.0,0.0,0.0,0.0,0.0,0.0,0.0,0.0,0.0,0.0,-3.195777429080715,-0.5211133226024657,-3.875034273557291,-0.05839155984094235,-8.794342225957402,-5.721238725829955,-1.5804641330681244,-2.150434170658814,1.107846907175391,4.374463489898769,1.6590903026428794,8.23923984183706,-3.362361961344061,6.242210713642156,0.0,0.0,0.0,0.0,0.0,0.0,0.0,0.0,0.0,0.0,0.0,0.0,40.0,40.0,40.0,60.0,60.0,60.0,60.0,60.0,60.0,60.0,60.0,60.0,60.0,60.0,60.0,60.0,60.0,0.0,0.0,0.0,0.0,0.0,0.0,0.0,0.0,0.0,0.0,0.0,0.0,1.0,1.0,1.0,1.5,1.5,1.5,1.5,1.5,1.5,1.5,1.5,1.5,1.5,1.5,1.5,1.5,1.5,0.0,0.0,0.0,0.0,0.0,0.0,0.0,0.0,0.0,0.0,0.0,0.0,0.0,0.0,0.0,0.0,0.0,0.0,0.0,0.0,0.0,0.0,0.0,0.0,0.0,0.0,0.0,0.0,0.0
-0.1,0.0,0.0,0.3,-0.2,0.0,-0.1,0.0,0.0,0.3,-0.2,0.0,0.0,0.0,0.0,-0.09909804996462951,0.12976102407288215,-0.03571666196013032,-0.2887056439653276,-1.9146224610028777,0.2004065744299846,-0.14015271666284726,-0.09299164450204783,-0.12069606895509241,0.08699877484262566,-0.20204803595455434,1.97202,0.3631323890790843,0.2423445469639107,0.0,0.0,0.0,0.0,0.0,0.0,0.0,0.0,0.0,0.0,0.0,0.0,0.0,0.0,0.0,-2.9407852034720032,-0.19694176620944012,-4.539772428333726,-0.9314193036835685,-5.066719104264522,-7.0776975040000965,-4.304589796662269,-1.8095772681882492,1.47712252424798,5.074799155567295,1.2209199733752722,1.7386896491456028,-4.72773126400362,7.32048969446947,0.0,0.0,0.0,0.0,0.0,0.0,0.0,0.0,0.0,0.0,0.0,0.0,40.0,40.0,40.0,60.0,60.0,60.0,60.0,60.0,60.0,60.0,60.0,60.0,60.0,60.0,60.0,60.0,60.0,0.0,0.0,0.0,0.0,0.0,0.0,0.0,0.0,0.0,0.0,0.0,0.0,1.0,1.0,1.0,1.5,1.5,1.5,1.5,1.5,1.5,1.5,1.5,1.5,1.5,1.5,1.5,1.5,1.5,0.0,0.0,0.0,0.0,0.0,0.0,0.0,0.0,0.0,0.0,0.0,0.0,0.0,0.0,0.0,0.0,0.0,0.0,0.0,0.0,0.0,0.0,0.0,0.0,0.0,0.0,0.0,0.0,0.0
-0.1,0.0,0.0,0.3,-0.2,0.0,-0.1,0.0,0.0,0.3,-0.2,0.0,0.0,0.0,0.0,-0.1489571499763317,0.13094207157036689,-0.12753950897026303,-0.3210565365318696,-1.97202,0.06053406397348987,-0.2485742034312555,-0.129701502941024,-0.09186170085159906,0.18589741763439632,-0.181641620403274,1.97202,0.23540434207148034,0.3824818189085463,0.0,0.0,0.0,0.0,0.0,0.0,0.0,0.0,0.0,0.0,0.0,0.0,0.0,0.0,0.0,-2.2343390396425926,0.10732030704457621,-4.161720261491928,-1.7735532404066223,-1.4349384749280603,-6.130959738748653,-5.062951787923316,-1.6846002587096558,1.3352734935669068,4.833043958268921,0.3589673671624577,0.0,-6.542688599764909,6.0090037451459155,0.0,0.0,0.0,0.0,0.0,0.0,0.0,0.0,0.0,0.0,0.0,0.0,40.0,40.0,40.0,60.0,60.0,60.0,60.0,60.0,60.0,60.0,60.0,60.0,60.0,60.0,60.0,60.0,60.0,0.0,0.0,0.0,0.0,0.0,0.0,0.0,0.0,0.0,0.0,0.0,0.0,1.0,1.0,1.0,1.5,1.5,1.5,1.5,1.5,1.5,1.5,1.5,1.5,1.5,1.5,1.5,1.5,1.5,0.0,0.0,0.0,0.0,0.0,0.0,0.0,0.0,0.0,0.0,0.0,0.0,0.0,0.0,0.0,0.0,0.0,0.0,0.0,0.0,0.0,0.0,0.0,0.0,0.0,0.0,0.0,0.0,0.0
-0.1,0.0,0.0,0.3,-0.2,0.0,-0.1,0.0,0.0,0.3,-0.2,0.0,0.0,0.0,0.0,-0.1884716115503332,0.1340538363546652,-0.20218547241980747,-0.3596477735815925,-1.97202,-0.04483181511996151,-0.3426707881797799,-0.16037565485043406,-0.06728512921241614,0.2803205331733825,-0.18768934126805603,1.97202,0.10142484508848792,0.4827046967697473,0.0,0.0,0.0,0.0,0.0,0.0,0.0,0.0,0.0,0.0,0.0,0.0,0.0,0.0,0.0,-1.5592319975980053,0.25124378074989695,-3.077531649558151,-1.73770818103086,0.0,-4.824047521362541,-3.9882215280012434,-1.4929802047582152,0.9750981514269234,4.081214915966036,-0.9420185947682402,0.0,-6.732593154331422,3.587033599242466,0.0,0.0,0.0,0.0,0.0,0.0,0.0,0.0,0.0,0.0,0.0,0.0,40.0,40.0,40.0,60.0,60.0,60.0,60.0,60.0,60.0,60.0,60.0,60.0,60.0,60.0,60.0,60.0,60.0,0.0,0.0,0.0,0.0,0.0,0.0,0.0,0.0,0.0,0.0,0.0,0.0,1.0,1.0,1.0,1.5,1.5,1.5,1.5,1.5,1.5,1.5,1.5,1.5,1.5,1.5,1.5,1.5,1.5,0.0,0.0,0.0,0.0,0.0,0.0,0.0,0.0,0.0,0.0,0.0,0.0,0.0,0.0,0.0,0.0,0.0,0.0,0.0,0.0,0.0,0.0,0.0,0.0,0.0,0.0,0.0,0.0,0.0
-0.1,0.0,0.0,0.3,-0.2,0.0,-0.1,0.0,0.0,0.3,-0.2,0.0,0.0,0.0,0.0,-0.2113264298802519,0.14099182280036276,-0.2506407749525891,-0.390564863773104,-1.97202,-0.13242783688101176,-0.40810306455130524,-0.18942071113135261,-0.052857774794522125,0.34914601427303776,-0.2193223641940036,1.97202,-0.03389938410177655,0.525963162878245,0.0,0.0,0.0,0.0,0.0,0.0,0.0,0.0,0.0,0.0,0.0,0.0,0.0,0.0,0.0,-1.2151420636630779,0.10553843047727274,-2.479168127914353,-1.4093702456874815,0.0,-4.985295741684293,-2.5923071327358507,-1.2767362452902324,0.7172755967004806,3.69342053768405,-2.217271263601084,0.0,-7.159960432947851,1.4007922936662767,0.0,0.0,0.0,0.0,0.0,0.0,0.0,0.0,0.0,0.0,0.0,0.0,40.0,40.0,40.0,60.0,60.0,60.0,60.0,60.0,60.0,60.0,60.0,60.0,60.0,60.0,60.0,60.0,60.0,0.0,0.0,0.0,0.0,0.0,0.0,0.0,0.0,0.0,0.0,0.0,0.0,1.0,1.0,1.0,1.5,1.5,1.5,1.5,1.5,1.5,1.5,1.5,1.5,1.5,1.5,1.5,1.5,1.5,0.0,0.0,0.0,0.0,0.0,0.0,0.0,0.0,0.0,0.0,0.0,0.0,0.0,0.0,0.0,0.0,0.0,0.0,0.0,0.0,0.0,0.0,0.0,0.0,0.0,0.0,0.0,0.0,0.0
-0.1,0.0,0.0,0.3,-0.2,0.0,-0.1,0.0,0.0,0.3,-0.2,0.0,0.0,0.0,0.0,-0.23707729409685632,0.1382753735737561,-0.3013521975363816,-0.41602258340909176,-1.97202,-0.24424364478733324,-0.44636307348921395,-0.21144510466204336,-0.03859410534439692,0.4280573546807445,-0.2763801918120994,1.97202,-0.18497357222942615,0.5387363885163984,0.0,0.0,0.0,0.0,0.0,0.0,0.0,0.0,0.0,0.0,0.0,0.0,0.0,0.0,0.0,-0.5355443299332262,0.32799935225091004,-1.8797476888467917,-1.2946397448282256,0.0,-4.00582645431436,-1.5871661349906765,-1.1270158597751836,-0.05014723615117678,2.7339142681655244,-2.6163211954176804,0.0,-6.747498990380869,-1.01406933049374,0.0,0.0,0.0,0.0,0.0,0.0,0.0,0.0,0.0,0.0,0.0,0.0,40.0,40.0,40.0,60.0,60.0,60.0,60.0,60.0,60.0,60.0,60.0,60.0,60.0,60.0,60.0,60.0,60.0,0.0,0.0,0.0,0.0,0.0,0.0,0.0,0.0,0.0,0.0,0.0,0.0,1.0,1.0,1.0,1.5,1.5,1.5,1.5,1.5,1.5,1.5,1.5,1.5,1.5,1.5,1.5,1.5,1.5,0.0,0.0,0.0,0.0,0.0,0.0,0.0,0.0,0.0,0.0,0.0,0.0,0.0,0.0,0.0,0.0,0.0,0.0,0.0,0.0,0.0,0.0,0.0,0.0,0.0,0.0,0.0,0.0,0.0
-0.1,0.0,0.0,0.3,-0.2,0.0,-0.1,0.0,0.0,0.3,-0.2,0.0,0.0,0.0,0.0,-0.23274820307758096,0.15411179689039917,-0.32583068250646074,-0.44235045356623304,-1.97202,-0.29266089505358617,-0.4715897099509323,-0.23450134552235996,-0.054863664240569196,0.45850258499965874,-0.32397521201071083,1.97202,-0.30379934371701134,0.48540038965849536,0.0,0.0,0.0,0.0,0.0,0.0,0.0,0.0,0.0,0.0,0.0,0.0,0.0,0.0,0.0,-0.4286767503895776,0.363478932108361,-1.0579697543255244,-1.0179218407802086,0.0,-3.3829205191817575,-0.3929967536112203,-0.7053660138878016,-0.6560679776502921,2.0656581079114016,-2.8080374842713614,0.0,-5.707142683892533,-2.362269265111694,0.0,0.0,0.0,0.0,0.0,0.0,0.0,0.0,0.0,0.0,0.0,0.0,40.0,40.0,40.0,60.0,60.0,60.0,60.0,60.0,60.0,60.0,60.0,60.0,60.0,60.0,60.0,60.0,60.0,0.0,0.0,0.0,0.0,0.0,0.0,0.0,0.0,0.0,0.0,0.0,0.0,1.0,1.0,1.0,1.5,1.5,1.5,1.5,1.5,1.5,1.5,1.5,1.5,1.5,1.5,1.5,1.5,1.5,0.0,0.0,0.0,0.0,0.0,0.0,0.0,0.0,0.0,0.0,0.0,0.0,0.0,0.0,0.0,0.0,0.0,0.0,0.0,0.0,0.0,0.0,0.0,0.0,0.0,0.0,0.0,0.0,0.0
-0.1,0.0,0.0,0.3,-0.2,0.0,-0.1,0.0,0.0,0.3,-0.2,0.0,0.0,0.0,0.0,-0.2542243641124394,0.15281453085809055,-0.3436709877094026,-0.4567394570403001,-1.97202,-0.37956046555460354,-0.46208294363366276,-0.23965974521755543,-0.0648368244504086,0.5106836789972006,-0.38870169118295383,1.97202,-0.4132592795851275,0.4442456179119306,0.0,0.0,0.0,0.0,0.0,0.0,0.0,0.0,0.0,0.0,0.0,0.0,0.0,0.0,0.0,-0.5796243673322911,0.028025912539327014,-1.201425917783415,-0.8886287753001473,0.0,-4.362866089754207,0.7185897296791421,-0.454429621895705,-0.4167135330168003,2.195476812419449,-2.681718772206147,0.0,-4.874264056660967,-1.6447973334042312,0.0,0.0,0.0,0.0,0.0,0.0,0.0,0.0,0.0,0.0,0.0,0.0,40.0,40.0,40.0,60.0,60.0,60.0,60.0,60.0,60.0,60.0,60.0,60.0,60.0,60.0,60.0,60.0,60.0,0.0,0.0,0.0,0.0,0.0,0.0,0.0,0.0,0.0,0.0,0.0,0.0,1.0,1.0,1.0,1.5,1.5,1.5,1.5,1.5,1.5,1.5,1.5,1.5,1.5,1.5,1.5,1.5,1.5,0.0,0.0,0.0,0.0,0.0,0.0,0.0,0.0,0.0,0.0,0.0,0.0,0.0,0.0,0.0,0.0,0.0,0.0,0.0,0.0,0.0,0.0,0.0,0.0,0.0,0.0,0.0,0.0,0.0
-0.1,0.0,0.0,0.3,-0.2,0.0,-0.1,0.0,0.0,0.3,-0.2,0.0,0.0,0.0,0.0,-0.2559331777708726,0.15523283339197225,-0.37388771921779734,-0.47789560457823893,-1.97202,-0.46717553864375444,-0.4428461207637666,-0.25267853039818816,-0.07153220556124121,0.5463216574964367,-0.4312439628989567,1.97202,-0.49876990598345,0.4196084963223261,0.0,0.0,0.0,0.0,0.0,0.0,0.0,0.0,0.0,0.0,0.0,0.0,0.0,0.0,0.0,-0.11457872945530578,0.15824644306906485,-1.285488582507388,-1.1954071437179206,0.0,-5.034127569563821,0.9544738451718715,-0.5764439266539529,-0.40185511111318695,1.5633733757232093,-2.1847645210127693,0.0,-4.093650115782315,-1.378365841325152,0.0,0.0,0.0,0.0,0.0,0.0,0.0,0.0,0.0,0.0,0.0,0.0,40.0,40.0,40.0,60.0,60.0,60.0,60.0,60.0,60.0,60.0,60.0,60.0,60.0,60.0,60.0,60.0,60.0,0.0,0.0,0.0,0.0,0.0,0.0,0.0,0.0,0.0,0.0,0.0,0.0,1.0,1.0,1.0,1.5,1.5,1.5,1.5,1.5,1.5,1.5,1.5,1.5,1.5,1.5,1.5,1.5,1.5,0.0,0.0,0.0,0.0,0.0,0.0,0.0,0.0,0.0,0.0,0.0,0.0,0.0,0.0,0.0,0.0,0.0,0.0,0.0,0.0,0.0,0.0,0.0,0.0,0.0,0.0,0.0,0.0,0.0
-0.1,0.0,0.0,0.3,-0.2,0.0,-0.1,0.0,0.0,0.3,-0.2,0.0,0.0,0.0,0.0,-0.25880751329065166,0.15914438858085314,-0.3950905310096981,-0.5045557427890169,-1.97202,-0.5809255683371564,-0.4239039898267879,-0.26271750228371354,-0.08091102889493608,0.573218614026129,-0.4760922720234646,1.97202,-0.5770052842164201,0.38911098425892454,0.0,0.0,0.0,0.0,0.0,0.0,0.0,0.0,0.0,0.0,0.0,0.0,0.0,0.0,0.0,-0.10178782905172629,0.1457110661952657,-1.4893655910886108,-1.4315147214518666,0.0,-5.068097324351477,0.8811692875698925,-0.38078509562681495,-0.6151045079598942,0.9155161199910028,-1.2076674301892312,0.0,-2.866884790118891,-1.2909894094547818,0.0,0.0,0.0,0.0,0.0,0.0,0.0,0.0,0.0,0.0,0.0,0.0,40.0,40.0,40.0,60.0,60.0,60.0,60.0,60.0,60.0,60.0,60.0,60.0,60.0,60.0,60.0,60.0,60.0,0.0,0.0,0.0,0.0,0.0,0.0,0.0,0.0,0.0,0.0,0.0,0.0,1.0,1.0,1.0,1.5,1.5,1.5,1.5,1.5,1.5,1.5,1.5,1.5,1.5,1.5,1.5,1.5,1.5,0.0,0.0,0.0,0.0,0.0,0.0,0.0,0.0,0.0,0.0,0.0,0.0,0.0,0.0,0.0,0.0,0.0,0.0,0.0,0.0,0.0,0.0,0.0,0.0,0.0,0.0,0.0,0.0,0.0
-0.1,0.0,0.0,0.3,-0.2,0.0,-0.1,0.0,0.0,0.3,-0.2,0.0,0.0,0.0,0.0,-0.26000469093294165,0.16106127603978287,-0.4334623428613418,-0.5351561934363136,-1.97202,-0.6698994316178135,-0.4075993492609709,-0.26790993422326076,-0.09613638587963698,0.5829423022960768,-0.47955066010652597,1.97202,-0.6134452975882057,0.36796891994413483,0.0,0.0,0.0,0.0,0.0,0.0,0.0,0.0,0.0,0.0,0.0,0.0,0.0,0.0,0.0,0.23643310382860105,0.19854771121626327,-1.6427023611557123,-1.6687898634902554,0.0,-3.8080214166886144,0.8972380124346576,-0.7696884644026027,-0.413612858242263,0.39551613675419817,-1.1265997389038496,0.0,-3.416125034844944,-3.94188911662495,0.0,0.0,0.0,0.0,0.0,0.0,0.0,0.0,0.0,0.0,0.0,0.0,40.0,40.0,40.0,60.0,60.0,60.0,60.0,60.0,60.0,60.0,60.0,60.0,60.0,60.0,60.0,60.0,60.0,0.0,0.0,0.0,0.0,0.0,0.0,0.0,0.0,0.0,0.0,0.0,0.0,1.0,1.0,1.0,1.5,1.5,1.5,1.5,1.5,1.5,1.5,1.5,1.5,1.5,1.5,1.5,1.5,1.5,0.0,0.0,0.0,0.0,0.0,0.0,0.0,0.0,0.0,0.0,0.0,0.0,0.0,0.0,0.0,0.0,0.0,0.0,0.0,0.0,0.0,0.0,0.0,0.0,0.0,0.0,0.0,0.0,0.0
-0.1,0.0,0.0,0.3,-0.2,0.0,-0.1,0.0,0.0,0.3,-0.2,0.0,0.0,0.0,0.0,-0.24935018913750762,0.16708629702950367,-0.4607986254559266,-0.5713073373286272,-1.97202,-0.7332464250047009,-0.3880144693294016,-0.29350504085981766,-0.0974555432246266,0.5890392594962969,-0.5211562615796186,1.97202,-0.7136502856102178,0.23143541959392655,0.0,0.0,0.0,0.0,0.0,0.0,0.0,0.0,0.0,0.0,0.0,0.0,0.0,0.0,0.0,0.4664513929665041,0.08716606225569329,-1.4731894181163774,-1.7767144150976992,0.0,-2.2976790364866746,1.141426822895948,-1.1849788449380962,-0.26124898381298284,0.7070649839417825,-2.213917196950617,0.0,-5.216250221346819,-7.443554397637576,0.0,0.0,0.0,0.0,0.0,0.0,0.0,0.0,0.0,0.0,0.0,0.0,40.0,40.0,40.0,60.0,60.0,60.0,60.0,60.0,60.0,60.0,60.0,60.0,60.0,60.0,60.0,60.0,60.0,0.0,0.0,0.0,0.0,0.0,0.0,0.0,0.0,0.0,0.0,0.0,0.0,1.0,1.0,1.0,1.5,1.5,1.5,1.5,1.5,1.5,1.5,1.5,1.5,1.5,1.5,1.5,1.5,1.5,0.0,0.0,0.0,0.0,0.0,0.0,0.0,0.0,0.0,0.0,0.0,0.0,0.0,0.0,0.0,0.0,0.0,0.0,0.0,0.0,0.0,0.0,0.0,0.0,0.0,0.0,0.0,0.0,0.0
-0.1,0.0,0.0,0.3,-0.2,0.0,-0.1,0.0,0.0,0.3,-0.2,0.0,0.0,0.0,0.0,-0.24134663521428149,0.1645479185300106,-0.49238991958599687,-0.6062247700402216,-1.97202,-0.7618065930772805,-0.361942276345133,-0.3153090880207846,-0.1065863452321563,0.6112249016537481,-0.5681073479845506,1.97202,-0.8220953064420784,0.07022674403863179,0.0,0.0,0.0,0.0,0.0,0.0,0.0,0.0,0.0,0.0,0.0,0.0,0.0,0.0,0.0,0.12050498210349758,-0.14415339316599732,-1.1157173440012227,-1.3717071120193962,0.0,-1.927107782733875,1.8897592591409897,-0.9214724271937521,-0.4224589159853149,1.3128200783796977,-2.823485408319901,0.0,-5.984211390407612,-7.74187568427889,0.0,0.0,0.0,0.0,0.0,0.0,0.0,0.0,0.0,0.0,0.0,0.0,40.0,40.0,40.0,60.0,60.0,60.0,60.0,60.0,60.0,60.0,60.0,60.0,60.0,60.0,60.0,60.0,60.0,0.0,0.0,0.0,0.0,0.0,0.0,0.0,0.0,0.0,0.0,0.0,0.0,1.0,1.0,1.0,1.5,1.5,1.5,1.5,1.5,1.5,1.5,1.5,1.5,1.5,1.5,1.5,1.5,1.5,0.0,0.0,0.0,0.0,0.0,0.0,0.0,0.0,0.0,0.0,0.0,0.0,0.0,0.0,0.0,0.0,0.0,0.0,0.0,0.0,0.0,0.0,0.0,0.0,0.0,0.0,0.0,0.0,0.0
-0.1,0.0,0.0,0.3,-0.2,0.0,-0.1,0.0,0.0,0.3,-0.2,0.0,0.0,0.0,0.0,-0.2445299898533677,0.16132016130286378,-0.5054273192159755,-0.626175621809403,-1.97202,-0.8103307363140559,-0.312424098963762,-0.33036393794756774,-0.1143538998640392,0.6415520626314848,-0.6340956779124146,1.97202,-0.9530187412265223,-0.07823960777722902,0.0,0.0,0.0,0.0,0.0,0.0,0.0,0.0,0.0,0.0,0.0,0.0,0.0,0.0,0.0,-0.17406860360180063,-0.16647940463308183,-0.8307316430294476,-1.1569392279955486,0.0,-3.4379508371397667,3.628463626896279,-0.9394190284840398,-0.33354634844053843,1.44373720098733,-3.3965805740807626,0.0,-7.402921651661315,-7.189664790384426,0.0,0.0,0.0,0.0,0.0,0.0,0.0,0.0,0.0,0.0,0.0,0.0,40.0,40.0,40.0,60.0,60.0,60.0,60.0,60.0,60.0,60.0,60.0,60.0,60.0,60.0,60.0,60.0,60.0,0.0,0.0,0.0,0.0,0.0,0.0,0.0,0.0,0.0,0.0,0.0,0.0,1.0,1.0,1.0,1.5,1.5,1.5,1.5,1.5,1.5,1.5,1.5,1.5,1.5,1.5,1.5,1.5,1.5,0.0,0.0,0.0,0.0,0.0,0.0,0.0,0.0,0.0,0.0,0.0,0.0,0.0,0.0,0.0,0.0,0.0,0.0,0.0,0.0,0.0,0.0,0.0,0.0,0.0,0.0,0.0,0.0,0.0
-0.1,0.0,0.0,0.3,-0.2,0.0,-0.1,0.0,0.0,0.3,-0.2,0.0,0.0,0.0,0.0,-0.2483093793583535,0.15788874234468733,-0.5256191853071748,-0.6525023391600435,-1.97202,-0.8993246265628712,-0.21680373126928182,-0.3528858491601462,-0.11992819916977783,0.6689743896932413,-0.7039705709477811,1.97202,-1.118212172508531,-0.21735984757674526,0.0,0.0,0.0,0.0,0.0,0.0,0.0,0.0,0.0,0.0,0.0,0.0,0.0,0.0,0.0,-0.41119621731318945,-0.2531704443650862,-1.1920164935475652,-1.6761582478959784,0.0,-5.242394504177472,6.185439912752951,-1.0620315971870853,-0.26294451845464417,1.4748197521877837,-3.4075304510541,0.0,-8.247246473352687,-6.538074370588004,0.0,0.0,0.0,0.0,0.0,0.0,0.0,0.0,0.0,0.0,0.0,0.0,40.0,40.0,40.0,60.0,60.0,60.0,60.0,60.0,60.0,60.0,60.0,60.0,60.0,60.0,60.0,60.0,60.0,0.0,0.0,0.0,0.0,0.0,0.0,0.0,0.0,0.0,0.0,0.0,0.0,1.0,1.0,1.0,1.5,1.5,1.5,1.5,1.5,1.5,1.5,1.5,1.5,1.5,1.5,1.5,1.5,1.5,0.0,0.0,0.0,0.0,0.0,0.0,0.0,0.0,0.0,0.0,0.0,0.0,0.0,0.0,0.0,0.0,0.0,0.0,0.0,0.0,0.0,0.0,0.0,0.0,0.0,0.0,0.0,0.0,0.0
-0.1,0.0,0.0,0.3,-0.2,0.0,-0.1,0.0,0.0,0.3,-0.2,0.0,0.0,0.0,0.0,-0.2609778385458953,0.15119334352826033,-0.5531079789578781,-0.6932219517252421,-1.97202,-1.0200265164811548,-0.06500650245364395,-0.37284520183505115,-0.12487168060222496,0.7005448527189961,-0.7703968959545786,1.97202,-1.2829086001606298,-0.33976258260074915,0.0,0.0,0.0,0.0,0.0,0.0,0.0,0.0,0.0,0.0,0.0,0.0,0.0,0.0,0.0,-0.42724149161991326,-0.1305627411982993,-1.4055534116563795,-2.4034539156571806,0.0,-5.990772432592245,5.75738892947589,-1.0016765607976332,-0.3671151286321717,0.9596312886518882,-2.926322896392472,0.0,-7.041677798637702,-4.576998595327369,0.0,0.0,0.0,0.0,0.0,0.0,0.0,0.0,0.0,0.0,0.0,0.0,40.0,40.0,40.0,60.0,60.0,60.0,60.0,60.0,60.0,60.0,60.0,60.0,60.0,60.0,60.0,60.0,60.0,0.0,0.0,0.0,0.0,0.0,0.0,0.0,0.0,0.0,0.0,0.0,0.0,1.0,1.0,1.0,1.5,1.5,1.5,1.5,1.5,1.5,1.5,1.5,1.5,1.5,1.5,1.5,1.5,1.5,0.0,0.0,0.0,0.0,0.0,0.0,0.0,0.0,0.0,0.0,0.0,0.0,0.0,0.0,0.0,0.0,0.0,0.0,0.0,0.0,0.0,0.0,0.0,0.0,0.0,0.0,0.0,0.0,0.0
-0.1,0.0,0.0,0.3,-0.2,0.0,-0.1,0.0,0.0,0.3,-0.2,0.0,0.0,0.0,0.0,-0.26539903902315004,0.15266623269675536,-0.58184132177343,-0.7486404957863307,-1.97202,-1.138955523866561,0.013491825909753799,-0.39295291159205153,-0.1346128043150647,0.7073596412393168,-0.82102348680348,1.97202,-1.399879284454039,-0.40043979138984004,0.0,0.0,0.0,0.0,0.0,0.0,0.0,0.0,0.0,0.0,0.0,0.0,0.0,0.0,0.0,-0.8932156130168872,0.17474985997382245,-0.8741640027601194,-1.7235741182322322,0.0,-6.113462256004904,2.59181149170751,-0.2316392436510148,-0.6138752278069111,0.716792738900876,-2.403126250893622,0.0,-5.0526935591020505,-1.9241420173969583,0.0,0.0,0.0,0.0,0.0,0.0,0.0,0.0,0.0,0.0,0.0,0.0,40.0,40.0,40.0,60.0,60.0,60.0,60.0,60.0,60.0,60.0,60.0,60.0,60.0,60.0,60.0,60.0,60.0,0.0,0.0,0.0,0.0,0.0,0.0,0.0,0.0,0.0,0.0,0.0,0.0,1.0,1.0,1.0,1.5,1.5,1.5,1.5,1.5,1.5,1.5,1.5,1.5,1.5,1.5,1.5,1.5,1.5,0.0,0.0,0.0,0.0,0.0,0.0,0.0,0.0,0.0,0.0,0.0,0.0,0.0,0.0,0.0,0.0,0.0,0.0,0.0,0.0,0.0,0.0,0.0,0.0,0.0,0.0,0.0,0.0,0.0
-0.1,0.0,0.0,0.3,-0.2,0.0,-0.1,0.0,0.0,0.3,-0.2,0.0,0.0,0.0,0.0,-0.2967064630665708,0.15818333792721323,-0.5880745390682829,-0.7621649164545314,-1.97202,-1.264565006721351,0.03866595721465647,-0.38211077158109175,-0.1494266897145014,0.7292165622750312,-0.8665219459903235,1.97202,-1.4850163425247118,-0.4167282632966275,0.0,0.0,0.0,0.0,0.0,0.0,0.0,0.0,0.0,0.0,0.0,0.0,0.0,0.0,0.0,-1.0516809230514124,0.2733733444591872,-0.7588765006377451,-1.087486911888566,0.0,-4.766158560664701,1.5239006891660258,0.35629063804947375,-0.5977532721062058,0.8761715617612992,-1.627147982911528,0.0,-2.822139289736397,-0.3293349313426383,0.0,0.0,0.0,0.0,0.0,0.0,0.0,0.0,0.0,0.0,0.0,0.0,40.0,40.0,40.0,60.0,60.0,60.0,60.0,60.0,60.0,60.0,60.0,60.0,60.0,60.0,60.0,60.0,60.0,0.0,0.0,0.0,0.0,0.0,0.0,0.0,0.0,0.0,0.0,0.0,0.0,1.0,1.0,1.0,1.5,1.5,1.5,1.5,1.5,1.5,1.5,1.5,1.5,1.5,1.5,1.5,1.5,1.5,0.0,0.0,0.0,0.0,0.0,0.0,0.0,0.0,0.0,0.0,0.0,0.0,0.0,0.0,0.0,0.0,0.0,0.0,0.0,0.0,0.0,0.0,0.0,0.0,0.0,0.0,0.0,0.0,0.0
-0.1,0.0,0.0,0.3,-0.2,0.0,-0.1,0.0,0.0,0.3,-0.2,0.0,0.0,0.0,0.0,-0.30746627594520654,0.16360116647512285,-0.6121963817989398,-0.7921399722618734,-1.97202,-1.329601866293149,0.07444785347639483,-0.3787012860700726,-0.15852293519931293,0.7424065037097688,-0.8861094061199412,1.97202,-1.512764856043495,-0.41361318864354557,0.0,0.0,0.0,0.0,0.0,0.0,0.0,0.0,0.0,0.0,0.0,0.0,0.0,0.0,0.0,-0.3711345434960073,0.25648161825217936,-1.6036653620346035,-1.2157291743554703,0.0,-0.96783383272116,-0.43567380390140115,0.2512406962233857,-0.5240498138880375,1.1320994962671138,-0.6147475145733522,0.0,0.3599968645384366,1.4027357314336464,0.0,0.0,0.0,0.0,0.0,0.0,0.0,0.0,0.0,0.0,0.0,0.0,40.0,40.0,40.0,60.0,60.0,60.0,60.0,60.0,60.0,60.0,60.0,60.0,60.0,60.0,60.0,60.0,60.0,0.0,0.0,0.0,0.0,0.0,0.0,0.0,0.0,0.0,0.0,0.0,0.0,1.0,1.0,1.0,1.5,1.5,1.5,1.5,1.5,1.5,1.5,1.5,1.5,1.5,1.5,1.5,1.5,1.5,0.0,0.0,0.0,0.0,0.0,0.0,0.0,0.0,0.0,0.0,0.0,0.0,0.0,0.0,0.0,0.0,0.0,0.0,0.0,0.0,0.0,0.0,0.0,0.0,0.0,0.0,0.0,0.0,0.0
-0.1,0.0,0.0,0.3,-0.2,0.0,-0.1,0.0,0.0,0.3,-0.2,0.0,0.0,0.0,0.0,-0.31155184480641107,0.1684426026573004,-0.652221153549667,-0.8107940834287503,-1.97202,-1.3032783600301974,0.02123900505860042,-0.3720611437321563,-0.1703886822700229,0.7745005421257157,-0.8911118465732576,1.97202,-1.4706164679431744,-0.36061883403928163,0.0,0.0,0.0,0.0,0.0,0.0,0.0,0.0,0.0,0.0,0.0,0.0,0.0,0.0,0.0,0.01118505224871752,0.2268438222831952,-1.0114166184847477,-0.6725158294180189,0.0,1.7602706922386968,-3.280607341945977,0.37636349783995576,-0.4272686358229284,0.9315398037931494,-0.04544715057603066,0.0,2.6738733402953963,2.870313874142558,0.0,0.0,0.0,0.0,0.0,0.0,0.0,0.0,0.0,0.0,0.0,0.0,40.0,40.0,40.0,60.0,60.0,60.0,60.0,60.0,60.0,60.0,60.0,60.0,60.0,60.0,60.0,60.0,60.0,0.0,0.0,0.0,0.0,0.0,0.0,0.0,0.0,0.0,0.0,0.0,0.0,1.0,1.0,1.0,1.5,1.5,1.5,1.5,1.5,1.5,1.5,1.5,1.5,1.5,1.5,1.5,1.5,1.5,0.0,0.0,0.0,0.0,0.0,0.0,0.0,0.0,0.0,0.0,0.0,0.0,0.0,0.0,0.0,0.0,0.0,0.0,0.0,0.0,0.0,0.0,0.0,0.0,0.0,0.0,0.0,0.0,0.0
-0.1,0.0,0.0,0.3,-0.2,0.0,-0.1,0.0,0.0,0.3,-0.2,0.0,0.0,0.0,0.0,-0.30701887385525783,0.17267491936645066,-0.6526530465383297,-0.8190406054385941,-1.97202,-1.2591910386036012,-0.05677644020144425,-0.36364674615647435,-0.17561368063223007,0.7796680958614948,-0.8879272921429824,1.97202,-1.4058099224316791,-0.29880063367784326,0.0,0.0,0.0,0.0,0.0,0.0,0.0,0.0,0.0,0.0,0.0,0.0,0.0,0.0,0.0,0.26980551795410396,0.3133158514276403,0.21145604849105715,0.36341879457592874,0.0,2.1777914307474444,-3.56944903246479,0.5111421840610836,-0.31955611518366955,-0.05379808242597095,0.6557100621839201,0.0,2.857210303340657,3.2291845543734308,0.0,0.0,0.0,0.0,0.0,0.0,0.0,0.0,0.0,0.0,0.0,0.0,40.0,40.0,40.0,60.0,60.0,60.0,60.0,60.0,60.0,60.0,60.0,60.0,60.0,60.0,60.0,60.0,60.0,0.0,0.0,0.0,0.0,0.0,0.0,0.0,0.0,0.0,0.0,0.0,0.0,1.0,1.0,1.0,1.5,1.5,1.5,1.5,1.5,1.5,1.5,1.5,1.5,1.5,1.5,1.5,1.5,1.5,0.0,0.0,0.0,0.0,0.0,0.0,0.0,0.0,0.0,0.0,0.0,0.0,0.0,0.0,0.0,0.0,0.0,0.0,0.0,0.0,0.0,0.0,0.0,0.0,0.0,0.0,0.0,0.0,0.0
-0.1,0.0,0.0,0.3,-0.2,0.0,-0.1,0.0,0.0,0.3,-0.2,0.0,0.0,0.0,0.0,-0.3007596240882469,0.18097523671440602,-0.6437629116100247,-0.7962573316457131,-1.97202,-1.2161667028002996,-0.12153895623999118,-0.351615456369713,-0.1831709268773697,0.7723486188286769,-0.8648834440859008,1.97202,-1.356328055809548,-0.2314514518643444,0.0,0.0,0.0,0.0,0.0,0.0,0.0,0.0,0.0,0.0,0.0,0.0,0.0,0.0,0.0,0.3787761559121125,0.4399136115874884,0.5921184405573265,1.3014052418795885,0.0,2.0187021070958653,-3.058334603739966,0.5137316120822272,-0.40576500094841245,-0.47211229142548605,1.160445356934492,0.0,2.1757779614626047,3.390276239624884,0.0,0.0,0.0,0.0,0.0,0.0,0.0,0.0,0.0,0.0,0.0,0.0,40.0,40.0,40.0,60.0,60.0,60.0,60.0,60.0,60.0,60.0,60.0,60.0,60.0,60.0,60.0,60.0,60.0,0.0,0.0,0.0,0.0,0.0,0.0,0.0,0.0,0.0,0.0,0.0,0.0,1.0,1.0,1.0,1.5,1.5,1.5,1.5,1.5,1.5,1.5,1.5,1.5,1.5,1.5,1.5,1.5,1.5,0.0,0.0,0.0,0.0,0.0,0.0,0.0,0.0,0.0,0.0,0.0,0.0,0.0,0.0,0.0,0.0,0.0,0.0,0.0,0.0,0.0,0.0,0.0,0.0,0.0,0.0,0.0,0.0,0.0
-0.1,0.0,0.0,0.3,-0.2,0.0,-0.1,0.0,0.0,0.3,-0.2,0.0,0.0,0.0,0.0,-0.29186782761877333,0.1902714638299502,-0.6289683089160366,-0.7669843957634106,-1.97202,-1.1784429543197665,-0.1791098243510429,-0.34309748167318527,-0.19184428067016657,0.7607836042044753,-0.8415094778656027,1.97202,-1.318778803973175,-0.1631895840928479,0.0,0.0,0.0,0.0,0.0,0.0,0.0,0.0,0.0,0.0,0.0,0.0,0.0,0.0,0.0,0.4981581213007333,0.4662211700512009,0.7200404916367531,1.3568425744233141,0.0,1.951087391022377,-2.669554999279854,0.444159531231314,-0.43194416008755787,-0.770852648221601,1.1475203879675544,0.0,2.207642703928386,3.151691651150533,0.0,0.0,0.0,0.0,0.0,0.0,0.0,0.0,0.0,0.0,0.0,0.0,40.0,40.0,40.0,60.0,60.0,60.0,60.0,60.0,60.0,60.0,60.0,60.0,60.0,60.0,60.0,60.0,60.0,0.0,0.0,0.0,0.0,0.0,0.0,0.0,0.0,0.0,0.0,0.0,0.0,1.0,1.0,1.0,1.5,1.5,1.5,1.5,1.5,1.5,1.5,1.5,1.5,1.5,1.5,1.5,1.5,1.5,0.0,0.0,0.0,0.0,0.0,0.0,0.0,0.0,0.0,0.0,0.0,0.0,0.0,0.0,0.0,0.0,0.0,0.0,0.0,0.0,0.0,0.0,0.0,0.0,0.0,0.0,0.0,0.0,0.0
-0.1,0.0,0.0,0.3,-0.2,0.0,-0.1,0.0,0.0,0.3,-0.2,0.0,0.0,0.0,0.0,-0.2808332992362176,0.19962408351645405,-0.6149612919445546,-0.7419836286687805,-1.97202,-1.1381232071594045,-0.22832115621118534,-0.3338490751204604,-0.200448693280872,0.7415145128998128,-0.8189826285671986,1.97202,-1.2680223476524126,-0.10538378581832308,0.0,0.0,0.0,0.0,0.0,0.0,0.0,0.0,0.0,0.0,0.0,0.0,0.0,0.0,0.0,0.36120638969648206,0.4785351545944255,0.706867232341718,1.1832589098247719,0.0,2.4015802978792022,-0.9866350577176553,0.5910127869903483,-0.23092230268320912,-0.7070268040855532,1.2502359876848723,0.0,2.945767074001487,2.02442685856495,0.0,0.0,0.0,0.0,0.0,0.0,0.0,0.0,0.0,0.0,0.0,0.0,40.0,40.0,40.0,60.0,60.0,60.0,60.0,60.0,60.0,60.0,60.0,60.0,60.0,60.0,60.0,60.0,60.0,0.0,0.0,0.0,0.0,0.0,0.0,0.0,0.0,0.0,0.0,0.0,0.0,1.0,1.0,1.0,1.5,1.5,1.5,1.5,1.5,1.5,1.5,1.5,1.5,1.5,1.5,1.5,1.5,1.5,0.0,0.0,0.0,0.0,0.0,0.0,0.0,0.0,0.0,0.0,0.0,0.0,0.0,0.0,0.0,0.0,0.0,0.0,0.0,0.0,0.0,0.0,0.0,0.0,0.0,0.0,0.0,0.0,0.0
-0.1,0.0,0.0,0.3,-0.2,0.0,-0.1,0.0,0.0,0.3,-0.2,0.0,0.0,0.0,0.0,-0.27741957203091405,0.20941287001372721,-0.6006936196223679,-0.7196540393704197,-1.97202,-1.0823797424045984,-0.2185752266597491,-0.31945697019357133,-0.20108117277749493,0.7325025320410532,-0.7915000383582078,1.97202,-1.2009481210131154,-0.08221250975024989,0.0,0.0,0.0,0.0,0.0,0.0,0.0,0.0,0.0,0.0,0.0,0.0,0.0,0.0,0.0,0.4694262357233345,0.4658333735497802,1.1109708640929443,0.6120833668563502,0.0,2.5554923700667587,-0.7370798484222458,0.6007076333860591,-0.15644326386288557,-1.0067383197742252,1.1923056198757414,0.0,3.1606301159901817,1.0349985686230911,0.0,0.0,0.0,0.0,0.0,0.0,0.0,0.0,0.0,0.0,0.0,0.0,40.0,40.0,40.0,60.0,60.0,60.0,60.0,60.0,60.0,60.0,60.0,60.0,60.0,60.0,60.0,60.0,60.0,0.0,0.0,0.0,0.0,0.0,0.0,0.0,0.0,0.0,0.0,0.0,0.0,1.0,1.0,1.0,1.5,1.5,1.5,1.5,1.5,1.5,1.5,1.5,1.5,1.5,1.5,1.5,1.5,1.5,0.0,0.0,0.0,0.0,0.0,0.0,0.0,0.0,0.0,0.0,0.0,0.0,0.0,0.0,0.0,0.0,0.0,0.0,0.0,0.0,0.0,0.0,0.0,0.0,0.0,0.0,0.0,0.0,0.0
-0.1,0.0,0.0,0.3,-0.2,0.0,-0.1,0.0,0.0,0.3,-0.2,0.0,0.0,0.0,0.0,-0.2620562498072842,0.21825741845844526,-0.5705224573808368,-0.7175002939945265,-1.97202,-1.0359035123567342,-0.2578043501480752,-0.30982076978501805,-0.20670642383538743,0.7012449801088438,-0.771290403772169,1.97202,-1.1415971430128053,-0.06398384307339944,0.0,0.0,0.0,0.0,0.0,0.0,0.0,0.0,0.0,0.0,0.0,0.0,0.0,0.0,0.0,0.7583221426909585,0.4091253410688354,1.236543667164064,0.5350556365372461,0.0,2.570208269728813,-2.384366676409279,0.3236388633326287,-0.19322347189237865,-1.6093572892727863,0.9361708354200166,0.0,2.552238880611851,0.711957275242871,0.0,0.0,0.0,0.0,0.0,0.0,0.0,0.0,0.0,0.0,0.0,0.0,40.0,40.0,40.0,60.0,60.0,60.0,60.0,60.0,60.0,60.0,60.0,60.0,60.0,60.0,60.0,60.0,60.0,0.0,0.0,0.0,0.0,0.0,0.0,0.0,0.0,0.0,0.0,0.0,0.0,1.0,1.0,1.0,1.5,1.5,1.5,1.5,1.5,1.5,1.5,1.5,1.5,1.5,1.5,1.5,1.5,1.5,0.0,0.0,0.0,0.0,0.0,0.0,0.0,0.0,0.0,0.0,0.0,0.0,0.0,0.0,0.0,0.0,0.0,0.0,0.0,0.0,0.0,0.0,0.0,0.0,0.0,0.0,0.0,0.0,0.0
-0.1,0.0,0.0,0.3,-0.2,0.0,-0.1,0.0,0.0,0.3,-0.2,0.0,0.0,0.0,0.0,-0.2470866863232757,0.22577788365648063,-0.5512318729358053,-0.6982518139089299,-1.97202,-0.9795714116154459,-0.31394989371612025,-0.3065114156602662,-0.20881011165319008,0.6681282404701417,-0.7540532049414072,1.97202,-1.0988585657886414,-0.05373421874053505,0.0,0.0,0.0,0.0,0.0,0.0,0.0,0.0,0.0,0.0,0.0,0.0,0.0,0.0,0.0,0.8200562167754715,0.34485220347928514,1.0349490703362634,1.1638313447623754,0.0,3.243634869695172,-3.073769834759574,0.0077486877505333895,-0.05504490602831896,-1.5573492403633398,0.6940805207469952,0.0,1.7511008168380693,0.4121419505492538,0.0,0.0,0.0,0.0,0.0,0.0,0.0,0.0,0.0,0.0,0.0,0.0,40.0,40.0,40.0,60.0,60.0,60.0,60.0,60.0,60.0,60.0,60.0,60.0,60.0,60.0,60.0,60.0,60.0,0.0,0.0,0.0,0.0,0.0,0.0,0.0,0.0,0.0,0.0,0.0,0.0,1.0,1.0,1.0,1.5,1.5,1.5,1.5,1.5,1.5,1.5,1.5,1.5,1.5,1.5,1.5,1.5,1.5,0.0,0.0,0.0,0.0,0.0,0.0,0.0,0.0,0.0,0.0,0.0,0.0,0.0,0.0,0.0,0.0,0.0,0.0,0.0,0.0,0.0,0.0,0.0,0.0,0.0,0.0,0.0,0.0,0.0
-0.1,0.0,0.0,0.3,-0.2,0.0,-0.1,0.0,0.0,0.3,-0.2,0.0,0.0,0.0,0.0,-0.22925400113626535,0.23205150659761667,-0.5291244945673863,-0.6709470402040315,-1.97202,-0.9061581175689273,-0.38075514353845813,-0.3095108222749967,-0.20890822007652018,0.6389510104943102,-0.7435271829422891,1.97202,-1.0715531103392826,-0.047498165051429286,0.0,0.0,0.0,0.0,0.0,0.0,0.0,0.0,0.0,0.0,0.0,0.0,0.0,0.0,0.0,1.0046213028533244,0.2676874943288214,1.2627553834955507,1.6406520781979739,0.0,4.075877745550368,-3.0201763858946045,-0.32226192773729956,0.05858504764743311,-1.3543189917000014,0.5018307303346459,0.0,0.9376589046002581,0.06893216104696415,0.0,0.0,0.0,0.0,0.0,0.0,0.0,0.0,0.0,0.0,0.0,0.0,40.0,40.0,40.0,60.0,60.0,60.0,60.0,60.0,60.0,60.0,60.0,60.0,60.0,60.0,60.0,60.0,60.0,0.0,0.0,0.0,0.0,0.0,0.0,0.0,0.0,0.0,0.0,0.0,0.0,1.0,1.0,1.0,1.5,1.5,1.5,1.5,1.5,1.5,1.5,1.5,1.5,1.5,1.5,1.5,1.5,1.5,0.0,0.0,0.0,0.0,0.0,0.0,0.0,0.0,0.0,0.0,0.0,0.0,0.0,0.0,0.0,0.0,0.0,0.0,0.0,0.0,0.0,0.0,0.0,0.0,0.0,0.0,0.0,0.0,0.0
-0.1,0.0,0.0,0.3,-0.2,0.0,-0.1,0.0,0.0,0.3,-0.2,0.0,0.0,0.0,0.0,-0.20690183420914274,0.2364853834296335,-0.5007216575959833,-0.6326257307810109,-1.97202,-0.8165363017934312,-0.43475694915190444,-0.31940189276975817,-0.20646670974729275,0.6139554808021417,-0.7339799757280213,1.97202,-1.061352209604631,-0.050976932298656484,0.0,0.0,0.0,0.0,0.0,0.0,0.0,0.0,0.0,0.0,0.0,0.0,0.0,0.0,0.0,1.141367028259549,0.07051669608886674,1.63230533657073,1.00695933017714,0.0,3.7639351191593033,-0.8709137055712551,-1.0409054588192495,0.6069348038410138,-0.8856493299265994,0.025222288740125998,0.0,-1.3865054144766131,-1.1282256630260123,0.0,0.0,0.0,0.0,0.0,0.0,0.0,0.0,0.0,0.0,0.0,0.0,40.0,40.0,40.0,60.0,60.0,60.0,60.0,60.0,60.0,60.0,60.0,60.0,60.0,60.0,60.0,60.0,60.0,0.0,0.0,0.0,0.0,0.0,0.0,0.0,0.0,0.0,0.0,0.0,0.0,1.0,1.0,1.0,1.5,1.5,1.5,1.5,1.5,1.5,1.5,1.5,1.5,1.5,1.5,1.5,1.5,1.5,0.0,0.0,0.0,0.0,0.0,0.0,0.0,0.0,0.0,0.0,0.0,0.0,0.0,0.0,0.0,0.0,0.0,0.0,0.0,0.0,0.0,0.0,0.0,0.0,0.0,0.0,0.0,0.0,0.0
-0.1,0.0,0.0,0.3,-0.2,0.0,-0.1,0.0,0.0,0.3,-0.2,0.0,0.0,0.0,0.0,-0.1835993200058834,0.23487217444117134,-0.4638322811045571,-0.6306686669969459,-1.97202,-0.7556007128025551,-0.41559169176130834,-0.3511470406277667,-0.18463082792287963,0.6035250372972463,-0.7425182913926841,1.97202,-1.127013326918347,-0.09262719157246978,0.0,0.0,0.0,0.0,0.0,0.0,0.0,0.0,0.0,0.0,0.0,0.0,0.0,0.0,0.0,0.9878244265535754,-0.12624208102246376,1.2665955081571825,-0.783697619248766,0.0,1.5776686131042021,2.5094498726426244,-1.8164783777116722,1.0435108517034357,0.11073084741886063,-1.601201815436254,0.0,-4.548293556275562,-2.157478567632686,0.0,0.0,0.0,0.0,0.0,0.0,0.0,0.0,0.0,0.0,0.0,0.0,40.0,40.0,40.0,60.0,60.0,60.0,60.0,60.0,60.0,60.0,60.0,60.0,60.0,60.0,60.0,60.0,60.0,0.0,0.0,0.0,0.0,0.0,0.0,0.0,0.0,0.0,0.0,0.0,0.0,1.0,1.0,1.0,1.5,1.5,1.5,1.5,1.5,1.5,1.5,1.5,1.5,1.5,1.5,1.5,1.5,1.5,0.0,0.0,0.0,0.0,0.0,0.0,0.0,0.0,0.0,0.0,0.0,0.0,0.0,0.0,0.0,0.0,0.0,0.0,0.0,0.0,0.0,0.0,0.0,0.0,0.0,0.0,0.0,0.0,0.0
-0.1,0.0,0.0,0.3,-0.2,0.0,-0.1,0.0,0.0,0.3,-0.2,0.0,0.0,0.0,0.0,-0.16738885714699972,0.23143570018873494,-0.450057837269696,-0.6639736355509616,-1.97202,-0.7534295572692631,-0.33437895424619946,-0.39206102787822505,-0.16472627567915532,0.6183847146988961,-0.7980280483454715,1.97202,-1.2432839518556535,-0.13727607500396394,0.0,0.0,0.0,0.0,0.0,0.0,0.0,0.0,0.0,0.0,0.0,0.0,0.0,0.0,0.0,0.5079754230481258,-0.1815030061450701,0.14308208906401165,-1.4840281886364104,0.0,-0.9536368135495993,3.905802446700936,-1.5223321591810433,0.40518186494869074,0.9487947464502322,-2.2771536146753952,0.0,-4.593663969890405,-1.8632468559981425,0.0,0.0,0.0,0.0,0.0,0.0,0.0,0.0,0.0,0.0,0.0,0.0,40.0,40.0,40.0,60.0,60.0,60.0,60.0,60.0,60.0,60.0,60.0,60.0,60.0,60.0,60.0,60.0,60.0,0.0,0.0,0.0,0.0,0.0,0.0,0.0,0.0,0.0,0.0,0.0,0.0,1.0,1.0,1.0,1.5,1.5,1.5,1.5,1.5,1.5,1.5,1.5,1.5,1.5,1.5,1.5,1.5,1.5,0.0,0.0,0.0,0.0,0.0,0.0,0.0,0.0,0.0,0.0,0.0,0.0,0.0,0.0,0.0,0.0,0.0,0.0,0.0,0.0,0.0,0.0,0.0,0.0,0.0,0.0,0.0,0.0,0.0
-0.1,0.0,0.0,0.3,-0.2,0.0,-0.1,0.0,0.0,0.3,-0.2,0.0,0.0,0.0,0.0,-0.16328030308395836,0.22761205419536854,-0.45810899754199663,-0.6900297945424023,-1.97202,-0.7937461853445391,-0.2593595938932709,-0.4120403269950084,-0.168423553324932,0.6414768271552556,-0.8336044359796999,1.97202,-1.3107598857139633,-0.16715706581239548,0.0,0.0,0.0,0.0,0.0,0.0,0.0,0.0,0.0,0.0,0.0,0.0,0.0,0.0,0.0,0.12162359140031193,-0.16155784636656678,-0.8064822867235241,-0.33986920441992363,0.0,-1.6861238714299565,3.0428738777797433,-0.5146143766488198,-0.5745267152963307,1.0487285242082034,-0.5057719149959755,0.0,-1.6952875428094705,-1.39990788184021,0.0,0.0,0.0,0.0,0.0,0.0,0.0,0.0,0.0,0.0,0.0,0.0,40.0,40.0,40.0,60.0,60.0,60.0,60.0,60.0,60.0,60.0,60.0,60.0,60.0,60.0,60.0,60.0,60.0,0.0,0.0,0.0,0.0,0.0,0.0,0.0,0.0,0.0,0.0,0.0,0.0,1.0,1.0,1.0,1.5,1.5,1.5,1.5,1.5,1.5,1.5,1.5,1.5,1.5,1.5,1.5,1.5,1.5,0.0,0.0,0.0,0.0,0.0,0.0,0.0,0.0,0.0,0.0,0.0,0.0,0.0,0.0,0.0,0.0,0.0,0.0,0.0,0.0,0.0,0.0,0.0,0.0,0.0,0.0,0.0,0.0,0.0
-0.1,0.0,0.0,0.3,-0.2,0.0,-0.1,0.0,0.0,0.3,-0.2,0.0,0.0,0.0,0.0,-0.16252391349098724,0.22497338633407227,-0.48231712873863697,-0.6775684037277585,-1.97202,-0.8208745121264613,-0.21266399913500972,-0.41264560294417785,-0.18770734429100855,0.6603338556672242,-0.8182589249453105,1.97202,-1.3110954535680324,-0.19327239027757234,0.0,0.0,0.0,0.0,0.0,0.0,0.0,0.0,0.0,0.0,0.0,0.0,0.0,0.0,0.0,-0.07380215054749034,-0.16310052062000271,-1.0050530321354625,-0.24756037902597117,0.0,-1.8184036034967126,2.691121086505032,-0.07970890000788128,-0.4894156270706738,0.3532338727272183,0.6251553531502585,0.0,-0.09563830499649262,-1.3644478060233076,0.0,0.0,0.0,0.0,0.0,0.0,0.0,0.0,0.0,0.0,0.0,0.0,40.0,40.0,40.0,60.0,60.0,60.0,60.0,60.0,60.0,60.0,60.0,60.0,60.0,60.0,60.0,60.0,60.0,0.0,0.0,0.0,0.0,0.0,0.0,0.0,0.0,0.0,0.0,0.0,0.0,1.0,1.0,1.0,1.5,1.5,1.5,1.5,1.5,1.5,1.5,1.5,1.5,1.5,1.5,1.5,1.5,1.5,0.0,0.0,0.0,0.0,0.0,0.0,0.0,0.0,0.0,0.0,0.0,0.0,0.0,0.0,0.0,0.0,0.0,0.0,0.0,0.0,0.0,0.0,0.0,0.0,0.0,0.0,0.0,0.0,0.0
-0.1,0.0,0.0,0.3,-0.2,0.0,-0.1,0.0,0.0,0.3,-0.2,0.0,0.0,0.0,0.0,-0.16623238910585797,0.22108803337056843,-0.49831111882741513,-0.6999322097034412,-1.97202,-0.8664823294844076,-0.15171475043306962,-0.4152286829953237,-0.18800017840775896,0.6556061820643443,-0.8085982218536896,1.97202,-1.314585417913823,-0.22173497805332779,0.0,0.0,0.0,0.0,0.0,0.0,0.0,0.0,0.0,0.0,0.0,0.0,0.0,0.0,0.0,-0.615088431935852,-0.08067578692319763,-0.38866979033830157,-1.2567040779873084,0.0,-3.78737985024431,3.1928711054870895,0.14108374207676688,-0.1504252395558528,-0.2067179179138262,0.07619494561989237,0.0,-0.6634598821350202,-1.0404815472941802,0.0,0.0,0.0,0.0,0.0,0.0,0.0,0.0,0.0,0.0,0.0,0.0,40.0,40.0,40.0,60.0,60.0,60.0,60.0,60.0,60.0,60.0,60.0,60.0,60.0,60.0,60.0,60.0,60.0,0.0,0.0,0.0,0.0,0.0,0.0,0.0,0.0,0.0,0.0,0.0,0.0,1.0,1.0,1.0,1.5,1.5,1.5,1.5,1.5,1.5,1.5,1.5,1.5,1.5,1.5,1.5,1.5,1.5,0.0,0.0,0.0,0.0,0.0,0.0,0.0,0.0,0.0,0.0,0.0,0.0,0.0,0.0,0.0,0.0,0.0,0.0,0.0,0.0,0.0,0.0,0.0,0.0,0.0,0.0,0.0,0.0,0.0
-0.1,0.0,0.0,0.3,-0.2,0.0,-0.1,0.0,0.0,0.3,-0.2,0.0,0.0,0.0,0.0,-0.18712745076842133,0.22174635485714436,-0.49786392035216903,-0.7278365668472508,-1.97202,-0.9723697061362337,-0.08494915491552614,-0.40700225326110717,-0.19372435387324266,0.6520651389506712,-0.8152111271205148,1.97202,-1.3376338488534332,-0.23489165216933955,0.0,0.0,0.0,0.0,0.0,0.0,0.0,0.0,0.0,0.0,0.0,0.0,0.0,0.0,0.0,-0.9496465582701299,-0.028501818105481497,-0.6614846142757688,-1.964109459311797,0.0,-5.583960649759931,3.5514482688553843,0.22763133366387467,-0.25769660975472897,0.016175374133414744,-0.08153524741552065,0.0,-1.0970664356957427,-0.8039879286000424,0.0,0.0,0.0,0.0,0.0,0.0,0.0,0.0,0.0,0.0,0.0,0.0,40.0,40.0,40.0,60.0,60.0,60.0,60.0,60.0,60.0,60.0,60.0,60.0,60.0,60.0,60.0,60.0,60.0,0.0,0.0,0.0,0.0,0.0,0.0,0.0,0.0,0.0,0.0,0.0,0.0,1.0,1.0,1.0,1.5,1.5,1.5,1.5,1.5,1.5,1.5,1.5,1.5,1.5,1.5,1.5,1.5,1.5,0.0,0.0,0.0,0.0,0.0,0.0,0.0,0.0,0.0,0.0,0.0,0.0,0.0,0.0,0.0,0.0,0.0,0.0,0.0,0.0,0.0,0.0,0.0,0.0,0.0,0.0,0.0,0.0,0.0
-0.1,0.0,0.0,0.3,-0.2,0.0,-0.1,0.0,0.0,0.3,-0.2,0.0,0.0,0.0,0.0,-0.20421825143666317,0.21994796064634917,-0.5247705033984459,-0.778496588075913,-1.97202,-1.0898407554748049,-0.009656819678854237,-0.4061234296487687,-0.19830804279794811,0.6562531970296809,-0.8118596317503104,1.97202,-1.3584680753416527,-0.2538944951973295,0.0,0.0,0.0,0.0,0.0,0.0,0.0,0.0,0.0,0.0,0.0,0.0,0.0,0.0,0.0,-0.7466434348793356,-0.010053793280237477,-1.4270118953984487,-2.4072782725409443,0.0,-4.578323466241995,2.4698074896041624,0.08947527137863481,-0.24768669676831084,0.20620877104222668,0.1497790840204266,0.0,-0.42514744251326286,-0.3337950233573798,0.0,0.0,0.0,0.0,0.0,0.0,0.0,0.0,0.0,0.0,0.0,0.0,40.0,40.0,40.0,60.0,60.0,60.0,60.0,60.0,60.0,60.0,60.0,60.0,60.0,60.0,60.0,60.0,60.0,0.0,0.0,0.0,0.0,0.0,0.0,0.0,0.0,0.0,0.0,0.0,0.0,1.0,1.0,1.0,1.5,1.5,1.5,1.5,1.5,1.5,1.5,1.5,1.5,1.5,1.5,1.5,1.5,1.5,0.0,0.0,0.0,0.0,0.0,0.0,0.0,0.0,0.0,0.0,0.0,0.0,0.0,0.0,0.0,0.0,0.0,0.0,0.0,0.0,0.0,0.0,0.0,0.0,0.0,0.0,0.0,0.0,0.0
-0.1,0.0,0.0,0.3,-0.2,0.0,-0.1,0.0,0.0,0.3,-0.2,0.0,0.0,0.0,0.0,-0.21699318816359475,0.22134420312593486,-0.554944396168107,-0.8241276977488886,-1.97202,-1.1555026447859136,0.01384314466864037,-0.4034232424059618,-0.2036318217439751,0.6603134897923603,-0.8092199637596977,1.97202,-1.3546397465539637,-0.24824345310363474,0.0,0.0,0.0,0.0,0.0,0.0,0.0,0.0,0.0,0.0,0.0,0.0,0.0,0.0,0.0,-0.4223591872258049,0.17464055350837338,-1.278448006346508,-0.7485326519781177,0.0,-1.5949083859176316,-0.19813903482605968,0.3432107724875261,-0.42444699365253025,0.10267143139254808,0.4625254815567609,0.0,1.1239210741596062,0.7225503212477654,0.0,0.0,0.0,0.0,0.0,0.0,0.0,0.0,0.0,0.0,0.0,0.0,40.0,40.0,40.0,60.0,60.0,60.0,60.0,60.0,60.0,60.0,60.0,60.0,60.0,60.0,60.0,60.0,60.0,0.0,0.0,0.0,0.0,0.0,0.0,0.0,0.0,0.0,0.0,0.0,0.0,1.0,1.0,1.0,1.5,1.5,1.5,1.5,1.5,1.5,1.5,1.5,1.5,1.5,1.5,1.5,1.5,1.5,0.0,0.0,0.0,0.0,0.0,0.0,0.0,0.0,0.0,0.0,0.0,0.0,0.0,0.0,0.0,0.0,0.0,0.0,0.0,0.0,0.0,0.0,0.0,0.0,0.0,0.0,0.0,0.0,0.0
-0.1,0.0,0.0,0.3,-0.2,0.0,-0.1,0.0,0.0,0.3,-0.2,0.0,0.0,0.0,0.0,-0.22111261892569536,0.2269335827866841,-0.5759084236523062,-0.8084378941550378,-1.97202,-1.1536370909115101,-0.017582381071896625,-0.39239499874926764,-0.21528592254404932,0.6603600542853828,-0.79335861248804,1.97202,-1.3135112323752685,-0.22499248234741887,0.0,0.0,0.0,0.0,0.0,0.0,0.0,0.0,0.0,0.0,0.0,0.0,0.0,0.0,0.0,-0.07870962964754424,0.1765945351688586,-0.5765793078597203,0.491411992059107,0.0,0.7575498953895643,-2.091305078659692,0.4397188319242823,-0.28352946597822865,-0.16016209535803794,0.8597762640317336,0.0,2.0394375751798144,1.0491417605985445,0.0,0.0,0.0,0.0,0.0,0.0,0.0,0.0,0.0,0.0,0.0,0.0,40.0,40.0,40.0,60.0,60.0,60.0,60.0,60.0,60.0,60.0,60.0,60.0,60.0,60.0,60.0,60.0,60.0,0.0,0.0,0.0,0.0,0.0,0.0,0.0,0.0,0.0,0.0,0.0,0.0,1.0,1.0,1.0,1.5,1.5,1.5,1.5,1.5,1.5,1.5,1.5,1.5,1.5,1.5,1.5,1.5,1.5,0.0,0.0,0.0,0.0,0.0,0.0,0.0,0.0,0.0,0.0,0.0,0.0,0.0,0.0,0.0,0.0,0.0,0.0,0.0,0.0,0.0,0.0,0.0,0.0,0.0,0.0,0.0,0.0,0.0
-0.1,0.0,0.0,0.3,-0.2,0.0,-0.1,0.0,0.0,0.3,-0.2,0.0,0.0,0.0,0.0,-0.22014157334949652,0.2284079845326892,-0.5780075684824958,-0.8044712180665243,-1.97202,-1.125200648970331,-0.06980905847774731,-0.3858344891289905,-0.21497300038310424,0.6539070059780387,-0.7748289131984284,1.97202,-1.273062243546771,-0.20627778267969296,0.0,0.0,0.0,0.0,0.0,0.0,0.0,0.0,0.0,0.0,0.0,0.0,0.0,0.0,0.0,0.10115323675259982,0.06480927887042714,0.012965494841427061,0.814692105803827,0.0,1.3466846383016928,-1.794630211311402,0.2999289782044126,0.015603457961498729,-0.3364526558522568,0.9658266881213545,0.0,1.7788180441045909,0.5366715404948305,0.0,0.0,0.0,0.0,0.0,0.0,0.0,0.0,0.0,0.0,0.0,0.0,40.0,40.0,40.0,60.0,60.0,60.0,60.0,60.0,60.0,60.0,60.0,60.0,60.0,60.0,60.0,60.0,60.0,0.0,0.0,0.0,0.0,0.0,0.0,0.0,0.0,0.0,0.0,0.0,0.0,1.0,1.0,1.0,1.5,1.5,1.5,1.5,1.5,1.5,1.5,1.5,1.5,1.5,1.5,1.5,1.5,1.5,0.0,0.0,0.0,0.0,0.0,0.0,0.0,0.0,0.0,0.0,0.0,0.0,0.0,0.0,0.0,0.0,0.0,0.0,0.0,0.0,0.0,0.0,0.0,0.0,0.0,0.0,0.0,0.0,0.0
-0.1,0.0,0.0,0.3,-0.2,0.0,-0.1,0.0,0.0,0.3,-0.2,0.0,0.0,0.0,0.0,-0.21706648945559137,0.2295259539415012,-0.5753898038586491,-0.7758502099228847,-1.97202,-1.0997697053794424,-0.08936758952435271,-0.38039783962109114,-0.21466178422558937,0.6469019480512925,-0.7547255449631858,1.97202,-1.2423585106110848,-0.20352562072762564,0.0,0.0,0.0,0.0,0.0,0.0,0.0,0.0,0.0,0.0,0.0,0.0,0.0,0.0,0.0,0.12740687222382308,0.042138780519656444,0.21282082782096423,1.1091528500197039,0.0,1.0259588954411591,-0.6531020545450295,0.24274673836431615,0.016350077557098636,-0.32117157917133654,0.8459292640004501,0.0,1.3457435611186452,0.035837609510983026,0.0,0.0,0.0,0.0,0.0,0.0,0.0,0.0,0.0,0.0,0.0,0.0,40.0,40.0,40.0,60.0,60.0,60.0,60.0,60.0,60.0,60.0,60.0,60.0,60.0,60.0,60.0,60.0,60.0,0.0,0.0,0.0,0.0,0.0,0.0,0.0,0.0,0.0,0.0,0.0,0.0,1.0,1.0,1.0,1.5,1.5,1.5,1.5,1.5,1.5,1.5,1.5,1.5,1.5,1.5,1.5,1.5,1.5,0.0,0.0,0.0,0.0,0.0,0.0,0.0,0.0,0.0,0.0,0.0,0.0,0.0,0.0,0.0,0.0,0.0,0.0,0.0,0.0,0.0,0.0,0.0,0.0,0.0,0.0,0.0,0.0,0.0
-0.1,0.0,0.0,0.3,-0.2,0.0,-0.1,0.0,0.0,0.3,-0.2,0.0,0.0,0.0,0.0,-0.2150452984605436,0.23009353575347546,-0.5694947353696572,-0.7601051040657362,-1.97202,-1.0841622931526846,-0.09593314065954849,-0.37612461959441784,-0.2143189972808203,0.6410601428111853,-0.7409917426384104,1.97202,-1.2192325011020253,-0.20484427829925364,0.0,0.0,0.0,0.0,0.0,0.0,0.0,0.0,0.0,0.0,0.0,0.0,0.0,0.0,0.0,0.0727945806884768,0.023947012576889387,0.24841441639254502,0.5451469045468726,0.0,0.6853111792330391,-0.4112745857954195,0.18737265588203156,0.02858005266089189,-0.24690754584879293,0.5489029223723962,0.0,0.9664897973660047,-0.1633798657731042,0.0,0.0,0.0,0.0,0.0,0.0,0.0,0.0,0.0,0.0,0.0,0.0,40.0,40.0,40.0,60.0,60.0,60.0,60.0,60.0,60.0,60.0,60.0,60.0,60.0,60.0,60.0,60.0,60.0,0.0,0.0,0.0,0.0,0.0,0.0,0.0,0.0,0.0,0.0,0.0,0.0,1.0,1.0,1.0,1.5,1.5,1.5,1.5,1.5,1.5,1.5,1.5,1.5,1.5,1.5,1.5,1.5,1.5,0.0,0.0,0.0,0.0,0.0,0.0,0.0,0.0,0.0,0.0,0.0,0.0,0.0,0.0,0.0,0.0,0.0,0.0,0.0,0.0,0.0,0.0,0.0,0.0,0.0,0.0,0.0,0.0,0.0
-0.1,0.0,0.0,0.3,-0.2,0.0,-0.1,0.0,0.0,0.3,-0.2,0.0,0.0,0.0,0.0,-0.2141547062280523,0.23048383444457676,-0.5654532272029473,-0.7540443337410098,-1.97202,-1.0723572582101208,-0.10581857295616949,-0.3729029333858099,-0.2135185821191537,0.6370256462173408,-0.7327694280682899,1.97202,-1.2036989187164446,-0.2100608153585498,0.0,0.0,0.0,0.0,0.0,0.0,0.0,0.0,0.0,0.0,0.0,0.0,0.0,0.0,0.0,0.034353280120467955,0.019902224894367826,0.16445963097143634,0.27416511248564146,0.0,0.6345015868334636,-0.653192499743779,0.13844973233901464,0.040053485800752714,-0.16143061694296468,0.3050387393864623,0.0,0.6174720852991811,-0.32993896483795443,0.0,0.0,0.0,0.0,0.0,0.0,0.0,0.0,0.0,0.0,0.0,0.0,40.0,40.0,40.0,60.0,60.0,60.0,60.0,60.0,60.0,60.0,60.0,60.0,60.0,60.0,60.0,60.0,60.0,0.0,0.0,0.0,0.0,0.0,0.0,0.0,0.0,0.0,0.0,0.0,0.0,1.0,1.0,1.0,1.5,1.5,1.5,1.5,1.5,1.5,1.5,1.5,1.5,1.5,1.5,1.5,1.5,1.5,0.0,0.0,0.0,0.0,0.0,0.0,0.0,0.0,0.0,0.0,0.0,0.0,0.0,0.0,0.0,0.0,0.0,0.0,0.0,0.0,0.0,0.0,0.0,0.0,0.0,0.0,0.0,0.0,0.0
-0.1,0.0,0.0,0.3,-0.2,0.0,-0.1,0.0,0.0,0.3,-0.2,0.0,0.0,0.0,0.0,-0.21367116725572488,0.23088962474925018,-0.5629163501307998,-0.7491384995663105,-1.97202,-1.058782229679346,-0.12206084064929965,-0.37058663030085726,-0.2127168578487902,0.6346029181334667,-0.7287901930629519,1.97202,-1.194533617690058,-0.21804183689277182,0.0,0.0,0.0,0.0,0.0,0.0,0.0,0.0,0.0,0.0,0.0,0.0,0.0,0.0,0.0,0.026460499408888227,0.02363994386563109,0.12655118876064853,0.3203581065560762,0.0,0.7182510925252628,-0.825746989981908,0.09518320519386197,0.028263596315090955,-0.09230960263791055,0.13760285862403354,0.0,0.33858769799231525,-0.41667095646225544,0.0,0.0,0.0,0.0,0.0,0.0,0.0,0.0,0.0,0.0,0.0,0.0,40.0,40.0,40.0,60.0,60.0,60.0,60.0,60.0,60.0,60.0,60.0,60.0,60.0,60.0,60.0,60.0,60.0,0.0,0.0,0.0,0.0,0.0,0.0,0.0,0.0,0.0,0.0,0.0,0.0,1.0,1.0,1.0,1.5,1.5,1.5,1.5,1.5,1.5,1.5,1.5,1.5,1.5,1.5,1.5,1.5,1.5,0.0,0.0,0.0,0.0,0.0,0.0,0.0,0.0,0.0,0.0,0.0,0.0,0.0,0.0,0.0,0.0,0.0,0.0,0.0,0.0,0.0,0.0,0.0,0.0,0.0,0.0,0.0,0.0,0.0
-0.1,0.0,0.0,0.3,-0.2,0.0,-0.1,0.0,0.0,0.3,-0.2,0.0,0.0,0.0,0.0,-0.21309628625169677,0.231429432199202,-0.5603911796525214,-0.7412300094787667,-1.97202,-1.0436272145091103,-0.1388484525554458,-0.3690956051780554,-0.21238803826655006,0.6333332621118244,-0.7272653137233286,1.97202,-1.190155410796752,-0.22672765361704003,0.0,0.0,0.0,0.0,0.0,0.0,0.0,0.0,0.0,0.0,0.0,0.0,0.0,0.0,0.0,-0.14118111938717093,0.06341081686655065,0.34764055233209856,0.47477323622621137,0.0,0.5915797380069809,-0.4917542636652353,0.20927162341007055,-0.07796287095142712,-0.0042068862553590325,-0.14744453056536322,0.0,0.19851272229957084,-0.6670507290625398,0.0,0.0,0.0,0.0,0.0,0.0,0.0,0.0,0.0,0.0,0.0,0.0,40.0,40.0,40.0,60.0,60.0,60.0,60.0,60.0,60.0,60.0,60.0,60.0,60.0,60.0,60.0,60.0,60.0,0.0,0.0,0.0,0.0,0.0,0.0,0.0,0.0,0.0,0.0,0.0,0.0,1.0,1.0,1.0,1.5,1.5,1.5,1.5,1.5,1.5,1.5,1.5,1.5,1.5,1.5,1.5,1.5,1.5,0.0,0.0,0.0,0.0,0.0,0.0,0.0,0.0,0.0,0.0,0.0,0.0,0.0,0.0,0.0,0.0,0.0,0.0,0.0,0.0,0.0,0.0,0.0,0.0,0.0,0.0,0.0,0.0,0.0
-0.1,0.0,0.0,0.3,-0.2,0.0,-0.1,0.0,0.0,0.3,-0.2,0.0,0.0,0.0,0.0,-0.21931841203121172,0.2334260574239122,-0.5490107280375158,-0.7301475701172621,-1.97202,-1.0351190401590669,-0.14173101119590906,-0.36221576536445443,-0.21583537268684727,0.6344346426832523,-0.7346879742855664,1.97202,-1.1865931087980752,-0.2447238660552734,0.0,0.0,0.0,0.0,0.0,0.0,0.0,0.0,0.0,0.0,0.0,0.0,0.0,0.0,0.0,-0.0903613469675435,-0.05999154291224523,0.2106399398311115,0.385035743659462,0.0,0.5754153101468373,0.11324963332176585,0.09111601570084144,0.02661502978819341,-0.06774704183590552,-0.040001792534313796,0.0,0.2417660278888789,-0.9174168802002454,0.0,0.0,0.0,0.0,0.0,0.0,0.0,0.0,0.0,0.0,0.0,0.0,40.0,40.0,40.0,60.0,60.0,60.0,60.0,60.0,60.0,60.0,60.0,60.0,60.0,60.0,60.0,60.0,60.0,0.0,0.0,0.0,0.0,0.0,0.0,0.0,0.0,0.0,0.0,0.0,0.0,1.0,1.0,1.0,1.5,1.5,1.5,1.5,1.5,1.5,1.5,1.5,1.5,1.5,1.5,1.5,1.5,1.5,0.0,0.0,0.0,0.0,0.0,0.0,0.0,0.0,0.0,0.0,0.0,0.0,0.0,0.0,0.0,0.0,0.0,0.0,0.0,0.0,0.0,0.0,0.0,0.0,0.0,0.0,0.0,0.0,0.0
-0.1,0.0,0.0,0.3,-0.2,0.0,-0.1,0.0,0.0,0.3,-0.2,0.0,0.0,0.0,0.0,-0.2167107401303985,0.2290297704827122,-0.5519655820592769,-0.7258285797323882,-1.97202,-1.0206106021032368,-0.13431846722257518,-0.36545096455002174,-0.21132343707502232,0.6306233804383882,-0.7288653854247011,1.97202,-1.1804847696811969,-0.26342432882504985,0.0,0.0,0.0,0.0,0.0,0.0,0.0,0.0,0.0,0.0,0.0,0.0,0.0,0.0,0.0,0.04229186264080656,-0.12134700962026235,0.019909042985277736,0.15528088737755408,0.0,0.43582276979217127,0.23386275813497698,-0.06610772724943564,0.1397405656436472,-0.1037648102790667,0.09201630139687722,0.0,0.10522157017248679,-0.7402128608637509,0.0,0.0,0.0,0.0,0.0,0.0,0.0,0.0,0.0,0.0,0.0,0.0,40.0,40.0,40.0,60.0,60.0,60.0,60.0,60.0,60.0,60.0,60.0,60.0,60.0,60.0,60.0,60.0,60.0,0.0,0.0,0.0,0.0,0.0,0.0,0.0,0.0,0.0,0.0,0.0,0.0,1.0,1.0,1.0,1.5,1.5,1.5,1.5,1.5,1.5,1.5,1.5,1.5,1.5,1.5,1.5,1.5,1.5,0.0,0.0,0.0,0.0,0.0,0.0,0.0,0.0,0.0,0.0,0.0,0.0,0.0,0.0,0.0,0.0,0.0,0.0,0.0,0.0,0.0,0.0,0.0,0.0,0.0,0.0,0.0,0.0,0.0
-0.1,0.0,0.0,0.3,-0.2,0.0,-0.1,0.0,0.0,0.3,-0.2,0.0,0.0,0.0,0.0,-0.21762673752557946,0.2285721770391017,-0.5482143663181047,-0.7239363346221599,-1.97202,-1.01768612936738,-0.13237650087050998,-0.36486007445443186,-0.21024575006110138,0.6302840502720897,-0.7310073222296913,1.97202,-1.1823842459911758,-0.27433238048982345,0.0,0.0,0.0,0.0,0.0,0.0,0.0,0.0,0.0,0.0,0.0,0.0,0.0,0.0,0.0,-0.07994982532090814,-0.016141490804261888,0.07733741922802961,0.07426348564267271,0.0,0.00084823666335887,0.1098918375515491,0.012431824678056647,0.024955793387674424,0.04377911889524022,-0.14300553926736292,0.0,-0.1631933068303948,-0.4712791757151946,0.0,0.0,0.0,0.0,0.0,0.0,0.0,0.0,0.0,0.0,0.0,0.0,40.0,40.0,40.0,60.0,60.0,60.0,60.0,60.0,60.0,60.0,60.0,60.0,60.0,60.0,60.0,60.0,60.0,0.0,0.0,0.0,0.0,0.0,0.0,0.0,0.0,0.0,0.0,0.0,0.0,1.0,1.0,1.0,1.5,1.5,1.5,1.5,1.5,1.5,1.5,1.5,1.5,1.5,1.5,1.5,1.5,1.5,0.0,0.0,0.0,0.0,0.0,0.0,0.0,0.0,0.0,0.0,0.0,0.0,0.0,0.0,0.0,0.0,0.0,0.0,0.0,0.0,0.0,0.0,0.0,0.0,0.0,0.0,0.0,0.0,0.0
-0.1,0.0,0.0,0.3,-0.2,0.0,-0.1,0.0,0.0,0.3,-0.2,0.0,0.0,0.0,0.0,-0.21990873314323484,0.22838411085054172,-0.5488720852901557,-0.7228580403066813,-1.97202,-1.0205766726367025,-0.1299227937205132,-0.3649536915628995,-0.21032520533951535,0.6323745451941978,-0.7345856069953957,1.97202,-1.1870125019544127,-0.28227549585365763,0.0,0.0,0.0,0.0,0.0,0.0,0.0,0.0,0.0,0.0,0.0,0.0,0.0,0.0,0.0,-0.1281119949485439,-0.003184186503728953,-0.07488309106534752,0.014151957591837516,0.0,-0.25114008851326863,0.14138606174756152,-0.007809655336249444,-0.016506035042231776,0.12458767663452996,-0.19671584928227237,0.0,-0.26437507809155547,-0.37346902343562555,0.0,0.0,0.0,0.0,0.0,0.0,0.0,0.0,0.0,0.0,0.0,0.0,40.0,40.0,40.0,60.0,60.0,60.0,60.0,60.0,60.0,60.0,60.0,60.0,60.0,60.0,60.0,60.0,60.0,0.0,0.0,0.0,0.0,0.0,0.0,0.0,0.0,0.0,0.0,0.0,0.0,1.0,1.0,1.0,1.5,1.5,1.5,1.5,1.5,1.5,1.5,1.5,1.5,1.5,1.5,1.5,1.5,1.5,0.0,0.0,0.0,0.0,0.0,0.0,0.0,0.0,0.0,0.0,0.0,0.0,0.0,0.0,0.0,0.0,0.0,0.0,0.0,0.0,0.0,0.0,0.0,0.0,0.0,0.0,0.0,0.0,0.0
-0.1,0.0,0.0,0.3,-0.2,0.0,-0.1,0.0,0.0,0.3,-0.2,0.0,0.0,0.0,0.0,-0.2227512173235212,0.22844480957895255,-0.5512096899607186,-0.7233702563184864,-1.97202,-1.0277317329079108,-0.12672105840060752,-0.36517246066788184,-0.21090599146279065,0.6352675573374709,-0.7388759562009822,1.97202,-1.192959249114838,-0.28927114142724847,0.0,0.0,0.0,0.0,0.0,0.0,0.0,0.0,0.0,0.0,0.0,0.0,0.0,0.0,0.0,-0.13075845181898735,0.022913593785447994,-0.14016671951306292,-0.06438041132816319,0.0,-0.40956876256652563,0.22045938449222166,0.01560082047596667,-0.04473793196062836,0.15724478904163564,-0.2280170510528895,0.0,-0.23341761253943827,-0.2856349691191806,0.0,0.0,0.0,0.0,0.0,0.0,0.0,0.0,0.0,0.0,0.0,0.0,40.0,40.0,40.0,60.0,60.0,60.0,60.0,60.0,60.0,60.0,60.0,60.0,60.0,60.0,60.0,60.0,60.0,0.0,0.0,0.0,0.0,0.0,0.0,0.0,0.0,0.0,0.0,0.0,0.0,1.0,1.0,1.0,1.5,1.5,1.5,1.5,1.5,1.5,1.5,1.5,1.5,1.5,1.5,1.5,1.5,1.5,0.0,0.0,0.0,0.0,0.0,0.0,0.0,0.0,0.0,0.0,0.0,0.0,0.0,0.0,0.0,0.0,0.0,0.0,0.0,0.0,0.0,0.0,0.0,0.0,0.0,0.0,0.0,0.0,0.0
-0.1,0.0,0.0,0.3,-0.2,0.0,-0.1,0.0,0.0,0.3,-0.2,0.0,0.0,0.0,0.0,-0.22513907121599433,0.22930065460195964,-0.5544787540706783,-0.7254332567598079,-1.97202,-1.0369594231393635,-0.12110441834082435,-0.3643296587438608,-0.21211472261794048,0.6386643367558632,-0.7437062890375112,1.97202,-1.1963492064559902,-0.29370089461842486,0.0,0.0,0.0,0.0,0.0,0.0,0.0,0.0,0.0,0.0,0.0,0.0,0.0,0.0,0.0,-0.1221658527902722,0.04392489958736159,-0.17486761891087055,-0.13624820888758493,0.0,-0.5103255076652435,0.31873138420732067,0.04618107701395563,-0.055243838409464036,0.16044658481039753,-0.22260006794823928,0.0,-0.13068310276542205,-0.2062836149642852,0.0,0.0,0.0,0.0,0.0,0.0,0.0,0.0,0.0,0.0,0.0,0.0,40.0,40.0,40.0,60.0,60.0,60.0,60.0,60.0,60.0,60.0,60.0,60.0,60.0,60.0,60.0,60.0,60.0,0.0,0.0,0.0,0.0,0.0,0.0,0.0,0.0,0.0,0.0,0.0,0.0,1.0,1.0,1.0,1.5,1.5,1.5,1.5,1.5,1.5,1.5,1.5,1.5,1.5,1.5,1.5,1.5,1.5,0.0,0.0,0.0,0.0,0.0,0.0,0.0,0.0,0.0,0.0,0.0,0.0,0.0,0.0,0.0,0.0,0.0,0.0,0.0,0.0,0.0,0.0,0.0,0.0,0.0,0.0,0.0,0.0,0.0
-0.1,0.0,0.0,0.3,-0.2,0.0,-0.1,0.0,0.0,0.3,-0.2,0.0,0.0,0.0,0.0,-0.2276378514351321,0.23020180556244701,-0.5582043947171534,-0.7288201846739898,-1.97202,-1.0481447532145205,-0.11397180303231469,-0.3633252175873236,-0.21311574499916922,0.6416854207298868,-0.7477799589189118,1.97202,-1.1981865732254549,-0.2975224860258199,0.0,0.0,0.0,0.0,0.0,0.0,0.0,0.0,0.0,0.0,0.0,0.0,0.0,0.0,0.0,-0.13142079207446658,0.03557111406742863,-0.18949298151287597,-0.23151435600553272,0.0,-0.605217710113326,0.06984288793687073,0.0543241709227274,-0.040651959538820504,0.15049391838476422,-0.1916467688868856,0.0,-0.11537255805628144,-0.12118468241673758,0.0,0.0,0.0,0.0,0.0,0.0,0.0,0.0,0.0,0.0,0.0,0.0,40.0,40.0,40.0,60.0,60.0,60.0,60.0,60.0,60.0,60.0,60.0,60.0,60.0,60.0,60.0,60.0,60.0,0.0,0.0,0.0,0.0,0.0,0.0,0.0,0.0,0.0,0.0,0.0,0.0,1.0,1.0,1.0,1.5,1.5,1.5,1.5,1.5,1.5,1.5,1.5,1.5,1.5,1.5,1.5,1.5,1.5,0.0,0.0,0.0,0.0,0.0,0.0,0.0,0.0,0.0,0.0,0.0,0.0,0.0,0.0,0.0,0.0,0.0,0.0,0.0,0.0,0.0,0.0,0.0,0.0,0.0,0.0,0.0,0.0,0.0
-0.1,0.0,0.0,0.3,-0.2,0.0,-0.1,0.0,0.0,0.3,-0.2,0.0,0.0,0.0,0.0,-0.230395902898973,0.2307234991646568,-0.5620584733311933,-0.7346938310000292,-1.97202,-1.0611681315438966,-0.11831070282334952,-0.3621566919069517,-0.2137408009994933,0.6446840934912538,-0.7513721597929867,1.97202,-1.2009641087782414,-0.29854828191509436,0.0,0.0,0.0,0.0,0.0,0.0,0.0,0.0,0.0,0.0,0.0,0.0,0.0,0.0,0.0,0.28491004823985794,0.097219823874721,-0.5581539146685022,-0.2286528815847816,0.0,-0.6503362606528562,-0.0039230822172272445,-0.4421220170839901,0.3021159003536354,-0.02115850790856688,-0.6324166826639582,0.0,-0.936014295754356,0.16528604945012376,0.0,0.0,0.0,0.0,0.0,0.0,0.0,0.0,0.0,0.0,0.0,0.0,40.0,40.0,40.0,60.0,60.0,60.0,60.0,60.0,60.0,60.0,60.0,60.0,60.0,60.0,60.0,60.0,60.0,0.0,0.0,0.0,0.0,0.0,0.0,0.0,0.0,0.0,0.0,0.0,0.0,1.0,1.0,1.0,1.5,1.5,1.5,1.5,1.5,1.5,1.5,1.5,1.5,1.5,1.5,1.5,1.5,1.5,0.0,0.0,0.0,0.0,0.0,0.0,0.0,0.0,0.0,0.0,0.0,0.0,0.0,0.0,0.0,0.0,0.0,0.0,0.0,0.0,0.0,0.0,0.0,0.0,0.0,0.0,0.0,0.0,0.0
-0.1,0.0,0.0,0.3,-0.2,0.0,-0.1,0.0,0.0,0.3,-0.2,0.0,0.0,0.0,0.0,-0.21624144950553778,0.23409059851743586,-0.5805305513038935,-0.737966299937381,-1.97202,-1.0741582036406347,-0.11412872632100378,-0.3810100982706832,-0.2010311089850238,0.6408390804135441,-0.7730766262254701,1.97202,-1.235627145055629,-0.2909110440478149,0.0,0.0,0.0,0.0,0.0,0.0,0.0,0.0,0.0,0.0,0.0,0.0,0.0,0.0,0.0,0.2840912481249201,0.11058641795344687,-0.5599206214301433,-0.2558741389116881,0.0,-0.7265997036515925,-0.13911644333561984,-0.5365832001207784,0.23446391637315586,0.16497345723776313,-0.8374615506436145,0.0,-1.3670278303650307,0.3266605247598947,0.0,0.0,0.0,0.0,0.0,0.0,0.0,0.0,0.0,0.0,0.0,0.0,40.0,40.0,40.0,60.0,60.0,60.0,60.0,60.0,60.0,60.0,60.0,60.0,60.0,60.0,60.0,60.0,60.0,0.0,0.0,0.0,0.0,0.0,0.0,0.0,0.0,0.0,0.0,0.0,0.0,1.0,1.0,1.0,1.5,1.5,1.5,1.5,1.5,1.5,1.5,1.5,1.5,1.5,1.5,1.5,1.5,1.5,0.0,0.0,0.0,0.0,0.0,0.0,0.0,0.0,0.0,0.0,0.0,0.0,0.0,0.0,0.0,0.0,0.0,0.0,0.0,0.0,0.0,0.0,0.0,0.0,0.0,0.0,0.0,0.0,0.0
-0.1,0.0,0.0,0.3,-0.2,0.0,-0.1,0.0,0.0,0.3,-0.2,0.0,0.0,0.0,0.0,-0.2190322529739762,0.23514695588279466,-0.584455298188399,-0.7449287965564967,-1.97202,-1.0902321196899603,-0.12387536055677431,-0.38362001991178285,-0.20436224434456707,0.6512830317807643,-0.7848706218187312,1.97202,-1.2556452219928427,-0.28548186092469857,0.0,0.0,0.0,0.0,0.0,0.0,0.0,0.0,0.0,0.0,0.0,0.0,0.0,0.0,0.0,-0.14736049566054996,0.06808433864836788,-0.2587408271864544,-0.20096787465810617,0.0,-0.8478698887059988,-0.3176186549630481,-0.08538902552217009,-0.1541833419982673,0.44784485503824023,-0.5173814140248645,0.0,-0.7751418133335575,0.23337303417077376,0.0,0.0,0.0,0.0,0.0,0.0,0.0,0.0,0.0,0.0,0.0,0.0,40.0,40.0,40.0,60.0,60.0,60.0,60.0,60.0,60.0,60.0,60.0,60.0,60.0,60.0,60.0,60.0,60.0,0.0,0.0,0.0,0.0,0.0,0.0,0.0,0.0,0.0,0.0,0.0,0.0,1.0,1.0,1.0,1.5,1.5,1.5,1.5,1.5,1.5,1.5,1.5,1.5,1.5,1.5,1.5,1.5,1.5,0.0,0.0,0.0,0.0,0.0,0.0,0.0,0.0,0.0,0.0,0.0,0.0,0.0,0.0,0.0,0.0,0.0,0.0,0.0,0.0,0.0,0.0,0.0,0.0,0.0,0.0,0.0,0.0,0.0
-0.1,0.0,0.0,0.3,-0.2,0.0,-0.1,0.0,0.0,0.3,-0.2,0.0,0.0,0.0,0.0,-0.22213586933195978,0.23681397206337057,-0.5908801843913517,-0.7460050149237053,-1.97202,-1.1080729991888747,-0.1268334725195257,-0.38442565929157,-0.2071984426649545,0.6587528746150737,-0.7937718827864647,1.97202,-1.2666328175889714,-0.281576122680984,0.0,0.0,0.0,0.0,0.0,0.0,0.0,0.0,0.0,0.0,0.0,0.0,0.0,0.0,0.0,-0.16580804514913713,0.08184524904229634,-0.31315650017502417,-0.12347894293401884,0.0,-0.9599376895941758,-0.013913143210283682,-0.01551285237448713,-0.11315845507937974,0.3380928247590398,-0.41887256297063746,0.0,-0.4332243927108792,0.19368334129523102,0.0,0.0,0.0,0.0,0.0,0.0,0.0,0.0,0.0,0.0,0.0,0.0,40.0,40.0,40.0,60.0,60.0,60.0,60.0,60.0,60.0,60.0,60.0,60.0,60.0,60.0,60.0,60.0,60.0,0.0,0.0,0.0,0.0,0.0,0.0,0.0,0.0,0.0,0.0,0.0,0.0,1.0,1.0,1.0,1.5,1.5,1.5,1.5,1.5,1.5,1.5,1.5,1.5,1.5,1.5,1.5,1.5,1.5,0.0,0.0,0.0,0.0,0.0,0.0,0.0,0.0,0.0,0.0,0.0,0.0,0.0,0.0,0.0,0.0,0.0,0.0,0.0,0.0,0.0,0.0,0.0,0.0,0.0,0.0,0.0,0.0,0.0
-0.1,0.0,0.0,0.3,-0.2,0.0,-0.1,0.0,0.0,0.3,-0.2,0.0,0.0,0.0,0.0,-0.22566457477994167,0.23842076584448652,-0.5969815581954,-0.7498679542738574,-1.97202,-1.1286296272737273,-0.12443188628518566,-0.38424053400676234,-0.20888858254774226,0.6648067447711259,-0.8016255243375567,1.97202,-1.2729741977012778,-0.27773452727288933,0.0,0.0,0.0,0.0,0.0,0.0,0.0,0.0,0.0,0.0,0.0,0.0,0.0,0.0,0.0,-0.15123518397056057,0.1074715209099221,-0.2862346503936103,-0.36596103227001797,0.0,-0.7541247718122479,-0.20543032310982798,0.04930030700143334,-0.08880245735207043,0.2976356280689735,-0.41632599159917294,0.0,-0.012909162466978596,0.2083828871637744,0.0,0.0,0.0,0.0,0.0,0.0,0.0,0.0,0.0,0.0,0.0,0.0,40.0,40.0,40.0,60.0,60.0,60.0,60.0,60.0,60.0,60.0,60.0,60.0,60.0,60.0,60.0,60.0,60.0,0.0,0.0,0.0,0.0,0.0,0.0,0.0,0.0,0.0,0.0,0.0,0.0,1.0,1.0,1.0,1.5,1.5,1.5,1.5,1.5,1.5,1.5,1.5,1.5,1.5,1.5,1.5,1.5,1.5,0.0,0.0,0.0,0.0,0.0,0.0,0.0,0.0,0.0,0.0,0.0,0.0,0.0,0.0,0.0,0.0,0.0,0.0,0.0,0.0,0.0,0.0,0.0,0.0,0.0,0.0,0.0,0.0,0.0
-0.1,0.0,0.0,0.3,-0.2,0.0,-0.1,0.0,0.0,0.3,-0.2,0.0,0.0,0.0,0.0,-0.2281852766907822,0.24111283289976745,-0.6023295704070961,-0.760643456214506,-1.97202,-1.1382379900613646,-0.13505068544391882,-0.3824536470115127,-0.2107505409590373,0.6706582997378326,-0.8104249224504316,1.97202,-1.2671491840876505,-0.273240807194433,0.0,0.0,0.0,0.0,0.0,0.0,0.0,0.0,0.0,0.0,0.0,0.0,0.0,0.0,0.0,-0.30013125177916766,0.04954418831871962,-0.11482204699257703,-0.43900626853953795,0.0,0.28843850685359995,-2.192400526514469,0.4983576678211671,-0.4426916864012427,0.3476901011076061,0.4842044746223656,0.0,1.229077321618205,0.15418884172808123,0.0,0.0,0.0,0.0,0.0,0.0,0.0,0.0,0.0,0.0,0.0,0.0,40.0,40.0,40.0,60.0,60.0,60.0,60.0,60.0,60.0,60.0,60.0,60.0,60.0,60.0,60.0,60.0,60.0,0.0,0.0,0.0,0.0,0.0,0.0,0.0,0.0,0.0,0.0,0.0,0.0,1.0,1.0,1.0,1.5,1.5,1.5,1.5,1.5,1.5,1.5,1.5,1.5,1.5,1.5,1.5,1.5,1.5,0.0,0.0,0.0,0.0,0.0,0.0,0.0,0.0,0.0,0.0,0.0,0.0,0.0,0.0,0.0,0.0,0.0,0.0,0.0,0.0,0.0,0.0,0.0,0.0,0.0,0.0,0.0,0.0,0.0
-0.1,0.0,0.0,0.3,-0.2,0.0,-0.1,0.0,0.0,0.3,-0.2,0.0,0.0,0.0,0.0,-0.23766982485110838,0.2404025333772353,-0.6015744400751031,-0.767428205015439,-1.97202,-1.1170920869995833,-0.21212790734576442,-0.36430622729391565,-0.22659625000379197,0.6787143488154301,-0.7822573453526621,1.97202,-1.2238111048365496,-0.2715669736037661,0.0,0.0,0.0,0.0,0.0,0.0,0.0,0.0,0.0,0.0,0.0,0.0,0.0,0.0,0.0,0.04590579283414997,0.2100422554389393,0.03157317737814136,0.5132572942373431,0.0,1.5853522345693982,-2.161841524785794,0.3606419879723266,-0.02132930728555721,-0.026870034045772817,-0.095983497513763,0.0,1.542021834549523,0.15750531614042995,0.0,0.0,0.0,0.0,0.0,0.0,0.0,0.0,0.0,0.0,0.0,0.0,40.0,40.0,40.0,60.0,60.0,60.0,60.0,60.0,60.0,60.0,60.0,60.0,60.0,60.0,60.0,60.0,60.0,0.0,0.0,0.0,0.0,0.0,0.0,0.0,0.0,0.0,0.0,0.0,0.0,1.0,1.0,1.0,1.5,1.5,1.5,1.5,1.5,1.5,1.5,1.5,1.5,1.5,1.5,1.5,1.5,1.5,0.0,0.0,0.0,0.0,0.0,0.0,0.0,0.0,0.0,0.0,0.0,0.0,0.0,0.0,0.0,0.0,0.0,0.0,0.0,0.0,0.0,0.0,0.0,0.0,0.0,0.0,0.0,0.0,0.0
-0.1,0.0,0.0,0.3,-0.2,0.0,-0.1,0.0,0.0,0.3,-0.2,0.0,0.0,0.0,0.0,-0.2263490449774162,0.24951452311732503,-0.6010666433119705,-0.7401131644450123,-1.97202,-1.0748239006785887,-0.22152434643535057,-0.3680279674926196,-0.2116037132504596,0.6695834983760017,-0.8142642623509821,1.97202,-1.2054683107056696,-0.2669405945488158,0.0,0.0,0.0,0.0,0.0,0.0,0.0,0.0,0.0,0.0,0.0,0.0,0.0,0.0,0.0,-0.008716802734035078,0.3288331712438426,-0.03940587571258647,0.5754373840443361,0.0,2.866434675979579,-3.384910977239629,-0.3281624128469926,-0.27111314615581444,0.07798867803226472,-1.323916044422349,0.0,0.7192040369918273,-1.3888115656512767,0.0,0.0,0.0,0.0,0.0,0.0,0.0,0.0,0.0,0.0,0.0,0.0,40.0,40.0,40.0,60.0,60.0,60.0,60.0,60.0,60.0,60.0,60.0,60.0,60.0,60.0,60.0,60.0,60.0,0.0,0.0,0.0,0.0,0.0,0.0,0.0,0.0,0.0,0.0,0.0,0.0,1.0,1.0,1.0,1.5,1.5,1.5,1.5,1.5,1.5,1.5,1.5,1.5,1.5,1.5,1.5,1.5,1.5,0.0,0.0,0.0,0.0,0.0,0.0,0.0,0.0,0.0,0.0,0.0,0.0,0.0,0.0,0.0,0.0,0.0,0.0,0.0,0.0,0.0,0.0,0.0,0.0,0.0,0.0,0.0,0.0,0.0
-0.1,0.0,0.0,0.3,-0.2,0.0,-0.1,0.0,0.0,0.3,-0.2,0.0,0.0,0.0,0.0,-0.23801849696046978,0.253555860226989,-0.6031506751036065,-0.7444107096536655,-1.97202,-1.0024346999604001,-0.3475243464353496,-0.37743272380779536,-0.23744077585002454,0.6818338959367207,-0.8352139871295561,1.97202,-1.1950429433568766,-0.32711943622981715,0.0,0.0,0.0,0.0,0.0,0.0,0.0,0.0,0.0,0.0,0.0,0.0,0.0,0.0,0.0,0.34610888895912767,0.2808814144289948,0.5667683733781903,1.0981586837885053,0.0,4.959730017954703,-4.853206140304919,0.4338859411869081,0.06580112633525967,0.07360555558520998,-0.9108982470112603,0.0,1.869370659824121,0.19283855817208984,0.0,0.0,0.0,0.0,0.0,0.0,0.0,0.0,0.0,0.0,0.0,0.0,40.0,40.0,40.0,60.0,60.0,60.0,60.0,60.0,60.0,60.0,60.0,60.0,60.0,60.0,60.0,60.0,60.0,0.0,0.0,0.0,0.0,0.0,0.0,0.0,0.0,0.0,0.0,0.0,0.0,1.0,1.0,1.0,1.5,1.5,1.5,1.5,1.5,1.5,1.5,1.5,1.5,1.5,1.5,1.5,1.5,1.5,0.0,0.0,0.0,0.0,0.0,0.0,0.0,0.0,0.0,0.0,0.0,0.0,0.0,0.0,0.0,0.0,0.0,0.0,0.0,0.0,0.0,0.0,0.0,0.0,0.0,0.0,0.0,0.0,0.0
-0.1,0.0,0.0,0.3,-0.2,0.0,-0.1,0.0,0.0,0.3,-0.2,0.0,0.0,0.0,0.0,-0.2125046894190511,0.2607497796944848,-0.5783959083768428,-0.6961868170934721,-1.97202,-0.8764346999604006,-0.41565259204754734,-0.3506725298451433,-0.2089716681970492,0.6725277205994101,-0.8507001922314326,1.97202,-1.1306934843127048,-0.2592270522219322,0.0,0.0,0.0,0.0,0.0,0.0,0.0,0.0,0.0,0.0,0.0,0.0,0.0,0.0,0.0,0.92727478891984,0.3653173928919243,1.6473534589190597,2.1846485000678872,0.0,6.300000000000066,-3.230213267476434,1.1404320241041168,0.7039375268982816,-0.27205025060860477,0.12489656950645522,0.0,3.8709119510055787,2.6728497114135488,0.0,0.0,0.0,0.0,0.0,0.0,0.0,0.0,0.0,0.0,0.0,0.0,40.0,40.0,40.0,60.0,60.0,60.0,60.0,60.0,60.0,60.0,60.0,60.0,60.0,60.0,60.0,60.0,60.0,0.0,0.0,0.0,0.0,0.0,0.0,0.0,0.0,0.0,0.0,0.0,0.0,1.0,1.0,1.0,1.5,1.5,1.5,1.5,1.5,1.5,1.5,1.5,1.5,1.5,1.5,1.5,1.5,1.5,0.0,0.0,0.0,0.0,0.0,0.0,0.0,0.0,0.0,0.0,0.0,0.0,0.0,0.0,0.0,0.0,0.0,0.0,0.0,0.0,0.0,0.0,0.0,0.0,0.0,0.0,0.0,0.0,0.0
-0.1,0.0,0.0,0.3,-0.2,0.0,-0.1,0.0,0.0,0.3,-0.2,0.0,0.0,0.0,0.0,-0.20092750540367618,0.268168555942666,-0.5372565367468441,-0.65702476965095,-1.97202,-0.7504346999603992,-0.47673287713440693,-0.3318154428436307,-0.20928327477409328,0.6709518859123765,-0.8302181243492979,1.97202,-1.0402064653166534,-0.2202054477732752,0.0,0.0,0.0,0.0,0.0,0.0,0.0,0.0,0.0,0.0,0.0,0.0,0.0,0.0,0.0,0.436923234279675,0.33175962787496266,2.0899083800610425,1.9208348870470182,0.0,6.300000000000034,-2.0329845558342163,1.0893550190229084,0.0008234203270861273,-0.3425207768683769,1.2271701830830928,0.0,4.983233472642354,1.7342078312015645,0.0,0.0,0.0,0.0,0.0,0.0,0.0,0.0,0.0,0.0,0.0,0.0,40.0,40.0,40.0,60.0,60.0,60.0,60.0,60.0,60.0,60.0,60.0,60.0,60.0,60.0,60.0,60.0,60.0,0.0,0.0,0.0,0.0,0.0,0.0,0.0,0.0,0.0,0.0,0.0,0.0,1.0,1.0,1.0,1.5,1.5,1.5,1.5,1.5,1.5,1.5,1.5,1.5,1.5,1.5,1.5,1.5,1.5,0.0,0.0,0.0,0.0,0.0,0.0,0.0,0.0,0.0,0.0,0.0,0.0,0.0,0.0,0.0,0.0,0.0,0.0,0.0,0.0,0.0,0.0,0.0,0.0,0.0,0.0,0.0,0.0,0.0
-0.1,0.0,0.0,0.3,-0.2,0.0,-0.1,0.0,0.0,0.3,-0.2,0.0,0.0,0.0,0.0,-0.1950277600478641,0.2740201648094833,-0.49479957317440115,-0.6193534216115913,-1.97202,-0.6244346999603992,-0.496971974280916,-0.30709832908422696,-0.20893873138396576,0.658826889524675,-0.8016133849081089,1.97202,-0.9313641454070106,-0.18985873897386962,0.0,0.0,0.0,0.0,0.0,0.0,0.0,0.0,0.0,0.0,0.0,0.0,0.0,0.0,0.0,0.11907270654252788,0.1923638480324355,2.221628682432469,1.4790068178118065,0.0,6.3,-0.12903694610197913,1.3903995576973958,0.06811820000319282,-0.7157793426312398,1.5851185626156339,0.0,5.871057997741069,1.662548569002674,0.0,0.0,0.0,0.0,0.0,0.0,0.0,0.0,0.0,0.0,0.0,0.0,40.0,40.0,40.0,60.0,60.0,60.0,60.0,60.0,60.0,60.0,60.0,60.0,60.0,60.0,60.0,60.0,60.0,0.0,0.0,0.0,0.0,0.0,0.0,0.0,0.0,0.0,0.0,0.0,0.0,1.0,1.0,1.0,1.5,1.5,1.5,1.5,1.5,1.5,1.5,1.5,1.5,1.5,1.5,1.5,1.5,1.5,0.0,0.0,0.0,0.0,0.0,0.0,0.0,0.0,0.0,0.0,0.0,0.0,0.0,0.0,0.0,0.0,0.0,0.0,0.0,0.0,0.0,0.0,0.0,0.0,0.0,0.0,0.0,0.0,0.0
-0.1,0.0,0.0,0.3,-0.2,0.0,-0.1,0.0,0.0,0.3,-0.2,0.0,0.0,0.0,0.0,-0.19616459714197507,0.2758631098639634,-0.4483913894495454,-0.5978644969384778,-1.97202,-0.49843469996039924,-0.4818943549784861,-0.27619946053573485,-0.20655854677396557,0.6423207122071269,-0.7668133818446725,1.97202,-0.8053641454070106,-0.15370350501316823,0.0,0.0,0.0,0.0,0.0,0.0,0.0,0.0,0.0,0.0,0.0,0.0,0.0,0.0,0.0,-0.6084482015486746,-0.12261621792439281,3.0919856226318085,1.0377928988116347,0.0,8.104734191620732,2.5553685998853046,2.0344630000313675,0.3214770703182754,-0.353954355813485,2.615034453307849,0.0,8.41327100193434,2.824755635256081,0.0,0.0,0.0,0.0,0.0,0.0,0.0,0.0,0.0,0.0,0.0,0.0,40.0,40.0,40.0,60.0,60.0,60.0,60.0,60.0,60.0,60.0,60.0,60.0,60.0,60.0,60.0,60.0,60.0,0.0,0.0,0.0,0.0,0.0,0.0,0.0,0.0,0.0,0.0,0.0,0.0,1.0,1.0,1.0,1.5,1.5,1.5,1.5,1.5,1.5,1.5,1.5,1.5,1.5,1.5,1.5,1.5,1.5,0.0,0.0,0.0,0.0,0.0,0.0,0.0,0.0,0.0,0.0,0.0,0.0,0.0,0.0,0.0,0.0,0.0,0.0,0.0,0.0,0.0,0.0,0.0,0.0,0.0,0.0,0.0,0.0,0.0
-0.1,0.0,0.0,0.3,-0.2,0.0,-0.1,0.0,0.0,0.3,-0.2,0.0,0.0,0.0,0.0,-0.21936568810981108,0.2691155160925076,-0.3711201482691288,-0.577841705659126,-1.97202,-0.30024533229556993,-0.3947572302855038,-0.22571980908297226,-0.19607964857123475,0.6446687152921357,-0.6970120067757949,1.97202,-0.594833305329637,-0.07686851356362637,0.0,0.0,0.0,0.0,0.0,0.0,0.0,0.0,0.0,0.0,0.0,0.0,0.0,0.0,0.0,-0.15404691752878424,-0.43149655359770306,3.7713396414493294,2.862200989881912,0.0,9.860446967249931,6.386364695619228,2.388949565270901,0.6383604988082929,-1.417398274408768,4.6342870140512,0.0,13.921854266172407,6.431395231610787,0.0,0.0,0.0,0.0,0.0,0.0,0.0,0.0,0.0,0.0,0.0,0.0,40.0,40.0,40.0,60.0,60.0,60.0,60.0,60.0,60.0,60.0,60.0,60.0,60.0,60.0,60.0,60.0,60.0,0.0,0.0,0.0,0.0,0.0,0.0,0.0,0.0,0.0,0.0,0.0,0.0,1.0,1.0,1.0,1.5,1.5,1.5,1.5,1.5,1.5,1.5,1.5,1.5,1.5,1.5,1.5,1.5,1.5,0.0,0.0,0.0,0.0,0.0,0.0,0.0,0.0,0.0,0.0,0.0,0.0,0.0,0.0,0.0,0.0,0.0,0.0,0.0,0.0,0.0,0.0,0.0,0.0,0.0,0.0,0.0,0.0,0.0
-0.1,0.0,0.0,0.3,-0.2,0.0,-0.1,0.0,0.0,0.3,-0.2,0.0,0.0,0.0,0.0,-0.20232647384312644,0.2586032477200553,-0.2975378037915722,-0.4833764573432013,-1.97202,-0.10401682127040197,-0.22643976715371691,-0.18064147792489882,-0.18102412682163385,0.5856247812307762,-0.5814419012826245,1.97202,-0.2484899747601143,0.10355230425126322,0.0,0.0,0.0,0.0,0.0,0.0,0.0,0.0,0.0,0.0,0.0,0.0,0.0,0.0,0.0,0.6395293470597709,-0.390709425778063,3.76987509446438,2.919694458175974,0.0,8.159917028658665,5.2925099073069015,1.9420645672288377,0.6572002282572694,-5.249641891839493,6.869251158267304,0.0,17.21380252909819,9.138992234260193,0.0,0.0,0.0,0.0,0.0,0.0,0.0,0.0,0.0,0.0,0.0,0.0,40.0,40.0,40.0,60.0,60.0,60.0,60.0,60.0,60.0,60.0,60.0,60.0,60.0,60.0,60.0,60.0,60.0,0.0,0.0,0.0,0.0,0.0,0.0,0.0,0.0,0.0,0.0,0.0,0.0,1.0,1.0,1.0,1.5,1.5,1.5,1.5,1.5,1.5,1.5,1.5,1.5,1.5,1.5,1.5,1.5,1.5,0.0,0.0,0.0,0.0,0.0,0.0,0.0,0.0,0.0,0.0,0.0,0.0,0.0,0.0,0.0,0.0,0.0,0.0,0.0,0.0,0.0,0.0,0.0,0.0,0.0,0.0,0.0,0.0,0.0
-0.1,0.0,0.0,0.3,-0.2,0.0,-0.1,0.0,0.0,0.3,-0.2,0.0,0.0,0.0,0.0,-0.19378451422742024,0.2534871390613851,-0.2203251444905536,-0.461053927332087,-1.97202,0.026151348850776707,-0.18305683399322775,-0.14803722639381875,-0.16979163944094397,0.4346830396185559,-0.4222419604451027,1.97202,0.09371879583429062,0.28869117580678133,0.0,0.0,0.0,0.0,0.0,0.0,0.0,0.0,0.0,0.0,0.0,0.0,0.0,0.0,0.0,0.825687801794655,-0.6491215669445007,2.6994575951106774,1.3628938449988206,0.0,7.808879028716323,3.147742454214753,0.3324801006268627,0.8441397623002097,-7.086607147323654,8.399935322283856,0.0,17.179361774730054,8.554091785428515,0.0,0.0,0.0,0.0,0.0,0.0,0.0,0.0,0.0,0.0,0.0,0.0,40.0,40.0,40.0,60.0,60.0,60.0,60.0,60.0,60.0,60.0,60.0,60.0,60.0,60.0,60.0,60.0,60.0,0.0,0.0,0.0,0.0,0.0,0.0,0.0,0.0,0.0,0.0,0.0,0.0,1.0,1.0,1.0,1.5,1.5,1.5,1.5,1.5,1.5,1.5,1.5,1.5,1.5,1.5,1.5,1.5,1.5,0.0,0.0,0.0,0.0,0.0,0.0,0.0,0.0,0.0,0.0,0.0,0.0,0.0,0.0,0.0,0.0,0.0,0.0,0.0,0.0,0.0,0.0,0.0,0.0,0.0,0.0,0.0,0.0,0.0
-0.1,0.0,0.0,0.3,-0.2,0.0,-0.1,0.0,0.0,0.3,-0.2,0.0,0.0,0.0,0.0,-0.16929896177134024,0.23263838504227524,-0.18955949998714508,-0.42886070354324846,-1.97202,0.20833833987825093,-0.10053006898512679,-0.1673422738998243,-0.14725853632962546,0.30216049533783007,-0.24544448839127028,1.97202,0.438684496229088,0.4457159756684038,0.0,0.0,0.0,0.0,0.0,0.0,0.0,0.0,0.0,0.0,0.0,0.0,0.0,0.0,0.0,0.6046815287285497,-0.8189378203942187,2.019844765419421,1.5893024224932495,0.0,6.550956093909485,1.8260686111919753,-0.7792298218045883,0.7806104853924536,-6.02471877999273,7.312168585195389,0.0,15.260633317367109,6.898044604714391,0.0,0.0,0.0,0.0,0.0,0.0,0.0,0.0,0.0,0.0,0.0,0.0,40.0,40.0,40.0,60.0,60.0,60.0,60.0,60.0,60.0,60.0,60.0,60.0,60.0,60.0,60.0,60.0,60.0,0.0,0.0,0.0,0.0,0.0,0.0,0.0,0.0,0.0,0.0,0.0,0.0,1.0,1.0,1.0,1.5,1.5,1.5,1.5,1.5,1.5,1.5,1.5,1.5,1.5,1.5,1.5,1.5,1.5,0.0,0.0,0.0,0.0,0.0,0.0,0.0,0.0,0.0,0.0,0.0,0.0,0.0,0.0,0.0,0.0,0.0,0.0,0.0,0.0,0.0,0.0,0.0,0.0,0.0,0.0,0.0,0.0,0.0
-0.1,0.0,0.0,0.3,-0.2,0.0,-0.1,0.0,0.0,0.3,-0.2,0.0,0.0,0.0,0.0,-0.16959725307827825,0.22072962624561634,-0.13953135387377674,-0.397481830432357,-1.97202,0.2881895926071561,-0.11001408954554874,-0.17920641926600228,-0.13856722002524582,0.19369428841884673,-0.12975521703728712,1.97202,0.704144128528975,0.564612959995357,0.0,0.0,0.0,0.0,0.0,0.0,0.0,0.0,0.0,0.0,0.0,0.0,0.0,0.0,0.0,-0.33547050258941336,-0.802195078474293,1.0672831342653573,1.3523184817493803,0.0,4.42773795858834,0.5631487442865565,-1.4726578889070536,0.4971690095624648,-3.9216565246220947,4.054485611218707,0.0,11.242442835949529,3.5031093840039524,0.0,0.0,0.0,0.0,0.0,0.0,0.0,0.0,0.0,0.0,0.0,0.0,40.0,40.0,40.0,60.0,60.0,60.0,60.0,60.0,60.0,60.0,60.0,60.0,60.0,60.0,60.0,60.0,60.0,0.0,0.0,0.0,0.0,0.0,0.0,0.0,0.0,0.0,0.0,0.0,0.0,1.0,1.0,1.0,1.5,1.5,1.5,1.5,1.5,1.5,1.5,1.5,1.5,1.5,1.5,1.5,1.5,1.5,0.0,0.0,0.0,0.0,0.0,0.0,0.0,0.0,0.0,0.0,0.0,0.0,0.0,0.0,0.0,0.0,0.0,0.0,0.0,0.0,0.0,0.0,0.0,0.0,0.0,0.0,0.0,0.0,0.0
-0.1,0.0,0.0,0.3,-0.2,0.0,-0.1,0.0,0.0,0.3,-0.2,0.0,0.0,0.0,0.0,-0.18271778187491677,0.20055058190330352,-0.1468681746165308,-0.37476796427327325,-1.97202,0.3854478582217845,-0.07800411921366453,-0.22624858945610646,-0.12737177594712687,0.14529423435294628,-0.08326506394252198,1.97202,0.8883822096670692,0.5858403510285619,0.0,0.0,0.0,0.0,0.0,0.0,0.0,0.0,0.0,0.0,0.0,0.0,0.0,0.0,0.0,-0.5131973210153052,-0.2556834059781847,1.0743307431133855,0.5839886364535709,0.0,4.9072949121778535,-0.3832964551939769,-1.5103904653941667,-0.5179613593540938,-3.1079220263818743,2.430875462897877,0.0,9.371029113623443,1.5195072099240037,0.0,0.0,0.0,0.0,0.0,0.0,0.0,0.0,0.0,0.0,0.0,0.0,40.0,40.0,40.0,60.0,60.0,60.0,60.0,60.0,60.0,60.0,60.0,60.0,60.0,60.0,60.0,60.0,60.0,0.0,0.0,0.0,0.0,0.0,0.0,0.0,0.0,0.0,0.0,0.0,0.0,1.0,1.0,1.0,1.5,1.5,1.5,1.5,1.5,1.5,1.5,1.5,1.5,1.5,1.5,1.5,1.5,1.5,0.0,0.0,0.0,0.0,0.0,0.0,0.0,0.0,0.0,0.0,0.0,0.0,0.0,0.0,0.0,0.0,0.0,0.0,0.0,0.0,0.0,0.0,0.0,0.0,0.0,0.0,0.0,0.0,0.0
-0.1,0.0,0.0,0.3,-0.2,0.0,-0.1,0.0,0.0,0.3,-0.2,0.0,0.0,0.0,0.0,-0.19012514591889046,0.21050229000648896,-0.09655812414924132,-0.3741222849742142,-1.97202,0.48448138909427024,-0.12534594775330782,-0.23962203788176895,-0.15928567439940958,0.06937740736357176,-0.03252019852137206,1.97202,1.0789852930739128,0.6253932483923171,0.0,0.0,0.0,0.0,0.0,0.0,0.0,0.0,0.0,0.0,0.0,0.0,0.0,0.0,0.0,-0.5526721391222962,-0.26289993442054693,1.190373110006081,0.8124565468545758,0.0,5.710229791595597,-0.41297758775343285,-1.527634113107878,-0.3217054143320526,-2.3945052621897553,1.2001430302676366,0.0,7.645990528070881,-0.830020192917652,0.0,0.0,0.0,0.0,0.0,0.0,0.0,0.0,0.0,0.0,0.0,0.0,40.0,40.0,40.0,60.0,60.0,60.0,60.0,60.0,60.0,60.0,60.0,60.0,60.0,60.0,60.0,60.0,60.0,0.0,0.0,0.0,0.0,0.0,0.0,0.0,0.0,0.0,0.0,0.0,0.0,1.0,1.0,1.0,1.5,1.5,1.5,1.5,1.5,1.5,1.5,1.5,1.5,1.5,1.5,1.5,1.5,1.5,0.0,0.0,0.0,0.0,0.0,0.0,0.0,0.0,0.0,0.0,0.0,0.0,0.0,0.0,0.0,0.0,0.0,0.0,0.0,0.0,0.0,0.0,0.0,0.0,0.0,0.0,0.0,0.0,0.0
-0.1,0.0,0.0,0.3,-0.2,0.0,-0.1,0.0,0.0,0.3,-0.2,0.0,0.0,0.0,0.0,-0.20482466743980862,0.19003458452648164,-0.09925325021628754,-0.3422697023990902,-1.97202,0.6138570498856084,-0.09452322272380184,-0.2873539539804216,-0.14023999252040897,0.04951402386535607,-0.03525934273181651,1.97202,1.1942218307899044,0.5526395433118558,0.0,0.0,0.0,0.0,0.0,0.0,0.0,0.0,0.0,0.0,0.0,0.0,0.0,0.0,0.0,-0.3721236076395677,-0.5783794946181614,1.4531491531268472,1.411257625481707,0.0,9.773937025180603,2.44258809613976,-1.789982344114259,0.09656947935311397,-1.6073404101152213,0.5681649175631589,0.0,5.751701421863853,-4.010377751681538,0.0,0.0,0.0,0.0,0.0,0.0,0.0,0.0,0.0,0.0,0.0,0.0,40.0,40.0,40.0,60.0,60.0,60.0,60.0,60.0,60.0,60.0,60.0,60.0,60.0,60.0,60.0,60.0,60.0,0.0,0.0,0.0,0.0,0.0,0.0,0.0,0.0,0.0,0.0,0.0,0.0,1.0,1.0,1.0,1.5,1.5,1.5,1.5,1.5,1.5,1.5,1.5,1.5,1.5,1.5,1.5,1.5,1.5,0.0,0.0,0.0,0.0,0.0,0.0,0.0,0.0,0.0,0.0,0.0,0.0,0.0,0.0,0.0,0.0,0.0,0.0,0.0,0.0,0.0,0.0,0.0,0.0,0.0,0.0,0.0,0.0,0.0
-0.1,0.0,0.0,0.3,-0.2,0.0,-0.1,0.0,0.0,0.3,-0.2,0.0,0.0,0.0,0.0,-0.20501009022447317,0.1873671102217625,-0.03843215802416743,-0.3176719799549459,-1.97202,0.8754388701014943,-0.027642423907717414,-0.3112213316463393,-0.15542289522528502,0.005083790958962896,-0.009793601818845699,1.97202,1.309053349948467,0.4649781383250556,0.0,0.0,0.0,0.0,0.0,0.0,0.0,0.0,0.0,0.0,0.0,0.0,0.0,0.0,0.0,0.0799966651806365,-0.508433360302301,3.5827845965608645,1.1631322627600609,0.0,11.264545505397155,1.5754195075002502,-1.758629736597965,-0.15881181625606033,-1.9909812991733644,0.08607293518947522,0.0,4.948141079425788,-4.077313451030173,0.0,0.0,0.0,0.0,0.0,0.0,0.0,0.0,0.0,0.0,0.0,0.0,40.0,40.0,40.0,60.0,60.0,60.0,60.0,60.0,60.0,60.0,60.0,60.0,60.0,60.0,60.0,60.0,60.0,0.0,0.0,0.0,0.0,0.0,0.0,0.0,0.0,0.0,0.0,0.0,0.0,1.0,1.0,1.0,1.5,1.5,1.5,1.5,1.5,1.5,1.5,1.5,1.5,1.5,1.5,1.5,1.5,1.5,0.0,0.0,0.0,0.0,0.0,0.0,0.0,0.0,0.0,0.0,0.0,0.0,0.0,0.0,0.0,0.0,0.0,0.0,0.0,0.0,0.0,0.0,0.0,0.0,0.0,0.0,0.0,0.0,0.0
-0.1,0.0,0.0,0.3,-0.2,0.0,-0.1,0.0,0.0,0.3,-0.2,0.0,0.0,0.0,0.0,-0.20162480083258316,0.1696972501143896,0.04405813364614704,-0.2957444118886878,-1.97202,1.0644388701014946,-0.03150644242379184,-0.3576991434443402,-0.1465924651706514,-0.030125228101578506,-0.0318164253242375,1.97202,1.392147473966936,0.3895470052706489,0.0,0.0,0.0,0.0,0.0,0.0,0.0,0.0,0.0,0.0,0.0,0.0,0.0,0.0,0.0,-0.9700403836667495,-1.2174874635234478,2.402242670730964,1.2388456288372471,0.0,9.432414370210862,0.3247160142293947,-1.3110536900833885,0.7412655701228309,-1.1752921951645328,-0.7300122260777053,0.0,3.421580198678187,-6.016836963529759,0.0,0.0,0.0,0.0,0.0,0.0,0.0,0.0,0.0,0.0,0.0,0.0,40.0,40.0,40.0,60.0,60.0,60.0,60.0,60.0,60.0,60.0,60.0,60.0,60.0,60.0,60.0,60.0,60.0,0.0,0.0,0.0,0.0,0.0,0.0,0.0,0.0,0.0,0.0,0.0,0.0,1.0,1.0,1.0,1.5,1.5,1.5,1.5,1.5,1.5,1.5,1.5,1.5,1.5,1.5,1.5,1.5,1.5,0.0,0.0,0.0,0.0,0.0,0.0,0.0,0.0,0.0,0.0,0.0,0.0,0.0,0.0,0.0,0.0,0.0,0.0,0.0,0.0,0.0,0.0,0.0,0.0,0.0,0.0,0.0,0.0,0.0
-0.1,0.0,0.0,0.3,-0.2,0.0,-0.1,0.0,0.0,0.3,-0.2,0.0,0.0,0.0,0.0,-0.24381170557114315,0.1386676116808246,0.05765754880507114,-0.268118154801456,-1.97202,1.2527354449099288,-0.014653783338541625,-0.36366347924967485,-0.12577227242037178,-0.04192789684761841,-0.03899409086195391,1.97202,1.4459165578955944,0.2243046597838652,0.0,0.0,0.0,0.0,0.0,0.0,0.0,0.0,0.0,0.0,0.0,0.0,0.0,0.0,0.0,-0.1833430353558152,-0.6215885823635005,3.0383348300581114,0.6608154589583026,0.7208437525880185,10.646891085279009,-5.776124279194029,-1.519810878369994,-0.055652435582487225,-1.2782834048951115,-0.40820767875194114,0.0,0.2452323220001329,-4.720909285065977,0.0,0.0,0.0,0.0,0.0,0.0,0.0,0.0,0.0,0.0,0.0,0.0,40.0,40.0,40.0,60.0,60.0,60.0,60.0,60.0,60.0,60.0,60.0,60.0,60.0,60.0,60.0,60.0,60.0,0.0,0.0,0.0,0.0,0.0,0.0,0.0,0.0,0.0,0.0,0.0,0.0,1.0,1.0,1.0,1.5,1.5,1.5,1.5,1.5,1.5,1.5,1.5,1.5,1.5,1.5,1.5,1.5,1.5,0.0,0.0,0.0,0.0,0.0,0.0,0.0,0.0,0.0,0.0,0.0,0.0,0.0,0.0,0.0,0.0,0.0,0.0,0.0,0.0,0.0,0.0,0.0,0.0,0.0,0.0,0.0,0.0,0.0
-0.1,0.0,0.0,0.3,-0.2,0.0,-0.1,0.0,0.0,0.3,-0.2,0.0,0.0,0.0,0.0,-0.20895852224681577,0.14483370681984958,0.1655915268484715,-0.26931179353035567,-1.9431862498964794,1.490314513512655,-0.262551413591553,-0.41849157857913993,-0.14881856259395088,-0.08125656429738297,-0.048144732474315145,1.97202,1.4019567668469413,0.20071063386800983,0.0,0.0,0.0,0.0,0.0,0.0,0.0,0.0,0.0,0.0,0.0,0.0,0.0,0.0,0.0,-0.8670019363749483,-0.20806932708165235,3.274732259274524,1.637832028185377,1.7106583023543065,7.034287641636744,-6.239146727857752,-0.9421931896185315,-0.30851154878088827,-0.632929711001037,-1.3738058694134632,0.0,-0.40685292324568745,-2.5666813160098965,0.0,0.0,0.0,0.0,0.0,0.0,0.0,0.0,0.0,0.0,0.0,0.0,40.0,40.0,40.0,60.0,60.0,60.0,60.0,60.0,60.0,60.0,60.0,60.0,60.0,60.0,60.0,60.0,60.0,0.0,0.0,0.0,0.0,0.0,0.0,0.0,0.0,0.0,0.0,0.0,0.0,1.0,1.0,1.0,1.5,1.5,1.5,1.5,1.5,1.5,1.5,1.5,1.5,1.5,1.5,1.5,1.5,1.5,0.0,0.0,0.0,0.0,0.0,0.0,0.0,0.0,0.0,0.0,0.0,0.0,0.0,0.0,0.0,0.0,0.0,0.0,0.0,0.0,0.0,0.0,0.0,0.0,0.0,0.0,0.0,0.0,0.0
-0.1,0.0,0.0,0.3,-0.2,0.0,-0.1,0.0,0.0,0.3,-0.2,0.0,0.0,0.0,0.0,-0.2784917830261411,0.1303448385975585,0.18864683917605207,-0.20260487367404093,-1.9035936679058278,1.5341069505753986,-0.26421965245285167,-0.4013512068344161,-0.13811273437160732,-0.06724508528765989,-0.09394632563849244,1.97202,1.4296424409657669,0.12163740714346935,0.0,0.0,0.0,0.0,0.0,0.0,0.0,0.0,0.0,0.0,0.0,0.0,0.0,0.0,0.0,-2.1566465266255204,-0.5831656472145154,0.7115493227903071,1.4360094079236927,0.6700283768794002,1.0687739751450431,-0.8040132965352526,0.8005367009522757,0.4584265770528818,-0.0907505314742034,-1.4194975609781642,0.0,2.001259939582339,-3.742931741921565,0.0,0.0,0.0,0.0,0.0,0.0,0.0,0.0,0.0,0.0,0.0,0.0,40.0,40.0,40.0,60.0,60.0,60.0,60.0,60.0,60.0,60.0,60.0,60.0,60.0,60.0,60.0,60.0,60.0,0.0,0.0,0.0,0.0,0.0,0.0,0.0,0.0,0.0,0.0,0.0,0.0,1.0,1.0,1.0,1.5,1.5,1.5,1.5,1.5,1.5,1.5,1.5,1.5,1.5,1.5,1.5,1.5,1.5,0.0,0.0,0.0,0.0,0.0,0.0,0.0,0.0,0.0,0.0,0.0,0.0,0.0,0.0,0.0,0.0,0.0,0.0,0.0,0.0,0.0,0.0,0.0,0.0,0.0,0.0,0.0,0.0,0.0
-0.1,0.0,0.0,0.3,-0.2,0.0,-0.1,0.0,0.0,0.3,-0.2,0.0,0.0,0.0,0.0,-0.2952243833118366,0.12150708093126897,0.1940534997600838,-0.21187141721340796,-1.9163851148213034,1.5330654725184567,-0.2947119454529631,-0.3864701105410489,-0.1304814995118356,-0.0848865855563511,-0.10492463491344171,1.97202,1.4820071644302348,0.050993364191147215,0.0,0.0,0.0,0.0,0.0,0.0,0.0,0.0,0.0,0.0,0.0,0.0,0.0,0.0,0.0,-0.3597434412300926,0.49693333678452467,0.851406338004495,0.532600300412988,2.201065184285583,0.4081839626585315,-2.0192903020052997,0.2848032050589436,-0.08722917222069027,-1.226404099774884,-0.5789130979396355,0.0,2.624653110266678,1.3697575717363284,0.0,0.0,0.0,0.0,0.0,0.0,0.0,0.0,0.0,0.0,0.0,0.0,40.0,40.0,40.0,60.0,60.0,60.0,60.0,60.0,60.0,60.0,60.0,60.0,60.0,60.0,60.0,60.0,60.0,0.0,0.0,0.0,0.0,0.0,0.0,0.0,0.0,0.0,0.0,0.0,0.0,1.0,1.0,1.0,1.5,1.5,1.5,1.5,1.5,1.5,1.5,1.5,1.5,1.5,1.5,1.5,1.5,1.5,0.0,0.0,0.0,0.0,0.0,0.0,0.0,0.0,0.0,0.0,0.0,0.0,0.0,0.0,0.0,0.0,0.0,0.0,0.0,0.0,0.0,0.0,0.0,0.0,0.0,0.0,0.0,0.0,0.0
-0.1,0.0,0.0,0.3,-0.2,0.0,-0.1,0.0,0.0,0.3,-0.2,0.0,0.0,0.0,0.0,-0.2928815206753448,0.15022217206893948,0.22270309269623187,-0.1813008616575214,-1.8155510605344045,1.5504343090817398,-0.34499126453306367,-0.38995907863205836,-0.14160190126043493,-0.11630124927865525,-0.11710284955607786,1.97202,1.534628565376434,0.17642771001292248,0.0,0.0,0.0,0.0,0.0,0.0,0.0,0.0,0.0,0.0,0.0,0.0,0.0,0.0,0.0,0.13176462393195698,-0.0391766603751377,0.32404937221873553,-0.2903658670180928,2.147180434088319,0.5222991928142295,-0.40436850063599455,-0.5387839969491561,0.24604737548704972,-0.2217726280079657,0.6117267422496797,0.0,0.506600254259737,1.2175953541265552,0.0,0.0,0.0,0.0,0.0,0.0,0.0,0.0,0.0,0.0,0.0,0.0,40.0,40.0,40.0,60.0,60.0,60.0,60.0,60.0,60.0,60.0,60.0,60.0,60.0,60.0,60.0,60.0,60.0,0.0,0.0,0.0,0.0,0.0,0.0,0.0,0.0,0.0,0.0,0.0,0.0,1.0,1.0,1.0,1.5,1.5,1.5,1.5,1.5,1.5,1.5,1.5,1.5,1.5,1.5,1.5,1.5,1.5,0.0,0.0,0.0,0.0,0.0,0.0,0.0,0.0,0.0,0.0,0.0,0.0,0.0,0.0,0.0,0.0,0.0,0.0,0.0,0.0,0.0,0.0,0.0,0.0,0.0,0.0,0.0,0.0,0.0
-0.1,0.0,0.0,0.3,-0.2,0.0,-0.1,0.0,0.0,0.3,-0.2,0.0,0.0,0.0,0.0,-0.2899537983545583,0.11994001451626346,0.20701547464883321,-0.22348605189413168,-1.8304978974577706,1.5539574402310259,-0.31088668547840287,-0.40802147041901515,-0.12063960449235361,-0.09375749067666973,-0.08045556522345453,1.97202,1.5022711746006243,0.09969717835620942,0.0,0.0,0.0,0.0,0.0,0.0,0.0,0.0,0.0,0.0,0.0,0.0,0.0,0.0,0.0,0.06511289068193843,-0.7269077547859333,-0.18933395480214138,-0.9487802426455271,-0.6373604403092425,0.24996936674307468,0.5159185227293569,-0.16281319733419258,0.46424297750111454,0.32380768650977604,0.10098154646122487,0.0,-0.639081149012416,-2.628359789361275,0.0,0.0,0.0,0.0,0.0,0.0,0.0,0.0,0.0,0.0,0.0,0.0,40.0,40.0,40.0,60.0,60.0,60.0,60.0,60.0,60.0,60.0,60.0,60.0,60.0,60.0,60.0,60.0,60.0,0.0,0.0,0.0,0.0,0.0,0.0,0.0,0.0,0.0,0.0,0.0,0.0,1.0,1.0,1.0,1.5,1.5,1.5,1.5,1.5,1.5,1.5,1.5,1.5,1.5,1.5,1.5,1.5,1.5,0.0,0.0,0.0,0.0,0.0,0.0,0.0,0.0,0.0,0.0,0.0,0.0,0.0,0.0,0.0,0.0,0.0,0.0,0.0,0.0,0.0,0.0,0.0,0.0,0.0,0.0,0.0,0.0,0.0
-0.1,0.0,0.0,0.3,-0.2,0.0,-0.1,0.0,0.0,0.3,-0.2,0.0,0.0,0.0,0.0,-0.29027700504806725,0.12114586187750215,0.21512973450414621,-0.2192520713633425,-1.8410454781467742,1.5604330837514628,-0.3243545236238894,-0.39647160652542607,-0.12303218216039034,-0.1033489418182642,-0.11306358769762886,1.97202,1.5090653194159374,0.07129331843847148,0.0,0.0,0.0,0.0,0.0,0.0,0.0,0.0,0.0,0.0,0.0,0.0,0.0,0.0,0.0,0.3439214045708905,0.24396964986932584,0.5784748998876315,0.030815906387863384,-0.5936863556311511,1.212207758733569,-1.5277040312868515,0.18290755912941659,-0.4695850693267209,-0.6626864788773702,-0.3700754573818455,0.0,-0.4492842856177848,-0.4473763218650728,0.0,0.0,0.0,0.0,0.0,0.0,0.0,0.0,0.0,0.0,0.0,0.0,40.0,40.0,40.0,60.0,60.0,60.0,60.0,60.0,60.0,60.0,60.0,60.0,60.0,60.0,60.0,60.0,60.0,0.0,0.0,0.0,0.0,0.0,0.0,0.0,0.0,0.0,0.0,0.0,0.0,1.0,1.0,1.0,1.5,1.5,1.5,1.5,1.5,1.5,1.5,1.5,1.5,1.5,1.5,1.5,1.5,1.5,0.0,0.0,0.0,0.0,0.0,0.0,0.0,0.0,0.0,0.0,0.0,0.0,0.0,0.0,0.0,0.0,0.0,0.0,0.0,0.0,0.0,0.0,0.0,0.0,0.0,0.0,0.0,0.0,0.0
-0.1,0.0,0.0,0.3,-0.2,0.0,-0.1,0.0,0.0,0.3,-0.2,0.0,0.0,0.0,0.0,-0.2761969421717227,0.1296988005110365,0.23015447064433847,-0.22225341563861714,-1.8542453516830166,1.6024457505803686,-0.3719948467298769,-0.4007051680538385,-0.13942300726542245,-0.12026494983176454,-0.09525858351872835,1.97202,1.484299803175913,0.08180212548160651,0.0,0.0,0.0,0.0,0.0,0.0,0.0,0.0,0.0,0.0,0.0,0.0,0.0,0.0,0.0,-0.3169902722767376,-0.2858664615012829,-0.4971224230851737,0.782915002107764,-3.1851434007482413,-1.3296662754356814,2.285602462458099,0.36047140378106246,0.040433019273459006,-0.025030447972469727,-0.1567717798538943,0.0,-0.20937203444078012,-0.9649345373122756,0.0,0.0,0.0,0.0,0.0,0.0,0.0,0.0,0.0,0.0,0.0,0.0,40.0,40.0,40.0,60.0,60.0,60.0,60.0,60.0,60.0,60.0,60.0,60.0,60.0,60.0,60.0,60.0,60.0,0.0,0.0,0.0,0.0,0.0,0.0,0.0,0.0,0.0,0.0,0.0,0.0,1.0,1.0,1.0,1.5,1.5,1.5,1.5,1.5,1.5,1.5,1.5,1.5,1.5,1.5,1.5,1.5,1.5,0.0,0.0,0.0,0.0,0.0,0.0,0.0,0.0,0.0,0.0,0.0,0.0,0.0,0.0,0.0,0.0,0.0,0.0,0.0,0.0,0.0,0.0,0.0,0.0,0.0,0.0,0.0,0.0,0.0
-0.1,0.0,0.0,0.3,-0.2,0.0,-0.1,0.0,0.0,0.3,-0.2,0.0,0.0,0.0,0.0,-0.30295661593913675,0.10971120341745083,0.19524483758073927,-0.18793547127903193,-1.9684512141767039,1.5072464327340356,-0.23293042512556544,-0.38205275037418357,-0.12141486138945198,-0.104350159737163,-0.11933445889178464,1.97202,1.5006904380383062,0.03269593694598045,0.0,0.0,0.0,0.0,0.0,0.0,0.0,0.0,0.0,0.0,0.0,0.0,0.0,0.0,0.0,-0.7511717327945061,0.12383004877286052,-1.0259137728400722,0.6958775412407109,-1.151173464121058,-4.2343600378541675,1.4768102295191057,0.992657397149524,0.4701274376018534,-0.04940318233514762,-0.8646847012336617,0.0,2.064921097858541,0.57069237108852,0.0,0.0,0.0,0.0,0.0,0.0,0.0,0.0,0.0,0.0,0.0,0.0,40.0,40.0,40.0,60.0,60.0,60.0,60.0,60.0,60.0,60.0,60.0,60.0,60.0,60.0,60.0,60.0,60.0,0.0,0.0,0.0,0.0,0.0,0.0,0.0,0.0,0.0,0.0,0.0,0.0,1.0,1.0,1.0,1.5,1.5,1.5,1.5,1.5,1.5,1.5,1.5,1.5,1.5,1.5,1.5,1.5,1.5,0.0,0.0,0.0,0.0,0.0,0.0,0.0,0.0,0.0,0.0,0.0,0.0,0.0,0.0,0.0,0.0,0.0,0.0,0.0,0.0,0.0,0.0,0.0,0.0,0.0,0.0,0.0,0.0,0.0
-0.1,0.0,0.0,0.3,-0.2,0.0,-0.1,0.0,0.0,0.3,-0.2,0.0,0.0,0.0,0.0,-0.30624381148350294,0.13465200246195091,0.18911791973073558,-0.1944183139889887,-1.900292290247859,1.433071349066202,-0.3129224375491127,-0.36099887216785753,-0.12061790976134831,-0.12224107712517045,-0.12984597156807481,1.97202,1.5668966470902546,0.10462982032514731,0.0,0.0,0.0,0.0,0.0,0.0,0.0,0.0,0.0,0.0,0.0,0.0,0.0,0.0,0.0,0.989528571096196,0.3331033180334612,0.11350783558147157,-1.3932281350694435,2.6000796822000125,-1.5333366577219176,-1.6078066846549415,-0.6222477795578774,0.11770829073964803,-0.7032632448993783,0.4196730566749043,0.0,-0.6733890426736666,1.5699907346094228,0.0,0.0,0.0,0.0,0.0,0.0,0.0,0.0,0.0,0.0,0.0,0.0,40.0,40.0,40.0,60.0,60.0,60.0,60.0,60.0,60.0,60.0,60.0,60.0,60.0,60.0,60.0,60.0,60.0,0.0,0.0,0.0,0.0,0.0,0.0,0.0,0.0,0.0,0.0,0.0,0.0,1.0,1.0,1.0,1.5,1.5,1.5,1.5,1.5,1.5,1.5,1.5,1.5,1.5,1.5,1.5,1.5,1.5,0.0,0.0,0.0,0.0,0.0,0.0,0.0,0.0,0.0,0.0,0.0,0.0,0.0,0.0,0.0,0.0,0.0,0.0,0.0,0.0,0.0,0.0,0.0,0.0,0.0,0.0,0.0,0.0,0.0
-0.1,0.0,0.0,0.3,-0.2,0.0,-0.1,0.0,0.0,0.3,-0.2,0.0,0.0,0.0,0.0,-0.2633754730952889,0.12303533613878928,0.19978515100399813,-0.24366459668180968,-1.8644480268887034,1.4459129664251589,-0.2972426925117631,-0.40694266155649866,-0.11670652975986606,-0.13248068953313813,-0.10254753662478847,1.97202,1.4737548763313595,0.09549556633035737,0.0,0.0,0.0,0.0,0.0,0.0,0.0,0.0,0.0,0.0,0.0,0.0,0.0,0.0,0.0,0.6515597129516867,-0.18454500419555,0.17107887204867583,-1.3089867243898927,-1.7931927438035289,-1.8133202412376925,2.238403224306282,-0.23008582964824803,-0.2605525345100744,-0.3068770954669311,0.0291352723357452,0.0,-1.839044984647381,-1.7853322465178025,0.0,0.0,0.0,0.0,0.0,0.0,0.0,0.0,0.0,0.0,0.0,0.0,40.0,40.0,40.0,60.0,60.0,60.0,60.0,60.0,60.0,60.0,60.0,60.0,60.0,60.0,60.0,60.0,60.0,0.0,0.0,0.0,0.0,0.0,0.0,0.0,0.0,0.0,0.0,0.0,0.0,1.0,1.0,1.0,1.5,1.5,1.5,1.5,1.5,1.5,1.5,1.5,1.5,1.5,1.5,1.5,1.5,1.5,0.0,0.0,0.0,0.0,0.0,0.0,0.0,0.0,0.0,0.0,0.0,0.0,0.0,0.0,0.0,0.0,0.0,0.0,0.0,0.0,0.0,0.0,0.0,0.0,0.0,0.0,0.0,0.0,0.0
-0.1,0.0,0.0,0.3,-0.2,0.0,-0.1,0.0,0.0,0.3,-0.2,0.0,0.0,0.0,0.0,-0.28018142296543547,0.12727020229412891,0.1959610746126826,-0.2467777829645844,-1.97202,1.3605385394166942,-0.22338630857686143,-0.37020230535378745,-0.1310400111417513,-0.1345161609438477,-0.128680560674645,1.97202,1.4933348477043593,0.03321653046443521,0.0,0.0,0.0,0.0,0.0,0.0,0.0,0.0,0.0,0.0,0.0,0.0,0.0,0.0,0.0,0.06852911410361318,0.31566980754378915,-0.26340740312077865,-0.2914973390043499,-1.0585175745178421,-2.5525260311999585,0.9334479820031827,0.5918282234108896,-0.31038266059714714,-0.11783984887191873,-0.9555827029675196,0.0,-1.1119628108729074,-0.5863831523402668,0.0,0.0,0.0,0.0,0.0,0.0,0.0,0.0,0.0,0.0,0.0,0.0,40.0,40.0,40.0,60.0,60.0,60.0,60.0,60.0,60.0,60.0,60.0,60.0,60.0,60.0,60.0,60.0,60.0,0.0,0.0,0.0,0.0,0.0,0.0,0.0,0.0,0.0,0.0,0.0,0.0,1.0,1.0,1.0,1.5,1.5,1.5,1.5,1.5,1.5,1.5,1.5,1.5,1.5,1.5,1.5,1.5,1.5,0.0,0.0,0.0,0.0,0.0,0.0,0.0,0.0,0.0,0.0,0.0,0.0,0.0,0.0,0.0,0.0,0.0,0.0,0.0,0.0,0.0,0.0,0.0,0.0,0.0,0.0,0.0,0.0,0.0
-0.1,0.0,0.0,0.3,-0.2,0.0,-0.1,0.0,0.0,0.3,-0.2,0.0,0.0,0.0,0.0,-0.2606343085311444,0.13566212844054085,0.18924885487916698,-0.25532449024198367,-1.906788729869417,1.3438119251771605,-0.2599047732316358,-0.3832695326200631,-0.12912183618375195,-0.13719428348801488,-0.14077084474348925,1.97202,1.4292763638964432,0.0720402402367467,0.0,0.0,0.0,0.0,0.0,0.0,0.0,0.0,0.0,0.0,0.0,0.0,0.0,0.0,0.0,0.6623421752659481,0.46716449238787816,0.38110905641776727,-0.39551201722137497,2.991968929907179,-1.7352839808736642,-1.1235673003945512,-0.05314902786529713,-0.216620733885646,-0.16508661126258609,-0.5551510385785892,0.0,-2.2651337005900327,1.9407993257317075,0.0,0.0,0.0,0.0,0.0,0.0,0.0,0.0,0.0,0.0,0.0,0.0,40.0,40.0,40.0,60.0,60.0,60.0,60.0,60.0,60.0,60.0,60.0,60.0,60.0,60.0,60.0,60.0,60.0,0.0,0.0,0.0,0.0,0.0,0.0,0.0,0.0,0.0,0.0,0.0,0.0,1.0,1.0,1.0,1.5,1.5,1.5,1.5,1.5,1.5,1.5,1.5,1.5,1.5,1.5,1.5,1.5,1.5,0.0,0.0,0.0,0.0,0.0,0.0,0.0,0.0,0.0,0.0,0.0,0.0,0.0,0.0,0.0,0.0,0.0,0.0,0.0,0.0,0.0,0.0,0.0,0.0,0.0,0.0,0.0,0.0,0.0
-0.1,0.0,0.0,0.3,-0.2,0.0,-0.1,0.0,0.0,0.3,-0.2,0.0,0.0,0.0,0.0,-0.25368773595479754,0.14595678198964404,0.2112054368693933,-0.2625982636534394,-1.852341242803713,1.2911271801817477,-0.2683290005926435,-0.37232826646839934,-0.13970484049717713,-0.14111962539435113,-0.15088660221778857,1.97202,1.402729499680758,0.11084850349370351,0.0,0.0,0.0,0.0,0.0,0.0,0.0,0.0,0.0,0.0,0.0,0.0,0.0,0.0,0.0,0.3961966272281618,0.19128377717692116,0.46238311012554156,-1.024083642385719,0.7322523986769747,-2.505321497400653,0.7856865025567761,0.34447238054136214,-0.29840058775235795,-0.01702382091859564,0.11729314365840002,0.0,-1.522256740657102,0.10745805583847398,0.0,0.0,0.0,0.0,0.0,0.0,0.0,0.0,0.0,0.0,0.0,0.0,40.0,40.0,40.0,60.0,60.0,60.0,60.0,60.0,60.0,60.0,60.0,60.0,60.0,60.0,60.0,60.0,60.0,0.0,0.0,0.0,0.0,0.0,0.0,0.0,0.0,0.0,0.0,0.0,0.0,1.0,1.0,1.0,1.5,1.5,1.5,1.5,1.5,1.5,1.5,1.5,1.5,1.5,1.5,1.5,1.5,1.5,0.0,0.0,0.0,0.0,0.0,0.0,0.0,0.0,0.0,0.0,0.0,0.0,0.0,0.0,0.0,0.0,0.0,0.0,0.0,0.0,0.0,0.0,0.0,0.0,0.0,0.0,0.0,0.0,0.0
-0.1,0.0,0.0,0.3,-0.2,0.0,-0.1,0.0,0.0,0.3,-0.2,0.0,0.0,0.0,0.0,-0.24478644344201791,0.1433134795276177,0.20774417928418865,-0.2962878359374124,-1.877498633922338,1.2435990652811344,-0.22847731312936476,-0.3694906373984086,-0.14105785969384627,-0.1378752363247587,-0.13607911899715325,1.97202,1.3683860942701591,0.07633856247028566,0.0,0.0,0.0,0.0,0.0,0.0,0.0,0.0,0.0,0.0,0.0,0.0,0.0,0.0,0.0,0.438351818840426,-0.10107369817770398,-0.7798071606614533,-1.521200363954063,-0.07494845332947642,-3.113924506055382,1.9078109709694862,0.15988703626746426,0.00404887492865269,0.6117814207142642,-0.22911435169603658,0.0,-3.226106760774683,-3.6648257909678175,0.0,0.0,0.0,0.0,0.0,0.0,0.0,0.0,0.0,0.0,0.0,0.0,40.0,40.0,40.0,60.0,60.0,60.0,60.0,60.0,60.0,60.0,60.0,60.0,60.0,60.0,60.0,60.0,60.0,0.0,0.0,0.0,0.0,0.0,0.0,0.0,0.0,0.0,0.0,0.0,0.0,1.0,1.0,1.0,1.5,1.5,1.5,1.5,1.5,1.5,1.5,1.5,1.5,1.5,1.5,1.5,1.5,1.5,0.0,0.0,0.0,0.0,0.0,0.0,0.0,0.0,0.0,0.0,0.0,0.0,0.0,0.0,0.0,0.0,0.0,0.0,0.0,0.0,0.0,0.0,0.0,0.0,0.0,0.0,0.0,0.0,0.0
-0.1,0.0,0.0,0.3,-0.2,0.0,-0.1,0.0,0.0,0.3,-0.2,0.0,0.0,0.0,0.0,-0.2361536632011805,0.14191383406253588,0.18001315044293517,-0.32344627821160193,-1.855339180936892,1.1665701999395324,-0.19201656175386403,-0.36593278501770077,-0.13954288550003102,-0.11664836856578056,-0.16005117628563004,1.97202,1.2736852292497707,-0.0357445281450092,0.0,0.0,0.0,0.0,0.0,0.0,0.0,0.0,0.0,0.0,0.0,0.0,0.0,0.0,0.0,1.043484386370843,0.9707889418561523,0.3476373016493013,-0.4066065822639492,-0.17392624934479128,-2.3105443439276283,-0.07563155690574266,0.7944606410953403,-1.173526392941606,-0.3179399286548104,-1.0827981617454268,0.0,-3.426531972608826,-2.11355380173502,0.0,0.0,0.0,0.0,0.0,0.0,0.0,0.0,0.0,0.0,0.0,0.0,40.0,40.0,40.0,60.0,60.0,60.0,60.0,60.0,60.0,60.0,60.0,60.0,60.0,60.0,60.0,60.0,60.0,0.0,0.0,0.0,0.0,0.0,0.0,0.0,0.0,0.0,0.0,0.0,0.0,1.0,1.0,1.0,1.5,1.5,1.5,1.5,1.5,1.5,1.5,1.5,1.5,1.5,1.5,1.5,1.5,1.5,0.0,0.0,0.0,0.0,0.0,0.0,0.0,0.0,0.0,0.0,0.0,0.0,0.0,0.0,0.0,0.0,0.0,0.0,0.0,0.0,0.0,0.0,0.0,0.0,0.0,0.0,0.0,0.0,0.0
-0.1,0.0,0.0,0.3,-0.2,0.0,-0.1,0.0,0.0,0.3,-0.2,0.0,0.0,0.0,0.0,-0.2030470679871842,0.18214503720186379,0.2216496713501607,-0.3125520992279704,-1.8844556838961297,1.1511772915240293,-0.23150257540559446,-0.337712211754595,-0.1879989154115105,-0.15059283347095112,-0.17939104546697032,1.97202,1.231324815365806,-0.008203589599115158,0.0,0.0,0.0,0.0,0.0,0.0,0.0,0.0,0.0,0.0,0.0,0.0,0.0,0.0,0.0,0.7314830577912067,1.181753944649122,0.9258295116575471,0.17863309669264166,0.5711770148972894,-1.8019318979306531,-0.8075370011127971,0.6819458326035643,-1.4189024670475912,-0.6569751199539585,-0.8861859696874808,0.0,-2.6258922069234023,-1.78384840791127,0.0,0.0,0.0,0.0,0.0,0.0,0.0,0.0,0.0,0.0,0.0,0.0,40.0,40.0,40.0,60.0,60.0,60.0,60.0,60.0,60.0,60.0,60.0,60.0,60.0,60.0,60.0,60.0,60.0,0.0,0.0,0.0,0.0,0.0,0.0,0.0,0.0,0.0,0.0,0.0,0.0,1.0,1.0,1.0,1.5,1.5,1.5,1.5,1.5,1.5,1.5,1.5,1.5,1.5,1.5,1.5,1.5,1.5,0.0,0.0,0.0,0.0,0.0,0.0,0.0,0.0,0.0,0.0,0.0,0.0,0.0,0.0,0.0,0.0,0.0,0.0,0.0,0.0,0.0,0.0,0.0,0.0,0.0,0.0,0.0,0.0,0.0
-0.1,0.0,0.0,0.3,-0.2,0.0,-0.1,0.0,0.0,0.3,-0.2,0.0,0.0,0.0,0.0,-0.20689434088953224,0.18918399184850077,0.21704633090923706,-0.31630095434389627,-1.8324921003410004,1.0944929240223062,-0.22431804179837592,-0.3386549517135582,-0.19629898418193467,-0.1429273733639389,-0.19549861507312927,1.97202,1.1686495409728346,-0.10709846446146,0.0,0.0,0.0,0.0,0.0,0.0,0.0,0.0,0.0,0.0,0.0,0.0,0.0,0.0,0.0,-0.13896001367606284,0.4699373011542766,0.00794955476728157,-1.626589680186856,5.135837717051294,-3.1001355214357207,-0.1634455701004088,-0.16843080921306458,-0.5210321306455475,-0.09021917815335151,-1.8645141351102248,0.0,-2.36858658290664,-6.0290046853004995,0.0,0.0,0.0,0.0,0.0,0.0,0.0,0.0,0.0,0.0,0.0,0.0,40.0,40.0,40.0,60.0,60.0,60.0,60.0,60.0,60.0,60.0,60.0,60.0,60.0,60.0,60.0,60.0,60.0,0.0,0.0,0.0,0.0,0.0,0.0,0.0,0.0,0.0,0.0,0.0,0.0,1.0,1.0,1.0,1.5,1.5,1.5,1.5,1.5,1.5,1.5,1.5,1.5,1.5,1.5,1.5,1.5,1.5,0.0,0.0,0.0,0.0,0.0,0.0,0.0,0.0,0.0,0.0,0.0,0.0,0.0,0.0,0.0,0.0,0.0,0.0,0.0,0.0,0.0,0.0,0.0,0.0,0.0,0.0,0.0,0.0,0.0
-0.1,0.0,0.0,0.3,-0.2,0.0,-0.1,0.0,0.0,0.3,-0.2,0.0,0.0,0.0,0.0,-0.2086054685342267,0.20094252924803485,0.22196765354085196,-0.37761568643544463,-1.679022175214078,1.0271718706666004,-0.23804039820961082,-0.34444944412311757,-0.2088402006373324,-0.15420160059708518,-0.2539716108713793,1.97202,1.1365813520495405,-0.24936377701113516,0.0,0.0,0.0,0.0,0.0,0.0,0.0,0.0,0.0,0.0,0.0,0.0,0.0,0.0,0.0,0.14016112980374945,0.35483293228461693,-0.1787287754082205,-3.5658125718426983,9.571521457532528,-3.749528744072597,-1.475985137593739,-0.39181741407128545,-0.48428569028462,-0.6868151108686139,-3.0621342358534545,0.0,-1.2015149924022972,-7.579361053916816,0.0,0.0,0.0,0.0,0.0,0.0,0.0,0.0,0.0,0.0,0.0,0.0,40.0,40.0,40.0,60.0,60.0,60.0,60.0,60.0,60.0,60.0,60.0,60.0,60.0,60.0,60.0,60.0,60.0,0.0,0.0,0.0,0.0,0.0,0.0,0.0,0.0,0.0,0.0,0.0,0.0,1.0,1.0,1.0,1.5,1.5,1.5,1.5,1.5,1.5,1.5,1.5,1.5,1.5,1.5,1.5,1.5,1.5,0.0,0.0,0.0,0.0,0.0,0.0,0.0,0.0,0.0,0.0,0.0,0.0,0.0,0.0,0.0,0.0,0.0,0.0,0.0,0.0,0.0,0.0,0.0,0.0,0.0,0.0,0.0,0.0,0.0
-0.1,0.0,0.0,0.3,-0.2,0.0,-0.1,0.0,0.0,0.3,-0.2,0.0,0.0,0.0,0.0,-0.20128789569738226,0.20337730913988544,0.20989717989290824,-0.4589334572176042,-1.4496312420396993,0.9445117742594024,-0.2833574473021255,-0.3543276482764096,-0.21567041179331947,-0.17039997779868346,-0.31798398450726745,1.97202,1.1205889412767427,-0.41027290661813265,0.0,0.0,0.0,0.0,0.0,0.0,0.0,0.0,0.0,0.0,0.0,0.0,0.0,0.0,0.0,0.5710485237893727,0.06855032866385571,-0.8559045653896723,-3.894284919285254,10.047501300446044,-3.878349324804689,-1.4529557596818468,-0.3651455354488964,-0.25596779045015183,-0.7994796948310463,-3.0155105589315863,0.0,-0.5422102893427261,-7.216738872900745,0.0,0.0,0.0,0.0,0.0,0.0,0.0,0.0,0.0,0.0,0.0,0.0,40.0,40.0,40.0,60.0,60.0,60.0,60.0,60.0,60.0,60.0,60.0,60.0,60.0,60.0,60.0,60.0,60.0,0.0,0.0,0.0,0.0,0.0,0.0,0.0,0.0,0.0,0.0,0.0,0.0,1.0,1.0,1.0,1.5,1.5,1.5,1.5,1.5,1.5,1.5,1.5,1.5,1.5,1.5,1.5,1.5,1.5,0.0,0.0,0.0,0.0,0.0,0.0,0.0,0.0,0.0,0.0,0.0,0.0,0.0,0.0,0.0,0.0,0.0,0.0,0.0,0.0,0.0,0.0,0.0,0.0,0.0,0.0,0.0,0.0,0.0
-0.1,0.0,0.0,0.3,-0.2,0.0,-0.1,0.0,0.0,0.3,-0.2,0.0,0.0,0.0,0.0,-0.1857635275826518,0.20368454239458908,0.18773147092526507,-0.5333870832068548,-1.2771221231962362,0.8720378976744129,-0.2961586285968847,-0.3590552655410734,-0.2190789122553385,-0.18618078839032703,-0.37459203322864276,1.97202,1.1148929404758314,-0.538033331927165,0.0,0.0,0.0,0.0,0.0,0.0,0.0,0.0,0.0,0.0,0.0,0.0,0.0,0.0,0.0,0.2308999267122816,-0.7756691853053194,-3.1399147464425514,-3.0306711806790965,9.218469776978871,-4.130981992950569,0.827513216433845,-0.35955871090087993,0.8483950834139609,0.5530216854181557,-2.652342007142161,0.0,-0.3167862345238859,-5.259090296871826,0.0,0.0,0.0,0.0,0.0,0.0,0.0,0.0,0.0,0.0,0.0,0.0,40.0,40.0,40.0,60.0,60.0,60.0,60.0,60.0,60.0,60.0,60.0,60.0,60.0,60.0,60.0,60.0,60.0,0.0,0.0,0.0,0.0,0.0,0.0,0.0,0.0,0.0,0.0,0.0,0.0,1.0,1.0,1.0,1.5,1.5,1.5,1.5,1.5,1.5,1.5,1.5,1.5,1.5,1.5,1.5,1.5,1.5,0.0,0.0,0.0,0.0,0.0,0.0,0.0,0.0,0.0,0.0,0.0,0.0,0.0,0.0,0.0,0.0,0.0,0.0,0.0,0.0,0.0,0.0,0.0,0.0,0.0,0.0,0.0,0.0,0.0
-0.1,0.0,0.0,0.3,-0.2,0.0,-0.1,0.0,0.0,0.3,-0.2,0.0,0.0,0.0,0.0,-0.192051898628891,0.17235054172767267,0.0843005900352062,-0.5801603044447681,-1.0808924509605444,0.7792724945413796,-0.2502569186447717,-0.3687099967124448,-0.18173460845676104,-0.14827911038195724,-0.4240776647929539,1.97202,1.1079174918957873,-0.6206365184930057,0.0,0.0,0.0,0.0,0.0,0.0,0.0,0.0,0.0,0.0,0.0,0.0,0.0,0.0,0.0,0.35971897337278913,-0.6578885145147921,-3.7619585587951234,-2.0229643635595123,8.81067559113487,-4.029502152199857,0.9975376246473627,-0.42547272667643465,0.8081272171174013,0.5486357514598549,-2.0306788766111623,0.0,-0.3508012600346888,-2.9227777905903083,0.0,0.0,0.0,0.0,0.0,0.0,0.0,0.0,0.0,0.0,0.0,0.0,40.0,40.0,40.0,60.0,60.0,60.0,60.0,60.0,60.0,60.0,60.0,60.0,60.0,60.0,60.0,60.0,60.0,0.0,0.0,0.0,0.0,0.0,0.0,0.0,0.0,0.0,0.0,0.0,0.0,1.0,1.0,1.0,1.5,1.5,1.5,1.5,1.5,1.5,1.5,1.5,1.5,1.5,1.5,1.5,1.5,1.5,0.0,0.0,0.0,0.0,0.0,0.0,0.0,0.0,0.0,0.0,0.0,0.0,0.0,0.0,0.0,0.0,0.0,0.0,0.0,0.0,0.0,0.0,0.0,0.0,0.0,0.0,0.0,0.0,0.0
-0.1,0.0,0.0,0.3,-0.2,0.0,-0.1,0.0,0.0,0.3,-0.2,0.0,0.0,0.0,0.0,-0.17137476864774023,0.1773690018139974,0.03725312857346013,-0.6143056577492353,-0.9246950995508414,0.7108578115864186,-0.2562571236109902,-0.3760741746081308,-0.18675382357064244,-0.16423535833193284,-0.45581918829308926,1.97202,1.1008608900744439,-0.6549444435507773,0.0,0.0,0.0,0.0,0.0,0.0,0.0,0.0,0.0,0.0,0.0,0.0,0.0,0.0,0.0,0.27097271272096196,0.18846581169279092,-2.098865250264135,-1.5064263468414218,4.158585146996124,-3.113185702424279,0.7238354743924085,-0.09138330428716951,-0.1067743999972233,-0.8314438637356709,-1.4498902613430953,0.0,1.0973791996259696,-2.761932406954806,0.0,0.0,0.0,0.0,0.0,0.0,0.0,0.0,0.0,0.0,0.0,0.0,40.0,40.0,40.0,60.0,60.0,60.0,60.0,60.0,60.0,60.0,60.0,60.0,60.0,60.0,60.0,60.0,60.0,0.0,0.0,0.0,0.0,0.0,0.0,0.0,0.0,0.0,0.0,0.0,0.0,1.0,1.0,1.0,1.5,1.5,1.5,1.5,1.5,1.5,1.5,1.5,1.5,1.5,1.5,1.5,1.5,1.5,0.0,0.0,0.0,0.0,0.0,0.0,0.0,0.0,0.0,0.0,0.0,0.0,0.0,0.0,0.0,0.0,0.0,0.0,0.0,0.0,0.0,0.0,0.0,0.0,0.0,0.0,0.0,0.0,0.0
-0.1,0.0,0.0,0.3,-0.2,0.0,-0.1,0.0,0.0,0.3,-0.2,0.0,0.0,0.0,0.0,-0.18121299012005251,0.1798891741953843,0.0003459800246407817,-0.640417358318425,-0.9145490450806995,0.6547450664444084,-0.22130349966907534,-0.3723653288839316,-0.18600558445664997,-0.18153686493138407,-0.4820732752466777,1.97202,1.151812659880826,-0.731113814771198,0.0,0.0,0.0,0.0,0.0,0.0,0.0,0.0,0.0,0.0,0.0,0.0,0.0,0.0,0.0,-0.045086222403396825,0.041634242252438364,-1.6025180153756264,-0.9382510449212206,1.2122183985444845,-2.1925054400589756,0.3363334595767112,-0.27146377872909605,0.10247919428028815,-0.8208705842460285,-1.248064938796882,0.0,1.0776501918477344,-3.106972821023074,0.0,0.0,0.0,0.0,0.0,0.0,0.0,0.0,0.0,0.0,0.0,0.0,40.0,40.0,40.0,60.0,60.0,60.0,60.0,60.0,60.0,60.0,60.0,60.0,60.0,60.0,60.0,60.0,60.0,0.0,0.0,0.0,0.0,0.0,0.0,0.0,0.0,0.0,0.0,0.0,0.0,1.0,1.0,1.0,1.5,1.5,1.5,1.5,1.5,1.5,1.5,1.5,1.5,1.5,1.5,1.5,1.5,1.5,0.0,0.0,0.0,0.0,0.0,0.0,0.0,0.0,0.0,0.0,0.0,0.0,0.0,0.0,0.0,0.0,0.0,0.0,0.0,0.0,0.0,0.0,0.0,0.0,0.0,0.0,0.0,0.0,0.0
-0.1,0.0,0.0,0.3,-0.2,0.0,-0.1,0.0,0.0,0.3,-0.2,0.0,0.0,0.0,0.0,-0.1731782175438761,0.17903437150409493,-0.02684759204156492,-0.6518356995460841,-0.876206363609062,0.6231575939840596,-0.24280378522792173,-0.38693272575729465,-0.1826546557994309,-0.19707018170177398,-0.5057417858449645,1.97202,1.1439668977483533,-0.7792233563917003,0.0,0.0,0.0,0.0,0.0,0.0,0.0,0.0,0.0,0.0,0.0,0.0,0.0,0.0,0.0,0.7442824149339222,0.11123506225212201,-0.4153538378245739,-0.4581268450796677,1.1296473115350758,-0.3068581875583176,-1.9237742992543432,-0.8431259201835184,-0.2580159814974468,-0.5922105090858936,-0.821864856867914,0.0,-1.2044108033150036,-1.9380886373688788,0.0,0.0,0.0,0.0,0.0,0.0,0.0,0.0,0.0,0.0,0.0,0.0,40.0,40.0,40.0,60.0,60.0,60.0,60.0,60.0,60.0,60.0,60.0,60.0,60.0,60.0,60.0,60.0,60.0,0.0,0.0,0.0,0.0,0.0,0.0,0.0,0.0,0.0,0.0,0.0,0.0,1.0,1.0,1.0,1.5,1.5,1.5,1.5,1.5,1.5,1.5,1.5,1.5,1.5,1.5,1.5,1.5,1.5,0.0,0.0,0.0,0.0,0.0,0.0,0.0,0.0,0.0,0.0,0.0,0.0,0.0,0.0,0.0,0.0,0.0,0.0,0.0,0.0,0.0,0.0,0.0,0.0,0.0,0.0,0.0,0.0,0.0
-0.1,0.0,0.0,0.3,-0.2,0.0,-0.1,0.0,0.0,0.3,-0.2,0.0,0.0,0.0,0.0,-0.15144169352269563,0.18433857668546919,-0.016268173488342176,-0.6587424321216117,-0.8693631526192964,0.6424707389420757,-0.29825447163924906,-0.4060903656912723,-0.19632622371654784,-0.20522528529481981,-0.5149478695213943,1.97202,1.103636227748226,-0.8086373602659531,0.0,0.0,0.0,0.0,0.0,0.0,0.0,0.0,0.0,0.0,0.0,0.0,0.0,0.0,0.0,0.7433548727721013,0.10840041554324512,0.36401102386771717,0.015859041072363578,0.8009774038415962,1.4401660541614625,-0.7382927608230783,-0.8807188120477052,-0.5868148110855016,-0.41139357243011804,-0.7072586701530353,0.0,-1.7785089089673911,-0.39254730028849827,0.0,0.0,0.0,0.0,0.0,0.0,0.0,0.0,0.0,0.0,0.0,0.0,40.0,40.0,40.0,60.0,60.0,60.0,60.0,60.0,60.0,60.0,60.0,60.0,60.0,60.0,60.0,60.0,60.0,0.0,0.0,0.0,0.0,0.0,0.0,0.0,0.0,0.0,0.0,0.0,0.0,1.0,1.0,1.0,1.5,1.5,1.5,1.5,1.5,1.5,1.5,1.5,1.5,1.5,1.5,1.5,1.5,1.5,0.0,0.0,0.0,0.0,0.0,0.0,0.0,0.0,0.0,0.0,0.0,0.0,0.0,0.0,0.0,0.0,0.0,0.0,0.0,0.0,0.0,0.0,0.0,0.0,0.0,0.0,0.0,0.0,0.0
-0.1,0.0,0.0,0.3,-0.2,0.0,-0.1,0.0,0.0,0.3,-0.2,0.0,0.0,0.0,0.0,-0.14344402263299205,0.18337038812582473,-0.012287151086856234,-0.6512013379031896,-0.8441672674553982,0.6807642361505181,-0.27233549566084486,-0.42216147823920286,-0.20612724824285097,-0.2135259245989787,-0.534032132651086,1.97202,1.0728265413896576,-0.7949252484032402,0.0,0.0,0.0,0.0,0.0,0.0,0.0,0.0,0.0,0.0,0.0,0.0,0.0,0.0,0.0,-0.19344215004815715,-0.0678234884846439,0.020404540004200333,0.2641552116907947,2.003697606550586,1.0572617850371724,0.7450161927360324,-0.06184543111388552,-0.13091622211666223,-0.016315157452156948,-0.5401378854550026,0.0,0.006032241464765109,0.55305153623183,0.0,0.0,0.0,0.0,0.0,0.0,0.0,0.0,0.0,0.0,0.0,0.0,40.0,40.0,40.0,60.0,60.0,60.0,60.0,60.0,60.0,60.0,60.0,60.0,60.0,60.0,60.0,60.0,60.0,0.0,0.0,0.0,0.0,0.0,0.0,0.0,0.0,0.0,0.0,0.0,0.0,1.0,1.0,1.0,1.5,1.5,1.5,1.5,1.5,1.5,1.5,1.5,1.5,1.5,1.5,1.5,1.5,1.5,0.0,0.0,0.0,0.0,0.0,0.0,0.0,0.0,0.0,0.0,0.0,0.0,0.0,0.0,0.0,0.0,0.0,0.0,0.0,0.0,0.0,0.0,0.0,0.0,0.0,0.0,0.0,0.0,0.0
-0.1,0.0,0.0,0.3,-0.2,0.0,-0.1,0.0,0.0,0.3,-0.2,0.0,0.0,0.0,0.0,-0.1591793795246219,0.18162563714608343,-0.015451991888174163,-0.6481762236539799,-0.789215248357273,0.6847612103435626,-0.26845382392980777,-0.40856418293582775,-0.20156287260121433,-0.2058778915929061,-0.5365533849395944,1.97202,1.1038775174068165,-0.7865152988166799,0.0,0.0,0.0,0.0,0.0,0.0,0.0,0.0,0.0,0.0,0.0,0.0,0.0,0.0,0.0,-0.18570203497770832,0.3458940805418177,0.707491074552672,-0.8899702263520048,-0.32712241901635686,0.8908182630507328,0.9585549607762006,0.036343279180449384,-0.37106377819061676,-0.642807434506297,0.02980833076611511,0.0,2.396623483362231,-3.1806696393059135,0.0,0.0,0.0,0.0,0.0,0.0,0.0,0.0,0.0,0.0,0.0,0.0,40.0,40.0,40.0,60.0,60.0,60.0,60.0,60.0,60.0,60.0,60.0,60.0,60.0,60.0,60.0,60.0,60.0,0.0,0.0,0.0,0.0,0.0,0.0,0.0,0.0,0.0,0.0,0.0,0.0,1.0,1.0,1.0,1.5,1.5,1.5,1.5,1.5,1.5,1.5,1.5,1.5,1.5,1.5,1.5,1.5,1.5,0.0,0.0,0.0,0.0,0.0,0.0,0.0,0.0,0.0,0.0,0.0,0.0,0.0,0.0,0.0,0.0,0.0,0.0,0.0,0.0,0.0,0.0,0.0,0.0,0.0,0.0,0.0,0.0,0.0
-0.1,0.0,0.0,0.3,-0.2,0.0,-0.1,0.0,0.0,0.3,-0.2,0.0,0.0,0.0,0.0,-0.15087210403210038,0.19720615134749744,0.016012491895250648,-0.6868001469572698,-0.8572521642160524,0.7163969666725474,-0.23399329722979684,-0.4207077470719849,-0.22096979937047564,-0.2392382219792306,-0.5328397994204414,1.97202,1.1686914807241469,-0.9221520339754767,0.0,0.0,0.0,0.0,0.0,0.0,0.0,0.0,0.0,0.0,0.0,0.0,0.0,0.0,0.0,0.12699695321843965,0.21273379725477784,1.1062415232838934,-1.28409495147003,-3.627066931823586,2.2708402071087708,1.3644054050251957,-0.5514601020600585,-0.10951211985240905,-0.15349009925389595,0.25776322764986814,0.0,1.5265236282082484,-4.73588649858753,0.0,0.0,0.0,0.0,0.0,0.0,0.0,0.0,0.0,0.0,0.0,0.0,40.0,40.0,40.0,60.0,60.0,60.0,60.0,60.0,60.0,60.0,60.0,60.0,60.0,60.0,60.0,60.0,60.0,0.0,0.0,0.0,0.0,0.0,0.0,0.0,0.0,0.0,0.0,0.0,0.0,1.0,1.0,1.0,1.5,1.5,1.5,1.5,1.5,1.5,1.5,1.5,1.5,1.5,1.5,1.5,1.5,1.5,0.0,0.0,0.0,0.0,0.0,0.0,0.0,0.0,0.0,0.0,0.0,0.0,0.0,0.0,0.0,0.0,0.0,0.0,0.0,0.0,0.0,0.0,0.0,0.0,0.0,0.0,0.0,0.0,0.0
-0.1,0.0,0.0,0.3,-0.2,0.0,-0.1,0.0,0.0,0.3,-0.2,0.0,0.0,0.0,0.0,-0.15409950139588433,0.19013498903627454,0.02879766904318157,-0.6995400217127811,-0.9342979256302164,0.7755948186279135,-0.21387760772879993,-0.4306225870182301,-0.2059433573953107,-0.21201749556306193,-0.5262428558335996,1.97202,1.1649384625351464,-0.9759507587601811,0.0,0.0,0.0,0.0,0.0,0.0,0.0,0.0,0.0,0.0,0.0,0.0,0.0,0.0,0.0,-0.31115179937191634,-0.4848608935498148,0.4989324154351543,-0.22234659593219075,-1.5323940353541148,2.2767448300098247,0.15091386577656962,-0.5754058812077397,0.8952477703729527,1.6295733363779297,-0.03967934399870532,0.0,2.0157473688825145,-4.704998141673849,0.0,0.0,0.0,0.0,0.0,0.0,0.0,0.0,0.0,0.0,0.0,0.0,40.0,40.0,40.0,60.0,60.0,60.0,60.0,60.0,60.0,60.0,60.0,60.0,60.0,60.0,60.0,60.0,60.0,0.0,0.0,0.0,0.0,0.0,0.0,0.0,0.0,0.0,0.0,0.0,0.0,1.0,1.0,1.0,1.5,1.5,1.5,1.5,1.5,1.5,1.5,1.5,1.5,1.5,1.5,1.5,1.5,1.5,0.0,0.0,0.0,0.0,0.0,0.0,0.0,0.0,0.0,0.0,0.0,0.0,0.0,0.0,0.0,0.0,0.0,0.0,0.0,0.0,0.0,0.0,0.0,0.0,0.0,0.0,0.0,0.0,0.0
-0.1,0.0,0.0,0.3,-0.2,0.0,-0.1,0.0,0.0,0.3,-0.2,0.0,0.0,0.0,0.0,-0.16331817600697704,0.17781171560550485,0.03596978851265682,-0.6956940107945574,-0.918547925630217,0.8074667598729404,-0.22795674259873405,-0.4437239823202945,-0.18515988855555754,-0.1740552885241134,-0.5344269731803896,1.97202,1.2493213754794474,-1.1103519596424307,0.0,0.0,0.0,0.0,0.0,0.0,0.0,0.0,0.0,0.0,0.0,0.0,0.0,0.0,0.0,-1.1506137803292231,0.3068619151405258,0.6735523389657434,0.6730159392379059,2.4886658849184338,-1.6428158205796433,-0.1656132301664684,0.9462786071730955,0.7388348116205506,1.3804457821355636,-0.47693106280916053,0.0,8.015460435704275,-6.998091312856311,0.0,0.0,0.0,0.0,0.0,0.0,0.0,0.0,0.0,0.0,0.0,0.0,40.0,40.0,40.0,60.0,60.0,60.0,60.0,60.0,60.0,60.0,60.0,60.0,60.0,60.0,60.0,60.0,60.0,0.0,0.0,0.0,0.0,0.0,0.0,0.0,0.0,0.0,0.0,0.0,0.0,1.0,1.0,1.0,1.5,1.5,1.5,1.5,1.5,1.5,1.5,1.5,1.5,1.5,1.5,1.5,1.5,1.5,0.0,0.0,0.0,0.0,0.0,0.0,0.0,0.0,0.0,0.0,0.0,0.0,0.0,0.0,0.0,0.0,0.0,0.0,0.0,0.0,0.0,0.0,0.0,0.0,0.0,0.0,0.0,0.0,0.0
-0.1,0.0,0.0,0.3,-0.2,0.0,-0.1,0.0,0.0,0.3,-0.2,0.0,0.0,0.0,0.0,-0.20012405260905325,0.20240946564189558,0.05573976260181131,-0.6726193841432648,-0.834751290233479,0.7098821858047277,-0.22050213693545867,-0.39277144273130626,-0.17638996493048867,-0.1567996642776394,-0.5453200983459661,1.97202,1.4855568799633174,-1.2558744112744336,0.0,0.0,0.0,0.0,0.0,0.0,0.0,0.0,0.0,0.0,0.0,0.0,0.0,0.0,0.0,-0.6922249195746889,0.677013806343469,-0.5404388483842648,0.7402518425566718,1.966409777946612,-3.166575581503739,1.3843754551837555,1.400617713328718,0.31264016812931544,1.0966768930780433,0.24228316052437304,0.0,6.48929136604734,-5.273377854418432,0.0,0.0,0.0,0.0,0.0,0.0,0.0,0.0,0.0,0.0,0.0,0.0,40.0,40.0,40.0,60.0,60.0,60.0,60.0,60.0,60.0,60.0,60.0,60.0,60.0,60.0,60.0,60.0,60.0,0.0,0.0,0.0,0.0,0.0,0.0,0.0,0.0,0.0,0.0,0.0,0.0,1.0,1.0,1.0,1.5,1.5,1.5,1.5,1.5,1.5,1.5,1.5,1.5,1.5,1.5,1.5,1.5,1.5,0.0,0.0,0.0,0.0,0.0,0.0,0.0,0.0,0.0,0.0,0.0,0.0,0.0,0.0,0.0,0.0,0.0,0.0,0.0,0.0,0.0,0.0,0.0,0.0,0.0,0.0,0.0,0.0,0.0
-0.1,0.0,0.0,0.3,-0.2,0.0,-0.1,0.0,0.0,0.3,-0.2,0.0,0.0,0.0,0.0,-0.1910071727899646,0.2048922678592436,0.014352234577286228,-0.6660839370922905,-0.8398915345123525,0.6808037366127908,-0.17258172439138383,-0.38769927378714575,-0.17265428183038492,-0.13018821280099166,-0.5247356467594146,1.97202,1.508893030121341,-1.321287073819168,0.0,0.0,0.0,0.0,0.0,0.0,0.0,0.0,0.0,0.0,0.0,0.0,0.0,0.0,0.0,0.18875724390681817,0.050056877792321874,-1.508266402778247,0.3019096054177439,-0.3998552453640114,-1.044871284835072,2.074157535215684,0.43373183638082125,0.20171007743021302,1.375524126069491,0.8096695978354385,0.0,-0.5618578800410556,-1.452839222803226,0.0,0.0,0.0,0.0,0.0,0.0,0.0,0.0,0.0,0.0,0.0,0.0,40.0,40.0,40.0,60.0,60.0,60.0,60.0,60.0,60.0,60.0,60.0,60.0,60.0,60.0,60.0,60.0,60.0,0.0,0.0,0.0,0.0,0.0,0.0,0.0,0.0,0.0,0.0,0.0,0.0,1.0,1.0,1.0,1.5,1.5,1.5,1.5,1.5,1.5,1.5,1.5,1.5,1.5,1.5,1.5,1.5,1.5,0.0,0.0,0.0,0.0,0.0,0.0,0.0,0.0,0.0,0.0,0.0,0.0,0.0,0.0,0.0,0.0,0.0,0.0,0.0,0.0,0.0,0.0,0.0,0.0,0.0,0.0,0.0,0.0,0.0
-0.1,0.0,0.0,0.3,-0.2,0.0,-0.1,0.0,0.0,0.3,-0.2,0.0,0.0,0.0,0.0,-0.19257376285278052,0.20441174075358845,-0.004590893509318579,-0.6605429999265551,-0.8507455000480395,0.6680873344113248,-0.13753583552683132,-0.3754221692760734,-0.16832156183328015,-0.10177869923485974,-0.5129333144325485,1.97202,1.4630825647616752,-1.3139879801865626,0.0,0.0,0.0,0.0,0.0,0.0,0.0,0.0,0.0,0.0,0.0,0.0,0.0,0.0,0.0,0.02778444934676272,0.038595699027561825,-0.5171366563399211,0.1555965063519099,-0.42781454802085506,-0.09358057795146035,1.395659921825439,0.48820959019363896,0.06840051302560157,1.0464635724676565,0.8290761868122678,0.0,-2.297329109936175,0.6257086353538832,0.0,0.0,0.0,0.0,0.0,0.0,0.0,0.0,0.0,0.0,0.0,0.0,40.0,40.0,40.0,60.0,60.0,60.0,60.0,60.0,60.0,60.0,60.0,60.0,60.0,60.0,60.0,60.0,60.0,0.0,0.0,0.0,0.0,0.0,0.0,0.0,0.0,0.0,0.0,0.0,0.0,1.0,1.0,1.0,1.5,1.5,1.5,1.5,1.5,1.5,1.5,1.5,1.5,1.5,1.5,1.5,1.5,1.5,0.0,0.0,0.0,0.0,0.0,0.0,0.0,0.0,0.0,0.0,0.0,0.0,0.0,0.0,0.0,0.0,0.0,0.0,0.0,0.0,0.0,0.0,0.0,0.0,0.0,0.0,0.0,0.0,0.0
-0.1,0.0,0.0,0.3,-0.2,0.0,-0.1,0.0,0.0,0.3,-0.2,0.0,0.0,0.0,0.0,-0.1898957948160941,0.20643609582034608,-0.0063332316763106185,-0.6598600768382141,-0.8570041164331867,0.6770605134947324,-0.11675532751836627,-0.3681708901794002,-0.16991826130936086,-0.0883296699022854,-0.49157259928692393,1.97202,1.416999865723894,-1.2962587284050127,0.0,0.0,0.0,0.0,0.0,0.0,0.0,0.0,0.0,0.0,0.0,0.0,0.0,0.0,0.0,0.09911242548759289,-0.0263369136979906,-0.14180330662474605,0.00854250495108122,-0.5504383910619942,0.060924219360283804,0.752941200075111,0.30963511561969137,0.0625288860621992,0.6003438478893838,0.8234929197529813,0.0,-1.2835226609715367,1.8579527067359158,0.0,0.0,0.0,0.0,0.0,0.0,0.0,0.0,0.0,0.0,0.0,0.0,40.0,40.0,40.0,60.0,60.0,60.0,60.0,60.0,60.0,60.0,60.0,60.0,60.0,60.0,60.0,60.0,60.0,0.0,0.0,0.0,0.0,0.0,0.0,0.0,0.0,0.0,0.0,0.0,0.0,1.0,1.0,1.0,1.5,1.5,1.5,1.5,1.5,1.5,1.5,1.5,1.5,1.5,1.5,1.5,1.5,1.5,0.0,0.0,0.0,0.0,0.0,0.0,0.0,0.0,0.0,0.0,0.0,0.0,0.0,0.0,0.0,0.0,0.0,0.0,0.0,0.0,0.0,0.0,0.0,0.0,0.0,0.0,0.0,0.0,0.0
-0.1,0.0,0.0,0.3,-0.2,0.0,-0.1,0.0,0.0,0.3,-0.2,0.0,0.0,0.0,0.0,-0.1886092658332768,0.20335826420566883,-0.010263025774308421,-0.6602012997285118,-0.8727630356905193,0.6705243031857362,-0.10741818752382688,-0.36303676465128576,-0.16582040639079218,-0.07776494531928439,-0.47999359764242927,1.97202,1.4117416583228137,-1.239669871917126,0.0,0.0,0.0,0.0,0.0,0.0,0.0,0.0,0.0,0.0,0.0,0.0,0.0,0.0,0.0,0.14670344402966315,-0.18784583518088108,-0.24635273448285022,0.023967460617987935,-1.8496066620745433,-0.2832509411333145,1.0229020104676172,0.04493749256723467,0.24375985440151515,0.08900593309474868,0.5379045539995797,0.0,0.24346044397255961,3.6823937129845774,0.0,0.0,0.0,0.0,0.0,0.0,0.0,0.0,0.0,0.0,0.0,0.0,40.0,40.0,40.0,60.0,60.0,60.0,60.0,60.0,60.0,60.0,60.0,60.0,60.0,60.0,60.0,60.0,60.0,0.0,0.0,0.0,0.0,0.0,0.0,0.0,0.0,0.0,0.0,0.0,0.0,1.0,1.0,1.0,1.5,1.5,1.5,1.5,1.5,1.5,1.5,1.5,1.5,1.5,1.5,1.5,1.5,1.5,0.0,0.0,0.0,0.0,0.0,0.0,0.0,0.0,0.0,0.0,0.0,0.0,0.0,0.0,0.0,0.0,0.0,0.0,0.0,0.0,0.0,0.0,0.0,0.0,0.0,0.0,0.0,0.0,0.0
-0.1,0.0,0.0,0.3,-0.2,0.0,-0.1,0.0,0.0,0.3,-0.2,0.0,0.0,0.0,0.0,-0.18402765705490756,0.19892226241311084,-0.016187341055624627,-0.6589013784134946,-0.9309883829161685,0.6657304758493998,-0.07583924709966158,-0.3663733904767108,-0.16016786713330025,-0.08476943257849545,-0.47005641712694074,1.97202,1.4267382834827964,-1.1489629798856296,0.0,0.0,0.0,0.0,0.0,0.0,0.0,0.0,0.0,0.0,0.0,0.0,0.0,0.0,0.0,0.35698613888018593,-0.07433754208853102,0.09913487025017494,-0.17225483973479228,-3.064620753414593,-0.09009456361692147,1.5646332851274511,-0.2295514389810724,0.09559470705326478,-0.7486475105281745,0.664772154573462,0.0,0.5306440480232211,4.267989075829736,0.0,0.0,0.0,0.0,0.0,0.0,0.0,0.0,0.0,0.0,0.0,0.0,40.0,40.0,40.0,60.0,60.0,60.0,60.0,60.0,60.0,60.0,60.0,60.0,60.0,60.0,60.0,60.0,60.0,0.0,0.0,0.0,0.0,0.0,0.0,0.0,0.0,0.0,0.0,0.0,0.0,1.0,1.0,1.0,1.5,1.5,1.5,1.5,1.5,1.5,1.5,1.5,1.5,1.5,1.5,1.5,1.5,1.5,0.0,0.0,0.0,0.0,0.0,0.0,0.0,0.0,0.0,0.0,0.0,0.0,0.0,0.0,0.0,0.0,0.0,0.0,0.0,0.0,0.0,0.0,0.0,0.0,0.0,0.0,0.0,0.0,0.0
-0.1,0.0,0.0,0.3,-0.2,0.0,-0.1,0.0,0.0,0.3,-0.2,0.0,0.0,0.0,0.0,-0.17432982027806937,0.20038476252212759,-0.006297630964301424,-0.6670914933179035,-0.995347865827103,0.6669205206410593,-0.04483285611872884,-0.37221882221052865,-0.1619966181086616,-0.10771084574041137,-0.4534027114594908,1.97202,1.4329674202437426,-1.0689503088839365,0.0,0.0,0.0,0.0,0.0,0.0,0.0,0.0,0.0,0.0,0.0,0.0,0.0,0.0,0.0,0.21976225328649915,0.09505861344227609,0.590348212584016,-0.051153803615464066,-3.8189443415074407,-1.1382385810394107,1.7362033233408694,0.024195179623061336,-0.059656905420517325,-1.3290109174566724,0.6190897850768053,0.0,-0.5021069225458419,5.391024175850617,0.0,0.0,0.0,0.0,0.0,0.0,0.0,0.0,0.0,0.0,0.0,0.0,40.0,40.0,40.0,60.0,60.0,60.0,60.0,60.0,60.0,60.0,60.0,60.0,60.0,60.0,60.0,60.0,60.0,0.0,0.0,0.0,0.0,0.0,0.0,0.0,0.0,0.0,0.0,0.0,0.0,1.0,1.0,1.0,1.5,1.5,1.5,1.5,1.5,1.5,1.5,1.5,1.5,1.5,1.5,1.5,1.5,1.5,0.0,0.0,0.0,0.0,0.0,0.0,0.0,0.0,0.0,0.0,0.0,0.0,0.0,0.0,0.0,0.0,0.0,0.0,0.0,0.0,0.0,0.0,0.0,0.0,0.0,0.0,0.0,0.0,0.0
-0.1,0.0,0.0,0.3,-0.2,0.0,-0.1,0.0,0.0,0.3,-0.2,0.0,0.0,0.0,0.0,-0.1752371669234476,0.20272460695080188,0.0074265874477360124,-0.6609475305581132,-1.0837461565764661,0.6202009326078234,-0.006391114166026813,-0.36540558329178835,-0.16255414335012094,-0.13792986927676235,-0.4452928257238685,1.97202,1.4066540065809627,-0.9333220128516049,0.0,0.0,0.0,0.0,0.0,0.0,0.0,0.0,0.0,0.0,0.0,0.0,0.0,0.0,0.0,0.053259664751208885,0.13839050890048915,0.17824809777552184,0.7397173032256371,-3.0869567263009907,-3.1053047256612896,1.0590712966006937,0.3805987395996288,-0.020608223026892525,-1.4620330012951828,0.7956805375184367,0.0,-1.6436020772038151,7.551866966668852,0.0,0.0,0.0,0.0,0.0,0.0,0.0,0.0,0.0,0.0,0.0,0.0,40.0,40.0,40.0,60.0,60.0,60.0,60.0,60.0,60.0,60.0,60.0,60.0,60.0,60.0,60.0,60.0,60.0,0.0,0.0,0.0,0.0,0.0,0.0,0.0,0.0,0.0,0.0,0.0,0.0,1.0,1.0,1.0,1.5,1.5,1.5,1.5,1.5,1.5,1.5,1.5,1.5,1.5,1.5,1.5,1.5,1.5,0.0,0.0,0.0,0.0,0.0,0.0,0.0,0.0,0.0,0.0,0.0,0.0,0.0,0.0,0.0,0.0,0.0,0.0,0.0,0.0,0.0,0.0,0.0,0.0,0.0,0.0,0.0,0.0,0.0
-0.1,0.0,0.0,0.3,-0.2,0.0,-0.1,0.0,0.0,0.3,-0.2,0.0,0.0,0.0,0.0,-0.17219943368802101,0.20592038287814715,0.0008322929467194504,-0.637502801188878,-1.1188261348791426,0.5427083316146077,-0.0024700042547010897,-0.3569948726265435,-0.1628209470297373,-0.16619216579221868,-0.4215754899587533,1.97202,1.36722333715559,-0.7668756302171824,0.0,0.0,0.0,0.0,0.0,0.0,0.0,0.0,0.0,0.0,0.0,0.0,0.0,0.0,0.0,0.33768638927823486,0.14829712332146347,-0.5388643300596986,1.0915860096747831,-4.118496244647463,-3.7945543589311277,-0.9505749196193947,0.42120311975278046,-0.11017477580352805,-0.9232474290404407,1.7417855139701552,0.0,-3.885313545704122,7.672978745180448,0.0,0.0,0.0,0.0,0.0,0.0,0.0,0.0,0.0,0.0,0.0,0.0,40.0,40.0,40.0,60.0,60.0,60.0,60.0,60.0,60.0,60.0,60.0,60.0,60.0,60.0,60.0,60.0,60.0,0.0,0.0,0.0,0.0,0.0,0.0,0.0,0.0,0.0,0.0,0.0,0.0,1.0,1.0,1.0,1.5,1.5,1.5,1.5,1.5,1.5,1.5,1.5,1.5,1.5,1.5,1.5,1.5,1.5,0.0,0.0,0.0,0.0,0.0,0.0,0.0,0.0,0.0,0.0,0.0,0.0,0.0,0.0,0.0,0.0,0.0,0.0,0.0,0.0,0.0,0.0,0.0,0.0,0.0,0.0,0.0,0.0,0.0
-0.1,0.0,0.0,0.3,-0.2,0.0,-0.1,0.0,0.0,0.3,-0.2,0.0,0.0,0.0,0.0,-0.1617297113523182,0.20865649188366042,-0.014127985754651932,-0.6172840901711218,-1.2484860063623646,0.46841875825057827,-0.0444141109508026,-0.34855745850167713,-0.16696113438226207,-0.17485976643837997,-0.3756214051650623,1.97202,1.2512414647527978,-0.626402863044387,0.0,0.0,0.0,0.0,0.0,0.0,0.0,0.0,0.0,0.0,0.0,0.0,0.0,0.0,0.0,0.30162735856473843,0.007836472121286464,-0.8365725191587065,1.9165771086624843,-5.7264592228406075,-3.3750736232710645,-4.013380542247753,0.7170035438721883,-0.08442275698245932,0.5145353703918492,1.862922017459409,0.0,-6.568185483814837,7.343293572626175,0.0,0.0,0.0,0.0,0.0,0.0,0.0,0.0,0.0,0.0,0.0,0.0,40.0,40.0,40.0,60.0,60.0,60.0,60.0,60.0,60.0,60.0,60.0,60.0,60.0,60.0,60.0,60.0,60.0,0.0,0.0,0.0,0.0,0.0,0.0,0.0,0.0,0.0,0.0,0.0,0.0,1.0,1.0,1.0,1.5,1.5,1.5,1.5,1.5,1.5,1.5,1.5,1.5,1.5,1.5,1.5,1.5,1.5,0.0,0.0,0.0,0.0,0.0,0.0,0.0,0.0,0.0,0.0,0.0,0.0,0.0,0.0,0.0,0.0,0.0,0.0,0.0,0.0,0.0,0.0,0.0,0.0,0.0,0.0,0.0,0.0,0.0
-0.1,0.0,0.0,0.3,-0.2,0.0,-0.1,0.0,0.0,0.3,-0.2,0.0,0.0,0.0,0.0,-0.16013433934543148,0.2062338417629986,-0.03263060781962881,-0.5608397168423787,-1.347884503792767,0.40770538668376516,-0.16300522594461123,-0.32831473087165597,-0.16619785730903566,-0.14561075097654472,-0.34705860926037696,1.97202,1.1044959178029965,-0.4731438873121354,0.0,0.0,0.0,0.0,0.0,0.0,0.0,0.0,0.0,0.0,0.0,0.0,0.0,0.0,0.0,-0.2461087972442981,0.03977032158820962,-0.7801051502727798,2.908595041313394,-6.834506077560349,-2.528068426966297,-4.999955540627206,1.3517540441651419,0.0011857625334170396,1.8516286127417902,1.4728550119077297,0.0,-6.8460779586964335,8.275621796323215,0.0,0.0,0.0,0.0,0.0,0.0,0.0,0.0,0.0,0.0,0.0,0.0,40.0,40.0,40.0,60.0,60.0,60.0,60.0,60.0,60.0,60.0,60.0,60.0,60.0,60.0,60.0,60.0,60.0,0.0,0.0,0.0,0.0,0.0,0.0,0.0,0.0,0.0,0.0,0.0,0.0,1.0,1.0,1.0,1.5,1.5,1.5,1.5,1.5,1.5,1.5,1.5,1.5,1.5,1.5,1.5,1.5,1.5,0.0,0.0,0.0,0.0,0.0,0.0,0.0,0.0,0.0,0.0,0.0,0.0,0.0,0.0,0.0,0.0,0.0,0.0,0.0,0.0,0.0,0.0,0.0,0.0,0.0,0.0,0.0,0.0,0.0
-0.1,0.0,0.0,0.3,-0.2,0.0,-0.1,0.0,0.0,0.3,-0.2,0.0,0.0,0.0,0.0,-0.17157406324209012,0.2102473047471888,-0.04533219176556313,-0.5009402885185861,-1.5218662494647786,0.3672960211719264,-0.24441233257589087,-0.29448729673507146,-0.16691370388092538,-0.10079462192870836,-0.31670720468875313,1.97202,0.9773983464049405,-0.29537799119145836,0.0,0.0,0.0,0.0,0.0,0.0,0.0,0.0,0.0,0.0,0.0,0.0,0.0,0.0,0.0,-0.47162205652722594,0.1859339750790029,-0.6863638542705891,2.8660412949328804,-9.451404264383518,-1.6038304890597834,-1.2235834817409066,1.7502997493731507,0.4067569688449471,2.980399783309221,2.505517337060273,0.0,-5.537857094981008,8.197294187967758,0.0,0.0,0.0,0.0,0.0,0.0,0.0,0.0,0.0,0.0,0.0,0.0,40.0,40.0,40.0,60.0,60.0,60.0,60.0,60.0,60.0,60.0,60.0,60.0,60.0,60.0,60.0,60.0,60.0,0.0,0.0,0.0,0.0,0.0,0.0,0.0,0.0,0.0,0.0,0.0,0.0,1.0,1.0,1.0,1.5,1.5,1.5,1.5,1.5,1.5,1.5,1.5,1.5,1.5,1.5,1.5,1.5,1.5,0.0,0.0,0.0,0.0,0.0,0.0,0.0,0.0,0.0,0.0,0.0,0.0,0.0,0.0,0.0,0.0,0.0,0.0,0.0,0.0,0.0,0.0,0.0,0.0,0.0,0.0,0.0,0.0,0.0
-0.1,0.0,0.0,0.3,-0.2,0.0,-0.1,0.0,0.0,0.3,-0.2,0.0,0.0,0.0,0.0,-0.17899922160652051,0.21367120076615873,-0.06008516199045237,-0.44619806504506343,-1.7259406743681076,0.3435521671213738,-0.2119485652142475,-0.25830274089672994,-0.14992757855523778,-0.02639475964417588,-0.24683791577796604,1.97202,0.8829816340037562,-0.14525211979342512,0.0,0.0,0.0,0.0,0.0,0.0,0.0,0.0,0.0,0.0,0.0,0.0,0.0,0.0,0.0,-0.25721361019705247,0.06352132363126595,-0.8475875331045044,2.0739779654321944,-9.091368888867557,-1.6298851700612362,0.962605113993549,1.8308263066311115,1.1023345045742854,3.374852958072265,3.1074721029776553,0.0,-4.322454881394477,6.195490729835877,0.0,0.0,0.0,0.0,0.0,0.0,0.0,0.0,0.0,0.0,0.0,0.0,40.0,40.0,40.0,60.0,60.0,60.0,60.0,60.0,60.0,60.0,60.0,60.0,60.0,60.0,60.0,60.0,60.0,0.0,0.0,0.0,0.0,0.0,0.0,0.0,0.0,0.0,0.0,0.0,0.0,1.0,1.0,1.0,1.5,1.5,1.5,1.5,1.5,1.5,1.5,1.5,1.5,1.5,1.5,1.5,1.5,1.5,0.0,0.0,0.0,0.0,0.0,0.0,0.0,0.0,0.0,0.0,0.0,0.0,0.0,0.0,0.0,0.0,0.0,0.0,0.0,0.0,0.0,0.0,0.0,0.0,0.0,0.0,0.0,0.0,0.0
-0.1,0.0,0.0,0.3,-0.2,0.0,-0.1,0.0,0.0,0.3,-0.2,0.0,0.0,0.0,0.0,-0.18186260764997222,0.21278815769243944,-0.0792356930897433,-0.4179811699012983,-1.8855210050194808,0.30210061436947694,-0.2059081280161489,-0.221254244469827,-0.12282032369795397,0.03419949639418224,-0.1924083205696469,1.97202,0.8045001511491614,-0.0475583619980233,0.0,0.0,0.0,0.0,0.0,0.0,0.0,0.0,0.0,0.0,0.0,0.0,0.0,0.0,0.0,-0.060588874024260914,-0.023580277320651294,-1.314128384763261,0.8715166636326072,-6.151983140797312,-3.431401584437028,0.6010165785572549,1.276663433191342,0.8836363048681919,2.3614253295439465,1.5330188479511904,0.0,-5.059794797481287,5.232966653676202,0.0,0.0,0.0,0.0,0.0,0.0,0.0,0.0,0.0,0.0,0.0,0.0,40.0,40.0,40.0,60.0,60.0,60.0,60.0,60.0,60.0,60.0,60.0,60.0,60.0,60.0,60.0,60.0,60.0,0.0,0.0,0.0,0.0,0.0,0.0,0.0,0.0,0.0,0.0,0.0,0.0,1.0,1.0,1.0,1.5,1.5,1.5,1.5,1.5,1.5,1.5,1.5,1.5,1.5,1.5,1.5,1.5,1.5,0.0,0.0,0.0,0.0,0.0,0.0,0.0,0.0,0.0,0.0,0.0,0.0,0.0,0.0,0.0,0.0,0.0,0.0,0.0,0.0,0.0,0.0,0.0,0.0,0.0,0.0,0.0,0.0,0.0
-0.1,0.0,0.0,0.3,-0.2,0.0,-0.1,0.0,0.0,0.3,-0.2,0.0,0.0,0.0,0.0,-0.18142277656749095,0.21272798967333267,-0.11265029738098281,-0.41133739849975914,-1.97202,0.2062961037438927,-0.1879079020719573,-0.20723620356907627,-0.1145821263605101,0.06806225353758198,-0.18551716185991843,1.97202,0.6805898421045047,0.06406654635362297,0.0,0.0,0.0,0.0,0.0,0.0,0.0,0.0,0.0,0.0,0.0,0.0,0.0,0.0,0.0,-0.1326437891001897,-0.05006337658928148,-1.9257217804318607,0.2858238161057666,-2.1624748745129816,-4.740203035706511,1.3195811059437186,0.43218547168753435,0.2532884274455034,1.8985721134149154,-0.6147308628004715,0.0,-5.886304283989996,5.445139180881271,0.0,0.0,0.0,0.0,0.0,0.0,0.0,0.0,0.0,0.0,0.0,0.0,40.0,40.0,40.0,60.0,60.0,60.0,60.0,60.0,60.0,60.0,60.0,60.0,60.0,60.0,60.0,60.0,60.0,0.0,0.0,0.0,0.0,0.0,0.0,0.0,0.0,0.0,0.0,0.0,0.0,1.0,1.0,1.0,1.5,1.5,1.5,1.5,1.5,1.5,1.5,1.5,1.5,1.5,1.5,1.5,1.5,1.5,0.0,0.0,0.0,0.0,0.0,0.0,0.0,0.0,0.0,0.0,0.0,0.0,0.0,0.0,0.0,0.0,0.0,0.0,0.0,0.0,0.0,0.0,0.0,0.0,0.0,0.0,0.0,0.0,0.0
-0.1,0.0,0.0,0.3,-0.2,0.0,-0.1,0.0,0.0,0.3,-0.2,0.0,0.0,0.0,0.0,-0.1871683592139798,0.21078562262886819,-0.15626456430701774,-0.40654821725706763,-1.97202,0.11249249294121648,-0.15312488377840017,-0.20396682560232562,-0.11268878660013383,0.11014238093077885,-0.21699755508166577,1.97202,0.5690479797895616,0.17024720523722756,0.0,0.0,0.0,0.0,0.0,0.0,0.0,0.0,0.0,0.0,0.0,0.0,0.0,0.0,0.0,-0.3808562105130045,-0.211993170534458,-2.106694312474449,-0.03944244073982445,0.0,-5.0170583574813135,1.6303084322270331,0.1091356258052456,0.054919228261788786,2.4679368578441423,-1.5959556302332782,0.0,-6.077635591779715,4.835858726789333,0.0,0.0,0.0,0.0,0.0,0.0,0.0,0.0,0.0,0.0,0.0,0.0,40.0,40.0,40.0,60.0,60.0,60.0,60.0,60.0,60.0,60.0,60.0,60.0,60.0,60.0,60.0,60.0,60.0,0.0,0.0,0.0,0.0,0.0,0.0,0.0,0.0,0.0,0.0,0.0,0.0,1.0,1.0,1.0,1.5,1.5,1.5,1.5,1.5,1.5,1.5,1.5,1.5,1.5,1.5,1.5,1.5,1.5,0.0,0.0,0.0,0.0,0.0,0.0,0.0,0.0,0.0,0.0,0.0,0.0,0.0,0.0,0.0,0.0,0.0,0.0,0.0,0.0,0.0,0.0,0.0,0.0,0.0,0.0,0.0,0.0,0.0
-0.1,0.0,0.0,0.3,-0.2,0.0,-0.1,0.0,0.0,0.3,-0.2,0.0,0.0,0.0,0.0,-0.19665702498801113,0.20424826285195435,-0.19691806987996077,-0.4129150961293521,-1.97202,0.005613769444640156,-0.12269556478287597,-0.20287077853686644,-0.11238535723003855,0.16677972785134768,-0.24935538706924956,1.97202,0.4374844184333161,0.2575008954251963,0.0,0.0,0.0,0.0,0.0,0.0,0.0,0.0,0.0,0.0,0.0,0.0,0.0,0.0,0.0,-0.25557029664451597,0.012523062552349112,-1.6542532120970517,-0.9342739363615445,0.0,-5.036086816493132,0.12389204714154667,0.42805795171620836,-0.16222104091177975,2.3371926334900546,-0.33779813605476633,0.0,-3.9281044795090825,4.742416645591792,0.0,0.0,0.0,0.0,0.0,0.0,0.0,0.0,0.0,0.0,0.0,0.0,40.0,40.0,40.0,60.0,60.0,60.0,60.0,60.0,60.0,60.0,60.0,60.0,60.0,60.0,60.0,60.0,60.0,0.0,0.0,0.0,0.0,0.0,0.0,0.0,0.0,0.0,0.0,0.0,0.0,1.0,1.0,1.0,1.5,1.5,1.5,1.5,1.5,1.5,1.5,1.5,1.5,1.5,1.5,1.5,1.5,1.5,0.0,0.0,0.0,0.0,0.0,0.0,0.0,0.0,0.0,0.0,0.0,0.0,0.0,0.0,0.0,0.0,0.0,0.0,0.0,0.0,0.0,0.0,0.0,0.0,0.0,0.0,0.0,0.0,0.0
-0.1,0.0,0.0,0.3,-0.2,0.0,-0.1,0.0,0.0,0.3,-0.2,0.0,0.0,0.0,0.0,-0.19739117107976045,0.21128654513096215,-0.2224346927908998,-0.4439191747115294,-1.97202,-0.08895097971850882,-0.1481692018927383,-0.1868445075336773,-0.11917762823660502,0.20363008627038104,-0.23050948052385642,1.97202,0.41192380060919825,0.35994387106089926,0.0,0.0,0.0,0.0,0.0,0.0,0.0,0.0,0.0,0.0,0.0,0.0,0.0,0.0,0.0,-0.21024055228272692,0.1706900718698709,-1.5620036288320531,-1.3600212394997813,0.0,-4.74838902315146,-1.0781213701890489,0.5551298987042131,-0.010930259407269938,1.3731804829427638,1.1453109053224468,0.0,-0.6420590318065008,4.343685773922419,0.0,0.0,0.0,0.0,0.0,0.0,0.0,0.0,0.0,0.0,0.0,0.0,40.0,40.0,40.0,60.0,60.0,60.0,60.0,60.0,60.0,60.0,60.0,60.0,60.0,60.0,60.0,60.0,60.0,0.0,0.0,0.0,0.0,0.0,0.0,0.0,0.0,0.0,0.0,0.0,0.0,1.0,1.0,1.0,1.5,1.5,1.5,1.5,1.5,1.5,1.5,1.5,1.5,1.5,1.5,1.5,1.5,1.5,0.0,0.0,0.0,0.0,0.0,0.0,0.0,0.0,0.0,0.0,0.0,0.0,0.0,0.0,0.0,0.0,0.0,0.0,0.0,0.0,0.0,0.0,0.0,0.0,0.0,0.0,0.0,0.0,0.0
-0.1,0.0,0.0,0.3,-0.2,0.0,-0.1,0.0,0.0,0.3,-0.2,0.0,0.0,0.0,0.0,-0.2050666470793202,0.2110758657267492,-0.2593982150332429,-0.46731594570934337,-1.97202,-0.18432179148141825,-0.16582041959043792,-0.18066558258869791,-0.11282256760632935,0.22170694716905823,-0.20354295085635168,1.97202,0.41180205716105606,0.43124832638209304,0.0,0.0,0.0,0.0,0.0,0.0,0.0,0.0,0.0,0.0,0.0,0.0,0.0,0.0,0.0,-0.19179833750848294,0.02272459433602103,-1.7038008948038592,-0.9544542165834515,0.0,-4.046549319325289,-1.0811112907036575,0.16783593982842362,0.34094904025762757,0.52302177634828,1.2902138392979885,0.0,0.4168576443006014,3.022306613382722,0.0,0.0,0.0,0.0,0.0,0.0,0.0,0.0,0.0,0.0,0.0,0.0,40.0,40.0,40.0,60.0,60.0,60.0,60.0,60.0,60.0,60.0,60.0,60.0,60.0,60.0,60.0,60.0,60.0,0.0,0.0,0.0,0.0,0.0,0.0,0.0,0.0,0.0,0.0,0.0,0.0,1.0,1.0,1.0,1.5,1.5,1.5,1.5,1.5,1.5,1.5,1.5,1.5,1.5,1.5,1.5,1.5,1.5,0.0,0.0,0.0,0.0,0.0,0.0,0.0,0.0,0.0,0.0,0.0,0.0,0.0,0.0,0.0,0.0,0.0,0.0,0.0,0.0,0.0,0.0,0.0,0.0,0.0,0.0,0.0,0.0,0.0
-0.1,0.0,0.0,0.3,-0.2,0.0,-0.1,0.0,0.0,0.3,-0.2,0.0,0.0,0.0,0.0,-0.20506310458009977,0.212195528904403,-0.2905867285830542,-0.4820973433748675,-1.97202,-0.25081295249152036,-0.1914136535208846,-0.18013106994054034,-0.10553966662629992,0.22455095732431224,-0.17890092695193688,1.97202,0.4285981063812223,0.48083613559620814,0.0,0.0,0.0,0.0,0.0,0.0,0.0,0.0,0.0,0.0,0.0,0.0,0.0,0.0,0.0,-0.11659176331803023,0.14378499349373616,-1.3714080423870358,-0.7347385997134304,0.0,-3.7717971585989662,-0.9220259002164846,-0.09985968044617863,0.1619458686884359,-0.3779141477953815,0.9243888441938741,0.0,0.28955415067161844,1.0280603448823658,0.0,0.0,0.0,0.0,0.0,0.0,0.0,0.0,0.0,0.0,0.0,0.0,40.0,40.0,40.0,60.0,60.0,60.0,60.0,60.0,60.0,60.0,60.0,60.0,60.0,60.0,60.0,60.0,60.0,0.0,0.0,0.0,0.0,0.0,0.0,0.0,0.0,0.0,0.0,0.0,0.0,1.0,1.0,1.0,1.5,1.5,1.5,1.5,1.5,1.5,1.5,1.5,1.5,1.5,1.5,1.5,1.5,1.5,0.0,0.0,0.0,0.0,0.0,0.0,0.0,0.0,0.0,0.0,0.0,0.0,0.0,0.0,0.0,0.0,0.0,0.0,0.0,0.0,0.0,0.0,0.0,0.0,0.0,0.0,0.0,0.0,0.0
-0.1,0.0,0.0,0.3,-0.2,0.0,-0.1,0.0,0.0,0.3,-0.2,0.0,0.0,0.0,0.0,-0.20973031761204142,0.21682726546649864,-0.31425453672872433,-0.4967054896978806,-1.97202,-0.3351936778253769,-0.2027014555990973,-0.18465996980654506,-0.10634473285879191,0.20659038125724297,-0.16656739708859672,1.97202,0.4233842231879208,0.47237074017738767,0.0,0.0,0.0,0.0,0.0,0.0,0.0,0.0,0.0,0.0,0.0,0.0,0.0,0.0,0.0,-0.3087768730970157,0.17529030734561232,-1.3018703570743806,-0.798585240786985,0.0,-4.139393486095551,-0.3270699762547666,-0.0992586664955053,-0.05371060438882566,-0.6981722556250708,0.17917259740541785,0.0,-0.3841049423432691,-0.9788266074013826,0.0,0.0,0.0,0.0,0.0,0.0,0.0,0.0,0.0,0.0,0.0,0.0,40.0,40.0,40.0,60.0,60.0,60.0,60.0,60.0,60.0,60.0,60.0,60.0,60.0,60.0,60.0,60.0,60.0,0.0,0.0,0.0,0.0,0.0,0.0,0.0,0.0,0.0,0.0,0.0,0.0,1.0,1.0,1.0,1.5,1.5,1.5,1.5,1.5,1.5,1.5,1.5,1.5,1.5,1.5,1.5,1.5,1.5,0.0,0.0,0.0,0.0,0.0,0.0,0.0,0.0,0.0,0.0,0.0,0.0,0.0,0.0,0.0,0.0,0.0,0.0,0.0,0.0,0.0,0.0,0.0,0.0,0.0,0.0,0.0,0.0,0.0
-0.1,0.0,0.0,0.3,-0.2,0.0,-0.1,0.0,0.0,0.3,-0.2,0.0,0.0,0.0,0.0,-0.2174141795039804,0.21920714119822748,-0.3426615428660294,-0.5140407530063469,-1.97202,-0.4163886919353424,-0.20449645257107527,-0.18410141660036056,-0.10768809080185295,0.1966240670993094,-0.17173402305572016,1.97202,0.41323390868749155,0.44168307130015283,0.0,0.0,0.0,0.0,0.0,0.0,0.0,0.0,0.0,0.0,0.0,0.0,0.0,0.0,0.0,-0.329922721727776,0.17522208737114908,-1.238289064479088,-0.9278633654363391,0.0,-3.6267698934882797,-0.9149680125270392,0.2046562475064649,-0.09493299044575597,-0.2678837582311126,-0.3229952719273982,0.0,-0.9139728056382496,-1.210285490950136,0.0,0.0,0.0,0.0,0.0,0.0,0.0,0.0,0.0,0.0,0.0,0.0,40.0,40.0,40.0,60.0,60.0,60.0,60.0,60.0,60.0,60.0,60.0,60.0,60.0,60.0,60.0,60.0,60.0,0.0,0.0,0.0,0.0,0.0,0.0,0.0,0.0,0.0,0.0,0.0,0.0,1.0,1.0,1.0,1.5,1.5,1.5,1.5,1.5,1.5,1.5,1.5,1.5,1.5,1.5,1.5,1.5,1.5,0.0,0.0,0.0,0.0,0.0,0.0,0.0,0.0,0.0,0.0,0.0,0.0,0.0,0.0,0.0,0.0,0.0,0.0,0.0,0.0,0.0,0.0,0.0,0.0,0.0,0.0,0.0,0.0,0.0
-0.1,0.0,0.0,0.3,-0.2,0.0,-0.1,0.0,0.0,0.3,-0.2,0.0,0.0,0.0,0.0,-0.22292722648115246,0.2238361489613446,-0.36378609930788786,-0.5338200243153342,-1.97202,-0.4802644735649081,-0.23930017610017887,-0.17647371990628646,-0.11014205247662215,0.19587503092799846,-0.17948720796569265,1.97202,0.3868253109623908,0.42395932053938223,0.0,0.0,0.0,0.0,0.0,0.0,0.0,0.0,0.0,0.0,0.0,0.0,0.0,0.0,0.0,-0.29004190454304035,-0.2157422690705374,-1.4635885589552242,-0.2638281940685411,0.0,-2.0674523844481403,0.4059864788690262,0.001965699300929269,0.44579575597611837,0.6844878980283082,-0.6572625927265686,0.0,-0.840287798364775,-0.7228415537080021,0.0,0.0,0.0,0.0,0.0,0.0,0.0,0.0,0.0,0.0,0.0,0.0,40.0,40.0,40.0,60.0,60.0,60.0,60.0,60.0,60.0,60.0,60.0,60.0,60.0,60.0,60.0,60.0,60.0,0.0,0.0,0.0,0.0,0.0,0.0,0.0,0.0,0.0,0.0,0.0,0.0,1.0,1.0,1.0,1.5,1.5,1.5,1.5,1.5,1.5,1.5,1.5,1.5,1.5,1.5,1.5,1.5,1.5,0.0,0.0,0.0,0.0,0.0,0.0,0.0,0.0,0.0,0.0,0.0,0.0,0.0,0.0,0.0,0.0,0.0,0.0,0.0,0.0,0.0,0.0,0.0,0.0,0.0,0.0,0.0,0.0,0.0
-0.1,0.0,0.0,0.3,-0.2,0.0,-0.1,0.0,0.0,0.3,-0.2,0.0,0.0,0.0,0.0,-0.229015855685702,0.210577450435406,-0.40120508522423837,-0.5245938807690885,-1.97202,-0.499086787313268,-0.18825699341631422,-0.18402278862832339,-0.08985626056280821,0.22400358302044174,-0.1980245267647829,1.97202,0.37962239675290055,0.41276940915183274,0.0,0.0,0.0,0.0,0.0,0.0,0.0,0.0,0.0,0.0,0.0,0.0,0.0,0.0,0.0,-0.059623689132980856,0.23034377475898357,-0.4502121929375519,-1.2250155810471812,0.0,-2.435632831018547,-2.2504273658745597,0.23460725580584166,-0.08661842640804579,0.3232022360757855,-0.10618854156005733,0.0,-2.7955240768132437,-0.32712481223338974,0.0,0.0,0.0,0.0,0.0,0.0,0.0,0.0,0.0,0.0,0.0,0.0,40.0,40.0,40.0,60.0,60.0,60.0,60.0,60.0,60.0,60.0,60.0,60.0,60.0,60.0,60.0,60.0,60.0,0.0,0.0,0.0,0.0,0.0,0.0,0.0,0.0,0.0,0.0,0.0,0.0,1.0,1.0,1.0,1.5,1.5,1.5,1.5,1.5,1.5,1.5,1.5,1.5,1.5,1.5,1.5,1.5,1.5,0.0,0.0,0.0,0.0,0.0,0.0,0.0,0.0,0.0,0.0,0.0,0.0,0.0,0.0,0.0,0.0,0.0,0.0,0.0,0.0,0.0,0.0,0.0,0.0,0.0,0.0,0.0,0.0,0.0
-0.1,0.0,0.0,0.3,-0.2,0.0,-0.1,0.0,0.0,0.3,-0.2,0.0,0.0,0.0,0.0,-0.2253121740464717,0.23304989995170394,-0.38179458702538993,-0.5828206475572214,-1.97202,-0.57768978680565,-0.32931727073516126,-0.1670894296740528,-0.11360678953294398,0.20880312037102988,-0.18373474962809494,1.97202,0.27500434788986106,0.41087432805004664,0.0,0.0,0.0,0.0,0.0,0.0,0.0,0.0,0.0,0.0,0.0,0.0,0.0,0.0,0.0,0.05475528214809247,0.7327373101422465,-0.29428904247043725,-1.5582903385117197,0.0,-3.4212266413944854,-5.062444408280247,0.4443378893821265,-0.41940371593072284,0.9278079448759545,-0.4274903703890116,0.0,-6.036741794556305,1.0812707362319998,0.0,0.0,0.0,0.0,0.0,0.0,0.0,0.0,0.0,0.0,0.0,0.0,40.0,40.0,40.0,60.0,60.0,60.0,60.0,60.0,60.0,60.0,60.0,60.0,60.0,60.0,60.0,60.0,60.0,0.0,0.0,0.0,0.0,0.0,0.0,0.0,0.0,0.0,0.0,0.0,0.0,1.0,1.0,1.0,1.5,1.5,1.5,1.5,1.5,1.5,1.5,1.5,1.5,1.5,1.5,1.5,1.5,1.5,0.0,0.0,0.0,0.0,0.0,0.0,0.0,0.0,0.0,0.0,0.0,0.0,0.0,0.0,0.0,0.0,0.0,0.0,0.0,0.0,0.0,0.0,0.0,0.0,0.0,0.0,0.0,0.0,0.0
-0.1,0.0,0.0,0.3,-0.2,0.0,-0.1,0.0,0.0,0.3,-0.2,0.0,0.0,0.0,0.0,-0.22682564439977831,0.23988694284109585,-0.41297664692305586,-0.5869254943095573,-1.97202,-0.6359358529690474,-0.3907547697475241,-0.16624927305303833,-0.10663240920003712,0.2611159008154799,-0.21512414158034338,1.97202,0.13815272497064834,0.45602023860111274,0.0,0.0,0.0,0.0,0.0,0.0,0.0,0.0,0.0,0.0,0.0,0.0,0.0,0.0,0.0,0.757088227753485,0.26778992627792053,-1.892230382111225,-1.0380127398331218,0.0,-0.6128201079598161,-4.7989651774310556,-1.583025916697499,-0.035788700230421355,2.462874728483311,-2.570013114860291,0.0,-10.032645223371183,-3.976777940956365,0.0,0.0,0.0,0.0,0.0,0.0,0.0,0.0,0.0,0.0,0.0,0.0,40.0,40.0,40.0,60.0,60.0,60.0,60.0,60.0,60.0,60.0,60.0,60.0,60.0,60.0,60.0,60.0,60.0,0.0,0.0,0.0,0.0,0.0,0.0,0.0,0.0,0.0,0.0,0.0,0.0,1.0,1.0,1.0,1.5,1.5,1.5,1.5,1.5,1.5,1.5,1.5,1.5,1.5,1.5,1.5,1.5,1.5,0.0,0.0,0.0,0.0,0.0,0.0,0.0,0.0,0.0,0.0,0.0,0.0,0.0,0.0,0.0,0.0,0.0,0.0,0.0,0.0,0.0,0.0,0.0,0.0,0.0,0.0,0.0,0.0,0.0
-0.1,0.0,0.0,0.3,-0.2,0.0,-0.1,0.0,0.0,0.3,-0.2,0.0,0.0,0.0,0.0,-0.1950286449363323,0.24376149700282077,-0.4574838023098389,-0.6243411571505463,-1.97202,-0.6022025911240426,-0.5212758778324035,-0.23041046634195275,-0.11503833754216083,0.3073181095103623,-0.2865352742225066,1.97202,-0.12630146104498632,0.25180321041179204,0.0,0.0,0.0,0.0,0.0,0.0,0.0,0.0,0.0,0.0,0.0,0.0,0.0,0.0,0.0,1.490193593316664,0.07945316017442458,-1.5601811059161432,0.42190456247422903,0.0,4.937334492177389,-4.560732727256242,-2.5952970445383543,-0.10726673233621628,3.2373086185070608,-5.1801867889446225,0.0,-12.070135729467362,-10.316802236898056,0.0,0.0,0.0,0.0,0.0,0.0,0.0,0.0,0.0,0.0,0.0,0.0,40.0,40.0,40.0,60.0,60.0,60.0,60.0,60.0,60.0,60.0,60.0,60.0,60.0,60.0,60.0,60.0,60.0,0.0,0.0,0.0,0.0,0.0,0.0,0.0,0.0,0.0,0.0,0.0,0.0,1.0,1.0,1.0,1.5,1.5,1.5,1.5,1.5,1.5,1.5,1.5,1.5,1.5,1.5,1.5,1.5,1.5,0.0,0.0,0.0,0.0,0.0,0.0,0.0,0.0,0.0,0.0,0.0,0.0,0.0,0.0,0.0,0.0,0.0,0.0,0.0,0.0,0.0,0.0,0.0,0.0,0.0,0.0,0.0,0.0,0.0
-0.1,0.0,0.0,0.3,-0.2,0.0,-0.1,0.0,0.0,0.3,-0.2,0.0,0.0,0.0,0.0,-0.16721790066711176,0.24306506924807283,-0.4753838911597016,-0.5700493118105882,-1.97202,-0.43844247328195185,-0.5731840788377738,-0.2700611548345725,-0.11092307849348577,0.39060824555576235,-0.4223316131381283,1.97202,-0.34465270420804617,0.043348149125190444,0.0,0.0,0.0,0.0,0.0,0.0,0.0,0.0,0.0,0.0,0.0,0.0,0.0,0.0,0.0,1.0958947045394636,-0.21667927330422665,0.7937517452003134,2.394649035365931,0.0,7.45144212880498,-1.0526050527447621,-1.5348068404056856,-0.4856974641727102,3.635181494106342,-5.214460756715081,0.0,-8.894612158923396,-7.156874684854884,0.0,0.0,0.0,0.0,0.0,0.0,0.0,0.0,0.0,0.0,0.0,0.0,40.0,40.0,40.0,60.0,60.0,60.0,60.0,60.0,60.0,60.0,60.0,60.0,60.0,60.0,60.0,60.0,60.0,0.0,0.0,0.0,0.0,0.0,0.0,0.0,0.0,0.0,0.0,0.0,0.0,1.0,1.0,1.0,1.5,1.5,1.5,1.5,1.5,1.5,1.5,1.5,1.5,1.5,1.5,1.5,1.5,1.5,0.0,0.0,0.0,0.0,0.0,0.0,0.0,0.0,0.0,0.0,0.0,0.0,0.0,0.0,0.0,0.0,0.0,0.0,0.0,0.0,0.0,0.0,0.0,0.0,0.0,0.0,0.0,0.0,0.0
-0.1,0.0,0.0,0.3,-0.2,0.0,-0.1,0.0,0.0,0.3,-0.2,0.0,0.0,0.0,0.0,-0.15119285675475375,0.2350943260706517,-0.4257337325018264,-0.528555195735909,-1.97202,-0.3041449059718434,-0.563380079942194,-0.2918027399581802,-0.13446623610906924,0.452725369274616,-0.4951137044911098,1.97202,-0.4820859474019221,-0.03447177698240332,0.0,0.0,0.0,0.0,0.0,0.0,0.0,0.0,0.0,0.0,0.0,0.0,0.0,0.0,0.0,1.3131641812980883,-0.37695160192484156,2.149448438561746,1.6495252344242954,0.0,6.00987015420264,1.010478131766032,-1.716627273104221,-1.00897858654307,2.825653829292665,-2.396028588743773,0.0,-6.819950215618442,-1.7016568071018456,0.0,0.0,0.0,0.0,0.0,0.0,0.0,0.0,0.0,0.0,0.0,0.0,40.0,40.0,40.0,60.0,60.0,60.0,60.0,60.0,60.0,60.0,60.0,60.0,60.0,60.0,60.0,60.0,60.0,0.0,0.0,0.0,0.0,0.0,0.0,0.0,0.0,0.0,0.0,0.0,0.0,1.0,1.0,1.0,1.5,1.5,1.5,1.5,1.5,1.5,1.5,1.5,1.5,1.5,1.5,1.5,1.5,1.5,0.0,0.0,0.0,0.0,0.0,0.0,0.0,0.0,0.0,0.0,0.0,0.0,0.0,0.0,0.0,0.0,0.0,0.0,0.0,0.0,0.0,0.0,0.0,0.0,0.0,0.0,0.0,0.0,0.0
-0.1,0.0,0.0,0.3,-0.2,0.0,-0.1,0.0,0.0,0.3,-0.2,0.0,0.0,0.0,0.0,-0.11469133341518822,0.22798700517107917,-0.38940595361723174,-0.5040683024336163,-1.97202,-0.19804766711384625,-0.5327649535671325,-0.33872624575874133,-0.15128222195520857,0.503634398727469,-0.5181727566878792,1.97202,-0.6174507128327839,-0.02471812315888338,0.0,0.0,0.0,0.0,0.0,0.0,0.0,0.0,0.0,0.0,0.0,0.0,0.0,0.0,0.0,0.8035624186971686,-0.28765561509450643,2.14447299946018,1.0981440370702726,0.0,4.542846737256764,1.1401662090853693,-1.0509541811417111,-1.078845706025037,2.020433105436896,-0.6594002104014118,0.0,-3.854626270594158,0.1286096471983647,0.0,0.0,0.0,0.0,0.0,0.0,0.0,0.0,0.0,0.0,0.0,0.0,40.0,40.0,40.0,60.0,60.0,60.0,60.0,60.0,60.0,60.0,60.0,60.0,60.0,60.0,60.0,60.0,60.0,0.0,0.0,0.0,0.0,0.0,0.0,0.0,0.0,0.0,0.0,0.0,0.0,1.0,1.0,1.0,1.5,1.5,1.5,1.5,1.5,1.5,1.5,1.5,1.5,1.5,1.5,1.5,1.5,1.5,0.0,0.0,0.0,0.0,0.0,0.0,0.0,0.0,0.0,0.0,0.0,0.0,0.0,0.0,0.0,0.0,0.0,0.0,0.0,0.0,0.0,0.0,0.0,0.0,0.0,0.0,0.0,0.0,0.0
-0.1,0.0,0.0,0.3,-0.2,0.0,-0.1,0.0,0.0,0.3,-0.2,0.0,0.0,0.0,0.0,-0.119050360006867,0.22358810146687144,-0.3399548125234192,-0.4846294342530981,-1.97202,-0.12243103648157283,-0.5177734315787792,-0.3338409072038486,-0.17762006435007072,0.5335426934920918,-0.5214897129071663,1.97202,-0.6362709982256884,-0.029327391094468733,0.0,0.0,0.0,0.0,0.0,0.0,0.0,0.0,0.0,0.0,0.0,0.0,0.0,0.0,0.0,0.4176216096732802,-0.12323818158233371,1.5132253530029893,0.7252984486620719,0.0,1.7676707805931946,1.537532789356437,-0.34943612262020585,-0.3250790330751527,0.7417292573442286,-0.5638920166641165,0.0,-1.4243515785698713,0.1505690678452268,0.0,0.0,0.0,0.0,0.0,0.0,0.0,0.0,0.0,0.0,0.0,0.0,40.0,40.0,40.0,60.0,60.0,60.0,60.0,60.0,60.0,60.0,60.0,60.0,60.0,60.0,60.0,60.0,60.0,0.0,0.0,0.0,0.0,0.0,0.0,0.0,0.0,0.0,0.0,0.0,0.0,1.0,1.0,1.0,1.5,1.5,1.5,1.5,1.5,1.5,1.5,1.5,1.5,1.5,1.5,1.5,1.5,1.5,0.0,0.0,0.0,0.0,0.0,0.0,0.0,0.0,0.0,0.0,0.0,0.0,0.0,0.0,0.0,0.0,0.0,0.0,0.0,0.0,0.0,0.0,0.0,0.0,0.0,0.0,0.0,0.0,0.0
-0.1,0.0,0.0,0.3,-0.2,0.0,-0.1,0.0,0.0,0.3,-0.2,0.0,0.0,0.0,0.0,-0.09798646902825701,0.22305747790778582,-0.32887693949711216,-0.47505636448713345,-1.97202,-0.12734083589011846,-0.471263641992875,-0.35270369066354956,-0.16428538327821468,0.5333035690212381,-0.5407284373544439,1.97202,-0.6744247759755787,-0.01869536044507431,0.0,0.0,0.0,0.0,0.0,0.0,0.0,0.0,0.0,0.0,0.0,0.0,0.0,0.0,0.0,0.5886948807731662,0.011987679771768844,0.3720437502887419,0.10294892660229482,0.0,0.5030186193837854,1.4289767183593192,-0.5707890387792249,0.3624923776434467,0.3961219086125761,-0.8085184228387915,0.0,-2.0310448063116686,-0.254070020710408,0.0,0.0,0.0,0.0,0.0,0.0,0.0,0.0,0.0,0.0,0.0,0.0,40.0,40.0,40.0,60.0,60.0,60.0,60.0,60.0,60.0,60.0,60.0,60.0,60.0,60.0,60.0,60.0,60.0,0.0,0.0,0.0,0.0,0.0,0.0,0.0,0.0,0.0,0.0,0.0,0.0,1.0,1.0,1.0,1.5,1.5,1.5,1.5,1.5,1.5,1.5,1.5,1.5,1.5,1.5,1.5,1.5,1.5,0.0,0.0,0.0,0.0,0.0,0.0,0.0,0.0,0.0,0.0,0.0,0.0,0.0,0.0,0.0,0.0,0.0,0.0,0.0,0.0,0.0,0.0,0.0,0.0,0.0,0.0,0.0,0.0,0.0
-0.1,0.0,0.0,0.3,-0.2,0.0,-0.1,0.0,0.0,0.3,-0.2,0.0,0.0,0.0,0.0,-0.09550256477594035,0.2240676086577422,-0.3250730625118695,-0.48051147718900633,-1.97202,-0.10231029170622141,-0.46061436284440643,-0.3566724687550176,-0.16312036924433285,0.5493875698365949,-0.5538304498207179,1.97202,-0.7175127904781552,-0.039490191922885054,0.0,0.0,0.0,0.0,0.0,0.0,0.0,0.0,0.0,0.0,0.0,0.0,0.0,0.0,0.0,-0.39748801550070106,-0.03991625824990158,0.3479366018346919,-0.19905644097414077,0.0,0.629991158652985,0.639891860044628,0.10046069425000553,0.16711927128704035,1.0296458534840873,-1.3417696861065336,0.0,-2.1205938757819203,-1.6484775892803032,0.0,0.0,0.0,0.0,0.0,0.0,0.0,0.0,0.0,0.0,0.0,0.0,40.0,40.0,40.0,60.0,60.0,60.0,60.0,60.0,60.0,60.0,60.0,60.0,60.0,60.0,60.0,60.0,60.0,0.0,0.0,0.0,0.0,0.0,0.0,0.0,0.0,0.0,0.0,0.0,0.0,1.0,1.0,1.0,1.5,1.5,1.5,1.5,1.5,1.5,1.5,1.5,1.5,1.5,1.5,1.5,1.5,1.5,0.0,0.0,0.0,0.0,0.0,0.0,0.0,0.0,0.0,0.0,0.0,0.0,0.0,0.0,0.0,0.0,0.0,0.0,0.0,0.0,0.0,0.0,0.0,0.0,0.0,0.0,0.0,0.0,0.0
-0.1,0.0,0.0,0.3,-0.2,0.0,-0.1,0.0,0.0,0.3,-0.2,0.0,0.0,0.0,0.0,-0.11388598964828506,0.22146082757778976,-0.3149594754237245,-0.4830186221260991,-1.97202,-0.10214118954399906,-0.4456679675910899,-0.34868526289354934,-0.15760061242673307,0.5744894031606016,-0.5943992247987052,1.97202,-0.7592485310068555,-0.08463446401628644,0.0,0.0,0.0,0.0,0.0,0.0,0.0,0.0,0.0,0.0,0.0,0.0,0.0,0.0,0.0,-0.011904304365967927,0.0036968029269723868,0.2670852399393783,-0.16237315750802367,0.0,0.2370510686924586,1.2088701404692008,-0.2181022890831441,0.1948846043391822,1.0846214247447306,-1.2904983567371158,0.0,-2.614729744733446,-1.043992160099054,0.0,0.0,0.0,0.0,0.0,0.0,0.0,0.0,0.0,0.0,0.0,0.0,40.0,40.0,40.0,60.0,60.0,60.0,60.0,60.0,60.0,60.0,60.0,60.0,60.0,60.0,60.0,60.0,60.0,0.0,0.0,0.0,0.0,0.0,0.0,0.0,0.0,0.0,0.0,0.0,0.0,1.0,1.0,1.0,1.5,1.5,1.5,1.5,1.5,1.5,1.5,1.5,1.5,1.5,1.5,1.5,1.5,1.5,0.0,0.0,0.0,0.0,0.0,0.0,0.0,0.0,0.0,0.0,0.0,0.0,0.0,0.0,0.0,0.0,0.0,0.0,0.0,0.0,0.0,0.0,0.0,0.0,0.0,0.0,0.0,0.0,0.0
-0.1,0.0,0.0,0.3,-0.2,0.0,-0.1,0.0,0.0,0.3,-0.2,0.0,0.0,0.0,0.0,-0.09597873695057907,0.2242154807748211,-0.3143896529142944,-0.4870064034893273,-1.97202,-0.09282824895852307,-0.4122595572256384,-0.3653965603183434,-0.15532498507076556,0.5927724268263841,-0.6054503840902026,1.97202,-0.822101980267493,-0.08124987832684721,0.0,0.0,0.0,0.0,0.0,0.0,0.0,0.0,0.0,0.0,0.0,0.0,0.0,0.0,0.0,0.2904533923963871,0.056404208380848864,0.18901877692649727,-0.43280797544595767,0.0,-0.13469720902869844,2.669737748317533,-0.4965666795406054,0.1994984753037797,1.2704279498844673,-1.1876794204346368,0.0,-2.2542623669542126,-0.69901770838878,0.0,0.0,0.0,0.0,0.0,0.0,0.0,0.0,0.0,0.0,0.0,0.0,40.0,40.0,40.0,60.0,60.0,60.0,60.0,60.0,60.0,60.0,60.0,60.0,60.0,60.0,60.0,60.0,60.0,0.0,0.0,0.0,0.0,0.0,0.0,0.0,0.0,0.0,0.0,0.0,0.0,1.0,1.0,1.0,1.5,1.5,1.5,1.5,1.5,1.5,1.5,1.5,1.5,1.5,1.5,1.5,1.5,1.5,0.0,0.0,0.0,0.0,0.0,0.0,0.0,0.0,0.0,0.0,0.0,0.0,0.0,0.0,0.0,0.0,0.0,0.0,0.0,0.0,0.0,0.0,0.0,0.0,0.0,0.0,0.0,0.0,0.0
-0.1,0.0,0.0,0.3,-0.2,0.0,-0.1,0.0,0.0,0.3,-0.2,0.0,0.0,0.0,0.0,-0.10226785395242957,0.22371699591302371,-0.3073987243466646,-0.5003309411439374,-1.97202,-0.107529077905147,-0.3388784576583886,-0.36854793007517356,-0.14962067341458188,0.6253065211559803,-0.6419064016160907,1.97202,-0.849419025685024,-0.11259517235183764,0.0,0.0,0.0,0.0,0.0,0.0,0.0,0.0,0.0,0.0,0.0,0.0,0.0,0.0,0.0,-0.13560437134253617,0.07466012396347838,0.045154694072535584,-0.7946409961743408,0.0,-1.1807924886915886,3.3793179347437197,-0.23589526132199307,0.24241366176628032,1.057081740427246,-1.8471636139360925,0.0,-1.393476954304096,-1.8027546769144607,0.0,0.0,0.0,0.0,0.0,0.0,0.0,0.0,0.0,0.0,0.0,0.0,40.0,40.0,40.0,60.0,60.0,60.0,60.0,60.0,60.0,60.0,60.0,60.0,60.0,60.0,60.0,60.0,60.0,0.0,0.0,0.0,0.0,0.0,0.0,0.0,0.0,0.0,0.0,0.0,0.0,1.0,1.0,1.0,1.5,1.5,1.5,1.5,1.5,1.5,1.5,1.5,1.5,1.5,1.5,1.5,1.5,1.5,0.0,0.0,0.0,0.0,0.0,0.0,0.0,0.0,0.0,0.0,0.0,0.0,0.0,0.0,0.0,0.0,0.0,0.0,0.0,0.0,0.0,0.0,0.0,0.0,0.0,0.0,0.0,0.0,0.0
-0.1,0.0,0.0,0.3,-0.2,0.0,-0.1,0.0,0.0,0.3,-0.2,0.0,0.0,0.0,0.0,-0.10140291180428052,0.22720188573336023,-0.31258346515139296,-0.5187920433363009,-1.97202,-0.1400599485061866,-0.2770868398358896,-0.3748323707712231,-0.14562843860011435,0.6350556964434739,-0.6793369286476463,1.97202,-0.8778410584396569,-0.15336006540342564,0.0,0.0,0.0,0.0,0.0,0.0,0.0,0.0,0.0,0.0,0.0,0.0,0.0,0.0,0.0,0.041318572755759744,0.07991369000020232,-0.892448310855179,-1.4589491440304525,0.0,-4.3249437755921925,4.228812308931057,-0.420972226260824,-0.24645685895046468,-0.06914194141293961,-0.33897783338898146,0.0,-3.662928457399839,-3.6796732204250446,0.0,0.0,0.0,0.0,0.0,0.0,0.0,0.0,0.0,0.0,0.0,0.0,40.0,40.0,40.0,60.0,60.0,60.0,60.0,60.0,60.0,60.0,60.0,60.0,60.0,60.0,60.0,60.0,60.0,0.0,0.0,0.0,0.0,0.0,0.0,0.0,0.0,0.0,0.0,0.0,0.0,1.0,1.0,1.0,1.5,1.5,1.5,1.5,1.5,1.5,1.5,1.5,1.5,1.5,1.5,1.5,1.5,1.5,0.0,0.0,0.0,0.0,0.0,0.0,0.0,0.0,0.0,0.0,0.0,0.0,0.0,0.0,0.0,0.0,0.0,0.0,0.0,0.0,0.0,0.0,0.0,0.0,0.0,0.0,0.0,0.0,0.0
-0.1,0.0,0.0,0.3,-0.2,0.0,-0.1,0.0,0.0,0.3,-0.2,0.0,0.0,0.0,0.0,-0.10061511104219918,0.2269135435130318,-0.34309665678087176,-0.5586889069051555,-1.97202,-0.2805268289288347,-0.16972596530114628,-0.3853868191256065,-0.15947894777260047,0.6225408434994627,-0.65546551495165,1.97202,-0.9959361639810176,-0.25978210116883943,0.0,0.0,0.0,0.0,0.0,0.0,0.0,0.0,0.0,0.0,0.0,0.0,0.0,0.0,0.0,-0.8970252492978497,-0.25831845481983984,-2.336808603649011,-3.0856269614011222,0.0,-9.811672010566202,3.7729021923279364,-0.5122122419869507,-0.7151613750096597,0.32496900940496565,-0.13553905626454144,0.0,-7.305632810415821,-6.27494141638106,0.0,0.0,0.0,0.0,0.0,0.0,0.0,0.0,0.0,0.0,0.0,0.0,40.0,40.0,40.0,60.0,60.0,60.0,60.0,60.0,60.0,60.0,60.0,60.0,60.0,60.0,60.0,60.0,60.0,0.0,0.0,0.0,0.0,0.0,0.0,0.0,0.0,0.0,0.0,0.0,0.0,1.0,1.0,1.0,1.5,1.5,1.5,1.5,1.5,1.5,1.5,1.5,1.5,1.5,1.5,1.5,1.5,1.5,0.0,0.0,0.0,0.0,0.0,0.0,0.0,0.0,0.0,0.0,0.0,0.0,0.0,0.0,0.0,0.0,0.0,0.0,0.0,0.0,0.0,0.0,0.0,0.0,0.0,0.0,0.0,0.0,0.0
-0.1,0.0,0.0,0.3,-0.2,0.0,-0.1,0.0,0.0,0.3,-0.2,0.0,0.0,0.0,0.0,-0.1372839217761945,0.21686914754056663,-0.4060558092973534,-0.6422171217923458,-1.97202,-0.5325268289288347,-0.12617075214277215,-0.39532086045070114,-0.17423489360050073,0.6480544568196726,-0.6847584908982279,1.97202,-1.1700663708562897,-0.4043577220586681,0.0,0.0,0.0,0.0,0.0,0.0,0.0,0.0,0.0,0.0,0.0,0.0,0.0,0.0,0.0,-1.537786350725732,-0.2617016505337126,-4.028626420189211,-2.5863663559376553,0.0,-11.025000000000002,2.2756886190613925,-0.5559606533057856,-0.9429728192013237,1.2930786348460703,-1.3603315738347166,0.0,-7.895643065255364,-5.534580284516151,0.0,0.0,0.0,0.0,0.0,0.0,0.0,0.0,0.0,0.0,0.0,0.0,40.0,40.0,40.0,60.0,60.0,60.0,60.0,60.0,60.0,60.0,60.0,60.0,60.0,60.0,60.0,60.0,60.0,0.0,0.0,0.0,0.0,0.0,0.0,0.0,0.0,0.0,0.0,0.0,0.0,1.0,1.0,1.0,1.5,1.5,1.5,1.5,1.5,1.5,1.5,1.5,1.5,1.5,1.5,1.5,1.5,1.5,0.0,0.0,0.0,0.0,0.0,0.0,0.0,0.0,0.0,0.0,0.0,0.0,0.0,0.0,0.0,0.0,0.0,0.0,0.0,0.0,0.0,0.0,0.0,0.0,0.0,0.0,0.0,0.0,0.0
-0.1,0.0,0.0,0.3,-0.2,0.0,-0.1,0.0,0.0,0.3,-0.2,0.0,0.0,0.0,0.0,-0.16212656507122847,0.2164454774916833,-0.5042417135884402,-0.6621435611426617,-1.97202,-0.7215268289288348,-0.07869842053869058,-0.40762524525783794,-0.1971978605406534,0.6742639888933055,-0.7098787779050386,1.97202,-1.3117618865912322,-0.48116531254948547,0.0,0.0,0.0,0.0,0.0,0.0,0.0,0.0,0.0,0.0,0.0,0.0,0.0,0.0,0.0,-1.2322236247650165,-0.022136032146326257,-4.064109128347529,-1.2341599474826437,0.0,-9.056250000000002,2.919224727813725,-0.48487541450643046,-1.0655844444675469,1.0966415253917365,-1.2683847729275248,0.0,-5.720564856751481,-2.5211637185787326,0.0,0.0,0.0,0.0,0.0,0.0,0.0,0.0,0.0,0.0,0.0,0.0,40.0,40.0,40.0,60.0,60.0,60.0,60.0,60.0,60.0,60.0,60.0,60.0,60.0,60.0,60.0,60.0,60.0,0.0,0.0,0.0,0.0,0.0,0.0,0.0,0.0,0.0,0.0,0.0,0.0,1.0,1.0,1.0,1.5,1.5,1.5,1.5,1.5,1.5,1.5,1.5,1.5,1.5,1.5,1.5,1.5,1.5,0.0,0.0,0.0,0.0,0.0,0.0,0.0,0.0,0.0,0.0,0.0,0.0,0.0,0.0,0.0,0.0,0.0,0.0,0.0,0.0,0.0,0.0,0.0,0.0,0.0,0.0,0.0,0.0,0.0
-0.1,0.0,0.0,0.3,-0.2,0.0,-0.1,0.0,0.0,0.3,-0.2,0.0,0.0,0.0,0.0,-0.18657286676679516,0.21598370625471358,-0.5686201744312546,-0.6915835196916515,-1.97202,-0.8947768289288348,-0.00940176303022314,-0.41471587703095836,-0.2168582713792026,0.691920117835342,-0.7354938818153289,1.97202,-1.398888965126349,-0.5052042708018174,0.0,0.0,0.0,0.0,0.0,0.0,0.0,0.0,0.0,0.0,0.0,0.0,0.0,0.0,0.0,-1.8163625095883462,-0.6433313393390344,-2.814316204054068,-4.411823757251171,0.0,-14.08378085676547,9.174879569266576,-0.4814676051174027,-0.6870429833318287,0.5169834721118899,-1.0718782662135466,0.0,-4.054623680809693,-0.4453194815028316,0.0,0.0,0.0,0.0,0.0,0.0,0.0,0.0,0.0,0.0,0.0,0.0,40.0,40.0,40.0,60.0,60.0,60.0,60.0,60.0,60.0,60.0,60.0,60.0,60.0,60.0,60.0,60.0,60.0,0.0,0.0,0.0,0.0,0.0,0.0,0.0,0.0,0.0,0.0,0.0,0.0,1.0,1.0,1.0,1.5,1.5,1.5,1.5,1.5,1.5,1.5,1.5,1.5,1.5,1.5,1.5,1.5,1.5,0.0,0.0,0.0,0.0,0.0,0.0,0.0,0.0,0.0,0.0,0.0,0.0,0.0,0.0,0.0,0.0,0.0,0.0,0.0,0.0,0.0,0.0,0.0,0.0,0.0,0.0,0.0,0.0,0.0
-0.1,0.0,0.0,0.3,-0.2,0.0,-0.1,0.0,0.0,0.3,-0.2,0.0,0.0,0.0,0.0,-0.23478106545476232,0.19071222391812193,-0.6168143617506029,-0.8386165114327085,-1.97202,-1.2848780631994536,0.2882967622319724,-0.42688394946253405,-0.22467957987392656,0.6949433277777811,-0.7527539085535805,1.97202,-1.47394683382362,-0.49897809180959873,0.0,0.0,0.0,0.0,0.0,0.0,0.0,0.0,0.0,0.0,0.0,0.0,0.0,0.0,0.0,-1.765094862265968,-0.373632351129876,-2.915851356124097,-5.7356931262386,0.0,-13.314560924340043,10.580017919869928,-0.3976343664195095,-0.24568182842257882,0.5646859756623768,-0.8944447697564251,0.0,-2.202188339092892,0.3664965755718147,0.0,0.0,0.0,0.0,0.0,0.0,0.0,0.0,0.0,0.0,0.0,0.0,40.0,40.0,40.0,60.0,60.0,60.0,60.0,60.0,60.0,60.0,60.0,60.0,60.0,60.0,60.0,60.0,60.0,0.0,0.0,0.0,0.0,0.0,0.0,0.0,0.0,0.0,0.0,0.0,0.0,1.0,1.0,1.0,1.5,1.5,1.5,1.5,1.5,1.5,1.5,1.5,1.5,1.5,1.5,1.5,1.5,1.5,0.0,0.0,0.0,0.0,0.0,0.0,0.0,0.0,0.0,0.0,0.0,0.0,0.0,0.0,0.0,0.0,0.0,0.0,0.0,0.0,0.0,0.0,0.0,0.0,0.0,0.0,0.0,0.0,0.0
-0.1,0.0,0.0,0.3,-0.2,0.0,-0.1,0.0,0.0,0.3,-0.2,0.0,0.0,0.0,0.0,-0.2571766612574339,0.20103841220951854,-0.6852542286762184,-0.9210112447411956,-1.97202,-1.4273592659024366,0.41379895376457393,-0.43062125168773874,-0.22668554451610576,0.7145075568618371,-0.7712716726055859,1.97202,-1.4869764986900647,-0.4905444077789448,0.0,0.0,0.0,0.0,0.0,0.0,0.0,0.0,0.0,0.0,0.0,0.0,0.0,0.0,0.0,-0.7731276545095623,0.28777931644020577,-1.9084530720770903,-2.8292319585237147,0.0,-4.704733120966608,3.348852148832235,-0.20576218098561222,0.008707661412947487,0.6631609526989823,-0.6197790390049029,0.0,-0.4018034664298342,0.47244686254079293,0.0,0.0,0.0,0.0,0.0,0.0,0.0,0.0,0.0,0.0,0.0,0.0,40.0,40.0,40.0,60.0,60.0,60.0,60.0,60.0,60.0,60.0,60.0,60.0,60.0,60.0,60.0,60.0,60.0,0.0,0.0,0.0,0.0,0.0,0.0,0.0,0.0,0.0,0.0,0.0,0.0,1.0,1.0,1.0,1.5,1.5,1.5,1.5,1.5,1.5,1.5,1.5,1.5,1.5,1.5,1.5,1.5,1.5,0.0,0.0,0.0,0.0,0.0,0.0,0.0,0.0,0.0,0.0,0.0,0.0,0.0,0.0,0.0,0.0,0.0,0.0,0.0,0.0,0.0,0.0,0.0,0.0,0.0,0.0,0.0,0.0,0.0
-0.1,0.0,0.0,0.3,-0.2,0.0,-0.1,0.0,0.0,0.3,-0.2,0.0,0.0,0.0,0.0,-0.2657061716351448,0.20222339657573016,-0.6931524846336865,-0.9517857897736571,-1.97202,-1.473067388038118,0.4222508481852618,-0.43511443670195854,-0.22433127341740866,0.7214697658857404,-0.7775450701137766,1.97202,-1.4900189724808133,-0.480080217307967,0.0,0.0,0.0,0.0,0.0,0.0,0.0,0.0,0.0,0.0,0.0,0.0,0.0,0.0,0.0,-0.16555740109140543,0.198461482131837,-0.5665401294662892,-0.9127361520703314,0.0,-1.167912035502805,-0.6620756084093362,-0.3147964686279925,0.07923439677651398,0.3583060242143443,-0.5255435417566623,0.0,0.6999637229659739,0.9551225956106482,0.0,0.0,0.0,0.0,0.0,0.0,0.0,0.0,0.0,0.0,0.0,0.0,40.0,40.0,40.0,60.0,60.0,60.0,60.0,60.0,60.0,60.0,60.0,60.0,60.0,60.0,60.0,60.0,60.0,0.0,0.0,0.0,0.0,0.0,0.0,0.0,0.0,0.0,0.0,0.0,0.0,1.0,1.0,1.0,1.5,1.5,1.5,1.5,1.5,1.5,1.5,1.5,1.5,1.5,1.5,1.5,1.5,1.5,0.0,0.0,0.0,0.0,0.0,0.0,0.0,0.0,0.0,0.0,0.0,0.0,0.0,0.0,0.0,0.0,0.0,0.0,0.0,0.0,0.0,0.0,0.0,0.0,0.0,0.0,0.0,0.0,0.0
-0.1,0.0,0.0,0.3,-0.2,0.0,-0.1,0.0,0.0,0.3,-0.2,0.0,0.0,0.0,0.0,-0.2637989573010901,0.20897687149479202,-0.70791583385487,-0.9575206908240088,-1.97202,-1.4740757473225488,0.3873159294282005,-0.44321311043285844,-0.2235161686450452,0.7288397978304109,-0.7922934142758524,1.97202,-1.4589779497714257,-0.4523395039545189,0.0,0.0,0.0,0.0,0.0,0.0,0.0,0.0,0.0,0.0,0.0,0.0,0.0,0.0,0.0,0.1310194932422279,0.3844560162682385,-0.8152975941741136,-0.1658018582000209,0.0,0.9974874267287714,-2.0230455445921196,-0.3545707901424708,0.11174872948339215,0.44873850828545114,-1.0760175460445969,0.0,2.9238666140275593,1.991415032872025,0.0,0.0,0.0,0.0,0.0,0.0,0.0,0.0,0.0,0.0,0.0,0.0,40.0,40.0,40.0,60.0,60.0,60.0,60.0,60.0,60.0,60.0,60.0,60.0,60.0,60.0,60.0,60.0,60.0,0.0,0.0,0.0,0.0,0.0,0.0,0.0,0.0,0.0,0.0,0.0,0.0,1.0,1.0,1.0,1.5,1.5,1.5,1.5,1.5,1.5,1.5,1.5,1.5,1.5,1.5,1.5,1.5,1.5,0.0,0.0,0.0,0.0,0.0,0.0,0.0,0.0,0.0,0.0,0.0,0.0,0.0,0.0,0.0,0.0,0.0,0.0,0.0,0.0,0.0,0.0,0.0,0.0,0.0,0.0,0.0,0.0,0.0
-0.1,0.0,0.0,0.3,-0.2,0.0,-0.1,0.0,0.0,0.3,-0.2,0.0,0.0,0.0,0.0,-0.2604653919054557,0.2176016372264597,-0.725764388400651,-0.958417864101658,-1.97202,-1.4331678909689671,0.34132902640157703,-0.44929726830765737,-0.21986132423807297,0.7394193062171585,-0.8205857719555605,1.97202,-1.373064307919711,-0.400423615993086,0.0,0.0,0.0,0.0,0.0,0.0,0.0,0.0,0.0,0.0,0.0,0.0,0.0,0.0,0.0,0.29596563675011317,0.3042926024172332,-0.6675044942624248,0.08136563989614709,0.0,2.4301157240948332,-3.6825875278383835,-0.1696618884156592,0.33634269609026657,0.43478944662582175,-0.9352113536502671,0.0,4.87454424901273,3.0491761460937434,0.0,0.0,0.0,0.0,0.0,0.0,0.0,0.0,0.0,0.0,0.0,0.0,40.0,40.0,40.0,60.0,60.0,60.0,60.0,60.0,60.0,60.0,60.0,60.0,60.0,60.0,60.0,60.0,60.0,0.0,0.0,0.0,0.0,0.0,0.0,0.0,0.0,0.0,0.0,0.0,0.0,1.0,1.0,1.0,1.5,1.5,1.5,1.5,1.5,1.5,1.5,1.5,1.5,1.5,1.5,1.5,1.5,1.5,0.0,0.0,0.0,0.0,0.0,0.0,0.0,0.0,0.0,0.0,0.0,0.0,0.0,0.0,0.0,0.0,0.0,0.0,0.0,0.0,0.0,0.0,0.0,0.0,0.0,0.0,0.0,0.0,0.0
-0.1,0.0,0.0,0.3,-0.2,0.0,-0.1,0.0,0.0,0.3,-0.2,0.0,0.0,0.0,0.0,-0.25196033183108557,0.22114857559148135,-0.734616013625367,-0.9542660652281629,-1.97202,-1.3768711183587554,0.24001242831466513,-0.4499995859694848,-0.21006246080143454,0.7462313756954437,-0.8297018684218631,1.97202,-1.2639961798109165,-0.33037245811076915,0.0,0.0,0.0,0.0,0.0,0.0,0.0,0.0,0.0,0.0,0.0,0.0,0.0,0.0,0.0,0.580562119936262,0.270099166461165,-0.6668501066282917,0.3380470959743309,0.0,3.750843325359937,-6.324340006563589,0.5308377883872312,0.030424318799207595,-0.18186379837497046,0.7909797057884027,0.0,6.473328033667225,3.87431682386262,0.0,0.0,0.0,0.0,0.0,0.0,0.0,0.0,0.0,0.0,0.0,0.0,40.0,40.0,40.0,60.0,60.0,60.0,60.0,60.0,60.0,60.0,60.0,60.0,60.0,60.0,60.0,60.0,60.0,0.0,0.0,0.0,0.0,0.0,0.0,0.0,0.0,0.0,0.0,0.0,0.0,1.0,1.0,1.0,1.5,1.5,1.5,1.5,1.5,1.5,1.5,1.5,1.5,1.5,1.5,1.5,1.5,1.5,0.0,0.0,0.0,0.0,0.0,0.0,0.0,0.0,0.0,0.0,0.0,0.0,0.0,0.0,0.0,0.0,0.0,0.0,0.0,0.0,0.0,0.0,0.0,0.0,0.0,0.0,0.0,0.0,0.0
-0.1,0.0,0.0,0.3,-0.2,0.0,-0.1,0.0,0.0,0.3,-0.2,0.0,0.0,0.0,0.0,-0.23724290710800522,0.2284056038849063,-0.7524383926657827,-0.9448959802626847,-1.97202,-1.2831341579545696,0.0883554261390335,-0.4280637567721681,-0.21864435148610467,0.7321447542821596,-0.7889465837240244,1.97202,-1.114131186573022,-0.2454509430385812,0.0,0.0,0.0,0.0,0.0,0.0,0.0,0.0,0.0,0.0,0.0,0.0,0.0,0.0,0.0,1.3126395067661654,0.4377644007275777,-1.0403512502860923,1.1799322036623594,0.0,6.828076321296445,-11.150934548024955,1.2132321400530486,-0.41176952391740185,-1.0372034123549534,3.6579637472999136,0.0,13.161368667382723,5.945800386675891,0.0,0.0,0.0,0.0,0.0,0.0,0.0,0.0,0.0,0.0,0.0,0.0,40.0,40.0,40.0,60.0,60.0,60.0,60.0,60.0,60.0,60.0,60.0,60.0,60.0,60.0,60.0,60.0,60.0,0.0,0.0,0.0,0.0,0.0,0.0,0.0,0.0,0.0,0.0,0.0,0.0,1.0,1.0,1.0,1.5,1.5,1.5,1.5,1.5,1.5,1.5,1.5,1.5,1.5,1.5,1.5,1.5,1.5,0.0,0.0,0.0,0.0,0.0,0.0,0.0,0.0,0.0,0.0,0.0,0.0,0.0,0.0,0.0,0.0,0.0,0.0,0.0,0.0,0.0,0.0,0.0,0.0,0.0,0.0,0.0,0.0,0.0
-0.1,0.0,0.0,0.3,-0.2,0.0,-0.1,0.0,0.0,0.3,-0.2,0.0,0.0,0.0,0.0,-0.19945475156043896,0.23865915162058446,-0.7762300636368107,-0.9070687770816686,-1.97202,-1.1037480655068976,-0.20602495360633302,-0.40147030036736286,-0.2265332417581306,0.7047432392012456,-0.6833833185298666,1.97202,-0.7375414331156076,-0.0925404426437335,0.0,0.0,0.0,0.0,0.0,0.0,0.0,0.0,0.0,0.0,0.0,0.0,0.0,0.0,0.0,1.5712750426514404,0.6965262839052904,0.49633167876054207,5.187234853188633,0.0,11.481751250400068,-10.396895411887503,1.588968953758617,0.18103000671241265,-3.63049326566241,5.263476294117014,0.0,19.665603673423067,5.783002978107673,0.0,0.0,0.0,0.0,0.0,0.0,0.0,0.0,0.0,0.0,0.0,0.0,40.0,40.0,40.0,60.0,60.0,60.0,60.0,60.0,60.0,60.0,60.0,60.0,60.0,60.0,60.0,60.0,60.0,0.0,0.0,0.0,0.0,0.0,0.0,0.0,0.0,0.0,0.0,0.0,0.0,1.0,1.0,1.0,1.5,1.5,1.5,1.5,1.5,1.5,1.5,1.5,1.5,1.5,1.5,1.5,1.5,1.5,0.0,0.0,0.0,0.0,0.0,0.0,0.0,0.0,0.0,0.0,0.0,0.0,0.0,0.0,0.0,0.0,0.0,0.0,0.0,0.0,0.0,0.0,0.0,0.0,0.0,0.0,0.0,0.0,0.0
-0.1,0.0,0.0,0.3,-0.2,0.0,-0.1,0.0,0.0,0.3,-0.2,0.0,0.0,0.0,0.0,-0.1743919054019476,0.2562666552411179,-0.732585125515361,-0.7374065861351394,-1.97202,-0.8238641079385669,-0.32752039033646657,-0.36450499862182345,-0.21140315121760817,0.5869250236556632,-0.5784075319593438,1.97202,-0.3275070396360992,-0.014130823914274289,0.0,0.0,0.0,0.0,0.0,0.0,0.0,0.0,0.0,0.0,0.0,0.0,0.0,0.0,0.0,1.410193746889564,0.28377201312511713,3.203140330928153,6.972334612925263,0.0,11.722098939208308,-2.8614638882826138,0.7572404869304563,0.11930068891641207,-6.229295671034782,5.624805405686661,0.0,14.769789617018544,3.8499933896252223,0.0,0.0,0.0,0.0,0.0,0.0,0.0,0.0,0.0,0.0,0.0,0.0,40.0,40.0,40.0,60.0,60.0,60.0,60.0,60.0,60.0,60.0,60.0,60.0,60.0,60.0,60.0,60.0,60.0,0.0,0.0,0.0,0.0,0.0,0.0,0.0,0.0,0.0,0.0,0.0,0.0,1.0,1.0,1.0,1.5,1.5,1.5,1.5,1.5,1.5,1.5,1.5,1.5,1.5,1.5,1.5,1.5,1.5,0.0,0.0,0.0,0.0,0.0,0.0,0.0,0.0,0.0,0.0,0.0,0.0,0.0,0.0,0.0,0.0,0.0,0.0,0.0,0.0,0.0,0.0,0.0,0.0,0.0,0.0,0.0,0.0,0.0
-0.1,0.0,0.0,0.3,-0.2,0.0,-0.1,0.0,0.0,0.3,-0.2,0.0,0.0,0.0,0.0,-0.1430470016848564,0.25001003214558915,-0.6481044503996846,-0.628175392564658,-1.97202,-0.6348641079385653,-0.32048350913763757,-0.3711806808901446,-0.22176121420147413,0.4555714123598543,-0.4583911023024001,1.97202,-0.14674984843486585,0.061459292941275404,0.0,0.0,0.0,0.0,0.0,0.0,0.0,0.0,0.0,0.0,0.0,0.0,0.0,0.0,0.0,0.6706073970075381,-0.0146301792421491,3.8684693106714296,4.273867478121068,0.0,7.869844409643273,-0.21454402200398043,0.1563082073510219,-0.7718847093177945,-4.774154658473967,4.3452140576561975,0.0,7.108219023584933,1.5256590281564142,0.0,0.0,0.0,0.0,0.0,0.0,0.0,0.0,0.0,0.0,0.0,0.0,40.0,40.0,40.0,60.0,60.0,60.0,60.0,60.0,60.0,60.0,60.0,60.0,60.0,60.0,60.0,60.0,60.0,0.0,0.0,0.0,0.0,0.0,0.0,0.0,0.0,0.0,0.0,0.0,0.0,1.0,1.0,1.0,1.5,1.5,1.5,1.5,1.5,1.5,1.5,1.5,1.5,1.5,1.5,1.5,1.5,1.5,0.0,0.0,0.0,0.0,0.0,0.0,0.0,0.0,0.0,0.0,0.0,0.0,0.0,0.0,0.0,0.0,0.0,0.0,0.0,0.0,0.0,0.0,0.0,0.0,0.0,0.0,0.0,0.0,0.0
-0.1,0.0,0.0,0.3,-0.2,0.0,-0.1,0.0,0.0,0.3,-0.2,0.0,0.0,0.0,0.0,-0.14756760952164608,0.25568144807143195,-0.5778463530885039,-0.5664518870102967,-1.97202,-0.509070331552836,-0.3361021512166258,-0.3582526703277826,-0.24227853959031995,0.39595883731670456,-0.4045989696530959,1.97202,-0.04317827869270187,0.04689553721198228,0.0,0.0,0.0,0.0,0.0,0.0,0.0,0.0,0.0,0.0,0.0,0.0,0.0,0.0,0.0,-0.6286111259336702,-0.46456027393891597,3.2782801302538855,2.8876917561055313,0.0,7.359017270085731,5.338437672702964,0.5332350900547345,-0.11795056648836663,-2.0350965459132784,1.5582707832631173,0.0,8.312402258112334,-2.7190630561873497,0.0,0.0,0.0,0.0,0.0,0.0,0.0,0.0,0.0,0.0,0.0,0.0,40.0,40.0,40.0,60.0,60.0,60.0,60.0,60.0,60.0,60.0,60.0,60.0,60.0,60.0,60.0,60.0,60.0,0.0,0.0,0.0,0.0,0.0,0.0,0.0,0.0,0.0,0.0,0.0,0.0,1.0,1.0,1.0,1.5,1.5,1.5,1.5,1.5,1.5,1.5,1.5,1.5,1.5,1.5,1.5,1.5,1.5,0.0,0.0,0.0,0.0,0.0,0.0,0.0,0.0,0.0,0.0,0.0,0.0,0.0,0.0,0.0,0.0,0.0,0.0,0.0,0.0,0.0,0.0,0.0,0.0,0.0,0.0,0.0,0.0,0.0
-0.1,0.0,0.0,0.3,-0.2,0.0,-0.1,0.0,0.0,0.3,-0.2,0.0,0.0,0.0,0.0,-0.1681914467222032,0.2314276211880325,-0.5169732451895291,-0.5126677223204368,-1.97202,-0.34050341713513604,-0.10694600222951899,-0.34985127728795523,-0.2264792368610088,0.3741675505233232,-0.3960602709718754,1.97202,0.1857462418896275,-0.047303229306218594,0.0,0.0,0.0,0.0,0.0,0.0,0.0,0.0,0.0,0.0,0.0,0.0,0.0,0.0,0.0,0.2156305820163476,0.2314225399745809,4.4623921993891456,0.9783599233964546,0.0,7.1380278359799805,6.612187961387308,0.640548987652191,-0.39251526078242016,-3.82127567393264,1.297322484831287,0.0,10.655320694853652,-1.3287278150296868,0.0,0.0,0.0,0.0,0.0,0.0,0.0,0.0,0.0,0.0,0.0,0.0,40.0,40.0,40.0,60.0,60.0,60.0,60.0,60.0,60.0,60.0,60.0,60.0,60.0,60.0,60.0,60.0,60.0,0.0,0.0,0.0,0.0,0.0,0.0,0.0,0.0,0.0,0.0,0.0,0.0,1.0,1.0,1.0,1.5,1.5,1.5,1.5,1.5,1.5,1.5,1.5,1.5,1.5,1.5,1.5,1.5,1.5,0.0,0.0,0.0,0.0,0.0,0.0,0.0,0.0,0.0,0.0,0.0,0.0,0.0,0.0,0.0,0.0,0.0,0.0,0.0,0.0,0.0,0.0,0.0,0.0,0.0,0.0,0.0,0.0,0.0
-0.1,0.0,0.0,0.3,-0.2,0.0,-0.1,0.0,0.0,0.3,-0.2,0.0,0.0,0.0,0.0,-0.13894238624099217,0.2649383496704152,-0.39935066511293804,-0.5273174900744385,-1.97202,-0.22354921811363676,-0.07161463276113347,-0.33263071082169493,-0.25797915002161675,0.24310781035939896,-0.3527060702598444,1.97202,0.38303454910144424,-0.006253575389205192,0.0,0.0,0.0,0.0,0.0,0.0,0.0,0.0,0.0,0.0,0.0,0.0,0.0,0.0,0.0,0.9488720752949008,0.8791928104951676,4.1455632943614775,0.3643687570434609,0.0,6.848466839364741,2.6113622082761503,-0.016224027091098214,-0.7218555748507174,-5.084388757182022,1.9748594625446745,0.0,9.760545292547718,-0.7802499123219775,0.0,0.0,0.0,0.0,0.0,0.0,0.0,0.0,0.0,0.0,0.0,0.0,40.0,40.0,40.0,60.0,60.0,60.0,60.0,60.0,60.0,60.0,60.0,60.0,60.0,60.0,60.0,60.0,60.0,0.0,0.0,0.0,0.0,0.0,0.0,0.0,0.0,0.0,0.0,0.0,0.0,1.0,1.0,1.0,1.5,1.5,1.5,1.5,1.5,1.5,1.5,1.5,1.5,1.5,1.5,1.5,1.5,1.5,0.0,0.0,0.0,0.0,0.0,0.0,0.0,0.0,0.0,0.0,0.0,0.0,0.0,0.0,0.0,0.0,0.0,0.0,0.0,0.0,0.0,0.0,0.0,0.0,0.0,0.0,0.0,0.0,0.0
-0.1,0.0,0.0,0.3,-0.2,0.0,-0.1,0.0,0.0,0.3,-0.2,0.0,0.0,0.0,0.0,-0.13023656371040718,0.2665953336078392,-0.35115071341507004,-0.49809297203869835,-1.97202,-0.06656474356054637,-0.0024915138984729626,-0.35050023837159916,-0.2553534598550375,0.1707920002360423,-0.31706589247008843,1.97202,0.5761680535915362,-0.0785132257990977,0.0,0.0,0.0,0.0,0.0,0.0,0.0,0.0,0.0,0.0,0.0,0.0,0.0,0.0,0.0,0.39234792661297263,0.07728770926034301,2.904844971253437,1.3958703538416648,0.0,8.821767361763968,3.108586118368793,-0.7328924412704968,0.347819872738226,-3.5239187918940913,1.5902496858711173,0.0,8.984063959544077,-2.9755363548774953,0.0,0.0,0.0,0.0,0.0,0.0,0.0,0.0,0.0,0.0,0.0,0.0,40.0,40.0,40.0,60.0,60.0,60.0,60.0,60.0,60.0,60.0,60.0,60.0,60.0,60.0,60.0,60.0,60.0,0.0,0.0,0.0,0.0,0.0,0.0,0.0,0.0,0.0,0.0,0.0,0.0,1.0,1.0,1.0,1.5,1.5,1.5,1.5,1.5,1.5,1.5,1.5,1.5,1.5,1.5,1.5,1.5,1.5,0.0,0.0,0.0,0.0,0.0,0.0,0.0,0.0,0.0,0.0,0.0,0.0,0.0,0.0,0.0,0.0,0.0,0.0,0.0,0.0,0.0,0.0,0.0,0.0,0.0,0.0,0.0,0.0,0.0
-0.1,0.0,0.0,0.3,-0.2,0.0,-0.1,0.0,0.0,0.3,-0.2,0.0,0.0,0.0,0.0,-0.12324846917647327,0.2680298580408289,-0.28315686626280057,-0.4714826759207719,-1.97202,0.12932147635692193,0.05272881197361824,-0.3619464084725148,-0.2440663551120877,0.1021510586836353,-0.2890960828249997,1.97202,0.7423971074832073,-0.125275029584305,0.0,0.0,0.0,0.0,0.0,0.0,0.0,0.0,0.0,0.0,0.0,0.0,0.0,0.0,0.0,0.14598747468733686,-0.10580805419476702,3.6985327009888733,1.4817807346526628,0.0,10.799821861714324,3.055116030785704,-0.7477520552419542,0.5167045228679716,-3.0755850300592913,1.240256682389909,0.0,8.229838190977196,-3.0026930573526385,0.0,0.0,0.0,0.0,0.0,0.0,0.0,0.0,0.0,0.0,0.0,0.0,40.0,40.0,40.0,60.0,60.0,60.0,60.0,60.0,60.0,60.0,60.0,60.0,60.0,60.0,60.0,60.0,60.0,0.0,0.0,0.0,0.0,0.0,0.0,0.0,0.0,0.0,0.0,0.0,0.0,1.0,1.0,1.0,1.5,1.5,1.5,1.5,1.5,1.5,1.5,1.5,1.5,1.5,1.5,1.5,1.5,1.5,0.0,0.0,0.0,0.0,0.0,0.0,0.0,0.0,0.0,0.0,0.0,0.0,0.0,0.0,0.0,0.0,0.0,0.0,0.0,0.0,0.0,0.0,0.0,0.0,0.0,0.0,0.0,0.0,0.0
-0.1,0.0,0.0,0.3,-0.2,0.0,-0.1,0.0,0.0,0.3,-0.2,0.0,0.0,0.0,0.0,-0.1243970647229137,0.26236301144004853,-0.2032094053755151,-0.43882174265259183,-1.97202,0.3654281309080266,0.11971312733295521,-0.38041032058127733,-0.23468527894031863,0.04776859903367064,-0.26745562517449206,1.97202,0.905361581230624,-0.19862094809320324,0.0,0.0,0.0,0.0,0.0,0.0,0.0,0.0,0.0,0.0,0.0,0.0,0.0,0.0,0.0,-0.2010058476502676,-0.5438901710561689,3.985233030858149,1.4802745070062253,0.0,10.0076397068054,2.6013923992323638,-0.8179237866546202,0.6368111402270594,-2.4503614324434135,0.791999613475744,0.0,6.233039766716344,-3.27183614849744,0.0,0.0,0.0,0.0,0.0,0.0,0.0,0.0,0.0,0.0,0.0,0.0,40.0,40.0,40.0,60.0,60.0,60.0,60.0,60.0,60.0,60.0,60.0,60.0,60.0,60.0,60.0,60.0,60.0,0.0,0.0,0.0,0.0,0.0,0.0,0.0,0.0,0.0,0.0,0.0,0.0,1.0,1.0,1.0,1.5,1.5,1.5,1.5,1.5,1.5,1.5,1.5,1.5,1.5,1.5,1.5,1.5,1.5,0.0,0.0,0.0,0.0,0.0,0.0,0.0,0.0,0.0,0.0,0.0,0.0,0.0,0.0,0.0,0.0,0.0,0.0,0.0,0.0,0.0,0.0,0.0,0.0,0.0,0.0,0.0,0.0,0.0
-0.1,0.0,0.0,0.3,-0.2,0.0,-0.1,0.0,0.0,0.3,-0.2,0.0,0.0,0.0,0.0,-0.13128870308248397,0.24627425119858215,-0.1237475450284746,-0.4122716956405229,-1.97202,0.5296270646291379,0.1567845079429128,-0.3946633599386996,-0.21859390950300533,0.004136601385898762,-0.25741609828596995,1.97202,0.9917186981518611,-0.2561484755242026,0.0,0.0,0.0,0.0,0.0,0.0,0.0,0.0,0.0,0.0,0.0,0.0,0.0,0.0,0.0,-0.43324064723822064,-0.6736399941347351,3.283723754708386,1.0523326286031087,0.0,6.452783192715425,1.4285957680114907,-0.5985100049385419,0.6412181709873815,-1.6664612267191756,0.1121403135895982,0.0,3.242742088963571,-3.010034616083068,0.0,0.0,0.0,0.0,0.0,0.0,0.0,0.0,0.0,0.0,0.0,0.0,40.0,40.0,40.0,60.0,60.0,60.0,60.0,60.0,60.0,60.0,60.0,60.0,60.0,60.0,60.0,60.0,60.0,0.0,0.0,0.0,0.0,0.0,0.0,0.0,0.0,0.0,0.0,0.0,0.0,1.0,1.0,1.0,1.5,1.5,1.5,1.5,1.5,1.5,1.5,1.5,1.5,1.5,1.5,1.5,1.5,1.5,0.0,0.0,0.0,0.0,0.0,0.0,0.0,0.0,0.0,0.0,0.0,0.0,0.0,0.0,0.0,0.0,0.0,0.0,0.0,0.0,0.0,0.0,0.0,0.0,0.0,0.0,0.0,0.0,0.0
-0.1,0.0,0.0,0.3,-0.2,0.0,-0.1,0.0,0.0,0.3,-0.2,0.0,0.0,0.0,0.0,-0.14172669061244253,0.23541741167465913,-0.07186045518717965,-0.3967284375084675,-1.97202,0.6235394586166436,0.17685695805341484,-0.404350720778819,-0.20903655210082336,-0.018889850035096398,-0.26297001263090813,1.97202,1.035071264789167,-0.31902233273652597,0.0,0.0,0.0,0.0,0.0,0.0,0.0,0.0,0.0,0.0,0.0,0.0,0.0,0.0,0.0,-0.447744303102425,-0.40597530333992754,2.114300073787825,0.4883969556278081,0.0,3.905904234581223,-0.3479800942863098,-0.4808776994738653,0.2851610489942716,-0.9988078758886315,-0.5818642495112797,0.0,1.4915611929738892,-2.544063321139012,0.0,0.0,0.0,0.0,0.0,0.0,0.0,0.0,0.0,0.0,0.0,0.0,40.0,40.0,40.0,60.0,60.0,60.0,60.0,60.0,60.0,60.0,60.0,60.0,60.0,60.0,60.0,60.0,60.0,0.0,0.0,0.0,0.0,0.0,0.0,0.0,0.0,0.0,0.0,0.0,0.0,1.0,1.0,1.0,1.5,1.5,1.5,1.5,1.5,1.5,1.5,1.5,1.5,1.5,1.5,1.5,1.5,1.5,0.0,0.0,0.0,0.0,0.0,0.0,0.0,0.0,0.0,0.0,0.0,0.0,0.0,0.0,0.0,0.0,0.0,0.0,0.0,0.0,0.0,0.0,0.0,0.0,0.0,0.0,0.0,0.0,0.0
-0.1,0.0,0.0,0.3,-0.2,0.0,-0.1,0.0,0.0,0.3,-0.2,0.0,0.0,0.0,0.0,-0.14919847520658097,0.23003523906498505,-0.03917554207696162,-0.3927358174154106,-1.97202,0.6858632340123868,0.1428653041714604,-0.4138984679176542,-0.20718746754323447,-0.0358157136496465,-0.28069066826642114,1.97202,1.0513811458708167,-0.3579110083697631,0.0,0.0,0.0,0.0,0.0,0.0,0.0,0.0,0.0,0.0,0.0,0.0,0.0,0.0,0.0,-0.4218068924242958,-0.1555850002767714,1.4625638980080824,-0.3223384391531775,4.901142094170019,1.8198467234931182,-4.656454722686928,-0.7015660645474597,-0.18778783271641494,-1.271433433205716,-1.5971143333473548,0.0,0.4553162648985365,-0.8216015696978648,0.0,0.0,0.0,0.0,0.0,0.0,0.0,0.0,0.0,0.0,0.0,0.0,40.0,40.0,40.0,60.0,60.0,60.0,60.0,60.0,60.0,60.0,60.0,60.0,60.0,60.0,60.0,60.0,60.0,0.0,0.0,0.0,0.0,0.0,0.0,0.0,0.0,0.0,0.0,0.0,0.0,1.0,1.0,1.0,1.5,1.5,1.5,1.5,1.5,1.5,1.5,1.5,1.5,1.5,1.5,1.5,1.5,1.5,0.0,0.0,0.0,0.0,0.0,0.0,0.0,0.0,0.0,0.0,0.0,0.0,0.0,0.0,0.0,0.0,0.0,0.0,0.0,0.0,0.0,0.0,0.0,0.0,0.0,0.0,0.0,0.0,0.0
-0.1,0.0,0.0,0.3,-0.2,0.0,-0.1,0.0,0.0,0.3,-0.2,0.0,0.0,0.0,0.0,-0.15859896630941436,0.22919401166358827,-0.013357899266856354,-0.4096219750745946,-1.7759743162331993,0.6963333275563683,-0.009401230854062291,-0.4324133633607174,-0.21654806540947996,-0.06974718736332504,-0.3268545859648023,1.97202,1.0532839153851083,-0.35188639552444057,0.0,0.0,0.0,0.0,0.0,0.0,0.0,0.0,0.0,0.0,0.0,0.0,0.0,0.0,0.0,-0.2679224154187587,-0.047628200086159006,0.5742604558511671,-1.1702519658678938,9.957715097333281,-0.9379835599476749,-7.69373615488767,-0.9687532898597084,-0.4760730588165049,-1.6232454654161232,-2.0900988567454455,0.0,0.06940062821375048,0.5556321438683356,0.0,0.0,0.0,0.0,0.0,0.0,0.0,0.0,0.0,0.0,0.0,0.0,40.0,40.0,40.0,60.0,60.0,60.0,60.0,60.0,60.0,60.0,60.0,60.0,60.0,60.0,60.0,60.0,60.0,0.0,0.0,0.0,0.0,0.0,0.0,0.0,0.0,0.0,0.0,0.0,0.0,1.0,1.0,1.0,1.5,1.5,1.5,1.5,1.5,1.5,1.5,1.5,1.5,1.5,1.5,1.5,1.5,1.5,0.0,0.0,0.0,0.0,0.0,0.0,0.0,0.0,0.0,0.0,0.0,0.0,0.0,0.0,0.0,0.0,0.0,0.0,0.0,0.0,0.0,0.0,0.0,0.0,0.0,0.0,0.0,0.0,0.0
-0.1,0.0,0.0,0.3,-0.2,0.0,-0.1,0.0,0.0,0.3,-0.2,0.0,0.0,0.0,0.0,-0.15991537182333132,0.2281301110615387,-0.01620512384291493,-0.43954589605012634,-1.5737113961066689,0.6483438916144798,-0.16488414202404644,-0.45264859951204256,-0.22623038989589467,-0.10074553226629143,-0.36429462253623895,1.97202,1.0541571709993667,-0.33568572261502966,0.0,0.0,0.0,0.0,0.0,0.0,0.0,0.0,0.0,0.0,0.0,0.0,0.0,0.0,0.0,0.21895372254520928,-0.057850249431343204,-0.7626716551766977,-1.5871340116622599,10.269527457758304,-5.555387607081917,-5.477705406434537,-1.0353003606272948,-0.8154339461380874,-2.0544943200292676,-2.440572672658334,0.0,-1.728848900743099,-1.3139255320148966,0.0,0.0,0.0,0.0,0.0,0.0,0.0,0.0,0.0,0.0,0.0,0.0,40.0,40.0,40.0,60.0,60.0,60.0,60.0,60.0,60.0,60.0,60.0,60.0,60.0,60.0,60.0,60.0,60.0,0.0,0.0,0.0,0.0,0.0,0.0,0.0,0.0,0.0,0.0,0.0,0.0,1.0,1.0,1.0,1.5,1.5,1.5,1.5,1.5,1.5,1.5,1.5,1.5,1.5,1.5,1.5,1.5,1.5,0.0,0.0,0.0,0.0,0.0,0.0,0.0,0.0,0.0,0.0,0.0,0.0,0.0,0.0,0.0,0.0,0.0,0.0,0.0,0.0,0.0,0.0,0.0,0.0,0.0,0.0,0.0,0.0,0.0
-0.1,0.0,0.0,0.3,-0.2,0.0,-0.1,0.0,0.0,0.3,-0.2,0.0,0.0,0.0,0.0,-0.149840817407606,0.22688000168633454,-0.04386476547392426,-0.473107335541085,-1.3651932179228672,0.47411782327309165,-0.22850944711144378,-0.4738253777858092,-0.24916542325500346,-0.15192696016449575,-0.4244774928711357,1.97202,0.9841299593553844,-0.4044434168050364,0.0,0.0,0.0,0.0,0.0,0.0,0.0,0.0,0.0,0.0,0.0,0.0,0.0,0.0,0.0,0.11656182134569329,-0.5236967822478539,-3.6190374643452037,-0.9629401132904821,11.58594921768934,-10.708082356497561,0.2850522872924685,-0.8835171620667561,-0.7306098053481508,-1.5432871742518568,-3.5592944182969806,0.0,-4.212870977274122,-2.257560951568391,0.0,0.0,0.0,0.0,0.0,0.0,0.0,0.0,0.0,0.0,0.0,0.0,40.0,40.0,40.0,60.0,60.0,60.0,60.0,60.0,60.0,60.0,60.0,60.0,60.0,60.0,60.0,60.0,60.0,0.0,0.0,0.0,0.0,0.0,0.0,0.0,0.0,0.0,0.0,0.0,0.0,1.0,1.0,1.0,1.5,1.5,1.5,1.5,1.5,1.5,1.5,1.5,1.5,1.5,1.5,1.5,1.5,1.5,0.0,0.0,0.0,0.0,0.0,0.0,0.0,0.0,0.0,0.0,0.0,0.0,0.0,0.0,0.0,0.0,0.0,0.0,0.0,0.0,0.0,0.0,0.0,0.0,0.0,0.0,0.0,0.0,0.0
-0.1,0.0,0.0,0.3,-0.2,0.0,-0.1,0.0,0.0,0.3,-0.2,0.0,0.0,0.0,0.0,-0.1552528989695036,0.20718223977162453,-0.16096662241672308,-0.4780635005817456,-1.1102734273990953,0.22002059735457738,-0.1534820505323477,-0.4879892859947128,-0.2554547821098207,-0.1624770192363657,-0.5066663992681182,1.97202,0.8856423319084018,-0.4259881606777653,0.0,0.0,0.0,0.0,0.0,0.0,0.0,0.0,0.0,0.0,0.0,0.0,0.0,0.0,0.0,-0.21356433453324775,-0.5157038899610756,-5.8384125707285195,-0.17038896609442578,11.652235558367439,-12.714657504219446,3.5180833009850927,-0.3055938892269697,-0.6176478747722632,-0.4575306788363327,-3.053846782402264,0.0,-5.038490103928894,-0.470125735578808,0.0,0.0,0.0,0.0,0.0,0.0,0.0,0.0,0.0,0.0,0.0,0.0,40.0,40.0,40.0,60.0,60.0,60.0,60.0,60.0,60.0,60.0,60.0,60.0,60.0,60.0,60.0,60.0,60.0,0.0,0.0,0.0,0.0,0.0,0.0,0.0,0.0,0.0,0.0,0.0,0.0,1.0,1.0,1.0,1.5,1.5,1.5,1.5,1.5,1.5,1.5,1.5,1.5,1.5,1.5,1.5,1.5,1.5,0.0,0.0,0.0,0.0,0.0,0.0,0.0,0.0,0.0,0.0,0.0,0.0,0.0,0.0,0.0,0.0,0.0,0.0,0.0,0.0,0.0,0.0,0.0,0.0,0.0,0.0,0.0,0.0,0.0
-0.1,0.0,0.0,0.3,-0.2,0.0,-0.1,0.0,0.0,0.3,-0.2,0.0,0.0,0.0,0.0,-0.1583833907889359,0.20625184608789152,-0.27740126830306505,-0.479922894184862,-0.8991037955881697,-0.03446847689568619,-0.08778611507204007,-0.486049133354888,-0.273871338245894,-0.17022818731794906,-0.5466313641672262,1.97202,0.7825903551982286,-0.42324844622818875,0.0,0.0,0.0,0.0,0.0,0.0,0.0,0.0,0.0,0.0,0.0,0.0,0.0,0.0,0.0,0.7157750245548162,0.46831824091547386,-5.1143638066078365,1.7011372642482396,9.982621322916632,-12.903057499788956,1.1365358023936671,0.3961859639844245,-1.9846492130932647,1.2339936767118003,-0.20597623577369717,0.0,-10.069137018408105,6.245948915829797,0.0,0.0,0.0,0.0,0.0,0.0,0.0,0.0,0.0,0.0,0.0,0.0,40.0,40.0,40.0,60.0,60.0,60.0,60.0,60.0,60.0,60.0,60.0,60.0,60.0,60.0,60.0,60.0,60.0,0.0,0.0,0.0,0.0,0.0,0.0,0.0,0.0,0.0,0.0,0.0,0.0,1.0,1.0,1.0,1.5,1.5,1.5,1.5,1.5,1.5,1.5,1.5,1.5,1.5,1.5,1.5,1.5,1.5,0.0,0.0,0.0,0.0,0.0,0.0,0.0,0.0,0.0,0.0,0.0,0.0,0.0,0.0,0.0,0.0,0.0,0.0,0.0,0.0,0.0,0.0,0.0,0.0,0.0,0.0,0.0,0.0,0.0
-0.1,0.0,0.0,0.3,-0.2,0.0,-0.1,0.0,0.0,0.3,-0.2,0.0,0.0,0.0,0.0,-0.12662189798731094,0.2259149694082435,-0.36554117468103653,-0.41001801001181604,-0.71096857448243,-0.2961017026369809,-0.10802061843660102,-0.4721418474353358,-0.3348407506335513,-0.11311727216789369,-0.5149054486990661,1.97202,0.48287685117207757,-0.1761502040445734,0.0,0.0,0.0,0.0,0.0,0.0,0.0,0.0,0.0,0.0,0.0,0.0,0.0,0.0,0.0,0.34534576825367075,0.6316491836849659,-3.439248267393252,4.0097813848831185,7.747260404017819,-12.953028782041004,-0.766858582800867,0.9960893772076692,-2.946555972879547,6.232927163394093,2.667540699451655,0.0,-16.478135191869715,14.171495302055511,0.0,0.0,0.0,0.0,0.0,0.0,0.0,0.0,0.0,0.0,0.0,0.0,40.0,40.0,40.0,60.0,60.0,60.0,60.0,60.0,60.0,60.0,60.0,60.0,60.0,60.0,60.0,60.0,60.0,0.0,0.0,0.0,0.0,0.0,0.0,0.0,0.0,0.0,0.0,0.0,0.0,1.0,1.0,1.0,1.5,1.5,1.5,1.5,1.5,1.5,1.5,1.5,1.5,1.5,1.5,1.5,1.5,1.5,0.0,0.0,0.0,0.0,0.0,0.0,0.0,0.0,0.0,0.0,0.0,0.0,0.0,0.0,0.0,0.0,0.0,0.0,0.0,0.0,0.0,0.0,0.0,0.0,0.0,0.0,0.0,0.0,0.0
-0.1,0.0,0.0,0.3,-0.2,0.0,-0.1,0.0,0.0,0.3,-0.2,0.0,0.0,0.0,0.0,-0.14456956005878907,0.23151781343529015,-0.41497119899879514,-0.3195316387895373,-0.5892133794274569,-0.5525896281773264,-0.11846045838407475,-0.4462055582665812,-0.3917335771610759,0.07908889921781466,-0.43992973618916004,1.97202,0.12346494752343998,0.1436113658540317,0.0,0.0,0.0,0.0,0.0,0.0,0.0,0.0,0.0,0.0,0.0,0.0,0.0,0.0,0.0,-0.997127872184797,0.2757971113207892,-2.0297912889499976,4.543103408529385,5.007202456088011,-11.182205525037892,0.823802734152056,0.4366769903461812,-2.8130121913924997,11.097456195539719,4.105175118406282,0.0,-18.660455939347898,15.628874036070837,0.0,0.0,0.0,0.0,0.0,0.0,0.0,0.0,0.0,0.0,0.0,0.0,40.0,40.0,40.0,60.0,60.0,60.0,60.0,60.0,60.0,60.0,60.0,60.0,60.0,60.0,60.0,60.0,60.0,0.0,0.0,0.0,0.0,0.0,0.0,0.0,0.0,0.0,0.0,0.0,0.0,1.0,1.0,1.0,1.5,1.5,1.5,1.5,1.5,1.5,1.5,1.5,1.5,1.5,1.5,1.5,1.5,1.5,0.0,0.0,0.0,0.0,0.0,0.0,0.0,0.0,0.0,0.0,0.0,0.0,0.0,0.0,0.0,0.0,0.0,0.0,0.0,0.0,0.0,0.0,0.0,0.0,0.0,0.0,0.0,0.0,0.0
-0.1,0.0,0.0,0.3,-0.2,0.0,-0.1,0.0,0.0,0.3,-0.2,0.0,0.0,0.0,0.0,-0.16650701287470282,0.23694685386107506,-0.44673282623903643,-0.22829387367064063,-0.5106804762389096,-0.7433899236384965,-0.07506850907051878,-0.4546747678214886,-0.4473612382892513,0.3307809756536951,-0.3506984439628148,1.97202,-0.2635413864018383,0.44900475739826,0.0,0.0,0.0,0.0,0.0,0.0,0.0,0.0,0.0,0.0,0.0,0.0,0.0,0.0,0.0,-0.8615879531317455,0.149584796399007,-1.4793640815999334,4.140066183500394,4.282185735419329,-7.7133597830824545,3.0176608613035367,-1.3074030356420656,-1.945630797979485,12.961884114694124,4.559072987058372,0.0,-20.006967711791066,14.442972416914525,0.0,0.0,0.0,0.0,0.0,0.0,0.0,0.0,0.0,0.0,0.0,0.0,40.0,40.0,40.0,60.0,60.0,60.0,60.0,60.0,60.0,60.0,60.0,60.0,60.0,60.0,60.0,60.0,60.0,0.0,0.0,0.0,0.0,0.0,0.0,0.0,0.0,0.0,0.0,0.0,0.0,1.0,1.0,1.0,1.5,1.5,1.5,1.5,1.5,1.5,1.5,1.5,1.5,1.5,1.5,1.5,1.5,1.5,0.0,0.0,0.0,0.0,0.0,0.0,0.0,0.0,0.0,0.0,0.0,0.0,0.0,0.0,0.0,0.0,0.0,0.0,0.0,0.0,0.0,0.0,0.0,0.0,0.0,0.0,0.0,0.0,0.0
-0.1,0.0,0.0,0.3,-0.2,0.0,-0.1,0.0,0.0,0.3,-0.2,0.0,0.0,0.0,0.0,-0.1790330781840589,0.23750120529125043,-0.4741457622627925,-0.15392899144952155,-0.4179259500106837,-0.8611240195006246,0.002245976068066723,-0.49850167969226383,-0.46955880908025527,0.5975642638055797,-0.25756681670682513,1.97202,-0.6768137609482027,0.7213302625306127,0.0,0.0,0.0,0.0,0.0,0.0,0.0,0.0,0.0,0.0,0.0,0.0,0.0,0.0,0.0,-0.5813094686526736,0.09787654768580803,-0.8048286463757756,3.060415726506478,5.182861581831742,-4.656339089646788,5.219106492843202,-2.023916674829164,-0.2999529949070365,12.2098837441526,4.435187406044126,0.0,-20.232897456732008,11.768201696720896,0.0,0.0,0.0,0.0,0.0,0.0,0.0,0.0,0.0,0.0,0.0,0.0,40.0,40.0,40.0,60.0,60.0,60.0,60.0,60.0,60.0,60.0,60.0,60.0,60.0,60.0,60.0,60.0,60.0,0.0,0.0,0.0,0.0,0.0,0.0,0.0,0.0,0.0,0.0,0.0,0.0,1.0,1.0,1.0,1.5,1.5,1.5,1.5,1.5,1.5,1.5,1.5,1.5,1.5,1.5,1.5,1.5,1.5,0.0,0.0,0.0,0.0,0.0,0.0,0.0,0.0,0.0,0.0,0.0,0.0,0.0,0.0,0.0,0.0,0.0,0.0,0.0,0.0,0.0,0.0,0.0,0.0,0.0,0.0,0.0,0.0,0.0
-0.1,0.0,0.0,0.3,-0.2,0.0,-0.1,0.0,0.0,0.3,-0.2,0.0,0.0,0.0,0.0,-0.18975939162080976,0.24086191576850738,-0.47892597209406745,-0.1058772446103815,-0.30336601296563986,-0.9296434872243681,0.1336957506432093,-0.5356314348146551,-0.45935935808553274,0.8191763254197991,-0.17329094772104975,1.97202,-1.0728572846711186,0.9197328252670959,0.0,0.0,0.0,0.0,0.0,0.0,0.0,0.0,0.0,0.0,0.0,0.0,0.0,0.0,0.0,-0.37228896351955904,0.1464724420718322,-0.1543252577454357,1.9614904870554617,4.500257572028823,-1.6250583957342994,5.535317937970143,-1.7202110113768085,0.7823150942157381,8.895499420194755,3.3194070113961347,0.0,-15.33464018361638,6.396803595522657,0.0,0.0,0.0,0.0,0.0,0.0,0.0,0.0,0.0,0.0,0.0,0.0,40.0,40.0,40.0,60.0,60.0,60.0,60.0,60.0,60.0,60.0,60.0,60.0,60.0,60.0,60.0,60.0,60.0,0.0,0.0,0.0,0.0,0.0,0.0,0.0,0.0,0.0,0.0,0.0,0.0,1.0,1.0,1.0,1.5,1.5,1.5,1.5,1.5,1.5,1.5,1.5,1.5,1.5,1.5,1.5,1.5,1.5,0.0,0.0,0.0,0.0,0.0,0.0,0.0,0.0,0.0,0.0,0.0,0.0,0.0,0.0,0.0,0.0,0.0,0.0,0.0,0.0,0.0,0.0,0.0,0.0,0.0,0.0,0.0,0.0,0.0
-0.1,0.0,0.0,0.3,-0.2,0.0,-0.1,0.0,0.0,0.3,-0.2,0.0,0.0,0.0,0.0,-0.19392463672484125,0.24336010297412372,-0.4803187725726099,-0.07546937196730308,-0.2379156471295308,-0.9261263553299965,0.22365869358687246,-0.5673101201473362,-0.43826620531162575,0.9533842406133699,-0.12479053625097973,1.97202,-1.2901993682928579,0.977202406351519,0.0,0.0,0.0,0.0,0.0,0.0,0.0,0.0,0.0,0.0,0.0,0.0,0.0,0.0,0.0,-0.0384292004858712,0.09186166722498085,0.03930840611569425,0.7880905362031942,3.3167928934197835,0.8553396769876181,4.169914942534179,-1.2370784484764696,0.7148106819517871,4.783643305192717,1.8954820417028437,0.0,-7.616352138706301,1.4041625528173978,0.0,0.0,0.0,0.0,0.0,0.0,0.0,0.0,0.0,0.0,0.0,0.0,40.0,40.0,40.0,60.0,60.0,60.0,60.0,60.0,60.0,60.0,60.0,60.0,60.0,60.0,60.0,60.0,60.0,0.0,0.0,0.0,0.0,0.0,0.0,0.0,0.0,0.0,0.0,0.0,0.0,1.0,1.0,1.0,1.5,1.5,1.5,1.5,1.5,1.5,1.5,1.5,1.5,1.5,1.5,1.5,1.5,1.5,0.0,0.0,0.0,0.0,0.0,0.0,0.0,0.0,0.0,0.0,0.0,0.0,0.0,0.0,0.0,0.0,0.0,0.0,0.0,0.0,0.0,0.0,0.0,0.0,0.0,0.0,0.0,0.0,0.0
-0.1,0.0,0.0,0.3,-0.2,0.0,-0.1,0.0,0.0,0.3,-0.2,0.0,0.0,0.0,0.0,-0.1912965596402446,0.2445363824575066,-0.4773536358494397,-0.07435362316225373,-0.17069429722884852,-0.8954299001448633,0.30049234834457644,-0.5851145727537139,-0.43076693080746126,1.0105220576275078,-0.097471666052936,1.97202,-1.3775113702193706,0.9758993273797918,0.0,0.0,0.0,0.0,0.0,0.0,0.0,0.0,0.0,0.0,0.0,0.0,0.0,0.0,0.0,0.2471837106008165,0.010566371864392798,0.08585687690922522,-0.1390807002854582,1.5499647185169545,2.0451598090631933,2.4303391666232717,-0.740940707105936,0.09366665750844133,1.893753403982451,0.8500362544145632,0.0,-1.919988217447538,-1.6915468500391577,0.0,0.0,0.0,0.0,0.0,0.0,0.0,0.0,0.0,0.0,0.0,0.0,40.0,40.0,40.0,60.0,60.0,60.0,60.0,60.0,60.0,60.0,60.0,60.0,60.0,60.0,60.0,60.0,60.0,0.0,0.0,0.0,0.0,0.0,0.0,0.0,0.0,0.0,0.0,0.0,0.0,1.0,1.0,1.0,1.5,1.5,1.5,1.5,1.5,1.5,1.5,1.5,1.5,1.5,1.5,1.5,1.5,1.5,0.0,0.0,0.0,0.0,0.0,0.0,0.0,0.0,0.0,0.0,0.0,0.0,0.0,0.0,0.0,0.0,0.0,0.0,0.0,0.0,0.0,0.0,0.0,0.0,0.0,0.0,0.0,0.0,0.0
-0.1,0.0,0.0,0.3,-0.2,0.0,-0.1,0.0,0.0,0.3,-0.2,0.0,0.0,0.0,0.0,-0.1840372883008086,0.24378275784869943,-0.4768844974962409,-0.0810325999787214,-0.17591705838885263,-0.8443199629674688,0.3208722602518033,-0.5969477484315736,-0.4345195390112881,1.029134376772668,-0.0907890860743972,1.97202,-1.3669988969907594,0.9095405323499527,0.0,0.0,0.0,0.0,0.0,0.0,0.0,0.0,0.0,0.0,0.0,0.0,0.0,0.0,0.0,0.45127266103313635,0.00229909801058234,-0.13290528347980474,-0.6703484422032776,-1.1331251365431865,2.856998198126731,0.5600865119649023,-0.39987762365205626,-0.41534187601997286,0.2077305644018479,-0.32226628794959356,0.0,2.0231610387307972,-4.4757300113187295,0.0,0.0,0.0,0.0,0.0,0.0,0.0,0.0,0.0,0.0,0.0,0.0,40.0,40.0,40.0,60.0,60.0,60.0,60.0,60.0,60.0,60.0,60.0,60.0,60.0,60.0,60.0,60.0,60.0,0.0,0.0,0.0,0.0,0.0,0.0,0.0,0.0,0.0,0.0,0.0,0.0,1.0,1.0,1.0,1.5,1.5,1.5,1.5,1.5,1.5,1.5,1.5,1.5,1.5,1.5,1.5,1.5,1.5,0.0,0.0,0.0,0.0,0.0,0.0,0.0,0.0,0.0,0.0,0.0,0.0,0.0,0.0,0.0,0.0,0.0,0.0,0.0,0.0,0.0,0.0,0.0,0.0,0.0,0.0,0.0,0.0,0.0
-0.1,0.0,0.0,0.3,-0.2,0.0,-0.1,0.0,0.0,0.3,-0.2,0.0,0.0,0.0,0.0,-0.17324565319891916,0.2446283463779299,-0.4826698471886319,-0.10116756085038484,-0.21601930269057598,-0.7811499722197941,0.32289580882317254,-0.6011096776997962,-0.44738060584826017,1.0188312802035817,-0.11036231757091974,1.97202,-1.2965849286701387,0.7968701269270426,0.0,0.0,0.0,0.0,0.0,0.0,0.0,0.0,0.0,0.0,0.0,0.0,0.0,0.0,0.0,0.5413243947112657,0.08847546478909785,-0.2926312214900334,-1.351750594872266,-1.5607097033505886,2.9989187683180125,0.4780993185330151,0.047892586680661764,-0.9020876694552787,-0.8972689780584436,-0.9384230218923616,0.0,3.5600670402887222,-5.811721488369392,0.0,0.0,0.0,0.0,0.0,0.0,0.0,0.0,0.0,0.0,0.0,0.0,40.0,40.0,40.0,60.0,60.0,60.0,60.0,60.0,60.0,60.0,60.0,60.0,60.0,60.0,60.0,60.0,60.0,0.0,0.0,0.0,0.0,0.0,0.0,0.0,0.0,0.0,0.0,0.0,0.0,1.0,1.0,1.0,1.5,1.5,1.5,1.5,1.5,1.5,1.5,1.5,1.5,1.5,1.5,1.5,1.5,1.5,0.0,0.0,0.0,0.0,0.0,0.0,0.0,0.0,0.0,0.0,0.0,0.0,0.0,0.0,0.0,0.0,0.0,0.0,0.0,0.0,0.0,0.0,0.0,0.0,0.0,0.0,0.0,0.0,0.0
-0.1,0.0,0.0,0.3,-0.2,0.0,-0.1,0.0,0.0,0.3,-0.2,0.0,0.0,0.0,0.0,-0.16238431251235796,0.24732177644026335,-0.48858974635584224,-0.13510262377361204,-0.23834544652287618,-0.7243632122347483,0.3399962329931239,-0.5950320449643471,-0.47060304578949924,0.9932436176503302,-0.12832600695009166,1.97202,-1.2245962153792105,0.677071672815177,0.0,0.0,0.0,0.0,0.0,0.0,0.0,0.0,0.0,0.0,0.0,0.0,0.0,0.0,0.0,0.4556194774390447,0.0852798353400061,-0.1950733135271887,-1.389507716369951,-0.42751361007912836,2.332731556404821,0.7499606112584725,0.45698766691145976,-0.8548270154752166,-1.5513963780787592,-1.33777564561581,0.0,3.3982080339170717,-5.118500942993348,0.0,0.0,0.0,0.0,0.0,0.0,0.0,0.0,0.0,0.0,0.0,0.0,40.0,40.0,40.0,60.0,60.0,60.0,60.0,60.0,60.0,60.0,60.0,60.0,60.0,60.0,60.0,60.0,60.0,0.0,0.0,0.0,0.0,0.0,0.0,0.0,0.0,0.0,0.0,0.0,0.0,1.0,1.0,1.0,1.5,1.5,1.5,1.5,1.5,1.5,1.5,1.5,1.5,1.5,1.5,1.5,1.5,1.5,0.0,0.0,0.0,0.0,0.0,0.0,0.0,0.0,0.0,0.0,0.0,0.0,0.0,0.0,0.0,0.0,0.0,0.0,0.0,0.0,0.0,0.0,0.0,0.0,0.0,0.0,0.0,0.0,0.0
-0.1,0.0,0.0,0.3,-0.2,0.0,-0.1,0.0,0.0,0.3,-0.2,0.0,0.0,0.0,0.0,-0.15502087410135737,0.24803953979153015,-0.4904727797297194,-0.15674786950518288,-0.23311984709374112,-0.6878407099636012,0.35289423327351144,-0.5828301710233378,-0.48157368646726884,0.9567754250804313,-0.16387334339555215,1.97202,-1.1606566073134559,0.5921300892073087,0.0,0.0,0.0,0.0,0.0,0.0,0.0,0.0,0.0,0.0,0.0,0.0,0.0,0.0,0.0,0.3347136037900204,-0.02115226593373265,-0.01988733773287399,-0.8026265205937515,0.2170043496020728,1.58378562527009,0.3750227373134754,0.5620399288347566,-0.4280658440826937,-1.8760608530687533,-1.4767149294875346,0.0,3.1472875246242316,-4.11141521563102,0.0,0.0,0.0,0.0,0.0,0.0,0.0,0.0,0.0,0.0,0.0,0.0,40.0,40.0,40.0,60.0,60.0,60.0,60.0,60.0,60.0,60.0,60.0,60.0,60.0,60.0,60.0,60.0,60.0,0.0,0.0,0.0,0.0,0.0,0.0,0.0,0.0,0.0,0.0,0.0,0.0,1.0,1.0,1.0,1.5,1.5,1.5,1.5,1.5,1.5,1.5,1.5,1.5,1.5,1.5,1.5,1.5,1.5,0.0,0.0,0.0,0.0,0.0,0.0,0.0,0.0,0.0,0.0,0.0,0.0,0.0,0.0,0.0,0.0,0.0,0.0,0.0,0.0,0.0,0.0,0.0,0.0,0.0,0.0,0.0,0.0,0.0
-0.1,0.0,0.0,0.3,-0.2,0.0,-0.1,0.0,0.0,0.3,-0.2,0.0,0.0,0.0,0.0,-0.14899576836075715,0.24647568580291404,-0.4893852398651572,-0.1672076845973621,-0.22966527253879326,-0.6610117872239447,0.35499714248566294,-0.5725504478109569,-0.487725679552807,0.9182011835275801,-0.18739460412959305,1.97202,-1.0987047143942412,0.5126150641899362,0.0,0.0,0.0,0.0,0.0,0.0,0.0,0.0,0.0,0.0,0.0,0.0,0.0,0.0,0.0,0.3626161409571324,-0.13225278154780293,0.01155278937525206,-0.3105316699807431,0.09976308056679484,1.399793695739826,-0.5560275244027663,0.3721716533105296,-0.1726378284311575,-1.9857976169910363,-1.3196409552589439,0.0,3.1525730333436583,-2.7768312882160333,0.0,0.0,0.0,0.0,0.0,0.0,0.0,0.0,0.0,0.0,0.0,0.0,40.0,40.0,40.0,60.0,60.0,60.0,60.0,60.0,60.0,60.0,60.0,60.0,60.0,60.0,60.0,60.0,60.0,0.0,0.0,0.0,0.0,0.0,0.0,0.0,0.0,0.0,0.0,0.0,0.0,1.0,1.0,1.0,1.5,1.5,1.5,1.5,1.5,1.5,1.5,1.5,1.5,1.5,1.5,1.5,1.5,1.5,0.0,0.0,0.0,0.0,0.0,0.0,0.0,0.0,0.0,0.0,0.0,0.0,0.0,0.0,0.0,0.0,0.0,0.0,0.0,0.0,0.0,0.0,0.0,0.0,0.0,0.0,0.0,0.0,0.0
-0.1,0.0,0.0,0.3,-0.2,0.0,-0.1,0.0,0.0,0.3,-0.2,0.0,0.0,0.0,0.0,-0.14051622846307207,0.24274942852961803,-0.49001066815470934,-0.1691691363044126,-0.22912932387106932,-0.6318489621340082,0.3306531322974008,-0.5679433048909166,-0.48847919960451514,0.8773435204007899,-0.2166589816059099,1.97202,-1.0345536859797095,0.48105683767866736,0.0,0.0,0.0,0.0,0.0,0.0,0.0,0.0,0.0,0.0,0.0,0.0,0.0,0.0,0.0,0.35663274869744893,-0.2788551643028464,0.0708410847634941,-0.07367499994625562,-0.15945107037923512,1.5723512909068231,-1.855598125819058,0.16983949989672065,0.1322739200546333,-1.8847245067142027,-1.2434788960132745,0.0,3.2988299099160097,-0.729202918736091,0.0,0.0,0.0,0.0,0.0,0.0,0.0,0.0,0.0,0.0,0.0,0.0,40.0,40.0,40.0,60.0,60.0,60.0,60.0,60.0,60.0,60.0,60.0,60.0,60.0,60.0,60.0,60.0,60.0,0.0,0.0,0.0,0.0,0.0,0.0,0.0,0.0,0.0,0.0,0.0,0.0,1.0,1.0,1.0,1.5,1.5,1.5,1.5,1.5,1.5,1.5,1.5,1.5,1.5,1.5,1.5,1.5,1.5,0.0,0.0,0.0,0.0,0.0,0.0,0.0,0.0,0.0,0.0,0.0,0.0,0.0,0.0,0.0,0.0,0.0,0.0,0.0,0.0,0.0,0.0,0.0,0.0,0.0,0.0,0.0,0.0,0.0
-0.1,0.0,0.0,0.3,-0.2,0.0,-0.1,0.0,0.0,0.3,-0.2,0.0,0.0,0.0,0.0,-0.1347304584128592,0.23532147923080018,-0.48655159647461743,-0.17015468459521232,-0.23604331535396267,-0.5981177355876718,0.2807732174529006,-0.565756867815088,-0.48243472275062166,0.842812203259012,-0.23713375997012404,1.97202,-0.9667515179976008,0.48344694744049255,0.0,0.0,0.0,0.0,0.0,0.0,0.0,0.0,0.0,0.0,0.0,0.0,0.0,0.0,0.0,0.21457944324397293,-0.255918596305868,0.4002702503866251,-0.20487843939346953,-0.5021361997940051,1.2488808853235223,-2.1304162825297754,0.3175341537329568,0.11090349744210248,-1.2915949122235841,-0.42610971063329617,0.0,2.525431252156346,0.5037364007446088,0.0,0.0,0.0,0.0,0.0,0.0,0.0,0.0,0.0,0.0,0.0,0.0,40.0,40.0,40.0,60.0,60.0,60.0,60.0,60.0,60.0,60.0,60.0,60.0,60.0,60.0,60.0,60.0,60.0,0.0,0.0,0.0,0.0,0.0,0.0,0.0,0.0,0.0,0.0,0.0,0.0,1.0,1.0,1.0,1.5,1.5,1.5,1.5,1.5,1.5,1.5,1.5,1.5,1.5,1.5,1.5,1.5,1.5,0.0,0.0,0.0,0.0,0.0,0.0,0.0,0.0,0.0,0.0,0.0,0.0,0.0,0.0,0.0,0.0,0.0,0.0,0.0,0.0,0.0,0.0,0.0,0.0,0.0,0.0,0.0,0.0,0.0
-0.1,0.0,0.0,0.3,-0.2,0.0,-0.1,0.0,0.0,0.3,-0.2,0.0,0.0,0.0,0.0,-0.13193305073331316,0.2325126846773833,-0.47399985813924433,-0.17736427388015139,-0.24921477186282953,-0.5818937267210673,0.24543648099620977,-0.5552419387415983,-0.48404305970683104,0.8256797239118465,-0.23370337003124175,1.97202,-0.9335364358934557,0.5012062937084517,0.0,0.0,0.0,0.0,0.0,0.0,0.0,0.0,0.0,0.0,0.0,0.0,0.0,0.0,0.0,0.22728823346421234,-0.18470115168884305,0.38168039037607543,-0.2299640796278278,-0.7765538793264082,0.7170002451628327,-1.7373266264746543,0.25217973571446395,0.007952137059692721,-0.5982380096161699,0.28675524564554383,0.0,1.5858711880123666,0.5962873702626936,0.0,0.0,0.0,0.0,0.0,0.0,0.0,0.0,0.0,0.0,0.0,0.0,40.0,40.0,40.0,60.0,60.0,60.0,60.0,60.0,60.0,60.0,60.0,60.0,60.0,60.0,60.0,60.0,60.0,0.0,0.0,0.0,0.0,0.0,0.0,0.0,0.0,0.0,0.0,0.0,0.0,1.0,1.0,1.0,1.5,1.5,1.5,1.5,1.5,1.5,1.5,1.5,1.5,1.5,1.5,1.5,1.5,1.5,0.0,0.0,0.0,0.0,0.0,0.0,0.0,0.0,0.0,0.0,0.0,0.0,0.0,0.0,0.0,0.0,0.0,0.0,0.0,0.0,0.0,0.0,0.0,0.0,0.0,0.0,0.0,0.0,0.0
-0.1,0.0,0.0,0.3,-0.2,0.0,-0.1,0.0,0.0,0.3,-0.2,0.0,0.0,0.0,0.0,-0.1256389290742907,0.22793343316324646,-0.4712843808595744,-0.17935324778032544,-0.267105470527019,-0.5694377257811585,0.21128015239391446,-0.5556696783865095,-0.48211663726823395,0.8188826828743652,-0.22566355014430228,1.97202,-0.9033166704771062,0.5072984422510003,0.0,0.0,0.0,0.0,0.0,0.0,0.0,0.0,0.0,0.0,0.0,0.0,0.0,0.0,0.0,0.1737649786904504,-0.24989874656294528,0.2055401001322843,-0.08000344090329584,-0.3333251682285862,1.3748531655227103,-0.987347625076513,0.03751452713870729,0.13983054345144685,-0.3817437718445976,0.10738649244868212,0.0,1.7277700057041157,0.625175494899663,0.0,0.0,0.0,0.0,0.0,0.0,0.0,0.0,0.0,0.0,0.0,0.0,40.0,40.0,40.0,60.0,60.0,60.0,60.0,60.0,60.0,60.0,60.0,60.0,60.0,60.0,60.0,60.0,60.0,0.0,0.0,0.0,0.0,0.0,0.0,0.0,0.0,0.0,0.0,0.0,0.0,1.0,1.0,1.0,1.5,1.5,1.5,1.5,1.5,1.5,1.5,1.5,1.5,1.5,1.5,1.5,1.5,1.5,0.0,0.0,0.0,0.0,0.0,0.0,0.0,0.0,0.0,0.0,0.0,0.0,0.0,0.0,0.0,0.0,0.0,0.0,0.0,0.0,0.0,0.0,0.0,0.0,0.0,0.0,0.0,0.0,0.0
-0.1,0.0,0.0,0.3,-0.2,0.0,-0.1,0.0,0.0,0.3,-0.2,0.0,0.0,0.0,0.0,-0.12498245158569514,0.2225167348148655,-0.46577825413395296,-0.18056441151628322,-0.262547778591973,-0.5268996001001589,0.20594257599314925,-0.55374135765605,-0.47844983796877316,0.8104099730380626,-0.22940791033329447,1.97202,-0.8644256356652911,0.5262133135044382,0.0,0.0,0.0,0.0,0.0,0.0,0.0,0.0,0.0,0.0,0.0,0.0,0.0,0.0,0.0,0.12690022841472004,-0.3390818500412444,0.1681948614925613,-0.17779662134955465,-0.7521591231866326,1.3098207950558631,-1.179431797169969,0.058018193875630786,0.3376294265132876,-0.5756027273987552,-0.1514711542486162,0.0,2.0639000791673716,0.7891400305640811,0.0,0.0,0.0,0.0,0.0,0.0,0.0,0.0,0.0,0.0,0.0,0.0,40.0,40.0,40.0,60.0,60.0,60.0,60.0,60.0,60.0,60.0,60.0,60.0,60.0,60.0,60.0,60.0,60.0,0.0,0.0,0.0,0.0,0.0,0.0,0.0,0.0,0.0,0.0,0.0,0.0,1.0,1.0,1.0,1.5,1.5,1.5,1.5,1.5,1.5,1.5,1.5,1.5,1.5,1.5,1.5,1.5,1.5,0.0,0.0,0.0,0.0,0.0,0.0,0.0,0.0,0.0,0.0,0.0,0.0,0.0,0.0,0.0,0.0,0.0,0.0,0.0,0.0,0.0,0.0,0.0,0.0,0.0,0.0,0.0,0.0,0.0
-0.1,0.0,0.0,0.3,-0.2,0.0,-0.1,0.0,0.0,0.3,-0.2,0.0,0.0,0.0,0.0,-0.12056291993770189,0.21437015916159669,-0.46455658639987196,-0.18646511263430762,-0.2971918354544843,-0.517044893978924,0.1641028805071157,-0.5533489506314843,-0.46861146020770245,0.795858573778415,-0.23172239631424693,1.97202,-0.8207606673104113,0.5388640434735635,0.0,0.0,0.0,0.0,0.0,0.0,0.0,0.0,0.0,0.0,0.0,0.0,0.0,0.0,0.0,0.23835359740132545,-0.33672799271848575,0.004810410700324674,-0.04247225459055662,-2.699440395563607,-0.873141277802475,-2.558209088940789,0.17199352796403444,0.3853110465102949,-0.577095112809009,0.11322087254480792,0.0,1.395082205700371,0.8977751913249343,0.0,0.0,0.0,0.0,0.0,0.0,0.0,0.0,0.0,0.0,0.0,0.0,40.0,40.0,40.0,60.0,60.0,60.0,60.0,60.0,60.0,60.0,60.0,60.0,60.0,60.0,60.0,60.0,60.0,0.0,0.0,0.0,0.0,0.0,0.0,0.0,0.0,0.0,0.0,0.0,0.0,1.0,1.0,1.0,1.5,1.5,1.5,1.5,1.5,1.5,1.5,1.5,1.5,1.5,1.5,1.5,1.5,1.5,0.0,0.0,0.0,0.0,0.0,0.0,0.0,0.0,0.0,0.0,0.0,0.0,0.0,0.0,0.0,0.0,0.0,0.0,0.0,0.0,0.0,0.0,0.0,0.0,0.0,0.0,0.0,0.0,0.0
-0.1,0.0,0.0,0.3,-0.2,0.0,-0.1,0.0,0.0,0.3,-0.2,0.0,0.0,0.0,0.0,-0.11544830768964212,0.20904761510612607,-0.46558583770594,-0.18226330169990548,-0.37052539441451726,-0.5618252512122579,0.10361421243551767,-0.5468616165374887,-0.46303739610836137,0.7873261685257023,-0.22487907543150215,1.97202,-0.8086223474372762,0.5621243211574356,0.0,0.0,0.0,0.0,0.0,0.0,0.0,0.0,0.0,0.0,0.0,0.0,0.0,0.0,0.0,0.15305302761943576,-0.24247318790936723,-0.2967510764200085,0.5600779958670914,-3.8640325032534295,-2.764772667187934,-3.091429238189335,0.29118097729149695,0.27467951773300636,-0.0038788344531193175,0.49552680207256766,0.0,-0.11663959173912886,1.432667540815541,0.0,0.0,0.0,0.0,0.0,0.0,0.0,0.0,0.0,0.0,0.0,0.0,40.0,40.0,40.0,60.0,60.0,60.0,60.0,60.0,60.0,60.0,60.0,60.0,60.0,60.0,60.0,60.0,60.0,0.0,0.0,0.0,0.0,0.0,0.0,0.0,0.0,0.0,0.0,0.0,0.0,1.0,1.0,1.0,1.5,1.5,1.5,1.5,1.5,1.5,1.5,1.5,1.5,1.5,1.5,1.5,1.5,1.5,0.0,0.0,0.0,0.0,0.0,0.0,0.0,0.0,0.0,0.0,0.0,0.0,0.0,0.0,0.0,0.0,0.0,0.0,0.0,0.0,0.0,0.0,0.0,0.0,0.0,0.0,0.0,0.0,0.0
-0.1,0.0,0.0,0.3,-0.2,0.0,-0.1,0.0,0.0,0.3,-0.2,0.0,0.0,0.0,0.0,-0.11444079883292446,0.204671231645222,-0.4764266294566723,-0.16406199279962397,-0.4517531355846215,-0.6276358006664413,0.04044571097954227,-0.5417017115398244,-0.4576242794983822,0.7957034204002902,-0.21190132423134422,1.97202,-0.8254262509799765,0.5961707451061852,0.0,0.0,0.0,0.0,0.0,0.0,0.0,0.0,0.0,0.0,0.0,0.0,0.0,0.0,0.0,-0.10554562991395428,-0.2741736934939662,-0.6119623277587305,1.1239764942333814,-3.0345286256036452,-2.5445654969928317,-1.4439401911463514,0.2505195565416285,0.5042220434503392,0.8885509529420438,0.6259512628680235,0.0,-2.3412890110292293,2.8319121023961222,0.0,0.0,0.0,0.0,0.0,0.0,0.0,0.0,0.0,0.0,0.0,0.0,40.0,40.0,40.0,60.0,60.0,60.0,60.0,60.0,60.0,60.0,60.0,60.0,60.0,60.0,60.0,60.0,60.0,0.0,0.0,0.0,0.0,0.0,0.0,0.0,0.0,0.0,0.0,0.0,0.0,1.0,1.0,1.0,1.5,1.5,1.5,1.5,1.5,1.5,1.5,1.5,1.5,1.5,1.5,1.5,1.5,1.5,0.0,0.0,0.0,0.0,0.0,0.0,0.0,0.0,0.0,0.0,0.0,0.0,0.0,0.0,0.0,0.0,0.0,0.0,0.0,0.0,0.0,0.0,0.0,0.0,0.0,0.0,0.0,0.0,0.0
-0.1,0.0,0.0,0.3,-0.2,0.0,-0.1,0.0,0.0,0.3,-0.2,0.0,0.0,0.0,0.0,-0.11967013288620029,0.19808066736636742,-0.4900643308162892,-0.13730424193057023,-0.4919065394386631,-0.6636078710919712,0.045856604789663614,-0.5368408342758235,-0.4428685143703478,0.822868206643384,-0.1998410249167812,1.97202,-0.9022739078784454,0.6754008052532805,0.0,0.0,0.0,0.0,0.0,0.0,0.0,0.0,0.0,0.0,0.0,0.0,0.0,0.0,0.0,-0.10464374710919926,-0.1986500297353408,-0.7928159300950934,0.9891121509101635,-2.4697210499353055,-2.104040749013769,0.07323073335533496,0.08848248101505085,0.7346305936510019,1.8796443023576996,1.0148484217254714,0.0,-5.079856699993399,4.048856576200261,0.0,0.0,0.0,0.0,0.0,0.0,0.0,0.0,0.0,0.0,0.0,0.0,40.0,40.0,40.0,60.0,60.0,60.0,60.0,60.0,60.0,60.0,60.0,60.0,60.0,60.0,60.0,60.0,60.0,0.0,0.0,0.0,0.0,0.0,0.0,0.0,0.0,0.0,0.0,0.0,0.0,1.0,1.0,1.0,1.5,1.5,1.5,1.5,1.5,1.5,1.5,1.5,1.5,1.5,1.5,1.5,1.5,1.5,0.0,0.0,0.0,0.0,0.0,0.0,0.0,0.0,0.0,0.0,0.0,0.0,0.0,0.0,0.0,0.0,0.0,0.0,0.0,0.0,0.0,0.0,0.0,0.0,0.0,0.0,0.0,0.0,0.0
-0.1,0.0,0.0,0.3,-0.2,0.0,-0.1,0.0,0.0,0.3,-0.2,0.0,0.0,0.0,0.0,-0.11862654871729243,0.19672523045580836,-0.508139266660476,-0.12449750676321743,-0.5505419775820337,-0.7117974306269921,0.04337494031375567,-0.5381624122992223,-0.4282390557523421,0.8708891924945982,-0.17130738736232537,1.97202,-1.0286205189797124,0.7581250081541956,0.0,0.0,0.0,0.0,0.0,0.0,0.0,0.0,0.0,0.0,0.0,0.0,0.0,0.0,0.0,-0.19637349008074373,-0.06947114808953311,-0.789877680644735,0.6313127449070792,-1.3772024169745225,-1.9757308451629652,2.4792551086201944,0.05175309298122155,0.7928666389246719,2.3534644855758264,1.0917505721687406,0.0,-5.5216794773052245,3.3541036461137983,0.0,0.0,0.0,0.0,0.0,0.0,0.0,0.0,0.0,0.0,0.0,0.0,40.0,40.0,40.0,60.0,60.0,60.0,60.0,60.0,60.0,60.0,60.0,60.0,60.0,60.0,60.0,60.0,60.0,0.0,0.0,0.0,0.0,0.0,0.0,0.0,0.0,0.0,0.0,0.0,0.0,1.0,1.0,1.0,1.5,1.5,1.5,1.5,1.5,1.5,1.5,1.5,1.5,1.5,1.5,1.5,1.5,1.5,0.0,0.0,0.0,0.0,0.0,0.0,0.0,0.0,0.0,0.0,0.0,0.0,0.0,0.0,0.0,0.0,0.0,0.0,0.0,0.0,0.0,0.0,0.0,0.0,0.0,0.0,0.0,0.0,0.0
-0.1,0.0,0.0,0.3,-0.2,0.0,-0.1,0.0,0.0,0.3,-0.2,0.0,0.0,0.0,0.0,-0.12752507248943004,0.1953018214427861,-0.5216594380420786,-0.11205173213428705,-0.546994636117644,-0.7426371048984898,0.14502680913447138,-0.5347707105565747,-0.4111538488133609,0.9170067860664171,-0.1561710020300316,1.97202,-1.1231410869706544,0.8095649510978324,0.0,0.0,0.0,0.0,0.0,0.0,0.0,0.0,0.0,0.0,0.0,0.0,0.0,0.0,0.0,-0.40834279965689424,-0.01984750887467565,-0.7723134107557622,0.3514940446721956,0.06274986349471823,-1.8794909386086411,5.399903099868874,0.28777982005408764,0.796519863079724,1.6870962638300706,0.4854725830311858,0.0,-3.392924417855597,0.890456814716506,0.0,0.0,0.0,0.0,0.0,0.0,0.0,0.0,0.0,0.0,0.0,0.0,40.0,40.0,40.0,60.0,60.0,60.0,60.0,60.0,60.0,60.0,60.0,60.0,60.0,60.0,60.0,60.0,60.0,0.0,0.0,0.0,0.0,0.0,0.0,0.0,0.0,0.0,0.0,0.0,0.0,1.0,1.0,1.0,1.5,1.5,1.5,1.5,1.5,1.5,1.5,1.5,1.5,1.5,1.5,1.5,1.5,1.5,0.0,0.0,0.0,0.0,0.0,0.0,0.0,0.0,0.0,0.0,0.0,0.0,0.0,0.0,0.0,0.0,0.0,0.0,0.0,0.0,0.0,0.0,0.0,0.0,0.0,0.0,0.0,0.0,0.0
-0.1,0.0,0.0,0.3,-0.2,0.0,-0.1,0.0,0.0,0.3,-0.2,0.0,0.0,0.0,0.0,-0.1349602607035682,0.19593133010082134,-0.5390318030907065,-0.1104377449763296,-0.548031983042245,-0.7869770681713377,0.25937106430851065,-0.5266512194970588,-0.39637826122915315,0.938373043047801,-0.15188848404107794,1.97202,-1.1643374956939363,0.7937432807428558,0.0,0.0,0.0,0.0,0.0,0.0,0.0,0.0,0.0,0.0,0.0,0.0,0.0,0.0,0.0,-0.12180548321206325,0.04874498518091311,-1.232719231681642,0.13762512457270065,-0.6354626954745396,-3.177050137148468,4.142043019786482,0.3347068054285057,0.40035798061855143,0.5652985860984228,0.2179109371295264,0.0,-1.5090486968775518,-1.6952139530612502,0.0,0.0,0.0,0.0,0.0,0.0,0.0,0.0,0.0,0.0,0.0,0.0,40.0,40.0,40.0,60.0,60.0,60.0,60.0,60.0,60.0,60.0,60.0,60.0,60.0,60.0,60.0,60.0,60.0,0.0,0.0,0.0,0.0,0.0,0.0,0.0,0.0,0.0,0.0,0.0,0.0,1.0,1.0,1.0,1.5,1.5,1.5,1.5,1.5,1.5,1.5,1.5,1.5,1.5,1.5,1.5,1.5,1.5,0.0,0.0,0.0,0.0,0.0,0.0,0.0,0.0,0.0,0.0,0.0,0.0,0.0,0.0,0.0,0.0,0.0,0.0,0.0,0.0,0.0,0.0,0.0,0.0,0.0,0.0,0.0,0.0,0.0
-0.1,0.0,0.0,0.3,-0.2,0.0,-0.1,0.0,0.0,0.3,-0.2,0.0,0.0,0.0,0.0,-0.13239729181791257,0.19725162085002262,-0.5709682073093443,-0.10654672715137903,-0.5724131439366256,-0.8697191103844285,0.3107085299259307,-0.5213824383394344,-0.39513952958861887,0.939618729510354,-0.14745456454485054,1.97202,-1.1835030348457565,0.7417563929753824,0.0,0.0,0.0,0.0,0.0,0.0,0.0,0.0,0.0,0.0,0.0,0.0,0.0,0.0,0.0,0.099151057943829,-0.013652915989713355,-1.7394085917946334,0.5928999155912564,-2.4402199931871147,-4.69728443464538,0.5605359449309982,0.45839926201065584,0.3939096635389813,-0.03830363574387208,-0.26367859157774076,0.0,-1.9091649437951552,-1.5269686856791198,0.0,0.0,0.0,0.0,0.0,0.0,0.0,0.0,0.0,0.0,0.0,0.0,40.0,40.0,40.0,60.0,60.0,60.0,60.0,60.0,60.0,60.0,60.0,60.0,60.0,60.0,60.0,60.0,60.0,0.0,0.0,0.0,0.0,0.0,0.0,0.0,0.0,0.0,0.0,0.0,0.0,1.0,1.0,1.0,1.5,1.5,1.5,1.5,1.5,1.5,1.5,1.5,1.5,1.5,1.5,1.5,1.5,1.5,0.0,0.0,0.0,0.0,0.0,0.0,0.0,0.0,0.0,0.0,0.0,0.0,0.0,0.0,0.0,0.0,0.0,0.0,0.0,0.0,0.0,0.0,0.0,0.0,0.0,0.0,0.0,0.0,0.0
-0.1,0.0,0.0,0.3,-0.2,0.0,-0.1,0.0,0.0,0.3,-0.2,0.0,0.0,0.0,0.0,-0.13099421838581504,0.1953852134612328,-0.6086081467624919,-0.08672174835267935,-0.6456407827697296,-0.9748684455571529,0.2817925021057506,-0.5083152490166326,-0.3806218746875939,0.9368408976180461,-0.16243562770418757,1.97202,-1.2407040934457425,0.732664533315691,0.0,0.0,0.0,0.0,0.0,0.0,0.0,0.0,0.0,0.0,0.0,0.0,0.0,0.0,0.0,-0.14840938017914723,-0.08849560862427622,-1.7364142303277763,1.044162749271231,-2.418650515570675,-4.821311460780272,0.5418883942965913,0.5691167938076571,0.7423328147328836,0.0016615236897915553,-0.7547892236496427,0.0,-2.874791126347831,0.0065305612132471325,0.0,0.0,0.0,0.0,0.0,0.0,0.0,0.0,0.0,0.0,0.0,0.0,40.0,40.0,40.0,60.0,60.0,60.0,60.0,60.0,60.0,60.0,60.0,60.0,60.0,60.0,60.0,60.0,60.0,0.0,0.0,0.0,0.0,0.0,0.0,0.0,0.0,0.0,0.0,0.0,0.0,1.0,1.0,1.0,1.5,1.5,1.5,1.5,1.5,1.5,1.5,1.5,1.5,1.5,1.5,1.5,1.5,1.5,0.0,0.0,0.0,0.0,0.0,0.0,0.0,0.0,0.0,0.0,0.0,0.0,0.0,0.0,0.0,0.0,0.0,0.0,0.0,0.0,0.0,0.0,0.0,0.0,0.0,0.0,0.0,0.0,0.0
-0.1,0.0,0.0,0.3,-0.2,0.0,-0.1,0.0,0.0,0.3,-0.2,0.0,0.0,0.0,0.0,-0.13833366702507846,0.19371179650505158,-0.6404247765224553,-0.06478021718052979,-0.6691591645594526,-1.0625715688156394,0.33238406569779433,-0.49861776658712814,-0.3654462169993035,0.9396851904579456,-0.17764613349083624,1.97202,-1.2984946798996697,0.7420176154239123,0.0,0.0,0.0,0.0,0.0,0.0,0.0,0.0,0.0,0.0,0.0,0.0,0.0,0.0,0.0,-0.40443158073888014,-0.01705137304240309,-1.4966048806606262,0.9115029322893758,-1.0176577790026786,-3.8915381151384847,2.152859784076337,0.4433886767154213,0.8277206913753915,0.21688928764887483,-0.6897172853217205,0.0,-3.081387396351337,0.5818657032473168,0.0,0.0,0.0,0.0,0.0,0.0,0.0,0.0,0.0,0.0,0.0,0.0,40.0,40.0,40.0,60.0,60.0,60.0,60.0,60.0,60.0,60.0,60.0,60.0,60.0,60.0,60.0,60.0,60.0,0.0,0.0,0.0,0.0,0.0,0.0,0.0,0.0,0.0,0.0,0.0,0.0,1.0,1.0,1.0,1.5,1.5,1.5,1.5,1.5,1.5,1.5,1.5,1.5,1.5,1.5,1.5,1.5,1.5,0.0,0.0,0.0,0.0,0.0,0.0,0.0,0.0,0.0,0.0,0.0,0.0,0.0,0.0,0.0,0.0,0.0,0.0,0.0,0.0,0.0,0.0,0.0,0.0,0.0,0.0,0.0,0.0,0.0
-0.1,0.0,0.0,0.3,-0.2,0.0,-0.1,0.0,0.0,0.3,-0.2,0.0,0.0,0.0,0.0,-0.14717148161537025,0.19470315853953668,-0.6684723419889169,-0.05026163106110431,-0.6863470939298367,-1.1305299701626923,0.36790689346880406,-0.49057970194801576,-0.34751304703257824,0.9455164691240011,-0.1900243191170564,1.97202,-1.363959589299796,0.7559391614455837,0.0,0.0,0.0,0.0,0.0,0.0,0.0,0.0,0.0,0.0,0.0,0.0,0.0,0.0,0.0,-0.411603212432074,0.04692702987313946,-1.2727131132827862,0.5921206073450188,-1.5428064270036927,-3.127986786083925,0.18708938727442642,0.3987126358203294,0.903054715710512,0.2334735247166514,-0.525705690551067,0.0,-3.173004737790286,0.5338664223578343,0.0,0.0,0.0,0.0,0.0,0.0,0.0,0.0,0.0,0.0,0.0,0.0,40.0,40.0,40.0,60.0,60.0,60.0,60.0,60.0,60.0,60.0,60.0,60.0,60.0,60.0,60.0,60.0,60.0,0.0,0.0,0.0,0.0,0.0,0.0,0.0,0.0,0.0,0.0,0.0,0.0,1.0,1.0,1.0,1.5,1.5,1.5,1.5,1.5,1.5,1.5,1.5,1.5,1.5,1.5,1.5,1.5,1.5,0.0,0.0,0.0,0.0,0.0,0.0,0.0,0.0,0.0,0.0,0.0,0.0,0.0,0.0,0.0,0.0,0.0,0.0,0.0,0.0,0.0,0.0,0.0,0.0,0.0,0.0,0.0,0.0,0.0
-0.1,0.0,0.0,0.3,-0.2,0.0,-0.1,0.0,0.0,0.3,-0.2,0.0,0.0,0.0,0.0,-0.15479779552236142,0.19558887769997715,-0.6913333010537668,-0.04109539288672903,-0.7308714216396003,-1.1876910402589964,0.3398676411887714,-0.48266926115431497,-0.32932402837088304,0.9490241314466117,-0.19867436111287892,1.97202,-1.4254148694112811,0.7633722723182257,0.0,0.0,0.0,0.0,0.0,0.0,0.0,0.0,0.0,0.0,0.0,0.0,0.0,0.0,0.0,-0.3087867631775563,-0.021067864593943275,-1.1611786170624554,0.39475959474588124,-2.5724705012969027,-2.8892671695296412,-2.147154145037031,0.322890402537164,0.8347081038128326,0.08755226569476804,-0.34670428506379386,0.0,-2.897202175596081,0.14284670068375194,0.0,0.0,0.0,0.0,0.0,0.0,0.0,0.0,0.0,0.0,0.0,0.0,40.0,40.0,40.0,60.0,60.0,60.0,60.0,60.0,60.0,60.0,60.0,60.0,60.0,60.0,60.0,60.0,60.0,0.0,0.0,0.0,0.0,0.0,0.0,0.0,0.0,0.0,0.0,0.0,0.0,1.0,1.0,1.0,1.5,1.5,1.5,1.5,1.5,1.5,1.5,1.5,1.5,1.5,1.5,1.5,1.5,1.5,0.0,0.0,0.0,0.0,0.0,0.0,0.0,0.0,0.0,0.0,0.0,0.0,0.0,0.0,0.0,0.0,0.0,0.0,0.0,0.0,0.0,0.0,0.0,0.0,0.0,0.0,0.0,0.0,0.0
-0.1,0.0,0.0,0.3,-0.2,0.0,-0.1,0.0,0.0,0.3,-0.2,0.0,0.0,0.0,0.0,-0.1595229521424725,0.19386044395577895,-0.7149194866714151,-0.03447124727126906,-0.7892459139817128,-1.246100656943878,0.28202072766732283,-0.4776640858465292,-0.31412472288006493,0.9490185597517918,-0.20389249051960814,1.97202,-1.4798476763236392,0.7616530294729338,0.0,0.0,0.0,0.0,0.0,0.0,0.0,0.0,0.0,0.0,0.0,0.0,0.0,0.0,0.0,-0.2362578310055541,-0.151775509825878,-1.1974399447024306,0.3312072807729986,-3.2649787329144635,-2.951694498958638,-3.6375372071079166,0.2502587653892885,0.7599652745409052,-0.0008357542229775652,-0.2609064703364611,0.0,-2.721640345617904,-0.25788642679379076,0.0,0.0,0.0,0.0,0.0,0.0,0.0,0.0,0.0,0.0,0.0,0.0,40.0,40.0,40.0,60.0,60.0,60.0,60.0,60.0,60.0,60.0,60.0,60.0,60.0,60.0,60.0,60.0,60.0,0.0,0.0,0.0,0.0,0.0,0.0,0.0,0.0,0.0,0.0,0.0,0.0,1.0,1.0,1.0,1.5,1.5,1.5,1.5,1.5,1.5,1.5,1.5,1.5,1.5,1.5,1.5,1.5,1.5,0.0,0.0,0.0,0.0,0.0,0.0,0.0,0.0,0.0,0.0,0.0,0.0,0.0,0.0,0.0,0.0,0.0,0.0,0.0,0.0,0.0,0.0,0.0,0.0,0.0,0.0,0.0,0.0,0.0
