Lq_00,Lq_01,Lq_02,Lq_03,Lq_04,Lq_05,Lq_06,Lq_07,Lq_08,Lq_09,Lq_10,Lq_11,Lq_12,Lq_13,Lq_14,Lq_15,Lq_16,Lq_17,Lq_18,Lq_19,Ldq_00,Ldq_01,Ldq_02,Ldq_03,Ldq_04,Ldq_05,Ldq_06,Ldq_07,Ldq_08,Ldq_09,Ldq_10,Ldq_11,Ldq_12,Ldq_13,Ldq_14,Ldq_15,Ldq_16,Ldq_17,Ldq_18,Ldq_19,Lkp_00,Lkp_01,Lkp_02,Lkp_03,Lkp_04,Lkp_05,Lkp_06,Lkp_07,Lkp_08,Lkp_09,Lkp_10,Lkp_11,Lkp_12,Lkp_13,Lkp_14,Lkp_15,Lkp_16,Lkp_17,Lkp_18,Lkp_19,Lkd_00,Lkd_01,Lkd_02,Lkd_03,Lkd_04,Lkd_05,Lkd_06,Lkd_07,Lkd_08,Lkd_09,Lkd_10,Lkd_11,Lkd_12,Lkd_13,Lkd_14,Lkd_15,Lkd_16,Lkd_17,Lkd_18,Lkd_19,Ltau_00,Ltau_01,Ltau_02,Ltau_03,Ltau_04,Ltau_05,Ltau_06,Ltau_07,Ltau_08,Ltau_09,Ltau_10,Ltau_11,Ltau_12,Ltau_13,Ltau_14,Ltau_15,Ltau_16,Ltau_17,Ltau_18,Ltau_19,Rq_00,Rq_01,Rq_02,Rq_03,Rq_04,Rq_05,Rq_06,Rq_07,Rq_08,Rq_09,Rq_10,Rq_11,Rq_12,Rq_13,Rq_14,Rq_15,Rq_16,Rq_17,Rq_18,Rq_19,Rdq_00,Rdq_01,Rdq_02,Rdq_03,Rdq_04,Rdq_05,Rdq_06,Rdq_07,Rdq_08,Rdq_09,Rdq_10,Rdq_11,Rdq_12,Rdq_13,Rdq_14,Rdq_15,Rdq_16,Rdq_17,Rdq_18,Rdq_19,Rkp_00,Rkp_01,Rkp_02,Rkp_03,Rkp_04,Rkp_05,Rkp_06,Rkp_07,Rkp_08,Rkp_09,Rkp_10,Rkp_11,Rkp_12,Rkp_13,Rkp_14,Rkp_15,Rkp_16,Rkp_17,Rkp_18,Rkp_19,Rkd_00,Rkd_01,Rkd_02,Rkd_03,Rkd_04,Rkd_05,Rkd_06,Rkd_07,Rkd_08,Rkd_09,Rkd_10,Rkd_11,Rkd_12,Rkd_13,Rkd_14,Rkd_15,Rkd_16,Rkd_17,Rkd_18,Rkd_19,Rtau_00,Rtau_01,Rtau_02,Rtau_03,Rtau_04,Rtau_05,Rtau_06,Rtau_07,Rtau_08,Rtau_09,Rtau_10,Rtau_11,Rtau_12,Rtau_13,Rtau_14,Rtau_15,Rtau_16,Rtau_17,Rtau_18,Rtau_19
0.0,0.0,0.0,0.0,0.0,0.0,0.0,0.0,0.0,0.0,0.0,0.0,0.0,0.0,0.0,0.0,0.0,0.0,0.0,0.0,0.08117907373696277,0.016820366764949128,0.03648788897390273,0.0618590584925523,0.10318151485728384,-0.010241740004380426,0.14401409248826164,0.06726455977991205,0.11243907655621976,0.0036137107263263953,0.14277228881265647,0.05069579689896803,0.11265114373630489,0.001875848671523656,0.1397973947115971,0.03495568197864288,0.11500471470340719,0.0018688922612949673,0.14406060136637003,0.059713230876581085,3.0,3.0,3.0,3.0,3.0,3.0,3.0,3.0,3.0,3.0,3.0,3.0,3.0,3.0,3.0,3.0,3.0,3.0,3.0,3.0,0.05,0.05,0.05,0.05,0.05,0.05,0.05,0.05,0.05,0.05,0.05,0.05,0.05,0.05,0.05,0.05,0.05,0.05,0.05,0.05,0.0,0.0,0.0,0.0,0.0,0.0,0.0,0.0,0.0,0.0,0.0,0.0,0.0,0.0,0.0,0.0,0.0,0.0,0.0,0.0,0.0,0.0,0.0,0.0,0.0,0.0,0.0,0.0,0.0,0.0,0.0,0.0,0.0,0.0,0.0,0.0,0.0,0.0,0.0,0.0,0.07255386647918723,0.04792813615895798,0.036249887135148935,0.03160775784962794,0.061794766482027745,0.0010282415178007364,0.03417236492991092,0.046499687200169365,0.07057061483188855,-0.0026417401352337192,0.024953825787285354,0.04950233141372104,0.0965957801099506,-0.0024968608570443344,0.12328634386044883,0.08474216933351705,0.09802632446277079,-0.007816257664064675,0.13434668723818563,0.08748867102850448,3.0,3.0,3.0,3.0,3.0,3.0,3.0,3.0,3.0,3.0,3.0,3.0,3.0,3.0,3.0,3.0,3.0,3.0,3.0,3.0,0.05,0.05,0.05,0.05,0.05,0.05,0.05,0.05,0.05,0.05,0.05,0.05,0.05,0.05,0.05,0.05,0.05,0.05,0.05,0.05,0.0,0.0,0.0,0.0,0.0,0.0,0.0,0.0,0.0,0.0,0.0,0.0,0.0,0.0,0.0,0.0,0.0,0.0,0.0,0.0
0.0016235814747392555,0.0003364073352989826,0.0007297577794780546,0.001237181169851046,0.002063630297145677,-0.0002048348000876085,0.0028802818497652327,0.0013452911955982411,0.0022487815311243954,7.227421452652791e-05,0.0028554457762531293,0.0010139159379793606,0.002253022874726098,3.751697343047312e-05,0.0027959478942319424,0.0006991136395728576,0.002300094294068144,3.7377845225899346e-05,0.0028812120273274005,0.0011942646175316218,0.29664859938289057,0.06347832720522216,0.13174882081674505,0.22519736758578168,0.3721951566695695,-0.03617508081280344,0.5243617998360937,0.2478184888949414,0.40653135957909087,0.012895324996842433,0.520739397721467,0.18609085717547202,0.407193585516178,0.006543116080041739,0.5115027890309057,0.12937628185485078,0.41282898493679226,0.005213960151235871,0.5245311407569154,0.21738594742443895,3.0,3.0,3.0,3.0,3.0,3.0,3.0,3.0,3.0,3.0,3.0,3.0,3.0,3.0,3.0,3.0,3.0,3.0,3.0,3.0,0.05,0.05,0.05,0.05,0.05,0.05,0.05,0.05,0.05,0.05,0.05,0.05,0.05,0.05,0.05,0.05,0.05,0.05,0.05,0.05,0.0,0.0,0.0,0.0,0.0,0.0,0.0,0.0,0.0,0.0,0.0,0.0,0.0,0.0,0.0,0.0,0.0,0.0,0.0,0.0,0.0014510773295837445,0.0009585627231791596,0.0007249977427029788,0.0006321551569925587,0.001235895329640555,2.056483035601473e-05,0.0006834472985982184,0.0009299937440033873,0.0014114122966377711,-5.2834802704674386e-05,0.0004990765157457071,0.0009900466282744208,0.001931915602199012,-4.9937217140886685e-05,0.0024657268772089766,0.001694843386670341,0.001960526489255416,-0.0001563251532812935,0.002686933744763713,0.0017497734205700896,0.27380202657366176,0.15618980197404445,0.12400124157704229,0.11380313370702391,0.24189553284751586,0.01068594697088384,0.13782160018422537,0.1750229848679673,0.26992769199494726,-0.009149094856822502,0.13141718307299988,0.20514366858309235,0.35323337357576395,-0.008495973012595689,0.4394360968406363,0.3020557821417966,0.3626375470249262,-0.026891045563398244,0.4895583855278618,0.3121825104925675,3.0,3.0,3.0,3.0,3.0,3.0,3.0,3.0,3.0,3.0,3.0,3.0,3.0,3.0,3.0,3.0,3.0,3.0,3.0,3.0,0.05,0.05,0.05,0.05,0.05,0.05,0.05,0.05,0.05,0.05,0.05,0.05,0.05,0.05,0.05,0.05,0.05,0.05,0.05,0.05,0.0,0.0,0.0,0.0,0.0,0.0,0.0,0.0,0.0,0.0,0.0,0.0,0.0,0.0,0.0,0.0,0.0,0.0,0.0,0.0
0.011865943975315622,0.0025391330882088867,0.005269952832669802,0.009007894703431267,0.01488780626678278,-0.0014470032325121377,0.02097447199344375,0.009912739555797656,0.016261254383163636,0.0005158129998736973,0.020829575908858682,0.007443634287018881,0.01628774342064712,0.00026172464320166957,0.02046011156123623,0.005175051274194031,0.01651315939747169,0.00020855840604943484,0.020981245630276618,0.008695437896977559,0.8681737166781553,0.20144753794231512,0.381639431182262,0.6573096997011271,1.0594987004727792,-0.09630475327839959,1.532078736293146,0.7306554243098329,1.166437328798051,0.038523769156357426,1.518815950185323,0.554930464548646,1.1662651053749684,0.018529160822129236,1.496504694580123,0.3934742406496528,1.1702353203412448,0.010070800259505968,1.5325735160884257,0.6328528491377959,3.0,3.0,3.0,3.0,3.0,3.0,3.0,3.0,3.0,3.0,3.0,3.0,3.0,3.0,3.0,3.0,3.0,3.0,3.0,3.0,0.05,0.05,0.05,0.05,0.05,0.05,0.05,0.05,0.05,0.05,0.05,0.05,0.05,0.05,0.05,0.05,0.05,0.05,0.05,0.05,0.0,0.0,0.0,0.0,0.0,0.0,0.0,0.0,0.0,0.0,0.0,0.0,0.0,0.0,0.0,0.0,0.0,0.0,0.0,0.0,0.010952081062946472,0.006247592078961778,0.004960049663081691,0.004552125348280957,0.009675821313900634,0.00042743787883535363,0.005512864007369015,0.007000919394718692,0.01079710767979789,-0.0003659637942729001,0.005256687322919995,0.008205746743323694,0.014129334943030558,-0.00033983892050382753,0.01757744387362545,0.012082231285671865,0.014505501880997047,-0.0010756418225359298,0.019582335421114472,0.012487300419702701,0.8237033019601048,0.3954804099410929,0.3366527776317499,0.3369670924950017,0.7647586213489943,0.038876277799729374,0.4595483488623448,0.5382290632085013,0.8365858818939942,-0.03239222985574368,0.5146455806796014,0.6741106670240032,1.036287355765206,-0.01981799667051869,1.249585200367546,0.8589198183347894,1.055968801710161,-0.06893646830325467,1.4143655442109437,0.8844666888179361,3.0,3.0,3.0,3.0,3.0,3.0,3.0,3.0,3.0,3.0,3.0,3.0,3.0,3.0,3.0,3.0,3.0,3.0,3.0,3.0,0.05,0.05,0.05,0.05,0.05,0.05,0.05,0.05,0.05,0.05,0.05,0.05,0.05,0.05,0.05,0.05,0.05,0.05,0.05,0.05,0.0,0.0,0.0,0.0,0.0,0.0,0.0,0.0,0.0,0.0,0.0,0.0,0.0,0.0,0.0,0.0,0.0,0.0,0.0,0.0
0.03635053014186547,0.008394308852991588,0.015995335026768535,0.02752956915789613,0.044443578316056845,-0.004057024931223592,0.06416343130149108,0.030571508167991555,0.04890627468304643,0.001613224980780825,0.06360808378366604,0.0232111345199252,0.04890362708972484,0.0007786834063156425,0.06265613567743687,0.01643808326555897,0.04910950710771794,0.00044020985560613813,0.06418415267086443,0.02650837858304346,1.6396499169375431,0.4279167016074439,0.7196577794419075,1.244707840509754,1.913353633832322,-0.15947442548267604,2.8724631926865354,1.3805287107387696,2.14637995597594,0.07541910825446327,2.841413179374906,1.0688548828901427,2.129636131073734,0.03303374202147341,2.810710683311181,0.7789487652632279,2.0950946834311663,0.011179613550958572,2.9067737380313976,1.1801784753638067,3.0,3.0,3.0,3.0,3.0,3.0,3.0,3.0,3.0,3.0,3.0,3.0,3.0,3.0,3.0,3.0,3.0,3.0,3.0,3.0,0.05,0.05,0.05,0.05,0.05,0.05,0.05,0.05,0.05,0.05,0.05,0.05,0.05,0.05,0.05,0.05,0.05,0.05,0.05,0.05,0.0,0.0,0.0,0.0,0.0,0.0,0.0,0.0,0.0,0.0,0.0,0.0,0.0,0.0,0.0,0.0,0.0,0.0,0.0,0.0,0.034399209407987935,0.016777779120822876,0.014191108847972976,0.014110838856792625,0.03182624018360033,0.0015756159423451896,0.019065381253092012,0.022459156272343437,0.03487484757239754,-0.0013485239969344214,0.021084899742929767,0.027954473309234548,0.04338340983280725,-0.0008426570839616343,0.05244913489191082,0.03605163612006192,0.044199278557661856,-0.0029137838854114808,0.05926155551320146,0.03712844097328753,1.6114645097291938,0.6575595206185869,0.581935844650614,0.6738163636210428,1.4814521307114923,0.04069203752748313,1.0716035381730074,1.1329467121612025,1.632637681820459,-0.0789057772619386,1.1762905264015913,1.3686104218133452,1.9447072697974788,-0.008730276104056292,2.223519499250257,1.533010426169053,1.9680560303767132,-0.05950705898806453,2.564236952632406,1.5451060262443717,3.0,3.0,3.0,3.0,3.0,3.0,3.0,3.0,3.0,3.0,3.0,3.0,3.0,3.0,3.0,3.0,3.0,3.0,3.0,3.0,0.05,0.05,0.05,0.05,0.05,0.05,0.05,0.05,0.05,0.05,0.05,0.05,0.05,0.05,0.05,0.05,0.05,0.05,0.05,0.05,0.0,0.0,0.0,0.0,0.0,0.0,0.0,0.0,0.0,0.0,0.0,0.0,0.0,0.0,0.0,0.0,0.0,0.0,0.0,0.0
0.07745194065281735,0.019655801152506643,0.0340562640103461,0.05879620832382143,0.09142195162007566,-0.00782598025181918,0.13587299970090516,0.06513388798534844,0.10211645262220123,0.003532577330052228,0.13448610308385492,0.05019782960262459,0.10147318866359649,0.001583074324060606,0.13288853889368346,0.036333001884723146,0.10031694673471835,0.0006557429480877777,0.13725219515153253,0.05590257691152983,2.4382879414182845,0.7430451594740894,1.0971056201948655,1.904953734233493,2.7006105144293935,-0.20677058416330782,4.217391331078322,2.045305330176856,3.114260322293738,0.11669781989364748,4.185544037568091,1.6331721303157887,3.0492747200798385,0.041750237168705386,4.15691926189192,1.2321158708698807,2.9214172792273896,0.0035312376681844453,4.367103458520669,1.7274897230471378,3.0,3.0,3.0,3.0,3.0,3.0,3.0,3.0,3.0,3.0,3.0,3.0,3.0,3.0,3.0,3.0,3.0,3.0,3.0,3.0,0.05,0.05,0.05,0.05,0.05,0.05,0.05,0.05,0.05,0.05,0.05,0.05,0.05,0.05,0.05,0.05,0.05,0.05,0.05,0.05,0.0,0.0,0.0,0.0,0.0,0.0,0.0,0.0,0.0,0.0,0.0,0.0,0.0,0.0,0.0,0.0,0.0,0.0,0.0,0.0,0.07541066145211422,0.03254997290370525,0.02823748344910625,0.03150477989312267,0.06893390654236033,0.0020551193799346786,0.04837700553428931,0.05231878788116679,0.07610261495261625,-0.003522194884750444,0.05230830837898365,0.06295016361585751,0.09191762573492972,-0.0006890499646660792,0.10651822384363574,0.07340264833243398,0.09322774309606557,-0.0034559241820585106,0.1221518135264107,0.07429154146947757,2.4538643295590945,0.9686291324982432,0.7973896579703392,0.7604207868879249,2.1685745979826754,0.009754810689480099,2.05005000758111,1.9528889742384792,2.483069807448895,-0.11770048860823693,1.916680111631823,2.0966075881512833,2.873514484927544,0.036126903906701056,3.0264228059697573,2.1221624157512595,2.8874281588656183,0.00022267629815488467,3.5698991277135272,2.051903375835868,3.0,3.0,3.0,3.0,3.0,3.0,3.0,3.0,3.0,3.0,3.0,3.0,3.0,3.0,3.0,3.0,3.0,3.0,3.0,3.0,0.05,0.05,0.05,0.05,0.05,0.05,0.05,0.05,0.05,0.05,0.05,0.05,0.05,0.05,0.05,0.05,0.05,0.05,0.05,0.05,0.0,0.0,0.0,0.0,0.0,0.0,0.0,0.0,0.0,0.0,0.0,0.0,0.0,0.0,0.0,0.0,0.0,0.0,0.0,0.0
0.13388204779859686,0.03811611523195517,0.059879559834563154,0.10372771852723585,0.1524679988932326,-0.012327848297755906,0.23285908454462395,0.1123837213750658,0.17347668757479595,0.006281137776526724,0.2310298452863897,0.08853801973255676,0.17087461589291839,0.0024486928930638583,0.22893290615311365,0.0657227181003542,0.16596619827681353,0.0005814593623335159,0.23886829101169116,0.09560796750492898,3.1194903351191154,1.1086282134217713,1.4887452652725737,2.4963565536273697,3.1303818980714437,-0.22248912515689745,5.31572479948324,2.6153422872630996,3.8216939472997735,0.1504023556764511,5.25841611284441,2.144855308709633,3.6659859350205117,0.02804079322922436,5.24166791839776,1.6708286345410013,3.4465703023983747,0.009781443711058877,5.61055942307589,2.153628069721194,3.0,3.0,3.0,3.0,3.0,3.0,3.0,3.0,3.0,3.0,3.0,3.0,3.0,3.0,3.0,3.0,3.0,3.0,3.0,3.0,0.05,0.05,0.05,0.05,0.05,0.05,0.05,0.05,0.05,0.05,0.05,0.05,0.05,0.05,0.05,0.05,0.05,0.05,0.05,0.05,0.0,0.0,0.0,0.0,0.0,0.0,0.0,0.0,0.0,0.0,0.0,0.0,0.0,0.0,0.0,0.0,0.0,0.0,0.0,0.0,0.13255378259035172,0.055522944420752604,0.04608669516678655,0.04452767033230962,0.11856922410290734,0.0019658083699243935,0.10106738155633642,0.1005747152418826,0.13419763987035332,-0.0060565435412638985,0.09775210420820268,0.11181877683528589,0.158323989229909,0.000602419072306408,0.1735060471307011,0.1209381327501123,0.1596964049122866,-0.0029048768334852854,0.20205752062174256,0.11920457600672225,3.1054408141734733,1.2809405568513228,1.0588730966373323,0.8012759614797981,2.8117348765202066,0.059838434388287204,3.3183892862703344,2.870255305235321,3.3288772226045156,-0.10945694232218947,2.7312673602444737,2.8346480268667706,3.6418713340485698,0.11362394421931961,3.6120960629728556,2.631623022397911,3.666857118006707,0.07166909790731082,4.287704357426238,2.367024191520911,3.0,3.0,3.0,3.0,3.0,3.0,3.0,3.0,3.0,3.0,3.0,3.0,3.0,3.0,3.0,3.0,3.0,3.0,3.0,3.0,0.05,0.05,0.05,0.05,0.05,0.05,0.05,0.05,0.05,0.05,0.05,0.05,0.05,0.05,0.05,0.05,0.05,0.05,0.05,0.05,0.0,0.0,0.0,0.0,0.0,0.0,0.0,0.0,0.0,0.0,0.0,0.0,0.0,0.0,0.0,0.0,0.0,0.0,0.0,0.0
0.20223155405758197,0.0640009296893775,0.09360607462124905,0.15865047046891623,0.2166372275429334,-0.016725545258095078,0.34850199168023477,0.16974757947587243,0.2549842105141922,0.009548671557110273,0.3448227475976313,0.13599204195100992,0.24811262606441695,0.0027047060532295803,0.3425552556295939,0.1031661472663632,0.23817975883065332,0.0010470006965301328,0.36167457207456816,0.1420476997003776,3.420396659982898,1.5977326051303218,1.928972272860043,2.8885839755082907,2.9060967663301005,-0.15015820576136513,6.047039265235949,3.0671135325111174,4.0817475513002215,0.16526224703067496,5.804437020657874,2.61431832779708,3.8570394131948356,-0.038694271310062735,5.734501358065593,2.0959017752322757,3.5740990450330106,-0.0016673610307882934,6.354370690034071,2.3460344526675843,3.0,3.0,3.0,3.0,3.0,3.0,3.0,3.0,3.0,3.0,3.0,3.0,3.0,3.0,3.0,3.0,3.0,3.0,3.0,3.0,0.05,0.05,0.05,0.05,0.05,0.05,0.05,0.05,0.05,0.05,0.05,0.05,0.05,0.05,0.05,0.05,0.05,0.05,0.05,0.05,0.0,0.0,0.0,0.0,0.0,0.0,0.0,0.0,0.0,0.0,0.0,0.0,0.0,0.0,0.0,0.0,0.0,0.0,0.0,0.0,0.19962829401905316,0.08378759517775816,0.07059240731459954,0.0635558183523146,0.1814033016031686,0.004448656755466167,0.1811125769851027,0.16712900009057963,0.20925770385679687,-0.007900472577638023,0.1615590027887626,0.17633608469052833,0.23759247909687253,0.0038559078041067053,0.25100206636254996,0.17866756922835042,0.23990202781633385,-0.0005891602657660777,0.2936599878234602,0.168972509130314,3.4394248829354823,1.5415164966581434,1.4577642062005198,1.2402244194373566,3.537852804363048,0.2627558292407135,4.726119193724358,3.7186536328934294,4.108484652619601,-0.06758646937067675,3.6901961752035195,3.6396727065132874,4.044657845524827,0.1494440035987727,4.088114348872544,3.1686495354531896,4.211471438805147,0.10231577865650962,4.748832791807363,2.577488865982656,3.0,3.0,3.0,3.0,3.0,3.0,3.0,3.0,3.0,3.0,3.0,3.0,3.0,3.0,3.0,3.0,3.0,3.0,3.0,3.0,0.05,0.05,0.05,0.05,0.05,0.05,0.05,0.05,0.05,0.05,0.05,0.05,0.05,0.05,0.05,0.05,0.05,0.05,0.05,0.05,0.0,0.0,0.0,0.0,0.0,0.0,0.0,0.0,0.0,0.0,0.0,0.0,0.0,0.0,0.0,0.0,0.0,0.0,0.0,0.0
0.2706979141979128,0.10202541943716804,0.13703845074896487,0.21927107754756747,0.2687118695464366,-0.01833417652821051,0.4747406551540619,0.2350682626755105,0.3367465896268048,0.012891627657753722,0.46320732611270465,0.19311075284443996,0.3251561924207118,0.0009009220406613488,0.4583129604757374,0.14955878910964523,0.30893016007813395,0.0005147649211019842,0.493043118613054,0.18944934561163235,3.221844982868141,2.142804149707999,2.4315777936510083,3.229654470469073,2.111749592620915,-0.004128516219711539,6.34167559128207,3.377655005388136,3.9173641010869327,0.21294624260405937,5.814899210336763,3.022078195658704,3.6711173778300945,-0.117111498449113,5.629258925162811,2.491964546178686,3.3904727837601034,-0.0002593519185861953,6.589773378898801,2.3198702685403143,3.0,3.0,3.0,3.0,3.0,3.0,3.0,3.0,3.0,3.0,3.0,3.0,3.0,3.0,3.0,3.0,3.0,3.0,3.0,3.0,0.05,0.05,0.05,0.05,0.05,0.05,0.05,0.05,0.05,0.05,0.05,0.05,0.05,0.05,0.05,0.05,0.05,0.05,0.05,0.05,0.0,0.0,0.0,0.0,0.0,0.0,0.0,0.0,0.0,0.0,0.0,0.0,0.0,0.0,0.0,0.0,0.0,0.0,0.0,0.0,0.270130777907771,0.11718360428707834,0.10439726341480735,0.09413664710980389,0.26008333627742924,0.012476041539552934,0.29011214930531076,0.2493208605576198,0.29853702597513737,-0.008760002316090969,0.24535995121634346,0.2574056850958174,0.3201103030509021,0.006580179216257316,0.3370306210856029,0.24768411416823988,0.3281552624644925,0.0011877543127751002,0.3920108322940371,0.2223041306460285,3.4733232899868813,1.8699145093361396,1.8875738697630269,1.7177307438086358,3.5561684125829496,0.2539419618856689,6.465236777703915,4.490707455065982,4.236366185284333,-0.10761891546585338,4.728853899100781,4.554290422861156,3.911056758891386,0.04043291139314614,4.342935572755567,3.851268658401273,4.3954230856072805,-0.0074666519277281716,4.834825201759149,2.7646905899804155,3.0,3.0,3.0,3.0,3.0,3.0,3.0,3.0,3.0,3.0,3.0,3.0,3.0,3.0,3.0,3.0,3.0,3.0,3.0,3.0,0.05,0.05,0.05,0.05,0.05,0.05,0.05,0.05,0.05,0.05,0.05,0.05,0.05,0.05,0.05,0.05,0.05,0.05,0.05,0.05,0.0,0.0,0.0,0.0,0.0,0.0,0.0,0.0,0.0,0.0,0.0,0.0,0.0,0.0,0.0,0.0,0.0,0.0,0.0,0.0
0.3311053533723076,0.14971309567769744,0.1908691863672894,0.28783664928767916,0.30110721124777,-0.01689068590688354,0.6021690153315176,0.3048537796913979,0.4116787745576695,0.018066521261272648,0.5774187160111018,0.2568751697773581,0.3949573211776207,-0.0019797538847349397,0.5677256126361063,0.20284472911351065,0.37379867018105745,0.001036626619786685,0.6252655072305202,0.23484251044199017,2.7503920010480716,2.4668949652208974,2.929306583593008,3.7640340152907084,1.1034040898240476,0.04128221848774616,6.290397220092879,3.5494827303510363,3.447438144496366,0.306825095147613,5.4731989409865065,3.236285270622677,3.143181837774439,-0.14442414756889727,5.207705772825948,2.73323514668004,2.9492355151028216,0.13650768752130052,6.457035676157514,2.154946871108357,3.0,3.0,3.0,3.0,3.0,3.0,3.0,3.0,3.0,3.0,3.0,3.0,3.0,3.0,3.0,3.0,3.0,3.0,3.0,3.0,0.05,0.05,0.05,0.05,0.05,0.05,0.05,0.05,0.05,0.05,0.05,0.05,0.05,0.05,0.05,0.05,0.05,0.05,0.05,0.05,0.0,0.0,0.0,0.0,0.0,0.0,0.0,0.0,0.0,0.0,0.0,0.0,0.0,0.0,0.0,0.0,0.0,0.0,0.0,0.0,0.3385612256185284,0.15858417555120374,0.1460953621051206,0.13226504810466003,0.32365003810648657,0.014606335230892923,0.43972204809325927,0.3467572982932189,0.3787123512681702,-0.012205229196272158,0.35071315875279385,0.3585077016049746,0.394034749452528,0.005473224259832551,0.42471948927277264,0.33271831556440135,0.4157189512406251,-0.0008878263428752046,0.48705299589382617,0.2795601327295306,3.1636589400893143,2.187271662353549,2.0638797036101373,1.4871621245249556,1.4768546023823867,-0.3130939463882184,6.979896097859122,4.754698386738603,3.0570432164576276,-0.3205838504494828,4.922128428413444,5.033614808144042,3.425084654914054,-0.0730527999378803,4.055549084038858,4.243421954411196,4.270578507113935,-0.22761847392153495,4.410284087244124,2.7014868734616626,3.0,3.0,3.0,3.0,3.0,3.0,3.0,3.0,3.0,3.0,3.0,3.0,3.0,3.0,3.0,3.0,3.0,3.0,3.0,3.0,0.05,0.05,0.05,0.05,0.05,0.05,0.05,0.05,0.05,0.05,0.05,0.05,0.05,0.05,0.05,0.05,0.05,0.05,0.05,0.05,0.0,0.0,0.0,0.0,0.0,0.0,0.0,0.0,0.0,0.0,0.0,0.0,0.0,0.0,0.0,0.0,0.0,0.0,0.0,0.0
0.38071359423983564,0.20070121804600394,0.2542107140926852,0.3698324381591958,0.3128480331393985,-0.016682887788700664,0.726356543957777,0.37704757188955196,0.47464411540665946,0.025164631463658244,0.6821352837521649,0.32256216366934704,0.4508834659316894,-0.0048760438620945425,0.6666211913887753,0.25888819497684684,0.4268995806822468,0.005975072421954004,0.7513245456593546,0.2756472204559666,2.2778456037649955,2.4514526207291247,3.2748344269961565,4.390912547238218,-0.21885078227347754,-0.05174129244945643,6.104798439760217,3.948615880119867,2.7164757640426096,0.4411285348108896,4.877369493794095,3.4577748009001747,2.2933656626027075,-0.0677035669982875,4.5281910307297695,3.01091597791473,2.1877339614691333,0.5329357740173482,6.1608446943832,1.889987332727612,3.0,3.0,3.0,3.0,3.0,3.0,3.0,3.0,3.0,3.0,3.0,3.0,3.0,3.0,3.0,3.0,3.0,3.0,3.0,3.0,0.05,0.05,0.05,0.05,0.05,0.05,0.05,0.05,0.05,0.05,0.05,0.05,0.05,0.05,0.05,0.05,0.05,0.05,0.05,0.05,0.0,0.0,0.0,0.0,0.0,0.0,0.0,0.0,0.0,0.0,0.0,0.0,0.0,0.0,0.0,0.0,0.0,0.0,0.0,0.0,0.3966771355113436,0.2046744707812203,0.18695245155921283,0.1536231320908021,0.3191575203727247,-4.771631597580198e-05,0.5693079932196756,0.4395087960271639,0.4208187546334425,-0.02158335633407028,0.44224508835288123,0.4587502774215791,0.45711368924746426,0.003658067218742104,0.4992525844471572,0.4174209923446877,0.4989784027490499,-0.007916984644086298,0.568422195783802,0.330363605584495,2.434039544514714,2.241203536067332,1.8999903797476576,1.2886133683193475,-1.0019721713455165,-1.2510040853079405,4.477610159612542,4.033036237122822,1.210204603863356,-0.75168683306717,3.675553625984329,4.676613647958627,2.7394896828477577,-0.18726039759400576,3.2257345723657584,4.185181819394096,4.071491393201285,-0.5292099413837311,3.317500805516728,2.201833928303307,3.0,3.0,3.0,3.0,3.0,3.0,3.0,3.0,3.0,3.0,3.0,3.0,3.0,3.0,3.0,3.0,3.0,3.0,3.0,3.0,0.05,0.05,0.05,0.05,0.05,0.05,0.05,0.05,0.05,0.05,0.05,0.05,0.05,0.05,0.05,0.05,0.05,0.05,0.05,0.05,0.0,0.0,0.0,0.0,0.0,0.0,0.0,0.0,0.0,0.0,0.0,0.0,0.0,0.0,0.0,0.0,0.0,0.0,0.0,0.0
0.42221917752290744,0.24777120050686244,0.32186256344713565,0.4634731511772079,0.2923531799568309,-0.018960337604861797,0.8463609529219263,0.46279841489619256,0.5203378051193739,0.03571166265370823,0.7725134957628657,0.3951861618133651,0.486691947681729,-0.00468789656466644,0.7488532538652971,0.32328136823009984,0.4613080286398228,0.02235405758048061,0.8716992950058482,0.31044200375109465,1.8782238591256883,2.096816278534572,3.27383510722252,4.545663824946787,-1.4269909125344884,-0.20759104926174454,5.112987085752513,3.907819279647398,1.710806846724354,0.6026765096616468,4.063012279998346,3.459650688316586,1.3902090118384003,0.055813853521200385,3.6455336631840973,3.1562364976618045,1.3076324410878637,0.9501026673973334,5.517267793111386,1.4161868273677227,3.0,3.0,3.0,3.0,3.0,3.0,3.0,3.0,3.0,3.0,3.0,3.0,3.0,3.0,3.0,3.0,3.0,3.0,3.0,3.0,0.05,0.05,0.05,0.05,0.05,0.05,0.05,0.05,0.05,0.05,0.05,0.05,0.05,0.05,0.05,0.05,0.05,0.05,0.05,0.05,0.0,0.0,0.0,0.0,0.0,0.0,0.0,0.0,0.0,0.0,0.0,0.0,0.0,0.0,0.0,0.0,0.0,0.0,0.0,0.0,0.435922807399117,0.24823231699389703,0.22209497729502692,0.18380958283743393,0.2835711512526659,-0.0354338281814247,0.618826454477761,0.5080787477781318,0.42712053542270445,-0.042272702518958954,0.497735303792167,0.5455722475233197,0.5036143367664383,-0.0020171916439276796,0.553748872167403,0.5001255883401652,0.5785786069686765,-0.02205622399822445,0.6197530281144953,0.3676334898616629,1.7624125757387143,2.2137577864553033,1.7068009655960856,0.6494752921259971,-2.068703107884441,-1.8173447639912825,1.9605209387085931,3.1400520173114024,-0.04269533770911854,-1.028353724363805,2.429619396675911,4.081866429275259,2.030690925879454,-0.26155368184291744,2.3896511231239885,3.938107282249241,3.750392284318835,-0.7274924339732166,2.1851875376482948,1.6623778330153909,3.0,3.0,3.0,3.0,3.0,3.0,3.0,3.0,3.0,3.0,3.0,3.0,3.0,3.0,3.0,3.0,3.0,3.0,3.0,3.0,0.05,0.05,0.05,0.05,0.05,0.05,0.05,0.05,0.05,0.05,0.05,0.05,0.05,0.05,0.05,0.05,0.05,0.05,0.05,0.05,0.0,0.0,0.0,0.0,0.0,0.0,0.0,0.0,0.0,0.0,0.0,0.0,0.0,0.0,0.0,0.0,0.0,0.0,0.0,0.0
0.4558425486048632,0.2845738691873868,0.385164118381586,0.5516589911570673,0.255768396638019,-0.024986529759170446,0.9308760273878776,0.5333603430754479,0.5430763892756336,0.049271691850124116,0.8446557749520988,0.46094819120201047,0.5064918264052254,-0.002643489721246527,0.8124425379161392,0.385137654883319,0.47920487832576136,0.04397917911784734,0.97201525738381,0.33229469355067554,1.3989863960030782,1.437742203757173,2.8990981469440498,4.125130770291427,-2.128426135606223,-0.42504098961018705,3.286312032923527,3.0338903214794573,0.603089282779648,0.6847072951580785,3.0347679296203163,2.9392670342058254,0.5727903539249221,0.15045416698412725,2.6410120005388116,2.8493998496521913,0.5422370684845426,1.2020346940648958,4.366688773814603,0.7544582637608599,3.0,3.0,3.0,3.0,3.0,3.0,3.0,3.0,3.0,3.0,3.0,3.0,3.0,3.0,3.0,3.0,3.0,3.0,3.0,3.0,0.05,0.05,0.05,0.05,0.05,0.05,0.05,0.05,0.05,0.05,0.05,0.05,0.05,0.05,0.05,0.05,0.05,0.05,0.05,0.05,0.0,0.0,0.0,0.0,0.0,0.0,0.0,0.0,0.0,0.0,0.0,0.0,0.0,0.0,0.0,0.0,0.0,0.0,0.0,0.0,0.46717363854089217,0.29322478223943244,0.25522449018305626,0.179602143775842,0.23640939605734707,-0.07274150687562711,0.6477288307680193,0.56511087671962,0.41911094112507774,-0.06271750530862248,0.5394298642199177,0.6220249345925895,0.5383413262826424,-0.006804080054974595,0.5948386293721167,0.5749452836346574,0.6489940941218033,-0.037016682003014965,0.6558296972897338,0.39685871890511065,1.994401952131737,2.4341362615314206,0.810593129678995,-0.7325662068192608,-2.3674821199801244,-1.8182908947912844,0.04769302633182981,1.8990338467396644,-0.7263558124259828,-0.8868399280863501,1.1329029372918713,2.977127480777425,1.332338246346182,-0.12179440262412347,1.3735087146175884,3.204022157585465,3.2905637855854293,-0.6584997791011264,1.1362458725658886,1.100561647732047,3.0,3.0,3.0,3.0,3.0,3.0,3.0,3.0,3.0,3.0,3.0,3.0,3.0,3.0,3.0,3.0,3.0,3.0,3.0,3.0,0.05,0.05,0.05,0.05,0.05,0.05,0.05,0.05,0.05,0.05,0.05,0.05,0.05,0.05,0.05,0.05,0.05,0.05,0.05,0.05,0.0,0.0,0.0,0.0,0.0,0.0,0.0,0.0,0.0,0.0,0.0,0.0,0.0,0.0,0.0,0.0,0.0,0.0,0.0,0.0
0.47817863336303057,0.30528088865714936,0.43782648932489765,0.628478381988865,0.207216134532582,-0.03596197718926928,0.9778134342388674,0.5841540277553708,0.5444613764305598,0.06309995446003137,0.8939042129476783,0.5127568431815981,0.5096035618387259,0.0013302701146986503,0.8544937338868496,0.4372573622161875,0.4829975113792045,0.07043544534307644,1.0463668459584323,0.34062033430152905,0.7898633285379958,0.7777730438774971,2.300114311619644,3.142766858357751,-2.364839134522766,-0.6677997087193104,1.0944532355625147,1.8013294089308212,-0.3781343935508802,0.6220308628218655,1.8779815782950708,2.097278320517329,-0.05772985153550125,0.15058005291704807,1.53912565239189,2.2466922810552457,0.04049043469018243,1.3201735371532763,2.9580010676306974,-0.013437274372921082,3.0,3.0,3.0,3.0,3.0,3.0,3.0,3.0,3.0,3.0,3.0,3.0,3.0,3.0,3.0,3.0,3.0,3.0,3.0,3.0,0.05,0.05,0.05,0.05,0.05,0.05,0.05,0.05,0.05,0.05,0.05,0.05,0.05,0.05,0.05,0.05,0.05,0.05,0.05,0.05,0.0,0.0,0.0,0.0,0.0,0.0,0.0,0.0,0.0,0.0,0.0,0.0,0.0,0.0,0.0,0.0,0.0,0.0,0.0,0.0,0.5156988854843865,0.34559776745515386,0.2545187024821867,0.1545069345646635,0.18887186645346093,-0.10816546397307608,0.6207341755310342,0.5840401016477184,0.39806630292566514,-0.07774629964241296,0.5430514212838419,0.6646573467544167,0.5569078666202856,-0.006888967748892619,0.6086892207521065,0.6282864746435838,0.7102011583920936,-0.04839621516226951,0.6652028630171308,0.41165595577094477,2.3009877430113805,2.396050383854367,-0.5120249922985605,-1.3367911827644317,-2.4409216865079024,-1.682027016945211,-1.736337217625608,0.5661729080551042,-1.1921382186498435,-0.6778225080443241,-0.1397514869260541,1.7263968320256118,0.614691334006981,0.05704757406671192,0.3351220547590211,2.290977776492284,2.6627158976879866,-0.5547889275795291,0.08569285910431934,0.5079413366055399,3.0,3.0,3.0,3.0,3.0,3.0,3.0,3.0,3.0,3.0,3.0,3.0,3.0,3.0,3.0,3.0,3.0,3.0,3.0,3.0,0.05,0.05,0.05,0.05,0.05,0.05,0.05,0.05,0.05,0.05,0.05,0.05,0.05,0.05,0.05,0.05,0.05,0.05,0.05,0.05,0.0,0.0,0.0,0.0,0.0,0.0,0.0,0.0,0.0,0.0,0.0,0.0,0.0,0.0,0.0,0.0,0.0,0.0,0.0,0.0
0.487437081746383,0.3156847909424867,0.47716869084637176,0.6773696654913773,0.16117483125710833,-0.05169851810794286,0.9746541568103781,0.6054135194326807,0.5279510135335984,0.07415292636299874,0.9197750380839016,0.5448393240227036,0.5041826323438053,0.0033797123954353954,0.8740075640118148,0.47500534612552886,0.48082449571336866,0.0967861206039784,1.090335300089038,0.3317572025757587,0.17160861545120892,0.305083898304212,1.4441596542244097,1.3077626416772847,-1.8944174451662619,-0.6799849649303651,-1.6028800100916367,0.1423219900168221,-1.0121846534920542,0.4570133273793412,0.6313971596777546,1.0255375819378687,-0.24141236661692628,-0.006745283767594951,0.27986018477579866,1.4274435837039925,0.14533350489926988,1.0605832531464094,1.32527474049714,-0.9417807612651458,3.0,3.0,3.0,3.0,3.0,3.0,3.0,3.0,3.0,3.0,3.0,3.0,3.0,3.0,3.0,3.0,3.0,3.0,3.0,3.0,0.05,0.05,0.05,0.05,0.05,0.05,0.05,0.05,0.05,0.05,0.05,0.05,0.05,0.05,0.05,0.05,0.05,0.05,0.05,0.05,0.0,0.0,0.0,0.0,0.0,0.0,0.0,0.0,0.0,0.0,0.0,0.0,0.0,0.0,0.0,0.0,0.0,0.0,0.0,0.0,0.5592131482613474,0.3890667975936071,0.23474349049111384,0.12613049646526472,0.13877252859703096,-0.14002258755343555,0.578275342062995,0.5877577930418242,0.371425412379084,-0.08983040563039545,0.5338398047428755,0.6910808078736139,0.5629289796429217,-0.004522177092306118,0.6082435115624776,0.6665843946943487,0.7555027300293228,-0.05920823910619613,0.6592574116539066,0.41717637236933225,1.8920409045835722,1.9825653247227335,-1.3477532327021993,-1.3023385659660214,-2.4574451545093927,-1.4336699546576335,-2.267045715540977,-0.07531048273257124,-1.431382218122358,-0.518203921852628,-0.68777617302688,0.9657156606834472,0.04169381184354337,0.14697716292437327,-0.30297988833428435,1.5447107489454492,1.8629588019049375,-0.491293733807354,-0.5853745927905274,0.08411940944022672,3.0,3.0,3.0,3.0,3.0,3.0,3.0,3.0,3.0,3.0,3.0,3.0,3.0,3.0,3.0,3.0,3.0,3.0,3.0,3.0,0.05,0.05,0.05,0.05,0.05,0.05,0.05,0.05,0.05,0.05,0.05,0.05,0.05,0.05,0.05,0.05,0.05,0.05,0.05,0.05,0.0,0.0,0.0,0.0,0.0,0.0,0.0,0.0,0.0,0.0,0.0,0.0,0.0,0.0,0.0,0.0,0.0,0.0,0.0,0.0
0.4850429779810789,0.31748424458931784,0.49559287549387404,0.6807888876559564,0.13143943672593153,-0.06316137578648388,0.9136982338352019,0.5898469073560437,0.5039739902908776,0.08138048755520502,0.9191600993347885,0.5537783464591128,0.49994706717404885,0.0010604587639948522,0.8656881412778815,0.4943551055643472,0.4888108515751753,0.11285877546893282,1.099377835578318,0.3029491038509232,-0.011592909527813333,-0.012179350491038632,0.23010811761225436,-0.9326965454200253,-1.3947355033011275,-0.342840581418425,-3.7484389068824924,-1.251208550405089,-1.3850634089077454,0.3661272684871892,-0.5302007828907912,0.1263382510658273,-0.294700227024447,-0.13134986981039312,-0.8465329414140021,0.6647645986161618,0.33739494666138736,0.7093701588006783,-0.18225602847474764,-1.5980944676578026,3.0,3.0,3.0,3.0,3.0,3.0,3.0,3.0,3.0,3.0,3.0,3.0,3.0,3.0,3.0,3.0,3.0,3.0,3.0,3.0,0.05,0.05,0.05,0.05,0.05,0.05,0.05,0.05,0.05,0.05,0.05,0.05,0.05,0.05,0.05,0.05,0.05,0.05,0.05,0.05,0.0,0.0,0.0,0.0,0.0,0.0,0.0,0.0,0.0,0.0,0.0,0.0,0.0,0.0,0.0,0.0,0.0,0.0,0.0,0.0,0.5913805216677294,0.4249003804440632,0.20060857317409875,0.10241339192602264,0.09057406027308522,-0.16551226215938142,0.5300523469093951,0.5810276823384155,0.3408110142007708,-0.09847445651651808,0.5155403743627667,0.7032859731817546,0.5585756190940273,-0.0010098812319176893,0.5965700252187351,0.6900749046014018,0.7847195104682911,-0.06804796451456367,0.6417878793055097,0.41502073214855384,1.2772409404044394,1.5515389805248871,-1.7780390071823546,-1.2053343773591292,-2.2137049941143143,-1.0555093382245515,-2.3929648639420944,-0.5150116166301372,-1.6826353062162736,-0.36641346696239596,-1.1359261914251433,0.27438199033623933,-0.46928476116934736,0.23397790417420922,-0.8448153379880696,0.80415712683857,1.0395387747156926,-0.40113209512279424,-1.1296165150812802,-0.2839972227642179,3.0,3.0,3.0,3.0,3.0,3.0,3.0,3.0,3.0,3.0,3.0,3.0,3.0,3.0,3.0,3.0,3.0,3.0,3.0,3.0,0.05,0.05,0.05,0.05,0.05,0.05,0.05,0.05,0.05,0.05,0.05,0.05,0.05,0.05,0.05,0.05,0.05,0.05,0.05,0.05,0.0,0.0,0.0,0.0,0.0,0.0,0.0,0.0,0.0,0.0,0.0,0.0,0.0,0.0,0.0,0.0,0.0,0.0,0.0,0.0
0.48697336536527047,0.31519761692284515,0.48637301555086193,0.6400618036745763,0.10538541112506322,-0.06541214136467986,0.8247166005350784,0.5553651774164772,0.4725484771772886,0.0887980171024863,0.89856700676827,0.5498928540653367,0.49239462326282746,-0.0018742823969803292,0.8401462463552547,0.5015959300701753,0.49432029357982415,0.12516092695600553,1.083045058950048,0.2678334238694466,0.19976231026506835,-0.11497879213164114,-0.43720297907359346,-2.677346078792364,-0.6812014697882649,-0.14939741718943342,-5.092856230060458,-2.1326396338821247,-1.398387131000145,0.19356714301717662,-1.444030966019061,-0.3921213570267812,-0.26423500402152494,-0.26085057917776727,-1.535405425130093,0.22411576764372748,0.6432248662441478,0.37131400167837064,-1.3245024868718924,-1.807577679666298,3.0,3.0,3.0,3.0,3.0,3.0,3.0,3.0,3.0,3.0,3.0,3.0,3.0,3.0,3.0,3.0,3.0,3.0,3.0,3.0,0.05,0.05,0.05,0.05,0.05,0.05,0.05,0.05,0.05,0.05,0.05,0.05,0.05,0.05,0.05,0.05,0.05,0.05,0.05,0.05,0.0,0.0,0.0,0.0,0.0,0.0,0.0,0.0,0.0,0.0,0.0,0.0,0.0,0.0,0.0,0.0,0.0,0.0,0.0,0.0,0.610302785877525,0.4511283568146026,0.16362193020381965,0.07791712137089955,0.05022432883245838,-0.1822429610824176,0.48255674750531125,0.5671573283766187,0.30412000013043305,-0.10448694430889129,0.4884027570858698,0.7020560874870635,0.5441575891961478,0.0048369390746622505,0.5744508980429548,0.6987506797678915,0.7970842810179505,-0.0752535229111079,0.6140727510506554,0.40581648345876353,0.6712370572686477,1.0670078345079839,-1.7397754923835427,-1.1029037422935144,-1.9127681026524699,-0.7186437202277185,-2.3361363047976353,-0.8197595532965729,-1.6645069455234098,-0.18966803999600004,-1.3209378962717677,-0.23273758186764248,-0.7900199995105273,0.2592795852441042,-1.1837352964968044,0.18605248726234203,0.38482712102882455,-0.31111023237966606,-1.450937350492018,-0.5377670887972626,3.0,3.0,3.0,3.0,3.0,3.0,3.0,3.0,3.0,3.0,3.0,3.0,3.0,3.0,3.0,3.0,3.0,3.0,3.0,3.0,0.05,0.05,0.05,0.05,0.05,0.05,0.05,0.05,0.05,0.05,0.05,0.05,0.05,0.05,0.05,0.05,0.05,0.05,0.05,0.05,0.0,0.0,0.0,0.0,0.0,0.0,0.0,0.0,0.0,0.0,0.0,0.0,0.0,0.0,0.0,0.0,0.0,0.0,0.0,0.0
0.49303347039168166,0.3128850929040522,0.4781047563309303,0.5736950445042618,0.10419137793440093,-0.06913727247406122,0.7099839846327836,0.5045413220007587,0.44803850505087184,0.08912317327589209,0.861398860694026,0.5380934921780416,0.48937766701318786,-0.009373564403115838,0.8042719242726778,0.5033197362700963,0.5145398462249412,0.12771133553606764,1.0463977361034422,0.2306459966642713,0.30270243141045927,-0.04816577106688674,-0.4085788703980589,-3.599575361010374,0.006810120204107928,-0.2344843004677164,-5.478892543856392,-2.450635344377994,-1.1683223725474492,-0.1423081581296129,-1.9215222642194134,-0.6239193521598463,-0.16230188566309367,-0.43581725564727675,-1.7635077933837784,0.037695074814220186,1.0799104890642717,0.0017476733012090906,-1.8348945554162388,-1.6813236538727003,3.0,3.0,3.0,3.0,3.0,3.0,3.0,3.0,3.0,3.0,3.0,3.0,3.0,3.0,3.0,3.0,3.0,3.0,3.0,3.0,0.05,0.05,0.05,0.05,0.05,0.05,0.05,0.05,0.05,0.05,0.05,0.05,0.05,0.05,0.05,0.05,0.05,0.05,0.05,0.05,0.0,0.0,0.0,0.0,0.0,0.0,0.0,0.0,0.0,0.0,0.0,0.0,0.0,0.0,0.0,0.0,0.0,0.0,0.0,0.0,0.6182300039584753,0.46758069382438255,0.13101755347875704,0.058297242234282065,0.014063336166986415,-0.19425801096849016,0.43660689471748965,0.5482373002065526,0.2742307363798344,-0.10606117811635808,0.46270285851189596,0.6939764699070489,0.5269748191136062,0.009361302177846479,0.549220613358863,0.6975170040918954,0.8001125953094441,-0.08049237380975031,0.583750385285829,0.39351004859666333,0.20481100072117786,0.6118731409256756,-1.46010550166131,-0.8826712151434987,-1.5737937402385205,-0.48156004762751753,-2.099600114157897,-0.953453785415681,-1.3211308898155443,0.030021792427062724,-1.0939002791422126,-0.39680991155708056,-0.6894669115290603,0.1889669153698553,-1.169530746133074,-0.17191333266011743,0.1896796333151235,-0.26666226440577795,-1.4212268353865631,-0.5998496701540096,3.0,3.0,3.0,3.0,3.0,3.0,3.0,3.0,3.0,3.0,3.0,3.0,3.0,3.0,3.0,3.0,3.0,3.0,3.0,3.0,0.05,0.05,0.05,0.05,0.05,0.05,0.05,0.05,0.05,0.05,0.05,0.05,0.05,0.05,0.05,0.05,0.05,0.05,0.05,0.05,0.0,0.0,0.0,0.0,0.0,0.0,0.0,0.0,0.0,0.0,0.0,0.0,0.0,0.0,0.0,0.0,0.0,0.0,0.0,0.0
0.49908146262168884,0.3132709860801697,0.4700298607349396,0.4960787892341614,0.10565781593322754,-0.07479151338338852,0.6055608987808228,0.4573397636413574,0.4258155822753906,0.08310569077730179,0.8217061161994934,0.5249360799789429,0.4859025478363037,-0.0193069726228714,0.7696059346199036,0.5031037330627441,0.537516713142395,0.1252308338880539,1.0096492767333984,0.20058047771453857,0.2112417996066096,0.0376019078025952,-0.35392756401208814,-3.665798425343056,0.1297885508193399,-0.32557330437275844,-4.827093581445352,-2.2076029183451555,-1.0191385083728548,-0.3695372174010711,-1.9237589061522258,-0.6258498824615988,-0.14736477294017003,-0.549940854786358,-1.576807791379628,0.010953944226443912,1.2089205671509755,-0.18522353758973278,-1.7173690207577474,-1.3592030191000686,3.0,3.0,3.0,3.0,3.0,3.0,3.0,3.0,3.0,3.0,3.0,3.0,3.0,3.0,3.0,3.0,3.0,3.0,3.0,3.0,0.05,0.05,0.05,0.05,0.05,0.05,0.05,0.05,0.05,0.05,0.05,0.05,0.05,0.05,0.05,0.05,0.05,0.05,0.05,0.05,0.0,0.0,0.0,0.0,0.0,0.0,0.0,0.0,0.0,0.0,0.0,0.0,0.0,0.0,0.0,0.0,0.0,0.0,0.0,0.0,0.6184952259063721,0.47560328245162964,0.10521771013736725,0.04261027276515961,-0.012727420777082443,-0.2015053629875183,0.39857274293899536,0.5290191769599915,0.2512747645378113,-0.10328607261180878,0.4446467459201813,0.6861836910247803,0.5165789127349854,0.012395615689456463,0.5276696681976318,0.6918741464614868,0.8046714663505554,-0.08592001348733902,0.5572236776351929,0.38182249665260315,-0.17706947638421455,-0.0766840543173733,-0.19048682526448119,-0.6889581496549737,-1.0876179260077226,-0.3311293426920048,-1.5570382472344977,-0.884906358751919,-1.0160450608783067,0.1350999541172574,-0.5710054949991661,-0.2075256922067087,-0.2850910526959599,0.08516875851303221,-0.9218184083314679,-0.3230503817239605,0.4536586466027337,-0.31896931415956625,-1.2595240831726418,-0.5821296326469146,3.0,3.0,3.0,3.0,3.0,3.0,3.0,3.0,3.0,3.0,3.0,3.0,3.0,3.0,3.0,3.0,3.0,3.0,3.0,3.0,0.05,0.05,0.05,0.05,0.05,0.05,0.05,0.05,0.05,0.05,0.05,0.05,0.05,0.05,0.05,0.05,0.05,0.05,0.05,0.05,0.0,0.0,0.0,0.0,0.0,0.0,0.0,0.0,0.0,0.0,0.0,0.0,0.0,0.0,0.0,0.0,0.0,0.0,0.0,0.0
0.501483142375946,0.314389169216156,0.4639476537704468,0.42706310749053955,0.10938291996717453,-0.08216020464897156,0.5169002413749695,0.4162372052669525,0.40727296471595764,0.07434168457984924,0.784448504447937,0.5130594968795776,0.48348307609558105,-0.03137119859457016,0.7411996126174927,0.503757894039154,0.5628966689109802,0.12030239403247833,0.9777029752731323,0.17627787590026855,-0.11432245373725891,-0.13004988431930542,-0.2746604382991791,-3.125927597284317,0.2840377390384674,-0.4339093342423439,-3.952416777610779,-1.847955584526062,-0.8675381541252136,-0.4072846844792366,-1.9479423761367798,-0.64706951379776,-0.20907223224639893,-0.6004027090966702,-1.3883903622627258,-0.02650320529937744,1.302279531955719,-0.2606729045510292,-1.5695750713348389,-1.2069031596183777,3.0,3.0,3.0,3.0,3.0,3.0,3.0,3.0,3.0,3.0,3.0,3.0,3.0,3.0,3.0,3.0,3.0,3.0,3.0,3.0,0.05,0.05,0.05,0.05,0.05,0.05,0.05,0.05,0.05,0.05,0.05,0.05,0.05,0.05,0.05,0.05,0.05,0.05,0.05,0.05,0.0,0.0,0.0,0.0,0.0,0.0,0.0,0.0,0.0,0.0,0.0,0.0,0.0,0.0,0.0,0.0,0.0,0.0,0.0,0.0,0.6111472249031067,0.4645133316516876,0.1233980804681778,0.030738916248083115,-0.029441380873322487,-0.20750318467617035,0.37432536482810974,0.5128410458564758,0.23358893394470215,-0.10065717995166779,0.4398626387119293,0.6856754422187805,0.5155711770057678,0.012768052518367767,0.5123478770256042,0.684594988822937,0.8182589411735535,-0.09325114637613297,0.5333694219589233,0.37022486329078674,-0.4530176520347595,-0.5628690123558044,1.482563465833664,-0.5381980445235968,-0.8373252116143703,-0.18842369318008423,-1.0955028235912323,-0.7633723318576813,-0.8325312286615372,-0.0611674040555954,-0.32915621995925903,-0.11734813451766968,0.10782331228256226,0.03930118400603533,-0.5944326519966125,-0.3158941864967346,0.679682195186615,-0.32448749989271164,-1.0725051164627075,-0.525926798582077,3.0,3.0,3.0,3.0,3.0,3.0,3.0,3.0,3.0,3.0,3.0,3.0,3.0,3.0,3.0,3.0,3.0,3.0,3.0,3.0,0.05,0.05,0.05,0.05,0.05,0.05,0.05,0.05,0.05,0.05,0.05,0.05,0.05,0.05,0.05,0.05,0.05,0.05,0.05,0.05,0.0,0.0,0.0,0.0,0.0,0.0,0.0,0.0,0.0,0.0,0.0,0.0,0.0,0.0,0.0,0.0,0.0,0.0,0.0,0.0
0.4945085644721985,0.30806899070739746,0.4590434432029724,0.3710416853427887,0.11701932549476624,-0.09214788675308228,0.4474642276763916,0.38342154026031494,0.3911140561103821,0.06681430339813232,0.7437884211540222,0.49905329942703247,0.47753965854644775,-0.043323080986738205,0.7140703201293945,0.502043604850769,0.5896078944206238,0.11480391770601273,0.9468662738800049,0.15230435132980347,-0.5170047283172607,-0.4837632179260254,-0.18040016293525696,-2.5539427995681763,0.3840060904622078,-0.578124076128006,-3.0084118247032166,-1.4529608190059662,-0.7664918899536133,-0.3515975549817085,-2.1582722663879395,-0.7817357778549194,-0.32034367322921753,-0.6140880286693573,-1.33601576089859,-0.1762382686138153,1.3589218258857727,-0.3073588013648987,-1.5264913439750671,-1.257956400513649,3.0,3.0,3.0,3.0,3.0,3.0,3.0,3.0,3.0,3.0,3.0,3.0,3.0,3.0,3.0,3.0,3.0,3.0,3.0,3.0,0.05,0.05,0.05,0.05,0.05,0.05,0.05,0.05,0.05,0.05,0.05,0.05,0.05,0.05,0.05,0.05,0.05,0.05,0.05,0.05,0.0,0.0,0.0,0.0,0.0,0.0,0.0,0.0,0.0,0.0,0.0,0.0,0.0,0.0,0.0,0.0,0.0,0.0,0.0,0.0,0.6003745198249817,0.45308852195739746,0.1645202487707138,0.021082350984215736,-0.04622042924165726,-0.20904231071472168,0.35475262999534607,0.4984842836856842,0.2179735153913498,-0.10573276877403259,0.4314804971218109,0.6814897656440735,0.5208918452262878,0.013967663049697876,0.5038923621177673,0.6792383790016174,0.83185875415802,-0.09889951348304749,0.5143234729766846,0.36078542470932007,-0.8825957775115967,-0.7239341735839844,2.2953499108552933,-0.39028855971992016,-0.7716674823313951,-0.08062794804573059,-0.8035764098167419,-0.6630629301071167,-0.6478205323219299,-0.3123082220554352,-0.5337193608283997,-0.34728795289993286,0.37343353033065796,0.022688950411975384,-0.2455383539199829,-0.21978765726089478,0.7349118590354919,-0.265483558177948,-0.8103668689727783,-0.4134170711040497,3.0,3.0,3.0,3.0,3.0,3.0,3.0,3.0,3.0,3.0,3.0,3.0,3.0,3.0,3.0,3.0,3.0,3.0,3.0,3.0,0.05,0.05,0.05,0.05,0.05,0.05,0.05,0.05,0.05,0.05,0.05,0.05,0.05,0.05,0.05,0.05,0.05,0.05,0.05,0.05,0.0,0.0,0.0,0.0,0.0,0.0,0.0,0.0,0.0,0.0,0.0,0.0,0.0,0.0,0.0,0.0,0.0,0.0,0.0,0.0
0.4808029532432556,0.295038640499115,0.4567316472530365,0.3249053955078125,0.12474316358566284,-0.1052851676940918,0.3965637683868408,0.35811877250671387,0.3766132891178131,0.0602777823805809,0.6981176137924194,0.48179006576538086,0.47066932916641235,-0.05593471974134445,0.6877589821815491,0.49670836329460144,0.6172535419464111,0.10800804197788239,0.9166433215141296,0.1259596198797226,-0.603436678647995,-0.8082255721092224,-0.3981068730354309,-2.2187061607837677,0.30644387006759644,-0.9242746978998184,-2.230839431285858,-1.0995477437973022,-0.9054191410541534,-0.3840549848973751,-2.3020610213279724,-0.9146377444267273,-0.5463317036628723,-0.5682981573045254,-1.4607250690460205,-0.41228532791137695,0.8092105388641357,-0.2583138644695282,-1.6350924968719482,-1.1581752449274063,3.0,3.0,3.0,3.0,3.0,3.0,3.0,3.0,3.0,3.0,3.0,3.0,3.0,3.0,3.0,3.0,3.0,3.0,3.0,3.0,0.05,0.05,0.05,0.05,0.05,0.05,0.05,0.05,0.05,0.05,0.05,0.05,0.05,0.05,0.05,0.05,0.05,0.05,0.05,0.05,0.0,0.0,0.0,0.0,0.0,0.0,0.0,0.0,0.0,0.0,0.0,0.0,0.0,0.0,0.0,0.0,0.0,0.0,0.0,0.0,0.5758433938026428,0.43555596470832825,0.21521207690238953,0.015127373859286308,-0.06030808016657829,-0.21072830259799957,0.34218230843544006,0.48631852865219116,0.20767611265182495,-0.11314950883388519,0.41851386427879333,0.6717839241027832,0.5305085182189941,0.013675610534846783,0.5025263428688049,0.6758034825325012,0.8476554155349731,-0.10387048870325089,0.5009547472000122,0.35368818044662476,-1.4021292328834534,-0.8424393832683563,1.9620873034000397,-0.2591360826045275,-0.4141729325056076,-0.0020585954189300537,-0.43703392148017883,-0.5477376282215118,-0.6164778023958206,-0.388495996594429,-0.7957793772220612,-0.6074473261833191,0.2577468752861023,0.028874236159026623,-0.17438307404518127,-0.2532750368118286,0.6263285875320435,-0.12626033276319504,-0.6772316992282867,-0.37099942564964294,3.0,3.0,3.0,3.0,3.0,3.0,3.0,3.0,3.0,3.0,3.0,3.0,3.0,3.0,3.0,3.0,3.0,3.0,3.0,3.0,0.05,0.05,0.05,0.05,0.05,0.05,0.05,0.05,0.05,0.05,0.05,0.05,0.05,0.05,0.05,0.05,0.05,0.05,0.05,0.05,0.0,0.0,0.0,0.0,0.0,0.0,0.0,0.0,0.0,0.0,0.0,0.0,0.0,0.0,0.0,0.0,0.0,0.0,0.0,0.0
0.4703710973262787,0.27573996782302856,0.4431191682815552,0.282293438911438,0.1292770802974701,-0.129118874669075,0.3582306504249573,0.33943963050842285,0.35489729046821594,0.05145210400223732,0.6517059803009033,0.4624677896499634,0.45568639039993286,-0.06605500727891922,0.6556413173675537,0.48555219173431396,0.6219763159751892,0.1044713631272316,0.881462574005127,0.10597734153270721,-0.27462318539619446,-1.0773979127407074,-1.1462762951850891,-2.1034177392721176,0.12981444597244263,-1.491980254650116,-1.6081787645816803,-0.750364363193512,-1.1654175817966461,-0.602391641587019,-2.3959919810295105,-1.0808199644088745,-0.8687183260917664,-0.5451833829283714,-1.7948046326637268,-0.7412277162075043,-0.37958472967147827,-0.18618162721395493,-1.912204921245575,-0.8649522438645363,3.0,3.0,3.0,3.0,3.0,3.0,3.0,3.0,3.0,3.0,3.0,3.0,3.0,3.0,3.0,3.0,3.0,3.0,3.0,3.0,0.05,0.05,0.05,0.05,0.05,0.05,0.05,0.05,0.05,0.05,0.05,0.05,0.05,0.05,0.05,0.05,0.05,0.05,0.05,0.05,0.0,0.0,0.0,0.0,0.0,0.0,0.0,0.0,0.0,0.0,0.0,0.0,0.0,0.0,0.0,0.0,0.0,0.0,0.0,0.0,0.5442893505096436,0.4193909466266632,0.2430037409067154,0.010716907680034637,-0.06278734654188156,-0.20912465453147888,0.3372712731361389,0.47657477855682373,0.19331440329551697,-0.12127260863780975,0.39964932203292847,0.6571918725967407,0.5312017202377319,0.015122632496058941,0.4969170391559601,0.6691073775291443,0.8569118976593018,-0.10394992679357529,0.4872342050075531,0.34594544768333435,-1.7115041613578796,-0.8458048105239868,1.0194242000579834,-0.2253653947263956,0.09786225855350494,0.19746795296669006,-0.1540161669254303,-0.6154976785182953,-0.7300339639186859,-0.259566493332386,-1.4330871403217316,-1.2785881757736206,-0.1208186149597168,0.3353595035150647,-0.4794903099536896,-0.6177753210067749,0.1464739441871643,0.48225317150354385,-0.8029662072658539,-0.49727633595466614,3.0,3.0,3.0,3.0,3.0,3.0,3.0,3.0,3.0,3.0,3.0,3.0,3.0,3.0,3.0,3.0,3.0,3.0,3.0,3.0,0.05,0.05,0.05,0.05,0.05,0.05,0.05,0.05,0.05,0.05,0.05,0.05,0.05,0.05,0.05,0.05,0.05,0.05,0.05,0.05,0.0,0.0,0.0,0.0,0.0,0.0,0.0,0.0,0.0,0.0,0.0,0.0,0.0,0.0,0.0,0.0,0.0,0.0,0.0,0.0
0.46981802582740784,0.2519427239894867,0.41088059544563293,0.2407686859369278,0.12993574142456055,-0.16496437788009644,0.3322366178035736,0.3281041979789734,0.32999658584594727,0.03618211671710014,0.602277934551239,0.4385572671890259,0.4359205961227417,-0.07774205505847931,0.615966796875,0.46705925464630127,0.602070152759552,0.10056077688932419,0.8401551246643066,0.09136153012514114,0.29399171471595764,-1.347014680504799,-1.9056633114814758,-2.144787088036537,-0.024522840976715088,-1.8935106694698334,-0.9039469063282013,-0.3225564956665039,-1.0372176766395569,-0.8361550513654947,-2.6338160037994385,-1.3971418142318726,-0.6714694201946259,-0.6767047569155693,-2.111484110355377,-1.1131137609481812,-1.0214835405349731,-0.3229031339287758,-1.8395379185676575,-0.8015776053071022,3.0,3.0,3.0,3.0,3.0,3.0,3.0,3.0,3.0,3.0,3.0,3.0,3.0,3.0,3.0,3.0,3.0,3.0,3.0,3.0,0.05,0.05,0.05,0.05,0.05,0.05,0.05,0.05,0.05,0.05,0.05,0.05,0.05,0.05,0.05,0.05,0.05,0.05,0.05,0.05,0.0,0.0,0.0,0.0,0.0,0.0,0.0,0.0,0.0,0.0,0.0,0.0,0.0,0.0,0.0,0.0,0.0,0.0,0.0,0.0,0.5073832273483276,0.4017237722873688,0.25598904490470886,0.006112758070230484,-0.056393589824438095,-0.20282958447933197,0.33602166175842285,0.46169862151145935,0.17847475409507751,-0.12353216856718063,0.3611903786659241,0.6206403970718384,0.5256757736206055,0.02708999067544937,0.48334673047065735,0.6510924696922302,0.8535143733024597,-0.08458036184310913,0.46883609890937805,0.3337971270084381,-1.6692057251930237,-0.9275078773498535,0.4359472543001175,-0.23684903280809522,0.6781326606869698,0.592326745390892,0.006103515625,-1.0295197367668152,-0.3296058624982834,0.021882355213165283,-2.1253690123558044,-2.3848429322242737,-0.11273771524429321,0.7192451739683747,-0.6180763244628906,-1.1926203966140747,0.1155659556388855,1.025046780705452,-0.7782302796840668,-0.6933644413948059,3.0,3.0,3.0,3.0,3.0,3.0,3.0,3.0,3.0,3.0,3.0,3.0,3.0,3.0,3.0,3.0,3.0,3.0,3.0,3.0,0.05,0.05,0.05,0.05,0.05,0.05,0.05,0.05,0.05,0.05,0.05,0.05,0.05,0.05,0.05,0.05,0.05,0.05,0.05,0.05,0.0,0.0,0.0,0.0,0.0,0.0,0.0,0.0,0.0,0.0,0.0,0.0,0.0,0.0,0.0,0.0,0.0,0.0,0.0,0.0
0.482130765914917,0.2218593806028366,0.36689263582229614,0.1965019553899765,0.1282961666584015,-0.20485930144786835,0.3220727741718292,0.3265373706817627,0.31340858340263367,0.01800590194761753,0.5463533401489258,0.4065821170806885,0.4288276135921478,-0.09312319755554199,0.5711819529533386,0.4410276412963867,0.5811169743537903,0.09155523777008057,0.8078810572624207,0.07391423732042313,0.4531882703304291,-1.3690393418073654,-2.1104365587234497,-2.1253492683172226,-0.17962027341127396,-1.823076605796814,-0.5209498107433319,-0.08388608694076538,-0.9220905601978302,-0.6848075659945607,-2.663843333721161,-1.4318689703941345,-0.31717345118522644,-0.5833569914102554,-1.8912285566329956,-1.030917465686798,-0.7358923554420471,-0.32314807176589966,-1.3116821646690369,-0.7195461541414261,3.0,3.0,3.0,3.0,3.0,3.0,3.0,3.0,3.0,3.0,3.0,3.0,3.0,3.0,3.0,3.0,3.0,3.0,3.0,3.0,0.05,0.05,0.05,0.05,0.05,0.05,0.05,0.05,0.05,0.05,0.05,0.05,0.05,0.05,0.05,0.05,0.05,0.05,0.05,0.05,0.0,0.0,0.0,0.0,0.0,0.0,0.0,0.0,0.0,0.0,0.0,0.0,0.0,0.0,0.0,0.0,0.0,0.0,0.0,0.0,0.4775211215019226,0.38229063153266907,0.2604416310787201,0.0012429463677108288,-0.03566204011440277,-0.1854315847158432,0.3375154137611389,0.4353939890861511,0.18013016879558563,-0.12039731442928314,0.3146345615386963,0.5617981553077698,0.5266922116279602,0.04389243945479393,0.47219398617744446,0.6214025616645813,0.8615345358848572,-0.06294805556535721,0.45610499382019043,0.3182108700275421,-1.3072863221168518,-0.7571063935756683,0.2858944237232208,-0.2793916966766119,0.8568912744522095,0.9329941123723984,0.010856986045837402,-1.266593486070633,0.17498768866062164,0.055643729865550995,-2.0361341536045074,-2.6710957288742065,0.3536343574523926,0.5381330847740173,-0.18676146864891052,-1.2285992503166199,0.6603509187698364,0.9133808314800262,-0.4325106739997864,-0.6665237247943878,3.0,3.0,3.0,3.0,3.0,3.0,3.0,3.0,3.0,3.0,3.0,3.0,3.0,3.0,3.0,3.0,3.0,3.0,3.0,3.0,0.05,0.05,0.05,0.05,0.05,0.05,0.05,0.05,0.05,0.05,0.05,0.05,0.05,0.05,0.05,0.05,0.05,0.05,0.05,0.05,0.0,0.0,0.0,0.0,0.0,0.0,0.0,0.0,0.0,0.0,0.0,0.0,0.0,0.0,0.0,0.0,0.0,0.0,0.0,0.0
0.487945556640625,0.19718115031719208,0.32646313309669495,0.1557547152042389,0.12275093048810959,-0.237887442111969,0.31139862537384033,0.3247487545013428,0.29311296343803406,0.008789814077317715,0.4957242012023926,0.3812825083732605,0.42323365807533264,-0.10107633471488953,0.5403176546096802,0.42582255601882935,0.5726344585418701,0.0876348540186882,0.7876878380775452,0.0625796839594841,0.07848218083381653,-1.1203080415725708,-1.6786813735961914,-1.8751762807369232,-0.36769937723875046,-1.4862660318613052,-0.5285590887069702,-0.004607439041137695,-1.1726297438144684,-0.24250855203717947,-2.4854816496372223,-0.8988611400127411,-0.5315832793712616,-0.2471422776579857,-0.9475395083427429,-0.12053921818733215,-0.27939677238464355,0.003466010093688965,-0.7775738835334778,-0.2963264472782612,3.0,3.0,3.0,3.0,3.0,3.0,3.0,3.0,3.0,3.0,3.0,3.0,3.0,3.0,3.0,3.0,3.0,3.0,3.0,3.0,0.05,0.05,0.05,0.05,0.05,0.05,0.05,0.05,0.05,0.05,0.05,0.05,0.05,0.05,0.05,0.05,0.05,0.05,0.05,0.05,0.0,0.0,0.0,0.0,0.0,0.0,0.0,0.0,0.0,0.0,0.0,0.0,0.0,0.0,0.0,0.0,0.0,0.0,0.0,0.0,0.45509177446365356,0.37143951654434204,0.2674248218536377,-0.005062909796833992,-0.022117938846349716,-0.16550981998443604,0.33645594120025635,0.41103488206863403,0.18547426164150238,-0.1213064193725586,0.2797450125217438,0.5137965679168701,0.5398211479187012,0.048615314066410065,0.4758762717247009,0.6019484996795654,0.8799284100532532,-0.04804512858390808,0.4515356719493866,0.3071361780166626,-0.8903704583644867,-0.4930831491947174,0.48635080456733704,-0.3396644606254995,0.5908185848966241,1.0390449315309525,-0.07462427020072937,-1.2594111263751984,0.42252130806446075,-0.17505213618278503,-1.440267264842987,-2.221294492483139,0.5462318658828735,-0.0664789229631424,0.9033016860485077,-0.5966141819953918,1.2190356850624084,0.32565202564001083,-0.2103857696056366,-0.6084300577640533,3.0,3.0,3.0,3.0,3.0,3.0,3.0,3.0,3.0,3.0,3.0,3.0,3.0,3.0,3.0,3.0,3.0,3.0,3.0,3.0,0.05,0.05,0.05,0.05,0.05,0.05,0.05,0.05,0.05,0.05,0.05,0.05,0.05,0.05,0.05,0.05,0.05,0.05,0.05,0.05,0.0,0.0,0.0,0.0,0.0,0.0,0.0,0.0,0.0,0.0,0.0,0.0,0.0,0.0,0.0,0.0,0.0,0.0,0.0,0.0
0.48527005314826965,0.17704705893993378,0.2997453808784485,0.12149490416049957,0.11358819156885147,-0.26430994272232056,0.3009304106235504,0.3263530731201172,0.26650339365005493,0.008305559866130352,0.4469340741634369,0.37062767148017883,0.40756428241729736,-0.10300888866186142,0.5332803726196289,0.43620607256889343,0.5699411034584045,0.09169387817382812,0.7767781019210815,0.06206117942929268,-0.21266043186187744,-0.8651506155729294,-0.7920138537883759,-1.5605244785547256,-0.4146972671151161,-1.104552298784256,-0.4695311188697815,0.12423768639564514,-1.2856829911470413,0.15265215188264847,-1.811419427394867,0.01838281750679016,-0.8711844682693481,0.20537693053483963,0.06650388240814209,0.8962303400039673,0.05936920642852783,0.45622196048498154,-0.48509538173675537,0.13399776071310043,3.0,3.0,3.0,3.0,3.0,3.0,3.0,3.0,3.0,3.0,3.0,3.0,3.0,3.0,3.0,3.0,3.0,3.0,3.0,3.0,0.05,0.05,0.05,0.05,0.05,0.05,0.05,0.05,0.05,0.05,0.05,0.05,0.05,0.05,0.05,0.05,0.05,0.05,0.05,0.05,0.0,0.0,0.0,0.0,0.0,0.0,0.0,0.0,0.0,0.0,0.0,0.0,0.0,0.0,0.0,0.0,0.0,0.0,0.0,0.0,0.44190630316734314,0.36256730556488037,0.2798956632614136,-0.01234363205730915,-0.012029296718537807,-0.1438697874546051,0.33453044295310974,0.3850175440311432,0.19703102111816406,-0.12739939987659454,0.2570238709449768,0.4729463756084442,0.5485414862632751,0.041233282536268234,0.5083260536193848,0.5975379943847656,0.9102959632873535,-0.049921974539756775,0.44768956303596497,0.29387366771698,-0.4669398069381714,-0.3786943852901459,0.6758347153663635,-0.3673130180686712,0.4188850405625999,0.8770827203989029,0.07976144552230835,-1.1382542550563812,0.5228288471698761,-0.2294696867465973,-0.9141486138105392,-1.833939552307129,0.14325380325317383,-0.6225595716387033,2.2964805364608765,0.06551593542098999,1.8467441201210022,-0.2064528875052929,-0.1320168375968933,-0.6765350699424744,3.0,3.0,3.0,3.0,3.0,3.0,3.0,3.0,3.0,3.0,3.0,3.0,3.0,3.0,3.0,3.0,3.0,3.0,3.0,3.0,0.05,0.05,0.05,0.05,0.05,0.05,0.05,0.05,0.05,0.05,0.05,0.05,0.05,0.05,0.05,0.05,0.05,0.05,0.05,0.05,0.0,0.0,0.0,0.0,0.0,0.0,0.0,0.0,0.0,0.0,0.0,0.0,0.0,0.0,0.0,0.0,0.0,0.0,0.0,0.0
0.4794391393661499,0.1625751256942749,0.2947825789451599,0.09333373606204987,0.10616303980350494,-0.28206953406333923,0.2926173806190491,0.3297182619571686,0.2416856437921524,0.014895900152623653,0.4232674241065979,0.3820178210735321,0.3883862793445587,-0.09286125749349594,0.5429778099060059,0.46167176961898804,0.5750092267990112,0.10588373243808746,0.768284022808075,0.06793959438800812,-0.23949667811393738,-0.519276037812233,-0.005678087472915649,-1.2741981074213982,-0.19995234906673431,-0.5207709968090057,-0.32035335898399353,0.1878596842288971,-1.1473439633846283,0.545257912017405,-0.45325979590415955,1.0346688330173492,-0.9063690900802612,0.8294340223073959,0.8987829089164734,1.5565119683742523,0.5034402012825012,0.9222880005836487,-0.4398360848426819,0.38495874032378197,3.0,3.0,3.0,3.0,3.0,3.0,3.0,3.0,3.0,3.0,3.0,3.0,3.0,3.0,3.0,3.0,3.0,3.0,3.0,3.0,0.05,0.05,0.05,0.05,0.05,0.05,0.05,0.05,0.05,0.05,0.05,0.05,0.05,0.05,0.05,0.05,0.05,0.05,0.05,0.05,0.0,0.0,0.0,0.0,0.0,0.0,0.0,0.0,0.0,0.0,0.0,0.0,0.0,0.0,0.0,0.0,0.0,0.0,0.0,0.0,0.4364141821861267,0.3562917411327362,0.29445821046829224,-0.01975543051958084,-0.00536253722384572,-0.13042651116847992,0.3396463990211487,0.3655047118663788,0.20638741552829742,-0.13048520684242249,0.2431790679693222,0.44043898582458496,0.5455513000488281,0.02371293120086193,0.567735493183136,0.604569137096405,0.9537981748580933,-0.0563032440841198,0.44625499844551086,0.2800747752189636,-0.1677185297012329,-0.26680976152420044,0.6827265024185181,-0.3752585034817457,0.10093946475535631,0.5126915872097015,0.5236610770225525,-0.6539277732372284,0.28165988624095917,-0.17851367592811584,-0.49830377101898193,-1.345200091600418,-0.26620030403137207,-1.0827857069671154,3.574608266353607,0.47635138034820557,2.387741208076477,-0.3532102331519127,0.050252676010131836,-0.6438679993152618,3.0,3.0,3.0,3.0,3.0,3.0,3.0,3.0,3.0,3.0,3.0,3.0,3.0,3.0,3.0,3.0,3.0,3.0,3.0,3.0,0.05,0.05,0.05,0.05,0.05,0.05,0.05,0.05,0.05,0.05,0.05,0.05,0.05,0.05,0.05,0.05,0.05,0.05,0.05,0.05,0.0,0.0,0.0,0.0,0.0,0.0,0.0,0.0,0.0,0.0,0.0,0.0,0.0,0.0,0.0,0.0,0.0,0.0,0.0,0.0
0.47569018602371216,0.15627601742744446,0.29951825737953186,0.07052697986364365,0.1055900976061821,-0.2851407825946808,0.2881162762641907,0.33386746048927307,0.2206096351146698,0.030115876346826553,0.4288036823272705,0.4120144248008728,0.3713095188140869,-0.06983152776956558,0.5692316889762878,0.4984665513038635,0.5900787115097046,0.12858539819717407,0.7591846585273743,0.07745952904224396,-0.12324824929237366,-0.1392945647239685,0.31428560614585876,-1.0228573344647884,0.06427206099033356,0.09394437074661255,-0.144321471452713,0.2200499176979065,-0.8011404424905777,0.6794234970584512,0.6419777870178223,1.6217924654483795,-0.6982922554016113,1.201232336461544,1.410280168056488,1.8314853310585022,0.7616996765136719,1.1436119675636292,-0.4542723298072815,0.47307349741458893,3.0,3.0,3.0,3.0,3.0,3.0,3.0,3.0,3.0,3.0,3.0,3.0,3.0,3.0,3.0,3.0,3.0,3.0,3.0,3.0,0.05,0.05,0.05,0.05,0.05,0.05,0.05,0.05,0.05,0.05,0.05,0.05,0.05,0.05,0.05,0.05,0.05,0.05,0.05,0.05,0.0,0.0,0.0,0.0,0.0,0.0,0.0,0.0,0.0,0.0,0.0,0.0,0.0,0.0,0.0,0.0,0.0,0.0,0.0,0.0,0.4351975619792938,0.35189491510391235,0.3072047233581543,-0.02735397219657898,-0.007991718128323555,-0.12336212396621704,0.35547688603401184,0.35886043310165405,0.20829741656780243,-0.13453994691371918,0.23709172010421753,0.4191383719444275,0.5378934741020203,-0.002078145742416382,0.651310384273529,0.6165920495986938,1.0058056116104126,-0.06405038386583328,0.44969967007637024,0.2681189477443695,0.023226439952850342,-0.1699201762676239,0.47567784786224365,-0.3577220253646374,-0.2832842874340713,0.2313440665602684,0.7210187613964081,-0.26141777634620667,0.01622810959815979,-0.14144480228424072,-0.1212194561958313,-0.7796794176101685,-0.32262206077575684,-1.2350610457360744,4.101540148258209,0.5624353885650635,2.4466872215270996,-0.4004661925137043,0.21249577403068542,-0.5233347415924072,3.0,3.0,3.0,3.0,3.0,3.0,3.0,3.0,3.0,3.0,3.0,3.0,3.0,3.0,3.0,3.0,3.0,3.0,3.0,3.0,0.05,0.05,0.05,0.05,0.05,0.05,0.05,0.05,0.05,0.05,0.05,0.05,0.05,0.05,0.05,0.05,0.05,0.05,0.05,0.05,0.0,0.0,0.0,0.0,0.0,0.0,0.0,0.0,0.0,0.0,0.0,0.0,0.0,0.0,0.0,0.0,0.0,0.0,0.0,0.0
0.47450920939445496,0.15700334310531616,0.30735400319099426,0.05241944268345833,0.10873392224311829,-0.27831175923347473,0.28684452176094055,0.33852025866508484,0.2096400260925293,0.0420728400349617,0.4489465355873108,0.4468895196914673,0.36045458912849426,-0.04481196403503418,0.5993890166282654,0.5349311828613281,0.6054772138595581,0.15162821114063263,0.7501131296157837,0.08686253428459167,-0.07906556129455566,0.034744665026664734,0.186813622713089,-0.8379500359296799,-0.08796267211437225,0.43931305408477783,-0.058813393115997314,0.28198808431625366,-0.7070507854223251,0.38529569283127785,1.137717068195343,1.8380314111709595,-0.7908374071121216,1.0754949878901243,1.1928156018257141,1.6105249524116516,0.506804883480072,1.025187224149704,-0.5748778581619263,0.48963893204927444,3.0,3.0,3.0,3.0,3.0,3.0,3.0,3.0,3.0,3.0,3.0,3.0,3.0,3.0,3.0,3.0,3.0,3.0,3.0,3.0,0.05,0.05,0.05,0.05,0.05,0.05,0.05,0.05,0.05,0.05,0.05,0.05,0.05,0.05,0.05,0.05,0.05,0.05,0.05,0.05,0.0,0.0,0.0,0.0,0.0,0.0,0.0,0.0,0.0,0.0,0.0,0.0,0.0,0.0,0.0,0.0,0.0,0.0,0.0,0.0,0.4373432397842407,0.34949493408203125,0.313485324382782,-0.034064311534166336,-0.016693908721208572,-0.12117274850606918,0.368487149477005,0.3550480008125305,0.20703653991222382,-0.13614299893379211,0.23833028972148895,0.4092518091201782,0.5326464176177979,-0.025689510628581047,0.7317970991134644,0.6270665526390076,1.0516656637191772,-0.07232189178466797,0.4547548294067383,0.25914138555526733,0.11696293950080872,0.13956204056739807,-0.8133463561534882,-0.2515212632715702,-0.7194434758275747,0.052894651889801025,-0.04648342728614807,-0.5498528480529785,-0.3441043198108673,0.11489726603031158,0.3669224679470062,-0.0016145408153533936,0.1520991325378418,-0.6227788981050253,3.34530770778656,0.1708775758743286,1.63860023021698,-0.2832341939210892,0.2126835286617279,-0.3296501934528351,3.0,3.0,3.0,3.0,3.0,3.0,3.0,3.0,3.0,3.0,3.0,3.0,3.0,3.0,3.0,3.0,3.0,3.0,3.0,3.0,0.05,0.05,0.05,0.05,0.05,0.05,0.05,0.05,0.05,0.05,0.05,0.05,0.05,0.05,0.05,0.05,0.05,0.05,0.05,0.05,0.0,0.0,0.0,0.0,0.0,0.0,0.0,0.0,0.0,0.0,0.0,0.0,0.0,0.0,0.0,0.0,0.0,0.0,0.0,0.0
0.47252756357192993,0.15766580402851105,0.3069908022880554,0.03700897842645645,0.10207159072160721,-0.2675682604312897,0.2857637405395508,0.3451469838619232,0.1923276036977768,0.04552770406007767,0.47431236505508423,0.4855356812477112,0.33967602252960205,-0.02681172825396061,0.6169443130493164,0.5628875494003296,0.6103509068489075,0.16959288716316223,0.7361895442008972,0.09704508632421494,-0.061102211475372314,-0.013119354844093323,-0.21242499351501465,-0.7134995423257351,-0.5765164270997047,0.5962349474430084,0.04816874861717224,0.4534915089607239,-0.7830210030078888,-0.15866179019212723,1.172887533903122,1.8651947379112244,-1.0509371757507324,0.6948416586965322,0.5466654896736145,1.129809021949768,-0.04646778106689453,0.7185585796833038,-0.7122650742530823,0.5334120243787766,3.0,3.0,3.0,3.0,3.0,3.0,3.0,3.0,3.0,3.0,3.0,3.0,3.0,3.0,3.0,3.0,3.0,3.0,3.0,3.0,0.05,0.05,0.05,0.05,0.05,0.05,0.05,0.05,0.05,0.05,0.05,0.05,0.05,0.05,0.05,0.05,0.05,0.05,0.05,0.05,0.0,0.0,0.0,0.0,0.0,0.0,0.0,0.0,0.0,0.0,0.0,0.0,0.0,0.0,0.0,0.0,0.0,0.0,0.0,0.0,0.43987607955932617,0.3574773967266083,0.27467086911201477,-0.03741482272744179,-0.036769457161426544,-0.121246337890625,0.3536175489425659,0.3368663191795349,0.19453324377536774,-0.1299440562725067,0.2517686188220978,0.41907379031181335,0.5439774394035339,-0.026989301666617393,0.7851226925849915,0.623427152633667,1.0713496208190918,-0.07537975162267685,0.45820701122283936,0.2549329400062561,0.1509144902229309,0.17580389976501465,-2.2534970194101334,-0.006576813757419586,-1.003385428339243,-0.08712522685527802,-1.05409175157547,-1.0211274027824402,-0.3315310925245285,0.28917528688907623,0.8062403649091721,0.5966424942016602,0.6644204258918762,0.1193853560835123,2.330896258354187,-0.21203011274337769,0.6483584642410278,-0.1877104863524437,0.0950932502746582,-0.18926262855529785,3.0,3.0,3.0,3.0,3.0,3.0,3.0,3.0,3.0,3.0,3.0,3.0,3.0,3.0,3.0,3.0,3.0,3.0,3.0,3.0,0.05,0.05,0.05,0.05,0.05,0.05,0.05,0.05,0.05,0.05,0.05,0.05,0.05,0.05,0.05,0.05,0.05,0.05,0.05,0.05,0.0,0.0,0.0,0.0,0.0,0.0,0.0,0.0,0.0,0.0,0.0,0.0,0.0,0.0,0.0,0.0,0.0,0.0,0.0,0.0
0.47206512093544006,0.15647856891155243,0.2988570034503937,0.023879460990428925,0.0856732651591301,-0.2544623613357544,0.28877127170562744,0.3566599190235138,0.17831918597221375,0.03572636842727661,0.49586203694343567,0.5214973092079163,0.31841710209846497,-0.01701829768717289,0.62125563621521,0.5801235437393188,0.6036185026168823,0.18037055432796478,0.7216225266456604,0.10819901525974274,0.14485269784927368,-0.028674304485321045,-0.3626227378845215,-0.552722392603755,-0.6408190354704857,0.5933165550231934,0.37237852811813354,0.7454715669155121,-0.39075203239917755,-0.44308435171842575,1.3194277882575989,1.9213482737541199,-0.6813690066337585,0.37063099443912506,0.43925195932388306,0.9799346327781677,-0.24054497480392456,0.45288950204849243,-0.4946768283843994,0.7250623777508736,3.0,3.0,3.0,3.0,3.0,3.0,3.0,3.0,3.0,3.0,3.0,3.0,3.0,3.0,3.0,3.0,3.0,3.0,3.0,3.0,0.05,0.05,0.05,0.05,0.05,0.05,0.05,0.05,0.05,0.05,0.05,0.05,0.05,0.05,0.05,0.05,0.05,0.05,0.05,0.05,0.0,0.0,0.0,0.0,0.0,0.0,0.0,0.0,0.0,0.0,0.0,0.0,0.0,0.0,0.0,0.0,0.0,0.0,0.0,0.0,0.44337981939315796,0.35652709007263184,0.22334544360637665,-0.03432738408446312,-0.05682932585477829,-0.1246577575802803,0.3263234794139862,0.3142029047012329,0.19377529621124268,-0.12457598745822906,0.27057990431785583,0.43311750888824463,0.5592232346534729,-0.020914096385240555,0.8250329494476318,0.6185853481292725,1.0776000022888184,-0.07983031123876572,0.4585585594177246,0.2515708804130554,0.585714727640152,0.10657906532287598,-2.3953810334205627,0.03649415448307991,-0.5605779588222504,-0.022954493761062622,-0.599890947341919,-0.6544813513755798,-0.17867311835289001,0.32041892409324646,1.5945911407470703,1.3069644570350647,1.0448887944221497,0.40377203840762377,1.5297234058380127,-0.31325817108154297,0.07070302963256836,-0.16079992055892944,0.13222545385360718,0.009138137102127075,3.0,3.0,3.0,3.0,3.0,3.0,3.0,3.0,3.0,3.0,3.0,3.0,3.0,3.0,3.0,3.0,3.0,3.0,3.0,3.0,0.05,0.05,0.05,0.05,0.05,0.05,0.05,0.05,0.05,0.05,0.05,0.05,0.05,0.05,0.05,0.05,0.05,0.05,0.05,0.05,0.0,0.0,0.0,0.0,0.0,0.0,0.0,0.0,0.0,0.0,0.0,0.0,0.0,0.0,0.0,0.0,0.0,0.0,0.0,0.0
0.4783216714859009,0.1565188318490982,0.29248589277267456,0.014900082722306252,0.07643882930278778,-0.24383559823036194,0.3006588816642761,0.3749658465385437,0.1766975224018097,0.027804329991340637,0.5270894765853882,0.562389612197876,0.3124212622642517,-0.011986488476395607,0.6345143914222717,0.6020849347114563,0.6007291078567505,0.18770846724510193,0.7164024710655212,0.12604758143424988,0.4000246524810791,0.05708523094654083,-0.32673999667167664,-0.320888077840209,-0.1789439469575882,0.46676620841026306,0.7574960589408875,1.05782151222229,0.13072267174720764,-0.2753792330622673,1.8910057842731476,2.235928177833557,0.10048821568489075,0.20555753726512194,1.074834167957306,1.4062583446502686,-0.014247000217437744,0.34034475684165955,-0.005020201206207275,1.1180046945810318,3.0,3.0,3.0,3.0,3.0,3.0,3.0,3.0,3.0,3.0,3.0,3.0,3.0,3.0,3.0,3.0,3.0,3.0,3.0,3.0,0.05,0.05,0.05,0.05,0.05,0.05,0.05,0.05,0.05,0.05,0.05,0.05,0.05,0.05,0.05,0.05,0.05,0.05,0.05,0.05,0.0,0.0,0.0,0.0,0.0,0.0,0.0,0.0,0.0,0.0,0.0,0.0,0.0,0.0,0.0,0.0,0.0,0.0,0.0,0.0,0.46330466866493225,0.3617405593395233,0.17885562777519226,-0.03595505654811859,-0.05919257551431656,-0.1221645176410675,0.32962191104888916,0.3106870651245117,0.18738631904125214,-0.11712729930877686,0.3155522644519806,0.47135236859321594,0.5857729911804199,-0.010838420130312443,0.846311628818512,0.6108968257904053,1.0741777420043945,-0.08181174844503403,0.46349602937698364,0.2552984654903412,1.2688040733337402,0.02426058053970337,-0.9347155690193176,-0.14499975368380547,-0.05507105961441994,0.06382130086421967,2.26762518286705,1.5510618686676025,0.20784996449947357,0.2351272851228714,3.589945286512375,2.809964120388031,1.35231614112854,0.27193636633455753,0.6009012460708618,-0.3128647804260254,-0.10707378387451172,-0.26084817945957184,0.5420759320259094,0.48014000058174133,3.0,3.0,3.0,3.0,3.0,3.0,3.0,3.0,3.0,3.0,3.0,3.0,3.0,3.0,3.0,3.0,3.0,3.0,3.0,3.0,0.05,0.05,0.05,0.05,0.05,0.05,0.05,0.05,0.05,0.05,0.05,0.05,0.05,0.05,0.05,0.05,0.05,0.05,0.05,0.05,0.0,0.0,0.0,0.0,0.0,0.0,0.0,0.0,0.0,0.0,0.0,0.0,0.0,0.0,0.0,0.0,0.0,0.0,0.0,0.0
0.4880661070346832,0.15876197814941406,0.2857874035835266,0.011043937876820564,0.07851550728082657,-0.23579171299934387,0.31907111406326294,0.3989727795124054,0.18354809284210205,0.02471119910478592,0.5715022683143616,0.6109344363212585,0.3224366307258606,-0.008795996196568012,0.6642490029335022,0.6363738775253296,0.6030486226081848,0.19398434460163116,0.7214217185974121,0.152919203042984,1.037733256816864,-0.27476437389850616,-0.5557462573051453,1.9949571695178747,0.6524387747049332,0.6505586206912994,0.6188414990901947,1.3079285621643066,0.5719784647226334,0.3816148266196251,2.26418673992157,2.5453731417655945,0.48890039324760437,0.5064146360382438,1.6108587384223938,2.258920669555664,-0.19575804471969604,0.7155895233154297,0.4434838891029358,2.149364724755287,3.0,3.0,3.0,3.0,3.0,3.0,3.0,3.0,3.0,3.0,3.0,3.0,3.0,3.0,3.0,3.0,3.0,3.0,3.0,3.0,0.05,0.05,0.05,0.05,0.05,0.05,0.05,0.05,0.05,0.05,0.05,0.05,0.05,0.05,0.05,0.05,0.05,0.05,0.05,0.05,0.0,0.0,0.0,0.0,0.0,0.0,0.0,0.0,0.0,0.0,0.0,0.0,0.0,0.0,0.0,0.0,0.0,0.0,0.0,0.0,0.49413198232650757,0.35749751329421997,0.18595682084560394,-0.04012737423181534,-0.05903216823935509,-0.12210490554571152,0.4170284867286682,0.376245379447937,0.20208929479122162,-0.11517089605331421,0.41417771577835083,0.5455160737037659,0.6133158802986145,-0.010036641731858253,0.8490689992904663,0.6060707569122314,1.073317050933838,-0.09026423841714859,0.480241596698761,0.2707764804363251,1.5121780335903168,-0.053572654724121094,0.7502216845750809,-0.23425882682204247,0.0408051535487175,-0.292389839887619,5.489543080329895,4.0800511837005615,0.8597705513238907,-0.09896662086248398,5.381420999765396,3.78992035984993,1.1993438005447388,-0.13645493891090155,0.02819448709487915,-0.03402680158615112,-0.16109943389892578,-0.4856724292039871,0.8387967944145203,0.881679356098175,3.0,3.0,3.0,3.0,3.0,3.0,3.0,3.0,3.0,3.0,3.0,3.0,3.0,3.0,3.0,3.0,3.0,3.0,3.0,3.0,0.05,0.05,0.05,0.05,0.05,0.05,0.05,0.05,0.05,0.05,0.05,0.05,0.05,0.05,0.05,0.05,0.05,0.05,0.05,0.05,0.0,0.0,0.0,0.0,0.0,0.0,0.0,0.0,0.0,0.0,0.0,0.0,0.0,0.0,0.0,0.0,0.0,0.0,0.0,0.0
0.5198310017585754,0.14552825689315796,0.27025604248046875,0.09469836950302124,0.10253638029098511,-0.21781325340270996,0.3254125416278839,0.42728298902511597,0.19957666099071503,0.04306892305612564,0.617656946182251,0.6642045378684998,0.3319772779941559,0.008270096965134144,0.6989487409591675,0.6924417614936829,0.5928987860679626,0.21633204817771912,0.7341418266296387,0.21202217042446136,0.970015674829483,-0.5240455269813538,-0.469815731048584,3.8997485768049955,0.9158000349998474,0.6851457059383392,0.21769553422927856,1.374683529138565,0.3975406289100647,0.8275169879198074,1.558808982372284,2.133135497570038,0.19780173897743225,0.7003371836617589,1.179763674736023,2.3749634623527527,-0.447884202003479,1.0443132370710373,0.4394426941871643,2.7661986649036407,3.0,3.0,3.0,3.0,3.0,3.0,3.0,3.0,3.0,3.0,3.0,3.0,3.0,3.0,3.0,3.0,3.0,3.0,3.0,3.0,0.05,0.05,0.05,0.05,0.05,0.05,0.05,0.05,0.05,0.05,0.05,0.05,0.05,0.05,0.05,0.05,0.05,0.05,0.05,0.05,0.0,0.0,0.0,0.0,0.0,0.0,0.0,0.0,0.0,0.0,0.0,0.0,0.0,0.0,0.0,0.0,0.0,0.0,0.0,0.0,0.5237917900085449,0.35959765315055847,0.2088644951581955,-0.04532540962100029,-0.05756036937236786,-0.13386011123657227,0.549203634262085,0.4738891124725342,0.22177714109420776,-0.12108596414327621,0.5308091044425964,0.6229491829872131,0.6337467432022095,-0.016296617686748505,0.8474394083023071,0.6095357537269592,1.0677337646484375,-0.10123864561319351,0.49704790115356445,0.2905656397342682,1.4273330569267273,0.6316736340522766,0.514979287981987,-0.2523263916373253,-0.4679032601416111,-0.7486680522561073,6.489558517932892,4.854381084442139,0.7464461028575897,-0.38824938237667084,5.75823038816452,3.652070462703705,0.6218165159225464,-0.3274851478636265,-0.0977933406829834,0.4370540380477905,-0.5142658948898315,-0.4664303734898567,0.6513044238090515,1.0079488158226013,3.0,3.0,3.0,3.0,3.0,3.0,3.0,3.0,3.0,3.0,3.0,3.0,3.0,3.0,3.0,3.0,3.0,3.0,3.0,3.0,0.05,0.05,0.05,0.05,0.05,0.05,0.05,0.05,0.05,0.05,0.05,0.05,0.05,0.05,0.05,0.05,0.05,0.05,0.05,0.05,0.0,0.0,0.0,0.0,0.0,0.0,0.0,0.0,0.0,0.0,0.0,0.0,0.0,0.0,0.0,0.0,0.0,0.0,0.0,0.0
0.5268667340278625,0.1378001570701599,0.26699477434158325,0.16703388094902039,0.11514750868082047,-0.2083858847618103,0.3277789354324341,0.453960120677948,0.19944971799850464,0.05781187862157822,0.6338546276092529,0.6962598562240601,0.3303487002849579,0.019217491149902344,0.7114395499229431,0.7313724160194397,0.5851332545280457,0.23575687408447266,0.7389994263648987,0.26356714963912964,-0.12135058641433716,-0.1949165016412735,0.10984390974044661,3.2170142978429723,0.31918399035930634,0.352190434932708,0.11002644896507263,1.3932079076766926,-0.0586092472076416,0.7075091823935494,0.02458244562149048,1.0271593928337097,-0.08217841386795044,0.4730036249384277,-0.10885745286941528,1.471938192844388,-0.02393275499343872,0.8431203663349137,-0.3460928797721835,2.420882508158678,3.0,3.0,3.0,3.0,3.0,3.0,3.0,3.0,3.0,3.0,3.0,3.0,3.0,3.0,3.0,3.0,3.0,3.0,3.0,3.0,0.05,0.05,0.05,0.05,0.05,0.05,0.05,0.05,0.05,0.05,0.05,0.05,0.05,0.05,0.05,0.05,0.05,0.05,0.05,0.05,0.0,0.0,0.0,0.0,0.0,0.0,0.0,0.0,0.0,0.0,0.0,0.0,0.0,0.0,0.0,0.0,0.0,0.0,0.0,0.0,0.5512253046035767,0.38276445865631104,0.20655599236488342,-0.05022042989730835,-0.07774829864501953,-0.1520516276359558,0.6766108274459839,0.5704206228256226,0.2319471389055252,-0.13070087134838104,0.6445069313049316,0.6915988922119141,0.6381885409355164,-0.023136047646403313,0.845157265663147,0.6235529184341431,1.0527464151382446,-0.10892145335674286,0.506293773651123,0.3110944330692291,1.1735886335372896,1.453714072704311,-0.5917359143495532,-0.2410723827779286,-0.9084567427635175,-0.7810838520526865,6.012770533561692,4.588642716407764,0.45846924185752796,-0.4406882449984543,5.411963164806354,3.1992375850677406,-0.09606778621673584,-0.3531167283654205,-0.10264664888381958,0.8451566100120517,-0.8131235837936401,-0.30611604452133145,0.35364776849746704,1.0314419865608186,3.0,3.0,3.0,3.0,3.0,3.0,3.0,3.0,3.0,3.0,3.0,3.0,3.0,3.0,3.0,3.0,3.0,3.0,3.0,3.0,0.05,0.05,0.05,0.05,0.05,0.05,0.05,0.05,0.05,0.05,0.05,0.05,0.05,0.05,0.05,0.05,0.05,0.05,0.05,0.05,0.0,0.0,0.0,0.0,0.0,0.0,0.0,0.0,0.0,0.0,0.0,0.0,0.0,0.0,0.0,0.0,0.0,0.0,0.0,0.0
0.514976978302002,0.13773159682750702,0.2746497988700866,0.22337894141674014,0.11530373990535736,-0.20372563600540164,0.3298135995864868,0.48301130533218367,0.19723229110240936,0.07136929035186762,0.6186402440071106,0.7052909135818481,0.32869014143943787,0.027190241962671252,0.6945944428443909,0.7513192892074584,0.5919414758682251,0.25005686283111567,0.7202981114387513,0.3088574707508085,-0.40656477212905884,-0.016107037663459778,0.3099687397480011,2.5970034301280975,0.11625085026025772,0.21338537335395813,0.23660808801651,1.4476478099822998,0.16997382044792175,0.5608772858977318,-0.17028450965881348,0.6700202822685242,0.3478735685348511,0.2841938752681017,-0.4940301179885864,1.0528162121772766,0.5219146609306335,0.5742259323596954,-0.7006660103797913,2.2068098187446594,3.0,3.0,3.0,3.0,3.0,3.0,3.0,3.0,3.0,3.0,3.0,3.0,3.0,3.0,3.0,3.0,3.0,3.0,3.0,3.0,0.05,0.05,0.05,0.05,0.05,0.05,0.05,0.05,0.05,0.05,0.05,0.05,0.05,0.05,0.05,0.05,0.05,0.05,0.05,0.05,0.0,0.0,0.0,0.0,0.0,0.0,0.0,0.0,0.0,0.0,0.0,0.0,0.0,0.0,0.0,0.0,0.0,0.0,0.0,0.0,0.5707353353500365,0.4177462160587309,0.18519505858421337,-0.054968304932117434,-0.09389863908290856,-0.16510346531867973,0.7897144556045527,0.6574348211288448,0.24011591076850888,-0.1387134939432144,0.7472876310348506,0.7509186863899228,0.62990403175354,-0.030421286821365325,0.8433335423469543,0.6433420181274413,1.035208821296692,-0.11348328739404677,0.5111938118934631,0.33182331919670094,0.8149683475494385,1.567462831735611,-0.9194560348987579,-0.20455289632081985,-0.7267653942108154,-0.5574371665716171,5.010691285133362,4.013939201831818,0.41411779820919037,-0.3149140626192093,4.755263030529022,2.6834458112716675,-0.2614334225654602,-0.2855675760656595,-0.03599822521209717,1.0314851999282837,-0.860297679901123,-0.17775632441043854,0.29175877571105957,1.104801893234253,3.0,3.0,3.0,3.0,3.0,3.0,3.0,3.0,3.0,3.0,3.0,3.0,3.0,3.0,3.0,3.0,3.0,3.0,3.0,3.0,0.05,0.05,0.05,0.05,0.05,0.05,0.05,0.05,0.05,0.05,0.05,0.05,0.05,0.05,0.05,0.05,0.05,0.05,0.05,0.05,0.0,0.0,0.0,0.0,0.0,0.0,0.0,0.0,0.0,0.0,0.0,0.0,0.0,0.0,0.0,0.0,0.0,0.0,0.0,0.0
0.5106041431427002,0.13715587556362152,0.2793935239315033,0.2709140181541443,0.11979754269123077,-0.19985046982765198,0.3372432589530945,0.51186603307724,0.2062486708164215,0.08024697005748749,0.6270432472229004,0.723060667514801,0.34426364302635193,0.03058524616062641,0.6916783452033997,0.7734850645065308,0.606009840965271,0.2587259113788605,0.710972785949707,0.351839542388916,0.035578012466430664,-0.060694292187690735,0.09947046637535234,2.262932434678085,0.1164441928267479,0.17016567289829324,0.7513202726840973,1.8949091434478802,0.6042648106813431,0.30700396746397157,1.823587715625763,1.1731252074241638,1.191066950559616,0.0647144392132766,0.595623254776001,1.4011830091476467,0.760340690612793,0.37935227155685564,-0.015467405319216643,2.4651803076267296,3.0,3.0,3.0,3.0,3.0,3.0,3.0,3.0,3.0,3.0,3.0,3.0,3.0,3.0,3.0,3.0,3.0,3.0,3.0,3.0,0.05,0.05,0.05,0.05,0.05,0.05,0.05,0.05,0.05,0.05,0.05,0.05,0.05,0.05,0.05,0.05,0.05,0.05,0.05,0.05,0.0,0.0,0.0,0.0,0.0,0.0,0.0,0.0,0.0,0.0,0.0,0.0,0.0,0.0,0.0,0.0,0.0,0.0,0.0,0.0,0.5838240385055542,0.4454629719257355,0.1697777509689331,-0.058402545750141144,-0.10681891441345215,-0.1743491142988205,0.8770384788513184,0.7309781908988953,0.24851185083389282,-0.14329743385314941,0.8347174525260925,0.7989367246627808,0.627731204032898,-0.034558750689029694,0.8437173366546631,0.6648123264312744,1.0183345079421997,-0.1160317063331604,0.5179641246795654,0.35528650879859924,0.6248682737350492,0.9886071085929912,-0.18079169094562808,-0.13397345319390366,-0.5814123898744601,-0.535835698246958,3.8330420851707596,3.3252060413360707,0.48294141888618536,-0.21988451480865548,4.015158116817485,2.1202862262725914,0.14147907495498657,-0.1436594873666771,0.025522708892822266,1.0574072599411037,-0.8194565773010254,-0.10604765266180073,0.4314616322517395,1.2557402253150967,3.0,3.0,3.0,3.0,3.0,3.0,3.0,3.0,3.0,3.0,3.0,3.0,3.0,3.0,3.0,3.0,3.0,3.0,3.0,3.0,0.05,0.05,0.05,0.05,0.05,0.05,0.05,0.05,0.05,0.05,0.05,0.05,0.05,0.05,0.05,0.05,0.05,0.05,0.05,0.05,0.0,0.0,0.0,0.0,0.0,0.0,0.0,0.0,0.0,0.0,0.0,0.0,0.0,0.0,0.0,0.0,0.0,0.0,0.0,0.0
0.5164000988006592,0.1353038251399994,0.2786286175251007,0.3138962388038635,0.11996150761842728,-0.1969190090894699,0.3598664104938507,0.5588076710700989,0.22140288352966309,0.08364944905042648,0.6915837526321411,0.7522159218788147,0.3763328194618225,0.029778819531202316,0.7184193730354309,0.8073666095733643,0.6223551034927368,0.2652309536933899,0.7196794152259827,0.4074646830558777,0.5011692643165588,-0.15026777982711792,-0.19607767462730408,2.0203910768032074,-0.004035234451293945,0.190054252743721,1.4644362032413483,2.5096267461776733,0.955258309841156,0.05409959703683853,3.443199396133423,1.2612506747245789,1.764599233865738,-0.11174152605235577,1.5291586518287659,1.6028866171836853,0.5993172526359558,0.30496641993522644,0.7932335138320923,2.8636738657951355,3.0,3.0,3.0,3.0,3.0,3.0,3.0,3.0,3.0,3.0,3.0,3.0,3.0,3.0,3.0,3.0,3.0,3.0,3.0,3.0,0.05,0.05,0.05,0.05,0.05,0.05,0.05,0.05,0.05,0.05,0.05,0.05,0.05,0.05,0.05,0.05,0.05,0.05,0.05,0.05,0.0,0.0,0.0,0.0,0.0,0.0,0.0,0.0,0.0,0.0,0.0,0.0,0.0,0.0,0.0,0.0,0.0,0.0,0.0,0.0,0.5957300662994385,0.45729050040245056,0.17796339094638824,-0.06032724305987358,-0.11715513467788696,-0.18653689324855804,0.9430361390113831,0.7904430627822876,0.2594335675239563,-0.1475088745355606,0.90789395570755,0.8357301354408264,0.6355631947517395,-0.03616766631603241,0.8443544507026672,0.6856383085250854,1.0024305582046509,-0.1177251935005188,0.5284522771835327,0.3820529282093048,0.4271402955055237,0.3334641456604004,0.34548528492450714,-0.06722519174218178,-0.46512968838214874,-0.6201066076755524,2.853725850582123,2.6316002011299133,0.5325891077518463,-0.21511800587177277,3.337840735912323,1.6572341322898865,0.5901947617530823,-0.047158729285001755,0.1031532883644104,0.9863689541816711,-0.6370991468429565,-0.08476637303829193,0.5798012018203735,1.2954704463481903,3.0,3.0,3.0,3.0,3.0,3.0,3.0,3.0,3.0,3.0,3.0,3.0,3.0,3.0,3.0,3.0,3.0,3.0,3.0,3.0,0.05,0.05,0.05,0.05,0.05,0.05,0.05,0.05,0.05,0.05,0.05,0.05,0.05,0.05,0.05,0.05,0.05,0.05,0.05,0.05,0.0,0.0,0.0,0.0,0.0,0.0,0.0,0.0,0.0,0.0,0.0,0.0,0.0,0.0,0.0,0.0,0.0,0.0,0.0,0.0
0.5306509137153625,0.1311451643705368,0.27155041694641113,0.3517296612262726,0.11963613331317902,-0.19224829971790314,0.3958207070827484,0.6122511029243469,0.24445900321006775,0.08241095393896103,0.7647712230682373,0.7735106945037842,0.41484761238098145,0.02611558511853218,0.7528446912765503,0.8376005291938782,0.6299825310707092,0.27092456817626953,0.7427021265029907,0.46638649702072144,0.6954565644264221,-0.23050382733345032,-0.5605816841125488,1.6575872898101807,0.07638949900865555,0.5183394998311996,2.061823755502701,2.5447651743888855,0.6127741187810898,-0.2914523705840111,2.037276327610016,0.22585391998291016,0.8971720933914185,-0.3716168226674199,0.8956104516983032,0.9933292865753174,-0.13284087181091309,-0.11005997657775879,0.8390665054321289,2.4987757205963135,3.0,3.0,3.0,3.0,3.0,3.0,3.0,3.0,3.0,3.0,3.0,3.0,3.0,3.0,3.0,3.0,3.0,3.0,3.0,3.0,0.05,0.05,0.05,0.05,0.05,0.05,0.05,0.05,0.05,0.05,0.05,0.05,0.05,0.05,0.05,0.05,0.05,0.05,0.05,0.05,0.0,0.0,0.0,0.0,0.0,0.0,0.0,0.0,0.0,0.0,0.0,0.0,0.0,0.0,0.0,0.0,0.0,0.0,0.0,0.0,0.6009096503257751,0.4588015377521515,0.1835971623659134,-0.061091553419828415,-0.1254241019487381,-0.1991533786058426,0.9911875128746033,0.8362421989440918,0.2698154151439667,-0.15190215408802032,0.9682310819625854,0.8652260899543762,0.6513389945030212,-0.036445099860429764,0.8478434681892395,0.7042670845985413,0.9928505420684814,-0.11942236125469208,0.5411561727523804,0.40710532665252686,0.19343197345733643,0.04345253109931946,-0.787697359919548,-0.037841685116291046,-0.37210360169410706,-0.3088854253292084,1.820419728755951,2.1401405334472656,0.1873023808002472,-0.1334507018327713,2.824588119983673,1.3404875993728638,1.0550737380981445,-0.0028809532523155212,0.14995336532592773,0.8734077215194702,-0.2816140651702881,-0.14466606080532074,0.7478997111320496,1.3006515800952911,3.0,3.0,3.0,3.0,3.0,3.0,3.0,3.0,3.0,3.0,3.0,3.0,3.0,3.0,3.0,3.0,3.0,3.0,3.0,3.0,0.05,0.05,0.05,0.05,0.05,0.05,0.05,0.05,0.05,0.05,0.05,0.05,0.05,0.05,0.05,0.05,0.05,0.05,0.05,0.05,0.0,0.0,0.0,0.0,0.0,0.0,0.0,0.0,0.0,0.0,0.0,0.0,0.0,0.0,0.0,0.0,0.0,0.0,0.0,0.0
0.5442183613777161,0.12608367204666138,0.25620535016059875,0.38019973039627075,0.1230170875787735,-0.17618542909622192,0.44233936071395874,0.6605982780456543,0.24591384828090668,0.07199135422706604,0.7730748057365417,0.7612500786781311,0.41221970319747925,0.01491414662450552,0.754243791103363,0.847099781036377,0.6170414686203003,0.26082855463027954,0.7532420754432678,0.5074157118797302,0.6113067269325256,-0.7466040551662445,-0.8330628275871277,1.1832468211650848,0.056756846606731415,1.144663244485855,2.437952160835266,2.3106157779693604,-0.3339085727930069,-0.68229790776968,-0.6752520799636841,-1.1810719966888428,-0.7883273065090179,-0.8329279022291303,-0.6039336323738098,0.033946335315704346,-1.2215927243232727,-0.7261883467435837,0.09623020887374878,1.5986129641532898,3.0,3.0,3.0,3.0,3.0,3.0,3.0,3.0,3.0,3.0,3.0,3.0,3.0,3.0,3.0,3.0,3.0,3.0,3.0,3.0,0.05,0.05,0.05,0.05,0.05,0.05,0.05,0.05,0.05,0.05,0.05,0.05,0.05,0.05,0.05,0.05,0.05,0.05,0.05,0.05,0.0,0.0,0.0,0.0,0.0,0.0,0.0,0.0,0.0,0.0,0.0,0.0,0.0,0.0,0.0,0.0,0.0,0.0,0.0,0.0,0.6034673452377319,0.45902860164642334,0.14645549654960632,-0.06184091046452522,-0.13203927874565125,-0.19889231026172638,1.015852928161621,0.8760486841201782,0.2669256627559662,-0.15284690260887146,1.020877480506897,0.889349639415741,0.6777661442756653,-0.03628290444612503,0.8503525853157043,0.7205746173858643,0.9911659955978394,-0.12351183593273163,0.5583682656288147,0.43407899141311646,0.10972321033477783,-0.4303649067878723,-1.6654519364237785,-0.05540447309613228,-0.29768310487270355,0.026253610849380493,0.9068325161933899,1.7866969108581543,-0.37718862295150757,-0.06340555846691132,2.305114269256592,1.0709494352340698,1.4538779854774475,-0.0020522624254226685,0.22750496864318848,0.782167911529541,0.03491789102554321,-0.2039920538663864,0.8613646030426025,1.2708619236946106,3.0,3.0,3.0,3.0,3.0,3.0,3.0,3.0,3.0,3.0,3.0,3.0,3.0,3.0,3.0,3.0,3.0,3.0,3.0,3.0,0.05,0.05,0.05,0.05,0.05,0.05,0.05,0.05,0.05,0.05,0.05,0.05,0.05,0.05,0.05,0.05,0.05,0.05,0.05,0.05,0.0,0.0,0.0,0.0,0.0,0.0,0.0,0.0,0.0,0.0,0.0,0.0,0.0,0.0,0.0,0.0,0.0,0.0,0.0,0.0
0.5551031827926636,0.10128100216388702,0.23822790384292603,0.399059534072876,0.12190640717744827,-0.14646176993846893,0.49333879351615906,0.7046757340431213,0.23110266029834747,0.05511903762817383,0.7377611398696899,0.7262678146362305,0.3833145201206207,-0.00720153097063303,0.7286873459815979,0.8389583826065063,0.5811188220977783,0.24187703430652618,0.7465513348579407,0.530331015586853,0.6111741065978976,-1.234425231814381,-0.6952140480279908,0.7804639637470245,-0.22372789680957794,1.405139639973638,3.019006550312034,2.291052043437952,-0.2466529607772841,-0.8671132847666719,-1.8636256456375122,-1.7506867647170992,-0.6868913769721985,-1.0563242947682718,-0.9631752967834445,-0.4061102867126465,-1.3520389795303371,-1.0532867163419704,-0.2954751253128024,0.7794275879859924,3.0,3.0,3.0,3.0,3.0,3.0,3.0,3.0,3.0,3.0,3.0,3.0,3.0,3.0,3.0,3.0,3.0,3.0,3.0,3.0,0.05,0.05,0.05,0.05,0.05,0.05,0.05,0.05,0.05,0.05,0.05,0.05,0.05,0.05,0.05,0.05,0.05,0.05,0.05,0.05,0.0,0.0,0.0,0.0,0.0,0.0,0.0,0.0,0.0,0.0,0.0,0.0,0.0,0.0,0.0,0.0,0.0,0.0,0.0,0.0,0.6052985787391663,0.4415869414806366,0.11697908490896225,-0.0633077323436737,-0.13733142614364624,-0.19810323417186737,1.0274608135223389,0.907710075378418,0.25472787022590637,-0.15443837642669678,1.0604356527328491,0.908064067363739,0.7094941139221191,-0.03652719035744667,0.856943666934967,0.7355538010597229,0.9942472577095032,-0.12758204340934753,0.5756107568740845,0.4579398036003113,0.18820017576217374,-0.6665691733360304,-1.3152768835425348,-0.04479261115193367,-0.2381466329097741,0.15675239264964919,0.4703730344772339,1.4963671565055818,0.03994926810264171,-0.09040124714374542,2.1962404251098575,1.013714075088498,1.5544608235359163,-0.020147114992141724,0.40857046842575073,0.7313758134841891,0.21335184574126642,-0.13957470655441284,0.7985547184944153,1.0888054966926561,3.0,3.0,3.0,3.0,3.0,3.0,3.0,3.0,3.0,3.0,3.0,3.0,3.0,3.0,3.0,3.0,3.0,3.0,3.0,3.0,0.05,0.05,0.05,0.05,0.05,0.05,0.05,0.05,0.05,0.05,0.05,0.05,0.05,0.05,0.05,0.05,0.05,0.05,0.05,0.05,0.0,0.0,0.0,0.0,0.0,0.0,0.0,0.0,0.0,0.0,0.0,0.0,0.0,0.0,0.0,0.0,0.0,0.0,0.0,0.0
0.568665325641632,0.07670666277408614,0.22839678823947912,0.41141828894615173,0.11406797170639038,-0.1199798434972764,0.5630996227264401,0.7522403597831724,0.2360477298498153,0.03730682283639916,0.6985297799110413,0.6912226080894471,0.3847440481185913,-0.027338825166225357,0.7157167792320253,0.8308553695678711,0.5629599094390868,0.21869708597660073,0.7414230704307557,0.5385928153991699,0.915159285068512,-1.1765262112021446,-0.3962751477956772,0.3891192376613617,-0.11040996760129929,1.0761113837361336,3.5875000059604645,2.3588985204696655,0.570925697684288,-0.7463748101145029,-1.100127398967743,-1.1531025171279907,0.8413426578044891,-0.7533740950748324,0.2519354224205017,0.08744150400161743,-0.23849010467529297,-0.9238068014383316,-0.018900632858276367,0.374583899974823,3.0,3.0,3.0,3.0,3.0,3.0,3.0,3.0,3.0,3.0,3.0,3.0,3.0,3.0,3.0,3.0,3.0,3.0,3.0,3.0,0.05,0.05,0.05,0.05,0.05,0.05,0.05,0.05,0.05,0.05,0.05,0.05,0.05,0.05,0.05,0.05,0.05,0.05,0.05,0.05,0.0,0.0,0.0,0.0,0.0,0.0,0.0,0.0,0.0,0.0,0.0,0.0,0.0,0.0,0.0,0.0,0.0,0.0,0.0,0.0,0.6109953522682189,0.4323658347129821,0.09384442120790493,-0.06363261491060257,-0.1415651440620422,-0.1926222145557404,1.0346678495407104,0.9359033703804015,0.26852363348007185,-0.15646295249462128,1.1087270975112913,0.9298982024192809,0.7399445772171019,-0.0370887890458107,0.8666954040527344,0.7498296499252318,0.99970006942749,-0.12909482419490814,0.5903104543685913,0.4776312112808227,0.33251941204071045,-0.17485469579696655,-0.9676862508058548,-0.05089379847049713,-0.19051730632781982,0.4429813474416733,0.5826354026794434,1.4808118343353271,1.4688313007354736,-0.10364167392253876,2.7177900075912476,1.2203797698020935,1.6475558280944824,-0.02930518239736557,0.6888195872306824,0.751049816608429,0.34207552671432495,0.04900321364402771,0.6317824125289917,0.8613348007202148,3.0,3.0,3.0,3.0,3.0,3.0,3.0,3.0,3.0,3.0,3.0,3.0,3.0,3.0,3.0,3.0,3.0,3.0,3.0,3.0,0.05,0.05,0.05,0.05,0.05,0.05,0.05,0.05,0.05,0.05,0.05,0.05,0.05,0.05,0.05,0.05,0.05,0.05,0.05,0.05,0.0,0.0,0.0,0.0,0.0,0.0,0.0,0.0,0.0,0.0,0.0,0.0,0.0,0.0,0.0,0.0,0.0,0.0,0.0,0.0
0.591709554195404,0.05421995371580124,0.22237689793109894,0.41462430357933044,0.1174900084733963,-0.10341731458902359,0.6368387937545776,0.799031674861908,0.253939688205719,0.025264045223593712,0.6937560439109802,0.6801437139511108,0.4169682264328003,-0.03733649477362633,0.738764762878418,0.842456042766571,0.5715792179107666,0.20492476224899292,0.7457953095436096,0.545314371585846,1.1818051338195827,-1.1067025363445318,-0.26078335940838,-0.1568906009197235,-0.39271917194128036,0.9177770465612436,3.982871770858773,2.3659884929657036,0.23065730929374834,-0.1439743675291559,1.1495009064674377,0.3772765398025485,1.5027329325675964,0.10395566932856845,2.2279649972915623,1.1255279183387756,0.7483288645744351,-0.1980047672987005,-0.0005915760993985275,0.003275275230407715,3.0,3.0,3.0,3.0,3.0,3.0,3.0,3.0,3.0,3.0,3.0,3.0,3.0,3.0,3.0,3.0,3.0,3.0,3.0,3.0,0.05,0.05,0.05,0.05,0.05,0.05,0.05,0.05,0.05,0.05,0.05,0.05,0.05,0.05,0.05,0.05,0.05,0.05,0.05,0.05,0.0,0.0,0.0,0.0,0.0,0.0,0.0,0.0,0.0,0.0,0.0,0.0,0.0,0.0,0.0,0.0,0.0,0.0,0.0,0.0,0.6185993552207947,0.43459275364875793,0.07827163487672806,-0.06534348428249359,-0.14495211839675903,-0.18038398027420044,1.0507662296295166,0.966942548751831,0.3134811222553253,-0.15858404338359833,1.169147253036499,0.9568792581558228,0.7753963470458984,-0.03769939765334129,0.8844964504241943,0.7655957937240601,1.0079302787780762,-0.12562191486358643,0.6008820533752441,0.4923931956291199,0.35708546638489047,0.21651983261108537,-0.6925532594323186,-0.10457988828420639,-0.15241391956806252,0.7371816784143461,1.132860779762268,1.630751788616183,2.690742164850239,-0.11727288365364075,3.0510216951370293,1.3517156243324306,1.6887024044990566,-0.013855844736099243,0.9850069880485535,0.781835615634921,0.5728989839553889,0.28785448521375656,0.41629672050476074,0.5937844514846815,3.0,3.0,3.0,3.0,3.0,3.0,3.0,3.0,3.0,3.0,3.0,3.0,3.0,3.0,3.0,3.0,3.0,3.0,3.0,3.0,0.05,0.05,0.05,0.05,0.05,0.05,0.05,0.05,0.05,0.05,0.05,0.05,0.05,0.05,0.05,0.05,0.05,0.05,0.05,0.05,0.0,0.0,0.0,0.0,0.0,0.0,0.0,0.0,0.0,0.0,0.0,0.0,0.0,0.0,0.0,0.0,0.0,0.0,0.0,0.0
0.6159375309944153,0.03243856132030487,0.21796545386314392,0.4051426649093628,0.09835920482873917,-0.08326876163482666,0.722414493560791,0.8468798995018005,0.24527402222156525,0.031547848135232925,0.7445098161697388,0.7063136696815491,0.44485336542129517,-0.02318059839308262,0.8048353791236877,0.8758764863014221,0.5928930640220642,0.2107768952846527,0.7413994073867798,0.5387238264083862,0.8968710899353027,-0.05837250500917435,-0.07401071488857269,-2.254512906074524,-1.2473000213503838,0.32961051911115646,2.8993338346481323,1.4139577746391296,-0.856282189488411,0.6232331041246653,1.8195956945419312,0.8287370204925537,0.4806607961654663,0.8447248488664627,2.625901997089386,1.26638263463974,0.9937852621078491,0.4491746425628662,-0.44711679220199585,-0.5004093050956726,3.0,3.0,3.0,3.0,3.0,3.0,3.0,3.0,3.0,3.0,3.0,3.0,3.0,3.0,3.0,3.0,3.0,3.0,3.0,3.0,0.05,0.05,0.05,0.05,0.05,0.05,0.05,0.05,0.05,0.05,0.05,0.05,0.05,0.05,0.05,0.05,0.05,0.05,0.05,0.05,0.0,0.0,0.0,0.0,0.0,0.0,0.0,0.0,0.0,0.0,0.0,0.0,0.0,0.0,0.0,0.0,0.0,0.0,0.0,0.0,0.6252787709236145,0.44102662801742554,0.06614229083061218,-0.06781581044197083,-0.1476617008447647,-0.16313494741916656,1.0799822807312012,1.0011334419250488,0.3761533200740814,-0.1611538678407669,1.2307679653167725,0.9839668273925781,0.8074926733970642,-0.03764302283525467,0.9060956835746765,0.7811030745506287,1.0226160287857056,-0.11758064478635788,0.6069623231887817,0.50138258934021,0.14722347259521484,-0.007258355617523193,-0.46917814761400223,-0.0851241871714592,-0.12193098664283752,0.8279416710138321,1.478058099746704,1.5544474124908447,1.6789048910140991,-0.2032976597547531,2.3630499839782715,1.0152578353881836,1.0376423597335815,-0.0072420574724674225,0.7374376058578491,0.5690783262252808,0.9624451398849487,0.36329329013824463,0.20963698625564575,0.28978288173675537,3.0,3.0,3.0,3.0,3.0,3.0,3.0,3.0,3.0,3.0,3.0,3.0,3.0,3.0,3.0,3.0,3.0,3.0,3.0,3.0,0.05,0.05,0.05,0.05,0.05,0.05,0.05,0.05,0.05,0.05,0.05,0.05,0.05,0.05,0.05,0.05,0.05,0.05,0.05,0.05,0.0,0.0,0.0,0.0,0.0,0.0,0.0,0.0,0.0,0.0,0.0,0.0,0.0,0.0,0.0,0.0,0.0,0.0,0.0,0.0
0.6275843977928162,0.051885053515434265,0.21941646933555603,0.3244437873363495,0.06759800761938095,-0.09023289382457733,0.7528121471405029,0.8555899858474731,0.21968840062618256,0.05019336938858032,0.7665398716926575,0.713293194770813,0.43619465827941895,-0.003547500818967819,0.8438008427619934,0.8931113481521606,0.6113306283950806,0.22289174795150757,0.7279106378555298,0.525297999382019,-0.19335150718688965,1.2366831302642822,0.7015902549028397,-3.745465725660324,-1.313970796763897,-0.8241446688771248,0.27303993701934814,-0.5549356341362,-1.385345309972763,1.0291575454175472,0.4080146551132202,-0.17575770616531372,-1.0685354471206665,1.0859324596822262,1.4713212847709656,0.5117073655128479,1.130416989326477,0.6999760866165161,-0.8694693446159363,-0.8468747138977051,3.0,3.0,3.0,3.0,3.0,3.0,3.0,3.0,3.0,3.0,3.0,3.0,3.0,3.0,3.0,3.0,3.0,3.0,3.0,3.0,0.05,0.05,0.05,0.05,0.05,0.05,0.05,0.05,0.05,0.05,0.05,0.05,0.05,0.05,0.05,0.05,0.05,0.05,0.05,0.05,0.0,0.0,0.0,0.0,0.0,0.0,0.0,0.0,0.0,0.0,0.0,0.0,0.0,0.0,0.0,0.0,0.0,0.0,0.0,0.0,0.6244882941246033,0.434302419424057,0.05950450897216797,-0.06874845176935196,-0.14982935786247253,-0.14726631343364716,1.1098885536193848,1.0291204452514648,0.3806373178958893,-0.16671594977378845,1.2636692523956299,0.9974895715713501,0.8169020414352417,-0.03798907995223999,0.9139939546585083,0.7883589267730713,1.0464280843734741,-0.11109018325805664,0.60926753282547,0.5039845108985901,-0.08017420768737793,-0.2793356776237488,-0.29059192165732384,-0.039072148501873016,-0.09754449129104614,0.7783193141222,1.3235479593276978,1.1340826749801636,-0.46602338552474976,-0.41211023926734924,1.1749833822250366,0.3795161843299866,-0.07005184888839722,-0.00856621190905571,0.0963449478149414,0.1519232988357544,0.8843988180160522,0.4234530031681061,-0.3284335136413574,-0.19923970103263855,3.0,3.0,3.0,3.0,3.0,3.0,3.0,3.0,3.0,3.0,3.0,3.0,3.0,3.0,3.0,3.0,3.0,3.0,3.0,3.0,0.05,0.05,0.05,0.05,0.05,0.05,0.05,0.05,0.05,0.05,0.05,0.05,0.05,0.05,0.05,0.05,0.05,0.05,0.05,0.05,0.0,0.0,0.0,0.0,0.0,0.0,0.0,0.0,0.0,0.0,0.0,0.0,0.0,0.0,0.0,0.0,0.0,0.0,0.0,0.0
0.6082034707069397,0.08190588653087616,0.2460290640592575,0.25532403588294983,0.04580037295818329,-0.11623454838991165,0.7333360910415649,0.8246824741363525,0.18986020982265472,0.07271414995193481,0.7608304023742676,0.6992833614349365,0.4021119475364685,0.02025669999420643,0.8636882305145264,0.896344780921936,0.6381097435951233,0.23877593874931335,0.7066206336021423,0.504848837852478,-0.8155167102813721,1.2530960142612457,1.2272179126739502,-3.126000240445137,-0.7242792285978794,-1.2046050280332565,-1.311369240283966,-1.8021449446678162,-1.0572582483291626,1.1266060173511505,0.21327584981918335,-0.4754006862640381,-1.2417994439601898,1.1394479312002659,0.9639769792556763,0.05061328411102295,1.4011859893798828,0.7305048406124115,-1.0567441582679749,-1.004692167043686,3.0,3.0,3.0,3.0,3.0,3.0,3.0,3.0,3.0,3.0,3.0,3.0,3.0,3.0,3.0,3.0,3.0,3.0,3.0,3.0,0.05,0.05,0.05,0.05,0.05,0.05,0.05,0.05,0.05,0.05,0.05,0.05,0.05,0.05,0.05,0.05,0.05,0.05,0.05,0.05,0.0,0.0,0.0,0.0,0.0,0.0,0.0,0.0,0.0,0.0,0.0,0.0,0.0,0.0,0.0,0.0,0.0,0.0,0.0,0.0,0.6220718026161194,0.4298532009124756,0.05451861396431923,-0.06937869638204575,-0.15156348049640656,-0.13200217485427856,1.132924199104309,1.0464967489242554,0.35751238465309143,-0.17763827741146088,1.277767300605774,0.9991474747657776,0.8046905994415283,-0.0379856713116169,0.9099494814872742,0.7871800065040588,1.0579919815063477,-0.10064252465963364,0.5938249826431274,0.4934130012989044,-0.06973594427108765,-0.14374926686286926,-0.44214148074388504,-0.010007619857788086,-0.07803551852703094,0.6480187177658081,0.9431928396224976,0.6600916385650635,-1.2498289346694946,-0.5412500351667404,0.5866706371307373,-0.04083514213562012,-0.7052943110466003,0.036605075001716614,-0.23307055234909058,-0.12747794389724731,0.567018985748291,0.5309455096721649,-0.916077196598053,-0.6675489246845245,3.0,3.0,3.0,3.0,3.0,3.0,3.0,3.0,3.0,3.0,3.0,3.0,3.0,3.0,3.0,3.0,3.0,3.0,3.0,3.0,0.05,0.05,0.05,0.05,0.05,0.05,0.05,0.05,0.05,0.05,0.05,0.05,0.05,0.05,0.05,0.05,0.05,0.05,0.05,0.05,0.0,0.0,0.0,0.0,0.0,0.0,0.0,0.0,0.0,0.0,0.0,0.0,0.0,0.0,0.0,0.0,0.0,0.0,0.0,0.0
0.5949637293815613,0.1020088940858841,0.26850518584251404,0.199403777718544,0.038626838475465775,-0.1384170949459076,0.7003573775291443,0.7835041880607605,0.17739807069301605,0.09525761008262634,0.7750709056854248,0.6942771673202515,0.38652268052101135,0.042030416429042816,0.8823599219322205,0.8951358795166016,0.6673780679702759,0.25211194157600403,0.6856408715248108,0.4851103127002716,-0.44913291931152344,0.8519798517227155,0.9390387684106799,-2.5041993707418384,-0.1705003902316095,-0.9885491803288439,-1.5432387590408296,-1.865613460540766,0.006963312625882928,0.8678322657942765,1.7943143844604408,0.32593905925750455,-0.030525773763659392,0.8966499473899587,1.2058034539222662,0.05557835102081299,1.334582269191739,0.579411536455153,-0.9152814745903015,-0.8393794298171969,3.0,3.0,3.0,3.0,3.0,3.0,3.0,3.0,3.0,3.0,3.0,3.0,3.0,3.0,3.0,3.0,3.0,3.0,3.0,3.0,0.05,0.05,0.05,0.05,0.05,0.05,0.05,0.05,0.05,0.05,0.05,0.05,0.05,0.05,0.05,0.05,0.05,0.05,0.05,0.05,0.0,0.0,0.0,0.0,0.0,0.0,0.0,0.0,0.0,0.0,0.0,0.0,0.0,0.0,0.0,0.0,0.0,0.0,0.0,0.0,0.6216988563537598,0.42855244874954224,0.04181884974241257,-0.06914875656366348,-0.15295077860355377,-0.12134556472301483,1.1476162672042847,1.0555241107940674,0.3306441605091095,-0.18836595118045807,1.2871360778808594,0.9958561658859253,0.7886902689933777,-0.036524876952171326,0.9046711325645447,0.7832598090171814,1.0691088438034058,-0.08985236287117004,0.5726244449615479,0.4772825539112091,0.04273802042007446,-0.0026673078536987305,-0.5328924395143976,-0.005714036524295807,-0.062428414821624756,0.4339789971709244,0.6111085414886419,0.3715932369232178,-1.1498220264911623,-0.4788227379322045,0.49789249897003174,-0.16067028045654297,-0.7641479372978183,0.0966400839388367,-0.23051053285598755,-0.18882304430007935,0.5622059106826727,0.47718919813632826,-1.0288745164871187,-0.7912889122962937,3.0,3.0,3.0,3.0,3.0,3.0,3.0,3.0,3.0,3.0,3.0,3.0,3.0,3.0,3.0,3.0,3.0,3.0,3.0,3.0,0.05,0.05,0.05,0.05,0.05,0.05,0.05,0.05,0.05,0.05,0.05,0.05,0.05,0.05,0.05,0.05,0.05,0.05,0.05,0.05,0.0,0.0,0.0,0.0,0.0,0.0,0.0,0.0,0.0,0.0,0.0,0.0,0.0,0.0,0.0,0.0,0.0,0.0,0.0,0.0
0.5902381539344788,0.11598508059978478,0.2835906147956847,0.15515606105327628,0.03898035734891891,-0.1557765156030654,0.6716065406799318,0.7500579357147219,0.19013874232769004,0.10742744058370587,0.8326029777526852,0.7123209238052367,0.40089091658592213,0.05612269788980478,0.911920368671417,0.8985679149627686,0.6914930343627929,0.2619524002075195,0.6700093746185303,0.47127366065979015,-0.16423165798187256,0.6693962961435318,0.6571583449840546,-1.9845377653837204,0.06186952814459801,-0.7900211960077286,-1.2899667024612427,-1.4180511236190796,0.9688008576631546,0.37869084626436234,3.33038866519928,1.0756149888038635,0.9879715740680695,0.5628760904073715,1.5852570533752441,0.23508071899414062,1.0449528694152832,0.4405200481414795,-0.6204128265380859,-0.5295403301715851,3.0,3.0,3.0,3.0,3.0,3.0,3.0,3.0,3.0,3.0,3.0,3.0,3.0,3.0,3.0,3.0,3.0,3.0,3.0,3.0,0.05,0.05,0.05,0.05,0.05,0.05,0.05,0.05,0.05,0.05,0.05,0.05,0.05,0.05,0.05,0.05,0.05,0.05,0.05,0.05,0.0,0.0,0.0,0.0,0.0,0.0,0.0,0.0,0.0,0.0,0.0,0.0,0.0,0.0,0.0,0.0,0.0,0.0,0.0,0.0,0.6237813234329224,0.42974650859832764,0.03320291638374333,-0.06960725784301758,-0.15406061708927155,-0.11464301496744159,1.1573685407638548,1.061360478401184,0.31151950359344494,-0.19679118692874906,1.2976830005645752,0.9927206635475159,0.7741246819496156,-0.03412006795406343,0.9007290601730347,0.7796270847320557,1.0804802179336546,-0.0815549567341805,0.5526700019836427,0.46176144480705267,0.14631301164627075,0.056824833154678345,-0.3930860199034214,-0.031878985464572906,-0.049942731857299805,0.2411799505352974,0.36250054836273193,0.23537874221801758,-0.960269570350647,-0.37583447992801666,0.4520297050476074,-0.17895251512527466,-0.6436482071876526,0.11789612472057343,-0.15029609203338623,-0.16224682331085205,0.5508840084075928,0.37197135388851166,-0.9875491261482239,-0.759337842464447,3.0,3.0,3.0,3.0,3.0,3.0,3.0,3.0,3.0,3.0,3.0,3.0,3.0,3.0,3.0,3.0,3.0,3.0,3.0,3.0,0.05,0.05,0.05,0.05,0.05,0.05,0.05,0.05,0.05,0.05,0.05,0.05,0.05,0.05,0.05,0.05,0.05,0.05,0.05,0.05,0.0,0.0,0.0,0.0,0.0,0.0,0.0,0.0,0.0,0.0,0.0,0.0,0.0,0.0,0.0,0.0,0.0,0.0,0.0,0.0
0.5883944630622864,0.12878474593162537,0.2947915196418762,0.12002226710319519,0.041101619601249695,-0.17001794278621674,0.6487587094306946,0.7267821431159973,0.21615010499954224,0.11040524393320084,0.908286452293396,0.737301766872406,0.42604154348373413,0.06454546004533768,0.9457702040672302,0.9045391082763672,0.7091761827468872,0.2697327435016632,0.6608243584632874,0.4639286994934082,-0.16456246376037598,0.5621295422315615,0.5471050739288358,-1.5795417129993494,0.1744073815643789,-0.7288392633199713,-1.0462462902069118,-1.0703161358833368,0.27664937078952995,0.22318214178085397,2.6356220245361413,0.7343411445617704,0.4885241389274625,0.34978594630956805,1.101206243038183,0.057731568813323975,1.0010644793510464,0.3755792975425734,-0.34485161304473877,-0.31699389219284335,3.0,3.0,3.0,3.0,3.0,3.0,3.0,3.0,3.0,3.0,3.0,3.0,3.0,3.0,3.0,3.0,3.0,3.0,3.0,3.0,0.05,0.05,0.05,0.05,0.05,0.05,0.05,0.05,0.05,0.05,0.05,0.05,0.05,0.05,0.05,0.05,0.05,0.05,0.05,0.05,0.0,0.0,0.0,0.0,0.0,0.0,0.0,0.0,0.0,0.0,0.0,0.0,0.0,0.0,0.0,0.0,0.0,0.0,0.0,0.0,0.6275513768196106,0.43082544207572937,0.02609540894627571,-0.0704239159822464,-0.15494848787784576,-0.11169836670160294,1.162116289138794,1.064939260482788,0.2922333776950836,-0.20339933037757874,1.3052172660827637,0.9886980652809143,0.7629443407058716,-0.03180903196334839,0.8986592888832092,0.7767699360847473,1.0911442041397095,-0.07497350871562958,0.5331224799156189,0.4469090402126312,0.11630505323410034,-0.02028346061706543,-0.3144833259284507,-0.016977079212665558,-0.03995448350906372,0.11621341109275887,0.027006864547735043,0.06629228591918945,-1.0607913136482265,-0.30904673039913244,0.21874606609344482,-0.25993436574935913,-0.703880190849307,0.08668233640491997,-0.20488500595092773,-0.18301904201507568,0.5597233772277888,0.31464379280805727,-0.9502336382865934,-0.7311515510082258,3.0,3.0,3.0,3.0,3.0,3.0,3.0,3.0,3.0,3.0,3.0,3.0,3.0,3.0,3.0,3.0,3.0,3.0,3.0,3.0,0.05,0.05,0.05,0.05,0.05,0.05,0.05,0.05,0.05,0.05,0.05,0.05,0.05,0.05,0.05,0.05,0.05,0.05,0.05,0.05,0.0,0.0,0.0,0.0,0.0,0.0,0.0,0.0,0.0,0.0,0.0,0.0,0.0,0.0,0.0,0.0,0.0,0.0,0.0,0.0
0.5836556553840637,0.13847026228904724,0.30547481775283813,0.09197439253330231,0.045956652611494064,-0.18493008613586426,0.6297566890716553,0.7072452902793884,0.20120471715927124,0.11635472625494003,0.9380278587341309,0.7416945695877075,0.42043188214302063,0.0701141357421875,0.9559686183929443,0.9008771777153015,0.7315356135368347,0.2769755721092224,0.6562153100967407,0.4585939049720764,-0.18463432788848877,0.329391285777092,0.3747217357158661,-1.2348471209406853,-0.05373656749725342,-0.47517307102680206,-1.2092649936676025,-1.1284932494163513,-1.1442549526691437,0.5036259070038795,-0.16442984342575073,-0.7879838347434998,-1.500018686056137,0.1332838088274002,-0.3627002239227295,-0.6165668368339539,0.781916081905365,0.19116997718811035,-0.5158305168151855,-0.4359111189842224,3.0,3.0,3.0,3.0,3.0,3.0,3.0,3.0,3.0,3.0,3.0,3.0,3.0,3.0,3.0,3.0,3.0,3.0,3.0,3.0,0.05,0.05,0.05,0.05,0.05,0.05,0.05,0.05,0.05,0.05,0.05,0.05,0.05,0.05,0.05,0.05,0.05,0.05,0.05,0.05,0.0,0.0,0.0,0.0,0.0,0.0,0.0,0.0,0.0,0.0,0.0,0.0,0.0,0.0,0.0,0.0,0.0,0.0,0.0,0.0,0.6284335255622864,0.428935170173645,0.0206235833466053,-0.0702863410115242,-0.1556587964296341,-0.10999447852373123,1.1584488153457642,1.0640121698379517,0.26908785104751587,-0.20915305614471436,1.306432843208313,0.9823232889175415,0.7459694743156433,-0.03065277449786663,0.8925336599349976,0.7723063230514526,1.1028691530227661,-0.06896920502185822,0.514660656452179,0.43251538276672363,-0.01802593469619751,-0.11886283755302429,-0.2508562058210373,-0.0269424170255661,-0.031963735818862915,0.0873275101184845,-0.5448102951049805,-0.240287184715271,-1.3647664338350296,-0.26794783771038055,-0.17451941967010498,-0.42869895696640015,-0.9003534913063049,0.05460451357066631,-0.366482138633728,-0.2600818872451782,0.48123598098754883,0.3124481067061424,-1.0478533804416656,-0.8018828928470612,3.0,3.0,3.0,3.0,3.0,3.0,3.0,3.0,3.0,3.0,3.0,3.0,3.0,3.0,3.0,3.0,3.0,3.0,3.0,3.0,0.05,0.05,0.05,0.05,0.05,0.05,0.05,0.05,0.05,0.05,0.05,0.05,0.05,0.05,0.05,0.05,0.05,0.05,0.05,0.05,0.0,0.0,0.0,0.0,0.0,0.0,0.0,0.0,0.0,0.0,0.0,0.0,0.0,0.0,0.0,0.0,0.0,0.0,0.0,0.0
0.5810090899467468,0.14196039736270905,0.30978038907051086,0.07062838226556778,0.03895215690135956,-0.18902486562728882,0.6003881096839905,0.6816424131393433,0.1703799068927765,0.13055028021335602,0.901709258556366,0.705782413482666,0.36604079604148865,0.06987681239843369,0.931262195110321,0.879876434803009,0.7404528260231018,0.2773795425891876,0.6401911377906799,0.4464922547340393,-0.32061636447906494,0.5450300872325897,0.4424192011356354,-0.9385642595589161,-0.002985633909702301,-0.21960288286209106,-1.4554858207702637,-1.3639196753501892,-0.832119956612587,0.6052041426301003,-2.8403446078300476,-2.516120672225952,-2.137819677591324,-0.07281359285116196,-1.6338691115379333,-1.4268651604652405,0.6568223237991333,-0.1170530915260315,-0.898781418800354,-0.6981253623962402,3.0,3.0,3.0,3.0,3.0,3.0,3.0,3.0,3.0,3.0,3.0,3.0,3.0,3.0,3.0,3.0,3.0,3.0,3.0,3.0,0.05,0.05,0.05,0.05,0.05,0.05,0.05,0.05,0.05,0.05,0.05,0.05,0.05,0.05,0.05,0.05,0.05,0.05,0.05,0.05,0.0,0.0,0.0,0.0,0.0,0.0,0.0,0.0,0.0,0.0,0.0,0.0,0.0,0.0,0.0,0.0,0.0,0.0,0.0,0.0,0.6268303394317627,0.4260709285736084,0.01606116071343422,-0.07150161266326904,-0.15622703731060028,-0.10820526629686356,1.1403238773345947,1.0553277730941772,0.23764272034168243,-0.21411724388599396,1.2982364892959595,0.9715501070022583,0.7269302010536194,-0.029624851420521736,0.8840000033378601,0.7663666605949402,1.1103936433792114,-0.06247558444738388,0.49120834469795227,0.4148337244987488,-0.05330294370651245,-0.0349879264831543,-0.19808949436992407,-0.018521584570407867,-0.025570765137672424,0.10566618293523788,-0.9996801614761353,-0.47763586044311523,-1.3867925852537155,-0.20593255758285522,-0.3951042890548706,-0.534723699092865,-1.0164916515350342,0.07280074059963226,-0.4645124077796936,-0.3065735101699829,0.424724817276001,0.32976698130369186,-1.1553332209587097,-0.8803077042102814,3.0,3.0,3.0,3.0,3.0,3.0,3.0,3.0,3.0,3.0,3.0,3.0,3.0,3.0,3.0,3.0,3.0,3.0,3.0,3.0,0.05,0.05,0.05,0.05,0.05,0.05,0.05,0.05,0.05,0.05,0.05,0.05,0.05,0.05,0.05,0.05,0.05,0.05,0.05,0.05,0.0,0.0,0.0,0.0,0.0,0.0,0.0,0.0,0.0,0.0,0.0,0.0,0.0,0.0,0.0,0.0,0.0,0.0,0.0,0.0
0.5708310008049011,0.16027146577835083,0.32317158579826355,0.05443182215094566,0.04583722725510597,-0.1937142014503479,0.5715372562408447,0.6526885032653809,0.16791991889476776,0.14056289196014404,0.824414074420929,0.6410497426986694,0.3349190950393677,0.06720159202814102,0.890613853931427,0.8438025712966919,0.7578085064888,0.27229344844818115,0.6202640533447266,0.4306688904762268,-0.3922209143638611,0.7534906268119812,0.5488283932209015,-0.7157839834690094,0.4090540111064911,-0.23155733942985535,-1.2956216931343079,-1.346147060394287,0.031222403049468994,0.4318464547395706,-3.6069482564926147,-2.982211112976074,-1.1175096035003662,-0.16448404639959335,-2.1853193640708923,-1.8471121788024902,0.907781720161438,-0.3086477518081665,-1.1183783411979675,-0.8161000907421112,3.0,3.0,3.0,3.0,3.0,3.0,3.0,3.0,3.0,3.0,3.0,3.0,3.0,3.0,3.0,3.0,3.0,3.0,3.0,3.0,0.05,0.05,0.05,0.05,0.05,0.05,0.05,0.05,0.05,0.05,0.05,0.05,0.05,0.05,0.05,0.05,0.05,0.05,0.05,0.05,0.0,0.0,0.0,0.0,0.0,0.0,0.0,0.0,0.0,0.0,0.0,0.0,0.0,0.0,0.0,0.0,0.0,0.0,0.0,0.0,0.6263014078140259,0.42753565311431885,0.012700003571808338,-0.07102720439434052,-0.156681627035141,-0.10576783120632172,1.1184616088867188,1.044906735420227,0.21361614763736725,-0.21739035844802856,1.2906286716461182,0.9609343409538269,0.7053098082542419,-0.02774074487388134,0.8739531636238098,0.7600433826446533,1.1198581457138062,-0.05577852576971054,0.46844732761383057,0.3973030745983124,-0.02469271421432495,0.06487816572189331,-0.17802459187805653,0.0009216368198394775,-0.02045668661594391,0.11449307203292847,-0.9983569383621216,-0.47237277030944824,-1.173064112663269,-0.1319296658039093,-0.4125326871871948,-0.5108460783958435,-0.8887290954589844,0.09935949929058552,-0.4121258854866028,-0.2748250961303711,0.40397047996520996,0.3219727426767349,-1.0863140225410461,-0.8261971175670624,3.0,3.0,3.0,3.0,3.0,3.0,3.0,3.0,3.0,3.0,3.0,3.0,3.0,3.0,3.0,3.0,3.0,3.0,3.0,3.0,0.05,0.05,0.05,0.05,0.05,0.05,0.05,0.05,0.05,0.05,0.05,0.05,0.05,0.05,0.05,0.05,0.05,0.05,0.05,0.05,0.0,0.0,0.0,0.0,0.0,0.0,0.0,0.0,0.0,0.0,0.0,0.0,0.0,0.0,0.0,0.0,0.0,0.0,0.0,0.0
0.5653202533721924,0.1721000224351883,0.3317335247993469,0.041997022926807404,0.0553143173456192,-0.19828715920448303,0.5485632419586182,0.6277965307235718,0.17162880301475525,0.14782413840293884,0.7574313282966614,0.586493968963623,0.321340411901474,0.06329745054244995,0.8438494205474854,0.8059919476509094,0.7767640948295593,0.26503363251686096,0.5954560041427612,0.41384825110435486,-0.2353668212890625,0.49510374665260315,0.3810666501522064,-0.5554836243391037,0.43704425916075706,-0.23702457547187805,-1.004326343536377,-1.1077672243118286,0.13290420174598694,0.3507126122713089,-3.069184720516205,-2.4878323078155518,-0.6250806152820587,-0.15463773161172867,-2.1874144673347473,-1.736554503440857,0.8434057235717773,-0.35741478204727173,-1.1829197406768799,-0.7765695452690125,3.0,3.0,3.0,3.0,3.0,3.0,3.0,3.0,3.0,3.0,3.0,3.0,3.0,3.0,3.0,3.0,3.0,3.0,3.0,3.0,0.05,0.05,0.05,0.05,0.05,0.05,0.05,0.05,0.05,0.05,0.05,0.05,0.05,0.05,0.05,0.05,0.05,0.05,0.05,0.05,0.0,0.0,0.0,0.0,0.0,0.0,0.0,0.0,0.0,0.0,0.0,0.0,0.0,0.0,0.0,0.0,0.0,0.0,0.0,0.0,0.6258426308631897,0.42866605520248413,0.008940177038311958,-0.07146474719047546,-0.15704530477523804,-0.10362554341554642,1.1003895998001099,1.0364328622817993,0.19072015583515167,-0.21939443051815033,1.2817351818084717,0.9511162638664246,0.69138103723526,-0.025650471448898315,0.867514967918396,0.7553736567497253,1.1265524625778198,-0.049596674740314484,0.4477557837963104,0.3817858397960663,-0.014425814151763916,0.08900091052055359,-0.1647847704589367,-0.004563853144645691,-0.016365572810173035,0.10718889534473419,-0.8746951818466187,-0.37581026554107666,-1.0445419698953629,-0.029090791940689087,-0.526648759841919,-0.5216047167778015,-0.6568565964698792,0.186264980584383,-0.3039151430130005,-0.22723674774169922,0.37076473236083984,0.372932106256485,-1.1698737740516663,-0.8431032299995422,3.0,3.0,3.0,3.0,3.0,3.0,3.0,3.0,3.0,3.0,3.0,3.0,3.0,3.0,3.0,3.0,3.0,3.0,3.0,3.0,0.05,0.05,0.05,0.05,0.05,0.05,0.05,0.05,0.05,0.05,0.05,0.05,0.05,0.05,0.05,0.05,0.05,0.05,0.05,0.05,0.0,0.0,0.0,0.0,0.0,0.0,0.0,0.0,0.0,0.0,0.0,0.0,0.0,0.0,0.0,0.0,0.0,0.0,0.0,0.0
0.5614163279533386,0.18007561564445496,0.3384142518043518,0.032212477177381516,0.06331899762153625,-0.20319518446922302,0.5313642024993896,0.6083778142929077,0.17323608696460724,0.1545913964509964,0.7016466856002808,0.5415364503860474,0.3099158704280853,0.061016082763671875,0.8031172752380371,0.7743403911590576,0.7915447354316711,0.2579968571662903,0.5729472637176514,0.3996061086654663,-0.1767575740814209,0.36713816225528717,0.3090977668762207,-0.45444658026099205,0.34990347921848297,-0.2103552222251892,-0.7781475782394409,-0.8761569857597351,0.10869018733501434,0.28715357184410095,-2.49624103307724,-2.01643705368042,-0.5189858376979828,-0.1153239980340004,-1.8439605832099915,-1.4242932200431824,0.6806686520576477,-0.3101944923400879,-1.014082133769989,-0.6379276514053345,3.0,3.0,3.0,3.0,3.0,3.0,3.0,3.0,3.0,3.0,3.0,3.0,3.0,3.0,3.0,3.0,3.0,3.0,3.0,3.0,0.05,0.05,0.05,0.05,0.05,0.05,0.05,0.05,0.05,0.05,0.05,0.05,0.05,0.05,0.05,0.05,0.05,0.05,0.05,0.05,0.0,0.0,0.0,0.0,0.0,0.0,0.0,0.0,0.0,0.0,0.0,0.0,0.0,0.0,0.0,0.0,0.0,0.0,0.0,0.0,0.6257243752479553,0.431095689535141,0.0061086127534508705,-0.07120975852012634,-0.1573362499475479,-0.10148027539253235,1.083473801612854,1.029874324798584,0.17183446884155273,-0.21855399012565613,1.2695627212524414,0.9400701522827148,0.6790355443954468,-0.02029014565050602,0.8617965579032898,0.7509539127349854,1.1346887350082397,-0.04086124151945114,0.4216523766517639,0.3635789453983307,-0.0038444995880126953,0.13139918446540833,-0.130616215756163,0.01713242381811142,-0.013092532753944397,0.09743906557559967,-0.7816046476364136,-0.3001004457473755,-0.8300624787807465,0.05423352122306824,-0.5452483892440796,-0.49295276403427124,-0.5369514226913452,0.2385939471423626,-0.26203542947769165,-0.20743906497955322,0.4817157983779907,0.3885062411427498,-1.1452257633209229,-0.8060075342655182,3.0,3.0,3.0,3.0,3.0,3.0,3.0,3.0,3.0,3.0,3.0,3.0,3.0,3.0,3.0,3.0,3.0,3.0,3.0,3.0,0.05,0.05,0.05,0.05,0.05,0.05,0.05,0.05,0.05,0.05,0.05,0.05,0.05,0.05,0.05,0.05,0.05,0.05,0.05,0.05,0.0,0.0,0.0,0.0,0.0,0.0,0.0,0.0,0.0,0.0,0.0,0.0,0.0,0.0,0.0,0.0,0.0,0.0,0.0,0.0
0.5582499504089355,0.18678554892539978,0.34409743547439575,0.02381915971636772,0.06931045651435852,-0.2067013680934906,0.5174373388290405,0.5927502512931824,0.17597641050815582,0.15931028127670288,0.6575816869735718,0.5058364868164062,0.3005809783935547,0.058684490621089935,0.7700909972190857,0.7490202188491821,0.8039908409118652,0.25262585282325745,0.5548927187919617,0.3883311450481415,-0.1716703176498413,0.32453835010528564,0.2847909927368164,-0.38422239013016224,0.25175120681524277,-0.126536563038826,-0.6430625915527344,-0.710529088973999,0.14728307723999023,0.13481304049491882,-1.9884765148162842,-1.5952147543430328,-0.37405863404273987,-0.1861443743109703,-1.5079215168952942,-1.1262893676757812,0.6060317158699036,-0.2161175012588501,-0.8240386843681335,-0.4957221448421478,3.0,3.0,3.0,3.0,3.0,3.0,3.0,3.0,3.0,3.0,3.0,3.0,3.0,3.0,3.0,3.0,3.0,3.0,3.0,3.0,0.05,0.05,0.05,0.05,0.05,0.05,0.05,0.05,0.05,0.05,0.05,0.05,0.05,0.05,0.05,0.05,0.05,0.05,0.05,0.05,0.0,0.0,0.0,0.0,0.0,0.0,0.0,0.0,0.0,0.0,0.0,0.0,0.0,0.0,0.0,0.0,0.0,0.0,0.0,0.0,0.6256888508796692,0.43392202258110046,0.0037155284080654383,-0.07077945023775101,-0.1575690060853958,-0.09972798079252243,1.0691254138946533,1.0244288444519043,0.15751765668392181,-0.2172250896692276,1.2599252462387085,0.9313981533050537,0.6699029803276062,-0.01610671356320381,0.8570335507392883,0.7470760941505432,1.1458210945129395,-0.03405642509460449,0.4019467532634735,0.34954553842544556,0.000552833080291748,0.15559419989585876,-0.11124891461804509,0.011135637760162354,-0.010474026203155518,0.07504541426897049,-0.6755918264389038,-0.2562284469604492,-0.6275676190853119,0.07496625185012817,-0.44449567794799805,-0.38930922746658325,-0.31435340642929077,0.20474675111472607,-0.17587542533874512,-0.16999542713165283,0.5212843418121338,0.3095963504165411,-0.9042002260684967,-0.6385289132595062,3.0,3.0,3.0,3.0,3.0,3.0,3.0,3.0,3.0,3.0,3.0,3.0,3.0,3.0,3.0,3.0,3.0,3.0,3.0,3.0,0.05,0.05,0.05,0.05,0.05,0.05,0.05,0.05,0.05,0.05,0.05,0.05,0.05,0.05,0.05,0.05,0.05,0.05,0.05,0.05,0.0,0.0,0.0,0.0,0.0,0.0,0.0,0.0,0.0,0.0,0.0,0.0,0.0,0.0,0.0,0.0,0.0,0.0,0.0,0.0
0.554549515247345,0.19305714964866638,0.34980589151382446,0.016843581572175026,0.07338904589414597,-0.20825664699077606,0.5056416988372803,0.5799566507339478,0.17912741005420685,0.15998391807079315,0.6221076250076294,0.47772786021232605,0.29495352506637573,0.05357030779123306,0.7428004145622253,0.7292888164520264,0.8157860040664673,0.24935215711593628,0.539985716342926,0.3797772228717804,-0.15730410814285278,0.24784505367279053,0.24567097425460815,-0.32400554046034813,0.19244961440563202,-0.10979622602462769,-0.5241230130195618,-0.5667343735694885,0.13622529804706573,0.03430508077144623,-1.6011491417884827,-1.256079226732254,-0.2057112753391266,-0.21769972518086433,-1.1814728379249573,-0.84085613489151,0.550377368927002,-0.14240294694900513,-0.6829008460044861,-0.38038939237594604,3.0,3.0,3.0,3.0,3.0,3.0,3.0,3.0,3.0,3.0,3.0,3.0,3.0,3.0,3.0,3.0,3.0,3.0,3.0,3.0,0.05,0.05,0.05,0.05,0.05,0.05,0.05,0.05,0.05,0.05,0.05,0.05,0.05,0.05,0.05,0.05,0.05,0.05,0.05,0.05,0.0,0.0,0.0,0.0,0.0,0.0,0.0,0.0,0.0,0.0,0.0,0.0,0.0,0.0,0.0,0.0,0.0,0.0,0.0,0.0,0.625746488571167,0.43731945753097534,0.0016586561687290668,-0.07076433300971985,-0.15775521099567413,-0.09847845882177353,1.0564501285552979,1.019625186920166,0.14673176407814026,-0.215555340051651,1.2517828941345215,0.9244977831840515,0.6664614081382751,-0.012100275605916977,0.85476154088974,0.7441540956497192,1.155540108680725,-0.028477387502789497,0.38548436760902405,0.33803778886795044,0.0014856457710266113,0.18863007426261902,-0.08635807607788593,0.009776465594768524,-0.008378922939300537,0.05607195198535919,-0.5468219518661499,-0.199243426322937,-0.3652609884738922,0.09594187140464783,-0.2909153699874878,-0.27186423540115356,-0.12556910514831543,0.1870295498520136,-0.09725093841552734,-0.14025717973709106,0.48575401306152344,0.25327764451503754,-0.7476605474948883,-0.5206473171710968,3.0,3.0,3.0,3.0,3.0,3.0,3.0,3.0,3.0,3.0,3.0,3.0,3.0,3.0,3.0,3.0,3.0,3.0,3.0,3.0,0.05,0.05,0.05,0.05,0.05,0.05,0.05,0.05,0.05,0.05,0.05,0.05,0.05,0.05,0.05,0.05,0.05,0.05,0.05,0.05,0.0,0.0,0.0,0.0,0.0,0.0,0.0,0.0,0.0,0.0,0.0,0.0,0.0,0.0,0.0,0.0,0.0,0.0,0.0,0.0
0.5519577860832214,0.1966993510723114,0.3539242744445801,0.010858938097953796,0.0770084410905838,-0.2110932171344757,0.49647241830825806,0.5700808763504028,0.18142542243003845,0.16068248450756073,0.5935357213020325,0.4555933177471161,0.2923525273799896,0.04997650161385536,0.7228320837020874,0.7153859734535217,0.8260059356689453,0.24692973494529724,0.5275766849517822,0.37311556935310364,-0.0663295388221713,0.08824877440929413,0.1574508845806108,-0.2796992659568773,0.18979068845510377,-0.1704540103673921,-0.3910377621650682,-0.41179507970809937,0.07639601826667786,0.05044378340244224,-1.2630179524421663,-0.9598992764949756,-0.15838667750358582,-0.10516177862882614,-0.6959795951843262,-0.4153445363044739,0.5358040332794162,-0.03837905824184418,-0.6059646606445257,-0.29178336262702803,3.0,3.0,3.0,3.0,3.0,3.0,3.0,3.0,3.0,3.0,3.0,3.0,3.0,3.0,3.0,3.0,3.0,3.0,3.0,3.0,0.05,0.05,0.05,0.05,0.05,0.05,0.05,0.05,0.05,0.05,0.05,0.05,0.05,0.05,0.05,0.05,0.05,0.05,0.05,0.05,0.0,0.0,0.0,0.0,0.0,0.0,0.0,0.0,0.0,0.0,0.0,0.0,0.0,0.0,0.0,0.0,0.0,0.0,0.0,0.0,0.6257482767105103,0.4414672255516052,0.00026120536495000124,-0.07038839161396027,-0.15790416300296783,-0.09748510271310806,1.0472525358200073,1.0164591073989868,0.14290721714496613,-0.2133874148130417,1.248288631439209,0.9205235838890076,0.6648802161216736,-0.008625531569123268,0.8531435132026672,0.7414658069610596,1.1652512550354004,-0.02392531931400299,0.372040331363678,0.3287196457386017,-0.008568167686462402,0.20245760679244856,-0.04767811187775786,-0.000994652509689331,-0.006702914834021828,0.05738604813814094,-0.26489198207855225,-0.0645756721496582,-0.032832846045494773,0.11817291378974776,-0.0034093856811523438,-0.10056346654892245,0.005020201206207275,0.15220819041132871,-0.04590302705764493,-0.1252487301826477,0.4534602165222168,0.1997793558984988,-0.6322391331195804,-0.4301123321056352,3.0,3.0,3.0,3.0,3.0,3.0,3.0,3.0,3.0,3.0,3.0,3.0,3.0,3.0,3.0,3.0,3.0,3.0,3.0,3.0,0.05,0.05,0.05,0.05,0.05,0.05,0.05,0.05,0.05,0.05,0.05,0.05,0.05,0.05,0.05,0.05,0.05,0.05,0.05,0.05,0.0,0.0,0.0,0.0,0.0,0.0,0.0,0.0,0.0,0.0,0.0,0.0,0.0,0.0,0.0,0.0,0.0,0.0,0.0,0.0
0.5518963336944581,0.19658710062503815,0.3561039268970489,0.005655610933899934,0.08098067343235012,-0.21507480740547175,0.49000018835067755,0.5634848475456238,0.18218325078487396,0.16200166940689084,0.5715869069099427,0.439331889152527,0.2886180579662323,0.04936383664608002,0.7149612307548523,0.7126750349998474,0.8372181653976439,0.2478169947862625,0.515747129917145,0.3681058883666993,0.02105534076690674,-0.043625012040138245,0.08044913411140442,-0.24413819191977382,0.17893612384796143,-0.18564537167549133,-0.2738185226917267,-0.2635151147842407,-0.018813088536262512,0.08892789483070374,-0.9208306670188904,-0.680956244468689,-0.19752830266952515,0.03293408080935478,-0.1411527395248413,0.06344020366668701,0.5690321326255798,0.10009706020355225,-0.5602672696113586,-0.20924583077430725,3.0,3.0,3.0,3.0,3.0,3.0,3.0,3.0,3.0,3.0,3.0,3.0,3.0,3.0,3.0,3.0,3.0,3.0,3.0,3.0,0.05,0.05,0.05,0.05,0.05,0.05,0.05,0.05,0.05,0.05,0.05,0.05,0.05,0.05,0.05,0.05,0.05,0.05,0.05,0.05,0.0,0.0,0.0,0.0,0.0,0.0,0.0,0.0,0.0,0.0,0.0,0.0,0.0,0.0,0.0,0.0,0.0,0.0,0.0,0.0,0.6254037618637085,0.4454177618026733,-0.0002484683063812476,-0.07080411911010742,-0.158023327589035,-0.09618301689624789,1.0458544492721558,1.0170421600341797,0.14541845023632047,-0.2108284235000611,1.2516465187072754,0.9204752445220946,0.6666622161865234,-0.006011947989463829,0.8529254198074342,0.7391441464424133,1.1736785173416138,-0.020486213266849546,0.36019480228424083,0.32083329558372503,-0.03267228603363037,0.15211403369903564,-0.041688475175760686,-0.017890706658363342,-0.005362555384635925,0.0802377238869667,0.2476125955581665,0.1719057559967041,0.19642002880573273,0.12065544724464417,0.3745436668395996,0.10680407285690308,0.1918196678161621,0.10823088232427835,0.02744346857070923,-0.12101978063583374,0.44998228549957275,0.1367088407278061,-0.5529850721359253,-0.3616310656070709,3.0,3.0,3.0,3.0,3.0,3.0,3.0,3.0,3.0,3.0,3.0,3.0,3.0,3.0,3.0,3.0,3.0,3.0,3.0,3.0,0.05,0.05,0.05,0.05,0.05,0.05,0.05,0.05,0.05,0.05,0.05,0.05,0.05,0.05,0.05,0.05,0.05,0.05,0.05,0.05,0.0,0.0,0.0,0.0,0.0,0.0,0.0,0.0,0.0,0.0,0.0,0.0,0.0,0.0,0.0,0.0,0.0,0.0,0.0,0.0
0.5527999997138977,0.19495435059070587,0.35714223980903625,0.0010934104211628437,0.08416588604450226,-0.21851903200149536,0.485519677400589,0.5595402717590332,0.18067289888858795,0.16423960030078888,0.5567024946212769,0.42835506796836853,0.2844513952732086,0.05129386484622955,0.7171859741210938,0.7179235816001892,0.8487672209739685,0.25093361735343933,0.5051659941673279,0.36474573612213135,0.011090934276578035,-0.026747211813926697,0.0622272491455092,-0.20613002707250555,0.1138655468821536,-0.11683590710163255,-0.203654915094377,-0.16913264989852905,-0.05429685115814209,0.11377744376659463,-0.5440294742584256,-0.4020363092422527,-0.08239969611167908,0.08919183164834976,0.24743974208831787,0.33724159002304077,0.6293758749961881,0.17654262483119965,-0.47109574079514105,-0.14702677726745744,3.0,3.0,3.0,3.0,3.0,3.0,3.0,3.0,3.0,3.0,3.0,3.0,3.0,3.0,3.0,3.0,3.0,3.0,3.0,3.0,0.05,0.05,0.05,0.05,0.05,0.05,0.05,0.05,0.05,0.05,0.05,0.05,0.05,0.05,0.05,0.05,0.05,0.05,0.05,0.05,0.0,0.0,0.0,0.0,0.0,0.0,0.0,0.0,0.0,0.0,0.0,0.0,0.0,0.0,0.0,0.0,0.0,0.0,0.0,0.0,0.624441385269165,0.44755178689956665,-0.0014063336420804262,-0.0711040198802948,-0.15811866521835327,-0.0942755937576294,1.057157039642334,1.023335337638855,0.15076401829719543,-0.20856119692325592,1.263270378112793,0.9247957468032837,0.6725530028343201,-0.004296296276152134,0.8542412519454956,0.7366250157356262,1.1832505464553833,-0.018456965684890747,0.34992092847824097,0.31425440311431885,-0.03958791494369507,0.10197535157203813,-0.06398326804628615,-0.011233426630496979,-0.004290044307709434,0.07950030267238686,0.5187422037124634,0.28339922428131104,0.21786466240882943,0.10006837546825548,0.5220949649810791,0.1869469881057767,0.2350836992263794,0.07774149999022541,0.03478080034255704,-0.13788342475891113,0.4434168338775635,0.0925655011087663,-0.4767186939716367,-0.3043226897716536,3.0,3.0,3.0,3.0,3.0,3.0,3.0,3.0,3.0,3.0,3.0,3.0,3.0,3.0,3.0,3.0,3.0,3.0,3.0,3.0,0.05,0.05,0.05,0.05,0.05,0.05,0.05,0.05,0.05,0.05,0.05,0.05,0.05,0.05,0.05,0.05,0.05,0.05,0.05,0.05,0.0,0.0,0.0,0.0,0.0,0.0,0.0,0.0,0.0,0.0,0.0,0.0,0.0,0.0,0.0,0.0,0.0,0.0,0.0,0.0
0.5523399710655212,0.19551721215248108,0.35859301686286926,-0.002589590149000287,0.08553529530763626,-0.21974824368953705,0.48185399174690247,0.5567195415496826,0.18001137673854828,0.16655276715755463,0.5498257279396057,0.4232504367828369,0.28532207012176514,0.05293150991201401,0.724858820438385,0.726164698600769,0.8623932003974915,0.2548786997795105,0.49690330028533936,0.362224817276001,-0.05306601524353027,0.07045045495033264,0.09292513132095337,-0.1688187476247549,-0.054997578263282776,-0.02083517611026764,-0.1319289207458496,-0.07779598236083984,-0.18195584416389465,0.167180597782135,-0.0026479363441467285,0.023668259382247925,0.02048090100288391,0.11146236211061478,0.622771680355072,0.604008138179779,0.8624643087387085,0.21060705184936523,-0.5498804152011871,-0.21911263465881348,3.0,3.0,3.0,3.0,3.0,3.0,3.0,3.0,3.0,3.0,3.0,3.0,3.0,3.0,3.0,3.0,3.0,3.0,3.0,3.0,0.05,0.05,0.05,0.05,0.05,0.05,0.05,0.05,0.05,0.05,0.05,0.05,0.05,0.05,0.05,0.05,0.05,0.05,0.05,0.05,0.0,0.0,0.0,0.0,0.0,0.0,0.0,0.0,0.0,0.0,0.0,0.0,0.0,0.0,0.0,0.0,0.0,0.0,0.0,0.0,0.6238202452659607,0.4494967758655548,-0.0028077990282326937,-0.0712534561753273,-0.15819492936134338,-0.09300300478935242,1.0666041374206543,1.0283781290054321,0.15413303673267365,-0.20682568848133087,1.2725303173065186,0.9279531240463257,0.6760655641555786,-0.0029022879898548126,0.8543166518211365,0.7336288094520569,1.1914151906967163,-0.016783593222498894,0.34112605452537537,0.3086603879928589,-0.021950900554656982,0.11655539274215698,-0.06964259664528072,-0.013874657452106476,-0.0034321099519729614,0.04379339516162872,0.44302642345428467,0.23416876792907715,0.15249140560626984,0.08549019694328308,0.4292994737625122,0.13639330863952637,0.17295628786087036,0.06340800609905273,-0.0050321221351623535,-0.16569644212722778,0.338214635848999,0.08278333116322756,-0.4366092383861542,-0.272543728351593,3.0,3.0,3.0,3.0,3.0,3.0,3.0,3.0,3.0,3.0,3.0,3.0,3.0,3.0,3.0,3.0,3.0,3.0,3.0,3.0,0.05,0.05,0.05,0.05,0.05,0.05,0.05,0.05,0.05,0.05,0.05,0.05,0.05,0.05,0.05,0.05,0.05,0.05,0.05,0.05,0.0,0.0,0.0,0.0,0.0,0.0,0.0,0.0,0.0,0.0,0.0,0.0,0.0,0.0,0.0,0.0,0.0,0.0,0.0,0.0
0.5506773591041565,0.19777236878871918,0.3608592450618744,-0.0056593394838273525,0.08196598291397095,-0.21935243904590607,0.480242520570755,0.5564284324645996,0.17339466512203217,0.17092682421207428,0.556596577167511,0.42930179834365845,0.285270631313324,0.055752359330654144,0.7420968413352966,0.7420839071273804,0.8832657933235168,0.25935789942741394,0.4831707775592804,0.3559812307357788,-0.07897019386291504,0.09167902171611786,0.09405836462974548,-0.1457573554944247,-0.16189925372600555,0.021084770560264587,-0.06466507911682129,-0.0072702765464782715,-0.2744656056165695,0.20147301256656647,0.3272131085395813,0.28392449021339417,-0.015328824520111084,0.128256157040596,0.775088369846344,0.7176533341407776,0.9313583374023438,0.20938143134117126,-0.6368622183799744,-0.28943419456481934,3.0,3.0,3.0,3.0,3.0,3.0,3.0,3.0,3.0,3.0,3.0,3.0,3.0,3.0,3.0,3.0,3.0,3.0,3.0,3.0,0.05,0.05,0.05,0.05,0.05,0.05,0.05,0.05,0.05,0.05,0.05,0.05,0.05,0.05,0.05,0.05,0.05,0.05,0.05,0.05,0.0,0.0,0.0,0.0,0.0,0.0,0.0,0.0,0.0,0.0,0.0,0.0,0.0,0.0,0.0,0.0,0.0,0.0,0.0,0.0,0.6235633492469788,0.45221400260925293,-0.004192037507891655,-0.07165900617837906,-0.1582559496164322,-0.09252385795116425,1.0748780965805054,1.032702088356018,0.15686367452144623,-0.2051415890455246,1.2804423570632935,0.9302514791488647,0.6794712543487549,-0.0017599760321900249,0.8540399670600891,0.7299971580505371,1.1967791318893433,-0.015145632438361645,0.3324565589427948,0.3033526539802551,-0.019340217113494873,0.12164115905761719,-0.056334532564505935,-0.018912367522716522,-0.002745911478996277,0.01673903316259384,0.37132203578948975,0.19388794898986816,0.08028186857700348,0.07369033992290497,0.3367960453033447,0.09156167507171631,0.15296489000320435,0.05037314986111596,-0.024904310703277588,-0.18574297428131104,0.2650916576385498,0.07803854532539845,-0.3919638693332672,-0.24131536483764648,3.0,3.0,3.0,3.0,3.0,3.0,3.0,3.0,3.0,3.0,3.0,3.0,3.0,3.0,3.0,3.0,3.0,3.0,3.0,3.0,0.05,0.05,0.05,0.05,0.05,0.05,0.05,0.05,0.05,0.05,0.05,0.05,0.05,0.05,0.05,0.05,0.05,0.05,0.05,0.05,0.0,0.0,0.0,0.0,0.0,0.0,0.0,0.0,0.0,0.0,0.0,0.0,0.0,0.0,0.0,0.0,0.0,0.0,0.0,0.0
0.5491811633110046,0.1991843730211258,0.3623553514480591,-0.008419884368777275,0.07905932515859604,-0.21890485286712646,0.4792673885822296,0.5564287304878235,0.1690327525138855,0.17461168766021729,0.562914252281189,0.4346074163913727,0.2847089171409607,0.05806175619363785,0.7558623552322388,0.7548708319664001,0.8996475338935852,0.26325395703315735,0.4714288115501404,0.3506474494934082,-0.020837783813476562,0.03833882510662079,0.08187070488929749,-0.12987552909180522,-0.06854161620140076,-0.017726048827171326,0.0119723379611969,0.03196299076080322,-0.2185441553592682,0.15539899468421936,0.28012990951538086,0.234348326921463,-0.1347944140434265,0.1363573595881462,0.5408689379692078,0.5357235670089722,0.6790414452552795,0.19052550196647644,-0.5880646407604218,-0.2667047083377838,3.0,3.0,3.0,3.0,3.0,3.0,3.0,3.0,3.0,3.0,3.0,3.0,3.0,3.0,3.0,3.0,3.0,3.0,3.0,3.0,0.05,0.05,0.05,0.05,0.05,0.05,0.05,0.05,0.05,0.05,0.05,0.05,0.05,0.05,0.05,0.05,0.05,0.05,0.05,0.05,0.0,0.0,0.0,0.0,0.0,0.0,0.0,0.0,0.0,0.0,0.0,0.0,0.0,0.0,0.0,0.0,0.0,0.0,0.0,0.0,0.6230466365814209,0.4543624222278595,-0.005061180330812931,-0.07200995087623596,-0.15830476582050323,-0.09233344346284866,1.0814570188522339,1.0361336469650269,0.15734431147575378,-0.20387807488441467,1.2860021591186523,0.9316155910491943,0.6821841597557068,-0.0008873619954101741,0.8533204793930054,0.7261990904808044,1.2020188570022583,-0.013662051409482956,0.3254474997520447,0.299007773399353,-0.04105716943740845,0.08769407868385315,-0.03759774845093489,-0.015614926815032959,-0.0021964311599731445,0.008860044181346893,0.2720773220062256,0.14302730560302734,-0.04689209163188934,0.045834481716156006,0.21610558032989502,0.04621744155883789,0.129014253616333,0.03947984951082617,-0.040052831172943115,-0.19127577543258667,0.2637028694152832,0.072603696025908,-0.3164157271385193,-0.19709616899490356,3.0,3.0,3.0,3.0,3.0,3.0,3.0,3.0,3.0,3.0,3.0,3.0,3.0,3.0,3.0,3.0,3.0,3.0,3.0,3.0,0.05,0.05,0.05,0.05,0.05,0.05,0.05,0.05,0.05,0.05,0.05,0.05,0.05,0.05,0.05,0.05,0.05,0.05,0.05,0.05,0.0,0.0,0.0,0.0,0.0,0.0,0.0,0.0,0.0,0.0,0.0,0.0,0.0,0.0,0.0,0.0,0.0,0.0,0.0,0.0
0.5498438477516174,0.199305921792984,0.3641340732574463,-0.010854360647499561,0.07922431826591492,-0.22006148099899292,0.4807214140892029,0.5577069520950317,0.16465289890766144,0.17714278399944305,0.5678017735481262,0.43867573142051697,0.2798788547515869,0.06120665371417999,0.7637315988540649,0.7635128498077393,0.910427451133728,0.266978919506073,0.4596481919288635,0.34531304240226746,0.08538514375686646,-0.024508312344551086,0.07819011807441711,-0.11669348459690809,0.05798954516649246,-0.08754953742027283,0.11122897267341614,0.08457005023956299,-0.20154044032096863,0.11100992560386658,0.21223127841949463,0.17184540629386902,-0.32358095049858093,0.17183665186166763,0.26214271783828735,0.3384888172149658,0.4128098487854004,0.18162578344345093,-0.5852833390235901,-0.26110708713531494,3.0,3.0,3.0,3.0,3.0,3.0,3.0,3.0,3.0,3.0,3.0,3.0,3.0,3.0,3.0,3.0,3.0,3.0,3.0,3.0,0.05,0.05,0.05,0.05,0.05,0.05,0.05,0.05,0.05,0.05,0.05,0.05,0.05,0.05,0.05,0.05,0.05,0.05,0.05,0.05,0.0,0.0,0.0,0.0,0.0,0.0,0.0,0.0,0.0,0.0,0.0,0.0,0.0,0.0,0.0,0.0,0.0,0.0,0.0,0.0,0.6219210624694824,0.45572176575660706,-0.0056959474459290504,-0.07228360325098038,-0.15834380686283112,-0.09216945618391037,1.0857611894607544,1.0384231805801392,0.15498799085617065,-0.20330820977687836,1.2890865802764893,0.9321001768112183,0.6846318244934082,-0.00018078205175697803,0.8524378538131714,0.7223461270332336,1.2073272466659546,-0.012241484597325325,0.31979992985725403,0.295468807220459,-0.07421672344207764,0.058826059103012085,-0.03053577383980155,-0.016636960208415985,-0.0017568469047546387,0.010700523853302002,0.13928711414337158,0.07978677749633789,-0.17040595412254333,0.010065734386444092,0.10668039321899414,0.007925927639007568,0.10624080896377563,0.03335447545396164,-0.051136314868927,-0.1988545060157776,0.2695232629776001,0.07164077833294868,-0.2603210508823395,-0.16257241368293762,3.0,3.0,3.0,3.0,3.0,3.0,3.0,3.0,3.0,3.0,3.0,3.0,3.0,3.0,3.0,3.0,3.0,3.0,3.0,3.0,0.05,0.05,0.05,0.05,0.05,0.05,0.05,0.05,0.05,0.05,0.05,0.05,0.05,0.05,0.05,0.05,0.05,0.05,0.05,0.05,0.0,0.0,0.0,0.0,0.0,0.0,0.0,0.0,0.0,0.0,0.0,0.0,0.0,0.0,0.0,0.0,0.0,0.0,0.0,0.0
0.5525965690612793,0.19820404052734375,0.36548295617103577,-0.013087623752653599,0.08137890696525574,-0.22240683436393738,0.48371654748916626,0.559811532497406,0.16097113490104675,0.17905208468437195,0.5714035034179688,0.44148123264312744,0.27176567912101746,0.06493522226810455,0.7663480639457703,0.7684103846549988,0.9161599278450012,0.2705189883708954,0.4480174779891968,0.3402031660079956,0.14191865921020508,-0.0019665807485580444,0.05478113889694214,-0.09462605230510235,0.15669837594032288,-0.14373436570167542,0.19330158829689026,0.13205409049987793,-0.158807635307312,0.06913729012012482,0.1461118459701538,0.11756271123886108,-0.36979615688323975,0.16624201089143753,0.06866753101348877,0.18717795610427856,0.17218291759490967,0.1412816345691681,-0.5598150193691254,-0.22819861769676208,3.0,3.0,3.0,3.0,3.0,3.0,3.0,3.0,3.0,3.0,3.0,3.0,3.0,3.0,3.0,3.0,3.0,3.0,3.0,3.0,0.05,0.05,0.05,0.05,0.05,0.05,0.05,0.05,0.05,0.05,0.05,0.05,0.05,0.05,0.05,0.05,0.05,0.05,0.05,0.05,0.0,0.0,0.0,0.0,0.0,0.0,0.0,0.0,0.0,0.0,0.0,0.0,0.0,0.0,0.0,0.0,0.0,0.0,0.0,0.0,0.6200779676437378,0.45671546459198,-0.006282611284404993,-0.0726754292845726,-0.15837503969669342,-0.09190542250871658,1.0870285034179688,1.0393251180648804,0.15052807331085205,-0.2034754455089569,1.290269374847412,0.9319326281547546,0.6864337921142578,0.0004468170227482915,0.8512750267982483,0.7182449102401733,1.2127997875213623,-0.010796420276165009,0.3150346577167511,0.2925048768520355,-0.12138634920120239,0.10388940572738647,-0.014153693336993456,-0.013067945837974548,-0.0014055520296096802,-0.024091824889183044,-0.13779103755950928,-0.03904402256011963,-0.20032040774822235,-0.007167458534240723,0.011995434761047363,-0.04452168941497803,0.14418214559555054,0.046649519936181605,-0.040490925312042236,-0.21131783723831177,0.25272369384765625,0.08777594193816185,-0.2302423119544983,-0.13344883918762207,3.0,3.0,3.0,3.0,3.0,3.0,3.0,3.0,3.0,3.0,3.0,3.0,3.0,3.0,3.0,3.0,3.0,3.0,3.0,3.0,0.05,0.05,0.05,0.05,0.05,0.05,0.05,0.05,0.05,0.05,0.05,0.05,0.05,0.05,0.05,0.05,0.05,0.05,0.05,0.05,0.0,0.0,0.0,0.0,0.0,0.0,0.0,0.0,0.0,0.0,0.0,0.0,0.0,0.0,0.0,0.0,0.0,0.0,0.0,0.0
0.5555205941200256,0.1992272585630417,0.366325318813324,-0.014639402739703655,0.08549225330352783,-0.22581085562705994,0.4884534776210785,0.5629891157150269,0.15830059349536896,0.17990827560424805,0.5736462473869324,0.4433782398700714,0.2650870084762573,0.0678563341498375,0.7664783000946045,0.7709999680519104,0.9173147678375244,0.2726301848888397,0.4372555911540985,0.336185097694397,0.1416325569152832,0.09956955909729004,0.05402788519859314,-0.06436153780668974,0.2467513084411621,-0.19006170332431793,0.26742368936538696,0.17676502466201782,-0.10058321058750153,0.008590146899223328,0.09252429008483887,0.08528605103492737,-0.33398866653442383,0.12447386980056763,-0.046065449714660645,0.09006261825561523,0.004824995994567871,0.07452070713043213,-0.49233511090278625,-0.16828104853630066,3.0,3.0,3.0,3.0,3.0,3.0,3.0,3.0,3.0,3.0,3.0,3.0,3.0,3.0,3.0,3.0,3.0,3.0,3.0,3.0,0.05,0.05,0.05,0.05,0.05,0.05,0.05,0.05,0.05,0.05,0.05,0.05,0.05,0.05,0.05,0.05,0.05,0.05,0.05,0.05,0.0,0.0,0.0,0.0,0.0,0.0,0.0,0.0,0.0,0.0,0.0,0.0,0.0,0.0,0.0,0.0,0.0,0.0,0.0,0.0,0.6170656085014343,0.4598773419857025,-0.006262095179408789,-0.07280632108449936,-0.1584000289440155,-0.09313312917947769,1.080249547958374,1.0368614196777344,0.14697517454624176,-0.20359490811824799,1.2895663976669312,0.9303193092346191,0.6903991103172302,0.0016851987456902862,0.8508182168006897,0.7138934135437012,1.2174361944198608,-0.008730446919798851,0.3105902373790741,0.2901308536529541,-0.17604678869247437,0.2139352262020111,-0.008949905168265104,-0.00785086303949356,-0.0011246651411056519,-0.11011604219675064,-0.6047666072845459,-0.21335184574127197,-0.1716863363981247,0.013006851077079773,-0.1331031322479248,-0.15579462051391602,0.22868067026138306,0.08619621803518385,-0.04747509956359863,-0.25278031826019287,0.24211406707763672,0.12064442271366715,-0.201386958360672,-0.0886768102645874,3.0,3.0,3.0,3.0,3.0,3.0,3.0,3.0,3.0,3.0,3.0,3.0,3.0,3.0,3.0,3.0,3.0,3.0,3.0,3.0,0.05,0.05,0.05,0.05,0.05,0.05,0.05,0.05,0.05,0.05,0.05,0.05,0.05,0.05,0.05,0.05,0.05,0.05,0.05,0.05,0.0,0.0,0.0,0.0,0.0,0.0,0.0,0.0,0.0,0.0,0.0,0.0,0.0,0.0,0.0,0.0,0.0,0.0,0.0,0.0
0.5582618713378906,0.20218682289123535,0.3676440715789795,-0.01566208526492119,0.09124895930290222,-0.2300093024969101,0.49441349506378174,0.5668821334838867,0.1569478064775467,0.17939569056034088,0.5751044750213623,0.44489267468452454,0.2584061324596405,0.06991417706012726,0.7645054459571838,0.7720128893852234,0.9163529276847839,0.27349981665611267,0.4283240735530853,0.3334719240665436,0.1491948962211609,0.21789781749248505,0.07725432515144348,-0.04452739376574755,0.34581515938043594,-0.17644502222537994,0.3857068717479706,0.2521723508834839,0.25165267288684845,-0.0631771981716156,0.33007264137268066,0.2103276550769806,-0.04352480173110962,0.07064547389745712,0.01456141471862793,0.08104443550109863,-0.1034080982208252,-0.02037137746810913,-0.3749161958694458,-0.07804036140441895,3.0,3.0,3.0,3.0,3.0,3.0,3.0,3.0,3.0,3.0,3.0,3.0,3.0,3.0,3.0,3.0,3.0,3.0,3.0,3.0,0.05,0.05,0.05,0.05,0.05,0.05,0.05,0.05,0.05,0.05,0.05,0.05,0.05,0.05,0.05,0.05,0.05,0.05,0.05,0.05,0.0,0.0,0.0,0.0,0.0,0.0,0.0,0.0,0.0,0.0,0.0,0.0,0.0,0.0,0.0,0.0,0.0,0.0,0.0,0.0,0.6130360960960388,0.4652728736400604,-0.006640607491135597,-0.07298946380615234,-0.15842002630233765,-0.09631006419658661,1.062837839126587,1.0307910442352295,0.14366061985492706,-0.20295517146587372,1.2849452495574951,0.925700843334198,0.6955810189247131,0.0038946657441556454,0.8493760228157043,0.7081336975097656,1.2224843502044678,-0.005970643367618322,0.3069791793823242,0.288957804441452,-0.2322554588317871,0.38642585277557373,-0.005477073136717081,-0.018262676894664764,-0.0008996576070785522,-0.15676412731409073,-0.6485134363174438,-0.2021580934524536,0.010535866022109985,0.04848390817642212,-0.266382098197937,-0.2924203872680664,0.24283677339553833,0.12690186558756977,-0.11079609394073486,-0.3118783235549927,0.14077723026275635,0.1883575925603509,-0.19298791885375977,-0.04451051354408264,3.0,3.0,3.0,3.0,3.0,3.0,3.0,3.0,3.0,3.0,3.0,3.0,3.0,3.0,3.0,3.0,3.0,3.0,3.0,3.0,0.05,0.05,0.05,0.05,0.05,0.05,0.05,0.05,0.05,0.05,0.05,0.05,0.05,0.05,0.05,0.05,0.05,0.05,0.05,0.05,0.0,0.0,0.0,0.0,0.0,0.0,0.0,0.0,0.0,0.0,0.0,0.0,0.0,0.0,0.0,0.0,0.0,0.0,0.0,0.0
0.5614883899688721,0.2079431712627411,0.3694154918193817,-0.016420498490333557,0.09932485967874527,-0.23286865651607513,0.5038817524909973,0.5730760097503662,0.1683667004108429,0.17738118767738342,0.5868491530418396,0.45179134607315063,0.26334601640701294,0.07068215310573578,0.7670607566833496,0.7742417454719543,0.9131784439086914,0.27181532979011536,0.4222589433193207,0.3330634832382202,0.218336284160614,0.3292568027973175,0.0928923487663269,-0.04645548760890961,0.5158869549632072,-0.0844813883304596,0.6679296493530273,0.43439269065856934,1.1434566229581833,-0.15544891357421875,1.1949896812438965,0.6613567471504211,0.8701339364051819,0.004856102168560028,0.38184672594070435,0.1751914620399475,-0.1687467098236084,-0.17471909523010254,-0.157058984041214,0.09173974394798279,3.0,3.0,3.0,3.0,3.0,3.0,3.0,3.0,3.0,3.0,3.0,3.0,3.0,3.0,3.0,3.0,3.0,3.0,3.0,3.0,0.05,0.05,0.05,0.05,0.05,0.05,0.05,0.05,0.05,0.05,0.05,0.05,0.05,0.05,0.05,0.05,0.05,0.05,0.05,0.05,0.0,0.0,0.0,0.0,0.0,0.0,0.0,0.0,0.0,0.0,0.0,0.0,0.0,0.0,0.0,0.0,0.0,0.0,0.0,0.0,0.6077753901481628,0.47533437609672546,-0.006481178104877472,-0.07353682816028595,-0.15843601524829865,-0.09940369427204132,1.0543090105056763,1.0287750959396362,0.14739660918712616,-0.2016555517911911,1.2789111137390137,0.9186224937438965,0.7001125812530518,0.006761273369193077,0.8463863730430603,0.7014182806015015,1.223067283630371,-0.0011961432173848152,0.3028707206249237,0.2883504331111908,-0.35093873739242554,0.7044069468975067,0.002659880556166172,-0.04730932414531708,0.06404630839824677,-0.18628500401973724,-0.025403499603271484,0.03227591514587402,0.5022227764129639,0.09602196514606476,-0.396496057510376,-0.49211084842681885,0.18850862979888916,0.18359672976657748,-0.2361580729484558,-0.3969937562942505,-0.10085999965667725,0.34330793423578143,-0.19372180104255676,0.006248801946640015,3.0,3.0,3.0,3.0,3.0,3.0,3.0,3.0,3.0,3.0,3.0,3.0,3.0,3.0,3.0,3.0,3.0,3.0,3.0,3.0,0.05,0.05,0.05,0.05,0.05,0.05,0.05,0.05,0.05,0.05,0.05,0.05,0.05,0.05,0.05,0.05,0.05,0.05,0.05,0.05,0.0,0.0,0.0,0.0,0.0,0.0,0.0,0.0,0.0,0.0,0.0,0.0,0.0,0.0,0.0,0.0,0.0,0.0,0.0,0.0
0.5669953227043152,0.21535709500312805,0.37135976552963257,-0.017520304769277573,0.11188443750143051,-0.23338855803012848,0.5211306810379028,0.5842578411102295,0.20268607139587402,0.17317773401737213,0.6229040622711182,0.4713469445705414,0.2932114899158478,0.07010842114686966,0.779779314994812,0.7790205478668213,0.9096030592918396,0.26651105284690857,0.42204171419143677,0.3371415138244629,0.34361034631729126,0.32996125519275665,0.08864328265190125,-0.046461308375000954,0.6848273798823357,-0.03151297569274902,1.048329472541809,0.6810083985328674,2.1583199501037598,-0.2601664513349533,2.3150593042373657,1.2270405888557434,1.846420019865036,-0.07061753422021866,0.7326796650886536,0.22764652967453003,-0.1367121934890747,-0.3043621778488159,0.15340447425842285,0.32120347023010254,3.0,3.0,3.0,3.0,3.0,3.0,3.0,3.0,3.0,3.0,3.0,3.0,3.0,3.0,3.0,3.0,3.0,3.0,3.0,3.0,0.05,0.05,0.05,0.05,0.05,0.05,0.05,0.05,0.05,0.05,0.05,0.05,0.05,0.05,0.05,0.05,0.05,0.05,0.05,0.05,0.0,0.0,0.0,0.0,0.0,0.0,0.0,0.0,0.0,0.0,0.0,0.0,0.0,0.0,0.0,0.0,0.0,0.0,0.0,0.0,0.5989985466003418,0.4934491515159607,-0.00653421226888895,-0.07488183677196503,-0.15585817396640778,-0.1037614643573761,1.061821699142456,1.0320820808410645,0.16374953091144562,-0.19911429286003113,1.26908540725708,0.9060164093971252,0.7031213641166687,0.011238534934818745,0.8399296998977661,0.6922539472579956,1.2184499502182007,0.007761674001812935,0.29923030734062195,0.2892077565193176,-0.5253463983535767,0.9694956243038177,0.0008372007869184017,-0.042961910367012024,0.3429543226957321,-0.28233639895915985,0.7735639810562134,0.23398399353027344,1.055992767214775,0.1845337450504303,-0.7184833288192749,-0.855882465839386,0.22214949131011963,0.2839407417923212,-0.40375441312789917,-0.5390167236328125,-0.35307109355926514,0.543156755156815,-0.13025999069213867,0.11176392436027527,3.0,3.0,3.0,3.0,3.0,3.0,3.0,3.0,3.0,3.0,3.0,3.0,3.0,3.0,3.0,3.0,3.0,3.0,3.0,3.0,0.05,0.05,0.05,0.05,0.05,0.05,0.05,0.05,0.05,0.05,0.05,0.05,0.05,0.05,0.05,0.05,0.05,0.05,0.05,0.05,0.0,0.0,0.0,0.0,0.0,0.0,0.0,0.0,0.0,0.0,0.0,0.0,0.0,0.0,0.0,0.0,0.0,0.0,0.0,0.0
0.5752328038215637,0.22114162147045135,0.37296122312545776,-0.018278950825333595,0.1267179548740387,-0.2341291755437851,0.5458149313926697,0.6003163456916809,0.2546994984149933,0.1669745296239853,0.6794515252113342,0.5008729696273804,0.3372028172016144,0.06785745173692703,0.7963679432868958,0.7833476066589355,0.9077099561691284,0.2596408426761627,0.4283951222896576,0.3459116220474243,0.5892336368560736,-0.029448792338369195,0.004201382398605347,-0.07659364491701048,1.0189050808548843,-0.10548308491706779,1.6741588711738447,1.0415598750114357,2.516978979110704,-0.26953257620334486,2.724765241146079,1.3904698193073244,2.2158481180667753,-0.16677752137183968,0.5789101123809787,0.005352497100832854,-0.0527113676071167,-0.46069249510764726,0.5286224186420398,0.5886614322662298,3.0,3.0,3.0,3.0,3.0,3.0,3.0,3.0,3.0,3.0,3.0,3.0,3.0,3.0,3.0,3.0,3.0,3.0,3.0,3.0,0.05,0.05,0.05,0.05,0.05,0.05,0.05,0.05,0.05,0.05,0.05,0.05,0.05,0.05,0.05,0.05,0.05,0.05,0.05,0.05,0.0,0.0,0.0,0.0,0.0,0.0,0.0,0.0,0.0,0.0,0.0,0.0,0.0,0.0,0.0,0.0,0.0,0.0,0.0,0.0,0.5867615342140198,0.5141142010688782,-0.006447690073400736,-0.07525530457496643,-0.14471784234046936,-0.11069715023040771,1.0852515697479248,1.0381344556808472,0.18963631987571716,-0.1942742019891739,1.2501717805862427,0.884387195110321,0.7089985609054565,0.018118903040885925,0.8302361965179443,0.679857611656189,1.2089444398880005,0.020530126988887787,0.29766032099723816,0.2928209900856018,-0.7328018546104348,0.8021324872970553,0.009502982720732602,-0.0505672767758366,0.8336417376995003,-0.4334636032581298,1.2493014335632213,0.16779005527496893,1.2435689568519508,0.29741153120994357,-1.2260109186172374,-1.2575745582580482,0.2946048974990817,0.28622571844607453,-0.5792930722236606,-0.6659030914306585,-0.45701563358306885,0.68993153981864,0.05142316222190718,0.2854205667972537,3.0,3.0,3.0,3.0,3.0,3.0,3.0,3.0,3.0,3.0,3.0,3.0,3.0,3.0,3.0,3.0,3.0,3.0,3.0,3.0,0.05,0.05,0.05,0.05,0.05,0.05,0.05,0.05,0.05,0.05,0.05,0.05,0.05,0.05,0.05,0.05,0.05,0.05,0.05,0.05,0.0,0.0,0.0,0.0,0.0,0.0,0.0,0.0,0.0,0.0,0.0,0.0,0.0,0.0,0.0,0.0,0.0,0.0,0.0,0.0
0.5905646681785581,0.21417914330959328,0.3715278208255768,-0.020584050565957992,0.1526406407356259,-0.2376078814268112,0.5880970358848566,0.6259202361106869,0.3033652305603022,0.16239643096923834,0.7318946719169613,0.5269657373428344,0.3818454146385188,0.06343732029199607,0.8029357194900512,0.7792346477508546,0.9074946045875549,0.24808335304260268,0.44318661093711836,0.3606879711151121,0.8852332830429049,-0.3234762698411948,-0.27433261275291165,-0.15561366453766728,1.5370525419711956,-0.1392025500535972,2.389456331729875,1.309752464294428,2.638709545135483,-0.2791505306959131,2.0953729748725807,0.9454220533370916,2.331418544054019,-0.2645242959260925,-0.06614625453948697,-0.5319133400916998,-0.09055137634277344,-0.6277728825807529,0.9738147258758489,0.9097114205360357,3.0,3.0,3.0,3.0,3.0,3.0,3.0,3.0,3.0,3.0,3.0,3.0,3.0,3.0,3.0,3.0,3.0,3.0,3.0,3.0,0.05,0.05,0.05,0.05,0.05,0.05,0.05,0.05,0.05,0.05,0.05,0.05,0.05,0.05,0.05,0.05,0.05,0.05,0.05,0.05,0.0,0.0,0.0,0.0,0.0,0.0,0.0,0.0,0.0,0.0,0.0,0.0,0.0,0.0,0.0,0.0,0.0,0.0,0.0,0.0,0.5696864724159244,0.5255344510078429,-0.006154092960059646,-0.07690452784299849,-0.12251250445842776,-0.12110000848770129,1.111793756484985,1.0387936830520632,0.21349228918552365,-0.18721783161163338,1.2200449705123906,0.8557134270668033,0.714905560016632,0.022687563672661726,0.8167579770088197,0.6656178236007693,1.200169324874878,0.035358935594558535,0.30128723382949824,0.3006245791912078,-0.998286902904505,0.49813091754912775,0.016870989929884454,-0.029807724058628082,1.668640598654733,-0.5829177796840647,1.3221919536590576,-0.2377837896347046,1.4245554804801817,0.3764618188142749,-1.7743140459060558,-1.618853211402882,0.34604817628860196,0.2426980994641767,-0.7684990763664218,-0.7407382130622808,-0.669628381729126,0.8098481222987126,0.25923252105712613,0.5140669643878895,3.0,3.0,3.0,3.0,3.0,3.0,3.0,3.0,3.0,3.0,3.0,3.0,3.0,3.0,3.0,3.0,3.0,3.0,3.0,3.0,0.05,0.05,0.05,0.05,0.05,0.05,0.05,0.05,0.05,0.05,0.05,0.05,0.05,0.05,0.05,0.05,0.05,0.05,0.05,0.05,0.0,0.0,0.0,0.0,0.0,0.0,0.0,0.0,0.0,0.0,0.0,0.0,0.0,0.0,0.0,0.0,0.0,0.0,0.0,0.0
0.6106421351432799,0.20820257067680356,0.3619879186153413,-0.024503497406840286,0.18820005655288652,-0.23969727754592898,0.6413931846618647,0.652706444263458,0.3602478802204126,0.15580850839614876,0.7632664442062375,0.538689851760864,0.43045955896377514,0.05727647989988333,0.7937220931053163,0.7620710730552676,0.9040879011154175,0.2345299273729326,0.46734771132469155,0.38230007886886574,0.7323250174522455,-0.03847219049930781,-0.4811011254787445,-0.1768818590790041,1.9342351704835974,-0.001195073127747276,2.5383263826370377,1.2209475040435873,2.694602310657515,-0.3283470869064345,1.3640791177749716,0.4994690418243436,2.280494570732129,-0.3039808012545126,-0.4246294498443576,-0.7907032966613797,-0.2691805362701416,-0.7608145475387608,1.1022523045539898,0.9990550577640589,3.0,3.0,3.0,3.0,3.0,3.0,3.0,3.0,3.0,3.0,3.0,3.0,3.0,3.0,3.0,3.0,3.0,3.0,3.0,3.0,0.05,0.05,0.05,0.05,0.05,0.05,0.05,0.05,0.05,0.05,0.05,0.05,0.05,0.05,0.05,0.05,0.05,0.05,0.05,0.05,0.0,0.0,0.0,0.0,0.0,0.0,0.0,0.0,0.0,0.0,0.0,0.0,0.0,0.0,0.0,0.0,0.0,0.0,0.0,0.0,0.5468300580978396,0.5340394377708433,-0.005772850476205358,-0.07644761353731155,-0.07797221839428004,-0.1340138614177703,1.138139247894287,1.028623104095459,0.24661853909492443,-0.1792157292366029,1.1791992187500004,0.8196330666542058,0.7228404879570006,0.027826827019452993,0.7994962334632875,0.6502280831336977,1.1821593046188354,0.05292405188083629,0.3080296218395232,0.3133836686611174,-1.0818555951118551,0.38446485996246615,0.16482815844938167,-0.0697545707225803,2.5280940346419896,-0.4692859947681458,0.6819903850555531,-1.2149631977081354,2.2925432771444405,0.49025081098079887,-2.377524971961986,-2.0508289337158288,0.5682453513145475,0.25448077358305593,-0.9745016694068936,-0.7800653576850947,-0.7397502660751343,0.8898410946130797,0.8660674095153822,1.0313689708709743,3.0,3.0,3.0,3.0,3.0,3.0,3.0,3.0,3.0,3.0,3.0,3.0,3.0,3.0,3.0,3.0,3.0,3.0,3.0,3.0,0.05,0.05,0.05,0.05,0.05,0.05,0.05,0.05,0.05,0.05,0.05,0.05,0.05,0.05,0.05,0.05,0.05,0.05,0.05,0.05,0.0,0.0,0.0,0.0,0.0,0.0,0.0,0.0,0.0,0.0,0.0,0.0,0.0,0.0,0.0,0.0,0.0,0.0,0.0,0.0
0.619857668876648,0.21264025568962097,0.352283775806427,-0.027659324929118156,0.2300100475549698,-0.23765568435192108,0.6896300911903381,0.6747581362724304,0.4111493229866028,0.14926254749298096,0.7864578366279602,0.5469444990158081,0.47306519746780396,0.05127808824181557,0.7859505414962769,0.7476065158843994,0.8967273831367493,0.21765077114105225,0.48727670311927795,0.40065017342567444,0.054180622100832854,0.5756452679634101,-0.25505796074867526,-0.10726400651037789,2.04673931002618,0.42226426303386755,2.077999711036696,0.8786648511886652,2.4577878415584715,-0.41464455425739494,0.830417871475228,0.2677202224731501,1.998771727085126,-0.3702575340867058,-0.3951206803321866,-0.6761774420738276,-0.39428025484085083,-1.0228082537651104,1.0662190616130884,0.9488455951213892,3.0,3.0,3.0,3.0,3.0,3.0,3.0,3.0,3.0,3.0,3.0,3.0,3.0,3.0,3.0,3.0,3.0,3.0,3.0,3.0,0.05,0.05,0.05,0.05,0.05,0.05,0.05,0.05,0.05,0.05,0.05,0.05,0.05,0.05,0.05,0.05,0.05,0.05,0.05,0.05,0.0,0.0,0.0,0.0,0.0,0.0,0.0,0.0,0.0,0.0,0.0,0.0,0.0,0.0,0.0,0.0,0.0,0.0,0.0,0.0,0.5264122486114502,0.5409130454063416,0.0004390333779156208,-0.0796947106719017,-0.021388743072748184,-0.13987144827842712,1.139073371887207,0.9901951551437378,0.30519402027130127,-0.16760779917240143,1.1249439716339111,0.7736802697181702,0.7376353740692139,0.03286679461598396,0.777777910232544,0.6344152092933655,1.1705793142318726,0.07095257937908173,0.3359299302101135,0.34187933802604675,-0.8754134178161677,0.1240417361259516,0.7226275047287346,-0.0840596854686737,4.345633834600463,0.8368540555238703,-0.8946120738983154,-3.067716956138611,3.9373487234115725,0.9555663913488416,-3.428485989570629,-2.631834149360668,1.2440547347068813,0.3662683069705977,-1.2913137674331692,-0.8113875985145624,-1.1031270027160645,0.8256280794739772,2.178372442722323,1.9651383161544842,3.0,3.0,3.0,3.0,3.0,3.0,3.0,3.0,3.0,3.0,3.0,3.0,3.0,3.0,3.0,3.0,3.0,3.0,3.0,3.0,0.05,0.05,0.05,0.05,0.05,0.05,0.05,0.05,0.05,0.05,0.05,0.05,0.05,0.05,0.05,0.05,0.05,0.05,0.05,0.05,0.0,0.0,0.0,0.0,0.0,0.0,0.0,0.0,0.0,0.0,0.0,0.0,0.0,0.0,0.0,0.0,0.0,0.0,0.0,0.0
0.6128093600273132,0.23122838139533997,0.3517856001853943,-0.0287940576672554,0.2700696289539337,-0.22280670702457428,0.7245131731033325,0.6878530383110046,0.45855939388275146,0.13922272622585297,0.7964831590652466,0.54939866065979,0.5104104280471802,0.0424661785364151,0.7779172658920288,0.7350239753723145,0.8883166909217834,0.19361759722232819,0.5099964737892151,0.4202539026737213,-0.6641492247581482,1.1394761502742767,0.13190656900405884,-0.01685265451669693,1.98599211871624,0.9890083223581314,1.421932876110077,0.4638195037841797,2.266456186771393,-0.5602836608886719,0.1544460654258728,-0.006976723670959473,1.7417818307876587,-0.5163946654647589,-0.447690486907959,-0.5994886159896851,-0.5223363637924194,-1.3326987624168396,1.2268312275409698,1.03464275598526,3.0,3.0,3.0,3.0,3.0,3.0,3.0,3.0,3.0,3.0,3.0,3.0,3.0,3.0,3.0,3.0,3.0,3.0,3.0,3.0,0.05,0.05,0.05,0.05,0.05,0.05,0.05,0.05,0.05,0.05,0.05,0.05,0.05,0.05,0.05,0.05,0.05,0.05,0.05,0.05,0.0,0.0,0.0,0.0,0.0,0.0,0.0,0.0,0.0,0.0,0.0,0.0,0.0,0.0,0.0,0.0,0.0,0.0,0.0,0.0,0.5118135213851929,0.5390011072158813,0.02313224971294403,-0.0798100009560585,0.09585313498973846,-0.10053969919681549,1.1023547649383545,0.9059144258499146,0.40411248803138733,-0.14099307358264923,1.0420597791671753,0.714359700679779,0.7726026773452759,0.0424775592982769,0.7478436827659607,0.6177725791931152,1.1380342245101929,0.08594917505979538,0.39516451954841614,0.39198920130729675,-0.7362760603427887,-0.342029333114624,1.1806318419985473,0.009642168879508972,5.2345083095133305,1.5181973576545715,-1.9065648317337036,-3.9210498332977295,4.481125622987747,1.2493142858147621,-3.939180076122284,-2.7243196964263916,1.6433149576187134,0.515840295702219,-1.3983428478240967,-0.765468180179596,-1.300075650215149,0.7281949743628502,2.8042390942573547,2.266737073659897,3.0,3.0,3.0,3.0,3.0,3.0,3.0,3.0,3.0,3.0,3.0,3.0,3.0,3.0,3.0,3.0,3.0,3.0,3.0,3.0,0.05,0.05,0.05,0.05,0.05,0.05,0.05,0.05,0.05,0.05,0.05,0.05,0.05,0.05,0.05,0.05,0.05,0.05,0.05,0.05,0.0,0.0,0.0,0.0,0.0,0.0,0.0,0.0,0.0,0.0,0.0,0.0,0.0,0.0,0.0,0.0,0.0,0.0,0.0,0.0
0.593291699886322,0.25821930170059204,0.35756003856658936,-0.028333431109786034,0.3094497323036194,-0.19809535145759583,0.7465074062347412,0.6933109164237976,0.5018075704574585,0.12685120105743408,0.7926356792449951,0.5466654300689697,0.5427364706993103,0.030622301623225212,0.7680429220199585,0.723626971244812,0.8758339285850525,0.16434282064437866,0.5363499522209167,0.44203588366508484,-0.8627369999885559,1.1211708188056946,0.24234727025032043,0.030820397660136223,2.3864954710006714,1.1332545429468155,0.4712015390396118,-0.09966045618057251,2.419993281364441,-0.6838101893663406,-0.6710410118103027,-0.1652061939239502,1.8082693219184875,-0.5855999886989594,-0.6257414817810059,-0.5583956837654114,-0.948113203048706,-1.4578625559806824,1.8418759107589722,1.36517733335495,3.0,3.0,3.0,3.0,3.0,3.0,3.0,3.0,3.0,3.0,3.0,3.0,3.0,3.0,3.0,3.0,3.0,3.0,3.0,3.0,0.05,0.05,0.05,0.05,0.05,0.05,0.05,0.05,0.05,0.05,0.05,0.05,0.05,0.05,0.05,0.05,0.05,0.05,0.05,0.05,0.0,0.0,0.0,0.0,0.0,0.0,0.0,0.0,0.0,0.0,0.0,0.0,0.0,0.0,0.0,0.0,0.0,0.0,0.0,0.0,0.49696120619773865,0.5272318720817566,0.04766430705785751,-0.07930902391672134,0.18799158930778503,-0.07914355397224426,1.0628107786178589,0.8333531618118286,0.48443904519081116,-0.11763522773981094,0.9673767685890198,0.6647074818611145,0.8033679723739624,0.05350040644407272,0.7218441963195801,0.6037964820861816,1.1185762882232666,0.10008037835359573,0.4480994939804077,0.4325488209724426,-0.8377097547054291,-0.36910027265548706,1.4688163995742798,0.00814627856016159,4.707410559058189,1.0859979316592216,-1.8472462892532349,-3.320753574371338,3.9589248597621918,1.0779114440083504,-3.341640532016754,-2.1553635597229004,1.5418827533721924,0.518385786563158,-1.085546612739563,-0.5582064390182495,-0.8236587047576904,0.7286304607987404,2.5631070137023926,1.8634237349033356,3.0,3.0,3.0,3.0,3.0,3.0,3.0,3.0,3.0,3.0,3.0,3.0,3.0,3.0,3.0,3.0,3.0,3.0,3.0,3.0,0.05,0.05,0.05,0.05,0.05,0.05,0.05,0.05,0.05,0.05,0.05,0.05,0.05,0.05,0.05,0.05,0.05,0.05,0.05,0.05,0.0,0.0,0.0,0.0,0.0,0.0,0.0,0.0,0.0,0.0,0.0,0.0,0.0,0.0,0.0,0.0,0.0,0.0,0.0,0.0
0.578299880027771,0.27607521414756775,0.3614794909954071,-0.027561241760849953,0.36552944779396057,-0.17747652530670166,0.743361234664917,0.6838666200637817,0.5553591251373291,0.11187031865119934,0.7696415185928345,0.542790412902832,0.5827412009239197,0.019042178988456726,0.7528876066207886,0.712688148021698,0.8503921627998352,0.1353030949831009,0.583671510219574,0.4748609960079193,-0.8393913507461548,1.0833404958248138,0.18152520060539246,0.060457875952124596,2.86928191781044,1.0300733149051666,-0.17964988946914673,-0.45746713876724243,2.6448339223861694,-0.6970053538680077,-1.0029152035713196,-0.11044889688491821,1.9912853837013245,-0.5869612330570817,-0.6174981594085693,-0.4505634307861328,-1.1290684342384338,-1.4346897602081299,2.2872626781463623,1.5387646853923798,3.0,3.0,3.0,3.0,3.0,3.0,3.0,3.0,3.0,3.0,3.0,3.0,3.0,3.0,3.0,3.0,3.0,3.0,3.0,3.0,0.05,0.05,0.05,0.05,0.05,0.05,0.05,0.05,0.05,0.05,0.05,0.05,0.05,0.05,0.05,0.05,0.05,0.05,0.05,0.05,0.0,0.0,0.0,0.0,0.0,0.0,0.0,0.0,0.0,0.0,0.0,0.0,0.0,0.0,0.0,0.0,0.0,0.0,0.0,0.0,0.4783051311969757,0.5242370963096619,0.08188490569591522,-0.07948414981365204,0.28414955735206604,-0.057099781930446625,1.028464913368225,0.773084282875061,0.562469482421875,-0.09787661582231522,0.9083941578865051,0.628145158290863,0.8342779874801636,0.06321299076080322,0.7044218182563782,0.5954443216323853,1.1050878763198853,0.115094393491745,0.49768880009651184,0.4665261507034302,-1.0925330221652985,-0.44253915548324585,1.847524754703045,0.015207752585411072,4.967797547578812,1.256323279812932,-2.131885290145874,-2.97432541847229,3.9994917809963226,0.9753568097949028,-2.7426332235336304,-1.5028610825538635,1.6232267022132874,0.4974858835339546,-0.5771368741989136,-0.2016127109527588,-0.5132168531417847,0.6827233359217644,2.721668779850006,1.6142986714839935,3.0,3.0,3.0,3.0,3.0,3.0,3.0,3.0,3.0,3.0,3.0,3.0,3.0,3.0,3.0,3.0,3.0,3.0,3.0,3.0,0.05,0.05,0.05,0.05,0.05,0.05,0.05,0.05,0.05,0.05,0.05,0.05,0.05,0.05,0.05,0.05,0.05,0.05,0.05,0.05,0.0,0.0,0.0,0.0,0.0,0.0,0.0,0.0,0.0,0.0,0.0,0.0,0.0,0.0,0.0,0.0,0.0,0.0,0.0,0.0
0.5597160458564758,0.3015529215335846,0.36482104659080505,-0.02591511607170105,0.424221009016037,-0.15689241886138916,0.7393214106559753,0.6750122308731079,0.6076009273529053,0.09897098690271378,0.7525190711021423,0.542247474193573,0.6223878860473633,0.007143852300941944,0.7433429956436157,0.7056044340133667,0.8306711912155151,0.10695523023605347,0.6278404593467712,0.50358647108078,-0.9030640125274658,1.2415096163749695,0.13297349214553833,0.08749081753194332,2.996762841939926,1.0486830025911331,-0.2331182360649109,-0.4285097122192383,2.5912851095199585,-0.6518490612506866,-0.6976291537284851,0.0701025128364563,1.9723474979400635,-0.5598178831860423,-0.3489643335342407,-0.2716660499572754,-0.8304983377456665,-1.4345977455377579,2.2352799773216248,1.3909272849559784,3.0,3.0,3.0,3.0,3.0,3.0,3.0,3.0,3.0,3.0,3.0,3.0,3.0,3.0,3.0,3.0,3.0,3.0,3.0,3.0,0.05,0.05,0.05,0.05,0.05,0.05,0.05,0.05,0.05,0.05,0.05,0.05,0.05,0.05,0.05,0.05,0.05,0.05,0.05,0.05,0.0,0.0,0.0,0.0,0.0,0.0,0.0,0.0,0.0,0.0,0.0,0.0,0.0,0.0,0.0,0.0,0.0,0.0,0.0,0.0,0.4532598853111267,0.5095303058624268,0.12156529724597931,-0.0787007138133049,0.3867034912109375,-0.028890622779726982,0.9775353670120239,0.714380145072937,0.6444187164306641,-0.07862095534801483,0.8576714396476746,0.60459303855896,0.8682970404624939,0.07339984178543091,0.6987587213516235,0.5957319736480713,1.0980476140975952,0.1273893117904663,0.556966245174408,0.49712076783180237,-1.1493399739265442,-0.7259927690029144,1.72935388982296,0.06189029663801193,5.1926858723163605,1.369404373690486,-2.947854995727539,-2.71882563829422,3.9637237787246704,0.9107967838644981,-2.6129767298698425,-0.8872061967849731,1.5214532613754272,0.43272078037261963,-0.2895668148994446,0.058266520500183105,-0.37685930728912354,0.5767583847045898,3.2066620886325836,1.2497514486312866,3.0,3.0,3.0,3.0,3.0,3.0,3.0,3.0,3.0,3.0,3.0,3.0,3.0,3.0,3.0,3.0,3.0,3.0,3.0,3.0,0.05,0.05,0.05,0.05,0.05,0.05,0.05,0.05,0.05,0.05,0.05,0.05,0.05,0.05,0.05,0.05,0.05,0.05,0.05,0.05,0.0,0.0,0.0,0.0,0.0,0.0,0.0,0.0,0.0,0.0,0.0,0.0,0.0,0.0,0.0,0.0,0.0,0.0,0.0,0.0
0.5421773195266724,0.32573559880256653,0.36679843068122864,-0.02406160905957222,0.4853999614715576,-0.13552920520305634,0.7340365052223206,0.6667262315750122,0.6590105295181274,0.08579635620117188,0.7417363524436951,0.5455945134162903,0.6616351008415222,-0.0033505363389849663,0.738929033279419,0.701821506023407,0.8171722292900085,0.07791918516159058,0.673082709312439,0.5304980874061584,-0.710122287273407,1.0754719376564026,0.084647536277771,0.06443397141993046,3.1020335853099823,0.9848961606621742,-0.2103373408317566,-0.3409042954444885,2.5277122855186462,-0.5936862900853157,-0.3129616379737854,0.3064870834350586,1.9384130835533142,-0.4811459220945835,-0.053885579109191895,-0.09690225124359131,-0.5077332258224487,-1.4242591336369514,2.3302599787712097,1.3127714395523071,3.0,3.0,3.0,3.0,3.0,3.0,3.0,3.0,3.0,3.0,3.0,3.0,3.0,3.0,3.0,3.0,3.0,3.0,3.0,3.0,0.05,0.05,0.05,0.05,0.05,0.05,0.05,0.05,0.05,0.05,0.05,0.05,0.05,0.05,0.05,0.05,0.05,0.05,0.05,0.05,0.0,0.0,0.0,0.0,0.0,0.0,0.0,0.0,0.0,0.0,0.0,0.0,0.0,0.0,0.0,0.0,0.0,0.0,0.0,0.0,0.43233153223991394,0.4951973855495453,0.15105906128883362,-0.07700853794813156,0.49185699224472046,-0.0023236069828271866,0.9105507135391235,0.6643312573432922,0.7210184335708618,-0.06144474446773529,0.8038750886917114,0.5926569104194641,0.8951361179351807,0.08052182197570801,0.6928391456604004,0.5977749824523926,1.0900135040283203,0.1381647288799286,0.6259552836418152,0.5165162086486816,-1.0532982647418976,-0.35994499921798706,1.3407059013843536,0.042589008808135986,4.867187142372131,1.153074624016881,-2.9887542128562927,-2.187091112136841,3.5209357738494873,0.7884547114372253,-2.3814618587493896,-0.47497451305389404,1.305358111858368,0.3588356077671051,-0.2284616231918335,0.10616779327392578,-0.2991974353790283,0.4550520330667496,3.2008349895477295,0.8538238704204559,3.0,3.0,3.0,3.0,3.0,3.0,3.0,3.0,3.0,3.0,3.0,3.0,3.0,3.0,3.0,3.0,3.0,3.0,3.0,3.0,0.05,0.05,0.05,0.05,0.05,0.05,0.05,0.05,0.05,0.05,0.05,0.05,0.05,0.05,0.05,0.05,0.05,0.05,0.05,0.05,0.0,0.0,0.0,0.0,0.0,0.0,0.0,0.0,0.0,0.0,0.0,0.0,0.0,0.0,0.0,0.0,0.0,0.0,0.0,0.0
0.5313111543655396,0.3445717990398407,0.3682069480419159,-0.02333775721490383,0.5483023524284363,-0.11749657243490219,0.7309079170227051,0.6613760590553284,0.7087094187736511,0.07522353529930115,0.7400006055831909,0.5545069575309753,0.6999244093894958,-0.012101984582841396,0.741187572479248,0.701728343963623,0.8103618621826172,0.04998486489057541,0.7210508584976196,0.5560973286628723,-0.4535093903541565,0.8747078478336334,0.015000253915786743,0.011736201122403145,3.138217329978943,0.8706044405698776,-0.09475499391555786,-0.18406063318252563,2.408820390701294,-0.490756519138813,0.14686733484268188,0.5846858024597168,1.875784993171692,-0.3844770370051265,0.292949378490448,0.08067935705184937,-0.22934526205062866,-1.3479260727763176,2.452409267425537,1.2357786297798157,3.0,3.0,3.0,3.0,3.0,3.0,3.0,3.0,3.0,3.0,3.0,3.0,3.0,3.0,3.0,3.0,3.0,3.0,3.0,3.0,0.05,0.05,0.05,0.05,0.05,0.05,0.05,0.05,0.05,0.05,0.05,0.05,0.05,0.05,0.05,0.05,0.05,0.05,0.05,0.05,0.0,0.0,0.0,0.0,0.0,0.0,0.0,0.0,0.0,0.0,0.0,0.0,0.0,0.0,0.0,0.0,0.0,0.0,0.0,0.0,0.4111279547214508,0.4951325058937073,0.17519353330135345,-0.07699715346097946,0.5813909769058228,0.017232362180948257,0.8579851984977722,0.6268965005874634,0.7852561473846436,-0.04708276689052582,0.762412965297699,0.5855940580368042,0.9205113649368286,0.08775326609611511,0.6896202564239502,0.5999786853790283,1.086079716682434,0.1455913931131363,0.6849996447563171,0.5312737226486206,-1.0401859879493713,0.15289410948753357,0.9191717952489853,-0.012161396443843842,4.170851409435272,0.8773594629019499,-2.35709547996521,-1.5848219394683838,2.9700517654418945,0.5852753296494484,-1.7524465918540955,-0.18871426582336426,1.2767359614372253,0.27320943772792816,-0.0682443380355835,0.12161582708358765,-0.0737309455871582,0.263909250497818,2.8557807207107544,0.6415784358978271,3.0,3.0,3.0,3.0,3.0,3.0,3.0,3.0,3.0,3.0,3.0,3.0,3.0,3.0,3.0,3.0,3.0,3.0,3.0,3.0,0.05,0.05,0.05,0.05,0.05,0.05,0.05,0.05,0.05,0.05,0.05,0.05,0.05,0.05,0.05,0.05,0.05,0.05,0.05,0.05,0.0,0.0,0.0,0.0,0.0,0.0,0.0,0.0,0.0,0.0,0.0,0.0,0.0,0.0,0.0,0.0,0.0,0.0,0.0,0.0
0.5240369439125061,0.36072391271591187,0.3673984408378601,-0.023592161014676094,0.6109286546707153,-0.10070502758026123,0.7302463054656982,0.6593638062477112,0.7553633451461792,0.06616609543561935,0.7476110458374023,0.568981945514679,0.7366665005683899,-0.018729617819190025,0.7506470084190369,0.705048680305481,0.8079984188079834,0.024002142250537872,0.7711790800094604,0.5799292325973511,-0.07049441337585449,0.14235898852348328,-0.01782849431037903,-0.05766511894762516,2.9361411929130554,0.6709642708301544,0.12651681900024414,0.032101571559906006,2.138301730155945,-0.3823913633823395,0.6051227450370789,0.8197247982025146,1.731632649898529,-0.29166422318667173,0.6291329860687256,0.1847684383392334,-0.015626847743988037,-1.169365318492055,2.500717341899872,1.0993361473083496,3.0,3.0,3.0,3.0,3.0,3.0,3.0,3.0,3.0,3.0,3.0,3.0,3.0,3.0,3.0,3.0,3.0,3.0,3.0,3.0,0.05,0.05,0.05,0.05,0.05,0.05,0.05,0.05,0.05,0.05,0.05,0.05,0.05,0.05,0.05,0.05,0.05,0.05,0.05,0.05,0.0,0.0,0.0,0.0,0.0,0.0,0.0,0.0,0.0,0.0,0.0,0.0,0.0,0.0,0.0,0.0,0.0,0.0,0.0,0.0,0.3907240927219391,0.5013131499290466,0.18782593309879303,-0.07749499380588531,0.6586910486221313,0.03277077153325081,0.8162668943405151,0.6009383797645569,0.8398205041885376,-0.038033731281757355,0.7337772250175476,0.5851083397865295,0.9462055563926697,0.09145019948482513,0.690109372138977,0.6026396155357361,1.087064266204834,0.1487210988998413,0.7401865124702454,0.5421793460845947,-0.753486156463623,-0.2285398542881012,0.5460109561681747,-0.020327046513557434,3.6732956767082214,0.7175281643867493,-1.7964452505111694,-1.0736644268035889,2.545827627182007,0.3559231758117676,-1.1000677943229675,0.09369999170303345,1.285138726234436,0.09338892996311188,0.4071444272994995,0.2372652292251587,0.23947060108184814,0.006793811917304993,3.019990026950836,0.569818913936615,3.0,3.0,3.0,3.0,3.0,3.0,3.0,3.0,3.0,3.0,3.0,3.0,3.0,3.0,3.0,3.0,3.0,3.0,3.0,3.0,0.05,0.05,0.05,0.05,0.05,0.05,0.05,0.05,0.05,0.05,0.05,0.05,0.05,0.05,0.05,0.05,0.05,0.05,0.05,0.05,0.0,0.0,0.0,0.0,0.0,0.0,0.0,0.0,0.0,0.0,0.0,0.0,0.0,0.0,0.0,0.0,0.0,0.0,0.0,0.0
0.5284913778305054,0.35026615858078003,0.36749380826950073,-0.025644361972808838,0.6657480001449585,-0.09065800160169601,0.7359685897827148,0.6626601219177246,0.7942414879798889,0.05992788076400757,0.7642055153846741,0.5872959494590759,0.769189715385437,-0.023768553510308266,0.7663528919219971,0.7091190814971924,0.8097367882728577,0.0032102521508932114,0.8210795521736145,0.6000707745552063,0.32030344009399414,-0.91438889503479,-0.017484277486801147,-0.11018943041563034,2.6118144392967224,0.32605286687612534,0.6317868828773499,0.3714442253112793,1.6691863536834717,-0.32259318977594376,1.3029009103775024,1.0316774249076843,1.5301302075386047,-0.21695890463888645,1.1906936764717102,0.08443593978881836,0.14217495918273926,-0.9070894913747907,2.639341354370117,0.7881999015808105,3.0,3.0,3.0,3.0,3.0,3.0,3.0,3.0,3.0,3.0,3.0,3.0,3.0,3.0,3.0,3.0,3.0,3.0,3.0,3.0,0.05,0.05,0.05,0.05,0.05,0.05,0.05,0.05,0.05,0.05,0.05,0.05,0.05,0.05,0.05,0.05,0.05,0.05,0.05,0.05,0.0,0.0,0.0,0.0,0.0,0.0,0.0,0.0,0.0,0.0,0.0,0.0,0.0,0.0,0.0,0.0,0.0,0.0,0.0,0.0,0.3809885084629059,0.4859909117221832,0.19703397154808044,-0.07781023532152176,0.7283228039741516,0.04593348875641823,0.7861273884773254,0.5839499235153198,0.8870892524719238,-0.032845839858055115,0.7184102535247803,0.5893420577049255,0.971916913986206,0.09148882329463959,0.7059060335159302,0.6094692945480347,1.095658540725708,0.1458631455898285,0.8057992458343506,0.5540664792060852,-0.4043072462081909,-1.099812239408493,0.3721605986356735,0.007836893200874329,3.1374454498291016,0.5084455013275146,-1.3807818293571472,-0.7655978202819824,2.2237107157707214,0.06790058687329292,-0.30323266983032227,0.29306262731552124,1.24397873878479,-0.2701660618185997,1.615239679813385,0.4220053553581238,0.32203495502471924,-0.5610436201095581,3.9330974221229553,0.5075767636299133,3.0,3.0,3.0,3.0,3.0,3.0,3.0,3.0,3.0,3.0,3.0,3.0,3.0,3.0,3.0,3.0,3.0,3.0,3.0,3.0,0.05,0.05,0.05,0.05,0.05,0.05,0.05,0.05,0.05,0.05,0.05,0.05,0.05,0.05,0.05,0.05,0.05,0.05,0.05,0.05,0.0,0.0,0.0,0.0,0.0,0.0,0.0,0.0,0.0,0.0,0.0,0.0,0.0,0.0,0.0,0.0,0.0,0.0,0.0,0.0
0.5368490815162659,0.32414835691452026,0.36669906973838806,-0.027999738231301308,0.7154012322425842,-0.08766291290521622,0.7555177807807922,0.6742215752601624,0.8221307992935181,0.053262367844581604,0.7997270822525024,0.6102490425109863,0.7978717088699341,-0.027407974004745483,0.7982747554779053,0.7084261178970337,0.813685417175293,-0.012281437404453754,0.8767527341842651,0.6114572286605835,0.5187571048736572,-1.569836586713791,-0.2713598310947418,-0.09183636866509914,2.41597443819046,-0.002092495560646057,1.1854663491249084,0.6469279527664185,1.4507904648780823,-0.33288635313510895,1.9222810864448547,1.086406409740448,1.5971601009368896,-0.20849625580012798,1.7198309302330017,-0.11034756898880005,0.4365116357803345,-0.7500369567424059,2.8274446725845337,0.5055621266365051,3.0,3.0,3.0,3.0,3.0,3.0,3.0,3.0,3.0,3.0,3.0,3.0,3.0,3.0,3.0,3.0,3.0,3.0,3.0,3.0,0.05,0.05,0.05,0.05,0.05,0.05,0.05,0.05,0.05,0.05,0.05,0.05,0.05,0.05,0.05,0.05,0.05,0.05,0.05,0.05,0.0,0.0,0.0,0.0,0.0,0.0,0.0,0.0,0.0,0.0,0.0,0.0,0.0,0.0,0.0,0.0,0.0,0.0,0.0,0.0,0.37455180287361145,0.4573206603527069,0.20271235704421997,-0.07718151807785034,0.7841888666152954,0.053108591586351395,0.7610356211662292,0.5703144669532776,0.9287689328193665,-0.03531770780682564,0.7216479182243347,0.5968308448791504,0.9959647059440613,0.08064355701208115,0.7547189593315125,0.619519829750061,1.0999456644058228,0.12627935409545898,0.8975104093551636,0.5624824166297913,-0.2880886197090149,-1.8821075558662415,0.17644576728343964,0.060234032571315765,2.731861174106598,0.34562647342681885,-0.9530559182167053,-0.548379123210907,1.9127219915390015,-0.09460337460041046,0.35000741481781006,0.3918170928955078,1.2179076671600342,-0.5740873515605927,2.454082667827606,0.4282727837562561,0.5566507577896118,-1.0638982057571411,4.634341597557068,0.4287928342819214,3.0,3.0,3.0,3.0,3.0,3.0,3.0,3.0,3.0,3.0,3.0,3.0,3.0,3.0,3.0,3.0,3.0,3.0,3.0,3.0,0.05,0.05,0.05,0.05,0.05,0.05,0.05,0.05,0.05,0.05,0.05,0.05,0.05,0.05,0.05,0.05,0.05,0.05,0.05,0.05,0.0,0.0,0.0,0.0,0.0,0.0,0.0,0.0,0.0,0.0,0.0,0.0,0.0,0.0,0.0,0.0,0.0,0.0,0.0,0.0
0.5492416620254517,0.2874726951122284,0.35663941502571106,-0.029317816719412804,0.7623869776725769,-0.09074170142412186,0.7833872437477112,0.6885372400283813,0.8522731065750122,0.04661242663860321,0.8410967588424683,0.6307522058486938,0.8330761194229126,-0.032108403742313385,0.8351461291313171,0.7047051787376404,0.827197253704071,-0.026791226118803024,0.9341773390769958,0.6202932596206665,0.32594203948974887,-1.99659466743468,-0.7808148860931327,-0.05138884298503364,2.602021396160112,-0.971578620374193,1.367472112178797,0.05384683609009344,2.0702078938484054,-0.836106110364192,1.8188640475273048,-0.14868676662444236,2.5246083736419482,-0.5376907065510722,1.7068386077880804,-1.683852076530437,1.3464897871017316,-0.7114701671525836,3.0508995056152206,-0.7075116038322338,3.0,3.0,3.0,3.0,3.0,3.0,3.0,3.0,3.0,3.0,3.0,3.0,3.0,3.0,3.0,3.0,3.0,3.0,3.0,3.0,0.05,0.05,0.05,0.05,0.05,0.05,0.05,0.05,0.05,0.05,0.05,0.05,0.05,0.05,0.05,0.05,0.05,0.05,0.05,0.05,0.0,0.0,0.0,0.0,0.0,0.0,0.0,0.0,0.0,0.0,0.0,0.0,0.0,0.0,0.0,0.0,0.0,0.0,0.0,0.0,0.3694649636745453,0.41070660948753357,0.20409180223941803,-0.07540087401866913,0.8375972509384155,0.05975854769349098,0.7480051517486572,0.5620147585868835,0.9635981321334839,-0.03662997484207153,0.7324105501174927,0.6050147414207458,1.0206332206726074,0.06852532923221588,0.8040693402290344,0.6266002058982849,1.1179245710372925,0.10330721735954285,0.9911729097366333,0.5712181925773621,-0.7436744868755271,-2.804913371801357,0.3426752984523773,0.15881434082984786,2.8604120016097827,0.8033701218664573,-0.20706504583359042,-0.3011360764503479,2.1324500441550986,0.1810585148632504,1.1378452181816017,0.4314154386520386,1.6631051898002458,-0.6198102608323057,2.4468734860420116,-0.060616433620450105,1.0137051343917847,-1.6047227196395273,4.713383316993691,0.18617659807205478,3.0,3.0,3.0,3.0,3.0,3.0,3.0,3.0,3.0,3.0,3.0,3.0,3.0,3.0,3.0,3.0,3.0,3.0,3.0,3.0,0.05,0.05,0.05,0.05,0.05,0.05,0.05,0.05,0.05,0.05,0.05,0.05,0.05,0.05,0.05,0.05,0.05,0.05,0.05,0.05,0.0,0.0,0.0,0.0,0.0,0.0,0.0,0.0,0.0,0.0,0.0,0.0,0.0,0.0,0.0,0.0,0.0,0.0,0.0,0.0
0.5498867630958558,0.24428457021713307,0.33546647429466275,-0.030055291950702653,0.8194820880889887,-0.12652605772018394,0.8102166652679441,0.6763754487037661,0.9049391150474543,0.019818123430013924,0.8724816441535946,0.6043015718460086,0.898856043815612,-0.04891560226678837,0.8665482997894285,0.6410720348358162,0.8675450086593622,-0.0407402440905571,0.998788714408874,0.5831567645072941,0.2565771341323825,-2.2397167980670822,-1.3332128524780205,-0.0574760604649777,2.9806897044181686,-1.7361259087920105,1.2285694479942266,-0.8822664618492043,2.9078453779220412,-1.2184585910290426,1.2985929846763555,-1.6148805618286022,3.573539853095986,-0.5772860720753654,1.329100131988517,-3.3788770437240405,2.383294701576219,-0.18723951652646237,2.9863551259040664,-2.133302390575398,3.0,3.0,3.0,3.0,3.0,3.0,3.0,3.0,3.0,3.0,3.0,3.0,3.0,3.0,3.0,3.0,3.0,3.0,3.0,3.0,0.05,0.05,0.05,0.05,0.05,0.05,0.05,0.05,0.05,0.05,0.05,0.05,0.05,0.05,0.05,0.05,0.05,0.05,0.05,0.05,0.0,0.0,0.0,0.0,0.0,0.0,0.0,0.0,0.0,0.0,0.0,0.0,0.0,0.0,0.0,0.0,0.0,0.0,0.0,0.0,0.34480482339859037,0.34512412548065263,0.21641936898231506,-0.07082894444465643,0.8986053466796867,0.08524339646100969,0.7527530193328856,0.5582690238952637,1.0140669345855704,-0.028075367212295622,0.7671617269515988,0.6140874624252319,1.0624889135360711,0.05585114657878892,0.8525938987731929,0.617095172405243,1.1404938697814941,0.062090445309877895,1.0860457420349112,0.5699294805526735,-1.1425912380218464,-3.4040220081806014,0.3260172903537757,0.2837892621755586,3.234204649925215,1.3120633549988217,0.5909964442253057,-0.1674160361289978,2.9229611158370803,0.39955051615834125,1.9493907690048107,0.22831112146377563,2.5069743394851516,-0.7234944030642466,2.2314950823783763,-0.9007737040519631,1.1246740818023626,-2.306121867150056,4.47672903537748,-0.34143328666686457,3.0,3.0,3.0,3.0,3.0,3.0,3.0,3.0,3.0,3.0,3.0,3.0,3.0,3.0,3.0,3.0,3.0,3.0,3.0,3.0,0.05,0.05,0.05,0.05,0.05,0.05,0.05,0.05,0.05,0.05,0.05,0.05,0.05,0.05,0.05,0.05,0.05,0.05,0.05,0.05,0.0,0.0,0.0,0.0,0.0,0.0,0.0,0.0,0.0,0.0,0.0,0.0,0.0,0.0,0.0,0.0,0.0,0.0,0.0,0.0
0.559504747390747,0.1978840231895451,0.30331090092659024,-0.03161685913801191,0.8816145658493036,-0.16018673777580228,0.8325300216674802,0.6532465815544132,0.9685869216918939,-0.002125917002558492,0.8930404782295225,0.5661569833755498,0.976017713546752,-0.055199846625328,0.8883101344108578,0.5695500969886788,0.9225290417671198,-0.03428080677986152,1.0536315441131585,0.5349611639976506,0.39661973714828214,-1.8769066780805712,-1.4395177364349434,-0.11146850883960759,2.7925893664360184,-1.4595232903957465,0.8968338370323237,-1.1767596006393488,3.0387565493583817,-0.9946438949555224,0.9265691041946494,-1.794870197772988,3.72454822063448,-0.2734463661909131,1.0242521762847956,-3.29442024230959,2.8634354472160477,0.31912182457745075,2.7198702096939225,-2.168167382478725,3.0,3.0,3.0,3.0,3.0,3.0,3.0,3.0,3.0,3.0,3.0,3.0,3.0,3.0,3.0,3.0,3.0,3.0,3.0,3.0,0.05,0.05,0.05,0.05,0.05,0.05,0.05,0.05,0.05,0.05,0.05,0.05,0.05,0.05,0.05,0.05,0.05,0.05,0.05,0.05,0.0,0.0,0.0,0.0,0.0,0.0,0.0,0.0,0.0,0.0,0.0,0.0,0.0,0.0,0.0,0.0,0.0,0.0,0.0,0.0,0.32376131415367143,0.2745457291603095,0.21713249385356906,-0.06404930353164678,0.9669654369354241,0.11224108189344385,0.7716450095176695,0.5553181171417236,1.080516576766967,-0.020647954195737884,0.8103861808776851,0.6141471862792969,1.1209121942520135,0.03958555310964602,0.8933291435241695,0.5905692577362064,1.162911534309387,0.011062342673540611,1.1702420711517325,0.5575608611106875,-0.8962251245975563,-3.0371822416782575,-0.027516856789588928,0.27311518788337846,2.9674857854843335,1.0503733530640675,0.676453113555911,-0.4782184958457947,2.997526526451133,0.2521297428756975,1.8735527992248617,-0.46270787715911865,2.565446496009843,-0.7698491215705912,2.017338573932659,-1.639240980148318,0.7097393274307251,-2.2685939446091776,3.995203971862815,-0.8841350674629239,3.0,3.0,3.0,3.0,3.0,3.0,3.0,3.0,3.0,3.0,3.0,3.0,3.0,3.0,3.0,3.0,3.0,3.0,3.0,3.0,0.05,0.05,0.05,0.05,0.05,0.05,0.05,0.05,0.05,0.05,0.05,0.05,0.05,0.05,0.05,0.05,0.05,0.05,0.05,0.05,0.0,0.0,0.0,0.0,0.0,0.0,0.0,0.0,0.0,0.0,0.0,0.0,0.0,0.0,0.0,0.0,0.0,0.0,0.0,0.0
0.5657515525817871,0.16920830309391022,0.277885764837265,-0.03451403230428696,0.9311856627464294,-0.1849069893360138,0.8460900187492371,0.6293050646781921,1.0264893770217896,-0.019967632368206978,0.9095444083213806,0.5325067639350891,1.0478379726409912,-0.059853456914424896,0.9075183868408203,0.5092952251434326,0.9820824265480042,-0.02797537110745907,1.1075835227966309,0.49643006920814514,0.1162379980087308,-1.1590793728828535,-1.1367037892341683,-0.17781052738428169,2.1971017122268814,-0.999638065695771,0.47827512025833685,-1.223026216030129,2.6720494031906292,-0.7821459788829142,0.6985470652580317,-1.6016155481338612,3.4240692853927834,-0.20108912140131152,0.8765518665313804,-2.7994386851787763,2.951775491237654,0.3862464800477045,2.647069096565263,-1.7468392848968617,3.0,3.0,3.0,3.0,3.0,3.0,3.0,3.0,3.0,3.0,3.0,3.0,3.0,3.0,3.0,3.0,3.0,3.0,3.0,3.0,0.05,0.05,0.05,0.05,0.05,0.05,0.05,0.05,0.05,0.05,0.05,0.05,0.05,0.05,0.05,0.05,0.05,0.05,0.05,0.05,0.0,0.0,0.0,0.0,0.0,0.0,0.0,0.0,0.0,0.0,0.0,0.0,0.0,0.0,0.0,0.0,0.0,0.0,0.0,0.0,0.3089558184146881,0.22363683581352234,0.2153186947107315,-0.05990433692932129,1.01730477809906,0.1272583305835724,0.7798111438751221,0.5391402840614319,1.1339679956436157,-0.017990177497267723,0.8421038389205933,0.5955791473388672,1.1651067733764648,0.02505718171596527,0.9332874417304993,0.5515255331993103,1.1688834428787231,-0.028653312474489212,1.2458539009094238,0.5345640778541565,-0.647750496864323,-1.9890755414962935,-0.0854879617691047,0.14242883771658083,2.1337360143661663,0.5178486928343825,0.33682733774185736,-0.890052318572998,2.1756172180175946,0.026005180552602942,1.545010507106792,-0.9915769100189209,1.6063541173935103,-0.6911234231665774,2.1914184093475453,-1.9510805606842123,-0.10846257209777277,-1.7624056898057585,3.4060269594192727,-1.0063901543617304,3.0,3.0,3.0,3.0,3.0,3.0,3.0,3.0,3.0,3.0,3.0,3.0,3.0,3.0,3.0,3.0,3.0,3.0,3.0,3.0,0.05,0.05,0.05,0.05,0.05,0.05,0.05,0.05,0.05,0.05,0.05,0.05,0.05,0.05,0.05,0.05,0.05,0.05,0.05,0.05,0.0,0.0,0.0,0.0,0.0,0.0,0.0,0.0,0.0,0.0,0.0,0.0,0.0,0.0,0.0,0.0,0.0,0.0,0.0,0.0
0.5641542673110962,0.15152084827423096,0.2578427493572235,-0.03872928023338318,0.9694986343383789,-0.20017226040363312,0.8516610264778137,0.604325532913208,1.075468897819519,-0.03341175615787506,0.9209823608398438,0.5020923614501953,1.1129804849624634,-0.06324341148138046,0.923372209072113,0.4575725495815277,1.040600061416626,-0.01883094757795334,1.159514307975769,0.4650875926017761,-0.14779120683670044,-0.8302245289087296,-0.9336952120065689,-0.20473040640354156,1.891086995601654,-0.6256651133298874,0.015157461166381836,-1.5191197395324707,2.4821460247039795,-0.5484747234731913,0.4317760467529297,-1.6209930181503296,3.1500279903411865,-0.04387134686112404,0.6409227848052979,-2.679336816072464,2.699194848537445,0.6885305047035217,2.5514036417007446,-1.692013442516327,3.0,3.0,3.0,3.0,3.0,3.0,3.0,3.0,3.0,3.0,3.0,3.0,3.0,3.0,3.0,3.0,3.0,3.0,3.0,3.0,0.05,0.05,0.05,0.05,0.05,0.05,0.05,0.05,0.05,0.05,0.05,0.05,0.05,0.05,0.05,0.05,0.05,0.05,0.05,0.05,0.0,0.0,0.0,0.0,0.0,0.0,0.0,0.0,0.0,0.0,0.0,0.0,0.0,0.0,0.0,0.0,0.0,0.0,0.0,0.0,0.2978512942790985,0.19498270750045776,0.21371297538280487,-0.05835215002298355,1.0523148775100708,0.13295502960681915,0.7851181030273438,0.5197160243988037,1.167541265487671,-0.019607746973633766,0.8721866011619568,0.57448410987854,1.185166358947754,0.011940616182982922,0.9809858798980713,0.5125260353088379,1.158573031425476,-0.05943388491868973,1.3064831495285034,0.5173052549362183,-0.3737330436706543,-1.116776466369629,-0.1578357070684433,0.026107393205165863,1.4104396104812622,0.11302493512630463,0.2000361680984497,-0.8938208222389221,1.3875484466552734,-0.16408259980380535,1.2860104441642761,-0.9851902723312378,0.7043927907943726,-0.6471274886280298,2.233053743839264,-1.769142597913742,-0.7373780012130737,-1.375799160450697,2.7283161878585815,-0.6179049611091614,3.0,3.0,3.0,3.0,3.0,3.0,3.0,3.0,3.0,3.0,3.0,3.0,3.0,3.0,3.0,3.0,3.0,3.0,3.0,3.0,0.05,0.05,0.05,0.05,0.05,0.05,0.05,0.05,0.05,0.05,0.05,0.05,0.05,0.05,0.05,0.05,0.05,0.05,0.05,0.05,0.0,0.0,0.0,0.0,0.0,0.0,0.0,0.0,0.0,0.0,0.0,0.0,0.0,0.0,0.0,0.0,0.0,0.0,0.0,0.0
0.5598399043083191,0.13599932193756104,0.24053795635700226,-0.04270324856042862,1.0068291425704956,-0.2099335938692093,0.8466963171958923,0.5685402750968933,1.1257752180099487,-0.04190662130713463,0.9268154501914978,0.4676670432090759,1.1738390922546387,-0.06160831078886986,0.9331552982330322,0.40212175250053406,1.090050220489502,-0.00043415091931819916,1.2096396684646606,0.42874953150749207,-0.18572211265563965,-0.6090506911277771,-0.7484201341867447,-0.18090950325131416,1.6635894775390625,-0.30241720378398895,-0.3218799829483032,-1.7152145504951477,2.2918611764907837,-0.44639213010668755,0.18261969089508057,-1.629699021577835,2.7942806482315063,-0.006119348108768463,0.4639431834220886,-2.5416038930416107,2.3732781410217285,0.7519459817558527,2.348989248275757,-1.669863611459732,3.0,3.0,3.0,3.0,3.0,3.0,3.0,3.0,3.0,3.0,3.0,3.0,3.0,3.0,3.0,3.0,3.0,3.0,3.0,3.0,0.05,0.05,0.05,0.05,0.05,0.05,0.05,0.05,0.05,0.05,0.05,0.05,0.05,0.05,0.05,0.05,0.05,0.05,0.05,0.05,0.0,0.0,0.0,0.0,0.0,0.0,0.0,0.0,0.0,0.0,0.0,0.0,0.0,0.0,0.0,0.0,0.0,0.0,0.0,0.0,0.29400649666786194,0.17896577715873718,0.20900526642799377,-0.058860041201114655,1.0737223625183105,0.13177932798862457,0.7878125905990601,0.503387451171875,1.1894699335098267,-0.024553481489419937,0.8935442566871643,0.5561715364456177,1.1932824850082397,-0.0008279178291559219,1.0226095914840698,0.4807598292827606,1.1393883228302002,-0.08368527889251709,1.354986548423767,0.50984787940979,0.07691085338592529,-0.5922939628362656,-0.2661876380443573,-0.04281606525182724,0.8503139019012451,-0.12495219707489014,0.11329799890518188,-0.7276706397533417,0.8889108896255493,-0.28494279831647873,0.7917344570159912,-0.8971482515335083,0.21655261516571045,-0.6394598633050919,1.859155297279358,-1.4495857059955597,-1.0875493288040161,-1.1250058189034462,2.182653546333313,-0.2798989415168762,3.0,3.0,3.0,3.0,3.0,3.0,3.0,3.0,3.0,3.0,3.0,3.0,3.0,3.0,3.0,3.0,3.0,3.0,3.0,3.0,0.05,0.05,0.05,0.05,0.05,0.05,0.05,0.05,0.05,0.05,0.05,0.05,0.05,0.05,0.05,0.05,0.05,0.05,0.05,0.05,0.0,0.0,0.0,0.0,0.0,0.0,0.0,0.0,0.0,0.0,0.0,0.0,0.0,0.0,0.0,0.0,0.0,0.0,0.0,0.0
0.5567253828048706,0.12715882062911987,0.22790594398975372,-0.045965660363435745,1.0360422134399414,-0.21226894855499268,0.8387858271598816,0.5357169508934021,1.1671433448791504,-0.05126744136214256,0.928287148475647,0.4369044005870819,1.2247517108917236,-0.0634881854057312,0.9419299364089966,0.3559083938598633,1.1355311870574951,0.01124689169228077,1.2534738779067993,0.39829304814338684,-0.04387199878692627,-0.42869020253419876,-0.6361652165651321,-0.16070054844021797,1.5626996755599976,-0.06062239408493042,-0.7292717695236206,-1.9308209419250488,2.1595746278762817,-0.41720373556017876,-0.23961663246154785,-1.7482280731201172,2.4176567792892456,-0.16543781384825706,0.3137543797492981,-2.4289116263389587,2.1704137325286865,0.22578362841159105,1.9160091876983643,-1.7767839133739471,3.0,3.0,3.0,3.0,3.0,3.0,3.0,3.0,3.0,3.0,3.0,3.0,3.0,3.0,3.0,3.0,3.0,3.0,3.0,3.0,0.05,0.05,0.05,0.05,0.05,0.05,0.05,0.05,0.05,0.05,0.05,0.05,0.05,0.05,0.05,0.05,0.05,0.05,0.05,0.05,0.0,0.0,0.0,0.0,0.0,0.0,0.0,0.0,0.0,0.0,0.0,0.0,0.0,0.0,0.0,0.0,0.0,0.0,0.0,0.0,0.3009277284145355,0.17129094898700714,0.20306546986103058,-0.06006479263305664,1.0863274335861206,0.12795694172382355,0.789650022983551,0.49060919880867004,1.2030977010726929,-0.031005458906292915,0.9038559794425964,0.5385981798171997,1.1938284635543823,-0.013637778349220753,1.0553520917892456,0.4545426070690155,1.1150710582733154,-0.10443411767482758,1.393789291381836,0.5061092972755432,0.5165442824363708,-0.2523764967918396,-0.2604275941848755,-0.0665491446852684,0.4878014326095581,-0.23887529969215393,0.0754818320274353,-0.5531623959541321,0.5923211574554443,-0.4074031487107277,0.2910226583480835,-0.8371829986572266,-0.11178851127624512,-0.6402643863111734,1.4626741409301758,-1.170496642589569,-1.2739062309265137,-0.9825544431805611,1.7461210489273071,-0.10278970003128052,3.0,3.0,3.0,3.0,3.0,3.0,3.0,3.0,3.0,3.0,3.0,3.0,3.0,3.0,3.0,3.0,3.0,3.0,3.0,3.0,0.05,0.05,0.05,0.05,0.05,0.05,0.05,0.05,0.05,0.05,0.05,0.05,0.05,0.05,0.05,0.05,0.05,0.05,0.05,0.05,0.0,0.0,0.0,0.0,0.0,0.0,0.0,0.0,0.0,0.0,0.0,0.0,0.0,0.0,0.0,0.0,0.0,0.0,0.0,0.0
0.558085024356842,0.11885171383619308,0.21509134769439697,-0.04913127049803734,1.0693371295928955,-0.2123584896326065,0.8175254464149475,0.49130743741989136,1.212158203125,-0.05859477072954178,0.9172307848930359,0.39773792028427124,1.2705453634262085,-0.06822582334280014,0.9457054734230042,0.3049652874469757,1.1768667697906494,0.008597194217145443,1.2862800359725952,0.3576781749725342,-0.04703551530838013,-0.35301223397254944,-0.46762414276599884,-0.14009112492203712,1.4678657054901123,0.02425573766231537,-0.9262502193450928,-2.013368159532547,2.0495474338531494,-0.363874901086092,-0.5691096186637878,-1.8207132816314697,2.0958900451660156,-0.2563241869211197,0.08585900068283081,-2.3808836936950684,1.871064305305481,-0.05809850990772247,1.4385104179382324,-1.9194930791854858,3.0,3.0,3.0,3.0,3.0,3.0,3.0,3.0,3.0,3.0,3.0,3.0,3.0,3.0,3.0,3.0,3.0,3.0,3.0,3.0,0.05,0.05,0.05,0.05,0.05,0.05,0.05,0.05,0.05,0.05,0.05,0.05,0.05,0.05,0.05,0.05,0.05,0.05,0.05,0.05,0.0,0.0,0.0,0.0,0.0,0.0,0.0,0.0,0.0,0.0,0.0,0.0,0.0,0.0,0.0,0.0,0.0,0.0,0.0,0.0,0.3146682679653168,0.1688707172870636,0.19858816266059875,-0.06152200698852539,1.0932344198226929,0.12222431600093842,0.7908318638801575,0.4812609553337097,1.2131627798080444,-0.040849607437849045,0.9051851630210876,0.5226842164993286,1.18881094455719,-0.02643849328160286,1.0811165571212769,0.43393996357917786,1.0884320735931396,-0.12298745661973953,1.4248313903808594,0.5057362914085388,0.5916483700275421,-0.10285340249538422,-0.244918093085289,-0.05471184849739075,0.19936561584472656,-0.38465335965156555,-0.06663799285888672,-0.49733221530914307,0.28766393661499023,-0.5710841622203588,-0.3133431077003479,-0.8963838219642639,-0.32647252082824707,-0.6499551935121417,0.8629471063613892,-1.0807216167449951,-1.4866411685943604,-0.7932867854833603,1.2820184230804443,-0.13411939144134521,3.0,3.0,3.0,3.0,3.0,3.0,3.0,3.0,3.0,3.0,3.0,3.0,3.0,3.0,3.0,3.0,3.0,3.0,3.0,3.0,0.05,0.05,0.05,0.05,0.05,0.05,0.05,0.05,0.05,0.05,0.05,0.05,0.05,0.05,0.05,0.05,0.05,0.05,0.05,0.05,0.0,0.0,0.0,0.0,0.0,0.0,0.0,0.0,0.0,0.0,0.0,0.0,0.0,0.0,0.0,0.0,0.0,0.0,0.0,0.0
0.5548439621925354,0.1130383312702179,0.20920097827911377,-0.05156930536031723,1.094756841659546,-0.21129871904850006,0.8017358183860779,0.4551822245121002,1.2491252422332764,-0.06582243740558624,0.9055227637290955,0.3640758693218231,1.3085873126983643,-0.07374115288257599,0.9453642964363098,0.26067304611206055,1.2103737592697144,0.00892295129597187,1.3110142946243286,0.3215133249759674,-0.11327117681503296,-0.22337734699249268,-0.2204112708568573,-0.11723292991518974,1.0476648807525635,0.05710013210773468,-0.5000293254852295,-1.6524367034435272,1.8242448568344116,-0.30771661549806595,-0.7469236850738525,-1.7052941024303436,1.8835365772247314,-0.2822771668434143,-0.2886667847633362,-2.261260151863098,1.648479700088501,-0.03805903252214193,0.987514853477478,-1.9237175583839417,3.0,3.0,3.0,3.0,3.0,3.0,3.0,3.0,3.0,3.0,3.0,3.0,3.0,3.0,3.0,3.0,3.0,3.0,3.0,3.0,0.05,0.05,0.05,0.05,0.05,0.05,0.05,0.05,0.05,0.05,0.05,0.05,0.05,0.05,0.05,0.05,0.05,0.05,0.05,0.05,0.0,0.0,0.0,0.0,0.0,0.0,0.0,0.0,0.0,0.0,0.0,0.0,0.0,0.0,0.0,0.0,0.0,0.0,0.0,0.0,0.3245936632156372,0.16717681288719177,0.19326874613761902,-0.06225326657295227,1.0943020582199097,0.11257080733776093,0.7869845032691956,0.4707159101963043,1.2146042585372925,-0.05384882539510727,0.8913222551345825,0.5027428269386292,1.1807695627212524,-0.03963598608970642,1.0898699760437012,0.4113137423992157,1.055605411529541,-0.136165589094162,1.4450700283050537,0.5007445216178894,0.3981061279773712,-0.057302042841911316,-0.3908023238182068,-0.0375526025891304,0.06970763206481934,-0.5242183804512024,-0.368693470954895,-0.6419502198696136,0.11082887649536133,-0.7579118944704533,-1.1936396360397339,-1.1897586286067963,-0.3443032503128052,-0.5803104490041733,-0.1032710075378418,-1.275787502527237,-1.5606969594955444,-0.5020713433623314,0.726008415222168,-0.47546103596687317,3.0,3.0,3.0,3.0,3.0,3.0,3.0,3.0,3.0,3.0,3.0,3.0,3.0,3.0,3.0,3.0,3.0,3.0,3.0,3.0,0.05,0.05,0.05,0.05,0.05,0.05,0.05,0.05,0.05,0.05,0.05,0.05,0.05,0.05,0.05,0.05,0.05,0.05,0.05,0.05,0.0,0.0,0.0,0.0,0.0,0.0,0.0,0.0,0.0,0.0,0.0,0.0,0.0,0.0,0.0,0.0,0.0,0.0,0.0,0.0
0.5535541772842407,0.10991661995649338,0.20627489686012268,-0.05382058769464493,1.111243724822998,-0.21007448434829712,0.7975242733955383,0.42520996928215027,1.2851279973983765,-0.07090343534946442,0.8873538374900818,0.3295261561870575,1.3458868265151978,-0.07951691001653671,0.9341588020324707,0.21451488137245178,1.2428059577941895,0.007074832916259766,1.3257806301116943,0.2807294726371765,-0.11264383792877197,-0.1584494486451149,-0.0982377678155899,-0.10223444551229477,0.6324201822280884,-0.01398138701915741,-0.1766100525856018,-1.3816267251968384,1.595202088356018,-0.2245107665657997,-0.8558884263038635,-1.5873715281486511,1.6615867614746094,-0.21349824965000153,-0.5680516362190247,-2.1313268691301346,1.4867961406707764,-0.13018166064284742,0.6439894437789917,-1.9055955111980438,3.0,3.0,3.0,3.0,3.0,3.0,3.0,3.0,3.0,3.0,3.0,3.0,3.0,3.0,3.0,3.0,3.0,3.0,3.0,3.0,0.05,0.05,0.05,0.05,0.05,0.05,0.05,0.05,0.05,0.05,0.05,0.05,0.05,0.05,0.05,0.05,0.05,0.05,0.05,0.05,0.0,0.0,0.0,0.0,0.0,0.0,0.0,0.0,0.0,0.0,0.0,0.0,0.0,0.0,0.0,0.0,0.0,0.0,0.0,0.0,0.3305925130844116,0.16657863557338715,0.18295606970787048,-0.0630241110920906,1.0960227251052856,0.10125558078289032,0.7760841250419617,0.45558294653892517,1.2175959348678589,-0.07116608321666718,0.8574395775794983,0.47509387135505676,1.1750388145446777,-0.04965091124176979,1.0769857168197632,0.3829084634780884,1.0260041952133179,-0.1430703103542328,1.453871726989746,0.4867178499698639,0.18950775265693665,-0.16355402767658234,-0.4206392914056778,-0.02376176416873932,-0.22447705268859863,-0.5562163889408112,-0.7068797945976257,-0.7913589477539062,0.059407949447631836,-0.8761072531342506,-1.740853488445282,-1.3439483940601349,-0.28730928897857666,-0.450395792722702,-0.7622748613357544,-1.3683132827281952,-1.3330668210983276,-0.2866685390472412,0.31255781650543213,-0.7246449589729309,3.0,3.0,3.0,3.0,3.0,3.0,3.0,3.0,3.0,3.0,3.0,3.0,3.0,3.0,3.0,3.0,3.0,3.0,3.0,3.0,0.05,0.05,0.05,0.05,0.05,0.05,0.05,0.05,0.05,0.05,0.05,0.05,0.05,0.05,0.05,0.05,0.05,0.05,0.05,0.05,0.0,0.0,0.0,0.0,0.0,0.0,0.0,0.0,0.0,0.0,0.0,0.0,0.0,0.0,0.0,0.0,0.0,0.0,0.0,0.0
0.5503382086753845,0.1067003533244133,0.20527146756649017,-0.05565868318080902,1.1200536489486694,-0.21185797452926636,0.7946714162826538,0.3999171555042267,1.312933325767517,-0.07480286806821823,0.8712872266769409,0.3005810081958771,1.3750507831573486,-0.08228108286857605,0.9226422309875488,0.17541997134685516,1.2698456048965454,0.0037156848702579737,1.3367738723754883,0.24528950452804565,-0.08223801851272583,-0.22377874702215195,-0.07058531045913696,-0.07809065282344818,0.267559289932251,-0.2006933093070984,-0.10699927806854248,-1.1400744318962097,1.2091517448425293,-0.26097390800714493,-0.694391131401062,-1.2890197336673737,1.3793140649795532,-0.17488915473222733,-0.4619881510734558,-1.745656132698059,1.2763798236846924,-0.15881004510447383,0.5706369876861572,-1.5941232442855835,3.0,3.0,3.0,3.0,3.0,3.0,3.0,3.0,3.0,3.0,3.0,3.0,3.0,3.0,3.0,3.0,3.0,3.0,3.0,3.0,0.05,0.05,0.05,0.05,0.05,0.05,0.05,0.05,0.05,0.05,0.05,0.05,0.05,0.05,0.05,0.05,0.05,0.05,0.05,0.05,0.0,0.0,0.0,0.0,0.0,0.0,0.0,0.0,0.0,0.0,0.0,0.0,0.0,0.0,0.0,0.0,0.0,0.0,0.0,0.0,0.3321739733219147,0.16063465178012848,0.1764431744813919,-0.06320373713970184,1.0853229761123657,0.09032215178012848,0.7587093114852905,0.43906155228614807,1.2169805765151978,-0.0888931155204773,0.8216881155967712,0.44898489117622375,1.1692771911621094,-0.0576518177986145,1.059378981590271,0.3565812110900879,1.002282738685608,-0.14763233065605164,1.457572340965271,0.47175872325897217,-0.014446675777435303,-0.22426657378673553,-0.21057464182376862,0.009172968566417694,-0.9721457958221436,-0.6620807573199272,-1.086379587650299,-0.8707247674465179,0.05201995372772217,-0.6712917238473892,-1.6530796885490417,-1.1831551790237427,-0.12097954750061035,-0.30623236671090126,-0.8195787668228149,-1.1950194835662842,-0.9587213397026062,-0.2251308411359787,0.19656717777252197,-0.6961651146411896,3.0,3.0,3.0,3.0,3.0,3.0,3.0,3.0,3.0,3.0,3.0,3.0,3.0,3.0,3.0,3.0,3.0,3.0,3.0,3.0,0.05,0.05,0.05,0.05,0.05,0.05,0.05,0.05,0.05,0.05,0.05,0.05,0.05,0.05,0.05,0.05,0.05,0.05,0.05,0.05,0.0,0.0,0.0,0.0,0.0,0.0,0.0,0.0,0.0,0.0,0.0,0.0,0.0,0.0,0.0,0.0,0.0,0.0,0.0,0.0
0.5502646565437317,0.1009654700756073,0.2034514844417572,-0.056944213807582855,1.121946096420288,-0.21810221672058105,0.7932443022727966,0.3796069920063019,1.3334940671920776,-0.08134239166975021,0.8595781922340393,0.27796536684036255,1.4010593891143799,-0.0865124762058258,0.9156792759895325,0.14468863606452942,1.2938611507415771,0.0007224311120808125,1.3486061096191406,0.21696454286575317,-0.08195191621780396,-0.31450651586055756,-0.057356804609298706,-0.04999581724405289,-0.14832019805908203,-0.5182504653930664,0.1588761806488037,-0.8585251867771149,0.8103042840957642,-0.4674237221479416,-0.32901614904403687,-0.9334422647953033,1.1980324983596802,-0.3140512853860855,-0.17461180686950684,-1.3682711869478226,1.0267078876495361,-0.22081370116211474,0.7037371397018433,-1.3128586113452911,3.0,3.0,3.0,3.0,3.0,3.0,3.0,3.0,3.0,3.0,3.0,3.0,3.0,3.0,3.0,3.0,3.0,3.0,3.0,3.0,0.05,0.05,0.05,0.05,0.05,0.05,0.05,0.05,0.05,0.05,0.05,0.05,0.05,0.05,0.05,0.05,0.05,0.05,0.05,0.05,0.0,0.0,0.0,0.0,0.0,0.0,0.0,0.0,0.0,0.0,0.0,0.0,0.0,0.0,0.0,0.0,0.0,0.0,0.0,0.0,0.3300146460533142,0.15760797262191772,0.17453308403491974,-0.0626571923494339,1.0571368932724,0.07477235049009323,0.7326289415359497,0.42075395584106445,1.2196767330169678,-0.09801775217056274,0.7913163900375366,0.42776766419410706,1.1701996326446533,-0.06190020591020584,1.0442025661468506,0.335107684135437,0.9876553416252136,-0.15207554399967194,1.461734414100647,0.4588712453842163,-0.23564696311950684,-0.08961781859397888,0.013258308172225952,0.01823361963033676,-1.7739593982696533,-0.8680626749992371,-1.5040069818496704,-0.949878990650177,0.14317035675048828,-0.3069840371608734,-1.384378969669342,-0.9354859590530396,0.13596415519714355,-0.10290732607245445,-0.7204979658126831,-0.9736612439155579,-0.5125418305397034,-0.22351890802383423,0.23886561393737793,-0.5914464592933655,3.0,3.0,3.0,3.0,3.0,3.0,3.0,3.0,3.0,3.0,3.0,3.0,3.0,3.0,3.0,3.0,3.0,3.0,3.0,3.0,0.05,0.05,0.05,0.05,0.05,0.05,0.05,0.05,0.05,0.05,0.05,0.05,0.05,0.05,0.05,0.05,0.05,0.05,0.05,0.05,0.0,0.0,0.0,0.0,0.0,0.0,0.0,0.0,0.0,0.0,0.0,0.0,0.0,0.0,0.0,0.0,0.0,0.0,0.0,0.0
0.5470601320266724,0.094120092689991,0.20297719538211823,-0.057658515870571136,1.1141208410263062,-0.232587993144989,0.801026463508606,0.3655761480331421,1.3453454971313477,-0.0934998169541359,0.8581265807151794,0.26324331760406494,1.4229720830917358,-0.09484313428401947,0.9156577587127686,0.12068912386894226,1.3109139204025269,-0.005116863176226616,1.364923357963562,0.192775160074234,-0.3366470336914035,-0.3627503290772431,0.02296119928359916,-0.012784730643034155,-0.7955342531204168,-0.40700770914554596,0.17762184143066684,-0.7118009030818884,0.27817487716674805,-0.49298293888568806,-0.15989840030670166,-0.690010190010068,0.7691890001297053,-0.3423092886805524,-0.029182434082034026,-1.086381636559959,0.582846999168396,-0.29812395805492814,0.6555318832397405,-1.1356391012668554,3.0,3.0,3.0,3.0,3.0,3.0,3.0,3.0,3.0,3.0,3.0,3.0,3.0,3.0,3.0,3.0,3.0,3.0,3.0,3.0,0.05,0.05,0.05,0.05,0.05,0.05,0.05,0.05,0.05,0.05,0.05,0.05,0.05,0.05,0.05,0.05,0.05,0.05,0.05,0.05,0.0,0.0,0.0,0.0,0.0,0.0,0.0,0.0,0.0,0.0,0.0,0.0,0.0,0.0,0.0,0.0,0.0,0.0,0.0,0.0,0.3227480947971344,0.15704993903636932,0.17697350680828094,-0.06247439235448837,1.0143646001815796,0.055599644780159,0.6985490322113037,0.401066392660141,1.2227073907852173,-0.10117247700691223,0.7663129568099976,0.4115654528141022,1.1747157573699951,-0.06176811084151268,1.0305590629577637,0.3176347613334656,0.9817810654640198,-0.156573086977005,1.4671269655227661,0.44810086488723755,-0.399233400821683,0.22346265614032398,0.3371451050043071,-0.0006735324859619141,-2.20805853605269,-0.8315164595842328,-1.7269700765609657,-0.9430527687072712,0.0010848045349121094,-0.007169693708420841,-1.19384676218032,-0.7171623408794361,0.034990906715393066,0.033844355493783604,-0.824311375617981,-0.8572608232498113,-0.5957573652267373,-0.21698176860809187,-0.1049429178237915,-0.678056478500362,3.0,3.0,3.0,3.0,3.0,3.0,3.0,3.0,3.0,3.0,3.0,3.0,3.0,3.0,3.0,3.0,3.0,3.0,3.0,3.0,0.05,0.05,0.05,0.05,0.05,0.05,0.05,0.05,0.05,0.05,0.05,0.05,0.05,0.05,0.05,0.05,0.05,0.05,0.05,0.05,0.0,0.0,0.0,0.0,0.0,0.0,0.0,0.0,0.0,0.0,0.0,0.0,0.0,0.0,0.0,0.0,0.0,0.0,0.0,0.0
0.5367987751960756,0.08645545691251758,0.20436993241310117,-0.05745560303330422,1.0901247262954714,-0.2343825250864029,0.8003491759300233,0.35113495588302635,1.3446210622787476,-0.10106170922517774,0.8531822562217712,0.25036495923995983,1.431826949119568,-0.1002048477530479,0.9145119786262511,0.10123337060213106,1.317175030708313,-0.011202527210116314,1.3748273849487302,0.17153897881507896,-0.7352724671363775,-0.22860616445541382,0.15187188982963423,0.024756602942943226,-1.6434848308563121,0.31175874173640716,-0.3225803375244085,-0.758022069931026,-0.30709207057952326,-0.2550126984715462,-0.27924180030822476,-0.557267665863035,0.06082355976104736,-0.22695343941450083,-0.07365643978118896,-0.8475953713059398,-0.10926127433776855,-0.3405183553695656,0.26595592498779297,-1.0156773030757855,3.0,3.0,3.0,3.0,3.0,3.0,3.0,3.0,3.0,3.0,3.0,3.0,3.0,3.0,3.0,3.0,3.0,3.0,3.0,3.0,0.05,0.05,0.05,0.05,0.05,0.05,0.05,0.05,0.05,0.05,0.05,0.05,0.05,0.05,0.05,0.05,0.05,0.05,0.05,0.05,0.0,0.0,0.0,0.0,0.0,0.0,0.0,0.0,0.0,0.0,0.0,0.0,0.0,0.0,0.0,0.0,0.0,0.0,0.0,0.0,0.3140453100204469,0.16654647886753068,0.18801888823509202,-0.06268413364887238,0.9688145518302923,0.04151169210672392,0.6635501384735111,0.3830318450927736,1.2197201251983643,-0.09830453991889958,0.7435625195503238,0.3990811705589296,1.171599268913269,-0.0605464316904545,1.0112301111221313,0.30081725120544456,0.9638250470161441,-0.1607548147439956,1.4575366973876953,0.4317489862442018,-0.4214480519294725,0.6289590150117825,0.6359420716762494,0.03413362428545917,-2.3332849144935497,-0.5983249284327009,-1.7272606492042457,-0.8494816720485645,-0.31667053699492853,0.21282434463500802,-1.1235475540161077,-0.5665265023708316,-0.399255752563471,0.05159620195627195,-1.1202082037925636,-0.8218206465244251,-1.1886477470397838,-0.1657351851463318,-0.8749127388000377,-0.9618654847145011,3.0,3.0,3.0,3.0,3.0,3.0,3.0,3.0,3.0,3.0,3.0,3.0,3.0,3.0,3.0,3.0,3.0,3.0,3.0,3.0,0.05,0.05,0.05,0.05,0.05,0.05,0.05,0.05,0.05,0.05,0.05,0.05,0.05,0.05,0.05,0.05,0.05,0.05,0.05,0.05,0.0,0.0,0.0,0.0,0.0,0.0,0.0,0.0,0.0,0.0,0.0,0.0,0.0,0.0,0.0,0.0,0.0,0.0,0.0,0.0
0.5176492333412173,0.08497584611177444,0.2090520709753036,-0.05666825175285341,1.0483814477920537,-0.22011764347553273,0.7881232500076296,0.33525526523590105,1.3330618143081667,-0.10370032489299774,0.8469569087028505,0.24095261096954354,1.4254050254821777,-0.1039212718605995,0.912711501121521,0.08678530901670467,1.3065434694290161,-0.01873759739100924,1.3755615949630737,0.1521480679512026,-1.0022766888141659,0.14301706105470588,0.34747458994388647,0.048322230577469046,-2.3139849305152946,0.8937232196331024,-0.8493766188621549,-0.7982254028320368,-0.8619815111160278,0.01004897058010032,-0.300772488117218,-0.3486480563879041,-0.8112430572509821,-0.10004825890064344,-0.11159777641296109,-0.5846997722983401,-0.8782655000686646,-0.4085682798177022,-0.14791488647460382,-0.9021900594234522,3.0,3.0,3.0,3.0,3.0,3.0,3.0,3.0,3.0,3.0,3.0,3.0,3.0,3.0,3.0,3.0,3.0,3.0,3.0,3.0,0.05,0.05,0.05,0.05,0.05,0.05,0.05,0.05,0.05,0.05,0.05,0.05,0.05,0.05,0.05,0.05,0.05,0.05,0.05,0.05,0.0,0.0,0.0,0.0,0.0,0.0,0.0,0.0,0.0,0.0,0.0,0.0,0.0,0.0,0.0,0.0,0.0,0.0,0.0,0.0,0.3058901727199555,0.18220829963684063,0.20241118967533092,-0.061109047383070006,0.9210332036018376,0.03166664764285096,0.6294586062431339,0.3670871257781984,1.2100405693054201,-0.09265950322151191,0.7213710546493532,0.3889043927192689,1.1587455272674563,-0.0597042627632618,0.9857507348060611,0.28476193547248857,0.9342351555824284,-0.16320249438285828,1.4321304559707646,0.4096262454986575,-0.27568936347961703,0.9867679327726399,0.8090846240520512,0.06534392014145851,-2.3245409131050248,-0.41628223843872875,-1.604379713535317,-0.7177889347076457,-0.5763024091720581,0.30452478677034484,-1.0309413075447165,-0.42672753334045826,-0.7445782423019409,0.046020466834307064,-1.299862563610077,-0.7224448025226649,-1.5081644058227621,-0.07304586470127244,-1.4976710081100464,-1.1697284877300305,3.0,3.0,3.0,3.0,3.0,3.0,3.0,3.0,3.0,3.0,3.0,3.0,3.0,3.0,3.0,3.0,3.0,3.0,3.0,3.0,0.05,0.05,0.05,0.05,0.05,0.05,0.05,0.05,0.05,0.05,0.05,0.05,0.05,0.05,0.05,0.05,0.05,0.05,0.05,0.05,0.0,0.0,0.0,0.0,0.0,0.0,0.0,0.0,0.0,0.0,0.0,0.0,0.0,0.0,0.0,0.0,0.0,0.0,0.0,0.0
0.4967077076435089,0.09217613935470581,0.21826891601085663,-0.05552271381020546,0.9975653290748596,-0.1986335963010788,0.7663741111755371,0.3192059397697449,1.3101418018341064,-0.10065975040197372,0.8411513566970825,0.23641903698444366,1.3993772268295288,-0.10420677810907364,0.9100480675697327,0.07784537971019745,1.2820444107055664,-0.027545258402824402,1.368910789489746,0.13545137643814087,-0.8731074631214197,0.6557056680321693,0.5590092390775694,0.053095258772373546,-2.454979717731487,1.0983984917402316,-1.2334302067756708,-0.7002182304859202,-1.3855338096618708,0.33102110028266907,-0.07687509059906283,0.11008232831954748,-1.8520921468734741,0.1446371898055073,0.09187757968902588,-0.04244931042194644,-1.5016883611679077,-0.30468637123704184,-0.29398202896118164,-0.5885135382413913,3.0,3.0,3.0,3.0,3.0,3.0,3.0,3.0,3.0,3.0,3.0,3.0,3.0,3.0,3.0,3.0,3.0,3.0,3.0,3.0,0.05,0.05,0.05,0.05,0.05,0.05,0.05,0.05,0.05,0.05,0.05,0.05,0.05,0.05,0.05,0.05,0.05,0.05,0.05,0.05,0.0,0.0,0.0,0.0,0.0,0.0,0.0,0.0,0.0,0.0,0.0,0.0,0.0,0.0,0.0,0.0,0.0,0.0,0.0,0.0,0.3030177354812622,0.20601719617843628,0.22038227319717407,-0.060070376843214035,0.8758329153060913,0.024860402569174767,0.5993749499320984,0.3543202877044678,1.196668028831482,-0.08612354844808578,0.7023248672485352,0.3820120692253113,1.1418161392211914,-0.058705613017082214,0.9592356085777283,0.27191945910453796,0.9034984707832336,-0.1636766493320465,1.3976298570632935,0.3849598467350006,0.29394328594207625,1.4179635792970706,0.8019279688596774,0.008386373519897808,-2.196533977985393,-0.3741800785064718,-1.2922853231430136,-0.42539685964584767,-0.7796049118042048,0.23218523710966282,-0.5509048700332697,0.005530565977093782,-0.8734643459320124,0.0648735091090204,-1.1921703815460287,-0.32360330224037587,-1.0902345180511586,0.10318942368030548,-2.087131142616283,-1.363975554704673,3.0,3.0,3.0,3.0,3.0,3.0,3.0,3.0,3.0,3.0,3.0,3.0,3.0,3.0,3.0,3.0,3.0,3.0,3.0,3.0,0.05,0.05,0.05,0.05,0.05,0.05,0.05,0.05,0.05,0.05,0.05,0.05,0.05,0.05,0.05,0.05,0.05,0.05,0.05,0.05,0.0,0.0,0.0,0.0,0.0,0.0,0.0,0.0,0.0,0.0,0.0,0.0,0.0,0.0,0.0,0.0,0.0,0.0,0.0,0.0
0.4827249348163605,0.11120407283306122,0.23141244053840637,-0.054544441401958466,0.9501822590827942,-0.17618170380592346,0.7387860417366028,0.30724653601646423,1.277640461921692,-0.09045948088169098,0.8438819050788879,0.24535590410232544,1.3513213396072388,-0.09813578426837921,0.916386604309082,0.08508733659982681,1.2464759349822998,-0.030925052240490913,1.3638023138046265,0.12860752642154694,-0.7004104554653168,0.9728368371725082,0.6321016699075699,0.09083272889256477,-2.4473994970321655,0.8976567536592484,-1.5027135610580444,-0.62418133020401,-1.7084836959838867,0.5500627681612968,0.011317431926727295,0.4131060093641281,-2.591082453727722,0.45323446393013,0.1519516110420227,0.3679409623146057,-1.982027292251587,-0.08492628112435341,-0.46392083168029785,-0.3599902614951134,3.0,3.0,3.0,3.0,3.0,3.0,3.0,3.0,3.0,3.0,3.0,3.0,3.0,3.0,3.0,3.0,3.0,3.0,3.0,3.0,0.05,0.05,0.05,0.05,0.05,0.05,0.05,0.05,0.05,0.05,0.05,0.05,0.05,0.05,0.05,0.05,0.05,0.05,0.05,0.05,0.0,0.0,0.0,0.0,0.0,0.0,0.0,0.0,0.0,0.0,0.0,0.0,0.0,0.0,0.0,0.0,0.0,0.0,0.0,0.0,0.31764790415763855,0.23892684280872345,0.23448830842971802,-0.060773592442274094,0.8331718444824219,0.016699444502592087,0.5777671933174133,0.3500712513923645,1.178856372833252,-0.0833720937371254,0.6993348598480225,0.38912561535835266,1.1238069534301758,-0.057109322398900986,0.93806391954422,0.27181780338287354,0.8906257748603821,-0.15907491743564606,1.3486452102661133,0.3550672233104706,1.0465167462825775,1.8116354942321777,0.6617508828639984,-0.03026416525244713,-1.9011974334716797,-0.29047189746052027,-0.8621871471405029,-0.0662192702293396,-0.8431673049926758,0.1097625121474266,0.1543283462524414,0.549384206533432,-0.8894771337509155,0.04504341632127762,-0.871199369430542,0.19330009818077087,-0.4646226763725281,0.20462051033973694,-2.5097399950027466,-1.4544032514095306,3.0,3.0,3.0,3.0,3.0,3.0,3.0,3.0,3.0,3.0,3.0,3.0,3.0,3.0,3.0,3.0,3.0,3.0,3.0,3.0,0.05,0.05,0.05,0.05,0.05,0.05,0.05,0.05,0.05,0.05,0.05,0.05,0.05,0.05,0.05,0.05,0.05,0.05,0.05,0.05,0.0,0.0,0.0,0.0,0.0,0.0,0.0,0.0,0.0,0.0,0.0,0.0,0.0,0.0,0.0,0.0,0.0,0.0,0.0,0.0
0.46869128942489624,0.13108961284160614,0.24355298280715942,-0.05188940465450287,0.899669349193573,-0.16272732615470886,0.7062655687332153,0.2942386865615845,1.241802453994751,-0.07865723967552185,0.8416040539741516,0.2529432773590088,1.29573392868042,-0.08607739955186844,0.9161261320114136,0.09256301820278168,1.202763319015503,-0.030942309647798538,1.3503539562225342,0.12105176597833633,0.07657483220100403,1.520438864827156,0.4947260022163391,0.14543309807777405,-2.096918225288391,0.5621906369924545,-1.5827760100364685,-0.5943678319454193,-1.4644831418991089,0.34408923238515854,0.2258509397506714,0.5936771631240845,-2.397868037223816,0.2941230311989784,0.3898799419403076,0.6852125748991966,-1.6898870468139648,-0.10349391959607601,-0.16881227493286133,-0.019477680325508118,3.0,3.0,3.0,3.0,3.0,3.0,3.0,3.0,3.0,3.0,3.0,3.0,3.0,3.0,3.0,3.0,3.0,3.0,3.0,3.0,0.05,0.05,0.05,0.05,0.05,0.05,0.05,0.05,0.05,0.05,0.05,0.05,0.05,0.05,0.05,0.05,0.05,0.05,0.05,0.05,0.0,0.0,0.0,0.0,0.0,0.0,0.0,0.0,0.0,0.0,0.0,0.0,0.0,0.0,0.0,0.0,0.0,0.0,0.0,0.0,0.3448784053325653,0.2784826159477234,0.246852308511734,-0.06128094345331192,0.7997850179672241,0.013241526670753956,0.5648874640464783,0.3516715168952942,1.162941336631775,-0.08173304796218872,0.7084980010986328,0.40398743748664856,1.1062370538711548,-0.05690387636423111,0.9243876338005066,0.2796514630317688,0.8849135637283325,-0.15549182891845703,1.2972402572631836,0.3267837166786194,1.3908922672271729,2.1872881799936295,0.8874386548995972,0.008862465620040894,-1.3101086020469666,-0.16709091141819954,-0.4784092307090759,0.15108957886695862,-0.6979703903198242,0.15661455690860748,0.6543710827827454,0.8553855121135712,-0.68989098072052,0.12573422864079475,-0.43837279081344604,0.5871474742889404,0.04624128341674805,0.3781527280807495,-2.1909505128860474,-1.1302731931209564,3.0,3.0,3.0,3.0,3.0,3.0,3.0,3.0,3.0,3.0,3.0,3.0,3.0,3.0,3.0,3.0,3.0,3.0,3.0,3.0,0.05,0.05,0.05,0.05,0.05,0.05,0.05,0.05,0.05,0.05,0.05,0.05,0.05,0.05,0.05,0.05,0.05,0.05,0.05,0.05,0.0,0.0,0.0,0.0,0.0,0.0,0.0,0.0,0.0,0.0,0.0,0.0,0.0,0.0,0.0,0.0,0.0,0.0,0.0,0.0
0.48578792810440063,0.17202162742614746,0.25120148062705994,-0.048727117478847504,0.8663055300712585,-0.15369407832622528,0.675475001335144,0.28347182273864746,1.2190611362457275,-0.07669591158628464,0.8529159426689148,0.2691029906272888,1.2554066181182861,-0.08637086302042007,0.9319818019866943,0.11249583959579468,1.1788804531097412,-0.035064809024333954,1.357049822807312,0.1278284192085266,-1.7640233039855957,4.181328788399696,1.3792313635349274,3.9704130962491035,-1.0427892208099365,0.5900852382183075,-1.3913005590438843,-0.37948787212371826,-1.1602312326431274,0.36484021693468094,1.3956531882286072,1.2807652354240417,-1.8153995275497437,0.05821697413921356,1.7521128058433533,1.6517698764801025,-0.6707251071929932,-0.05489690229296684,0.9374529123306274,1.0513382032513618,3.0,3.0,3.0,3.0,3.0,3.0,3.0,3.0,3.0,3.0,3.0,3.0,3.0,3.0,3.0,3.0,3.0,3.0,3.0,3.0,0.05,0.05,0.05,0.05,0.05,0.05,0.05,0.05,0.05,0.05,0.05,0.05,0.05,0.05,0.05,0.05,0.05,0.05,0.05,0.05,0.0,0.0,0.0,0.0,0.0,0.0,0.0,0.0,0.0,0.0,0.0,0.0,0.0,0.0,0.0,0.0,0.0,0.0,0.0,0.0,0.37328359484672546,0.32641837000846863,0.2699858546257019,-0.06041909381747246,0.7807675004005432,0.010015808045864105,0.5586308240890503,0.35611483454704285,1.150937557220459,-0.0771075114607811,0.7255097031593323,0.4233410358428955,1.096211314201355,-0.052079953253269196,0.9205290079116821,0.29530370235443115,0.892475426197052,-0.14394880831241608,1.2610071897506714,0.3098562955856323,0.9039267897605896,2.9442310333251953,1.1732913553714752,0.26517054066061974,-0.33140331506729126,-0.06722195539623499,-0.14083832502365112,0.2594597637653351,-0.39944350719451904,0.37242863327264786,1.1367544531822205,1.145874708890915,-0.1551598310470581,0.40836455300450325,0.1948133111000061,1.0885253548622131,0.5936518311500549,0.7804209366440773,-1.365920901298523,-0.46860724687576294,3.0,3.0,3.0,3.0,3.0,3.0,3.0,3.0,3.0,3.0,3.0,3.0,3.0,3.0,3.0,3.0,3.0,3.0,3.0,3.0,0.05,0.05,0.05,0.05,0.05,0.05,0.05,0.05,0.05,0.05,0.05,0.05,0.05,0.05,0.05,0.05,0.05,0.05,0.05,0.05,0.0,0.0,0.0,0.0,0.0,0.0,0.0,0.0,0.0,0.0,0.0,0.0,0.0,0.0,0.0,0.0,0.0,0.0,0.0,0.0
0.3981303572654724,0.298342764377594,0.2987222373485565,0.10692711919546127,0.8579577803611755,-0.13912391662597656,0.65061354637146,0.27905917167663574,1.1953932046890259,-0.06406363099813461,0.8974301815032959,0.30417388677597046,1.2231179475784302,-0.0837487205862999,0.9862106442451477,0.15863381326198578,1.1759343147277832,-0.03313818573951721,1.3878520727157593,0.1631052941083908,-2.841056138277054,5.734129995107651,1.9290409982204437,6.55514020472765,-0.9840250015258789,0.7564527913928032,-0.4691511392593384,0.37907958030700684,-1.5046268701553345,0.9809486567974091,3.975324332714081,2.673839032649994,-1.8205314874649048,0.7690180093050003,4.092243313789368,3.711193799972534,-0.16908645629882812,0.8765083737671375,1.5757948160171509,4.117579013109207,3.0,3.0,3.0,3.0,3.0,3.0,3.0,3.0,3.0,3.0,3.0,3.0,3.0,3.0,3.0,3.0,3.0,3.0,3.0,3.0,0.05,0.05,0.05,0.05,0.05,0.05,0.05,0.05,0.05,0.05,0.05,0.05,0.05,0.05,0.05,0.05,0.05,0.05,0.05,0.05,0.0,0.0,0.0,0.0,0.0,0.0,0.0,0.0,0.0,0.0,0.0,0.0,0.0,0.0,0.0,0.0,0.0,0.0,0.0,0.0,0.3810354769229889,0.3962518572807312,0.293783962726593,-0.05067412182688713,0.7865288853645325,0.010552648454904556,0.5592539310455322,0.3620499074459076,1.1469635963439941,-0.0668359026312828,0.7539681792259216,0.44982242584228516,1.1000306606292725,-0.04056929424405098,0.9321801662445068,0.3231924772262573,0.9086596369743347,-0.12427499145269394,1.2426034212112427,0.30803942680358887,0.5730018019676208,3.159548342227936,1.1086814105510712,1.6423508524894714,0.6932452321052551,0.05917586386203766,-0.08437931537628174,0.1706838607788086,-0.014799833297729492,0.5393743515014648,1.6383841633796692,1.4811500906944275,0.3262817859649658,0.640296284109354,0.8698821067810059,1.675465703010559,1.1189013719558716,1.1282501742243767,-0.3265887498855591,0.35505741834640503,3.0,3.0,3.0,3.0,3.0,3.0,3.0,3.0,3.0,3.0,3.0,3.0,3.0,3.0,3.0,3.0,3.0,3.0,3.0,3.0,0.05,0.05,0.05,0.05,0.05,0.05,0.05,0.05,0.05,0.05,0.05,0.05,0.05,0.05,0.05,0.05,0.05,0.05,0.05,0.05,0.0,0.0,0.0,0.0,0.0,0.0,0.0,0.0,0.0,0.0,0.0,0.0,0.0,0.0,0.0,0.0,0.0,0.0,0.0,0.0
0.3721456825733185,0.4013868272304535,0.3283631205558777,0.21347849071025848,0.8269445300102234,-0.12343596667051315,0.6567089557647705,0.29863500595092773,1.1588760614395142,-0.037457965314388275,1.011928915977478,0.3760565519332886,1.18258535861969,-0.05561014264822006,1.095671534538269,0.26094359159469604,1.172116994857788,-4.474073648452759e-06,1.420081615447998,0.2925315797328949,0.549875944852829,3.4637413918972015,0.874396413564682,3.914194740355015,-1.3135239481925964,0.5750617012381554,0.5918696522712708,1.1670701205730438,-1.4522016048431396,1.222924841567874,5.55882453918457,4.164198786020279,-1.243719458580017,1.1269360780715942,5.001665651798248,5.419764295220375,0.6908029317855835,1.307244086638093,1.4503300189971924,6.892706081271172,3.0,3.0,3.0,3.0,3.0,3.0,3.0,3.0,3.0,3.0,3.0,3.0,3.0,3.0,3.0,3.0,3.0,3.0,3.0,3.0,0.05,0.05,0.05,0.05,0.05,0.05,0.05,0.05,0.05,0.05,0.05,0.05,0.05,0.05,0.05,0.05,0.05,0.05,0.05,0.05,0.0,0.0,0.0,0.0,0.0,0.0,0.0,0.0,0.0,0.0,0.0,0.0,0.0,0.0,0.0,0.0,0.0,0.0,0.0,0.0,0.3962036669254303,0.45280030369758606,0.31433311104774475,0.0052749402821063995,0.8084973096847534,0.012382842600345612,0.555255651473999,0.3629421889781952,1.1503455638885498,-0.055532537400722504,0.791045069694519,0.4825870394706726,1.1092625856399536,-0.026468101888895035,0.9553242921829224,0.3623223304748535,0.9372314810752869,-0.09881880134344101,1.247943639755249,0.3240585923194885,0.5502216517925262,2.6485949754714966,0.9496472775936127,1.5809531789273024,1.114685833454132,0.1492094248533249,-0.1579761505126953,0.037297606468200684,0.30042529106140137,0.57638268917799,1.8485337495803833,1.5826031565666199,0.602838397026062,0.7550914771854877,1.226431131362915,1.8902011215686798,1.526564359664917,1.2724604457616806,0.5378693342208862,0.8936651051044464,3.0,3.0,3.0,3.0,3.0,3.0,3.0,3.0,3.0,3.0,3.0,3.0,3.0,3.0,3.0,3.0,3.0,3.0,3.0,3.0,0.05,0.05,0.05,0.05,0.05,0.05,0.05,0.05,0.05,0.05,0.05,0.05,0.05,0.05,0.05,0.05,0.05,0.05,0.05,0.05,0.0,0.0,0.0,0.0,0.0,0.0,0.0,0.0,0.0,0.0,0.0,0.0,0.0,0.0,0.0,0.0,0.0,0.0,0.0,0.0
0.42012539505958557,0.43689242005348206,0.3336980938911438,0.26349490880966187,0.8054168224334717,-0.11612144857645035,0.6742883324623108,0.3257419764995575,1.1373051404953003,-0.015146637335419655,1.1197831630706787,0.4707418382167816,1.1733691692352295,-0.03867127746343613,1.1862772703170776,0.3754243850708008,1.2035664319992065,0.019151577726006508,1.445865273475647,0.43881353735923767,3.125840425491333,0.7199622690677643,0.15412569046020508,2.934245392680168,-0.24437308311462402,0.018932856619358063,0.27994513511657715,1.066002994775772,-0.4845857620239258,0.8670230628922582,4.8534393310546875,5.393344163894653,0.10191202163696289,0.6811755709350109,4.077255725860596,5.927453190088272,1.8595129251480103,0.7427792996168137,1.160264015197754,7.322277873754501,3.0,3.0,3.0,3.0,3.0,3.0,3.0,3.0,3.0,3.0,3.0,3.0,3.0,3.0,3.0,3.0,3.0,3.0,3.0,3.0,0.05,0.05,0.05,0.05,0.05,0.05,0.05,0.05,0.05,0.05,0.05,0.05,0.05,0.05,0.05,0.05,0.05,0.05,0.05,0.05,0.0,0.0,0.0,0.0,0.0,0.0,0.0,0.0,0.0,0.0,0.0,0.0,0.0,0.0,0.0,0.0,0.0,0.0,0.0,0.0,0.40304434299468994,0.5021956562995911,0.3317698538303375,0.012564005330204964,0.8311163187026978,0.016521025449037552,0.5529348850250244,0.3635418117046356,1.1589806079864502,-0.04378059506416321,0.827909529209137,0.51312655210495,1.124144196510315,-0.01036563515663147,0.9812374114990234,0.3988005220890045,0.9697222113609314,-0.07337657362222672,1.2641181945800781,0.3437860310077667,0.17053112387657166,2.0306192338466644,0.9285733103752136,0.014029175508767366,1.4777705073356628,0.542130134999752,-0.15791505575180054,-0.14163851737976074,0.7080525159835815,0.7328575942665339,2.5151222944259644,1.9070610404014587,1.1024117469787598,1.0799730196595192,2.003270387649536,2.285251021385193,2.1554484963417053,1.5676612965762615,1.8287718296051025,1.7248988151550293,3.0,3.0,3.0,3.0,3.0,3.0,3.0,3.0,3.0,3.0,3.0,3.0,3.0,3.0,3.0,3.0,3.0,3.0,3.0,3.0,0.05,0.05,0.05,0.05,0.05,0.05,0.05,0.05,0.05,0.05,0.05,0.05,0.05,0.05,0.05,0.05,0.05,0.05,0.05,0.05,0.0,0.0,0.0,0.0,0.0,0.0,0.0,0.0,0.0,0.0,0.0,0.0,0.0,0.0,0.0,0.0,0.0,0.0,0.0,0.0
0.4971792995929718,0.43018531799316406,0.3345281481742859,0.3308483064174652,0.8171696066856384,-0.12267865240573883,0.6679067611694336,0.3412751257419586,1.1394926309585571,-0.0027770427986979485,1.2060664892196655,0.5917903184890747,1.1866618394851685,-0.028363119810819626,1.2587617635726929,0.49804171919822693,1.2464975118637085,0.029706697911024094,1.4664921760559082,0.585422694683075,3.471430391073227,-0.5461402237415314,-0.10609179735183716,3.168284147977829,1.0768473148345947,-0.38668494671583176,-1.0368064045906067,0.7546901702880859,0.28645098209381104,0.4802554612979293,3.8827508687973022,5.720340460538864,0.797724723815918,0.41299937292933464,3.2618045806884766,6.158258020877838,1.9135773181915283,0.3653010819107294,0.9282112121582031,7.093534618616104,3.0,3.0,3.0,3.0,3.0,3.0,3.0,3.0,3.0,3.0,3.0,3.0,3.0,3.0,3.0,3.0,3.0,3.0,3.0,3.0,0.05,0.05,0.05,0.05,0.05,0.05,0.05,0.05,0.05,0.05,0.05,0.05,0.05,0.05,0.05,0.05,0.05,0.05,0.05,0.05,0.0,0.0,0.0,0.0,0.0,0.0,0.0,0.0,0.0,0.0,0.0,0.0,0.0,0.0,0.0,0.0,0.0,0.0,0.0,0.0,0.40302491188049316,0.5340250730514526,0.3514760434627533,0.005836107302457094,0.8676081299781799,0.03406804800033569,0.548939049243927,0.35727664828300476,1.178667664527893,-0.02621823363006115,0.8916499614715576,0.558869481086731,1.153359055519104,0.016730818897485733,1.0354551076889038,0.45373237133026123,1.023449420928955,-0.03611234948039055,1.3210945129394531,0.3930545449256897,-0.20123273134231567,1.4078065752983093,0.7680825889110565,-0.32183207804337144,1.8237605690956116,0.888296402990818,-0.2401009202003479,-0.395829975605011,0.9617835283279419,0.8259419817477465,3.248812258243561,2.3389115929603577,1.4829546213150024,1.2690171599388123,2.805420756340027,2.831897884607315,2.7443572878837585,1.7644895240664482,2.5639355182647705,2.776043117046356,3.0,3.0,3.0,3.0,3.0,3.0,3.0,3.0,3.0,3.0,3.0,3.0,3.0,3.0,3.0,3.0,3.0,3.0,3.0,3.0,0.05,0.05,0.05,0.05,0.05,0.05,0.05,0.05,0.05,0.05,0.05,0.05,0.05,0.05,0.05,0.05,0.05,0.05,0.05,0.05,0.0,0.0,0.0,0.0,0.0,0.0,0.0,0.0,0.0,0.0,0.0,0.0,0.0,0.0,0.0,0.0,0.0,0.0,0.0,0.0
0.5589826107025146,0.4150468111038208,0.3294544219970703,0.390226274728775,0.8484907150268555,-0.13158884644508362,0.6328160762786865,0.35592958331108093,1.1487631797790527,0.004063581116497517,1.2750931978225708,0.6995554566383362,1.2052781581878662,-0.02215130254626274,1.3167494535446167,0.6217547059059143,1.2801095247268677,0.033763621002435684,1.482993721961975,0.7225549221038818,2.557254582643509,-0.5785860121250153,-0.4145219922065735,2.6093974709510803,1.488274335861206,-0.5124647170305252,-1.5717193484306335,0.8499078452587128,0.45314133167266846,0.13078378979116678,2.849903702735901,4.620300233364105,0.9191781282424927,0.16162795946002007,2.6094436645507812,5.493643134832382,1.5135347843170166,0.0643695704638958,0.7425695657730103,6.1409130692481995,3.0,3.0,3.0,3.0,3.0,3.0,3.0,3.0,3.0,3.0,3.0,3.0,3.0,3.0,3.0,3.0,3.0,3.0,3.0,3.0,0.05,0.05,0.05,0.05,0.05,0.05,0.05,0.05,0.05,0.05,0.05,0.05,0.05,0.05,0.05,0.05,0.05,0.05,0.05,0.05,0.0,0.0,0.0,0.0,0.0,0.0,0.0,0.0,0.0,0.0,0.0,0.0,0.0,0.0,0.0,0.0,0.0,0.0,0.0,0.0,0.3949950337409973,0.5585079193115234,0.3624931573867798,-0.0003092777915298939,0.9040667414665222,0.05205288156867027,0.5433308482170105,0.3477086126804352,1.1974519491195679,-0.01074291579425335,0.9578620195388794,0.6066830158233643,1.183462381362915,0.04039505124092102,1.0934542417526245,0.5120764374732971,1.0794965028762817,-0.0027969926595687866,1.366675615310669,0.45482775568962097,-0.546274334192276,1.0967478156089783,0.4324033856391907,-0.2582410932518542,1.8188416957855225,0.9670121595263481,-0.23985505104064941,-0.452384352684021,0.9022653102874756,0.795799819752574,3.1539112329483032,2.3186296224594116,1.5053719282150269,1.101443823426962,2.7868330478668213,2.819877862930298,2.7137041091918945,1.5316743403673172,2.0511507987976074,3.189624845981598,3.0,3.0,3.0,3.0,3.0,3.0,3.0,3.0,3.0,3.0,3.0,3.0,3.0,3.0,3.0,3.0,3.0,3.0,3.0,3.0,0.05,0.05,0.05,0.05,0.05,0.05,0.05,0.05,0.05,0.05,0.05,0.05,0.05,0.05,0.05,0.05,0.05,0.05,0.05,0.05,0.0,0.0,0.0,0.0,0.0,0.0,0.0,0.0,0.0,0.0,0.0,0.0,0.0,0.0,0.0,0.0,0.0,0.0,0.0,0.0
0.5994694828987122,0.40704187750816345,0.31794726848602295,0.4352242052555084,0.8767005801200867,-0.14317724108695984,0.6050379872322083,0.37527143955230713,1.1576182842254639,0.002454308792948723,1.3200626373291016,0.7766023278236389,1.2234289646148682,-0.021898001432418823,1.3631395101547241,0.7177874445915222,1.3070389032363892,0.032281480729579926,1.4961949586868286,0.8310592174530029,1.549793779850006,-0.2535134553909302,-0.6809152662754059,1.887127012014389,1.3759732246398926,-0.6458654999732971,-1.2442097067832947,0.969240814447403,0.4173874855041504,-0.271842279471457,1.7086565494537354,3.307221829891205,0.8559912443161011,-0.1002402976155281,2.07650363445282,4.157756268978119,1.144668459892273,-0.14833370223641396,0.5940556526184082,4.828286170959473,3.0,3.0,3.0,3.0,3.0,3.0,3.0,3.0,3.0,3.0,3.0,3.0,3.0,3.0,3.0,3.0,3.0,3.0,3.0,3.0,0.05,0.05,0.05,0.05,0.05,0.05,0.05,0.05,0.05,0.05,0.05,0.05,0.05,0.05,0.05,0.05,0.05,0.05,0.05,0.05,0.0,0.0,0.0,0.0,0.0,0.0,0.0,0.0,0.0,0.0,0.0,0.0,0.0,0.0,0.0,0.0,0.0,0.0,0.0,0.0,0.3811739385128021,0.5778949856758118,0.3687721788883209,-0.004493536427617073,0.9403617978096008,0.07274853438138962,0.539344847202301,0.3391812741756439,1.214758276939392,0.005613759160041809,1.0178064107894897,0.6516146659851074,1.213573932647705,0.06078857183456421,1.1469284296035767,0.5665274858474731,1.1319975852966309,0.02515462413430214,1.4031405448913574,0.5206395387649536,-0.7705926895141602,0.8202925324440002,0.21984800696372986,-0.15854659723117948,1.7576858401298523,1.1005538515746593,-0.1541420817375183,-0.3648124635219574,0.8961647748947144,0.8545008022338152,2.8427481651306152,2.135610580444336,1.5423625707626343,0.938715785741806,2.5674164295196533,2.559255063533783,2.581220865249634,1.2670567259192467,1.6409218311309814,3.212472051382065,3.0,3.0,3.0,3.0,3.0,3.0,3.0,3.0,3.0,3.0,3.0,3.0,3.0,3.0,3.0,3.0,3.0,3.0,3.0,3.0,0.05,0.05,0.05,0.05,0.05,0.05,0.05,0.05,0.05,0.05,0.05,0.05,0.05,0.05,0.05,0.05,0.05,0.05,0.05,0.05,0.0,0.0,0.0,0.0,0.0,0.0,0.0,0.0,0.0,0.0,0.0,0.0,0.0,0.0,0.0,0.0,0.0,0.0,0.0,0.0
0.6209743618965149,0.4049062728881836,0.3022178113460541,0.4657113552093506,0.9035296440124512,-0.1574234664440155,0.5830476880073547,0.39469921588897705,1.1654586791992188,-0.0068101100623607635,1.3434394598007202,0.8318443298339844,1.2395178079605103,-0.026160914450883865,1.3998095989227295,0.7880649566650391,1.3258962631225586,0.027830272912979126,1.5067559480667114,0.9156863689422607,0.779135525226593,-0.03819316625595093,-0.9103506803512573,0.8454114198684692,1.3088375329971313,-0.6732992827892303,-0.8836418390274048,1.026645302772522,0.3593534231185913,-0.519022298976779,0.8293747901916504,2.412743866443634,0.7759034633636475,-0.24860920384526253,1.5950113534927368,2.956320345401764,0.7959157228469849,-0.20676436834037304,0.47524571418762207,3.758770227432251,3.0,3.0,3.0,3.0,3.0,3.0,3.0,3.0,3.0,3.0,3.0,3.0,3.0,3.0,3.0,3.0,3.0,3.0,3.0,3.0,0.05,0.05,0.05,0.05,0.05,0.05,0.05,0.05,0.05,0.05,0.05,0.05,0.05,0.05,0.05,0.05,0.05,0.05,0.05,0.05,0.0,0.0,0.0,0.0,0.0,0.0,0.0,0.0,0.0,0.0,0.0,0.0,0.0,0.0,0.0,0.0,0.0,0.0,0.0,0.0,0.3641713261604309,0.5913196206092834,0.371287077665329,-0.006651141680777073,0.9743741750717163,0.09607503563165665,0.5371651649475098,0.3331161141395569,1.2332985401153564,0.02343711629509926,1.071571946144104,0.6921074390411377,1.2451568841934204,0.07794368267059326,1.1961508989334106,0.6144466400146484,1.182745337486267,0.04788527637720108,1.4323124885559082,0.5833266377449036,-0.8605726063251495,0.5543738603591919,0.04573613405227661,-0.05463098641484976,1.7027303576469421,1.2387827038764954,0.05121082067489624,-0.17501786351203918,1.0593980550765991,0.8686738088726997,2.6018351316452026,1.9035831093788147,1.573634147644043,0.7841527462005615,2.354791760444641,2.217106521129608,2.5188595056533813,0.954072829335928,1.312735676765442,2.989417314529419,3.0,3.0,3.0,3.0,3.0,3.0,3.0,3.0,3.0,3.0,3.0,3.0,3.0,3.0,3.0,3.0,3.0,3.0,3.0,3.0,0.05,0.05,0.05,0.05,0.05,0.05,0.05,0.05,0.05,0.05,0.05,0.05,0.05,0.05,0.05,0.05,0.05,0.05,0.05,0.05,0.0,0.0,0.0,0.0,0.0,0.0,0.0,0.0,0.0,0.0,0.0,0.0,0.0,0.0,0.0,0.0,0.0,0.0,0.0,0.0
0.6306349039077759,0.4055141508579254,0.28153324127197266,0.4690406620502472,0.9290540814399719,-0.17010921239852905,0.5696923136711121,0.416337251663208,1.1719924211502075,-0.018306583166122437,1.3532376289367676,0.8731120824813843,1.254465103149414,-0.031842369586229324,1.4269399642944336,0.8360402584075928,1.3388755321502686,0.024010905995965004,1.5152047872543335,0.981410026550293,0.14701783657073975,0.1349426805973053,-1.1119179427623749,-0.34516453742980957,1.2651905417442322,-0.6204891949892044,-0.4682481288909912,1.163242757320404,0.35470128059387207,-0.6294124759733677,0.15204250812530518,1.7739027738571167,0.7117986679077148,-0.30845971778035164,1.1537522077560425,1.9199937582015991,0.5267709493637085,-0.1746597234159708,0.3801971673965454,2.8856009244918823,3.0,3.0,3.0,3.0,3.0,3.0,3.0,3.0,3.0,3.0,3.0,3.0,3.0,3.0,3.0,3.0,3.0,3.0,3.0,3.0,0.05,0.05,0.05,0.05,0.05,0.05,0.05,0.05,0.05,0.05,0.05,0.05,0.05,0.05,0.05,0.05,0.05,0.05,0.05,0.05,0.0,0.0,0.0,0.0,0.0,0.0,0.0,0.0,0.0,0.0,0.0,0.0,0.0,0.0,0.0,0.0,0.0,0.0,0.0,0.0,0.34675103425979614,0.6000699400901794,0.370601624250412,-0.006678775884211063,1.0084710121154785,0.12229984253644943,0.5413932800292969,0.33218055963516235,1.257134199142456,0.0403607115149498,1.1218798160552979,0.72775799036026,1.2765192985534668,0.09215468168258667,1.2411201000213623,0.6552117466926575,1.2327519655227661,0.06331753730773926,1.455649971961975,0.6402162313461304,-0.28438568115234375,-0.028529763221740723,-0.5334332585334778,1.6534049296751618,1.6626954078674316,1.1577578261494637,0.2538740634918213,0.08552372455596924,1.2402713298797607,0.7468908093869686,2.3574113845825195,1.56906396150589,1.5047729015350342,0.5657700821757317,2.1125972270965576,1.783183217048645,2.471521496772766,0.5244787782430649,1.0501861572265625,2.8807520866394043,3.0,3.0,3.0,3.0,3.0,3.0,3.0,3.0,3.0,3.0,3.0,3.0,3.0,3.0,3.0,3.0,3.0,3.0,3.0,3.0,0.05,0.05,0.05,0.05,0.05,0.05,0.05,0.05,0.05,0.05,0.05,0.05,0.05,0.05,0.05,0.05,0.05,0.05,0.05,0.05,0.0,0.0,0.0,0.0,0.0,0.0,0.0,0.0,0.0,0.0,0.0,0.0,0.0,0.0,0.0,0.0,0.0,0.0,0.0,0.0
0.6268550753593445,0.4103039801120758,0.2577410936355591,0.4519047737121582,0.9541372656822205,-0.18224303424358368,0.5643177628517151,0.4412289261817932,1.1796467304229736,-0.03198660910129547,1.3495211601257324,0.902800440788269,1.2679897546768188,-0.03849930316209793,1.4459596872329712,0.864864706993103,1.346967101097107,0.020843883976340294,1.5219638347625732,1.031110405921936,-0.3019750118255615,0.28079450130462646,-1.0089535266160965,-0.9332723915576935,1.2665092945098877,-0.5913563072681427,-0.2954214811325073,1.1044688522815704,0.4118114709854126,-0.6597365252673626,-0.2783864736557007,1.3393312692642212,0.6457120180130005,-0.3276091068983078,0.836491584777832,1.2033089995384216,0.37491321563720703,-0.17568734474480152,0.3041565418243408,2.2087574005126953,3.0,3.0,3.0,3.0,3.0,3.0,3.0,3.0,3.0,3.0,3.0,3.0,3.0,3.0,3.0,3.0,3.0,3.0,3.0,3.0,0.05,0.05,0.05,0.05,0.05,0.05,0.05,0.05,0.05,0.05,0.05,0.05,0.05,0.05,0.05,0.05,0.05,0.05,0.05,0.05,0.0,0.0,0.0,0.0,0.0,0.0,0.0,0.0,0.0,0.0,0.0,0.0,0.0,0.0,0.0,0.0,0.0,0.0,0.0,0.0,0.35279589891433716,0.5901784300804138,0.34994974732398987,0.0594850555062294,1.0408819913864136,0.1423853486776352,0.5473201274871826,0.33653706312179565,1.2829093933105469,0.053312748670578,1.1658684015274048,0.7548699975013733,1.3053478002548218,0.10057448595762253,1.280654788017273,0.6857739686965942,1.2816061973571777,0.06886442750692368,1.4743199348449707,0.6985567212104797,-0.07086172699928284,-0.4491731524467468,-0.808531790971756,2.882456802763045,1.8011122941970825,0.9727438911795616,0.15659332275390625,0.09175688028335571,1.4401912689208984,0.5716605111956596,1.9181221723556519,1.0130316019058228,1.5272349119186401,0.34948457032442093,1.6928166151046753,1.2354612350463867,2.430662512779236,0.0776190310716629,0.8401483297348022,2.6125505566596985,3.0,3.0,3.0,3.0,3.0,3.0,3.0,3.0,3.0,3.0,3.0,3.0,3.0,3.0,3.0,3.0,3.0,3.0,3.0,3.0,0.05,0.05,0.05,0.05,0.05,0.05,0.05,0.05,0.05,0.05,0.05,0.05,0.05,0.05,0.05,0.05,0.05,0.05,0.05,0.05,0.0,0.0,0.0,0.0,0.0,0.0,0.0,0.0,0.0,0.0,0.0,0.0,0.0,0.0,0.0,0.0,0.0,0.0,0.0,0.0
0.6185559034347534,0.4167459309101105,0.2411751002073288,0.43170976638793945,0.9797144532203674,-0.19376346468925476,0.5578754544258118,0.4605160057544708,1.188464879989624,-0.04469604417681694,1.3421021699905396,0.9266853332519531,1.280293583869934,-0.044946733862161636,1.4603996276855469,0.8841726183891296,1.3538720607757568,0.016983412206172943,1.5273710489273071,1.0697603225708008,-0.4245489835739136,0.3620132803916931,-0.692816823720932,-0.9312838315963745,1.2517645955085754,-0.5258724093437195,-0.30845701694488525,0.8394211530685425,0.49256086349487305,-0.5944498814642429,-0.3464013338088989,1.0826781392097473,0.5376607179641724,-0.2948751673102379,0.6261378526687622,0.8578762412071228,0.30923187732696533,-0.18692095763981342,0.24332404136657715,1.7419755458831787,3.0,3.0,3.0,3.0,3.0,3.0,3.0,3.0,3.0,3.0,3.0,3.0,3.0,3.0,3.0,3.0,3.0,3.0,3.0,3.0,0.05,0.05,0.05,0.05,0.05,0.05,0.05,0.05,0.05,0.05,0.05,0.05,0.05,0.05,0.05,0.05,0.05,0.05,0.05,0.05,0.0,0.0,0.0,0.0,0.0,0.0,0.0,0.0,0.0,0.0,0.0,0.0,0.0,0.0,0.0,0.0,0.0,0.0,0.0,0.0,0.34391656517982483,0.5821030139923096,0.33826035261154175,0.10861949622631073,1.0805155038833618,0.1612095981836319,0.5476570129394531,0.3358508348464966,1.314741849899292,0.06322713196277618,1.198604702949524,0.7682792544364929,1.3376086950302124,0.10613406449556351,1.3088327646255493,0.7046301960945129,1.3299784660339355,0.06642229855060577,1.4892559051513672,0.7447182536125183,-0.44579580426216125,-0.38546472787857056,-0.4474654793739319,1.9591549411416054,2.22586989402771,0.8310005068778992,-0.21658837795257568,-0.37974491715431213,1.7714351415634155,0.4051515832543373,1.257893443107605,0.3158748149871826,1.7354011535644531,0.23212507367134094,1.0140538215637207,0.7089763879776001,2.3519158363342285,-0.24854522198438644,0.6721198558807373,1.807326078414917,3.0,3.0,3.0,3.0,3.0,3.0,3.0,3.0,3.0,3.0,3.0,3.0,3.0,3.0,3.0,3.0,3.0,3.0,3.0,3.0,0.05,0.05,0.05,0.05,0.05,0.05,0.05,0.05,0.05,0.05,0.05,0.05,0.05,0.05,0.05,0.05,0.05,0.05,0.05,0.05,0.0,0.0,0.0,0.0,0.0,0.0,0.0,0.0,0.0,0.0,0.0,0.0,0.0,0.0,0.0,0.0,0.0,0.0,0.0,0.0
0.6098731160163879,0.42478451132774353,0.2300284206867218,0.4146534204483032,1.0042078495025635,-0.20327793061733246,0.5519794821739197,0.4748057723045349,1.1993491649627686,-0.05576460435986519,1.3356651067733765,0.9461075663566589,1.2894961833953857,-0.050294309854507446,1.4710052013397217,0.8991797566413879,1.3593363761901855,0.013367045670747757,1.5316967964172363,1.1007894277572632,-0.5393519997596741,0.365322083234787,-0.40696002542972565,-0.6512530148029327,1.2774184346199036,-0.509759783744812,-0.4631221294403076,0.44287368655204773,0.6421148777008057,-0.5568056367337704,-0.4966437816619873,0.9050130844116211,0.4958510398864746,-0.3032534383237362,0.358542799949646,0.6653517484664917,0.2687305212020874,-0.19563857931643724,0.19465982913970947,1.3952076435089111,3.0,3.0,3.0,3.0,3.0,3.0,3.0,3.0,3.0,3.0,3.0,3.0,3.0,3.0,3.0,3.0,3.0,3.0,3.0,3.0,0.05,0.05,0.05,0.05,0.05,0.05,0.05,0.05,0.05,0.05,0.05,0.05,0.05,0.05,0.05,0.05,0.05,0.05,0.05,0.05,0.0,0.0,0.0,0.0,0.0,0.0,0.0,0.0,0.0,0.0,0.0,0.0,0.0,0.0,0.0,0.0,0.0,0.0,0.0,0.0,0.3349640667438507,0.574759840965271,0.3320511281490326,0.13785125315189362,1.129916787147522,0.17562536895275116,0.5386565923690796,0.32134726643562317,1.3537667989730835,0.0695188120007515,1.216184139251709,0.7675049901008606,1.3747638463974,0.10985948890447617,1.3212169408798218,0.7141330242156982,1.3756828308105469,0.05892261862754822,1.5012047290802002,0.7708497643470764,-0.3755219280719757,-0.3092855215072632,-0.1558341085910797,1.0844212025403976,2.565726637840271,0.6267901510000229,-0.6202474236488342,-1.0109394788742065,1.964789628982544,0.26627182960510254,0.5309075117111206,-0.22491663694381714,1.840934157371521,0.19480865448713303,0.27177631855010986,0.36418288946151733,2.0566940307617188,-0.3842620179057121,0.5376964807510376,0.8809924125671387,3.0,3.0,3.0,3.0,3.0,3.0,3.0,3.0,3.0,3.0,3.0,3.0,3.0,3.0,3.0,3.0,3.0,3.0,3.0,3.0,0.05,0.05,0.05,0.05,0.05,0.05,0.05,0.05,0.05,0.05,0.05,0.05,0.05,0.05,0.05,0.05,0.05,0.05,0.05,0.05,0.0,0.0,0.0,0.0,0.0,0.0,0.0,0.0,0.0,0.0,0.0,0.0,0.0,0.0,0.0,0.0,0.0,0.0,0.0,0.0
0.5969818234443665,0.43135881423950195,0.22489669919013977,0.40565964579582214,1.0308111906051636,-0.21415385603904724,0.5393505692481995,0.47823095321655273,1.2141494750976562,-0.06696826964616776,1.32223641872406,0.962885856628418,1.300127625465393,-0.057076871395111084,1.4747413396835327,0.9107866883277893,1.3646212816238403,0.009157869033515453,1.5351574420928955,1.1255686283111572,-0.6718382239341736,0.4328727722167969,-0.12625306844711304,-0.27870088815689087,1.250585913658142,-0.5004767328500748,-0.5672723054885864,0.13022571802139282,0.6805509328842163,-0.4572938196361065,-0.6282597780227661,0.780971348285675,0.5112051963806152,-0.34435316920280457,0.08568167686462402,0.5015462636947632,0.26245713233947754,-0.2058782847598195,0.15572905540466309,1.0819822549819946,3.0,3.0,3.0,3.0,3.0,3.0,3.0,3.0,3.0,3.0,3.0,3.0,3.0,3.0,3.0,3.0,3.0,3.0,3.0,3.0,0.05,0.05,0.05,0.05,0.05,0.05,0.05,0.05,0.05,0.05,0.05,0.05,0.05,0.05,0.05,0.05,0.05,0.05,0.05,0.05,0.0,0.0,0.0,0.0,0.0,0.0,0.0,0.0,0.0,0.0,0.0,0.0,0.0,0.0,0.0,0.0,0.0,0.0,0.0,0.0,0.3288956880569458,0.569731593132019,0.33202698826789856,0.15199634432792664,1.1831445693969727,0.1862812042236328,0.5228471159934998,0.2954132556915283,1.3933334350585938,0.07387800514698029,1.2198410034179688,0.7592825889587402,1.4112460613250732,0.11392641067504883,1.3197038173675537,0.7191975116729736,1.4122462272644043,0.05105181783437729,1.5107637643814087,0.7799579501152039,-0.2823047339916229,-0.04439353942871094,0.17980709671974182,0.6151638925075531,2.5682181119918823,0.5088239908218384,-0.9953431785106659,-1.4841921627521515,1.7461419105529785,0.34347064793109894,-0.4463791847229004,-0.36743879318237305,1.6292721033096313,0.40709730237722397,-0.6050199270248413,0.18661171197891235,1.5839964151382446,0.0481313094496727,0.43015778064727783,-0.5179122090339661,3.0,3.0,3.0,3.0,3.0,3.0,3.0,3.0,3.0,3.0,3.0,3.0,3.0,3.0,3.0,3.0,3.0,3.0,3.0,3.0,0.05,0.05,0.05,0.05,0.05,0.05,0.05,0.05,0.05,0.05,0.05,0.05,0.05,0.05,0.05,0.05,0.05,0.05,0.05,0.05,0.0,0.0,0.0,0.0,0.0,0.0,0.0,0.0,0.0,0.0,0.0,0.0,0.0,0.0,0.0,0.0,0.0,0.0,0.0,0.0
0.582999587059021,0.4420994222164154,0.22497829794883728,0.4035053849220276,1.0542312860488892,-0.22329699993133545,0.5292885899543762,0.4800148010253906,1.2265712022781372,-0.07405635714530945,1.3105347156524658,0.9773464202880859,1.3099443912506104,-0.06406843662261963,1.4744324684143066,0.9192416071891785,1.3698346614837646,0.005131914280354977,1.5379259586334229,1.144068717956543,-0.7858350872993386,0.6327949464321039,0.07817260921001226,0.08338019251823148,1.0868489742278942,-0.4286527633666957,-0.4308208823204013,0.05746036767959595,0.5967706441879217,-0.2884807065129259,-0.524359941482544,0.6636917591094915,0.4621773958206121,-0.3613246604800186,-0.10352730751037598,0.35756379365920743,0.2609848976135254,-0.194564071716739,0.12458264827728271,0.7812976837158148,3.0,3.0,3.0,3.0,3.0,3.0,3.0,3.0,3.0,3.0,3.0,3.0,3.0,3.0,3.0,3.0,3.0,3.0,3.0,3.0,0.05,0.05,0.05,0.05,0.05,0.05,0.05,0.05,0.05,0.05,0.05,0.05,0.05,0.05,0.05,0.05,0.05,0.05,0.05,0.05,0.0,0.0,0.0,0.0,0.0,0.0,0.0,0.0,0.0,0.0,0.0,0.0,0.0,0.0,0.0,0.0,0.0,0.0,0.0,0.0,0.3236718773841858,0.5729840993881226,0.33924341201782227,0.16245780885219574,1.2326455116271973,0.1959783285856247,0.49884286522865295,0.2619795799255371,1.4236124753952026,0.08325763791799545,1.198328971862793,0.7528074383735657,1.4399347305297852,0.12614338099956512,1.2970161437988281,0.7215974926948547,1.4390426874160767,0.060847871005535126,1.5184110403060913,0.7501332759857178,0.1635245978832217,0.33332854509352805,0.39035752415656627,0.2420891076326384,2.2770881652831862,0.3766097128391252,-1.3754412531852527,-1.6892816871404468,1.2552708387374933,0.4467194899916604,-1.4638990163802934,-0.2271026372909546,1.1277318000793457,0.6368804723024292,-1.466536521911599,0.09333342313766202,0.9258419275283869,0.6843108683824438,0.18242597579956055,-1.7423942685127036,3.0,3.0,3.0,3.0,3.0,3.0,3.0,3.0,3.0,3.0,3.0,3.0,3.0,3.0,3.0,3.0,3.0,3.0,3.0,3.0,0.05,0.05,0.05,0.05,0.05,0.05,0.05,0.05,0.05,0.05,0.05,0.05,0.05,0.05,0.05,0.05,0.05,0.05,0.05,0.05,0.0,0.0,0.0,0.0,0.0,0.0,0.0,0.0,0.0,0.0,0.0,0.0,0.0,0.0,0.0,0.0,0.0,0.0,0.0,0.0
0.5655484199523929,0.4566706120967861,0.22802360355854026,0.4089948534965514,1.0742851495742793,-0.23129996657371507,0.5221177339553834,0.4805293679237366,1.2380203008651731,-0.07850749790668479,1.3012620210647583,0.9894335269927976,1.3186147212982176,-0.07152985781431183,1.4706002473831177,0.9250892400741576,1.3750606775283813,0.0013753061648458925,1.5401407480239868,1.1568205356597898,-0.9707733988761791,0.804518908262243,0.2791903913021039,0.2615422010421739,0.9020477533340399,-0.35616010427474765,-0.30479133129119595,-0.04705414175986966,0.5592077970504705,-0.1767551526427262,-0.47845542430876575,0.44196099042892456,0.3966212272644043,-0.34405160695314096,-0.2770721912384033,0.1767084002494812,0.217399001121521,-0.1591815846040835,0.09966492652892511,0.36146342754364014,3.0,3.0,3.0,3.0,3.0,3.0,3.0,3.0,3.0,3.0,3.0,3.0,3.0,3.0,3.0,3.0,3.0,3.0,3.0,3.0,0.05,0.05,0.05,0.05,0.05,0.05,0.05,0.05,0.05,0.05,0.05,0.05,0.05,0.05,0.05,0.05,0.05,0.05,0.05,0.05,0.0,0.0,0.0,0.0,0.0,0.0,0.0,0.0,0.0,0.0,0.0,0.0,0.0,0.0,0.0,0.0,0.0,0.0,0.0,0.0,0.33543667197227467,0.5830647349357602,0.3476412892341612,0.16167990863323217,1.2742280960083001,0.20134559273719782,0.46782946586608964,0.22784198820591045,1.4435442686080935,0.0917467847466467,1.161285042762757,0.750198483467102,1.456355333328247,0.139401629567146,1.2610423564910898,0.7229308485984801,1.4492799043655398,0.07842425256967504,1.5180608034133911,0.7102621793746957,0.43564438819885254,0.7496982812881359,0.41958913207053583,-0.8455086499452418,1.6001611948013306,0.2034611999988549,-1.706688851118067,-1.6330871731042695,0.4742652177810669,0.41804984211921203,-2.034163475036593,-0.15856176614760797,0.37248730659484863,0.6505165249109198,-1.9646078348159512,-0.060172379016873445,-0.023472309112537726,0.9027097374200717,-0.3886431455612127,-2.0068198442458858,3.0,3.0,3.0,3.0,3.0,3.0,3.0,3.0,3.0,3.0,3.0,3.0,3.0,3.0,3.0,3.0,3.0,3.0,3.0,3.0,0.05,0.05,0.05,0.05,0.05,0.05,0.05,0.05,0.05,0.05,0.05,0.05,0.05,0.05,0.05,0.05,0.05,0.05,0.05,0.05,0.0,0.0,0.0,0.0,0.0,0.0,0.0,0.0,0.0,0.0,0.0,0.0,0.0,0.0,0.0,0.0,0.0,0.0,0.0,0.0
0.5441686511039738,0.47428017854690513,0.23614591360092144,0.41396707296371454,1.0903131961822508,-0.23754340410232536,0.5170969367027284,0.47813263535499584,1.248939514160156,-0.0811265632510185,1.2913964986801152,0.9950248599052429,1.3258092403411865,-0.07783050090074527,1.4633495807647705,0.9263099431991577,1.3785306215286255,-0.0012353491038083627,1.5419125556945799,1.1585272550582886,-1.0950401425361578,0.9139247238636002,0.47836713492869914,0.18439814448356906,0.7082372903823853,-0.2392616122961065,-0.2399519085884122,-0.23274347186088007,0.5222797393798828,-0.07587261497974604,-0.5176335573196356,0.04370957612992166,0.3394275903701838,-0.2812966704368605,-0.40834546089172363,-0.12047290802001398,0.13006329536437988,-0.10045305243693374,0.07973313331604004,-0.25091767311094526,3.0,3.0,3.0,3.0,3.0,3.0,3.0,3.0,3.0,3.0,3.0,3.0,3.0,3.0,3.0,3.0,3.0,3.0,3.0,3.0,0.05,0.05,0.05,0.05,0.05,0.05,0.05,0.05,0.05,0.05,0.05,0.05,0.05,0.05,0.05,0.05,0.05,0.05,0.05,0.05,0.0,0.0,0.0,0.0,0.0,0.0,0.0,0.0,0.0,0.0,0.0,0.0,0.0,0.0,0.0,0.0,0.0,0.0,0.0,0.0,0.3410976529121399,0.602972030639648,0.3560269773006437,0.12863746285438607,1.2966519594192505,0.2041167765855789,0.4305753111839303,0.19665609300136633,1.4425830841064453,0.09997963160276394,1.1169624328613292,0.7464649677276614,1.454834222793579,0.15216404199600192,1.21843183040619,0.7191905975341798,1.4381037950515752,0.096956260502338,1.5028653144836428,0.6698604822158823,-0.13069137930869085,1.0793969035148592,0.5226060748100253,-1.58542469143866,0.5989342927932906,0.0912576913833632,-2.036076039075843,-1.4992855489254053,-0.6528437137603649,0.41731316596269535,-2.380061149597157,-0.2444475889205905,-0.6317734718322587,0.6182122975587852,-2.3166120052337535,-0.34002959728239857,-1.1930674314498735,0.9264286607503877,-1.1285632848739457,-2.025453746318817,3.0,3.0,3.0,3.0,3.0,3.0,3.0,3.0,3.0,3.0,3.0,3.0,3.0,3.0,3.0,3.0,3.0,3.0,3.0,3.0,0.05,0.05,0.05,0.05,0.05,0.05,0.05,0.05,0.05,0.05,0.05,0.05,0.05,0.05,0.05,0.05,0.05,0.05,0.05,0.05,0.0,0.0,0.0,0.0,0.0,0.0,0.0,0.0,0.0,0.0,0.0,0.0,0.0,0.0,0.0,0.0,0.0,0.0,0.0,0.0
0.5217468142509466,0.4932276010513301,0.24715828895568823,0.41637077927589417,1.1026146411895748,-0.24087043106555933,0.5125196576118469,0.47121962904930137,1.2589114904403684,-0.08154240250587463,1.2805566787719729,0.9911819100379945,1.332191824913025,-0.08278172463178625,1.4542664289474487,0.920270323753357,1.3802632093429565,-0.0026428159326314575,1.5433300733566284,1.146783828735352,-1.079373061656963,0.9244114160537816,0.5773797631263782,0.06964877247810503,0.547137856483465,-0.11353604495525568,-0.2321958541870145,-0.4547268152236966,0.463473796844488,-0.0007893890142447735,-0.5252718925476185,-0.42601823806762695,0.2951592206954956,-0.24032443761825872,-0.4493117332458496,-0.5093961954116821,0.06191134452819824,-0.07995137711987,0.0637888908386286,-0.8806198835372925,3.0,3.0,3.0,3.0,3.0,3.0,3.0,3.0,3.0,3.0,3.0,3.0,3.0,3.0,3.0,3.0,3.0,3.0,3.0,3.0,0.05,0.05,0.05,0.05,0.05,0.05,0.05,0.05,0.05,0.05,0.05,0.05,0.05,0.05,0.05,0.05,0.05,0.05,0.05,0.05,0.0,0.0,0.0,0.0,0.0,0.0,0.0,0.0,0.0,0.0,0.0,0.0,0.0,0.0,0.0,0.0,0.0,0.0,0.0,0.0,0.33020901679992704,0.6262406110763545,0.3685455322265622,0.09826292097568577,1.2981854677200317,0.20499590039253235,0.3863864243030559,0.16787056624889424,1.4174305200576789,0.10843931138515452,1.0660825967788707,0.7404205799102784,1.4310843944549567,0.1641301214694974,1.1683778762817396,0.7093296647071842,1.4015572071075448,0.11548139899969055,1.4729182720184333,0.629244029521943,-0.858335942029953,1.0966673493385426,0.6112106144428309,-1.47365331649782,-0.35752058029174805,0.013805553317070701,-2.4473682045936793,-1.155184209346788,-1.6750216484069824,0.4568334668874789,-2.525490522384671,-0.16294717788696844,-1.5489190816879272,0.6489783525466988,-2.483078837394742,-0.5642876029014615,-2.2470980882644764,1.0780388489365682,-1.600912213325506,-1.9492149353027592,3.0,3.0,3.0,3.0,3.0,3.0,3.0,3.0,3.0,3.0,3.0,3.0,3.0,3.0,3.0,3.0,3.0,3.0,3.0,3.0,0.05,0.05,0.05,0.05,0.05,0.05,0.05,0.05,0.05,0.05,0.05,0.05,0.05,0.05,0.05,0.05,0.05,0.05,0.05,0.05,0.0,0.0,0.0,0.0,0.0,0.0,0.0,0.0,0.0,0.0,0.0,0.0,0.0,0.0,0.0,0.0,0.0,0.0,0.0,0.0
0.5009937286376953,0.5112566351890564,0.25924110412597656,0.41675302386283875,1.1121987104415894,-0.24208484590053558,0.5078091025352478,0.459943562746048,1.2674784660339355,-0.08115813881158829,1.2703856229782104,0.9779841303825378,1.3376156091690063,-0.08744347840547562,1.4453771114349365,0.9059340953826904,1.3810070753097534,-0.004433404188603163,1.544464111328125,1.1233024597167969,-0.9312301874160905,0.7483616471290699,0.540675222873694,-0.05463138222694397,0.3293722867965809,-0.05667246878147264,-0.26413053274154663,-0.5370117723941858,0.38222372531891424,-0.008771568536758423,-0.4523873329162653,-0.6154894828796414,0.25087296962738037,-0.22505838423967603,-0.3678321838378906,-0.663417577743533,0.021788477897644043,-0.11420267401263204,0.051030516624450684,-1.0866552591323964,3.0,3.0,3.0,3.0,3.0,3.0,3.0,3.0,3.0,3.0,3.0,3.0,3.0,3.0,3.0,3.0,3.0,3.0,3.0,3.0,0.05,0.05,0.05,0.05,0.05,0.05,0.05,0.05,0.05,0.05,0.05,0.05,0.05,0.05,0.05,0.05,0.05,0.05,0.05,0.05,0.0,0.0,0.0,0.0,0.0,0.0,0.0,0.0,0.0,0.0,0.0,0.0,0.0,0.0,0.0,0.0,0.0,0.0,0.0,0.0,0.3067642152309418,0.6468387246131897,0.38047540187835693,0.06969133019447327,1.2823511362075806,0.20466899871826172,0.3326805830001831,0.1504487246274948,1.375582218170166,0.11825297027826309,1.0159428119659424,0.7399470806121826,1.392877459526062,0.17812317609786987,1.1191086769104004,0.6966190934181213,1.348219871520996,0.14007781445980072,1.4388288259506226,0.591891884803772,-1.1572584509849617,0.6808623671531788,0.4915408790111611,-1.3815484941005869,-0.8701503276824951,-0.26275627315044403,-2.5062076747417725,-0.671210885047925,-1.8755614757538008,0.3202851861715369,-2.0638003945350922,0.06304830312728604,-1.6270160675048995,0.5619607865810463,-2.044463157653842,-0.5636885762214744,-2.187284827232383,1.0913548991084212,-1.3938635587692427,-1.688264310359977,3.0,3.0,3.0,3.0,3.0,3.0,3.0,3.0,3.0,3.0,3.0,3.0,3.0,3.0,3.0,3.0,3.0,3.0,3.0,3.0,0.05,0.05,0.05,0.05,0.05,0.05,0.05,0.05,0.05,0.05,0.05,0.05,0.05,0.05,0.05,0.05,0.05,0.05,0.05,0.05,0.0,0.0,0.0,0.0,0.0,0.0,0.0,0.0,0.0,0.0,0.0,0.0,0.0,0.0,0.0,0.0,0.0,0.0,0.0,0.0
0.484497606754303,0.5231620669364929,0.268785297870636,0.4141855239868164,1.115789532661438,-0.24313732981681824,0.5019544363021851,0.44973915815353394,1.274200439453125,-0.08189326524734497,1.2624611854553223,0.9665623307228088,1.3422267436981201,-0.09178406000137329,1.439553141593933,0.8937336206436157,1.3811347484588623,-0.00721092289313674,1.5453712940216064,1.1033176183700562,-0.6567008793354034,0.44386982917785645,0.3480561077594757,-0.20488575100898743,0.14017224311828613,-0.07025673985481262,-0.3047667443752289,-0.48710405826568604,0.2931565046310425,-0.09971968829631805,-0.3198683261871338,-0.5868047475814819,0.1520991325378418,-0.26991963386535645,-0.17892122268676758,-0.6555825471878052,-0.04222095012664795,-0.25642841355875134,0.04082322120666504,-1.0497212409973145,3.0,3.0,3.0,3.0,3.0,3.0,3.0,3.0,3.0,3.0,3.0,3.0,3.0,3.0,3.0,3.0,3.0,3.0,3.0,3.0,0.05,0.05,0.05,0.05,0.05,0.05,0.05,0.05,0.05,0.05,0.05,0.05,0.05,0.05,0.05,0.05,0.05,0.05,0.05,0.05,0.0,0.0,0.0,0.0,0.0,0.0,0.0,0.0,0.0,0.0,0.0,0.0,0.0,0.0,0.0,0.0,0.0,0.0,0.0,0.0,0.28391867876052856,0.6534751057624817,0.38820716738700867,0.04300098121166229,1.263379454612732,0.1944856494665146,0.286138117313385,0.14102213084697723,1.3424080610275269,0.12125071883201599,0.983530580997467,0.7429425120353699,1.3660037517547607,0.18660855293273926,1.086599349975586,0.6867821216583252,1.3140658140182495,0.1591355949640274,1.4171637296676636,0.561713457107544,-1.0819800198078156,-0.003986060619354248,0.25604888796806335,-1.2718840036541224,-1.005682349205017,-0.7237356156110764,-2.147303521633148,-0.25824569165706635,-1.6631633043289185,-0.011163391172885895,-1.1744946241378784,0.18605291843414307,-1.1028498411178589,0.31585507094860077,-1.1907249689102173,-0.4702329635620117,-1.3549387454986572,0.7720664143562317,-0.8381813764572144,-1.4307722449302673,3.0,3.0,3.0,3.0,3.0,3.0,3.0,3.0,3.0,3.0,3.0,3.0,3.0,3.0,3.0,3.0,3.0,3.0,3.0,3.0,0.05,0.05,0.05,0.05,0.05,0.05,0.05,0.05,0.05,0.05,0.05,0.05,0.05,0.05,0.05,0.05,0.05,0.05,0.05,0.05,0.0,0.0,0.0,0.0,0.0,0.0,0.0,0.0,0.0,0.0,0.0,0.0,0.0,0.0,0.0,0.0,0.0,0.0,0.0,0.0
0.4747256934642792,0.5290114283561707,0.2731633484363556,0.40855759382247925,1.1178056001663208,-0.2448951154947281,0.49561843276023865,0.44045940041542053,1.2792047262191772,-0.08514692634344101,1.257590889930725,0.9545119404792786,1.34369957447052,-0.09824026376008987,1.4382202625274658,0.8797107934951782,1.3793182373046875,-0.014690540730953217,1.5460970401763916,1.0813136100769043,-0.4156962037086487,0.19902288913726807,0.21694675087928772,-0.2301231026649475,-0.028005242347717285,-0.10648854076862335,-0.2910114824771881,-0.37549808621406555,0.14613866806030273,-0.15600137412548065,-0.2659618854522705,-0.5612999200820923,0.028228759765625,-0.29346365481615067,-0.014159083366394043,-0.6324514746665955,-0.05936622619628906,-0.3700119093991816,0.03265738487243652,-0.9361624717712402,3.0,3.0,3.0,3.0,3.0,3.0,3.0,3.0,3.0,3.0,3.0,3.0,3.0,3.0,3.0,3.0,3.0,3.0,3.0,3.0,0.05,0.05,0.05,0.05,0.05,0.05,0.05,0.05,0.05,0.05,0.05,0.05,0.05,0.05,0.05,0.05,0.05,0.05,0.05,0.05,0.0,0.0,0.0,0.0,0.0,0.0,0.0,0.0,0.0,0.0,0.0,0.0,0.0,0.0,0.0,0.0,0.0,0.0,0.0,0.0,0.26348501443862915,0.6466792821884155,0.39071735739707947,0.018815970048308372,1.2421238422393799,0.17571957409381866,0.24678844213485718,0.14011889696121216,1.3090556859970093,0.11780643463134766,0.9689630270004272,0.7473891973495483,1.3487634658813477,0.1907573789358139,1.0714796781539917,0.6778097748756409,1.2940223217010498,0.17096047103405,1.405301570892334,0.5346609950065613,-1.1032700538635254,-0.33471137285232544,0.016146153211593628,-1.0968691669404507,-1.0767430067062378,-0.8262321352958679,-1.664872094988823,0.28364546597003937,-1.3796091079711914,-0.14632884413003922,-0.2794787287712097,0.1097753643989563,-0.7316797971725464,0.17142519354820251,-0.3127753734588623,-0.5009904503822327,-0.8134782314300537,0.45671015977859497,-0.2524435520172119,-1.2949034571647644,3.0,3.0,3.0,3.0,3.0,3.0,3.0,3.0,3.0,3.0,3.0,3.0,3.0,3.0,3.0,3.0,3.0,3.0,3.0,3.0,0.05,0.05,0.05,0.05,0.05,0.05,0.05,0.05,0.05,0.05,0.05,0.05,0.05,0.05,0.05,0.05,0.05,0.05,0.05,0.05,0.0,0.0,0.0,0.0,0.0,0.0,0.0,0.0,0.0,0.0,0.0,0.0,0.0,0.0,0.0,0.0,0.0,0.0,0.0,0.0
0.46786975860595703,0.5311229825019836,0.2774631679058075,0.4049805998802185,1.1146693229675293,-0.24739687144756317,0.49031397700309753,0.4347192347049713,1.280045986175537,-0.0881333202123642,1.2518227100372314,0.9441103339195251,1.3433558940887451,-0.10352260619401932,1.4389867782592773,0.8684355616569519,1.3787600994110107,-0.022011399269104004,1.546677589416504,1.0658711194992065,-0.25569573044776917,0.09918212890625,0.21241232752799988,-0.0956706702709198,-0.4693835973739624,-0.10804086923599243,-0.08912235498428345,0.14011934399604797,-0.17424821853637695,-0.11215787380933762,-0.25454461574554443,-0.28320401906967163,-0.1984119415283203,-0.2131996676325798,0.20128190517425537,-0.3249257802963257,-0.13081729412078857,-0.3571765497326851,0.02612471580505371,-0.11413693428039551,3.0,3.0,3.0,3.0,3.0,3.0,3.0,3.0,3.0,3.0,3.0,3.0,3.0,3.0,3.0,3.0,3.0,3.0,3.0,3.0,0.05,0.05,0.05,0.05,0.05,0.05,0.05,0.05,0.05,0.05,0.05,0.05,0.05,0.05,0.05,0.05,0.05,0.05,0.05,0.05,0.0,0.0,0.0,0.0,0.0,0.0,0.0,0.0,0.0,0.0,0.0,0.0,0.0,0.0,0.0,0.0,0.0,0.0,0.0,0.0,0.23978787660598755,0.6400866508483887,0.3888530135154724,-0.0008737854659557343,1.2203097343444824,0.16143636405467987,0.2195432335138321,0.1523679494857788,1.2872236967086792,0.11539756506681442,0.9723514318466187,0.7473335266113281,1.3367365598678589,0.19346556067466736,1.0740883350372314,0.6667425036430359,1.2815266847610474,0.1774040013551712,1.407065987586975,0.5099173188209534,-1.3506900519132614,-0.25151073932647705,-0.13417601585388184,-0.8767666760832071,-0.9063035249710083,-0.39413683116436005,-0.9190574288368225,0.9722977876663208,-0.771835446357727,-0.006002560257911682,0.49052536487579346,-0.20768046379089355,-0.45902132987976074,0.19893795251846313,0.5094438791275024,-0.6493568420410156,-0.37486255168914795,0.27832798659801483,0.48768818378448486,-1.160210371017456,3.0,3.0,3.0,3.0,3.0,3.0,3.0,3.0,3.0,3.0,3.0,3.0,3.0,3.0,3.0,3.0,3.0,3.0,3.0,3.0,0.05,0.05,0.05,0.05,0.05,0.05,0.05,0.05,0.05,0.05,0.05,0.05,0.05,0.05,0.05,0.05,0.05,0.05,0.05,0.05,0.0,0.0,0.0,0.0,0.0,0.0,0.0,0.0,0.0,0.0,0.0,0.0,0.0,0.0,0.0,0.0,0.0,0.0,0.0,0.0
0.4644978642463684,0.5329787135124207,0.2816598415374756,0.40473076701164246,1.0990302562713623,-0.24921675026416779,0.4920535385608673,0.44606417417526245,1.2722347974777222,-0.08963324129581451,1.2474091053009033,0.9431837797164917,1.3357630968093872,-0.10676825046539307,1.446271538734436,0.8667137622833252,1.374085545539856,-0.02897760272026062,1.5471420288085938,1.0767481327056885,-0.07197856903076172,0.05659162998199463,0.22163018584251404,0.030038505792617798,-1.0388344526290894,-0.06424672901630402,0.23319795727729797,0.951094925403595,-0.6503880023956299,0.026691891252994537,-0.22569000720977783,0.20026862621307373,-0.682029128074646,0.008977390825748444,0.4551351070404053,0.2748757600784302,-0.5494982004165649,-0.1185110304504633,0.020900368690490723,1.1373341083526611,3.0,3.0,3.0,3.0,3.0,3.0,3.0,3.0,3.0,3.0,3.0,3.0,3.0,3.0,3.0,3.0,3.0,3.0,3.0,3.0,0.05,0.05,0.05,0.05,0.05,0.05,0.05,0.05,0.05,0.05,0.05,0.05,0.05,0.05,0.05,0.05,0.05,0.05,0.05,0.05,0.0,0.0,0.0,0.0,0.0,0.0,0.0,0.0,0.0,0.0,0.0,0.0,0.0,0.0,0.0,0.0,0.0,0.0,0.0,0.0,0.2094574123620987,0.6366188526153564,0.3853503167629242,-0.016254696995019913,1.2058717012405396,0.15995410084724426,0.21002614498138428,0.179010808467865,1.2781822681427002,0.11756633222103119,0.988584041595459,0.7390819787979126,1.3304026126861572,0.19871489703655243,1.0918574333190918,0.6518355011940002,1.2790278196334839,0.18209359049797058,1.4248090982437134,0.48825258016586304,-1.568048819899559,-0.12404471635818481,-0.30676499009132385,-0.6856109946966171,-0.9627729654312134,0.16652122139930725,0.008469074964523315,2.004040405154228,-0.3352522850036621,0.3212032839655876,1.35459303855896,-1.22574120759964,-0.1619398593902588,0.3965117037296295,1.4965534210205078,-1.4588713645935059,0.1161426305770874,0.2938613295555115,1.064532995223999,-1.3813748955726624,3.0,3.0,3.0,3.0,3.0,3.0,3.0,3.0,3.0,3.0,3.0,3.0,3.0,3.0,3.0,3.0,3.0,3.0,3.0,3.0,0.05,0.05,0.05,0.05,0.05,0.05,0.05,0.05,0.05,0.05,0.05,0.05,0.05,0.05,0.05,0.05,0.05,0.05,0.05,0.05,0.0,0.0,0.0,0.0,0.0,0.0,0.0,0.0,0.0,0.0,0.0,0.0,0.0,0.0,0.0,0.0,0.0,0.0,0.0,0.0
0.46499061584472656,0.5333866477012634,0.28632837533950806,0.4061821401119232,1.0731159448623657,-0.24996674060821533,0.49964189529418945,0.4727630317211151,1.254030466079712,-0.08706564456224442,1.2427951097488403,0.9521210789680481,1.3160747289657593,-0.10316351056098938,1.4571921825408936,0.8794305920600891,1.3567801713943481,-0.026751840487122536,1.5475136041641235,1.111364483833313,0.3673866391181946,-0.4936143755912781,0.15368163585662842,0.4381641745567322,-1.5804767608642578,-0.2353902906179428,0.6727315485477448,1.6238316893577576,-1.4520436525344849,0.18717274069786072,-0.4986882209777832,0.375637412071228,-1.9819170236587524,0.43672695755958557,-0.04832148551940918,0.5892232060432434,-3.223341703414917,1.112855365499854,-0.542151927947998,1.5383541584014893,3.0,3.0,3.0,3.0,3.0,3.0,3.0,3.0,3.0,3.0,3.0,3.0,3.0,3.0,3.0,3.0,3.0,3.0,3.0,3.0,0.05,0.05,0.05,0.05,0.05,0.05,0.05,0.05,0.05,0.05,0.05,0.05,0.05,0.05,0.05,0.05,0.05,0.05,0.05,0.05,0.0,0.0,0.0,0.0,0.0,0.0,0.0,0.0,0.0,0.0,0.0,0.0,0.0,0.0,0.0,0.0,0.0,0.0,0.0,0.0,0.1770659238100052,0.6351248621940613,0.37658241391181946,-0.02829822525382042,1.1817988157272339,0.16809721291065216,0.21988199651241302,0.23252956569194794,1.2738136053085327,0.12824569642543793,1.026535153388977,0.6983038783073425,1.3302589654922485,0.20932602882385254,1.1339504718780518,0.6083876490592957,1.2861723899841309,0.18915845453739166,1.449647307395935,0.4546623229980469,-1.1142607778310776,-0.24517327547073364,-0.3924340009689331,-0.5655820481479168,-0.9585529565811157,0.26634112000465393,0.6534278392791748,2.46477872133255,-0.4738360643386841,0.3659650683403015,1.5483230352401733,-2.032051980495453,-0.06172358989715576,0.3492463380098343,1.7942219972610474,-2.132536470890045,0.3695845603942871,0.15363246202468872,1.11771821975708,-1.5578091144561768,3.0,3.0,3.0,3.0,3.0,3.0,3.0,3.0,3.0,3.0,3.0,3.0,3.0,3.0,3.0,3.0,3.0,3.0,3.0,3.0,0.05,0.05,0.05,0.05,0.05,0.05,0.05,0.05,0.05,0.05,0.05,0.05,0.05,0.05,0.05,0.05,0.05,0.05,0.05,0.05,0.0,0.0,0.0,0.0,0.0,0.0,0.0,0.0,0.0,0.0,0.0,0.0,0.0,0.0,0.0,0.0,0.0,0.0,0.0,0.0
0.4791933298110962,0.5132341384887695,0.2878071069717407,0.42225733399391174,1.035811185836792,-0.2586323618888855,0.5189628005027771,0.5110174417495728,1.2141530513763428,-0.08214633166790009,1.227461576461792,0.9582092761993408,1.256486415863037,-0.08929917216300964,1.4443386793136597,0.8902826905250549,1.2451518774032593,0.015536611899733543,1.5254559516906738,1.138282299041748,1.0743021965026855,-1.6440875828266144,0.17462372779846191,1.4248251914978027,-1.9168481230735779,-0.523018091917038,1.3270318508148193,2.199026197195053,-2.639615535736084,0.3472471609711647,-1.1169344186782837,0.1797690987586975,-4.019036889076233,0.8806928992271423,-1.4299571514129639,0.31267106533050537,-7.382431626319885,2.4011118803173304,-2.9710352420806885,0.3793001174926758,3.0,3.0,3.0,3.0,3.0,3.0,3.0,3.0,3.0,3.0,3.0,3.0,3.0,3.0,3.0,3.0,3.0,3.0,3.0,3.0,0.05,0.05,0.05,0.05,0.05,0.05,0.05,0.05,0.05,0.05,0.05,0.05,0.05,0.05,0.05,0.05,0.05,0.05,0.05,0.05,0.0,0.0,0.0,0.0,0.0,0.0,0.0,0.0,0.0,0.0,0.0,0.0,0.0,0.0,0.0,0.0,0.0,0.0,0.0,0.0,0.1648869812488556,0.6268119215965271,0.36965295672416687,-0.038877978920936584,1.167529582977295,0.17060774564743042,0.23616325855255127,0.277601957321167,1.2592288255691528,0.13220493495464325,1.050516963005066,0.6577998995780945,1.327933669090271,0.2126847505569458,1.1636263132095337,0.5665340423583984,1.2938112020492554,0.18823888897895813,1.4695178270339966,0.42594021558761597,-0.24060718715190887,-0.78248530626297,-0.419018417596817,-0.46767638996243477,-0.676301121711731,0.034685805439949036,0.8546691387891769,2.0621586591005325,-0.9824424982070923,-0.008120015263557434,0.8521825075149536,-1.966986060142517,-0.21529793739318848,0.04118084907531738,1.2396901845932007,-1.974998414516449,0.3959864377975464,-0.15373341739177704,0.8941739797592163,-1.3184137642383575,3.0,3.0,3.0,3.0,3.0,3.0,3.0,3.0,3.0,3.0,3.0,3.0,3.0,3.0,3.0,3.0,3.0,3.0,3.0,3.0,0.05,0.05,0.05,0.05,0.05,0.05,0.05,0.05,0.05,0.05,0.05,0.05,0.05,0.05,0.05,0.05,0.05,0.05,0.05,0.05,0.0,0.0,0.0,0.0,0.0,0.0,0.0,0.0,0.0,0.0,0.0,0.0,0.0,0.0,0.0,0.0,0.0,0.0,0.0,0.0
0.507962703704834,0.46762314438819885,0.29331332445144653,0.4631751477718353,0.9964420199394226,-0.27088746428489685,0.5527231693267822,0.5607240796089172,1.1484458446502686,-0.07317575812339783,1.198117733001709,0.959311842918396,1.15531325340271,-0.06793579459190369,1.399993896484375,0.8919374346733093,1.0614829063415527,0.06929263472557068,1.428672194480896,1.12653648853302,2.4659544229507446,-1.9715897738933563,0.20174160599708557,2.154073864221573,-2.5024592876434326,0.40198564529418945,2.622486650943756,3.501066565513611,-3.3295005559921265,0.9041126817464828,-1.2367427349090576,0.39378851652145386,-4.847404360771179,1.1857084929943085,-2.102133631706238,0.7073074579238892,-7.448169589042664,1.8424896989017725,-4.857125878334045,-1.8023967742919922,3.0,3.0,3.0,3.0,3.0,3.0,3.0,3.0,3.0,3.0,3.0,3.0,3.0,3.0,3.0,3.0,3.0,3.0,3.0,3.0,0.05,0.05,0.05,0.05,0.05,0.05,0.05,0.05,0.05,0.05,0.05,0.05,0.05,0.05,0.05,0.05,0.05,0.05,0.05,0.05,0.0,0.0,0.0,0.0,0.0,0.0,0.0,0.0,0.0,0.0,0.0,0.0,0.0,0.0,0.0,0.0,0.0,0.0,0.0,0.0,0.16744163632392883,0.6038254499435425,0.3598216772079468,-0.04700528085231781,1.1547467708587646,0.16948464512825012,0.2540687620639801,0.31501591205596924,1.234515905380249,0.12792089581489563,1.0606224536895752,0.6196244359016418,1.321647047996521,0.21097326278686523,1.1835380792617798,0.5293877124786377,1.3020118474960327,0.18300911784172058,1.4854142665863037,0.4019257724285126,0.35673007369041443,-1.2923642992973328,-0.15596076846122742,-0.34759407863020897,-0.7197916507720947,-0.09024292230606079,0.9396858513355255,1.7352402210235596,-1.532226800918579,-0.3340216353535652,0.030624866485595703,-1.9398286938667297,-0.8126199245452881,-0.1599639654159546,0.5380839109420776,-1.8644392490386963,-0.10315179824829102,-0.3518279641866684,0.4358619451522827,-1.2596197426319122,3.0,3.0,3.0,3.0,3.0,3.0,3.0,3.0,3.0,3.0,3.0,3.0,3.0,3.0,3.0,3.0,3.0,3.0,3.0,3.0,0.05,0.05,0.05,0.05,0.05,0.05,0.05,0.05,0.05,0.05,0.05,0.05,0.05,0.05,0.05,0.05,0.05,0.05,0.05,0.05,0.0,0.0,0.0,0.0,0.0,0.0,0.0,0.0,0.0,0.0,0.0,0.0,0.0,0.0,0.0,0.0,0.0,0.0,0.0,0.0
0.577831506729126,0.4343705475330353,0.29587677121162415,0.5084202885627747,0.9357128143310547,-0.24255293607711792,0.6238622665405273,0.6510601043701172,1.0809730291366577,-0.04598182439804077,1.1779918670654297,0.973960816860199,1.06259024143219,-0.041870832443237305,1.3602533340454102,0.9185749888420105,0.9472250938415527,0.08923619985580444,1.331170916557312,1.0661864280700684,3.4687787294387817,-1.4959856867790222,0.18618479371070862,2.239345759153366,-2.925325930118561,1.7876200377941132,3.8037121295928955,4.566098749637604,-3.3690303564071655,1.3022901955991983,-0.9373694658279419,0.7976695895195007,-3.965774178504944,1.1428536381572485,-1.9428938627243042,1.4372408390045166,-4.196582734584808,0.6242640316486359,-3.4047216176986694,-2.1710634231567383,3.0,3.0,3.0,3.0,3.0,3.0,3.0,3.0,3.0,3.0,3.0,3.0,3.0,3.0,3.0,3.0,3.0,3.0,3.0,3.0,0.05,0.05,0.05,0.05,0.05,0.05,0.05,0.05,0.05,0.05,0.05,0.05,0.05,0.05,0.05,0.05,0.05,0.05,0.05,0.05,0.0,0.0,0.0,0.0,0.0,0.0,0.0,0.0,0.0,0.0,0.0,0.0,0.0,0.0,0.0,0.0,0.0,0.0,0.0,0.0,0.17915618419647217,0.5751173496246338,0.3634145259857178,-0.05278174206614494,1.1387379169464111,0.166998028755188,0.2737506926059723,0.3470115661621094,1.1979397535324097,0.11884406954050064,1.0517419576644897,0.5802067518234253,1.2954288721084595,0.20628619194030762,1.1851496696472168,0.4919564723968506,1.2896851301193237,0.1741657704114914,1.486952304840088,0.3755554258823395,0.6186444312334061,-1.5034779906272888,0.3426104784011841,-0.1691647805273533,-1.2223005294799805,0.017884373664855957,0.8951187133789062,1.4705806970596313,-2.2537440061569214,-0.5249002948403358,-1.2135684490203857,-2.125486731529236,-2.1346986293792725,-0.346626341342926,-0.6777703762054443,-1.998932659626007,-1.4626622200012207,-0.5053825676441193,-0.6080269813537598,-1.514766365289688,3.0,3.0,3.0,3.0,3.0,3.0,3.0,3.0,3.0,3.0,3.0,3.0,3.0,3.0,3.0,3.0,3.0,3.0,3.0,3.0,0.05,0.05,0.05,0.05,0.05,0.05,0.05,0.05,0.05,0.05,0.05,0.05,0.05,0.05,0.05,0.05,0.05,0.05,0.05,0.05,0.0,0.0,0.0,0.0,0.0,0.0,0.0,0.0,0.0,0.0,0.0,0.0,0.0,0.0,0.0,0.0,0.0,0.0,0.0,0.0
0.6467138528823853,0.40778371691703796,0.3007607161998749,0.55274897813797,0.8794289827346802,-0.19938266277313232,0.704871654510498,0.7433680295944214,1.013684630393982,-0.021084150299429893,1.1606229543685913,0.991218626499176,0.9966822862625122,-0.022221649065613747,1.3222781419754028,0.94942706823349,0.8936195969581604,0.09426319599151611,1.2924833297729492,1.0396939516067505,3.6647140979766846,-1.0797657072544098,0.3110051155090332,2.1687135100364685,-3.1059667468070984,2.8098151087760925,4.537490010261536,4.766885936260223,-3.331422805786133,1.525736367329955,-0.8478403091430664,0.9689584374427795,-2.9174819588661194,1.1168953031301498,-1.736229658126831,1.7937570810317993,-1.5423819422721863,0.08992254734039307,-1.690840721130371,-0.8650034666061401,3.0,3.0,3.0,3.0,3.0,3.0,3.0,3.0,3.0,3.0,3.0,3.0,3.0,3.0,3.0,3.0,3.0,3.0,3.0,3.0,0.05,0.05,0.05,0.05,0.05,0.05,0.05,0.05,0.05,0.05,0.05,0.05,0.05,0.05,0.05,0.05,0.05,0.05,0.05,0.05,0.0,0.0,0.0,0.0,0.0,0.0,0.0,0.0,0.0,0.0,0.0,0.0,0.0,0.0,0.0,0.0,0.0,0.0,0.0,0.0,0.19218741357326508,0.5436863303184509,0.37352609634399414,-0.05377187207341194,1.1058547496795654,0.17020002007484436,0.28987351059913635,0.3738391399383545,1.1443661451339722,0.1069248840212822,1.0120797157287598,0.5346049666404724,1.23625910282135,0.1971082091331482,1.156427264213562,0.4494304060935974,1.2435053586959839,0.1627938151359558,1.4610931873321533,0.34133511781692505,0.744812935590744,-1.3481378555297852,0.3614671528339386,0.014327000826597214,-2.165105938911438,0.3582727164030075,0.6705746054649353,1.2301310896873474,-2.7844905853271484,-0.6650898605585098,-2.4941101670265198,-2.295690029859543,-3.1711608171463013,-0.6800476461648941,-1.8406301736831665,-2.096600830554962,-2.698126435279846,-0.7031619548797607,-1.7015516757965088,-1.7816118896007538,3.0,3.0,3.0,3.0,3.0,3.0,3.0,3.0,3.0,3.0,3.0,3.0,3.0,3.0,3.0,3.0,3.0,3.0,3.0,3.0,0.05,0.05,0.05,0.05,0.05,0.05,0.05,0.05,0.05,0.05,0.05,0.05,0.05,0.05,0.05,0.05,0.05,0.05,0.05,0.05,0.0,0.0,0.0,0.0,0.0,0.0,0.0,0.0,0.0,0.0,0.0,0.0,0.0,0.0,0.0,0.0,0.0,0.0,0.0,0.0
0.7244200706481934,0.3911799192428589,0.3083169758319855,0.5951688289642334,0.8114741444587708,-0.13016033172607422,0.8053618669509888,0.8417355418205261,0.9477161169052124,0.015047630295157433,1.144078254699707,1.0127191543579102,0.9458909630775452,0.002804979681968689,1.290804147720337,0.9903252720832825,0.8855298161506653,0.09283310174942017,1.2635372877120972,1.0315862894058228,3.4454748034477234,-0.47328099608421326,0.5065023899078369,1.4061540365219116,-4.344463348388672,3.454483486711979,4.430586099624634,4.325804114341736,-3.7916839122772217,1.9409898202866316,-0.883057713508606,1.0433629155158997,-2.7453437447547913,1.204381324350834,-1.8458694219589233,1.9253209233283997,-0.7802754640579224,-0.10333936661481857,-2.17893123626709,-0.7004797458648682,3.0,3.0,3.0,3.0,3.0,3.0,3.0,3.0,3.0,3.0,3.0,3.0,3.0,3.0,3.0,3.0,3.0,3.0,3.0,3.0,0.05,0.05,0.05,0.05,0.05,0.05,0.05,0.05,0.05,0.05,0.05,0.05,0.05,0.05,0.05,0.05,0.05,0.05,0.05,0.05,0.0,0.0,0.0,0.0,0.0,0.0,0.0,0.0,0.0,0.0,0.0,0.0,0.0,0.0,0.0,0.0,0.0,0.0,0.0,0.0,0.20894870162010193,0.5211918354034424,0.3778732120990753,-0.052208662033081055,1.0521336793899536,0.1813289374113083,0.3005736768245697,0.39621680974960327,1.0865601301193237,0.09224047511816025,0.951977550983429,0.4883791506290436,1.1685824394226074,0.17908428609371185,1.1115244626998901,0.4080924391746521,1.1817600727081299,0.14603929221630096,1.4188902378082275,0.3042909502983093,1.791800931096077,-1.4883212745189667,-0.1675531268119812,0.22031469270586967,-2.3453325033187866,0.31431689858436584,1.4092780649662018,1.5811547636985779,-2.329188585281372,-0.6773887202143669,-2.6919305324554443,-1.7778150737285614,-2.8359711170196533,-0.7019579410552979,-2.0457416772842407,-1.6550593078136444,-2.876567840576172,-0.579003244638443,-1.8974244594573975,-1.5755906701087952,3.0,3.0,3.0,3.0,3.0,3.0,3.0,3.0,3.0,3.0,3.0,3.0,3.0,3.0,3.0,3.0,3.0,3.0,3.0,3.0,0.05,0.05,0.05,0.05,0.05,0.05,0.05,0.05,0.05,0.05,0.05,0.05,0.05,0.05,0.05,0.05,0.05,0.05,0.05,0.05,0.0,0.0,0.0,0.0,0.0,0.0,0.0,0.0,0.0,0.0,0.0,0.0,0.0,0.0,0.0,0.0,0.0,0.0,0.0,0.0
0.7845328450202942,0.38885247707366943,0.32102081179618835,0.6089951395988464,0.7056504487991333,-0.06120332330465317,0.8820950984954834,0.9164001941680908,0.8620172739028931,0.05655544251203537,1.125300645828247,1.032953143119812,0.8868685364723206,0.02595360390841961,1.248443365097046,1.026439905166626,0.8624085783958435,0.09012962132692337,1.2053260803222656,1.0116747617721558,2.3685231804847717,0.10471716523170471,0.8292719721794128,0.6759285926818848,-5.788455903530121,2.933646459132433,3.087225556373596,3.0650973320007324,-4.490384459495544,1.980316499248147,-1.054278016090393,0.7197529077529907,-2.941754460334778,1.0528495535254478,-2.3991256952285767,1.4937475323677063,-1.228053867816925,-0.09229760617017746,-3.5786479711532593,-1.5593469142913818,3.0,3.0,3.0,3.0,3.0,3.0,3.0,3.0,3.0,3.0,3.0,3.0,3.0,3.0,3.0,3.0,3.0,3.0,3.0,3.0,0.05,0.05,0.05,0.05,0.05,0.05,0.05,0.05,0.05,0.05,0.05,0.05,0.05,0.05,0.05,0.05,0.05,0.05,0.05,0.05,0.0,0.0,0.0,0.0,0.0,0.0,0.0,0.0,0.0,0.0,0.0,0.0,0.0,0.0,0.0,0.0,0.0,0.0,0.0,0.0,0.26385945081710815,0.48415347933769226,0.3668239712715149,-0.044959284365177155,1.012041449546814,0.182772696018219,0.3462446331977844,0.4370853304862976,1.0511986017227173,0.07982933521270752,0.904402494430542,0.46349236369132996,1.122820258140564,0.16902989149093628,1.0745975971221924,0.38322803378105164,1.128442645072937,0.1396336853504181,1.3851962089538574,0.27831149101257324,3.374382108449936,-2.0926974713802338,-0.7055476307868958,1.4023513533174992,-2.0517125725746155,-0.078553706407547,3.1177930533885956,2.3400060832500458,-1.3678908348083496,-0.42363572865724564,-2.09604948759079,-0.5644708871841431,-1.9460320472717285,-0.5659043788909912,-1.8263787031173706,-0.781288743019104,-2.408495545387268,-0.45987218618392944,-1.8053382635116577,-1.0893091559410095,3.0,3.0,3.0,3.0,3.0,3.0,3.0,3.0,3.0,3.0,3.0,3.0,3.0,3.0,3.0,3.0,3.0,3.0,3.0,3.0,0.05,0.05,0.05,0.05,0.05,0.05,0.05,0.05,0.05,0.05,0.05,0.05,0.05,0.05,0.05,0.05,0.05,0.05,0.05,0.05,0.0,0.0,0.0,0.0,0.0,0.0,0.0,0.0,0.0,0.0,0.0,0.0,0.0,0.0,0.0,0.0,0.0,0.0,0.0,0.0
0.8191609978675842,0.3953686058521271,0.341487854719162,0.6222059726715088,0.5799359083175659,-0.012814473360776901,0.9288508892059326,0.9643394351005554,0.7681007385253906,0.09426029026508331,1.1019071340560913,1.0415092706680298,0.828220784664154,0.0449189618229866,1.1948391199111938,1.0500751733779907,0.8364076614379883,0.08914119750261307,1.1203913688659668,0.9692124128341675,1.232077181339264,-0.10526031255722046,1.1021062731742859,0.5992859601974487,-6.2692321836948395,1.9286100286990404,1.2533456087112427,1.6500398516654968,-4.573504626750946,1.4989310875535011,-1.4312058687210083,-0.3236711025238037,-2.866356074810028,0.5794615019112825,-3.1739741563796997,0.6188690662384033,-0.6371080875396729,-0.2720555290579796,-5.084577202796936,-3.211236000061035,3.0,3.0,3.0,3.0,3.0,3.0,3.0,3.0,3.0,3.0,3.0,3.0,3.0,3.0,3.0,3.0,3.0,3.0,3.0,3.0,0.05,0.05,0.05,0.05,0.05,0.05,0.05,0.05,0.05,0.05,0.05,0.05,0.05,0.05,0.05,0.05,0.05,0.05,0.05,0.05,0.0,0.0,0.0,0.0,0.0,0.0,0.0,0.0,0.0,0.0,0.0,0.0,0.0,0.0,0.0,0.0,0.0,0.0,0.0,0.0,0.34392398595809937,0.43748393654823303,0.3496513068675995,0.0038853920996189117,0.970065176486969,0.1781867891550064,0.4252853989601135,0.4898170530796051,1.0318444967269897,0.07529504597187042,0.8681355714797974,0.46580031514167786,1.0907411575317383,0.1564481109380722,1.0384693145751953,0.37684088945388794,1.0854202508926392,0.1276444047689438,1.3466767072677612,0.26071858406066895,3.7185490131378174,-1.9838660955429077,-0.6409339606761932,2.4855037219822407,-3.2311365008354187,-0.2773866057395935,3.97379994392395,2.4065494537353516,-1.6473844647407532,-0.18712151795625687,-2.046671509742737,0.4182301461696625,-1.696518063545227,-0.5828280001878738,-2.162100374698639,0.08079111576080322,-1.7367303371429443,-0.6433449685573578,-2.5475144386291504,-0.780242308974266,3.0,3.0,3.0,3.0,3.0,3.0,3.0,3.0,3.0,3.0,3.0,3.0,3.0,3.0,3.0,3.0,3.0,3.0,3.0,3.0,0.05,0.05,0.05,0.05,0.05,0.05,0.05,0.05,0.05,0.05,0.05,0.05,0.05,0.05,0.05,0.05,0.05,0.05,0.05,0.05,0.0,0.0,0.0,0.0,0.0,0.0,0.0,0.0,0.0,0.0,0.0,0.0,0.0,0.0,0.0,0.0,0.0,0.0,0.0,0.0
0.8338159322738647,0.3846420645713806,0.3651050627231598,0.6329665780067444,0.4548811614513397,0.01594107784330845,0.9322289228439331,0.9824017882347107,0.6790770888328552,0.11651268601417542,1.0680524110794067,1.0200062990188599,0.7722142934799194,0.04913206398487091,1.121484398841858,1.051194667816162,0.8369242548942566,0.07924740016460419,1.0019429922103882,0.8832253217697144,0.34504234790802,-0.9952373802661896,1.2303009629249573,0.5847245454788208,-5.515099316835403,0.8840384427458048,-2.2950366139411926,-1.160275936126709,-4.093356430530548,0.6041673943400383,-2.2566288709640503,-1.7559513449668884,-2.8631553053855896,-0.15831263735890388,-4.0610551834106445,-0.7638663053512573,0.2569735050201416,-0.6340470165014267,-6.057947874069214,-4.923716187477112,3.0,3.0,3.0,3.0,3.0,3.0,3.0,3.0,3.0,3.0,3.0,3.0,3.0,3.0,3.0,3.0,3.0,3.0,3.0,3.0,0.05,0.05,0.05,0.05,0.05,0.05,0.05,0.05,0.05,0.05,0.05,0.05,0.05,0.05,0.05,0.05,0.05,0.05,0.05,0.05,0.0,0.0,0.0,0.0,0.0,0.0,0.0,0.0,0.0,0.0,0.0,0.0,0.0,0.0,0.0,0.0,0.0,0.0,0.0,0.0,0.41260141134262085,0.40479883551597595,0.34118661284446716,0.05446086451411247,0.8827959895133972,0.17167723178863525,0.5051966309547424,0.5333473086357117,0.9853032231330872,0.07234447449445724,0.8225356340408325,0.48022156953811646,1.0549595355987549,0.14571677148342133,0.9881135821342468,0.38645967841148376,1.0589734315872192,0.11389988660812378,1.2832956314086914,0.2471017986536026,2.8240785002708435,-1.0080136358737946,0.15167668461799622,0.9646879509091377,-6.0644954442977905,-0.9954214096069336,2.1724849939346313,1.079735904932022,-3.495258092880249,-0.5897416733205318,-2.647113800048828,0.56438148021698,-2.1078407764434814,-0.5730461329221725,-2.418164908885956,0.654476135969162,-1.1562615633010864,-0.9015237912535667,-3.3062607049942017,-0.6549838930368423,3.0,3.0,3.0,3.0,3.0,3.0,3.0,3.0,3.0,3.0,3.0,3.0,3.0,3.0,3.0,3.0,3.0,3.0,3.0,3.0,0.05,0.05,0.05,0.05,0.05,0.05,0.05,0.05,0.05,0.05,0.05,0.05,0.05,0.05,0.05,0.05,0.05,0.05,0.05,0.05,0.0,0.0,0.0,0.0,0.0,0.0,0.0,0.0,0.0,0.0,0.0,0.0,0.0,0.0,0.0,0.0,0.0,0.0,0.0,0.0
0.832962691783905,0.3555591106414795,0.3906998932361603,0.6455949544906616,0.3593319356441498,0.02254706434905529,0.8370494246482849,0.9179283976554871,0.6043664813041687,0.11842698603868484,1.0116419792175293,0.9712712168693542,0.7136945724487305,0.03858645632863045,1.032396912574768,1.0195205211639404,0.846686601638794,0.063779316842556,0.8780734539031982,0.772263765335083,-0.30956119298934937,-1.443951576948166,1.1624358594417572,0.8374512195587158,-4.392147809267044,0.34829373471438885,-5.708582699298859,-4.073844850063324,-3.670381009578705,0.06161406636238098,-3.005075454711914,-2.6588216423988342,-3.098493814468384,-0.5522650666534901,-4.5236736536026,-1.9712284207344055,0.45794546604156494,-0.5988424643874168,-6.02821558713913,-5.646882951259613,3.0,3.0,3.0,3.0,3.0,3.0,3.0,3.0,3.0,3.0,3.0,3.0,3.0,3.0,3.0,3.0,3.0,3.0,3.0,3.0,0.05,0.05,0.05,0.05,0.05,0.05,0.05,0.05,0.05,0.05,0.05,0.05,0.05,0.05,0.05,0.05,0.05,0.05,0.05,0.05,0.0,0.0,0.0,0.0,0.0,0.0,0.0,0.0,0.0,0.0,0.0,0.0,0.0,0.0,0.0,0.0,0.0,0.0,0.0,0.0,0.4568871259689331,0.39716339111328125,0.35571837425231934,0.04247291013598442,0.7274853587150574,0.13836993277072906,0.5121847987174988,0.533006489276886,0.8920341730117798,0.05170537903904915,0.7622510194778442,0.48837557435035706,1.006427526473999,0.1335262656211853,0.9417427182197571,0.4030199348926544,1.0391697883605957,0.09158345311880112,1.2144262790679932,0.23451922833919525,1.9677668809890747,-0.523655116558075,0.7412582635879517,-0.6625602953135967,-7.809470593929291,-2.7150699868798256,-1.041954755783081,-0.7965043187141418,-5.196332931518555,-1.922127977013588,-3.0297458171844482,0.4390209913253784,-2.781912684440613,-1.0211069136857986,-2.1008536219596863,1.1088311672210693,-0.6054967641830444,-1.2742150574922562,-3.5082221031188965,-0.5173847079277039,3.0,3.0,3.0,3.0,3.0,3.0,3.0,3.0,3.0,3.0,3.0,3.0,3.0,3.0,3.0,3.0,3.0,3.0,3.0,3.0,0.05,0.05,0.05,0.05,0.05,0.05,0.05,0.05,0.05,0.05,0.05,0.05,0.05,0.05,0.05,0.05,0.05,0.05,0.05,0.05,0.0,0.0,0.0,0.0,0.0,0.0,0.0,0.0,0.0,0.0,0.0,0.0,0.0,0.0,0.0,0.0,0.0,0.0,0.0,0.0
0.8214334845542908,0.326884001493454,0.4116024971008301,0.666464626789093,0.27919524908065796,0.029872827231884003,0.7038856148719788,0.8194479942321777,0.532261848449707,0.11897724866867065,0.9478493928909302,0.9136534333229065,0.6482745409011841,0.027041461318731308,0.9405374526977539,0.9723455309867859,0.8552420735359192,0.05529370158910751,0.760814368724823,0.6573500037193298,-0.5715519189834595,-1.2911304831504822,0.9492374956607819,-0.24550855159759521,-3.270600736141205,0.17689885571599007,-6.4247384667396545,-4.8126280307769775,-3.0903100967407227,0.11890176683664322,-3.1247958540916443,-2.9485389590263367,-2.678564190864563,-0.37777721881866455,-4.6405598521232605,-2.740299701690674,0.613616406917572,-0.28418684378266335,-5.553235113620758,-5.650609731674194,3.0,3.0,3.0,3.0,3.0,3.0,3.0,3.0,3.0,3.0,3.0,3.0,3.0,3.0,3.0,3.0,3.0,3.0,3.0,3.0,0.05,0.05,0.05,0.05,0.05,0.05,0.05,0.05,0.05,0.05,0.05,0.05,0.05,0.05,0.05,0.05,0.05,0.05,0.05,0.05,0.0,0.0,0.0,0.0,0.0,0.0,0.0,0.0,0.0,0.0,0.0,0.0,0.0,0.0,0.0,0.0,0.0,0.0,0.0,0.0,0.49131208658218384,0.38385263085365295,0.37083694338798523,0.027958452701568604,0.5704171657562256,0.06307443231344223,0.4635184407234192,0.501487135887146,0.777449905872345,-0.004540644586086273,0.7013458013534546,0.4977824091911316,0.9436830282211304,0.10487249493598938,0.9040794372558594,0.43081292510032654,1.0347535610198975,0.06293128430843353,1.1429667472839355,0.22640641033649445,1.5377700328826904,-0.7267557084560394,0.6271474063396454,-0.603401567786932,-6.888115406036377,-3.305472247302532,-2.0586714148521423,-1.349148154258728,-5.01600056886673,-2.355297189205885,-2.4493440985679626,0.6446339190006256,-2.977268397808075,-1.4025093987584114,-1.7775699496269226,1.3037517666816711,-0.5972445011138916,-1.2649081647396088,-3.5459667444229126,-0.4298452287912369,3.0,3.0,3.0,3.0,3.0,3.0,3.0,3.0,3.0,3.0,3.0,3.0,3.0,3.0,3.0,3.0,3.0,3.0,3.0,3.0,0.05,0.05,0.05,0.05,0.05,0.05,0.05,0.05,0.05,0.05,0.05,0.05,0.05,0.05,0.05,0.05,0.05,0.05,0.05,0.05,0.0,0.0,0.0,0.0,0.0,0.0,0.0,0.0,0.0,0.0,0.0,0.0,0.0,0.0,0.0,0.0,0.0,0.0,0.0,0.0
0.8101006150245667,0.3039138913154602,0.42866939306259155,0.6357746124267578,0.2285079061985016,0.029623018577694893,0.5800598859786987,0.725423276424408,0.4807540774345398,0.12318305671215057,0.8866501450538635,0.8533296585083008,0.606552004814148,0.023475367575883865,0.8467745184898376,0.9099085330963135,0.8712312579154968,0.052411843091249466,0.6559440493583679,0.5462393760681152,-0.03888159990310669,-0.9300753474235535,0.34590959548950195,-4.037940502166748,-2.170730382204056,-0.12356573715806007,-5.6678131222724915,-4.296523332595825,-2.409590780735016,0.18684640526771545,-2.801845967769623,-2.77998149394989,-1.9572123885154724,-0.14257729053497314,-4.45253849029541,-2.9951855540275574,0.6776601076126099,-0.06735306233167648,-4.831381142139435,-5.112828314304352,3.0,3.0,3.0,3.0,3.0,3.0,3.0,3.0,3.0,3.0,3.0,3.0,3.0,3.0,3.0,3.0,3.0,3.0,3.0,3.0,0.05,0.05,0.05,0.05,0.05,0.05,0.05,0.05,0.05,0.05,0.05,0.05,0.05,0.05,0.05,0.05,0.05,0.05,0.05,0.05,0.0,0.0,0.0,0.0,0.0,0.0,0.0,0.0,0.0,0.0,0.0,0.0,0.0,0.0,0.0,0.0,0.0,0.0,0.0,0.0,0.5183979272842407,0.3680931627750397,0.38080427050590515,0.01833684742450714,0.4519607424736023,0.006151042878627777,0.4298379421234131,0.47904056310653687,0.6913941502571106,-0.04250650852918625,0.6642772555351257,0.5141609311103821,0.887336790561676,0.07742588967084885,0.8706399202346802,0.45517000555992126,1.01528000831604,0.040987126529216766,1.0725876092910767,0.21732541918754578,1.2141689658164978,-0.8200779557228088,0.3124751150608063,-0.38812486454844475,-5.173525959253311,-2.3985253646969795,-1.369861513376236,-0.9183764457702637,-3.6653727293014526,-1.6146501526236534,-1.341143250465393,0.960947573184967,-2.8864294290542603,-1.2665333226323128,-1.7670810222625732,1.0631166398525238,-1.1183738708496094,-0.9758355561643839,-3.4069061279296875,-0.4335705190896988,3.0,3.0,3.0,3.0,3.0,3.0,3.0,3.0,3.0,3.0,3.0,3.0,3.0,3.0,3.0,3.0,3.0,3.0,3.0,3.0,0.05,0.05,0.05,0.05,0.05,0.05,0.05,0.05,0.05,0.05,0.05,0.05,0.05,0.05,0.05,0.05,0.05,0.05,0.05,0.05,0.0,0.0,0.0,0.0,0.0,0.0,0.0,0.0,0.0,0.0,0.0,0.0,0.0,0.0,0.0,0.0,0.0,0.0,0.0,0.0
0.8198782205581665,0.28968098759651184,0.42543888092041016,0.5049470067024231,0.19236603379249573,0.0249301977455616,0.4771730899810791,0.6475870609283447,0.4358782172203064,0.12645110487937927,0.8357755541801453,0.8024541735649109,0.5699860453605652,0.021338369697332382,0.7624359130859375,0.8525381088256836,0.8823484778404236,0.052599579095840454,0.5675591230392456,0.45283687114715576,0.3335237503051758,-0.43657422065734863,-0.07779672741889954,-5.921490490436554,-1.6684677451848984,-0.318716699257493,-4.746892303228378,-3.5746589303016663,-2.1274685859680176,0.26210956275463104,-2.379894256591797,-2.356375753879547,-1.6428202390670776,0.015564076602458954,-3.8809016346931458,-2.6592180132865906,0.5832642316818237,0.07272977381944656,-3.9663121104240417,-4.222599416971207,3.0,3.0,3.0,3.0,3.0,3.0,3.0,3.0,3.0,3.0,3.0,3.0,3.0,3.0,3.0,3.0,3.0,3.0,3.0,3.0,0.05,0.05,0.05,0.05,0.05,0.05,0.05,0.05,0.05,0.05,0.05,0.05,0.05,0.05,0.05,0.05,0.05,0.05,0.05,0.05,0.0,0.0,0.0,0.0,0.0,0.0,0.0,0.0,0.0,0.0,0.0,0.0,0.0,0.0,0.0,0.0,0.0,0.0,0.0,0.0,0.5398788452148438,0.3510495126247406,0.3833359479904175,0.012433458119630814,0.36347612738609314,-0.03286658227443695,0.40872398018836975,0.46475207805633545,0.6308349967002869,-0.06912665069103241,0.6477000713348389,0.5362203121185303,0.82822585105896,0.05421116203069687,0.8333961963653564,0.4733375906944275,0.9900186061859131,0.023897862061858177,1.006690502166748,0.2090635895729065,1.0517939925193787,-0.8629500865936279,0.004373490810394287,-0.23226323537528515,-3.7654951214790344,-1.5144838020205498,-0.6983943283557892,-0.474606454372406,-2.8121933341026306,-1.079750433564186,-0.557631254196167,1.1611178517341614,-2.7285680174827576,-1.039610616862774,-1.8829300999641418,0.7974401116371155,-1.3464555144309998,-0.7575262570753694,-3.2186031341552734,-0.38310326635837555,3.0,3.0,3.0,3.0,3.0,3.0,3.0,3.0,3.0,3.0,3.0,3.0,3.0,3.0,3.0,3.0,3.0,3.0,3.0,3.0,0.05,0.05,0.05,0.05,0.05,0.05,0.05,0.05,0.05,0.05,0.05,0.05,0.05,0.05,0.05,0.05,0.05,0.05,0.05,0.05,0.0,0.0,0.0,0.0,0.0,0.0,0.0,0.0,0.0,0.0,0.0,0.0,0.0,0.0,0.0,0.0,0.0,0.0,0.0,0.0
0.8234415650367737,0.28645092248916626,0.42555752396583557,0.39891499280929565,0.16176919639110565,0.016874350607395172,0.3901841938495636,0.5824369192123413,0.3956553339958191,0.13366743922233582,0.7914543747901917,0.7590746283531189,0.5408391952514648,0.024097930639982224,0.6915384531021118,0.8035398125648499,0.8945618271827698,0.05532103404402733,0.49729156494140625,0.37733539938926697,0.06819069385528564,-0.2381928265094757,-0.03430768847465515,-4.71944659948349,-1.4396846294403076,-0.3536313772201538,-3.9860330522060394,-2.9712095856666565,-1.8034100532531738,0.3668706864118576,-2.0230859518051147,-1.9899234175682068,-1.2520074844360352,0.11713262647390366,-3.1915709376335144,-2.23139226436615,0.5303874611854553,0.228135846555233,-3.1931862235069275,-3.4313157200813293,3.0,3.0,3.0,3.0,3.0,3.0,3.0,3.0,3.0,3.0,3.0,3.0,3.0,3.0,3.0,3.0,3.0,3.0,3.0,3.0,0.05,0.05,0.05,0.05,0.05,0.05,0.05,0.05,0.05,0.05,0.05,0.05,0.05,0.05,0.05,0.05,0.05,0.05,0.05,0.05,0.0,0.0,0.0,0.0,0.0,0.0,0.0,0.0,0.0,0.0,0.0,0.0,0.0,0.0,0.0,0.0,0.0,0.0,0.0,0.0,0.5604696869850159,0.33357515931129456,0.3809792101383209,0.009046318009495735,0.3013409376144409,-0.054428309202194214,0.4019021689891815,0.4600563049316406,0.5789064168930054,-0.08569652587175369,0.641972005367279,0.5606056451797485,0.7781940698623657,0.03584146499633789,0.7953227162361145,0.4870676100254059,0.9614217877388,0.010686076246201992,0.9438434839248657,0.20200128853321075,1.0011643171310425,-0.9286895394325256,-0.19210651516914368,-0.16850677784532309,-3.113742917776108,-0.6618987768888474,0.27073994278907776,0.337190181016922,-2.429676055908203,-0.511208176612854,-0.05413442850112915,1.2563839554786682,-1.9149482250213623,-0.6450699642300606,-2.196091413497925,0.5661062896251678,-0.9269863367080688,-0.5445933202281594,-3.252290189266205,-0.1927398145198822,3.0,3.0,3.0,3.0,3.0,3.0,3.0,3.0,3.0,3.0,3.0,3.0,3.0,3.0,3.0,3.0,3.0,3.0,3.0,3.0,0.05,0.05,0.05,0.05,0.05,0.05,0.05,0.05,0.05,0.05,0.05,0.05,0.05,0.05,0.05,0.05,0.05,0.05,0.05,0.05,0.0,0.0,0.0,0.0,0.0,0.0,0.0,0.0,0.0,0.0,0.0,0.0,0.0,0.0,0.0,0.0,0.0,0.0,0.0,0.0
0.8226058483123779,0.2801532745361328,0.42406657338142395,0.3161691427230835,0.13477864861488342,0.010784942656755447,0.3177317678928375,0.5287386775016785,0.36374181509017944,0.14112593233585358,0.7548521161079407,0.7228572368621826,0.5199057459831238,0.02602367475628853,0.6347730755805969,0.7632824182510376,0.9035639762878418,0.061725012958049774,0.4398316740989685,0.3155842423439026,-0.3113791346549988,-0.45777931809425354,0.00012814998626708984,-3.6385558545589447,-1.3062875717878342,-0.37083125207573175,-3.338008373975754,-2.4589449167251587,-1.371578872203827,0.365954264998436,-1.6895517706871033,-1.7068877816200256,-0.8972525596618652,0.10109711438417435,-2.5572478771209717,-1.8640607595443726,0.4772797226905823,0.4591102711856365,-2.575206011533737,-2.812797576189041,3.0,3.0,3.0,3.0,3.0,3.0,3.0,3.0,3.0,3.0,3.0,3.0,3.0,3.0,3.0,3.0,3.0,3.0,3.0,3.0,0.05,0.05,0.05,0.05,0.05,0.05,0.05,0.05,0.05,0.05,0.05,0.05,0.05,0.05,0.05,0.05,0.05,0.05,0.05,0.05,0.0,0.0,0.0,0.0,0.0,0.0,0.0,0.0,0.0,0.0,0.0,0.0,0.0,0.0,0.0,0.0,0.0,0.0,0.0,0.0,0.5799254179000854,0.3139019310474396,0.37565168738365173,0.00569318700581789,0.23892641067504883,-0.059342533349990845,0.41955357789993286,0.47823968529701233,0.5336479544639587,-0.08957497775554657,0.6455346941947937,0.586475670337677,0.7516279220581055,0.028408363461494446,0.7455525398254395,0.4959818422794342,0.9529391527175903,0.0021141292527318,0.8765988945960999,0.2013539969921112,0.8808881044387817,-0.8422121405601501,-0.21189749240875244,-0.15450631617568433,-2.613290399312973,-0.09905025362968445,1.0271042585372925,0.956512987613678,-2.0079292356967926,-0.21930169314146042,0.17026662826538086,1.138564944267273,-1.2510612607002258,-0.34838016144931316,-2.3242056369781494,0.37160739302635193,-0.40291398763656616,-0.3840589430183172,-3.163538873195648,-0.06812140345573425,3.0,3.0,3.0,3.0,3.0,3.0,3.0,3.0,3.0,3.0,3.0,3.0,3.0,3.0,3.0,3.0,3.0,3.0,3.0,3.0,0.05,0.05,0.05,0.05,0.05,0.05,0.05,0.05,0.05,0.05,0.05,0.05,0.05,0.05,0.05,0.05,0.05,0.05,0.05,0.05,0.0,0.0,0.0,0.0,0.0,0.0,0.0,0.0,0.0,0.0,0.0,0.0,0.0,0.0,0.0,0.0,0.0,0.0,0.0,0.0
0.8109863996505737,0.2681397497653961,0.42556264996528625,0.25337275862693787,0.10951769351959229,0.002041100524365902,0.25666385889053345,0.48407912254333496,0.340792179107666,0.14830560982227325,0.7238723039627075,0.6907991170883179,0.5049490928649902,0.028141815215349197,0.589248538017273,0.728977382183075,0.9136530160903931,0.07368544489145279,0.39428332448005676,0.2648234963417053,-0.6556585431098938,-0.45619457960128784,-0.04588216543197632,-2.4436619132757187,-1.0261226445436478,-0.3913025837391615,-2.7420029044151306,-1.9888848066329956,-1.0784558951854706,0.2607841044664383,-1.5108391642570496,-1.5102460980415344,-0.6270125508308411,0.06232867017388344,-2.2323429584503174,-1.7079219222068787,0.3667190670967102,0.4594605416059494,-2.114119380712509,-2.3182831704616547,3.0,3.0,3.0,3.0,3.0,3.0,3.0,3.0,3.0,3.0,3.0,3.0,3.0,3.0,3.0,3.0,3.0,3.0,3.0,3.0,0.05,0.05,0.05,0.05,0.05,0.05,0.05,0.05,0.05,0.05,0.05,0.05,0.05,0.05,0.05,0.05,0.05,0.05,0.05,0.05,0.0,0.0,0.0,0.0,0.0,0.0,0.0,0.0,0.0,0.0,0.0,0.0,0.0,0.0,0.0,0.0,0.0,0.0,0.0,0.0,0.5957052111625671,0.29988667368888855,0.3725033104419708,0.002866065362468362,0.196809321641922,-0.05839031934738159,0.4429863393306732,0.49831682443618774,0.49858924746513367,-0.09446859359741211,0.6487826704978943,0.6061482429504395,0.7281516194343567,0.021906258538365364,0.7023544907569885,0.50193190574646,0.9453052282333374,-0.004676281474530697,0.8173019289970398,0.19927643239498138,0.7418319582939148,-1.0519511997699738,-0.27195364236831665,1.3067803112789989,-1.934310421347618,0.014401320368051529,1.529325544834137,1.2378640472888947,-1.4072410762310028,-0.2704508602619171,0.19987374544143677,0.7848978042602539,-0.7977500557899475,-0.3474005497992039,-2.0142555236816406,0.27081891894340515,-0.11394023895263672,-0.34596920013427734,-2.9201537370681763,-0.08800514042377472,3.0,3.0,3.0,3.0,3.0,3.0,3.0,3.0,3.0,3.0,3.0,3.0,3.0,3.0,3.0,3.0,3.0,3.0,3.0,3.0,0.05,0.05,0.05,0.05,0.05,0.05,0.05,0.05,0.05,0.05,0.05,0.05,0.05,0.05,0.05,0.05,0.05,0.05,0.05,0.05,0.0,0.0,0.0,0.0,0.0,0.0,0.0,0.0,0.0,0.0,0.0,0.0,0.0,0.0,0.0,0.0,0.0,0.0,0.0,0.0
0.7963795065879822,0.2619054913520813,0.4222312867641449,0.21842266619205475,0.09373374283313751,-0.004867160692811012,0.2080516517162323,0.44918328523635864,0.3206035792827606,0.1515572965145111,0.6944185495376587,0.6624473929405212,0.49482524394989014,0.028516821563243866,0.5454793572425842,0.6949655413627625,0.9182327389717102,0.08010343462228775,0.35526689887046814,0.2228529155254364,-0.6418839097022955,-0.15983134508132796,-0.26811137795447887,-1.7701748758554354,-0.6871055811643548,-0.3033646382391424,-2.2184409201144977,-1.5431545674800762,-0.9370915591716683,0.1279987394809709,-1.4408394694328142,-1.275297999382005,-0.45117959380149564,-0.007449183613061471,-2.1982893347739925,-1.6567647457122636,0.09235292673110962,0.2725768834352469,-1.8007740378379655,-1.85143835842608,3.0,3.0,3.0,3.0,3.0,3.0,3.0,3.0,3.0,3.0,3.0,3.0,3.0,3.0,3.0,3.0,3.0,3.0,3.0,3.0,0.05,0.05,0.05,0.05,0.05,0.05,0.05,0.05,0.05,0.05,0.05,0.05,0.05,0.05,0.05,0.05,0.05,0.05,0.05,0.05,0.0,0.0,0.0,0.0,0.0,0.0,0.0,0.0,0.0,0.0,0.0,0.0,0.0,0.0,0.0,0.0,0.0,0.0,0.0,0.0,0.609598696231842,0.2718238830566406,0.36477354168891907,0.057964399456977844,0.1615539938211441,-0.058766480535268784,0.48072659969329834,0.5277542471885681,0.47735831141471863,-0.10039301216602325,0.6535296440124512,0.6178715825080872,0.7197179198265076,0.014512341469526291,0.6649823188781738,0.5068145990371704,0.9483815431594849,-0.011724638752639294,0.7597927451133728,0.19783379137516022,0.34707337617874146,-1.1328898370265863,-0.1959562301635756,2.2744805028196273,-1.8847739323973451,0.0947660766541937,2.143176645040484,1.626774668693523,-1.0072000324726007,-0.1492457464337349,0.36264359951018454,0.4883632063865606,-0.30035823583602905,-0.18659117631614203,-1.7758354544639392,0.25443583726882657,0.2596795558929388,-0.20853786263614807,-2.864331007003756,-0.014050677418709495,3.0,3.0,3.0,3.0,3.0,3.0,3.0,3.0,3.0,3.0,3.0,3.0,3.0,3.0,3.0,3.0,3.0,3.0,3.0,3.0,0.05,0.05,0.05,0.05,0.05,0.05,0.05,0.05,0.05,0.05,0.05,0.05,0.05,0.05,0.05,0.05,0.05,0.05,0.05,0.05,0.0,0.0,0.0,0.0,0.0,0.0,0.0,0.0,0.0,0.0,0.0,0.0,0.0,0.0,0.0,0.0,0.0,0.0,0.0,0.0
0.7853110432624819,0.261746495962143,0.4148381948471071,0.18256576359272045,0.08203347027301809,-0.010093485005199795,0.16792622208595354,0.4223529398441319,0.3033085167407993,0.1534255594015121,0.666238725185395,0.6397871971130377,0.4869019091129304,0.02784384787082674,0.5013169646263133,0.6627067923545844,0.9173471331596375,0.08458852022886267,0.32225236296653814,0.19076596200466212,-0.6219461560249245,-0.01471787691116333,-0.39811581373214305,-1.2058541178703295,-0.48253163695335005,-0.25843349285423445,-1.7889503389596793,-1.1348240077495506,-0.8352182805538108,0.10116919875144889,-1.478679478168468,-1.0696560144424327,-0.3320246934890733,-0.03322013653814758,-2.135257422924021,-1.4873981475829967,-0.09336173534393033,0.2110749483108503,-1.490018516778932,-1.3505224138498222,3.0,3.0,3.0,3.0,3.0,3.0,3.0,3.0,3.0,3.0,3.0,3.0,3.0,3.0,3.0,3.0,3.0,3.0,3.0,3.0,0.05,0.05,0.05,0.05,0.05,0.05,0.05,0.05,0.05,0.05,0.05,0.05,0.05,0.05,0.05,0.05,0.05,0.05,0.05,0.05,0.0,0.0,0.0,0.0,0.0,0.0,0.0,0.0,0.0,0.0,0.0,0.0,0.0,0.0,0.0,0.0,0.0,0.0,0.0,0.0,0.6095881462097168,0.2545710802078251,0.3646650612354278,0.09384528547525345,0.12141836434602819,-0.054599676281213844,0.5287134051322926,0.5633878111839287,0.45830124616622964,-0.1004384234547615,0.6632884144783017,0.6256827712059019,0.7161372900009155,0.014442611485719683,0.631321072578431,0.512109339237213,0.955692410469055,-0.01301779597997662,0.7027286887168895,0.198714405298233,0.1251563429832403,-0.8237931877374566,-0.02439171075820784,1.4737676829099533,-1.8474712967872449,0.18770070746540832,2.4065911769866664,1.6829594969749284,-0.8850812911987221,-0.022399798035621296,0.57843327522277,0.34317076206207,-0.10249465703964233,-0.04334978293627383,-1.5010595321655162,0.2843335270881653,0.4040002822875921,-0.07890788838267196,-2.6683583855628688,0.10695420205592901,3.0,3.0,3.0,3.0,3.0,3.0,3.0,3.0,3.0,3.0,3.0,3.0,3.0,3.0,3.0,3.0,3.0,3.0,3.0,3.0,0.05,0.05,0.05,0.05,0.05,0.05,0.05,0.05,0.05,0.05,0.05,0.05,0.05,0.05,0.05,0.05,0.05,0.05,0.05,0.05,0.0,0.0,0.0,0.0,0.0,0.0,0.0,0.0,0.0,0.0,0.0,0.0,0.0,0.0,0.0,0.0,0.0,0.0,0.0,0.0
0.7715016603469852,0.26131677627563477,0.4063066542148592,0.17018850147724157,0.07443247735500351,-0.015204500406980391,0.13649363815784513,0.4037903249263766,0.2871948480606082,0.15560406446456906,0.63527137041092,0.6196611523628239,0.4815442562103272,0.027188016101717963,0.4600690603256234,0.6354696154594426,0.914498269557953,0.08854643255472176,0.29566615819931086,0.1688320189714435,-0.7234796881675692,-0.0689871609210968,-0.4063412547111511,-0.33327266573906983,-0.342979840934279,-0.2796197077259417,-1.3622719794511877,-0.6810851395130226,-0.7277891039848328,0.11280551552772453,-1.7834112048149053,-1.0842472314834595,-0.1959286630153656,-0.035849399864673615,-1.9503399729728754,-1.164627075195318,-0.15894621610641202,0.18444228917360375,-1.19291171431542,-0.7985010743141271,3.0,3.0,3.0,3.0,3.0,3.0,3.0,3.0,3.0,3.0,3.0,3.0,3.0,3.0,3.0,3.0,3.0,3.0,3.0,3.0,0.05,0.05,0.05,0.05,0.05,0.05,0.05,0.05,0.05,0.05,0.05,0.05,0.05,0.05,0.05,0.05,0.05,0.05,0.05,0.05,0.0,0.0,0.0,0.0,0.0,0.0,0.0,0.0,0.0,0.0,0.0,0.0,0.0,0.0,0.0,0.0,0.0,0.0,0.0,0.0,0.6146049499511717,0.23887215554714236,0.36379787325859075,0.11691510677337598,0.0876551419496543,-0.05125845223665245,0.576990246772765,0.5950726270675653,0.44195505976676974,-0.1012890040874481,0.676666975021362,0.63159841299057,0.7156181335449219,0.012778350152075338,0.6049399375915532,0.518187940120697,0.9645415544509885,-0.014880954287946172,0.653058409690858,0.20211195945739738,0.2834826707839938,-0.7708344608545317,-0.09592399001121105,1.0789876803755802,-1.5520653687417574,0.17085382714867592,2.4916380643844604,1.455500721931463,-0.7588915526866941,-0.07305946201085906,0.7655173540115356,0.2396389842033414,0.05428791046142578,-0.12190823908895058,-1.1836528778076254,0.3009438514709445,0.4691272974014282,-0.12831594794988527,-2.3715272545814567,0.21634250879287442,3.0,3.0,3.0,3.0,3.0,3.0,3.0,3.0,3.0,3.0,3.0,3.0,3.0,3.0,3.0,3.0,3.0,3.0,3.0,3.0,0.05,0.05,0.05,0.05,0.05,0.05,0.05,0.05,0.05,0.05,0.05,0.05,0.05,0.05,0.05,0.05,0.05,0.05,0.05,0.05,0.0,0.0,0.0,0.0,0.0,0.0,0.0,0.0,0.0,0.0,0.0,0.0,0.0,0.0,0.0,0.0,0.0,0.0,0.0,0.0
0.7563718557357791,0.25898700952529913,0.39858454465866106,0.16923485696315765,0.06831427663564693,-0.021278273314237463,0.11343534290790602,0.395109534263611,0.274196952581406,0.15793778002262107,0.5949022769927987,0.5964173078536993,0.4790647625923158,0.026409871876239794,0.42330336570739824,0.6161217093467717,0.910989284515381,0.09196621179580682,0.27453589439392134,0.15882591903209703,-0.7751360535621726,-0.10080039501190186,-0.3778181970119518,0.1337990164756761,-0.25494359433651353,-0.3025010228157074,-0.9986020624637749,-0.32786801457405784,-0.702032446861274,0.14753080904483865,-2.0273938775062756,-1.1604338884353749,-0.10802820324897905,-0.03736200742423569,-1.6690418124199122,-0.8378535509109608,-0.15980601310730258,0.16720648854971104,-0.9559132158756395,-0.3838092088699424,3.0,3.0,3.0,3.0,3.0,3.0,3.0,3.0,3.0,3.0,3.0,3.0,3.0,3.0,3.0,3.0,3.0,3.0,3.0,3.0,0.05,0.05,0.05,0.05,0.05,0.05,0.05,0.05,0.05,0.05,0.05,0.05,0.05,0.05,0.05,0.05,0.05,0.05,0.05,0.05,0.0,0.0,0.0,0.0,0.0,0.0,0.0,0.0,0.0,0.0,0.0,0.0,0.0,0.0,0.0,0.0,0.0,0.0,0.0,0.0,0.6209274530410765,0.22373770177364383,0.36082810163497936,0.13700479269027666,0.0593357495963579,-0.04776552319526681,0.628378927707671,0.6216078400611872,0.4279455840587619,-0.10336080193519587,0.6939091086387631,0.6352683305740355,0.7183088064193726,0.009566281922161659,0.5839749574661259,0.5241470932960508,0.9744575023651121,-0.01815043389797203,0.6078675985336313,0.20736810564994798,0.3362342715263422,-0.7438775151968086,-0.14958158135414262,0.9919386357069137,-1.270991563797014,0.18248800188303185,2.490143477916745,1.180458068847673,-0.6383091211319053,-0.1192649826407436,0.8604452013969505,0.14822781085968295,0.17154663801193237,-0.18002310534939286,-0.9349867701530568,0.275970995426178,0.4840001463890131,-0.16707798931747805,-2.100780606269864,0.2645362168550512,3.0,3.0,3.0,3.0,3.0,3.0,3.0,3.0,3.0,3.0,3.0,3.0,3.0,3.0,3.0,3.0,3.0,3.0,3.0,3.0,0.05,0.05,0.05,0.05,0.05,0.05,0.05,0.05,0.05,0.05,0.05,0.05,0.05,0.05,0.05,0.05,0.05,0.05,0.05,0.05,0.0,0.0,0.0,0.0,0.0,0.0,0.0,0.0,0.0,0.0,0.0,0.0,0.0,0.0,0.0,0.0,0.0,0.0,0.0,0.0
0.7404962182044983,0.2572847604751587,0.3911939263343811,0.17554046213626862,0.06423473358154297,-0.02730454131960869,0.09654955565929413,0.3906756043434143,0.2591135501861572,0.1615052968263626,0.554175615310669,0.5732437968254089,0.47722312808036804,0.025693535804748535,0.3933073878288269,0.6019554734230042,0.9081060290336609,0.0952346920967102,0.2574296295642853,0.1534796506166458,-0.6760954856872642,-0.1560091972351088,-0.27383789420128285,0.20071528851985931,-0.12893676757812778,-0.28047328814864486,-0.6434049457311741,-0.09580254554748951,-0.5859367549419486,0.09360499680042475,-1.7375752329826577,-0.9754210710525651,0.1418896019458743,-0.11436208151280923,-1.1435762047767832,-0.4920676350593678,0.026118755340573396,0.07416624575853521,-0.6397269666195027,-0.11380240321159779,3.0,3.0,3.0,3.0,3.0,3.0,3.0,3.0,3.0,3.0,3.0,3.0,3.0,3.0,3.0,3.0,3.0,3.0,3.0,3.0,0.05,0.05,0.05,0.05,0.05,0.05,0.05,0.05,0.05,0.05,0.05,0.05,0.05,0.05,0.05,0.05,0.05,0.05,0.05,0.05,0.0,0.0,0.0,0.0,0.0,0.0,0.0,0.0,0.0,0.0,0.0,0.0,0.0,0.0,0.0,0.0,0.0,0.0,0.0,0.0,0.6280543208122253,0.20911705493927002,0.35781461000442505,0.15659265220165253,0.03681547939777374,-0.04395893216133118,0.6765959858894348,0.6422909498214722,0.41642269492149353,-0.10605960339307785,0.71108478307724,0.6375275254249573,0.7224799990653992,0.005577425938099623,0.5675404667854309,0.5292267799377441,0.9839015603065491,-0.021564073860645294,0.5690271854400635,0.21269340813159943,0.28886348009109775,-0.5493272095918739,-0.022434443235400114,0.7789507508278004,-1.0311021003872294,0.06897542625665873,2.215674519538907,0.8877918124199052,-0.5167290568351814,-0.13693440705537935,0.8855059742927635,0.11079609394073764,0.2827182412147522,-0.13679454568773708,-0.6616041064262501,0.25646388530731756,0.5174577236175593,-0.10802028700709533,-1.7248913645744546,0.2742465585470234,3.0,3.0,3.0,3.0,3.0,3.0,3.0,3.0,3.0,3.0,3.0,3.0,3.0,3.0,3.0,3.0,3.0,3.0,3.0,3.0,0.05,0.05,0.05,0.05,0.05,0.05,0.05,0.05,0.05,0.05,0.05,0.05,0.05,0.05,0.05,0.05,0.05,0.05,0.05,0.05,0.0,0.0,0.0,0.0,0.0,0.0,0.0,0.0,0.0,0.0,0.0,0.0,0.0,0.0,0.0,0.0,0.0,0.0,0.0,0.0
0.7293280363082886,0.2527466416358948,0.38763102889060974,0.17726346850395203,0.06315680593252182,-0.03249720484018326,0.08769914507865906,0.3912774324417114,0.250759482383728,0.16168197989463806,0.5253992676734924,0.5574004650115967,0.48474034667015076,0.021835388615727425,0.3775603175163269,0.596439003944397,0.9120340347290039,0.09493286162614822,0.24894681572914124,0.15427382290363312,-0.5917757749557495,-0.28325915336608887,-0.13859793543815613,0.0034492462873458862,-0.14954470098018646,-0.2670035697519779,-0.20119454711675644,0.2452746033668518,-0.4140634089708328,-0.05629584193229675,-1.0785937309265137,-0.5414694547653198,0.4257209599018097,-0.2841691020876169,-0.4256516695022583,0.002034008502960205,0.22412985563278198,-0.07971972227096558,-0.2593252807855606,0.27746111154556274,3.0,3.0,3.0,3.0,3.0,3.0,3.0,3.0,3.0,3.0,3.0,3.0,3.0,3.0,3.0,3.0,3.0,3.0,3.0,3.0,0.05,0.05,0.05,0.05,0.05,0.05,0.05,0.05,0.05,0.05,0.05,0.05,0.05,0.05,0.05,0.05,0.05,0.05,0.05,0.05,0.0,0.0,0.0,0.0,0.0,0.0,0.0,0.0,0.0,0.0,0.0,0.0,0.0,0.0,0.0,0.0,0.0,0.0,0.0,0.0,0.6324819922447205,0.20176461338996887,0.35993072390556335,0.16816282272338867,0.01809166558086872,-0.04500650614500046,0.7170059084892273,0.6571195125579834,0.4072764217853546,-0.10883817821741104,0.7293293476104736,0.639700174331665,0.7296175360679626,0.004094500094652176,0.5575107932090759,0.5344056487083435,0.9951558113098145,-0.022471245378255844,0.5388719439506531,0.21833796799182892,0.2281278371810913,-0.2642616629600525,0.228872150182724,0.43977200984954834,-1.0598954744637012,-0.15547564253211021,2.042955160140991,0.5396902561187744,-0.6157845258712769,-0.1961681991815567,1.2275844812393188,0.01629739999771118,0.2788618206977844,-0.05416468484327197,-0.23666024208068848,0.23985207080841064,0.5438312888145447,-0.04113134928047657,-1.4046788215637207,0.27359724044799805,3.0,3.0,3.0,3.0,3.0,3.0,3.0,3.0,3.0,3.0,3.0,3.0,3.0,3.0,3.0,3.0,3.0,3.0,3.0,3.0,0.05,0.05,0.05,0.05,0.05,0.05,0.05,0.05,0.05,0.05,0.05,0.05,0.05,0.05,0.05,0.05,0.05,0.05,0.05,0.05,0.0,0.0,0.0,0.0,0.0,0.0,0.0,0.0,0.0,0.0,0.0,0.0,0.0,0.0,0.0,0.0,0.0,0.0,0.0,0.0
0.7168251872062683,0.24595439434051514,0.38565000891685486,0.17567843198776245,0.05825294554233551,-0.037984684109687805,0.08850177377462387,0.4004865884780884,0.2425510138273239,0.15925346314907074,0.5110318660736084,0.5515850186347961,0.49425196647644043,0.014326771721243858,0.3762813210487366,0.6020368337631226,0.9170712232589722,0.09204590320587158,0.24705661833286285,0.16457809507846832,-0.5648940801620483,-0.3751937299966812,-0.023005902767181396,-0.05683340132236481,-0.18646735697984695,-0.28532613068819046,0.1996571198105812,0.5454212427139282,-0.31156837940216064,-0.16350261867046356,-0.3644973039627075,-0.08604675531387329,0.5860887467861176,-0.3698565298691392,0.14946609735488892,0.3861144185066223,0.2976268529891968,-0.1579582691192627,0.017761439085006714,0.5941644310951233,3.0,3.0,3.0,3.0,3.0,3.0,3.0,3.0,3.0,3.0,3.0,3.0,3.0,3.0,3.0,3.0,3.0,3.0,3.0,3.0,0.05,0.05,0.05,0.05,0.05,0.05,0.05,0.05,0.05,0.05,0.05,0.05,0.05,0.05,0.05,0.05,0.05,0.05,0.05,0.05,0.0,0.0,0.0,0.0,0.0,0.0,0.0,0.0,0.0,0.0,0.0,0.0,0.0,0.0,0.0,0.0,0.0,0.0,0.0,0.0,0.637179434299469,0.19854658842086792,0.366969496011734,0.17418353259563446,-0.005580339580774307,-0.050177957862615585,0.7583141922950745,0.6638785600662231,0.39179131388664246,-0.11390633136034012,0.7601881623268127,0.6381794214248657,0.7336344718933105,0.003410838544368744,0.5580740571022034,0.5388208627700806,1.0056548118591309,-0.023209327831864357,0.5128400325775146,0.22363729774951935,0.16079843044281006,-0.0802159309387207,0.32557472586631775,0.4602111876010895,-1.0453523602336645,-0.3379812464118004,1.8707826733589172,0.27293860912323,-0.6721764802932739,-0.22508148103952408,1.42841637134552,-0.08576512336730957,0.2849981188774109,-0.007157213985919952,0.08763223886489868,0.20615607500076294,0.5309551954269409,-0.005317386239767075,-1.109643280506134,0.28756558895111084,3.0,3.0,3.0,3.0,3.0,3.0,3.0,3.0,3.0,3.0,3.0,3.0,3.0,3.0,3.0,3.0,3.0,3.0,3.0,3.0,0.05,0.05,0.05,0.05,0.05,0.05,0.05,0.05,0.05,0.05,0.05,0.05,0.05,0.05,0.05,0.05,0.05,0.05,0.05,0.05,0.0,0.0,0.0,0.0,0.0,0.0,0.0,0.0,0.0,0.0,0.0,0.0,0.0,0.0,0.0,0.0,0.0,0.0,0.0,0.0
0.7067322731018066,0.23773889243602753,0.3867107927799225,0.17499013245105743,0.05569811165332794,-0.043910250067710876,0.0956854298710823,0.41309428215026855,0.2382967472076416,0.15514187514781952,0.5108193755149841,0.5539585947990417,0.5081838965415955,0.007041127420961857,0.38353896141052246,0.6118835806846619,0.9239391088485718,0.08861453086137772,0.2496572732925415,0.17804040014743805,-0.418660044670105,-0.4055093973875046,0.1382872462272644,0.007189810276031494,-0.03098994493484497,-0.33330079168081284,0.5247186869382858,0.7215455174446106,-0.04979632794857025,-0.24544894695281982,0.45004189014434814,0.3710418939590454,0.7679596543312073,-0.3316303831525147,0.5235202610492706,0.5564689636230469,0.4040181636810303,-0.1666078343987465,0.2407412976026535,0.7250282913446426,3.0,3.0,3.0,3.0,3.0,3.0,3.0,3.0,3.0,3.0,3.0,3.0,3.0,3.0,3.0,3.0,3.0,3.0,3.0,3.0,0.05,0.05,0.05,0.05,0.05,0.05,0.05,0.05,0.05,0.05,0.05,0.05,0.05,0.05,0.05,0.05,0.05,0.05,0.05,0.05,0.0,0.0,0.0,0.0,0.0,0.0,0.0,0.0,0.0,0.0,0.0,0.0,0.0,0.0,0.0,0.0,0.0,0.0,0.0,0.0,0.6389139294624329,0.19855597615242004,0.37295371294021606,0.18657127022743225,-0.02372242882847786,-0.05852575600147247,0.791837215423584,0.6680370569229126,0.38038936257362366,-0.117841437458992,0.7864660024642944,0.6362695693969727,0.7410174608230591,0.003808211535215378,0.5610160827636719,0.542651891708374,1.016394019126892,-0.022683940827846527,0.4944862127304077,0.22984059154987335,0.49295127391815186,-0.15779249370098114,-0.007845461368560791,1.1118259280920029,-0.6456577219069004,-0.6156251765787601,1.4804556965827942,0.0702008605003357,-0.391494482755661,-0.2964818850159645,1.2285560369491577,-0.11554956436157227,0.4234015941619873,-0.0980913988314569,0.11523067951202393,0.13890564441680908,0.4788339138031006,-0.03748391754925251,-0.7799156010150909,0.4021190106868744,3.0,3.0,3.0,3.0,3.0,3.0,3.0,3.0,3.0,3.0,3.0,3.0,3.0,3.0,3.0,3.0,3.0,3.0,3.0,3.0,0.05,0.05,0.05,0.05,0.05,0.05,0.05,0.05,0.05,0.05,0.05,0.05,0.05,0.05,0.05,0.05,0.05,0.05,0.05,0.05,0.0,0.0,0.0,0.0,0.0,0.0,0.0,0.0,0.0,0.0,0.0,0.0,0.0,0.0,0.0,0.0,0.0,0.0,0.0,0.0
0.7000787854194641,0.22973401844501495,0.39118149876594543,0.1759660243988037,0.05701334774494171,-0.05131671577692032,0.1094905212521553,0.4293484091758728,0.2405591607093811,0.14943550527095795,0.5290335416793823,0.566426694393158,0.5249703526496887,0.0010615563951432705,0.3972221314907074,0.6242955923080444,0.9332319498062134,0.08538158982992172,0.256686270236969,0.19357922673225403,-0.2597823739051819,-0.3719072788953781,0.24911612272262573,0.11849366128444672,0.15392331406474113,-0.3960566595196724,0.8383741602301598,0.8978486061096191,0.2161465585231781,-0.29325708746910095,1.2631475925445557,0.7934644818305969,0.8939966559410095,-0.2763740485534072,0.8335776627063751,0.6725907325744629,0.5202740430831909,-0.15199240297079086,0.45688748359680176,0.8100584149360657,3.0,3.0,3.0,3.0,3.0,3.0,3.0,3.0,3.0,3.0,3.0,3.0,3.0,3.0,3.0,3.0,3.0,3.0,3.0,3.0,0.05,0.05,0.05,0.05,0.05,0.05,0.05,0.05,0.05,0.05,0.05,0.05,0.05,0.05,0.05,0.05,0.05,0.05,0.05,0.05,0.0,0.0,0.0,0.0,0.0,0.0,0.0,0.0,0.0,0.0,0.0,0.0,0.0,0.0,0.0,0.0,0.0,0.0,0.0,0.0,0.6568974852561951,0.19223488867282867,0.3666556775569916,0.21865656971931458,-0.031406648457050323,-0.07480296492576599,0.8175324201583862,0.6666865944862366,0.376131534576416,-0.1257656067609787,0.809330403804779,0.6335574388504028,0.75057053565979,-0.0005128174088895321,0.5626832842826843,0.5443770885467529,1.0248081684112549,-0.024708684533834457,0.481643408536911,0.23972205817699432,0.5301237106323242,0.36423392593860626,-0.07554739713668823,-0.3408282995223999,-0.47118300572037697,-0.7196322083473206,0.9843811392784119,-0.19255131483078003,-0.3309302031993866,-0.2285882830619812,0.9603947401046753,-0.12286901473999023,0.39653927087783813,-0.08462904661428183,-0.0008299946784973145,0.07256269454956055,0.29142796993255615,-0.016421964392066002,-0.5910977721214294,0.5992133170366287,3.0,3.0,3.0,3.0,3.0,3.0,3.0,3.0,3.0,3.0,3.0,3.0,3.0,3.0,3.0,3.0,3.0,3.0,3.0,3.0,0.05,0.05,0.05,0.05,0.05,0.05,0.05,0.05,0.05,0.05,0.05,0.05,0.05,0.05,0.05,0.05,0.05,0.05,0.05,0.05,0.0,0.0,0.0,0.0,0.0,0.0,0.0,0.0,0.0,0.0,0.0,0.0,0.0,0.0,0.0,0.0,0.0,0.0,0.0,0.0
0.6963409781455994,0.2228626012802124,0.3966754376888275,0.1797298789024353,0.06185504421591759,-0.05975251644849777,0.1292203962802887,0.4490082263946533,0.24694260954856873,0.14341159164905548,0.5613452792167664,0.5856971740722656,0.5439437627792358,-0.004013834521174431,0.41688206791877747,0.6387872099876404,0.9447500705718994,0.08253483474254608,0.2679327726364136,0.21044273674488068,-0.08362531661987305,-0.2683859318494797,-0.004536658525466919,0.17002299427986145,0.375315360724926,-0.7708046585321426,1.2221036478877068,1.108676940202713,0.3971867263317108,-0.6209125742316246,1.61391943693161,0.9400397539138794,1.0863423347473145,-0.3856397815980017,1.0622866451740265,0.7324501872062683,0.4793912172317505,-0.14854837208986282,0.8173860609531403,1.0112352669239044,3.0,3.0,3.0,3.0,3.0,3.0,3.0,3.0,3.0,3.0,3.0,3.0,3.0,3.0,3.0,3.0,3.0,3.0,3.0,3.0,0.05,0.05,0.05,0.05,0.05,0.05,0.05,0.05,0.05,0.05,0.05,0.05,0.05,0.05,0.05,0.05,0.05,0.05,0.05,0.05,0.0,0.0,0.0,0.0,0.0,0.0,0.0,0.0,0.0,0.0,0.0,0.0,0.0,0.0,0.0,0.0,0.0,0.0,0.0,0.0,0.6601188778877258,0.2131253331899643,0.36993181705474854,0.17293813824653625,-0.04256974905729294,-0.0873110443353653,0.8312124609947205,0.6603350043296814,0.3671521544456482,-0.12698496878147125,0.8248817920684814,0.631354808807373,0.7568790316581726,0.0004230496706441045,0.560982882976532,0.5455543994903564,1.0280511379241943,-0.023340819403529167,0.47084230184555054,0.2538091242313385,0.3086581826210022,0.795789435505867,-0.13564899563789368,-2.075441926717758,-0.2858411520719528,-0.3922306001186371,0.8975684642791748,-0.18230825662612915,-0.34949034452438354,0.10506343096494675,0.8331388235092163,-0.02561509609222412,0.3505408763885498,0.14282007468864322,0.09891390800476074,0.16381293535232544,0.16216933727264404,0.12638201005756855,-0.4270009696483612,0.721389427781105,3.0,3.0,3.0,3.0,3.0,3.0,3.0,3.0,3.0,3.0,3.0,3.0,3.0,3.0,3.0,3.0,3.0,3.0,3.0,3.0,0.05,0.05,0.05,0.05,0.05,0.05,0.05,0.05,0.05,0.05,0.05,0.05,0.05,0.05,0.05,0.05,0.05,0.05,0.05,0.05,0.0,0.0,0.0,0.0,0.0,0.0,0.0,0.0,0.0,0.0,0.0,0.0,0.0,0.0,0.0,0.0,0.0,0.0,0.0,0.0
0.6967337727546692,0.21899858117103577,0.39100003242492676,0.18276694416999817,0.07202596217393875,-0.08214890211820602,0.15837466716766357,0.4736954867839813,0.25644662976264954,0.12459900230169296,0.5935903191566467,0.6040282845497131,0.5684240460395813,-0.014364034868776798,0.43971359729766846,0.6535935997962952,0.9524075984954834,0.07943965494632721,0.2893817126750946,0.2340286374092102,-0.0924721360206604,-0.25690384209156036,-0.5377799272537231,0.32059773802757263,0.5449562333524227,-1.4159338548779488,1.867678016424179,1.4614060521125793,0.5459576845169067,-1.3064417988061905,1.5456050634384155,0.8408278226852417,1.23683363199234,-0.5923548247665167,1.0841496288776398,0.6624728441238403,0.015234947204589844,-0.1808447763323784,1.6884997487068176,1.646532490849495,3.0,3.0,3.0,3.0,3.0,3.0,3.0,3.0,3.0,3.0,3.0,3.0,3.0,3.0,3.0,3.0,3.0,3.0,3.0,3.0,0.05,0.05,0.05,0.05,0.05,0.05,0.05,0.05,0.05,0.05,0.05,0.05,0.05,0.05,0.05,0.05,0.05,0.05,0.05,0.05,0.0,0.0,0.0,0.0,0.0,0.0,0.0,0.0,0.0,0.0,0.0,0.0,0.0,0.0,0.0,0.0,0.0,0.0,0.0,0.0,0.6692438125610352,0.22406646609306335,0.36122971773147583,0.13563889265060425,-0.042840294539928436,-0.09049218893051147,0.8534351587295532,0.6593942642211914,0.3621519207954407,-0.12156306952238083,0.8426559567451477,0.6325328350067139,0.764592170715332,0.005199985578656197,0.5666398406028748,0.550929605960846,1.0312949419021606,-0.019653404131531715,0.46456336975097656,0.2685776352882385,0.5938410758972168,0.41723959147930145,-0.73808953166008,-1.663433015346527,0.2926189452409744,-0.1184266060590744,1.2447670102119446,0.01720339059829712,-0.17627254128456116,0.38801319897174835,0.8609011769294739,0.06870627403259277,0.27125775814056396,0.2724283345742151,0.2950042486190796,0.2687901258468628,0.1349121332168579,0.12752865441143513,-0.2706654369831085,0.6881184875965118,3.0,3.0,3.0,3.0,3.0,3.0,3.0,3.0,3.0,3.0,3.0,3.0,3.0,3.0,3.0,3.0,3.0,3.0,3.0,3.0,0.05,0.05,0.05,0.05,0.05,0.05,0.05,0.05,0.05,0.05,0.05,0.05,0.05,0.05,0.05,0.05,0.05,0.05,0.05,0.05,0.0,0.0,0.0,0.0,0.0,0.0,0.0,0.0,0.0,0.0,0.0,0.0,0.0,0.0,0.0,0.0,0.0,0.0,0.0,0.0
0.692642092704773,0.21258644759655,0.3751642405986786,0.1925537884235382,0.0836532935500145,-0.11638987064361572,0.20392751693725586,0.5074644684791565,0.268780916929245,0.09115391969680786,0.623169481754303,0.6193302869796753,0.5934171080589294,-0.0277080275118351,0.46024805307388306,0.665286123752594,0.945359468460083,0.07530104368925095,0.3354727625846863,0.2763040363788605,-0.18907040357589722,-0.3559395670890808,-1.1667236685752869,0.7431492209434509,1.0725224390625954,-2.0566442981362343,2.6155151426792145,1.7670325934886932,1.014457643032074,-1.8148110248148441,1.443566381931305,0.6414219737052917,1.2118607759475708,-0.7431756472215056,1.089276373386383,0.5612596869468689,-0.6015315651893616,-0.2300497144460678,2.4881280958652496,2.143929898738861,3.0,3.0,3.0,3.0,3.0,3.0,3.0,3.0,3.0,3.0,3.0,3.0,3.0,3.0,3.0,3.0,3.0,3.0,3.0,3.0,0.05,0.05,0.05,0.05,0.05,0.05,0.05,0.05,0.05,0.05,0.05,0.05,0.05,0.05,0.05,0.05,0.05,0.05,0.05,0.05,0.0,0.0,0.0,0.0,0.0,0.0,0.0,0.0,0.0,0.0,0.0,0.0,0.0,0.0,0.0,0.0,0.0,0.0,0.0,0.0,0.6838725209236145,0.22981491684913635,0.34040823578834534,0.10640081763267517,-0.03086499124765396,-0.09204810857772827,0.8810031414031982,0.6610231399536133,0.36010125279426575,-0.11146444082260132,0.8593178391456604,0.6341030597686768,0.7677293419837952,0.011320183053612709,0.5727830529212952,0.556306004524231,1.0334476232528687,-0.018239673227071762,0.4600156843662262,0.281333863735199,1.0493457317352295,-0.1057259738445282,-1.3537034392356873,-1.323261484503746,0.7286303676664829,0.016924366354942322,1.3279184699058533,-0.0502169132232666,0.018756091594696045,0.49552712589502335,0.797821581363678,0.007440149784088135,0.17383098602294922,0.25977175682783127,0.3604009747505188,0.22954344749450684,0.1531660556793213,0.06904029287397861,-0.18608719110488892,0.5718231201171875,3.0,3.0,3.0,3.0,3.0,3.0,3.0,3.0,3.0,3.0,3.0,3.0,3.0,3.0,3.0,3.0,3.0,3.0,3.0,3.0,0.05,0.05,0.05,0.05,0.05,0.05,0.05,0.05,0.05,0.05,0.05,0.05,0.05,0.05,0.05,0.05,0.05,0.05,0.05,0.05,0.0,0.0,0.0,0.0,0.0,0.0,0.0,0.0,0.0,0.0,0.0,0.0,0.0,0.0,0.0,0.0,0.0,0.0,0.0,0.0
0.6891709566116333,0.20476099848747253,0.3443310856819153,0.2124929130077362,0.11492685973644257,-0.1644146740436554,0.26299527287483215,0.544376790523529,0.2970249354839325,0.0520065613090992,0.6513329744338989,0.6296851634979248,0.6168984770774841,-0.044091060757637024,0.4832846522331238,0.6760439872741699,0.9283463358879089,0.0702376663684845,0.3889068365097046,0.31978583335876465,0.06026178598403931,-0.35106465220451355,-1.6970254480838776,1.3308033347129822,2.629058249294758,-2.215554192662239,3.540392220020294,2.069149911403656,1.9018881022930145,-1.8138236366212368,1.4937132596969604,0.48265010118484497,1.1133164167404175,-0.8928931318223476,1.1722028255462646,0.508783757686615,-1.0578572750091553,-0.45379288494586945,2.3343533277511597,1.8668130040168762,3.0,3.0,3.0,3.0,3.0,3.0,3.0,3.0,3.0,3.0,3.0,3.0,3.0,3.0,3.0,3.0,3.0,3.0,3.0,3.0,0.05,0.05,0.05,0.05,0.05,0.05,0.05,0.05,0.05,0.05,0.05,0.05,0.05,0.05,0.05,0.05,0.05,0.05,0.05,0.05,0.0,0.0,0.0,0.0,0.0,0.0,0.0,0.0,0.0,0.0,0.0,0.0,0.0,0.0,0.0,0.0,0.0,0.0,0.0,0.0,0.7112176418304443,0.21983742713928223,0.30708158016204834,0.0827084332704544,-0.01369507983326912,-0.08981521427631378,0.9065518975257874,0.6573855876922607,0.3629021644592285,-0.1017419844865799,0.8745688199996948,0.6328304409980774,0.77154541015625,0.015590855851769447,0.5810558795928955,0.5601113438606262,1.0374215841293335,-0.01689179241657257,0.457119882106781,0.291450560092926,1.4297008514404297,-0.8173037320375443,-1.757127046585083,-1.0785972699522972,0.7444743998348713,0.19612964242696762,0.9900569915771484,-0.3067195415496826,0.10806918144226074,0.5522504448890686,0.7637336850166321,-0.07869601249694824,0.06694793701171875,0.20584515295922756,0.2721041440963745,0.05739778280258179,0.12892484664916992,0.09385673329234123,-0.260365754365921,0.33127591013908386,3.0,3.0,3.0,3.0,3.0,3.0,3.0,3.0,3.0,3.0,3.0,3.0,3.0,3.0,3.0,3.0,3.0,3.0,3.0,3.0,0.05,0.05,0.05,0.05,0.05,0.05,0.05,0.05,0.05,0.05,0.05,0.05,0.05,0.05,0.05,0.05,0.05,0.05,0.05,0.05,0.0,0.0,0.0,0.0,0.0,0.0,0.0,0.0,0.0,0.0,0.0,0.0,0.0,0.0,0.0,0.0,0.0,0.0,0.0,0.0
0.6950525641441345,0.19854386150836945,0.3072832226753235,0.2457859218120575,0.1888156235218048,-0.20501203835010529,0.3455432057380676,0.5902304649353027,0.3448564410209656,0.01860097423195839,0.6829180121421814,0.6386362910270691,0.6379497647285461,-0.063423752784729,0.5071361660957336,0.6856374740600586,0.9030451774597168,0.05714932829141617,0.42884689569473267,0.3509765565395355,0.07511377334594727,-1.4073815196752548,-1.7847172915935516,1.963457465171814,4.841189458966255,-1.8398739397525787,4.779454320669174,2.4882614612579346,3.1169526278972626,-1.525827869772911,1.593393087387085,0.26525259017944336,1.2077003717422485,-1.080644130706787,1.4108940958976746,0.4355907440185547,-1.0376229882240295,-0.9686492383480072,1.92672461271286,1.2367643415927887,3.0,3.0,3.0,3.0,3.0,3.0,3.0,3.0,3.0,3.0,3.0,3.0,3.0,3.0,3.0,3.0,3.0,3.0,3.0,3.0,0.05,0.05,0.05,0.05,0.05,0.05,0.05,0.05,0.05,0.05,0.05,0.05,0.05,0.05,0.05,0.05,0.05,0.05,0.05,0.05,0.0,0.0,0.0,0.0,0.0,0.0,0.0,0.0,0.0,0.0,0.0,0.0,0.0,0.0,0.0,0.0,0.0,0.0,0.0,0.0,0.7410605549812317,0.19712276756763458,0.270123153924942,0.06325692683458328,-0.0010860152542591095,-0.08420292288064957,0.9206054210662842,0.648754358291626,0.3644240200519562,-0.08937442302703857,0.8898671865463257,0.6309552192687988,0.7704072594642639,0.01955398917198181,0.5836672186851501,0.5586019158363342,1.0386046171188354,-0.014485403895378113,0.44960105419158936,0.29458490014076233,1.5266403555870056,-1.3262394815683365,-2.1182358264923096,-0.8793039247393608,0.750817684456706,0.496501661837101,0.3412961959838867,-0.5997106432914734,0.1319490373134613,0.722184032201767,0.86345374584198,-0.17040520906448364,0.1410752534866333,0.24349247105419636,0.08918642997741699,-0.2865418791770935,0.20966529846191406,0.1789491157978773,-0.571662187576294,-0.17280057072639465,3.0,3.0,3.0,3.0,3.0,3.0,3.0,3.0,3.0,3.0,3.0,3.0,3.0,3.0,3.0,3.0,3.0,3.0,3.0,3.0,0.05,0.05,0.05,0.05,0.05,0.05,0.05,0.05,0.05,0.05,0.05,0.05,0.05,0.05,0.05,0.05,0.05,0.05,0.05,0.05,0.0,0.0,0.0,0.0,0.0,0.0,0.0,0.0,0.0,0.0,0.0,0.0,0.0,0.0,0.0,0.0,0.0,0.0,0.0,0.0
0.6921755075454712,0.14846573770046234,0.2729423940181732,0.29103121161460876,0.3085744380950928,-0.23800963163375854,0.4541734457015991,0.6439072489738464,0.421703040599823,-0.009026553481817245,0.7150686979293823,0.6402952671051025,0.6652064919471741,-0.08731682598590851,0.5397204160690308,0.6934676170349121,0.8868414163589478,0.03149169683456421,0.465975821018219,0.3692564070224762,0.3725185990333557,-2.3523416370153427,-1.741831749677658,1.0522067546844482,4.467321187257767,-1.4848913997411728,4.035608470439911,2.000036835670471,2.5738656520843506,-1.0867953300476074,1.0135412216186523,-0.23066550493240356,1.157638430595398,-0.8961757645010948,1.3612300157546997,0.055655837059020996,-0.4348963499069214,-1.0895730927586555,1.8119946122169495,0.5851686000823975,3.0,3.0,3.0,3.0,3.0,3.0,3.0,3.0,3.0,3.0,3.0,3.0,3.0,3.0,3.0,3.0,3.0,3.0,3.0,3.0,0.05,0.05,0.05,0.05,0.05,0.05,0.05,0.05,0.05,0.05,0.05,0.05,0.05,0.05,0.05,0.05,0.05,0.05,0.05,0.05,0.0,0.0,0.0,0.0,0.0,0.0,0.0,0.0,0.0,0.0,0.0,0.0,0.0,0.0,0.0,0.0,0.0,0.0,0.0,0.0,0.7722832560539246,0.16678784787654877,0.22235214710235596,0.047536276280879974,0.016337627544999123,-0.06995514780282974,0.9202037453651428,0.6333971619606018,0.36818012595176697,-0.07285462319850922,0.909106969833374,0.626014232635498,0.7771884202957153,0.0253305546939373,0.5846233367919922,0.5486496686935425,1.04580819606781,-0.009733827784657478,0.43425339460372925,0.28453853726387024,1.164582371711731,-1.1912614107131958,-1.9083626568317413,-0.7589397951960564,0.8988658897578716,0.5862840451300144,-0.03639012575149536,-0.7047563791275024,0.07060691714286804,0.5704032257199287,0.7914513349533081,-0.29364079236984253,0.6652548909187317,0.26308693923056126,0.18518120050430298,-0.4529908299446106,0.885540246963501,0.30211317352950573,-0.4525497555732727,-0.3952503204345703,3.0,3.0,3.0,3.0,3.0,3.0,3.0,3.0,3.0,3.0,3.0,3.0,3.0,3.0,3.0,3.0,3.0,3.0,3.0,3.0,0.05,0.05,0.05,0.05,0.05,0.05,0.05,0.05,0.05,0.05,0.05,0.05,0.05,0.05,0.05,0.05,0.05,0.05,0.05,0.05,0.0,0.0,0.0,0.0,0.0,0.0,0.0,0.0,0.0,0.0,0.0,0.0,0.0,0.0,0.0,0.0,0.0,0.0,0.0,0.0
0.7099533081054688,0.10445019602775574,0.23760995268821716,0.2878741919994354,0.3675084710121155,-0.2644076943397522,0.5069675445556641,0.6702319383621216,0.4478110671043396,-0.024870838969945908,0.7234596610069275,0.629409670829773,0.6842553019523621,-0.0992707833647728,0.5615853667259216,0.6878637075424194,0.8856493234634399,0.013566404581069946,0.5013266801834106,0.3743833005428314,0.5705520510673523,-1.879538781940937,-1.5929952263832092,-0.731339305639267,1.3347133994102478,-1.1879131197929382,0.5734078586101532,-0.3436550498008728,0.3574974834918976,-0.6508802063763142,-0.2601131796836853,-0.9249866008758545,0.4028797149658203,-0.5594030022621155,1.2194186449050903,-0.7125645875930786,0.07516592741012573,-0.9437727741897106,1.990896463394165,-0.4554152488708496,3.0,3.0,3.0,3.0,3.0,3.0,3.0,3.0,3.0,3.0,3.0,3.0,3.0,3.0,3.0,3.0,3.0,3.0,3.0,3.0,0.05,0.05,0.05,0.05,0.05,0.05,0.05,0.05,0.05,0.05,0.05,0.05,0.05,0.05,0.05,0.05,0.05,0.05,0.05,0.05,0.0,0.0,0.0,0.0,0.0,0.0,0.0,0.0,0.0,0.0,0.0,0.0,0.0,0.0,0.0,0.0,0.0,0.0,0.0,0.0,0.7876438498497009,0.14947231113910675,0.19378864765167236,0.03289933502674103,0.034868620336055756,-0.06075156107544899,0.9191498160362244,0.6205641031265259,0.3672482967376709,-0.06655829399824142,0.921525239944458,0.6192095875740051,0.7970174551010132,0.030077466741204262,0.5910744667053223,0.5404822826385498,1.0740262269973755,-0.0024008769541978836,0.43149906396865845,0.2787748873233795,0.1343950629234314,-0.9670909494161606,-0.5979467183351517,-0.7095484994351864,1.2723071034997702,0.30460478737950325,-0.04377216100692749,-0.5695953965187073,-0.07717311382293701,0.14924760907888412,0.428713858127594,-0.5045756697654724,1.4360547065734863,0.2836217172443867,0.4533499479293823,-0.5774199962615967,1.910528540611267,0.44152631890028715,-0.1589752733707428,-0.5048826336860657,3.0,3.0,3.0,3.0,3.0,3.0,3.0,3.0,3.0,3.0,3.0,3.0,3.0,3.0,3.0,3.0,3.0,3.0,3.0,3.0,0.05,0.05,0.05,0.05,0.05,0.05,0.05,0.05,0.05,0.05,0.05,0.05,0.05,0.05,0.05,0.05,0.05,0.05,0.05,0.05,0.0,0.0,0.0,0.0,0.0,0.0,0.0,0.0,0.0,0.0,0.0,0.0,0.0,0.0,0.0,0.0,0.0,0.0,0.0,0.0
0.7149975895881653,0.07328418642282486,0.20922258496284485,0.2617776393890381,0.3619629740715027,-0.2855261564254761,0.47710976004600525,0.6301610469818115,0.4360029399394989,-0.03506176173686981,0.7046641707420349,0.6032958030700684,0.6813216805458069,-0.10969294607639313,0.5884971618652344,0.664965033531189,0.8898480534553528,-0.006259214133024216,0.5456116795539856,0.3510397970676422,0.23995637893676758,-1.4241624623537064,-1.0668039321899414,-2.041809633374214,-0.6059505045413971,-0.860239565372467,-1.5682347118854523,-1.9247889518737793,-0.7697999477386475,-0.3361648879945278,-1.0173603892326355,-1.2553900480270386,-0.14363378286361694,-0.3947334364056587,1.2149989604949951,-1.0525137186050415,0.2972036600112915,-0.8760667406022549,2.0643621683120728,-1.0475113987922668,3.0,3.0,3.0,3.0,3.0,3.0,3.0,3.0,3.0,3.0,3.0,3.0,3.0,3.0,3.0,3.0,3.0,3.0,3.0,3.0,0.05,0.05,0.05,0.05,0.05,0.05,0.05,0.05,0.05,0.05,0.05,0.05,0.05,0.05,0.05,0.05,0.05,0.05,0.05,0.05,0.0,0.0,0.0,0.0,0.0,0.0,0.0,0.0,0.0,0.0,0.0,0.0,0.0,0.0,0.0,0.0,0.0,0.0,0.0,0.0,0.7776590585708618,0.12810420989990234,0.1984342783689499,0.01915433630347252,0.06722991168498993,-0.05777095630764961,0.9184528589248657,0.6106133460998535,0.3650932013988495,-0.06688471883535385,0.9262555241584778,0.6058312058448792,0.8346306085586548,0.03667542338371277,0.6027573347091675,0.5255528688430786,1.1222293376922607,0.007927224971354008,0.42789438366889954,0.2643432319164276,-0.7018238306045532,-0.6824266165494919,0.3526981920003891,-0.6470960332080722,1.2351203709840775,0.24904636666178703,-0.22246092557907104,-0.5392521619796753,-0.12253820896148682,-0.25103073567152023,0.07369369268417358,-0.7181763648986816,2.169257402420044,0.3013427834957838,0.7812589406967163,-0.6439685821533203,2.7097225189208984,0.5595226306468248,0.09801238775253296,-0.5889289081096649,3.0,3.0,3.0,3.0,3.0,3.0,3.0,3.0,3.0,3.0,3.0,3.0,3.0,3.0,3.0,3.0,3.0,3.0,3.0,3.0,0.05,0.05,0.05,0.05,0.05,0.05,0.05,0.05,0.05,0.05,0.05,0.05,0.05,0.05,0.05,0.05,0.05,0.05,0.05,0.05,0.0,0.0,0.0,0.0,0.0,0.0,0.0,0.0,0.0,0.0,0.0,0.0,0.0,0.0,0.0,0.0,0.0,0.0,0.0,0.0
0.7195515632629395,0.04748369753360748,0.1949377954006195,0.20620180666446686,0.3432704508304596,-0.2988172769546509,0.44423815608024597,0.5932403802871704,0.4170190691947937,-0.03831743448972702,0.6827652454376221,0.5791940689086914,0.6785099506378174,-0.11506012082099915,0.6101853251457214,0.6457631587982178,0.8975374698638916,-0.02147626504302025,0.5839011669158936,0.33248284459114075,-0.08691996335983276,-1.0148575529456139,-0.019119679927825928,-2.565951645374298,-1.480434089899063,-0.12296438217163086,-1.6699977219104767,-1.7382487654685974,-1.343584805727005,0.5778689403086901,-1.1377513408660889,-1.0707706212997437,-0.29009580612182617,0.4732225090265274,1.220819354057312,-0.8140280842781067,0.7245421409606934,-0.19929041154682636,1.823747158050537,-0.9038783609867096,3.0,3.0,3.0,3.0,3.0,3.0,3.0,3.0,3.0,3.0,3.0,3.0,3.0,3.0,3.0,3.0,3.0,3.0,3.0,3.0,0.05,0.05,0.05,0.05,0.05,0.05,0.05,0.05,0.05,0.05,0.05,0.05,0.05,0.05,0.05,0.05,0.05,0.05,0.05,0.05,0.0,0.0,0.0,0.0,0.0,0.0,0.0,0.0,0.0,0.0,0.0,0.0,0.0,0.0,0.0,0.0,0.0,0.0,0.0,0.0,0.7595708966255188,0.12217524647712708,0.20789657533168793,0.00701549369841814,0.08427343517541885,-0.05078970640897751,0.9102513790130615,0.5989940166473389,0.3623467683792114,-0.07659952342510223,0.924472987651825,0.5904825329780579,0.8837877511978149,0.042131178081035614,0.6223248243331909,0.514723539352417,1.1824151277542114,0.01998002827167511,0.43541955947875977,0.2552177309989929,-1.2488052248954773,-0.01821555197238922,0.7494352757930756,-0.5589069798588753,0.33083949238061905,0.3742489032447338,-0.792616605758667,-0.7576137781143188,-0.2929992973804474,-0.5884034559130669,-0.26949644088745117,-0.828513503074646,2.456068992614746,0.23820530623197556,1.1578857898712158,-0.43965578079223633,3.115376830101013,0.5060883006080985,0.4904605448246002,-0.41670985519886017,3.0,3.0,3.0,3.0,3.0,3.0,3.0,3.0,3.0,3.0,3.0,3.0,3.0,3.0,3.0,3.0,3.0,3.0,3.0,3.0,0.05,0.05,0.05,0.05,0.05,0.05,0.05,0.05,0.05,0.05,0.05,0.05,0.05,0.05,0.05,0.05,0.05,0.05,0.05,0.05,0.0,0.0,0.0,0.0,0.0,0.0,0.0,0.0,0.0,0.0,0.0,0.0,0.0,0.0,0.0,0.0,0.0,0.0,0.0,0.0
0.711520791053772,0.032689884305000305,0.2084577977657318,0.15913957357406616,0.30274561047554016,-0.2904447317123413,0.4103098511695862,0.5606310963630676,0.3822595477104187,-0.01194700412452221,0.6591541171073914,0.5604649782180786,0.6697178483009338,-0.09076404571533203,0.6373299360275269,0.6324039101600647,0.9188297390937805,-0.01423083059489727,0.6185615658760071,0.31488466262817383,-0.5368098616600037,-0.46849516220390797,0.7883463054895401,-2.1579956635832787,-2.187807112932205,0.6302483379840851,-1.4378689229488373,-1.3688892126083374,-1.8881984055042267,1.6942970920354128,-1.1072605848312378,-0.7496878504753113,-0.42939335107803345,1.63899352774024,1.5260279178619385,-0.48495978116989136,1.2017935514450073,0.6993367336690426,1.603102684020996,-0.7785215973854065,3.0,3.0,3.0,3.0,3.0,3.0,3.0,3.0,3.0,3.0,3.0,3.0,3.0,3.0,3.0,3.0,3.0,3.0,3.0,3.0,0.05,0.05,0.05,0.05,0.05,0.05,0.05,0.05,0.05,0.05,0.05,0.05,0.05,0.05,0.05,0.05,0.05,0.05,0.05,0.05,0.0,0.0,0.0,0.0,0.0,0.0,0.0,0.0,0.0,0.0,0.0,0.0,0.0,0.0,0.0,0.0,0.0,0.0,0.0,0.0,0.7277068495750427,0.12737558782100677,0.2284116894006729,-0.003201942890882492,0.08046349138021469,-0.04280100017786026,0.886748194694519,0.5803087949752808,0.3533732295036316,-0.09042085707187653,0.9154756665229797,0.5726906657218933,0.9328733682632446,0.04620363563299179,0.6490727663040161,0.5079666376113892,1.2468444108963013,0.028170756995677948,0.44751280546188354,0.2476748377084732,-1.8770664930343628,0.49310214817523956,1.306043192744255,-0.48743998631834984,-0.5142802372574806,0.33507905900478363,-1.5052124857902527,-1.1845633387565613,-0.5872562527656555,-0.7321184501051903,-0.4242539405822754,-0.8600488305091858,2.194759249687195,0.08925637230277061,1.928575336933136,-0.1520782709121704,3.1690090894699097,0.3188907168805599,0.6266281008720398,-0.4805244505405426,3.0,3.0,3.0,3.0,3.0,3.0,3.0,3.0,3.0,3.0,3.0,3.0,3.0,3.0,3.0,3.0,3.0,3.0,3.0,3.0,0.05,0.05,0.05,0.05,0.05,0.05,0.05,0.05,0.05,0.05,0.05,0.05,0.05,0.05,0.05,0.05,0.05,0.05,0.05,0.05,0.0,0.0,0.0,0.0,0.0,0.0,0.0,0.0,0.0,0.0,0.0,0.0,0.0,0.0,0.0,0.0,0.0,0.0,0.0,0.0
0.6980791687965393,0.028743891045451164,0.2264716476202011,0.11988198012113571,0.2557581663131714,-0.2736073434352875,0.3867233991622925,0.5384848117828369,0.34149113297462463,0.02945444919168949,0.6384748220443726,0.549206554889679,0.661334216594696,-0.04950037971138954,0.671226441860199,0.6263647675514221,0.9456092119216919,0.006497204303741455,0.6480252742767334,0.3013419806957245,-0.30670464038848877,-0.21183332428336143,0.7164735347032547,-1.7535226419568062,-2.075343579053879,0.6607070565223694,-0.7683008909225464,-0.8788600564002991,-1.8489673733711243,1.9108168315142393,-0.8196502923965454,-0.47265440225601196,-0.6202384829521179,1.977741066366434,1.6602709889411926,-0.2145916223526001,1.0887637734413147,1.1682141106575727,0.9946107864379883,-0.7751971483230591,3.0,3.0,3.0,3.0,3.0,3.0,3.0,3.0,3.0,3.0,3.0,3.0,3.0,3.0,3.0,3.0,3.0,3.0,3.0,3.0,0.05,0.05,0.05,0.05,0.05,0.05,0.05,0.05,0.05,0.05,0.05,0.05,0.05,0.05,0.05,0.05,0.05,0.05,0.05,0.05,0.0,0.0,0.0,0.0,0.0,0.0,0.0,0.0,0.0,0.0,0.0,0.0,0.0,0.0,0.0,0.0,0.0,0.0,0.0,0.0,0.6844882369041443,0.14189933240413666,0.26013830304145813,-0.012482105754315853,0.06370222568511963,-0.03738654404878616,0.8500428795814514,0.5516114830970764,0.3388565182685852,-0.10588426142930984,0.9075028300285339,0.5560805797576904,0.9715781211853027,0.04570143297314644,0.6994678378105164,0.5086404085159302,1.3091754913330078,0.03273565694689751,0.46048468351364136,0.23599675297737122,-1.8638357520103455,0.6309490650892258,1.3791028410196304,-0.40630833245813847,-0.48736538738012314,0.3091522492468357,-1.3070553541183472,-1.1217325925827026,-0.3369532525539398,-0.582038052380085,0.3688037395477295,-0.4250466823577881,1.8412113189697266,-0.07743090391159058,2.402368187904358,-0.10793507099151611,2.804899215698242,0.12504840269684792,0.6733439862728119,-0.587119534611702,3.0,3.0,3.0,3.0,3.0,3.0,3.0,3.0,3.0,3.0,3.0,3.0,3.0,3.0,3.0,3.0,3.0,3.0,3.0,3.0,0.05,0.05,0.05,0.05,0.05,0.05,0.05,0.05,0.05,0.05,0.05,0.05,0.05,0.05,0.05,0.05,0.05,0.05,0.05,0.05,0.0,0.0,0.0,0.0,0.0,0.0,0.0,0.0,0.0,0.0,0.0,0.0,0.0,0.0,0.0,0.0,0.0,0.0,0.0,0.0
0.6992526054382324,0.024216551333665848,0.237116739153862,0.08899866789579391,0.219731867313385,-0.26401644945144653,0.3795778155326843,0.5254766941070557,0.30830085277557373,0.06448566913604736,0.6263681054115295,0.5415588021278381,0.6449083089828491,-0.011654403060674667,0.7037407755851746,0.6238202452659607,0.9623802900314331,0.03249773383140564,0.6583459973335266,0.28387677669525146,0.35287588834762573,-0.312677351757884,0.3992762416601181,-1.365089975297451,-1.3773273676633835,0.33932626247406006,-0.007998943328857422,-0.5212545394897461,-1.4796622097492218,1.5470947604626417,-0.4321485757827759,-0.3992244601249695,-1.0293707251548767,1.7421716824173927,1.45319402217865,-0.11956840753555298,0.663331151008606,1.3842742890119553,0.042019784450531006,-0.9961903095245361,3.0,3.0,3.0,3.0,3.0,3.0,3.0,3.0,3.0,3.0,3.0,3.0,3.0,3.0,3.0,3.0,3.0,3.0,3.0,3.0,0.05,0.05,0.05,0.05,0.05,0.05,0.05,0.05,0.05,0.05,0.05,0.05,0.05,0.05,0.05,0.05,0.05,0.05,0.05,0.05,0.0,0.0,0.0,0.0,0.0,0.0,0.0,0.0,0.0,0.0,0.0,0.0,0.0,0.0,0.0,0.0,0.0,0.0,0.0,0.0,0.6531534194946289,0.1526135504245758,0.28357580304145813,-0.01945427618920803,0.060968875885009766,-0.03043491020798683,0.8344659805297852,0.5354394912719727,0.339895099401474,-0.11370237916707993,0.9302278161048889,0.5556887984275818,1.0065218210220337,0.04310639947652817,0.7451674938201904,0.5036492347717285,1.359040379524231,0.033172693103551865,0.474446564912796,0.22419005632400513,-1.2211337685585022,0.36282800137996674,1.0154277086257935,-0.3042765660211444,0.08167624473571777,0.3855062648653984,-0.16312003135681152,-0.38850605487823486,0.6292611360549927,-0.16706623136997223,2.0131662487983704,0.354592502117157,1.8089890480041504,-0.13408437371253967,2.046521008014679,-0.4008360207080841,2.243921160697937,-0.05236309953033924,0.6722435355186462,-0.5921952426433563,3.0,3.0,3.0,3.0,3.0,3.0,3.0,3.0,3.0,3.0,3.0,3.0,3.0,3.0,3.0,3.0,3.0,3.0,3.0,3.0,0.05,0.05,0.05,0.05,0.05,0.05,0.05,0.05,0.05,0.05,0.05,0.05,0.05,0.05,0.05,0.05,0.05,0.05,0.05,0.05,0.0,0.0,0.0,0.0,0.0,0.0,0.0,0.0,0.0,0.0,0.0,0.0,0.0,0.0,0.0,0.0,0.0,0.0,0.0,0.0
0.7121942043304443,0.016236796975135803,0.24244269728660583,0.06527838110923767,0.20066507160663605,-0.2600342929363251,0.3864034414291382,0.5176346302032471,0.28230464458465576,0.09133823961019516,0.6211888790130615,0.5332375764846802,0.620159387588501,0.020186487585306168,0.729354202747345,0.62158203125,0.9721424579620361,0.061868175864219666,0.6497060656547546,0.26149436831474304,0.8146375417709351,-0.47510871663689613,0.06131567060947418,-1.0507263243198395,-0.8139185607433319,0.11972934007644653,0.4326477646827698,-0.4381611943244934,-1.0925501585006714,1.215820573270321,0.035944581031799316,-0.3827214241027832,-1.1185988783836365,1.522136852145195,1.3474896550178528,-0.0003337860107421875,0.5437642335891724,1.4741647988557816,-0.8112311363220215,-1.1619403958320618,3.0,3.0,3.0,3.0,3.0,3.0,3.0,3.0,3.0,3.0,3.0,3.0,3.0,3.0,3.0,3.0,3.0,3.0,3.0,3.0,0.05,0.05,0.05,0.05,0.05,0.05,0.05,0.05,0.05,0.05,0.05,0.05,0.05,0.05,0.05,0.05,0.05,0.05,0.05,0.05,0.0,0.0,0.0,0.0,0.0,0.0,0.0,0.0,0.0,0.0,0.0,0.0,0.0,0.0,0.0,0.0,0.0,0.0,0.0,0.0,0.6356428861618042,0.15641245245933533,0.30075541138648987,-0.02465316839516163,0.06696927547454834,-0.021966293454170227,0.843518078327179,0.536071240901947,0.3640269637107849,-0.11256691068410873,0.9880294799804688,0.5702642798423767,1.0439376831054688,0.04033805802464485,0.7813286781311035,0.4926069676876068,1.3989323377609253,0.030641132965683937,0.4873744249343872,0.21230894327163696,-0.42738914489746094,0.04126317799091339,0.6256759166717529,-0.21241926588118076,0.46103280037641525,0.4636293975636363,1.2568503618240356,0.5241826176643372,1.6359291970729828,0.2337183803319931,3.2047584652900696,0.8448034524917603,1.773691177368164,-0.08984813466668129,1.632055640220642,-0.5614593625068665,1.7253309488296509,-0.10886555537581444,0.59608593583107,-0.5237817764282227,3.0,3.0,3.0,3.0,3.0,3.0,3.0,3.0,3.0,3.0,3.0,3.0,3.0,3.0,3.0,3.0,3.0,3.0,3.0,3.0,0.05,0.05,0.05,0.05,0.05,0.05,0.05,0.05,0.05,0.05,0.05,0.05,0.05,0.05,0.05,0.05,0.05,0.05,0.05,0.05,0.0,0.0,0.0,0.0,0.0,0.0,0.0,0.0,0.0,0.0,0.0,0.0,0.0,0.0,0.0,0.0,0.0,0.0,0.0,0.0
0.7318381071090698,0.0052122026681900024,0.23956936597824097,0.046969614923000336,0.18717512488365173,-0.25922727584838867,0.3968837261199951,0.5079502463340759,0.2645988464355469,0.1131184920668602,0.6278058886528015,0.5262499451637268,0.6001643538475037,0.04923107102513313,0.7576403617858887,0.623806893825531,0.984130859375,0.0914643257856369,0.6258967518806458,0.237399160861969,0.9057685732841492,-0.4706559353508055,-0.336587056517601,-0.7790546864271164,-0.7832672446966171,0.04164949059486389,0.32856613397598267,-0.5332186818122864,-0.5959570407867432,0.9083447977900505,0.6695747375488281,-0.07916092872619629,-0.4241570830345154,1.2760729528963566,1.6580358147621155,0.2857789397239685,0.6382256746292114,1.317693293094635,-1.0753095149993896,-1.004665344953537,3.0,3.0,3.0,3.0,3.0,3.0,3.0,3.0,3.0,3.0,3.0,3.0,3.0,3.0,3.0,3.0,3.0,3.0,3.0,3.0,0.05,0.05,0.05,0.05,0.05,0.05,0.05,0.05,0.05,0.05,0.05,0.05,0.05,0.05,0.05,0.05,0.05,0.05,0.05,0.05,0.0,0.0,0.0,0.0,0.0,0.0,0.0,0.0,0.0,0.0,0.0,0.0,0.0,0.0,0.0,0.0,0.0,0.0,0.0,0.0,0.6360578536987305,0.15426407754421234,0.30860283970832825,-0.02795104682445526,0.07941018790006638,-0.01188973430544138,0.8847399950027466,0.5564067959785461,0.4053322672843933,-0.1043536439538002,1.0584181547164917,0.5894809365272522,1.0774694681167603,0.039512474089860916,0.8104497194290161,0.48119086027145386,1.428053617477417,0.028818070888519287,0.4982900023460388,0.20323878526687622,0.8532151579856873,-0.5922496318817139,-0.14591887593269348,-0.12356583029031754,1.4531798660755157,0.6157991476356983,3.237023949623108,1.7207637429237366,2.3257650434970856,0.4685908555984497,3.413781523704529,0.9748265147209167,1.3791710138320923,0.09485660120844841,1.492905616760254,-0.27592703700065613,0.9254872798919678,0.11706710793077946,0.6014347076416016,-0.14119930565357208,3.0,3.0,3.0,3.0,3.0,3.0,3.0,3.0,3.0,3.0,3.0,3.0,3.0,3.0,3.0,3.0,3.0,3.0,3.0,3.0,0.05,0.05,0.05,0.05,0.05,0.05,0.05,0.05,0.05,0.05,0.05,0.05,0.05,0.05,0.05,0.05,0.05,0.05,0.05,0.05,0.0,0.0,0.0,0.0,0.0,0.0,0.0,0.0,0.0,0.0,0.0,0.0,0.0,0.0,0.0,0.0,0.0,0.0,0.0,0.0
0.7484249472618103,-0.0025894404388964176,0.2289792150259018,0.034116193652153015,0.16933438181877136,-0.2583683133125305,0.3995460867881775,0.4963058829307556,0.25846636295318604,0.12767203152179718,0.6479718685150146,0.5300711393356323,0.6031931042671204,0.07122940570116043,0.7956756353378296,0.6330131888389587,0.9976714849472046,0.11457590758800507,0.606693685054779,0.22130775451660156,0.7538706064224243,-0.2615136210806668,-0.6574377417564392,-0.5856624338775873,-1.0650616139173508,0.058907270431518555,-0.08416324853897095,-0.6184764206409454,0.04066750407218933,0.6009483709931374,1.2050777673721313,0.3649473190307617,0.6393268704414368,0.9602000005543232,2.03075110912323,0.5616217851638794,0.6876558065414429,1.0316766798496246,-0.7695317268371582,-0.6352905184030533,3.0,3.0,3.0,3.0,3.0,3.0,3.0,3.0,3.0,3.0,3.0,3.0,3.0,3.0,3.0,3.0,3.0,3.0,3.0,3.0,0.05,0.05,0.05,0.05,0.05,0.05,0.05,0.05,0.05,0.05,0.05,0.05,0.05,0.05,0.05,0.05,0.05,0.05,0.05,0.05,0.0,0.0,0.0,0.0,0.0,0.0,0.0,0.0,0.0,0.0,0.0,0.0,0.0,0.0,0.0,0.0,0.0,0.0,0.0,0.0,0.6697714924812317,0.13272246718406677,0.29491865634918213,-0.02959580160677433,0.12509647011756897,0.0026656724512577057,0.9729990363121033,0.6049017906188965,0.45705756545066833,-0.09382327646017075,1.12458074092865,0.6092573404312134,1.0991045236587524,0.04413232207298279,0.8410449028015137,0.48156988620758057,1.435951828956604,0.035323817282915115,0.5114318132400513,0.20666097104549408,2.2156238555908203,-0.7831458002328873,-0.7528111338615417,0.037827249616384506,3.3854300156235695,0.78007981646806,4.670912027359009,2.512696385383606,2.6491567492485046,0.6051443517208099,3.0809134244918823,0.9698778390884399,0.6650775671005249,0.2749095670878887,1.4125213027000427,0.18189549446105957,-0.06580948829650879,0.39114151149988174,0.6961598992347717,0.4082620143890381,3.0,3.0,3.0,3.0,3.0,3.0,3.0,3.0,3.0,3.0,3.0,3.0,3.0,3.0,3.0,3.0,3.0,3.0,3.0,3.0,0.05,0.05,0.05,0.05,0.05,0.05,0.05,0.05,0.05,0.05,0.05,0.05,0.05,0.05,0.05,0.05,0.05,0.05,0.05,0.05,0.0,0.0,0.0,0.0,0.0,0.0,0.0,0.0,0.0,0.0,0.0,0.0,0.0,0.0,0.0,0.0,0.0,0.0,0.0,0.0
0.7619929313659668,-0.005248342175036669,0.2132718563079834,0.023543117567896843,0.1445726603269577,-0.25687098503112793,0.3935171961784363,0.4832111895084381,0.26622554659843445,0.1371564269065857,0.6760089993476868,0.5408478379249573,0.6257374286651611,0.08763907104730606,0.8388704061508179,0.6462717652320862,1.0116370916366577,0.1327313929796219,0.5951154828071594,0.21198754012584686,0.7943272590637207,0.0759672955609858,-0.5984906107187271,-0.43110260739922523,-0.8015342056751251,0.05999952554702759,0.11107847094535828,-0.3448702394962311,1.020195335149765,0.49343034625053406,1.993277668952942,0.8626788854598999,1.238846778869629,0.6220174953341484,1.9821971654891968,0.6178498268127441,0.5278736352920532,0.7539566606283188,-0.4954606294631958,-0.3620486706495285,3.0,3.0,3.0,3.0,3.0,3.0,3.0,3.0,3.0,3.0,3.0,3.0,3.0,3.0,3.0,3.0,3.0,3.0,3.0,3.0,0.05,0.05,0.05,0.05,0.05,0.05,0.05,0.05,0.05,0.05,0.05,0.05,0.05,0.05,0.05,0.05,0.05,0.05,0.05,0.05,0.0,0.0,0.0,0.0,0.0,0.0,0.0,0.0,0.0,0.0,0.0,0.0,0.0,0.0,0.0,0.0,0.0,0.0,0.0,0.0,0.7246828079223633,0.12293824553489685,0.2784903943538666,-0.02643795683979988,0.21482738852500916,0.01931345835328102,1.071576476097107,0.6569146513938904,0.5112985372543335,-0.0801478698849678,1.181654691696167,0.6282760500907898,1.1040725708007812,0.050508856773376465,0.8669505715370178,0.48846668004989624,1.4254212379455566,0.04446373134851456,0.5261363983154297,0.21956926584243774,2.390563488006592,-1.5527967363595963,-0.4735209047794342,2.6209833566099405,5.7324714958667755,0.35402243956923485,4.388080537319183,1.6688272356987,3.733684867620468,0.3139890730381012,2.6611536741256714,0.7353633642196655,0.6255835294723511,0.11939788237214088,1.9102171063423157,0.8448436856269836,-1.0603010654449463,0.40581757202744484,2.842630445957184,2.2185321897268295,3.0,3.0,3.0,3.0,3.0,3.0,3.0,3.0,3.0,3.0,3.0,3.0,3.0,3.0,3.0,3.0,3.0,3.0,3.0,3.0,0.05,0.05,0.05,0.05,0.05,0.05,0.05,0.05,0.05,0.05,0.05,0.05,0.05,0.05,0.05,0.05,0.05,0.05,0.05,0.05,0.0,0.0,0.0,0.0,0.0,0.0,0.0,0.0,0.0,0.0,0.0,0.0,0.0,0.0,0.0,0.0,0.0,0.0,0.0,0.0
0.7801980376243591,0.0004492513835430145,0.2050395905971527,0.016872089356184006,0.13727301359176636,-0.2559683322906494,0.4039892256259918,0.48251107335090637,0.29927417635917664,0.14740924537181854,0.7277029752731323,0.5645782947540283,0.6527469754219055,0.09611010551452637,0.8749635219573975,0.6577271819114685,1.0187864303588867,0.14473417401313782,0.5868752598762512,0.20682580769062042,1.0124161839485029,0.16134262550622158,-0.5071345716714803,-0.17492724582552874,0.3134287893772028,0.07779449224471768,1.6545027494430153,0.7485218346118705,2.5410428643226206,0.5503628402948352,3.8528710603713408,1.7485126852988975,1.9098058342933377,0.2329055219888687,1.6065835952758705,0.4650056362152072,0.20082890987396795,0.3844521939754486,-0.1907840371131897,-0.04284270107746402,3.0,3.0,3.0,3.0,3.0,3.0,3.0,3.0,3.0,3.0,3.0,3.0,3.0,3.0,3.0,3.0,3.0,3.0,3.0,3.0,0.05,0.05,0.05,0.05,0.05,0.05,0.05,0.05,0.05,0.05,0.05,0.05,0.05,0.05,0.05,0.05,0.05,0.05,0.05,0.05,0.0,0.0,0.0,0.0,0.0,0.0,0.0,0.0,0.0,0.0,0.0,0.0,0.0,0.0,0.0,0.0,0.0,0.0,0.0,0.0,0.7653940320014954,0.07061059772968292,0.27597782015800476,0.07524353265762329,0.35439532995224,0.0168265700340271,1.1485222578048706,0.6716548800468445,0.6064049601554871,-0.0812637135386467,1.2310268878936768,0.638671875,1.1241278648376465,0.04890823736786842,0.9174535870552063,0.5153636336326599,1.3935397863388062,0.05155652016401291,0.6251370310783386,0.29540225863456726,1.420329511165619,-1.062124967575079,0.33235326409338795,3.9324150420725075,7.286756485700524,0.18867524340747885,3.7633836269378382,0.6633833050727816,5.345602333545618,0.13274364173411768,2.59183347225187,0.48896819353103915,1.6885221004485862,0.00396212562918663,2.8003901243209506,1.3069361448287935,-0.6465047597885132,0.15102345496416195,5.62631487846367,3.8740314543246877,3.0,3.0,3.0,3.0,3.0,3.0,3.0,3.0,3.0,3.0,3.0,3.0,3.0,3.0,3.0,3.0,3.0,3.0,3.0,3.0,0.05,0.05,0.05,0.05,0.05,0.05,0.05,0.05,0.05,0.05,0.05,0.05,0.05,0.05,0.05,0.05,0.05,0.05,0.05,0.05,0.0,0.0,0.0,0.0,0.0,0.0,0.0,0.0,0.0,0.0,0.0,0.0,0.0,0.0,0.0,0.0,0.0,0.0,0.0,0.0
0.8024895787239069,0.0012053628452121951,0.19298647344112418,0.016546027734875693,0.15710981190204582,-0.2537592053413392,0.4596973061561569,0.5131520628929129,0.3678672611713393,0.1591709405183791,0.8301238417625404,0.6107883453369132,0.7021296620368946,0.09695529192686081,0.9031337499618527,0.6648719906806945,1.0196702480316164,0.14810948073863983,0.5874841213226318,0.2102738320827483,1.2120261788368059,0.08409652509726584,-0.5262244492769171,-0.06442577578127384,0.8840616792440414,0.1878738403320271,3.668045252561511,2.1668605506419802,3.8282997906207634,0.38284584879875044,5.121999979019135,2.0931363105773926,2.369372546672799,-0.23474954068660145,0.9961187839508057,0.15941262245178223,-0.12325644493102472,0.08887313306331565,0.23925155401229303,0.3764376044273286,3.0,3.0,3.0,3.0,3.0,3.0,3.0,3.0,3.0,3.0,3.0,3.0,3.0,3.0,3.0,3.0,3.0,3.0,3.0,3.0,0.05,0.05,0.05,0.05,0.05,0.05,0.05,0.05,0.05,0.05,0.05,0.05,0.05,0.05,0.05,0.05,0.05,0.05,0.05,0.05,0.0,0.0,0.0,0.0,0.0,0.0,0.0,0.0,0.0,0.0,0.0,0.0,0.0,0.0,0.0,0.0,0.0,0.0,0.0,0.0,0.781495988368988,0.08045324683189368,0.2917845249176021,0.13085864484310042,0.5062976479530301,0.026860468089580175,1.2221118211746205,0.6834499835968016,0.7251226305961582,-0.0748381242156031,1.2853280305862418,0.6478347778320314,1.1716134548187247,0.05066734179854393,0.9789661765098558,0.540744125843048,1.3995610475540161,0.050504669547081035,0.7511889934539765,0.37453052401542525,0.125807523727417,0.5217157304286898,1.0653488337993537,2.4504862725734515,7.358194887638025,1.3038139790296346,2.870765328407282,0.05720853805542825,6.165429949760381,0.7505508139729383,2.0977914333343337,-0.22324919700621726,2.339878678321816,0.025789719074964523,3.022579848766299,0.5196794867515592,0.1802593469619751,-0.4807297140359809,6.740297377109456,3.3145688474178066,3.0,3.0,3.0,3.0,3.0,3.0,3.0,3.0,3.0,3.0,3.0,3.0,3.0,3.0,3.0,3.0,3.0,3.0,3.0,3.0,0.05,0.05,0.05,0.05,0.05,0.05,0.05,0.05,0.05,0.05,0.05,0.05,0.05,0.05,0.05,0.05,0.05,0.05,0.05,0.05,0.0,0.0,0.0,0.0,0.0,0.0,0.0,0.0,0.0,0.0,0.0,0.0,0.0,0.0,0.0,0.0,0.0,0.0,0.0,0.0
0.8286790847778314,0.003813112387433648,0.18399061262607602,0.014295058324933052,0.17263548076152802,-0.24845337867736833,0.5507110357284523,0.5691854953765856,0.4524061679840072,0.16272307932376856,0.9325829744338977,0.648303747177124,0.7475218772888175,0.08672012388706231,0.9148082733154297,0.6641036868095398,1.0138561725616457,0.14828909933567044,0.5964453220367429,0.22188331186771357,1.4630228281021118,-0.2362409490160557,-0.6698701530694934,1.914050569757775,-0.36731325089930517,0.7345244288444394,5.353505909442882,3.0984342098236084,3.7372790277004326,0.12410618364811082,3.5632774233818525,0.6717503070831604,2.067646384239208,-0.5482433363795238,-0.2169787883758323,-0.3791302442550548,-0.5155384540557806,-0.077114999294281,0.654840469360346,0.8904121816158205,3.0,3.0,3.0,3.0,3.0,3.0,3.0,3.0,3.0,3.0,3.0,3.0,3.0,3.0,3.0,3.0,3.0,3.0,3.0,3.0,0.05,0.05,0.05,0.05,0.05,0.05,0.05,0.05,0.05,0.05,0.05,0.05,0.05,0.05,0.05,0.05,0.05,0.05,0.05,0.05,0.0,0.0,0.0,0.0,0.0,0.0,0.0,0.0,0.0,0.0,0.0,0.0,0.0,0.0,0.0,0.0,0.0,0.0,0.0,0.0,0.770426332950592,0.09147922694683051,0.3185917735099789,0.17326298356056136,0.648723125457761,0.06897912919521249,1.2633528709411619,0.6739432215690616,0.8530221581459023,-0.051241680979729164,1.3149385452270501,0.6297419071197513,1.2177230119705191,0.049939826130867004,1.0383567810058583,0.5361508131027223,1.4007501602172852,0.03232733160257367,0.8947489261627168,0.4279850125312795,-0.14241039752960483,0.5311185494065344,0.9436093270778767,1.8336173146963217,6.020978093147317,1.8985781818628245,1.3274699449539462,-0.64451694488524,5.405424535274536,1.0540570132434348,1.3093143701553456,-0.8173421025276156,1.9959002733230702,0.04704734310507705,2.8402522206306458,-0.20004361867904386,0.018528103828430176,-0.7019069511443358,6.577888131141676,2.3398250341415556,3.0,3.0,3.0,3.0,3.0,3.0,3.0,3.0,3.0,3.0,3.0,3.0,3.0,3.0,3.0,3.0,3.0,3.0,3.0,3.0,0.05,0.05,0.05,0.05,0.05,0.05,0.05,0.05,0.05,0.05,0.05,0.05,0.05,0.05,0.05,0.05,0.05,0.05,0.05,0.05,0.0,0.0,0.0,0.0,0.0,0.0,0.0,0.0,0.0,0.0,0.0,0.0,0.0,0.0,0.0,0.0,0.0,0.0,0.0,0.0
0.8610104918479914,-0.008244275115430032,0.16619166731834445,0.0931080505251867,0.1424172818660736,-0.22437822818756165,0.6738375425338722,0.6370894312858573,0.5173584222793566,0.16413518786430353,0.9726549386978145,0.6376583576202396,0.784835517406463,0.07502555847167985,0.8944545984268194,0.6497067809104923,0.9990487098693852,0.1450248807668686,0.6136777400970457,0.24589031934738112,1.373621821403509,-0.762814242625609,-0.7106151431798942,3.9476423989981018,-0.6685003638267552,1.372364908456789,5.3962320089340405,2.4265289306640985,2.938799560070053,0.2109900116920485,1.2484997510910338,-0.8417055010795454,1.628632843494432,-0.42721126228571216,-1.1270672082900834,-0.660985708236686,-0.6199017167091342,0.03267265856265883,0.5933076143264826,1.056697592139246,3.0,3.0,3.0,3.0,3.0,3.0,3.0,3.0,3.0,3.0,3.0,3.0,3.0,3.0,3.0,3.0,3.0,3.0,3.0,3.0,0.05,0.05,0.05,0.05,0.05,0.05,0.05,0.05,0.05,0.05,0.05,0.05,0.05,0.05,0.05,0.05,0.05,0.05,0.05,0.05,0.0,0.0,0.0,0.0,0.0,0.0,0.0,0.0,0.0,0.0,0.0,0.0,0.0,0.0,0.0,0.0,0.0,0.0,0.0,0.0,0.7757995724678038,0.10169798880815506,0.32952889800071716,0.20420333743095329,0.7471367716789228,0.10280359536409316,1.2752106189727783,0.657669305801392,0.9413396120071397,-0.0326758436858657,1.3377006053924556,0.6151410937309267,1.2514494657516475,0.05254923552274701,1.0925762653350817,0.5327423810958862,1.4003021717071533,0.022428391501307605,1.0143045186996436,0.4681235253810875,0.5211174488067544,0.255826674401766,0.2946250140667031,1.5662111341953422,4.0410712361336145,1.4492932707071435,-0.11401474475858375,-0.9217455983161871,3.5513848066330316,0.7320720236748552,1.0556399822235274,-0.5460470914840726,1.179611682891868,0.0871746800839901,2.6316285133361816,-0.030098855495458432,-0.3059566020965465,-0.34275259822607484,5.49005866050723,1.824261248111736,3.0,3.0,3.0,3.0,3.0,3.0,3.0,3.0,3.0,3.0,3.0,3.0,3.0,3.0,3.0,3.0,3.0,3.0,3.0,3.0,0.05,0.05,0.05,0.05,0.05,0.05,0.05,0.05,0.05,0.05,0.05,0.05,0.05,0.05,0.05,0.05,0.05,0.05,0.05,0.05,0.0,0.0,0.0,0.0,0.0,0.0,0.0,0.0,0.0,0.0,0.0,0.0,0.0,0.0,0.0,0.0,0.0,0.0,0.0,0.0
0.8836239576339717,-0.026699457317590714,0.15556600689888025,0.17220075428485712,0.1458954662084578,-0.19355878233909676,0.7665603160858139,0.6662466526031495,0.5699581503868093,0.1711626797914505,0.9825229644775391,0.6146355271339422,0.8126671910285947,0.06963167339563382,0.8697255849838263,0.6376642584800724,0.9890601038932804,0.1495960056781768,0.6201776266098022,0.2641512155532834,1.0676190257072586,-0.4227224504575214,-0.5866564810276115,3.6127435043454605,0.7959965616464615,1.6092546284198914,3.696499764919339,0.6583884358406289,2.284111082553897,0.15488825738430162,-0.5493924021720775,-1.4138713479042135,0.8827328681945967,-0.2993386238813442,-1.671086251735701,-0.7128387689590537,-0.7753208279609791,0.17859824001789093,-0.19874423742293756,0.6439223885536312,3.0,3.0,3.0,3.0,3.0,3.0,3.0,3.0,3.0,3.0,3.0,3.0,3.0,3.0,3.0,3.0,3.0,3.0,3.0,3.0,0.05,0.05,0.05,0.05,0.05,0.05,0.05,0.05,0.05,0.05,0.05,0.05,0.05,0.05,0.05,0.05,0.05,0.05,0.05,0.05,0.0,0.0,0.0,0.0,0.0,0.0,0.0,0.0,0.0,0.0,0.0,0.0,0.0,0.0,0.0,0.0,0.0,0.0,0.0,0.0,0.7912710309028622,0.10171229392290115,0.33037677407264704,0.23591142892837505,0.8103659749031056,0.12695086002349823,1.2587922811508185,0.6370733976364141,0.9950775504112236,-0.021958800032734954,1.3571641445159912,0.6079000234603884,1.2649074792861938,0.05342681333422661,1.1436219215393055,0.5349468588829039,1.3885118961334233,0.01861722767353068,1.114351272583006,0.500955462455749,0.7673114538192777,0.3902468830347061,0.14002546668052673,0.909049063920992,2.659639716148421,0.8342126384377635,-1.4489591121673584,-0.9944528341293446,2.0188361406326654,0.3263655118644312,0.4817306995391957,-0.288915634155279,-0.04138946533202015,-0.08482867851853301,2.2226840257644986,0.18464475870132446,-1.3314694166183472,-0.23048673756420907,4.3613344430924075,1.3684920966625407,3.0,3.0,3.0,3.0,3.0,3.0,3.0,3.0,3.0,3.0,3.0,3.0,3.0,3.0,3.0,3.0,3.0,3.0,3.0,3.0,0.05,0.05,0.05,0.05,0.05,0.05,0.05,0.05,0.05,0.05,0.05,0.05,0.05,0.05,0.05,0.05,0.05,0.05,0.05,0.05,0.0,0.0,0.0,0.0,0.0,0.0,0.0,0.0,0.0,0.0,0.0,0.0,0.0,0.0,0.0,0.0,0.0,0.0,0.0,0.0
0.9037152528762817,-0.02515317313373089,0.14272540807724,0.23761779069900513,0.17425714433193207,-0.160008043050766,0.8216975331306458,0.6634249687194824,0.6087228655815125,0.1703307181596756,0.9506792426109314,0.581103503704071,0.8201448321342468,0.06305201351642609,0.8276111483573914,0.6211932301521301,0.968035876750946,0.15216881036758423,0.6057279706001282,0.27164721488952637,1.005011796951305,0.6445343140512705,-0.5847986787557664,2.939504757523576,2.159440144896511,1.6187675297260458,1.6963586211204917,-0.7098823785781888,1.7183348536491643,-0.09527429938316345,-2.3795142769813538,-1.8454492092132706,0.0009596347808893402,-0.3618410788476498,-2.361795306205766,-0.8917585015297019,-1.120567321777352,0.16340240836143702,-1.1416926980018616,0.1155011355876992,3.0,3.0,3.0,3.0,3.0,3.0,3.0,3.0,3.0,3.0,3.0,3.0,3.0,3.0,3.0,3.0,3.0,3.0,3.0,3.0,0.05,0.05,0.05,0.05,0.05,0.05,0.05,0.05,0.05,0.05,0.05,0.05,0.05,0.05,0.05,0.05,0.05,0.05,0.05,0.05,0.0,0.0,0.0,0.0,0.0,0.0,0.0,0.0,0.0,0.0,0.0,0.0,0.0,0.0,0.0,0.0,0.0,0.0,0.0,0.0,0.806492030620575,0.1173078641295433,0.33512991666793823,0.24056529998779297,0.8535223603248596,0.1361721009016037,1.217252254486084,0.6178911924362183,1.0220930576324463,-0.019621223211288452,1.3569698333740234,0.6035844683647156,1.2497938871383667,0.04915608838200569,1.1814836263656616,0.5401281714439392,1.3470433950424194,0.013208921998739243,1.1887578964233398,0.5228632092475891,0.45858174562455056,1.097377948462963,0.38852766156196733,0.4237078130245257,1.3989418745041171,0.24267993867398072,-2.4464607238769696,-1.0326579213142533,0.6811544299125866,0.007070368155839141,-0.6530046463012695,-0.4116788506507929,-1.3258248567581177,-0.3224841319024563,1.245436072349576,0.08423179388046542,-2.6488035917282216,-0.356508325785401,2.726063132286116,0.6848022341728349,3.0,3.0,3.0,3.0,3.0,3.0,3.0,3.0,3.0,3.0,3.0,3.0,3.0,3.0,3.0,3.0,3.0,3.0,3.0,3.0,0.05,0.05,0.05,0.05,0.05,0.05,0.05,0.05,0.05,0.05,0.05,0.05,0.05,0.05,0.05,0.05,0.05,0.05,0.05,0.05,0.0,0.0,0.0,0.0,0.0,0.0,0.0,0.0,0.0,0.0,0.0,0.0,0.0,0.0,0.0,0.0,0.0,0.0,0.0,0.0
0.9238244295120239,-0.0009180847555398941,0.1321740597486496,0.28978094458580017,0.23227307200431824,-0.12880808115005493,0.8344146609306335,0.637851357460022,0.6386915445327759,0.16735170781612396,0.8873423933982849,0.5408175587654114,0.8127055764198303,0.05515803024172783,0.7752537727355957,0.6019939184188843,0.9442374110221863,0.15613210201263428,0.5745099186897278,0.2687712609767914,0.8282199501991272,1.5891521703451872,-0.40949881076812744,1.9399188458919525,3.27431820333004,1.3499142602086067,-0.39564818143844604,-1.6047626733779907,1.3860687613487244,-0.24042613804340363,-3.762267529964447,-2.104666084051132,-0.7439568638801575,-0.5360668525099754,-3.031100332736969,-1.1408329010009766,-1.1775627732276917,0.1584019511938095,-1.9753485918045044,-0.3995731472969055,3.0,3.0,3.0,3.0,3.0,3.0,3.0,3.0,3.0,3.0,3.0,3.0,3.0,3.0,3.0,3.0,3.0,3.0,3.0,3.0,0.05,0.05,0.05,0.05,0.05,0.05,0.05,0.05,0.05,0.05,0.05,0.05,0.05,0.05,0.05,0.05,0.05,0.05,0.05,0.05,0.0,0.0,0.0,0.0,0.0,0.0,0.0,0.0,0.0,0.0,0.0,0.0,0.0,0.0,0.0,0.0,0.0,0.0,0.0,0.0,0.8096143007278442,0.14560741186141968,0.34591788053512573,0.2528597414493561,0.8663236498832703,0.13665805757045746,1.1609338521957397,0.595767080783844,1.022323727607727,-0.02167598530650139,1.3310439586639404,0.5914328694343567,1.2118744850158691,0.04052744805812836,1.1934393644332886,0.5383161306381226,1.2825597524642944,0.004356894642114639,1.2233937978744507,0.5283475518226624,-0.8757129311561584,2.2812562063336372,0.5417168140411377,1.43255814909935,0.22439807653427124,0.048204511404037476,-3.0685067176818848,-1.035928726196289,-0.29081404209136963,-0.013588322326540947,-2.1124184131622314,-0.676456093788147,-2.114728093147278,-0.35027945414185524,-0.23221969604492188,-0.19787847995758057,-3.3409446477890015,-0.3279970842413604,0.8852094411849976,-0.08670985698699951,3.0,3.0,3.0,3.0,3.0,3.0,3.0,3.0,3.0,3.0,3.0,3.0,3.0,3.0,3.0,3.0,3.0,3.0,3.0,3.0,0.05,0.05,0.05,0.05,0.05,0.05,0.05,0.05,0.05,0.05,0.05,0.05,0.05,0.05,0.05,0.05,0.05,0.05,0.05,0.05,0.0,0.0,0.0,0.0,0.0,0.0,0.0,0.0,0.0,0.0,0.0,0.0,0.0,0.0,0.0,0.0,0.0,0.0,0.0,0.0
0.9368440508842468,0.0384129136800766,0.1263454556465149,0.3152145445346832,0.30522987246513367,-0.10601147264242172,0.8058716058731079,0.5992344617843628,0.6641656160354614,0.16071367263793945,0.8001885414123535,0.49691686034202576,0.7903865575790405,0.04160933941602707,0.7063671350479126,0.5755599141120911,0.9209333658218384,0.1585048884153366,0.526714026927948,0.25566428899765015,0.07320195436477661,2.04217960126698,-0.031042098999023438,-0.440109521150589,3.244597464799881,1.0412493720650673,-1.5375778079032898,-1.8650323152542114,1.0023608803749084,-0.3717057406902313,-4.176817834377289,-2.0973563194274902,-1.4074966311454773,-0.5786866880953312,-3.4411802887916565,-1.3539791107177734,-1.286207139492035,-0.0754624605178833,-2.3629896342754364,-0.6970774382352829,3.0,3.0,3.0,3.0,3.0,3.0,3.0,3.0,3.0,3.0,3.0,3.0,3.0,3.0,3.0,3.0,3.0,3.0,3.0,3.0,0.05,0.05,0.05,0.05,0.05,0.05,0.05,0.05,0.05,0.05,0.05,0.05,0.05,0.05,0.05,0.05,0.05,0.05,0.05,0.05,0.0,0.0,0.0,0.0,0.0,0.0,0.0,0.0,0.0,0.0,0.0,0.0,0.0,0.0,0.0,0.0,0.0,0.0,0.0,0.0,0.7714635133743286,0.2085581123828888,0.35679858922958374,0.29786762595176697,0.8624982833862305,0.1381002813577652,1.0945119857788086,0.5764540433883667,1.0104604959487915,-0.02016475610435009,1.2724730968475342,0.5765262246131897,1.1652047634124756,0.03514491021633148,1.1721948385238647,0.532213032245636,1.2134056091308594,8.903862908482552e-05,1.2241662740707397,0.5193948149681091,-3.386296331882477,3.9288826286792755,0.6718337535858154,2.570728212594986,-0.35868436098098755,0.3047529608011246,-2.976110577583313,-0.908622145652771,-0.9183958172798157,0.3042319789528847,-3.3648282289505005,-0.929318368434906,-2.5399059057235718,-0.18236469477415085,-1.6634047031402588,-0.5945459008216858,-3.197181224822998,-0.13691465719603002,-0.23861229419708252,-0.6350681185722351,3.0,3.0,3.0,3.0,3.0,3.0,3.0,3.0,3.0,3.0,3.0,3.0,3.0,3.0,3.0,3.0,3.0,3.0,3.0,3.0,0.05,0.05,0.05,0.05,0.05,0.05,0.05,0.05,0.05,0.05,0.05,0.05,0.05,0.05,0.05,0.05,0.05,0.05,0.05,0.05,0.0,0.0,0.0,0.0,0.0,0.0,0.0,0.0,0.0,0.0,0.0,0.0,0.0,0.0,0.0,0.0,0.0,0.0,0.0,0.0
0.926752507686615,0.08076909929513931,0.13093237578868866,0.2721765637397766,0.3620569705963135,-0.08715810626745224,0.772911548614502,0.5632500648498535,0.6787859797477722,0.1524834781885147,0.7202696800231934,0.45692330598831177,0.7564057111740112,0.03201056271791458,0.6376065611839294,0.5478347539901733,0.8927891254425049,0.15311360359191895,0.4799903333187103,0.24088816344738007,-1.653704047203064,2.972821146249771,0.889994204044342,-2.6391390711069107,2.3640133440494537,0.8361421525478363,-2.1553367376327515,-1.9879385828971863,0.13160854578018188,-0.45637600123882294,-4.305808246135712,-2.1731488406658173,-2.5389954447746277,-0.4685924854129553,-3.9745032787323,-1.701982319355011,-1.897481083869934,-0.6670005619525909,-2.6074685156345367,-0.9285081177949905,3.0,3.0,3.0,3.0,3.0,3.0,3.0,3.0,3.0,3.0,3.0,3.0,3.0,3.0,3.0,3.0,3.0,3.0,3.0,3.0,0.05,0.05,0.05,0.05,0.05,0.05,0.05,0.05,0.05,0.05,0.05,0.05,0.05,0.05,0.05,0.05,0.05,0.05,0.05,0.05,0.0,0.0,0.0,0.0,0.0,0.0,0.0,0.0,0.0,0.0,0.0,0.0,0.0,0.0,0.0,0.0,0.0,0.0,0.0,0.0,0.6741624474525452,0.3027627170085907,0.37279123067855835,0.3556888699531555,0.8519762754440308,0.14884817600250244,1.0418894290924072,0.5594221949577332,0.9855878949165344,-0.009506706148386002,1.1964508295059204,0.5542601346969604,1.1102782487869263,0.03323286026716232,1.1269031763076782,0.5145342946052551,1.1546725034713745,-0.0011196916457265615,1.2138493061065674,0.502944827079773,-5.565838515758514,4.926859587430954,1.1812038719654083,2.9009677469730377,-0.5554914474487305,0.46147629618644714,-2.4085402488708496,-0.9993880987167358,-1.548410952091217,0.4493858781643212,-4.177257418632507,-1.3651296496391296,-2.746090292930603,-0.16541029326617718,-2.7123838663101196,-1.2273244559764862,-2.8945744037628174,-0.047100894153118134,-0.8634060621261597,-1.0826557874679565,3.0,3.0,3.0,3.0,3.0,3.0,3.0,3.0,3.0,3.0,3.0,3.0,3.0,3.0,3.0,3.0,3.0,3.0,3.0,3.0,0.05,0.05,0.05,0.05,0.05,0.05,0.05,0.05,0.05,0.05,0.05,0.05,0.05,0.05,0.05,0.05,0.05,0.05,0.05,0.05,0.0,0.0,0.0,0.0,0.0,0.0,0.0,0.0,0.0,0.0,0.0,0.0,0.0,0.0,0.0,0.0,0.0,0.0,0.0,0.0
0.8706958889961243,0.15732575953006744,0.16194522380828857,0.2096489816904068,0.3997904062271118,-0.07256578654050827,0.7196581363677979,0.5197169184684753,0.6694299578666687,0.14245863258838654,0.627956211566925,0.40999090671539307,0.6888267397880554,0.022865639999508858,0.5473870038986206,0.5074806213378906,0.845034122467041,0.13182486593723297,0.42241528630256653,0.21852396428585052,-2.6862844824790955,3.4350017085671425,1.5549257397651672,-2.79877707362175,1.1942006647586823,0.8033793419599533,-2.858401834964752,-2.1568357944488525,-0.5466252565383911,-0.44735483825206757,-4.329121112823486,-2.1726980805397034,-2.7836397290229797,-0.4214612301439047,-4.137641191482544,-1.8994204699993134,-2.182796597480774,-1.1046132072806358,-2.6654355227947235,-1.0400667786598206,3.0,3.0,3.0,3.0,3.0,3.0,3.0,3.0,3.0,3.0,3.0,3.0,3.0,3.0,3.0,3.0,3.0,3.0,3.0,3.0,0.05,0.05,0.05,0.05,0.05,0.05,0.05,0.05,0.05,0.05,0.05,0.05,0.05,0.05,0.05,0.05,0.05,0.05,0.05,0.05,0.0,0.0,0.0,0.0,0.0,0.0,0.0,0.0,0.0,0.0,0.0,0.0,0.0,0.0,0.0,0.0,0.0,0.0,0.0,0.0,0.548829972743988,0.40563249588012695,0.4040467441082001,0.4139063358306885,0.8402786254882812,0.15655933320522308,0.9981703758239746,0.5364785194396973,0.9485240578651428,-0.0021893209777772427,1.1053828001022339,0.5219210386276245,1.0553611516952515,0.028528498485684395,1.06369948387146,0.48312005400657654,1.0976226329803467,-0.0017949971370398998,1.1896300315856934,0.47608858346939087,-5.639961361885071,4.5152053236961365,1.4099381864070892,2.2188305854797363,-0.504148006439209,0.2776049077510834,-2.033780515193939,-1.5120014548301697,-1.1962413787841797,0.33567792270332575,-4.6492427587509155,-1.7432145774364471,-2.022498846054077,-0.06549796089529991,-3.4016668796539307,-1.8781118094921112,-2.312403917312622,0.14522817800752819,-1.508823037147522,-1.6421623528003693,3.0,3.0,3.0,3.0,3.0,3.0,3.0,3.0,3.0,3.0,3.0,3.0,3.0,3.0,3.0,3.0,3.0,3.0,3.0,3.0,0.05,0.05,0.05,0.05,0.05,0.05,0.05,0.05,0.05,0.05,0.05,0.05,0.05,0.05,0.05,0.05,0.05,0.05,0.05,0.05,0.0,0.0,0.0,0.0,0.0,0.0,0.0,0.0,0.0,0.0,0.0,0.0,0.0,0.0,0.0,0.0,0.0,0.0,0.0,0.0
0.8193011283874512,0.218169167637825,0.19312940537929535,0.16022548079490662,0.40982499718666077,-0.05502293258905411,0.6585754752159119,0.4769766330718994,0.6569209694862366,0.134589284658432,0.5471048355102539,0.37001538276672363,0.645060122013092,0.015152113512158394,0.4721009135246277,0.4718579351902008,0.8054772615432739,0.10892907530069351,0.3733729124069214,0.19928549230098724,-2.3419082164764404,2.8324972838163376,1.466638594865799,-2.2175446152687073,0.18965676426887512,0.7826405577361584,-3.0001044273376465,-2.015168219804764,-0.6579369306564331,-0.33850744366645813,-3.7058547139167786,-1.7934702336788177,-1.6207888722419739,-0.34273634664714336,-3.3527694642543793,-1.621147245168686,-1.7310336232185364,-1.1390654370188713,-2.20516100525856,-0.8530154824256897,3.0,3.0,3.0,3.0,3.0,3.0,3.0,3.0,3.0,3.0,3.0,3.0,3.0,3.0,3.0,3.0,3.0,3.0,3.0,3.0,0.05,0.05,0.05,0.05,0.05,0.05,0.05,0.05,0.05,0.05,0.05,0.05,0.05,0.05,0.05,0.05,0.05,0.05,0.05,0.05,0.0,0.0,0.0,0.0,0.0,0.0,0.0,0.0,0.0,0.0,0.0,0.0,0.0,0.0,0.0,0.0,0.0,0.0,0.0,0.0,0.44856399297714233,0.48337092995643616,0.4291887581348419,0.44444209337234497,0.8318103551864624,0.15995237231254578,0.9605382084846497,0.49894213676452637,0.9377382397651672,0.003920410759747028,1.0104811191558838,0.48453155159950256,1.0293782949447632,0.030612941831350327,0.990836501121521,0.4394098222255707,1.0621763467788696,0.004689435474574566,1.1534963846206665,0.4372583329677582,-3.960462659597397,2.7771219611167908,1.5947364270687103,-1.5352480113506317,-0.5852550268173218,-0.10825991630554199,-1.6345873475074768,-1.7318926751613617,-0.3214031457901001,0.13577083591371775,-4.24715131521225,-1.660332828760147,-1.149490475654602,0.09853350929915905,-3.3204421401023865,-1.9788891077041626,-1.3500481843948364,0.4559303051792085,-1.663622260093689,-1.7629630863666534,3.0,3.0,3.0,3.0,3.0,3.0,3.0,3.0,3.0,3.0,3.0,3.0,3.0,3.0,3.0,3.0,3.0,3.0,3.0,3.0,0.05,0.05,0.05,0.05,0.05,0.05,0.05,0.05,0.05,0.05,0.05,0.05,0.05,0.05,0.05,0.05,0.05,0.05,0.05,0.05,0.0,0.0,0.0,0.0,0.0,0.0,0.0,0.0,0.0,0.0,0.0,0.0,0.0,0.0,0.0,0.0,0.0,0.0,0.0,0.0
0.7770195603370667,0.27062565088272095,0.22061076760292053,0.12094719707965851,0.4073766767978668,-0.041260164231061935,0.599653959274292,0.4391101896762848,0.6431124806404114,0.1289183348417282,0.4797220230102539,0.33825209736824036,0.6239951848983765,0.009156186133623123,0.41327622532844543,0.4426347315311432,0.7757927775382996,0.08626224845647812,0.3342088460922241,0.18440334498882294,-1.8563956022262573,2.5672029703855515,1.2387532740831375,-1.7080139368772507,-0.3328979015350342,0.5848158150911331,-2.860082685947418,-1.7625018954277039,-0.5787849426269531,-0.3054944798350334,-2.9763825237751007,-1.348787546157837,-0.5493879318237305,-0.31179088400676847,-2.549627423286438,-1.295076310634613,-1.1505872011184692,-1.1344017460942268,-1.6421951353549957,-0.5908388644456863,3.0,3.0,3.0,3.0,3.0,3.0,3.0,3.0,3.0,3.0,3.0,3.0,3.0,3.0,3.0,3.0,3.0,3.0,3.0,3.0,0.05,0.05,0.05,0.05,0.05,0.05,0.05,0.05,0.05,0.05,0.05,0.05,0.05,0.05,0.05,0.05,0.05,0.05,0.05,0.05,0.0,0.0,0.0,0.0,0.0,0.0,0.0,0.0,0.0,0.0,0.0,0.0,0.0,0.0,0.0,0.0,0.0,0.0,0.0,0.0,0.39041146636009216,0.5167173743247986,0.4678362011909485,0.3524964153766632,0.8168684244155884,0.1522289365530014,0.9327868819236755,0.4672028124332428,0.9356679320335388,0.003241512458771467,0.9354967474937439,0.45550772547721863,1.0093815326690674,0.03246983885765076,0.9308817982673645,0.40396448969841003,1.0436207056045532,0.01644221507012844,1.1230851411819458,0.40557006001472473,0.1749590039253235,0.5230896174907684,-0.08220300078392029,-4.018411785364151,-0.6281986832618713,0.18914677202701569,-1.193736493587494,-1.457221806049347,0.2273261547088623,0.4133009584620595,-3.3683016896247864,-1.2916550040245056,-0.6035715341567993,0.47427983954548836,-2.626757323741913,-1.5244491398334503,-0.9717792272567749,0.6776453228667378,-1.499873399734497,-1.4176353812217712,3.0,3.0,3.0,3.0,3.0,3.0,3.0,3.0,3.0,3.0,3.0,3.0,3.0,3.0,3.0,3.0,3.0,3.0,3.0,3.0,0.05,0.05,0.05,0.05,0.05,0.05,0.05,0.05,0.05,0.05,0.05,0.05,0.05,0.05,0.05,0.05,0.05,0.05,0.05,0.05,0.0,0.0,0.0,0.0,0.0,0.0,0.0,0.0,0.0,0.0,0.0,0.0,0.0,0.0,0.0,0.0,0.0,0.0,0.0,0.0
0.7450453042984009,0.32085728645324707,0.24267953634262085,0.09190492331981659,0.3965090811252594,-0.03163029998540878,0.5441721677780151,0.40647655725479126,0.6337695717811584,0.12236950546503067,0.4280495345592499,0.31606388092041016,0.6230846047401428,0.0026804781518876553,0.37011581659317017,0.4200548827648163,0.7594537734985352,0.06355300545692444,0.30768510699272156,0.1756519377231598,-2.2259771823883057,2.3010581731796265,1.2357458472251892,0.4199199378490448,-0.14830231666564941,-0.13901321217417717,-2.461041510105133,-1.2904562056064606,-0.07677823305130005,-0.7619066163897514,-2.042800933122635,-0.6457619369029999,0.5429893732070923,-0.5728809162974358,-1.5020549297332764,-0.8028902113437653,-0.4442855715751648,-1.1941056698560715,-0.480777770280838,0.01807175576686859,3.0,3.0,3.0,3.0,3.0,3.0,3.0,3.0,3.0,3.0,3.0,3.0,3.0,3.0,3.0,3.0,3.0,3.0,3.0,3.0,0.05,0.05,0.05,0.05,0.05,0.05,0.05,0.05,0.05,0.05,0.05,0.05,0.05,0.05,0.05,0.05,0.05,0.05,0.05,0.05,0.0,0.0,0.0,0.0,0.0,0.0,0.0,0.0,0.0,0.0,0.0,0.0,0.0,0.0,0.0,0.0,0.0,0.0,0.0,0.0,0.4555623531341553,0.5042945146560669,0.4259006381034851,0.28370562195777893,0.8066824078559875,0.1675182431936264,0.9127887487411499,0.4406532645225525,0.9468312859535217,0.020452449098229408,0.8757490515708923,0.43286535143852234,1.0052354335784912,0.04958413541316986,0.8857662081718445,0.37843185663223267,1.0233051776885986,0.03179524838924408,1.0935014486312866,0.38055291771888733,2.992687374353409,-1.1322423815727234,-1.6363471746444702,-1.6445346176624298,-0.044858455657958984,0.8731860667467117,-1.7653033137321472,-1.6132816672325134,0.9055867791175842,0.8468133513815701,-2.9657021164894104,-1.0328412055969238,0.023490190505981445,0.9083641692996025,-2.052663266658783,-1.0157905519008636,-1.1930137872695923,0.8025054354220629,-1.2401074171066284,-0.9875036776065826,3.0,3.0,3.0,3.0,3.0,3.0,3.0,3.0,3.0,3.0,3.0,3.0,3.0,3.0,3.0,3.0,3.0,3.0,3.0,3.0,0.05,0.05,0.05,0.05,0.05,0.05,0.05,0.05,0.05,0.05,0.05,0.05,0.05,0.05,0.05,0.05,0.05,0.05,0.05,0.05,0.0,0.0,0.0,0.0,0.0,0.0,0.0,0.0,0.0,0.0,0.0,0.0,0.0,0.0,0.0,0.0,0.0,0.0,0.0,0.0
0.6879804730415344,0.362667977809906,0.2700406014919281,0.1377439945936203,0.40144458413124084,-0.04682069271802902,0.5012122988700867,0.38749194145202637,0.6400413513183594,0.09844207018613815,0.3980099856853485,0.31242161989212036,0.6457147598266602,-0.013759050518274307,0.3531940281391144,0.4105191230773926,0.758021354675293,0.03849802166223526,0.3149777352809906,0.18512621521949768,-2.8046712279319763,2.071887254714966,1.4940619468688965,3.2250255346298218,0.26796162128448486,-1.0818738490343094,-1.7260529100894928,-0.6537176668643951,0.7071807980537415,-1.4491686597466469,-1.0048247873783112,0.11788830161094666,1.5838652849197388,-1.1083371355198324,-0.056202709674835205,-0.03128945827484131,0.37980228662490845,-1.379768829792738,1.1335201561450958,0.858919695019722,3.0,3.0,3.0,3.0,3.0,3.0,3.0,3.0,3.0,3.0,3.0,3.0,3.0,3.0,3.0,3.0,3.0,3.0,3.0,3.0,0.05,0.05,0.05,0.05,0.05,0.05,0.05,0.05,0.05,0.05,0.05,0.05,0.05,0.05,0.05,0.05,0.05,0.05,0.05,0.05,0.0,0.0,0.0,0.0,0.0,0.0,0.0,0.0,0.0,0.0,0.0,0.0,0.0,0.0,0.0,0.0,0.0,0.0,0.0,0.0,0.5101189613342285,0.47142767906188965,0.4023823142051697,0.286715030670166,0.81507408618927,0.18715637922286987,0.8621747493743896,0.40267154574394226,0.9718914031982422,0.03711404651403427,0.8168686628341675,0.4141940772533417,1.0103211402893066,0.06880440562963486,0.8487752676010132,0.3633328676223755,0.9959001541137695,0.048542432487010956,1.0734808444976807,0.3660699129104614,2.053631842136383,-2.002275735139847,-0.9662069380283356,2.1254874765872955,0.39433538913726807,1.0874506086111069,-2.340538799762726,-1.671699434518814,1.2799084186553955,1.022162800654769,-2.6824042201042175,-0.7440298795700073,0.06950497627258301,1.024799793958664,-1.7297685146331787,-0.5830928683280945,-1.304897665977478,0.552050769329071,-0.8353501558303833,-0.571645051240921,3.0,3.0,3.0,3.0,3.0,3.0,3.0,3.0,3.0,3.0,3.0,3.0,3.0,3.0,3.0,3.0,3.0,3.0,3.0,3.0,0.05,0.05,0.05,0.05,0.05,0.05,0.05,0.05,0.05,0.05,0.05,0.05,0.05,0.05,0.05,0.05,0.05,0.05,0.05,0.05,0.0,0.0,0.0,0.0,0.0,0.0,0.0,0.0,0.0,0.0,0.0,0.0,0.0,0.0,0.0,0.0,0.0,0.0,0.0,0.0
0.6328584551811218,0.4037327766418457,0.3024420142173767,0.22090594470500946,0.4072275459766388,-0.07490525394678116,0.4751300513744354,0.38032785058021545,0.6620568037033081,0.0644027590751648,0.38785654306411743,0.320779412984848,0.6864392161369324,-0.04165300726890564,0.36786770820617676,0.41880330443382263,0.7746458649635315,0.00836225226521492,0.3530259132385254,0.21000872552394867,-2.421961724758148,1.5923507511615753,1.1456310749053955,3.341597691178322,-0.035143643617630005,-1.0508904233574867,-1.4508046209812164,-0.566786527633667,0.5871787667274475,-1.6685913316905499,-0.682174414396286,0.2770036458969116,1.294352114200592,-1.3810296542942524,0.6728939712047577,0.29794126749038696,0.23548156023025513,-1.575032714754343,2.003782242536545,1.1630706489086151,3.0,3.0,3.0,3.0,3.0,3.0,3.0,3.0,3.0,3.0,3.0,3.0,3.0,3.0,3.0,3.0,3.0,3.0,3.0,3.0,0.05,0.05,0.05,0.05,0.05,0.05,0.05,0.05,0.05,0.05,0.05,0.05,0.05,0.05,0.05,0.05,0.05,0.05,0.05,0.05,0.0,0.0,0.0,0.0,0.0,0.0,0.0,0.0,0.0,0.0,0.0,0.0,0.0,0.0,0.0,0.0,0.0,0.0,0.0,0.0,0.5377076268196106,0.424203485250473,0.3872523605823517,0.36872512102127075,0.8224558234214783,0.21101626753807068,0.8191671967506409,0.3737852871417999,0.9980276226997375,0.061338961124420166,0.7684528827667236,0.40310415625572205,1.0080156326293945,0.09057612717151642,0.8165754675865173,0.3551081418991089,0.9711092710494995,0.05387727916240692,1.0600874423980713,0.3576871156692505,1.0108202695846558,-2.3292601108551025,-1.0086700320243835,3.561463952064514,0.19064843654632568,1.2023761868476868,-2.323015034198761,-1.4590851962566376,0.824737548828125,1.2964677065610886,-2.7260497212409973,-0.5432948470115662,-0.7660001516342163,1.3224473223090172,-1.6356706619262695,-0.4087202250957489,-2.65512615442276,0.5648624151945114,0.20107030868530273,-0.08721351623535156,3.0,3.0,3.0,3.0,3.0,3.0,3.0,3.0,3.0,3.0,3.0,3.0,3.0,3.0,3.0,3.0,3.0,3.0,3.0,3.0,0.05,0.05,0.05,0.05,0.05,0.05,0.05,0.05,0.05,0.05,0.05,0.05,0.05,0.05,0.05,0.05,0.05,0.05,0.05,0.05,0.0,0.0,0.0,0.0,0.0,0.0,0.0,0.0,0.0,0.0,0.0,0.0,0.0,0.0,0.0,0.0,0.0,0.0,0.0,0.0
0.5911020040512085,0.426362007856369,0.3158658444881439,0.2714079022407532,0.40003883838653564,-0.08885630965232849,0.443180114030838,0.3648204803466797,0.6635285019874573,0.03169841691851616,0.37072300910949707,0.3235017657279968,0.6974888443946838,-0.0690002366900444,0.3801097869873047,0.42243677377700806,0.7674406170845032,-0.02450328692793846,0.3951290249824524,0.23164904117584229,-1.945987343788147,1.078788936138153,0.5414292216300964,0.8600670844316483,-0.7195234298706055,0.2181772142648697,-2.0252011716365814,-1.2251317501068115,-0.7386729121208191,-0.8667102083563805,-1.610065996646881,-0.5142606794834137,-0.5054250359535217,-0.7379651069641113,-0.264962762594223,-0.4962339997291565,-1.2839391827583313,-1.2496969662606716,1.4163196086883545,0.5335092544555664,3.0,3.0,3.0,3.0,3.0,3.0,3.0,3.0,3.0,3.0,3.0,3.0,3.0,3.0,3.0,3.0,3.0,3.0,3.0,3.0,0.05,0.05,0.05,0.05,0.05,0.05,0.05,0.05,0.05,0.05,0.05,0.05,0.05,0.05,0.05,0.05,0.05,0.05,0.05,0.05,0.0,0.0,0.0,0.0,0.0,0.0,0.0,0.0,0.0,0.0,0.0,0.0,0.0,0.0,0.0,0.0,0.0,0.0,0.0,0.0,0.5505517721176147,0.37825727462768555,0.36203551292419434,0.4291735887527466,0.822700023651123,0.23525142669677734,0.7692541480064392,0.34430813789367676,1.0048809051513672,0.08897275477647781,0.7078266739845276,0.39246228337287903,0.979681134223938,0.12170229852199554,0.7833484411239624,0.34698405861854553,0.8896951079368591,0.07113692909479141,1.0815236568450928,0.36258137226104736,0.31644105911254883,-1.5474691987037659,-1.4809124171733856,1.8342271447181702,-0.39412081241607666,0.693228468298912,-2.7115076780319214,-1.6232088208198547,-0.4349365830421448,0.7385002449154854,-3.6013171076774597,-1.026076078414917,-2.6941418647766113,0.9393017739057541,-2.5054708123207092,-1.059858500957489,-5.988787114620209,0.09612040594220161,-0.14239251613616943,-0.7779210805892944,3.0,3.0,3.0,3.0,3.0,3.0,3.0,3.0,3.0,3.0,3.0,3.0,3.0,3.0,3.0,3.0,3.0,3.0,3.0,3.0,0.05,0.05,0.05,0.05,0.05,0.05,0.05,0.05,0.05,0.05,0.05,0.05,0.05,0.05,0.05,0.05,0.05,0.05,0.05,0.05,0.0,0.0,0.0,0.0,0.0,0.0,0.0,0.0,0.0,0.0,0.0,0.0,0.0,0.0,0.0,0.0,0.0,0.0,0.0,0.0
0.555018961429596,0.4468843340873718,0.32409918308258057,0.2553086280822754,0.3784466087818146,-0.06617816537618637,0.39412200450897217,0.331322580575943,0.6325098872184753,0.029734350740909576,0.3234539031982422,0.3002089858055115,0.6662222146987915,-0.07117161154747009,0.35726919770240784,0.39895394444465637,0.7232882976531982,-0.041625626385211945,0.40967869758605957,0.23134909570217133,-1.8300294876098633,0.8897460997104645,0.272320955991745,-0.9263366460800171,-0.7517442107200623,1.6475153155624866,-2.6734180748462677,-2.0606637001037598,-1.6808897256851196,0.6456716917455196,-2.645455300807953,-1.5619896352291107,-1.767827570438385,0.2849958837032318,-1.501033455133438,-1.5835843980312347,-2.3487478494644165,-0.5205306224524975,0.4775889217853546,-0.4536576569080353,3.0,3.0,3.0,3.0,3.0,3.0,3.0,3.0,3.0,3.0,3.0,3.0,3.0,3.0,3.0,3.0,3.0,3.0,3.0,3.0,0.05,0.05,0.05,0.05,0.05,0.05,0.05,0.05,0.05,0.05,0.05,0.05,0.05,0.05,0.05,0.05,0.05,0.05,0.05,0.05,0.0,0.0,0.0,0.0,0.0,0.0,0.0,0.0,0.0,0.0,0.0,0.0,0.0,0.0,0.0,0.0,0.0,0.0,0.0,0.0,0.5503652691841125,0.3623047173023224,0.32801586389541626,0.44209420680999756,0.8066909909248352,0.23874540627002716,0.710706889629364,0.30885693430900574,0.9806301593780518,0.09087897092103958,0.6244001984596252,0.36206111311912537,0.9002499580383301,0.12814819812774658,0.716356635093689,0.3127138018608093,0.7315577864646912,0.057722095400094986,1.0543917417526245,0.3265702724456787,-0.7043749094009399,-0.3004342317581177,-1.1538587510585785,-0.0523202121257782,-1.1494353413581848,-0.1480739563703537,-2.987973392009735,-1.8195852637290955,-1.681971549987793,-0.14922432601451874,-4.368820786476135,-1.7739824950695038,-4.169471561908722,-0.3210354596376419,-3.614458441734314,-1.9113577902317047,-7.67245888710022,-1.4126081019639969,-2.3812785744667053,-2.540026605129242,3.0,3.0,3.0,3.0,3.0,3.0,3.0,3.0,3.0,3.0,3.0,3.0,3.0,3.0,3.0,3.0,3.0,3.0,3.0,3.0,0.05,0.05,0.05,0.05,0.05,0.05,0.05,0.05,0.05,0.05,0.05,0.05,0.05,0.05,0.05,0.05,0.05,0.05,0.05,0.05,0.0,0.0,0.0,0.0,0.0,0.0,0.0,0.0,0.0,0.0,0.0,0.0,0.0,0.0,0.0,0.0,0.0,0.0,0.0,0.0
0.517900824546814,0.4619518518447876,0.3267586827278137,0.2343544363975525,0.36996906995773315,-0.022955697029829025,0.3362433910369873,0.2823939323425293,0.5962929129600525,0.057525284588336945,0.26490479707717896,0.2610221803188324,0.6267757415771484,-0.05760040134191513,0.32006844878196716,0.35909339785575867,0.6734907031059265,-0.04532451182603836,0.4142325818538666,0.21350273489952087,-1.621519774198532,0.7780715823173523,0.002711266279220581,-1.2586478143930435,-0.6488516926765442,2.0980707369744778,-2.9636070132255554,-2.465767040848732,-1.4632731676101685,1.3336479663848877,-2.804511785507202,-1.974162831902504,-2.2063791751861572,0.6043117493391037,-2.163449674844742,-2.1444402635097504,-3.3885225653648376,-0.31879497691988945,-0.40873438119888306,-1.2050922960042953,3.0,3.0,3.0,3.0,3.0,3.0,3.0,3.0,3.0,3.0,3.0,3.0,3.0,3.0,3.0,3.0,3.0,3.0,3.0,3.0,0.05,0.05,0.05,0.05,0.05,0.05,0.05,0.05,0.05,0.05,0.05,0.05,0.05,0.05,0.05,0.05,0.05,0.05,0.05,0.05,0.0,0.0,0.0,0.0,0.0,0.0,0.0,0.0,0.0,0.0,0.0,0.0,0.0,0.0,0.0,0.0,0.0,0.0,0.0,0.0,0.5223767757415771,0.36623990535736084,0.3158811628818512,0.42708078026771545,0.7767226099967957,0.2293284684419632,0.6497352123260498,0.27152472734451294,0.9376020431518555,0.08300378173589706,0.5330738425254822,0.3215029835700989,0.8129022717475891,0.10886088013648987,0.6387701034545898,0.27052974700927734,0.5827967524528503,0.014632605016231537,0.9862725138664246,0.2609803080558777,-1.488746702671051,0.39619728922843933,-0.5434878170490265,-0.40127262473106384,-1.7010554671287537,-1.046057790517807,-2.8760790824890137,-1.7734058201313019,-2.453632652759552,-0.8600164204835892,-4.539813846349716,-2.1265417337417603,-4.140016436576843,-1.1902447789907455,-3.9994940161705017,-2.2407513111829758,-6.679317355155945,-2.342985011637211,-3.901378810405731,-2.829541265964508,3.0,3.0,3.0,3.0,3.0,3.0,3.0,3.0,3.0,3.0,3.0,3.0,3.0,3.0,3.0,3.0,3.0,3.0,3.0,3.0,0.05,0.05,0.05,0.05,0.05,0.05,0.05,0.05,0.05,0.05,0.05,0.05,0.05,0.05,0.05,0.05,0.05,0.05,0.05,0.05,0.0,0.0,0.0,0.0,0.0,0.0,0.0,0.0,0.0,0.0,0.0,0.0,0.0,0.0,0.0,0.0,0.0,0.0,0.0,0.0
0.49015817046165466,0.4780071973800659,0.3242076337337494,0.20496271550655365,0.3524925410747528,0.01774466410279274,0.27557772397994995,0.2326918989419937,0.5739789605140686,0.08308026939630508,0.2112734317779541,0.22124247252941132,0.5779670476913452,-0.046999141573905945,0.27073121070861816,0.31317633390426636,0.5877473950386047,-0.05437742546200752,0.39332932233810425,0.1831454038619995,-1.241813600063324,0.8046016097068787,-0.3926903009414673,-1.5396464616060257,-0.986025482416153,2.0095071755349636,-2.81950980424881,-2.422976866364479,-0.8803009986877441,1.3070954009890556,-2.420162409543991,-1.9124489277601242,-2.6561155915260315,0.5485371686518192,-2.6866093277931213,-2.3685380816459656,-4.572266340255737,-0.2067873254418373,-1.4480136334896088,-1.6854621469974518,3.0,3.0,3.0,3.0,3.0,3.0,3.0,3.0,3.0,3.0,3.0,3.0,3.0,3.0,3.0,3.0,3.0,3.0,3.0,3.0,0.05,0.05,0.05,0.05,0.05,0.05,0.05,0.05,0.05,0.05,0.05,0.05,0.05,0.05,0.05,0.05,0.05,0.05,0.05,0.05,0.0,0.0,0.0,0.0,0.0,0.0,0.0,0.0,0.0,0.0,0.0,0.0,0.0,0.0,0.0,0.0,0.0,0.0,0.0,0.0,0.4908154010772705,0.37815260887145996,0.3062763512134552,0.426043301820755,0.7386487722396851,0.19690309464931488,0.5956637263298035,0.23792070150375366,0.8824848532676697,0.056478314101696014,0.4428076446056366,0.27699944376945496,0.7346493005752563,0.08053840696811676,0.5563768744468689,0.2230837494134903,0.46438509225845337,-0.03599730506539345,0.8983365893363953,0.2133886218070984,-1.6635596752166748,0.25212690234184265,-0.13529956340789795,0.3254622220993042,-2.0921528339385986,-1.7315998673439026,-2.6307016611099243,-1.6109518706798553,-2.9727965593338013,-1.3939924072474241,-4.443807154893875,-2.225169539451599,-3.911323845386505,-1.4220241457223892,-4.052609950304031,-2.322276681661606,-5.418615788221359,-2.473742887377739,-4.27367091178894,-2.1992050111293793,3.0,3.0,3.0,3.0,3.0,3.0,3.0,3.0,3.0,3.0,3.0,3.0,3.0,3.0,3.0,3.0,3.0,3.0,3.0,3.0,0.05,0.05,0.05,0.05,0.05,0.05,0.05,0.05,0.05,0.05,0.05,0.05,0.05,0.05,0.05,0.05,0.05,0.05,0.05,0.05,0.0,0.0,0.0,0.0,0.0,0.0,0.0,0.0,0.0,0.0,0.0,0.0,0.0,0.0,0.0,0.0,0.0,0.0,0.0,0.0
0.468228280544281,0.49413591623306274,0.31105107069015503,0.17276857793331146,0.33052805066108704,0.05742458999156952,0.2234629988670349,0.18547485768795013,0.5610808730125427,0.10980910062789917,0.1680983006954193,0.18452422320842743,0.5205311179161072,-0.03565891459584236,0.2126040756702423,0.26435187458992004,0.490600049495697,-0.05359600484371185,0.3563120365142822,0.1460842490196228,-1.0732434689998627,0.9787037968635559,-0.8720338344573975,-1.3492010533809662,-0.9164631366729736,1.9660419784486294,-2.4043798446655273,-2.1163444966077805,-0.8303135633468628,1.1106206104159355,-1.9454557448625565,-1.8431562930345535,-2.9723718762397766,0.7347479928284883,-2.3007921874523163,-2.4951566010713577,-4.694700241088867,0.35902950912714005,-1.9855290651321411,-1.6032112762331963,3.0,3.0,3.0,3.0,3.0,3.0,3.0,3.0,3.0,3.0,3.0,3.0,3.0,3.0,3.0,3.0,3.0,3.0,3.0,3.0,0.05,0.05,0.05,0.05,0.05,0.05,0.05,0.05,0.05,0.05,0.05,0.05,0.05,0.05,0.05,0.05,0.05,0.05,0.05,0.05,0.0,0.0,0.0,0.0,0.0,0.0,0.0,0.0,0.0,0.0,0.0,0.0,0.0,0.0,0.0,0.0,0.0,0.0,0.0,0.0,0.45583438873291016,0.37632498145103455,0.3104691803455353,0.4400992691516876,0.6930364966392517,0.1600644737482071,0.5445071458816528,0.20708665251731873,0.8186901807785034,0.0272440854460001,0.3553215563297272,0.2324962019920349,0.6564493179321289,0.0519799143075943,0.4766657054424286,0.1776386797428131,0.36605212092399597,-0.08431711047887802,0.8153256773948669,0.17301210761070251,-2.3062512278556824,0.3138802945613861,0.3244422376155853,0.9831048548221588,-2.3310288786888123,-2.0539510995149612,-2.5465071201324463,-1.5325665473937988,-3.3341869711875916,-1.4837882947176695,-3.771775960922241,-2.242916077375412,-3.6594972014427185,-1.4579975511878729,-3.8706228137016296,-1.8397942185401917,-4.549774527549744,-2.196596097201109,-4.132156074047089,-1.6793012619018555,3.0,3.0,3.0,3.0,3.0,3.0,3.0,3.0,3.0,3.0,3.0,3.0,3.0,3.0,3.0,3.0,3.0,3.0,3.0,3.0,0.05,0.05,0.05,0.05,0.05,0.05,0.05,0.05,0.05,0.05,0.05,0.05,0.05,0.05,0.05,0.05,0.05,0.05,0.05,0.05,0.0,0.0,0.0,0.0,0.0,0.0,0.0,0.0,0.0,0.0,0.0,0.0,0.0,0.0,0.0,0.0,0.0,0.0,0.0,0.0
0.44722843170166016,0.5171553492546082,0.2893262803554535,0.150994673371315,0.31583401560783386,0.09638634324073792,0.17940253019332886,0.1480381190776825,0.5407664179801941,0.1275050938129425,0.13345520198345184,0.14751622080802917,0.45907217264175415,-0.01760922186076641,0.1786995232105255,0.21337006986141205,0.39995938539505005,-0.04001624509692192,0.3139081597328186,0.11901695281267166,-1.1891812086105347,1.2750700116157532,-1.1508725583553314,-0.298883393406868,-0.3811471164226532,1.786067709326744,-2.0198170095682144,-1.672203466296196,-1.4384225010871887,0.6861533969640732,-1.3808565214276314,-1.5421753749251366,-2.693307399749756,0.9141788352280855,-1.688670739531517,-2.274216338992119,-4.0161363780498505,0.7676870562136173,-1.9444607198238373,-1.2960286810994148,3.0,3.0,3.0,3.0,3.0,3.0,3.0,3.0,3.0,3.0,3.0,3.0,3.0,3.0,3.0,3.0,3.0,3.0,3.0,3.0,0.05,0.05,0.05,0.05,0.05,0.05,0.05,0.05,0.05,0.05,0.05,0.05,0.05,0.05,0.05,0.05,0.05,0.05,0.05,0.05,0.0,0.0,0.0,0.0,0.0,0.0,0.0,0.0,0.0,0.0,0.0,0.0,0.0,0.0,0.0,0.0,0.0,0.0,0.0,0.0,0.3985653519630432,0.3907078206539154,0.3192540407180786,0.46536749601364136,0.6454076170921326,0.11474505066871643,0.4938034415245056,0.1766180396080017,0.749117374420166,-0.002873217687010765,0.29193660616874695,0.18728280067443848,0.5882694125175476,0.022218504920601845,0.4015519618988037,0.14949198067188263,0.2823941111564636,-0.1238611489534378,0.7330503463745117,0.14621657133102417,-2.8880655765533447,0.8678227663040161,0.22734850645065308,1.001051813364029,-2.334849536418915,-2.2196143865585327,-2.4791404604911804,-1.4871064573526382,-3.1687751412391663,-1.399095356464386,-3.0241042375564575,-2.092437446117401,-3.2537057995796204,-1.35625833645463,-3.6048613488674164,-1.408516801893711,-3.7088871002197266,-1.6907470300793648,-3.8378581404685974,-1.3567591086030006,3.0,3.0,3.0,3.0,3.0,3.0,3.0,3.0,3.0,3.0,3.0,3.0,3.0,3.0,3.0,3.0,3.0,3.0,3.0,3.0,0.05,0.05,0.05,0.05,0.05,0.05,0.05,0.05,0.05,0.05,0.05,0.05,0.05,0.05,0.05,0.05,0.05,0.05,0.05,0.05,0.0,0.0,0.0,0.0,0.0,0.0,0.0,0.0,0.0,0.0,0.0,0.0,0.0,0.0,0.0,0.0,0.0,0.0,0.0,0.0
0.4206610321998596,0.5451387166976929,0.2650161683559418,0.16081324219703674,0.3152821660041809,0.12886729836463928,0.14267031848430634,0.1185867190361023,0.5035439729690552,0.1372552365064621,0.11286403983831406,0.12283720821142197,0.41279882192611694,0.0009082388132810593,0.14505724608898163,0.1733832210302353,0.329954594373703,-0.02288852259516716,0.27853360772132874,0.09424310177564621,-1.5688501298427582,1.366986334323883,-1.297847181558609,0.8101098239421844,0.05139186978340149,1.449848711490631,-1.6224155202507973,-1.3095904141664505,-1.7822660505771637,0.3441687673330307,-1.109868474304676,-1.2572074308991432,-2.0671114325523376,0.8362243883311749,-1.5650659799575806,-1.9038591533899307,-3.0883178114891052,0.8256323635578156,-1.5757396817207336,-0.9983135387301445,3.0,3.0,3.0,3.0,3.0,3.0,3.0,3.0,3.0,3.0,3.0,3.0,3.0,3.0,3.0,3.0,3.0,3.0,3.0,3.0,0.05,0.05,0.05,0.05,0.05,0.05,0.05,0.05,0.05,0.05,0.05,0.05,0.05,0.05,0.05,0.05,0.05,0.05,0.05,0.05,0.0,0.0,0.0,0.0,0.0,0.0,0.0,0.0,0.0,0.0,0.0,0.0,0.0,0.0,0.0,0.0,0.0,0.0,0.0,0.0,0.34031176567077637,0.4110378921031952,0.3195631206035614,0.4801413416862488,0.5996425151824951,0.07127989828586578,0.4453415274620056,0.1476023942232132,0.6919391751289368,-0.02871972881257534,0.23435738682746887,0.14879870414733887,0.5263010859489441,-0.0022704191505908966,0.33247125148773193,0.12129800766706467,0.2176966369152069,-0.1519469916820526,0.661811351776123,0.11874174326658249,-2.9203981161117554,1.7184309661388397,-1.2889645993709564,0.7931724190711975,-2.490566670894623,-2.425186987966299,-2.80434787273407,-1.1855408549308777,-3.264838457107544,-1.258180057629943,-2.6047952473163605,-1.056833565235138,-2.9445938766002655,-1.051764376461506,-3.2236121594905853,-1.2377386912703514,-2.90326327085495,-0.8965518325567245,-3.5547494888305664,-1.2086637318134308,3.0,3.0,3.0,3.0,3.0,3.0,3.0,3.0,3.0,3.0,3.0,3.0,3.0,3.0,3.0,3.0,3.0,3.0,3.0,3.0,0.05,0.05,0.05,0.05,0.05,0.05,0.05,0.05,0.05,0.05,0.05,0.05,0.05,0.05,0.05,0.05,0.05,0.05,0.05,0.05,0.0,0.0,0.0,0.0,0.0,0.0,0.0,0.0,0.0,0.0,0.0,0.0,0.0,0.0,0.0,0.0,0.0,0.0,0.0,0.0
0.38447442650794983,0.5718348026275635,0.23741239309310913,0.18339906632900238,0.3178896903991699,0.15438029170036316,0.11450590938329697,0.09565450251102448,0.46947577595710754,0.14127184450626373,0.0890604630112648,0.09722792357206345,0.37638771533966064,0.015839753672480583,0.11609688401222229,0.13721570372581482,0.27642667293548584,-0.006990950554609299,0.25087857246398926,0.07908441126346588,-2.58953720331192,1.6498714685440063,-1.8990065902471542,0.6058346480131149,-0.5991518497467041,1.152687519788742,-1.1547891423106194,-0.9928440675139427,-2.115669846534729,0.14880336821079254,-0.9387578815221786,-1.1287705972790718,-2.232179045677185,0.5176613572984934,-1.2483004480600357,-1.3044126331806183,-2.499699965119362,0.4394666291773319,-1.4362260699272156,-0.4765341058373451,3.0,3.0,3.0,3.0,3.0,3.0,3.0,3.0,3.0,3.0,3.0,3.0,3.0,3.0,3.0,3.0,3.0,3.0,3.0,3.0,0.05,0.05,0.05,0.05,0.05,0.05,0.05,0.05,0.05,0.05,0.05,0.05,0.05,0.05,0.05,0.05,0.05,0.05,0.05,0.05,0.0,0.0,0.0,0.0,0.0,0.0,0.0,0.0,0.0,0.0,0.0,0.0,0.0,0.0,0.0,0.0,0.0,0.0,0.0,0.0,0.281749427318573,0.459445059299469,0.26769545674324036,0.49709439277648926,0.5457849502563477,0.01773757115006447,0.3816295266151428,0.1291964054107666,0.6185238361358643,-0.05320041999220848,0.18774479627609253,0.14500945806503296,0.470485657453537,-0.01985207013785839,0.2726074755191803,0.09998243302106857,0.16626358032226562,-0.1597232222557068,0.5908603668212891,0.09787002205848694,-2.6353057473897934,2.194814383983612,-2.569194883108139,0.37849172949790955,-2.6600152254104614,-2.4769382551312447,-3.0506350100040436,-0.9333111345767975,-3.452758491039276,-1.0284027550369501,-2.1270185708999634,-0.36923401057720184,-2.7970165014266968,-0.7253562100231647,-2.88630910217762,-1.0197991505265236,-2.474724128842354,-0.3216717392206192,-3.3827245235443115,-1.0114336386322975,3.0,3.0,3.0,3.0,3.0,3.0,3.0,3.0,3.0,3.0,3.0,3.0,3.0,3.0,3.0,3.0,3.0,3.0,3.0,3.0,0.05,0.05,0.05,0.05,0.05,0.05,0.05,0.05,0.05,0.05,0.05,0.05,0.05,0.05,0.05,0.05,0.05,0.05,0.05,0.05,0.0,0.0,0.0,0.0,0.0,0.0,0.0,0.0,0.0,0.0,0.0,0.0,0.0,0.0,0.0,0.0,0.0,0.0,0.0,0.0
0.3170795440673828,0.6111335754394531,0.1890559047460556,0.18504662811756134,0.29131609201431274,0.17497479915618896,0.09647875279188156,0.07887295633554459,0.418917179107666,0.1432073712348938,0.07531372457742691,0.0776863843202591,0.32351166009902954,0.021614693105220795,0.0951252281665802,0.12120671570301056,0.22996659576892853,-0.005309857428073883,0.2210845649242401,0.0751817375421524,-2.7575887739658356,1.7935946583747864,-2.1120913326740265,-0.7979597896337509,-1.3119064271450043,1.0414697229862213,-0.9268347173929214,-0.8315074257552624,-2.363009750843048,0.04277825355529785,-0.7586823776364326,-0.7819950580596924,-2.382665127515793,0.21845796145498753,-1.012357883155346,-0.8289169520139694,-2.2213026881217957,0.037758343387395144,-1.4464356005191803,-0.26848912239074707,3.0,3.0,3.0,3.0,3.0,3.0,3.0,3.0,3.0,3.0,3.0,3.0,3.0,3.0,3.0,3.0,3.0,3.0,3.0,3.0,0.05,0.05,0.05,0.05,0.05,0.05,0.05,0.05,0.05,0.05,0.05,0.05,0.05,0.05,0.05,0.05,0.05,0.05,0.05,0.05,0.0,0.0,0.0,0.0,0.0,0.0,0.0,0.0,0.0,0.0,0.0,0.0,0.0,0.0,0.0,0.0,0.0,0.0,0.0,0.0,0.23489953577518463,0.4988304674625397,0.21679532527923584,0.49528101086616516,0.49324190616607666,-0.027797631919384003,0.32331612706184387,0.1102699488401413,0.5538288354873657,-0.06985583901405334,0.14927664399147034,0.1340293437242508,0.4144204258918762,-0.03128466755151749,0.21701888740062714,0.08050604164600372,0.11870767176151276,-0.16481386125087738,0.5265023708343506,0.07828439772129059,-2.1082449704408646,1.839323341846466,-2.3454107344150543,-1.2817159295082092,-2.799098938703537,-2.2880048491060734,-2.955736964941025,-1.0284453630447388,-3.186320513486862,-0.6513786502182484,-1.7351631075143814,-0.7343152537941933,-2.8983481228351593,-0.3855958115309477,-2.4257462471723557,-0.9138179942965508,-2.3567400872707367,-0.06324276328086853,-3.173200786113739,-0.899031013250351,3.0,3.0,3.0,3.0,3.0,3.0,3.0,3.0,3.0,3.0,3.0,3.0,3.0,3.0,3.0,3.0,3.0,3.0,3.0,3.0,0.05,0.05,0.05,0.05,0.05,0.05,0.05,0.05,0.05,0.05,0.05,0.05,0.05,0.05,0.05,0.05,0.05,0.05,0.05,0.05,0.0,0.0,0.0,0.0,0.0,0.0,0.0,0.0,0.0,0.0,0.0,0.0,0.0,0.0,0.0,0.0,0.0,0.0,0.0,0.0
0.2741708755493164,0.6435785889625549,0.15292873978614807,0.15148067474365234,0.26541343331336975,0.196039080619812,0.07743252068758011,0.06239420548081398,0.3749553859233856,0.14298297464847565,0.058713167905807495,0.06594812124967575,0.28108111023902893,0.024578072130680084,0.07560256868600845,0.10405902564525604,0.187574565410614,-0.005480616819113493,0.19302114844322205,0.068344846367836,-1.9970949739217758,1.3852208852767944,-1.7185468226671219,-1.729736104607582,-1.3155490159988403,1.0978039354085922,-0.8709823712706566,-0.7378307171165943,-2.1052926778793335,-0.018529966473579407,-0.7358471862971783,-0.6581329740583897,-2.014218270778656,0.10452377609908581,-0.8808725513517857,-0.9198291227221489,-2.122907340526581,-0.11345345992594957,-1.4419924467802048,-0.44494960457086563,3.0,3.0,3.0,3.0,3.0,3.0,3.0,3.0,3.0,3.0,3.0,3.0,3.0,3.0,3.0,3.0,3.0,3.0,3.0,3.0,0.05,0.05,0.05,0.05,0.05,0.05,0.05,0.05,0.05,0.05,0.05,0.05,0.05,0.05,0.05,0.05,0.05,0.05,0.05,0.05,0.0,0.0,0.0,0.0,0.0,0.0,0.0,0.0,0.0,0.0,0.0,0.0,0.0,0.0,0.0,0.0,0.0,0.0,0.0,0.0,0.19741962850093842,0.5330179929733276,0.17387902736663818,0.4458257555961609,0.4338209927082062,-0.07378262281417847,0.26340004801750183,0.08805859088897705,0.49107101559638977,-0.07925556600093842,0.11833827197551727,0.11563684791326523,0.3545517325401306,-0.0352759025990963,0.17557762563228607,0.06342971324920654,0.07199397683143616,-0.16225293278694153,0.4639323353767395,0.0619087815284729,-1.6437537968158722,1.543164998292923,-1.77132748067379,-3.2184071838855743,-2.797646075487137,-2.126908116042614,-2.8066352009773254,-1.0014824569225311,-3.108593076467514,-0.4730021581053734,-1.3836760073900223,-0.9654868394136429,-2.889605611562729,-0.16554687172174454,-1.890624314546585,-0.7673311978578568,-2.1702307276427746,0.15450157225131989,-2.9873356223106384,-0.723682064563036,3.0,3.0,3.0,3.0,3.0,3.0,3.0,3.0,3.0,3.0,3.0,3.0,3.0,3.0,3.0,3.0,3.0,3.0,3.0,3.0,0.05,0.05,0.05,0.05,0.05,0.05,0.05,0.05,0.05,0.05,0.05,0.05,0.05,0.05,0.05,0.05,0.05,0.05,0.05,0.05,0.0,0.0,0.0,0.0,0.0,0.0,0.0,0.0,0.0,0.0,0.0,0.0,0.0,0.0,0.0,0.0,0.0,0.0,0.0,0.0
0.23719574511051178,0.6665424108505249,0.12031403183937073,0.11585718393325806,0.23869413137435913,0.21888695657253265,0.0616394579410553,0.049359727650880814,0.3347054719924927,0.14246617257595062,0.04587983712553978,0.05136106535792351,0.2429429292678833,0.025795644149184227,0.059890326112508774,0.0844135507941246,0.1450503021478653,-0.009847995825111866,0.16340486705303192,0.05738375335931778,-1.727905869483931,0.8640408515930204,-1.474273949861514,-1.6479760408401336,-1.3390786945819702,1.0988645255565526,-0.7174599915742812,-0.5797778256237458,-1.9861139357089774,0.1393523067235912,-0.5683852359652474,-0.5425396375358056,-1.9749794155359033,0.03025033511221409,-0.7088135927915512,-0.9333048015832811,-2.0784966647624743,-0.32364270882680457,-1.5014268457889404,-0.6217703223228437,3.0,3.0,3.0,3.0,3.0,3.0,3.0,3.0,3.0,3.0,3.0,3.0,3.0,3.0,3.0,3.0,3.0,3.0,3.0,3.0,0.05,0.05,0.05,0.05,0.05,0.05,0.05,0.05,0.05,0.05,0.05,0.05,0.05,0.05,0.05,0.05,0.05,0.05,0.05,0.05,0.0,0.0,0.0,0.0,0.0,0.0,0.0,0.0,0.0,0.0,0.0,0.0,0.0,0.0,0.0,0.0,0.0,0.0,0.0,0.0,0.16914938390254974,0.5605570673942566,0.14594222605228424,0.3665447235107422,0.3813360631465912,-0.11287395656108856,0.21105071902275085,0.07021065056324005,0.42948511242866516,-0.08877592533826828,0.09392960369586945,0.09540987014770508,0.29883620142936707,-0.03790654242038727,0.14139391481876373,0.04981279373168945,0.03189844265580177,-0.15863379836082458,0.40700894594192505,0.04933711513876915,-1.1231128126382743,1.212975382804865,-1.4915032312273826,-4.086652398109397,-2.523990720510458,-1.8695462495088389,-2.3231409490108272,-0.8023263886570859,-3.0212081968784,-0.5067953839898047,-1.024985499680033,-1.046047918498507,-2.706640213727923,-0.14777239412069113,-1.5378598123788694,-0.557610858231778,-1.8657398410141295,0.13410821557044983,-2.7881711721419995,-0.42095202952623034,3.0,3.0,3.0,3.0,3.0,3.0,3.0,3.0,3.0,3.0,3.0,3.0,3.0,3.0,3.0,3.0,3.0,3.0,3.0,3.0,0.05,0.05,0.05,0.05,0.05,0.05,0.05,0.05,0.05,0.05,0.05,0.05,0.05,0.05,0.05,0.05,0.05,0.05,0.05,0.05,0.0,0.0,0.0,0.0,0.0,0.0,0.0,0.0,0.0,0.0,0.0,0.0,0.0,0.0,0.0,0.0,0.0,0.0,0.0,0.0
0.20505464076995916,0.6781402230262757,0.09395778179168751,0.085561633110047,0.21185028553009094,0.2399936616420741,0.04873412102460886,0.03920309245586415,0.2955108284950265,0.1485570669174193,0.0359777584671976,0.044246535748243526,0.2020819336175928,0.025788085535168648,0.047250024974346404,0.0667268335819248,0.10443469882011504,-0.018426325172185676,0.13296407461166443,0.04347403347492225,-1.5101343393325666,0.28577297925949097,-1.1347884312271967,-1.4050949364900465,-1.4021202921867224,1.0493930429220089,-0.5780104547738979,-0.44728126376866895,-2.0170994102954656,0.3148462623357745,-0.42066001333295916,-0.4582667723298024,-2.1320261061191337,0.03258856013417148,-0.5476931110024403,-0.8126522414386201,-2.0424416288733274,-0.5168336676433621,-1.3756996020674581,-0.39296019822358946,3.0,3.0,3.0,3.0,3.0,3.0,3.0,3.0,3.0,3.0,3.0,3.0,3.0,3.0,3.0,3.0,3.0,3.0,3.0,3.0,0.05,0.05,0.05,0.05,0.05,0.05,0.05,0.05,0.05,0.05,0.05,0.05,0.05,0.05,0.05,0.05,0.05,0.05,0.05,0.05,0.0,0.0,0.0,0.0,0.0,0.0,0.0,0.0,0.0,0.0,0.0,0.0,0.0,0.0,0.0,0.0,0.0,0.0,0.0,0.0,0.15249511599540744,0.5815370082855222,0.11421889811754288,0.282359659671785,0.33286136388778786,-0.14856447279453203,0.17047441005706873,0.05596553534269361,0.3702226877212538,-0.0995273813605306,0.07733885198831596,0.07379493117332495,0.24628612399101368,-0.04118679836392394,0.11406323313713129,0.04112527891993542,-0.002635616809129015,-0.15688860416412354,0.3524054884910595,0.045070700347423685,-0.7709432393312371,0.867862999439234,-1.3981254771351697,-3.717331588268247,-2.302378416061378,-1.6878552734851664,-1.9125491380691375,-0.644714664667839,-2.877734601497621,-0.5933258682489315,-0.8431591093540118,-0.8608820848166873,-2.521686628460856,-0.18864478915929517,-1.2649128213524703,-0.4524897783994633,-1.580921467393622,0.0018127262592329552,-2.673035860061616,-0.34389616921543587,3.0,3.0,3.0,3.0,3.0,3.0,3.0,3.0,3.0,3.0,3.0,3.0,3.0,3.0,3.0,3.0,3.0,3.0,3.0,3.0,0.05,0.05,0.05,0.05,0.05,0.05,0.05,0.05,0.05,0.05,0.05,0.05,0.05,0.05,0.05,0.05,0.05,0.05,0.05,0.05,0.0,0.0,0.0,0.0,0.0,0.0,0.0,0.0,0.0,0.0,0.0,0.0,0.0,0.0,0.0,0.0,0.0,0.0,0.0,0.0
0.1767903715372091,0.6779733300209045,0.07492249459028286,0.0596533864736562,0.18260931968689023,0.260862678289413,0.03851903975009938,0.031468477100134055,0.25402149558067405,0.1550600230693816,0.029053436592221413,0.03303039446473141,0.15766188502311795,0.027099186554551086,0.03798260167241116,0.0519074611365798,0.0633526369929322,-0.030521342530846353,0.1083768829703336,0.0416653454303742,-1.2929063290357639,-0.025641918182375822,-0.9368946775794064,-1.1386306956410468,-1.3477068394422564,0.9349733591079774,-0.45929560437798717,-0.36379406228661704,-1.9183810800313992,0.2861838787794127,-0.3434005659073607,-0.45085465535521646,-2.0105984061956463,0.08951341733336275,-0.4433465655893108,-0.6372615694999731,-1.8783207982778631,-0.5497046746313581,-1.1544097214937261,-0.14135204255580833,3.0,3.0,3.0,3.0,3.0,3.0,3.0,3.0,3.0,3.0,3.0,3.0,3.0,3.0,3.0,3.0,3.0,3.0,3.0,3.0,0.05,0.05,0.05,0.05,0.05,0.05,0.05,0.05,0.05,0.05,0.05,0.05,0.05,0.05,0.05,0.05,0.05,0.05,0.05,0.05,0.0,0.0,0.0,0.0,0.0,0.0,0.0,0.0,0.0,0.0,0.0,0.0,0.0,0.0,0.0,0.0,0.0,0.0,0.0,0.0,0.13831165432930026,0.595271587371826,0.09001720696687746,0.2178514599800123,0.2892409265041361,-0.18038816750049522,0.13454875349998535,0.04442206397652649,0.3143757283687603,-0.11250896006822554,0.06020323932170897,0.060974586755037585,0.1979687362909328,-0.045452333986759075,0.09079740196466492,0.03171320259571092,-0.03133841603994311,-0.15856128931045527,0.3000875115394604,0.035581268370151714,-0.7133625447750102,0.5763605237007169,-1.085733436048036,-2.9314607381820803,-2.1051809191703836,-1.567199453711513,-1.455408334732065,-0.520302355289462,-2.618220448493966,-0.715489126741884,-0.7005160674452815,-0.6309535354375868,-2.437935024499896,-0.2584628760814653,-1.0329280048608824,-0.3926040139049308,-1.3278823345899633,-0.2654295414686154,-2.6068121194839504,-0.4253929946571585,3.0,3.0,3.0,3.0,3.0,3.0,3.0,3.0,3.0,3.0,3.0,3.0,3.0,3.0,3.0,3.0,3.0,3.0,3.0,3.0,0.05,0.05,0.05,0.05,0.05,0.05,0.05,0.05,0.05,0.05,0.05,0.05,0.05,0.05,0.05,0.05,0.05,0.05,0.05,0.05,0.0,0.0,0.0,0.0,0.0,0.0,0.0,0.0,0.0,0.0,0.0,0.0,0.0,0.0,0.0,0.0,0.0,0.0,0.0,0.0
0.1533383876085286,0.6771145462989807,0.056481994688511256,0.04001640528440512,0.15794201195240068,0.2773925960063932,0.030362296849489375,0.024651329964399466,0.21877558529377056,0.1600044220685958,0.02224173583090317,0.026212349534034868,0.12165799736976694,0.029368622228503158,0.02951616235077397,0.041236370801925874,0.029301866889000515,-0.04041451215744,0.08678768575191538,0.037819951772689916,-1.0885249823331875,-0.09842216968536377,-0.8278337307274375,-0.8546547964215334,-1.084940135478979,0.663190335035331,-0.36837290972471437,-0.29934551566839357,-1.6068436205387198,0.21011531352996965,-0.284566311165692,-0.30670226551592555,-1.6108423471450903,0.192674109712243,-0.36102342419326494,-0.4801591858267812,-1.3762916438281647,-0.4397199023515019,-0.9278126060962726,-0.22057304158806626,3.0,3.0,3.0,3.0,3.0,3.0,3.0,3.0,3.0,3.0,3.0,3.0,3.0,3.0,3.0,3.0,3.0,3.0,3.0,3.0,0.05,0.05,0.05,0.05,0.05,0.05,0.05,0.05,0.05,0.05,0.05,0.05,0.05,0.05,0.05,0.05,0.05,0.05,0.05,0.05,0.0,0.0,0.0,0.0,0.0,0.0,0.0,0.0,0.0,0.0,0.0,0.0,0.0,0.0,0.0,0.0,0.0,0.0,0.0,0.0,0.12396061420440703,0.6045914292335509,0.07078956067562144,0.1651012301445018,0.2486541271209725,-0.21125245094299255,0.11225807666778613,0.03515344113111513,0.26549386978149514,-0.12814694643020597,0.0493182092905047,0.04855678975582147,0.14876872301101784,-0.051525313407182555,0.07274611294269599,0.02542111836373819,-0.05575091019272755,-0.16750578582286815,0.2481330037117015,0.028054980561137345,-0.6729207932949083,0.4246801137924222,-0.9152784012258086,-2.4087887257337686,-1.86546593904496,-1.4391236007213635,-1.0893503203988117,-0.4124028608202956,-2.2252723574638464,-0.760886259377003,-0.5476072430610686,-0.5604507401585598,-2.275148779153831,-0.3215101547539217,-0.8290135301649612,-0.2938927616924062,-1.1116558685898825,-0.5076508969068465,-2.4209957569837623,-0.33448953181505403,3.0,3.0,3.0,3.0,3.0,3.0,3.0,3.0,3.0,3.0,3.0,3.0,3.0,3.0,3.0,3.0,3.0,3.0,3.0,3.0,0.05,0.05,0.05,0.05,0.05,0.05,0.05,0.05,0.05,0.05,0.05,0.05,0.05,0.05,0.05,0.05,0.05,0.05,0.05,0.05,0.0,0.0,0.0,0.0,0.0,0.0,0.0,0.0,0.0,0.0,0.0,0.0,0.0,0.0,0.0,0.0,0.0,0.0,0.0,0.0
0.13324937224388161,0.67403644323349,0.04180914536118536,0.02546719461679486,0.13921171426773107,0.28739029169082625,0.02378412336111081,0.019494656473398313,0.18974775075912526,0.1634646356105804,0.017670784145593733,0.020762303844094387,0.09322819113731434,0.034806150943040806,0.02354166470468056,0.03270109370350855,0.008300971239805607,-0.04811013862490643,0.0712643787264827,0.03284242376685155,-0.918539799749863,-0.16450285911560059,-0.6575806066393942,-0.6296916631981823,-0.8141733705997585,0.41339546442032415,-0.2809911966323893,-0.23106257431209407,-1.2134421616792859,0.155555084347727,-0.20917907822877463,-0.24670148268342365,-1.1846272274851977,0.1624057535082119,-0.27087507769465846,-0.38532493636012616,-0.8980695391073967,-0.2798311412334489,-0.7108190096914868,-0.2972628921270395,3.0,3.0,3.0,3.0,3.0,3.0,3.0,3.0,3.0,3.0,3.0,3.0,3.0,3.0,3.0,3.0,3.0,3.0,3.0,3.0,0.05,0.05,0.05,0.05,0.05,0.05,0.05,0.05,0.05,0.05,0.05,0.05,0.05,0.05,0.05,0.05,0.05,0.05,0.05,0.05,0.0,0.0,0.0,0.0,0.0,0.0,0.0,0.0,0.0,0.0,0.0,0.0,0.0,0.0,0.0,0.0,0.0,0.0,0.0,0.0,0.11139482259750393,0.6122587919235228,0.05340607091784511,0.12149991095066155,0.21462228894233767,-0.23795311152934975,0.09097474068403288,0.027925949543714666,0.22536483407020647,-0.14294441044330566,0.038298949599266226,0.03855655714869519,0.10696278512477958,-0.05831274017691594,0.05763686075806647,0.019957492128014672,-0.07580465078353842,-0.17886732518672913,0.2032476812601099,0.022201687097549553,-0.5912881344556882,0.3950148820877103,-0.7862802594900231,-1.9620370119810369,-1.4688801020384044,-1.2434922158718262,-1.006557419896138,-0.3250433132052465,-1.769610121846224,-0.7344152778387153,-0.4311343654990257,-0.45526241883636126,-1.8900880590081464,-0.42787725105882035,-0.6783263757824991,-0.24572545662522635,-0.9148859418928746,-0.6730850785970737,-2.1013893187046313,-0.2629651222378052,3.0,3.0,3.0,3.0,3.0,3.0,3.0,3.0,3.0,3.0,3.0,3.0,3.0,3.0,3.0,3.0,3.0,3.0,3.0,3.0,0.05,0.05,0.05,0.05,0.05,0.05,0.05,0.05,0.05,0.05,0.05,0.05,0.05,0.05,0.05,0.05,0.05,0.05,0.05,0.05,0.0,0.0,0.0,0.0,0.0,0.0,0.0,0.0,0.0,0.0,0.0,0.0,0.0,0.0,0.0,0.0,0.0,0.0,0.0,0.0
0.11659679561853409,0.6705344319343567,0.030178770422935486,0.014828738756477833,0.12537507712841034,0.2939284145832062,0.019122648984193802,0.015408826991915703,0.17023789882659912,0.16622662544250488,0.013874572701752186,0.016344290226697922,0.07427290827035904,0.035864852368831635,0.018681159242987633,0.025823373347520828,-0.006620914675295353,-0.051607757806777954,0.058354925364255905,0.025929436087608337,-0.7551820948720075,-0.15721172094345093,-0.52342405542732,-0.4846343304961988,-0.5334990099072546,0.21268352866173207,-0.21811774931848352,-0.18450391944498085,-0.8418995887041216,0.06772391498088975,-0.17224012408405767,-0.1988303381949691,-0.8506494574248915,0.04698885604739293,-0.2216427586972743,-0.30849585309625105,-0.609120354056368,-0.13991435989737788,-0.6042104214429932,-0.30558998696506334,3.0,3.0,3.0,3.0,3.0,3.0,3.0,3.0,3.0,3.0,3.0,3.0,3.0,3.0,3.0,3.0,3.0,3.0,3.0,3.0,0.05,0.05,0.05,0.05,0.05,0.05,0.05,0.05,0.05,0.05,0.05,0.05,0.05,0.05,0.05,0.05,0.05,0.05,0.05,0.05,0.0,0.0,0.0,0.0,0.0,0.0,0.0,0.0,0.0,0.0,0.0,0.0,0.0,0.0,0.0,0.0,0.0,0.0,0.0,0.0,0.1003090888261795,0.6203920245170593,0.03933835029602051,0.08661974966526031,0.18989892303943634,-0.2609921395778656,0.07199577987194061,0.022151708602905273,0.19470946490764618,-0.15752355754375458,0.03207283467054367,0.03034629300236702,0.07316520065069199,-0.06864040344953537,0.04561305791139603,0.015592100098729134,-0.09234634786844254,-0.1944291889667511,0.16407743096351624,0.017536375671625137,-0.5239151418209141,0.46365559101105014,-0.627699121832856,-1.5444785356521817,-1.0187216103077095,-0.980820879340185,-0.7818487472832314,-0.2593653276562726,-1.1939447373151972,-0.7357869297266083,-0.3360794391483112,-0.36008828319609665,-1.3624856248498172,-0.650831032544379,-0.5437531508505418,-0.1972694881260422,-0.7550051435828309,-0.8653439581394272,-1.8101330846548316,-0.20825087558478403,3.0,3.0,3.0,3.0,3.0,3.0,3.0,3.0,3.0,3.0,3.0,3.0,3.0,3.0,3.0,3.0,3.0,3.0,3.0,3.0,0.05,0.05,0.05,0.05,0.05,0.05,0.05,0.05,0.05,0.05,0.05,0.05,0.05,0.05,0.05,0.05,0.05,0.05,0.05,0.05,0.0,0.0,0.0,0.0,0.0,0.0,0.0,0.0,0.0,0.0,0.0,0.0,0.0,0.0,0.0,0.0,0.0,0.0,0.0,0.0
0.10304208844900131,0.667747974395752,0.02087218314409256,0.006081821396946907,0.11787175387144089,0.29589763283729553,0.015059413388371468,0.012114499695599079,0.1560717672109604,0.16617359220981598,0.010781179182231426,0.012809090316295624,0.05920221284031868,0.03668570518493652,0.014675954356789589,0.02036125957965851,-0.016063842922449112,-0.053706713020801544,0.04709596186876297,0.020618824288249016,-0.6125345826148987,-0.12832581996917725,-0.41686869226396084,-0.37855716655030847,-0.3284243866801262,0.04114508628845215,-0.18102542962878942,-0.1476586563512683,-0.5694687366485596,0.015783682465553284,-0.14198138378560543,-0.16019386239349842,-0.6259238347411156,-0.04232563078403473,-0.18223458901047707,-0.24655391462147236,-0.42660299222916365,-0.054102763533592224,-0.5030625499784946,-0.23769093677401543,3.0,3.0,3.0,3.0,3.0,3.0,3.0,3.0,3.0,3.0,3.0,3.0,3.0,3.0,3.0,3.0,3.0,3.0,3.0,3.0,0.05,0.05,0.05,0.05,0.05,0.05,0.05,0.05,0.05,0.05,0.05,0.05,0.05,0.05,0.05,0.05,0.05,0.05,0.05,0.05,0.0,0.0,0.0,0.0,0.0,0.0,0.0,0.0,0.0,0.0,0.0,0.0,0.0,0.0,0.0,0.0,0.0,0.0,0.0,0.0,0.09043821692466736,0.6308050155639648,0.02829810604453087,0.05972076952457428,0.1738734245300293,-0.27718594670295715,0.05970079079270363,0.01755133643746376,0.17760704457759857,-0.17237588763237,0.02485577203333378,0.024153025820851326,0.052463360130786896,-0.0843459814786911,0.0358867347240448,0.012066712602972984,-0.10600485652685165,-0.2134810835123062,0.13084235787391663,0.013871652074158192,-0.4531443119049072,0.5085095763206482,-0.4971683491021395,-1.1903267353773117,-0.573468953371048,-0.6780169904232025,-0.5088143981993198,-0.17837174236774445,-0.5590718239545822,-0.6811238825321198,-0.22198539227247238,-0.27289637364447117,-0.7622618228197098,-0.7976751774549484,-0.39765932597219944,-0.1516986172646284,-0.5727594718337059,-0.9874679148197174,-1.4651531353592873,-0.16497231554239988,3.0,3.0,3.0,3.0,3.0,3.0,3.0,3.0,3.0,3.0,3.0,3.0,3.0,3.0,3.0,3.0,3.0,3.0,3.0,3.0,0.05,0.05,0.05,0.05,0.05,0.05,0.05,0.05,0.05,0.05,0.05,0.05,0.05,0.05,0.05,0.05,0.05,0.05,0.05,0.05,0.0,0.0,0.0,0.0,0.0,0.0,0.0,0.0,0.0,0.0,0.0,0.0,0.0,0.0,0.0,0.0,0.0,0.0,0.0,0.0
0.09209541231393814,0.6654013991355896,0.013504022732377052,-0.00031354790553450584,0.11223810166120529,0.29557421803474426,0.011881631799042225,0.009502480737864971,0.14745914936065674,0.16685797274112701,0.008195317350327969,0.009936535730957985,0.049235954880714417,0.034171827137470245,0.01139177568256855,0.015961216762661934,-0.0236850343644619,-0.05377186834812164,0.03823242336511612,0.01642179861664772,-0.3693860024213791,-0.06661862134933472,-0.349164183717221,-0.2668469329364598,0.011293776333332062,-0.24425312876701355,0.0585128553211689,0.010180962271988392,-0.16589760780334473,-0.035875290632247925,-0.014129537157714367,-0.07618868257850409,-0.31810831278562546,-0.07123509421944618,-0.14104475267231464,-0.2036791294813156,-0.23597916588187218,0.13850247487425804,-0.38861818611621857,-0.1885320758447051,3.0,3.0,3.0,3.0,3.0,3.0,3.0,3.0,3.0,3.0,3.0,3.0,3.0,3.0,3.0,3.0,3.0,3.0,3.0,3.0,0.05,0.05,0.05,0.05,0.05,0.05,0.05,0.05,0.05,0.05,0.05,0.05,0.05,0.05,0.05,0.05,0.05,0.05,0.05,0.05,0.0,0.0,0.0,0.0,0.0,0.0,0.0,0.0,0.0,0.0,0.0,0.0,0.0,0.0,0.0,0.0,0.0,0.0,0.0,0.0,0.08218331634998322,0.6407324075698853,0.01945161633193493,0.03900668025016785,0.16696016490459442,-0.2881128191947937,0.05164320394396782,0.015016838908195496,0.1723465919494629,-0.18476851284503937,0.023193418979644775,0.019430438056588173,0.042674727737903595,-0.1005474105477333,0.02970668487250805,0.009524155408143997,-0.11525672674179077,-0.2339279055595398,0.10547130554914474,0.010937483049929142,-0.2228347584605217,0.45388489961624146,-0.38581639528274536,-0.8936094120144844,-0.023531168699264526,-0.24045631289482117,-0.16800062730908394,-0.016812654212117195,0.21333247423171997,-0.4617519676685333,0.11514294892549515,-0.10767430067062378,0.10154210031032562,-0.8368328213691711,-0.09538931772112846,-0.0111354049295187,-0.30675120651721954,-1.073923334479332,-1.1104341596364975,-0.10522445663809776,3.0,3.0,3.0,3.0,3.0,3.0,3.0,3.0,3.0,3.0,3.0,3.0,3.0,3.0,3.0,3.0,3.0,3.0,3.0,3.0,0.05,0.05,0.05,0.05,0.05,0.05,0.05,0.05,0.05,0.05,0.05,0.05,0.05,0.05,0.05,0.05,0.05,0.05,0.05,0.05,0.0,0.0,0.0,0.0,0.0,0.0,0.0,0.0,0.0,0.0,0.0,0.0,0.0,0.0,0.0,0.0,0.0,0.0,0.0,0.0
0.08826664835214615,0.6650832295417786,0.006905615795403719,-0.004592055920511484,0.11832350492477417,0.286127507686615,0.017399927601218224,0.012521738186478615,0.1494358628988266,0.16473858058452606,0.010215997695922852,0.00976154301315546,0.04647788032889366,0.033836301416158676,0.009034164249897003,0.012214094400405884,-0.025503009557724,-0.04816661402583122,0.03155123442411423,0.013077541254460812,0.5014745518565178,-0.03822743892669678,-0.2531440753955394,-0.1778633100911975,0.658772699534893,-0.8535534143447876,0.7011738372966647,0.45790181029587984,0.6872169673442841,-0.11587217450141907,0.38017232436686754,0.1514690462499857,0.33984892070293427,-0.04340633749961853,-0.044660456478595734,-0.004028482362627983,0.19086585380136967,0.5693117156624794,-0.21050493232905865,-0.15158753376454115,3.0,3.0,3.0,3.0,3.0,3.0,3.0,3.0,3.0,3.0,3.0,3.0,3.0,3.0,3.0,3.0,3.0,3.0,3.0,3.0,0.05,0.05,0.05,0.05,0.05,0.05,0.05,0.05,0.05,0.05,0.05,0.05,0.05,0.05,0.05,0.05,0.05,0.05,0.05,0.05,0.0,0.0,0.0,0.0,0.0,0.0,0.0,0.0,0.0,0.0,0.0,0.0,0.0,0.0,0.0,0.0,0.0,0.0,0.0,0.0,0.08152482658624649,0.6489604115486145,0.012865450233221054,0.023976393043994904,0.17293217778205872,-0.28680419921875,0.05298076570034027,0.016878830268979073,0.18614034354686737,-0.19084596633911133,0.029461489990353584,0.019846053794026375,0.05652504414319992,-0.11781929433345795,0.03207116201519966,0.011621296405792236,-0.11827490478754044,-0.2564380168914795,0.08642499148845673,0.009662673808634281,0.6104486063122749,0.1532047986984253,-0.22045443765819073,-0.7371259853243828,0.8653473109006882,0.4930227994918823,0.5095017142593861,0.3181351348757744,1.2884896248579025,-0.11510737240314484,0.5806077271699905,0.20878915674984455,1.2133898213505745,-0.7914615795016289,0.30657132156193256,0.1630800310522318,0.19942615181207657,-1.1305630207061768,-0.6955904886126518,-0.040582288056612015,3.0,3.0,3.0,3.0,3.0,3.0,3.0,3.0,3.0,3.0,3.0,3.0,3.0,3.0,3.0,3.0,3.0,3.0,3.0,3.0,0.05,0.05,0.05,0.05,0.05,0.05,0.05,0.05,0.05,0.05,0.05,0.05,0.05,0.05,0.05,0.05,0.05,0.05,0.05,0.05,0.0,0.0,0.0,0.0,0.0,0.0,0.0,0.0,0.0,0.0,0.0,0.0,0.0,0.0,0.0,0.0,0.0,0.0,0.0,0.0
0.11215439438819885,0.6638723015785217,0.003378259716555476,-0.0074280803091824055,0.138589009642601,0.26143208146095276,0.039928585290908813,0.027818553149700165,0.1749478280544281,0.16222308576107025,0.02340221032500267,0.015995297580957413,0.06282991170883179,0.032435573637485504,0.00960535742342472,0.015800077468156815,-0.016050400212407112,-0.030999399721622467,0.029812226071953773,0.010358297266066074,1.1323465034365654,-0.3646582365036011,-0.13437033048830926,1.7452307627536356,1.2138474732637405,-1.2320298701524734,1.3804674614220858,0.9307249914854765,1.4591913670301437,-0.31020715832710266,0.8034300059080124,0.42135731782764196,1.1826709844172,-0.13306005857884884,0.2217835746705532,0.22793873213231564,0.7235652301460505,0.8605219889432192,0.10568583384156227,-0.04164779093116522,3.0,3.0,3.0,3.0,3.0,3.0,3.0,3.0,3.0,3.0,3.0,3.0,3.0,3.0,3.0,3.0,3.0,3.0,3.0,3.0,0.05,0.05,0.05,0.05,0.05,0.05,0.05,0.05,0.05,0.05,0.05,0.05,0.05,0.05,0.05,0.05,0.05,0.05,0.05,0.05,0.0,0.0,0.0,0.0,0.0,0.0,0.0,0.0,0.0,0.0,0.0,0.0,0.0,0.0,0.0,0.0,0.0,0.0,0.0,0.0,0.10660126060247421,0.6468605995178223,0.0106334388256073,0.009521640837192535,0.20157405734062195,-0.2683919072151184,0.07202327251434326,0.02774224430322647,0.223886176943779,-0.18937280774116516,0.0464177280664444,0.027782004326581955,0.09121032059192657,-0.13220587372779846,0.04196953773498535,0.01604735665023327,-0.10727968066930771,-0.27915042638778687,0.07764768600463867,0.009314191527664661,1.533435471355915,-0.1506894826889038,0.005555199459195137,-0.5566723295487463,1.2948431074619293,0.7880628108978271,0.9725946933031082,0.5675293039530516,2.1156679838895798,0.2813577651977539,0.9613317903131247,0.47673708759248257,2.1099092438817024,-0.2871572971343994,0.73329983279109,0.3224354237318039,0.4596170037984848,-1.022057980298996,-0.425947830080986,-0.05576878320425749,3.0,3.0,3.0,3.0,3.0,3.0,3.0,3.0,3.0,3.0,3.0,3.0,3.0,3.0,3.0,3.0,3.0,3.0,3.0,3.0,0.05,0.05,0.05,0.05,0.05,0.05,0.05,0.05,0.05,0.05,0.05,0.05,0.05,0.05,0.05,0.05,0.05,0.05,0.05,0.05,0.0,0.0,0.0,0.0,0.0,0.0,0.0,0.0,0.0,0.0,0.0,0.0,0.0,0.0,0.0,0.0,0.0,0.0,0.0,0.0
0.13356050848960876,0.6504969000816345,0.0015308025758713484,0.06521717458963394,0.1668774038553238,0.23684631288051605,0.07261862605810165,0.049750737845897675,0.20780351758003235,0.15233029425144196,0.04235319793224335,0.02661583572626114,0.09378471970558167,0.028513899073004723,0.01790550723671913,0.02133164368569851,0.003439599648118019,-0.013745734468102455,0.03577866777777672,0.011411629617214203,1.9053056836128235,-1.4651060104370117,0.8501863398123533,3.392685961443931,1.9705548882484436,-1.93571038544178,2.8243623673915863,1.8841110169887543,2.6548005640506744,-1.023724488914013,1.6649139113724232,1.1093098670244217,2.4237535893917084,-0.4766356432810426,1.1504823807626963,0.6936211138963699,1.3277577701956034,1.1255767662078142,0.9085567202419043,0.2829410368576646,3.0,3.0,3.0,3.0,3.0,3.0,3.0,3.0,3.0,3.0,3.0,3.0,3.0,3.0,3.0,3.0,3.0,3.0,3.0,3.0,0.05,0.05,0.05,0.05,0.05,0.05,0.05,0.05,0.05,0.05,0.05,0.05,0.05,0.05,0.05,0.05,0.05,0.05,0.05,0.05,0.0,0.0,0.0,0.0,0.0,0.0,0.0,0.0,0.0,0.0,0.0,0.0,0.0,0.0,0.0,0.0,0.0,0.0,0.0,0.0,0.1428622454404831,0.6429328322410583,0.01308765821158886,0.0017094998620450497,0.2247259020805359,-0.2552816867828369,0.0918845534324646,0.039580002427101135,0.27076706290245056,-0.17959165573120117,0.06791476160287857,0.03891553729772568,0.14092141389846802,-0.12930558621883392,0.06140315532684326,0.024518713355064392,-0.09989022463560104,-0.29732033610343933,0.06938707828521729,0.007431922480463982,2.6849592104554176,-0.9401917457580566,0.4153910093009472,-0.3523354302160442,1.666860282421112,1.4237001538276672,1.7121508717536926,0.9879982098937035,2.750859037041664,0.9249143302440643,1.2794183567166328,0.7648554630577564,2.903597429394722,0.427296943962574,1.478087343275547,0.6792288739234209,0.6291231140494347,-0.6416134536266327,-0.18653329461812973,-0.06210216088220477,3.0,3.0,3.0,3.0,3.0,3.0,3.0,3.0,3.0,3.0,3.0,3.0,3.0,3.0,3.0,3.0,3.0,3.0,3.0,3.0,0.05,0.05,0.05,0.05,0.05,0.05,0.05,0.05,0.05,0.05,0.05,0.05,0.05,0.05,0.05,0.05,0.05,0.05,0.05,0.05,0.0,0.0,0.0,0.0,0.0,0.0,0.0,0.0,0.0,0.0,0.0,0.0,0.0,0.0,0.0,0.0,0.0,0.0,0.0,0.0
0.1883666217327118,0.6052680611610413,0.037385713309049606,0.12827935814857483,0.21741120517253876,0.18400366604328156,0.15290307998657227,0.10318299382925034,0.2811398506164551,0.12127410620450974,0.0899987667798996,0.06036769226193428,0.15978005528450012,0.013370147906243801,0.05562465265393257,0.04354492202401161,0.03705991059541702,0.014023670926690102,0.06615449488162994,0.021675938740372658,2.7027688920497894,-2.8735563158988953,2.2320527874398977,3.671911172568798,2.8542574495077133,-2.864871919155121,4.785981960594654,3.147260658442974,4.07668724656105,-1.5448890626430511,2.862652763724327,2.130862884223461,3.69403138756752,-0.6993276765570045,2.537540625780821,1.5609043184667826,1.7656711395829916,1.6347619239240885,2.1357313729822636,0.816596020013094,3.0,3.0,3.0,3.0,3.0,3.0,3.0,3.0,3.0,3.0,3.0,3.0,3.0,3.0,3.0,3.0,3.0,3.0,3.0,3.0,0.05,0.05,0.05,0.05,0.05,0.05,0.05,0.05,0.05,0.05,0.05,0.05,0.05,0.05,0.05,0.05,0.05,0.05,0.05,0.05,0.0,0.0,0.0,0.0,0.0,0.0,0.0,0.0,0.0,0.0,0.0,0.0,0.0,0.0,0.0,0.0,0.0,0.0,0.0,0.0,0.21399962902069092,0.6092529296875,0.027249079197645187,-0.004571776371449232,0.26824846863746643,-0.21144390106201172,0.14050930738449097,0.06726217269897461,0.33392053842544556,-0.1523762345314026,0.09759446233510971,0.05837622284889221,0.20735421776771545,-0.1151139959692955,0.10109303146600723,0.043216511607170105,-0.08211475610733032,-0.3048149645328522,0.07018635421991348,0.0068301050923764706,1.7332732677459717,-1.5972673892974854,1.2676662299782038,2.0798934274353087,2.3455262184143066,2.0855166018009186,2.778714895248413,1.553686335682869,3.6634311079978943,1.4948170632123947,1.742664910852909,1.1460036039352417,3.6901190876960754,1.0722769424319267,2.3986265063285828,1.12738236784935,0.8624214679002762,-0.1356177031993866,0.13673827052116394,-0.034079025499522686,3.0,3.0,3.0,3.0,3.0,3.0,3.0,3.0,3.0,3.0,3.0,3.0,3.0,3.0,3.0,3.0,3.0,3.0,3.0,3.0,0.05,0.05,0.05,0.05,0.05,0.05,0.05,0.05,0.05,0.05,0.05,0.05,0.05,0.05,0.05,0.05,0.05,0.05,0.05,0.05,0.0,0.0,0.0,0.0,0.0,0.0,0.0,0.0,0.0,0.0,0.0,0.0,0.0,0.0,0.0,0.0,0.0,0.0,0.0,0.0
0.24167126417160034,0.5355546474456787,0.09081291407346725,0.21209362149238586,0.2810477018356323,0.12225143611431122,0.2640579044818878,0.17564116418361664,0.37087100744247437,0.09053473174571991,0.15685930848121643,0.11185035109519958,0.24154597520828247,0.0005407920107245445,0.11940713226795197,0.08376781642436981,0.07406644523143768,0.051644742488861084,0.12120792269706726,0.04407547041773796,3.1581901013851166,-3.8260459899902344,2.2982307709753513,4.552105814218521,3.4557778388261795,-3.2932600006461143,5.991251766681671,3.899211622774601,4.827801883220673,-1.7048966139554977,3.875088319182396,2.9241706244647503,4.483397305011749,-0.924893538467586,3.7673826329410076,2.323141973465681,2.3813987150788307,1.213326258584857,3.943171724677086,1.6560377087444067,3.0,3.0,3.0,3.0,3.0,3.0,3.0,3.0,3.0,3.0,3.0,3.0,3.0,3.0,3.0,3.0,3.0,3.0,3.0,3.0,0.05,0.05,0.05,0.05,0.05,0.05,0.05,0.05,0.05,0.05,0.05,0.05,0.05,0.05,0.05,0.05,0.05,0.05,0.05,0.05,0.0,0.0,0.0,0.0,0.0,0.0,0.0,0.0,0.0,0.0,0.0,0.0,0.0,0.0,0.0,0.0,0.0,0.0,0.0,0.0,0.21219317615032196,0.5790421366691589,0.06379430741071701,0.0849052369594574,0.31854695081710815,-0.17186102271080017,0.20303314924240112,0.1017274558544159,0.41730430722236633,-0.11979897320270538,0.13762135803699493,0.08475568145513535,0.28852617740631104,-0.08641450852155685,0.15734821557998657,0.06961400806903839,-0.06539336591959,-0.3027450442314148,0.07485660910606384,0.006068761460483074,1.2312240898609161,-1.7299801111221313,2.428323123604059,3.593947261106223,2.950577437877655,2.06339992582798,3.6567889153957367,1.999305933713913,4.6639010310173035,1.63169726729393,2.5805631652474403,1.6543848440051079,4.444596171379089,1.6156709752976894,3.3282114192843437,1.6076266765594482,1.9418125972151756,0.5158364772796631,1.1021636426448822,0.3772189491428435,3.0,3.0,3.0,3.0,3.0,3.0,3.0,3.0,3.0,3.0,3.0,3.0,3.0,3.0,3.0,3.0,3.0,3.0,3.0,3.0,0.05,0.05,0.05,0.05,0.05,0.05,0.05,0.05,0.05,0.05,0.05,0.05,0.05,0.05,0.05,0.05,0.05,0.05,0.05,0.05,0.0,0.0,0.0,0.0,0.0,0.0,0.0,0.0,0.0,0.0,0.0,0.0,0.0,0.0,0.0,0.0,0.0,0.0,0.0,0.0
0.31469422578811646,0.4522262215614319,0.12931494414806366,0.3103635907173157,0.35564231872558594,0.05227326601743698,0.3925531506538391,0.2591514587402344,0.474251925945282,0.053078241646289825,0.24500229954719543,0.1773345172405243,0.3391159474849701,-0.02362559363245964,0.20631995797157288,0.13647060096263885,0.13231585919857025,0.06255672127008438,0.22388136386871338,0.08791744709014893,4.235846549272441,-4.64280694723119,2.0622203126549206,4.930148273706313,4.457246512174488,-3.4632073715328553,6.555623561143742,4.312691465020083,5.340737104415771,-1.9060305319726145,4.969414323568225,3.6441057920455058,5.311825871467464,-1.1463625123724157,4.968551918864118,2.9675990343093117,2.7214899659156333,0.41500590741633464,6.6137321293351965,2.8683540411292667,3.0,3.0,3.0,3.0,3.0,3.0,3.0,3.0,3.0,3.0,3.0,3.0,3.0,3.0,3.0,3.0,3.0,3.0,3.0,3.0,0.05,0.05,0.05,0.05,0.05,0.05,0.05,0.05,0.05,0.05,0.05,0.05,0.05,0.05,0.05,0.05,0.05,0.05,0.05,0.05,0.0,0.0,0.0,0.0,0.0,0.0,0.0,0.0,0.0,0.0,0.0,0.0,0.0,0.0,0.0,0.0,0.0,0.0,0.0,0.0,0.26324859261512756,0.5400537252426147,0.12438200414180756,0.13918611407279968,0.38627156615257263,-0.12890790402889252,0.28678086400032043,0.14723441004753113,0.5204765796661377,-0.08710834383964539,0.20081698894500732,0.12455161660909653,0.38513806462287903,-0.050487156957387924,0.23422148823738098,0.10752157866954803,-0.004442252218723297,-0.28418150544166565,0.11427289992570877,0.02191886305809021,3.0535612255334033,-2.1731950342654587,2.6894645765423335,2.924577891826561,3.764662891626262,2.4820648133754073,4.790815711021297,2.614186331629684,5.581476539373267,1.6019636765122058,3.8208927959202623,2.3744871839880277,5.378459393977994,1.6466625500470078,4.426503926515464,2.2360041737555845,3.768648579716588,1.2781083583831385,2.620410174131308,1.1041308986022704,3.0,3.0,3.0,3.0,3.0,3.0,3.0,3.0,3.0,3.0,3.0,3.0,3.0,3.0,3.0,3.0,3.0,3.0,3.0,3.0,0.05,0.05,0.05,0.05,0.05,0.05,0.05,0.05,0.05,0.05,0.05,0.05,0.05,0.05,0.05,0.05,0.05,0.05,0.05,0.05,0.0,0.0,0.0,0.0,0.0,0.0,0.0,0.0,0.0,0.0,0.0,0.0,0.0,0.0,0.0,0.0,0.0,0.0,0.0,0.0
0.411105126142498,0.3498423695564311,0.17330172657966408,0.40929955244063837,0.45933756232261186,-0.016276858747002996,0.5262828469276375,0.34814882278441994,0.5845004916191052,0.014293510466815334,0.3556358814239454,0.2576145827770198,0.45401901006698103,-0.045313708484172086,0.3181492090225167,0.20247177779674227,0.18292604386806302,0.06824497878551447,0.3857572078704751,0.15880963206290863,4.422196745872498,-4.6979621052742,2.3355621844530106,5.6211769580841064,5.326443910598755,-2.8841139748692513,6.160235404968262,4.381343722343445,5.506487190723419,-1.5516068320721388,5.398457497358322,3.98092120885849,5.712977796792984,-0.8737499825656414,5.911265313625336,3.425471857190132,2.1714843809604645,0.5070887506008148,9.460398554801941,3.8436073809862137,3.0,3.0,3.0,3.0,3.0,3.0,3.0,3.0,3.0,3.0,3.0,3.0,3.0,3.0,3.0,3.0,3.0,3.0,3.0,3.0,0.05,0.05,0.05,0.05,0.05,0.05,0.05,0.05,0.05,0.05,0.05,0.05,0.05,0.05,0.05,0.05,0.05,0.05,0.05,0.05,0.0,0.0,0.0,0.0,0.0,0.0,0.0,0.0,0.0,0.0,0.0,0.0,0.0,0.0,0.0,0.0,0.0,0.0,0.0,0.0,0.3343356251716581,0.4921143352985406,0.17137289047241036,0.20188835263251984,0.46913346648215865,-0.07257843017578387,0.394665777683253,0.20629490911960324,0.640563368797297,-0.05572042614221715,0.29045706987380543,0.17973516881465645,0.5036645531654308,-0.020548006519676545,0.33440837264060513,0.15905417501926178,0.08535257726907353,-0.25162070989608926,0.17967301607131617,0.05023399740457389,3.765574097633362,-2.7907997369766235,2.0255107432603836,3.1090855598449707,4.280898720026016,2.9774444177746773,5.752808600664139,3.135821223258972,5.76847642660141,1.5995477326214314,4.911978542804718,3.0179450288414955,5.633416026830673,1.4571062289178371,5.202062427997589,2.77213416993618,4.264417476952076,1.825716346502304,4.003582708537579,1.6753481701016426,3.0,3.0,3.0,3.0,3.0,3.0,3.0,3.0,3.0,3.0,3.0,3.0,3.0,3.0,3.0,3.0,3.0,3.0,3.0,3.0,0.05,0.05,0.05,0.05,0.05,0.05,0.05,0.05,0.05,0.05,0.05,0.05,0.05,0.05,0.05,0.05,0.05,0.05,0.05,0.05,0.0,0.0,0.0,0.0,0.0,0.0,0.0,0.0,0.0,0.0,0.0,0.0,0.0,0.0,0.0,0.0,0.0,0.0,0.0,0.0
0.49158209562301636,0.26430773735046387,0.22273743152618408,0.5352106690406799,0.5687000751495361,-0.06309129297733307,0.6389625668525696,0.43440520763397217,0.6945114135742188,-0.008986031636595726,0.4609405994415283,0.3365713655948639,0.5676350593566895,-0.0585755929350853,0.4427705705165863,0.27348947525024414,0.21917523443698883,0.08284027129411697,0.602297306060791,0.24166174232959747,3.373173624277158,-3.110872954130265,2.3243099451065117,5.709466338157738,5.105034261941933,-2.0007366314530652,5.046343803405806,3.88376116752627,5.260156095027943,-1.028094813227666,4.849199950695065,3.597257286310217,5.391801893711105,-0.5730157718062466,5.940249562263504,3.3370528370142085,2.829349413514084,0.5165677517652602,10.004158318042778,3.9757527410984044,3.0,3.0,3.0,3.0,3.0,3.0,3.0,3.0,3.0,3.0,3.0,3.0,3.0,3.0,3.0,3.0,3.0,3.0,3.0,3.0,0.05,0.05,0.05,0.05,0.05,0.05,0.05,0.05,0.05,0.05,0.05,0.05,0.05,0.05,0.05,0.05,0.05,0.05,0.05,0.05,0.0,0.0,0.0,0.0,0.0,0.0,0.0,0.0,0.0,0.0,0.0,0.0,0.0,0.0,0.0,0.0,0.0,0.0,0.0,0.0,0.41387155652046204,0.4284217357635498,0.2054024338722229,0.2635495364665985,0.5575075149536133,-0.009810127317905426,0.516893208026886,0.27266725897789,0.7512156367301941,-0.02312643453478813,0.39729613065719604,0.24526941776275635,0.610474705696106,0.0077970921993255615,0.44230398535728455,0.21840694546699524,0.16613444685935974,-0.2111528515815735,0.2744162082672119,0.08893278986215591,3.523582965135602,-2.8803199529647965,1.4688827097416153,2.7605168521404453,4.27011474967003,2.9604628682136647,5.948545038700105,3.1916145235300104,5.282001197338124,1.6267326660454318,5.400158464908587,3.1730767339468042,5.418737232685089,1.3168869074434146,5.411831289529793,2.8867874294519478,3.5069050267339072,2.207718044519418,6.13861605525007,2.5158287957310304,3.0,3.0,3.0,3.0,3.0,3.0,3.0,3.0,3.0,3.0,3.0,3.0,3.0,3.0,3.0,3.0,3.0,3.0,3.0,3.0,0.05,0.05,0.05,0.05,0.05,0.05,0.05,0.05,0.05,0.05,0.05,0.05,0.05,0.05,0.05,0.05,0.05,0.05,0.05,0.05,0.0,0.0,0.0,0.0,0.0,0.0,0.0,0.0,0.0,0.0,0.0,0.0,0.0,0.0,0.0,0.0,0.0,0.0,0.0,0.0
0.5460320711135843,0.2254074513912205,0.26627412438392456,0.6376782059669479,0.6635389328002892,-0.09630632400512561,0.7281365990638697,0.5034992694854707,0.7949067354202229,-0.026830282062291308,0.549603879451748,0.4015048742294285,0.6696910858154252,-0.06823433935642195,0.5557591915130569,0.3359538912773106,0.2961000204086264,0.08890768885612488,0.7859235405921863,0.3178397417068448,2.4476230144500732,-1.0935470461845398,2.0668089389801025,3.0528604984283447,4.307106137275696,-1.512131467461586,4.043145477771759,3.2608523964881897,4.695908725261688,-0.8907629642635584,4.07489538192749,3.0076712369918823,4.904431104660034,-0.5249617621302605,5.300111323595047,2.9463231563568115,4.654111340641975,-0.06257854402065277,8.406038582324982,3.732695057988167,3.0,3.0,3.0,3.0,3.0,3.0,3.0,3.0,3.0,3.0,3.0,3.0,3.0,3.0,3.0,3.0,3.0,3.0,3.0,3.0,0.05,0.05,0.05,0.05,0.05,0.05,0.05,0.05,0.05,0.05,0.05,0.05,0.05,0.05,0.05,0.05,0.05,0.05,0.05,0.05,0.0,0.0,0.0,0.0,0.0,0.0,0.0,0.0,0.0,0.0,0.0,0.0,0.0,0.0,0.0,0.0,0.0,0.0,0.0,0.0,0.4752789437770822,0.37690153717994873,0.23012819886207497,0.31230902671813765,0.6399380564689598,0.045840084552762714,0.6326075792312572,0.33395949006080367,0.851843416690822,0.009348880499600119,0.5064634084701489,0.30665823817252863,0.7204140424728344,0.03212746977806004,0.5508816242217969,0.2745256721973397,0.22562877833842981,-0.16331198811531253,0.42521765828131897,0.1508671492338151,2.58432999253273,-2.1523647010326385,0.9751453995704651,2.213484048843384,4.237528145313263,2.4815717712044716,5.698244273662567,2.9154114425182343,5.0134167075157166,1.4296459034085274,5.506537854671478,2.835884690284729,5.542629957199097,1.0215284302830696,5.478743463754654,2.56379172205925,2.808716893196106,2.140353247523308,8.39478224515915,3.313559480011463,3.0,3.0,3.0,3.0,3.0,3.0,3.0,3.0,3.0,3.0,3.0,3.0,3.0,3.0,3.0,3.0,3.0,3.0,3.0,3.0,0.05,0.05,0.05,0.05,0.05,0.05,0.05,0.05,0.05,0.05,0.05,0.05,0.05,0.05,0.05,0.05,0.05,0.05,0.05,0.05,0.0,0.0,0.0,0.0,0.0,0.0,0.0,0.0,0.0,0.0,0.0,0.0,0.0,0.0,0.0,0.0,0.0,0.0,0.0,0.0
0.5894870162010193,0.22056585550308228,0.3054097890853882,0.6573250889778137,0.740984320640564,-0.12357655167579651,0.8006883859634399,0.5648393034934998,0.8823477625846863,-0.04461655020713806,0.6239364147186279,0.4568782150745392,0.7638123035430908,-0.07957406342029572,0.6547750234603882,0.3913424015045166,0.40533968806266785,0.08033712953329086,0.9385388493537903,0.39096954464912415,1.6861259937286903,-0.4781931638717755,1.3077944517136078,0.3221631050110252,3.730943799018954,-1.3617437332868911,3.617165982723325,3.146412968635631,4.016329348087414,-0.8655725978315074,3.8032531738282165,2.948266267776556,4.345053434372059,-0.5402117967605709,4.832202196121332,2.8893046081066784,5.032067000866036,-0.29904805123806,6.867687404155914,3.65831404924401,3.0,3.0,3.0,3.0,3.0,3.0,3.0,3.0,3.0,3.0,3.0,3.0,3.0,3.0,3.0,3.0,3.0,3.0,3.0,3.0,0.05,0.05,0.05,0.05,0.05,0.05,0.05,0.05,0.05,0.05,0.05,0.05,0.05,0.05,0.05,0.05,0.05,0.05,0.05,0.05,0.0,0.0,0.0,0.0,0.0,0.0,0.0,0.0,0.0,0.0,0.0,0.0,0.0,0.0,0.0,0.0,0.0,0.0,0.0,0.0,0.5172447562217712,0.34232714772224426,0.2444082498550415,0.35208889842033386,0.7270086407661438,0.08945274353027344,0.7448229789733887,0.3892837166786194,0.9517523050308228,0.03405940160155296,0.6175576448440552,0.3587048053741455,0.8321799039840698,0.048658229410648346,0.6614537239074707,0.32095861434936523,0.278483122587204,-0.12553872168064117,0.6102074980735779,0.22147516906261444,1.5474312007427757,-1.085919141769455,0.7390566170215814,1.7273485660553478,4.4114217162133205,2.1192569285631726,5.423581600189333,2.810694277286595,4.867394268512837,1.132429111748965,5.402982234954956,2.5659278035164506,5.232004821300632,0.6895337253809194,5.566272139549377,2.3635908961296637,3.1305845826864864,1.603377424180554,8.907974511385147,3.24860401451595,3.0,3.0,3.0,3.0,3.0,3.0,3.0,3.0,3.0,3.0,3.0,3.0,3.0,3.0,3.0,3.0,3.0,3.0,3.0,3.0,0.05,0.05,0.05,0.05,0.05,0.05,0.05,0.05,0.05,0.05,0.05,0.05,0.05,0.05,0.05,0.05,0.05,0.05,0.05,0.05,0.0,0.0,0.0,0.0,0.0,0.0,0.0,0.0,0.0,0.0,0.0,0.0,0.0,0.0,0.0,0.0,0.0,0.0,0.0,0.0
0.6134771108627319,0.2062797248363495,0.31858590245246887,0.6505647301673889,0.8127766847610474,-0.15077607333660126,0.8728232383728027,0.629355788230896,0.9555599093437195,-0.061453185975551605,0.7017340064048767,0.5194355249404907,0.8434932231903076,-0.08984281122684479,0.7490472793579102,0.45152607560157776,0.4973827004432678,0.07694576680660248,1.0606310367584229,0.4641723036766052,0.8949324488639832,-0.6335485726594925,0.09729564189910889,-0.7711395621299744,3.2794326543807983,-1.0599162429571152,3.8071736693382263,3.910110890865326,3.0861064791679382,-0.6244933232665062,4.213298857212067,4.022436589002609,3.353944420814514,-0.2455906942486763,4.886658489704132,3.927914798259735,3.8442514836788177,0.22706538438796997,5.494149029254913,4.810633510351181,3.0,3.0,3.0,3.0,3.0,3.0,3.0,3.0,3.0,3.0,3.0,3.0,3.0,3.0,3.0,3.0,3.0,3.0,3.0,3.0,0.05,0.05,0.05,0.05,0.05,0.05,0.05,0.05,0.05,0.05,0.05,0.05,0.05,0.05,0.05,0.05,0.05,0.05,0.05,0.05,0.0,0.0,0.0,0.0,0.0,0.0,0.0,0.0,0.0,0.0,0.0,0.0,0.0,0.0,0.0,0.0,0.0,0.0,0.0,0.0,0.5371761918067932,0.33346477150917053,0.25969046354293823,0.38140296936035156,0.8163949251174927,0.1306103616952896,0.8495508432388306,0.44638726115226746,1.0465391874313354,0.054646044969558716,0.7225826978683472,0.40929535031318665,0.9296942353248596,0.059708818793296814,0.773532509803772,0.36906930804252625,0.3508521616458893,-0.09917689114809036,0.7815366387367249,0.2808113098144531,0.24334490299224854,0.32820776104927063,0.8501805365085602,1.216789335012436,4.449009895324707,1.927659660577774,5.117553472518921,3.3045321702957153,4.624471068382263,0.9363562799990177,5.266091227531433,2.7765899896621704,4.652374982833862,0.40167998522520065,5.761270225048065,2.669612318277359,4.1578881442546844,0.8933799341320992,8.120545744895935,2.6276450604200363,3.0,3.0,3.0,3.0,3.0,3.0,3.0,3.0,3.0,3.0,3.0,3.0,3.0,3.0,3.0,3.0,3.0,3.0,3.0,3.0,0.05,0.05,0.05,0.05,0.05,0.05,0.05,0.05,0.05,0.05,0.05,0.05,0.05,0.05,0.05,0.05,0.05,0.05,0.05,0.05,0.0,0.0,0.0,0.0,0.0,0.0,0.0,0.0,0.0,0.0,0.0,0.0,0.0,0.0,0.0,0.0,0.0,0.0,0.0,0.0
0.6252843141555786,0.19522391259670258,0.30930161476135254,0.6264795064926147,0.8721616268157959,-0.16597320139408112,0.952975332736969,0.7212437391281128,1.0057920217514038,-0.06959628313779831,0.7924683690071106,0.6177756786346436,0.8979700803756714,-0.08939769119024277,0.8502413630485535,0.548458993434906,0.5591097474098206,0.08941974490880966,1.1583048105239868,0.5833948850631714,0.11501014232635498,-0.5063042044639587,-0.6526648998260498,-1.6533076763153076,2.8398528695106506,-0.6509587168693542,4.213181138038635,4.565304517745972,2.4074479937553406,-0.2605566754937172,4.714159667491913,5.068275332450867,2.732023596763611,0.16551613807678223,5.038127303123474,4.900369793176651,3.3697858452796936,0.6666745990514755,4.395321011543274,6.17152601480484,3.0,3.0,3.0,3.0,3.0,3.0,3.0,3.0,3.0,3.0,3.0,3.0,3.0,3.0,3.0,3.0,3.0,3.0,3.0,3.0,0.05,0.05,0.05,0.05,0.05,0.05,0.05,0.05,0.05,0.05,0.05,0.05,0.05,0.05,0.05,0.05,0.05,0.05,0.05,0.05,0.0,0.0,0.0,0.0,0.0,0.0,0.0,0.0,0.0,0.0,0.0,0.0,0.0,0.0,0.0,0.0,0.0,0.0,0.0,0.0,0.5269785523414612,0.3554554581642151,0.2784154713153839,0.4007604718208313,0.9049690365791321,0.1665591299533844,0.9495251178741455,0.521465003490448,1.1367311477661133,0.07151365280151367,0.8282012939453125,0.4697684049606323,1.0182749032974243,0.06472542881965637,0.8919045329093933,0.4277431070804596,0.44479864835739136,-0.08980352431535721,0.9350293278694153,0.3265809714794159,-0.9123668074607849,1.274699717760086,0.8688442409038544,0.31795501708984375,4.22033816576004,1.4610186219215393,4.8246681690216064,4.200928658246994,4.228699207305908,0.630931556224823,5.162549018859863,3.39600071310997,4.253228008747101,0.11144373565912247,5.726602673530579,3.293073922395706,5.220621079206467,0.2646706998348236,6.90716952085495,2.8759054839611053,3.0,3.0,3.0,3.0,3.0,3.0,3.0,3.0,3.0,3.0,3.0,3.0,3.0,3.0,3.0,3.0,3.0,3.0,3.0,3.0,0.05,0.05,0.05,0.05,0.05,0.05,0.05,0.05,0.05,0.05,0.05,0.05,0.05,0.05,0.05,0.05,0.05,0.05,0.05,0.05,0.0,0.0,0.0,0.0,0.0,0.0,0.0,0.0,0.0,0.0,0.0,0.0,0.0,0.0,0.0,0.0,0.0,0.0,0.0,0.0
0.6180775165557861,0.18602755665779114,0.2924793064594269,0.5844324231147766,0.9263707995414734,-0.17681442201137543,1.0413504838943481,0.8119679689407349,1.051857829093933,-0.07187545299530029,0.8903003931045532,0.7221665382385254,0.952774167060852,-0.0832221657037735,0.9505723714828491,0.6475408673286438,0.6321741342544556,0.1036127507686615,1.2364438772201538,0.7110333442687988,-1.0275259613990784,0.0844031572341919,-0.40352940559387207,-2.7296796441078186,2.4216145277023315,-0.31824447214603424,4.745127260684967,4.577867686748505,2.236679196357727,0.052307359874248505,5.316473543643951,5.5878013372421265,2.7320772409439087,0.4207836464047432,5.246137082576752,5.184838175773621,3.9811596274375916,0.714462623000145,3.516256809234619,7.255280017852783,3.0,3.0,3.0,3.0,3.0,3.0,3.0,3.0,3.0,3.0,3.0,3.0,3.0,3.0,3.0,3.0,3.0,3.0,3.0,3.0,0.05,0.05,0.05,0.05,0.05,0.05,0.05,0.05,0.05,0.05,0.05,0.05,0.05,0.05,0.05,0.05,0.05,0.05,0.05,0.05,0.0,0.0,0.0,0.0,0.0,0.0,0.0,0.0,0.0,0.0,0.0,0.0,0.0,0.0,0.0,0.0,0.0,0.0,0.0,0.0,0.5006815195083618,0.384452760219574,0.2944442331790924,0.3941211700439453,0.9852084517478943,0.18905110657215118,1.0425375699996948,0.6144244074821472,1.2156871557235718,0.07988330721855164,0.9290846586227417,0.5451353788375854,1.0998233556747437,0.06416656821966171,1.0025966167449951,0.5007922649383545,0.559677004814148,-0.08859006315469742,1.0578234195709229,0.39584752917289734,-1.2165553867816925,1.116519421339035,0.5451351404190063,-1.284189522266388,3.604067862033844,0.843348354101181,4.557251930236816,4.8455774784088135,3.483712673187256,0.20237434655427933,4.908010363578796,4.190132021903992,3.930610418319702,-0.14983424916863441,5.387000739574432,4.002474993467331,6.206013262271881,0.005993805825710297,5.525736510753632,4.62009385228157,3.0,3.0,3.0,3.0,3.0,3.0,3.0,3.0,3.0,3.0,3.0,3.0,3.0,3.0,3.0,3.0,3.0,3.0,3.0,3.0,0.05,0.05,0.05,0.05,0.05,0.05,0.05,0.05,0.05,0.05,0.05,0.05,0.05,0.05,0.05,0.05,0.05,0.05,0.05,0.05,0.0,0.0,0.0,0.0,0.0,0.0,0.0,0.0,0.0,0.0,0.0,0.0,0.0,0.0,0.0,0.0,0.0,0.0,0.0,0.0
0.5841832756996155,0.19860003888607025,0.29316043853759766,0.517292320728302,0.9690262079238892,-0.17870298027992249,1.1427804231643677,0.904358446598053,1.095259189605713,-0.06750398874282837,1.0051273107528687,0.8412877321243286,1.0072531700134277,-0.07256634533405304,1.0600868463516235,0.7558525204658508,0.7183561325073242,0.11799824982881546,1.2989550828933716,0.8736060857772827,-1.3196885585784912,0.7762368768453598,-1.4327701181173331,-3.525541722774507,2.5166139006614685,-0.2611495554447174,4.564344882965088,4.592336714267733,2.557969093322754,0.16009695827961,5.601036548614502,5.775646865367889,3.2122015953063965,0.44882800430059433,5.180928111076355,5.227787792682648,5.036179721355438,0.516805611550808,2.8130054473876895,7.5637876987457275,3.0,3.0,3.0,3.0,3.0,3.0,3.0,3.0,3.0,3.0,3.0,3.0,3.0,3.0,3.0,3.0,3.0,3.0,3.0,3.0,0.05,0.05,0.05,0.05,0.05,0.05,0.05,0.05,0.05,0.05,0.05,0.05,0.05,0.05,0.05,0.05,0.05,0.05,0.05,0.05,0.0,0.0,0.0,0.0,0.0,0.0,0.0,0.0,0.0,0.0,0.0,0.0,0.0,0.0,0.0,0.0,0.0,0.0,0.0,0.0,0.4783163368701935,0.4001162350177765,0.30022087693214417,0.3493928909301758,1.0491317510604858,0.20029306411743164,1.1318151950836182,0.7152881026268005,1.2760796546936035,0.07960862666368484,1.0245217084884644,0.637373685836792,1.1754993200302124,0.058732058852910995,1.1073845624923706,0.5878421068191528,0.6930391788482666,-0.0895637720823288,1.1560587882995605,0.5113847255706787,-0.7975377142429352,0.5760014057159409,0.11982917785644531,-2.8996914625167847,2.9348090291023197,0.5080185830593116,4.105490446090698,4.612959921360016,2.769264578819275,-0.042244233191013336,4.400476813316345,4.258669912815091,3.5254359245300346,-0.256892666220665,4.756638407707214,4.042486846446991,6.473252177238467,-0.02473965287208557,4.420590400695801,5.3562946617603275,3.0,3.0,3.0,3.0,3.0,3.0,3.0,3.0,3.0,3.0,3.0,3.0,3.0,3.0,3.0,3.0,3.0,3.0,3.0,3.0,0.05,0.05,0.05,0.05,0.05,0.05,0.05,0.05,0.05,0.05,0.05,0.05,0.05,0.05,0.05,0.05,0.05,0.05,0.05,0.05,0.0,0.0,0.0,0.0,0.0,0.0,0.0,0.0,0.0,0.0,0.0,0.0,0.0,0.0,0.0,0.0,0.0,0.0,0.0,0.0
0.5652899742126465,0.21707703173160553,0.23516850173473355,0.44341075420379633,1.0270353555679321,-0.18726040422916412,1.2239242792129517,0.9956614375114442,1.1541765928268433,-0.06547157466411589,1.1143418550491333,0.953192412853241,1.081262230873108,-0.06526904553174973,1.1578094959259033,0.8566523790359497,0.8336213231086731,0.12428497523069382,1.3489640951156614,1.013584852218628,-0.9446650743484497,1.0714624077082016,-4.366423562169136,-3.8626149296762096,3.284300863742937,-0.5945928394794575,4.057192802429199,4.565149545669561,3.333771228790394,0.10162070393562386,5.460727214813232,5.595234036445618,4.18870449066176,0.3648649901151657,4.886132478713989,5.039992928504944,6.490339338779666,0.31433627009391785,2.500450611114491,6.998938322067261,3.0,3.0,3.0,3.0,3.0,3.0,3.0,3.0,3.0,3.0,3.0,3.0,3.0,3.0,3.0,3.0,3.0,3.0,3.0,3.0,0.05,0.05,0.05,0.05,0.05,0.05,0.05,0.05,0.05,0.05,0.05,0.05,0.05,0.05,0.05,0.05,0.05,0.05,0.05,0.05,0.0,0.0,0.0,0.0,0.0,0.0,0.0,0.0,0.0,0.0,0.0,0.0,0.0,0.0,0.0,0.0,0.0,0.0,0.0,0.0,0.4687800109386444,0.4074928164482116,0.2992374002933502,0.2781335115432739,1.102600812911987,0.20937184989452365,1.2067571878433228,0.7989428043365479,1.3264577388763428,0.0781935378909111,1.1051037311553955,0.7154821753501891,1.240840792655945,0.053890861570835114,1.1928621530532837,0.6624917387962341,0.8186070919036866,-0.08957964926958084,1.2346470355987549,0.6100993156433104,-0.4768162965774536,0.36882907152175626,-0.14752149581909496,-4.226246476173526,2.673453092575062,0.4539392888546004,3.7470996379852295,4.182735085487366,2.518904209136963,-0.09926464408636271,4.029101133346558,3.905424475669855,3.267073631286632,-0.2420598641037941,4.273879528045654,3.732481598854065,6.278395652771001,-0.0007938593626022339,3.929412364959717,4.9357295036315865,3.0,3.0,3.0,3.0,3.0,3.0,3.0,3.0,3.0,3.0,3.0,3.0,3.0,3.0,3.0,3.0,3.0,3.0,3.0,3.0,0.05,0.05,0.05,0.05,0.05,0.05,0.05,0.05,0.05,0.05,0.05,0.05,0.05,0.05,0.05,0.05,0.05,0.05,0.05,0.05,0.0,0.0,0.0,0.0,0.0,0.0,0.0,0.0,0.0,0.0,0.0,0.0,0.0,0.0,0.0,0.0,0.0,0.0,0.0,0.0
